S,algo,t,wall_time_sec,init_time_sec,outer_iter_time_sec,inner_time_sec,eps_in_t,eta_t_star,eta_out,eta_in,eta_sep,eta_cap,eta_bracket,inner_lb,inner_ub,global_lb,global_ub,outer_gap,objective_cert_gap,best_ub_primal_obj,best_ub_primal_residual,returned_primal_obj,returned_primal_residual,lambda_inf,lambda_out_inf,lambda_in_inf,rho,theta,alpha_eff,phase_label,phase_reason,center_inf,center_step,anchor_mix,directional_beta,dual_inc_eta,sep_anchor_reason,alpha_signal,best_feas_eta,best_feas_residual,close_signal_streak,close_lock_counter,close_bc_count,close_case_c_count,close_reset_count,close_feas_lock_count,close_shadow_active,close_repaired_gap,close_repaired_residual,close_repaired_tag,inner_rnc_iters,inner_eval_calls,num_rnc_samples,num_rnc_kept_cuts,num_master_cuts,cut_added,outer_gap_certified,final_solution_found,stop_reason,sep_ok,case_label,sep_cut,out_cut,mispricing_streak,in_update_reason,add_geo,add_sup,add_rep,cap_promoted,z_best_ub,returned_z
120,P1_no_rho,1,16.39904250006657,5.68939740001224,10.709544499986805,4.174172000028193,0.01,0.0,0.0,-72582.6269690783,0.0,0.0,-24715.48568587852,-72582.6269690783,-72582.61581690503,-72582.6269690783,-24715.48568587852,47867.14128319977,47867.14128319977,-72582.61581690506,83400.0,nan,nan,0.0,0.0,0.0,0.0,10.0,0.0,HEADING_IN,WARMUP,0.0,0.0,0.8,0.0,-72582.6269690783,BOOT_NONE,0.0,-72582.6269690783,83400.0,0,0,0,0,0,0,0,inf,inf,NA,1,2,2,2,2,5,0,0,CONTINUE,0,A,1,1,0,BOOT_VALID_FROM_CUT,2,2,0,0,"tail_cont_enabled=1 tail_active_dims=(1,) tail_delta=0.1 tail_start=(6, 6, 6) returned_y=(0, 0, 0) returned_b=(0, 0, 0) returned_u=(0, 0, 0) returned_zcap=(0, 0, 0) max_tail_u=0",NA
120,P1_no_rho,2,22.672206700081006,5.68939740001224,6.2726505000609905,1.4630618001101539,0.01,521493.38418309495,521493.38418309495,-72582.6269690783,343270.58083744295,0.0,-24715.48568587852,-208760.76534009964,-208760.6781469295,-72582.6269690783,-24715.48568587852,47867.14128319977,47867.14128319977,1239.3218530704808,30000.0,nan,nan,7.0,10.0,0.0,0.0,10.0,0.3,HEADING_IN,WARMUP,0.2623097931358118,0.2623097931358118,0.8,0.0,-72582.6269690783,STRUCTURAL,-1.0,-208760.76534009964,30000.0,0,0,0,0,0,0,0,inf,inf,NA,2,3,3,3,4,7,0,0,CONTINUE,0,A,1,1,0,KEEP_STRUCTURAL_IN_ON_CUT,2,3,1,0,"tail_cont_enabled=1 tail_active_dims=(1,) tail_delta=0.1 tail_start=(6, 6, 6) returned_y=(2, 0, 6) returned_b=(0, 0, 1) returned_u=(0, 0, 0) returned_zcap=(2, 0, 6) max_tail_u=0",NA
120,P1_no_rho,3,29.194659700035118,5.68939740001224,6.521960200043395,0.15047769993543625,0.01,49161.321853070476,49161.321853070476,-72582.6269690783,12638.137206425847,0.0,-24715.48568587852,-441863.9361928203,-441863.85103359516,-72582.6269690783,-24715.48568587852,47867.14128319977,47867.14128319977,-25027.851033595158,59548.0,nan,nan,7.0,10.0,0.0,0.0,10.0,0.3,HEADING_IN,WARMUP,0.4702281288646746,0.23776264762405458,0.8,0.0,-72582.6269690783,STRUCTURAL,-1.0,-208760.76534009964,30000.0,0,0,0,0,0,0,0,inf,inf,NA,2,4,4,4,8,7,0,0,CONTINUE,0,A,1,1,0,KEEP_STRUCTURAL_IN_ON_CUT,2,3,1,0,"tail_cont_enabled=1 tail_active_dims=(1,) tail_delta=0.1 tail_start=(6, 6, 6) returned_y=(6, 2, 0) returned_b=(1, 0, 0) returned_u=(0, 0, 0) returned_zcap=(6, 2, 0) max_tail_u=0",NA
120,P1_no_rho,4,33.601280500064604,5.68939740001224,4.406125099980272,0.16945269994903356,0.01,21524.051487217675,21524.051487217675,-72582.6269690783,-6707.952049671116,0.0,-24715.48568587852,-367029.733891173,-367029.67038308084,-72582.6269690783,-24715.48568587852,47867.14128319977,47867.14128319977,-39703.30358733024,72980.0,nan,nan,7.0,10.0,0.0,0.0,10.0,0.3,HEADING_IN,WARMUP,0.946420282590126,0.47619215372545143,0.8,0.0,-72582.6269690783,STRUCTURAL,-0.6407359487839146,-208760.76534009964,30000.0,0,0,0,0,0,0,0,inf,inf,NA,2,5,5,5,12,7,0,0,CONTINUE,0,A,1,1,0,KEEP_STRUCTURAL_IN_ON_CUT,2,3,1,0,"tail_cont_enabled=1 tail_active_dims=(1,) tail_delta=0.1 tail_start=(6, 6, 6) returned_y=(0, 6, 0) returned_b=(0, 1, 0) returned_u=(0, 0.1, 0) returned_zcap=(0, 6.1, 0) max_tail_u=0.1",NA
120,P1_no_rho,5,52.708927100058645,5.68939740001224,19.10721960000228,0.1628818999743089,0.01,-5273.501824412705,-5273.501824412705,-72582.6269690783,-25466.23936781238,0.0,-24715.48568587852,-211994.35146420915,-211994.3054723895,-72582.6269690783,-24715.48568587852,47867.14128319977,47867.14128319977,-53990.50397822761,58088.0,nan,nan,7.0,10.0,0.0,0.0,10.0,0.3,HEADING_IN,WARMUP,1.3810028025446395,0.5775744269702513,0.8,0.0,-72582.6269690783,STRUCTURAL,-0.38858235163929083,-208760.76534009964,30000.0,0,0,0,0,0,0,0,inf,inf,NA,1,5,5,5,16,6,0,0,CONTINUE,0,A,1,1,0,KEEP_STRUCTURAL_IN_ON_CUT,2,3,0,0,"tail_cont_enabled=1 tail_active_dims=(1,) tail_delta=0.1 tail_start=(6, 6, 6) returned_y=(0, 6, 0) returned_b=(0, 1, 0) returned_u=(0, 0.1, 0) returned_zcap=(0, 6.1, 0) max_tail_u=0.1",NA
120,P1_no_rho,6,59.0482737000566,5.68939740001224,6.338855399983004,0.163349200040102,0.01,-5273.501824412705,-5273.501824412705,-72582.6269690783,-25466.23936781238,0.0,-24715.48568587852,-336870.91963405506,-336870.8403921277,-72582.6269690783,-24715.48568587852,47867.14128319977,47867.14128319977,-37381.300258199924,53211.0,nan,nan,7.0,10.0,0.0,0.0,10.0,0.3,HEADING_IN,WARMUP,1.3259505584583589,0.5598754677870038,0.8,0.0,-72582.6269690783,STRUCTURAL,-0.8040484114023891,-208760.76534009964,30000.0,0,0,0,0,0,0,0,inf,inf,NA,1,5,5,5,19,6,0,0,CONTINUE,0,A,1,1,0,KEEP_STRUCTURAL_IN_ON_CUT,2,3,0,0,"tail_cont_enabled=1 tail_active_dims=(1,) tail_delta=0.1 tail_start=(6, 6, 6) returned_y=(0, 6, 0) returned_b=(0, 1, 0) returned_u=(0, 0.1, 0) returned_zcap=(0, 6.1, 0) max_tail_u=0.1",NA
120,P1_no_rho,7,64.6821273000678,5.68939740001224,5.633147499989718,0.15888430003542453,0.01,-11049.163910287978,-11049.163910287978,-72582.6269690783,-29509.20282792507,0.0,-24715.48568587852,-254455.41170434136,-254455.35116944747,-72582.6269690783,-24715.48568587852,47867.14128319977,47867.14128319977,-45821.05572725587,53397.0,nan,nan,7.0,10.0,0.0,0.0,10.0,0.3,HEADING_IN,WARMUP,1.71613917633645,0.6285559691914532,0.8,0.0,-72582.6269690783,STRUCTURAL,-0.5581755407398266,-208760.76534009964,30000.0,0,0,0,0,0,0,0,inf,inf,NA,1,5,5,5,21,6,0,0,CONTINUE,0,A,1,1,0,KEEP_STRUCTURAL_IN_ON_CUT,2,3,0,0,"tail_cont_enabled=1 tail_active_dims=(1,) tail_delta=0.1 tail_start=(6, 6, 6) returned_y=(0, 6, 0) returned_b=(0, 1, 0) returned_u=(0, 0.1, 0) returned_zcap=(0, 6.1, 0) max_tail_u=0.1",NA
120,P1_no_rho,8,68.60750460007694,5.68939740001224,3.924905800027773,0.15727620001416653,0.01,-4772.529934099097,-4772.529934099097,-72582.6269690783,-25115.559044592854,0.0,-24715.48568587852,-327733.7732082853,-327733.6935638244,-72582.6269690783,-24715.48568587852,47867.14128319977,47867.14128319977,-40488.63543930212,52954.5,nan,nan,7.0,10.0,0.0,0.0,10.0,0.3,HEADING_IN,WARMUP,2.041709756592585,0.661221157401678,0.8,0.0,-72582.6269690783,STRUCTURAL,-0.7749106932083804,-208760.76534009964,30000.0,0,0,0,0,0,0,0,inf,inf,NA,1,5,5,5,21,6,0,0,CONTINUE,0,A,1,1,0,KEEP_STRUCTURAL_IN_ON_CUT,2,3,0,0,"tail_cont_enabled=1 tail_active_dims=(1,) tail_delta=0.1 tail_start=(6, 6, 6) returned_y=(0, 0, 0) returned_b=(0, 0, 0) returned_u=(0, 0, 0) returned_zcap=(0, 0, 0) max_tail_u=0",NA
120,P1_no_rho,9,75.35351290006656,5.68939740001224,6.745532299974002,0.15581590007059276,0.01,208926.33585705256,208926.33585705256,-72582.6269690783,-30356.282545158658,0.0,-24715.48568587852,-58314.14165099835,-58314.13041171844,-58314.14165099835,-24715.48568587852,33598.655965119826,33598.65596511983,-15485.86806823326,39292.5,nan,nan,1.5000000000000002,10.0,0.0,0.0,10.0,0.85,CORE,FORCE_CORE,1.7277647582693378,1.0413497559288274,0.6,0.174,-58314.14165099835,STRUCTURAL,-0.7266571202050464,-208760.76534009964,30000.0,0,0,0,0,0,0,0,inf,inf,NA,1,5,5,5,21,6,0,0,CONTINUE,0,A,1,1,0,KEEP_STRUCTURAL_IN_ON_CUT,2,3,0,0,"tail_cont_enabled=1 tail_active_dims=(1,) tail_delta=0.1 tail_start=(6, 6, 6) returned_y=(2, 0, 6) returned_b=(0, 0, 1) returned_u=(0, 0, 0) returned_zcap=(2, 0, 6) max_tail_u=0",NA
120,P1_no_rho,10,96.43541800009552,5.68939740001224,21.081612700014375,0.184825100004673,0.01,75121.15908116338,75121.15908116338,-72582.6269690783,-50427.05906154204,0.0,-24715.48568587852,-92661.41548137163,-92661.39881781572,-58314.14165099835,-24715.48568587852,33598.655965119826,33598.65596511983,-35788.83464185224,46488.0,nan,nan,1.5000000000000002,10.0,0.0,0.0,10.0,0.85,CORE,FORCE_CORE,1.5250454059227714,0.6926274992116395,0.6,0.12,-58314.14165099835,STRUCTURAL,-0.815587738426597,-208760.76534009964,30000.0,0,0,0,0,0,0,0,inf,inf,NA,2,6,6,6,21,7,0,0,CONTINUE,0,A,1,1,0,KEEP_STRUCTURAL_IN_ON_CUT,2,3,1,0,"tail_cont_enabled=1 tail_active_dims=(1,) tail_delta=0.1 tail_start=(6, 6, 6) returned_y=(6, 0, 2) returned_b=(1, 0, 0) returned_u=(0, 0, 0) returned_zcap=(6, 0, 2) max_tail_u=0",NA
120,P1_no_rho,11,105.41095100005623,5.68939740001224,8.97495219996199,0.15514570008963346,0.01,73003.6714038488,73003.6714038488,-72582.6269690783,-50744.682213139225,0.0,-24715.48568587852,-86042.47092260943,-86042.45613510734,-58314.14165099835,-24715.48568587852,33598.655965119826,33598.65596511983,-26589.700166096038,45705.0,nan,nan,1.5000000000000002,10.0,0.0,0.0,10.0,0.85,CORE,FORCE_CORE,1.3898144305333502,0.474309785396128,0.6,0.13799999999999998,-58314.14165099835,STRUCTURAL,-0.8671955069687677,-208760.76534009964,30000.0,0,0,0,0,0,0,0,inf,inf,NA,1,5,5,5,22,6,0,0,CONTINUE,0,A,1,1,0,KEEP_STRUCTURAL_IN_ON_CUT,2,3,0,0,"tail_cont_enabled=1 tail_active_dims=(1,) tail_delta=0.1 tail_start=(6, 6, 6) returned_y=(6, 2, 0) returned_b=(1, 0, 0) returned_u=(0, 0, 0) returned_zcap=(6, 2, 0) max_tail_u=0",NA
120,P1_no_rho,12,111.65484010009095,5.68939740001224,6.243330100085586,0.18580129998736084,0.01,52645.37456417868,52645.37456417868,-72582.6269690783,-53798.426739089744,0.0,-24715.48568587852,-79600.86370184591,-79600.85006541139,-58314.14165099835,-24715.48568587852,33598.655965119826,33598.65596511983,-23262.09438701396,44147.0,nan,nan,1.5000000000000002,10.0,0.0,0.0,10.0,0.85,CORE,FORCE_CORE,1.3074309424456914,0.35420485306856975,0.6,0.156,-58314.14165099835,STRUCTURAL,-0.8507751478529674,-208760.76534009964,30000.0,0,0,0,0,0,0,0,inf,inf,NA,2,6,6,6,22,6,0,0,CONTINUE,0,A,1,1,0,KEEP_STRUCTURAL_IN_ON_CUT,2,3,0,0,"tail_cont_enabled=1 tail_active_dims=(1,) tail_delta=0.1 tail_start=(6, 6, 6) returned_y=(0, 6, 0) returned_b=(0, 1, 0) returned_u=(0, 0.1, 0) returned_zcap=(0, 6.1, 0) max_tail_u=0.1",NA
120,P1_no_rho,13,117.35294020001311,5.68939740001224,5.69771049998235,0.18205069995019585,0.01,64650.31534487675,64650.31534487675,-72582.6269690783,-51997.68562198503,0.0,-24715.48568587852,-84863.47094982424,-84863.455030673,-58314.14165099835,-24715.48568587852,33598.655965119826,33598.65596511983,-29999.05602666557,40439.0,nan,nan,1.5000000000000002,10.0,0.0,0.0,10.0,0.85,CORE,FORCE_CORE,1.253926279216456,0.2617630669402675,0.6,0.174,-58314.14165099835,STRUCTURAL,-0.9044799822614709,-208760.76534009964,30000.0,0,0,0,0,0,0,0,inf,inf,NA,2,6,6,6,22,7,0,0,CONTINUE,0,A,1,1,0,KEEP_STRUCTURAL_IN_ON_CUT,2,3,1,0,"tail_cont_enabled=1 tail_active_dims=(1,) tail_delta=0.1 tail_start=(6, 6, 6) returned_y=(2, 5, 0) returned_b=(0, 0, 0) returned_u=(0, 0, 0) returned_zcap=(2, 5, 0) max_tail_u=0",NA
120,P1_no_rho,14,122.60282260004897,5.68939740001224,5.249234899994917,0.1556980999885127,0.01,34863.887329063,34863.887329063,-72582.6269690783,-56465.6498243571,0.0,-24715.48568587852,-78329.3715919977,-78329.35648944575,-58314.14165099835,-24715.48568587852,33598.655965119826,33598.65596511983,-27056.955458842305,38211.5,nan,nan,1.5000000000000002,10.0,0.0,0.0,10.0,0.85,CORE,FORCE_CORE,1.2233575525267355,0.2319656870065797,0.6,0.174,-58314.14165099835,STRUCTURAL,-0.8945370029197742,-208760.76534009964,30000.0,0,0,0,0,0,0,0,inf,inf,NA,1,5,5,5,23,6,0,0,CONTINUE,0,A,1,1,0,KEEP_STRUCTURAL_IN_ON_CUT,2,3,0,0,"tail_cont_enabled=1 tail_active_dims=(1,) tail_delta=0.1 tail_start=(6, 6, 6) returned_y=(2, 5, 0) returned_b=(0, 0, 0) returned_u=(0, 0, 0) returned_zcap=(2, 5, 0) max_tail_u=0",NA
120,P1_no_rho,15,139.1034145000158,5.68939740001224,16.500131399952807,0.16919020004570484,0.01,28013.008679694874,28013.008679694874,-72582.6269690783,-57493.28162176232,0.0,-24715.48568587852,-82944.4584841762,-82944.44281494939,-58314.14165099835,-24715.48568587852,33598.655965119826,33598.65596511983,-28494.007194409183,41153.0,nan,nan,1.5000000000000002,10.0,0.0,0.0,10.0,0.85,CORE,MAIN,1.2186187663394348,0.2549656389246301,0.6,0.174,-58314.14165099835,STRUCTURAL,-0.8820812677980576,-208760.76534009964,30000.0,0,0,0,0,0,0,0,inf,inf,NA,1,5,5,5,23,6,0,0,CONTINUE,0,A,1,1,0,KEEP_STRUCTURAL_IN_ON_CUT,2,3,0,0,"tail_cont_enabled=1 tail_active_dims=(1,) tail_delta=0.1 tail_start=(6, 6, 6) returned_y=(2, 0, 6) returned_b=(0, 0, 1) returned_u=(0, 0, 0) returned_zcap=(2, 0, 6) max_tail_u=0",NA
120,P1_no_rho,16,145.70628899999429,5.68939740001224,6.602245699963532,0.1557850999524817,0.01,122526.67352107445,122526.67352107445,-72582.6269690783,-43316.23189555538,0.0,-24715.48568587852,-84374.86714834634,-84374.85207963214,-58314.14165099835,-24715.48568587852,33598.655965119826,33598.65596511983,-22411.86167221392,43796.5,nan,nan,1.5000000000000002,10.0,0.0,0.0,10.0,0.85,CORE,MAIN,1.2156385176857163,0.26098933281078573,0.6,0.174,-58314.14165099835,STRUCTURAL,-0.9431954670261811,-208760.76534009964,30000.0,0,0,0,0,0,0,0,inf,inf,NA,1,5,5,5,23,6,0,0,CONTINUE,0,A,1,1,0,KEEP_STRUCTURAL_IN_ON_CUT,2,3,0,0,"tail_cont_enabled=1 tail_active_dims=(1,) tail_delta=0.1 tail_start=(6, 6, 6) returned_y=(2, 0, 6) returned_b=(0, 0, 1) returned_u=(0, 0, 0) returned_zcap=(2, 0, 6) max_tail_u=0",NA
120,P1_no_rho,17,151.374967400101,5.68939740001224,5.668111500097439,0.15394210000522435,0.01,43677.801819453925,43677.801819453925,-72582.6269690783,-55143.562650798456,0.0,-24715.48568587852,-76532.38435175453,-76532.36955821954,-58314.14165099835,-24715.48568587852,33598.655965119826,33598.65596511983,-24098.759761353926,38132.5,nan,nan,1.5000000000000002,10.0,0.0,0.0,10.0,0.85,CORE,MAIN,1.2139717029500279,0.24497164065874083,0.6,0.174,-58314.14165099835,STRUCTURAL,-0.9166915325398821,-208760.76534009964,30000.0,0,0,0,0,0,0,0,inf,inf,NA,1,5,5,5,23,6,0,0,CONTINUE,0,A,1,1,0,KEEP_STRUCTURAL_IN_ON_CUT,2,3,0,0,"tail_cont_enabled=1 tail_active_dims=(1,) tail_delta=0.1 tail_start=(6, 6, 6) returned_y=(2, 0, 6) returned_b=(0, 0, 1) returned_u=(0, 0, 0) returned_zcap=(2, 0, 6) max_tail_u=0",NA
120,P1_no_rho,18,156.23594750009943,5.68939740001224,4.860576300066896,0.153689100057818,0.01,48092.391014468034,48092.391014468034,-72582.6269690783,-54481.37427154634,0.0,-24715.48568587852,-73448.62624759942,-73448.61180789984,-58314.14165099835,-24715.48568587852,33598.655965119826,33598.65596511983,-22301.463475067896,37626.5,nan,nan,1.5000000000000002,10.0,0.0,0.0,10.0,0.85,CORE,MAIN,1.2121089214907277,0.2642784457886299,0.6,0.174,-58314.14165099835,STRUCTURAL,-0.9062256358830777,-208760.76534009964,30000.0,0,0,0,0,0,0,0,inf,inf,NA,1,5,5,5,23,6,0,0,CONTINUE,0,A,1,1,0,KEEP_STRUCTURAL_IN_ON_CUT,2,3,0,0,"tail_cont_enabled=1 tail_active_dims=(1,) tail_delta=0.1 tail_start=(6, 6, 6) returned_y=(6, 2, 0) returned_b=(1, 0, 0) returned_u=(0, 0, 0) returned_zcap=(6, 2, 0) max_tail_u=0",NA
120,P1_no_rho,19,162.86464230006095,5.68939740001224,6.627896400052123,0.15035769995301962,0.01,64639.20355858402,64639.20355858402,-72582.6269690783,-51999.35238992894,0.0,-24715.48568587852,-82646.29273355626,-82646.27685727632,-58314.14165099835,-24715.48568587852,33598.655965119826,33598.65596511983,-28351.416397255172,39483.0,nan,nan,1.5000000000000002,10.0,0.0,0.0,10.0,0.85,CORE,MAIN,1.2101540142662572,0.25571631556303076,0.6,0.174,-58314.14165099835,STRUCTURAL,-0.916763509358815,-208760.76534009964,30000.0,0,0,0,0,0,0,0,inf,inf,NA,1,5,5,5,23,6,0,0,CONTINUE,0,A,1,1,0,KEEP_STRUCTURAL_IN_ON_CUT,2,3,0,0,"tail_cont_enabled=1 tail_active_dims=(1,) tail_delta=0.1 tail_start=(6, 6, 6) returned_y=(6, 2, 0) returned_b=(1, 0, 0) returned_u=(0, 0, 0) returned_zcap=(6, 2, 0) max_tail_u=0",NA
120,P1_no_rho,20,176.73774190002587,5.68939740001224,13.872529799933545,0.15820700000040233,0.01,38088.884980705974,38088.884980705974,-72582.6269690783,-55981.90017661065,0.0,-24715.48568587852,-64594.446136979874,-64594.43331681883,-58314.14165099835,-24715.48568587852,33598.655965119826,33598.65596511983,-19981.589848620137,33512.5,nan,nan,1.5000000000000002,10.0,0.0,0.0,10.0,0.85,CORE,MAIN,1.2054152362732602,0.2596585211051061,0.6,0.174,-58314.14165099835,STRUCTURAL,-0.8874866287345254,-208760.76534009964,30000.0,0,0,0,0,0,0,0,inf,inf,NA,1,5,5,5,23,6,0,0,CONTINUE,0,A,1,1,0,KEEP_STRUCTURAL_IN_ON_CUT,2,3,0,0,"tail_cont_enabled=1 tail_active_dims=(1,) tail_delta=0.1 tail_start=(6, 6, 6) returned_y=(6, 2, 0) returned_b=(1, 0, 0) returned_u=(0, 0, 0) returned_zcap=(6, 2, 0) max_tail_u=0",NA
120,P1_no_rho,21,182.5862250000937,5.68939740001224,5.847966300090775,0.16364859999157488,0.01,48921.7260050683,48921.7260050683,-72582.6269690783,-54356.9740229563,0.0,-24715.48568587852,-81168.05442561026,-81168.03879610216,-58314.14165099835,-24715.48568587852,33598.655965119826,33598.65596511983,-27225.545884500785,38919.0,nan,nan,1.5000000000000002,10.0,0.0,0.0,10.0,0.85,CORE,MAIN,1.2009131711792551,0.24825442057108815,0.6,0.174,-58314.14165099835,STRUCTURAL,-0.9240129998475701,-208760.76534009964,30000.0,0,0,0,0,0,0,0,inf,inf,NA,1,5,5,5,23,6,0,0,CONTINUE,0,A,1,1,0,KEEP_STRUCTURAL_IN_ON_CUT,2,3,0,0,"tail_cont_enabled=1 tail_active_dims=(1,) tail_delta=0.1 tail_start=(6, 6, 6) returned_y=(6, 2, 0) returned_b=(1, 0, 0) returned_u=(0, 0, 0) returned_zcap=(6, 2, 0) max_tail_u=0",NA
120,P1_no_rho,22,187.47146780008916,5.68939740001224,4.884471200057305,0.15345119999255985,0.01,48062.439289071604,48062.439289071604,-72582.6269690783,-54485.8670303558,0.0,-24715.48568587852,-85830.77803168053,-85830.76181717051,-58314.14165099835,-24715.48568587852,33598.655965119826,33598.65596511983,-29375.501356440738,41811.5,nan,nan,1.5000000000000002,10.0,0.0,0.0,10.0,0.85,CORE,MAIN,1.1963365814949776,0.24321000167691353,0.6,0.174,-58314.14165099835,STRUCTURAL,-0.9001552277998438,-208760.76534009964,30000.0,0,0,0,0,0,0,0,inf,inf,NA,1,5,5,5,23,6,0,0,CONTINUE,0,A,1,1,0,KEEP_STRUCTURAL_IN_ON_CUT,2,3,0,0,"tail_cont_enabled=1 tail_active_dims=(1,) tail_delta=0.1 tail_start=(6, 6, 6) returned_y=(2, 0, 6) returned_b=(0, 0, 1) returned_u=(0, 0, 0) returned_zcap=(2, 0, 6) max_tail_u=0",NA
120,P1_no_rho,23,194.10518980002962,5.68939740001224,6.6331386000383645,0.15754359995480627,0.01,56123.58861883582,56123.58861883582,-72582.6269690783,-53276.69463089117,0.0,-24715.48568587852,-88469.24349749918,-88469.22718608993,-58314.14165099835,-24715.48568587852,33598.655965119826,33598.65596511983,-26814.739731017537,44217.5,nan,nan,1.5000000000000002,10.0,0.0,0.0,10.0,0.85,CORE,MAIN,1.1912898043207831,0.24592339514247252,0.6,0.174,-58314.14165099835,STRUCTURAL,-0.9295638974775808,-208760.76534009964,30000.0,0,0,0,0,0,0,0,inf,inf,NA,1,5,5,5,23,6,0,0,CONTINUE,0,A,1,1,0,KEEP_STRUCTURAL_IN_ON_CUT,2,3,0,0,"tail_cont_enabled=1 tail_active_dims=(1,) tail_delta=0.1 tail_start=(6, 6, 6) returned_y=(2, 0, 6) returned_b=(0, 0, 1) returned_u=(0, 0, 0) returned_zcap=(2, 0, 6) max_tail_u=0",NA
120,P1_no_rho,24,199.2685515000485,5.68939740001224,5.162885700003244,0.17005279997829348,0.01,73491.55140895418,73491.55140895418,-72582.6269690783,-50671.500212373416,0.0,-24715.48568587852,-81048.9740041546,-81048.95863767384,-58314.14165099835,-24715.48568587852,33598.655965119826,33598.65596511983,-25199.38550929607,40631.5,nan,nan,1.5000000000000002,10.0,0.0,0.0,10.0,0.85,CORE,MAIN,1.1879238893637978,0.2361779632623573,0.6,0.174,-58314.14165099835,STRUCTURAL,-0.9163591979683707,-208760.76534009964,30000.0,0,0,0,0,0,0,0,inf,inf,NA,1,5,5,5,23,6,0,0,CONTINUE,0,A,1,1,0,KEEP_STRUCTURAL_IN_ON_CUT,2,3,0,0,"tail_cont_enabled=1 tail_active_dims=(1,) tail_delta=0.1 tail_start=(6, 6, 6) returned_y=(2, 0, 6) returned_b=(0, 0, 1) returned_u=(0, 0, 0) returned_zcap=(2, 0, 6) max_tail_u=0",NA
120,P1_no_rho,25,213.6000333999982,5.68939740001224,14.330816000001505,0.1556047999765724,0.01,61528.70767473176,61528.70767473176,-72582.6269690783,-52465.92677250678,0.0,-24715.48568587852,-73779.29089569888,-73779.27619013475,-58314.14165099835,-24715.48568587852,33598.655965119826,33598.65596511983,-22564.2765412014,37538.0,nan,nan,1.5000000000000002,10.0,0.0,0.0,10.0,0.85,CORE,MAIN,1.1877990804257965,0.23583297257390778,0.6,0.174,-58314.14165099835,STRUCTURAL,-0.9095671878973013,-208760.76534009964,30000.0,0,0,0,0,0,0,0,inf,inf,NA,1,5,5,5,23,6,0,0,CONTINUE,0,A,1,1,0,KEEP_STRUCTURAL_IN_ON_CUT,2,3,0,0,"tail_cont_enabled=1 tail_active_dims=(1,) tail_delta=0.1 tail_start=(6, 6, 6) returned_y=(2, 0, 6) returned_b=(0, 0, 1) returned_u=(0, 0, 0) returned_zcap=(2, 0, 6) max_tail_u=0",NA
120,P1_no_rho,26,218.38867480005138,5.68939740001224,4.78813070000615,0.15730900003109127,0.01,34486.88761989973,34486.88761989973,-72582.6269690783,-56522.199780731586,0.0,-24715.48568587852,-69089.57000882765,-69089.55607273875,-58314.14165099835,-24715.48568587852,33598.655965119826,33598.65596511983,-21317.972680535353,35716.5,nan,nan,1.5000000000000002,10.0,0.0,0.0,10.0,0.85,CORE,MAIN,1.1928871587256786,0.2717450823838331,0.6,0.174,-58314.14165099835,STRUCTURAL,-0.8916809391029056,-208760.76534009964,30000.0,0,0,0,0,0,0,0,inf,inf,NA,1,5,5,5,23,6,0,0,CONTINUE,0,A,1,1,0,KEEP_STRUCTURAL_IN_ON_CUT,2,3,0,0,"tail_cont_enabled=1 tail_active_dims=(1,) tail_delta=0.1 tail_start=(6, 6, 6) returned_y=(2, 0, 6) returned_b=(0, 0, 1) returned_u=(0, 0, 0) returned_zcap=(2, 0, 6) max_tail_u=0",NA
120,P1_no_rho,27,225.1709558001021,5.68939740001224,6.78185150003992,0.16380460001528263,0.01,75055.58896858955,75055.58896858955,-72582.6269690783,-50436.89457842811,0.0,-24715.48568587852,-69614.9266661149,-69614.91293988148,-58314.14165099835,-24715.48568587852,33598.655965119826,33598.65596511983,-22226.680133975064,36069.0,nan,nan,1.5000000000000002,10.0,0.0,0.0,10.0,0.85,CORE,MAIN,1.1977496197193904,0.2675139351447333,0.6,0.174,-58314.14165099835,STRUCTURAL,-0.8758810946779121,-208760.76534009964,30000.0,0,0,0,0,0,0,0,inf,inf,NA,1,5,5,5,23,6,0,0,CONTINUE,0,A,1,1,0,KEEP_STRUCTURAL_IN_ON_CUT,2,3,0,0,"tail_cont_enabled=1 tail_active_dims=(1,) tail_delta=0.1 tail_start=(6, 6, 6) returned_y=(2, 0, 6) returned_b=(0, 0, 1) returned_u=(0, 0, 0) returned_zcap=(2, 0, 6) max_tail_u=0",NA
120,P1_no_rho,28,232.49866700009443,5.68939740001224,7.327207199996337,0.18561839999165386,0.01,45610.150793140834,45610.150793140834,-72582.6269690783,-54853.71030474542,0.0,-24715.48568587852,-81989.85976702152,-81989.84405187125,-58314.14165099835,-24715.48568587852,33598.655965119826,33598.65596511983,-27187.587836422423,39892.5,nan,nan,1.5000000000000002,10.0,0.0,0.0,10.0,0.85,CORE,MAIN,1.199597862573353,0.24581808429065677,0.6,0.174,-58314.14165099835,STRUCTURAL,-0.9158322360585543,-208760.76534009964,30000.0,0,0,0,0,0,0,0,inf,inf,NA,2,6,6,6,23,7,0,0,CONTINUE,0,A,1,1,0,KEEP_STRUCTURAL_IN_ON_CUT,2,3,1,0,"tail_cont_enabled=1 tail_active_dims=(1,) tail_delta=0.1 tail_start=(6, 6, 6) returned_y=(2, 5, 0) returned_b=(0, 0, 0) returned_u=(0, 0, 0) returned_zcap=(2, 5, 0) max_tail_u=0",NA
120,P1_no_rho,29,239.71709150006063,5.68939740001224,7.217693199985661,0.14855859999079257,0.01,34063.18326508555,34063.18326508555,-72582.6269690783,-56585.75543395372,0.0,-25123.30705274422,-81164.211990083,-81164.19633107774,-58314.14165099835,-25123.30705274422,33190.83459825412,33598.65596511983,-26488.803768438553,39812.0,nan,nan,1.5000000000000002,10.0,0.0,0.0,10.0,0.85,CORE,MAIN,1.2004467768916456,0.24413808165688977,0.6,0.174,-58314.14165099835,STRUCTURAL,-0.9155596731745732,-208760.76534009964,30000.0,0,0,0,0,0,0,0,inf,inf,NA,1,5,5,5,24,6,0,0,CONTINUE,0,A,1,1,0,KEEP_STRUCTURAL_IN_ON_CUT,2,3,0,0,"tail_cont_enabled=1 tail_active_dims=(1,) tail_delta=0.1 tail_start=(6, 6, 6) returned_y=(2, 5, 0) returned_b=(0, 0, 0) returned_u=(0, 0, 0) returned_zcap=(2, 5, 0) max_tail_u=0",NA
120,P1_no_rho,30,259.68689600005746,5.68939740001224,19.96921700006351,0.15902789996471256,0.01,32501.528486630265,32501.528486630265,-72582.6269690783,-56820.00365072201,0.0,-25123.30705274422,-83973.24608278189,-83973.22988151385,-58314.14165099835,-25123.30705274422,33190.83459825412,33190.83459825412,-27890.900080935182,40673.0,nan,nan,1.5000000000000002,10.0,0.0,0.0,10.0,0.85,CORE,MAIN,1.1999052547970495,0.24626802221398392,0.6,0.174,-58314.14165099835,STRUCTURAL,-0.919239295529035,-208760.76534009964,30000.0,0,0,0,0,0,0,0,inf,inf,NA,1,5,5,5,24,6,0,0,CONTINUE,0,A,1,1,0,KEEP_STRUCTURAL_IN_ON_CUT,2,3,0,0,"tail_cont_enabled=1 tail_active_dims=(1,) tail_delta=0.1 tail_start=(6, 6, 6) returned_y=(2, 5, 0) returned_b=(0, 0, 0) returned_u=(0, 0, 0) returned_zcap=(2, 5, 0) max_tail_u=0",NA
120,P1_no_rho,31,266.3769549001008,5.68939740001224,6.689391200081445,0.1634046999970451,0.01,51811.71063435879,51811.71063435879,-72582.6269690783,-53923.47632856273,0.0,-25123.30705274422,-81484.97413812763,-81484.95805842373,-58314.14165099835,-25123.30705274422,33190.83459825412,33190.83459825412,-26435.946481020284,39507.5,nan,nan,1.5000000000000002,10.0,0.0,0.0,10.0,0.85,CORE,MAIN,1.1989036482361473,0.2624544610269579,0.6,0.174,-58314.14165099835,STRUCTURAL,-0.9289208644333934,-208760.76534009964,30000.0,0,0,0,0,0,0,0,inf,inf,NA,1,5,5,5,24,6,0,0,CONTINUE,0,A,1,1,0,KEEP_STRUCTURAL_IN_ON_CUT,2,3,0,0,"tail_cont_enabled=1 tail_active_dims=(1,) tail_delta=0.1 tail_start=(6, 6, 6) returned_y=(6, 2, 0) returned_b=(1, 0, 0) returned_u=(0, 0, 0) returned_zcap=(6, 2, 0) max_tail_u=0",NA
120,P1_no_rho,32,273.8356008999981,5.68939740001224,7.457953199977055,0.16432569990865886,0.01,56833.75799793041,56833.75799793041,-72582.6269690783,-53170.169224026984,0.0,-25123.30705274422,-78335.47218729008,-78335.45683328896,-58314.14165099835,-25123.30705274422,33190.83459825412,33190.83459825412,-25191.14790240976,38895.0,nan,nan,1.5000000000000002,10.0,0.0,0.0,10.0,0.85,CORE,MAIN,1.1984911278745092,0.255140225525744,0.6,0.174,-58314.14165099835,STRUCTURAL,-0.9109021541908415,-208760.76534009964,30000.0,0,0,0,0,0,0,0,inf,inf,NA,1,5,5,5,24,6,0,0,CONTINUE,0,A,1,1,0,KEEP_STRUCTURAL_IN_ON_CUT,2,3,0,0,"tail_cont_enabled=1 tail_active_dims=(1,) tail_delta=0.1 tail_start=(6, 6, 6) returned_y=(0, 4, 3) returned_b=(0, 0, 0) returned_u=(0, 0, 0) returned_zcap=(0, 4, 3) max_tail_u=0",NA
120,P1_no_rho,33,281.74758470000234,5.68939740001224,7.911513699917123,0.1613304999191314,0.01,82726.97960796763,82726.97960796763,-72582.6269690783,-49286.1859825214,0.0,-25123.30705274422,-73442.1968080554,-73442.18209635315,-58314.14165099835,-25123.30705274422,33190.83459825412,33190.83459825412,-22071.00173396241,36682.5,nan,nan,1.5000000000000002,10.0,0.0,0.0,10.0,0.85,CORE,MAIN,1.2019583376670604,0.26851923967848956,0.6,0.174,-58314.14165099835,STRUCTURAL,-0.9336183077742013,-208760.76534009964,30000.0,0,0,0,0,0,0,0,inf,inf,NA,1,5,5,5,24,6,0,0,CONTINUE,0,A,1,1,0,KEEP_STRUCTURAL_IN_ON_CUT,2,3,0,0,"tail_cont_enabled=1 tail_active_dims=(1,) tail_delta=0.1 tail_start=(6, 6, 6) returned_y=(6, 2, 0) returned_b=(1, 0, 0) returned_u=(0, 0, 0) returned_zcap=(6, 2, 0) max_tail_u=0",NA
120,P1_no_rho,34,289.1090051000938,5.68939740001224,7.360779800103046,0.16499680001288652,0.01,76318.04252803796,76318.04252803796,-72582.6269690783,-50247.52654451085,0.0,-25123.30705274422,-72455.52530365669,-72455.51092803027,-58314.14165099835,-25123.30705274422,33190.83459825412,33190.83459825412,-23121.966431382083,36314.5,nan,nan,1.5000000000000002,10.0,0.0,0.0,10.0,0.85,CORE,MAIN,1.2048156156369518,0.2824908727801061,0.6,0.174,-58314.14165099835,STRUCTURAL,-0.9056721052040404,-208760.76534009964,30000.0,0,0,0,0,0,0,0,inf,inf,NA,1,5,5,5,24,6,0,0,CONTINUE,0,A,1,1,0,KEEP_STRUCTURAL_IN_ON_CUT,2,3,0,0,"tail_cont_enabled=1 tail_active_dims=(1,) tail_delta=0.1 tail_start=(6, 6, 6) returned_y=(6, 2, 0) returned_b=(1, 0, 0) returned_u=(0, 0, 0) returned_zcap=(6, 2, 0) max_tail_u=0",NA
120,P1_no_rho,35,306.8050035000779,5.68939740001224,17.695604200009257,0.16372620000038296,0.01,49208.235448213345,49208.235448213345,-72582.6269690783,-54313.99760648455,0.0,-25123.30705274422,-77100.77235684471,-77100.75711274144,-58314.14165099835,-25123.30705274422,33190.83459825412,33190.83459825412,-24257.71132413282,37983.0,nan,nan,1.5000000000000002,10.0,0.0,0.0,10.0,0.85,CORE,MAIN,1.2065929918420613,0.2566572167473562,0.6,0.174,-58314.14165099835,STRUCTURAL,-0.9274859066531279,-208760.76534009964,30000.0,0,0,0,0,0,0,0,inf,inf,NA,1,5,5,5,24,6,0,0,CONTINUE,0,A,1,1,0,KEEP_STRUCTURAL_IN_ON_CUT,2,3,0,0,"tail_cont_enabled=1 tail_active_dims=(1,) tail_delta=0.1 tail_start=(6, 6, 6) returned_y=(6, 2, 0) returned_b=(1, 0, 0) returned_u=(0, 0, 0) returned_zcap=(6, 2, 0) max_tail_u=0",NA
120,P1_no_rho,36,313.8309338000836,5.68939740001224,7.02535250002984,0.155559099977836,0.01,43189.92269500998,43189.92269500998,-72582.6269690783,-55216.74451946505,0.0,-25123.30705274422,-81731.8255756894,-81731.80971272133,-58314.14165099835,-25123.30705274422,33190.83459825412,33190.83459825412,-26245.00509909513,39952.5,nan,nan,1.5000000000000002,10.0,0.0,0.0,10.0,0.85,CORE,MAIN,1.2070006716285722,0.24775305094004774,0.6,0.174,-58314.14165099835,STRUCTURAL,-0.9258795588699277,-208760.76534009964,30000.0,0,0,0,0,0,0,0,inf,inf,NA,1,5,5,5,24,6,0,0,CONTINUE,0,A,1,1,0,KEEP_STRUCTURAL_IN_ON_CUT,2,3,0,0,"tail_cont_enabled=1 tail_active_dims=(1,) tail_delta=0.1 tail_start=(6, 6, 6) returned_y=(6, 2, 0) returned_b=(1, 0, 0) returned_u=(0, 0, 0) returned_zcap=(6, 2, 0) max_tail_u=0",NA
120,P1_no_rho,37,321.32931840000674,5.68939740001224,7.497855999972671,0.168307299958542,0.01,39050.42464660575,39050.42464660575,-72582.6269690783,-55837.66922672568,0.0,-25123.30705274422,-79430.42488567,-79430.40936837223,-58314.14165099835,-25123.30705274422,33190.83459825412,33190.83459825412,-24905.31802722293,39343.0,nan,nan,1.5000000000000002,10.0,0.0,0.0,10.0,0.85,CORE,MAIN,1.207211175950588,0.2550680344126699,0.6,0.174,-58314.14165099835,STRUCTURAL,-0.9239270237170409,-208760.76534009964,30000.0,0,0,0,0,0,0,0,inf,inf,NA,1,5,5,5,24,6,0,0,CONTINUE,0,A,1,1,0,KEEP_STRUCTURAL_IN_ON_CUT,2,3,0,0,"tail_cont_enabled=1 tail_active_dims=(1,) tail_delta=0.1 tail_start=(6, 6, 6) returned_y=(6, 2, 0) returned_b=(1, 0, 0) returned_u=(0, 0, 0) returned_zcap=(6, 2, 0) max_tail_u=0",NA
120,P1_no_rho,38,328.1249648000812,5.68939740001224,6.795049100066535,0.159681300050579,0.01,52987.50377396438,52987.50377396438,-72582.6269690783,-53747.10735762189,0.0,-25123.30705274422,-83044.151982457,-83044.13571443368,-58314.14165099835,-25123.30705274422,33190.83459825412,33190.83459825412,-26855.833041823953,39842.0,nan,nan,1.5000000000000002,10.0,0.0,0.0,10.0,0.85,CORE,MAIN,1.2064048069397542,0.25282083335774663,0.6,0.174,-58314.14165099835,STRUCTURAL,-0.9401854437128274,-208760.76534009964,30000.0,0,0,0,0,0,0,0,inf,inf,NA,1,5,5,5,24,6,0,0,CONTINUE,0,A,1,1,0,KEEP_STRUCTURAL_IN_ON_CUT,2,3,0,0,"tail_cont_enabled=1 tail_active_dims=(1,) tail_delta=0.1 tail_start=(6, 6, 6) returned_y=(6, 2, 0) returned_b=(1, 0, 0) returned_u=(0, 0, 0) returned_zcap=(6, 2, 0) max_tail_u=0",NA
120,P1_no_rho,39,334.84916740003973,5.68939740001224,6.723676000023261,0.14805339998565614,0.01,55136.75322455243,55136.75322455243,-72582.6269690783,-53424.71994003368,0.0,-25123.30705274422,-75932.6274466096,-75932.61239442331,-58314.14165099835,-25123.30705274422,33190.83459825412,33190.83459825412,-23303.96993555034,38056.5,nan,nan,1.5000000000000002,10.0,0.0,0.0,10.0,0.85,CORE,MAIN,1.2064495244051765,0.24799464460636966,0.6,0.174,-58314.14165099835,STRUCTURAL,-0.9219387394859919,-208760.76534009964,30000.0,0,0,0,0,0,0,0,inf,inf,NA,1,5,5,5,24,6,0,0,CONTINUE,0,A,1,1,0,KEEP_STRUCTURAL_IN_ON_CUT,2,3,0,0,"tail_cont_enabled=1 tail_active_dims=(1,) tail_delta=0.1 tail_start=(6, 6, 6) returned_y=(6, 2, 0) returned_b=(1, 0, 0) returned_u=(0, 0, 0) returned_zcap=(6, 2, 0) max_tail_u=0",NA
120,P1_no_rho,40,353.1962061000522,5.68939740001224,18.34647800005041,0.17828500003088266,0.01,71452.27698370352,71452.27698370352,-72582.6269690783,-50977.39137616102,0.0,-25123.30705274422,-75636.2822310266,-75636.26718057494,-58314.14165099835,-25123.30705274422,33190.83459825412,33190.83459825412,-23352.44539719602,37370.0,nan,nan,1.5000000000000002,10.0,0.0,0.0,10.0,0.85,CORE,MAIN,1.2089630984434572,0.26467701398117394,0.6,0.174,-58314.14165099835,STRUCTURAL,-0.932723606875014,-208760.76534009964,30000.0,0,0,0,0,0,0,0,inf,inf,NA,1,5,5,5,24,6,0,0,CONTINUE,0,A,1,1,0,KEEP_STRUCTURAL_IN_ON_CUT,2,3,0,0,"tail_cont_enabled=1 tail_active_dims=(1,) tail_delta=0.1 tail_start=(6, 6, 6) returned_y=(6, 2, 0) returned_b=(1, 0, 0) returned_u=(0, 0, 0) returned_zcap=(6, 2, 0) max_tail_u=0",NA
120,P1_no_rho,41,361.0222663000459,5.68939740001224,7.825527200009674,0.15223310003057122,0.01,65192.389249389125,65192.389249389125,-72582.6269690783,-51916.374536308176,0.0,-25123.30705274422,-74830.61925596242,-74830.60436611102,-58314.14165099835,-25123.30705274422,33190.83459825412,33190.83459825412,-23662.73183903257,37138.5,nan,nan,1.5000000000000002,10.0,0.0,0.0,10.0,0.85,CORE,MAIN,1.2105816199452735,0.2531135249300216,0.6,0.174,-58314.14165099835,STRUCTURAL,-0.918505459780344,-208760.76534009964,30000.0,0,0,0,0,0,0,0,inf,inf,NA,1,5,5,5,24,6,0,0,CONTINUE,0,A,1,1,0,KEEP_STRUCTURAL_IN_ON_CUT,2,3,0,0,"tail_cont_enabled=1 tail_active_dims=(1,) tail_delta=0.1 tail_start=(6, 6, 6) returned_y=(6, 2, 0) returned_b=(1, 0, 0) returned_u=(0, 0, 0) returned_zcap=(6, 2, 0) max_tail_u=0",NA
120,P1_no_rho,42,368.118789600092,5.68939740001224,7.096046300022863,0.15198990004137158,0.01,60512.86388351262,60512.86388351262,-72582.6269690783,-52618.303341189654,0.0,-25123.30705274422,-78776.39899225594,-78776.3834336328,-58314.14165099835,-25123.30705274422,33190.83459825412,33190.83459825412,-25092.537092546685,38550.5,nan,nan,1.5000000000000002,10.0,0.0,0.0,10.0,0.85,CORE,MAIN,1.2114230458151518,0.25649919273855404,0.6,0.174,-58314.14165099835,STRUCTURAL,-0.9283726772430294,-208760.76534009964,30000.0,0,0,0,0,0,0,0,inf,inf,NA,1,5,5,5,24,6,0,0,CONTINUE,0,A,1,1,0,KEEP_STRUCTURAL_IN_ON_CUT,2,3,0,0,"tail_cont_enabled=1 tail_active_dims=(1,) tail_delta=0.1 tail_start=(6, 6, 6) returned_y=(0, 4, 3) returned_b=(0, 0, 0) returned_u=(0, 0, 0) returned_zcap=(0, 4, 3) max_tail_u=0",NA
120,P1_no_rho,43,375.6736568000633,5.68939740001224,7.553650400019251,0.1587980999611318,0.01,41125.16532766181,41125.16532766181,-72582.6269690783,-55526.458124567274,0.0,-25123.30705274422,-78849.2999391558,-78849.28459487717,-58314.14165099835,-25123.30705274422,33190.83459825412,33190.83459825412,-25194.12502220125,38980.0,nan,nan,1.5000000000000002,10.0,0.0,0.0,10.0,0.85,CORE,MAIN,1.2117912718819444,0.25919489327637457,0.6,0.174,-58314.14165099835,STRUCTURAL,-0.9176528061001522,-208760.76534009964,30000.0,0,0,0,0,0,0,0,inf,inf,NA,1,5,5,5,24,6,0,0,CONTINUE,0,A,1,1,0,KEEP_STRUCTURAL_IN_ON_CUT,2,3,0,0,"tail_cont_enabled=1 tail_active_dims=(1,) tail_delta=0.1 tail_start=(6, 6, 6) returned_y=(0, 4, 3) returned_b=(0, 0, 0) returned_u=(0, 0, 0) returned_zcap=(0, 4, 3) max_tail_u=0",NA
120,P1_no_rho,44,383.164131400059,5.68939740001224,7.489879700005986,0.15111559990327805,0.01,50484.0415373024,50484.0415373024,-72582.6269690783,-54122.62669312119,0.0,-25123.30705274422,-78343.96564279994,-78343.95025211858,-58314.14165099835,-25123.30705274422,33190.83459825412,33190.83459825412,-24350.37559045327,38570.0,nan,nan,1.5000000000000002,10.0,0.0,0.0,10.0,0.85,CORE,MAIN,1.2122108928166484,0.2434016398672162,0.6,0.174,-58314.14165099835,STRUCTURAL,-0.9332568431711226,-208760.76534009964,30000.0,0,0,0,0,0,0,0,inf,inf,NA,1,5,5,5,24,6,0,0,CONTINUE,0,A,1,1,0,KEEP_STRUCTURAL_IN_ON_CUT,2,3,0,0,"tail_cont_enabled=1 tail_active_dims=(1,) tail_delta=0.1 tail_start=(6, 6, 6) returned_y=(0, 4, 3) returned_b=(0, 0, 0) returned_u=(0, 0, 0) returned_zcap=(0, 4, 3) max_tail_u=0",NA
120,P1_no_rho,45,400.6068630000809,5.68939740001224,17.442262400058098,0.15148140001110733,0.01,45068.83516312834,45068.83516312834,-72582.6269690783,-54934.907649247296,0.0,-25123.30705274422,-80889.44358869744,-80889.4277292656,-58314.14165099835,-25123.30705274422,33190.83459825412,33190.83459825412,-25916.201898425134,39987.0,nan,nan,1.5000000000000002,10.0,0.0,0.0,10.0,0.85,CORE,MAIN,1.211774719511116,0.2570783708634875,0.6,0.174,-58314.14165099835,STRUCTURAL,-0.91651829896117,-208760.76534009964,30000.0,0,0,0,0,0,0,0,inf,inf,NA,1,5,5,5,24,6,0,0,CONTINUE,0,A,1,1,0,KEEP_STRUCTURAL_IN_ON_CUT,2,3,0,0,"tail_cont_enabled=1 tail_active_dims=(1,) tail_delta=0.1 tail_start=(6, 6, 6) returned_y=(2, 0, 6) returned_b=(0, 0, 1) returned_u=(0, 0, 0) returned_zcap=(2, 0, 6) max_tail_u=0",NA
120,P1_no_rho,46,407.33694770000875,5.68939740001224,6.729693199973553,0.1526459000306204,0.01,62510.26386002419,62510.26386002419,-72582.6269690783,-52318.69334471291,0.0,-25123.30705274422,-76041.20520857192,-76041.19013261137,-58314.14165099835,-25123.30705274422,33190.83459825412,33190.83459825412,-23185.92555842692,38644.0,nan,nan,1.5000000000000002,10.0,0.0,0.0,10.0,0.85,CORE,MAIN,1.2119638804538289,0.23356409185929883,0.6,0.174,-58314.14165099835,STRUCTURAL,-0.9118321873888908,-208760.76534009964,30000.0,0,0,0,0,0,0,0,inf,inf,NA,1,5,5,5,24,6,0,0,CONTINUE,0,A,1,1,0,KEEP_STRUCTURAL_IN_ON_CUT,2,3,0,0,"tail_cont_enabled=1 tail_active_dims=(1,) tail_delta=0.1 tail_start=(6, 6, 6) returned_y=(2, 0, 6) returned_b=(0, 0, 1) returned_u=(0, 0, 0) returned_zcap=(2, 0, 6) max_tail_u=0",NA
120,P1_no_rho,47,415.04817650001496,5.68939740001224,7.710598799982108,0.1500828000716865,0.01,65403.58969349383,65403.58969349383,-72582.6269690783,-51884.69446969247,0.0,-25123.30705274422,-76338.02565616276,-76338.01044206627,-58314.14165099835,-25123.30705274422,33190.83459825412,33190.83459825412,-23469.91083599548,38538.0,nan,nan,1.5000000000000002,10.0,0.0,0.0,10.0,0.85,CORE,MAIN,1.213042848100408,0.2640628666942486,0.6,0.174,-58314.14165099835,STRUCTURAL,-0.9145622434319505,-208760.76534009964,30000.0,0,0,0,0,0,0,0,inf,inf,NA,1,5,5,5,24,6,0,0,CONTINUE,0,A,1,1,0,KEEP_STRUCTURAL_IN_ON_CUT,2,3,0,0,"tail_cont_enabled=1 tail_active_dims=(1,) tail_delta=0.1 tail_start=(6, 6, 6) returned_y=(2, 0, 6) returned_b=(0, 0, 1) returned_u=(0, 0, 0) returned_zcap=(2, 0, 6) max_tail_u=0",NA
120,P1_no_rho,48,421.99478480010293,5.68939740001224,6.94595130009111,0.18633170006796718,0.01,61104.79917739725,61104.79917739725,-72582.6269690783,-52529.51304710696,0.0,-25123.30705274422,-75253.44442141244,-75253.42938570728,-58314.14165099835,-25123.30705274422,33190.83459825412,33190.83459825412,-23263.956240668558,38054.0,nan,nan,1.5000000000000002,10.0,0.0,0.0,10.0,0.85,CORE,MAIN,1.2137210940585537,0.26533972095234204,0.6,0.174,-58314.14165099835,STRUCTURAL,-0.9108017229032205,-208760.76534009964,30000.0,0,0,0,0,0,0,0,inf,inf,NA,1,5,5,5,24,6,0,0,CONTINUE,0,A,1,1,0,KEEP_STRUCTURAL_IN_ON_CUT,2,3,0,0,"tail_cont_enabled=1 tail_active_dims=(1,) tail_delta=0.1 tail_start=(6, 6, 6) returned_y=(2, 0, 6) returned_b=(0, 0, 1) returned_u=(0, 0, 0) returned_zcap=(2, 0, 6) max_tail_u=0",NA
120,P1_no_rho,49,428.7273829000769,5.68939740001224,6.731864499975927,0.151110399980098,0.01,54277.56989015801,54277.56989015801,-72582.6269690783,-53553.59744019285,0.0,-25123.30705274422,-79436.6192341699,-79436.60359067789,-58314.14165099835,-25123.30705274422,33190.83459825412,33190.83459825412,-25122.67407966449,39507.0,nan,nan,1.5000000000000002,10.0,0.0,0.0,10.0,0.85,CORE,MAIN,1.2136764534443893,0.24625050568342077,0.6,0.174,-58314.14165099835,STRUCTURAL,-0.9165283706855898,-208760.76534009964,30000.0,0,0,0,0,0,0,0,inf,inf,NA,1,5,5,5,24,6,0,0,CONTINUE,0,A,1,1,0,KEEP_STRUCTURAL_IN_ON_CUT,2,3,0,0,"tail_cont_enabled=1 tail_active_dims=(1,) tail_delta=0.1 tail_start=(6, 6, 6) returned_y=(2, 0, 6) returned_b=(0, 0, 1) returned_u=(0, 0, 0) returned_zcap=(2, 0, 6) max_tail_u=0",NA
120,P1_no_rho,50,447.1567051000893,5.68939740001224,18.42859150003642,0.1541266000131145,0.01,44510.76198898972,44510.76198898972,-72582.6269690783,-55018.618625368086,0.0,-25123.30705274422,-78963.62946886639,-78963.61412418478,-58314.14165099835,-25123.30705274422,33190.83459825412,33190.83459825412,-25290.670476633128,39656.5,nan,nan,1.5000000000000002,10.0,0.0,0.0,10.0,0.85,CORE,MAIN,1.2134392422265203,0.26005114717092737,0.6,0.174,-58314.14165099835,STRUCTURAL,-0.9022975409252226,-208760.76534009964,30000.0,0,0,0,0,0,0,0,inf,inf,NA,1,5,5,5,24,6,0,0,CONTINUE,0,A,1,1,0,KEEP_STRUCTURAL_IN_ON_CUT,2,3,0,0,"tail_cont_enabled=1 tail_active_dims=(1,) tail_delta=0.1 tail_start=(6, 6, 6) returned_y=(2, 0, 6) returned_b=(0, 0, 1) returned_u=(0, 0, 0) returned_zcap=(2, 0, 6) max_tail_u=0",NA
120,P1_no_rho,51,454.7985630000476,5.68939740001224,7.641349000041373,0.14735230000223964,0.01,52296.02560906857,52296.02560906857,-72582.6269690783,-53850.82908235626,0.0,-25123.30705274422,-77524.21958093975,-77524.20428928648,-58314.14165099835,-25123.30705274422,33190.83459825412,33190.83459825412,-23768.887699811585,39341.0,nan,nan,1.5000000000000002,10.0,0.0,0.0,10.0,0.85,CORE,MAIN,1.2135628006534844,0.2719638002496714,0.6,0.174,-58314.14165099835,STRUCTURAL,-0.9109295067821507,-208760.76534009964,30000.0,0,0,0,0,0,0,0,inf,inf,NA,1,5,5,5,24,6,0,0,CONTINUE,0,A,1,1,0,KEEP_STRUCTURAL_IN_ON_CUT,2,3,0,0,"tail_cont_enabled=1 tail_active_dims=(1,) tail_delta=0.1 tail_start=(6, 6, 6) returned_y=(2, 0, 6) returned_b=(0, 0, 1) returned_u=(0, 0, 0) returned_zcap=(2, 0, 6) max_tail_u=0",NA
120,P1_no_rho,52,461.4716366000939,5.68939740001224,6.672412700019777,0.1535387000767514,0.01,47091.364900220084,47091.364900220084,-72582.6269690783,-54631.52818868353,0.0,-25123.30705274422,-80373.47569636897,-80373.45993466256,-58314.14165099835,-25123.30705274422,33190.83459825412,33190.83459825412,-25880.15367196387,39832.5,nan,nan,1.5000000000000002,10.0,0.0,0.0,10.0,0.85,CORE,MAIN,1.2130215241255986,0.22697062868330553,0.6,0.174,-58314.14165099835,STRUCTURAL,-0.9120409424916621,-208760.76534009964,30000.0,0,0,0,0,0,0,0,inf,inf,NA,1,5,5,5,24,6,0,0,CONTINUE,0,A,1,1,0,KEEP_STRUCTURAL_IN_ON_CUT,2,3,0,0,"tail_cont_enabled=1 tail_active_dims=(1,) tail_delta=0.1 tail_start=(6, 6, 6) returned_y=(2, 0, 6) returned_b=(0, 0, 1) returned_u=(0, 0, 0) returned_zcap=(2, 0, 6) max_tail_u=0",NA
120,P1_no_rho,53,469.16040500008967,5.68939740001224,7.688180000055581,0.16195680003147572,0.01,61802.745711331685,61802.745711331685,-72582.6269690783,-52424.82106701679,0.0,-25123.30705274422,-76655.68463507303,-76655.66944021107,-58314.14165099835,-25123.30705274422,33190.83459825412,33190.83459825412,-23440.592740455097,38834.5,nan,nan,1.5000000000000002,10.0,0.0,0.0,10.0,0.85,CORE,MAIN,1.2130059523188366,0.2646536994484774,0.6,0.174,-58314.14165099835,STRUCTURAL,-0.9135361032030106,-208760.76534009964,30000.0,0,0,0,0,0,0,0,inf,inf,NA,1,5,5,5,24,6,0,0,CONTINUE,0,A,1,1,0,KEEP_STRUCTURAL_IN_ON_CUT,2,3,0,0,"tail_cont_enabled=1 tail_active_dims=(1,) tail_delta=0.1 tail_start=(6, 6, 6) returned_y=(2, 0, 6) returned_b=(0, 0, 1) returned_u=(0, 0, 0) returned_zcap=(2, 0, 6) max_tail_u=0",NA
120,P1_no_rho,54,476.25553020008374,5.68939740001224,7.094710300094448,0.15165140002500266,0.01,64678.84477587204,64678.84477587204,-72582.6269690783,-51993.406207335735,0.0,-25123.30705274422,-76843.53454202409,-76843.51926368583,-58314.14165099835,-25123.30705274422,33190.83459825412,33190.83459825412,-23524.287644936525,38610.0,nan,nan,1.5000000000000002,10.0,0.0,0.0,10.0,0.85,CORE,MAIN,1.2140067167803648,0.2637859649155069,0.6,0.174,-58314.14165099835,STRUCTURAL,-0.9206463199300576,-208760.76534009964,30000.0,0,0,0,0,0,0,0,inf,inf,NA,1,5,5,5,24,6,0,0,CONTINUE,0,A,1,1,0,KEEP_STRUCTURAL_IN_ON_CUT,2,3,0,0,"tail_cont_enabled=1 tail_active_dims=(1,) tail_delta=0.1 tail_start=(6, 6, 6) returned_y=(2, 0, 6) returned_b=(0, 0, 1) returned_u=(0, 0, 0) returned_zcap=(2, 0, 6) max_tail_u=0",NA
120,P1_no_rho,55,493.4499559000833,5.68939740001224,17.19371969997883,0.1681650000391528,0.01,62178.535152448116,62178.535152448116,-72582.6269690783,-52368.45265084933,0.0,-25123.30705274422,-75640.430171754,-75640.41511397038,-58314.14165099835,-25123.30705274422,33190.83459825412,33190.83459825412,-23431.19170536459,38473.0,nan,nan,1.5000000000000002,10.0,0.0,0.0,10.0,0.85,CORE,MAIN,1.2144805042748132,0.2651846550521261,0.6,0.174,-58314.14165099835,STRUCTURAL,-0.9046902747139689,-208760.76534009964,30000.0,0,0,0,0,0,0,0,inf,inf,NA,1,5,5,5,24,6,0,0,CONTINUE,0,A,1,1,0,KEEP_STRUCTURAL_IN_ON_CUT,2,3,0,0,"tail_cont_enabled=1 tail_active_dims=(1,) tail_delta=0.1 tail_start=(6, 6, 6) returned_y=(2, 0, 6) returned_b=(0, 0, 1) returned_u=(0, 0, 0) returned_zcap=(2, 0, 6) max_tail_u=0",NA
120,P1_no_rho,56,501.10338490002323,5.68939740001224,7.65302830003202,0.15721259999554604,0.01,53594.003823531275,53594.003823531275,-72582.6269690783,-53656.132350186854,0.0,-25123.30705274422,-78199.63114345957,-78199.61572486395,-58314.14165099835,-25123.30705274422,33190.83459825412,33190.83459825412,-25148.002820307647,38849.0,nan,nan,1.5000000000000002,10.0,0.0,0.0,10.0,0.85,CORE,MAIN,1.2146020849509234,0.27783131123727545,0.6,0.174,-58314.14165099835,STRUCTURAL,-0.9103900212713547,-208760.76534009964,30000.0,0,0,0,0,0,0,0,inf,inf,NA,1,5,5,5,24,6,0,0,CONTINUE,0,A,1,1,0,KEEP_STRUCTURAL_IN_ON_CUT,2,3,0,0,"tail_cont_enabled=1 tail_active_dims=(1,) tail_delta=0.1 tail_start=(6, 6, 6) returned_y=(2, 0, 6) returned_b=(0, 0, 1) returned_u=(0, 0, 0) returned_zcap=(2, 0, 6) max_tail_u=0",NA
120,P1_no_rho,57,508.25165880005807,5.68939740001224,7.147476900019683,0.1556224999949336,0.01,45289.28143986602,45289.28143986602,-72582.6269690783,-54901.84070773664,0.0,-25123.30705274422,-77934.12937161488,-77934.11413334518,-58314.14165099835,-25123.30705274422,33190.83459825412,33190.83459825412,-24487.6013851113,38943.0,nan,nan,1.5000000000000002,10.0,0.0,0.0,10.0,0.85,CORE,MAIN,1.2145798640763306,0.2614509283367704,0.6,0.174,-58314.14165099835,STRUCTURAL,-0.9149528413019691,-208760.76534009964,30000.0,0,0,0,0,0,0,0,inf,inf,NA,1,5,5,5,24,6,0,0,CONTINUE,0,A,1,1,0,KEEP_STRUCTURAL_IN_ON_CUT,2,3,0,0,"tail_cont_enabled=1 tail_active_dims=(1,) tail_delta=0.1 tail_start=(6, 6, 6) returned_y=(0, 4, 3) returned_b=(0, 0, 0) returned_u=(0, 0, 0) returned_zcap=(0, 4, 3) max_tail_u=0",NA
120,P1_no_rho,58,515.382445700001,5.68939740001224,7.12998399999924,0.16555449995212257,0.01,54550.51180010255,54550.51180010255,-72582.6269690783,-53512.656153701166,0.0,-25123.30705274422,-77298.5723348334,-77298.55704696092,-58314.14165099835,-25123.30705274422,33190.83459825412,33190.83459825412,-23443.030971772157,38445.0,nan,nan,1.5000000000000002,10.0,0.0,0.0,10.0,0.85,CORE,MAIN,1.214768376655737,0.23439405715329653,0.6,0.174,-58314.14165099835,STRUCTURAL,-0.9338973611685742,-208760.76534009964,30000.0,0,0,0,0,0,0,0,inf,inf,NA,1,5,5,5,24,6,0,0,CONTINUE,0,A,1,1,0,KEEP_STRUCTURAL_IN_ON_CUT,2,3,0,0,"tail_cont_enabled=1 tail_active_dims=(1,) tail_delta=0.1 tail_start=(6, 6, 6) returned_y=(0, 4, 3) returned_b=(0, 0, 0) returned_u=(0, 0, 0) returned_zcap=(0, 4, 3) max_tail_u=0",NA
120,P1_no_rho,59,523.0487287000287,5.68939740001224,7.665826699929312,0.15147959999740124,0.01,47936.621924244806,47936.621924244806,-72582.6269690783,-54504.73963507982,0.0,-25123.30705274422,-80363.76097447635,-80363.7451579359,-58314.14165099835,-25123.30705274422,33190.83459825412,33190.83459825412,-25347.8380112367,39648.5,nan,nan,1.5000000000000002,10.0,0.0,0.0,10.0,0.85,CORE,MAIN,1.2142486043478344,0.25790089733374677,0.6,0.174,-58314.14165099835,STRUCTURAL,-0.9250607571820574,-208760.76534009964,30000.0,0,0,0,0,0,0,0,inf,inf,NA,1,5,5,5,24,6,0,0,CONTINUE,0,A,1,1,0,KEEP_STRUCTURAL_IN_ON_CUT,2,3,0,0,"tail_cont_enabled=1 tail_active_dims=(1,) tail_delta=0.1 tail_start=(6, 6, 6) returned_y=(0, 4, 3) returned_b=(0, 0, 0) returned_u=(0, 0, 0) returned_zcap=(0, 4, 3) max_tail_u=0",NA
120,P1_no_rho,60,540.6484684000025,5.68939740001224,17.599201299948618,0.15794079995248467,0.01,58285.962455666406,58285.962455666406,-72582.6269690783,-52952.33855536659,0.0,-25123.30705274422,-76729.03724348852,-76729.02207549987,-58314.14165099835,-25123.30705274422,33190.83459825412,33190.83459825412,-23264.875909718066,38376.5,nan,nan,1.5000000000000002,10.0,0.0,0.0,10.0,0.85,CORE,MAIN,1.2142169827267353,0.25272994848301966,0.6,0.174,-58314.14165099835,STRUCTURAL,-0.9287653671002097,-208760.76534009964,30000.0,0,0,0,0,0,0,0,inf,inf,NA,1,5,5,5,24,6,0,0,CONTINUE,0,A,1,1,0,KEEP_STRUCTURAL_IN_ON_CUT,2,3,0,0,"tail_cont_enabled=1 tail_active_dims=(1,) tail_delta=0.1 tail_start=(6, 6, 6) returned_y=(0, 4, 3) returned_b=(0, 0, 0) returned_u=(0, 0, 0) returned_zcap=(0, 4, 3) max_tail_u=0",NA
120,P1_no_rho,61,548.0896763000637,5.68939740001224,7.4406193000031635,0.16786589997354895,0.01,61885.24319941492,61885.24319941492,-72582.6269690783,-52412.44644380431,0.0,-25123.30705274422,-76842.26087100201,-76842.2455627207,-58314.14165099835,-25123.30705274422,33190.83459825412,33190.83459825412,-23311.06735900572,38467.0,nan,nan,1.5000000000000002,10.0,0.0,0.0,10.0,0.85,CORE,MAIN,1.214989837243896,0.23656802868170557,0.6,0.174,-58314.14165099835,STRUCTURAL,-0.9277420161647637,-208760.76534009964,30000.0,0,0,0,0,0,0,0,inf,inf,NA,1,5,5,5,24,6,0,0,CONTINUE,0,A,1,1,0,KEEP_STRUCTURAL_IN_ON_CUT,2,3,0,0,"tail_cont_enabled=1 tail_active_dims=(1,) tail_delta=0.1 tail_start=(6, 6, 6) returned_y=(0, 4, 3) returned_b=(0, 0, 0) returned_u=(0, 0, 0) returned_zcap=(0, 4, 3) max_tail_u=0",NA
120,P1_no_rho,62,555.944988500094,5.68939740001224,7.85472440009471,0.15639360004570335,0.01,59629.570347420544,59629.570347420544,-72582.6269690783,-52750.79737160346,0.0,-25123.30705274422,-75401.57310013346,-75401.55805887468,-58314.14165099835,-25123.30705274422,33190.83459825412,33190.83459825412,-23402.641625795153,37722.0,nan,nan,1.5000000000000002,10.0,0.0,0.0,10.0,0.85,CORE,MAIN,1.215078402645127,0.24839828039620415,0.6,0.174,-58314.14165099835,STRUCTURAL,-0.9189847910693942,-208760.76534009964,30000.0,0,0,0,0,0,0,0,inf,inf,NA,1,5,5,5,24,6,0,0,CONTINUE,0,A,1,1,0,KEEP_STRUCTURAL_IN_ON_CUT,2,3,0,0,"tail_cont_enabled=1 tail_active_dims=(1,) tail_delta=0.1 tail_start=(6, 6, 6) returned_y=(0, 4, 3) returned_b=(0, 0, 0) returned_u=(0, 0, 0) returned_zcap=(0, 4, 3) max_tail_u=0",NA
120,P1_no_rho,63,563.1183107000543,5.68939740001224,7.172589399968274,0.1596030000364408,0.01,51271.06063214084,51271.06063214084,-72582.6269690783,-54004.573828895416,0.0,-25123.30705274422,-80343.18756105794,-80343.17181981617,-58314.14165099835,-25123.30705274422,33190.83459825412,33190.83459825412,-25537.606982520763,40006.5,nan,nan,1.5000000000000002,10.0,0.0,0.0,10.0,0.85,CORE,MAIN,1.2144426382685514,0.25016098151296473,0.6,0.174,-58314.14165099835,STRUCTURAL,-0.9132776729997276,-208760.76534009964,30000.0,0,0,0,0,0,0,0,inf,inf,NA,1,5,5,5,24,6,0,0,CONTINUE,0,A,1,1,0,KEEP_STRUCTURAL_IN_ON_CUT,2,3,0,0,"tail_cont_enabled=1 tail_active_dims=(1,) tail_delta=0.1 tail_start=(6, 6, 6) returned_y=(6, 2, 0) returned_b=(1, 0, 0) returned_u=(0, 0, 0) returned_zcap=(6, 2, 0) max_tail_u=0",NA
120,P1_no_rho,64,569.6952247000299,5.68939740001224,6.5763886999338865,0.15478970005642623,0.01,48721.57073137983,48721.57073137983,-72582.6269690783,-54386.99731400957,0.0,-25123.30705274422,-79364.16352405921,-79364.14814103283,-58314.14165099835,-25123.30705274422,33190.83459825412,33190.83459825412,-24923.89171963173,39357.0,nan,nan,1.5000000000000002,10.0,0.0,0.0,10.0,0.85,CORE,MAIN,1.2137590700657486,0.24722053713575143,0.6,0.174,-58314.14165099835,STRUCTURAL,-0.9221613507364396,-208760.76534009964,30000.0,0,0,0,0,0,0,0,inf,inf,NA,1,5,5,5,24,6,0,0,CONTINUE,0,A,1,1,0,KEEP_STRUCTURAL_IN_ON_CUT,2,3,0,0,"tail_cont_enabled=1 tail_active_dims=(1,) tail_delta=0.1 tail_start=(6, 6, 6) returned_y=(2, 0, 6) returned_b=(0, 0, 1) returned_u=(0, 0, 0) returned_zcap=(2, 0, 6) max_tail_u=0",NA
120,P1_no_rho,65,587.9118366000475,5.68939740001224,18.215818000026047,0.178296500002034,0.01,55144.98782852757,55144.98782852757,-72582.6269690783,-53423.48474943741,0.0,-25123.30705274422,-77615.67743577661,-77615.66212123378,-58314.14165099835,-25123.30705274422,33190.83459825412,33190.83459825412,-23664.033804848183,39162.5,nan,nan,1.5000000000000002,10.0,0.0,0.0,10.0,0.85,CORE,MAIN,1.213619074536096,0.262833005208278,0.6,0.174,-58314.14165099835,STRUCTURAL,-0.918423292969645,-208760.76534009964,30000.0,0,0,0,0,0,0,0,inf,inf,NA,1,5,5,5,24,6,0,0,CONTINUE,0,A,1,1,0,KEEP_STRUCTURAL_IN_ON_CUT,2,3,0,0,"tail_cont_enabled=1 tail_active_dims=(1,) tail_delta=0.1 tail_start=(6, 6, 6) returned_y=(2, 0, 6) returned_b=(0, 0, 1) returned_u=(0, 0, 0) returned_zcap=(2, 0, 6) max_tail_u=0",NA
120,P1_no_rho,66,594.9546121000312,5.68939740001224,7.0422052999492735,0.17266299994662404,0.01,51018.87084601191,51018.87084601191,-72582.6269690783,-54042.40229681476,0.0,-25123.30705274422,-80290.13536349432,-80290.11953494092,-58314.14165099835,-25123.30705274422,33190.83459825412,33190.83459825412,-25346.01993715023,39916.5,nan,nan,1.5000000000000002,10.0,0.0,0.0,10.0,0.85,CORE,MAIN,1.2130082921665002,0.24758417110903086,0.6,0.174,-58314.14165099835,STRUCTURAL,-0.9176505889008421,-208760.76534009964,30000.0,0,0,0,0,0,0,0,inf,inf,NA,1,5,5,5,24,6,0,0,CONTINUE,0,A,1,1,0,KEEP_STRUCTURAL_IN_ON_CUT,2,3,0,0,"tail_cont_enabled=1 tail_active_dims=(1,) tail_delta=0.1 tail_start=(6, 6, 6) returned_y=(2, 0, 6) returned_b=(0, 0, 1) returned_u=(0, 0, 0) returned_zcap=(2, 0, 6) max_tail_u=0",NA
120,P1_no_rho,67,601.5188734000549,5.68939740001224,6.56363870005589,0.17087390006054193,0.01,59009.303352243944,59009.303352243944,-72582.6269690783,-52843.83742087995,0.0,-25123.30705274422,-76798.47718242405,-76798.46191696262,-58314.14165099835,-25123.30705274422,33190.83459825412,33190.83459825412,-23221.904788635165,38887.5,nan,nan,1.5000000000000002,10.0,0.0,0.0,10.0,0.85,CORE,MAIN,1.2129675481848459,0.2523733995033025,0.6,0.174,-58314.14165099835,STRUCTURAL,-0.9184880682023351,-208760.76534009964,30000.0,0,0,0,0,0,0,0,inf,inf,NA,1,5,5,5,24,6,0,0,CONTINUE,0,A,1,1,0,KEEP_STRUCTURAL_IN_ON_CUT,2,3,0,0,"tail_cont_enabled=1 tail_active_dims=(1,) tail_delta=0.1 tail_start=(6, 6, 6) returned_y=(2, 0, 6) returned_b=(0, 0, 1) returned_u=(0, 0, 0) returned_zcap=(2, 0, 6) max_tail_u=0",NA
120,P1_no_rho,68,609.1864367000526,5.68939740001224,7.667091400013305,0.17014950001612306,0.01,62806.82773808568,62806.82773808568,-72582.6269690783,-52274.20876300369,0.0,-25123.30705274422,-76454.56611931657,-76454.55086857868,-58314.14165099835,-25123.30705274422,33190.83459825412,33190.83459825412,-23220.434460975113,38470.5,nan,nan,1.5000000000000002,10.0,0.0,0.0,10.0,0.85,CORE,MAIN,1.2138338061616007,0.26472067575360314,0.6,0.174,-58314.14165099835,STRUCTURAL,-0.9225097396291279,-208760.76534009964,30000.0,0,0,0,0,0,0,0,inf,inf,NA,1,5,5,5,24,6,0,0,CONTINUE,0,A,1,1,0,KEEP_STRUCTURAL_IN_ON_CUT,2,3,0,0,"tail_cont_enabled=1 tail_active_dims=(1,) tail_delta=0.1 tail_start=(6, 6, 6) returned_y=(2, 0, 6) returned_b=(0, 0, 1) returned_u=(0, 0, 0) returned_zcap=(2, 0, 6) max_tail_u=0",NA
120,P1_no_rho,69,616.1577801000094,5.68939740001224,6.970659299986437,0.16644910001195967,0.01,63745.59555385933,63745.59555385933,-72582.6269690783,-52133.39359063764,0.0,-25123.30705274422,-77625.4874114501,-77625.47199295944,-58314.14165099835,-25123.30705274422,33190.83459825412,33190.83459825412,-24507.10388608048,39019.5,nan,nan,1.5000000000000002,10.0,0.0,0.0,10.0,0.85,CORE,MAIN,1.2145131552508022,0.2620702436511022,0.6,0.174,-58314.14165099835,STRUCTURAL,-0.9075525161671978,-208760.76534009964,30000.0,0,0,0,0,0,0,0,inf,inf,NA,1,5,5,5,24,6,0,0,CONTINUE,0,A,1,1,0,KEEP_STRUCTURAL_IN_ON_CUT,2,3,0,0,"tail_cont_enabled=1 tail_active_dims=(1,) tail_delta=0.1 tail_start=(6, 6, 6) returned_y=(2, 0, 6) returned_b=(0, 0, 1) returned_u=(0, 0, 0) returned_zcap=(2, 0, 6) max_tail_u=0",NA
120,P1_no_rho,70,633.2605483999941,5.68939740001224,17.102209199918434,0.14783249993342906,0.01,47604.71736072796,47604.71736072796,-72582.6269690783,-54554.52531960735,0.0,-25123.30705274422,-76373.28270576945,-76373.26762335768,-58314.14165099835,-25123.30705274422,33190.83459825412,33190.83459825412,-24090.726546135527,38579.5,nan,nan,1.5000000000000002,10.0,0.0,0.0,10.0,0.85,CORE,MAIN,1.215234165012741,0.26290669584305637,0.6,0.174,-58314.14165099835,STRUCTURAL,-0.903459800796142,-208760.76534009964,30000.0,0,0,0,0,0,0,0,inf,inf,NA,1,5,5,5,24,6,0,0,CONTINUE,0,A,1,1,0,KEEP_STRUCTURAL_IN_ON_CUT,2,3,0,0,"tail_cont_enabled=1 tail_active_dims=(1,) tail_delta=0.1 tail_start=(6, 6, 6) returned_y=(2, 0, 6) returned_b=(0, 0, 1) returned_u=(0, 0, 0) returned_zcap=(2, 0, 6) max_tail_u=0",NA
120,P1_no_rho,71,641.4715189000126,5.68939740001224,8.210649300017394,0.16843990003690124,0.01,47524.71120858144,47524.71120858144,-72582.6269690783,-54566.52624242933,0.0,-25123.30705274422,-78265.24034761485,-78265.22511023999,-58314.14165099835,-25123.30705274422,33190.83459825412,33190.83459825412,-24653.1781765611,38808.0,nan,nan,1.5000000000000002,10.0,0.0,0.0,10.0,0.85,CORE,MAIN,1.2154791022886102,0.26059122976540017,0.6,0.174,-58314.14165099835,STRUCTURAL,-0.9209792986614246,-208760.76534009964,30000.0,0,0,0,0,0,0,0,inf,inf,NA,1,5,5,5,24,6,0,0,CONTINUE,0,A,1,1,0,KEEP_STRUCTURAL_IN_ON_CUT,2,3,0,0,"tail_cont_enabled=1 tail_active_dims=(1,) tail_delta=0.1 tail_start=(6, 6, 6) returned_y=(6, 2, 0) returned_b=(1, 0, 0) returned_u=(0, 0, 0) returned_zcap=(6, 2, 0) max_tail_u=0",NA
120,P1_no_rho,72,648.6969206000213,5.68939740001224,7.224862699978985,0.16495819995179772,0.01,54798.55193867571,54798.55193867571,-72582.6269690783,-53475.45013291519,0.0,-25123.30705274422,-77939.7559042163,-77939.74052623817,-58314.14165099835,-25123.30705274422,33190.83459825412,33190.83459825412,-23483.89179030184,39113.0,nan,nan,1.5000000000000002,10.0,0.0,0.0,10.0,0.85,CORE,MAIN,1.2157025907037888,0.23832004040542615,0.6,0.174,-58314.14165099835,STRUCTURAL,-0.9281798674939503,-208760.76534009964,30000.0,0,0,0,0,0,0,0,inf,inf,NA,1,5,5,5,24,6,0,0,CONTINUE,0,A,1,1,0,KEEP_STRUCTURAL_IN_ON_CUT,2,3,0,0,"tail_cont_enabled=1 tail_active_dims=(1,) tail_delta=0.1 tail_start=(6, 6, 6) returned_y=(6, 2, 0) returned_b=(1, 0, 0) returned_u=(0, 0, 0) returned_zcap=(6, 2, 0) max_tail_u=0",NA
120,P1_no_rho,73,656.3372174000833,5.68939740001224,7.639783699996769,0.1619429000420496,0.01,49912.04337103487,49912.04337103487,-72582.6269690783,-54208.42641806132,0.0,-25123.30705274422,-80286.46648169041,-80286.45070712491,-58314.14165099835,-25123.30705274422,33190.83459825412,33190.83459825412,-25371.70414139775,39110.5,nan,nan,1.5000000000000002,10.0,0.0,0.0,10.0,0.85,CORE,MAIN,1.2152744776992477,0.23032240128777937,0.6,0.174,-58314.14165099835,STRUCTURAL,-0.9360614424212965,-208760.76534009964,30000.0,0,0,0,0,0,0,0,inf,inf,NA,1,5,5,5,24,6,0,0,CONTINUE,0,A,1,1,0,KEEP_STRUCTURAL_IN_ON_CUT,2,3,0,0,"tail_cont_enabled=1 tail_active_dims=(1,) tail_delta=0.1 tail_start=(6, 6, 6) returned_y=(6, 2, 0) returned_b=(1, 0, 0) returned_u=(0, 0, 0) returned_zcap=(6, 2, 0) max_tail_u=0",NA
120,P1_no_rho,74,662.9652911000885,5.68939740001224,6.627514900057577,0.1545292999362573,0.01,58372.29291815291,58372.29291815291,-72582.6269690783,-52939.38898599361,0.0,-25123.30705274422,-77594.96176353443,-77594.9463717074,-58314.14165099835,-25123.30705274422,33190.83459825412,33190.83459825412,-23433.997145647507,38375.0,nan,nan,1.5000000000000002,10.0,0.0,0.0,10.0,0.85,CORE,MAIN,1.2151179363775764,0.24413031738318358,0.6,0.174,-58314.14165099835,STRUCTURAL,-0.940906826945666,-208760.76534009964,30000.0,0,0,0,0,0,0,0,inf,inf,NA,1,5,5,5,24,6,0,0,CONTINUE,0,A,1,1,0,KEEP_STRUCTURAL_IN_ON_CUT,2,3,0,0,"tail_cont_enabled=1 tail_active_dims=(1,) tail_delta=0.1 tail_start=(6, 6, 6) returned_y=(6, 2, 0) returned_b=(1, 0, 0) returned_u=(0, 0, 0) returned_zcap=(6, 2, 0) max_tail_u=0",NA
120,P1_no_rho,75,680.3050773000577,5.68939740001224,17.33853209996596,0.15659470006357878,0.01,63393.57624915496,63393.57624915496,-72582.6269690783,-52186.1964863433,0.0,-25123.30705274422,-77199.11209145903,-77199.09667696686,-58314.14165099835,-25123.30705274422,33190.83459825412,33190.83459825412,-23594.2879931789,38403.5,nan,nan,1.5000000000000002,10.0,0.0,0.0,10.0,0.85,CORE,MAIN,1.2151924563550314,0.24116406824082326,0.6,0.174,-58314.14165099835,STRUCTURAL,-0.9305542235089328,-208760.76534009964,30000.0,0,0,0,0,0,0,0,inf,inf,NA,1,5,5,5,24,6,0,0,CONTINUE,0,A,1,1,0,KEEP_STRUCTURAL_IN_ON_CUT,2,3,0,0,"tail_cont_enabled=1 tail_active_dims=(1,) tail_delta=0.1 tail_start=(6, 6, 6) returned_y=(2, 5, 0) returned_b=(0, 0, 0) returned_u=(0, 0, 0) returned_zcap=(2, 5, 0) max_tail_u=0",NA
120,P1_no_rho,76,687.7996636000462,5.68939740001224,7.494035699986853,0.15924209996592253,0.01,53079.61641492206,53079.61641492206,-72582.6269690783,-53733.29046147824,0.0,-25123.30705274422,-74901.34890764863,-74901.33395540931,-58314.14165099835,-25123.30705274422,33190.83459825412,33190.83459825412,-22823.471471777517,37043.0,nan,nan,1.5000000000000002,10.0,0.0,0.0,10.0,0.85,CORE,MAIN,1.2147855515783093,0.2541065985190234,0.6,0.174,-58314.14165099835,STRUCTURAL,-0.9372506273543677,-208760.76534009964,30000.0,0,0,0,0,0,0,0,inf,inf,NA,1,5,5,5,24,6,0,0,CONTINUE,0,A,1,1,0,KEEP_STRUCTURAL_IN_ON_CUT,2,3,0,0,"tail_cont_enabled=1 tail_active_dims=(1,) tail_delta=0.1 tail_start=(6, 6, 6) returned_y=(2, 5, 0) returned_b=(0, 0, 0) returned_u=(0, 0, 0) returned_zcap=(2, 5, 0) max_tail_u=0",NA
120,P1_no_rho,77,694.6385388000635,5.68939740001224,6.838281000033021,0.16998400003649294,0.01,55566.49478136997,55566.49478136997,-72582.6269690783,-53360.25870651105,0.0,-25123.30705274422,-78077.9714118787,-78077.95595475008,-58314.14165099835,-25123.30705274422,33190.83459825412,33190.83459825412,-24554.047436743596,38611.5,nan,nan,1.5000000000000002,10.0,0.0,0.0,10.0,0.85,CORE,MAIN,1.2142996917759448,0.26397932602893126,0.6,0.174,-58314.14165099835,STRUCTURAL,-0.924144508207943,-208760.76534009964,30000.0,0,0,0,0,0,0,0,inf,inf,NA,1,5,5,5,24,6,0,0,CONTINUE,0,A,1,1,0,KEEP_STRUCTURAL_IN_ON_CUT,2,3,0,0,"tail_cont_enabled=1 tail_active_dims=(1,) tail_delta=0.1 tail_start=(6, 6, 6) returned_y=(6, 2, 0) returned_b=(1, 0, 0) returned_u=(0, 0, 0) returned_zcap=(6, 2, 0) max_tail_u=0",NA
120,P1_no_rho,78,702.2876265000086,5.68939740001224,7.648686199914664,0.1676533999852836,0.01,48060.599448608584,48060.599448608584,-72582.6269690783,-54486.143006425256,0.0,-25123.30705274422,-78663.4414819552,-78663.42617034161,-58314.14165099835,-25123.30705274422,33190.83459825412,33190.83459825412,-24571.365380978077,39378.5,nan,nan,1.5000000000000002,10.0,0.0,0.0,10.0,0.85,CORE,MAIN,1.2137420017270193,0.24895229739815172,0.6,0.174,-58314.14165099835,STRUCTURAL,-0.9157630143244582,-208760.76534009964,30000.0,0,0,0,0,0,0,0,inf,inf,NA,1,5,5,5,24,6,0,0,CONTINUE,0,A,1,1,0,KEEP_STRUCTURAL_IN_ON_CUT,2,3,0,0,"tail_cont_enabled=1 tail_active_dims=(1,) tail_delta=0.1 tail_start=(6, 6, 6) returned_y=(2, 0, 6) returned_b=(0, 0, 1) returned_u=(0, 0, 0) returned_zcap=(2, 0, 6) max_tail_u=0",NA
120,P1_no_rho,79,710.3341310000978,5.68939740001224,8.045971600105986,0.14971749996766448,0.01,54128.800053493156,54128.800053493156,-72582.6269690783,-53575.91291569257,0.0,-25123.30705274422,-77680.90357839798,-77680.88829494675,-58314.14165099835,-25123.30705274422,33190.83459825412,33190.83459825412,-23610.093490616156,39135.0,nan,nan,1.5000000000000002,10.0,0.0,0.0,10.0,0.85,CORE,MAIN,1.2135451286688408,0.2337467217673937,0.6,0.174,-58314.14165099835,STRUCTURAL,-0.9210986721916541,-208760.76534009964,30000.0,0,0,0,0,0,0,0,inf,inf,NA,1,5,5,5,24,6,0,0,CONTINUE,0,A,1,1,0,KEEP_STRUCTURAL_IN_ON_CUT,2,3,0,0,"tail_cont_enabled=1 tail_active_dims=(1,) tail_delta=0.1 tail_start=(6, 6, 6) returned_y=(2, 0, 6) returned_b=(0, 0, 1) returned_u=(0, 0, 0) returned_zcap=(2, 0, 6) max_tail_u=0",NA
120,P1_no_rho,80,727.788125900086,5.68939740001224,17.45345550007187,0.15002390008885413,0.01,48296.62787437156,48296.62787437156,-72582.6269690783,-54450.73874256081,0.0,-25123.30705274422,-80167.75778381189,-80167.74207542982,-58314.14165099835,-25123.30705274422,33190.83459825412,33190.83459825412,-25393.234413544684,39750.5,nan,nan,1.5000000000000002,10.0,0.0,0.0,10.0,0.85,CORE,MAIN,1.2129041894906674,0.24475806437761605,0.6,0.174,-58314.14165099835,STRUCTURAL,-0.9186384684785538,-208760.76534009964,30000.0,0,0,0,0,0,0,0,inf,inf,NA,1,5,5,5,24,6,0,0,CONTINUE,0,A,1,1,0,KEEP_STRUCTURAL_IN_ON_CUT,2,3,0,0,"tail_cont_enabled=1 tail_active_dims=(1,) tail_delta=0.1 tail_start=(6, 6, 6) returned_y=(2, 0, 6) returned_b=(0, 0, 1) returned_u=(0, 0, 0) returned_zcap=(2, 0, 6) max_tail_u=0",NA
120,P1_no_rho,81,734.6325510001043,5.68939740001224,6.843784700031392,0.16075159993488342,0.01,56242.3346511712,56242.3346511712,-72582.6269690783,-53258.882726040865,0.0,-25123.30705274422,-77203.50417622278,-77203.48879466487,-58314.14165099835,-25123.30705274422,33190.83459825412,33190.83459825412,-23318.84527243724,38329.5,nan,nan,1.5000000000000002,10.0,0.0,0.0,10.0,0.85,CORE,MAIN,1.2127251237251024,0.23916219505356795,0.6,0.174,-58314.14165099835,STRUCTURAL,-0.9372179569648722,-208760.76534009964,30000.0,0,0,0,0,0,0,0,inf,inf,NA,1,5,5,5,24,6,0,0,CONTINUE,0,A,1,1,0,KEEP_STRUCTURAL_IN_ON_CUT,2,3,0,0,"tail_cont_enabled=1 tail_active_dims=(1,) tail_delta=0.1 tail_start=(6, 6, 6) returned_y=(2, 5, 0) returned_b=(0, 0, 0) returned_u=(0, 0, 0) returned_zcap=(2, 5, 0) max_tail_u=0",NA
120,P1_no_rho,82,741.9401939000236,5.68939740001224,7.3072028999449685,0.16000820009503514,0.01,61206.519496333945,61206.519496333945,-72582.6269690783,-52514.25499926646,0.0,-25123.30705274422,-77298.7818282674,-77298.7663770885,-58314.14165099835,-25123.30705274422,33190.83459825412,33190.83459825412,-23584.91837908383,38665.5,nan,nan,1.5000000000000002,10.0,0.0,0.0,10.0,0.85,CORE,MAIN,1.2141168064136774,0.24943233084663508,0.6,0.174,-58314.14165099835,STRUCTURAL,-0.9261287710923113,-208760.76534009964,30000.0,0,0,0,0,0,0,0,inf,inf,NA,1,5,5,5,24,6,0,0,CONTINUE,0,A,1,1,0,KEEP_STRUCTURAL_IN_ON_CUT,2,3,0,0,"tail_cont_enabled=1 tail_active_dims=(1,) tail_delta=0.1 tail_start=(6, 6, 6) returned_y=(2, 5, 0) returned_b=(0, 0, 0) returned_u=(0, 0, 0) returned_zcap=(2, 5, 0) max_tail_u=0",NA
120,P1_no_rho,83,748.7963518000906,5.68939740001224,6.855583399999887,0.15361369994934648,0.01,61072.991966062415,61072.991966062415,-72582.6269690783,-52534.28412880718,0.0,-25123.30705274422,-75707.31511948619,-75707.29996991252,-58314.14165099835,-25123.30705274422,33190.83459825412,33190.83459825412,-23045.53165373678,38075.5,nan,nan,1.5000000000000002,10.0,0.0,0.0,10.0,0.85,CORE,MAIN,1.2144869773167535,0.26546702070183725,0.6,0.174,-58314.14165099835,STRUCTURAL,-0.922058687190376,-208760.76534009964,30000.0,0,0,0,0,0,0,0,inf,inf,NA,1,5,5,5,24,6,0,0,CONTINUE,0,A,1,1,0,KEEP_STRUCTURAL_IN_ON_CUT,2,3,0,0,"tail_cont_enabled=1 tail_active_dims=(1,) tail_delta=0.1 tail_start=(6, 6, 6) returned_y=(0, 4, 3) returned_b=(0, 0, 0) returned_u=(0, 0, 0) returned_zcap=(0, 4, 3) max_tail_u=0",NA
120,P1_no_rho,84,756.6551350000082,5.68939740001224,7.858369599911384,0.16473099996801466,0.01,54654.87334208831,54654.87334208831,-72582.6269690783,-53497.0019224033,0.0,-25123.30705274422,-77831.73473266464,-77831.71930688409,-58314.14165099835,-25123.30705274422,33190.83459825412,33190.83459825412,-24426.203872829024,38287.5,nan,nan,1.5000000000000002,10.0,0.0,0.0,10.0,0.85,CORE,MAIN,1.2146286451287358,0.26069387813987,0.6,0.174,-58314.14165099835,STRUCTURAL,-0.9299034138044194,-208760.76534009964,30000.0,0,0,0,0,0,0,0,inf,inf,NA,1,5,5,5,24,6,0,0,CONTINUE,0,A,1,1,0,KEEP_STRUCTURAL_IN_ON_CUT,2,3,0,0,"tail_cont_enabled=1 tail_active_dims=(1,) tail_delta=0.1 tail_start=(6, 6, 6) returned_y=(0, 4, 3) returned_b=(0, 0, 0) returned_u=(0, 0, 0) returned_zcap=(0, 4, 3) max_tail_u=0",NA
120,P1_no_rho,85,774.8177479000296,5.68939740001224,18.162112099933438,0.15594049997162074,0.01,48040.46660354253,48040.46660354253,-72582.6269690783,-54489.162933185165,0.0,-25123.30705274422,-78398.83555534105,-78398.82032360826,-58314.14165099835,-25123.30705274422,33190.83459825412,33190.83459825412,-24861.63041324687,39250.0,nan,nan,1.5000000000000002,10.0,0.0,0.0,10.0,0.85,CORE,MAIN,1.2145268554352429,0.260899701765237,0.6,0.174,-58314.14165099835,STRUCTURAL,-0.90933655898703,-208760.76534009964,30000.0,0,0,0,0,0,0,0,inf,inf,NA,1,5,5,5,24,6,0,0,CONTINUE,0,A,1,1,0,KEEP_STRUCTURAL_IN_ON_CUT,2,3,0,0,"tail_cont_enabled=1 tail_active_dims=(1,) tail_delta=0.1 tail_start=(6, 6, 6) returned_y=(0, 4, 3) returned_b=(0, 0, 0) returned_u=(0, 0, 0) returned_zcap=(0, 4, 3) max_tail_u=0",NA
120,P1_no_rho,86,781.7701912000775,5.68939740001224,6.951713800081052,0.15752320003230125,0.01,54505.992331423855,54505.992331423855,-72582.6269690783,-53519.33407400297,0.0,-25123.30705274422,-77955.01974381717,-77955.00438637749,-58314.14165099835,-25123.30705274422,33190.83459825412,33190.83459825412,-23582.189057180552,38783.5,nan,nan,1.5000000000000002,10.0,0.0,0.0,10.0,0.85,CORE,MAIN,1.2145505301736206,0.2613293063716773,0.6,0.174,-58314.14165099835,STRUCTURAL,-0.9346382753696274,-208760.76534009964,30000.0,0,0,0,0,0,0,0,inf,inf,NA,1,5,5,5,24,6,0,0,CONTINUE,0,A,1,1,0,KEEP_STRUCTURAL_IN_ON_CUT,2,3,0,0,"tail_cont_enabled=1 tail_active_dims=(1,) tail_delta=0.1 tail_start=(6, 6, 6) returned_y=(0, 4, 3) returned_b=(0, 0, 0) returned_u=(0, 0, 0) returned_zcap=(0, 4, 3) max_tail_u=0",NA
120,P1_no_rho,87,789.8089837000007,5.68939740001224,8.038272799924016,0.14990000007674098,0.01,44889.425056517495,44889.425056517495,-72582.6269690783,-54961.81916523892,0.0,-25123.30705274422,-79370.8888058275,-79370.87324212141,-58314.14165099835,-25123.30705274422,33190.83459825412,33190.83459825412,-25337.92739816073,39294.0,nan,nan,1.5000000000000002,10.0,0.0,0.0,10.0,0.85,CORE,MAIN,1.2142111723491071,0.2435707607960178,0.6,0.174,-58314.14165099835,STRUCTURAL,-0.9167293707938562,-208760.76534009964,30000.0,0,0,0,0,0,0,0,inf,inf,NA,1,5,5,5,24,6,0,0,CONTINUE,0,A,1,1,0,KEEP_STRUCTURAL_IN_ON_CUT,2,3,0,0,"tail_cont_enabled=1 tail_active_dims=(1,) tail_delta=0.1 tail_start=(6, 6, 6) returned_y=(0, 4, 3) returned_b=(0, 0, 0) returned_u=(0, 0, 0) returned_zcap=(0, 4, 3) max_tail_u=0",NA
120,P1_no_rho,88,796.8067538000178,5.68939740001224,6.997083400026895,0.1556649999693036,0.01,57584.54415064133,57584.54415064133,-72582.6269690783,-53057.551301120344,0.0,-25123.30705274422,-77707.78834062345,-77707.77293139002,-58314.14165099835,-25123.30705274422,33190.83459825412,33190.83459825412,-23711.607966948064,38772.0,nan,nan,1.5000000000000002,10.0,0.0,0.0,10.0,0.85,CORE,MAIN,1.2140834203382727,0.22331223112085563,0.6,0.174,-58314.14165099835,STRUCTURAL,-0.9284391651095624,-208760.76534009964,30000.0,0,0,0,0,0,0,0,inf,inf,NA,1,5,5,5,24,6,0,0,CONTINUE,0,A,1,1,0,KEEP_STRUCTURAL_IN_ON_CUT,2,3,0,0,"tail_cont_enabled=1 tail_active_dims=(1,) tail_delta=0.1 tail_start=(6, 6, 6) returned_y=(0, 4, 3) returned_b=(0, 0, 0) returned_u=(0, 0, 0) returned_zcap=(0, 4, 3) max_tail_u=0",NA
120,P1_no_rho,89,803.6542565000709,5.68939740001224,6.846619100077078,0.1574041999410838,0.01,62968.13512870111,62968.13512870111,-72582.6269690783,-52250.01265441138,0.0,-25123.30705274422,-77448.77247572532,-77448.75703579781,-58314.14165099835,-25123.30705274422,33190.83459825412,33190.83459825412,-23350.156810670316,38461.5,nan,nan,1.5000000000000002,10.0,0.0,0.0,10.0,0.85,CORE,MAIN,1.21514669990415,0.26271741240633506,0.6,0.174,-58314.14165099835,STRUCTURAL,-0.9377100082788846,-208760.76534009964,30000.0,0,0,0,0,0,0,0,inf,inf,NA,1,5,5,5,24,6,0,0,CONTINUE,0,A,1,1,0,KEEP_STRUCTURAL_IN_ON_CUT,2,3,0,0,"tail_cont_enabled=1 tail_active_dims=(1,) tail_delta=0.1 tail_start=(6, 6, 6) returned_y=(0, 4, 3) returned_b=(0, 0, 0) returned_u=(0, 0, 0) returned_zcap=(0, 4, 3) max_tail_u=0",NA
120,P1_no_rho,90,821.7001338000409,5.68939740001224,18.045221299980767,0.1569943999638781,0.01,61661.91141654448,61661.91141654448,-72582.6269690783,-52445.94621123487,0.0,-25123.30705274422,-75641.94817189754,-75641.93304820954,-58314.14165099835,-25123.30705274422,33190.83459825412,33190.83459825412,-22988.13742432852,37994.5,nan,nan,1.5000000000000002,10.0,0.0,0.0,10.0,0.85,CORE,MAIN,1.2151145116963669,0.26588143661533026,0.6,0.174,-58314.14165099835,STRUCTURAL,-0.9238845205469388,-208760.76534009964,30000.0,0,0,0,0,0,0,0,inf,inf,NA,1,5,5,5,24,6,0,0,CONTINUE,0,A,1,1,0,KEEP_STRUCTURAL_IN_ON_CUT,2,3,0,0,"tail_cont_enabled=1 tail_active_dims=(1,) tail_delta=0.1 tail_start=(6, 6, 6) returned_y=(0, 4, 3) returned_b=(0, 0, 0) returned_u=(0, 0, 0) returned_zcap=(0, 4, 3) max_tail_u=0",NA
120,P1_no_rho,91,829.1418654000154,5.68939740001224,7.441236299928278,0.1618508999235928,0.01,55356.87531825961,55356.87531825961,-72582.6269690783,-53391.70162597761,0.0,-25123.30705274422,-77807.62955845024,-77807.61416040028,-58314.14165099835,-25123.30705274422,33190.83459825412,33190.83459825412,-24657.833134998218,38356.0,nan,nan,1.5000000000000002,10.0,0.0,0.0,10.0,0.85,CORE,MAIN,1.2149872256376253,0.2506522518476523,0.6,0.174,-58314.14165099835,STRUCTURAL,-0.9237977721938693,-208760.76534009964,30000.0,0,0,0,0,0,0,0,inf,inf,NA,1,5,5,5,24,6,0,0,CONTINUE,0,A,1,1,0,KEEP_STRUCTURAL_IN_ON_CUT,2,3,0,0,"tail_cont_enabled=1 tail_active_dims=(1,) tail_delta=0.1 tail_start=(6, 6, 6) returned_y=(0, 4, 3) returned_b=(0, 0, 0) returned_u=(0, 0, 0) returned_zcap=(0, 4, 3) max_tail_u=0",NA
120,P1_no_rho,92,836.449911700096,5.68939740001224,7.307413100032136,0.14908999996259809,0.01,46165.29679123167,46165.29679123167,-72582.6269690783,-54770.4384050318,0.0,-25123.30705274422,-77559.16586519367,-77559.15078241567,-58314.14165099835,-25123.30705274422,33190.83459825412,33190.83459825412,-24372.460737285895,39032.0,nan,nan,1.5000000000000002,10.0,0.0,0.0,10.0,0.85,CORE,MAIN,1.2148955098868695,0.24538227559439074,0.6,0.174,-58314.14165099835,STRUCTURAL,-0.9084288113194261,-208760.76534009964,30000.0,0,0,0,0,0,0,0,inf,inf,NA,1,5,5,5,24,6,0,0,CONTINUE,0,A,1,1,0,KEEP_STRUCTURAL_IN_ON_CUT,2,3,0,0,"tail_cont_enabled=1 tail_active_dims=(1,) tail_delta=0.1 tail_start=(6, 6, 6) returned_y=(0, 4, 3) returned_b=(0, 0, 0) returned_u=(0, 0, 0) returned_zcap=(0, 4, 3) max_tail_u=0",NA
120,P1_no_rho,93,844.1442005001009,5.68939740001224,7.693476000102237,0.16363389999605715,0.01,52419.59350078196,52419.59350078196,-72582.6269690783,-53832.29389859925,0.0,-25123.30705274422,-77926.55641260596,-77926.54102419812,-58314.14165099835,-25123.30705274422,33190.83459825412,33190.83459825412,-23627.131464845534,38816.5,nan,nan,1.5000000000000002,10.0,0.0,0.0,10.0,0.85,CORE,MAIN,1.2148342346580778,0.247723674859335,0.6,0.174,-58314.14165099835,STRUCTURAL,-0.9325829575799394,-208760.76534009964,30000.0,0,0,0,0,0,0,0,inf,inf,NA,1,5,5,5,24,6,0,0,CONTINUE,0,A,1,1,0,KEEP_STRUCTURAL_IN_ON_CUT,2,3,0,0,"tail_cont_enabled=1 tail_active_dims=(1,) tail_delta=0.1 tail_start=(6, 6, 6) returned_y=(0, 4, 3) returned_b=(0, 0, 0) returned_u=(0, 0, 0) returned_zcap=(0, 4, 3) max_tail_u=0",NA
120,P1_no_rho,94,851.7375851999968,5.68939740001224,7.592791099916212,0.1502921999199316,0.01,48084.915107123605,48084.915107123605,-72582.6269690783,-54482.495657648,0.0,-25123.30705274422,-80285.75195792803,-80285.73619933282,-58314.14165099835,-25123.30705274422,33190.83459825412,33190.83459825412,-25074.082705036573,39014.5,nan,nan,1.5000000000000002,10.0,0.0,0.0,10.0,0.85,CORE,MAIN,1.2142564388716246,0.25831077524970236,0.6,0.174,-58314.14165099835,STRUCTURAL,-0.9434381831421007,-208760.76534009964,30000.0,0,0,0,0,0,0,0,inf,inf,NA,1,5,5,5,24,6,0,0,CONTINUE,0,A,1,1,0,KEEP_STRUCTURAL_IN_ON_CUT,2,3,0,0,"tail_cont_enabled=1 tail_active_dims=(1,) tail_delta=0.1 tail_start=(6, 6, 6) returned_y=(6, 2, 0) returned_b=(1, 0, 0) returned_u=(0, 0, 0) returned_zcap=(6, 2, 0) max_tail_u=0",NA
120,P1_no_rho,95,869.2469717001077,5.68939740001224,17.50875849998556,0.15963360003661364,0.01,56030.910103539,56030.910103539,-72582.6269690783,-53290.596408185695,0.0,-25123.30705274422,-77933.61703458881,-77933.601586325,-58314.14165099835,-25123.30705274422,33190.83459825412,33190.83459825412,-23727.210348736087,38836.5,nan,nan,1.5000000000000002,10.0,0.0,0.0,10.0,0.85,CORE,MAIN,1.2139782446299177,0.24838554452439798,0.6,0.174,-58314.14165099835,STRUCTURAL,-0.9305059456540269,-208760.76534009964,30000.0,0,0,0,0,0,0,0,inf,inf,NA,1,5,5,5,24,6,0,0,CONTINUE,0,A,1,1,0,KEEP_STRUCTURAL_IN_ON_CUT,2,3,0,0,"tail_cont_enabled=1 tail_active_dims=(1,) tail_delta=0.1 tail_start=(6, 6, 6) returned_y=(6, 2, 0) returned_b=(1, 0, 0) returned_u=(0, 0, 0) returned_zcap=(6, 2, 0) max_tail_u=0",NA
120,P1_no_rho,96,875.739982200088,5.68939740001224,6.492498900042847,0.15898269996978343,0.01,63489.575671250524,63489.575671250524,-72582.6269690783,-52171.796573028965,0.0,-25123.30705274422,-77690.99026866123,-77690.97476365867,-58314.14165099835,-25123.30705274422,33190.83459825412,33190.83459825412,-23499.093709608907,38648.5,nan,nan,1.5000000000000002,10.0,0.0,0.0,10.0,0.85,CORE,MAIN,1.2150406080809912,0.2626131835544636,0.6,0.174,-58314.14165099835,STRUCTURAL,-0.9347819631473363,-208760.76534009964,30000.0,0,0,0,0,0,0,0,inf,inf,NA,1,5,5,5,24,6,0,0,CONTINUE,0,A,1,1,0,KEEP_STRUCTURAL_IN_ON_CUT,2,3,0,0,"tail_cont_enabled=1 tail_active_dims=(1,) tail_delta=0.1 tail_start=(6, 6, 6) returned_y=(6, 2, 0) returned_b=(1, 0, 0) returned_u=(0, 0, 0) returned_zcap=(6, 2, 0) max_tail_u=0",NA
120,P1_no_rho,97,883.4736558001023,5.68939740001224,7.733273500110954,0.1528502000728622,0.01,60040.63246262078,60040.63246262078,-72582.6269690783,-52689.138054323426,0.0,-25123.30705274422,-75268.61943155444,-75268.60440505043,-58314.14165099835,-25123.30705274422,33190.83459825412,33190.83459825412,-23010.759053848138,37637.0,nan,nan,1.5000000000000002,10.0,0.0,0.0,10.0,0.85,CORE,MAIN,1.2147967782283269,0.26685612997279595,0.6,0.174,-58314.14165099835,STRUCTURAL,-0.9256466659794399,-208760.76534009964,30000.0,0,0,0,0,0,0,0,inf,inf,NA,1,5,5,5,24,6,0,0,CONTINUE,0,A,1,1,0,KEEP_STRUCTURAL_IN_ON_CUT,2,3,0,0,"tail_cont_enabled=1 tail_active_dims=(1,) tail_delta=0.1 tail_start=(6, 6, 6) returned_y=(6, 2, 0) returned_b=(1, 0, 0) returned_u=(0, 0, 0) returned_zcap=(6, 2, 0) max_tail_u=0",NA
120,P1_no_rho,98,890.8663485000143,5.68939740001224,7.392147099948488,0.156393300043419,0.01,56134.33787908592,56134.33787908592,-72582.6269690783,-53275.082241853655,0.0,-25123.30705274422,-78024.68141691253,-78024.66593627329,-58314.14165099835,-25123.30705274422,33190.83459825412,33190.83459825412,-24604.058764423873,38461.0,nan,nan,1.5000000000000002,10.0,0.0,0.0,10.0,0.85,CORE,MAIN,1.2144366627639602,0.24849449395616685,0.6,0.174,-58314.14165099835,STRUCTURAL,-0.9259701545608868,-208760.76534009964,30000.0,0,0,0,0,0,0,0,inf,inf,NA,1,5,5,5,24,6,0,0,CONTINUE,0,A,1,1,0,KEEP_STRUCTURAL_IN_ON_CUT,2,3,0,0,"tail_cont_enabled=1 tail_active_dims=(1,) tail_delta=0.1 tail_start=(6, 6, 6) returned_y=(0, 4, 3) returned_b=(0, 0, 0) returned_u=(0, 0, 0) returned_zcap=(0, 4, 3) max_tail_u=0",NA
120,P1_no_rho,99,898.1303771000821,5.68939740001224,7.263548400020227,0.1603039000183344,0.01,48411.23796979199,48411.23796979199,-72582.6269690783,-54433.54722824775,0.0,-25123.30705274422,-78620.96784953268,-78620.95252132326,-58314.14165099835,-25123.30705274422,33190.83459825412,33190.83459825412,-24478.264524177404,39243.0,nan,nan,1.5000000000000002,10.0,0.0,0.0,10.0,0.85,CORE,MAIN,1.2139933590661276,0.23932379649364333,0.6,0.174,-58314.14165099835,STRUCTURAL,-0.9197850656532517,-208760.76534009964,30000.0,0,0,0,0,0,0,0,inf,inf,NA,1,5,5,5,24,6,0,0,CONTINUE,0,A,1,1,0,KEEP_STRUCTURAL_IN_ON_CUT,2,3,0,0,"tail_cont_enabled=1 tail_active_dims=(1,) tail_delta=0.1 tail_start=(6, 6, 6) returned_y=(0, 4, 3) returned_b=(0, 0, 0) returned_u=(0, 0, 0) returned_zcap=(0, 4, 3) max_tail_u=0",NA
120,P1_no_rho,100,916.5295153000625,5.68939740001224,18.39865440002177,0.14910879998933524,0.01,52728.05851597051,52728.05851597051,-72582.6269690783,-53786.02414632097,0.0,-25123.30705274422,-77434.04727015516,-77434.03197022797,-58314.14165099835,-25123.30705274422,33190.83459825412,33190.83459825412,-23191.65252475335,38832.5,nan,nan,1.5000000000000002,10.0,0.0,0.0,10.0,0.85,CORE,MAIN,1.2139341688597285,0.24736280121530774,0.6,0.174,-58314.14165099835,STRUCTURAL,-0.9312196303864824,-208760.76534009964,30000.0,0,0,0,0,0,0,0,inf,inf,NA,1,5,5,5,24,6,0,0,CONTINUE,0,A,1,1,0,KEEP_STRUCTURAL_IN_ON_CUT,2,3,0,0,"tail_cont_enabled=1 tail_active_dims=(1,) tail_delta=0.1 tail_start=(6, 6, 6) returned_y=(0, 4, 3) returned_b=(0, 0, 0) returned_u=(0, 0, 0) returned_zcap=(0, 4, 3) max_tail_u=0",NA
120,P1_no_rho,101,923.7906840000069,5.68939740001224,7.2604188999393955,0.15264459990430623,0.01,46188.317729651666,46188.317729651666,-72582.6269690783,-54766.9852642688,0.0,-25123.30705274422,-80271.90169830497,-80271.88595137611,-58314.14165099835,-25123.30705274422,33190.83459825412,33190.83459825412,-25044.862831889044,39523.5,nan,nan,1.5000000000000002,10.0,0.0,0.0,10.0,0.85,CORE,MAIN,1.2133745783146004,0.2463605658062883,0.6,0.174,-58314.14165099835,STRUCTURAL,-0.9315474442544655,-208760.76534009964,30000.0,0,0,0,0,0,0,0,inf,inf,NA,1,5,5,5,24,6,0,0,CONTINUE,0,A,1,1,0,KEEP_STRUCTURAL_IN_ON_CUT,2,3,0,0,"tail_cont_enabled=1 tail_active_dims=(1,) tail_delta=0.1 tail_start=(6, 6, 6) returned_y=(0, 4, 3) returned_b=(0, 0, 0) returned_u=(0, 0, 0) returned_zcap=(0, 4, 3) max_tail_u=0",NA
120,P1_no_rho,102,930.9381417999975,5.68939740001224,7.146830099984072,0.16323509998619556,0.01,55579.990825822606,55579.990825822606,-72582.6269690783,-53358.234299843156,0.0,-25123.30705274422,-77834.39573090723,-77834.38032530052,-58314.14165099835,-25123.30705274422,33190.83459825412,33190.83459825412,-23700.75406784959,38662.5,nan,nan,1.5000000000000002,10.0,0.0,0.0,10.0,0.85,CORE,MAIN,1.213146652104631,0.23777264822176125,0.6,0.174,-58314.14165099835,STRUCTURAL,-0.9334389698450424,-208760.76534009964,30000.0,0,0,0,0,0,0,0,inf,inf,NA,1,5,5,5,24,6,0,0,CONTINUE,0,A,1,1,0,KEEP_STRUCTURAL_IN_ON_CUT,2,3,0,0,"tail_cont_enabled=1 tail_active_dims=(1,) tail_delta=0.1 tail_start=(6, 6, 6) returned_y=(2, 5, 0) returned_b=(0, 0, 0) returned_u=(0, 0, 0) returned_zcap=(2, 5, 0) max_tail_u=0",NA
120,P1_no_rho,103,937.5915215000277,5.68939740001224,6.652878999942914,0.1573885000543669,0.01,62961.36611749859,62961.36611749859,-72582.6269690783,-52251.02800609176,0.0,-25123.30705274422,-77512.28878144453,-77512.27334436077,-58314.14165099835,-25123.30705274422,33190.83459825412,33190.83459825412,-23675.583469399106,38613.0,nan,nan,1.5000000000000002,10.0,0.0,0.0,10.0,0.85,CORE,MAIN,1.2144268866408248,0.23594275357445793,0.6,0.174,-58314.14165099835,STRUCTURAL,-0.929508885176178,-208760.76534009964,30000.0,0,0,0,0,0,0,0,inf,inf,NA,1,5,5,5,24,6,0,0,CONTINUE,0,A,1,1,0,KEEP_STRUCTURAL_IN_ON_CUT,2,3,0,0,"tail_cont_enabled=1 tail_active_dims=(1,) tail_delta=0.1 tail_start=(6, 6, 6) returned_y=(6, 2, 0) returned_b=(1, 0, 0) returned_u=(0, 0, 0) returned_zcap=(6, 2, 0) max_tail_u=0",NA
120,P1_no_rho,104,944.9164790000068,5.68939740001224,7.324439399992116,0.15574020007625222,0.01,59181.902647645606,59181.902647645606,-72582.6269690783,-52817.947526569704,0.0,-25123.30705274422,-75385.1019558058,-75385.08690012424,-58314.14165099835,-25123.30705274422,33190.83459825412,33190.83459825412,-23126.96310941201,37624.0,nan,nan,1.5000000000000002,10.0,0.0,0.0,10.0,0.85,CORE,MAIN,1.2144588638510312,0.23242683775842288,0.6,0.174,-58314.14165099835,STRUCTURAL,-0.9259714329632187,-208760.76534009964,30000.0,0,0,0,0,0,0,0,inf,inf,NA,1,5,5,5,24,6,0,0,CONTINUE,0,A,1,1,0,KEEP_STRUCTURAL_IN_ON_CUT,2,3,0,0,"tail_cont_enabled=1 tail_active_dims=(1,) tail_delta=0.1 tail_start=(6, 6, 6) returned_y=(6, 2, 0) returned_b=(1, 0, 0) returned_u=(0, 0, 0) returned_zcap=(6, 2, 0) max_tail_u=0",NA
120,P1_no_rho,105,963.1629170000087,5.68939740001224,18.245759599958546,0.16112529998645186,0.01,56578.70303202225,56578.70303202225,-72582.6269690783,-53208.42746891321,0.0,-25123.30705274422,-78145.95208066564,-78145.9366379634,-58314.14165099835,-25123.30705274422,33190.83459825412,33190.83459825412,-24821.13854056853,38892.5,nan,nan,1.5000000000000002,10.0,0.0,0.0,10.0,0.85,CORE,MAIN,1.2143104205608,0.23819747788825252,0.6,0.174,-58314.14165099835,STRUCTURAL,-0.9140545194642478,-208760.76534009964,30000.0,0,0,0,0,0,0,0,inf,inf,NA,1,5,5,5,24,6,0,0,CONTINUE,0,A,1,1,0,KEEP_STRUCTURAL_IN_ON_CUT,2,3,0,0,"tail_cont_enabled=1 tail_active_dims=(1,) tail_delta=0.1 tail_start=(6, 6, 6) returned_y=(6, 2, 0) returned_b=(1, 0, 0) returned_u=(0, 0, 0) returned_zcap=(6, 2, 0) max_tail_u=0",NA
120,P1_no_rho,106,970.4733949000947,5.68939740001224,7.310009200009517,0.15956499997992069,0.01,47451.85166046993,47451.85166046993,-72582.6269690783,-54577.45517464606,0.0,-25123.30705274422,-78380.45788147156,-78380.44255801944,-58314.14165099835,-25123.30705274422,33190.83459825412,33190.83459825412,-24272.47846486756,38962.0,nan,nan,1.5000000000000002,10.0,0.0,0.0,10.0,0.85,CORE,MAIN,1.2140322605167984,0.258420650707588,0.6,0.174,-58314.14165099835,STRUCTURAL,-0.9258245485884001,-208760.76534009964,30000.0,0,0,0,0,0,0,0,inf,inf,NA,1,5,5,5,24,6,0,0,CONTINUE,0,A,1,1,0,KEEP_STRUCTURAL_IN_ON_CUT,2,3,0,0,"tail_cont_enabled=1 tail_active_dims=(1,) tail_delta=0.1 tail_start=(6, 6, 6) returned_y=(6, 2, 0) returned_b=(1, 0, 0) returned_u=(0, 0, 0) returned_zcap=(6, 2, 0) max_tail_u=0",NA
120,P1_no_rho,107,977.1263255000813,5.68939740001224,6.652234700042754,0.1583171000238508,0.01,55290.446245786356,55290.446245786356,-72582.6269690783,-53401.665986848595,0.0,-25123.30705274422,-77741.85013993776,-77741.83475758662,-58314.14165099835,-25123.30705274422,33190.83459825412,33190.83459825412,-23322.570389880475,39481.5,nan,nan,1.5000000000000002,10.0,0.0,0.0,10.0,0.85,CORE,MAIN,1.2140029976852709,0.23727558314183395,0.6,0.174,-58314.14165099835,STRUCTURAL,-0.9188989673257287,-208760.76534009964,30000.0,0,0,0,0,0,0,0,inf,inf,NA,1,5,5,5,24,6,0,0,CONTINUE,0,A,1,1,0,KEEP_STRUCTURAL_IN_ON_CUT,2,3,0,0,"tail_cont_enabled=1 tail_active_dims=(1,) tail_delta=0.1 tail_start=(6, 6, 6) returned_y=(2, 0, 6) returned_b=(0, 0, 1) returned_u=(0, 0, 0) returned_zcap=(2, 0, 6) max_tail_u=0",NA
120,P1_no_rho,108,985.1488684000215,5.68939740001224,8.022063000011258,0.15133000002242625,0.01,46583.267442251185,46583.267442251185,-72582.6269690783,-54707.74280737887,0.0,-25123.30705274422,-79899.36902958958,-79899.35339350623,-58314.14165099835,-25123.30705274422,33190.83459825412,33190.83459825412,-25092.053942017494,39755.5,nan,nan,1.5000000000000002,10.0,0.0,0.0,10.0,0.85,CORE,MAIN,1.2135474384614684,0.22218309437529848,0.6,0.174,-58314.14165099835,STRUCTURAL,-0.919072823491739,-208760.76534009964,30000.0,0,0,0,0,0,0,0,inf,inf,NA,1,5,5,5,24,6,0,0,CONTINUE,0,A,1,1,0,KEEP_STRUCTURAL_IN_ON_CUT,2,3,0,0,"tail_cont_enabled=1 tail_active_dims=(1,) tail_delta=0.1 tail_start=(6, 6, 6) returned_y=(2, 0, 6) returned_b=(0, 0, 1) returned_u=(0, 0, 0) returned_zcap=(2, 0, 6) max_tail_u=0",NA
120,P1_no_rho,109,992.5731755000306,5.68939740001224,7.423809599946253,0.15518770006019622,0.01,54079.0816068008,54079.0816068008,-72582.6269690783,-53583.370682696426,0.0,-25123.30705274422,-77805.47406552137,-77805.45864759819,-58314.14165099835,-25123.30705274422,33190.83459825412,33190.83459825412,-23584.437784435533,39103.5,nan,nan,1.5000000000000002,10.0,0.0,0.0,10.0,0.85,CORE,MAIN,1.2133659551539413,0.23834537312595128,0.6,0.174,-58314.14165099835,STRUCTURAL,-0.9244018372296199,-208760.76534009964,30000.0,0,0,0,0,0,0,0,inf,inf,NA,1,5,5,5,24,6,0,0,CONTINUE,0,A,1,1,0,KEEP_STRUCTURAL_IN_ON_CUT,2,3,0,0,"tail_cont_enabled=1 tail_active_dims=(1,) tail_delta=0.1 tail_start=(6, 6, 6) returned_y=(2, 0, 6) returned_b=(0, 0, 1) returned_u=(0, 0, 0) returned_zcap=(2, 0, 6) max_tail_u=0",NA
120,P1_no_rho,110,1010.4532916001044,5.68939740001224,17.879597300081514,0.1699932999908924,0.01,62857.9375169233,62857.9375169233,-72582.6269690783,-52266.54229617805,0.0,-25123.30705274422,-77567.54452447059,-77567.52905775925,-58314.14165099835,-25123.30705274422,33190.83459825412,33190.83459825412,-23779.93896978234,38957.5,nan,nan,1.5000000000000002,10.0,0.0,0.0,10.0,0.85,CORE,MAIN,1.2146681610405679,0.2607213641728031,0.6,0.174,-58314.14165099835,STRUCTURAL,-0.9204490378485426,-208760.76534009964,30000.0,0,0,0,0,0,0,0,inf,inf,NA,1,5,5,5,24,6,0,0,CONTINUE,0,A,1,1,0,KEEP_STRUCTURAL_IN_ON_CUT,2,3,0,0,"tail_cont_enabled=1 tail_active_dims=(1,) tail_delta=0.1 tail_start=(6, 6, 6) returned_y=(2, 0, 6) returned_b=(0, 0, 1) returned_u=(0, 0, 0) returned_zcap=(2, 0, 6) max_tail_u=0",NA
120,P1_no_rho,111,1018.4133642000379,5.68939740001224,7.959716400015168,0.16724809992592782,0.01,62633.61997014812,62633.61997014812,-72582.6269690783,-52300.189928194326,0.0,-25123.30705274422,-75955.96368498444,-75955.94851927648,-58314.14165099835,-25123.30705274422,33190.83459825412,33190.83459825412,-23250.060076458525,37724.5,nan,nan,1.5000000000000002,10.0,0.0,0.0,10.0,0.85,CORE,MAIN,1.2148938291278588,0.26329861336740756,0.6,0.174,-58314.14165099835,STRUCTURAL,-0.9314174862987884,-208760.76534009964,30000.0,0,0,0,0,0,0,0,inf,inf,NA,1,5,5,5,24,6,0,0,CONTINUE,0,A,1,1,0,KEEP_STRUCTURAL_IN_ON_CUT,2,3,0,0,"tail_cont_enabled=1 tail_active_dims=(1,) tail_delta=0.1 tail_start=(6, 6, 6) returned_y=(6, 2, 0) returned_b=(1, 0, 0) returned_u=(0, 0, 0) returned_zcap=(6, 2, 0) max_tail_u=0",NA
120,P1_no_rho,112,1025.591587800067,5.68939740001224,7.177792300004512,0.16090439993422478,0.01,55297.45589075408,55297.45589075408,-72582.6269690783,-53400.61454010343,0.0,-25123.30705274422,-76729.96495207814,-76729.94974748619,-58314.14165099835,-25123.30705274422,33190.83459825412,33190.83459825412,-24342.847744184524,38459.0,nan,nan,1.5000000000000002,10.0,0.0,0.0,10.0,0.85,CORE,MAIN,1.2151856232905582,0.2518640922790293,0.6,0.174,-58314.14165099835,STRUCTURAL,-0.908103036190951,-208760.76534009964,30000.0,0,0,0,0,0,0,0,inf,inf,NA,1,5,5,5,24,6,0,0,CONTINUE,0,A,1,1,0,KEEP_STRUCTURAL_IN_ON_CUT,2,3,0,0,"tail_cont_enabled=1 tail_active_dims=(1,) tail_delta=0.1 tail_start=(6, 6, 6) returned_y=(6, 2, 0) returned_b=(1, 0, 0) returned_u=(0, 0, 0) returned_zcap=(6, 2, 0) max_tail_u=0",NA
120,P1_no_rho,113,1032.7805863000685,5.68939740001224,7.188635500031523,0.15107060002628714,0.01,47589.49720994984,47589.49720994984,-72582.6269690783,-54556.80834222407,0.0,-25123.30705274422,-78290.36511643161,-78290.34983775365,-58314.14165099835,-25123.30705274422,33190.83459825412,33190.83459825412,-24348.860663226686,38620.0,nan,nan,1.5000000000000002,10.0,0.0,0.0,10.0,0.85,CORE,MAIN,1.2151526857165154,0.2453630961086205,0.6,0.174,-58314.14165099835,STRUCTURAL,-0.9311494765152245,-208760.76534009964,30000.0,0,0,0,0,0,0,0,inf,inf,NA,1,5,5,5,24,6,0,0,CONTINUE,0,A,1,1,0,KEEP_STRUCTURAL_IN_ON_CUT,2,3,0,0,"tail_cont_enabled=1 tail_active_dims=(1,) tail_delta=0.1 tail_start=(6, 6, 6) returned_y=(6, 2, 0) returned_b=(1, 0, 0) returned_u=(0, 0, 0) returned_zcap=(6, 2, 0) max_tail_u=0",NA
120,P1_no_rho,114,1039.5418227000628,5.68939740001224,6.760552300023846,0.15388760005589575,0.01,55803.037643022944,55803.037643022944,-72582.6269690783,-53324.7772772631,0.0,-25123.30705274422,-77739.75586782827,-77739.74049342517,-58314.14165099835,-25123.30705274422,33190.83459825412,33190.83459825412,-23282.056439897533,38775.0,nan,nan,1.5000000000000002,10.0,0.0,0.0,10.0,0.85,CORE,MAIN,1.2152190749767202,0.26175479129836865,0.6,0.174,-58314.14165099835,STRUCTURAL,-0.936302326301786,-208760.76534009964,30000.0,0,0,0,0,0,0,0,inf,inf,NA,1,5,5,5,24,6,0,0,CONTINUE,0,A,1,1,0,KEEP_STRUCTURAL_IN_ON_CUT,2,3,0,0,"tail_cont_enabled=1 tail_active_dims=(1,) tail_delta=0.1 tail_start=(6, 6, 6) returned_y=(6, 2, 0) returned_b=(1, 0, 0) returned_u=(0, 0, 0) returned_zcap=(6, 2, 0) max_tail_u=0",NA
120,P1_no_rho,115,1058.0032497000648,5.68939740001224,18.460924300015904,0.1814132999861613,0.01,45748.86032639642,45748.86032639642,-72582.6269690783,-54832.90387475708,0.0,-25123.30705274422,-79961.86900974289,-79961.85325739959,-58314.14165099835,-25123.30705274422,33190.83459825412,33190.83459825412,-24713.768938485213,38781.5,nan,nan,1.5000000000000002,10.0,0.0,0.0,10.0,0.85,CORE,MAIN,1.2147919876385371,0.22779360844968266,0.6,0.174,-58314.14165099835,STRUCTURAL,-0.9497326357312011,-208760.76534009964,30000.0,0,0,0,0,0,0,0,inf,inf,NA,1,5,5,5,24,6,0,0,CONTINUE,0,A,1,1,0,KEEP_STRUCTURAL_IN_ON_CUT,2,3,0,0,"tail_cont_enabled=1 tail_active_dims=(1,) tail_delta=0.1 tail_start=(6, 6, 6) returned_y=(6, 2, 0) returned_b=(1, 0, 0) returned_u=(0, 0, 0) returned_zcap=(6, 2, 0) max_tail_u=0",NA
120,P1_no_rho,116,1065.3500003000954,5.68939740001224,7.346052500070073,0.1574603000190109,0.01,55486.94245140019,55486.94245140019,-72582.6269690783,-53372.19155600652,0.0,-25123.30705274422,-78053.27633421359,-78053.26090754276,-58314.14165099835,-25123.30705274422,33190.83459825412,33190.83459825412,-23555.746509309134,38940.5,nan,nan,1.5000000000000002,10.0,0.0,0.0,10.0,0.85,CORE,MAIN,1.2145693680809386,0.2350679844059269,0.6,0.174,-58314.14165099835,STRUCTURAL,-0.9330048732165503,-208760.76534009964,30000.0,0,0,0,0,0,0,0,inf,inf,NA,1,5,5,5,24,6,0,0,CONTINUE,0,A,1,1,0,KEEP_STRUCTURAL_IN_ON_CUT,2,3,0,0,"tail_cont_enabled=1 tail_active_dims=(1,) tail_delta=0.1 tail_start=(6, 6, 6) returned_y=(6, 2, 0) returned_b=(1, 0, 0) returned_u=(0, 0, 0) returned_zcap=(6, 2, 0) max_tail_u=0",NA
120,P1_no_rho,117,1073.0336555000395,5.68939740001224,7.6831725999945775,0.1650760000338778,0.01,61563.69149432856,61563.69149432856,-72582.6269690783,-52460.67919956726,0.0,-25123.30705274422,-78211.9769811175,-78211.96140219277,-58314.14165099835,-25123.30705274422,33190.83459825412,33190.83459825412,-24019.937488013467,38734.5,nan,nan,1.5000000000000002,10.0,0.0,0.0,10.0,0.85,CORE,MAIN,1.214827902493288,0.2358565022293121,0.6,0.174,-58314.14165099835,STRUCTURAL,-0.9327089788892639,-208760.76534009964,30000.0,0,0,0,0,0,0,0,inf,inf,NA,1,5,5,5,24,6,0,0,CONTINUE,0,A,1,1,0,KEEP_STRUCTURAL_IN_ON_CUT,2,3,0,0,"tail_cont_enabled=1 tail_active_dims=(1,) tail_delta=0.1 tail_start=(6, 6, 6) returned_y=(6, 2, 0) returned_b=(1, 0, 0) returned_u=(0, 0, 0) returned_zcap=(6, 2, 0) max_tail_u=0",NA
120,P1_no_rho,118,1079.8122104000067,5.68939740001224,6.77821729995776,0.1619973999913782,0.01,59623.29139331747,59623.29139331747,-72582.6269690783,-52751.739214718924,0.0,-25123.30705274422,-76058.69647115313,-76058.68126317297,-58314.14165099835,-25123.30705274422,33190.83459825412,33190.83459825412,-23185.79535875831,37630.5,nan,nan,1.5000000000000002,10.0,0.0,0.0,10.0,0.85,CORE,MAIN,1.21493260118228,0.25333512973055705,0.6,0.174,-58314.14165099835,STRUCTURAL,-0.9367026907147956,-208760.76534009964,30000.0,0,0,0,0,0,0,0,inf,inf,NA,1,5,5,5,24,6,0,0,CONTINUE,0,A,1,1,0,KEEP_STRUCTURAL_IN_ON_CUT,2,3,0,0,"tail_cont_enabled=1 tail_active_dims=(1,) tail_delta=0.1 tail_start=(6, 6, 6) returned_y=(6, 2, 0) returned_b=(1, 0, 0) returned_u=(0, 0, 0) returned_zcap=(6, 2, 0) max_tail_u=0",NA
120,P1_no_rho,119,1087.4892319000792,5.68939740001224,7.676479500019923,0.1483001000015065,0.01,58168.20060681462,58168.20060681462,-72582.6269690783,-52970.00283269435,0.0,-25123.30705274422,-76891.06021264014,-76891.04500502438,-58314.14165099835,-25123.30705274422,33190.83459825412,33190.83459825412,-24407.237742047346,38481.5,nan,nan,1.5000000000000002,10.0,0.0,0.0,10.0,0.85,CORE,MAIN,1.2151423741658272,0.2522456318279871,0.6,0.174,-58314.14165099835,STRUCTURAL,-0.9092474264772604,-208760.76534009964,30000.0,0,0,0,0,0,0,0,inf,inf,NA,1,5,5,5,24,6,0,0,CONTINUE,0,A,1,1,0,KEEP_STRUCTURAL_IN_ON_CUT,2,3,0,0,"tail_cont_enabled=1 tail_active_dims=(1,) tail_delta=0.1 tail_start=(6, 6, 6) returned_y=(6, 2, 0) returned_b=(1, 0, 0) returned_u=(0, 0, 0) returned_zcap=(6, 2, 0) max_tail_u=0",NA
120,P1_no_rho,120,1105.087333100033,5.68939740001224,17.59746149997227,0.156236800015904,0.01,45998.644705080915,45998.644705080915,-72582.6269690783,-54795.43621795441,0.0,-25123.30705274422,-78291.73211363719,-78291.71681635724,-58314.14165099835,-25123.30705274422,33190.83459825412,33190.83459825412,-24362.074400389723,39674.5,nan,nan,1.5000000000000002,10.0,0.0,0.0,10.0,0.85,CORE,MAIN,1.2150870233917601,0.24979551831969482,0.6,0.174,-58314.14165099835,STRUCTURAL,-0.9062015890301912,-208760.76534009964,30000.0,0,0,0,0,0,0,0,inf,inf,NA,1,5,5,5,24,6,0,0,CONTINUE,0,A,1,1,0,KEEP_STRUCTURAL_IN_ON_CUT,2,3,0,0,"tail_cont_enabled=1 tail_active_dims=(1,) tail_delta=0.1 tail_start=(6, 6, 6) returned_y=(2, 0, 6) returned_b=(0, 0, 1) returned_u=(0, 0, 0) returned_zcap=(2, 0, 6) max_tail_u=0",NA
120,P1_no_rho,121,1111.935138800065,5.68939740001224,6.847212200053036,0.15403460001107305,0.01,55533.573103325274,55533.573103325274,-72582.6269690783,-53365.196958217755,0.0,-25123.30705274422,-78168.85457685952,-78168.8391142685,-58314.14165099835,-25123.30705274422,33190.83459825412,33190.83459825412,-23554.819337622845,39273.5,nan,nan,1.5000000000000002,10.0,0.0,0.0,10.0,0.85,CORE,MAIN,1.2150744419278137,0.25958032928032404,0.6,0.174,-58314.14165099835,STRUCTURAL,-0.9270716008953559,-208760.76534009964,30000.0,0,0,0,0,0,0,0,inf,inf,NA,1,5,5,5,24,6,0,0,CONTINUE,0,A,1,1,0,KEEP_STRUCTURAL_IN_ON_CUT,2,3,0,0,"tail_cont_enabled=1 tail_active_dims=(1,) tail_delta=0.1 tail_start=(6, 6, 6) returned_y=(2, 0, 6) returned_b=(0, 0, 1) returned_u=(0, 0, 0) returned_zcap=(2, 0, 6) max_tail_u=0",NA
120,P1_no_rho,122,1119.650453700102,5.68939740001224,7.714798900065944,0.15060739999171346,0.01,47445.107931725775,47445.107931725775,-72582.6269690783,-54578.46673395768,0.0,-25123.30705274422,-79935.11883199684,-79935.1030639693,-58314.14165099835,-25123.30705274422,33190.83459825412,33190.83459825412,-24431.567240470795,39664.5,nan,nan,1.5000000000000002,10.0,0.0,0.0,10.0,0.85,CORE,MAIN,1.2146551371999368,0.23736560228044212,0.6,0.174,-58314.14165099835,STRUCTURAL,-0.9328834906696333,-208760.76534009964,30000.0,0,0,0,0,0,0,0,inf,inf,NA,1,5,5,5,24,6,0,0,CONTINUE,0,A,1,1,0,KEEP_STRUCTURAL_IN_ON_CUT,2,3,0,0,"tail_cont_enabled=1 tail_active_dims=(1,) tail_delta=0.1 tail_start=(6, 6, 6) returned_y=(2, 0, 6) returned_b=(0, 0, 1) returned_u=(0, 0, 0) returned_zcap=(2, 0, 6) max_tail_u=0",NA
120,P1_no_rho,123,1126.7420176001033,5.68939740001224,7.0909690000116825,0.1599613999715075,0.01,54844.30402844842,54844.30402844842,-72582.6269690783,-53468.58731944928,0.0,-25123.30705274422,-77102.08904277878,-77102.0738096172,-58314.14165099835,-25123.30705274422,33190.83459825412,33190.83459825412,-23421.725427887228,38708.0,nan,nan,1.5000000000000002,10.0,0.0,0.0,10.0,0.85,CORE,MAIN,1.2146856037733365,0.23948951495120352,0.6,0.174,-58314.14165099835,STRUCTURAL,-0.9245349519777126,-208760.76534009964,30000.0,0,0,0,0,0,0,0,inf,inf,NA,1,5,5,5,24,6,0,0,CONTINUE,0,A,1,1,0,KEEP_STRUCTURAL_IN_ON_CUT,2,3,0,0,"tail_cont_enabled=1 tail_active_dims=(1,) tail_delta=0.1 tail_start=(6, 6, 6) returned_y=(0, 4, 3) returned_b=(0, 0, 0) returned_u=(0, 0, 0) returned_zcap=(0, 4, 3) max_tail_u=0",NA
120,P1_no_rho,124,1134.1976400000276,5.68939740001224,7.4548787999665365,0.1573853000300005,0.01,60469.446682329784,60469.446682329784,-72582.6269690783,-52624.81592136707,0.0,-25123.30705274422,-78858.74795849698,-78858.73227384377,-58314.14165099835,-25123.30705274422,33190.83459825412,33190.83459825412,-24259.217650031307,38977.5,nan,nan,1.5000000000000002,10.0,0.0,0.0,10.0,0.85,CORE,MAIN,1.2149661488271384,0.2610596476673237,0.6,0.174,-58314.14165099835,STRUCTURAL,-0.9338638038836498,-208760.76534009964,30000.0,0,0,0,0,0,0,0,inf,inf,NA,1,5,5,5,24,6,0,0,CONTINUE,0,A,1,1,0,KEEP_STRUCTURAL_IN_ON_CUT,2,3,0,0,"tail_cont_enabled=1 tail_active_dims=(1,) tail_delta=0.1 tail_start=(6, 6, 6) returned_y=(0, 4, 3) returned_b=(0, 0, 0) returned_u=(0, 0, 0) returned_zcap=(0, 4, 3) max_tail_u=0",NA
120,P1_no_rho,125,1152.2369927000254,5.68939740001224,18.038867100025527,0.15281239990144968,0.01,62097.5041447029,62097.5041447029,-72582.6269690783,-52380.60730201111,0.0,-25123.30705274422,-76280.70143075168,-76280.68615400264,-58314.14165099835,-25123.30705274422,33190.83459825412,33190.83459825412,-22969.392839368225,38159.0,nan,nan,1.5000000000000002,10.0,0.0,0.0,10.0,0.85,CORE,MAIN,1.2151060792212383,0.26059845693329886,0.6,0.174,-58314.14165099835,STRUCTURAL,-0.9313887211341042,-208760.76534009964,30000.0,0,0,0,0,0,0,0,inf,inf,NA,1,5,5,5,24,6,0,0,CONTINUE,0,A,1,1,0,KEEP_STRUCTURAL_IN_ON_CUT,2,3,0,0,"tail_cont_enabled=1 tail_active_dims=(1,) tail_delta=0.1 tail_start=(6, 6, 6) returned_y=(0, 4, 3) returned_b=(0, 0, 0) returned_u=(0, 0, 0) returned_zcap=(0, 4, 3) max_tail_u=0",NA
120,P1_no_rho,126,1159.1700764000416,5.68939740001224,6.932242700015195,0.17870770010631531,0.01,57781.050336374996,57781.050336374996,-72582.6269690783,-53028.0753732603,0.0,-25123.30705274422,-77119.80854408092,-77119.7933226534,-58314.14165099835,-25123.30705274422,33190.83459825412,33190.83459825412,-24482.73337965328,38091.0,nan,nan,1.5000000000000002,10.0,0.0,0.0,10.0,0.85,CORE,MAIN,1.2153132596600493,0.2619402778696457,0.6,0.174,-58314.14165099835,STRUCTURAL,-0.9212510381804999,-208760.76534009964,30000.0,0,0,0,0,0,0,0,inf,inf,NA,1,5,5,5,24,6,0,0,CONTINUE,0,A,1,1,0,KEEP_STRUCTURAL_IN_ON_CUT,2,3,0,0,"tail_cont_enabled=1 tail_active_dims=(1,) tail_delta=0.1 tail_start=(6, 6, 6) returned_y=(0, 4, 3) returned_b=(0, 0, 0) returned_u=(0, 0, 0) returned_zcap=(0, 4, 3) max_tail_u=0",NA
120,P1_no_rho,127,1166.8587628999958,5.68939740001224,7.688211899949238,0.16034900001250207,0.01,46115.73709981353,46115.73709981353,-72582.6269690783,-54777.87235874451,0.0,-25123.30705274422,-78308.48502269752,-78308.4697096872,-58314.14165099835,-25123.30705274422,33190.83459825412,33190.83459825412,-24487.489233142158,39130.0,nan,nan,1.5000000000000002,10.0,0.0,0.0,10.0,0.85,CORE,MAIN,1.2153009786571114,0.2563727244827255,0.6,0.174,-58314.14165099835,STRUCTURAL,-0.9169602261955027,-208760.76534009964,30000.0,0,0,0,0,0,0,0,inf,inf,NA,1,5,5,5,24,6,0,0,CONTINUE,0,A,1,1,0,KEEP_STRUCTURAL_IN_ON_CUT,2,3,0,0,"tail_cont_enabled=1 tail_active_dims=(1,) tail_delta=0.1 tail_start=(6, 6, 6) returned_y=(0, 4, 3) returned_b=(0, 0, 0) returned_u=(0, 0, 0) returned_zcap=(0, 4, 3) max_tail_u=0",NA
120,P1_no_rho,128,1174.7382852000883,5.68939740001224,7.878916100016795,0.1541778000537306,0.01,53362.360036782295,53362.360036782295,-72582.6269690783,-53690.8789181992,0.0,-25123.30705274422,-77414.2500476115,-77414.23475163036,-58314.14165099835,-25123.30705274422,33190.83459825412,33190.83459825412,-23579.325484684938,38801.5,nan,nan,1.5000000000000002,10.0,0.0,0.0,10.0,0.85,CORE,MAIN,1.215480346960957,0.23422453414396083,0.6,0.174,-58314.14165099835,STRUCTURAL,-0.92496268214623,-208760.76534009964,30000.0,0,0,0,0,0,0,0,inf,inf,NA,1,5,5,5,24,6,0,0,CONTINUE,0,A,1,1,0,KEEP_STRUCTURAL_IN_ON_CUT,2,3,0,0,"tail_cont_enabled=1 tail_active_dims=(1,) tail_delta=0.1 tail_start=(6, 6, 6) returned_y=(0, 4, 3) returned_b=(0, 0, 0) returned_u=(0, 0, 0) returned_zcap=(0, 4, 3) max_tail_u=0",NA
120,P1_no_rho,129,1181.619681000011,5.68939740001224,6.880758299957961,0.16075500007718801,0.01,46506.83751269032,46506.83751269032,-72582.6269690783,-54719.207296812994,0.0,-25123.30705274422,-78834.59782718863,-78834.58220746732,-58314.14165099835,-25123.30705274422,33190.83459825412,33190.83459825412,-23739.530173758372,39567.0,nan,nan,1.5000000000000002,10.0,0.0,0.0,10.0,0.85,CORE,MAIN,1.2153150351831319,0.2505940187064547,0.6,0.174,-58314.14165099835,STRUCTURAL,-0.9282997116066241,-208760.76534009964,30000.0,0,0,0,0,0,0,0,inf,inf,NA,1,5,5,5,24,6,0,0,CONTINUE,0,A,1,1,0,KEEP_STRUCTURAL_IN_ON_CUT,2,3,0,0,"tail_cont_enabled=1 tail_active_dims=(1,) tail_delta=0.1 tail_start=(6, 6, 6) returned_y=(0, 4, 3) returned_b=(0, 0, 0) returned_u=(0, 0, 0) returned_zcap=(0, 4, 3) max_tail_u=0",NA
120,P1_no_rho,130,1199.663040000014,5.68939740001224,18.042714799987152,0.1662769999820739,0.01,55832.759749672776,55832.759749672776,-72582.6269690783,-53320.31896126563,0.0,-25123.30705274422,-76960.85559434579,-76960.84036104014,-58314.14165099835,-25123.30705274422,33190.83459825412,33190.83459825412,-23425.7142604995,38161.0,nan,nan,1.5000000000000002,10.0,0.0,0.0,10.0,0.85,CORE,MAIN,1.2154816925115786,0.25123023730826455,0.6,0.174,-58314.14165099835,STRUCTURAL,-0.935250231048114,-208760.76534009964,30000.0,0,0,0,0,0,0,0,inf,inf,NA,1,5,5,5,24,6,0,0,CONTINUE,0,A,1,1,0,KEEP_STRUCTURAL_IN_ON_CUT,2,3,0,0,"tail_cont_enabled=1 tail_active_dims=(1,) tail_delta=0.1 tail_start=(6, 6, 6) returned_y=(2, 5, 0) returned_b=(0, 0, 0) returned_u=(0, 0, 0) returned_zcap=(2, 5, 0) max_tail_u=0",NA
120,P1_no_rho,131,1206.1959495000774,5.68939740001224,6.532251000055112,0.15748459997121245,0.01,58208.31758966407,58208.31758966407,-72582.6269690783,-52963.985285266936,0.0,-25123.30705274422,-78617.45946861363,-78617.44384048274,-58314.14165099835,-25123.30705274422,33190.83459825412,33190.83459825412,-24349.388882249477,39010.5,nan,nan,1.5000000000000002,10.0,0.0,0.0,10.0,0.85,CORE,MAIN,1.215751464594102,0.26093691809222275,0.6,0.174,-58314.14165099835,STRUCTURAL,-0.9274093719764893,-208760.76534009964,30000.0,0,0,0,0,0,0,0,inf,inf,NA,1,5,5,5,24,6,0,0,CONTINUE,0,A,1,1,0,KEEP_STRUCTURAL_IN_ON_CUT,2,3,0,0,"tail_cont_enabled=1 tail_active_dims=(1,) tail_delta=0.1 tail_start=(6, 6, 6) returned_y=(2, 5, 0) returned_b=(0, 0, 0) returned_u=(0, 0, 0) returned_zcap=(2, 5, 0) max_tail_u=0",NA
120,P1_no_rho,132,1213.2465920000104,5.68939740001224,7.050184099934995,0.14960010000504553,0.01,60493.653494757134,60493.653494757134,-72582.6269690783,-52621.18489950297,0.0,-25123.30705274422,-76405.60208465988,-76405.58692193442,-58314.14165099835,-25123.30705274422,33190.83459825412,33190.83459825412,-23256.7198412854,37756.0,nan,nan,1.5000000000000002,10.0,0.0,0.0,10.0,0.85,CORE,MAIN,1.2158561308430882,0.2649148567992228,0.6,0.174,-58314.14165099835,STRUCTURAL,-0.9384621796208814,-208760.76534009964,30000.0,0,0,0,0,0,0,0,inf,inf,NA,1,5,5,5,24,6,0,0,CONTINUE,0,A,1,1,0,KEEP_STRUCTURAL_IN_ON_CUT,2,3,0,0,"tail_cont_enabled=1 tail_active_dims=(1,) tail_delta=0.1 tail_start=(6, 6, 6) returned_y=(2, 5, 0) returned_b=(0, 0, 0) returned_u=(0, 0, 0) returned_zcap=(2, 5, 0) max_tail_u=0",NA
120,P1_no_rho,133,1220.478938400047,5.68939740001224,7.231680299970321,0.15762730001006275,0.01,57127.07838791701,57127.07838791701,-72582.6269690783,-53126.171165529,0.0,-25123.30705274422,-76874.08530286876,-76874.07007942794,-58314.14165099835,-25123.30705274422,33190.83459825412,33190.83459825412,-24387.074894324025,37920.0,nan,nan,1.5000000000000002,10.0,0.0,0.0,10.0,0.85,CORE,MAIN,1.2160667086639698,0.2558608765825877,0.6,0.174,-58314.14165099835,STRUCTURAL,-0.9227671446044994,-208760.76534009964,30000.0,0,0,0,0,0,0,0,inf,inf,NA,1,5,5,5,24,6,0,0,CONTINUE,0,A,1,1,0,KEEP_STRUCTURAL_IN_ON_CUT,2,3,0,0,"tail_cont_enabled=1 tail_active_dims=(1,) tail_delta=0.1 tail_start=(6, 6, 6) returned_y=(0, 4, 3) returned_b=(0, 0, 0) returned_u=(0, 0, 0) returned_zcap=(0, 4, 3) max_tail_u=0",NA
120,P1_no_rho,134,1228.4544461000478,5.68939740001224,7.974999599973671,0.1617910999339074,0.01,44934.31380447245,44934.31380447245,-72582.6269690783,-54955.085853045675,0.0,-25123.30705274422,-78219.63527977088,-78219.61997505119,-58314.14165099835,-25123.30705274422,33190.83459825412,33190.83459825412,-24219.96318659447,39127.5,nan,nan,1.5000000000000002,10.0,0.0,0.0,10.0,0.85,CORE,MAIN,1.2160022699112893,0.2286339681916424,0.6,0.174,-58314.14165099835,STRUCTURAL,-0.9200631574290327,-208760.76534009964,30000.0,0,0,0,0,0,0,0,inf,inf,NA,1,5,5,5,24,6,0,0,CONTINUE,0,A,1,1,0,KEEP_STRUCTURAL_IN_ON_CUT,2,3,0,0,"tail_cont_enabled=1 tail_active_dims=(1,) tail_delta=0.1 tail_start=(6, 6, 6) returned_y=(0, 4, 3) returned_b=(0, 0, 0) returned_u=(0, 0, 0) returned_zcap=(0, 4, 3) max_tail_u=0",NA
120,P1_no_rho,135,1246.171453100047,5.68939740001224,17.716040599974804,0.15040060004685074,0.01,52150.401159804744,52150.401159804744,-72582.6269690783,-53872.672749745834,0.0,-25123.30705274422,-78126.99832836415,-78126.9829083477,-58314.14165099835,-25123.30705274422,33190.83459825412,33190.83459825412,-23785.922113323817,38715.0,nan,nan,1.5000000000000002,10.0,0.0,0.0,10.0,0.85,CORE,MAIN,1.215925042000318,0.24215879190655665,0.6,0.174,-58314.14165099835,STRUCTURAL,-0.9357451598437103,-208760.76534009964,30000.0,0,0,0,0,0,0,0,inf,inf,NA,1,5,5,5,24,6,0,0,CONTINUE,0,A,1,1,0,KEEP_STRUCTURAL_IN_ON_CUT,2,3,0,0,"tail_cont_enabled=1 tail_active_dims=(1,) tail_delta=0.1 tail_start=(6, 6, 6) returned_y=(0, 4, 3) returned_b=(0, 0, 0) returned_u=(0, 0, 0) returned_zcap=(0, 4, 3) max_tail_u=0",NA
120,P1_no_rho,136,1253.3787443001056,5.68939740001224,7.206551800016314,0.15553500002715737,0.01,51775.74707481766,51775.74707481766,-72582.6269690783,-53928.870862493895,0.0,-25123.30705274422,-79187.63724379356,-79187.62155411347,-58314.14165099835,-25123.30705274422,33190.83459825412,33190.83459825412,-23918.737026175048,39823.5,nan,nan,1.5000000000000002,10.0,0.0,0.0,10.0,0.85,CORE,MAIN,1.2155536766814612,0.24523470572029982,0.6,0.174,-58314.14165099835,STRUCTURAL,-0.9252306557340672,-208760.76534009964,30000.0,0,0,0,0,0,0,0,inf,inf,NA,1,5,5,5,24,6,0,0,CONTINUE,0,A,1,1,0,KEEP_STRUCTURAL_IN_ON_CUT,2,3,0,0,"tail_cont_enabled=1 tail_active_dims=(1,) tail_delta=0.1 tail_start=(6, 6, 6) returned_y=(0, 4, 3) returned_b=(0, 0, 0) returned_u=(0, 0, 0) returned_zcap=(0, 4, 3) max_tail_u=0",NA
120,P1_no_rho,137,1261.128499600105,5.68939740001224,7.749153399956413,0.1574779999209568,0.01,56888.84471826889,56888.84471826889,-72582.6269690783,-53161.90621597621,0.0,-25123.30705274422,-77030.21576993524,-77030.20048210688,-58314.14165099835,-25123.30705274422,33190.83459825412,33190.83459825412,-23383.325159414042,38474.5,nan,nan,1.5000000000000002,10.0,0.0,0.0,10.0,0.85,CORE,MAIN,1.2156022705728904,0.26357668357084496,0.6,0.174,-58314.14165099835,STRUCTURAL,-0.9295659085488277,-208760.76534009964,30000.0,0,0,0,0,0,0,0,inf,inf,NA,1,5,5,5,24,6,0,0,CONTINUE,0,A,1,1,0,KEEP_STRUCTURAL_IN_ON_CUT,2,3,0,0,"tail_cont_enabled=1 tail_active_dims=(1,) tail_delta=0.1 tail_start=(6, 6, 6) returned_y=(0, 4, 3) returned_b=(0, 0, 0) returned_u=(0, 0, 0) returned_zcap=(0, 4, 3) max_tail_u=0",NA
120,P1_no_rho,138,1268.190226900042,5.68939740001224,7.061296300031245,0.15767480002250522,0.01,56870.088417692656,56870.088417692656,-72582.6269690783,-53164.71966106265,0.0,-25123.30705274422,-78259.19761610404,-78259.18197310556,-58314.14165099835,-25123.30705274422,33190.83459825412,33190.83459825412,-24305.630582297366,38957.0,nan,nan,1.5000000000000002,10.0,0.0,0.0,10.0,0.85,CORE,MAIN,1.2157634789897571,0.23370863501710737,0.6,0.174,-58314.14165099835,STRUCTURAL,-0.9233009282167206,-208760.76534009964,30000.0,0,0,0,0,0,0,0,inf,inf,NA,1,5,5,5,24,6,0,0,CONTINUE,0,A,1,1,0,KEEP_STRUCTURAL_IN_ON_CUT,2,3,0,0,"tail_cont_enabled=1 tail_active_dims=(1,) tail_delta=0.1 tail_start=(6, 6, 6) returned_y=(0, 4, 3) returned_b=(0, 0, 0) returned_u=(0, 0, 0) returned_zcap=(0, 4, 3) max_tail_u=0",NA
120,P1_no_rho,139,1275.433030000073,5.68939740001224,7.242254900047556,0.16486650006845593,0.01,59464.056184233144,59464.056184233144,-72582.6269690783,-52775.624496081575,0.0,-25123.30705274422,-76347.66257249205,-76347.64738640116,-58314.14165099835,-25123.30705274422,33190.83459825412,33190.83459825412,-23475.570736880956,38293.0,nan,nan,1.5000000000000002,10.0,0.0,0.0,10.0,0.85,CORE,MAIN,1.2158077741883555,0.24570367778883606,0.6,0.174,-58314.14165099835,STRUCTURAL,-0.9204828845919653,-208760.76534009964,30000.0,0,0,0,0,0,0,0,inf,inf,NA,1,5,5,5,24,6,0,0,CONTINUE,0,A,1,1,0,KEEP_STRUCTURAL_IN_ON_CUT,2,3,0,0,"tail_cont_enabled=1 tail_active_dims=(1,) tail_delta=0.1 tail_start=(6, 6, 6) returned_y=(0, 4, 3) returned_b=(0, 0, 0) returned_u=(0, 0, 0) returned_zcap=(0, 4, 3) max_tail_u=0",NA
120,P1_no_rho,140,1293.7887181000551,5.68939740001224,18.35458040004596,0.1594139999942854,0.01,58435.78934623466,58435.78934623466,-72582.6269690783,-52929.86452178135,0.0,-25123.30705274422,-77043.71879530349,-77043.70348468094,-58314.14165099835,-25123.30705274422,33190.83459825412,33190.83459825412,-23788.257258476297,38006.0,nan,nan,1.5000000000000002,10.0,0.0,0.0,10.0,0.85,CORE,MAIN,1.2159367126433027,0.248870376593893,0.6,0.174,-58314.14165099835,STRUCTURAL,-0.934158575421506,-208760.76534009964,30000.0,0,0,0,0,0,0,0,inf,inf,NA,1,5,5,5,24,6,0,0,CONTINUE,0,A,1,1,0,KEEP_STRUCTURAL_IN_ON_CUT,2,3,0,0,"tail_cont_enabled=1 tail_active_dims=(1,) tail_delta=0.1 tail_start=(6, 6, 6) returned_y=(0, 4, 3) returned_b=(0, 0, 0) returned_u=(0, 0, 0) returned_zcap=(0, 4, 3) max_tail_u=0",NA
120,P1_no_rho,141,1300.9295183001086,5.68939740001224,7.138878799974918,0.160794600029476,0.01,43876.99062010566,43876.99062010566,-72582.6269690783,-55113.6843307007,0.0,-25123.30705274422,-78502.75716734889,-78502.74186457819,-58314.14165099835,-25123.30705274422,33190.83459825412,33190.83459825412,-24563.17169675422,39139.0,nan,nan,1.5000000000000002,10.0,0.0,0.0,10.0,0.85,CORE,MAIN,1.2158098549982541,0.24981472582151487,0.6,0.174,-58314.14165099835,STRUCTURAL,-0.918769346309716,-208760.76534009964,30000.0,0,0,0,0,0,0,0,inf,inf,NA,1,5,5,5,24,6,0,0,CONTINUE,0,A,1,1,0,KEEP_STRUCTURAL_IN_ON_CUT,2,3,0,0,"tail_cont_enabled=1 tail_active_dims=(1,) tail_delta=0.1 tail_start=(6, 6, 6) returned_y=(0, 4, 3) returned_b=(0, 0, 0) returned_u=(0, 0, 0) returned_zcap=(0, 4, 3) max_tail_u=0",NA
120,P1_no_rho,142,1308.2888800000073,5.68939740001224,7.358959299977869,0.17622370005119592,0.01,52317.399741515495,52317.399741515495,-72582.6269690783,-53847.62296248922,0.0,-25123.30705274422,-77933.22412785582,-77933.20875771064,-58314.14165099835,-25123.30705274422,33190.83459825412,33190.83459825412,-23749.099391872798,38583.5,nan,nan,1.5000000000000002,10.0,0.0,0.0,10.0,0.85,CORE,MAIN,1.2157705054744248,0.2437659588005464,0.6,0.174,-58314.14165099835,STRUCTURAL,-0.9362224675632126,-208760.76534009964,30000.0,0,0,0,0,0,0,0,inf,inf,NA,1,5,5,5,24,6,0,0,CONTINUE,0,A,1,1,0,KEEP_STRUCTURAL_IN_ON_CUT,2,3,0,0,"tail_cont_enabled=1 tail_active_dims=(1,) tail_delta=0.1 tail_start=(6, 6, 6) returned_y=(0, 4, 3) returned_b=(0, 0, 0) returned_u=(0, 0, 0) returned_zcap=(0, 4, 3) max_tail_u=0",NA
120,P1_no_rho,143,1316.0902438000776,5.68939740001224,7.8006823000032455,0.16661960002966225,0.01,50891.27823288444,50891.27823288444,-72582.6269690783,-54061.54118878388,0.0,-25123.30705274422,-79518.75198357174,-79518.7363087997,-58314.14165099835,-25123.30705274422,33190.83459825412,33190.83459825412,-23880.68844650795,39800.5,nan,nan,1.5000000000000002,10.0,0.0,0.0,10.0,0.85,CORE,MAIN,1.215357327896422,0.2386656620809232,0.6,0.174,-58314.14165099835,STRUCTURAL,-0.931948892807741,-208760.76534009964,30000.0,0,0,0,0,0,0,0,inf,inf,NA,1,5,5,5,24,6,0,0,CONTINUE,0,A,1,1,0,KEEP_STRUCTURAL_IN_ON_CUT,2,3,0,0,"tail_cont_enabled=1 tail_active_dims=(1,) tail_delta=0.1 tail_start=(6, 6, 6) returned_y=(0, 4, 3) returned_b=(0, 0, 0) returned_u=(0, 0, 0) returned_zcap=(0, 4, 3) max_tail_u=0",NA
120,P1_no_rho,144,1323.0981492000865,5.68939740001224,7.00745040003676,0.1506621999433264,0.01,56596.267854899466,56596.267854899466,-72582.6269690783,-53205.79274548162,0.0,-25123.30705274422,-76840.48180627359,-76840.46666764696,-58314.14165099835,-25123.30705274422,33190.83459825412,33190.83459825412,-23555.657996663977,38574.5,nan,nan,1.5000000000000002,10.0,0.0,0.0,10.0,0.85,CORE,MAIN,1.2154203734946005,0.2452326245407549,0.6,0.174,-58314.14165099835,STRUCTURAL,-0.920898670900603,-208760.76534009964,30000.0,0,0,0,0,0,0,0,inf,inf,NA,1,5,5,5,24,6,0,0,CONTINUE,0,A,1,1,0,KEEP_STRUCTURAL_IN_ON_CUT,2,3,0,0,"tail_cont_enabled=1 tail_active_dims=(1,) tail_delta=0.1 tail_start=(6, 6, 6) returned_y=(6, 2, 0) returned_b=(1, 0, 0) returned_u=(0, 0, 0) returned_zcap=(6, 2, 0) max_tail_u=0",NA
120,P1_no_rho,145,1340.8152237000177,5.68939740001224,17.716588499955833,0.15042530000209808,0.01,58763.80272198502,58763.80272198502,-72582.6269690783,-52880.66251541879,0.0,-25123.30705274422,-78442.76356804858,-78442.74790636158,-58314.14165099835,-25123.30705274422,33190.83459825412,33190.83459825412,-24230.08857249245,39207.5,nan,nan,1.5000000000000002,10.0,0.0,0.0,10.0,0.85,CORE,MAIN,1.2155665381201988,0.2511229747629029,0.6,0.174,-58314.14165099835,STRUCTURAL,-0.9218076360197942,-208760.76534009964,30000.0,0,0,0,0,0,0,0,inf,inf,NA,1,5,5,5,24,6,0,0,CONTINUE,0,A,1,1,0,KEEP_STRUCTURAL_IN_ON_CUT,2,3,0,0,"tail_cont_enabled=1 tail_active_dims=(1,) tail_delta=0.1 tail_start=(6, 6, 6) returned_y=(6, 2, 0) returned_b=(1, 0, 0) returned_u=(0, 0, 0) returned_zcap=(6, 2, 0) max_tail_u=0",NA
120,P1_no_rho,146,1347.4907768000849,5.68939740001224,6.674828500021249,0.16024330002255738,0.01,59005.53973923754,59005.53973923754,-72582.6269690783,-52844.40196283092,0.0,-25123.30705274422,-76863.43066558187,-76863.41534680733,-58314.14165099835,-25123.30705274422,33190.83459825412,33190.83459825412,-23553.067021472034,38054.5,nan,nan,1.5000000000000002,10.0,0.0,0.0,10.0,0.85,CORE,MAIN,1.2158608722426056,0.2533173551139929,0.6,0.174,-58314.14165099835,STRUCTURAL,-0.9339298168913056,-208760.76534009964,30000.0,0,0,0,0,0,0,0,inf,inf,NA,1,5,5,5,24,6,0,0,CONTINUE,0,A,1,1,0,KEEP_STRUCTURAL_IN_ON_CUT,2,3,0,0,"tail_cont_enabled=1 tail_active_dims=(1,) tail_delta=0.1 tail_start=(6, 6, 6) returned_y=(6, 2, 0) returned_b=(1, 0, 0) returned_u=(0, 0, 0) returned_zcap=(6, 2, 0) max_tail_u=0",NA
120,P1_no_rho,147,1355.3036985000363,5.68939740001224,7.812238899990916,0.16005239996593446,0.01,60926.20447903942,60926.20447903942,-72582.6269690783,-52556.30225186063,0.0,-25123.30705274422,-77352.43182995936,-77352.41645649218,-58314.14165099835,-25123.30705274422,33190.83459825412,33190.83459825412,-23787.910314440967,38310.0,nan,nan,1.5000000000000002,10.0,0.0,0.0,10.0,0.85,CORE,MAIN,1.216145445645334,0.2630556078406845,0.6,0.174,-58314.14165099835,STRUCTURAL,-0.9321240083886054,-208760.76534009964,30000.0,0,0,0,0,0,0,0,inf,inf,NA,1,5,5,5,24,6,0,0,CONTINUE,0,A,1,1,0,KEEP_STRUCTURAL_IN_ON_CUT,2,3,0,0,"tail_cont_enabled=1 tail_active_dims=(1,) tail_delta=0.1 tail_start=(6, 6, 6) returned_y=(6, 2, 0) returned_b=(1, 0, 0) returned_u=(0, 0, 0) returned_zcap=(6, 2, 0) max_tail_u=0",NA
120,P1_no_rho,148,1363.0868761000456,5.68939740001224,7.782612600014545,0.1541810999624431,0.01,43680.35410336436,43680.35410336436,-72582.6269690783,-55143.17980821189,0.0,-25123.30705274422,-77785.30915936091,-77785.29381776645,-58314.14165099835,-25123.30705274422,33190.83459825412,33190.83459825412,-24499.40869261464,38610.0,nan,nan,1.5000000000000002,10.0,0.0,0.0,10.0,0.85,CORE,MAIN,1.2162956250962074,0.24643652482820577,0.6,0.174,-58314.14165099835,STRUCTURAL,-0.9200705365648245,-208760.76534009964,30000.0,0,0,0,0,0,0,0,inf,inf,NA,1,5,5,5,24,6,0,0,CONTINUE,0,A,1,1,0,KEEP_STRUCTURAL_IN_ON_CUT,2,3,0,0,"tail_cont_enabled=1 tail_active_dims=(1,) tail_delta=0.1 tail_start=(6, 6, 6) returned_y=(6, 2, 0) returned_b=(1, 0, 0) returned_u=(0, 0, 0) returned_zcap=(6, 2, 0) max_tail_u=0",NA
120,P1_no_rho,149,1370.8865362000652,5.68939740001224,7.799068200052716,0.1632701000198722,0.01,51833.25709869527,51833.25709869527,-72582.6269690783,-53920.244358912256,0.0,-25123.30705274422,-76949.16343118044,-76949.14819575538,-58314.14165099835,-25123.30705274422,33190.83459825412,33190.83459825412,-23336.920392432396,38518.0,nan,nan,1.5000000000000002,10.0,0.0,0.0,10.0,0.85,CORE,MAIN,1.216626355994793,0.23315806589391208,0.6,0.174,-58314.14165099835,STRUCTURAL,-0.927916433932585,-208760.76534009964,30000.0,0,0,0,0,0,0,0,inf,inf,NA,1,5,5,5,24,6,0,0,CONTINUE,0,A,1,1,0,KEEP_STRUCTURAL_IN_ON_CUT,2,3,0,0,"tail_cont_enabled=1 tail_active_dims=(1,) tail_delta=0.1 tail_start=(6, 6, 6) returned_y=(6, 2, 0) returned_b=(1, 0, 0) returned_u=(0, 0, 0) returned_zcap=(6, 2, 0) max_tail_u=0",NA
120,P1_no_rho,150,1388.4378400000278,5.68939740001224,17.550949499942362,0.16733430000022054,0.01,49694.21339053614,49694.21339053614,-72582.6269690783,-54241.10091513612,0.0,-25123.30705274422,-79327.29425575372,-79327.27864317084,-58314.14165099835,-25123.30705274422,33190.83459825412,33190.83459825412,-24216.54270582023,38814.0,nan,nan,1.5000000000000002,10.0,0.0,0.0,10.0,0.85,CORE,MAIN,1.2164241867825627,0.23154796663309163,0.6,0.174,-58314.14165099835,STRUCTURAL,-0.9465783125908279,-208760.76534009964,30000.0,0,0,0,0,0,0,0,inf,inf,NA,1,5,5,5,24,6,0,0,CONTINUE,0,A,1,1,0,KEEP_STRUCTURAL_IN_ON_CUT,2,3,0,0,"tail_cont_enabled=1 tail_active_dims=(1,) tail_delta=0.1 tail_start=(6, 6, 6) returned_y=(6, 2, 0) returned_b=(1, 0, 0) returned_u=(0, 0, 0) returned_zcap=(6, 2, 0) max_tail_u=0",NA
120,P1_no_rho,151,1396.1184196000686,5.68939740001224,7.680096099968068,0.15104240004438907,0.01,54793.58614103032,54793.58614103032,-72582.6269690783,-53476.195002561995,0.0,-25123.30705274422,-76975.7726076737,-76975.75745265986,-58314.14165099835,-25123.30705274422,33190.83459825412,33190.83459825412,-23892.848928455016,38464.5,nan,nan,1.5000000000000002,10.0,0.0,0.0,10.0,0.85,CORE,MAIN,1.216553386175895,0.25187702163659487,0.6,0.174,-58314.14165099835,STRUCTURAL,-0.9200329052191818,-208760.76534009964,30000.0,0,0,0,0,0,0,0,inf,inf,NA,1,5,5,5,24,6,0,0,CONTINUE,0,A,1,1,0,KEEP_STRUCTURAL_IN_ON_CUT,2,3,0,0,"tail_cont_enabled=1 tail_active_dims=(1,) tail_delta=0.1 tail_start=(6, 6, 6) returned_y=(6, 2, 0) returned_b=(1, 0, 0) returned_u=(0, 0, 0) returned_zcap=(6, 2, 0) max_tail_u=0",NA
120,P1_no_rho,152,1403.165850300109,5.68939740001224,7.045688799931668,0.15873419994022697,0.01,58177.52002109715,58177.52002109715,-72582.6269690783,-52968.604920551974,0.0,-25123.30705274422,-78579.38663488583,-78579.3709768423,-58314.14165099835,-25123.30705274422,33190.83459825412,33190.83459825412,-23899.156575708468,39059.5,nan,nan,1.5000000000000002,10.0,0.0,0.0,10.0,0.85,CORE,MAIN,1.2164565374079181,0.25373386190091485,0.6,0.174,-58314.14165099835,STRUCTURAL,-0.9332806684013505,-208760.76534009964,30000.0,0,0,0,0,0,0,0,inf,inf,NA,1,5,5,5,24,6,0,0,CONTINUE,0,A,1,1,0,KEEP_STRUCTURAL_IN_ON_CUT,2,3,0,0,"tail_cont_enabled=1 tail_active_dims=(1,) tail_delta=0.1 tail_start=(6, 6, 6) returned_y=(6, 2, 0) returned_b=(1, 0, 0) returned_u=(0, 0, 0) returned_zcap=(6, 2, 0) max_tail_u=0",NA
120,P1_no_rho,153,1410.2132242000662,5.68939740001224,7.047004800057039,0.15023350005503744,0.01,57781.13687548089,57781.13687548089,-72582.6269690783,-53028.062392394415,0.0,-25123.30705274422,-76879.26155139545,-76879.24622597212,-58314.14165099835,-25123.30705274422,33190.83459825412,33190.83459825412,-23549.827844612842,37996.0,nan,nan,1.5000000000000002,10.0,0.0,0.0,10.0,0.85,CORE,MAIN,1.2165515885854843,0.2347953353075154,0.6,0.174,-58314.14165099835,STRUCTURAL,-0.9357023262336259,-208760.76534009964,30000.0,0,0,0,0,0,0,0,inf,inf,NA,1,5,5,5,24,6,0,0,CONTINUE,0,A,1,1,0,KEEP_STRUCTURAL_IN_ON_CUT,2,3,0,0,"tail_cont_enabled=1 tail_active_dims=(1,) tail_delta=0.1 tail_start=(6, 6, 6) returned_y=(6, 2, 0) returned_b=(1, 0, 0) returned_u=(0, 0, 0) returned_zcap=(6, 2, 0) max_tail_u=0",NA
120,P1_no_rho,154,1417.1166430000449,5.68939740001224,6.902918000007048,0.16863289999309927,0.01,57900.188032281614,57900.188032281614,-72582.6269690783,-53010.2047188743,0.0,-25123.30705274422,-77539.51437022263,-77539.49891375289,-58314.14165099835,-25123.30705274422,33190.83459825412,33190.83459825412,-23795.1896524562,38437.5,nan,nan,1.5000000000000002,10.0,0.0,0.0,10.0,0.85,CORE,MAIN,1.2166242839805343,0.26078305750700725,0.6,0.174,-58314.14165099835,STRUCTURAL,-0.932150621334143,-208760.76534009964,30000.0,0,0,0,0,0,0,0,inf,inf,NA,1,5,5,5,24,6,0,0,CONTINUE,0,A,1,1,0,KEEP_STRUCTURAL_IN_ON_CUT,2,3,0,0,"tail_cont_enabled=1 tail_active_dims=(1,) tail_delta=0.1 tail_start=(6, 6, 6) returned_y=(6, 2, 0) returned_b=(1, 0, 0) returned_u=(0, 0, 0) returned_zcap=(6, 2, 0) max_tail_u=0",NA
120,P1_no_rho,155,1435.945067099994,5.68939740001224,18.827901699929498,0.1566890999674797,0.01,46769.69171069187,46769.69171069187,-72582.6269690783,-54679.77916711276,0.0,-25123.30705274422,-77653.49584072638,-77653.48060842106,-58314.14165099835,-25123.30705274422,33190.83459825412,33190.83459825412,-24261.380416433287,38597.0,nan,nan,1.5000000000000002,10.0,0.0,0.0,10.0,0.85,CORE,MAIN,1.2166224221080963,0.24920765215070417,0.6,0.174,-58314.14165099835,STRUCTURAL,-0.9222150286635017,-208760.76534009964,30000.0,0,0,0,0,0,0,0,inf,inf,NA,1,5,5,5,24,6,0,0,CONTINUE,0,A,1,1,0,KEEP_STRUCTURAL_IN_ON_CUT,2,3,0,0,"tail_cont_enabled=1 tail_active_dims=(1,) tail_delta=0.1 tail_start=(6, 6, 6) returned_y=(6, 2, 0) returned_b=(1, 0, 0) returned_u=(0, 0, 0) returned_zcap=(6, 2, 0) max_tail_u=0",NA
120,P1_no_rho,156,1443.1277157000732,5.68939740001224,7.182062400039285,0.15349099994637072,0.01,55103.49382790385,55103.49382790385,-72582.6269690783,-53429.70884953097,0.0,-25123.30705274422,-77037.27295808877,-77037.25768431745,-58314.14165099835,-25123.30705274422,33190.83459825412,33190.83459825412,-23089.32239163643,38556.0,nan,nan,1.5000000000000002,10.0,0.0,0.0,10.0,0.85,CORE,MAIN,1.2168266590713122,0.24986022075441694,0.6,0.174,-58314.14165099835,STRUCTURAL,-0.9328065721319814,-208760.76534009964,30000.0,0,0,0,0,0,0,0,inf,inf,NA,1,5,5,5,24,6,0,0,CONTINUE,0,A,1,1,0,KEEP_STRUCTURAL_IN_ON_CUT,2,3,0,0,"tail_cont_enabled=1 tail_active_dims=(1,) tail_delta=0.1 tail_start=(6, 6, 6) returned_y=(6, 2, 0) returned_b=(1, 0, 0) returned_u=(0, 0, 0) returned_zcap=(6, 2, 0) max_tail_u=0",NA
120,P1_no_rho,157,1450.268030300038,5.68939740001224,7.139713000040501,0.1496854000724852,0.01,47845.10125400518,47845.10125400518,-72582.6269690783,-54518.46773561577,0.0,-25123.30705274422,-79365.85539268899,-79365.83974832844,-58314.14165099835,-25123.30705274422,33190.83459825412,33190.83459825412,-24365.501721699096,38887.0,nan,nan,1.5000000000000002,10.0,0.0,0.0,10.0,0.85,CORE,MAIN,1.2165343636361698,0.2599399505078346,0.6,0.174,-58314.14165099835,STRUCTURAL,-0.9429087360236811,-208760.76534009964,30000.0,0,0,0,0,0,0,0,inf,inf,NA,1,5,5,5,24,6,0,0,CONTINUE,0,A,1,1,0,KEEP_STRUCTURAL_IN_ON_CUT,2,3,0,0,"tail_cont_enabled=1 tail_active_dims=(1,) tail_delta=0.1 tail_start=(6, 6, 6) returned_y=(6, 2, 0) returned_b=(1, 0, 0) returned_u=(0, 0, 0) returned_zcap=(6, 2, 0) max_tail_u=0",NA
120,P1_no_rho,158,1457.0151406000368,5.68939740001224,6.746576300007291,0.1508422999177128,0.01,53009.784171673855,53009.784171673855,-72582.6269690783,-53743.76529796547,0.0,-25123.30705274422,-77020.08086692388,-77020.0657698361,-58314.14165099835,-25123.30705274422,33190.83459825412,33190.83459825412,-23899.902422530686,38464.0,nan,nan,1.5000000000000002,10.0,0.0,0.0,10.0,0.85,CORE,MAIN,1.2166093852494664,0.26399046937737325,0.6,0.174,-58314.14165099835,STRUCTURAL,-0.9206905738232356,-208760.76534009964,30000.0,0,0,0,0,0,0,0,inf,inf,NA,1,5,5,5,24,6,0,0,CONTINUE,0,A,1,1,0,KEEP_STRUCTURAL_IN_ON_CUT,2,3,0,0,"tail_cont_enabled=1 tail_active_dims=(1,) tail_delta=0.1 tail_start=(6, 6, 6) returned_y=(6, 2, 0) returned_b=(1, 0, 0) returned_u=(0, 0, 0) returned_zcap=(6, 2, 0) max_tail_u=0",NA
120,P1_no_rho,159,1464.7515019000275,5.68939740001224,7.7358689999673516,0.15194700006395578,0.01,58122.357773020296,58122.357773020296,-72582.6269690783,-52976.8792577635,0.0,-25123.30705274422,-78640.81878249982,-78640.80310860397,-58314.14165099835,-25123.30705274422,33190.83459825412,33190.83459825412,-23950.75391310286,39054.5,nan,nan,1.5000000000000002,10.0,0.0,0.0,10.0,0.85,CORE,MAIN,1.2165077072101202,0.26126187065504825,0.6,0.174,-58314.14165099835,STRUCTURAL,-0.9335680343366506,-208760.76534009964,30000.0,0,0,0,0,0,0,0,inf,inf,NA,1,5,5,5,24,6,0,0,CONTINUE,0,A,1,1,0,KEEP_STRUCTURAL_IN_ON_CUT,2,3,0,0,"tail_cont_enabled=1 tail_active_dims=(1,) tail_delta=0.1 tail_start=(6, 6, 6) returned_y=(6, 2, 0) returned_b=(1, 0, 0) returned_u=(0, 0, 0) returned_zcap=(6, 2, 0) max_tail_u=0",NA
120,P1_no_rho,160,1482.2842257000739,5.68939740001224,17.53208979999181,0.15119020000565797,0.01,56843.59764096296,56843.59764096296,-72582.6269690783,-53168.6932775721,0.0,-25123.30705274422,-76748.34027507214,-76748.32494771908,-58314.14165099835,-25123.30705274422,33190.83459825412,33190.83459825412,-23490.280279401155,37969.5,nan,nan,1.5000000000000002,10.0,0.0,0.0,10.0,0.85,CORE,MAIN,1.2165126428954949,0.2387317142173463,0.6,0.174,-58314.14165099835,STRUCTURAL,-0.9351022034056797,-208760.76534009964,30000.0,0,0,0,0,0,0,0,inf,inf,NA,1,5,5,5,24,6,0,0,CONTINUE,0,A,1,1,0,KEEP_STRUCTURAL_IN_ON_CUT,2,3,0,0,"tail_cont_enabled=1 tail_active_dims=(1,) tail_delta=0.1 tail_start=(6, 6, 6) returned_y=(6, 2, 0) returned_b=(1, 0, 0) returned_u=(0, 0, 0) returned_zcap=(6, 2, 0) max_tail_u=0",NA
120,P1_no_rho,161,1488.9213887000224,5.68939740001224,6.636567199951969,0.14709580002818257,0.01,59449.78203142163,59449.78203142163,-72582.6269690783,-52777.7656190033,0.0,-25123.30705274422,-77586.57931079045,-77586.56386539096,-58314.14165099835,-25123.30705274422,33190.83459825412,33190.83459825412,-23793.180518377147,39086.5,nan,nan,1.5000000000000002,10.0,0.0,0.0,10.0,0.85,CORE,MAIN,1.2165051393496176,0.2455616628951356,0.6,0.174,-58314.14165099835,STRUCTURAL,-0.9175100242967741,-208760.76534009964,30000.0,0,0,0,0,0,0,0,inf,inf,NA,1,5,5,5,24,6,0,0,CONTINUE,0,A,1,1,0,KEEP_STRUCTURAL_IN_ON_CUT,2,3,0,0,"tail_cont_enabled=1 tail_active_dims=(1,) tail_delta=0.1 tail_start=(6, 6, 6) returned_y=(2, 0, 6) returned_b=(0, 0, 1) returned_u=(0, 0, 0) returned_zcap=(2, 0, 6) max_tail_u=0",NA
120,P1_no_rho,162,1496.8979064000305,5.68939740001224,7.975760499946773,0.15369770000688732,0.01,46206.00979220877,46206.00979220877,-72582.6269690783,-54764.33145488523,0.0,-25123.30705274422,-78363.47252774458,-78363.45723636256,-58314.14165099835,-25123.30705274422,33190.83459825412,33190.83459825412,-24395.385883389954,39599.0,nan,nan,1.5000000000000002,10.0,0.0,0.0,10.0,0.85,CORE,MAIN,1.2163145212915025,0.2428653611736752,0.6,0.174,-58314.14165099835,STRUCTURAL,-0.9085763336274922,-208760.76534009964,30000.0,0,0,0,0,0,0,0,inf,inf,NA,1,5,5,5,24,6,0,0,CONTINUE,0,A,1,1,0,KEEP_STRUCTURAL_IN_ON_CUT,2,3,0,0,"tail_cont_enabled=1 tail_active_dims=(1,) tail_delta=0.1 tail_start=(6, 6, 6) returned_y=(2, 0, 6) returned_b=(0, 0, 1) returned_u=(0, 0, 0) returned_zcap=(2, 0, 6) max_tail_u=0",NA
120,P1_no_rho,163,1503.8577490000753,5.68939740001224,6.959097200073302,0.15005229995585978,0.01,56304.3981336591,56304.3981336591,-72582.6269690783,-53249.57320366768,0.0,-25123.30705274422,-77166.31557655153,-77166.30029096434,-58314.14165099835,-25123.30705274422,33190.83459825412,33190.83459825412,-23278.099700881223,39148.5,nan,nan,1.5000000000000002,10.0,0.0,0.0,10.0,0.85,CORE,MAIN,1.216420579878644,0.26338210553767816,0.6,0.174,-58314.14165099835,STRUCTURAL,-0.9176716109188194,-208760.76534009964,30000.0,0,0,0,0,0,0,0,inf,inf,NA,1,5,5,5,24,6,0,0,CONTINUE,0,A,1,1,0,KEEP_STRUCTURAL_IN_ON_CUT,2,3,0,0,"tail_cont_enabled=1 tail_active_dims=(1,) tail_delta=0.1 tail_start=(6, 6, 6) returned_y=(2, 0, 6) returned_b=(0, 0, 1) returned_u=(0, 0, 0) returned_zcap=(2, 0, 6) max_tail_u=0",NA
120,P1_no_rho,164,1510.5286322000902,5.68939740001224,6.6703325000125915,0.1503423999529332,0.01,48679.28843594172,48679.28843594172,-72582.6269690783,-54393.33965832529,0.0,-25123.30705274422,-79457.99516913897,-79457.97949334717,-58314.14165099835,-25123.30705274422,33190.83459825412,33190.83459825412,-24324.35058604413,38872.0,nan,nan,1.5000000000000002,10.0,0.0,0.0,10.0,0.85,CORE,MAIN,1.2160794568547049,0.22476307860236444,0.6,0.174,-58314.14165099835,STRUCTURAL,-0.9455585667027342,-208760.76534009964,30000.0,0,0,0,0,0,0,0,inf,inf,NA,1,5,5,5,24,6,0,0,CONTINUE,0,A,1,1,0,KEEP_STRUCTURAL_IN_ON_CUT,2,3,0,0,"tail_cont_enabled=1 tail_active_dims=(1,) tail_delta=0.1 tail_start=(6, 6, 6) returned_y=(2, 5, 0) returned_b=(0, 0, 0) returned_u=(0, 0, 0) returned_zcap=(2, 5, 0) max_tail_u=0",NA
120,P1_no_rho,165,1528.357311700005,5.68939740001224,17.828275499981828,0.14749020000454038,0.01,53744.80970161877,53744.80970161877,-72582.6269690783,-53633.51146847373,0.0,-25123.30705274422,-76752.89710854279,-76752.88202526113,-58314.14165099835,-25123.30705274422,33190.83459825412,33190.83459825412,-23920.912739604737,38255.5,nan,nan,1.5000000000000002,10.0,0.0,0.0,10.0,0.85,CORE,MAIN,1.2162056349112882,0.26415567552989283,0.6,0.174,-58314.14165099835,STRUCTURAL,-0.9206862505287934,-208760.76534009964,30000.0,0,0,0,0,0,0,0,inf,inf,NA,1,5,5,5,24,6,0,0,CONTINUE,0,A,1,1,0,KEEP_STRUCTURAL_IN_ON_CUT,2,3,0,0,"tail_cont_enabled=1 tail_active_dims=(1,) tail_delta=0.1 tail_start=(6, 6, 6) returned_y=(2, 5, 0) returned_b=(0, 0, 0) returned_u=(0, 0, 0) returned_zcap=(2, 5, 0) max_tail_u=0",NA
120,P1_no_rho,166,1535.4191482000751,5.68939740001224,7.06117090000771,0.15216249995864928,0.01,58785.27413487444,58785.27413487444,-72582.6269690783,-52877.44180348538,0.0,-25123.30705274422,-78643.81106471103,-78643.7954368657,-58314.14165099835,-25123.30705274422,33190.83459825412,33190.83459825412,-23858.528981909156,38959.5,nan,nan,1.5000000000000002,10.0,0.0,0.0,10.0,0.85,CORE,MAIN,1.216037564379162,0.2254343576965916,0.6,0.174,-58314.14165099835,STRUCTURAL,-0.9374738117781546,-208760.76534009964,30000.0,0,0,0,0,0,0,0,inf,inf,NA,1,5,5,5,24,6,0,0,CONTINUE,0,A,1,1,0,KEEP_STRUCTURAL_IN_ON_CUT,2,3,0,0,"tail_cont_enabled=1 tail_active_dims=(1,) tail_delta=0.1 tail_start=(6, 6, 6) returned_y=(2, 5, 0) returned_b=(0, 0, 0) returned_u=(0, 0, 0) returned_zcap=(2, 5, 0) max_tail_u=0",NA
120,P1_no_rho,167,1542.065284900018,5.68939740001224,6.645654599997215,0.16386640002019703,0.01,59078.150739813966,59078.150739813966,-72582.6269690783,-52833.51031274445,0.0,-25123.30705274422,-76994.54574765054,-76994.53038599878,-58314.14165099835,-25123.30705274422,33190.83459825412,33190.83459825412,-23547.832686810274,38065.5,nan,nan,1.5000000000000002,10.0,0.0,0.0,10.0,0.85,CORE,MAIN,1.2161300612761514,0.25234047330978304,0.6,0.174,-58314.14165099835,STRUCTURAL,-0.9360479121372105,-208760.76534009964,30000.0,0,0,0,0,0,0,0,inf,inf,NA,1,5,5,5,24,6,0,0,CONTINUE,0,A,1,1,0,KEEP_STRUCTURAL_IN_ON_CUT,2,3,0,0,"tail_cont_enabled=1 tail_active_dims=(1,) tail_delta=0.1 tail_start=(6, 6, 6) returned_y=(6, 2, 0) returned_b=(1, 0, 0) returned_u=(0, 0, 0) returned_zcap=(6, 2, 0) max_tail_u=0",NA
120,P1_no_rho,168,1549.1928658999968,5.68939740001224,7.126969299977645,0.16273580002598464,0.01,59516.993348307085,59516.993348307085,-72582.6269690783,-52767.68392147048,0.0,-25123.30705274422,-78011.22547997745,-78011.20993440473,-58314.14165099835,-25123.30705274422,33190.83459825412,33190.83459825412,-24129.768791139446,38821.0,nan,nan,1.5000000000000002,10.0,0.0,0.0,10.0,0.85,CORE,MAIN,1.2161485425130332,0.2613278146852154,0.6,0.174,-58314.14165099835,STRUCTURAL,-0.9252971526281358,-208760.76534009964,30000.0,0,0,0,0,0,0,0,inf,inf,NA,1,5,5,5,24,6,0,0,CONTINUE,0,A,1,1,0,KEEP_STRUCTURAL_IN_ON_CUT,2,3,0,0,"tail_cont_enabled=1 tail_active_dims=(1,) tail_delta=0.1 tail_start=(6, 6, 6) returned_y=(6, 2, 0) returned_b=(1, 0, 0) returned_u=(0, 0, 0) returned_zcap=(6, 2, 0) max_tail_u=0",NA
120,P1_no_rho,169,1557.0249808999943,5.68939740001224,7.831575999967754,0.15375900000799447,0.01,45609.25108560184,45609.25108560184,-72582.6269690783,-54853.84526087627,0.0,-25123.30705274422,-77931.55491348123,-77931.53972424968,-58314.14165099835,-25123.30705274422,33190.83459825412,33190.83459825412,-24150.745956345865,38322.5,nan,nan,1.5000000000000002,10.0,0.0,0.0,10.0,0.85,CORE,MAIN,1.2161029201429825,0.23729392469441046,0.6,0.174,-58314.14165099835,STRUCTURAL,-0.9355825562511808,-208760.76534009964,30000.0,0,0,0,0,0,0,0,inf,inf,NA,1,5,5,5,24,6,0,0,CONTINUE,0,A,1,1,0,KEEP_STRUCTURAL_IN_ON_CUT,2,3,0,0,"tail_cont_enabled=1 tail_active_dims=(1,) tail_delta=0.1 tail_start=(6, 6, 6) returned_y=(6, 2, 0) returned_b=(1, 0, 0) returned_u=(0, 0, 0) returned_zcap=(6, 2, 0) max_tail_u=0",NA
120,P1_no_rho,170,1574.822405400104,5.68939740001224,17.79681980004534,0.15041240002028644,0.01,55780.703982418345,55780.703982418345,-72582.6269690783,-53328.127326353795,0.0,-25123.30705274422,-77066.05367403649,-77066.03840975414,-58314.14165099835,-25123.30705274422,33190.83459825412,33190.83459825412,-23073.798559335653,38576.0,nan,nan,1.5000000000000002,10.0,0.0,0.0,10.0,0.85,CORE,MAIN,1.216316498120308,0.2519939599884693,0.6,0.174,-58314.14165099835,STRUCTURAL,-0.933088619010412,-208760.76534009964,30000.0,0,0,0,0,0,0,0,inf,inf,NA,1,5,5,5,24,6,0,0,CONTINUE,0,A,1,1,0,KEEP_STRUCTURAL_IN_ON_CUT,2,3,0,0,"tail_cont_enabled=1 tail_active_dims=(1,) tail_delta=0.1 tail_start=(6, 6, 6) returned_y=(6, 2, 0) returned_b=(1, 0, 0) returned_u=(0, 0, 0) returned_zcap=(6, 2, 0) max_tail_u=0",NA
120,P1_no_rho,171,1581.4211282000178,5.68939740001224,6.5980926000047475,0.183174500009045,0.01,47828.82498106516,47828.82498106516,-72582.6269690783,-54520.90917655677,0.0,-25123.30705274422,-79324.36738398016,-79324.35176228698,-58314.14165099835,-25123.30705274422,33190.83459825412,33190.83459825412,-24163.939557613226,38741.0,nan,nan,1.5000000000000002,10.0,0.0,0.0,10.0,0.85,CORE,MAIN,1.2162043233044515,0.26024459122721577,0.6,0.174,-58314.14165099835,STRUCTURAL,-0.9492168022624395,-208760.76534009964,30000.0,0,0,0,0,0,0,0,inf,inf,NA,1,5,5,5,24,6,0,0,CONTINUE,0,A,1,1,0,KEEP_STRUCTURAL_IN_ON_CUT,2,3,0,0,"tail_cont_enabled=1 tail_active_dims=(1,) tail_delta=0.1 tail_start=(6, 6, 6) returned_y=(6, 2, 0) returned_b=(1, 0, 0) returned_u=(0, 0, 0) returned_zcap=(6, 2, 0) max_tail_u=0",NA
120,P1_no_rho,172,1588.6634084000252,5.68939740001224,7.241668800008483,0.1629458999959752,0.01,54561.88242629256,54561.88242629256,-72582.6269690783,-53510.95055977266,0.0,-25123.30705274422,-76713.37718713374,-76713.36212824537,-58314.14165099835,-25123.30705274422,33190.83459825412,33190.83459825412,-24060.002364711247,38449.5,nan,nan,1.5000000000000002,10.0,0.0,0.0,10.0,0.85,CORE,MAIN,1.216291664022455,0.2567622422618726,0.6,0.174,-58314.14165099835,STRUCTURAL,-0.9129439873693045,-208760.76534009964,30000.0,0,0,0,0,0,0,0,inf,inf,NA,1,5,5,5,24,6,0,0,CONTINUE,0,A,1,1,0,KEEP_STRUCTURAL_IN_ON_CUT,2,3,0,0,"tail_cont_enabled=1 tail_active_dims=(1,) tail_delta=0.1 tail_start=(6, 6, 6) returned_y=(6, 2, 0) returned_b=(1, 0, 0) returned_u=(0, 0, 0) returned_zcap=(6, 2, 0) max_tail_u=0",NA
120,P1_no_rho,173,1596.3490997001063,5.68939740001224,7.685183299938217,0.15944910002872348,0.01,59558.75807461344,59558.75807461344,-72582.6269690783,-52761.41921252453,0.0,-25123.30705274422,-78704.72209276559,-78704.70643534865,-58314.14165099835,-25123.30705274422,33190.83459825412,33190.83459825412,-23915.437140440794,39036.5,nan,nan,1.5000000000000002,10.0,0.0,0.0,10.0,0.85,CORE,MAIN,1.2160867699087619,0.2340385385267485,0.6,0.174,-58314.14165099835,STRUCTURAL,-0.9356929932227164,-208760.76534009964,30000.0,0,0,0,0,0,0,0,inf,inf,NA,1,5,5,5,24,6,0,0,CONTINUE,0,A,1,1,0,KEEP_STRUCTURAL_IN_ON_CUT,2,3,0,0,"tail_cont_enabled=1 tail_active_dims=(1,) tail_delta=0.1 tail_start=(6, 6, 6) returned_y=(6, 2, 0) returned_b=(1, 0, 0) returned_u=(0, 0, 0) returned_zcap=(6, 2, 0) max_tail_u=0",NA
120,P1_no_rho,174,1603.335490400088,5.68939740001224,6.985902599990368,0.1501196000026539,0.01,58740.881060437285,58740.881060437285,-72582.6269690783,-52884.10076465095,0.0,-25123.30705274422,-76930.24795188115,-76930.23263719423,-58314.14165099835,-25123.30705274422,33190.83459825412,33190.83459825412,-23612.558299309323,38044.5,nan,nan,1.5000000000000002,10.0,0.0,0.0,10.0,0.85,CORE,MAIN,1.2161874160935349,0.26414439682267166,0.6,0.174,-58314.14165099835,STRUCTURAL,-0.934303676622287,-208760.76534009964,30000.0,0,0,0,0,0,0,0,inf,inf,NA,1,5,5,5,24,6,0,0,CONTINUE,0,A,1,1,0,KEEP_STRUCTURAL_IN_ON_CUT,2,3,0,0,"tail_cont_enabled=1 tail_active_dims=(1,) tail_delta=0.1 tail_start=(6, 6, 6) returned_y=(6, 2, 0) returned_b=(1, 0, 0) returned_u=(0, 0, 0) returned_zcap=(6, 2, 0) max_tail_u=0",NA
120,P1_no_rho,175,1620.9481343000662,5.68939740001224,17.61212990002241,0.15079009998589754,0.01,58369.474043890856,58369.474043890856,-72582.6269690783,-52939.81181713292,0.0,-25123.30705274422,-77956.22130100054,-77956.20578033049,-58314.14165099835,-25123.30705274422,33190.83459825412,33190.83459825412,-24211.43884675068,38999.0,nan,nan,1.5000000000000002,10.0,0.0,0.0,10.0,0.85,CORE,MAIN,1.216191663840728,0.2340008160817031,0.6,0.174,-58314.14165099835,STRUCTURAL,-0.9187375220489384,-208760.76534009964,30000.0,0,0,0,0,0,0,0,inf,inf,NA,1,5,5,5,24,6,0,0,CONTINUE,0,A,1,1,0,KEEP_STRUCTURAL_IN_ON_CUT,2,3,0,0,"tail_cont_enabled=1 tail_active_dims=(1,) tail_delta=0.1 tail_start=(6, 6, 6) returned_y=(6, 2, 0) returned_b=(1, 0, 0) returned_u=(0, 0, 0) returned_zcap=(6, 2, 0) max_tail_u=0",NA
120,P1_no_rho,176,1628.198135200073,5.68939740001224,7.249151600059122,0.15036969992797822,0.01,46950.47087197317,46950.47087197317,-72582.6269690783,-54652.66229292057,0.0,-25123.30705274422,-77492.56094122972,-77492.54576901629,-58314.14165099835,-25123.30705274422,33190.83459825412,33190.83459825412,-24271.725227164487,38676.0,nan,nan,1.5000000000000002,10.0,0.0,0.0,10.0,0.85,CORE,MAIN,1.2162130284785237,0.23276785417895995,0.6,0.174,-58314.14165099835,STRUCTURAL,-0.917378917879336,-208760.76534009964,30000.0,0,0,0,0,0,0,0,inf,inf,NA,1,5,5,5,24,6,0,0,CONTINUE,0,A,1,1,0,KEEP_STRUCTURAL_IN_ON_CUT,2,3,0,0,"tail_cont_enabled=1 tail_active_dims=(1,) tail_delta=0.1 tail_start=(6, 6, 6) returned_y=(6, 2, 0) returned_b=(1, 0, 0) returned_u=(0, 0, 0) returned_zcap=(6, 2, 0) max_tail_u=0",NA
120,P1_no_rho,177,1635.8620656999992,5.68939740001224,7.663284899899736,0.15478879993315786,0.01,57041.04370006232,57041.04370006232,-72582.6269690783,-53139.076368707196,0.0,-25123.30705274422,-76952.11970616518,-76952.10443384074,-58314.14165099835,-25123.30705274422,33190.83459825412,33190.83459825412,-23151.6874054116,38260.5,nan,nan,1.5000000000000002,10.0,0.0,0.0,10.0,0.85,CORE,MAIN,1.2164532600677485,0.25209720601523966,0.6,0.174,-58314.14165099835,STRUCTURAL,-0.9374405636523155,-208760.76534009964,30000.0,0,0,0,0,0,0,0,inf,inf,NA,1,5,5,5,24,6,0,0,CONTINUE,0,A,1,1,0,KEEP_STRUCTURAL_IN_ON_CUT,2,3,0,0,"tail_cont_enabled=1 tail_active_dims=(1,) tail_delta=0.1 tail_start=(6, 6, 6) returned_y=(0, 4, 3) returned_b=(0, 0, 0) returned_u=(0, 0, 0) returned_zcap=(0, 4, 3) max_tail_u=0",NA
120,P1_no_rho,178,1642.933515700046,5.68939740001224,7.070850100019015,0.15359509992413223,0.01,48593.41400825753,48593.41400825753,-72582.6269690783,-54406.22082247792,0.0,-25123.30705274422,-79112.81241308016,-79112.79672683612,-58314.14165099835,-25123.30705274422,33190.83459825412,33190.83459825412,-24057.551562917775,39717.0,nan,nan,1.5000000000000002,10.0,0.0,0.0,10.0,0.85,CORE,MAIN,1.2163583957824513,0.2293997715084326,0.6,0.174,-58314.14165099835,STRUCTURAL,-0.9241256080757753,-208760.76534009964,30000.0,0,0,0,0,0,0,0,inf,inf,NA,1,5,5,5,24,6,0,0,CONTINUE,0,A,1,1,0,KEEP_STRUCTURAL_IN_ON_CUT,2,3,0,0,"tail_cont_enabled=1 tail_active_dims=(1,) tail_delta=0.1 tail_start=(6, 6, 6) returned_y=(0, 4, 3) returned_b=(0, 0, 0) returned_u=(0, 0, 0) returned_zcap=(0, 4, 3) max_tail_u=0",NA
120,P1_no_rho,179,1650.2043171999976,5.68939740001224,7.270302699995227,0.1804388000164181,0.01,54250.91843481908,54250.91843481908,-72582.6269690783,-53557.595158493685,0.0,-25123.30705274422,-76745.62274531362,-76745.60762729532,-58314.14165099835,-25123.30705274422,33190.83459825412,33190.83459825412,-23884.558290422625,38159.0,nan,nan,1.5000000000000002,10.0,0.0,0.0,10.0,0.85,CORE,MAIN,1.2164881845433078,0.23648571425107656,0.6,0.174,-58314.14165099835,STRUCTURAL,-0.9235226174143745,-208760.76534009964,30000.0,0,0,0,0,0,0,0,inf,inf,NA,1,5,5,5,24,6,0,0,CONTINUE,0,A,1,1,0,KEEP_STRUCTURAL_IN_ON_CUT,2,3,0,0,"tail_cont_enabled=1 tail_active_dims=(1,) tail_delta=0.1 tail_start=(6, 6, 6) returned_y=(0, 4, 3) returned_b=(0, 0, 0) returned_u=(0, 0, 0) returned_zcap=(0, 4, 3) max_tail_u=0",NA
120,P1_no_rho,180,1668.5584857000504,5.68939740001224,18.353507700026967,0.15189470001496375,0.01,59294.01945527666,59294.01945527666,-72582.6269690783,-52801.130005425046,0.0,-25123.30705274422,-78473.26859950369,-78473.2530363272,-58314.14165099835,-25123.30705274422,33190.83459825412,33190.83459825412,-24087.449027012543,38934.5,nan,nan,1.5000000000000002,10.0,0.0,0.0,10.0,0.85,CORE,MAIN,1.216340283231682,0.24098117939884645,0.6,0.174,-58314.14165099835,STRUCTURAL,-0.9312358620985609,-208760.76534009964,30000.0,0,0,0,0,0,0,0,inf,inf,NA,1,5,5,5,24,6,0,0,CONTINUE,0,A,1,1,0,KEEP_STRUCTURAL_IN_ON_CUT,2,3,0,0,"tail_cont_enabled=1 tail_active_dims=(1,) tail_delta=0.1 tail_start=(6, 6, 6) returned_y=(6, 2, 0) returned_b=(1, 0, 0) returned_u=(0, 0, 0) returned_zcap=(6, 2, 0) max_tail_u=0",NA
120,P1_no_rho,181,1675.868706600042,5.68939740001224,7.309709599940106,0.15276600001379848,0.01,58232.44675823519,58232.44675823519,-72582.6269690783,-52960.365909981265,0.0,-25123.30705274422,-76696.81634763446,-76696.8010849114,-58314.14165099835,-25123.30705274422,33190.83459825412,33190.83459825412,-23783.46873834497,38284.0,nan,nan,1.5000000000000002,10.0,0.0,0.0,10.0,0.85,CORE,MAIN,1.2164659196226735,0.2407549033383367,0.6,0.174,-58314.14165099835,STRUCTURAL,-0.9214176914040059,-208760.76534009964,30000.0,0,0,0,0,0,0,0,inf,inf,NA,1,5,5,5,24,6,0,0,CONTINUE,0,A,1,1,0,KEEP_STRUCTURAL_IN_ON_CUT,2,3,0,0,"tail_cont_enabled=1 tail_active_dims=(1,) tail_delta=0.1 tail_start=(6, 6, 6) returned_y=(6, 2, 0) returned_b=(1, 0, 0) returned_u=(0, 0, 0) returned_zcap=(6, 2, 0) max_tail_u=0",NA
120,P1_no_rho,182,1682.5322231000755,5.68939740001224,6.662938200053759,0.14946460002101958,0.01,56794.89884700989,56794.89884700989,-72582.6269690783,-53175.99809666506,0.0,-25123.30705274422,-77562.62847772065,-77562.61297648361,-58314.14165099835,-25123.30705274422,33190.83459825412,33190.83459825412,-23803.6587064187,38404.5,nan,nan,1.5000000000000002,10.0,0.0,0.0,10.0,0.85,CORE,MAIN,1.2165136891913462,0.24847309898550718,0.6,0.174,-58314.14165099835,STRUCTURAL,-0.9332058182429128,-208760.76534009964,30000.0,0,0,0,0,0,0,0,inf,inf,NA,1,5,5,5,24,6,0,0,CONTINUE,0,A,1,1,0,KEEP_STRUCTURAL_IN_ON_CUT,2,3,0,0,"tail_cont_enabled=1 tail_active_dims=(1,) tail_delta=0.1 tail_start=(6, 6, 6) returned_y=(6, 2, 0) returned_b=(1, 0, 0) returned_u=(0, 0, 0) returned_zcap=(6, 2, 0) max_tail_u=0",NA
120,P1_no_rho,183,1689.8205809000647,5.68939740001224,7.2880494999699295,0.15360060008242726,0.01,46958.604378245305,46958.604378245305,-72582.6269690783,-54651.44226697975,0.0,-25123.30705274422,-77503.46939035508,-77503.45423771543,-58314.14165099835,-25123.30705274422,33190.83459825412,33190.83459825412,-23772.855258595115,38775.5,nan,nan,1.5000000000000002,10.0,0.0,0.0,10.0,0.85,CORE,MAIN,1.2165140834871218,0.23993681505861753,0.6,0.174,-58314.14165099835,STRUCTURAL,-0.9237894887084248,-208760.76534009964,30000.0,0,0,0,0,0,0,0,inf,inf,NA,1,5,5,5,24,6,0,0,CONTINUE,0,A,1,1,0,KEEP_STRUCTURAL_IN_ON_CUT,2,3,0,0,"tail_cont_enabled=1 tail_active_dims=(1,) tail_delta=0.1 tail_start=(6, 6, 6) returned_y=(0, 4, 3) returned_b=(0, 0, 0) returned_u=(0, 0, 0) returned_zcap=(0, 4, 3) max_tail_u=0",NA
120,P1_no_rho,184,1697.5607091001002,5.68939740001224,7.739484600024298,0.1557847000658512,0.01,56236.97034210865,56236.97034210865,-72582.6269690783,-53259.68737240025,0.0,-25123.30705274422,-76933.54579436807,-76933.53057731522,-58314.14165099835,-25123.30705274422,33190.83459825412,33190.83459825412,-23173.830218390594,38117.5,nan,nan,1.5000000000000002,10.0,0.0,0.0,10.0,0.85,CORE,MAIN,1.2167122901481817,0.24863357166263955,0.6,0.174,-58314.14165099835,STRUCTURAL,-0.9402453004337399,-208760.76534009964,30000.0,0,0,0,0,0,0,0,inf,inf,NA,1,5,5,5,24,6,0,0,CONTINUE,0,A,1,1,0,KEEP_STRUCTURAL_IN_ON_CUT,2,3,0,0,"tail_cont_enabled=1 tail_active_dims=(1,) tail_delta=0.1 tail_start=(6, 6, 6) returned_y=(0, 4, 3) returned_b=(0, 0, 0) returned_u=(0, 0, 0) returned_zcap=(0, 4, 3) max_tail_u=0",NA
120,P1_no_rho,185,1715.568204500014,5.68939740001224,18.00714220001828,0.14752939995378256,0.01,50024.58551569146,50024.58551569146,-72582.6269690783,-54191.545096362825,0.0,-25123.30705274422,-79409.28459536289,-79409.26888050474,-58314.14165099835,-25123.30705274422,33190.83459825412,33190.83459825412,-23958.98752629334,39935.0,nan,nan,1.5000000000000002,10.0,0.0,0.0,10.0,0.85,CORE,MAIN,1.2163785513323222,0.24926974401334812,0.6,0.174,-58314.14165099835,STRUCTURAL,-0.9256755787189415,-208760.76534009964,30000.0,0,0,0,0,0,0,0,inf,inf,NA,1,5,5,5,24,6,0,0,CONTINUE,0,A,1,1,0,KEEP_STRUCTURAL_IN_ON_CUT,2,3,0,0,"tail_cont_enabled=1 tail_active_dims=(1,) tail_delta=0.1 tail_start=(6, 6, 6) returned_y=(0, 4, 3) returned_b=(0, 0, 0) returned_u=(0, 0, 0) returned_zcap=(0, 4, 3) max_tail_u=0",NA
120,P1_no_rho,186,1723.2114741000114,5.68939740001224,7.642688099993393,0.15947489999234676,0.01,53038.44326930897,53038.44326930897,-72582.6269690783,-53739.4664333202,0.0,-25123.30705274422,-76713.63676250137,-76713.62162972968,-58314.14165099835,-25123.30705274422,33190.83459825412,33190.83459825412,-23938.499978702763,38082.5,nan,nan,1.5000000000000002,10.0,0.0,0.0,10.0,0.85,CORE,MAIN,1.2164781565975524,0.23447196669463632,0.6,0.174,-58314.14165099835,STRUCTURAL,-0.9238735491109545,-208760.76534009964,30000.0,0,0,0,0,0,0,0,inf,inf,NA,1,5,5,5,24,6,0,0,CONTINUE,0,A,1,1,0,KEEP_STRUCTURAL_IN_ON_CUT,2,3,0,0,"tail_cont_enabled=1 tail_active_dims=(1,) tail_delta=0.1 tail_start=(6, 6, 6) returned_y=(0, 4, 3) returned_b=(0, 0, 0) returned_u=(0, 0, 0) returned_zcap=(0, 4, 3) max_tail_u=0",NA
120,P1_no_rho,187,1731.0817457000958,5.68939740001224,7.869719600072131,0.17343610001262277,0.01,56696.084230963446,56696.084230963446,-72582.6269690783,-53190.82028907203,0.0,-25123.30705274422,-78495.23486988136,-78495.21933292253,-58314.14165099835,-25123.30705274422,33190.83459825412,33190.83459825412,-24163.880216067766,38881.5,nan,nan,1.5000000000000002,10.0,0.0,0.0,10.0,0.85,CORE,MAIN,1.2163070587258078,0.2614412841510285,0.6,0.174,-58314.14165099835,STRUCTURAL,-0.9315713834232173,-208760.76534009964,30000.0,0,0,0,0,0,0,0,inf,inf,NA,1,5,5,5,24,6,0,0,CONTINUE,0,A,1,1,0,KEEP_STRUCTURAL_IN_ON_CUT,2,3,0,0,"tail_cont_enabled=1 tail_active_dims=(1,) tail_delta=0.1 tail_start=(6, 6, 6) returned_y=(0, 4, 3) returned_b=(0, 0, 0) returned_u=(0, 0, 0) returned_zcap=(0, 4, 3) max_tail_u=0",NA
120,P1_no_rho,188,1738.5705819000723,5.68939740001224,7.488286399981007,0.173505499958992,0.01,56585.096939929965,56585.096939929965,-72582.6269690783,-53207.46838272705,0.0,-25123.30705274422,-76742.87223369711,-76742.85696849441,-58314.14165099835,-25123.30705274422,33190.83459825412,33190.83459825412,-23685.683325142167,38494.5,nan,nan,1.5000000000000002,10.0,0.0,0.0,10.0,0.85,CORE,MAIN,1.2164234846794513,0.25033369680894957,0.6,0.174,-58314.14165099835,STRUCTURAL,-0.9188702047193278,-208760.76534009964,30000.0,0,0,0,0,0,0,0,inf,inf,NA,1,5,5,5,24,6,0,0,CONTINUE,0,A,1,1,0,KEEP_STRUCTURAL_IN_ON_CUT,2,3,0,0,"tail_cont_enabled=1 tail_active_dims=(1,) tail_delta=0.1 tail_start=(6, 6, 6) returned_y=(0, 4, 3) returned_b=(0, 0, 0) returned_u=(0, 0, 0) returned_zcap=(0, 4, 3) max_tail_u=0",NA
120,P1_no_rho,189,1745.7387820000295,5.68939740001224,7.167376499972306,0.15266210003755987,0.01,58921.27118552865,58921.27118552865,-72582.6269690783,-52857.04224588725,0.0,-25123.30705274422,-77843.02490459546,-77843.00935304795,-58314.14165099835,-25123.30705274422,33190.83459825412,33190.83459825412,-24288.27868635794,38941.5,nan,nan,1.5000000000000002,10.0,0.0,0.0,10.0,0.85,CORE,MAIN,1.21641640237133,0.2622797198386513,0.6,0.174,-58314.14165099835,STRUCTURAL,-0.9168407425957741,-208760.76534009964,30000.0,0,0,0,0,0,0,0,inf,inf,NA,1,5,5,5,24,6,0,0,CONTINUE,0,A,1,1,0,KEEP_STRUCTURAL_IN_ON_CUT,2,3,0,0,"tail_cont_enabled=1 tail_active_dims=(1,) tail_delta=0.1 tail_start=(6, 6, 6) returned_y=(6, 2, 0) returned_b=(1, 0, 0) returned_u=(0, 0, 0) returned_zcap=(6, 2, 0) max_tail_u=0",NA
120,P1_no_rho,190,1764.174975000089,5.68939740001224,18.4358364000218,0.15432550001423806,0.01,47345.14000817423,47345.14000817423,-72582.6269690783,-54593.46192249041,0.0,-25123.30705274422,-77720.26824974516,-77720.2530407888,-58314.14165099835,-25123.30705274422,33190.83459825412,33190.83459825412,-23709.545770393896,38841.5,nan,nan,1.5000000000000002,10.0,0.0,0.0,10.0,0.85,CORE,MAIN,1.2163594828531297,0.2447546768146407,0.6,0.174,-58314.14165099835,STRUCTURAL,-0.9270274881315927,-208760.76534009964,30000.0,0,0,0,0,0,0,0,inf,inf,NA,1,5,5,5,24,6,0,0,CONTINUE,0,A,1,1,0,KEEP_STRUCTURAL_IN_ON_CUT,2,3,0,0,"tail_cont_enabled=1 tail_active_dims=(1,) tail_delta=0.1 tail_start=(6, 6, 6) returned_y=(0, 4, 3) returned_b=(0, 0, 0) returned_u=(0, 0, 0) returned_zcap=(0, 4, 3) max_tail_u=0",NA
120,P1_no_rho,191,1771.3338199000573,5.68939740001224,7.158297199988738,0.15787290001753718,0.01,55076.08135556762,55076.08135556762,-72582.6269690783,-53433.8207203814,0.0,-25123.30705274422,-76965.52591317367,-76965.51070756004,-58314.14165099835,-25123.30705274422,33190.83459825412,33190.83459825412,-23190.570217234792,38213.0,nan,nan,1.5000000000000002,10.0,0.0,0.0,10.0,0.85,CORE,MAIN,1.2165557749715608,0.2205868029322564,0.6,0.174,-58314.14165099835,STRUCTURAL,-0.9381613672541675,-208760.76534009964,30000.0,0,0,0,0,0,0,0,inf,inf,NA,1,5,5,5,24,6,0,0,CONTINUE,0,A,1,1,0,KEEP_STRUCTURAL_IN_ON_CUT,2,3,0,0,"tail_cont_enabled=1 tail_active_dims=(1,) tail_delta=0.1 tail_start=(6, 6, 6) returned_y=(0, 4, 3) returned_b=(0, 0, 0) returned_u=(0, 0, 0) returned_zcap=(0, 4, 3) max_tail_u=0",NA
120,P1_no_rho,192,1778.9283413999947,5.68939740001224,7.59367469989229,0.16361980000510812,0.01,50691.979189905665,50691.979189905665,-72582.6269690783,-54091.436045230694,0.0,-25123.30705274422,-79375.94397471468,-79375.92820418236,-58314.14165099835,-25123.30705274422,33190.83459825412,33190.83459825412,-24056.923223878544,39947.0,nan,nan,1.5000000000000002,10.0,0.0,0.0,10.0,0.85,CORE,MAIN,1.2162600773888337,0.2290825751717841,0.6,0.174,-58314.14165099835,STRUCTURAL,-0.9232066651697466,-208760.76534009964,30000.0,0,0,0,0,0,0,0,inf,inf,NA,1,5,5,5,24,6,0,0,CONTINUE,0,A,1,1,0,KEEP_STRUCTURAL_IN_ON_CUT,2,3,0,0,"tail_cont_enabled=1 tail_active_dims=(1,) tail_delta=0.1 tail_start=(6, 6, 6) returned_y=(0, 4, 3) returned_b=(0, 0, 0) returned_u=(0, 0, 0) returned_zcap=(0, 4, 3) max_tail_u=0",NA
120,P1_no_rho,193,1787.1108641000465,5.68939740001224,8.181835200055502,0.15352739999070764,0.01,54459.318193224026,54459.318193224026,-72582.6269690783,-53526.33519473294,0.0,-25123.30705274422,-78663.29263849264,-78663.27725158684,-58314.14165099835,-25123.30705274422,33190.83459825412,33190.83459825412,-24220.739460246405,39257.5,nan,nan,1.5000000000000002,10.0,0.0,0.0,10.0,0.85,CORE,MAIN,1.2159998852081335,0.2619803389052393,0.6,0.174,-58314.14165099835,STRUCTURAL,-0.9245373544985529,-208760.76534009964,30000.0,0,0,0,0,0,0,0,inf,inf,NA,1,5,5,5,24,6,0,0,CONTINUE,0,A,1,1,0,KEEP_STRUCTURAL_IN_ON_CUT,2,3,0,0,"tail_cont_enabled=1 tail_active_dims=(1,) tail_delta=0.1 tail_start=(6, 6, 6) returned_y=(6, 0, 2) returned_b=(1, 0, 0) returned_u=(0, 0, 0) returned_zcap=(6, 0, 2) max_tail_u=0",NA
120,P1_no_rho,194,1794.721641400014,5.68939740001224,7.61011090001557,0.15698329999577254,0.01,58580.76756689537,58580.76756689537,-72582.6269690783,-52908.11778868224,0.0,-25123.30705274422,-80853.76684784758,-80853.75106839901,-58314.14165099835,-25123.30705274422,33190.83459825412,33190.83459825412,-25508.304391289603,39739.5,nan,nan,1.5000000000000002,10.0,0.0,0.0,10.0,0.85,CORE,MAIN,1.2153998760303095,0.2590560739481853,0.6,0.174,-58314.14165099835,STRUCTURAL,-0.9284707772218137,-208760.76534009964,30000.0,0,0,0,0,0,0,0,inf,inf,NA,1,5,5,5,24,6,0,0,CONTINUE,0,A,1,1,0,KEEP_STRUCTURAL_IN_ON_CUT,2,3,0,0,"tail_cont_enabled=1 tail_active_dims=(1,) tail_delta=0.1 tail_start=(6, 6, 6) returned_y=(6, 0, 2) returned_b=(1, 0, 0) returned_u=(0, 0, 0) returned_zcap=(6, 0, 2) max_tail_u=0",NA
