S,algo,t,wall_time_sec,init_time_sec,outer_iter_time_sec,inner_time_sec,eps_in_t,eta_t_star,eta_out,eta_in,eta_sep,eta_cap,eta_bracket,inner_lb,inner_ub,global_lb,global_ub,outer_gap,objective_cert_gap,best_ub_primal_obj,best_ub_primal_residual,returned_primal_obj,returned_primal_residual,lambda_inf,lambda_out_inf,lambda_in_inf,rho,theta,alpha_eff,phase_label,phase_reason,center_inf,center_step,anchor_mix,directional_beta,dual_inc_eta,sep_anchor_reason,alpha_signal,best_feas_eta,best_feas_residual,close_signal_streak,close_lock_counter,close_bc_count,close_case_c_count,close_reset_count,close_feas_lock_count,close_shadow_active,close_repaired_gap,close_repaired_residual,close_repaired_tag,inner_rnc_iters,inner_eval_calls,num_rnc_samples,num_rnc_kept_cuts,num_master_cuts,cut_added,outer_gap_certified,final_solution_found,stop_reason,sep_ok,case_label,sep_cut,out_cut,mispricing_streak,in_update_reason,add_geo,add_sup,add_rep,cap_promoted,z_best_ub,returned_z
120,P1_no_rho,1,14.058303100056946,5.637516900082119,8.420626300037839,4.208789699943736,0.01,0.0,0.0,-68403.76567522435,0.0,0.0,-24219.2719492383,-68403.76567522435,-68403.75516408801,-68403.76567522435,-24219.2719492383,44184.493725986045,44184.493725986045,-68403.75516408801,82320.0,nan,nan,0.0,0.0,0.0,0.0,10.0,0.0,HEADING_IN,WARMUP,0.0,0.0,0.8,0.0,-68403.76567522435,BOOT_NONE,0.0,-68403.76567522435,82320.0,0,0,0,0,0,0,0,inf,inf,NA,1,2,2,2,2,5,0,0,CONTINUE,0,A,1,1,0,BOOT_VALID_FROM_CUT,2,2,0,0,"tail_cont_enabled=1 tail_active_dims=(1,) tail_delta=0.1 tail_start=(6, 6, 6) returned_y=(0, 0, 0) returned_b=(0, 0, 0) returned_u=(0, 0, 0) returned_zcap=(0, 0, 0) max_tail_u=0",NA
120,P1_no_rho,2,17.783324300078675,5.637516900082119,3.724738600081764,1.4185430000070482,0.01,526872.244835912,526872.244835912,-68403.76567522435,348289.4416825711,0.0,-24219.2719492383,-192029.62659667194,-192029.53991737458,-68403.76567522435,-24219.2719492383,44184.493725986045,44184.493725986045,1170.4600826254084,27600.0,nan,nan,7.0,10.0,0.0,0.0,10.0,0.3,HEADING_IN,WARMUP,0.2653929020298533,0.2653929020298533,0.8,0.0,-68403.76567522435,STRUCTURAL,-1.0,-192029.62659667194,27600.0,0,0,0,0,0,0,0,inf,inf,NA,1,2,2,2,4,5,0,0,CONTINUE,0,A,1,1,0,KEEP_STRUCTURAL_IN_ON_CUT,2,2,0,0,"tail_cont_enabled=1 tail_active_dims=(1,) tail_delta=0.1 tail_start=(6, 6, 6) returned_y=(4, 4, 0) returned_b=(0, 0, 0) returned_u=(0, 0, 0) returned_zcap=(4, 4, 0) max_tail_u=0",NA
120,P1_no_rho,3,20.614640000043437,5.637516900082119,2.8306050000246614,0.12582159996964037,0.01,49094.46008262541,49094.46008262541,-68403.76567522435,13844.992355270479,0.0,-24219.2719492383,-381468.4614751312,-381468.3792176485,-68403.76567522435,-24219.2719492383,44184.493725986045,44184.493725986045,-24928.279218173524,51840.0,nan,nan,7.0,10.0,0.0,0.0,10.0,0.3,HEADING_IN,WARMUP,0.4760955009400375,0.23666605344683941,0.8,0.0,-68403.76567522435,STRUCTURAL,-0.9825289351837385,-192029.62659667194,27600.0,0,0,0,0,0,0,0,inf,inf,NA,2,3,3,3,6,7,0,0,CONTINUE,0,A,1,1,0,KEEP_STRUCTURAL_IN_ON_CUT,2,3,1,0,"tail_cont_enabled=1 tail_active_dims=(1,) tail_delta=0.1 tail_start=(6, 6, 6) returned_y=(6, 0, 1) returned_b=(1, 0, 0) returned_u=(0, 0, 0) returned_zcap=(6, 0, 1) max_tail_u=0",NA
120,P1_no_rho,4,25.376537700067274,5.637516900082119,4.761215800070204,0.15134400001261383,0.01,49094.46008262541,49094.46008262541,-68403.76567522435,13844.992355270479,0.0,-24219.2719492383,-411216.87267168966,-411216.79151659476,-68403.76567522435,-24219.2719492383,44184.493725986045,44184.493725986045,-22836.491518169743,58200.0,nan,nan,7.0,10.0,0.0,0.0,10.0,0.3,HEADING_IN,WARMUP,0.9280075541559197,0.45191205321588224,0.8,0.0,-68403.76567522435,STRUCTURAL,-0.9533144329858246,-192029.62659667194,27600.0,0,0,0,0,0,0,0,inf,inf,NA,2,4,4,4,10,7,0,0,CONTINUE,0,A,1,1,0,KEEP_STRUCTURAL_IN_ON_CUT,2,3,1,0,"tail_cont_enabled=1 tail_active_dims=(1,) tail_delta=0.1 tail_start=(6, 6, 6) returned_y=(0, 5, 3) returned_b=(0, 0, 0) returned_u=(0, 0, 0) returned_zcap=(0, 5, 3) max_tail_u=0",NA
120,P1_no_rho,5,40.394588400027715,5.637516900082119,15.017649699933827,0.17706210003234446,0.01,-5728.500373036325,-5728.500373036325,-68403.76567522435,-24531.079963692733,0.0,-24467.421877505465,-134547.12196980466,-134547.0941084172,-68403.76567522435,-24467.421877505465,43936.34379771889,43936.34379771887,-59710.83089586121,62580.5,nan,nan,7.0,10.0,0.0,0.0,10.0,0.3,HEADING_IN,WARMUP,1.3085142010607433,0.5928079517399288,0.8,0.0,-68403.76567522435,STRUCTURAL,-0.17083428136002196,-192029.62659667194,27600.0,0,0,0,0,0,0,0,inf,inf,NA,2,5,5,5,14,7,0,0,CONTINUE,0,A,1,1,0,KEEP_STRUCTURAL_IN_ON_CUT,2,3,1,0,"tail_cont_enabled=1 tail_active_dims=(1,) tail_delta=0.1 tail_start=(6, 6, 6) returned_y=(0, 0, 6) returned_b=(0, 0, 1) returned_u=(0, 0, 0) returned_zcap=(0, 0, 6) max_tail_u=0",NA
120,P1_no_rho,6,44.08392270002514,5.637516900082119,3.6888400999596342,0.19336539995856583,0.01,-6739.705169287315,-6739.705169287315,-68403.76567522435,-25238.923321068425,0.0,-24467.421877505465,-198965.1882086101,-198965.14194072582,-68403.76567522435,-24467.421877505465,43936.34379771889,43936.34379771887,-47855.916789573384,55920.0,nan,nan,7.0,10.0,0.0,0.0,10.0,0.3,HEADING_IN,WARMUP,1.2308050560910822,0.5000052391466225,0.8,0.0,-68403.76567522435,STRUCTURAL,-0.3860341946432467,-192029.62659667194,27600.0,0,0,0,0,0,0,0,inf,inf,NA,1,5,5,5,18,6,0,0,CONTINUE,0,A,1,1,0,KEEP_STRUCTURAL_IN_ON_CUT,2,3,0,0,"tail_cont_enabled=1 tail_active_dims=(1,) tail_delta=0.1 tail_start=(6, 6, 6) returned_y=(0, 0, 6) returned_b=(0, 0, 1) returned_u=(0, 0, 0) returned_zcap=(0, 0, 6) max_tail_u=0",NA
120,P1_no_rho,7,49.15964840003289,5.637516900082119,5.075183199951425,0.22781189996749163,0.01,-6987.289865371321,-6987.289865371321,-68403.76567522435,-25412.232608327227,0.0,-24467.421877505465,-316090.04550066136,-316089.96717112215,-68403.76567522435,-24467.421877505465,43936.34379771889,43936.34379771887,-36371.610988475906,46190.5,nan,nan,7.0,10.0,0.0,0.0,10.0,0.3,HEADING_IN,WARMUP,1.5521591654188254,0.44755939901165914,0.8,0.0,-68403.76567522435,STRUCTURAL,-0.8651078721587658,-192029.62659667194,27600.0,0,0,0,0,0,0,0,inf,inf,NA,1,5,5,5,21,6,0,0,CONTINUE,0,A,1,1,0,KEEP_STRUCTURAL_IN_ON_CUT,2,3,0,0,"tail_cont_enabled=1 tail_active_dims=(1,) tail_delta=0.1 tail_start=(6, 6, 6) returned_y=(0, 0, 6) returned_b=(0, 0, 1) returned_u=(0, 0, 0) returned_zcap=(0, 0, 6) max_tail_u=0",NA
120,P1_no_rho,8,53.244647299987264,5.637516900082119,4.084442899911664,0.17164810001850128,0.01,-5455.86610366557,-5455.86610366557,-68403.76567522435,-24340.235975133204,0.0,-24467.421877505465,-318000.6716212778,-318000.59165331343,-68403.76567522435,-24467.421877505465,43936.34379771889,43936.34379771887,-39227.37773598578,49621.0,nan,nan,7.0,10.0,0.0,0.0,10.0,0.3,HEADING_IN,WARMUP,1.853815052252138,0.7060432483632371,0.8,0.0,-68403.76567522435,STRUCTURAL,-0.8025784414931686,-192029.62659667194,27600.0,0,0,0,0,0,0,0,inf,inf,NA,1,5,5,5,21,6,0,0,CONTINUE,0,A,1,1,0,KEEP_STRUCTURAL_IN_ON_CUT,2,3,0,0,"tail_cont_enabled=1 tail_active_dims=(1,) tail_delta=0.1 tail_start=(6, 6, 6) returned_y=(0, 0, 6) returned_b=(0, 0, 1) returned_u=(0, 0, 0) returned_zcap=(0, 0, 6) max_tail_u=0",NA
120,P1_no_rho,9,57.42421710002236,5.637516900082119,4.179075699998066,0.20388100005220622,0.01,170925.92833161907,170925.92833161907,-68403.76567522435,-32504.31157419783,0.0,-24467.421877505465,-79335.41623743458,-79335.40224246707,-68403.76567522435,-24467.421877505465,43936.34379771889,43936.34379771887,-17996.454177152144,44055.0,nan,nan,1.5000000000000002,10.0,0.0,0.0,10.0,0.85,CORE,FORCE_CORE,1.5607146441174016,0.6509564948909157,0.6,0.174,-68403.76567522435,STRUCTURAL,-0.9282177288285843,-192029.62659667194,27600.0,0,0,0,0,0,0,0,inf,inf,NA,2,6,6,6,21,7,0,0,CONTINUE,0,A,1,1,0,KEEP_STRUCTURAL_IN_ON_CUT,2,3,1,0,"tail_cont_enabled=1 tail_active_dims=(1,) tail_delta=0.1 tail_start=(6, 6, 6) returned_y=(2, 6, 0) returned_b=(0, 1, 0) returned_u=(0, 0.1, 0) returned_zcap=(2, 6.1, 0) max_tail_u=0.1",NA
120,P1_no_rho,10,68.74768510006834,5.637516900082119,11.322889000060968,0.16865870007313788,0.01,88243.94483245656,88243.94483245656,-68403.76567522435,-44906.60909907221,0.0,-24467.421877505465,-78497.25413209299,-78497.23901029634,-68403.76567522435,-24467.421877505465,43936.34379771889,43936.34379771887,-24024.32318313581,42563.0,nan,nan,1.5000000000000002,10.0,0.0,0.0,10.0,0.85,CORE,FORCE_CORE,1.2513124163504346,0.5207312523423493,0.6,0.174,-68403.76567522435,STRUCTURAL,-0.853212349179029,-192029.62659667194,27600.0,0,0,0,0,0,0,0,inf,inf,NA,1,5,5,5,22,6,0,0,CONTINUE,0,A,1,1,0,KEEP_STRUCTURAL_IN_ON_CUT,2,3,0,0,"tail_cont_enabled=1 tail_active_dims=(1,) tail_delta=0.1 tail_start=(6, 6, 6) returned_y=(0, 0, 6) returned_b=(0, 0, 1) returned_u=(0, 0, 0) returned_zcap=(0, 0, 6) max_tail_u=0",NA
120,P1_no_rho,11,72.23700680001639,5.637516900082119,3.4884667999576777,0.20036060002166778,0.01,92308.1982127343,92308.1982127343,-68403.76567522435,-44296.971092030544,0.0,-24467.421877505465,-67412.85085592532,-67412.8374853385,-67412.85085592532,-24467.421877505465,42945.42897841986,42945.42897841985,-20978.386384434463,37015.0,nan,nan,1.5000000000000002,10.0,0.0,0.0,10.0,0.85,CORE,FORCE_CORE,1.2397282156047336,0.6123644842890468,0.6,0.174,-67412.85085592532,STRUCTURAL,-0.8363177288649474,-192029.62659667194,27600.0,0,0,0,0,0,0,0,inf,inf,NA,2,6,6,6,22,7,0,0,CONTINUE,0,A,1,1,0,KEEP_STRUCTURAL_IN_ON_CUT,2,3,1,0,"tail_cont_enabled=1 tail_active_dims=(1,) tail_delta=0.1 tail_start=(6, 6, 6) returned_y=(0, 2, 5) returned_b=(0, 0, 0) returned_u=(0, 0, 0) returned_zcap=(0, 2, 5) max_tail_u=0",NA
120,P1_no_rho,12,75.36908620002214,5.637516900082119,3.1314230000134557,0.17407720000483096,0.01,64948.27198803383,64948.27198803383,-68403.76567522435,-48400.960025735614,0.0,-24467.421877505465,-65058.50439085498,-65058.491159138495,-65058.50439085498,-24467.421877505465,40591.08251334951,40591.0825133495,-17202.22272733757,33921.5,nan,nan,1.5000000000000002,10.0,0.0,0.0,10.0,0.85,CORE,FORCE_CORE,1.2224276281934716,0.5814424328383273,0.6,0.12,-65058.50439085498,STRUCTURAL,-0.9405297216966807,-192029.62659667194,27600.0,0,0,0,0,0,0,0,inf,inf,NA,1,5,5,5,23,6,0,0,CONTINUE,0,A,1,1,0,KEEP_STRUCTURAL_IN_ON_CUT,2,3,0,0,"tail_cont_enabled=1 tail_active_dims=(1,) tail_delta=0.1 tail_start=(6, 6, 6) returned_y=(0, 2, 5) returned_b=(0, 0, 0) returned_u=(0, 0, 0) returned_zcap=(0, 2, 5) max_tail_u=0",NA
120,P1_no_rho,13,79.42891820007935,5.637516900082119,4.059302999987267,0.1932691999245435,0.01,23100.91450492778,23100.91450492778,-68403.76567522435,-54678.063648201525,0.0,-24467.421877505465,-67436.8408049063,-67436.82728635774,-65058.50439085498,-24467.421877505465,40591.08251334951,40591.0825133495,-19942.02180981465,34434.5,nan,nan,1.5000000000000002,10.0,0.0,0.0,10.0,0.85,CORE,FORCE_CORE,1.214918517785932,0.45491750332304604,0.6,0.12,-65058.50439085498,STRUCTURAL,-0.9195197738032708,-192029.62659667194,27600.0,0,0,0,0,0,0,0,inf,inf,NA,2,6,6,6,23,7,0,0,CONTINUE,0,A,1,1,0,KEEP_STRUCTURAL_IN_ON_CUT,2,3,1,0,"tail_cont_enabled=1 tail_active_dims=(1,) tail_delta=0.1 tail_start=(6, 6, 6) returned_y=(0, 6, 2) returned_b=(0, 1, 0) returned_u=(0, 0.1, 0) returned_zcap=(0, 6.1, 2) max_tail_u=0.1",NA
120,P1_no_rho,14,85.21290000004228,5.637516900082119,5.783462599967606,0.20984490006230772,0.01,12117.37964939857,12117.37964939857,-68403.76567522435,-56325.59387653091,0.0,-24467.421877505465,-90172.85422406158,-90172.83712730423,-65058.50439085498,-24467.421877505465,40591.08251334951,40591.0825133495,-31226.45241617555,42220.0,nan,nan,1.5000000000000002,10.0,0.0,0.0,10.0,0.85,CORE,FORCE_CORE,1.2080766493475152,0.299215385742738,0.6,0.13799999999999998,-65058.50439085498,STRUCTURAL,-0.9307813786693295,-192029.62659667194,27600.0,0,0,0,0,0,0,0,inf,inf,NA,2,6,6,6,24,6,0,0,CONTINUE,0,A,1,1,0,KEEP_STRUCTURAL_IN_ON_CUT,2,3,0,0,"tail_cont_enabled=1 tail_active_dims=(1,) tail_delta=0.1 tail_start=(6, 6, 6) returned_y=(0, 5, 3) returned_b=(0, 0, 0) returned_u=(0, 0, 0) returned_zcap=(0, 5, 3) max_tail_u=0",NA
120,P1_no_rho,15,102.44980200007558,5.637516900082119,17.236289500026032,0.18976440001279116,0.01,7278.622220707463,7278.622220707463,-68403.76567522435,-57051.40749083457,0.0,-24467.421877505465,-70446.61944067167,-70446.60530703061,-65058.50439085498,-24467.421877505465,40591.08251334951,40591.0825133495,-21924.649352511304,36159.5,nan,nan,1.5000000000000002,10.0,0.0,0.0,10.0,0.85,CORE,MAIN,1.2054178293975717,0.2755890957068059,0.6,0.156,-65058.50439085498,STRUCTURAL,-0.8945912038702468,-192029.62659667194,27600.0,0,0,0,0,0,0,0,inf,inf,NA,1,5,5,5,24,6,0,0,CONTINUE,0,A,1,1,0,KEEP_STRUCTURAL_IN_ON_CUT,2,3,0,0,"tail_cont_enabled=1 tail_active_dims=(1,) tail_delta=0.1 tail_start=(6, 6, 6) returned_y=(0, 5, 3) returned_b=(0, 0, 0) returned_u=(0, 0, 0) returned_zcap=(0, 5, 3) max_tail_u=0",NA
120,P1_no_rho,16,107.00528230005875,5.637516900082119,4.554834800073877,0.19040780002251267,0.01,100857.67402638335,100857.67402638335,-68403.76567522435,-43014.54971998319,0.0,-24467.421877505465,-94865.90689683367,-94865.89028769878,-65058.50439085498,-24467.421877505465,40591.08251334951,40591.0825133495,-26816.003274800227,47505.0,nan,nan,1.5000000000000002,10.0,0.0,0.0,10.0,0.85,CORE,MAIN,1.1995350965469784,0.23509654183229967,0.6,0.174,-65058.50439085498,STRUCTURAL,-0.9549856087134483,-192029.62659667194,27600.0,0,0,0,0,0,0,0,inf,inf,NA,2,6,6,6,24,7,0,0,CONTINUE,0,A,1,1,0,KEEP_STRUCTURAL_IN_ON_CUT,2,3,1,0,"tail_cont_enabled=1 tail_active_dims=(1,) tail_delta=0.1 tail_start=(6, 6, 6) returned_y=(6, 1, 0) returned_b=(1, 0, 0) returned_u=(0, 0, 0) returned_zcap=(6, 1, 0) max_tail_u=0",NA
120,P1_no_rho,17,110.73369710007682,5.637516900082119,3.72749289998319,0.18587289995048195,0.01,82062.22849213015,82062.22849213015,-68403.76567522435,-45833.866550121165,0.0,-24467.421877505465,-88611.8250771827,-88611.80910615693,-65058.50439085498,-24467.421877505465,40591.08251334951,40591.0825133495,-27506.190176073007,46269.0,nan,nan,1.5000000000000002,10.0,0.0,0.0,10.0,0.85,CORE,MAIN,1.1933339330578652,0.24830077519903315,0.6,0.174,-65058.50439085498,STRUCTURAL,-0.8804400200290177,-192029.62659667194,27600.0,0,0,0,0,0,0,0,inf,inf,NA,2,6,6,6,25,6,0,0,CONTINUE,0,A,1,1,0,KEEP_STRUCTURAL_IN_ON_CUT,2,3,0,0,"tail_cont_enabled=1 tail_active_dims=(1,) tail_delta=0.1 tail_start=(6, 6, 6) returned_y=(6, 0, 1) returned_b=(1, 0, 0) returned_u=(0, 0, 0) returned_zcap=(6, 0, 1) max_tail_u=0",NA
120,P1_no_rho,18,120.80014629999641,5.637516900082119,10.065666200011037,0.2178547999355942,0.01,60856.297428970756,60856.297428970756,-68403.76567522435,-49014.75620959508,0.0,-24467.421877505465,-68862.13778477171,-68862.12353635431,-65058.50439085498,-24467.421877505465,40591.08251334951,40591.0825133495,-20608.130897754567,33822.0,nan,nan,1.5000000000000002,10.0,0.0,0.0,10.0,0.85,CORE,MAIN,1.1939814150468464,0.25854372469982667,0.6,0.174,-65058.50439085498,STRUCTURAL,-0.951136196136632,-192029.62659667194,27600.0,0,0,0,0,0,0,0,inf,inf,NA,2,6,6,6,25,7,0,0,CONTINUE,0,A,1,1,0,KEEP_STRUCTURAL_IN_ON_CUT,2,3,1,0,"tail_cont_enabled=1 tail_active_dims=(1,) tail_delta=0.1 tail_start=(6, 6, 6) returned_y=(2, 4, 2) returned_b=(0, 0, 0) returned_u=(0, 0, 0) returned_zcap=(2, 4, 2) max_tail_u=0",NA
120,P1_no_rho,19,128.37390520004556,5.637516900082119,7.573211699957028,0.1713907999219373,0.01,68984.02829822533,68984.02829822533,-68403.76567522435,-47795.59657920689,0.0,-24467.421877505465,-69983.05144566987,-69983.03728089631,-65058.50439085498,-24467.421877505465,40591.08251334951,40591.0825133495,-20402.612035420716,39221.0,nan,nan,1.5000000000000002,10.0,0.0,0.0,10.0,0.85,CORE,MAIN,1.1967049334851327,0.26510023856067877,0.6,0.174,-65058.50439085498,STRUCTURAL,-0.8427530361366885,-192029.62659667194,27600.0,0,0,0,0,0,0,0,inf,inf,NA,1,5,5,5,26,6,0,0,CONTINUE,0,A,1,1,0,KEEP_STRUCTURAL_IN_ON_CUT,2,3,0,0,"tail_cont_enabled=1 tail_active_dims=(1,) tail_delta=0.1 tail_start=(6, 6, 6) returned_y=(0, 0, 6) returned_b=(0, 0, 1) returned_u=(0, 0, 0) returned_zcap=(0, 0, 6) max_tail_u=0",NA
120,P1_no_rho,20,157.47105849999934,5.637516900082119,29.0965947000077,0.1890062999445945,0.01,74784.48143475746,74784.48143475746,-68403.76567522435,-46925.52860872707,0.0,-24467.421877505465,-75949.79189185737,-75949.77667738407,-65058.50439085498,-24467.421877505465,40591.08251334951,40591.0825133495,-23350.785884514702,37060.0,nan,nan,1.5000000000000002,10.0,0.0,0.0,10.0,0.85,CORE,MAIN,1.1990019032882322,0.25520414785117107,0.6,0.174,-65058.50439085498,STRUCTURAL,-0.9461951932518325,-192029.62659667194,27600.0,0,0,0,0,0,0,0,inf,inf,NA,2,6,6,6,26,7,0,0,CONTINUE,0,A,1,1,0,KEEP_STRUCTURAL_IN_ON_CUT,2,3,1,0,"tail_cont_enabled=1 tail_active_dims=(1,) tail_delta=0.1 tail_start=(6, 6, 6) returned_y=(2, 1, 4) returned_b=(0, 0, 0) returned_u=(0, 0, 0) returned_zcap=(2, 1, 4) max_tail_u=0",NA
120,P1_no_rho,21,170.18068009999115,5.637516900082119,12.708945099962875,0.18444380001164973,0.01,39922.769104595645,39922.769104595645,-68403.76567522435,-52154.78545825135,0.0,-24467.421877505465,-60176.80416325025,-60176.791171080076,-60176.80416325025,-24467.421877505465,35709.38228574478,35709.382285744774,-14327.271865266956,31758.5,nan,nan,1.5000000000000002,10.0,0.0,0.0,10.0,0.85,CORE,MAIN,1.1967022316086777,0.5372821766046233,0.6,0.174,-60176.80416325025,STRUCTURAL,-0.9624618985114352,-192029.62659667194,27600.0,0,0,0,0,0,0,0,inf,inf,NA,2,6,6,6,27,6,0,0,CONTINUE,0,A,1,1,0,KEEP_STRUCTURAL_IN_ON_CUT,2,3,0,0,"tail_cont_enabled=1 tail_active_dims=(1,) tail_delta=0.1 tail_start=(6, 6, 6) returned_y=(0, 5, 3) returned_b=(0, 0, 0) returned_u=(0, 0, 0) returned_zcap=(0, 5, 3) max_tail_u=0",NA
120,P1_no_rho,22,178.51841880008578,5.637516900082119,8.336286200094037,0.23145869991276413,0.01,62385.16964101073,62385.16964101073,-68403.76567522435,-48785.425377789084,0.0,-24467.421877505465,-78445.6588338128,-78445.6434656825,-60176.80416325025,-24467.421877505465,35709.38228574478,35709.382285744774,-24338.526561145463,38804.5,nan,nan,1.5000000000000002,10.0,0.0,0.0,10.0,0.85,CORE,MAIN,1.1941617828383582,0.38069999263151605,0.6,0.12,-60176.80416325025,STRUCTURAL,-0.929567737496717,-192029.62659667194,27600.0,0,0,0,0,0,0,0,inf,inf,NA,2,6,6,6,27,6,0,0,CONTINUE,0,A,1,1,0,KEEP_STRUCTURAL_IN_ON_CUT,2,3,0,0,"tail_cont_enabled=1 tail_active_dims=(1,) tail_delta=0.1 tail_start=(6, 6, 6) returned_y=(0, 6, 2) returned_b=(0, 1, 0) returned_u=(0, 0.1, 0) returned_zcap=(0, 6.1, 2) max_tail_u=0.1",NA
120,P1_no_rho,23,192.76418850000482,5.637516900082119,14.24512589990627,0.167831200058572,0.01,35661.991750520385,35661.991750520385,-68403.76567522435,-52793.902061362634,0.0,-24467.421877505465,-93542.65586156688,-93542.63802434894,-60176.80416325025,-24467.421877505465,35709.38228574478,35709.382285744774,-33843.51537174049,44811.0,nan,nan,1.5000000000000002,10.0,0.0,0.0,10.0,0.85,CORE,MAIN,1.188801210177555,0.29409978323157093,0.6,0.13799999999999998,-60176.80416325025,STRUCTURAL,-0.8881617259543184,-192029.62659667194,27600.0,0,0,0,0,0,0,0,inf,inf,NA,1,5,5,5,27,6,0,0,CONTINUE,0,A,1,1,0,KEEP_STRUCTURAL_IN_ON_CUT,2,3,0,0,"tail_cont_enabled=1 tail_active_dims=(1,) tail_delta=0.1 tail_start=(6, 6, 6) returned_y=(0, 6, 2) returned_b=(0, 1, 0) returned_u=(0, 0.1, 0) returned_zcap=(0, 6.1, 2) max_tail_u=0.1",NA
120,P1_no_rho,24,204.75722240004689,5.637516900082119,11.992528500035405,0.19581960001960397,0.01,27824.197078709978,27824.197078709978,-68403.76567522435,-53969.571262134195,0.0,-24467.421877505465,-81439.07146377624,-81439.05534997248,-60176.80416325025,-24467.421877505465,35709.38228574478,35709.382285744774,-26637.224600240363,40111.0,nan,nan,1.5000000000000002,10.0,0.0,0.0,10.0,0.85,CORE,MAIN,1.184280337656496,0.2893573830755486,0.6,0.156,-60176.80416325025,STRUCTURAL,-0.9108362751652849,-192029.62659667194,27600.0,0,0,0,0,0,0,0,inf,inf,NA,2,6,6,6,27,6,0,0,CONTINUE,0,A,1,1,0,KEEP_STRUCTURAL_IN_ON_CUT,2,3,0,0,"tail_cont_enabled=1 tail_active_dims=(1,) tail_delta=0.1 tail_start=(6, 6, 6) returned_y=(4, 4, 0) returned_b=(0, 0, 0) returned_u=(0, 0, 0) returned_zcap=(4, 4, 0) max_tail_u=0",NA
120,P1_no_rho,25,226.31866220000666,5.637516900082119,21.560867599910125,0.22155689995270222,0.01,65144.19245003294,65144.19245003294,-68403.76567522435,-48371.57195643575,0.0,-24467.421877505465,-78356.60967888556,-78356.59433375369,-60176.80416325025,-24467.421877505465,35709.38228574478,35709.382285744774,-23659.242934843685,40229.5,nan,nan,1.5000000000000002,10.0,0.0,0.0,10.0,0.85,CORE,MAIN,1.1811277220483871,0.2635241203587749,0.6,0.174,-60176.80416325025,STRUCTURAL,-0.9064219275061002,-192029.62659667194,27600.0,0,0,0,0,0,0,0,inf,inf,NA,2,6,6,6,27,6,0,0,CONTINUE,0,A,1,1,0,KEEP_STRUCTURAL_IN_ON_CUT,2,3,0,0,"tail_cont_enabled=1 tail_active_dims=(1,) tail_delta=0.1 tail_start=(6, 6, 6) returned_y=(6, 0, 1) returned_b=(1, 0, 0) returned_u=(0, 0, 0) returned_zcap=(6, 0, 1) max_tail_u=0",NA
120,P1_no_rho,26,233.2589186000405,5.637516900082119,6.939836799982004,0.17214730009436607,0.01,60664.67814024102,60664.67814024102,-68403.76567522435,-49043.49910290454,0.0,-24467.421877505465,-77468.34167275448,-77468.32619428351,-60176.80416325025,-24467.421877505465,35709.38228574478,35709.382285744774,-23761.5694970419,39680.5,nan,nan,1.5000000000000002,10.0,0.0,0.0,10.0,0.85,CORE,MAIN,1.1793377319690188,0.25676599264042754,0.6,0.174,-60176.80416325025,STRUCTURAL,-0.9023198917560952,-192029.62659667194,27600.0,0,0,0,0,0,0,0,inf,inf,NA,1,5,5,5,27,6,0,0,CONTINUE,0,A,1,1,0,KEEP_STRUCTURAL_IN_ON_CUT,2,3,0,0,"tail_cont_enabled=1 tail_active_dims=(1,) tail_delta=0.1 tail_start=(6, 6, 6) returned_y=(6, 0, 1) returned_b=(1, 0, 0) returned_u=(0, 0, 0) returned_zcap=(6, 0, 1) max_tail_u=0",NA
120,P1_no_rho,27,238.9052599000279,5.637516900082119,5.645763900014572,0.19509350007865578,0.01,42955.53934746084,42955.53934746084,-68403.76567522435,-51699.86992182156,0.0,-24467.421877505465,-84085.32610338698,-84085.30941540418,-60176.80416325025,-24467.421877505465,35709.38228574478,35709.382285744774,-27133.645805735985,41778.5,nan,nan,1.5000000000000002,10.0,0.0,0.0,10.0,0.85,CORE,MAIN,1.1901548080909996,0.24482842338703253,0.6,0.174,-60176.80416325025,STRUCTURAL,-0.9087874322864341,-192029.62659667194,27600.0,0,0,0,0,0,0,0,inf,inf,NA,2,6,6,6,27,6,0,0,CONTINUE,0,A,1,1,0,KEEP_STRUCTURAL_IN_ON_CUT,2,3,0,0,"tail_cont_enabled=1 tail_active_dims=(1,) tail_delta=0.1 tail_start=(6, 6, 6) returned_y=(0, 0, 6) returned_b=(0, 0, 1) returned_u=(0, 0, 0) returned_zcap=(0, 0, 6) max_tail_u=0",NA
120,P1_no_rho,28,243.0680461000884,5.637516900082119,4.162207300076261,0.18851140001788735,0.01,123114.28988783904,123114.28988783904,-68403.76567522435,-39676.05734076483,0.0,-24467.421877505465,-65964.25744812081,-65964.24364745589,-60176.80416325025,-24467.421877505465,35709.38228574478,35709.382285744774,-16663.701449080396,34427.0,nan,nan,1.5000000000000002,10.0,0.0,0.0,10.0,0.85,CORE,MAIN,1.191996566224442,0.28217464115422486,0.6,0.174,-60176.80416325025,STRUCTURAL,-0.9546875455964889,-192029.62659667194,27600.0,0,0,0,0,0,0,0,inf,inf,NA,2,6,6,6,27,6,0,0,CONTINUE,0,A,1,1,0,KEEP_STRUCTURAL_IN_ON_CUT,2,3,0,0,"tail_cont_enabled=1 tail_active_dims=(1,) tail_delta=0.1 tail_start=(6, 6, 6) returned_y=(0, 2, 5) returned_b=(0, 0, 0) returned_u=(0, 0, 0) returned_zcap=(0, 2, 5) max_tail_u=0",NA
120,P1_no_rho,29,247.8119999000337,5.637516900082119,4.7433026999933645,0.16180340002756566,0.01,66999.44049060438,66999.44049060438,-68403.76567522435,-48093.28475035004,0.0,-24467.421877505465,-83768.82983307481,-83768.81323596019,-60176.80416325025,-24467.421877505465,35709.38228574478,35709.382285744774,-27660.468056283025,39692.0,nan,nan,1.5000000000000002,10.0,0.0,0.0,10.0,0.85,CORE,MAIN,1.1920724107958551,0.24092704556584477,0.6,0.174,-60176.80416325025,STRUCTURAL,-0.9423955319237657,-192029.62659667194,27600.0,0,0,0,0,0,0,0,inf,inf,NA,1,5,5,5,27,6,0,0,CONTINUE,0,A,1,1,0,KEEP_STRUCTURAL_IN_ON_CUT,2,3,0,0,"tail_cont_enabled=1 tail_active_dims=(1,) tail_delta=0.1 tail_start=(6, 6, 6) returned_y=(0, 2, 5) returned_b=(0, 0, 0) returned_u=(0, 0, 0) returned_zcap=(0, 2, 5) max_tail_u=0",NA
120,P1_no_rho,30,259.35727690008935,5.637516900082119,11.544633000041358,0.15711139992345124,0.01,39174.17412248957,39174.17412248957,-68403.76567522435,-52267.074705567255,0.0,-24467.421877505465,-59926.47678149237,-59926.46367425929,-59926.47678149237,-24467.421877505465,35459.05490398691,35459.05490398689,-15413.41194002788,33630.0,nan,nan,1.5000000000000002,10.0,0.0,0.0,10.0,0.85,CORE,MAIN,1.1917114324607359,0.5045356773353131,0.6,0.174,-59926.47678149237,STRUCTURAL,-0.882407606982484,-192029.62659667194,27600.0,0,0,0,0,0,0,0,inf,inf,NA,1,5,5,5,27,6,0,0,CONTINUE,0,A,1,1,0,KEEP_STRUCTURAL_IN_ON_CUT,2,3,0,0,"tail_cont_enabled=1 tail_active_dims=(1,) tail_delta=0.1 tail_start=(6, 6, 6) returned_y=(6, 0, 1) returned_b=(1, 0, 0) returned_u=(0, 0, 0) returned_zcap=(6, 0, 1) max_tail_u=0",NA
120,P1_no_rho,31,264.2556230000919,5.637516900082119,4.897530300077051,0.1607623000163585,0.01,43471.24071223235,43471.24071223235,-68403.76567522435,-51622.51471710584,0.0,-24467.421877505465,-79842.56325936597,-79842.54737071272,-59926.47678149237,-24467.421877505465,35459.05490398691,35459.05490398689,-25277.174383227615,39144.5,nan,nan,1.5000000000000002,10.0,0.0,0.0,10.0,0.85,CORE,MAIN,1.1894224174249923,0.3804488018940661,0.6,0.174,-59926.47678149237,STRUCTURAL,-0.9292982494345328,-192029.62659667194,27600.0,0,0,0,0,0,0,0,inf,inf,NA,1,5,5,5,27,6,0,0,CONTINUE,0,A,1,1,0,KEEP_STRUCTURAL_IN_ON_CUT,2,3,0,0,"tail_cont_enabled=1 tail_active_dims=(1,) tail_delta=0.1 tail_start=(6, 6, 6) returned_y=(4, 4, 0) returned_b=(0, 0, 0) returned_u=(0, 0, 0) returned_zcap=(4, 4, 0) max_tail_u=0",NA
120,P1_no_rho,32,272.9170775000239,5.637516900082119,8.66095619997941,0.1875426999758929,0.01,52364.28188512755,52364.28188512755,-68403.76567522435,-50288.55854117156,0.0,-24467.421877505465,-81481.84627497909,-81481.83028918055,-59926.47678149237,-24467.421877505465,35459.05490398691,35459.05490398689,-26959.56072442043,38419.0,nan,nan,1.5000000000000002,10.0,0.0,0.0,10.0,0.85,CORE,MAIN,1.1863641106997322,0.3024170437763832,0.6,0.174,-59926.47678149237,STRUCTURAL,-0.9460990580140058,-192029.62659667194,27600.0,0,0,0,0,0,0,0,inf,inf,NA,2,6,6,6,27,6,0,0,CONTINUE,0,A,1,1,0,KEEP_STRUCTURAL_IN_ON_CUT,2,3,0,0,"tail_cont_enabled=1 tail_active_dims=(1,) tail_delta=0.1 tail_start=(6, 6, 6) returned_y=(2, 4, 2) returned_b=(0, 0, 0) returned_u=(0, 0, 0) returned_zcap=(2, 4, 2) max_tail_u=0",NA
120,P1_no_rho,33,282.50453670008574,5.637516900082119,9.586958500090986,0.1610932000912726,0.01,52044.781783354476,52044.781783354476,-68403.76567522435,-50336.483556437524,0.0,-24467.421877505465,-73021.12830283897,-73021.11347122007,-59926.47678149237,-24467.421877505465,35459.05490398691,35459.05490398689,-22544.814049703848,37072.5,nan,nan,1.5000000000000002,10.0,0.0,0.0,10.0,0.85,CORE,MAIN,1.1858008772021071,0.26606169174778405,0.6,0.174,-59926.47678149237,STRUCTURAL,-0.9077042627557032,-192029.62659667194,27600.0,0,0,0,0,0,0,0,inf,inf,NA,1,5,5,5,27,6,0,0,CONTINUE,0,A,1,1,0,KEEP_STRUCTURAL_IN_ON_CUT,2,3,0,0,"tail_cont_enabled=1 tail_active_dims=(1,) tail_delta=0.1 tail_start=(6, 6, 6) returned_y=(0, 2, 5) returned_b=(0, 0, 0) returned_u=(0, 0, 0) returned_zcap=(0, 2, 5) max_tail_u=0",NA
120,P1_no_rho,34,292.52144180005416,5.637516900082119,10.016483500017785,0.15706640004646033,0.01,34163.3191929716,34163.3191929716,-68403.76567522435,-53018.702944994955,0.0,-24467.421877505465,-79924.97689735706,-79924.96092242493,-59926.47678149237,-24467.421877505465,35459.05490398691,35459.05490398689,-25745.928457419235,38190.5,nan,nan,1.5000000000000002,10.0,0.0,0.0,10.0,0.85,CORE,MAIN,1.1835345217563895,0.24665854023539424,0.6,0.174,-59926.47678149237,STRUCTURAL,-0.945768056890338,-192029.62659667194,27600.0,0,0,0,0,0,0,0,inf,inf,NA,1,5,5,5,27,6,0,0,CONTINUE,0,A,1,1,0,KEEP_STRUCTURAL_IN_ON_CUT,2,3,0,0,"tail_cont_enabled=1 tail_active_dims=(1,) tail_delta=0.1 tail_start=(6, 6, 6) returned_y=(0, 2, 5) returned_b=(0, 0, 0) returned_u=(0, 0, 0) returned_zcap=(0, 2, 5) max_tail_u=0",NA
120,P1_no_rho,35,310.2509139000904,5.637516900082119,17.728981200023554,0.17299559991806746,0.01,74173.55691921277,74173.55691921277,-68403.76567522435,-47017.16728605877,0.0,-24467.421877505465,-76567.47918186025,-76567.46395263591,-59926.47678149237,-24467.421877505465,35459.05490398691,35459.05490398689,-21942.361691606682,38677.5,nan,nan,1.5000000000000002,10.0,0.0,0.0,10.0,0.85,CORE,MAIN,1.1826119960538604,0.2535975973379683,0.6,0.174,-59926.47678149237,STRUCTURAL,-0.9415483120854798,-192029.62659667194,27600.0,0,0,0,0,0,0,0,inf,inf,NA,1,5,5,5,27,6,0,0,CONTINUE,0,A,1,1,0,KEEP_STRUCTURAL_IN_ON_CUT,2,3,0,0,"tail_cont_enabled=1 tail_active_dims=(1,) tail_delta=0.1 tail_start=(6, 6, 6) returned_y=(0, 2, 5) returned_b=(0, 0, 0) returned_u=(0, 0, 0) returned_zcap=(0, 2, 5) max_tail_u=0",NA
120,P1_no_rho,36,315.2993890000507,5.637516900082119,5.0479427999816835,0.16758170002140105,0.01,32515.710232301197,32515.710232301197,-68403.76567522435,-53265.84428909551,0.0,-24467.421877505465,-73725.34423461754,-73725.32910207179,-59926.47678149237,-24467.421877505465,35459.05490398691,35459.05490398689,-22320.871734699016,35867.5,nan,nan,1.5000000000000002,10.0,0.0,0.0,10.0,0.85,CORE,MAIN,1.1926950693630396,0.2508794400918142,0.6,0.174,-59926.47678149237,STRUCTURAL,-0.9554509861271394,-192029.62659667194,27600.0,0,0,0,0,0,0,0,inf,inf,NA,1,5,5,5,27,6,0,0,CONTINUE,0,A,1,1,0,KEEP_STRUCTURAL_IN_ON_CUT,2,3,0,0,"tail_cont_enabled=1 tail_active_dims=(1,) tail_delta=0.1 tail_start=(6, 6, 6) returned_y=(0, 2, 5) returned_b=(0, 0, 0) returned_u=(0, 0, 0) returned_zcap=(0, 2, 5) max_tail_u=0",NA
120,P1_no_rho,37,325.14595310005825,5.637516900082119,9.846038099960424,0.1613631999352947,0.01,99922.83177296033,99922.83177296033,-68403.76567522435,-43154.77605799664,0.0,-24467.421877505465,-66903.00472922612,-66902.99058237928,-59926.47678149237,-24467.421877505465,35459.05490398691,35459.05490398689,-17923.382968275706,35929.5,nan,nan,1.5000000000000002,10.0,0.0,0.0,10.0,0.85,CORE,MAIN,1.1969393833906758,0.27124758487444245,0.6,0.174,-59926.47678149237,STRUCTURAL,-0.9088095226133319,-192029.62659667194,27600.0,0,0,0,0,0,0,0,inf,inf,NA,1,5,5,5,27,6,0,0,CONTINUE,0,A,1,1,0,KEEP_STRUCTURAL_IN_ON_CUT,2,3,0,0,"tail_cont_enabled=1 tail_active_dims=(1,) tail_delta=0.1 tail_start=(6, 6, 6) returned_y=(6, 0, 1) returned_b=(1, 0, 0) returned_u=(0, 0, 0) returned_zcap=(6, 0, 1) max_tail_u=0",NA
120,P1_no_rho,38,334.03497480007354,5.637516900082119,8.888441400020383,0.18911060004029423,0.01,47602.138723917786,47602.138723917786,-68403.76567522435,-51002.880015353025,0.0,-24467.421877505465,-78999.2753926261,-78999.26001353934,-59926.47678149237,-24467.421877505465,35459.05490398691,35459.05490398689,-23453.33471843059,41539.5,nan,nan,1.5000000000000002,10.0,0.0,0.0,10.0,0.85,CORE,MAIN,1.1986042039694016,0.24796677360339525,0.6,0.174,-59926.47678149237,STRUCTURAL,-0.8914555269901135,-192029.62659667194,27600.0,0,0,0,0,0,0,0,inf,inf,NA,2,6,6,6,27,6,0,0,CONTINUE,0,A,1,1,0,KEEP_STRUCTURAL_IN_ON_CUT,2,3,0,0,"tail_cont_enabled=1 tail_active_dims=(1,) tail_delta=0.1 tail_start=(6, 6, 6) returned_y=(6, 1, 0) returned_b=(1, 0, 0) returned_u=(0, 0, 0) returned_zcap=(6, 1, 0) max_tail_u=0",NA
120,P1_no_rho,39,343.83462610002607,5.637516900082119,9.799212799989618,0.1696818999480456,0.01,40666.60088929702,40666.60088929702,-68403.76567522435,-52043.21069054614,0.0,-24467.421877505465,-75802.45995758956,-75802.44525431244,-59926.47678149237,-24467.421877505465,35459.05490398691,35459.05490398689,-21109.947476668327,38547.5,nan,nan,1.5000000000000002,10.0,0.0,0.0,10.0,0.85,CORE,MAIN,1.1993849861003576,0.25388858726231756,0.6,0.174,-59926.47678149237,STRUCTURAL,-0.9458892323781326,-192029.62659667194,27600.0,0,0,0,0,0,0,0,inf,inf,NA,1,5,5,5,27,6,0,0,CONTINUE,0,A,1,1,0,KEEP_STRUCTURAL_IN_ON_CUT,2,3,0,0,"tail_cont_enabled=1 tail_active_dims=(1,) tail_delta=0.1 tail_start=(6, 6, 6) returned_y=(4, 4, 0) returned_b=(0, 0, 0) returned_u=(0, 0, 0) returned_zcap=(4, 4, 0) max_tail_u=0",NA
120,P1_no_rho,40,365.92372740001883,5.637516900082119,22.087855499936268,0.17028739990200847,0.01,58396.288377082914,58396.288377082914,-68403.76567522435,-49383.757567378256,0.0,-24467.421877505465,-75473.0460834209,-75473.03076690197,-59926.47678149237,-24467.421877505465,35459.05490398691,35459.05490398689,-22938.93733958448,36025.0,nan,nan,1.5000000000000002,10.0,0.0,0.0,10.0,0.85,CORE,MAIN,1.2001053281478895,0.2551639477424458,0.6,0.174,-59926.47678149237,STRUCTURAL,-0.9721784580581543,-192029.62659667194,27600.0,0,0,0,0,0,0,0,inf,inf,NA,1,5,5,5,27,6,0,0,CONTINUE,0,A,1,1,0,KEEP_STRUCTURAL_IN_ON_CUT,2,3,0,0,"tail_cont_enabled=1 tail_active_dims=(1,) tail_delta=0.1 tail_start=(6, 6, 6) returned_y=(2, 4, 2) returned_b=(0, 0, 0) returned_u=(0, 0, 0) returned_zcap=(2, 4, 2) max_tail_u=0",NA
120,P1_no_rho,41,376.3373755000066,5.637516900082119,10.41277309996076,0.16045779990963638,0.01,45440.18821337755,45440.18821337755,-68403.76567522435,-51327.17259193406,0.0,-24467.421877505465,-78599.48735174155,-78599.47163600822,-59926.47678149237,-24467.421877505465,35459.05490398691,35459.05490398689,-25142.97841431786,38421.0,nan,nan,1.5000000000000002,10.0,0.0,0.0,10.0,0.85,CORE,MAIN,1.1998760720384383,0.23577550460136054,0.6,0.174,-59926.47678149237,STRUCTURAL,-0.9275568607738884,-192029.62659667194,27600.0,0,0,0,0,0,0,0,inf,inf,NA,1,5,5,5,27,6,0,0,CONTINUE,0,A,1,1,0,KEEP_STRUCTURAL_IN_ON_CUT,2,3,0,0,"tail_cont_enabled=1 tail_active_dims=(1,) tail_delta=0.1 tail_start=(6, 6, 6) returned_y=(4, 4, 0) returned_b=(0, 0, 0) returned_u=(0, 0, 0) returned_zcap=(4, 4, 0) max_tail_u=0",NA
120,P1_no_rho,42,387.79066570010036,5.637516900082119,11.45284519996494,0.21595159999560565,0.01,43554.67795902443,43554.67795902443,-68403.76567522435,-51609.999130087024,0.0,-24467.421877505465,-79900.4620116404,-79900.4461776442,-59926.47678149237,-24467.421877505465,35459.05490398691,35459.05490398689,-24296.11109359377,38899.0,nan,nan,1.5000000000000002,10.0,0.0,0.0,10.0,0.85,CORE,MAIN,1.1988078373223519,0.2527477691784914,0.6,0.174,-59926.47678149237,STRUCTURAL,-0.9529694008252215,-192029.62659667194,27600.0,0,0,0,0,0,0,0,inf,inf,NA,2,6,6,6,27,6,0,0,CONTINUE,0,A,1,1,0,KEEP_STRUCTURAL_IN_ON_CUT,2,3,0,0,"tail_cont_enabled=1 tail_active_dims=(1,) tail_delta=0.1 tail_start=(6, 6, 6) returned_y=(0, 5, 3) returned_b=(0, 0, 0) returned_u=(0, 0, 0) returned_zcap=(0, 5, 3) max_tail_u=0",NA
120,P1_no_rho,43,394.65907100006007,5.637516900082119,6.867706599994563,0.17587979999370873,0.01,56214.7724600654,56214.7724600654,-68403.76567522435,-49710.984954930886,0.0,-24467.421877505465,-73642.26834201928,-73642.25336072868,-59926.47678149237,-24467.421877505465,35459.05490398691,35459.05490398689,-21291.726669494594,36523.0,nan,nan,1.5000000000000002,10.0,0.0,0.0,10.0,0.85,CORE,MAIN,1.2035756304078566,0.24860001669441312,0.6,0.174,-59926.47678149237,STRUCTURAL,-0.9555718623193435,-192029.62659667194,27600.0,0,0,0,0,0,0,0,inf,inf,NA,1,5,5,5,27,6,0,0,CONTINUE,0,A,1,1,0,KEEP_STRUCTURAL_IN_ON_CUT,2,3,0,0,"tail_cont_enabled=1 tail_active_dims=(1,) tail_delta=0.1 tail_start=(6, 6, 6) returned_y=(0, 2, 5) returned_b=(0, 0, 0) returned_u=(0, 0, 0) returned_zcap=(0, 2, 5) max_tail_u=0",NA
120,P1_no_rho,44,404.7682793000713,5.637516900082119,10.108722900040448,0.18328709993511438,0.01,88586.76931517498,88586.76931517498,-68403.76567522435,-44855.185426664444,0.0,-24467.421877505465,-68288.31565358133,-68288.30122504216,-59926.47678149237,-24467.421877505465,35459.05490398691,35459.05490398689,-18584.070850302283,34715.0,nan,nan,1.5000000000000002,10.0,0.0,0.0,10.0,0.85,CORE,MAIN,1.2046871564326138,0.27154048756690097,0.6,0.174,-59926.47678149237,STRUCTURAL,-0.9545197633057732,-192029.62659667194,27600.0,0,0,0,0,0,0,0,inf,inf,NA,2,6,6,6,27,6,0,0,CONTINUE,0,A,1,1,0,KEEP_STRUCTURAL_IN_ON_CUT,2,3,0,0,"tail_cont_enabled=1 tail_active_dims=(1,) tail_delta=0.1 tail_start=(6, 6, 6) returned_y=(2, 1, 4) returned_b=(0, 0, 0) returned_u=(0, 0, 0) returned_zcap=(2, 1, 4) max_tail_u=0",NA
120,P1_no_rho,45,422.66817509999964,5.637516900082119,17.899469499941915,0.19993100001011044,0.01,52126.11362967631,52126.11362967631,-68403.76567522435,-50324.28377948925,0.0,-24467.421877505465,-78682.61604172383,-78682.6004870816,-59926.47678149237,-24467.421877505465,35459.05490398691,35459.05490398689,-23642.656013064676,40301.5,nan,nan,1.5000000000000002,10.0,0.0,0.0,10.0,0.85,CORE,MAIN,1.2042407332046794,0.25808278234817317,0.6,0.174,-59926.47678149237,STRUCTURAL,-0.9104697422183113,-192029.62659667194,27600.0,0,0,0,0,0,0,0,inf,inf,NA,2,6,6,6,27,6,0,0,CONTINUE,0,A,1,1,0,KEEP_STRUCTURAL_IN_ON_CUT,2,3,0,0,"tail_cont_enabled=1 tail_active_dims=(1,) tail_delta=0.1 tail_start=(6, 6, 6) returned_y=(6, 1, 0) returned_b=(1, 0, 0) returned_u=(0, 0, 0) returned_zcap=(6, 1, 0) max_tail_u=0",NA
120,P1_no_rho,46,431.2352519000415,5.637516900082119,8.566548699978739,0.15635780000593513,0.01,56616.159008182076,56616.159008182076,-68403.76567522435,-49650.77697271338,0.0,-24467.421877505465,-76187.52006946232,-76187.50482444034,-59926.47678149237,-24467.421877505465,35459.05490398691,35459.05490398689,-22182.96253909252,38295.0,nan,nan,1.5000000000000002,10.0,0.0,0.0,10.0,0.85,CORE,MAIN,1.203796432840938,0.2505630022870749,0.6,0.174,-59926.47678149237,STRUCTURAL,-0.9401495806301574,-192029.62659667194,27600.0,0,0,0,0,0,0,0,inf,inf,NA,1,5,5,5,27,6,0,0,CONTINUE,0,A,1,1,0,KEEP_STRUCTURAL_IN_ON_CUT,2,3,0,0,"tail_cont_enabled=1 tail_active_dims=(1,) tail_delta=0.1 tail_start=(6, 6, 6) returned_y=(4, 4, 0) returned_b=(0, 0, 0) returned_u=(0, 0, 0) returned_zcap=(4, 4, 0) max_tail_u=0",NA
120,P1_no_rho,47,439.3558172000339,5.637516900082119,8.12001049995888,0.19904520001728088,0.01,57911.761794566744,57911.761794566744,-68403.76567522435,-49456.43655475568,0.0,-24467.421877505465,-76258.21942394946,-76258.20390988403,-59926.47678149237,-24467.421877505465,35459.05490398691,35459.05490398689,-22912.735772697622,39108.0,nan,nan,1.5000000000000002,10.0,0.0,0.0,10.0,0.85,CORE,MAIN,1.2035471335021166,0.25366597447862993,0.6,0.174,-59926.47678149237,STRUCTURAL,-0.9093700885954523,-192029.62659667194,27600.0,0,0,0,0,0,0,0,inf,inf,NA,2,6,6,6,27,6,0,0,CONTINUE,0,A,1,1,0,KEEP_STRUCTURAL_IN_ON_CUT,2,3,0,0,"tail_cont_enabled=1 tail_active_dims=(1,) tail_delta=0.1 tail_start=(6, 6, 6) returned_y=(6, 0, 1) returned_b=(1, 0, 0) returned_u=(0, 0, 0) returned_zcap=(6, 0, 1) max_tail_u=0",NA
120,P1_no_rho,48,448.9848942999961,5.637516900082119,9.628598499926738,0.19861750002019107,0.01,47586.28670055355,47586.28670055355,-68403.76567522435,-51005.25781885766,0.0,-24467.421877505465,-78890.05101706633,-78890.03510139899,-59926.47678149237,-24467.421877505465,35459.05490398691,35459.05490398689,-24611.537837445343,37435.0,nan,nan,1.5000000000000002,10.0,0.0,0.0,10.0,0.85,CORE,MAIN,1.2029290812841404,0.23778510095997496,0.6,0.174,-59926.47678149237,STRUCTURAL,-0.9666265484876654,-192029.62659667194,27600.0,0,0,0,0,0,0,0,inf,inf,NA,2,6,6,6,27,6,0,0,CONTINUE,0,A,1,1,0,KEEP_STRUCTURAL_IN_ON_CUT,2,3,0,0,"tail_cont_enabled=1 tail_active_dims=(1,) tail_delta=0.1 tail_start=(6, 6, 6) returned_y=(2, 4, 2) returned_b=(0, 0, 0) returned_u=(0, 0, 0) returned_zcap=(2, 4, 2) max_tail_u=0",NA
120,P1_no_rho,49,459.9473968000384,5.637516900082119,10.96191039995756,0.18998770008329302,0.01,44296.29498715769,44296.29498715769,-68403.76567522435,-51498.75657586704,0.0,-24467.421877505465,-78323.63381960972,-78323.61801660062,-59926.47678149237,-24467.421877505465,35459.05490398691,35459.05490398689,-24108.55954200569,38271.0,nan,nan,1.5000000000000002,10.0,0.0,0.0,10.0,0.85,CORE,MAIN,1.2020322756401671,0.2495997657143595,0.6,0.174,-59926.47678149237,STRUCTURAL,-0.9444062688823553,-192029.62659667194,27600.0,0,0,0,0,0,0,0,inf,inf,NA,2,6,6,6,27,6,0,0,CONTINUE,0,A,1,1,0,KEEP_STRUCTURAL_IN_ON_CUT,2,3,0,0,"tail_cont_enabled=1 tail_active_dims=(1,) tail_delta=0.1 tail_start=(6, 6, 6) returned_y=(0, 5, 3) returned_b=(0, 0, 0) returned_u=(0, 0, 0) returned_zcap=(0, 5, 3) max_tail_u=0",NA
120,P1_no_rho,50,479.23137370008044,5.637516900082119,19.283408800023608,0.15770690003409982,0.01,65634.09603317644,65634.09603317644,-68403.76567522435,-48298.08641896423,0.0,-24467.421877505465,-75484.72226672606,-75484.70678795331,-59926.47678149237,-24467.421877505465,35459.05490398691,35459.05490398689,-22351.78096020444,36752.0,nan,nan,1.5000000000000002,10.0,0.0,0.0,10.0,0.85,CORE,MAIN,1.2066379649526844,0.25991479443049514,0.6,0.174,-59926.47678149237,STRUCTURAL,-0.9638101477969245,-192029.62659667194,27600.0,0,0,0,0,0,0,0,inf,inf,NA,1,5,5,5,27,6,0,0,CONTINUE,0,A,1,1,0,KEEP_STRUCTURAL_IN_ON_CUT,2,3,0,0,"tail_cont_enabled=1 tail_active_dims=(1,) tail_delta=0.1 tail_start=(6, 6, 6) returned_y=(0, 5, 3) returned_b=(0, 0, 0) returned_u=(0, 0, 0) returned_zcap=(0, 5, 3) max_tail_u=0",NA
120,P1_no_rho,51,488.37823710008524,5.637516900082119,9.146249799989164,0.21145549998618662,0.01,83666.48611903493,83666.48611903493,-68403.76567522435,-45593.22790608545,0.0,-24467.421877505465,-71686.02414008453,-71686.00931015018,-59926.47678149237,-24467.421877505465,35459.05490398691,35459.05490398689,-19727.742576934746,38516.5,nan,nan,1.5000000000000002,10.0,0.0,0.0,10.0,0.85,CORE,MAIN,1.208205025588501,0.2680073677661894,0.6,0.174,-59926.47678149237,STRUCTURAL,-0.8993248215390883,-192029.62659667194,27600.0,0,0,0,0,0,0,0,inf,inf,NA,2,6,6,6,27,6,0,0,CONTINUE,0,A,1,1,0,KEEP_STRUCTURAL_IN_ON_CUT,2,3,0,0,"tail_cont_enabled=1 tail_active_dims=(1,) tail_delta=0.1 tail_start=(6, 6, 6) returned_y=(0, 0, 6) returned_b=(0, 0, 1) returned_u=(0, 0, 0) returned_zcap=(0, 0, 6) max_tail_u=0",NA
120,P1_no_rho,52,496.38768580008764,5.637516900082119,8.009154500090517,0.1932405000552535,0.01,55598.25503364447,55598.25503364447,-68403.76567522435,-49803.46256889402,0.0,-24467.421877505465,-79799.72494262899,-79799.70903191941,-59926.47678149237,-24467.421877505465,35459.05490398691,35459.05490398689,-25439.75389289477,39094.0,nan,nan,1.5000000000000002,10.0,0.0,0.0,10.0,0.85,CORE,MAIN,1.2081931389107843,0.2476767669724157,0.6,0.174,-59926.47678149237,STRUCTURAL,-0.9269957050361457,-192029.62659667194,27600.0,0,0,0,0,0,0,0,inf,inf,NA,2,6,6,6,27,6,0,0,CONTINUE,0,A,1,1,0,KEEP_STRUCTURAL_IN_ON_CUT,2,3,0,0,"tail_cont_enabled=1 tail_active_dims=(1,) tail_delta=0.1 tail_start=(6, 6, 6) returned_y=(2, 1, 4) returned_b=(0, 0, 0) returned_u=(0, 0, 0) returned_zcap=(2, 1, 4) max_tail_u=0",NA
120,P1_no_rho,53,504.00684500008356,5.637516900082119,7.618727400084026,0.19866929994896054,0.01,56746.764358516484,56746.764358516484,-68403.76567522435,-49631.186170163215,0.0,-24467.421877505465,-75133.51323051735,-75133.49809235164,-59926.47678149237,-24467.421877505465,35459.05490398691,35459.05490398689,-21640.685010316978,39069.0,nan,nan,1.5000000000000002,10.0,0.0,0.0,10.0,0.85,CORE,MAIN,1.2085481271535028,0.25587112833039094,0.6,0.174,-59926.47678149237,STRUCTURAL,-0.912792121324403,-192029.62659667194,27600.0,0,0,0,0,0,0,0,inf,inf,NA,2,6,6,6,27,6,0,0,CONTINUE,0,A,1,1,0,KEEP_STRUCTURAL_IN_ON_CUT,2,3,0,0,"tail_cont_enabled=1 tail_active_dims=(1,) tail_delta=0.1 tail_start=(6, 6, 6) returned_y=(6, 0, 1) returned_b=(1, 0, 0) returned_u=(0, 0, 0) returned_zcap=(6, 0, 1) max_tail_u=0",NA
120,P1_no_rho,54,510.2033992999932,5.637516900082119,6.19599969999399,0.15445660008117557,0.01,59167.97358308208,59167.97358308208,-68403.76567522435,-49268.00478647838,0.0,-24467.421877505465,-75368.12065040652,-75368.10528605281,-59926.47678149237,-24467.421877505465,35459.05490398691,35459.05490398689,-22932.603289007482,39342.0,nan,nan,1.5000000000000002,10.0,0.0,0.0,10.0,0.85,CORE,MAIN,1.209080320517341,0.25005644169546193,0.6,0.174,-59926.47678149237,STRUCTURAL,-0.8885415416441346,-192029.62659667194,27600.0,0,0,0,0,0,0,0,inf,inf,NA,1,5,5,5,27,6,0,0,CONTINUE,0,A,1,1,0,KEEP_STRUCTURAL_IN_ON_CUT,2,3,0,0,"tail_cont_enabled=1 tail_active_dims=(1,) tail_delta=0.1 tail_start=(6, 6, 6) returned_y=(6, 0, 1) returned_b=(1, 0, 0) returned_u=(0, 0, 0) returned_zcap=(6, 0, 1) max_tail_u=0",NA
120,P1_no_rho,55,524.5363603000296,5.637516900082119,14.33226429997012,0.2048278000438586,0.01,56210.70691288312,56210.70691288312,-68403.76567522435,-49711.594787008224,0.0,-24467.421877505465,-80105.94036704865,-80105.9245184274,-59926.47678149237,-24467.421877505465,35459.05490398691,35459.05490398689,-24174.130339742558,39527.0,nan,nan,1.5000000000000002,10.0,0.0,0.0,10.0,0.85,CORE,MAIN,1.2086375814932901,0.25424663879208687,0.6,0.174,-59926.47678149237,STRUCTURAL,-0.943351703539097,-192029.62659667194,27600.0,0,0,0,0,0,0,0,inf,inf,NA,2,6,6,6,27,6,0,0,CONTINUE,0,A,1,1,0,KEEP_STRUCTURAL_IN_ON_CUT,2,3,0,0,"tail_cont_enabled=1 tail_active_dims=(1,) tail_delta=0.1 tail_start=(6, 6, 6) returned_y=(2, 6, 0) returned_b=(0, 1, 0) returned_u=(0, 0.1, 0) returned_zcap=(2, 6.1, 0) max_tail_u=0.1",NA
120,P1_no_rho,56,529.4925059000961,5.637516900082119,4.955782600096427,0.18899290007539093,0.01,53705.56536485315,53705.56536485315,-68403.76567522435,-50087.36601921272,0.0,-24467.421877505465,-78271.59235647577,-78271.57664277116,-59926.47678149237,-24467.421877505465,35459.05490398691,35459.05490398689,-23589.84011910472,38255.5,nan,nan,1.5000000000000002,10.0,0.0,0.0,10.0,0.85,CORE,MAIN,1.2080849564279734,0.258867552775092,0.6,0.174,-59926.47678149237,STRUCTURAL,-0.9529215672459549,-192029.62659667194,27600.0,0,0,0,0,0,0,0,inf,inf,NA,2,6,6,6,27,6,0,0,CONTINUE,0,A,1,1,0,KEEP_STRUCTURAL_IN_ON_CUT,2,3,0,0,"tail_cont_enabled=1 tail_active_dims=(1,) tail_delta=0.1 tail_start=(6, 6, 6) returned_y=(0, 5, 3) returned_b=(0, 0, 0) returned_u=(0, 0, 0) returned_zcap=(0, 5, 3) max_tail_u=0",NA
120,P1_no_rho,57,539.9084329000907,5.637516900082119,10.41551080008503,0.2025499000446871,0.01,64649.431398943925,64649.431398943925,-68403.76567522435,-48445.7861140991,0.0,-24467.421877505465,-75135.56125543512,-75135.54587241595,-59926.47678149237,-24467.421877505465,35459.05490398691,35459.05490398689,-22331.37798740676,36252.5,nan,nan,1.5000000000000002,10.0,0.0,0.0,10.0,0.85,CORE,MAIN,1.2103811725445757,0.26402982564159605,0.6,0.174,-59926.47678149237,STRUCTURAL,-0.9710441649543099,-192029.62659667194,27600.0,0,0,0,0,0,0,0,inf,inf,NA,2,6,6,6,27,6,0,0,CONTINUE,0,A,1,1,0,KEEP_STRUCTURAL_IN_ON_CUT,2,3,0,0,"tail_cont_enabled=1 tail_active_dims=(1,) tail_delta=0.1 tail_start=(6, 6, 6) returned_y=(2, 4, 2) returned_b=(0, 0, 0) returned_u=(0, 0, 0) returned_zcap=(2, 4, 2) max_tail_u=0",NA
120,P1_no_rho,58,553.5522774000419,5.637516900082119,13.643282999983057,0.2153808999573812,0.01,81597.42149392665,81597.42149392665,-68403.76567522435,-45903.58759985169,0.0,-24467.421877505465,-72019.71811954444,-72019.70307389318,-59926.47678149237,-24467.421877505465,35459.05490398691,35459.05490398689,-20534.15838374683,36048.5,nan,nan,1.5000000000000002,10.0,0.0,0.0,10.0,0.85,CORE,MAIN,1.2108864254721674,0.25400366156402454,0.6,0.174,-59926.47678149237,STRUCTURAL,-0.9521532507621003,-192029.62659667194,27600.0,0,0,0,0,0,0,0,inf,inf,NA,2,6,6,6,27,6,0,0,CONTINUE,0,A,1,1,0,KEEP_STRUCTURAL_IN_ON_CUT,2,3,0,0,"tail_cont_enabled=1 tail_active_dims=(1,) tail_delta=0.1 tail_start=(6, 6, 6) returned_y=(2, 1, 4) returned_b=(0, 0, 0) returned_u=(0, 0, 0) returned_zcap=(2, 1, 4) max_tail_u=0",NA
120,P1_no_rho,59,566.4857861000346,5.637516900082119,12.933029899955727,0.16391420003492385,0.01,49994.168166253185,49994.168166253185,-68403.76567522435,-50644.07559900272,0.0,-24467.421877505465,-74841.41249853975,-74841.39728233055,-59926.47678149237,-24467.421877505465,35459.05490398691,35459.05490398689,-22693.387872915217,36047.0,nan,nan,1.5000000000000002,10.0,0.0,0.0,10.0,0.85,CORE,MAIN,1.2111871054560188,0.2622695298697262,0.6,0.174,-59926.47678149237,STRUCTURAL,-0.9644447417615025,-192029.62659667194,27600.0,0,0,0,0,0,0,0,inf,inf,NA,1,5,5,5,27,6,0,0,CONTINUE,0,A,1,1,0,KEEP_STRUCTURAL_IN_ON_CUT,2,3,0,0,"tail_cont_enabled=1 tail_active_dims=(1,) tail_delta=0.1 tail_start=(6, 6, 6) returned_y=(2, 4, 2) returned_b=(0, 0, 0) returned_u=(0, 0, 0) returned_zcap=(2, 4, 2) max_tail_u=0",NA
120,P1_no_rho,60,593.0151576000499,5.637516900082119,26.528894299990498,0.22045289992820472,0.01,64290.11413847643,64290.11413847643,-68403.76567522435,-48499.68370316923,0.0,-24467.421877505465,-73456.53682982172,-73456.52181835382,-59926.47678149237,-24467.421877505465,35459.05490398691,35459.05490398689,-22511.347533047458,36218.0,nan,nan,1.5000000000000002,10.0,0.0,0.0,10.0,0.85,CORE,MAIN,1.2117185917642155,0.26398637070222974,0.6,0.174,-59926.47678149237,STRUCTURAL,-0.9377505528614937,-192029.62659667194,27600.0,0,0,0,0,0,0,0,inf,inf,NA,1,5,5,5,27,6,0,0,CONTINUE,0,A,1,1,0,KEEP_STRUCTURAL_IN_ON_CUT,2,3,0,0,"tail_cont_enabled=1 tail_active_dims=(1,) tail_delta=0.1 tail_start=(6, 6, 6) returned_y=(2, 4, 2) returned_b=(0, 0, 0) returned_u=(0, 0, 0) returned_zcap=(2, 4, 2) max_tail_u=0",NA
120,P1_no_rho,61,606.4352920000674,5.637516900082119,13.419444400002249,0.16292939998675138,0.01,58026.160408598196,58026.160408598196,-68403.76567522435,-49439.27676265096,0.0,-24467.421877505465,-74263.7830796087,-74263.76778034514,-59926.47678149237,-24467.421877505465,35459.05490398691,35459.05490398689,-22395.32892240737,36048.0,nan,nan,1.5000000000000002,10.0,0.0,0.0,10.0,0.85,CORE,MAIN,1.2123750137793718,0.24974947932382774,0.6,0.174,-59926.47678149237,STRUCTURAL,-0.9592476486524962,-192029.62659667194,27600.0,0,0,0,0,0,0,0,inf,inf,NA,1,5,5,5,27,6,0,0,CONTINUE,0,A,1,1,0,KEEP_STRUCTURAL_IN_ON_CUT,2,3,0,0,"tail_cont_enabled=1 tail_active_dims=(1,) tail_delta=0.1 tail_start=(6, 6, 6) returned_y=(2, 4, 2) returned_b=(0, 0, 0) returned_u=(0, 0, 0) returned_zcap=(2, 4, 2) max_tail_u=0",NA
120,P1_no_rho,62,616.1210675000912,5.637516900082119,9.685222700005397,0.16665149992331862,0.01,46510.59521948645,46510.59521948645,-68403.76567522435,-51166.61154101772,0.0,-24467.421877505465,-93005.52994737534,-93005.5127015331,-59926.47678149237,-24467.421877505465,35459.05490398691,35459.05490398689,-28509.06709013376,46270.5,nan,nan,1.5000000000000002,10.0,0.0,0.0,10.0,0.85,CORE,MAIN,1.2093425075541773,0.23587294539124115,0.6,0.174,-59926.47678149237,STRUCTURAL,-0.9292666041559856,-192029.62659667194,27600.0,0,0,0,0,0,0,0,inf,inf,NA,1,5,5,5,27,6,0,0,CONTINUE,0,A,1,1,0,KEEP_STRUCTURAL_IN_ON_CUT,2,3,0,0,"tail_cont_enabled=1 tail_active_dims=(1,) tail_delta=0.1 tail_start=(6, 6, 6) returned_y=(6, 0, 1) returned_b=(1, 0, 0) returned_u=(0, 0, 0) returned_zcap=(6, 0, 1) max_tail_u=0",NA
120,P1_no_rho,63,628.1957734000171,5.637516900082119,12.074033899931237,0.16898760001640767,0.01,51466.89526311733,51466.89526311733,-68403.76567522435,-50423.16653447309,0.0,-24467.421877505465,-77860.59888057984,-77860.58300205345,-59926.47678149237,-24467.421877505465,35459.05490398691,35459.05490398689,-23658.49731755344,39862.5,nan,nan,1.5000000000000002,10.0,0.0,0.0,10.0,0.85,CORE,MAIN,1.2078489369379926,0.24159012225667553,0.6,0.174,-59926.47678149237,STRUCTURAL,-0.906484133952127,-192029.62659667194,27600.0,0,0,0,0,0,0,0,inf,inf,NA,1,5,5,5,27,6,0,0,CONTINUE,0,A,1,1,0,KEEP_STRUCTURAL_IN_ON_CUT,2,3,0,0,"tail_cont_enabled=1 tail_active_dims=(1,) tail_delta=0.1 tail_start=(6, 6, 6) returned_y=(6, 0, 1) returned_b=(1, 0, 0) returned_u=(0, 0, 0) returned_zcap=(6, 0, 1) max_tail_u=0",NA
120,P1_no_rho,64,640.6773615001002,5.637516900082119,12.481087899999693,0.172767199925147,0.01,65532.18352209294,65532.18352209294,-68403.76567522435,-48313.37329562675,0.0,-24467.421877505465,-75777.10188279125,-75777.08624693248,-59926.47678149237,-24467.421877505465,35459.05490398691,35459.05490398689,-22560.682215346325,36563.0,nan,nan,1.5000000000000002,10.0,0.0,0.0,10.0,0.85,CORE,MAIN,1.2083129718839445,0.262280358927767,0.6,0.174,-59926.47678149237,STRUCTURAL,-0.9703143256221892,-192029.62659667194,27600.0,0,0,0,0,0,0,0,inf,inf,NA,1,5,5,5,27,6,0,0,CONTINUE,0,A,1,1,0,KEEP_STRUCTURAL_IN_ON_CUT,2,3,0,0,"tail_cont_enabled=1 tail_active_dims=(1,) tail_delta=0.1 tail_start=(6, 6, 6) returned_y=(2, 4, 2) returned_b=(0, 0, 0) returned_u=(0, 0, 0) returned_zcap=(2, 4, 2) max_tail_u=0",NA
120,P1_no_rho,65,664.8782543000998,5.637516900082119,24.20024359994568,0.15996399999130517,0.01,74398.47914651412,74398.47914651412,-68403.76567522435,-46983.42895196357,0.0,-24467.421877505465,-71534.24633725322,-71534.23135530489,-59926.47678149237,-24467.421877505465,35459.05490398691,35459.05490398689,-20536.43457951741,35010.5,nan,nan,1.5000000000000002,10.0,0.0,0.0,10.0,0.85,CORE,MAIN,1.208481956221942,0.27161961023001857,0.6,0.174,-59926.47678149237,STRUCTURAL,-0.9710952766700939,-192029.62659667194,27600.0,0,0,0,0,0,0,0,inf,inf,NA,1,5,5,5,27,6,0,0,CONTINUE,0,A,1,1,0,KEEP_STRUCTURAL_IN_ON_CUT,2,3,0,0,"tail_cont_enabled=1 tail_active_dims=(1,) tail_delta=0.1 tail_start=(6, 6, 6) returned_y=(2, 4, 2) returned_b=(0, 0, 0) returned_u=(0, 0, 0) returned_zcap=(2, 4, 2) max_tail_u=0",NA
120,P1_no_rho,66,676.824467800092,5.637516900082119,11.945584200089797,0.16190710000228137,0.01,64360.90790074809,64360.90790074809,-68403.76567522435,-48489.06463882848,0.0,-24467.421877505465,-78089.06280928424,-78089.04710141449,-59926.47678149237,-24467.421877505465,35459.05490398691,35459.05490398689,-23655.18236949857,37742.0,nan,nan,1.5000000000000002,10.0,0.0,0.0,10.0,0.85,CORE,MAIN,1.2078802765952683,0.25939379557857123,0.6,0.174,-59926.47678149237,STRUCTURAL,-0.9615082177576864,-192029.62659667194,27600.0,0,0,0,0,0,0,0,inf,inf,NA,1,5,5,5,27,6,0,0,CONTINUE,0,A,1,1,0,KEEP_STRUCTURAL_IN_ON_CUT,2,3,0,0,"tail_cont_enabled=1 tail_active_dims=(1,) tail_delta=0.1 tail_start=(6, 6, 6) returned_y=(2, 4, 2) returned_b=(0, 0, 0) returned_u=(0, 0, 0) returned_zcap=(2, 4, 2) max_tail_u=0",NA
120,P1_no_rho,67,689.4002363000764,5.637516900082119,12.575221900013275,0.16243809997104108,0.01,64498.772528123205,64498.772528123205,-68403.76567522435,-48468.38494472221,0.0,-24467.421877505465,-73851.32213469881,-73851.30696640664,-59926.47678149237,-24467.421877505465,35459.05490398691,35459.05490398689,-21778.716156387323,36100.0,nan,nan,1.5000000000000002,10.0,0.0,0.0,10.0,0.85,CORE,MAIN,1.2080174697250012,0.2666166551436071,0.6,0.174,-59926.47678149237,STRUCTURAL,-0.961636026039138,-192029.62659667194,27600.0,0,0,0,0,0,0,0,inf,inf,NA,1,5,5,5,27,6,0,0,CONTINUE,0,A,1,1,0,KEEP_STRUCTURAL_IN_ON_CUT,2,3,0,0,"tail_cont_enabled=1 tail_active_dims=(1,) tail_delta=0.1 tail_start=(6, 6, 6) returned_y=(2, 4, 2) returned_b=(0, 0, 0) returned_u=(0, 0, 0) returned_zcap=(2, 4, 2) max_tail_u=0",NA
120,P1_no_rho,68,702.4628070000326,5.637516900082119,13.062003499944694,0.16450710000935942,0.01,66370.77229203381,66370.77229203381,-68403.76567522435,-48187.58498013562,0.0,-24467.421877505465,-77794.74924851168,-77794.7333920369,-59926.47678149237,-24467.421877505465,35459.05490398691,35459.05490398689,-23688.03160473829,37430.0,nan,nan,1.5000000000000002,10.0,0.0,0.0,10.0,0.85,CORE,MAIN,1.2084919861440702,0.2565707937616616,0.6,0.174,-59926.47678149237,STRUCTURAL,-0.9636958195262021,-192029.62659667194,27600.0,0,0,0,0,0,0,0,inf,inf,NA,1,5,5,5,27,6,0,0,CONTINUE,0,A,1,1,0,KEEP_STRUCTURAL_IN_ON_CUT,2,3,0,0,"tail_cont_enabled=1 tail_active_dims=(1,) tail_delta=0.1 tail_start=(6, 6, 6) returned_y=(2, 4, 2) returned_b=(0, 0, 0) returned_u=(0, 0, 0) returned_zcap=(2, 4, 2) max_tail_u=0",NA
120,P1_no_rho,69,713.3651726000244,5.637516900082119,10.901976999943145,0.18537490000016987,0.01,39823.84137193108,39823.84137193108,-68403.76567522435,-52169.62461815103,0.0,-24467.421877505465,-72369.82789670987,-72369.81344740803,-59926.47678149237,-24467.421877505465,35459.05490398691,35459.05490398689,-20813.50756146871,36007.5,nan,nan,1.5000000000000002,10.0,0.0,0.0,10.0,0.85,CORE,MAIN,1.2097330674657243,0.24961091548352676,0.6,0.174,-59926.47678149237,STRUCTURAL,-0.9545475412240846,-192029.62659667194,27600.0,0,0,0,0,0,0,0,inf,inf,NA,2,6,6,6,27,6,0,0,CONTINUE,0,A,1,1,0,KEEP_STRUCTURAL_IN_ON_CUT,2,3,0,0,"tail_cont_enabled=1 tail_active_dims=(1,) tail_delta=0.1 tail_start=(6, 6, 6) returned_y=(0, 6, 2) returned_b=(0, 1, 0) returned_u=(0, 0.1, 0) returned_zcap=(0, 6.1, 2) max_tail_u=0.1",NA
120,P1_no_rho,70,734.0871470000129,5.637516900082119,20.721217699931003,0.1792278999928385,0.01,49699.72184214416,49699.72184214416,-68403.76567522435,-50688.24254761907,0.0,-24467.421877505465,-79114.4938774692,-79114.47782049002,-59926.47678149237,-24467.421877505465,35459.05490398691,35459.05490398689,-24093.471517863658,37930.0,nan,nan,1.5000000000000002,10.0,0.0,0.0,10.0,0.85,CORE,MAIN,1.2096084788670765,0.2421184799438617,0.6,0.174,-59926.47678149237,STRUCTURAL,-0.9670622427739936,-192029.62659667194,27600.0,0,0,0,0,0,0,0,inf,inf,NA,2,6,6,6,27,6,0,0,CONTINUE,0,A,1,1,0,KEEP_STRUCTURAL_IN_ON_CUT,2,3,0,0,"tail_cont_enabled=1 tail_active_dims=(1,) tail_delta=0.1 tail_start=(6, 6, 6) returned_y=(2, 4, 2) returned_b=(0, 0, 0) returned_u=(0, 0, 0) returned_zcap=(2, 4, 2) max_tail_u=0",NA
120,P1_no_rho,71,742.4493187000044,5.637516900082119,8.361755499965511,0.18709590006619692,0.01,60648.477760148635,60648.477760148635,-68403.76567522435,-49045.92915991839,0.0,-24467.421877505465,-78599.5216794487,-78599.50594707066,-59926.47678149237,-24467.421877505465,35459.05490398691,35459.05490398689,-23134.892994285437,41014.0,nan,nan,1.5000000000000002,10.0,0.0,0.0,10.0,0.85,CORE,MAIN,1.209411809261704,0.26392774876427194,0.6,0.174,-59926.47678149237,STRUCTURAL,-0.901555776934465,-192029.62659667194,27600.0,0,0,0,0,0,0,0,inf,inf,NA,2,6,6,6,27,6,0,0,CONTINUE,0,A,1,1,0,KEEP_STRUCTURAL_IN_ON_CUT,2,3,0,0,"tail_cont_enabled=1 tail_active_dims=(1,) tail_delta=0.1 tail_start=(6, 6, 6) returned_y=(0, 0, 6) returned_b=(0, 0, 1) returned_u=(0, 0, 0) returned_zcap=(0, 0, 6) max_tail_u=0",NA
120,P1_no_rho,72,753.3279264000012,5.637516900082119,10.878104400006123,0.18761399993672967,0.01,78835.50300935349,78835.50300935349,-68403.76567522435,-46317.87537253767,0.0,-24467.421877505465,-72714.78200798336,-72714.76693162911,-59926.47678149237,-24467.421877505465,35459.05490398691,35459.05490398689,-21228.160132540852,36748.0,nan,nan,1.5000000000000002,10.0,0.0,0.0,10.0,0.85,CORE,MAIN,1.2103437341672267,0.26698140376191803,0.6,0.174,-59926.47678149237,STRUCTURAL,-0.9340482348080307,-192029.62659667194,27600.0,0,0,0,0,0,0,0,inf,inf,NA,2,6,6,6,27,6,0,0,CONTINUE,0,A,1,1,0,KEEP_STRUCTURAL_IN_ON_CUT,2,3,0,0,"tail_cont_enabled=1 tail_active_dims=(1,) tail_delta=0.1 tail_start=(6, 6, 6) returned_y=(2, 1, 4) returned_b=(0, 0, 0) returned_u=(0, 0, 0) returned_zcap=(2, 1, 4) max_tail_u=0",NA
120,P1_no_rho,73,765.1975202000467,5.637516900082119,11.869226400041953,0.18771660001948476,0.01,53297.25767290418,53297.25767290418,-68403.76567522435,-50148.612173005065,0.0,-24467.421877505465,-78068.64346622108,-78068.62777099133,-59926.47678149237,-24467.421877505465,35459.05490398691,35459.05490398689,-23389.307611125252,38990.0,nan,nan,1.5000000000000002,10.0,0.0,0.0,10.0,0.85,CORE,MAIN,1.2102635314200911,0.246903928908639,0.6,0.174,-59926.47678149237,STRUCTURAL,-0.934928958876055,-192029.62659667194,27600.0,0,0,0,0,0,0,0,inf,inf,NA,2,6,6,6,27,6,0,0,CONTINUE,0,A,1,1,0,KEEP_STRUCTURAL_IN_ON_CUT,2,3,0,0,"tail_cont_enabled=1 tail_active_dims=(1,) tail_delta=0.1 tail_start=(6, 6, 6) returned_y=(2, 6, 0) returned_b=(0, 1, 0) returned_u=(0, 0.1, 0) returned_zcap=(2, 6.1, 0) max_tail_u=0.1",NA
120,P1_no_rho,74,777.2586746000452,5.637516900082119,12.060582799953409,0.16597789991647005,0.01,63113.00107904194,63113.00107904194,-68403.76567522435,-48676.2506620844,0.0,-24467.421877505465,-76775.0742008584,-76775.05850029967,-59926.47678149237,-24467.421877505465,35459.05490398691,35459.05490398689,-22673.91240118664,37153.0,nan,nan,1.5000000000000002,10.0,0.0,0.0,10.0,0.85,CORE,MAIN,1.2102406953028189,0.24481965710582942,0.6,0.174,-59926.47678149237,STRUCTURAL,-0.9707811141157375,-192029.62659667194,27600.0,0,0,0,0,0,0,0,inf,inf,NA,1,5,5,5,27,6,0,0,CONTINUE,0,A,1,1,0,KEEP_STRUCTURAL_IN_ON_CUT,2,3,0,0,"tail_cont_enabled=1 tail_active_dims=(1,) tail_delta=0.1 tail_start=(6, 6, 6) returned_y=(2, 4, 2) returned_b=(0, 0, 0) returned_u=(0, 0, 0) returned_zcap=(2, 4, 2) max_tail_u=0",NA
120,P1_no_rho,75,799.9217203001026,5.637516900082119,22.662273499998264,0.2005574000068009,0.01,52748.24380435693,52748.24380435693,-68403.76567522435,-50230.96425328715,0.0,-24467.421877505465,-76962.9943690092,-76962.97868111012,-59926.47678149237,-24467.421877505465,35459.05490398691,35459.05490398689,-23061.114772786186,37944.0,nan,nan,1.5000000000000002,10.0,0.0,0.0,10.0,0.85,CORE,MAIN,1.210162776402697,0.2607674303387395,0.6,0.174,-59926.47678149237,STRUCTURAL,-0.9470423766308934,-192029.62659667194,27600.0,0,0,0,0,0,0,0,inf,inf,NA,2,6,6,6,27,6,0,0,CONTINUE,0,A,1,1,0,KEEP_STRUCTURAL_IN_ON_CUT,2,3,0,0,"tail_cont_enabled=1 tail_active_dims=(1,) tail_delta=0.1 tail_start=(6, 6, 6) returned_y=(4, 4, 0) returned_b=(0, 0, 0) returned_u=(0, 0, 0) returned_zcap=(4, 4, 0) max_tail_u=0",NA
120,P1_no_rho,76,810.1264396000188,5.637516900082119,10.204312299960293,0.20851389993913472,0.01,62178.78832803717,62178.78832803717,-68403.76567522435,-48816.382574735115,0.0,-24467.421877505465,-72504.68357292577,-72504.66898903124,-59926.47678149237,-24467.421877505465,35459.05490398691,35459.05490398689,-20198.764037376008,36090.0,nan,nan,1.5000000000000002,10.0,0.0,0.0,10.0,0.85,CORE,MAIN,1.2110280335536712,0.2592823739074439,0.6,0.174,-59926.47678149237,STRUCTURAL,-0.9662123386285257,-192029.62659667194,27600.0,0,0,0,0,0,0,0,inf,inf,NA,2,6,6,6,27,6,0,0,CONTINUE,0,A,1,1,0,KEEP_STRUCTURAL_IN_ON_CUT,2,3,0,0,"tail_cont_enabled=1 tail_active_dims=(1,) tail_delta=0.1 tail_start=(6, 6, 6) returned_y=(0, 6, 2) returned_b=(0, 1, 0) returned_u=(0, 0.1, 0) returned_zcap=(0, 6.1, 2) max_tail_u=0.1",NA
120,P1_no_rho,77,821.0648467000574,5.637516900082119,10.937969699967653,0.16104829998221248,0.01,52712.34311793139,52712.34311793139,-68403.76567522435,-50236.34935625098,0.0,-24467.421877505465,-77399.17872173442,-77399.16321913875,-59926.47678149237,-24467.421877505465,35459.05490398691,35459.05490398689,-22607.865670588686,38310.0,nan,nan,1.5000000000000002,10.0,0.0,0.0,10.0,0.85,CORE,MAIN,1.2112437075454017,0.257776252937152,0.6,0.174,-59926.47678149237,STRUCTURAL,-0.9534725058479085,-192029.62659667194,27600.0,0,0,0,0,0,0,0,inf,inf,NA,1,5,5,5,27,6,0,0,CONTINUE,0,A,1,1,0,KEEP_STRUCTURAL_IN_ON_CUT,2,3,0,0,"tail_cont_enabled=1 tail_active_dims=(1,) tail_delta=0.1 tail_start=(6, 6, 6) returned_y=(0, 6, 2) returned_b=(0, 1, 0) returned_u=(0, 0.1, 0) returned_zcap=(0, 6.1, 2) max_tail_u=0.1",NA
120,P1_no_rho,78,830.4451157000149,5.637516900082119,9.37951969995629,0.15385200001765043,0.01,57051.65961288583,57051.65961288583,-68403.76567522435,-49585.451882007816,0.0,-24467.421877505465,-77565.33051041311,-77565.31464117591,-59926.47678149237,-24467.421877505465,35459.05490398691,35459.05490398689,-23266.765639350313,37029.0,nan,nan,1.5000000000000002,10.0,0.0,0.0,10.0,0.85,CORE,MAIN,1.2108714219623538,0.2515390038968789,0.6,0.174,-59926.47678149237,STRUCTURAL,-0.9775860181988099,-192029.62659667194,27600.0,0,0,0,0,0,0,0,inf,inf,NA,1,5,5,5,27,6,0,0,CONTINUE,0,A,1,1,0,KEEP_STRUCTURAL_IN_ON_CUT,2,3,0,0,"tail_cont_enabled=1 tail_active_dims=(1,) tail_delta=0.1 tail_start=(6, 6, 6) returned_y=(2, 4, 2) returned_b=(0, 0, 0) returned_u=(0, 0, 0) returned_zcap=(2, 4, 2) max_tail_u=0",NA
120,P1_no_rho,79,838.6612140000798,5.637516900082119,8.215666800038889,0.17575500009115785,0.01,65122.627955858414,65122.627955858414,-68403.76567522435,-48374.80663056193,0.0,-24467.421877505465,-77267.5661024437,-77267.55062877882,-59926.47678149237,-24467.421877505465,35459.05490398691,35459.05490398689,-21354.748705619117,40881.5,nan,nan,1.5000000000000002,10.0,0.0,0.0,10.0,0.85,CORE,MAIN,1.2105898543460643,0.2579193003101756,0.6,0.174,-59926.47678149237,STRUCTURAL,-0.9117865362598353,-192029.62659667194,27600.0,0,0,0,0,0,0,0,inf,inf,NA,2,6,6,6,27,6,0,0,CONTINUE,0,A,1,1,0,KEEP_STRUCTURAL_IN_ON_CUT,2,3,0,0,"tail_cont_enabled=1 tail_active_dims=(1,) tail_delta=0.1 tail_start=(6, 6, 6) returned_y=(0, 0, 6) returned_b=(0, 0, 1) returned_u=(0, 0, 0) returned_zcap=(0, 0, 6) max_tail_u=0",NA
120,P1_no_rho,80,862.8895118000219,5.637516900082119,24.22782319993712,0.19822589994873852,0.01,53632.21339971423,53632.21339971423,-68403.76567522435,-50098.36881398356,0.0,-24467.421877505465,-78571.99805839431,-78571.98208008896,-59926.47678149237,-24467.421877505465,35459.05490398691,35459.05490398689,-23448.206951809778,38486.0,nan,nan,1.5000000000000002,10.0,0.0,0.0,10.0,0.85,CORE,MAIN,1.2100437078438528,0.2584931918226512,0.6,0.174,-59926.47678149237,STRUCTURAL,-0.9548714706348488,-192029.62659667194,27600.0,0,0,0,0,0,0,0,inf,inf,NA,2,6,6,6,27,6,0,0,CONTINUE,0,A,1,1,0,KEEP_STRUCTURAL_IN_ON_CUT,2,3,0,0,"tail_cont_enabled=1 tail_active_dims=(1,) tail_delta=0.1 tail_start=(6, 6, 6) returned_y=(2, 1, 4) returned_b=(0, 0, 0) returned_u=(0, 0, 0) returned_zcap=(2, 1, 4) max_tail_u=0",NA
120,P1_no_rho,81,875.4858761000214,5.637516900082119,12.59572310000658,0.19152860005851835,0.01,55539.679994586564,55539.679994586564,-68403.76567522435,-49812.24882475271,0.0,-24467.421877505465,-73820.1993025242,-73820.1841791646,-59926.47678149237,-24467.421877505465,35459.05490398691,35459.05490398689,-20745.376925535435,36848.5,nan,nan,1.5000000000000002,10.0,0.0,0.0,10.0,0.85,CORE,MAIN,1.2104648473613895,0.2500365404508027,0.6,0.174,-59926.47678149237,STRUCTURAL,-0.9602346048211673,-192029.62659667194,27600.0,0,0,0,0,0,0,0,inf,inf,NA,2,6,6,6,27,6,0,0,CONTINUE,0,A,1,1,0,KEEP_STRUCTURAL_IN_ON_CUT,2,3,0,0,"tail_cont_enabled=1 tail_active_dims=(1,) tail_delta=0.1 tail_start=(6, 6, 6) returned_y=(0, 5, 3) returned_b=(0, 0, 0) returned_u=(0, 0, 0) returned_zcap=(0, 5, 3) max_tail_u=0",NA
120,P1_no_rho,82,888.3202242000261,5.637516900082119,12.833651099936105,0.17343460000120103,0.01,52806.96881668313,52806.96881668313,-68403.76567522435,-50222.155501438225,0.0,-24467.421877505465,-76851.73711420239,-76851.72140543847,-59926.47678149237,-24467.421877505465,35459.05490398691,35459.05490398689,-22507.19767285615,36920.0,nan,nan,1.5000000000000002,10.0,0.0,0.0,10.0,0.85,CORE,MAIN,1.2112602999066058,0.26057402979279853,0.6,0.174,-59926.47678149237,STRUCTURAL,-0.981302342589063,-192029.62659667194,27600.0,0,0,0,0,0,0,0,inf,inf,NA,1,5,5,5,27,6,0,0,CONTINUE,0,A,1,1,0,KEEP_STRUCTURAL_IN_ON_CUT,2,3,0,0,"tail_cont_enabled=1 tail_active_dims=(1,) tail_delta=0.1 tail_start=(6, 6, 6) returned_y=(2, 4, 2) returned_b=(0, 0, 0) returned_u=(0, 0, 0) returned_zcap=(2, 4, 2) max_tail_u=0",NA
120,P1_no_rho,83,898.695453900029,5.637516900082119,10.37471949995961,0.19377360004000366,0.01,68344.91125174983,68344.91125174983,-68403.76567522435,-47891.46413617822,0.0,-24467.421877505465,-74060.18223423212,-74060.1670957219,-59926.47678149237,-24467.421877505465,35459.05490398691,35459.05490398689,-21230.62938951807,36448.5,nan,nan,1.5000000000000002,10.0,0.0,0.0,10.0,0.85,CORE,MAIN,1.2123408807506961,0.2644474813041512,0.6,0.174,-59926.47678149237,STRUCTURAL,-0.9662864536026415,-192029.62659667194,27600.0,0,0,0,0,0,0,0,inf,inf,NA,2,6,6,6,27,6,0,0,CONTINUE,0,A,1,1,0,KEEP_STRUCTURAL_IN_ON_CUT,2,3,0,0,"tail_cont_enabled=1 tail_active_dims=(1,) tail_delta=0.1 tail_start=(6, 6, 6) returned_y=(0, 6, 2) returned_b=(0, 1, 0) returned_u=(0, 0.1, 0) returned_zcap=(0, 6.1, 2) max_tail_u=0.1",NA
120,P1_no_rho,84,911.6124403000576,5.637516900082119,12.916413299972191,0.1618175000185147,0.01,52986.66406794208,52986.66406794208,-68403.76567522435,-50195.20121374938,0.0,-24467.421877505465,-77224.11472312357,-77224.09923828693,-59926.47678149237,-24467.421877505465,35459.05490398691,35459.05490398689,-23301.84534416546,38043.0,nan,nan,1.5000000000000002,10.0,0.0,0.0,10.0,0.85,CORE,MAIN,1.2127757736503748,0.27412042174953033,0.6,0.174,-59926.47678149237,STRUCTURAL,-0.9449351855202702,-192029.62659667194,27600.0,0,0,0,0,0,0,0,inf,inf,NA,1,5,5,5,27,6,0,0,CONTINUE,0,A,1,1,0,KEEP_STRUCTURAL_IN_ON_CUT,2,3,0,0,"tail_cont_enabled=1 tail_active_dims=(1,) tail_delta=0.1 tail_start=(6, 6, 6) returned_y=(0, 6, 2) returned_b=(0, 1, 0) returned_u=(0, 0.1, 0) returned_zcap=(0, 6.1, 2) max_tail_u=0.1",NA
120,P1_no_rho,85,938.5673082000576,5.637516900082119,26.954228800022975,0.20057260000612587,0.01,55269.360996273215,55269.360996273215,-68403.76567522435,-49852.79667449971,0.0,-24467.421877505465,-78517.357973371,-78517.34206340728,-59926.47678149237,-24467.421877505465,35459.05490398691,35459.05490398689,-23023.789447979318,38590.5,nan,nan,1.5000000000000002,10.0,0.0,0.0,10.0,0.85,CORE,MAIN,1.2126410803052163,0.25483457211642824,0.6,0.174,-59926.47678149237,STRUCTURAL,-0.9586738120423068,-192029.62659667194,27600.0,0,0,0,0,0,0,0,inf,inf,NA,2,6,6,6,27,6,0,0,CONTINUE,0,A,1,1,0,KEEP_STRUCTURAL_IN_ON_CUT,2,3,0,0,"tail_cont_enabled=1 tail_active_dims=(1,) tail_delta=0.1 tail_start=(6, 6, 6) returned_y=(4, 4, 0) returned_b=(0, 0, 0) returned_u=(0, 0, 0) returned_zcap=(4, 4, 0) max_tail_u=0",NA
120,P1_no_rho,86,947.1141199000413,5.637516900082119,8.546228799968958,0.16238190000876784,0.01,71012.53746734212,71012.53746734212,-68403.76567522435,-47491.32020383937,0.0,-24467.421877505465,-99055.10366354887,-99055.08624239433,-59926.47678149237,-24467.421877505465,35459.05490398691,35459.05490398689,-28855.5341145887,49375.0,nan,nan,1.5000000000000002,10.0,0.0,0.0,10.0,0.85,CORE,MAIN,1.2085278715818477,0.2240882786288203,0.6,0.174,-59926.47678149237,STRUCTURAL,-0.9478420540463206,-192029.62659667194,27600.0,0,0,0,0,0,0,0,inf,inf,NA,1,5,5,5,27,6,0,0,CONTINUE,0,A,1,1,0,KEEP_STRUCTURAL_IN_ON_CUT,2,3,0,0,"tail_cont_enabled=1 tail_active_dims=(1,) tail_delta=0.1 tail_start=(6, 6, 6) returned_y=(6, 0, 1) returned_b=(1, 0, 0) returned_u=(0, 0, 0) returned_zcap=(6, 0, 1) max_tail_u=0",NA
120,P1_no_rho,87,951.841734000016,5.637516900082119,4.727014899952337,0.18037139996886253,0.01,65212.322912646014,65212.322912646014,-68403.76567522435,-48361.35238704379,0.0,-24467.421877505465,-87868.33385852008,-87868.31691811833,-59926.47678149237,-24467.421877505465,35459.05490398691,35459.05490398689,-26836.75293121357,43889.0,nan,nan,1.5000000000000002,10.0,0.0,0.0,10.0,0.85,CORE,MAIN,1.2049828394207243,0.2344087525511515,0.6,0.174,-59926.47678149237,STRUCTURAL,-0.927059384460871,-192029.62659667194,27600.0,0,0,0,0,0,0,0,inf,inf,NA,2,6,6,6,27,6,0,0,CONTINUE,0,A,1,1,0,KEEP_STRUCTURAL_IN_ON_CUT,2,3,0,0,"tail_cont_enabled=1 tail_active_dims=(1,) tail_delta=0.1 tail_start=(6, 6, 6) returned_y=(0, 0, 6) returned_b=(0, 0, 1) returned_u=(0, 0, 0) returned_zcap=(0, 0, 6) max_tail_u=0",NA
120,P1_no_rho,88,957.2362176000606,5.637516900082119,5.393915600026958,0.21473190002143383,0.01,73039.41875291012,73039.41875291012,-68403.76567522435,-47187.28801100417,0.0,-24467.421877505465,-75681.69937113718,-75681.6838422771,-59926.47678149237,-24467.421877505465,35459.05490398691,35459.05490398689,-21522.35930291144,37339.5,nan,nan,1.5000000000000002,10.0,0.0,0.0,10.0,0.85,CORE,MAIN,1.204452021231716,0.24175727733554808,0.6,0.174,-59926.47678149237,STRUCTURAL,-0.9669710724454559,-192029.62659667194,27600.0,0,0,0,0,0,0,0,inf,inf,NA,2,6,6,6,27,6,0,0,CONTINUE,0,A,1,1,0,KEEP_STRUCTURAL_IN_ON_CUT,2,3,0,0,"tail_cont_enabled=1 tail_active_dims=(1,) tail_delta=0.1 tail_start=(6, 6, 6) returned_y=(0, 5, 3) returned_b=(0, 0, 0) returned_u=(0, 0, 0) returned_zcap=(0, 5, 3) max_tail_u=0",NA
120,P1_no_rho,89,966.3032956999959,5.637516900082119,9.06634459993802,0.20911649998743087,0.01,68370.81256697615,68370.81256697615,-68403.76567522435,-47887.578938894265,0.0,-24467.421877505465,-78241.33756914393,-78241.32166405469,-59926.47678149237,-24467.421877505465,35459.05490398691,35459.05490398689,-23252.114401824874,37420.5,nan,nan,1.5000000000000002,10.0,0.0,0.0,10.0,0.85,CORE,MAIN,1.2055179073216435,0.2503646347534706,0.6,0.174,-59926.47678149237,STRUCTURAL,-0.9796627920031323,-192029.62659667194,27600.0,0,0,0,0,0,0,0,inf,inf,NA,2,6,6,6,27,6,0,0,CONTINUE,0,A,1,1,0,KEEP_STRUCTURAL_IN_ON_CUT,2,3,0,0,"tail_cont_enabled=1 tail_active_dims=(1,) tail_delta=0.1 tail_start=(6, 6, 6) returned_y=(2, 4, 2) returned_b=(0, 0, 0) returned_u=(0, 0, 0) returned_zcap=(2, 4, 2) max_tail_u=0",NA
120,P1_no_rho,90,986.3395633000182,5.637516900082119,20.035736299934797,0.18966380006168038,0.01,70631.10687045845,70631.10687045845,-68403.76567522435,-47548.534793371924,0.0,-24467.421877505465,-72319.39017592742,-72319.37519415696,-59926.47678149237,-24467.421877505465,35459.05490398691,35459.05490398689,-20129.554276818344,36107.0,nan,nan,1.5000000000000002,10.0,0.0,0.0,10.0,0.85,CORE,MAIN,1.205421543630161,0.25875650596272726,0.6,0.174,-59926.47678149237,STRUCTURAL,-0.9636140899241812,-192029.62659667194,27600.0,0,0,0,0,0,0,0,inf,inf,NA,2,6,6,6,27,6,0,0,CONTINUE,0,A,1,1,0,KEEP_STRUCTURAL_IN_ON_CUT,2,3,0,0,"tail_cont_enabled=1 tail_active_dims=(1,) tail_delta=0.1 tail_start=(6, 6, 6) returned_y=(0, 6, 2) returned_b=(0, 1, 0) returned_u=(0, 0.1, 0) returned_zcap=(0, 6.1, 2) max_tail_u=0.1",NA
120,P1_no_rho,91,996.2048272000393,5.637516900082119,9.864687300054356,0.16788660001475364,0.01,63001.26449972618,63001.26449972618,-68403.76567522435,-48693.011148981765,0.0,-24467.421877505465,-79112.71749565964,-79112.70158952776,-59926.47678149237,-24467.421877505465,35459.05490398691,35459.05490398689,-23870.15432531774,38400.5,nan,nan,1.5000000000000002,10.0,0.0,0.0,10.0,0.85,CORE,MAIN,1.2050040930265762,0.25605465151549345,0.6,0.174,-59926.47678149237,STRUCTURAL,-0.9590595133606767,-192029.62659667194,27600.0,0,0,0,0,0,0,0,inf,inf,NA,1,5,5,5,27,6,0,0,CONTINUE,0,A,1,1,0,KEEP_STRUCTURAL_IN_ON_CUT,2,3,0,0,"tail_cont_enabled=1 tail_active_dims=(1,) tail_delta=0.1 tail_start=(6, 6, 6) returned_y=(0, 6, 2) returned_b=(0, 1, 0) returned_u=(0, 0.1, 0) returned_zcap=(0, 6.1, 2) max_tail_u=0.1",NA
120,P1_no_rho,92,1004.437735500047,5.637516900082119,8.232306799967773,0.17805220000445843,0.01,70330.33935778684,70330.33935778684,-68403.76567522435,-47593.64992027267,0.0,-24467.421877505465,-78896.49251426924,-78896.47647948812,-59926.47678149237,-24467.421877505465,35459.05490398691,35459.05490398689,-23400.266622817548,37891.0,nan,nan,1.5000000000000002,10.0,0.0,0.0,10.0,0.85,CORE,MAIN,1.2055990350211812,0.2534113694710812,0.6,0.174,-59926.47678149237,STRUCTURAL,-0.9764184961542421,-192029.62659667194,27600.0,0,0,0,0,0,0,0,inf,inf,NA,1,5,5,5,27,6,0,0,CONTINUE,0,A,1,1,0,KEEP_STRUCTURAL_IN_ON_CUT,2,3,0,0,"tail_cont_enabled=1 tail_active_dims=(1,) tail_delta=0.1 tail_start=(6, 6, 6) returned_y=(2, 4, 2) returned_b=(0, 0, 0) returned_u=(0, 0, 0) returned_zcap=(2, 4, 2) max_tail_u=0",NA
120,P1_no_rho,93,1015.9500075000105,5.637516900082119,11.511718399939127,0.18838659999892116,0.01,47903.90155319006,47903.90155319006,-68403.76567522435,-50957.61559096218,0.0,-24467.421877505465,-70204.38060685826,-70204.36615104036,-59926.47678149237,-24467.421877505465,35459.05490398691,35459.05490398689,-19635.28647841905,35422.0,nan,nan,1.5000000000000002,10.0,0.0,0.0,10.0,0.85,CORE,MAIN,1.2066831366287123,0.2515197801161767,0.6,0.174,-59926.47678149237,STRUCTURAL,-0.9517452369077845,-192029.62659667194,27600.0,0,0,0,0,0,0,0,inf,inf,NA,2,6,6,6,27,6,0,0,CONTINUE,0,A,1,1,0,KEEP_STRUCTURAL_IN_ON_CUT,2,3,0,0,"tail_cont_enabled=1 tail_active_dims=(1,) tail_delta=0.1 tail_start=(6, 6, 6) returned_y=(2, 1, 4) returned_b=(0, 0, 0) returned_u=(0, 0, 0) returned_zcap=(2, 1, 4) max_tail_u=0",NA
120,P1_no_rho,94,1026.9971608000342,5.637516900082119,11.046627099975012,0.14726060000248253,0.01,44955.60101882321,44955.60101882321,-68403.76567522435,-51399.86067111721,0.0,-24467.421877505465,-77785.93914579779,-77785.92348894232,-59926.47678149237,-24467.421877505465,35459.05490398691,35459.05490398689,-23787.046848102837,38114.0,nan,nan,1.5000000000000002,10.0,0.0,0.0,10.0,0.85,CORE,MAIN,1.2066822519415301,0.253188706431112,0.6,0.174,-59926.47678149237,STRUCTURAL,-0.9445151674946998,-192029.62659667194,27600.0,0,0,0,0,0,0,0,inf,inf,NA,1,5,5,5,27,6,0,0,CONTINUE,0,A,1,1,0,KEEP_STRUCTURAL_IN_ON_CUT,2,3,0,0,"tail_cont_enabled=1 tail_active_dims=(1,) tail_delta=0.1 tail_start=(6, 6, 6) returned_y=(2, 1, 4) returned_b=(0, 0, 0) returned_u=(0, 0, 0) returned_zcap=(2, 1, 4) max_tail_u=0",NA
120,P1_no_rho,95,1051.941142100026,5.637516900082119,24.94340150000062,0.19368769996799529,0.01,62681.27575887418,62681.27575887418,-68403.76567522435,-48741.00946010956,0.0,-24467.421877505465,-79689.29769876508,-79689.28170703654,-59926.47678149237,-24467.421877505465,35459.05490398691,35459.05490398689,-22476.744489838806,39743.5,nan,nan,1.5000000000000002,10.0,0.0,0.0,10.0,0.85,CORE,MAIN,1.2060022777677526,0.2530669171426898,0.6,0.174,-59926.47678149237,STRUCTURAL,-0.959696339731826,-192029.62659667194,27600.0,0,0,0,0,0,0,0,inf,inf,NA,2,6,6,6,27,6,0,0,CONTINUE,0,A,1,1,0,KEEP_STRUCTURAL_IN_ON_CUT,2,3,0,0,"tail_cont_enabled=1 tail_active_dims=(1,) tail_delta=0.1 tail_start=(6, 6, 6) returned_y=(4, 4, 0) returned_b=(0, 0, 0) returned_u=(0, 0, 0) returned_zcap=(4, 4, 0) max_tail_u=0",NA
120,P1_no_rho,96,1060.3982877000235,5.637516900082119,8.456728899967857,0.18947079998906702,0.01,54418.18626354301,54418.18626354301,-68403.76567522435,-49980.47288440924,0.0,-24467.421877505465,-80050.4897960744,-80050.47364253756,-59926.47678149237,-24467.421877505465,35459.05490398691,35459.05490398689,-24385.85555017127,39260.0,nan,nan,1.5000000000000002,10.0,0.0,0.0,10.0,0.85,CORE,MAIN,1.2047099399480876,0.2635104355753366,0.6,0.174,-59926.47678149237,STRUCTURAL,-0.9452303972213665,-192029.62659667194,27600.0,0,0,0,0,0,0,0,inf,inf,NA,2,6,6,6,27,6,0,0,CONTINUE,0,A,1,1,0,KEEP_STRUCTURAL_IN_ON_CUT,2,3,0,0,"tail_cont_enabled=1 tail_active_dims=(1,) tail_delta=0.1 tail_start=(6, 6, 6) returned_y=(0, 6, 2) returned_b=(0, 1, 0) returned_u=(0, 0.1, 0) returned_zcap=(0, 6.1, 2) max_tail_u=0.1",NA
120,P1_no_rho,97,1073.884535600082,5.637516900082119,13.485451800050214,0.17246010003145784,0.01,73796.17684897805,73796.17684897805,-68403.76567522435,-47073.77429659398,0.0,-24467.421877505465,-70844.0308946721,-70844.01621180406,-59926.47678149237,-24467.421877505465,35459.05490398691,35459.05490398689,-19627.02064282,35152.0,nan,nan,1.5000000000000002,10.0,0.0,0.0,10.0,0.85,CORE,MAIN,1.205655723432531,0.27035179728462777,0.6,0.174,-59926.47678149237,STRUCTURAL,-0.9713434146750126,-192029.62659667194,27600.0,0,0,0,0,0,0,0,inf,inf,NA,1,5,5,5,27,6,0,0,CONTINUE,0,A,1,1,0,KEEP_STRUCTURAL_IN_ON_CUT,2,3,0,0,"tail_cont_enabled=1 tail_active_dims=(1,) tail_delta=0.1 tail_start=(6, 6, 6) returned_y=(2, 4, 2) returned_b=(0, 0, 0) returned_u=(0, 0, 0) returned_zcap=(2, 4, 2) max_tail_u=0",NA
120,P1_no_rho,98,1084.0574473000597,5.637516900082119,10.172446600045078,0.15788549999706447,0.01,50475.29819796485,50475.29819796485,-68403.76567522435,-50571.90609424596,0.0,-24467.421877505465,-75709.12809449327,-75709.11256854085,-59926.47678149237,-24467.421877505465,35459.05490398691,35459.05490398689,-22821.16386629581,37163.5,nan,nan,1.5000000000000002,10.0,0.0,0.0,10.0,0.85,CORE,MAIN,1.2063062986999267,0.23077940702548805,0.6,0.174,-59926.47678149237,STRUCTURAL,-0.9487435916467327,-192029.62659667194,27600.0,0,0,0,0,0,0,0,inf,inf,NA,1,5,5,5,27,6,0,0,CONTINUE,0,A,1,1,0,KEEP_STRUCTURAL_IN_ON_CUT,2,3,0,0,"tail_cont_enabled=1 tail_active_dims=(1,) tail_delta=0.1 tail_start=(6, 6, 6) returned_y=(2, 4, 2) returned_b=(0, 0, 0) returned_u=(0, 0, 0) returned_zcap=(2, 4, 2) max_tail_u=0",NA
120,P1_no_rho,99,1096.1683284000028,5.637516900082119,12.110573599929921,0.1595408000284806,0.01,49938.54383171542,49938.54383171542,-68403.76567522435,-50652.41924918338,0.0,-24467.421877505465,-77624.62307474158,-77624.60730140671,-59926.47678149237,-24467.421877505465,35459.05490398691,35459.05490398689,-23597.557074259174,37419.5,nan,nan,1.5000000000000002,10.0,0.0,0.0,10.0,0.85,CORE,MAIN,1.206420572738976,0.25510402319332603,0.6,0.174,-59926.47678149237,STRUCTURAL,-0.9625471608323207,-192029.62659667194,27600.0,0,0,0,0,0,0,0,inf,inf,NA,1,5,5,5,27,6,0,0,CONTINUE,0,A,1,1,0,KEEP_STRUCTURAL_IN_ON_CUT,2,3,0,0,"tail_cont_enabled=1 tail_active_dims=(1,) tail_delta=0.1 tail_start=(6, 6, 6) returned_y=(2, 4, 2) returned_b=(0, 0, 0) returned_u=(0, 0, 0) returned_zcap=(2, 4, 2) max_tail_u=0",NA
120,P1_no_rho,100,1122.2489339000313,5.637516900082119,26.080152299953625,0.15148599992971867,0.01,73980.83328945916,73980.83328945916,-68403.76567522435,-47046.07583052182,0.0,-24467.421877505465,-71993.4530920428,-71993.43820118284,-59926.47678149237,-24467.421877505465,35459.05490398691,35459.05490398689,-20480.294117711193,36298.0,nan,nan,1.5000000000000002,10.0,0.0,0.0,10.0,0.85,CORE,MAIN,1.2075838968851489,0.2772937510395028,0.6,0.174,-59926.47678149237,STRUCTURAL,-0.946115379790836,-192029.62659667194,27600.0,0,0,0,0,0,0,0,inf,inf,NA,1,5,5,5,27,6,0,0,CONTINUE,0,A,1,1,0,KEEP_STRUCTURAL_IN_ON_CUT,2,3,0,0,"tail_cont_enabled=1 tail_active_dims=(1,) tail_delta=0.1 tail_start=(6, 6, 6) returned_y=(2, 1, 4) returned_b=(0, 0, 0) returned_u=(0, 0, 0) returned_zcap=(2, 1, 4) max_tail_u=0",NA
120,P1_no_rho,101,1135.8897525999928,5.637516900082119,13.640270299976692,0.15493959991727024,0.01,54118.92376809945,54118.92376809945,-68403.76567522435,-50025.36225872578,0.0,-24467.421877505465,-77920.89808768455,-77920.88249456308,-59926.47678149237,-24467.421877505465,35459.05490398691,35459.05490398689,-24147.16193955947,37422.5,nan,nan,1.5000000000000002,10.0,0.0,0.0,10.0,0.85,CORE,MAIN,1.2078708001675489,0.2556874926100574,0.6,0.174,-59926.47678149237,STRUCTURAL,-0.9579570321776756,-192029.62659667194,27600.0,0,0,0,0,0,0,0,inf,inf,NA,1,5,5,5,27,6,0,0,CONTINUE,0,A,1,1,0,KEEP_STRUCTURAL_IN_ON_CUT,2,3,0,0,"tail_cont_enabled=1 tail_active_dims=(1,) tail_delta=0.1 tail_start=(6, 6, 6) returned_y=(2, 4, 2) returned_b=(0, 0, 0) returned_u=(0, 0, 0) returned_zcap=(2, 4, 2) max_tail_u=0",NA
120,P1_no_rho,102,1147.8498073000228,5.637516900082119,11.959526999969967,0.15542009996715933,0.01,53270.929252741436,53270.929252741436,-68403.76567522435,-50152.56143602948,0.0,-24467.421877505465,-82964.83120844103,-82964.81498669268,-59926.47678149237,-24467.421877505465,35459.05490398691,35459.05490398689,-23251.491082843626,42236.5,nan,nan,1.5000000000000002,10.0,0.0,0.0,10.0,0.85,CORE,MAIN,1.206810270176835,0.2493126189870215,0.6,0.174,-59926.47678149237,STRUCTURAL,-0.9425232347037762,-192029.62659667194,27600.0,0,0,0,0,0,0,0,inf,inf,NA,1,5,5,5,27,6,0,0,CONTINUE,0,A,1,1,0,KEEP_STRUCTURAL_IN_ON_CUT,2,3,0,0,"tail_cont_enabled=1 tail_active_dims=(1,) tail_delta=0.1 tail_start=(6, 6, 6) returned_y=(6, 0, 1) returned_b=(1, 0, 0) returned_u=(0, 0, 0) returned_zcap=(6, 0, 1) max_tail_u=0",NA
120,P1_no_rho,103,1160.9378567000385,5.637516900082119,13.087491599959321,0.17388330004177988,0.01,44387.13478609002,44387.13478609002,-68403.76567522435,-51485.13060602719,0.0,-24467.421877505465,-82021.5434611881,-82021.52678564304,-59926.47678149237,-24467.421877505465,35459.05490398691,35459.05490398689,-25220.578055461014,40753.5,nan,nan,1.5000000000000002,10.0,0.0,0.0,10.0,0.85,CORE,MAIN,1.2058506149876869,0.24261853297943936,0.6,0.174,-59926.47678149237,STRUCTURAL,-0.9291790681402744,-192029.62659667194,27600.0,0,0,0,0,0,0,0,inf,inf,NA,1,5,5,5,27,6,0,0,CONTINUE,0,A,1,1,0,KEEP_STRUCTURAL_IN_ON_CUT,2,3,0,0,"tail_cont_enabled=1 tail_active_dims=(1,) tail_delta=0.1 tail_start=(6, 6, 6) returned_y=(6, 0, 1) returned_b=(1, 0, 0) returned_u=(0, 0, 0) returned_zcap=(6, 0, 1) max_tail_u=0",NA
120,P1_no_rho,104,1171.2321874999907,5.637516900082119,10.293791199917905,0.1669675000011921,0.01,74941.60273411749,74941.60273411749,-68403.76567522435,-46901.960413823064,0.0,-24467.421877505465,-72652.41463245694,-72652.39949632634,-59926.47678149237,-24467.421877505465,35459.05490398691,35459.05490398689,-20401.633962500608,35754.5,nan,nan,1.5000000000000002,10.0,0.0,0.0,10.0,0.85,CORE,MAIN,1.206631908653052,0.25870821517837617,0.6,0.174,-59926.47678149237,STRUCTURAL,-0.9742506171032217,-192029.62659667194,27600.0,0,0,0,0,0,0,0,inf,inf,NA,1,5,5,5,27,6,0,0,CONTINUE,0,A,1,1,0,KEEP_STRUCTURAL_IN_ON_CUT,2,3,0,0,"tail_cont_enabled=1 tail_active_dims=(1,) tail_delta=0.1 tail_start=(6, 6, 6) returned_y=(2, 4, 2) returned_b=(0, 0, 0) returned_u=(0, 0, 0) returned_zcap=(2, 4, 2) max_tail_u=0",NA
120,P1_no_rho,105,1196.0149559000274,5.637516900082119,24.782204999937676,0.16132910002488643,0.01,59307.78530405921,59307.78530405921,-68403.76567522435,-49247.03302833181,0.0,-24467.421877505465,-77004.41713831318,-77004.40141090204,-59926.47678149237,-24467.421877505465,35459.05490398691,35459.05490398689,-22312.345760173856,37297.5,nan,nan,1.5000000000000002,10.0,0.0,0.0,10.0,0.85,CORE,MAIN,1.207112773133193,0.26000573774014935,0.6,0.174,-59926.47678149237,STRUCTURAL,-0.9775821552066166,-192029.62659667194,27600.0,0,0,0,0,0,0,0,inf,inf,NA,1,5,5,5,27,6,0,0,CONTINUE,0,A,1,1,0,KEEP_STRUCTURAL_IN_ON_CUT,2,3,0,0,"tail_cont_enabled=1 tail_active_dims=(1,) tail_delta=0.1 tail_start=(6, 6, 6) returned_y=(2, 4, 2) returned_b=(0, 0, 0) returned_u=(0, 0, 0) returned_zcap=(2, 4, 2) max_tail_u=0",NA
120,P1_no_rho,106,1210.1184533000924,5.637516900082119,14.102316400036216,0.18240129994228482,0.01,57302.712973506605,57302.712973506605,-68403.76567522435,-49547.7938779147,0.0,-24467.421877505465,-78753.36472949962,-78753.3487492406,-59926.47678149237,-24467.421877505465,35459.05490398691,35459.05490398689,-23526.358901355034,37614.5,nan,nan,1.5000000000000002,10.0,0.0,0.0,10.0,0.85,CORE,MAIN,1.207249470557297,0.25429051972729777,0.6,0.174,-59926.47678149237,STRUCTURAL,-0.9788244754529161,-192029.62659667194,27600.0,0,0,0,0,0,0,0,inf,inf,NA,1,5,5,5,27,6,0,0,CONTINUE,0,A,1,1,0,KEEP_STRUCTURAL_IN_ON_CUT,2,3,0,0,"tail_cont_enabled=1 tail_active_dims=(1,) tail_delta=0.1 tail_start=(6, 6, 6) returned_y=(2, 4, 2) returned_b=(0, 0, 0) returned_u=(0, 0, 0) returned_zcap=(2, 4, 2) max_tail_u=0",NA
120,P1_no_rho,107,1223.1488826000132,5.637516900082119,13.029858800000511,0.15707169997040182,0.01,75962.76559890412,75962.76559890412,-68403.76567522435,-46748.785984105074,0.0,-24467.421877505465,-72430.52592183436,-72430.51083264433,-59926.47678149237,-24467.421877505465,35459.05490398691,35459.05490398689,-20682.782467386183,36333.5,nan,nan,1.5000000000000002,10.0,0.0,0.0,10.0,0.85,CORE,MAIN,1.2083958238817167,0.2783174961730184,0.6,0.174,-59926.47678149237,STRUCTURAL,-0.9494952475494721,-192029.62659667194,27600.0,0,0,0,0,0,0,0,inf,inf,NA,1,5,5,5,27,6,0,0,CONTINUE,0,A,1,1,0,KEEP_STRUCTURAL_IN_ON_CUT,2,3,0,0,"tail_cont_enabled=1 tail_active_dims=(1,) tail_delta=0.1 tail_start=(6, 6, 6) returned_y=(2, 1, 4) returned_b=(0, 0, 0) returned_u=(0, 0, 0) returned_zcap=(2, 1, 4) max_tail_u=0",NA
120,P1_no_rho,108,1235.336305600009,5.637516900082119,12.186817199923098,0.17659040004946291,0.01,52783.47544024998,52783.47544024998,-68403.76567522435,-50225.679507903194,0.0,-24467.421877505465,-77823.84373823958,-77823.82819060207,-59926.47678149237,-24467.421877505465,35459.05490398691,35459.05490398689,-23328.418620346667,37272.0,nan,nan,1.5000000000000002,10.0,0.0,0.0,10.0,0.85,CORE,MAIN,1.2090280481422728,0.24591116831882143,0.6,0.174,-59926.47678149237,STRUCTURAL,-0.9747336619134185,-192029.62659667194,27600.0,0,0,0,0,0,0,0,inf,inf,NA,1,5,5,5,27,6,0,0,CONTINUE,0,A,1,1,0,KEEP_STRUCTURAL_IN_ON_CUT,2,3,0,0,"tail_cont_enabled=1 tail_active_dims=(1,) tail_delta=0.1 tail_start=(6, 6, 6) returned_y=(2, 4, 2) returned_b=(0, 0, 0) returned_u=(0, 0, 0) returned_zcap=(2, 4, 2) max_tail_u=0",NA
120,P1_no_rho,109,1248.8635432000738,5.637516900082119,13.526819100021385,0.15876240003854036,0.01,53561.68301227677,53561.68301227677,-68403.76567522435,-50108.94837209918,0.0,-24467.421877505465,-75058.9260210174,-75058.91054701872,-59926.47678149237,-24467.421877505465,35459.05490398691,35459.05490398689,-21876.505402872794,36444.5,nan,nan,1.5000000000000002,10.0,0.0,0.0,10.0,0.85,CORE,MAIN,1.2100283484750283,0.2432116709305714,0.6,0.174,-59926.47678149237,STRUCTURAL,-0.9728473915889627,-192029.62659667194,27600.0,0,0,0,0,0,0,0,inf,inf,NA,1,5,5,5,27,6,0,0,CONTINUE,0,A,1,1,0,KEEP_STRUCTURAL_IN_ON_CUT,2,3,0,0,"tail_cont_enabled=1 tail_active_dims=(1,) tail_delta=0.1 tail_start=(6, 6, 6) returned_y=(2, 4, 2) returned_b=(0, 0, 0) returned_u=(0, 0, 0) returned_zcap=(2, 4, 2) max_tail_u=0",NA
120,P1_no_rho,110,1275.3684945000568,5.637516900082119,26.50446019996889,0.1630333000794053,0.01,43783.154850756255,43783.154850756255,-68403.76567522435,-51575.727596327255,0.0,-24467.421877505465,-79861.90871684327,-79861.89250409647,-59926.47678149237,-24467.421877505465,35459.05490398691,35459.05490398689,-24911.057297679745,38485.5,nan,nan,1.5000000000000002,10.0,0.0,0.0,10.0,0.85,CORE,MAIN,1.209629695056998,0.25553778320341625,0.6,0.174,-59926.47678149237,STRUCTURAL,-0.9518881172808238,-192029.62659667194,27600.0,0,0,0,0,0,0,0,inf,inf,NA,1,5,5,5,27,6,0,0,CONTINUE,0,A,1,1,0,KEEP_STRUCTURAL_IN_ON_CUT,2,3,0,0,"tail_cont_enabled=1 tail_active_dims=(1,) tail_delta=0.1 tail_start=(6, 6, 6) returned_y=(2, 4, 2) returned_b=(0, 0, 0) returned_u=(0, 0, 0) returned_zcap=(2, 4, 2) max_tail_u=0",NA
120,P1_no_rho,111,1287.7536800000817,5.637516900082119,12.384824500069954,0.16274619998876005,0.01,70191.47527678675,70191.47527678675,-68403.76567522435,-47614.47953242268,0.0,-24467.421877505465,-72897.0567930736,-72897.04160539525,-59926.47678149237,-24467.421877505465,35459.05490398691,35459.05490398689,-20545.986765914844,35694.5,nan,nan,1.5000000000000002,10.0,0.0,0.0,10.0,0.85,CORE,MAIN,1.210360501605348,0.24545743603098558,0.6,0.174,-59926.47678149237,STRUCTURAL,-0.9777613701360226,-192029.62659667194,27600.0,0,0,0,0,0,0,0,inf,inf,NA,1,5,5,5,27,6,0,0,CONTINUE,0,A,1,1,0,KEEP_STRUCTURAL_IN_ON_CUT,2,3,0,0,"tail_cont_enabled=1 tail_active_dims=(1,) tail_delta=0.1 tail_start=(6, 6, 6) returned_y=(2, 4, 2) returned_b=(0, 0, 0) returned_u=(0, 0, 0) returned_zcap=(2, 4, 2) max_tail_u=0",NA
120,P1_no_rho,112,1298.1327308000764,5.637516900082119,10.37864490004722,0.16011210007127374,0.01,58571.65213144081,58571.65213144081,-68403.76567522435,-49357.45300422457,0.0,-24467.421877505465,-77601.16267137915,-77601.14679484007,-59926.47678149237,-24467.421877505465,35459.05490398691,35459.05490398689,-23236.616949305084,37389.5,nan,nan,1.5000000000000002,10.0,0.0,0.0,10.0,0.85,CORE,MAIN,1.210539335598885,0.25223063463761886,0.6,0.174,-59926.47678149237,STRUCTURAL,-0.9693368431517755,-192029.62659667194,27600.0,0,0,0,0,0,0,0,inf,inf,NA,1,5,5,5,27,6,0,0,CONTINUE,0,A,1,1,0,KEEP_STRUCTURAL_IN_ON_CUT,2,3,0,0,"tail_cont_enabled=1 tail_active_dims=(1,) tail_delta=0.1 tail_start=(6, 6, 6) returned_y=(2, 4, 2) returned_b=(0, 0, 0) returned_u=(0, 0, 0) returned_zcap=(2, 4, 2) max_tail_u=0",NA
120,P1_no_rho,113,1310.5057328999974,5.637516900082119,12.372432200005278,0.1741389000089839,0.01,55277.215626334255,55277.215626334255,-68403.76567522435,-49851.61847999055,0.0,-24467.421877505465,-78703.30799902575,-78703.29202867256,-59926.47678149237,-24467.421877505465,35459.05490398691,35459.05490398689,-23383.516795298015,38078.0,nan,nan,1.5000000000000002,10.0,0.0,0.0,10.0,0.85,CORE,MAIN,1.2102807663301838,0.2457574770427633,0.6,0.174,-59926.47678149237,STRUCTURAL,-0.9685343283676409,-192029.62659667194,27600.0,0,0,0,0,0,0,0,inf,inf,NA,1,5,5,5,27,6,0,0,CONTINUE,0,A,1,1,0,KEEP_STRUCTURAL_IN_ON_CUT,2,3,0,0,"tail_cont_enabled=1 tail_active_dims=(1,) tail_delta=0.1 tail_start=(6, 6, 6) returned_y=(0, 6, 2) returned_b=(0, 1, 0) returned_u=(0, 0.1, 0) returned_zcap=(0, 6.1, 2) max_tail_u=0.1",NA
120,P1_no_rho,114,1324.1919312000973,5.637516900082119,13.684985400061123,0.16433560010045767,0.01,69542.17147619299,69542.17147619299,-68403.76567522435,-47711.875102511745,0.0,-24467.421877505465,-72555.14285970318,-72555.12777678245,-59926.47678149237,-24467.421877505465,35459.05490398691,35459.05490398689,-20574.073350693696,35479.0,nan,nan,1.5000000000000002,10.0,0.0,0.0,10.0,0.85,CORE,MAIN,1.210954246195636,0.25265500566280086,0.6,0.174,-59926.47678149237,STRUCTURAL,-0.9767478306620583,-192029.62659667194,27600.0,0,0,0,0,0,0,0,inf,inf,NA,1,5,5,5,27,6,0,0,CONTINUE,0,A,1,1,0,KEEP_STRUCTURAL_IN_ON_CUT,2,3,0,0,"tail_cont_enabled=1 tail_active_dims=(1,) tail_delta=0.1 tail_start=(6, 6, 6) returned_y=(2, 4, 2) returned_b=(0, 0, 0) returned_u=(0, 0, 0) returned_zcap=(2, 4, 2) max_tail_u=0",NA
120,P1_no_rho,115,1347.1259172999999,5.637516900082119,22.933468099916354,0.17269329994451255,0.01,51327.02304822239,51327.02304822239,-68403.76567522435,-50444.14736670733,0.0,-24467.421877505465,-76217.22337847542,-76217.20807157432,-59926.47678149237,-24467.421877505465,35459.05490398691,35459.05490398689,-22342.71030618644,37480.5,nan,nan,1.5000000000000002,10.0,0.0,0.0,10.0,0.85,CORE,MAIN,1.211159656273448,0.24918491108049945,0.6,0.174,-59926.47678149237,STRUCTURAL,-0.9582671480794523,-192029.62659667194,27600.0,0,0,0,0,0,0,0,inf,inf,NA,1,5,5,5,27,6,0,0,CONTINUE,0,A,1,1,0,KEEP_STRUCTURAL_IN_ON_CUT,2,3,0,0,"tail_cont_enabled=1 tail_active_dims=(1,) tail_delta=0.1 tail_start=(6, 6, 6) returned_y=(0, 6, 2) returned_b=(0, 1, 0) returned_u=(0, 0.1, 0) returned_zcap=(0, 6.1, 2) max_tail_u=0.1",NA
120,P1_no_rho,116,1358.9229439999908,5.637516900082119,11.796673099976033,0.17801269993651658,0.01,63947.594608410756,63947.594608410756,-68403.76567522435,-48551.06163267908,0.0,-24467.421877505465,-76971.95846758265,-76971.94262065456,-59926.47678149237,-24467.421877505465,35459.05490398691,35459.05490398689,-22175.50589450724,37146.0,nan,nan,1.5000000000000002,10.0,0.0,0.0,10.0,0.85,CORE,MAIN,1.211253465132617,0.23572652366372024,0.6,0.174,-59926.47678149237,STRUCTURAL,-0.9834425730208245,-192029.62659667194,27600.0,0,0,0,0,0,0,0,inf,inf,NA,1,5,5,5,27,6,0,0,CONTINUE,0,A,1,1,0,KEEP_STRUCTURAL_IN_ON_CUT,2,3,0,0,"tail_cont_enabled=1 tail_active_dims=(1,) tail_delta=0.1 tail_start=(6, 6, 6) returned_y=(2, 4, 2) returned_b=(0, 0, 0) returned_u=(0, 0, 0) returned_zcap=(2, 4, 2) max_tail_u=0",NA
120,P1_no_rho,117,1372.4044024000177,5.637516900082119,13.481102699995972,0.15333579992875457,0.01,44828.461657343156,44828.461657343156,-68403.76567522435,-51418.93157533922,0.0,-24467.421877505465,-82290.80642963374,-82290.7899171651,-59926.47678149237,-24467.421877505465,35459.05490398691,35459.05490398689,-25535.17607478964,39006.0,nan,nan,1.5000000000000002,10.0,0.0,0.0,10.0,0.85,CORE,MAIN,1.2098737862837483,0.24442847939279716,0.6,0.174,-59926.47678149237,STRUCTURAL,-0.9700321974803101,-192029.62659667194,27600.0,0,0,0,0,0,0,0,inf,inf,NA,1,5,5,5,27,6,0,0,CONTINUE,0,A,1,1,0,KEEP_STRUCTURAL_IN_ON_CUT,2,3,0,0,"tail_cont_enabled=1 tail_active_dims=(1,) tail_delta=0.1 tail_start=(6, 6, 6) returned_y=(2, 4, 2) returned_b=(0, 0, 0) returned_u=(0, 0, 0) returned_zcap=(2, 4, 2) max_tail_u=0",NA
120,P1_no_rho,118,1382.524924700032,5.637516900082119,10.119114800007083,0.16784519993234426,0.01,67118.89215001653,67118.89215001653,-68403.76567522435,-48075.36700143821,0.0,-24467.421877505465,-73543.96016036138,-73543.9448089529,-59926.47678149237,-24467.421877505465,35459.05490398691,35459.05490398689,-20984.098621320787,35877.0,nan,nan,1.5000000000000002,10.0,0.0,0.0,10.0,0.85,CORE,MAIN,1.2100671585531666,0.26767991506075506,0.6,0.174,-59926.47678149237,STRUCTURAL,-0.9766674320155365,-192029.62659667194,27600.0,0,0,0,0,0,0,0,inf,inf,NA,1,5,5,5,27,6,0,0,CONTINUE,0,A,1,1,0,KEEP_STRUCTURAL_IN_ON_CUT,2,3,0,0,"tail_cont_enabled=1 tail_active_dims=(1,) tail_delta=0.1 tail_start=(6, 6, 6) returned_y=(2, 4, 2) returned_b=(0, 0, 0) returned_u=(0, 0, 0) returned_zcap=(2, 4, 2) max_tail_u=0",NA
120,P1_no_rho,119,1394.7429471000796,5.637516900082119,12.217365900054574,0.1637189999455586,0.01,56179.505082856325,56179.505082856325,-68403.76567522435,-49716.27506151224,0.0,-24467.421877505465,-77068.92558686483,-77068.90978338393,-59926.47678149237,-24467.421877505465,35459.05490398691,35459.05490398689,-22372.213867806437,39266.0,nan,nan,1.5000000000000002,10.0,0.0,0.0,10.0,0.85,CORE,MAIN,1.2101524789322105,0.24839923143690334,0.6,0.174,-59926.47678149237,STRUCTURAL,-0.9286523695746525,-192029.62659667194,27600.0,0,0,0,0,0,0,0,inf,inf,NA,1,5,5,5,27,6,0,0,CONTINUE,0,A,1,1,0,KEEP_STRUCTURAL_IN_ON_CUT,2,3,0,0,"tail_cont_enabled=1 tail_active_dims=(1,) tail_delta=0.1 tail_start=(6, 6, 6) returned_y=(6, 0, 1) returned_b=(1, 0, 0) returned_u=(0, 0, 0) returned_zcap=(6, 0, 1) max_tail_u=0",NA
120,P1_no_rho,120,1420.8662726000184,5.637516900082119,26.12265659996774,0.16960570006631315,0.01,55170.484422755704,55170.484422755704,-68403.76567522435,-49867.62816052734,0.0,-24467.421877505465,-79729.8518672083,-79729.83554139378,-59926.47678149237,-24467.421877505465,35459.05490398691,35459.05490398689,-23738.700398330908,40474.5,nan,nan,1.5000000000000002,10.0,0.0,0.0,10.0,0.85,CORE,MAIN,1.2100453455763232,0.24658391294216597,0.6,0.174,-59926.47678149237,STRUCTURAL,-0.9222454490780262,-192029.62659667194,27600.0,0,0,0,0,0,0,0,inf,inf,NA,1,5,5,5,27,6,0,0,CONTINUE,0,A,1,1,0,KEEP_STRUCTURAL_IN_ON_CUT,2,3,0,0,"tail_cont_enabled=1 tail_active_dims=(1,) tail_delta=0.1 tail_start=(6, 6, 6) returned_y=(6, 0, 1) returned_b=(1, 0, 0) returned_u=(0, 0, 0) returned_zcap=(6, 0, 1) max_tail_u=0",NA
120,P1_no_rho,121,1429.4171878000489,5.637516900082119,8.550340099958703,0.15784600004553795,0.01,71725.0101793211,71725.0101793211,-68403.76567522435,-47384.44929704253,0.0,-24467.421877505465,-73564.87837638975,-73564.86303480662,-59926.47678149237,-24467.421877505465,35459.05490398691,35459.05490398689,-21123.33768255467,38363.0,nan,nan,1.5000000000000002,10.0,0.0,0.0,10.0,0.85,CORE,MAIN,1.2108560747330772,0.26409620006402146,0.6,0.174,-59926.47678149237,STRUCTURAL,-0.911321244467359,-192029.62659667194,27600.0,0,0,0,0,0,0,0,inf,inf,NA,1,5,5,5,27,6,0,0,CONTINUE,0,A,1,1,0,KEEP_STRUCTURAL_IN_ON_CUT,2,3,0,0,"tail_cont_enabled=1 tail_active_dims=(1,) tail_delta=0.1 tail_start=(6, 6, 6) returned_y=(6, 0, 1) returned_b=(1, 0, 0) returned_u=(0, 0, 0) returned_zcap=(6, 0, 1) max_tail_u=0",NA
120,P1_no_rho,122,1439.8621184000513,5.637516900082119,10.44430510001257,0.15366230008658022,0.01,58334.044644088164,58334.044644088164,-68403.76567522435,-49393.094127327466,0.0,-24467.421877505465,-75570.10387493308,-75570.0887583606,-59926.47678149237,-24467.421877505465,35459.05490398691,35459.05490398689,-21421.285811070444,37497.0,nan,nan,1.5000000000000002,10.0,0.0,0.0,10.0,0.85,CORE,MAIN,1.2115340052212946,0.2517295543209711,0.6,0.174,-59926.47678149237,STRUCTURAL,-0.9627224035218841,-192029.62659667194,27600.0,0,0,0,0,0,0,0,inf,inf,NA,1,5,5,5,27,6,0,0,CONTINUE,0,A,1,1,0,KEEP_STRUCTURAL_IN_ON_CUT,2,3,0,0,"tail_cont_enabled=1 tail_active_dims=(1,) tail_delta=0.1 tail_start=(6, 6, 6) returned_y=(0, 6, 2) returned_b=(0, 1, 0) returned_u=(0, 0.1, 0) returned_zcap=(0, 6.1, 2) max_tail_u=0.1",NA
120,P1_no_rho,123,1451.8252612000797,5.637516900082119,11.962658400065266,0.16359239991288632,0.01,62080.77995421767,62080.77995421767,-68403.76567522435,-48831.08383080804,0.0,-24467.421877505465,-77884.31548014648,-77884.2996451731,-59926.47678149237,-24467.421877505465,35459.05490398691,35459.05490398689,-22427.28236614134,38242.0,nan,nan,1.5000000000000002,10.0,0.0,0.0,10.0,0.85,CORE,MAIN,1.2118947396354758,0.24164890166148734,0.6,0.174,-59926.47678149237,STRUCTURAL,-0.9667733082131649,-192029.62659667194,27600.0,0,0,0,0,0,0,0,inf,inf,NA,1,5,5,5,27,6,0,0,CONTINUE,0,A,1,1,0,KEEP_STRUCTURAL_IN_ON_CUT,2,3,0,0,"tail_cont_enabled=1 tail_active_dims=(1,) tail_delta=0.1 tail_start=(6, 6, 6) returned_y=(0, 6, 2) returned_b=(0, 1, 0) returned_u=(0, 0.1, 0) returned_zcap=(0, 6.1, 2) max_tail_u=0.1",NA
120,P1_no_rho,124,1464.6253128000535,5.637516900082119,12.799408599967137,0.19356709998100996,0.01,45585.972746261155,45585.972746261155,-68403.76567522435,-51305.30491200152,0.0,-24467.421877505465,-79102.52046100244,-79102.50492421478,-59926.47678149237,-24467.421877505465,35459.05490398691,35459.05490398689,-23270.92378017912,39353.0,nan,nan,1.5000000000000002,10.0,0.0,0.0,10.0,0.85,CORE,MAIN,1.2114723361911763,0.246940182112756,0.6,0.174,-59926.47678149237,STRUCTURAL,-0.9458250729556517,-192029.62659667194,27600.0,0,0,0,0,0,0,0,inf,inf,NA,2,6,6,6,27,6,0,0,CONTINUE,0,A,1,1,0,KEEP_STRUCTURAL_IN_ON_CUT,2,3,0,0,"tail_cont_enabled=1 tail_active_dims=(1,) tail_delta=0.1 tail_start=(6, 6, 6) returned_y=(2, 6, 0) returned_b=(0, 1, 0) returned_u=(0, 0.1, 0) returned_zcap=(2, 6.1, 0) max_tail_u=0.1",NA
120,P1_no_rho,125,1487.9649250000948,5.637516900082119,23.338796199997887,0.17009479994885623,0.01,71772.25264245232,71772.25264245232,-68403.76567522435,-47377.362927572845,0.0,-24467.421877505465,-75057.20711638243,-75057.19156596968,-59926.47678149237,-24467.421877505465,35459.05490398691,35459.05490398689,-21234.241956292568,36405.5,nan,nan,1.5000000000000002,10.0,0.0,0.0,10.0,0.85,CORE,MAIN,1.2117384751918,0.26471545760476123,0.6,0.174,-59926.47678149237,STRUCTURAL,-0.9856193818640426,-192029.62659667194,27600.0,0,0,0,0,0,0,0,inf,inf,NA,1,5,5,5,27,6,0,0,CONTINUE,0,A,1,1,0,KEEP_STRUCTURAL_IN_ON_CUT,2,3,0,0,"tail_cont_enabled=1 tail_active_dims=(1,) tail_delta=0.1 tail_start=(6, 6, 6) returned_y=(2, 4, 2) returned_b=(0, 0, 0) returned_u=(0, 0, 0) returned_zcap=(2, 4, 2) max_tail_u=0",NA
120,P1_no_rho,126,1499.98783550004,5.637516900082119,12.02223000000231,0.14943350001703948,0.01,56245.048805988474,56245.048805988474,-68403.76567522435,-49706.44350304242,0.0,-24467.421877505465,-76727.16517661669,-76727.1494499977,-59926.47678149237,-24467.421877505465,35459.05490398691,35459.05490398689,-22804.08693464978,36952.5,nan,nan,1.5000000000000002,10.0,0.0,0.0,10.0,0.85,CORE,MAIN,1.2120267327966912,0.2605698727422753,0.6,0.174,-59926.47678149237,STRUCTURAL,-0.9728356225848117,-192029.62659667194,27600.0,0,0,0,0,0,0,0,inf,inf,NA,1,5,5,5,27,6,0,0,CONTINUE,0,A,1,1,0,KEEP_STRUCTURAL_IN_ON_CUT,2,3,0,0,"tail_cont_enabled=1 tail_active_dims=(1,) tail_delta=0.1 tail_start=(6, 6, 6) returned_y=(2, 4, 2) returned_b=(0, 0, 0) returned_u=(0, 0, 0) returned_zcap=(2, 4, 2) max_tail_u=0",NA
120,P1_no_rho,127,1512.4601255999878,5.637516900082119,12.471675099921413,0.1799798000138253,0.01,51028.22607839517,51028.22607839517,-68403.76567522435,-50488.966912181415,0.0,-24467.421877505465,-82443.29949780717,-82443.28298565878,-59926.47678149237,-24467.421877505465,35459.05490398691,35459.05490398689,-24902.25975547833,41863.0,nan,nan,1.5000000000000002,10.0,0.0,0.0,10.0,0.85,CORE,MAIN,1.2118893279464324,0.24395499405617638,0.6,0.174,-59926.47678149237,STRUCTURAL,-0.9163385842737888,-192029.62659667194,27600.0,0,0,0,0,0,0,0,inf,inf,NA,1,5,5,5,27,6,0,0,CONTINUE,0,A,1,1,0,KEEP_STRUCTURAL_IN_ON_CUT,2,3,0,0,"tail_cont_enabled=1 tail_active_dims=(1,) tail_delta=0.1 tail_start=(6, 6, 6) returned_y=(6, 0, 1) returned_b=(1, 0, 0) returned_u=(0, 0, 0) returned_zcap=(6, 0, 1) max_tail_u=0",NA
120,P1_no_rho,128,1521.3702017000178,5.637516900082119,8.90958119998686,0.17872209998313338,0.01,69214.21758931428,69214.21758931428,-68403.76567522435,-47761.06818554355,0.0,-24467.421877505465,-75029.99569387618,-75029.98020616052,-59926.47678149237,-24467.421877505465,35459.05490398691,35459.05490398689,-21460.88606586971,38779.5,nan,nan,1.5000000000000002,10.0,0.0,0.0,10.0,0.85,CORE,MAIN,1.2124637216254286,0.24522333609207214,0.6,0.174,-59926.47678149237,STRUCTURAL,-0.9209177381570299,-192029.62659667194,27600.0,0,0,0,0,0,0,0,inf,inf,NA,1,5,5,5,27,6,0,0,CONTINUE,0,A,1,1,0,KEEP_STRUCTURAL_IN_ON_CUT,2,3,0,0,"tail_cont_enabled=1 tail_active_dims=(1,) tail_delta=0.1 tail_start=(6, 6, 6) returned_y=(6, 0, 1) returned_b=(1, 0, 0) returned_u=(0, 0, 0) returned_zcap=(6, 0, 1) max_tail_u=0",NA
120,P1_no_rho,129,1533.706835500081,5.637516900082119,12.335760900052264,0.16659239993896335,0.01,65176.57598111701,65176.57598111701,-68403.76567522435,-48366.71442677314,0.0,-24467.421877505465,-76882.57418595633,-76882.5586373386,-59926.47678149237,-24467.421877505465,35459.05490398691,35459.05490398689,-22220.449601873206,37169.5,nan,nan,1.5000000000000002,10.0,0.0,0.0,10.0,0.85,CORE,MAIN,1.212944399322804,0.25455552546235705,0.6,0.174,-59926.47678149237,STRUCTURAL,-0.9804115208341135,-192029.62659667194,27600.0,0,0,0,0,0,0,0,inf,inf,NA,1,5,5,5,27,6,0,0,CONTINUE,0,A,1,1,0,KEEP_STRUCTURAL_IN_ON_CUT,2,3,0,0,"tail_cont_enabled=1 tail_active_dims=(1,) tail_delta=0.1 tail_start=(6, 6, 6) returned_y=(2, 4, 2) returned_b=(0, 0, 0) returned_u=(0, 0, 0) returned_zcap=(2, 4, 2) max_tail_u=0",NA
120,P1_no_rho,130,1559.660530299996,5.637516900082119,25.953095600008965,0.15697050001472235,0.01,61157.53592323301,61157.53592323301,-68403.76567522435,-48969.57043545574,0.0,-24467.421877505465,-77868.67742147473,-77868.66160748608,-59926.47678149237,-24467.421877505465,35459.05490398691,35459.05490398689,-22310.935578200526,38108.5,nan,nan,1.5000000000000002,10.0,0.0,0.0,10.0,0.85,CORE,MAIN,1.213209264786542,0.24884808821059257,0.6,0.174,-59926.47678149237,STRUCTURAL,-0.9719218552166498,-192029.62659667194,27600.0,0,0,0,0,0,0,0,inf,inf,NA,1,5,5,5,27,6,0,0,CONTINUE,0,A,1,1,0,KEEP_STRUCTURAL_IN_ON_CUT,2,3,0,0,"tail_cont_enabled=1 tail_active_dims=(1,) tail_delta=0.1 tail_start=(6, 6, 6) returned_y=(0, 6, 2) returned_b=(0, 1, 0) returned_u=(0, 0.1, 0) returned_zcap=(0, 6.1, 2) max_tail_u=0.1",NA
120,P1_no_rho,131,1569.5602711000247,5.637516900082119,9.899252100032754,0.1684260000474751,0.01,49092.567665425966,49092.567665425966,-68403.76567522435,-50779.315674126796,0.0,-24467.421877505465,-78312.10259974189,-78312.08695138154,-59926.47678149237,-24467.421877505465,35459.05490398691,35459.05490398689,-24431.64381703617,38003.0,nan,nan,1.5000000000000002,10.0,0.0,0.0,10.0,0.85,CORE,MAIN,1.2130789733742593,0.24936921399717926,0.6,0.174,-59926.47678149237,STRUCTURAL,-0.9451963114200698,-192029.62659667194,27600.0,0,0,0,0,0,0,0,inf,inf,NA,1,5,5,5,27,6,0,0,CONTINUE,0,A,1,1,0,KEEP_STRUCTURAL_IN_ON_CUT,2,3,0,0,"tail_cont_enabled=1 tail_active_dims=(1,) tail_delta=0.1 tail_start=(6, 6, 6) returned_y=(0, 6, 2) returned_b=(0, 1, 0) returned_u=(0, 0.1, 0) returned_zcap=(0, 6.1, 2) max_tail_u=0.1",NA
120,P1_no_rho,132,1582.4181313000154,5.637516900082119,12.857355399988592,0.17061709996778518,0.01,68194.65677029146,68194.65677029146,-68403.76567522435,-47914.00230839697,0.0,-24467.421877505465,-74524.09683651022,-74524.08142806537,-59926.47678149237,-24467.421877505465,35459.05490398691,35459.05490398689,-20838.463248214015,36605.5,nan,nan,1.5000000000000002,10.0,0.0,0.0,10.0,0.85,CORE,MAIN,1.21329793638037,0.25896403273002955,0.6,0.174,-59926.47678149237,STRUCTURAL,-0.9777331854475664,-192029.62659667194,27600.0,0,0,0,0,0,0,0,inf,inf,NA,1,5,5,5,27,6,0,0,CONTINUE,0,A,1,1,0,KEEP_STRUCTURAL_IN_ON_CUT,2,3,0,0,"tail_cont_enabled=1 tail_active_dims=(1,) tail_delta=0.1 tail_start=(6, 6, 6) returned_y=(2, 4, 2) returned_b=(0, 0, 0) returned_u=(0, 0, 0) returned_zcap=(2, 4, 2) max_tail_u=0",NA
120,P1_no_rho,133,1594.4252698000055,5.637516900082119,12.006616299971938,0.1648879999993369,0.01,56743.72584995259,56743.72584995259,-68403.76567522435,-49631.6419464478,0.0,-24467.421877505465,-76671.09494997998,-76671.07919764816,-59926.47678149237,-24467.421877505465,35459.05490398691,35459.05490398689,-22706.764814167294,37974.0,nan,nan,1.5000000000000002,10.0,0.0,0.0,10.0,0.85,CORE,MAIN,1.213685937184757,0.25010414606495,0.6,0.174,-59926.47678149237,STRUCTURAL,-0.9473905722069635,-192029.62659667194,27600.0,0,0,0,0,0,0,0,inf,inf,NA,1,5,5,5,27,6,0,0,CONTINUE,0,A,1,1,0,KEEP_STRUCTURAL_IN_ON_CUT,2,3,0,0,"tail_cont_enabled=1 tail_active_dims=(1,) tail_delta=0.1 tail_start=(6, 6, 6) returned_y=(2, 1, 4) returned_b=(0, 0, 0) returned_u=(0, 0, 0) returned_zcap=(2, 1, 4) max_tail_u=0",NA
120,P1_no_rho,134,1606.298619600013,5.637516900082119,11.872465400025249,0.16054720000829548,0.01,48855.31487412427,48855.31487412427,-68403.76567522435,-50814.903592822055,0.0,-24467.421877505465,-79693.05719215647,-79693.04101020216,-59926.47678149237,-24467.421877505465,35459.05490398691,35459.05490398689,-23783.95032326948,39004.5,nan,nan,1.5000000000000002,10.0,0.0,0.0,10.0,0.85,CORE,MAIN,1.2131992952604032,0.24654856777558543,0.6,0.174,-59926.47678149237,STRUCTURAL,-0.9556006902952684,-192029.62659667194,27600.0,0,0,0,0,0,0,0,inf,inf,NA,1,5,5,5,27,6,0,0,CONTINUE,0,A,1,1,0,KEEP_STRUCTURAL_IN_ON_CUT,2,3,0,0,"tail_cont_enabled=1 tail_active_dims=(1,) tail_delta=0.1 tail_start=(6, 6, 6) returned_y=(2, 1, 4) returned_b=(0, 0, 0) returned_u=(0, 0, 0) returned_zcap=(2, 1, 4) max_tail_u=0",NA
120,P1_no_rho,135,1627.7379300000612,5.637516900082119,21.438796399976127,0.15499979991000146,0.01,70931.02986444293,70931.02986444293,-68403.76567522435,-47503.546344274255,0.0,-24467.421877505465,-73475.94890274566,-73475.93356143021,-59926.47678149237,-24467.421877505465,35459.05490398691,35459.05490398689,-20767.637960621818,38153.5,nan,nan,1.5000000000000002,10.0,0.0,0.0,10.0,0.85,CORE,MAIN,1.213050871244195,0.23669822485843572,0.6,0.174,-59926.47678149237,STRUCTURAL,-0.9209866390730143,-192029.62659667194,27600.0,0,0,0,0,0,0,0,inf,inf,NA,1,5,5,5,27,6,0,0,CONTINUE,0,A,1,1,0,KEEP_STRUCTURAL_IN_ON_CUT,2,3,0,0,"tail_cont_enabled=1 tail_active_dims=(1,) tail_delta=0.1 tail_start=(6, 6, 6) returned_y=(6, 0, 1) returned_b=(1, 0, 0) returned_u=(0, 0, 0) returned_zcap=(6, 0, 1) max_tail_u=0",NA
120,P1_no_rho,136,1640.2275084001012,5.637516900082119,12.48918389994651,0.16958280000835657,0.01,60314.38788411317,60314.38788411317,-68403.76567522435,-49096.042641323715,0.0,-24467.421877505465,-78010.98938139857,-78010.97361016851,-59926.47678149237,-24467.421877505465,35459.05490398691,35459.05490398689,-22860.29905684353,37814.5,nan,nan,1.5000000000000002,10.0,0.0,0.0,10.0,0.85,CORE,MAIN,1.2126080082805468,0.24901618584293123,0.6,0.174,-59926.47678149237,STRUCTURAL,-0.9723020632001831,-192029.62659667194,27600.0,0,0,0,0,0,0,0,inf,inf,NA,1,5,5,5,27,6,0,0,CONTINUE,0,A,1,1,0,KEEP_STRUCTURAL_IN_ON_CUT,2,3,0,0,"tail_cont_enabled=1 tail_active_dims=(1,) tail_delta=0.1 tail_start=(6, 6, 6) returned_y=(2, 4, 2) returned_b=(0, 0, 0) returned_u=(0, 0, 0) returned_zcap=(2, 4, 2) max_tail_u=0",NA
120,P1_no_rho,137,1649.574905800051,5.637516900082119,9.346137200016528,0.21014030009973794,0.01,61284.88412568073,61284.88412568073,-68403.76567522435,-48950.46820508858,0.0,-24467.421877505465,-77787.891586105,-77787.87583535502,-59926.47678149237,-24467.421877505465,35459.05490398691,35459.05490398689,-22527.205504672515,38058.0,nan,nan,1.5000000000000002,10.0,0.0,0.0,10.0,0.85,CORE,MAIN,1.212203397989042,0.2443624120079998,0.6,0.174,-59926.47678149237,STRUCTURAL,-0.9680079585664427,-192029.62659667194,27600.0,0,0,0,0,0,0,0,inf,inf,NA,1,5,5,5,27,6,0,0,CONTINUE,0,A,1,1,0,KEEP_STRUCTURAL_IN_ON_CUT,2,3,0,0,"tail_cont_enabled=1 tail_active_dims=(1,) tail_delta=0.1 tail_start=(6, 6, 6) returned_y=(0, 6, 2) returned_b=(0, 1, 0) returned_u=(0, 0.1, 0) returned_zcap=(0, 6.1, 2) max_tail_u=0.1",NA
120,P1_no_rho,138,1662.0872522999998,5.637516900082119,12.51180909993127,0.17713490000460297,0.01,50011.89452242324,50011.89452242324,-68403.76567522435,-50641.41664557721,0.0,-24467.421877505465,-79634.11351726695,-79634.09760168445,-59926.47678149237,-24467.421877505465,35459.05490398691,35459.05490398689,-24158.308622529363,38563.5,nan,nan,1.5000000000000002,10.0,0.0,0.0,10.0,0.85,CORE,MAIN,1.211289642968142,0.2454926997168353,0.6,0.174,-59926.47678149237,STRUCTURAL,-0.9590379327456461,-192029.62659667194,27600.0,0,0,0,0,0,0,0,inf,inf,NA,1,5,5,5,27,6,0,0,CONTINUE,0,A,1,1,0,KEEP_STRUCTURAL_IN_ON_CUT,2,3,0,0,"tail_cont_enabled=1 tail_active_dims=(1,) tail_delta=0.1 tail_start=(6, 6, 6) returned_y=(0, 6, 2) returned_b=(0, 1, 0) returned_u=(0, 0.1, 0) returned_zcap=(0, 6.1, 2) max_tail_u=0.1",NA
120,P1_no_rho,139,1669.6560125000542,5.637516900082119,7.567376599996351,0.17237960000056773,0.01,69812.17358895384,69812.17358895384,-68403.76567522435,-47671.37478559762,0.0,-24467.421877505465,-74619.14316128475,-74619.12775751983,-59926.47678149237,-24467.421877505465,35459.05490398691,35459.05490398689,-20937.33052178734,37056.5,nan,nan,1.5000000000000002,10.0,0.0,0.0,10.0,0.85,CORE,MAIN,1.2113938368112154,0.25120370561562133,0.6,0.174,-59926.47678149237,STRUCTURAL,-0.9657648408193342,-192029.62659667194,27600.0,0,0,0,0,0,0,0,inf,inf,NA,1,5,5,5,27,6,0,0,CONTINUE,0,A,1,1,0,KEEP_STRUCTURAL_IN_ON_CUT,2,3,0,0,"tail_cont_enabled=1 tail_active_dims=(1,) tail_delta=0.1 tail_start=(6, 6, 6) returned_y=(0, 6, 2) returned_b=(0, 1, 0) returned_u=(0, 0.1, 0) returned_zcap=(0, 6.1, 2) max_tail_u=0.1",NA
120,P1_no_rho,140,1695.8019181001,5.637516900082119,26.14553119998891,0.17121830000542104,0.01,58561.41957301024,58561.41957301024,-68403.76567522435,-49358.987887989155,0.0,-24467.421877505465,-76507.25969617316,-76507.24398936542,-59926.47678149237,-24467.421877505465,35459.05490398691,35459.05490398689,-22184.11720947246,36794.0,nan,nan,1.5000000000000002,10.0,0.0,0.0,10.0,0.85,CORE,MAIN,1.211639165842314,0.24981963527144324,0.6,0.174,-59926.47678149237,STRUCTURAL,-0.9842750952128597,-192029.62659667194,27600.0,0,0,0,0,0,0,0,inf,inf,NA,1,5,5,5,27,6,0,0,CONTINUE,0,A,1,1,0,KEEP_STRUCTURAL_IN_ON_CUT,2,3,0,0,"tail_cont_enabled=1 tail_active_dims=(1,) tail_delta=0.1 tail_start=(6, 6, 6) returned_y=(2, 4, 2) returned_b=(0, 0, 0) returned_u=(0, 0, 0) returned_zcap=(2, 4, 2) max_tail_u=0",NA
120,P1_no_rho,141,1705.0547561000567,5.637516900082119,9.252212999970652,0.1859313000459224,0.01,56393.16254518143,56393.16254518143,-68403.76567522435,-49684.226442163475,0.0,-24467.421877505465,-81420.16232961006,-81420.14600715225,-59926.47678149237,-24467.421877505465,35459.05490398691,35459.05490398689,-24544.52010927884,41181.5,nan,nan,1.5000000000000002,10.0,0.0,0.0,10.0,0.85,CORE,MAIN,1.2114319459825027,0.24221284338473514,0.6,0.174,-59926.47678149237,STRUCTURAL,-0.9207310062021927,-192029.62659667194,27600.0,0,0,0,0,0,0,0,inf,inf,NA,1,5,5,5,27,6,0,0,CONTINUE,0,A,1,1,0,KEEP_STRUCTURAL_IN_ON_CUT,2,3,0,0,"tail_cont_enabled=1 tail_active_dims=(1,) tail_delta=0.1 tail_start=(6, 6, 6) returned_y=(6, 0, 1) returned_b=(1, 0, 0) returned_u=(0, 0, 0) returned_zcap=(6, 0, 1) max_tail_u=0",NA
120,P1_no_rho,142,1716.7360209000763,5.637516900082119,11.680715200025588,0.1546756000025198,0.01,71267.59651080307,71267.59651080307,-68403.76567522435,-47453.06134732023,0.0,-24467.421877505465,-75786.7192779567,-75786.70369575104,-59926.47678149237,-24467.421877505465,35459.05490398691,35459.05490398689,-21513.04505342787,37594.0,nan,nan,1.5000000000000002,10.0,0.0,0.0,10.0,0.85,CORE,MAIN,1.211889363152327,0.2594409007949178,0.6,0.174,-59926.47678149237,STRUCTURAL,-0.962452494942866,-192029.62659667194,27600.0,0,0,0,0,0,0,0,inf,inf,NA,1,5,5,5,27,6,0,0,CONTINUE,0,A,1,1,0,KEEP_STRUCTURAL_IN_ON_CUT,2,3,0,0,"tail_cont_enabled=1 tail_active_dims=(1,) tail_delta=0.1 tail_start=(6, 6, 6) returned_y=(2, 1, 4) returned_b=(0, 0, 0) returned_u=(0, 0, 0) returned_zcap=(2, 1, 4) max_tail_u=0",NA
120,P1_no_rho,143,1724.5557010000339,5.637516900082119,7.819082499947399,0.18109829991590232,0.01,58854.52653330099,58854.52653330099,-68403.76567522435,-49315.02184394554,0.0,-24467.421877505465,-78135.68381587796,-78135.6679276085,-59926.47678149237,-24467.421877505465,35459.05490398691,35459.05490398689,-23016.06969712707,38329.0,nan,nan,1.5000000000000002,10.0,0.0,0.0,10.0,0.85,CORE,MAIN,1.2120442155514288,0.23150166916124193,0.6,0.174,-59926.47678149237,STRUCTURAL,-0.9587100842787695,-192029.62659667194,27600.0,0,0,0,0,0,0,0,inf,inf,NA,1,5,5,5,27,6,0,0,CONTINUE,0,A,1,1,0,KEEP_STRUCTURAL_IN_ON_CUT,2,3,0,0,"tail_cont_enabled=1 tail_active_dims=(1,) tail_delta=0.1 tail_start=(6, 6, 6) returned_y=(2, 1, 4) returned_b=(0, 0, 0) returned_u=(0, 0, 0) returned_zcap=(2, 1, 4) max_tail_u=0",NA
120,P1_no_rho,144,1736.641677500098,5.637516900082119,12.085505700088106,0.1708594000665471,0.01,61546.24319455079,61546.24319455079,-68403.76567522435,-48911.26434475807,0.0,-24467.421877505465,-78096.66071725145,-78096.64477686214,-59926.47678149237,-24467.421877505465,35459.05490398691,35459.05490398689,-23120.365114022155,37563.5,nan,nan,1.5000000000000002,10.0,0.0,0.0,10.0,0.85,CORE,MAIN,1.2121665206725036,0.22892650724943187,0.6,0.174,-59926.47678149237,STRUCTURAL,-0.975703890972886,-192029.62659667194,27600.0,0,0,0,0,0,0,0,inf,inf,NA,1,5,5,5,27,6,0,0,CONTINUE,0,A,1,1,0,KEEP_STRUCTURAL_IN_ON_CUT,2,3,0,0,"tail_cont_enabled=1 tail_active_dims=(1,) tail_delta=0.1 tail_start=(6, 6, 6) returned_y=(2, 4, 2) returned_b=(0, 0, 0) returned_u=(0, 0, 0) returned_zcap=(2, 4, 2) max_tail_u=0",NA
120,P1_no_rho,145,1763.3311323000817,5.637516900082119,26.688732300070114,0.15880259999539703,0.01,51759.035612819,51759.035612819,-68403.76567522435,-50379.345482017845,0.0,-24467.421877505465,-80127.38897568556,-80127.3730030014,-59926.47678149237,-24467.421877505465,35459.05490398691,35459.05490398689,-23742.51693047507,38993.0,nan,nan,1.5000000000000002,10.0,0.0,0.0,10.0,0.85,CORE,MAIN,1.212400811731087,0.25830478227294384,0.6,0.174,-59926.47678149237,STRUCTURAL,-0.9640167221899026,-192029.62659667194,27600.0,0,0,0,0,0,0,0,inf,inf,NA,1,5,5,5,27,6,0,0,CONTINUE,0,A,1,1,0,KEEP_STRUCTURAL_IN_ON_CUT,2,3,0,0,"tail_cont_enabled=1 tail_active_dims=(1,) tail_delta=0.1 tail_start=(6, 6, 6) returned_y=(0, 6, 2) returned_b=(0, 1, 0) returned_u=(0, 0.1, 0) returned_zcap=(0, 6.1, 2) max_tail_u=0.1",NA
120,P1_no_rho,146,1772.4343283000635,5.637516900082119,9.102601099992171,0.16183589992579073,0.01,63957.784071598624,63957.784071598624,-68403.76567522435,-48549.5332132009,0.0,-24467.421877505465,-74359.23194077676,-74359.2165684491,-59926.47678149237,-24467.421877505465,35459.05490398691,35459.05490398689,-20686.475944627942,37154.0,nan,nan,1.5000000000000002,10.0,0.0,0.0,10.0,0.85,CORE,MAIN,1.212412182340926,0.2449358761486159,0.6,0.174,-59926.47678149237,STRUCTURAL,-0.963067962602881,-192029.62659667194,27600.0,0,0,0,0,0,0,0,inf,inf,NA,1,5,5,5,27,6,0,0,CONTINUE,0,A,1,1,0,KEEP_STRUCTURAL_IN_ON_CUT,2,3,0,0,"tail_cont_enabled=1 tail_active_dims=(1,) tail_delta=0.1 tail_start=(6, 6, 6) returned_y=(0, 6, 2) returned_b=(0, 1, 0) returned_u=(0, 0.1, 0) returned_zcap=(0, 6.1, 2) max_tail_u=0.1",NA
120,P1_no_rho,147,1784.1737776000518,5.637516900082119,11.739085700013675,0.15774960000999272,0.01,69123.25908333155,69123.25908333155,-68403.76567522435,-47774.71196144096,0.0,-24467.421877505465,-76701.50872502799,-76701.49292845713,-59926.47678149237,-24467.421877505465,35459.05490398691,35459.05490398689,-22271.165047227052,36941.5,nan,nan,1.5000000000000002,10.0,0.0,0.0,10.0,0.85,CORE,MAIN,1.2126829435095687,0.26012441511770446,0.6,0.174,-59926.47678149237,STRUCTURAL,-0.9822796923285022,-192029.62659667194,27600.0,0,0,0,0,0,0,0,inf,inf,NA,1,5,5,5,27,6,0,0,CONTINUE,0,A,1,1,0,KEEP_STRUCTURAL_IN_ON_CUT,2,3,0,0,"tail_cont_enabled=1 tail_active_dims=(1,) tail_delta=0.1 tail_start=(6, 6, 6) returned_y=(2, 4, 2) returned_b=(0, 0, 0) returned_u=(0, 0, 0) returned_zcap=(2, 4, 2) max_tail_u=0",NA
120,P1_no_rho,148,1796.1223637000658,5.637516900082119,11.9480519000208,0.14673270005732775,0.01,57159.46238905082,57159.46238905082,-68403.76567522435,-49569.281465583066,0.0,-24467.421877505465,-80221.44454710782,-80221.42820479028,-59926.47678149237,-24467.421877505465,35459.05490398691,35459.05490398689,-23695.122444345743,39087.5,nan,nan,1.5000000000000002,10.0,0.0,0.0,10.0,0.85,CORE,MAIN,1.212102287593472,0.24611192027533813,0.6,0.174,-59926.47678149237,STRUCTURAL,-0.9640985952106516,-192029.62659667194,27600.0,0,0,0,0,0,0,0,inf,inf,NA,1,5,5,5,27,6,0,0,CONTINUE,0,A,1,1,0,KEEP_STRUCTURAL_IN_ON_CUT,2,3,0,0,"tail_cont_enabled=1 tail_active_dims=(1,) tail_delta=0.1 tail_start=(6, 6, 6) returned_y=(2, 1, 4) returned_b=(0, 0, 0) returned_u=(0, 0, 0) returned_zcap=(2, 1, 4) max_tail_u=0",NA
