S,algo,t,wall_time_sec,init_time_sec,outer_iter_time_sec,inner_time_sec,eps_in_t,eta_t_star,eta_out,eta_in,eta_sep,eta_cap,eta_bracket,inner_lb,inner_ub,global_lb,global_ub,outer_gap,objective_cert_gap,best_ub_primal_obj,best_ub_primal_residual,returned_primal_obj,returned_primal_residual,lambda_inf,lambda_out_inf,lambda_in_inf,rho,theta,alpha_eff,phase_label,phase_reason,center_inf,center_step,anchor_mix,directional_beta,dual_inc_eta,sep_anchor_reason,alpha_signal,best_feas_eta,best_feas_residual,close_signal_streak,close_lock_counter,close_bc_count,close_case_c_count,close_reset_count,close_feas_lock_count,close_shadow_active,close_repaired_gap,close_repaired_residual,close_repaired_tag,inner_rnc_iters,inner_eval_calls,num_rnc_samples,num_rnc_kept_cuts,num_master_cuts,cut_added,outer_gap_certified,final_solution_found,stop_reason,sep_ok,case_label,sep_cut,out_cut,mispricing_streak,in_update_reason,add_geo,add_sup,add_rep,cap_promoted,z_best_ub,returned_z
120,P1_no_rho,1,15.540209300001152,5.663073299918324,9.876971799996682,4.217225499916822,0.01,0.0,0.0,-67796.678506805,0.0,0.0,-23656.307638577626,-67796.678506805,-67796.6680887961,-67796.678506805,-23656.307638577626,44140.37086822737,44140.370868227365,-67796.66808879611,79080.0,nan,nan,0.0,0.0,0.0,0.0,10.0,0.0,HEADING_IN,WARMUP,0.0,0.0,0.8,0.0,-67796.678506805,BOOT_NONE,0.0,-67796.678506805,79080.0,0,0,0,0,0,0,0,inf,inf,NA,1,2,2,2,2,5,0,0,CONTINUE,0,A,1,1,0,BOOT_VALID_FROM_CUT,2,2,0,0,"tail_cont_enabled=1 tail_active_dims=(1,) tail_delta=0.1 tail_start=(6, 6, 6) returned_y=(0, 0, 0) returned_b=(0, 0, 0) returned_u=(0, 0, 0) returned_zcap=(0, 0, 0) max_tail_u=0",NA
120,P1_no_rho,2,21.316688499995507,5.663073299918324,5.775891600060277,1.4780905999941751,0.01,495071.3319112039,495071.3319112039,-67796.678506805,326210.9287858012,0.0,-23656.307638577626,-196245.33668461238,-196245.25331057925,-67796.678506805,-23656.307638577626,44140.37086822737,44140.370868227365,1154.7466894207375,28200.0,nan,nan,7.0,10.0,0.0,0.0,10.0,0.3,HEADING_IN,WARMUP,0.26151738966360105,0.26151738966360105,0.8,0.0,-67796.678506805,STRUCTURAL,-1.0,-196245.33668461238,28200.0,0,0,0,0,0,0,0,inf,inf,NA,2,3,3,3,4,7,0,0,CONTINUE,0,A,1,1,0,KEEP_STRUCTURAL_IN_ON_CUT,2,3,1,0,"tail_cont_enabled=1 tail_active_dims=(1,) tail_delta=0.1 tail_start=(6, 6, 6) returned_y=(0, 2, 6) returned_b=(0, 0, 1) returned_u=(0, 0, 0) returned_zcap=(0, 2, 6) max_tail_u=0",NA
120,P1_no_rho,3,27.2168406000128,5.663073299918324,5.899584700004198,0.1547081999015063,0.01,49084.74668942074,49084.74668942074,-67796.678506805,14020.31913055302,0.0,-23656.307638577626,-405862.46900996764,-405862.3908631099,-67796.678506805,-23656.307638577626,44140.37086822737,44140.370868227365,-26490.448112920967,55519.0,nan,nan,7.0,10.0,0.0,0.0,10.0,0.3,HEADING_IN,WARMUP,0.46923276192766095,0.2385907505446944,0.8,0.0,-67796.678506805,STRUCTURAL,-0.9761701727598763,-196245.33668461238,28200.0,0,0,0,0,0,0,0,inf,inf,NA,2,4,4,4,8,7,0,0,CONTINUE,0,A,1,1,0,KEEP_STRUCTURAL_IN_ON_CUT,2,3,1,0,"tail_cont_enabled=1 tail_active_dims=(1,) tail_delta=0.1 tail_start=(6, 6, 6) returned_y=(2, 6, 0) returned_b=(0, 1, 0) returned_u=(0, 0, 0) returned_zcap=(2, 6, 0) max_tail_u=0",NA
120,P1_no_rho,4,31.397805399959907,5.663073299918324,4.180246499949135,0.16102400003001094,0.01,35575.04769074592,35575.04769074592,-67796.678506805,4563.52983148065,0.0,-23665.4931719339,-339628.4735086647,-339628.4122141593,-67796.678506805,-23665.4931719339,44131.185334871094,44140.370868227365,-38411.573816315205,67645.5,nan,nan,7.0,10.0,0.0,0.0,10.0,0.3,HEADING_IN,WARMUP,0.9501209360971483,0.48088817416948737,0.8,0.0,-67796.678506805,STRUCTURAL,-0.63612475203787,-196245.33668461238,28200.0,0,0,0,0,0,0,0,inf,inf,NA,2,5,5,5,12,7,0,0,CONTINUE,0,A,1,1,0,KEEP_STRUCTURAL_IN_ON_CUT,2,3,1,0,"tail_cont_enabled=1 tail_active_dims=(1,) tail_delta=0.1 tail_start=(6, 6, 6) returned_y=(6, 0, 0) returned_b=(1, 0, 0) returned_u=(0, 0, 0) returned_zcap=(6, 0, 0) max_tail_u=0",NA
120,P1_no_rho,5,48.5691243999172,5.663073299918324,17.170929799904115,0.1570974999340251,0.01,-9661.323917627245,-9661.323917627245,-67796.678506805,-27101.930294380567,0.0,-23665.4931719339,-182763.39839580332,-182763.35646342803,-67796.678506805,-23665.4931719339,44131.185334871094,44131.18533487109,-50560.930059526836,50759.5,nan,nan,7.0,10.0,0.0,0.0,10.0,0.3,HEADING_IN,WARMUP,1.3739368203998477,0.5773334010784201,0.8,0.0,-67796.678506805,STRUCTURAL,-0.3720694828523334,-196245.33668461238,28200.0,0,0,0,0,0,0,0,inf,inf,NA,1,5,5,5,16,6,0,0,CONTINUE,0,A,1,1,0,KEEP_STRUCTURAL_IN_ON_CUT,2,3,0,0,"tail_cont_enabled=1 tail_active_dims=(1,) tail_delta=0.1 tail_start=(6, 6, 6) returned_y=(6, 0, 0) returned_b=(1, 0, 0) returned_u=(0, 0, 0) returned_zcap=(6, 0, 0) max_tail_u=0",NA
120,P1_no_rho,6,53.98975760000758,5.663073299918324,5.4202184000751,0.1757274999981746,0.01,-9853.683228983242,-9853.683228983242,-67796.678506805,-27236.581812329765,0.0,-23665.4931719339,-232321.151022235,-232321.09453741316,-67796.678506805,-23665.4931719339,44131.185334871094,44131.18533487109,-43916.133252042564,50368.0,nan,nan,7.0,10.0,0.0,0.0,10.0,0.3,HEADING_IN,WARMUP,1.3543021351301932,0.5960658983637961,0.8,0.0,-67796.678506805,STRUCTURAL,-0.5343669486447479,-196245.33668461238,28200.0,0,0,0,0,0,0,0,inf,inf,NA,1,5,5,5,19,6,0,0,CONTINUE,0,A,1,1,0,KEEP_STRUCTURAL_IN_ON_CUT,2,3,0,0,"tail_cont_enabled=1 tail_active_dims=(1,) tail_delta=0.1 tail_start=(6, 6, 6) returned_y=(6, 0, 0) returned_b=(1, 0, 0) returned_u=(0, 0, 0) returned_zcap=(6, 0, 0) max_tail_u=0",NA
120,P1_no_rho,7,59.221727499971166,5.663073299918324,5.231304600019939,0.16840480000246316,0.01,-10236.455486485267,-10236.455486485267,-67796.678506805,-27504.522392581184,0.0,-23665.4931719339,-257798.67891880183,-257798.6134345867,-67796.678506805,-23665.4931719339,44131.185334871094,44131.18533487109,-39379.40939578692,50269.5,nan,nan,7.0,10.0,0.0,0.0,10.0,0.3,HEADING_IN,WARMUP,1.7362554009879854,0.5712039443177024,0.8,0.0,-67796.678506805,STRUCTURAL,-0.6207092458471686,-196245.33668461238,28200.0,0,0,0,0,0,0,0,inf,inf,NA,1,5,5,5,21,6,0,0,CONTINUE,0,A,1,1,0,KEEP_STRUCTURAL_IN_ON_CUT,2,3,0,0,"tail_cont_enabled=1 tail_active_dims=(1,) tail_delta=0.1 tail_start=(6, 6, 6) returned_y=(6, 0, 0) returned_b=(1, 0, 0) returned_u=(0, 0, 0) returned_zcap=(6, 0, 0) max_tail_u=0",NA
120,P1_no_rho,8,61.87003959994763,5.663073299918324,2.6477336999960244,0.1837262000190094,0.01,-5758.872280229296,-5758.872280229296,-67796.678506805,-24370.214148202005,0.0,-23665.4931719339,-293549.5655170133,-293549.49617216794,-67796.678506805,-23665.4931719339,44131.185334871094,44131.18533487109,-38944.914156156505,49049.5,nan,nan,7.0,10.0,0.0,0.0,10.0,0.3,HEADING_IN,WARMUP,2.0704520489878346,0.7618350906305575,0.8,0.0,-67796.678506805,STRUCTURAL,-0.7415383061018866,-196245.33668461238,28200.0,0,0,0,0,0,0,0,inf,inf,NA,2,6,6,6,21,7,0,0,CONTINUE,0,A,1,1,0,KEEP_STRUCTURAL_IN_ON_CUT,2,3,1,0,"tail_cont_enabled=1 tail_active_dims=(1,) tail_delta=0.1 tail_start=(6, 6, 6) returned_y=(0, 0, 6) returned_b=(0, 0, 1) returned_u=(0, 0, 0) returned_zcap=(0, 0, 6) max_tail_u=0",NA
120,P1_no_rho,9,66.65470459999051,5.663073299918324,4.784185299999081,0.1538476999849081,0.01,216012.48082688442,216012.48082688442,-67796.678506805,-25225.30460675158,0.0,-23665.4931719339,-52269.52879375721,-52269.51809065088,-52269.52879375721,-23665.4931719339,28604.035621823306,28604.035621823303,-12275.984470843896,35611.5,nan,nan,1.5000000000000002,10.0,0.0,0.0,10.0,0.85,CORE,FORCE_CORE,1.7489563875395278,1.0473892180346376,0.6,0.174,-52269.52879375721,STRUCTURAL,-0.7487007215797701,-196245.33668461238,28200.0,0,0,0,0,0,0,0,inf,inf,NA,1,5,5,5,22,6,0,0,CONTINUE,0,A,1,1,0,KEEP_STRUCTURAL_IN_ON_CUT,2,3,0,0,"tail_cont_enabled=1 tail_active_dims=(1,) tail_delta=0.1 tail_start=(6, 6, 6) returned_y=(0, 2, 6) returned_b=(0, 0, 1) returned_u=(0, 0, 0) returned_zcap=(0, 2, 6) max_tail_u=0",NA
120,P1_no_rho,10,84.91785869991872,5.663073299918324,18.26249569992069,0.18398830003570765,0.01,79969.19108633536,79969.19108633536,-67796.678506805,-45631.79806783394,0.0,-23665.4931719339,-95453.39951786128,-95453.383705897,-52269.52879375721,-23665.4931719339,28604.035621823306,28604.035621823303,-33272.66631171153,49795.0,nan,nan,1.5000000000000002,10.0,0.0,0.0,10.0,0.85,CORE,FORCE_CORE,1.5378130473113876,0.6922563670338036,0.6,0.12,-52269.52879375721,STRUCTURAL,-0.8324894386208181,-196245.33668461238,28200.0,0,0,0,0,0,0,0,inf,inf,NA,2,6,6,6,22,6,0,0,CONTINUE,0,A,1,1,0,KEEP_STRUCTURAL_IN_ON_CUT,2,3,0,0,"tail_cont_enabled=1 tail_active_dims=(1,) tail_delta=0.1 tail_start=(6, 6, 6) returned_y=(2, 6, 0) returned_b=(0, 1, 0) returned_u=(0, 0, 0) returned_zcap=(2, 6, 0) max_tail_u=0",NA
120,P1_no_rho,11,91.2055292999139,5.663073299918324,6.2870625999057665,0.18451930000446737,0.01,75162.46200793367,75162.46200793367,-67796.678506805,-46352.80742959419,0.0,-23665.4931719339,-87660.20970091152,-87660.19515985901,-52269.52879375721,-23665.4931719339,28604.035621823306,28604.035621823303,-25941.635130378563,48464.5,nan,nan,1.5000000000000002,10.0,0.0,0.0,10.0,0.85,CORE,FORCE_CORE,1.3935353796920653,0.47455177375255597,0.6,0.13799999999999998,-52269.52879375721,STRUCTURAL,-0.8489865094310328,-196245.33668461238,28200.0,0,0,0,0,0,0,0,inf,inf,NA,1,5,5,5,22,6,0,0,CONTINUE,0,A,1,1,0,KEEP_STRUCTURAL_IN_ON_CUT,2,3,0,0,"tail_cont_enabled=1 tail_active_dims=(1,) tail_delta=0.1 tail_start=(6, 6, 6) returned_y=(6, 0, 0) returned_b=(1, 0, 0) returned_u=(0, 0, 0) returned_zcap=(6, 0, 0) max_tail_u=0",NA
120,P1_no_rho,12,95.775053499965,5.663073299918324,4.56913750001695,0.15874210000038147,0.01,55198.11202696031,55198.11202696031,-67796.678506805,-49347.45992674019,0.0,-23665.4931719339,-81109.92846655837,-81109.91341300789,-52269.52879375721,-23665.4931719339,28604.035621823306,28604.035621823303,-27465.276059852975,41273.0,nan,nan,1.5000000000000002,10.0,0.0,0.0,10.0,0.85,CORE,FORCE_CORE,1.3015662599315279,0.35232760411175,0.6,0.156,-52269.52879375721,STRUCTURAL,-0.8665008981360681,-196245.33668461238,28200.0,0,0,0,0,0,0,0,inf,inf,NA,1,5,5,5,22,6,0,0,CONTINUE,0,A,1,1,0,KEEP_STRUCTURAL_IN_ON_CUT,2,3,0,0,"tail_cont_enabled=1 tail_active_dims=(1,) tail_delta=0.1 tail_start=(6, 6, 6) returned_y=(6, 0, 0) returned_b=(1, 0, 0) returned_u=(0, 0, 0) returned_zcap=(6, 0, 0) max_tail_u=0",NA
120,P1_no_rho,13,101.26131979993079,5.663073299918324,5.485794899985194,0.15927529998589307,0.01,40858.62580664695,40858.62580664695,-67796.678506805,-51498.382859787205,0.0,-23665.4931719339,-79735.014568983,-79734.99940562269,-52269.52879375721,-23665.4931719339,28604.035621823306,28604.035621823303,-27915.085580965286,40421.0,nan,nan,1.5000000000000002,10.0,0.0,0.0,10.0,0.85,CORE,FORCE_CORE,1.2446027085008635,0.3006198948444986,0.6,0.174,-52269.52879375721,STRUCTURAL,-0.8546698304455174,-196245.33668461238,28200.0,0,0,0,0,0,0,0,inf,inf,NA,1,5,5,5,22,6,0,0,CONTINUE,0,A,1,1,0,KEEP_STRUCTURAL_IN_ON_CUT,2,3,0,0,"tail_cont_enabled=1 tail_active_dims=(1,) tail_delta=0.1 tail_start=(6, 6, 6) returned_y=(6, 0, 0) returned_b=(1, 0, 0) returned_u=(0, 0, 0) returned_zcap=(6, 0, 0) max_tail_u=0",NA
120,P1_no_rho,14,107.70261629996821,5.663073299918324,6.440902700065635,0.17705830000340939,0.01,38819.29899772543,38819.29899772543,-67796.678506805,-51804.28188112543,0.0,-23665.4931719339,-82390.57493600257,-82390.55928236569,-52269.52879375721,-23665.4931719339,28604.035621823306,28604.035621823303,-28735.766330810577,38629.5,nan,nan,1.5000000000000002,10.0,0.0,0.0,10.0,0.85,CORE,FORCE_CORE,1.2099518451146218,0.2566289458789507,0.6,0.174,-52269.52879375721,STRUCTURAL,-0.9259726884299152,-196245.33668461238,28200.0,0,0,0,0,0,0,0,inf,inf,NA,2,6,6,6,22,7,0,0,CONTINUE,0,A,1,1,0,KEEP_STRUCTURAL_IN_ON_CUT,2,3,1,0,"tail_cont_enabled=1 tail_active_dims=(1,) tail_delta=0.1 tail_start=(6, 6, 6) returned_y=(3, 0, 4) returned_b=(0, 0, 0) returned_u=(0, 0, 0) returned_zcap=(3, 0, 4) max_tail_u=0",NA
120,P1_no_rho,15,133.49816489999648,5.663073299918324,25.79494410008192,0.19443959998898208,0.01,21539.453100292703,21539.453100292703,-67796.678506805,-54396.25876574034,0.0,-23665.4931719339,-75193.04467659102,-75193.03018081273,-52269.52879375721,-23665.4931719339,28604.035621823306,28604.035621823303,-25027.49254463053,35936.5,nan,nan,1.5000000000000002,10.0,0.0,0.0,10.0,0.85,CORE,MAIN,1.2089774954072778,0.2818312140012317,0.6,0.174,-52269.52879375721,STRUCTURAL,-0.9306329708640183,-196245.33668461238,28200.0,0,0,0,0,0,0,0,inf,inf,NA,2,6,6,6,23,7,0,0,CONTINUE,0,A,1,1,0,KEEP_STRUCTURAL_IN_ON_CUT,2,3,1,0,"tail_cont_enabled=1 tail_active_dims=(1,) tail_delta=0.1 tail_start=(6, 6, 6) returned_y=(4, 1, 2) returned_b=(0, 0, 0) returned_u=(0, 0, 0) returned_zcap=(4, 1, 2) max_tail_u=0",NA
120,P1_no_rho,16,141.93531959992833,5.663073299918324,8.436574299936183,0.17664229997899383,0.01,137180.4404536807,137180.4404536807,-67796.678506805,-37050.11066273214,0.0,-23665.4931719339,-80743.07184877348,-80743.05779957998,-52269.52879375721,-23665.4931719339,28604.035621823306,28604.035621823303,-19596.221263041556,42648.5,nan,nan,1.5000000000000002,10.0,0.0,0.0,10.0,0.85,CORE,MAIN,1.2088374616479145,0.2700030208246831,0.6,0.174,-52269.52879375721,STRUCTURAL,-0.9558262937975689,-196245.33668461238,28200.0,0,0,0,0,0,0,0,inf,inf,NA,2,6,6,6,24,6,0,0,CONTINUE,0,A,1,1,0,KEEP_STRUCTURAL_IN_ON_CUT,2,3,0,0,"tail_cont_enabled=1 tail_active_dims=(1,) tail_delta=0.1 tail_start=(6, 6, 6) returned_y=(0, 2, 6) returned_b=(0, 0, 1) returned_u=(0, 0, 0) returned_zcap=(0, 2, 6) max_tail_u=0",NA
120,P1_no_rho,17,153.02151369990315,5.663073299918324,11.085784299997613,0.17360179999377578,0.01,52499.919516130874,52499.919516130874,-67796.678506805,-49752.18880336461,0.0,-23665.4931719339,-64558.489994312775,-64558.4767843966,-52269.52879375721,-23665.4931719339,28604.035621823306,28604.035621823303,-18177.679588216222,34004.5,nan,nan,1.5000000000000002,10.0,0.0,0.0,10.0,0.85,CORE,MAIN,1.2045221361108138,0.28256412235080686,0.6,0.174,-52269.52879375721,STRUCTURAL,-0.9093070465414944,-196245.33668461238,28200.0,0,0,0,0,0,0,0,inf,inf,NA,1,5,5,5,24,6,0,0,CONTINUE,0,A,1,1,0,KEEP_STRUCTURAL_IN_ON_CUT,2,3,0,0,"tail_cont_enabled=1 tail_active_dims=(1,) tail_delta=0.1 tail_start=(6, 6, 6) returned_y=(3, 0, 4) returned_b=(0, 0, 0) returned_u=(0, 0, 0) returned_zcap=(3, 0, 4) max_tail_u=0",NA
120,P1_no_rho,18,161.64153189992066,5.663073299918324,8.619514300022274,0.18528620002325624,0.01,60701.06155639668,60701.06155639668,-67796.678506805,-48522.01749732474,0.0,-23665.4931719339,-82482.3896775693,-82482.3753246578,-52269.52879375721,-23665.4931719339,28604.035621823306,28604.035621823303,-23477.906104687627,40766.0,nan,nan,1.5000000000000002,10.0,0.0,0.0,10.0,0.85,CORE,MAIN,1.1999028180072995,0.2458080387402367,0.6,0.174,-52269.52879375721,STRUCTURAL,-0.9649294219033863,-196245.33668461238,28200.0,0,0,0,0,0,0,0,inf,inf,NA,2,6,6,6,24,6,0,0,CONTINUE,0,A,1,1,0,KEEP_STRUCTURAL_IN_ON_CUT,2,3,0,0,"tail_cont_enabled=1 tail_active_dims=(1,) tail_delta=0.1 tail_start=(6, 6, 6) returned_y=(2, 6, 0) returned_b=(0, 1, 0) returned_u=(0, 0, 0) returned_zcap=(2, 6, 0) max_tail_u=0",NA
120,P1_no_rho,19,173.5561329999473,5.663073299918324,11.913983099977486,0.15875850000884384,0.01,54851.04532852868,54851.04532852868,-67796.678506805,-49399.51993150494,0.0,-23665.4931719339,-76538.0232998133,-76538.00891870659,-52269.52879375721,-23665.4931719339,28604.035621823306,28604.035621823303,-22511.574048640054,38524.5,nan,nan,1.5000000000000002,10.0,0.0,0.0,10.0,0.85,CORE,MAIN,1.1971792080238157,0.2626922193929936,0.6,0.174,-52269.52879375721,STRUCTURAL,-0.9349277277242016,-196245.33668461238,28200.0,0,0,0,0,0,0,0,inf,inf,NA,1,5,5,5,24,6,0,0,CONTINUE,0,A,1,1,0,KEEP_STRUCTURAL_IN_ON_CUT,2,3,0,0,"tail_cont_enabled=1 tail_active_dims=(1,) tail_delta=0.1 tail_start=(6, 6, 6) returned_y=(2, 6, 0) returned_b=(0, 1, 0) returned_u=(0, 0, 0) returned_zcap=(2, 6, 0) max_tail_u=0",NA
120,P1_no_rho,20,195.18913239997346,5.663073299918324,21.632331100059673,0.15833150001708418,0.01,45180.661402166894,45180.661402166894,-67796.678506805,-50850.07752045921,0.0,-23665.4931719339,-79236.28030407942,-79236.26508195014,-52269.52879375721,-23665.4931719339,28604.035621823306,28604.035621823303,-27582.858326169324,38419.5,nan,nan,1.5000000000000002,10.0,0.0,0.0,10.0,0.85,CORE,MAIN,1.1951218215195034,0.24424102415256832,0.6,0.174,-52269.52879375721,STRUCTURAL,-0.8963053788793158,-196245.33668461238,28200.0,0,0,0,0,0,0,0,inf,inf,NA,1,5,5,5,24,6,0,0,CONTINUE,0,A,1,1,0,KEEP_STRUCTURAL_IN_ON_CUT,2,3,0,0,"tail_cont_enabled=1 tail_active_dims=(1,) tail_delta=0.1 tail_start=(6, 6, 6) returned_y=(2, 6, 0) returned_b=(0, 1, 0) returned_u=(0, 0, 0) returned_zcap=(2, 6, 0) max_tail_u=0",NA
120,P1_no_rho,21,205.90265960001852,5.663073299918324,10.71301179996226,0.16018709994386882,0.01,30181.121372118156,30181.121372118156,-67796.678506805,-53100.00852496652,0.0,-23665.4931719339,-68408.09321217793,-68408.07984851573,-52269.52879375721,-23665.4931719339,28604.035621823306,28604.035621823303,-22414.66996231757,35378.5,nan,nan,1.5000000000000002,10.0,0.0,0.0,10.0,0.85,CORE,MAIN,1.1958977805976363,0.27059336245714816,0.6,0.174,-52269.52879375721,STRUCTURAL,-0.8666922921397299,-196245.33668461238,28200.0,0,0,0,0,0,0,0,inf,inf,NA,1,5,5,5,24,6,0,0,CONTINUE,0,A,1,1,0,KEEP_STRUCTURAL_IN_ON_CUT,2,3,0,0,"tail_cont_enabled=1 tail_active_dims=(1,) tail_delta=0.1 tail_start=(6, 6, 6) returned_y=(2, 6, 0) returned_b=(0, 1, 0) returned_u=(0, 0, 0) returned_zcap=(2, 6, 0) max_tail_u=0",NA
120,P1_no_rho,22,215.28020119993016,5.663073299918324,9.377098000026308,0.18172380002215505,0.01,50384.03851084367,50384.03851084367,-67796.678506805,-50069.570954157694,0.0,-23665.4931719339,-77798.02595108972,-77798.01082917469,-52269.52879375721,-23665.4931719339,28604.035621823306,28604.035621823303,-25953.167415642918,36977.5,nan,nan,1.5000000000000002,10.0,0.0,0.0,10.0,0.85,CORE,MAIN,1.1957610948239024,0.2531632509704391,0.6,0.174,-52269.52879375721,STRUCTURAL,-0.9347097273302553,-196245.33668461238,28200.0,0,0,0,0,0,0,0,inf,inf,NA,1,5,5,5,24,6,0,0,CONTINUE,0,A,1,1,0,KEEP_STRUCTURAL_IN_ON_CUT,2,3,0,0,"tail_cont_enabled=1 tail_active_dims=(1,) tail_delta=0.1 tail_start=(6, 6, 6) returned_y=(2, 6, 0) returned_b=(0, 1, 0) returned_u=(0, 0, 0) returned_zcap=(2, 6, 0) max_tail_u=0",NA
120,P1_no_rho,23,224.85324530000798,5.663073299918324,9.572451200103387,0.1554718998959288,0.01,50229.89524177724,50229.89524177724,-67796.678506805,-50092.692444517656,0.0,-23665.4931719339,-77694.9502563386,-77694.93477587432,-52269.52879375721,-23665.4931719339,28604.035621823306,28604.035621823303,-25263.200626413465,37853.0,nan,nan,1.5000000000000002,10.0,0.0,0.0,10.0,0.85,CORE,MAIN,1.1976669092144654,0.2544643985180254,0.6,0.174,-52269.52879375721,STRUCTURAL,-0.9234271902616413,-196245.33668461238,28200.0,0,0,0,0,0,0,0,inf,inf,NA,1,5,5,5,24,6,0,0,CONTINUE,0,A,1,1,0,KEEP_STRUCTURAL_IN_ON_CUT,2,3,0,0,"tail_cont_enabled=1 tail_active_dims=(1,) tail_delta=0.1 tail_start=(6, 6, 6) returned_y=(0, 2, 6) returned_b=(0, 0, 1) returned_u=(0, 0, 0) returned_zcap=(0, 2, 6) max_tail_u=0",NA
120,P1_no_rho,24,234.8083489999408,5.663073299918324,9.954568199929781,0.15856749995145947,0.01,74052.44295771178,74052.44295771178,-67796.678506805,-46519.310287127475,0.0,-23665.4931719339,-71869.22676925531,-71869.21240412694,-52269.52879375721,-23665.4931719339,28604.035621823306,28604.035621823303,-20797.321292556415,36756.0,nan,nan,1.5000000000000002,10.0,0.0,0.0,10.0,0.85,CORE,MAIN,1.2003198653406004,0.25975909998595703,0.6,0.174,-52269.52879375721,STRUCTURAL,-0.9263229787711853,-196245.33668461238,28200.0,0,0,0,0,0,0,0,inf,inf,NA,1,5,5,5,24,6,0,0,CONTINUE,0,A,1,1,0,KEEP_STRUCTURAL_IN_ON_CUT,2,3,0,0,"tail_cont_enabled=1 tail_active_dims=(1,) tail_delta=0.1 tail_start=(6, 6, 6) returned_y=(0, 2, 6) returned_b=(0, 0, 1) returned_u=(0, 0, 0) returned_zcap=(0, 2, 6) max_tail_u=0",NA
120,P1_no_rho,25,263.6954338999931,5.663073299918324,28.886744700022973,0.17806870001368225,0.01,62666.52191782221,62666.52191782221,-67796.678506805,-48227.198443110916,0.0,-23665.4931719339,-75315.4374755042,-75315.42249624214,-52269.52879375721,-23665.4931719339,28604.035621823306,28401.802894728447,-23196.531602800605,36316.0,nan,nan,1.5000000000000002,10.0,0.0,0.0,10.0,0.85,CORE,MAIN,1.2019322229878064,0.25709844922133007,0.6,0.174,-52269.52879375721,STRUCTURAL,-0.9567663636494754,-196245.33668461238,28200.0,0,0,0,0,0,0,0,inf,inf,NA,2,6,6,6,24,7,0,0,CONTINUE,0,A,1,1,0,KEEP_STRUCTURAL_IN_ON_CUT,2,3,1,0,"tail_cont_enabled=1 tail_active_dims=(1,) tail_delta=0.1 tail_start=(6, 6, 6) returned_y=(2, 6, 0) returned_b=(0, 1, 0) returned_u=(0, 0, 0) returned_zcap=(2, 6, 0) max_tail_u=0",NA
120,P1_no_rho,26,276.31850589998066,5.663073299918324,12.622547300066799,0.15348770003765821,0.01,60774.098111056344,60774.098111056344,-67796.678506805,-48511.0620141258,0.0,-23867.72589902875,-68800.05450285976,-68800.04059755334,-52269.52879375721,-23867.72589902875,28401.80289472846,28401.802894728447,-19605.355966972926,34604.5,nan,nan,1.5000000000000002,10.0,0.0,0.0,10.0,0.85,CORE,MAIN,1.2046065339296905,0.2664914034932164,0.6,0.174,-52269.52879375721,STRUCTURAL,-0.9477512005775822,-196245.33668461238,28200.0,0,0,0,0,0,0,0,inf,inf,NA,1,5,5,5,25,6,0,0,CONTINUE,0,A,1,1,0,KEEP_STRUCTURAL_IN_ON_CUT,2,3,0,0,"tail_cont_enabled=1 tail_active_dims=(1,) tail_delta=0.1 tail_start=(6, 6, 6) returned_y=(2, 6, 0) returned_b=(0, 1, 0) returned_u=(0, 0, 0) returned_zcap=(2, 6, 0) max_tail_u=0",NA
120,P1_no_rho,27,290.55094639991876,5.663073299918324,14.231943999999203,0.15232959995046258,0.01,41103.10785749559,41103.10785749559,-67796.678506805,-51461.71055215991,0.0,-23867.72589902875,-68552.6754788015,-68552.66171669052,-52269.52879375721,-23867.72589902875,28401.80289472846,28401.802894728447,-20997.60172923758,33662.0,nan,nan,1.5000000000000002,10.0,0.0,0.0,10.0,0.85,CORE,MAIN,1.2070292593790803,0.28082280779482516,0.6,0.174,-52269.52879375721,STRUCTURAL,-0.9418149047878506,-196245.33668461238,28200.0,0,0,0,0,0,0,0,inf,inf,NA,1,5,5,5,25,6,0,0,CONTINUE,0,A,1,1,0,KEEP_STRUCTURAL_IN_ON_CUT,2,3,0,0,"tail_cont_enabled=1 tail_active_dims=(1,) tail_delta=0.1 tail_start=(6, 6, 6) returned_y=(2, 6, 0) returned_b=(0, 1, 0) returned_u=(0, 0, 0) returned_zcap=(2, 6, 0) max_tail_u=0",NA
120,P1_no_rho,28,301.21016999997664,5.663073299918324,10.658675999962725,0.15038470004219562,0.01,54485.26373989396,54485.26373989396,-67796.678506805,-49454.38716980015,0.0,-23867.72589902875,-75953.33310737115,-75953.31825830431,-52269.52879375721,-23867.72589902875,28401.80289472846,28401.802894728447,-24645.054489816786,37220.5,nan,nan,1.5000000000000002,10.0,0.0,0.0,10.0,0.85,CORE,MAIN,1.2078345230925944,0.2617211888573008,0.6,0.174,-52269.52879375721,STRUCTURAL,-0.9189964986765811,-196245.33668461238,28200.0,0,0,0,0,0,0,0,inf,inf,NA,1,5,5,5,25,6,0,0,CONTINUE,0,A,1,1,0,KEEP_STRUCTURAL_IN_ON_CUT,2,3,0,0,"tail_cont_enabled=1 tail_active_dims=(1,) tail_delta=0.1 tail_start=(6, 6, 6) returned_y=(2, 6, 0) returned_b=(0, 1, 0) returned_u=(0, 0, 0) returned_zcap=(2, 6, 0) max_tail_u=0",NA
120,P1_no_rho,29,313.31296939996537,5.663073299918324,12.102320300065912,0.15211079991422594,0.01,47130.20862585636,47130.20862585636,-67796.678506805,-50557.64543690579,0.0,-23867.72589902875,-69909.464959069,-69909.45109159227,-52269.52879375721,-23867.72589902875,28401.80289472846,28401.802894728447,-21109.2859072905,34415.0,nan,nan,1.5000000000000002,10.0,0.0,0.0,10.0,0.85,CORE,MAIN,1.2093189958203574,0.24797073761417032,0.6,0.174,-52269.52879375721,STRUCTURAL,-0.9453274286270863,-196245.33668461238,28200.0,0,0,0,0,0,0,0,inf,inf,NA,1,5,5,5,25,6,0,0,CONTINUE,0,A,1,1,0,KEEP_STRUCTURAL_IN_ON_CUT,2,3,0,0,"tail_cont_enabled=1 tail_active_dims=(1,) tail_delta=0.1 tail_start=(6, 6, 6) returned_y=(2, 6, 0) returned_b=(0, 1, 0) returned_u=(0, 0, 0) returned_zcap=(2, 6, 0) max_tail_u=0",NA
120,P1_no_rho,30,340.594360099989,5.663073299918324,27.28085480001755,0.15694899996742606,0.01,46480.2603490918,46480.2603490918,-67796.678506805,-50655.13767842048,0.0,-23867.72589902875,-75310.9295120524,-75310.91457444846,-52269.52879375721,-23867.72589902875,28401.80289472846,28401.802894728447,-24154.72852672197,37538.5,nan,nan,1.5000000000000002,10.0,0.0,0.0,10.0,0.85,CORE,MAIN,1.2094372476212223,0.253176108432441,0.6,0.174,-52269.52879375721,STRUCTURAL,-0.9085105699966072,-196245.33668461238,28200.0,0,0,0,0,0,0,0,inf,inf,NA,1,5,5,5,25,6,0,0,CONTINUE,0,A,1,1,0,KEEP_STRUCTURAL_IN_ON_CUT,2,3,0,0,"tail_cont_enabled=1 tail_active_dims=(1,) tail_delta=0.1 tail_start=(6, 6, 6) returned_y=(0, 2, 6) returned_b=(0, 0, 1) returned_u=(0, 0, 0) returned_zcap=(0, 2, 6) max_tail_u=0",NA
120,P1_no_rho,31,354.44580829993356,5.663073299918324,13.850942899938673,0.15059269999619573,0.01,52260.07434789443,52260.07434789443,-67796.678506805,-49788.16557860008,0.0,-23867.72589902875,-75155.37614301678,-75155.36116162583,-52269.52879375721,-23867.72589902875,28401.80289472846,28401.802894728447,-23173.00068086664,37514.5,nan,nan,1.5000000000000002,10.0,0.0,0.0,10.0,0.85,CORE,MAIN,1.2091849267116022,0.2553517333238934,0.6,0.174,-52269.52879375721,STRUCTURAL,-0.923773660509211,-196245.33668461238,28200.0,0,0,0,0,0,0,0,inf,inf,NA,1,5,5,5,25,6,0,0,CONTINUE,0,A,1,1,0,KEEP_STRUCTURAL_IN_ON_CUT,2,3,0,0,"tail_cont_enabled=1 tail_active_dims=(1,) tail_delta=0.1 tail_start=(6, 6, 6) returned_y=(0, 2, 6) returned_b=(0, 0, 1) returned_u=(0, 0, 0) returned_zcap=(0, 2, 6) max_tail_u=0",NA
120,P1_no_rho,32,366.01382829993963,5.663073299918324,11.567450699978508,0.1455450999783352,0.01,43006.439574026765,43006.439574026765,-67796.678506805,-51176.21079468023,0.0,-23867.72589902875,-75689.74445227586,-75689.72934625625,-52269.52879375721,-23867.72589902875,28401.80289472846,28401.802894728447,-23784.833156326506,37745.0,nan,nan,1.5000000000000002,10.0,0.0,0.0,10.0,0.85,CORE,MAIN,1.2083097349695557,0.2670956237282146,0.6,0.174,-52269.52879375721,STRUCTURAL,-0.9167641840407955,-196245.33668461238,28200.0,0,0,0,0,0,0,0,inf,inf,NA,1,5,5,5,25,6,0,0,CONTINUE,0,A,1,1,0,KEEP_STRUCTURAL_IN_ON_CUT,2,3,0,0,"tail_cont_enabled=1 tail_active_dims=(1,) tail_delta=0.1 tail_start=(6, 6, 6) returned_y=(0, 2, 6) returned_b=(0, 0, 1) returned_u=(0, 0, 0) returned_zcap=(0, 2, 6) max_tail_u=0",NA
120,P1_no_rho,33,378.7117164999945,5.663073299918324,12.697395400027744,0.15516179997939616,0.01,61228.23950605998,61228.23950605998,-67796.678506805,-48442.940804875245,0.0,-23867.72589902875,-69763.20281033947,-69763.18874192054,-52269.52879375721,-23867.72589902875,28401.80289472846,28401.802894728447,-19940.94861769722,34663.5,nan,nan,1.5000000000000002,10.0,0.0,0.0,10.0,0.85,CORE,MAIN,1.2094186438906778,0.2680910919358084,0.6,0.174,-52269.52879375721,STRUCTURAL,-0.9582075309614495,-196245.33668461238,28200.0,0,0,0,0,0,0,0,inf,inf,NA,1,5,5,5,25,6,0,0,CONTINUE,0,A,1,1,0,KEEP_STRUCTURAL_IN_ON_CUT,2,3,0,0,"tail_cont_enabled=1 tail_active_dims=(1,) tail_delta=0.1 tail_start=(6, 6, 6) returned_y=(4, 1, 2) returned_b=(0, 0, 0) returned_u=(0, 0, 0) returned_zcap=(4, 1, 2) max_tail_u=0",NA
120,P1_no_rho,34,392.92553120001685,5.663073299918324,14.213383399997838,0.16781650006305426,0.01,68861.61015693097,68861.61015693097,-67796.678506805,-47297.9352072446,0.0,-23867.72589902875,-72517.99054241503,-72517.97600998731,-52269.52879375721,-23867.72589902875,28401.80289472846,28401.802894728447,-21783.59213118687,34673.5,nan,nan,1.5000000000000002,10.0,0.0,0.0,10.0,0.85,CORE,MAIN,1.2103292552199307,0.261356668523565,0.6,0.174,-52269.52879375721,STRUCTURAL,-0.9754689485015058,-196245.33668461238,28200.0,0,0,0,0,0,0,0,inf,inf,NA,1,5,5,5,25,6,0,0,CONTINUE,0,A,1,1,0,KEEP_STRUCTURAL_IN_ON_CUT,2,3,0,0,"tail_cont_enabled=1 tail_active_dims=(1,) tail_delta=0.1 tail_start=(6, 6, 6) returned_y=(4, 1, 2) returned_b=(0, 0, 0) returned_u=(0, 0, 0) returned_zcap=(4, 1, 2) max_tail_u=0",NA
120,P1_no_rho,35,417.7552138000028,5.663073299918324,24.82899670000188,0.15602019999641925,0.01,38229.52937060092,38229.52937060092,-67796.678506805,-51892.747325194105,0.0,-23867.72589902875,-76772.46376358319,-76772.44870288733,-52269.52879375721,-23867.72589902875,28401.80289472846,28401.802894728447,-24199.513457406167,36500.0,nan,nan,1.5000000000000002,10.0,0.0,0.0,10.0,0.85,CORE,MAIN,1.209856333922835,0.2558596584045758,0.6,0.174,-52269.52879375721,STRUCTURAL,-0.9602362601914367,-196245.33668461238,28200.0,0,0,0,0,0,0,0,inf,inf,NA,1,5,5,5,25,6,0,0,CONTINUE,0,A,1,1,0,KEEP_STRUCTURAL_IN_ON_CUT,2,3,0,0,"tail_cont_enabled=1 tail_active_dims=(1,) tail_delta=0.1 tail_start=(6, 6, 6) returned_y=(4, 1, 2) returned_b=(0, 0, 0) returned_u=(0, 0, 0) returned_zcap=(4, 1, 2) max_tail_u=0",NA
120,P1_no_rho,36,430.79840259999037,5.663073299918324,13.042697999975644,0.1548229999607429,0.01,60688.62927841176,60688.62927841176,-67796.678506805,-48523.88233902248,0.0,-23867.72589902875,-70504.18932486794,-70504.17527599997,-52269.52879375721,-23867.72589902875,28401.80289472846,28401.802894728447,-21593.14813761817,33813.0,nan,nan,1.5000000000000002,10.0,0.0,0.0,10.0,0.85,CORE,MAIN,1.2105043231037533,0.2666385745964248,0.6,0.174,-52269.52879375721,STRUCTURAL,-0.9643436378194141,-196245.33668461238,28200.0,0,0,0,0,0,0,0,inf,inf,NA,1,5,5,5,25,6,0,0,CONTINUE,0,A,1,1,0,KEEP_STRUCTURAL_IN_ON_CUT,2,3,0,0,"tail_cont_enabled=1 tail_active_dims=(1,) tail_delta=0.1 tail_start=(6, 6, 6) returned_y=(4, 1, 2) returned_b=(0, 0, 0) returned_u=(0, 0, 0) returned_zcap=(4, 1, 2) max_tail_u=0",NA
120,P1_no_rho,37,445.0231798000168,5.663073299918324,14.224214499932714,0.1515835999744013,0.01,48701.49960514954,48701.49960514954,-67796.678506805,-50321.951790011815,0.0,-23867.72589902875,-76855.02198031549,-76855.00673172035,-52269.52879375721,-23867.72589902875,28401.80289472846,28401.802894728447,-24059.33084772519,36432.5,nan,nan,1.5000000000000002,10.0,0.0,0.0,10.0,0.85,CORE,MAIN,1.2101404386558934,0.2539339116243655,0.6,0.174,-52269.52879375721,STRUCTURAL,-0.9660911893500795,-196245.33668461238,28200.0,0,0,0,0,0,0,0,inf,inf,NA,1,5,5,5,25,6,0,0,CONTINUE,0,A,1,1,0,KEEP_STRUCTURAL_IN_ON_CUT,2,3,0,0,"tail_cont_enabled=1 tail_active_dims=(1,) tail_delta=0.1 tail_start=(6, 6, 6) returned_y=(1, 4, 3) returned_b=(0, 0, 0) returned_u=(0, 0, 0) returned_zcap=(1, 4, 3) max_tail_u=0",NA
120,P1_no_rho,38,459.284452999942,5.663073299918324,14.26079959992785,0.15881140006240457,0.01,44915.148837099274,44915.148837099274,-67796.678506805,-50889.90440521936,0.0,-23867.72589902875,-72971.90612547305,-72971.89151003741,-52269.52879375721,-23867.72589902875,28401.80289472846,28401.802894728447,-22331.910024371595,35734.5,nan,nan,1.5000000000000002,10.0,0.0,0.0,10.0,0.85,CORE,MAIN,1.2103034441634493,0.2561610133253751,0.6,0.174,-52269.52879375721,STRUCTURAL,-0.9447449287694117,-196245.33668461238,28200.0,0,0,0,0,0,0,0,inf,inf,NA,1,5,5,5,25,6,0,0,CONTINUE,0,A,1,1,0,KEEP_STRUCTURAL_IN_ON_CUT,2,3,0,0,"tail_cont_enabled=1 tail_active_dims=(1,) tail_delta=0.1 tail_start=(6, 6, 6) returned_y=(1, 4, 3) returned_b=(0, 0, 0) returned_u=(0, 0, 0) returned_zcap=(1, 4, 3) max_tail_u=0",NA
120,P1_no_rho,39,471.1439581000013,5.663073299918324,11.858985800063238,0.14872419997118413,0.01,47264.13129060499,47264.13129060499,-67796.678506805,-50537.557037193495,0.0,-23867.72589902875,-76139.54330415907,-76139.52809342257,-52269.52879375721,-23867.72589902875,28401.80289472846,28401.802894728447,-23129.36017398499,36526.0,nan,nan,1.5000000000000002,10.0,0.0,0.0,10.0,0.85,CORE,MAIN,1.2101906568434053,0.25778516501658666,0.6,0.174,-52269.52879375721,STRUCTURAL,-0.9675330434838664,-196245.33668461238,28200.0,0,0,0,0,0,0,0,inf,inf,NA,1,5,5,5,25,6,0,0,CONTINUE,0,A,1,1,0,KEEP_STRUCTURAL_IN_ON_CUT,2,3,0,0,"tail_cont_enabled=1 tail_active_dims=(1,) tail_delta=0.1 tail_start=(6, 6, 6) returned_y=(1, 4, 3) returned_b=(0, 0, 0) returned_u=(0, 0, 0) returned_zcap=(1, 4, 3) max_tail_u=0",NA
120,P1_no_rho,40,491.4117007999448,5.663073299918324,20.2671167999506,0.1779686000663787,0.01,69622.42776621439,69622.42776621439,-67796.678506805,-47183.81256585209,0.0,-23867.72589902875,-72729.72532960676,-72729.71094198518,-52269.52879375721,-23867.72589902875,28401.80289472846,28401.802894728447,-20174.022188323583,38119.0,nan,nan,1.5000000000000002,10.0,0.0,0.0,10.0,0.85,CORE,MAIN,1.2104592490758606,0.2778339257314184,0.6,0.174,-52269.52879375721,STRUCTURAL,-0.9191512326077386,-196245.33668461238,28200.0,0,0,0,0,0,0,0,inf,inf,NA,2,6,6,6,25,6,0,0,CONTINUE,0,A,1,1,0,KEEP_STRUCTURAL_IN_ON_CUT,2,3,0,0,"tail_cont_enabled=1 tail_active_dims=(1,) tail_delta=0.1 tail_start=(6, 6, 6) returned_y=(6, 0, 0) returned_b=(1, 0, 0) returned_u=(0, 0, 0) returned_zcap=(6, 0, 0) max_tail_u=0",NA
120,P1_no_rho,41,503.5150893999962,5.663073299918324,12.102629200089723,0.18078469997271895,0.01,67648.61484464996,67648.61484464996,-67796.678506805,-47479.88450408675,0.0,-23867.72589902875,-72764.62811061784,-72764.61352607852,-52269.52879375721,-23867.72589902875,28401.80289472846,28401.802894728447,-21832.34751924304,34855.5,nan,nan,1.5000000000000002,10.0,0.0,0.0,10.0,0.85,CORE,MAIN,1.2110398759423207,0.24948642470861349,0.6,0.174,-52269.52879375721,STRUCTURAL,-0.9741602904722925,-196245.33668461238,28200.0,0,0,0,0,0,0,0,inf,inf,NA,2,6,6,6,25,6,0,0,CONTINUE,0,A,1,1,0,KEEP_STRUCTURAL_IN_ON_CUT,2,3,0,0,"tail_cont_enabled=1 tail_active_dims=(1,) tail_delta=0.1 tail_start=(6, 6, 6) returned_y=(4, 1, 2) returned_b=(0, 0, 0) returned_u=(0, 0, 0) returned_zcap=(4, 1, 2) max_tail_u=0",NA
120,P1_no_rho,42,515.5779629999306,5.663073299918324,12.06239979993552,0.14790949993766844,0.01,35637.88308144541,35637.88308144541,-67796.678506805,-52281.49426856743,0.0,-23867.72589902875,-72333.59047290085,-72333.57614477476,-52269.52879375721,-23867.72589902875,28401.80289472846,28401.802894728447,-21734.911589110554,35064.5,nan,nan,1.5000000000000002,10.0,0.0,0.0,10.0,0.85,CORE,MAIN,1.2127798497340843,0.2524610684332391,0.6,0.174,-52269.52879375721,STRUCTURAL,-0.9620112374940316,-196245.33668461238,28200.0,0,0,0,0,0,0,0,inf,inf,NA,1,5,5,5,25,6,0,0,CONTINUE,0,A,1,1,0,KEEP_STRUCTURAL_IN_ON_CUT,2,3,0,0,"tail_cont_enabled=1 tail_active_dims=(1,) tail_delta=0.1 tail_start=(6, 6, 6) returned_y=(4, 1, 2) returned_b=(0, 0, 0) returned_u=(0, 0, 0) returned_zcap=(4, 1, 2) max_tail_u=0",NA
120,P1_no_rho,43,523.3030665999977,5.663073299918324,7.724472800036892,0.15036179998423904,0.01,55058.65942239506,55058.65942239506,-67796.678506805,-49368.37781742499,0.0,-23867.72589902875,-71506.27413821105,-71506.25991450957,-52269.52879375721,-23867.72589902875,28401.80289472846,28401.802894728447,-22396.426157550493,34450.5,nan,nan,1.5000000000000002,10.0,0.0,0.0,10.0,0.85,CORE,MAIN,1.2138723815933115,0.2638192276393112,0.6,0.174,-52269.52879375721,STRUCTURAL,-0.9503458344960464,-196245.33668461238,28200.0,0,0,0,0,0,0,0,inf,inf,NA,1,5,5,5,25,6,0,0,CONTINUE,0,A,1,1,0,KEEP_STRUCTURAL_IN_ON_CUT,2,3,0,0,"tail_cont_enabled=1 tail_active_dims=(1,) tail_delta=0.1 tail_start=(6, 6, 6) returned_y=(4, 1, 2) returned_b=(0, 0, 0) returned_u=(0, 0, 0) returned_zcap=(4, 1, 2) max_tail_u=0",NA
120,P1_no_rho,44,536.0847184999147,5.663073299918324,12.78115539997816,0.18752369994763285,0.01,45480.03222637125,45480.03222637125,-67796.678506805,-50805.17189682856,0.0,-23867.72589902875,-77599.62524514619,-77599.61016780863,-52269.52879375721,-23867.72589902875,28401.80289472846,28401.802894728447,-23668.25119612282,39029.0,nan,nan,1.5000000000000002,10.0,0.0,0.0,10.0,0.85,CORE,MAIN,1.213502029274229,0.2616463101567833,0.6,0.174,-52269.52879375721,STRUCTURAL,-0.9212185634901533,-196245.33668461238,28200.0,0,0,0,0,0,0,0,inf,inf,NA,2,6,6,6,25,7,0,0,CONTINUE,0,A,1,1,0,KEEP_STRUCTURAL_IN_ON_CUT,2,3,1,0,"tail_cont_enabled=1 tail_active_dims=(1,) tail_delta=0.1 tail_start=(6, 6, 6) returned_y=(0, 6, 2) returned_b=(0, 1, 0) returned_u=(0, 0.1, 0) returned_zcap=(0, 6.1, 2) max_tail_u=0.1",NA
120,P1_no_rho,45,567.9311287999153,5.663073299918324,31.845727999927476,0.15404990001115948,0.01,49082.4062458367,49082.4062458367,-67796.678506805,-50264.81579390874,0.0,-23867.72589902875,-72914.82591659864,-72914.81134533972,-52269.52879375721,-23867.72589902875,28401.80289472846,28401.802894728447,-21411.405480219728,35476.0,nan,nan,1.5000000000000002,10.0,0.0,0.0,10.0,0.85,CORE,MAIN,1.2137205678556855,0.26324496648866214,0.6,0.174,-52269.52879375721,STRUCTURAL,-0.967854434267674,-196245.33668461238,28200.0,0,0,0,0,0,0,0,inf,inf,NA,1,5,5,5,26,6,0,0,CONTINUE,0,A,1,1,0,KEEP_STRUCTURAL_IN_ON_CUT,2,3,0,0,"tail_cont_enabled=1 tail_active_dims=(1,) tail_delta=0.1 tail_start=(6, 6, 6) returned_y=(1, 4, 3) returned_b=(0, 0, 0) returned_u=(0, 0, 0) returned_zcap=(1, 4, 3) max_tail_u=0",NA
120,P1_no_rho,46,578.2209680000087,5.663073299918324,10.289307400002144,0.15594399999827147,0.01,47039.90410880787,47039.90410880787,-67796.678506805,-50571.191114463065,0.0,-23867.72589902875,-76136.01989122863,-76136.00469257608,-52269.52879375721,-23867.72589902875,28401.80289472846,28401.802894728447,-23064.85007411555,37202.0,nan,nan,1.5000000000000002,10.0,0.0,0.0,10.0,0.85,CORE,MAIN,1.2132851064178343,0.25827525320001876,0.6,0.174,-52269.52879375721,STRUCTURAL,-0.9510448294618663,-196245.33668461238,28200.0,0,0,0,0,0,0,0,inf,inf,NA,1,5,5,5,26,6,0,0,CONTINUE,0,A,1,1,0,KEEP_STRUCTURAL_IN_ON_CUT,2,3,0,0,"tail_cont_enabled=1 tail_active_dims=(1,) tail_delta=0.1 tail_start=(6, 6, 6) returned_y=(2, 6, 0) returned_b=(0, 1, 0) returned_u=(0, 0, 0) returned_zcap=(2, 6, 0) max_tail_u=0",NA
120,P1_no_rho,47,587.6242038999917,5.663073299918324,9.402702999999747,0.17596989998128265,0.01,63291.60256598433,63291.60256598433,-67796.678506805,-48133.4363458866,0.0,-23867.72589902875,-71666.35053069289,-71666.33613458196,-52269.52879375721,-23867.72589902875,28401.80289472846,28401.802894728447,-20506.642986040024,38055.5,nan,nan,1.5000000000000002,10.0,0.0,0.0,10.0,0.85,CORE,MAIN,1.2135712884406287,0.266178294007112,0.6,0.174,-52269.52879375721,STRUCTURAL,-0.8962295095065875,-196245.33668461238,28200.0,0,0,0,0,0,0,0,inf,inf,NA,2,6,6,6,26,6,0,0,CONTINUE,0,A,1,1,0,KEEP_STRUCTURAL_IN_ON_CUT,2,3,0,0,"tail_cont_enabled=1 tail_active_dims=(1,) tail_delta=0.1 tail_start=(6, 6, 6) returned_y=(6, 0, 0) returned_b=(1, 0, 0) returned_u=(0, 0, 0) returned_zcap=(6, 0, 0) max_tail_u=0",NA
120,P1_no_rho,48,595.4534968999214,5.663073299918324,7.82870129996445,0.17568930005654693,0.01,60715.85181931205,60715.85181931205,-67796.678506805,-48519.79895788744,0.0,-23867.72589902875,-73804.15786474802,-73804.14301234644,-52269.52879375721,-23867.72589902875,28401.80289472846,28401.802894728447,-22642.351995385496,35166.5,nan,nan,1.5000000000000002,10.0,0.0,0.0,10.0,0.85,CORE,MAIN,1.2136021494047355,0.25050915500334037,0.6,0.174,-52269.52879375721,STRUCTURAL,-0.9698963694986412,-196245.33668461238,28200.0,0,0,0,0,0,0,0,inf,inf,NA,2,6,6,6,26,6,0,0,CONTINUE,0,A,1,1,0,KEEP_STRUCTURAL_IN_ON_CUT,2,3,0,0,"tail_cont_enabled=1 tail_active_dims=(1,) tail_delta=0.1 tail_start=(6, 6, 6) returned_y=(4, 1, 2) returned_b=(0, 0, 0) returned_u=(0, 0, 0) returned_zcap=(4, 1, 2) max_tail_u=0",NA
120,P1_no_rho,49,607.5249607999576,5.663073299918324,12.070780799956992,0.15625070000533015,0.01,46869.44337584909,46869.44337584909,-67796.678506805,-50596.760224406884,0.0,-23867.72589902875,-72552.3033725399,-72552.2889353803,-52269.52879375721,-23867.72589902875,28401.80289472846,28401.802894728447,-21730.30802758202,35159.5,nan,nan,1.5000000000000002,10.0,0.0,0.0,10.0,0.85,CORE,MAIN,1.2138603122602665,0.26431061427766667,0.6,0.174,-52269.52879375721,STRUCTURAL,-0.9636462579160354,-196245.33668461238,28200.0,0,0,0,0,0,0,0,inf,inf,NA,1,5,5,5,26,6,0,0,CONTINUE,0,A,1,1,0,KEEP_STRUCTURAL_IN_ON_CUT,2,3,0,0,"tail_cont_enabled=1 tail_active_dims=(1,) tail_delta=0.1 tail_start=(6, 6, 6) returned_y=(4, 1, 2) returned_b=(0, 0, 0) returned_u=(0, 0, 0) returned_zcap=(4, 1, 2) max_tail_u=0",NA
120,P1_no_rho,50,633.6453903999645,5.663073299918324,26.119875799980946,0.15728439996019006,0.01,54448.41772660333,54448.41772660333,-67796.678506805,-49459.91407179375,0.0,-23867.72589902875,-72686.35986689189,-72686.34536447896,-52269.52879375721,-23867.72589902875,28401.80289472846,28401.802894728447,-22590.473884505263,34985.0,nan,nan,1.5000000000000002,10.0,0.0,0.0,10.0,0.85,CORE,MAIN,1.2143825406854785,0.24478186110349742,0.6,0.174,-52269.52879375721,STRUCTURAL,-0.9546161970363236,-196245.33668461238,28200.0,0,0,0,0,0,0,0,inf,inf,NA,1,5,5,5,26,6,0,0,CONTINUE,0,A,1,1,0,KEEP_STRUCTURAL_IN_ON_CUT,2,3,0,0,"tail_cont_enabled=1 tail_active_dims=(1,) tail_delta=0.1 tail_start=(6, 6, 6) returned_y=(4, 1, 2) returned_b=(0, 0, 0) returned_u=(0, 0, 0) returned_zcap=(4, 1, 2) max_tail_u=0",NA
120,P1_no_rho,51,646.3276243999135,5.663073299918324,12.681519699981436,0.18119109992403537,0.01,44847.26838511692,44847.26838511692,-67796.678506805,-50900.08647301671,0.0,-23867.72589902875,-76064.7153223503,-76064.7005824183,-52269.52879375721,-23867.72589902875,28401.80289472846,28401.802894728447,-23589.01180885563,38304.5,nan,nan,1.5000000000000002,10.0,0.0,0.0,10.0,0.85,CORE,MAIN,1.214055599307469,0.25782425396188213,0.6,0.174,-52269.52879375721,STRUCTURAL,-0.9133076405045994,-196245.33668461238,28200.0,0,0,0,0,0,0,0,inf,inf,NA,2,6,6,6,26,6,0,0,CONTINUE,0,A,1,1,0,KEEP_STRUCTURAL_IN_ON_CUT,2,3,0,0,"tail_cont_enabled=1 tail_active_dims=(1,) tail_delta=0.1 tail_start=(6, 6, 6) returned_y=(0, 6, 2) returned_b=(0, 1, 0) returned_u=(0, 0.1, 0) returned_zcap=(0, 6.1, 2) max_tail_u=0.1",NA
120,P1_no_rho,52,657.781693900004,5.663073299918324,11.453516600071453,0.1575753000797704,0.01,55394.345816825,55394.345816825,-67796.678506805,-49318.0248582605,0.0,-23867.72589902875,-72594.17260912718,-72594.15809061033,-52269.52879375721,-23867.72589902875,28401.80289472846,28401.802894728447,-21382.589779888192,35523.0,nan,nan,1.5000000000000002,10.0,0.0,0.0,10.0,0.85,CORE,MAIN,1.2143165983897388,0.2559942360081042,0.6,0.174,-52269.52879375721,STRUCTURAL,-0.9610969101844279,-196245.33668461238,28200.0,0,0,0,0,0,0,0,inf,inf,NA,1,5,5,5,26,6,0,0,CONTINUE,0,A,1,1,0,KEEP_STRUCTURAL_IN_ON_CUT,2,3,0,0,"tail_cont_enabled=1 tail_active_dims=(1,) tail_delta=0.1 tail_start=(6, 6, 6) returned_y=(1, 4, 3) returned_b=(0, 0, 0) returned_u=(0, 0, 0) returned_zcap=(1, 4, 3) max_tail_u=0",NA
120,P1_no_rho,53,666.9275108999573,5.663073299918324,9.145246400032192,0.1759332000510767,0.01,48897.73374512427,48897.73374512427,-67796.678506805,-50292.516669015604,0.0,-23867.72589902875,-73982.4690591544,-73982.45432639259,-52269.52879375721,-23867.72589902875,28401.80289472846,28401.802894728447,-21854.267215717715,36432.5,nan,nan,1.5000000000000002,10.0,0.0,0.0,10.0,0.85,CORE,MAIN,1.2148826801372947,0.24773472048789125,0.6,0.174,-52269.52879375721,STRUCTURAL,-0.953877025744868,-196245.33668461238,28200.0,0,0,0,0,0,0,0,inf,inf,NA,2,6,6,6,26,6,0,0,CONTINUE,0,A,1,1,0,KEEP_STRUCTURAL_IN_ON_CUT,2,3,0,0,"tail_cont_enabled=1 tail_active_dims=(1,) tail_delta=0.1 tail_start=(6, 6, 6) returned_y=(2, 6, 0) returned_b=(0, 1, 0) returned_u=(0, 0, 0) returned_zcap=(2, 6, 0) max_tail_u=0",NA
120,P1_no_rho,54,678.7120689000003,5.663073299918324,11.78410160006024,0.1516659000189975,0.01,60688.29417178827,60688.29417178827,-67796.678506805,-48523.932605016,0.0,-23867.72589902875,-73080.53167171234,-73080.51689853925,-52269.52879375721,-23867.72589902875,28401.80289472846,28401.802894728447,-21155.689291433362,36145.0,nan,nan,1.5000000000000002,10.0,0.0,0.0,10.0,0.85,CORE,MAIN,1.2153929744756038,0.2628770984369728,0.6,0.174,-52269.52879375721,STRUCTURAL,-0.9577134247633307,-196245.33668461238,28200.0,0,0,0,0,0,0,0,inf,inf,NA,1,5,5,5,26,6,0,0,CONTINUE,0,A,1,1,0,KEEP_STRUCTURAL_IN_ON_CUT,2,3,0,0,"tail_cont_enabled=1 tail_active_dims=(1,) tail_delta=0.1 tail_start=(6, 6, 6) returned_y=(2, 6, 0) returned_b=(0, 1, 0) returned_u=(0, 0, 0) returned_zcap=(2, 6, 0) max_tail_u=0",NA
120,P1_no_rho,55,706.5172522999346,5.663073299918324,27.804218499921262,0.15419709996785969,0.01,57074.89333200297,57074.89333200297,-67796.678506805,-49065.9427309838,0.0,-23867.72589902875,-73213.42189822608,-73213.40700388733,-52269.52879375721,-23867.72589902875,28401.80289472846,28401.802894728447,-21861.65781280333,35624.0,nan,nan,1.5000000000000002,10.0,0.0,0.0,10.0,0.85,CORE,MAIN,1.2157517903074073,0.2513985969271384,0.6,0.174,-52269.52879375721,STRUCTURAL,-0.9609953812239685,-196245.33668461238,28200.0,0,0,0,0,0,0,0,inf,inf,NA,1,5,5,5,26,6,0,0,CONTINUE,0,A,1,1,0,KEEP_STRUCTURAL_IN_ON_CUT,2,3,0,0,"tail_cont_enabled=1 tail_active_dims=(1,) tail_delta=0.1 tail_start=(6, 6, 6) returned_y=(2, 6, 0) returned_b=(0, 1, 0) returned_u=(0, 0, 0) returned_zcap=(2, 6, 0) max_tail_u=0",NA
120,P1_no_rho,56,715.7837900000159,5.663073299918324,9.266104799928144,0.15118869999423623,0.01,45922.56102936341,45922.56102936341,-67796.678506805,-50738.79257637973,0.0,-23867.72589902875,-73625.98152920819,-73625.96694298624,-52269.52879375721,-23867.72589902875,28401.80289472846,28401.802894728447,-22137.905461957467,36559.5,nan,nan,1.5000000000000002,10.0,0.0,0.0,10.0,0.85,CORE,MAIN,1.2158959850771824,0.2590876642243254,0.6,0.174,-52269.52879375721,STRUCTURAL,-0.9388906938192765,-196245.33668461238,28200.0,0,0,0,0,0,0,0,inf,inf,NA,1,5,5,5,26,6,0,0,CONTINUE,0,A,1,1,0,KEEP_STRUCTURAL_IN_ON_CUT,2,3,0,0,"tail_cont_enabled=1 tail_active_dims=(1,) tail_delta=0.1 tail_start=(6, 6, 6) returned_y=(2, 6, 0) returned_b=(0, 1, 0) returned_u=(0, 0, 0) returned_zcap=(2, 6, 0) max_tail_u=0",NA
120,P1_no_rho,57,727.5381424999796,5.663073299918324,11.753767000045627,0.1566205999115482,0.01,54235.207431755196,54235.207431755196,-67796.678506805,-49491.895616020964,0.0,-23867.72589902875,-73432.6682250552,-73432.65360495518,-52269.52879375721,-23867.72589902875,28401.80289472846,28401.802894728447,-22556.253669740297,35099.0,nan,nan,1.5000000000000002,10.0,0.0,0.0,10.0,0.85,CORE,MAIN,1.2161446226235868,0.2623506350315705,0.6,0.174,-52269.52879375721,STRUCTURAL,-0.9663409201632501,-196245.33668461238,28200.0,0,0,0,0,0,0,0,inf,inf,NA,1,5,5,5,26,6,0,0,CONTINUE,0,A,1,1,0,KEEP_STRUCTURAL_IN_ON_CUT,2,3,0,0,"tail_cont_enabled=1 tail_active_dims=(1,) tail_delta=0.1 tail_start=(6, 6, 6) returned_y=(4, 1, 2) returned_b=(0, 0, 0) returned_u=(0, 0, 0) returned_zcap=(4, 1, 2) max_tail_u=0",NA
120,P1_no_rho,58,740.6742607000051,5.663073299918324,13.13543720007874,0.17936599999666214,0.01,46195.70489350871,46195.70489350871,-67796.678506805,-50697.82099675794,0.0,-23867.72589902875,-77459.9444814159,-77459.92926296375,-52269.52879375721,-23867.72589902875,28401.80289472846,28401.802894728447,-23863.14255713524,39212.0,nan,nan,1.5000000000000002,10.0,0.0,0.0,10.0,0.85,CORE,MAIN,1.215753565566855,0.2534694066896077,0.6,0.174,-52269.52879375721,STRUCTURAL,-0.9112310297158774,-196245.33668461238,28200.0,0,0,0,0,0,0,0,inf,inf,NA,2,6,6,6,26,6,0,0,CONTINUE,0,A,1,1,0,KEEP_STRUCTURAL_IN_ON_CUT,2,3,0,0,"tail_cont_enabled=1 tail_active_dims=(1,) tail_delta=0.1 tail_start=(6, 6, 6) returned_y=(0, 2, 6) returned_b=(0, 0, 1) returned_u=(0, 0, 0) returned_zcap=(0, 2, 6) max_tail_u=0",NA
120,P1_no_rho,59,748.8384799999185,5.663073299918324,8.163598999963142,0.15214070002548397,0.01,54287.99959524325,54287.99959524325,-67796.678506805,-49483.97679149776,0.0,-23867.72589902875,-72576.8666701986,-72576.85207451537,-52269.52879375721,-23867.72589902875,28401.80289472846,28401.802894728447,-21818.800810779838,37320.0,nan,nan,1.5000000000000002,10.0,0.0,0.0,10.0,0.85,CORE,MAIN,1.2156484142351385,0.2579566187233304,0.6,0.174,-52269.52879375721,STRUCTURAL,-0.9067176002810919,-196245.33668461238,28200.0,0,0,0,0,0,0,0,inf,inf,NA,1,5,5,5,26,6,0,0,CONTINUE,0,A,1,1,0,KEEP_STRUCTURAL_IN_ON_CUT,2,3,0,0,"tail_cont_enabled=1 tail_active_dims=(1,) tail_delta=0.1 tail_start=(6, 6, 6) returned_y=(0, 2, 6) returned_b=(0, 0, 1) returned_u=(0, 0, 0) returned_zcap=(0, 2, 6) max_tail_u=0",NA
120,P1_no_rho,60,772.7031558000017,5.663073299918324,23.86421670007985,0.16589129995554686,0.01,54873.15963392631,54873.15963392631,-67796.678506805,-49396.2027856953,0.0,-23867.72589902875,-74611.31015280038,-74611.29526411447,-52269.52879375721,-23867.72589902875,28401.80289472846,28401.802894728447,-22689.131101742998,38056.5,nan,nan,1.5000000000000002,10.0,0.0,0.0,10.0,0.85,CORE,MAIN,1.2153864074166072,0.26759115749448215,0.6,0.174,-52269.52879375721,STRUCTURAL,-0.9095627844979867,-196245.33668461238,28200.0,0,0,0,0,0,0,0,inf,inf,NA,1,5,5,5,26,6,0,0,CONTINUE,0,A,1,1,0,KEEP_STRUCTURAL_IN_ON_CUT,2,3,0,0,"tail_cont_enabled=1 tail_active_dims=(1,) tail_delta=0.1 tail_start=(6, 6, 6) returned_y=(0, 2, 6) returned_b=(0, 0, 1) returned_u=(0, 0, 0) returned_zcap=(0, 2, 6) max_tail_u=0",NA
120,P1_no_rho,61,785.647868799977,5.663073299918324,12.94400100002531,0.1560428999364376,0.01,54823.96050096538,54823.96050096538,-67796.678506805,-49403.58265563944,0.0,-23867.72589902875,-70985.36547803477,-70985.35109173969,-52269.52879375721,-23867.72589902875,28401.80289472846,28401.802894728447,-20216.01125455709,34955.5,nan,nan,1.5000000000000002,10.0,0.0,0.0,10.0,0.85,CORE,MAIN,1.2147598158760629,0.2535365950339933,0.6,0.174,-52269.52879375721,STRUCTURAL,-0.9682661257347693,-196245.33668461238,28200.0,0,0,0,0,0,0,0,inf,inf,NA,1,5,5,5,26,6,0,0,CONTINUE,0,A,1,1,0,KEEP_STRUCTURAL_IN_ON_CUT,2,3,0,0,"tail_cont_enabled=1 tail_active_dims=(1,) tail_delta=0.1 tail_start=(6, 6, 6) returned_y=(4, 1, 2) returned_b=(0, 0, 0) returned_u=(0, 0, 0) returned_zcap=(4, 1, 2) max_tail_u=0",NA
120,P1_no_rho,62,797.0932221999392,5.663073299918324,11.444829499931075,0.16137469990644604,0.01,61374.011950823864,61374.011950823864,-67796.678506805,-48421.074938160666,0.0,-23867.72589902875,-73294.83230024618,-73294.81748664529,-52269.52879375721,-23867.72589902875,28401.80289472846,28401.802894728447,-22236.46354670167,35507.0,nan,nan,1.5000000000000002,10.0,0.0,0.0,10.0,0.85,CORE,MAIN,1.2142945093566224,0.2551754939045269,0.6,0.174,-52269.52879375721,STRUCTURAL,-0.958653297283045,-196245.33668461238,28200.0,0,0,0,0,0,0,0,inf,inf,NA,1,5,5,5,26,6,0,0,CONTINUE,0,A,1,1,0,KEEP_STRUCTURAL_IN_ON_CUT,2,3,0,0,"tail_cont_enabled=1 tail_active_dims=(1,) tail_delta=0.1 tail_start=(6, 6, 6) returned_y=(4, 1, 2) returned_b=(0, 0, 0) returned_u=(0, 0, 0) returned_zcap=(4, 1, 2) max_tail_u=0",NA
120,P1_no_rho,63,808.9995817999588,5.663073299918324,11.90590350003913,0.15224960003979504,0.01,43349.559592195,43349.559592195,-67796.678506805,-51124.742791954995,0.0,-23867.72589902875,-73846.03501898916,-73846.02032524643,-52269.52879375721,-23867.72589902875,28401.80289472846,28401.802894728447,-22158.709476812437,35434.5,nan,nan,1.5000000000000002,10.0,0.0,0.0,10.0,0.85,CORE,MAIN,1.213855561905899,0.24944323224222575,0.6,0.174,-52269.52879375721,STRUCTURAL,-0.9724479598213415,-196245.33668461238,28200.0,0,0,0,0,0,0,0,inf,inf,NA,1,5,5,5,26,6,0,0,CONTINUE,0,A,1,1,0,KEEP_STRUCTURAL_IN_ON_CUT,2,3,0,0,"tail_cont_enabled=1 tail_active_dims=(1,) tail_delta=0.1 tail_start=(6, 6, 6) returned_y=(4, 1, 2) returned_b=(0, 0, 0) returned_u=(0, 0, 0) returned_zcap=(4, 1, 2) max_tail_u=0",NA
120,P1_no_rho,64,822.1758505000034,5.663073299918324,13.17570640007034,0.1591986999846995,0.01,53259.345764267346,53259.345764267346,-67796.678506805,-49638.274866144144,0.0,-23867.72589902875,-72384.71272384246,-72384.69826148753,-52269.52879375721,-23867.72589902875,28401.80289472846,28401.802894728447,-21980.69722163704,34570.5,nan,nan,1.5000000000000002,10.0,0.0,0.0,10.0,0.85,CORE,MAIN,1.21402076275755,0.26018827476361084,0.6,0.174,-52269.52879375721,STRUCTURAL,-0.9720040890325659,-196245.33668461238,28200.0,0,0,0,0,0,0,0,inf,inf,NA,1,5,5,5,26,6,0,0,CONTINUE,0,A,1,1,0,KEEP_STRUCTURAL_IN_ON_CUT,2,3,0,0,"tail_cont_enabled=1 tail_active_dims=(1,) tail_delta=0.1 tail_start=(6, 6, 6) returned_y=(4, 1, 2) returned_b=(0, 0, 0) returned_u=(0, 0, 0) returned_zcap=(4, 1, 2) max_tail_u=0",NA
120,P1_no_rho,65,848.863660999923,5.663073299918324,26.687233099946752,0.15211509994696826,0.01,46750.001628556674,46750.001628556674,-67796.678506805,-50614.67648650074,0.0,-23867.72589902875,-74681.208728144,-74681.19381992865,-52269.52879375721,-23867.72589902875,28401.80289472846,28401.802894728447,-22507.769833283517,35931.5,nan,nan,1.5000000000000002,10.0,0.0,0.0,10.0,0.85,CORE,MAIN,1.213718078781794,0.24850100707548917,0.6,0.174,-52269.52879375721,STRUCTURAL,-0.9680164384387909,-196245.33668461238,28200.0,0,0,0,0,0,0,0,inf,inf,NA,1,5,5,5,26,6,0,0,CONTINUE,0,A,1,1,0,KEEP_STRUCTURAL_IN_ON_CUT,2,3,0,0,"tail_cont_enabled=1 tail_active_dims=(1,) tail_delta=0.1 tail_start=(6, 6, 6) returned_y=(4, 1, 2) returned_b=(0, 0, 0) returned_u=(0, 0, 0) returned_zcap=(4, 1, 2) max_tail_u=0",NA
120,P1_no_rho,66,860.8944870999549,5.663073299918324,12.030182700022124,0.15522159996908158,0.01,52978.14298203834,52978.14298203834,-67796.678506805,-49680.45528347849,0.0,-23867.72589902875,-75233.7203305982,-75233.7052873626,-52269.52879375721,-23867.72589902875,28401.80289472846,28401.802894728447,-23267.413653095336,36454.5,nan,nan,1.5000000000000002,10.0,0.0,0.0,10.0,0.85,CORE,MAIN,1.2132386962225061,0.2570920051139377,0.6,0.174,-52269.52879375721,STRUCTURAL,-0.950340682846969,-196245.33668461238,28200.0,0,0,0,0,0,0,0,inf,inf,NA,1,5,5,5,26,6,0,0,CONTINUE,0,A,1,1,0,KEEP_STRUCTURAL_IN_ON_CUT,2,3,0,0,"tail_cont_enabled=1 tail_active_dims=(1,) tail_delta=0.1 tail_start=(6, 6, 6) returned_y=(1, 4, 3) returned_b=(0, 0, 0) returned_u=(0, 0, 0) returned_zcap=(1, 4, 3) max_tail_u=0",NA
120,P1_no_rho,67,873.8109358999645,5.663073299918324,12.915989800007083,0.15565060009248555,0.01,47746.141031684376,47746.141031684376,-67796.678506805,-50465.25557603159,0.0,-23867.72589902875,-73958.11764557651,-73958.10281191142,-52269.52879375721,-23867.72589902875,28401.80289472846,28401.802894728447,-21853.590538855507,36004.5,nan,nan,1.5000000000000002,10.0,0.0,0.0,10.0,0.85,CORE,MAIN,1.21380532754775,0.2619896748897461,0.6,0.174,-52269.52879375721,STRUCTURAL,-0.9647777782046855,-196245.33668461238,28200.0,0,0,0,0,0,0,0,inf,inf,NA,1,5,5,5,26,6,0,0,CONTINUE,0,A,1,1,0,KEEP_STRUCTURAL_IN_ON_CUT,2,3,0,0,"tail_cont_enabled=1 tail_active_dims=(1,) tail_delta=0.1 tail_start=(6, 6, 6) returned_y=(1, 4, 3) returned_b=(0, 0, 0) returned_u=(0, 0, 0) returned_zcap=(1, 4, 3) max_tail_u=0",NA
120,P1_no_rho,68,885.103022599942,5.663073299918324,11.291491699987091,0.1532399000134319,0.01,62961.133886221374,62961.133886221374,-67796.678506805,-48183.00664785104,0.0,-23867.72589902875,-72229.55545867214,-72229.54085454812,-52269.52879375721,-23867.72589902875,28401.80289472846,28401.802894728447,-20723.7805626275,35543.5,nan,nan,1.5000000000000002,10.0,0.0,0.0,10.0,0.85,CORE,MAIN,1.2144346952881673,0.2713028859119052,0.6,0.174,-52269.52879375721,STRUCTURAL,-0.966060560382266,-196245.33668461238,28200.0,0,0,0,0,0,0,0,inf,inf,NA,1,5,5,5,26,6,0,0,CONTINUE,0,A,1,1,0,KEEP_STRUCTURAL_IN_ON_CUT,2,3,0,0,"tail_cont_enabled=1 tail_active_dims=(1,) tail_delta=0.1 tail_start=(6, 6, 6) returned_y=(4, 1, 2) returned_b=(0, 0, 0) returned_u=(0, 0, 0) returned_zcap=(4, 1, 2) max_tail_u=0",NA
120,P1_no_rho,69,897.0132946999511,5.663073299918324,11.909593699965626,0.15532980009447783,0.01,59004.471975085944,59004.471975085944,-67796.678506805,-48776.50593452135,0.0,-23867.72589902875,-73945.89972233787,-73945.88478635423,-52269.52879375721,-23867.72589902875,28401.80289472846,28401.802894728447,-22212.685439043536,35376.0,nan,nan,1.5000000000000002,10.0,0.0,0.0,10.0,0.85,CORE,MAIN,1.2147364599151447,0.2495362288681492,0.6,0.174,-52269.52879375721,STRUCTURAL,-0.9749208379939447,-196245.33668461238,28200.0,0,0,0,0,0,0,0,inf,inf,NA,1,5,5,5,26,6,0,0,CONTINUE,0,A,1,1,0,KEEP_STRUCTURAL_IN_ON_CUT,2,3,0,0,"tail_cont_enabled=1 tail_active_dims=(1,) tail_delta=0.1 tail_start=(6, 6, 6) returned_y=(4, 1, 2) returned_b=(0, 0, 0) returned_u=(0, 0, 0) returned_zcap=(4, 1, 2) max_tail_u=0",NA
120,P1_no_rho,70,924.8548667000141,5.663073299918324,27.840972400037572,0.1531583999749273,0.01,42528.46646842349,42528.46646842349,-67796.678506805,-51247.906760520724,0.0,-23867.72589902875,-72787.9551690766,-72787.94058463746,-52269.52879375721,-23867.72589902875,28401.80289472846,28401.802894728447,-21319.1002187202,35032.0,nan,nan,1.5000000000000002,10.0,0.0,0.0,10.0,0.85,CORE,MAIN,1.215049246564587,0.2638216097922095,0.6,0.174,-52269.52879375721,STRUCTURAL,-0.9794633547597862,-196245.33668461238,28200.0,0,0,0,0,0,0,0,inf,inf,NA,1,5,5,5,26,6,0,0,CONTINUE,0,A,1,1,0,KEEP_STRUCTURAL_IN_ON_CUT,2,3,0,0,"tail_cont_enabled=1 tail_active_dims=(1,) tail_delta=0.1 tail_start=(6, 6, 6) returned_y=(4, 1, 2) returned_b=(0, 0, 0) returned_u=(0, 0, 0) returned_zcap=(4, 1, 2) max_tail_u=0",NA
120,P1_no_rho,71,936.3208393999375,5.663073299918324,11.465421400032938,0.1827474000165239,0.01,54411.42607203233,54411.42607203233,-67796.678506805,-49465.462819979395,0.0,-23867.72589902875,-73464.76913239471,-73464.75446899733,-52269.52879375721,-23867.72589902875,28401.80289472846,28401.802894728447,-23145.833963720852,35268.0,nan,nan,1.5000000000000002,10.0,0.0,0.0,10.0,0.85,CORE,MAIN,1.2152930539192857,0.2506562902683971,0.6,0.174,-52269.52879375721,STRUCTURAL,-0.951172365983828,-196245.33668461238,28200.0,0,0,0,0,0,0,0,inf,inf,NA,1,5,5,5,26,6,0,0,CONTINUE,0,A,1,1,0,KEEP_STRUCTURAL_IN_ON_CUT,2,3,0,0,"tail_cont_enabled=1 tail_active_dims=(1,) tail_delta=0.1 tail_start=(6, 6, 6) returned_y=(4, 1, 2) returned_b=(0, 0, 0) returned_u=(0, 0, 0) returned_zcap=(4, 1, 2) max_tail_u=0",NA
120,P1_no_rho,72,948.0449598999694,5.663073299918324,11.723453099955805,0.16851710004266351,0.01,51347.87580807689,51347.87580807689,-67796.678506805,-49924.99535957271,0.0,-23867.72589902875,-74541.0500360606,-74541.03504396776,-52269.52879375721,-23867.72589902875,28401.80289472846,28401.802894728447,-22178.6373342659,36084.0,nan,nan,1.5000000000000002,10.0,0.0,0.0,10.0,0.85,CORE,MAIN,1.215302899105607,0.2584417054247916,0.6,0.174,-52269.52879375721,STRUCTURAL,-0.9674167259672221,-196245.33668461238,28200.0,0,0,0,0,0,0,0,inf,inf,NA,1,5,5,5,26,6,0,0,CONTINUE,0,A,1,1,0,KEEP_STRUCTURAL_IN_ON_CUT,2,3,0,0,"tail_cont_enabled=1 tail_active_dims=(1,) tail_delta=0.1 tail_start=(6, 6, 6) returned_y=(4, 1, 2) returned_b=(0, 0, 0) returned_u=(0, 0, 0) returned_zcap=(4, 1, 2) max_tail_u=0",NA
120,P1_no_rho,73,961.2901725999545,5.663073299918324,13.244493899983354,0.14839190000202507,0.01,45808.63035786894,45808.63035786894,-67796.678506805,-50755.88217710391,0.0,-23867.72589902875,-69553.86676181687,-69553.85277251643,-52269.52879375721,-23867.72589902875,28401.80289472846,28401.802894728447,-20314.872728817056,33996.5,nan,nan,1.5000000000000002,10.0,0.0,0.0,10.0,0.85,CORE,MAIN,1.214354413891941,0.25427901573773404,0.6,0.174,-52269.52879375721,STRUCTURAL,-0.9655695938052323,-196245.33668461238,28200.0,0,0,0,0,0,0,0,inf,inf,NA,1,5,5,5,26,6,0,0,CONTINUE,0,A,1,1,0,KEEP_STRUCTURAL_IN_ON_CUT,2,3,0,0,"tail_cont_enabled=1 tail_active_dims=(1,) tail_delta=0.1 tail_start=(6, 6, 6) returned_y=(4, 1, 2) returned_b=(0, 0, 0) returned_u=(0, 0, 0) returned_zcap=(4, 1, 2) max_tail_u=0",NA
120,P1_no_rho,74,972.8453286999138,5.663073299918324,11.554590999963693,0.1531252000713721,0.01,51938.05312888251,51938.05312888251,-67796.678506805,-49836.46876145187,0.0,-23867.72589902875,-74615.113067967,-74615.09820304644,-52269.52879375721,-23867.72589902875,28401.80289472846,28401.802894728447,-22341.992756527274,36076.0,nan,nan,1.5000000000000002,10.0,0.0,0.0,10.0,0.85,CORE,MAIN,1.213148897772406,0.2541756027794603,0.6,0.174,-52269.52879375721,STRUCTURAL,-0.9659811776346072,-196245.33668461238,28200.0,0,0,0,0,0,0,0,inf,inf,NA,1,5,5,5,26,6,0,0,CONTINUE,0,A,1,1,0,KEEP_STRUCTURAL_IN_ON_CUT,2,3,0,0,"tail_cont_enabled=1 tail_active_dims=(1,) tail_delta=0.1 tail_start=(6, 6, 6) returned_y=(4, 1, 2) returned_b=(0, 0, 0) returned_u=(0, 0, 0) returned_zcap=(4, 1, 2) max_tail_u=0",NA
120,P1_no_rho,75,999.0833615999436,5.663073299918324,26.23730409995187,0.15396120003424585,0.01,58126.72727120868,58126.72727120868,-67796.678506805,-48908.16764010294,0.0,-23867.72589902875,-73629.83687178,-73629.82206596907,-52269.52879375721,-23867.72589902875,28401.80289472846,28401.802894728447,-21895.06465832302,35682.5,nan,nan,1.5000000000000002,10.0,0.0,0.0,10.0,0.85,CORE,MAIN,1.212311467681918,0.2722327149160494,0.6,0.174,-52269.52879375721,STRUCTURAL,-0.9665757240037564,-196245.33668461238,28200.0,0,0,0,0,0,0,0,inf,inf,NA,1,5,5,5,26,6,0,0,CONTINUE,0,A,1,1,0,KEEP_STRUCTURAL_IN_ON_CUT,2,3,0,0,"tail_cont_enabled=1 tail_active_dims=(1,) tail_delta=0.1 tail_start=(6, 6, 6) returned_y=(4, 1, 2) returned_b=(0, 0, 0) returned_u=(0, 0, 0) returned_zcap=(4, 1, 2) max_tail_u=0",NA
120,P1_no_rho,76,1012.2818275999743,5.663073299918324,13.19777890003752,0.15163760003633797,0.01,54213.99704328314,54213.99704328314,-67796.678506805,-49495.07717429177,0.0,-23867.72589902875,-73358.11678933071,-73358.10199350952,-52269.52879375721,-23867.72589902875,28401.80289472846,28401.802894728447,-22019.457128118094,35325.0,nan,nan,1.5000000000000002,10.0,0.0,0.0,10.0,0.85,CORE,MAIN,1.2117287466247908,0.24811399633289744,0.6,0.174,-52269.52879375721,STRUCTURAL,-0.9688821866551812,-196245.33668461238,28200.0,0,0,0,0,0,0,0,inf,inf,NA,1,5,5,5,26,6,0,0,CONTINUE,0,A,1,1,0,KEEP_STRUCTURAL_IN_ON_CUT,2,3,0,0,"tail_cont_enabled=1 tail_active_dims=(1,) tail_delta=0.1 tail_start=(6, 6, 6) returned_y=(4, 1, 2) returned_b=(0, 0, 0) returned_u=(0, 0, 0) returned_zcap=(4, 1, 2) max_tail_u=0",NA
120,P1_no_rho,77,1023.650484999991,5.663073299918324,11.368133599986322,0.15479140006937087,0.01,46140.00927612361,46140.00927612361,-67796.678506805,-50706.175339365705,0.0,-23867.72589902875,-73428.17912492125,-73428.16442102869,-52269.52879375721,-23867.72589902875,28401.80289472846,28401.802894728447,-22145.51611405545,35753.0,nan,nan,1.5000000000000002,10.0,0.0,0.0,10.0,0.85,CORE,MAIN,1.211333435549515,0.2500617599594054,0.6,0.174,-52269.52879375721,STRUCTURAL,-0.9562395380708982,-196245.33668461238,28200.0,0,0,0,0,0,0,0,inf,inf,NA,1,5,5,5,26,6,0,0,CONTINUE,0,A,1,1,0,KEEP_STRUCTURAL_IN_ON_CUT,2,3,0,0,"tail_cont_enabled=1 tail_active_dims=(1,) tail_delta=0.1 tail_start=(6, 6, 6) returned_y=(4, 1, 2) returned_b=(0, 0, 0) returned_u=(0, 0, 0) returned_zcap=(4, 1, 2) max_tail_u=0",NA
120,P1_no_rho,78,1035.185490499949,5.663073299918324,11.534597599995323,0.15089799999259412,0.01,48377.90411205363,48377.90411205363,-67796.678506805,-50370.4911139762,0.0,-23867.72589902875,-73652.73530407566,-73652.7206097558,-52269.52879375721,-23867.72589902875,28401.80289472846,28401.802894728447,-22849.149464169168,35224.5,nan,nan,1.5000000000000002,10.0,0.0,0.0,10.0,0.85,CORE,MAIN,1.2110739197288714,0.2634877354587818,0.6,0.174,-52269.52879375721,STRUCTURAL,-0.9615196079544377,-196245.33668461238,28200.0,0,0,0,0,0,0,0,inf,inf,NA,1,5,5,5,26,6,0,0,CONTINUE,0,A,1,1,0,KEEP_STRUCTURAL_IN_ON_CUT,2,3,0,0,"tail_cont_enabled=1 tail_active_dims=(1,) tail_delta=0.1 tail_start=(6, 6, 6) returned_y=(4, 1, 2) returned_b=(0, 0, 0) returned_u=(0, 0, 0) returned_zcap=(4, 1, 2) max_tail_u=0",NA
120,P1_no_rho,79,1042.546518899966,5.663073299918324,7.36054480005987,0.14994809997733682,0.01,49852.85684361138,49852.85684361138,-67796.678506805,-50149.24820424254,0.0,-23867.72589902875,-74557.34551899265,-74557.33049902691,-52269.52879375721,-23867.72589902875,28401.80289472846,28401.802894728447,-22164.214327545793,36125.5,nan,nan,1.5000000000000002,10.0,0.0,0.0,10.0,0.85,CORE,MAIN,1.2131455523291739,0.2573023519398403,0.6,0.174,-52269.52879375721,STRUCTURAL,-0.9668722679082845,-196245.33668461238,28200.0,0,0,0,0,0,0,0,inf,inf,NA,1,5,5,5,26,6,0,0,CONTINUE,0,A,1,1,0,KEEP_STRUCTURAL_IN_ON_CUT,2,3,0,0,"tail_cont_enabled=1 tail_active_dims=(1,) tail_delta=0.1 tail_start=(6, 6, 6) returned_y=(4, 1, 2) returned_b=(0, 0, 0) returned_u=(0, 0, 0) returned_zcap=(4, 1, 2) max_tail_u=0",NA
120,P1_no_rho,80,1069.9520779999439,5.663073299918324,27.404571400023997,0.15996760001871735,0.01,58211.254737154835,58211.254737154835,-67796.678506805,-48895.488520211016,0.0,-23867.72589902875,-71634.45341542421,-71634.43891820751,-52269.52879375721,-23867.72589902875,28401.80289472846,28401.802894728447,-21115.48051925471,34855.5,nan,nan,1.5000000000000002,10.0,0.0,0.0,10.0,0.85,CORE,MAIN,1.2138532370722057,0.2505129639952344,0.6,0.174,-52269.52879375721,STRUCTURAL,-0.9662551275781978,-196245.33668461238,28200.0,0,0,0,0,0,0,0,inf,inf,NA,1,5,5,5,26,6,0,0,CONTINUE,0,A,1,1,0,KEEP_STRUCTURAL_IN_ON_CUT,2,3,0,0,"tail_cont_enabled=1 tail_active_dims=(1,) tail_delta=0.1 tail_start=(6, 6, 6) returned_y=(4, 1, 2) returned_b=(0, 0, 0) returned_u=(0, 0, 0) returned_zcap=(4, 1, 2) max_tail_u=0",NA
120,P1_no_rho,81,1081.7130653999047,5.663073299918324,11.760501399985515,0.15530260000377893,0.01,50846.22984120975,50846.22984120975,-67796.678506805,-50000.24225460278,0.0,-23867.72589902875,-73032.52414484117,-73032.50954000448,-52269.52879375721,-23867.72589902875,28401.80289472846,28401.802894728447,-21626.875088303514,35381.0,nan,nan,1.5000000000000002,10.0,0.0,0.0,10.0,0.85,CORE,MAIN,1.2143249636272901,0.2552960879036644,0.6,0.174,-52269.52879375721,STRUCTURAL,-0.9686109202057783,-196245.33668461238,28200.0,0,0,0,0,0,0,0,inf,inf,NA,1,5,5,5,26,6,0,0,CONTINUE,0,A,1,1,0,KEEP_STRUCTURAL_IN_ON_CUT,2,3,0,0,"tail_cont_enabled=1 tail_active_dims=(1,) tail_delta=0.1 tail_start=(6, 6, 6) returned_y=(4, 1, 2) returned_b=(0, 0, 0) returned_u=(0, 0, 0) returned_zcap=(4, 1, 2) max_tail_u=0",NA
120,P1_no_rho,82,1093.6830571999308,5.663073299918324,11.969565299921669,0.16107700008433312,0.01,50350.051226425545,50350.051226425545,-67796.678506805,-50074.66904682041,0.0,-23867.72589902875,-73598.84905762717,-73598.83442037516,-52269.52879375721,-23867.72589902875,28401.80289472846,28401.802894728447,-21260.796482718415,36428.0,nan,nan,1.5000000000000002,10.0,0.0,0.0,10.0,0.85,CORE,MAIN,1.2145244332831495,0.2391283220628616,0.6,0.174,-52269.52879375721,STRUCTURAL,-0.9578353269949256,-196245.33668461238,28200.0,0,0,0,0,0,0,0,inf,inf,NA,1,5,5,5,26,6,0,0,CONTINUE,0,A,1,1,0,KEEP_STRUCTURAL_IN_ON_CUT,2,3,0,0,"tail_cont_enabled=1 tail_active_dims=(1,) tail_delta=0.1 tail_start=(6, 6, 6) returned_y=(2, 6, 0) returned_b=(0, 1, 0) returned_u=(0, 0, 0) returned_zcap=(2, 6, 0) max_tail_u=0",NA
120,P1_no_rho,83,1106.816325499909,5.663073299918324,13.13265769998543,0.15518519992474467,0.01,57776.96097618428,57776.96097618428,-67796.678506805,-48960.6325843566,0.0,-23867.72589902875,-74049.93344937409,-74049.91847080251,-52269.52879375721,-23867.72589902875,28401.80289472846,28401.802894728447,-22067.96503236649,36457.0,nan,nan,1.5000000000000002,10.0,0.0,0.0,10.0,0.85,CORE,MAIN,1.2144979140267051,0.24952594704910902,0.6,0.174,-52269.52879375721,STRUCTURAL,-0.9505619119956114,-196245.33668461238,28200.0,0,0,0,0,0,0,0,inf,inf,NA,1,5,5,5,26,6,0,0,CONTINUE,0,A,1,1,0,KEEP_STRUCTURAL_IN_ON_CUT,2,3,0,0,"tail_cont_enabled=1 tail_active_dims=(1,) tail_delta=0.1 tail_start=(6, 6, 6) returned_y=(2, 6, 0) returned_b=(0, 1, 0) returned_u=(0, 0, 0) returned_zcap=(2, 6, 0) max_tail_u=0",NA
120,P1_no_rho,84,1114.5072303999914,5.663073299918324,7.690461900085211,0.15836939995642751,0.01,42288.90424469217,42288.90424469217,-67796.678506805,-51283.84109408042,0.0,-23867.72589902875,-72750.05911387455,-72750.04456085993,-52269.52879375721,-23867.72589902875,28401.80289472846,28401.802894728447,-21400.768463300843,36276.0,nan,nan,1.5000000000000002,10.0,0.0,0.0,10.0,0.85,CORE,MAIN,1.2146687108642322,0.24583595462756502,0.6,0.174,-52269.52879375721,STRUCTURAL,-0.9436776582783672,-196245.33668461238,28200.0,0,0,0,0,0,0,0,inf,inf,NA,1,5,5,5,26,6,0,0,CONTINUE,0,A,1,1,0,KEEP_STRUCTURAL_IN_ON_CUT,2,3,0,0,"tail_cont_enabled=1 tail_active_dims=(1,) tail_delta=0.1 tail_start=(6, 6, 6) returned_y=(2, 6, 0) returned_b=(0, 1, 0) returned_u=(0, 0, 0) returned_zcap=(2, 6, 0) max_tail_u=0",NA
120,P1_no_rho,85,1140.958182399976,5.663073299918324,26.450384799973108,0.1643954999744892,0.01,50530.98671475507,50530.98671475507,-67796.678506805,-50047.528723570984,0.0,-23867.72589902875,-73878.46393351619,-73878.44915937609,-52269.52879375721,-23867.72589902875,28401.80289472846,28401.802894728447,-22651.0240853594,36170.5,nan,nan,1.5000000000000002,10.0,0.0,0.0,10.0,0.85,CORE,MAIN,1.214704703888977,0.23924209233988825,0.6,0.174,-52269.52879375721,STRUCTURAL,-0.9441842583323737,-196245.33668461238,28200.0,0,0,0,0,0,0,0,inf,inf,NA,1,5,5,5,26,6,0,0,CONTINUE,0,A,1,1,0,KEEP_STRUCTURAL_IN_ON_CUT,2,3,0,0,"tail_cont_enabled=1 tail_active_dims=(1,) tail_delta=0.1 tail_start=(6, 6, 6) returned_y=(2, 6, 0) returned_b=(0, 1, 0) returned_u=(0, 0, 0) returned_zcap=(2, 6, 0) max_tail_u=0",NA
120,P1_no_rho,86,1153.6630444999319,5.663073299918324,12.704110799939372,0.15328049997333437,0.01,51780.036940304664,51780.036940304664,-67796.678506805,-49860.17118973855,0.0,-23867.72589902875,-74353.31436142378,-74353.29928555027,-52269.52879375721,-23867.72589902875,28401.80289472846,28401.802894728447,-21789.57058555905,35891.5,nan,nan,1.5000000000000002,10.0,0.0,0.0,10.0,0.85,CORE,MAIN,1.2152140363132193,0.2573757673273026,0.6,0.174,-52269.52879375721,STRUCTURAL,-0.9763449786159436,-196245.33668461238,28200.0,0,0,0,0,0,0,0,inf,inf,NA,1,5,5,5,26,6,0,0,CONTINUE,0,A,1,1,0,KEEP_STRUCTURAL_IN_ON_CUT,2,3,0,0,"tail_cont_enabled=1 tail_active_dims=(1,) tail_delta=0.1 tail_start=(6, 6, 6) returned_y=(4, 1, 2) returned_b=(0, 0, 0) returned_u=(0, 0, 0) returned_zcap=(4, 1, 2) max_tail_u=0",NA
120,P1_no_rho,87,1160.9641335000051,5.663073299918324,7.300570700084791,0.15004100010264665,0.01,55288.41179243017,55288.41179243017,-67796.678506805,-49333.91496191972,0.0,-23867.72589902875,-90884.57857170257,-90884.56301392961,-52269.52879375721,-23867.72589902875,28401.80289472846,28401.802894728447,-27127.194185101616,47176.0,nan,nan,1.5000000000000002,10.0,0.0,0.0,10.0,0.85,CORE,MAIN,1.2121768473091923,0.23161256918791906,0.6,0.174,-52269.52879375721,STRUCTURAL,-0.9009859367591995,-196245.33668461238,28200.0,0,0,0,0,0,0,0,inf,inf,NA,1,5,5,5,26,6,0,0,CONTINUE,0,A,1,1,0,KEEP_STRUCTURAL_IN_ON_CUT,2,3,0,0,"tail_cont_enabled=1 tail_active_dims=(1,) tail_delta=0.1 tail_start=(6, 6, 6) returned_y=(6, 0, 0) returned_b=(1, 0, 0) returned_u=(0, 0, 0) returned_zcap=(6, 0, 0) max_tail_u=0",NA
120,P1_no_rho,88,1172.579271399998,5.663073299918324,11.614534500055015,0.1487294000107795,0.01,50883.335749821264,50883.335749821264,-67796.678506805,-49994.676368311055,0.0,-23867.72589902875,-71591.92558043751,-71591.91109613152,-52269.52879375721,-23867.72589902875,28401.80289472846,28401.802894728447,-21033.550281510164,34742.5,nan,nan,1.5000000000000002,10.0,0.0,0.0,10.0,0.85,CORE,MAIN,1.2110020221153546,0.24797618919464226,0.6,0.174,-52269.52879375721,STRUCTURAL,-0.9701539577294157,-196245.33668461238,28200.0,0,0,0,0,0,0,0,inf,inf,NA,1,5,5,5,26,6,0,0,CONTINUE,0,A,1,1,0,KEEP_STRUCTURAL_IN_ON_CUT,2,3,0,0,"tail_cont_enabled=1 tail_active_dims=(1,) tail_delta=0.1 tail_start=(6, 6, 6) returned_y=(4, 1, 2) returned_b=(0, 0, 0) returned_u=(0, 0, 0) returned_zcap=(4, 1, 2) max_tail_u=0",NA
120,P1_no_rho,89,1184.272145099938,5.663073299918324,11.692348400014453,0.15257249993737787,0.01,53198.84103713812,53198.84103713812,-67796.678506805,-49647.350575213524,0.0,-23867.72589902875,-69330.24254399196,-69330.22859405077,-52269.52879375721,-23867.72589902875,28401.80289472846,28401.802894728447,-20361.288027033333,33902.5,nan,nan,1.5000000000000002,10.0,0.0,0.0,10.0,0.85,CORE,MAIN,1.2100085971773464,0.24268732779002233,0.6,0.174,-52269.52879375721,STRUCTURAL,-0.9629366677387101,-196245.33668461238,28200.0,0,0,0,0,0,0,0,inf,inf,NA,1,5,5,5,26,6,0,0,CONTINUE,0,A,1,1,0,KEEP_STRUCTURAL_IN_ON_CUT,2,3,0,0,"tail_cont_enabled=1 tail_active_dims=(1,) tail_delta=0.1 tail_start=(6, 6, 6) returned_y=(4, 1, 2) returned_b=(0, 0, 0) returned_u=(0, 0, 0) returned_zcap=(4, 1, 2) max_tail_u=0",NA
120,P1_no_rho,90,1212.2309618999716,5.663073299918324,27.95832530001644,0.15436819999013096,0.01,50915.484880281845,50915.484880281845,-67796.678506805,-49989.853998741964,0.0,-23867.72589902875,-71049.43297369618,-71049.41862436532,-52269.52879375721,-23867.72589902875,28401.80289472846,28401.802894728447,-21238.7694872709,34723.0,nan,nan,1.5000000000000002,10.0,0.0,0.0,10.0,0.85,CORE,MAIN,1.209841078063023,0.266879900716371,0.6,0.174,-52269.52879375721,STRUCTURAL,-0.9563430413480863,-196245.33668461238,28200.0,0,0,0,0,0,0,0,inf,inf,NA,1,5,5,5,26,6,0,0,CONTINUE,0,A,1,1,0,KEEP_STRUCTURAL_IN_ON_CUT,2,3,0,0,"tail_cont_enabled=1 tail_active_dims=(1,) tail_delta=0.1 tail_start=(6, 6, 6) returned_y=(4, 1, 2) returned_b=(0, 0, 0) returned_u=(0, 0, 0) returned_zcap=(4, 1, 2) max_tail_u=0",NA
120,P1_no_rho,91,1224.16249649995,5.663073299918324,11.931122999987565,0.1537795999320224,0.01,41237.19262307702,41237.19262307702,-67796.678506805,-51441.59783732269,0.0,-23867.72589902875,-69952.49400246031,-69952.47993610881,-52269.52879375721,-23867.72589902875,28401.80289472846,28401.802894728447,-21285.826979051955,33985.0,nan,nan,1.5000000000000002,10.0,0.0,0.0,10.0,0.85,CORE,MAIN,1.2104121043041707,0.2552545100689624,0.6,0.174,-52269.52879375721,STRUCTURAL,-0.9546692748184366,-196245.33668461238,28200.0,0,0,0,0,0,0,0,inf,inf,NA,1,5,5,5,26,6,0,0,CONTINUE,0,A,1,1,0,KEEP_STRUCTURAL_IN_ON_CUT,2,3,0,0,"tail_cont_enabled=1 tail_active_dims=(1,) tail_delta=0.1 tail_start=(6, 6, 6) returned_y=(4, 1, 2) returned_b=(0, 0, 0) returned_u=(0, 0, 0) returned_zcap=(4, 1, 2) max_tail_u=0",NA
120,P1_no_rho,92,1235.880733900005,5.663073299918324,11.717717900057323,0.15721119998488575,0.01,44573.712250628894,44573.712250628894,-67796.678506805,-50941.11989318991,0.0,-23867.72589902875,-73778.36367018304,-73778.34885550546,-52269.52879375721,-23867.72589902875,28401.80289472846,28401.802894728447,-22828.31652110774,35354.0,nan,nan,1.5000000000000002,10.0,0.0,0.0,10.0,0.85,CORE,MAIN,1.2104543976014215,0.24885041652683382,0.6,0.174,-52269.52879375721,STRUCTURAL,-0.9607594111820957,-196245.33668461238,28200.0,0,0,0,0,0,0,0,inf,inf,NA,1,5,5,5,26,6,0,0,CONTINUE,0,A,1,1,0,KEEP_STRUCTURAL_IN_ON_CUT,2,3,0,0,"tail_cont_enabled=1 tail_active_dims=(1,) tail_delta=0.1 tail_start=(6, 6, 6) returned_y=(4, 1, 2) returned_b=(0, 0, 0) returned_u=(0, 0, 0) returned_zcap=(4, 1, 2) max_tail_u=0",NA
120,P1_no_rho,93,1247.2522013999987,5.663073299918324,11.37079200008884,0.15911390003748238,0.01,58574.33716483497,58574.33716483497,-67796.678506805,-48841.026156059,0.0,-23867.72589902875,-86133.74482309064,-86133.72803101342,-52269.52879375721,-23867.72589902875,28401.80289472846,28401.802894728447,-28611.388366394545,41937.0,nan,nan,1.5000000000000002,10.0,0.0,0.0,10.0,0.85,CORE,MAIN,1.2086116868789858,0.22845070336655204,0.6,0.174,-52269.52879375721,STRUCTURAL,-0.9144246475207872,-196245.33668461238,28200.0,0,0,0,0,0,0,0,inf,inf,NA,1,5,5,5,26,6,0,0,CONTINUE,0,A,1,1,0,KEEP_STRUCTURAL_IN_ON_CUT,2,3,0,0,"tail_cont_enabled=1 tail_active_dims=(1,) tail_delta=0.1 tail_start=(6, 6, 6) returned_y=(6, 0, 0) returned_b=(1, 0, 0) returned_u=(0, 0, 0) returned_zcap=(6, 0, 0) max_tail_u=0",NA
120,P1_no_rho,94,1254.9568383999867,5.663073299918324,7.704018100048415,0.1554436000296846,0.01,40000.640245911985,40000.640245911985,-67796.678506805,-51627.08069389745,0.0,-23867.72589902875,-65816.01296471279,-65815.99954435957,-52269.52879375721,-23867.72589902875,28401.80289472846,28401.802894728447,-18222.64323146803,33086.0,nan,nan,1.5000000000000002,10.0,0.0,0.0,10.0,0.85,CORE,MAIN,1.2070978569243107,0.250890258256652,0.6,0.174,-52269.52879375721,STRUCTURAL,-0.9589827784741086,-196245.33668461238,28200.0,0,0,0,0,0,0,0,inf,inf,NA,1,5,5,5,26,6,0,0,CONTINUE,0,A,1,1,0,KEEP_STRUCTURAL_IN_ON_CUT,2,3,0,0,"tail_cont_enabled=1 tail_active_dims=(1,) tail_delta=0.1 tail_start=(6, 6, 6) returned_y=(4, 1, 2) returned_b=(0, 0, 0) returned_u=(0, 0, 0) returned_zcap=(4, 1, 2) max_tail_u=0",NA
120,P1_no_rho,95,1281.2590278999414,5.663073299918324,26.301601100014523,0.15498419990763068,0.01,53902.35966948856,53902.35966948856,-67796.678506805,-49541.82278036096,0.0,-23867.72589902875,-78259.00433552417,-78258.98878011375,-52269.52879375721,-23867.72589902875,28401.80289472846,28401.802894728447,-24008.101078029755,37357.5,nan,nan,1.5000000000000002,10.0,0.0,0.0,10.0,0.85,CORE,MAIN,1.2044897216188417,0.25563613527128426,0.6,0.174,-52269.52879375721,STRUCTURAL,-0.9681391546023149,-196245.33668461238,28200.0,0,0,0,0,0,0,0,inf,inf,NA,1,5,5,5,26,6,0,0,CONTINUE,0,A,1,1,0,KEEP_STRUCTURAL_IN_ON_CUT,2,3,0,0,"tail_cont_enabled=1 tail_active_dims=(1,) tail_delta=0.1 tail_start=(6, 6, 6) returned_y=(4, 1, 2) returned_b=(0, 0, 0) returned_u=(0, 0, 0) returned_zcap=(4, 1, 2) max_tail_u=0",NA
120,P1_no_rho,96,1294.1627182000084,5.663073299918324,12.903111700084992,0.18334590003360063,0.01,57630.348206639675,57630.348206639675,-67796.678506805,-48982.62449978829,0.0,-23867.72589902875,-74174.4343707262,-74174.41948462451,-52269.52879375721,-23867.72589902875,28401.80289472846,28401.802894728447,-22418.530150801595,36001.5,nan,nan,1.5000000000000002,10.0,0.0,0.0,10.0,0.85,CORE,MAIN,1.2027427193139193,0.26834364530071897,0.6,0.174,-52269.52879375721,STRUCTURAL,-0.9584024616348928,-196245.33668461238,28200.0,0,0,0,0,0,0,0,inf,inf,NA,1,5,5,5,26,6,0,0,CONTINUE,0,A,1,1,0,KEEP_STRUCTURAL_IN_ON_CUT,2,3,0,0,"tail_cont_enabled=1 tail_active_dims=(1,) tail_delta=0.1 tail_start=(6, 6, 6) returned_y=(1, 4, 3) returned_b=(0, 0, 0) returned_u=(0, 0, 0) returned_zcap=(1, 4, 3) max_tail_u=0",NA
120,P1_no_rho,97,1305.668993899948,5.663073299918324,11.505698199965991,0.1464370999019593,0.01,60398.169244285666,60398.169244285666,-67796.678506805,-48567.451344141395,0.0,-23867.72589902875,-77141.53605708895,-77141.52078102533,-52269.52879375721,-23867.72589902875,28401.80289472846,28401.802894728447,-24957.813049132066,36989.0,nan,nan,1.5000000000000002,10.0,0.0,0.0,10.0,0.85,CORE,MAIN,1.200738181156439,0.25684674309663347,0.6,0.174,-52269.52879375721,STRUCTURAL,-0.9405266021771025,-196245.33668461238,28200.0,0,0,0,0,0,0,0,inf,inf,NA,1,5,5,5,26,6,0,0,CONTINUE,0,A,1,1,0,KEEP_STRUCTURAL_IN_ON_CUT,2,3,0,0,"tail_cont_enabled=1 tail_active_dims=(1,) tail_delta=0.1 tail_start=(6, 6, 6) returned_y=(1, 4, 3) returned_b=(0, 0, 0) returned_u=(0, 0, 0) returned_zcap=(1, 4, 3) max_tail_u=0",NA
120,P1_no_rho,98,1314.9580636000028,5.663073299918324,9.288223600015044,0.1484049999853596,0.01,55021.44155095003,55021.44155095003,-67796.678506805,-49373.960498141736,0.0,-23867.72589902875,-73583.1167736479,-73583.10211932336,-52269.52879375721,-23867.72589902875,28401.80289472846,28401.802894728447,-22183.61154514114,36191.5,nan,nan,1.5000000000000002,10.0,0.0,0.0,10.0,0.85,CORE,MAIN,1.1998563842838479,0.24308285718659228,0.6,0.174,-52269.52879375721,STRUCTURAL,-0.9468059364617329,-196245.33668461238,28200.0,0,0,0,0,0,0,0,inf,inf,NA,1,5,5,5,26,6,0,0,CONTINUE,0,A,1,1,0,KEEP_STRUCTURAL_IN_ON_CUT,2,3,0,0,"tail_cont_enabled=1 tail_active_dims=(1,) tail_delta=0.1 tail_start=(6, 6, 6) returned_y=(2, 6, 0) returned_b=(0, 1, 0) returned_u=(0, 0, 0) returned_zcap=(2, 6, 0) max_tail_u=0",NA
120,P1_no_rho,99,1326.388228399912,5.663073299918324,11.429690299904905,0.1523338999832049,0.01,56994.32553639986,56994.32553639986,-67796.678506805,-49078.02790032426,0.0,-23867.72589902875,-75755.04866556084,-75755.03352632903,-52269.52879375721,-23867.72589902875,28401.80289472846,28401.802894728447,-23809.613903498797,37102.5,nan,nan,1.5000000000000002,10.0,0.0,0.0,10.0,0.85,CORE,MAIN,1.199681682111993,0.2558123502052403,0.6,0.174,-52269.52879375721,STRUCTURAL,-0.933367825579233,-196245.33668461238,28200.0,0,0,0,0,0,0,0,inf,inf,NA,1,5,5,5,26,6,0,0,CONTINUE,0,A,1,1,0,KEEP_STRUCTURAL_IN_ON_CUT,2,3,0,0,"tail_cont_enabled=1 tail_active_dims=(1,) tail_delta=0.1 tail_start=(6, 6, 6) returned_y=(2, 6, 0) returned_b=(0, 1, 0) returned_u=(0, 0, 0) returned_zcap=(2, 6, 0) max_tail_u=0",NA
120,P1_no_rho,100,1353.7814605999738,5.663073299918324,27.392659100005403,0.14625670004170388,0.01,30613.036505452128,30613.036505452128,-67796.678506805,-53035.221254966425,0.0,-23867.72589902875,-64805.423468736575,-64805.41021372622,-52269.52879375721,-23867.72589902875,28401.80289472846,28401.802894728447,-18611.359381687627,33968.0,nan,nan,1.5000000000000002,10.0,0.0,0.0,10.0,0.85,CORE,MAIN,1.20067760075223,0.25780062632852163,0.6,0.174,-52269.52879375721,STRUCTURAL,-0.9066189910511574,-196245.33668461238,28200.0,0,0,0,0,0,0,0,inf,inf,NA,1,5,5,5,26,6,0,0,CONTINUE,0,A,1,1,0,KEEP_STRUCTURAL_IN_ON_CUT,2,3,0,0,"tail_cont_enabled=1 tail_active_dims=(1,) tail_delta=0.1 tail_start=(6, 6, 6) returned_y=(0, 2, 6) returned_b=(0, 0, 1) returned_u=(0, 0, 0) returned_zcap=(0, 2, 6) max_tail_u=0",NA
120,P1_no_rho,101,1362.9566545999842,5.663073299918324,9.174503099988215,0.15507530001923442,0.01,75744.61752461302,75744.61752461302,-67796.678506805,-46265.48410209229,0.0,-23867.72589902875,-81242.25118387134,-81242.23632429953,-52269.52879375721,-23867.72589902875,28401.80289472846,28401.802894728447,-22811.43078692611,42122.0,nan,nan,1.5000000000000002,10.0,0.0,0.0,10.0,0.85,CORE,MAIN,1.1993272021803867,0.2445381677167402,0.6,0.174,-52269.52879375721,STRUCTURAL,-0.924786818248159,-196245.33668461238,28200.0,0,0,0,0,0,0,0,inf,inf,NA,1,5,5,5,26,6,0,0,CONTINUE,0,A,1,1,0,KEEP_STRUCTURAL_IN_ON_CUT,2,3,0,0,"tail_cont_enabled=1 tail_active_dims=(1,) tail_delta=0.1 tail_start=(6, 6, 6) returned_y=(6, 0, 0) returned_b=(1, 0, 0) returned_u=(0, 0, 0) returned_zcap=(6, 0, 0) max_tail_u=0",NA
120,P1_no_rho,102,1374.442563099903,5.663073299918324,11.485394699964672,0.18060229998081923,0.01,47583.81380435211,47583.81380435211,-67796.678506805,-50489.60466013143,0.0,-23867.72589902875,-77837.36692779927,-77837.35161883112,-52269.52879375721,-23867.72589902875,28401.80289472846,28401.802894728447,-24811.826192143555,37651.0,nan,nan,1.5000000000000002,10.0,0.0,0.0,10.0,0.85,CORE,MAIN,1.1977878780171098,0.22863385102535627,0.6,0.174,-52269.52879375721,STRUCTURAL,-0.9388953888199082,-196245.33668461238,28200.0,0,0,0,0,0,0,0,inf,inf,NA,1,5,5,5,26,6,0,0,CONTINUE,0,A,1,1,0,KEEP_STRUCTURAL_IN_ON_CUT,2,3,0,0,"tail_cont_enabled=1 tail_active_dims=(1,) tail_delta=0.1 tail_start=(6, 6, 6) returned_y=(4, 1, 2) returned_b=(0, 0, 0) returned_u=(0, 0, 0) returned_zcap=(4, 1, 2) max_tail_u=0",NA
120,P1_no_rho,103,1382.0764009999111,5.663073299918324,7.633288799901493,0.1482775000622496,0.01,61888.02523692895,61888.02523692895,-67796.678506805,-48343.9729452449,0.0,-23867.72589902875,-77034.97262198609,-77034.95755523375,-52269.52879375721,-23867.72589902875,28401.80289472846,28401.802894728447,-24729.12124361743,36714.5,nan,nan,1.5000000000000002,10.0,0.0,0.0,10.0,0.85,CORE,MAIN,1.1966424231113377,0.2556175099152125,0.6,0.174,-52269.52879375721,STRUCTURAL,-0.949776179467991,-196245.33668461238,28200.0,0,0,0,0,0,0,0,inf,inf,NA,1,5,5,5,26,6,0,0,CONTINUE,0,A,1,1,0,KEEP_STRUCTURAL_IN_ON_CUT,2,3,0,0,"tail_cont_enabled=1 tail_active_dims=(1,) tail_delta=0.1 tail_start=(6, 6, 6) returned_y=(4, 1, 2) returned_b=(0, 0, 0) returned_u=(0, 0, 0) returned_zcap=(4, 1, 2) max_tail_u=0",NA
120,P1_no_rho,104,1393.8199720999692,5.663073299918324,11.743015400017612,0.1555798000190407,0.01,44506.363649489846,44506.363649489846,-67796.678506805,-50951.22218336077,0.0,-23867.72589902875,-71426.78163044532,-71426.76728813162,-52269.52879375721,-23867.72589902875,28401.80289472846,28401.802894728447,-22030.34975620596,34632.5,nan,nan,1.5000000000000002,10.0,0.0,0.0,10.0,0.85,CORE,MAIN,1.1969143884771845,0.24800774886718813,0.6,0.174,-52269.52879375721,STRUCTURAL,-0.9508682601973224,-196245.33668461238,28200.0,0,0,0,0,0,0,0,inf,inf,NA,1,5,5,5,26,6,0,0,CONTINUE,0,A,1,1,0,KEEP_STRUCTURAL_IN_ON_CUT,2,3,0,0,"tail_cont_enabled=1 tail_active_dims=(1,) tail_delta=0.1 tail_start=(6, 6, 6) returned_y=(4, 1, 2) returned_b=(0, 0, 0) returned_u=(0, 0, 0) returned_zcap=(4, 1, 2) max_tail_u=0",NA
120,P1_no_rho,105,1421.324252099963,5.663073299918324,27.503747000009753,0.1520515000447631,0.01,44752.7177426734,44752.7177426734,-67796.678506805,-50914.269069383234,0.0,-23867.72589902875,-67380.71368457352,-67380.69998991939,-52269.52879375721,-23867.72589902875,28401.80289472846,28401.802894728447,-19626.319439347084,33706.5,nan,nan,1.5000000000000002,10.0,0.0,0.0,10.0,0.85,CORE,MAIN,1.1988358835158037,0.26891147392245096,0.6,0.174,-52269.52879375721,STRUCTURAL,-0.944513779252712,-196245.33668461238,28200.0,0,0,0,0,0,0,0,inf,inf,NA,1,5,5,5,26,6,0,0,CONTINUE,0,A,1,1,0,KEEP_STRUCTURAL_IN_ON_CUT,2,3,0,0,"tail_cont_enabled=1 tail_active_dims=(1,) tail_delta=0.1 tail_start=(6, 6, 6) returned_y=(1, 4, 3) returned_b=(0, 0, 0) returned_u=(0, 0, 0) returned_zcap=(1, 4, 3) max_tail_u=0",NA
120,P1_no_rho,106,1432.8086800000165,5.663073299918324,11.48390309989918,0.1593631999567151,0.01,38202.97643541018,38202.97643541018,-67796.678506805,-51896.73026547272,0.0,-23867.72589902875,-76215.81148088674,-76215.79635516019,-52269.52879375721,-23867.72589902875,28401.80289472846,28401.802894728447,-23967.852894955486,35904.0,nan,nan,1.5000000000000002,10.0,0.0,0.0,10.0,0.85,CORE,MAIN,1.200612103158042,0.2466706466934241,0.6,0.174,-52269.52879375721,STRUCTURAL,-0.970141552662743,-196245.33668461238,28200.0,0,0,0,0,0,0,0,inf,inf,NA,1,5,5,5,26,6,0,0,CONTINUE,0,A,1,1,0,KEEP_STRUCTURAL_IN_ON_CUT,2,3,0,0,"tail_cont_enabled=1 tail_active_dims=(1,) tail_delta=0.1 tail_start=(6, 6, 6) returned_y=(4, 1, 2) returned_b=(0, 0, 0) returned_u=(0, 0, 0) returned_zcap=(4, 1, 2) max_tail_u=0",NA
120,P1_no_rho,107,1444.9852982999291,5.663073299918324,12.176097800023854,0.1559987000655383,0.01,76655.6263281308,76655.6263281308,-67796.678506805,-46128.83278156462,0.0,-23867.72589902875,-68797.04987137442,-68797.0359072376,-52269.52879375721,-23867.72589902875,28401.80289472846,28401.802894728447,-19854.282977097042,34292.5,nan,nan,1.5000000000000002,10.0,0.0,0.0,10.0,0.85,CORE,MAIN,1.2033588559019284,0.26504687931411364,0.6,0.174,-52269.52879375721,STRUCTURAL,-0.9514763272851798,-196245.33668461238,28200.0,0,0,0,0,0,0,0,inf,inf,NA,1,5,5,5,26,6,0,0,CONTINUE,0,A,1,1,0,KEEP_STRUCTURAL_IN_ON_CUT,2,3,0,0,"tail_cont_enabled=1 tail_active_dims=(1,) tail_delta=0.1 tail_start=(6, 6, 6) returned_y=(2, 6, 0) returned_b=(0, 1, 0) returned_u=(0, 0, 0) returned_zcap=(2, 6, 0) max_tail_u=0",NA
120,P1_no_rho,108,1452.6940653999336,5.663073299918324,7.708286299952306,0.147034699912183,0.01,47443.048583552554,47443.048583552554,-67796.678506805,-50510.719443251364,0.0,-23867.72589902875,-76374.00591390669,-76373.99083776696,-52269.52879375721,-23867.72589902875,28401.80289472846,28401.802894728447,-23413.350150951206,37131.0,nan,nan,1.5000000000000002,10.0,0.0,0.0,10.0,0.85,CORE,MAIN,1.2043746262787405,0.2517313425517458,0.6,0.174,-52269.52879375721,STRUCTURAL,-0.9508791519541757,-196245.33668461238,28200.0,0,0,0,0,0,0,0,inf,inf,NA,1,5,5,5,26,6,0,0,CONTINUE,0,A,1,1,0,KEEP_STRUCTURAL_IN_ON_CUT,2,3,0,0,"tail_cont_enabled=1 tail_active_dims=(1,) tail_delta=0.1 tail_start=(6, 6, 6) returned_y=(2, 6, 0) returned_b=(0, 1, 0) returned_u=(0, 0, 0) returned_zcap=(2, 6, 0) max_tail_u=0",NA
120,P1_no_rho,109,1461.9411508999765,5.663073299918324,9.24651059997268,0.14824310003314167,0.01,39998.8499220512,39998.8499220512,-67796.678506805,-51627.349242476565,0.0,-23867.72589902875,-79093.6082021302,-79093.5926808057,-52269.52879375721,-23867.72589902875,28401.80289472846,28401.802894728447,-24865.83362637143,37512.5,nan,nan,1.5000000000000002,10.0,0.0,0.0,10.0,0.85,CORE,MAIN,1.203997029492754,0.2376308463645166,0.6,0.174,-52269.52879375721,STRUCTURAL,-0.9637278072541909,-196245.33668461238,28200.0,0,0,0,0,0,0,0,inf,inf,NA,1,5,5,5,26,6,0,0,CONTINUE,0,A,1,1,0,KEEP_STRUCTURAL_IN_ON_CUT,2,3,0,0,"tail_cont_enabled=1 tail_active_dims=(1,) tail_delta=0.1 tail_start=(6, 6, 6) returned_y=(1, 4, 3) returned_b=(0, 0, 0) returned_u=(0, 0, 0) returned_zcap=(1, 4, 3) max_tail_u=0",NA
120,P1_no_rho,110,1488.0383520999458,5.663073299918324,26.09674389997963,0.14899540005717427,0.01,40567.67446995437,40567.67446995437,-67796.678506805,-51542.02556029109,0.0,-23867.72589902875,-84629.0404294643,-84629.02490019273,-52269.52879375721,-23867.72589902875,28401.80289472846,28401.802894728447,-25413.170404847366,42263.0,nan,nan,1.5000000000000002,10.0,0.0,0.0,10.0,0.85,CORE,MAIN,1.2015684967053633,0.24223044878067157,0.6,0.174,-52269.52879375721,STRUCTURAL,-0.9340850467366311,-196245.33668461238,28200.0,0,0,0,0,0,0,0,inf,inf,NA,1,5,5,5,26,6,0,0,CONTINUE,0,A,1,1,0,KEEP_STRUCTURAL_IN_ON_CUT,2,3,0,0,"tail_cont_enabled=1 tail_active_dims=(1,) tail_delta=0.1 tail_start=(6, 6, 6) returned_y=(6, 0, 0) returned_b=(1, 0, 0) returned_u=(0, 0, 0) returned_zcap=(6, 0, 0) max_tail_u=0",NA
120,P1_no_rho,111,1499.6283705999376,5.663073299918324,11.589500000001863,0.14652250008657575,0.01,54521.41697296336,54521.41697296336,-67796.678506805,-49448.964184839744,0.0,-23867.72589902875,-76337.3556144794,-76337.34047947465,-52269.52879375721,-23867.72589902875,28401.80289472846,28401.802894728447,-24048.069004335863,36718.5,nan,nan,1.5000000000000002,10.0,0.0,0.0,10.0,0.85,CORE,MAIN,1.201097107538451,0.2607923032249748,0.6,0.174,-52269.52879375721,STRUCTURAL,-0.9493719600952976,-196245.33668461238,28200.0,0,0,0,0,0,0,0,inf,inf,NA,1,5,5,5,26,6,0,0,CONTINUE,0,A,1,1,0,KEEP_STRUCTURAL_IN_ON_CUT,2,3,0,0,"tail_cont_enabled=1 tail_active_dims=(1,) tail_delta=0.1 tail_start=(6, 6, 6) returned_y=(1, 4, 3) returned_b=(0, 0, 0) returned_u=(0, 0, 0) returned_zcap=(1, 4, 3) max_tail_u=0",NA
120,P1_no_rho,112,1508.8624169999966,5.663073299918324,9.23325940000359,0.15795340004842728,0.01,68140.82050343892,68140.82050343892,-67796.678506805,-47406.053655268406,0.0,-23867.72589902875,-69006.16387799593,-69006.14987578816,-52269.52879375721,-23867.72589902875,28401.80289472846,28401.802894728447,-19938.60550448517,34673.0,nan,nan,1.5000000000000002,10.0,0.0,0.0,10.0,0.85,CORE,MAIN,1.2027774244337541,0.25949629873578495,0.6,0.174,-52269.52879375721,STRUCTURAL,-0.9434342643421492,-196245.33668461238,28200.0,0,0,0,0,0,0,0,inf,inf,NA,1,5,5,5,26,6,0,0,CONTINUE,0,A,1,1,0,KEEP_STRUCTURAL_IN_ON_CUT,2,3,0,0,"tail_cont_enabled=1 tail_active_dims=(1,) tail_delta=0.1 tail_start=(6, 6, 6) returned_y=(1, 4, 3) returned_b=(0, 0, 0) returned_u=(0, 0, 0) returned_zcap=(1, 4, 3) max_tail_u=0",NA
120,P1_no_rho,113,1521.895325499936,5.663073299918324,13.032385100028478,0.15682259993627667,0.01,60349.81978384466,60349.81978384466,-67796.678506805,-48574.703763207544,0.0,-23867.72589902875,-79544.58935862327,-79544.57371856402,-52269.52879375721,-23867.72589902875,28401.80289472846,28401.802894728447,-25131.39534055861,37238.0,nan,nan,1.5000000000000002,10.0,0.0,0.0,10.0,0.85,CORE,MAIN,1.2024727855521893,0.24350752314800161,0.6,0.174,-52269.52879375721,STRUCTURAL,-0.9741514649552497,-196245.33668461238,28200.0,0,0,0,0,0,0,0,inf,inf,NA,1,5,5,5,26,6,0,0,CONTINUE,0,A,1,1,0,KEEP_STRUCTURAL_IN_ON_CUT,2,3,0,0,"tail_cont_enabled=1 tail_active_dims=(1,) tail_delta=0.1 tail_start=(6, 6, 6) returned_y=(4, 1, 2) returned_b=(0, 0, 0) returned_u=(0, 0, 0) returned_zcap=(4, 1, 2) max_tail_u=0",NA
120,P1_no_rho,114,1533.7130095999455,5.663073299918324,11.817079899949022,0.16295939998235554,0.01,78063.93805105807,78063.93805105807,-67796.678506805,-45917.586023125536,0.0,-23867.72589902875,-70376.19675187416,-70376.18240184715,-52269.52879375721,-23867.72589902875,28401.80289472846,28401.802894728447,-20858.984570717254,34003.0,nan,nan,1.5000000000000002,10.0,0.0,0.0,10.0,0.85,CORE,MAIN,1.2037490164580613,0.2691085236372396,0.6,0.174,-52269.52879375721,STRUCTURAL,-0.9708397853352132,-196245.33668461238,28200.0,0,0,0,0,0,0,0,inf,inf,NA,1,5,5,5,26,6,0,0,CONTINUE,0,A,1,1,0,KEEP_STRUCTURAL_IN_ON_CUT,2,3,0,0,"tail_cont_enabled=1 tail_active_dims=(1,) tail_delta=0.1 tail_start=(6, 6, 6) returned_y=(4, 1, 2) returned_b=(0, 0, 0) returned_u=(0, 0, 0) returned_zcap=(4, 1, 2) max_tail_u=0",NA
120,P1_no_rho,115,1559.8873673999915,5.663073299918324,26.173640500055626,0.14680170000065118,0.01,47636.301529275304,47636.301529275304,-67796.678506805,-50481.73150139295,0.0,-23867.72589902875,-72355.17105075355,-72355.15657855634,-52269.52879375721,-23867.72589902875,28401.80289472846,28401.802894728447,-21874.974018143694,34937.5,nan,nan,1.5000000000000002,10.0,0.0,0.0,10.0,0.85,CORE,MAIN,1.2052129138685463,0.2494682469448748,0.6,0.174,-52269.52879375721,STRUCTURAL,-0.9632473714568898,-196245.33668461238,28200.0,0,0,0,0,0,0,0,inf,inf,NA,1,5,5,5,26,6,0,0,CONTINUE,0,A,1,1,0,KEEP_STRUCTURAL_IN_ON_CUT,2,3,0,0,"tail_cont_enabled=1 tail_active_dims=(1,) tail_delta=0.1 tail_start=(6, 6, 6) returned_y=(4, 1, 2) returned_b=(0, 0, 0) returned_u=(0, 0, 0) returned_zcap=(4, 1, 2) max_tail_u=0",NA
120,P1_no_rho,116,1573.1431370999198,5.663073299918324,13.255119699984789,0.16596910008229315,0.01,42182.6131527356,42182.6131527356,-67796.678506805,-51299.7847578739,0.0,-23867.72589902875,-75491.50288162363,-75491.48782102452,-52269.52879375721,-23867.72589902875,28401.80289472846,28401.802894728447,-23647.17789028448,36508.5,nan,nan,1.5000000000000002,10.0,0.0,0.0,10.0,0.85,CORE,MAIN,1.2062674210129636,0.2548339065402384,0.6,0.174,-52269.52879375721,STRUCTURAL,-0.946707569118425,-196245.33668461238,28200.0,0,0,0,0,0,0,0,inf,inf,NA,1,5,5,5,26,6,0,0,CONTINUE,0,A,1,1,0,KEEP_STRUCTURAL_IN_ON_CUT,2,3,0,0,"tail_cont_enabled=1 tail_active_dims=(1,) tail_delta=0.1 tail_start=(6, 6, 6) returned_y=(4, 1, 2) returned_b=(0, 0, 0) returned_u=(0, 0, 0) returned_zcap=(4, 1, 2) max_tail_u=0",NA
120,P1_no_rho,117,1585.4361815999728,5.663073299918324,12.292593499994837,0.1531709999544546,0.01,45920.94130506988,45920.94130506988,-67796.678506805,-50739.035535023766,0.0,-23867.72589902875,-81468.76743448974,-81468.752120754,-52269.52879375721,-23867.72589902875,28401.80289472846,28401.802894728447,-24728.616732026214,41214.0,nan,nan,1.5000000000000002,10.0,0.0,0.0,10.0,0.85,CORE,MAIN,1.205488162660835,0.24785893215029164,0.6,0.174,-52269.52879375721,STRUCTURAL,-0.917813289800032,-196245.33668461238,28200.0,0,0,0,0,0,0,0,inf,inf,NA,1,5,5,5,26,6,0,0,CONTINUE,0,A,1,1,0,KEEP_STRUCTURAL_IN_ON_CUT,2,3,0,0,"tail_cont_enabled=1 tail_active_dims=(1,) tail_delta=0.1 tail_start=(6, 6, 6) returned_y=(6, 0, 0) returned_b=(1, 0, 0) returned_u=(0, 0, 0) returned_zcap=(6, 0, 0) max_tail_u=0",NA
120,P1_no_rho,118,1597.1644767000107,5.663073299918324,11.727827100083232,0.15104889997746795,0.01,52879.28173134916,52879.28173134916,-67796.678506805,-49695.28447108187,0.0,-23867.72589902875,-76481.54921498345,-76481.53411280905,-52269.52879375721,-23867.72589902875,28401.80289472846,28401.802894728447,-23854.77345903091,36562.0,nan,nan,1.5000000000000002,10.0,0.0,0.0,10.0,0.85,CORE,MAIN,1.2056993766779553,0.2590437172589667,0.6,0.174,-52269.52879375721,STRUCTURAL,-0.9595893852228748,-196245.33668461238,28200.0,0,0,0,0,0,0,0,inf,inf,NA,1,5,5,5,26,6,0,0,CONTINUE,0,A,1,1,0,KEEP_STRUCTURAL_IN_ON_CUT,2,3,0,0,"tail_cont_enabled=1 tail_active_dims=(1,) tail_delta=0.1 tail_start=(6, 6, 6) returned_y=(4, 1, 2) returned_b=(0, 0, 0) returned_u=(0, 0, 0) returned_zcap=(4, 1, 2) max_tail_u=0",NA
120,P1_no_rho,119,1604.4470889999066,5.663073299918324,7.282088299980387,0.15565139998216182,0.01,69670.76617450659,69670.76617450659,-67796.678506805,-47176.56180460825,0.0,-23867.72589902875,-71245.48880138538,-71245.47443307657,-52269.52879375721,-23867.72589902875,28401.80289472846,28401.802894728447,-21185.416490886906,34758.5,nan,nan,1.5000000000000002,10.0,0.0,0.0,10.0,0.85,CORE,MAIN,1.2072200707016068,0.2667838153561416,0.6,0.174,-52269.52879375721,STRUCTURAL,-0.9601499478245539,-196245.33668461238,28200.0,0,0,0,0,0,0,0,inf,inf,NA,1,5,5,5,26,6,0,0,CONTINUE,0,A,1,1,0,KEEP_STRUCTURAL_IN_ON_CUT,2,3,0,0,"tail_cont_enabled=1 tail_active_dims=(1,) tail_delta=0.1 tail_start=(6, 6, 6) returned_y=(4, 1, 2) returned_b=(0, 0, 0) returned_u=(0, 0, 0) returned_zcap=(4, 1, 2) max_tail_u=0",NA
120,P1_no_rho,120,1630.8933582999744,5.663073299918324,26.44593889999669,0.14906590001191944,0.01,47466.693900317274,47466.693900317274,-67796.678506805,-50507.17264573665,0.0,-23867.72589902875,-74881.0847406682,-74881.06982215225,-52269.52879375721,-23867.72589902875,28401.80289472846,28401.802894728447,-23594.61158585577,36374.0,nan,nan,1.5000000000000002,10.0,0.0,0.0,10.0,0.85,CORE,MAIN,1.208461655485026,0.26022294879784347,0.6,0.174,-52269.52879375721,STRUCTURAL,-0.9399838389380046,-196245.33668461238,28200.0,0,0,0,0,0,0,0,inf,inf,NA,1,5,5,5,26,6,0,0,CONTINUE,0,A,1,1,0,KEEP_STRUCTURAL_IN_ON_CUT,2,3,0,0,"tail_cont_enabled=1 tail_active_dims=(1,) tail_delta=0.1 tail_start=(6, 6, 6) returned_y=(1, 4, 3) returned_b=(0, 0, 0) returned_u=(0, 0, 0) returned_zcap=(1, 4, 3) max_tail_u=0",NA
120,P1_no_rho,121,1642.39562570001,5.663073299918324,11.501638100016862,0.1729373000562191,0.01,69901.99340934749,69901.99340934749,-67796.678506805,-47141.87771938212,0.0,-23867.72589902875,-71180.77737147495,-71180.76290412557,-52269.52879375721,-23867.72589902875,28401.80289472846,28401.802894728447,-21628.50386892145,34586.0,nan,nan,1.5000000000000002,10.0,0.0,0.0,10.0,0.85,CORE,MAIN,1.2098793576075102,0.26682439461629026,0.6,0.174,-52269.52879375721,STRUCTURAL,-0.955150620389832,-196245.33668461238,28200.0,0,0,0,0,0,0,0,inf,inf,NA,1,5,5,5,26,6,0,0,CONTINUE,0,A,1,1,0,KEEP_STRUCTURAL_IN_ON_CUT,2,3,0,0,"tail_cont_enabled=1 tail_active_dims=(1,) tail_delta=0.1 tail_start=(6, 6, 6) returned_y=(1, 4, 3) returned_b=(0, 0, 0) returned_u=(0, 0, 0) returned_zcap=(1, 4, 3) max_tail_u=0",NA
120,P1_no_rho,122,1651.573636099929,5.663073299918324,9.177431199932471,0.15650099993217736,0.01,54462.720819118746,54462.720819118746,-67796.678506805,-49457.768607916434,0.0,-23867.72589902875,-70575.57236628595,-70575.55808325528,-52269.52879375721,-23867.72589902875,28401.80289472846,28401.802894728447,-20746.22441422775,34893.0,nan,nan,1.5000000000000002,10.0,0.0,0.0,10.0,0.85,CORE,MAIN,1.2110875846686653,0.2536286357083607,0.6,0.174,-52269.52879375721,STRUCTURAL,-0.952040689518003,-196245.33668461238,28200.0,0,0,0,0,0,0,0,inf,inf,NA,1,5,5,5,26,6,0,0,CONTINUE,0,A,1,1,0,KEEP_STRUCTURAL_IN_ON_CUT,2,3,0,0,"tail_cont_enabled=1 tail_active_dims=(1,) tail_delta=0.1 tail_start=(6, 6, 6) returned_y=(1, 4, 3) returned_b=(0, 0, 0) returned_u=(0, 0, 0) returned_zcap=(1, 4, 3) max_tail_u=0",NA
120,P1_no_rho,123,1664.4822770999745,5.663073299918324,12.908103800029494,0.15729700005613267,0.01,48342.08159416792,48342.08159416792,-67796.678506805,-50375.86449165906,0.0,-23867.72589902875,-74383.80713947123,-74383.79224396538,-52269.52879375721,-23867.72589902875,28401.80289472846,28401.802894728447,-22373.650506111855,35957.0,nan,nan,1.5000000000000002,10.0,0.0,0.0,10.0,0.85,CORE,MAIN,1.2118749904639188,0.2612869845662339,0.6,0.174,-52269.52879375721,STRUCTURAL,-0.9643025787812016,-196245.33668461238,28200.0,0,0,0,0,0,0,0,inf,inf,NA,1,5,5,5,26,6,0,0,CONTINUE,0,A,1,1,0,KEEP_STRUCTURAL_IN_ON_CUT,2,3,0,0,"tail_cont_enabled=1 tail_active_dims=(1,) tail_delta=0.1 tail_start=(6, 6, 6) returned_y=(1, 4, 3) returned_b=(0, 0, 0) returned_u=(0, 0, 0) returned_zcap=(1, 4, 3) max_tail_u=0",NA
120,P1_no_rho,124,1676.5983287999406,5.663073299918324,12.115439199958928,0.1551624999847263,0.01,44494.03489699059,44494.03489699059,-67796.678506805,-50953.07149623566,0.0,-23867.72589902875,-76530.55876248868,-76530.54387479184,-52269.52879375721,-23867.72589902875,28401.80289472846,28401.802894728447,-23336.847713647647,38983.5,nan,nan,1.5000000000000002,10.0,0.0,0.0,10.0,0.85,CORE,MAIN,1.2118208606037895,0.25541693289714673,0.6,0.174,-52269.52879375721,STRUCTURAL,-0.9096788155868369,-196245.33668461238,28200.0,0,0,0,0,0,0,0,inf,inf,NA,1,5,5,5,26,6,0,0,CONTINUE,0,A,1,1,0,KEEP_STRUCTURAL_IN_ON_CUT,2,3,0,0,"tail_cont_enabled=1 tail_active_dims=(1,) tail_delta=0.1 tail_start=(6, 6, 6) returned_y=(6, 0, 0) returned_b=(1, 0, 0) returned_u=(0, 0, 0) returned_zcap=(6, 0, 0) max_tail_u=0",NA
120,P1_no_rho,125,1702.8793901000172,5.663073299918324,26.280524999951012,0.16754679998848587,0.01,47951.948926914054,47951.948926914054,-67796.678506805,-50434.38439174714,0.0,-23867.72589902875,-73685.93016835462,-73685.9154461489,-52269.52879375721,-23867.72589902875,28401.80289472846,28401.802894728447,-22432.02845754478,35952.0,nan,nan,1.5000000000000002,10.0,0.0,0.0,10.0,0.85,CORE,MAIN,1.2117646522674617,0.2631517518639215,0.6,0.174,-52269.52879375721,STRUCTURAL,-0.9504132730419097,-196245.33668461238,28200.0,0,0,0,0,0,0,0,inf,inf,NA,1,5,5,5,26,6,0,0,CONTINUE,0,A,1,1,0,KEEP_STRUCTURAL_IN_ON_CUT,2,3,0,0,"tail_cont_enabled=1 tail_active_dims=(1,) tail_delta=0.1 tail_start=(6, 6, 6) returned_y=(1, 4, 3) returned_b=(0, 0, 0) returned_u=(0, 0, 0) returned_zcap=(1, 4, 3) max_tail_u=0",NA
120,P1_no_rho,126,1715.9440299000125,5.663073299918324,13.064027500106022,0.14729910006280988,0.01,57023.45228343405,57023.45228343405,-67796.678506805,-49073.658888269136,0.0,-23867.72589902875,-73003.39714211822,-73003.38237737086,-52269.52879375721,-23867.72589902875,28401.80289472846,28401.802894728447,-21840.698077624373,35064.0,nan,nan,1.5000000000000002,10.0,0.0,0.0,10.0,0.85,CORE,MAIN,1.2119959345912068,0.2509109372224263,0.6,0.174,-52269.52879375721,STRUCTURAL,-0.9727485797350839,-196245.33668461238,28200.0,0,0,0,0,0,0,0,inf,inf,NA,1,5,5,5,26,6,0,0,CONTINUE,0,A,1,1,0,KEEP_STRUCTURAL_IN_ON_CUT,2,3,0,0,"tail_cont_enabled=1 tail_active_dims=(1,) tail_delta=0.1 tail_start=(6, 6, 6) returned_y=(4, 1, 2) returned_b=(0, 0, 0) returned_u=(0, 0, 0) returned_zcap=(4, 1, 2) max_tail_u=0",NA
120,P1_no_rho,127,1727.7485759999836,5.663073299918324,11.80392880004365,0.17684009997174144,0.01,49331.28049953069,49331.28049953069,-67796.678506805,-50227.48465585464,0.0,-23867.72589902875,-74098.39330334356,-74098.37848554809,-52269.52879375721,-23867.72589902875,28401.80289472846,28401.802894728447,-22918.128536342872,35510.0,nan,nan,1.5000000000000002,10.0,0.0,0.0,10.0,0.85,CORE,MAIN,1.2118850962192258,0.2609221358789713,0.6,0.174,-52269.52879375721,STRUCTURAL,-0.9608607894340602,-196245.33668461238,28200.0,0,0,0,0,0,0,0,inf,inf,NA,1,5,5,5,26,6,0,0,CONTINUE,0,A,1,1,0,KEEP_STRUCTURAL_IN_ON_CUT,2,3,0,0,"tail_cont_enabled=1 tail_active_dims=(1,) tail_delta=0.1 tail_start=(6, 6, 6) returned_y=(4, 1, 2) returned_b=(0, 0, 0) returned_u=(0, 0, 0) returned_zcap=(4, 1, 2) max_tail_u=0",NA
120,P1_no_rho,128,1739.54334809992,5.663073299918324,11.79418949992396,0.1515897000208497,0.01,60470.23164172914,60470.23164172914,-67796.678506805,-48556.641984524875,0.0,-23867.72589902875,-71635.3277473623,-71635.31321660134,-52269.52879375721,-23867.72589902875,28401.80289472846,28401.802894728447,-21907.270738976124,34333.0,nan,nan,1.5000000000000002,10.0,0.0,0.0,10.0,0.85,CORE,MAIN,1.212878463445874,0.2652597383680345,0.6,0.174,-52269.52879375721,STRUCTURAL,-0.9656024325988642,-196245.33668461238,28200.0,0,0,0,0,0,0,0,inf,inf,NA,1,5,5,5,26,6,0,0,CONTINUE,0,A,1,1,0,KEEP_STRUCTURAL_IN_ON_CUT,2,3,0,0,"tail_cont_enabled=1 tail_active_dims=(1,) tail_delta=0.1 tail_start=(6, 6, 6) returned_y=(4, 1, 2) returned_b=(0, 0, 0) returned_u=(0, 0, 0) returned_zcap=(4, 1, 2) max_tail_u=0",NA
120,P1_no_rho,129,1752.6810732999584,5.663073299918324,13.137101799948141,0.1510302999522537,0.01,56921.68817602869,56921.68817602869,-67796.678506805,-49088.92350437994,0.0,-23867.72589902875,-70831.36551313472,-70831.35112314615,-52269.52879375721,-23867.72589902875,28401.80289472846,28401.802894728447,-20435.408123691093,36600.0,nan,nan,1.5000000000000002,10.0,0.0,0.0,10.0,0.85,CORE,MAIN,1.2135028459572126,0.26425348281526695,0.6,0.174,-52269.52879375721,STRUCTURAL,-0.9179588888789624,-196245.33668461238,28200.0,0,0,0,0,0,0,0,inf,inf,NA,1,5,5,5,26,6,0,0,CONTINUE,0,A,1,1,0,KEEP_STRUCTURAL_IN_ON_CUT,2,3,0,0,"tail_cont_enabled=1 tail_active_dims=(1,) tail_delta=0.1 tail_start=(6, 6, 6) returned_y=(0, 2, 6) returned_b=(0, 0, 1) returned_u=(0, 0, 0) returned_zcap=(0, 2, 6) max_tail_u=0",NA
120,P1_no_rho,130,1776.6769501999952,5.663073299918324,23.995328600052744,0.15424800000619143,0.01,50248.94151501184,50248.94151501184,-67796.678506805,-50089.83550353247,0.0,-23867.72589902875,-74237.53689531007,-74237.52205999896,-52269.52879375721,-23867.72589902875,28401.80289472846,28401.802894728447,-22602.317620229758,38050.0,nan,nan,1.5000000000000002,10.0,0.0,0.0,10.0,0.85,CORE,MAIN,1.2136773541388237,0.25878656494788055,0.6,0.174,-52269.52879375721,STRUCTURAL,-0.9046903975430433,-196245.33668461238,28200.0,0,0,0,0,0,0,0,inf,inf,NA,1,5,5,5,26,6,0,0,CONTINUE,0,A,1,1,0,KEEP_STRUCTURAL_IN_ON_CUT,2,3,0,0,"tail_cont_enabled=1 tail_active_dims=(1,) tail_delta=0.1 tail_start=(6, 6, 6) returned_y=(0, 2, 6) returned_b=(0, 0, 1) returned_u=(0, 0, 0) returned_zcap=(0, 2, 6) max_tail_u=0",NA
