S,algo,t,wall_time_sec,init_time_sec,outer_iter_time_sec,inner_time_sec,eps_in_t,eta_t_star,eta_out,eta_in,eta_sep,eta_cap,eta_bracket,inner_lb,inner_ub,global_lb,global_ub,outer_gap,objective_cert_gap,best_ub_primal_obj,best_ub_primal_residual,returned_primal_obj,returned_primal_residual,lambda_inf,lambda_out_inf,lambda_in_inf,rho,theta,alpha_eff,phase_label,phase_reason,center_inf,center_step,anchor_mix,directional_beta,dual_inc_eta,sep_anchor_reason,alpha_signal,best_feas_eta,best_feas_residual,close_signal_streak,close_lock_counter,close_bc_count,close_case_c_count,close_reset_count,close_feas_lock_count,close_shadow_active,close_repaired_gap,close_repaired_residual,close_repaired_tag,inner_rnc_iters,inner_eval_calls,num_rnc_samples,num_rnc_kept_cuts,num_master_cuts,cut_added,outer_gap_certified,final_solution_found,stop_reason,sep_ok,case_label,sep_cut,out_cut,mispricing_streak,in_update_reason,add_geo,add_sup,add_rep,cap_promoted,z_best_ub,returned_z
120,P1_no_rho,1,16.434265800053254,5.652594599989243,10.781532300054096,4.22628609999083,0.01,0.0,0.0,-68816.99486327401,0.0,0.0,-24438.24272473206,-68816.99486327401,-68816.98428874862,-68816.99486327401,-24438.24272473206,44378.75213854195,44378.75213854195,-68816.98428874862,82320.0,nan,nan,0.0,0.0,0.0,0.0,10.0,0.0,HEADING_IN,WARMUP,0.0,0.0,0.8,0.0,-68816.99486327401,BOOT_NONE,0.0,-68816.99486327401,82320.0,0,0,0,0,0,0,0,inf,inf,NA,1,2,2,2,2,5,0,0,CONTINUE,0,A,1,1,0,BOOT_VALID_FROM_CUT,2,2,0,0,"tail_cont_enabled=1 tail_active_dims=(1,) tail_delta=0.1 tail_start=(6, 6, 6) returned_y=(0, 0, 0) returned_b=(0, 0, 0) returned_u=(0, 0, 0) returned_zcap=(0, 0, 0) max_tail_u=0",NA
120,P1_no_rho,2,23.86314939998556,5.652594599989243,7.428198299952783,1.4778715000720695,0.01,526463.0157112514,526463.0157112514,-68816.99486327401,347879.0125388938,0.0,-24438.24272473206,-194117.01486978863,-194116.92825138,-68816.99486327401,-24438.24272473206,44378.75213854195,44378.75213854195,1183.0717486199771,27900.0,nan,nan,7.0,10.0,0.0,0.0,10.0,0.3,HEADING_IN,WARMUP,0.26477429818211584,0.26477429818211584,0.8,0.0,-68816.99486327401,STRUCTURAL,-1.0,-194117.01486978863,27900.0,0,0,0,0,0,0,0,inf,inf,NA,2,3,3,3,4,7,0,0,CONTINUE,0,A,1,1,0,KEEP_STRUCTURAL_IN_ON_CUT,2,3,1,0,"tail_cont_enabled=1 tail_active_dims=(1,) tail_delta=0.1 tail_start=(6, 6, 6) returned_y=(3, 5, 0) returned_b=(0, 0, 0) returned_u=(0, 0, 0) returned_zcap=(3, 5, 0) max_tail_u=0",NA
120,P1_no_rho,3,30.93312020006124,5.652594599989243,7.069368300028145,0.1556269999127835,0.01,49101.07174861998,49101.07174861998,-68816.99486327401,13725.651765051778,0.0,-24438.24272473206,-394867.2216036905,-394867.1444874643,-68816.99486327401,-24438.24272473206,44378.75213854195,44378.75213854195,-32967.43671889699,60731.0,nan,nan,7.0,10.0,0.0,0.0,10.0,0.3,HEADING_IN,WARMUP,0.47470866728323224,0.23666165945866494,0.8,0.0,-68816.99486327401,STRUCTURAL,-0.8512943678294852,-194117.01486978863,27900.0,0,0,0,0,0,0,0,inf,inf,NA,2,4,4,4,8,7,0,0,CONTINUE,0,A,1,1,0,KEEP_STRUCTURAL_IN_ON_CUT,2,3,1,0,"tail_cont_enabled=1 tail_active_dims=(1,) tail_delta=0.1 tail_start=(6, 6, 6) returned_y=(2, 0, 5) returned_b=(0, 0, 0) returned_u=(0, 0, 0) returned_zcap=(2, 0, 5) max_tail_u=0",NA
120,P1_no_rho,4,35.505000500008464,5.652594599989243,4.571349099976942,0.2313866000622511,0.01,20999.709966994124,20999.709966994124,-68816.99486327401,-5945.301482086319,0.0,-24438.24272473206,-262828.74475988833,-262828.6877782841,-68816.99486327401,-24438.24272473206,44378.75213854195,44378.75213854195,-44362.26970702114,56753.5,nan,nan,7.0,10.0,0.0,0.0,10.0,0.3,HEADING_IN,WARMUP,0.995099764926852,0.5203910976436198,0.8,0.0,-68816.99486327401,STRUCTURAL,-0.5499130149840045,-194117.01486978863,27900.0,0,0,0,0,0,0,0,inf,inf,NA,2,5,5,5,12,7,0,0,CONTINUE,0,A,1,1,0,KEEP_STRUCTURAL_IN_ON_CUT,2,3,1,0,"tail_cont_enabled=1 tail_active_dims=(1,) tail_delta=0.1 tail_start=(6, 6, 6) returned_y=(0, 0, 6) returned_b=(0, 0, 1) returned_u=(0, 0, 0) returned_zcap=(0, 0, 6) max_tail_u=0",NA
120,P1_no_rho,5,55.330199900083244,5.652594599989243,19.824627500027418,0.16126470000017434,0.01,5024.683234680598,5024.683234680598,-68816.99486327401,-17127.820194705786,0.0,-24438.24272473206,-308442.6127266129,-308442.5362962886,-68816.99486327401,-24438.24272473206,44378.75213854195,44378.75213854195,-35287.93584918506,51967.0,nan,nan,7.0,10.0,0.0,0.0,10.0,0.3,HEADING_IN,WARMUP,1.4695166686567525,0.6152273256832569,0.8,0.0,-68816.99486327401,STRUCTURAL,-0.7509012599949517,-194117.01486978863,27900.0,0,0,0,0,0,0,0,inf,inf,NA,1,5,5,5,16,6,0,0,CONTINUE,0,A,1,1,0,KEEP_STRUCTURAL_IN_ON_CUT,2,3,0,0,"tail_cont_enabled=1 tail_active_dims=(1,) tail_delta=0.1 tail_start=(6, 6, 6) returned_y=(0, 0, 6) returned_b=(0, 0, 1) returned_u=(0, 0, 0) returned_zcap=(0, 0, 6) max_tail_u=0",NA
120,P1_no_rho,6,60.74572230002377,5.652594599989243,5.415133900009096,0.16589699999894947,0.01,-6056.938594744505,-6056.938594744505,-68816.99486327401,-24884.95547530336,0.0,-24438.24272473206,-299256.904851683,-299256.8314217093,-68816.99486327401,-24438.24272473206,44378.75213854195,44378.75213854195,-37972.93118846761,50947.5,nan,nan,7.0,10.0,0.0,0.0,10.0,0.3,HEADING_IN,WARMUP,1.6396654711293401,0.5508070924481647,0.8,0.0,-68816.99486327401,STRUCTURAL,-0.7326418658794185,-194117.01486978863,27900.0,0,0,0,0,0,0,0,inf,inf,NA,1,5,5,5,19,6,0,0,CONTINUE,0,A,1,1,0,KEEP_STRUCTURAL_IN_ON_CUT,2,3,0,0,"tail_cont_enabled=1 tail_active_dims=(1,) tail_delta=0.1 tail_start=(6, 6, 6) returned_y=(0, 0, 6) returned_b=(0, 0, 1) returned_u=(0, 0, 0) returned_zcap=(0, 0, 6) max_tail_u=0",NA
120,P1_no_rho,7,65.50712490000296,5.652594599989243,4.760943399975076,0.16287640004884452,0.01,-8521.329906183351,-8521.329906183351,-68816.99486327401,-26610.02939331055,0.0,-24438.24272473206,-246098.90249592613,-246098.84034780937,-68816.99486327401,-24438.24272473206,44378.75213854195,44378.75213854195,-41580.82312128834,49318.0,nan,nan,7.0,10.0,0.0,0.0,10.0,0.3,HEADING_IN,WARMUP,1.8222806012052701,0.7015219564822415,0.8,0.0,-68816.99486327401,STRUCTURAL,-0.5924177704649158,-194117.01486978863,27900.0,0,0,0,0,0,0,0,inf,inf,NA,1,5,5,5,21,6,0,0,CONTINUE,0,A,1,1,0,KEEP_STRUCTURAL_IN_ON_CUT,2,3,0,0,"tail_cont_enabled=1 tail_active_dims=(1,) tail_delta=0.1 tail_start=(6, 6, 6) returned_y=(2, 0, 5) returned_b=(0, 0, 0) returned_u=(0, 0, 0) returned_zcap=(2, 0, 5) max_tail_u=0",NA
120,P1_no_rho,8,70.24113560002297,5.652594599989243,4.73365329997614,0.19489069993142039,0.01,-4655.794484376732,-4655.794484376732,-68816.99486327401,-23904.154598045916,0.0,-24438.24272473206,-335766.3631811172,-335766.2825284671,-68816.99486327401,-24438.24272473206,44378.75213854195,44378.75213854195,-37240.06996032007,52537.0,nan,nan,7.0,10.0,0.0,0.0,10.0,0.3,HEADING_IN,WARMUP,2.124571095100662,0.7413874071399721,0.8,0.0,-68816.99486327401,STRUCTURAL,-0.8117441383301213,-194117.01486978863,27900.0,0,0,0,0,0,0,0,inf,inf,NA,2,6,6,6,21,7,0,0,CONTINUE,0,A,1,1,0,KEEP_STRUCTURAL_IN_ON_CUT,2,3,1,0,"tail_cont_enabled=1 tail_active_dims=(1,) tail_delta=0.1 tail_start=(6, 6, 6) returned_y=(0, 6, 0) returned_b=(0, 1, 0) returned_u=(0, 0.1, 0) returned_zcap=(0, 6.1, 0) max_tail_u=0.1",NA
120,P1_no_rho,9,74.69791149999946,5.652594599989243,4.455846400000155,0.17881599999964237,0.01,248343.2380830889,248343.2380830889,-68816.99486327401,-21242.95992131957,0.0,-24438.24272473206,-52970.490399089795,-52970.47889673493,-52970.490399089795,-24438.24272473206,28532.247674357735,28532.247674357735,-8093.831380433634,32398.5,nan,nan,1.5000000000000002,10.0,0.0,0.0,10.0,0.85,CORE,FORCE_CORE,1.7677711861132752,1.099762586422427,0.6,0.174,-52970.490399089795,STRUCTURAL,-0.9234305603922257,-194117.01486978863,27900.0,0,0,0,0,0,0,0,inf,inf,NA,1,5,5,5,22,6,0,0,CONTINUE,0,A,1,1,0,KEEP_STRUCTURAL_IN_ON_CUT,2,3,0,0,"tail_cont_enabled=1 tail_active_dims=(1,) tail_delta=0.1 tail_start=(6, 6, 6) returned_y=(3, 5, 0) returned_b=(0, 0, 0) returned_u=(0, 0, 0) returned_zcap=(3, 5, 0) max_tail_u=0",NA
120,P1_no_rho,10,91.42778620007448,5.652594599989243,16.72953290003352,0.2639520999509841,0.01,76056.84105775482,76056.84105775482,-68816.99486327401,-47085.919475119685,0.0,-24438.24272473206,-102826.49756614113,-102826.47872912412,-52970.490399089795,-24438.24272473206,28532.247674357735,28532.247674357735,-37115.55020789707,51153.0,nan,nan,1.5000000000000002,10.0,0.0,0.0,10.0,0.85,CORE,FORCE_CORE,1.2917518602971383,0.7235667952572584,0.6,0.12,-52970.490399089795,STRUCTURAL,-0.8563971943154463,-194117.01486978863,27900.0,0,0,0,0,0,0,0,inf,inf,NA,2,6,6,6,22,7,0,0,CONTINUE,0,A,1,1,0,KEEP_STRUCTURAL_IN_ON_CUT,2,3,1,0,"tail_cont_enabled=1 tail_active_dims=(1,) tail_delta=0.1 tail_start=(6, 6, 6) returned_y=(6, 0, 0) returned_b=(1, 0, 0) returned_u=(0, 0, 0) returned_zcap=(6, 0, 0) max_tail_u=0",NA
120,P1_no_rho,11,95.60986219998449,5.652594599989243,4.181627299985848,0.18539260001853108,0.01,65270.61103626405,65270.61103626405,-68816.99486327401,-48703.8539783433,0.0,-24438.24272473206,-87310.90572098212,-87310.89024188787,-52970.490399089795,-24438.24272473206,28532.247674357735,28532.247674357735,-27868.739820695682,47865.5,nan,nan,1.5000000000000002,10.0,0.0,0.0,10.0,0.85,CORE,FORCE_CORE,1.1969140875654196,0.48148763395554384,0.6,0.13799999999999998,-52970.490399089795,STRUCTURAL,-0.827905282109135,-194117.01486978863,27900.0,0,0,0,0,0,0,0,inf,inf,NA,2,6,6,6,23,6,0,0,CONTINUE,0,A,1,1,0,KEEP_STRUCTURAL_IN_ON_CUT,2,3,0,0,"tail_cont_enabled=1 tail_active_dims=(1,) tail_delta=0.1 tail_start=(6, 6, 6) returned_y=(0, 0, 6) returned_b=(0, 0, 1) returned_u=(0, 0, 0) returned_zcap=(0, 0, 6) max_tail_u=0",NA
120,P1_no_rho,12,100.0165132000111,5.652594599989243,4.406132200034335,0.18422020005527884,0.01,67634.24875365701,67634.24875365701,-68816.99486327401,-48349.30832073436,0.0,-24438.24272473206,-93404.70751451467,-93404.69055611445,-52970.490399089795,-24438.24272473206,28532.247674357735,28532.247674357735,-29917.773468883137,46796.5,nan,nan,1.5000000000000002,10.0,0.0,0.0,10.0,0.85,CORE,FORCE_CORE,1.170371719156108,0.3322112745718787,0.6,0.156,-52970.490399089795,STRUCTURAL,-0.9044396779991565,-194117.01486978863,27900.0,0,0,0,0,0,0,0,inf,inf,NA,1,5,5,5,23,6,0,0,CONTINUE,0,A,1,1,0,KEEP_STRUCTURAL_IN_ON_CUT,2,3,0,0,"tail_cont_enabled=1 tail_active_dims=(1,) tail_delta=0.1 tail_start=(6, 6, 6) returned_y=(0, 0, 6) returned_b=(0, 0, 1) returned_u=(0, 0, 0) returned_zcap=(0, 0, 6) max_tail_u=0",NA
120,P1_no_rho,13,103.61165189999156,5.652594599989243,3.5946178999729455,0.18268320010975003,0.01,52628.547836134385,52628.547836134385,-68816.99486327401,-50600.16345836275,0.0,-24438.24272473206,-91748.78806524092,-91748.77101023984,-52970.490399089795,-24438.24272473206,28532.247674357735,28532.247674357735,-31211.490482478945,43629.0,nan,nan,1.5000000000000002,10.0,0.0,0.0,10.0,0.85,CORE,FORCE_CORE,1.1534958725948952,0.2689070814194918,0.6,0.174,-52970.490399089795,STRUCTURAL,-0.9250312181921946,-194117.01486978863,27900.0,0,0,0,0,0,0,0,inf,inf,NA,2,6,6,6,23,7,0,0,CONTINUE,0,A,1,1,0,KEEP_STRUCTURAL_IN_ON_CUT,2,3,1,0,"tail_cont_enabled=1 tail_active_dims=(1,) tail_delta=0.1 tail_start=(6, 6, 6) returned_y=(6, 0, 2) returned_b=(1, 0, 0) returned_u=(0, 0, 0) returned_zcap=(6, 0, 2) max_tail_u=0",NA
120,P1_no_rho,14,108.26942860009149,5.652594599989243,4.656717799953185,0.18369890004396439,0.01,40765.85910448285,40765.85910448285,-68816.99486327401,-52379.56676811048,0.0,-24438.24272473206,-85885.1824570074,-85885.16650273484,-52970.490399089795,-24438.24272473206,28532.247674357735,28532.247674357735,-27575.49886790066,42480.5,nan,nan,1.5000000000000002,10.0,0.0,0.0,10.0,0.85,CORE,FORCE_CORE,1.1466143306416194,0.2513310057050897,0.6,0.174,-52970.490399089795,STRUCTURAL,-0.9150813139335956,-194117.01486978863,27900.0,0,0,0,0,0,0,0,inf,inf,NA,2,6,6,6,24,6,0,0,CONTINUE,0,A,1,1,0,KEEP_STRUCTURAL_IN_ON_CUT,2,3,0,0,"tail_cont_enabled=1 tail_active_dims=(1,) tail_delta=0.1 tail_start=(6, 6, 6) returned_y=(2, 0, 5) returned_b=(0, 0, 0) returned_u=(0, 0, 0) returned_zcap=(2, 0, 5) max_tail_u=0",NA
120,P1_no_rho,15,125.07436790002976,5.652594599989243,16.804350499995053,0.19797740003559738,0.01,20823.234411307854,20823.234411307854,-68816.99486327401,-55370.960472086736,0.0,-24438.24272473206,-92986.60435238924,-92986.5871081628,-52970.490399089795,-24438.24272473206,28532.247674357735,28532.247674357735,-31760.820148389113,44984.0,nan,nan,1.5000000000000002,10.0,0.0,0.0,10.0,0.85,CORE,MAIN,1.1684101639934497,0.2646263616218012,0.6,0.174,-52970.490399089795,STRUCTURAL,-0.9073710202112409,-194117.01486978863,27900.0,0,0,0,0,0,0,0,inf,inf,NA,2,6,6,6,24,7,0,0,CONTINUE,0,A,1,1,0,KEEP_STRUCTURAL_IN_ON_CUT,2,3,1,0,"tail_cont_enabled=1 tail_active_dims=(1,) tail_delta=0.1 tail_start=(6, 6, 6) returned_y=(0, 6, 1) returned_b=(0, 1, 0) returned_u=(0, 0.1, 0) returned_zcap=(0, 6.1, 1) max_tail_u=0.1",NA
120,P1_no_rho,16,131.41857760003768,5.652594599989243,6.343747799983248,0.19654040003661066,0.01,182042.78940329107,182042.78940329107,-68816.99486327401,-31188.027223289246,0.0,-24438.24272473206,-59724.68055733635,-59724.668054046066,-52970.490399089795,-24438.24272473206,28532.247674357735,28532.247674357735,-11322.565516159983,34041.5,nan,nan,1.5000000000000002,10.0,0.0,0.0,10.0,0.85,CORE,MAIN,1.1700939425753654,0.3033099921390897,0.6,0.174,-52970.490399089795,STRUCTURAL,-0.9479038338084605,-194117.01486978863,27900.0,0,0,0,0,0,0,0,inf,inf,NA,2,6,6,6,25,6,0,0,CONTINUE,0,A,1,1,0,KEEP_STRUCTURAL_IN_ON_CUT,2,3,0,0,"tail_cont_enabled=1 tail_active_dims=(1,) tail_delta=0.1 tail_start=(6, 6, 6) returned_y=(3, 5, 0) returned_b=(0, 0, 0) returned_u=(0, 0, 0) returned_zcap=(3, 5, 0) max_tail_u=0",NA
120,P1_no_rho,17,136.983796000015,5.652594599989243,5.564128899946809,0.1704908999381587,0.01,45010.25386581673,45010.25386581673,-68816.99486327401,-51742.9075539104,0.0,-24438.24272473206,-83479.58709961025,-83479.57092712991,-52970.490399089795,-24438.24272473206,28532.247674357735,28532.247674357735,-26899.63965997655,40893.5,nan,nan,1.5000000000000002,10.0,0.0,0.0,10.0,0.85,CORE,MAIN,1.1697664535671621,0.2449457857174948,0.6,0.174,-52970.490399089795,STRUCTURAL,-0.9223948592833151,-194117.01486978863,27900.0,0,0,0,0,0,0,0,inf,inf,NA,1,5,5,5,25,6,0,0,CONTINUE,0,A,1,1,0,KEEP_STRUCTURAL_IN_ON_CUT,2,3,0,0,"tail_cont_enabled=1 tail_active_dims=(1,) tail_delta=0.1 tail_start=(6, 6, 6) returned_y=(3, 5, 0) returned_b=(0, 0, 0) returned_u=(0, 0, 0) returned_zcap=(3, 5, 0) max_tail_u=0",NA
120,P1_no_rho,18,143.2668594000861,5.652594599989243,6.282535400008783,0.16346309997607023,0.01,60940.3803624032,60940.3803624032,-68816.99486327401,-49353.38857942243,0.0,-24438.24272473206,-88811.13728180126,-88811.11996705258,-52970.490399089795,-24438.24272473206,28532.247674357735,28532.247674357735,-29900.12955973385,42993.0,nan,nan,1.5000000000000002,10.0,0.0,0.0,10.0,0.85,CORE,MAIN,1.168112273405813,0.23840912859388796,0.6,0.174,-52970.490399089795,STRUCTURAL,-0.9134973973642023,-194117.01486978863,27900.0,0,0,0,0,0,0,0,inf,inf,NA,1,5,5,5,25,6,0,0,CONTINUE,0,A,1,1,0,KEEP_STRUCTURAL_IN_ON_CUT,2,3,0,0,"tail_cont_enabled=1 tail_active_dims=(1,) tail_delta=0.1 tail_start=(6, 6, 6) returned_y=(2, 0, 5) returned_b=(0, 0, 0) returned_u=(0, 0, 0) returned_zcap=(2, 0, 5) max_tail_u=0",NA
120,P1_no_rho,19,149.7777916000923,5.652594599989243,6.510310499928892,0.15915639989543706,0.01,48717.08888329497,48717.08888329497,-68816.99486327401,-51186.882301288664,0.0,-24438.24272473206,-79300.33168729392,-79300.31667923133,-52970.490399089795,-24438.24272473206,28532.247674357735,28532.247674357735,-21201.350438382527,41027.5,nan,nan,1.5000000000000002,10.0,0.0,0.0,10.0,0.85,CORE,MAIN,1.1684951699494768,0.24511301919437734,0.6,0.174,-52970.490399089795,STRUCTURAL,-0.9440654234492926,-194117.01486978863,27900.0,0,0,0,0,0,0,0,inf,inf,NA,1,5,5,5,25,6,0,0,CONTINUE,0,A,1,1,0,KEEP_STRUCTURAL_IN_ON_CUT,2,3,0,0,"tail_cont_enabled=1 tail_active_dims=(1,) tail_delta=0.1 tail_start=(6, 6, 6) returned_y=(2, 0, 5) returned_b=(0, 0, 0) returned_u=(0, 0, 0) returned_zcap=(2, 0, 5) max_tail_u=0",NA
120,P1_no_rho,20,162.36522700008936,5.652594599989243,12.586935700033791,0.15811640000902116,0.01,45182.09198571745,45182.09198571745,-68816.99486327401,-51717.13183592529,0.0,-24438.24272473206,-80092.47701338217,-80092.4616056376,-52970.490399089795,-24438.24272473206,28532.247674357735,28532.247674357735,-24835.990795627386,41836.5,nan,nan,1.5000000000000002,10.0,0.0,0.0,10.0,0.85,CORE,MAIN,1.1692301212259857,0.25118497418653196,0.6,0.174,-52970.490399089795,STRUCTURAL,-0.8805145556314093,-194117.01486978863,27900.0,0,0,0,0,0,0,0,inf,inf,NA,1,5,5,5,25,6,0,0,CONTINUE,0,A,1,1,0,KEEP_STRUCTURAL_IN_ON_CUT,2,3,0,0,"tail_cont_enabled=1 tail_active_dims=(1,) tail_delta=0.1 tail_start=(6, 6, 6) returned_y=(0, 0, 6) returned_b=(0, 0, 1) returned_u=(0, 0, 0) returned_zcap=(0, 0, 6) max_tail_u=0",NA
120,P1_no_rho,21,168.26031460007653,5.652594599989243,5.894603000022471,0.16126170009374619,0.01,44663.29363869185,44663.29363869185,-68816.99486327401,-51794.95158797913,0.0,-24438.24272473206,-78330.52985575206,-78330.51477994905,-52970.490399089795,-24438.24272473206,28532.247674357735,28532.247674357735,-24923.88886543229,39460.5,nan,nan,1.5000000000000002,10.0,0.0,0.0,10.0,0.85,CORE,MAIN,1.1709118113214303,0.25011898903662566,0.6,0.174,-52970.490399089795,STRUCTURAL,-0.9022799324981813,-194117.01486978863,27900.0,0,0,0,0,0,0,0,inf,inf,NA,1,5,5,5,25,6,0,0,CONTINUE,0,A,1,1,0,KEEP_STRUCTURAL_IN_ON_CUT,2,3,0,0,"tail_cont_enabled=1 tail_active_dims=(1,) tail_delta=0.1 tail_start=(6, 6, 6) returned_y=(2, 0, 5) returned_b=(0, 0, 0) returned_u=(0, 0, 0) returned_zcap=(2, 0, 5) max_tail_u=0",NA
120,P1_no_rho,22,174.43299620004836,5.652594599989243,6.172217300045304,0.20511000009719282,0.01,38942.15459486471,38942.15459486471,-68816.99486327401,-52653.122444553206,0.0,-24438.24272473206,-80074.06678228152,-80074.05113636682,-52970.490399089795,-24438.24272473206,28532.247674357735,28532.247674357735,-24980.962621697377,39657.0,nan,nan,1.5000000000000002,10.0,0.0,0.0,10.0,0.85,CORE,MAIN,1.1858976301548505,0.2701861027682081,0.6,0.174,-52970.490399089795,STRUCTURAL,-0.926159963599019,-194117.01486978863,27900.0,0,0,0,0,0,0,0,inf,inf,NA,1,5,5,5,25,6,0,0,CONTINUE,0,A,1,1,0,KEEP_STRUCTURAL_IN_ON_CUT,2,3,0,0,"tail_cont_enabled=1 tail_active_dims=(1,) tail_delta=0.1 tail_start=(6, 6, 6) returned_y=(3, 5, 0) returned_b=(0, 0, 0) returned_u=(0, 0, 0) returned_zcap=(3, 5, 0) max_tail_u=0",NA
120,P1_no_rho,23,180.75104180001654,5.652594599989243,6.3176594999386,0.1964737999951467,0.01,119790.80200579192,119790.80200579192,-68816.99486327401,-40525.825332914115,0.0,-24438.24272473206,-74077.8648347105,-74077.85080476245,-52970.490399089795,-24438.24272473206,28532.247674357735,28532.247674357735,-17770.548203430026,40681.0,nan,nan,1.5000000000000002,10.0,0.0,0.0,10.0,0.85,CORE,MAIN,1.1942298359407275,0.27443394812311406,0.6,0.174,-52970.490399089795,STRUCTURAL,-0.9227453045456505,-194117.01486978863,27900.0,0,0,0,0,0,0,0,inf,inf,NA,2,6,6,6,25,7,0,0,CONTINUE,0,A,1,1,0,KEEP_STRUCTURAL_IN_ON_CUT,2,3,1,0,"tail_cont_enabled=1 tail_active_dims=(1,) tail_delta=0.1 tail_start=(6, 6, 6) returned_y=(1, 6, 0) returned_b=(0, 1, 0) returned_u=(0, 0.1, 0) returned_zcap=(1, 6.1, 0) max_tail_u=0.1",NA
120,P1_no_rho,24,186.68673790001776,5.652594599989243,5.9351190000306815,0.20445900002960116,0.01,56043.59465503364,56043.59465503364,-68816.99486327401,-50087.90643552787,0.0,-24438.24272473206,-74881.5776715875,-74881.56298543634,-52970.490399089795,-24438.24272473206,28532.247674357735,28532.247674357735,-20104.970560529477,38613.0,nan,nan,1.5000000000000002,10.0,0.0,0.0,10.0,0.85,CORE,MAIN,1.2007434387132212,0.25965376911849825,0.6,0.174,-52970.490399089795,STRUCTURAL,-0.945736624537623,-194117.01486978863,27900.0,0,0,0,0,0,0,0,inf,inf,NA,2,6,6,6,26,6,0,0,CONTINUE,0,A,1,1,0,KEEP_STRUCTURAL_IN_ON_CUT,2,3,0,0,"tail_cont_enabled=1 tail_active_dims=(1,) tail_delta=0.1 tail_start=(6, 6, 6) returned_y=(0, 6, 1) returned_b=(0, 1, 0) returned_u=(0, 0.1, 0) returned_zcap=(0, 6.1, 1) max_tail_u=0.1",NA
120,P1_no_rho,25,214.66652149998117,5.652594599989243,27.979231799952686,0.20159620000049472,0.01,38882.68732528929,38882.68732528929,-68816.99486327401,-52662.042534989516,0.0,-24438.24272473206,-72698.2593540319,-72698.24457929406,-52970.490399089795,-24438.24272473206,28532.247674357735,28532.247674357735,-21197.87179851536,35979.0,nan,nan,1.5000000000000002,10.0,0.0,0.0,10.0,0.85,CORE,MAIN,1.204932884826797,0.27219947258257426,0.6,0.174,-52970.490399089795,STRUCTURAL,-0.9542672629548474,-194117.01486978863,27900.0,0,0,0,0,0,0,0,inf,inf,NA,2,6,6,6,26,7,0,0,CONTINUE,0,A,1,1,0,KEEP_STRUCTURAL_IN_ON_CUT,2,3,1,0,"tail_cont_enabled=1 tail_active_dims=(1,) tail_delta=0.1 tail_start=(6, 6, 6) returned_y=(5, 1, 2) returned_b=(0, 0, 0) returned_u=(0, 0, 0) returned_zcap=(5, 1, 2) max_tail_u=0",NA
120,P1_no_rho,26,221.38021550001577,5.652594599989243,6.713202800019644,0.19225659989751875,0.01,67002.72916354604,67002.72916354604,-68816.99486327401,-48444.03625925101,0.0,-24438.24272473206,-86041.79962101267,-86041.78346793527,-52970.490399089795,-24438.24272473206,28532.247674357735,28532.247674357735,-24582.02818946879,44056.5,nan,nan,1.5000000000000002,10.0,0.0,0.0,10.0,0.85,CORE,MAIN,1.2056381763325008,0.24412699949584848,0.6,0.174,-52970.490399089795,STRUCTURAL,-0.9300141905426966,-194117.01486978863,27900.0,0,0,0,0,0,0,0,inf,inf,NA,2,6,6,6,27,6,0,0,CONTINUE,0,A,1,1,0,KEEP_STRUCTURAL_IN_ON_CUT,2,3,0,0,"tail_cont_enabled=1 tail_active_dims=(1,) tail_delta=0.1 tail_start=(6, 6, 6) returned_y=(0, 0, 6) returned_b=(0, 0, 1) returned_u=(0, 0, 0) returned_zcap=(0, 0, 6) max_tail_u=0",NA
120,P1_no_rho,27,228.85996770008933,5.652594599989243,7.479189800098538,0.17518080002628267,0.01,52571.19749880321,52571.19749880321,-68816.99486327401,-50608.766008962426,0.0,-24438.24272473206,-73039.2995773126,-73039.28501844915,-52970.490399089795,-24438.24272473206,28532.247674357735,28532.247674357735,-20766.207028869,37307.5,nan,nan,1.5000000000000002,10.0,0.0,0.0,10.0,0.85,CORE,MAIN,1.2074368425362036,0.2672537829486965,0.6,0.174,-52970.490399089795,STRUCTURAL,-0.9340941810552863,-194117.01486978863,27900.0,0,0,0,0,0,0,0,inf,inf,NA,2,6,6,6,27,6,0,0,CONTINUE,0,A,1,1,0,KEEP_STRUCTURAL_IN_ON_CUT,2,3,0,0,"tail_cont_enabled=1 tail_active_dims=(1,) tail_delta=0.1 tail_start=(6, 6, 6) returned_y=(2, 0, 5) returned_b=(0, 0, 0) returned_u=(0, 0, 0) returned_zcap=(2, 0, 5) max_tail_u=0",NA
120,P1_no_rho,28,237.02704230009113,5.652594599989243,8.166476999991573,0.2124943999806419,0.01,43117.908335195556,43117.908335195556,-68816.99486327401,-52026.75938350357,0.0,-24438.24272473206,-72037.99880073464,-72037.98472316677,-52970.490399089795,-24438.24272473206,28532.247674357735,28532.247674357735,-20761.163216362038,36863.0,nan,nan,1.5000000000000002,10.0,0.0,0.0,10.0,0.85,CORE,MAIN,1.2092536243489955,0.2654296207097657,0.6,0.174,-52970.490399089795,STRUCTURAL,-0.9273403594716421,-194117.01486978863,27900.0,0,0,0,0,0,0,0,inf,inf,NA,1,5,5,5,27,6,0,0,CONTINUE,0,A,1,1,0,KEEP_STRUCTURAL_IN_ON_CUT,2,3,0,0,"tail_cont_enabled=1 tail_active_dims=(1,) tail_delta=0.1 tail_start=(6, 6, 6) returned_y=(2, 0, 5) returned_b=(0, 0, 0) returned_u=(0, 0, 0) returned_zcap=(2, 0, 5) max_tail_u=0",NA
120,P1_no_rho,29,247.36444770009257,5.652594599989243,10.336879099952057,0.21395480004139245,0.01,54634.981822218106,54634.981822218106,-68816.99486327401,-50299.198360450195,0.0,-24438.24272473206,-86502.98203259113,-86502.96510694726,-52970.490399089795,-24438.24272473206,28532.247674357735,28532.247674357735,-28529.75400945452,40188.5,nan,nan,1.5000000000000002,10.0,0.0,0.0,10.0,0.85,CORE,MAIN,1.2079410470268934,0.24463252884855435,0.6,0.174,-52970.490399089795,STRUCTURAL,-0.9616882291782096,-194117.01486978863,27900.0,0,0,0,0,0,0,0,inf,inf,NA,2,6,6,6,27,6,0,0,CONTINUE,0,A,1,1,0,KEEP_STRUCTURAL_IN_ON_CUT,2,3,0,0,"tail_cont_enabled=1 tail_active_dims=(1,) tail_delta=0.1 tail_start=(6, 6, 6) returned_y=(5, 1, 2) returned_b=(0, 0, 0) returned_u=(0, 0, 0) returned_zcap=(5, 1, 2) max_tail_u=0",NA
120,P1_no_rho,30,268.5245917000575,5.652594599989243,21.159470100072213,0.17353780008852482,0.01,57814.340087121134,57814.340087121134,-68816.99486327401,-49822.29462071474,0.0,-24438.24272473206,-79706.80105196922,-79706.78574503875,-52970.490399089795,-24438.24272473206,28532.247674357735,28532.247674357735,-21819.17253271726,40482.0,nan,nan,1.5000000000000002,10.0,0.0,0.0,10.0,0.85,CORE,MAIN,1.2068225454218797,0.2640031668285636,0.6,0.174,-52970.490399089795,STRUCTURAL,-0.9533062136640396,-194117.01486978863,27900.0,0,0,0,0,0,0,0,inf,inf,NA,1,5,5,5,27,6,0,0,CONTINUE,0,A,1,1,0,KEEP_STRUCTURAL_IN_ON_CUT,2,3,0,0,"tail_cont_enabled=1 tail_active_dims=(1,) tail_delta=0.1 tail_start=(6, 6, 6) returned_y=(3, 5, 0) returned_b=(0, 0, 0) returned_u=(0, 0, 0) returned_zcap=(3, 5, 0) max_tail_u=0",NA
120,P1_no_rho,31,277.0587397000054,5.652594599989243,8.533631899976172,0.15767179999966174,0.01,53120.062299127756,53120.062299127756,-68816.99486327401,-50526.43628891375,0.0,-24438.24272473206,-73126.89120282012,-73126.87653335423,-52970.490399089795,-24438.24272473206,28532.247674357735,28532.247674357735,-19387.92854136866,37987.0,nan,nan,1.5000000000000002,10.0,0.0,0.0,10.0,0.85,CORE,MAIN,1.2071179344399512,0.27489350955292113,0.6,0.174,-52970.490399089795,STRUCTURAL,-0.9431112045697311,-194117.01486978863,27900.0,0,0,0,0,0,0,0,inf,inf,NA,1,5,5,5,27,6,0,0,CONTINUE,0,A,1,1,0,KEEP_STRUCTURAL_IN_ON_CUT,2,3,0,0,"tail_cont_enabled=1 tail_active_dims=(1,) tail_delta=0.1 tail_start=(6, 6, 6) returned_y=(3, 5, 0) returned_b=(0, 0, 0) returned_u=(0, 0, 0) returned_zcap=(3, 5, 0) max_tail_u=0",NA
120,P1_no_rho,32,282.2912221000297,5.652594599989243,5.232049599988386,0.16717369994148612,0.01,72877.3354033544,72877.3354033544,-68816.99486327401,-47562.84532327975,0.0,-24438.24272473206,-77144.2983310244,-77144.28279942904,-52970.490399089795,-24438.24272473206,28532.247674357735,28532.247674357735,-21951.09450290487,38470.5,nan,nan,1.5000000000000002,10.0,0.0,0.0,10.0,0.85,CORE,MAIN,1.207686212790803,0.25964508587554413,0.6,0.174,-52970.490399089795,STRUCTURAL,-0.9564590755084919,-194117.01486978863,27900.0,0,0,0,0,0,0,0,inf,inf,NA,1,5,5,5,27,6,0,0,CONTINUE,0,A,1,1,0,KEEP_STRUCTURAL_IN_ON_CUT,2,3,0,0,"tail_cont_enabled=1 tail_active_dims=(1,) tail_delta=0.1 tail_start=(6, 6, 6) returned_y=(3, 5, 0) returned_b=(0, 0, 0) returned_u=(0, 0, 0) returned_zcap=(3, 5, 0) max_tail_u=0",NA
120,P1_no_rho,33,291.8475642000558,5.652594599989243,9.555733300046995,0.1678344999672845,0.01,53862.73955468267,53862.73955468267,-68816.99486327401,-50415.03470058051,0.0,-24438.24272473206,-78319.27731972926,-78319.26155570653,-52970.490399089795,-24438.24272473206,28532.247674357735,28532.247674357735,-23602.805657762012,38038.5,nan,nan,1.5000000000000002,10.0,0.0,0.0,10.0,0.85,CORE,MAIN,1.207524669988095,0.2618405141621848,0.6,0.174,-52970.490399089795,STRUCTURAL,-0.9589662385555773,-194117.01486978863,27900.0,0,0,0,0,0,0,0,inf,inf,NA,1,5,5,5,27,6,0,0,CONTINUE,0,A,1,1,0,KEEP_STRUCTURAL_IN_ON_CUT,2,3,0,0,"tail_cont_enabled=1 tail_active_dims=(1,) tail_delta=0.1 tail_start=(6, 6, 6) returned_y=(5, 1, 2) returned_b=(0, 0, 0) returned_u=(0, 0, 0) returned_zcap=(5, 1, 2) max_tail_u=0",NA
120,P1_no_rho,34,301.46919980004895,5.652594599989243,9.620970600051805,0.1725962000200525,0.01,63529.68408078302,63529.68408078302,-68816.99486327401,-48964.993021665454,0.0,-24438.24272473206,-77884.53744196428,-77884.5219177501,-52970.490399089795,-24438.24272473206,28532.247674357735,28532.247674357735,-23238.433981200516,40630.0,nan,nan,1.5000000000000002,10.0,0.0,0.0,10.0,0.85,CORE,MAIN,1.2078478786017146,0.25357705118983254,0.6,0.174,-52970.490399089795,STRUCTURAL,-0.8966459584305452,-194117.01486978863,27900.0,0,0,0,0,0,0,0,inf,inf,NA,1,5,5,5,27,6,0,0,CONTINUE,0,A,1,1,0,KEEP_STRUCTURAL_IN_ON_CUT,2,3,0,0,"tail_cont_enabled=1 tail_active_dims=(1,) tail_delta=0.1 tail_start=(6, 6, 6) returned_y=(0, 0, 6) returned_b=(0, 0, 1) returned_u=(0, 0, 0) returned_zcap=(0, 0, 6) max_tail_u=0",NA
120,P1_no_rho,35,322.0497467999812,5.652594599989243,20.5799383999547,0.1690002999966964,0.01,68179.0142894013,68179.0142894013,-68816.99486327401,-48267.59349037272,0.0,-24438.24272473206,-78842.1509842562,-78842.1360995638,-52970.490399089795,-24438.24272473206,28532.247674357735,28532.247674357735,-21792.34593186891,41765.0,nan,nan,1.5000000000000002,10.0,0.0,0.0,10.0,0.85,CORE,MAIN,1.2082961510729193,0.2650268153501788,0.6,0.174,-52970.490399089795,STRUCTURAL,-0.9106475145487832,-194117.01486978863,27900.0,0,0,0,0,0,0,0,inf,inf,NA,1,5,5,5,27,6,0,0,CONTINUE,0,A,1,1,0,KEEP_STRUCTURAL_IN_ON_CUT,2,3,0,0,"tail_cont_enabled=1 tail_active_dims=(1,) tail_delta=0.1 tail_start=(6, 6, 6) returned_y=(0, 0, 6) returned_b=(0, 0, 1) returned_u=(0, 0, 0) returned_zcap=(0, 0, 6) max_tail_u=0",NA
120,P1_no_rho,36,329.92028419999406,5.652594599989243,7.8701301999390125,0.1594749999931082,0.01,40354.97401263275,40354.97401263275,-68816.99486327401,-52441.199531888,0.0,-24438.24272473206,-70949.01994956897,-70949.00556894236,-52970.490399089795,-24438.24272473206,28532.247674357735,28532.247674357735,-19543.767043302385,36328.5,nan,nan,1.5000000000000002,10.0,0.0,0.0,10.0,0.85,CORE,MAIN,1.208664475642907,0.25000983740203564,0.6,0.174,-52970.490399089795,STRUCTURAL,-0.9433408760915892,-194117.01486978863,27900.0,0,0,0,0,0,0,0,inf,inf,NA,1,5,5,5,27,6,0,0,CONTINUE,0,A,1,1,0,KEEP_STRUCTURAL_IN_ON_CUT,2,3,0,0,"tail_cont_enabled=1 tail_active_dims=(1,) tail_delta=0.1 tail_start=(6, 6, 6) returned_y=(2, 0, 5) returned_b=(0, 0, 0) returned_u=(0, 0, 0) returned_zcap=(2, 0, 5) max_tail_u=0",NA
120,P1_no_rho,37,333.1110725000035,5.652594599989243,3.1901110999751836,0.19747979997191578,0.01,47973.63120456413,47973.63120456413,-68816.99486327401,-51298.40095309829,0.0,-24438.24272473206,-75955.83486331037,-75955.81964417908,-52970.490399089795,-24438.24272473206,28532.247674357735,28532.247674357735,-22237.906770510417,39014.5,nan,nan,1.5000000000000002,10.0,0.0,0.0,10.0,0.85,CORE,MAIN,1.2085399005686992,0.24215902298678138,0.6,0.174,-52970.490399089795,STRUCTURAL,-0.9179136453313282,-194117.01486978863,27900.0,0,0,0,0,0,0,0,inf,inf,NA,2,6,6,6,27,6,0,0,CONTINUE,0,A,1,1,0,KEEP_STRUCTURAL_IN_ON_CUT,2,3,0,0,"tail_cont_enabled=1 tail_active_dims=(1,) tail_delta=0.1 tail_start=(6, 6, 6) returned_y=(0, 6, 1) returned_b=(0, 1, 0) returned_u=(0, 0.1, 0) returned_zcap=(0, 6.1, 1) max_tail_u=0.1",NA
120,P1_no_rho,38,337.7016060000751,5.652594599989243,4.590007100021467,0.18040249997284263,0.01,69148.41775765823,69148.41775765823,-68816.99486327401,-48122.18297013418,0.0,-24438.24272473206,-75955.96273121121,-75955.9478050269,-52970.490399089795,-24438.24272473206,28532.247674357735,28532.247674357735,-19927.156953444275,39324.0,nan,nan,1.5000000000000002,10.0,0.0,0.0,10.0,0.85,CORE,MAIN,1.208457267813222,0.2607310517407213,0.6,0.174,-52970.490399089795,STRUCTURAL,-0.9498659148201711,-194117.01486978863,27900.0,0,0,0,0,0,0,0,inf,inf,NA,2,6,6,6,27,7,0,0,CONTINUE,0,A,1,1,0,KEEP_STRUCTURAL_IN_ON_CUT,2,3,1,0,"tail_cont_enabled=1 tail_active_dims=(1,) tail_delta=0.1 tail_start=(6, 6, 6) returned_y=(6, 2, 0) returned_b=(1, 0, 0) returned_u=(0, 0, 0) returned_zcap=(6, 2, 0) max_tail_u=0",NA
120,P1_no_rho,39,344.43937460007146,5.652594599989243,6.737294799997471,0.19220749998930842,0.01,54228.93286941239,54228.93286941239,-68816.99486327401,-50360.10570337105,0.0,-24438.24272473206,-77624.24659828933,-77624.23108297824,-52970.490399089795,-24438.24272473206,28532.247674357735,28532.247674357735,-21897.33418093961,39351.5,nan,nan,1.5000000000000002,10.0,0.0,0.0,10.0,0.85,CORE,MAIN,1.2081368050378378,0.23545768161875946,0.6,0.174,-52970.490399089795,STRUCTURAL,-0.9440876358298685,-194117.01486978863,27900.0,0,0,0,0,0,0,0,inf,inf,NA,2,6,6,6,28,6,0,0,CONTINUE,0,A,1,1,0,KEEP_STRUCTURAL_IN_ON_CUT,2,3,0,0,"tail_cont_enabled=1 tail_active_dims=(1,) tail_delta=0.1 tail_start=(6, 6, 6) returned_y=(3, 5, 0) returned_b=(0, 0, 0) returned_u=(0, 0, 0) returned_zcap=(3, 5, 0) max_tail_u=0",NA
120,P1_no_rho,40,364.75072770006955,5.652594599989243,20.31077229999937,0.20282779994886369,0.01,54389.175702039254,54389.175702039254,-68816.99486327401,-50336.06927847702,0.0,-24438.24272473206,-78729.97163796864,-78729.95582277629,-52970.490399089795,-24438.24272473206,28532.247674357735,28532.247674357735,-23388.306411368067,39141.5,nan,nan,1.5000000000000002,10.0,0.0,0.0,10.0,0.85,CORE,MAIN,1.2075253323468236,0.2536074094457923,0.6,0.174,-52970.490399089795,STRUCTURAL,-0.9425911868717041,-194117.01486978863,27900.0,0,0,0,0,0,0,0,inf,inf,NA,2,6,6,6,28,6,0,0,CONTINUE,0,A,1,1,0,KEEP_STRUCTURAL_IN_ON_CUT,2,3,0,0,"tail_cont_enabled=1 tail_active_dims=(1,) tail_delta=0.1 tail_start=(6, 6, 6) returned_y=(6, 0, 2) returned_b=(1, 0, 0) returned_u=(0, 0, 0) returned_zcap=(6, 0, 2) max_tail_u=0",NA
120,P1_no_rho,41,372.3631852000253,5.652594599989243,7.612025500042364,0.16536940005607903,0.01,54745.96860389822,54745.96860389822,-68816.99486327401,-50282.55034319818,0.0,-24438.24272473206,-76099.0106845703,-76098.99538644453,-52970.490399089795,-24438.24272473206,28532.247674357735,28532.247674357735,-22837.195623658572,38441.0,nan,nan,1.5000000000000002,10.0,0.0,0.0,10.0,0.85,CORE,MAIN,1.2074788778790713,0.2611595620201793,0.6,0.174,-52970.490399089795,STRUCTURAL,-0.9236977838381925,-194117.01486978863,27900.0,0,0,0,0,0,0,0,inf,inf,NA,1,5,5,5,28,6,0,0,CONTINUE,0,A,1,1,0,KEEP_STRUCTURAL_IN_ON_CUT,2,3,0,0,"tail_cont_enabled=1 tail_active_dims=(1,) tail_delta=0.1 tail_start=(6, 6, 6) returned_y=(2, 0, 5) returned_b=(0, 0, 0) returned_u=(0, 0, 0) returned_zcap=(2, 0, 5) max_tail_u=0",NA
120,P1_no_rho,42,378.9003854000475,5.652594599989243,6.536621900042519,0.16727350000292063,0.01,56991.287660298796,56991.287660298796,-68816.99486327401,-49945.75248473809,0.0,-24438.24272473206,-79885.76534978233,-79885.74966755213,-52970.490399089795,-24438.24272473206,28532.247674357735,28532.247674357735,-23465.695235070823,40054.5,nan,nan,1.5000000000000002,10.0,0.0,0.0,10.0,0.85,CORE,MAIN,1.209978780011946,0.26321888065426813,0.6,0.174,-52970.490399089795,STRUCTURAL,-0.9390547784057772,-194117.01486978863,27900.0,0,0,0,0,0,0,0,inf,inf,NA,1,5,5,5,28,6,0,0,CONTINUE,0,A,1,1,0,KEEP_STRUCTURAL_IN_ON_CUT,2,3,0,0,"tail_cont_enabled=1 tail_active_dims=(1,) tail_delta=0.1 tail_start=(6, 6, 6) returned_y=(2, 0, 5) returned_b=(0, 0, 0) returned_u=(0, 0, 0) returned_zcap=(2, 0, 5) max_tail_u=0",NA
120,P1_no_rho,43,384.8518725000322,5.652594599989243,5.950902299955487,0.23095989995636046,0.01,69749.65455142138,69749.65455142138,-68816.99486327401,-48031.99745106971,0.0,-24438.24272473206,-72023.24661957056,-72023.23205068911,-52970.490399089795,-24438.24272473206,28532.247674357735,28532.247674357735,-19876.022814863365,36483.0,nan,nan,1.5000000000000002,10.0,0.0,0.0,10.0,0.85,CORE,MAIN,1.2100952330951789,0.2778523809466762,0.6,0.174,-52970.490399089795,STRUCTURAL,-0.9529042610864554,-194117.01486978863,27900.0,0,0,0,0,0,0,0,inf,inf,NA,1,5,5,5,28,6,0,0,CONTINUE,0,A,1,1,0,KEEP_STRUCTURAL_IN_ON_CUT,2,3,0,0,"tail_cont_enabled=1 tail_active_dims=(1,) tail_delta=0.1 tail_start=(6, 6, 6) returned_y=(2, 0, 5) returned_b=(0, 0, 0) returned_u=(0, 0, 0) returned_zcap=(2, 0, 5) max_tail_u=0",NA
120,P1_no_rho,44,391.84119060006924,5.652594599989243,6.988762799999677,0.16586500010453165,0.01,54306.25727887361,54306.25727887361,-68816.99486327401,-50348.50704195187,0.0,-24438.24272473206,-71186.48789265996,-71186.47335619756,-52970.490399089795,-24438.24272473206,28532.247674357735,28532.247674357735,-19627.346215018602,36741.0,nan,nan,1.5000000000000002,10.0,0.0,0.0,10.0,0.85,CORE,MAIN,1.2105277413750306,0.25249503246809657,0.6,0.174,-52970.490399089795,STRUCTURAL,-0.9355420763575472,-194117.01486978863,27900.0,0,0,0,0,0,0,0,inf,inf,NA,1,5,5,5,28,6,0,0,CONTINUE,0,A,1,1,0,KEEP_STRUCTURAL_IN_ON_CUT,2,3,0,0,"tail_cont_enabled=1 tail_active_dims=(1,) tail_delta=0.1 tail_start=(6, 6, 6) returned_y=(3, 5, 0) returned_b=(0, 0, 0) returned_u=(0, 0, 0) returned_zcap=(3, 5, 0) max_tail_u=0",NA
120,P1_no_rho,45,408.3446365999989,5.652594599989243,16.502905700006522,0.167090900009498,0.01,61791.63730473916,61791.63730473916,-68816.99486327401,-49225.700038072035,0.0,-24438.24272473206,-83806.5724844679,-83806.55628480902,-52970.490399089795,-24438.24272473206,28532.247674357735,28532.247674357735,-24598.01729839933,42506.0,nan,nan,1.5000000000000002,10.0,0.0,0.0,10.0,0.85,CORE,MAIN,1.2089093776812425,0.24746435298859915,0.6,0.174,-52970.490399089795,STRUCTURAL,-0.9286302951177041,-194117.01486978863,27900.0,0,0,0,0,0,0,0,inf,inf,NA,1,5,5,5,28,6,0,0,CONTINUE,0,A,1,1,0,KEEP_STRUCTURAL_IN_ON_CUT,2,3,0,0,"tail_cont_enabled=1 tail_active_dims=(1,) tail_delta=0.1 tail_start=(6, 6, 6) returned_y=(0, 6, 1) returned_b=(0, 1, 0) returned_u=(0, 0.1, 0) returned_zcap=(0, 6.1, 1) max_tail_u=0.1",NA
120,P1_no_rho,46,415.4173729000613,5.652594599989243,7.072348800022155,0.15574469999410212,0.01,62189.05217674004,62189.05217674004,-68816.99486327401,-49166.087807271906,0.0,-24438.24272473206,-79366.45648217043,-79366.44059486821,-52970.490399089795,-24438.24272473206,28532.247674357735,28532.247674357735,-23035.279794794067,39408.5,nan,nan,1.5000000000000002,10.0,0.0,0.0,10.0,0.85,CORE,MAIN,1.207627188290453,0.26218129379518884,0.6,0.174,-52970.490399089795,STRUCTURAL,-0.9529443444954621,-194117.01486978863,27900.0,0,0,0,0,0,0,0,inf,inf,NA,1,5,5,5,28,6,0,0,CONTINUE,0,A,1,1,0,KEEP_STRUCTURAL_IN_ON_CUT,2,3,0,0,"tail_cont_enabled=1 tail_active_dims=(1,) tail_delta=0.1 tail_start=(6, 6, 6) returned_y=(0, 6, 1) returned_b=(0, 1, 0) returned_u=(0, 0.1, 0) returned_zcap=(0, 6.1, 1) max_tail_u=0.1",NA
120,P1_no_rho,47,421.1318618999794,5.652594599989243,5.713960299966857,0.17051800002809614,0.01,51882.887556752394,51882.887556752394,-68816.99486327401,-50712.01250027005,0.0,-24438.24272473206,-71913.3120755588,-71913.29727310379,-52970.490399089795,-24438.24272473206,28532.247674357735,28532.247674357735,-20273.941459415666,36841.0,nan,nan,1.5000000000000002,10.0,0.0,0.0,10.0,0.85,CORE,MAIN,1.2081015926836334,0.26715032756006796,0.6,0.174,-52970.490399089795,STRUCTURAL,-0.9344544721675688,-194117.01486978863,27900.0,0,0,0,0,0,0,0,inf,inf,NA,1,5,5,5,28,6,0,0,CONTINUE,0,A,1,1,0,KEEP_STRUCTURAL_IN_ON_CUT,2,3,0,0,"tail_cont_enabled=1 tail_active_dims=(1,) tail_delta=0.1 tail_start=(6, 6, 6) returned_y=(6, 0, 2) returned_b=(1, 0, 0) returned_u=(0, 0, 0) returned_zcap=(6, 0, 2) max_tail_u=0",NA
120,P1_no_rho,48,427.68727920006495,5.652594599989243,6.554759300081059,0.16461839992552996,0.01,57230.34361877891,57230.34361877891,-68816.99486327401,-49909.894090966074,0.0,-24438.24272473206,-81772.57279334201,-81772.55668115571,-52970.490399089795,-24438.24272473206,28532.247674357735,28532.247674357735,-24839.392293303827,40039.0,nan,nan,1.5000000000000002,10.0,0.0,0.0,10.0,0.85,CORE,MAIN,1.2072939696759606,0.25276283961763524,0.6,0.174,-52970.490399089795,STRUCTURAL,-0.9479618103657579,-194117.01486978863,27900.0,0,0,0,0,0,0,0,inf,inf,NA,1,5,5,5,28,6,0,0,CONTINUE,0,A,1,1,0,KEEP_STRUCTURAL_IN_ON_CUT,2,3,0,0,"tail_cont_enabled=1 tail_active_dims=(1,) tail_delta=0.1 tail_start=(6, 6, 6) returned_y=(6, 0, 2) returned_b=(1, 0, 0) returned_u=(0, 0, 0) returned_zcap=(6, 0, 2) max_tail_u=0",NA
120,P1_no_rho,49,438.4826291000936,5.652594599989243,10.794812599895522,0.1810088000493124,0.01,44116.52304361141,44116.52304361141,-68816.99486327401,-51876.9671772412,0.0,-24438.24272473206,-75737.28430490394,-75737.2690231809,-52970.490399089795,-24438.24272473206,28532.247674357735,28532.247674357735,-22651.206454355444,37668.0,nan,nan,1.5000000000000002,10.0,0.0,0.0,10.0,0.85,CORE,MAIN,1.206951308054599,0.24469588557232247,0.6,0.174,-52970.490399089795,STRUCTURAL,-0.9395430704899904,-194117.01486978863,27900.0,0,0,0,0,0,0,0,inf,inf,NA,2,6,6,6,28,6,0,0,CONTINUE,0,A,1,1,0,KEEP_STRUCTURAL_IN_ON_CUT,2,3,0,0,"tail_cont_enabled=1 tail_active_dims=(1,) tail_delta=0.1 tail_start=(6, 6, 6) returned_y=(5, 1, 2) returned_b=(0, 0, 0) returned_u=(0, 0, 0) returned_zcap=(5, 1, 2) max_tail_u=0",NA
120,P1_no_rho,50,460.4508726000786,5.652594599989243,21.967561000026762,0.1788148001069203,0.01,70635.08822447092,70635.08822447092,-68816.99486327401,-47899.18240011227,0.0,-24438.24272473206,-76926.2559785292,-76926.2406878029,-52970.490399089795,-24438.24272473206,28532.247674357735,28532.247674357735,-22111.32769806061,38554.0,nan,nan,1.5000000000000002,10.0,0.0,0.0,10.0,0.85,CORE,MAIN,1.206969767178536,0.25447260537615524,0.6,0.174,-52970.490399089795,STRUCTURAL,-0.947846535417722,-194117.01486978863,27900.0,0,0,0,0,0,0,0,inf,inf,NA,1,5,5,5,28,6,0,0,CONTINUE,0,A,1,1,0,KEEP_STRUCTURAL_IN_ON_CUT,2,3,0,0,"tail_cont_enabled=1 tail_active_dims=(1,) tail_delta=0.1 tail_start=(6, 6, 6) returned_y=(2, 0, 5) returned_b=(0, 0, 0) returned_u=(0, 0, 0) returned_zcap=(2, 0, 5) max_tail_u=0",NA
120,P1_no_rho,51,470.16557130008005,5.652594599989243,9.714125300059095,0.23632110003381968,0.01,76485.69668470127,76485.69668470127,-68816.99486327401,-47021.591131077716,0.0,-24438.24272473206,-76070.00618515651,-76069.99105191373,-52970.490399089795,-24438.24272473206,28532.247674357735,28532.247674357735,-21547.726170762475,39072.5,nan,nan,1.5000000000000002,10.0,0.0,0.0,10.0,0.85,CORE,MAIN,1.2075786052685378,0.25686807660294697,0.6,0.174,-52970.490399089795,STRUCTURAL,-0.9302751701947446,-194117.01486978863,27900.0,0,0,0,0,0,0,0,inf,inf,NA,1,5,5,5,28,6,0,0,CONTINUE,0,A,1,1,0,KEEP_STRUCTURAL_IN_ON_CUT,2,3,0,0,"tail_cont_enabled=1 tail_active_dims=(1,) tail_delta=0.1 tail_start=(6, 6, 6) returned_y=(0, 6, 1) returned_b=(0, 1, 0) returned_u=(0, 0.1, 0) returned_zcap=(0, 6.1, 1) max_tail_u=0.1",NA
120,P1_no_rho,52,476.905427300022,5.652594599989243,6.739119700039737,0.15619940008036792,0.01,51230.80959680717,51230.80959680717,-68816.99486327401,-50809.82419426183,0.0,-24438.24272473206,-73200.62828113262,-73200.61363845442,-52970.490399089795,-24438.24272473206,28532.247674357735,28532.247674357735,-20209.691187316424,38478.5,nan,nan,1.5000000000000002,10.0,0.0,0.0,10.0,0.85,CORE,MAIN,1.2088583706889322,0.2421945814623057,0.6,0.174,-52970.490399089795,STRUCTURAL,-0.9181044384290447,-194117.01486978863,27900.0,0,0,0,0,0,0,0,inf,inf,NA,1,5,5,5,28,6,0,0,CONTINUE,0,A,1,1,0,KEEP_STRUCTURAL_IN_ON_CUT,2,3,0,0,"tail_cont_enabled=1 tail_active_dims=(1,) tail_delta=0.1 tail_start=(6, 6, 6) returned_y=(0, 6, 1) returned_b=(0, 1, 0) returned_u=(0, 0.1, 0) returned_zcap=(0, 6.1, 1) max_tail_u=0.1",NA
120,P1_no_rho,53,487.29547020001337,5.652594599989243,10.389346199925058,0.15814019995741546,0.01,54179.1248928039,54179.1248928039,-68816.99486327401,-50367.576899862324,0.0,-24438.24272473206,-78418.48521216535,-78418.4695592817,-52970.490399089795,-24438.24272473206,28532.247674357735,28532.247674357735,-22317.980381868692,39393.5,nan,nan,1.5000000000000002,10.0,0.0,0.0,10.0,0.85,CORE,MAIN,1.2097141150944926,0.2549578505812816,0.6,0.174,-52970.490399089795,STRUCTURAL,-0.9494034832719948,-194117.01486978863,27900.0,0,0,0,0,0,0,0,inf,inf,NA,1,5,5,5,28,6,0,0,CONTINUE,0,A,1,1,0,KEEP_STRUCTURAL_IN_ON_CUT,2,3,0,0,"tail_cont_enabled=1 tail_active_dims=(1,) tail_delta=0.1 tail_start=(6, 6, 6) returned_y=(0, 6, 1) returned_b=(0, 1, 0) returned_u=(0, 0.1, 0) returned_zcap=(0, 6.1, 1) max_tail_u=0.1",NA
120,P1_no_rho,54,496.2025866000913,5.652594599989243,8.906524599995464,0.18430319998878986,0.01,70852.38583461392,70852.38583461392,-68816.99486327401,-47866.587758590824,0.0,-24438.24272473206,-76527.7895851689,-76527.7741638614,-52970.490399089795,-24438.24272473206,28532.247674357735,28532.247674357735,-21616.452831470917,38508.0,nan,nan,1.5000000000000002,10.0,0.0,0.0,10.0,0.85,CORE,MAIN,1.210574840474807,0.2653021819599859,0.6,0.174,-52970.490399089795,STRUCTURAL,-0.9506478538206858,-194117.01486978863,27900.0,0,0,0,0,0,0,0,inf,inf,NA,1,5,5,5,28,6,0,0,CONTINUE,0,A,1,1,0,KEEP_STRUCTURAL_IN_ON_CUT,2,3,0,0,"tail_cont_enabled=1 tail_active_dims=(1,) tail_delta=0.1 tail_start=(6, 6, 6) returned_y=(2, 0, 5) returned_b=(0, 0, 0) returned_u=(0, 0, 0) returned_zcap=(2, 0, 5) max_tail_u=0",NA
120,P1_no_rho,55,515.8778071000706,5.652594599989243,19.67477110004984,0.18728039995767176,0.01,48376.42823174348,48376.42823174348,-68816.99486327401,-51237.98139902139,0.0,-24438.24272473206,-73134.00816420258,-73133.99336538374,-52970.490399089795,-24438.24272473206,28532.247674357735,28532.247674357735,-20702.190528246272,36737.5,nan,nan,1.5000000000000002,10.0,0.0,0.0,10.0,0.85,CORE,MAIN,1.2117578214051399,0.2510725343425487,0.6,0.174,-52970.490399089795,STRUCTURAL,-0.951467444022002,-194117.01486978863,27900.0,0,0,0,0,0,0,0,inf,inf,NA,1,5,5,5,28,6,0,0,CONTINUE,0,A,1,1,0,KEEP_STRUCTURAL_IN_ON_CUT,2,3,0,0,"tail_cont_enabled=1 tail_active_dims=(1,) tail_delta=0.1 tail_start=(6, 6, 6) returned_y=(6, 0, 2) returned_b=(1, 0, 0) returned_u=(0, 0, 0) returned_zcap=(6, 0, 2) max_tail_u=0",NA
120,P1_no_rho,56,526.5775621000212,5.652594599989243,10.699209499987774,0.16988549998495728,0.01,49337.938546136254,49337.938546136254,-68816.99486327401,-51093.75485186247,0.0,-24438.24272473206,-75208.09708004426,-75208.08190110166,-52970.490399089795,-24438.24272473206,28532.247674357735,28532.247674357735,-20845.65741065802,38342.5,nan,nan,1.5000000000000002,10.0,0.0,0.0,10.0,0.85,CORE,MAIN,1.212573492989237,0.25438481490083176,0.6,0.174,-52970.490399089795,STRUCTURAL,-0.9452074415325664,-194117.01486978863,27900.0,0,0,0,0,0,0,0,inf,inf,NA,1,5,5,5,28,6,0,0,CONTINUE,0,A,1,1,0,KEEP_STRUCTURAL_IN_ON_CUT,2,3,0,0,"tail_cont_enabled=1 tail_active_dims=(1,) tail_delta=0.1 tail_start=(6, 6, 6) returned_y=(6, 0, 2) returned_b=(1, 0, 0) returned_u=(0, 0, 0) returned_zcap=(6, 0, 2) max_tail_u=0",NA
120,P1_no_rho,57,536.6866304000141,5.652594599989243,10.108446800033562,0.18370479997247458,0.01,58779.60674818645,58779.60674818645,-68816.99486327401,-49677.50462155494,0.0,-24438.24272473206,-79716.78866264259,-79716.77280905868,-52970.490399089795,-24438.24272473206,28532.247674357735,28532.247674357735,-23966.281166438966,39066.0,nan,nan,1.5000000000000002,10.0,0.0,0.0,10.0,0.85,CORE,MAIN,1.2122008931214983,0.24443678927709422,0.6,0.174,-52970.490399089795,STRUCTURAL,-0.9513898128401462,-194117.01486978863,27900.0,0,0,0,0,0,0,0,inf,inf,NA,1,5,5,5,28,6,0,0,CONTINUE,0,A,1,1,0,KEEP_STRUCTURAL_IN_ON_CUT,2,3,0,0,"tail_cont_enabled=1 tail_active_dims=(1,) tail_delta=0.1 tail_start=(6, 6, 6) returned_y=(6, 0, 2) returned_b=(1, 0, 0) returned_u=(0, 0, 0) returned_zcap=(6, 0, 2) max_tail_u=0",NA
120,P1_no_rho,58,543.6053793000756,5.652594599989243,6.918402400100604,0.18088429991621524,0.01,49018.705633788515,49018.705633788515,-68816.99486327401,-51141.63978871463,0.0,-24438.24272473206,-74397.05625210807,-74397.04129814889,-52970.490399089795,-24438.24272473206,28532.247674357735,28532.247674357735,-20339.985866092004,38301.5,nan,nan,1.5000000000000002,10.0,0.0,0.0,10.0,0.85,CORE,MAIN,1.2123268704220984,0.2652270286128824,0.6,0.174,-52970.490399089795,STRUCTURAL,-0.94090406262691,-194117.01486978863,27900.0,0,0,0,0,0,0,0,inf,inf,NA,1,5,5,5,28,6,0,0,CONTINUE,0,A,1,1,0,KEEP_STRUCTURAL_IN_ON_CUT,2,3,0,0,"tail_cont_enabled=1 tail_active_dims=(1,) tail_delta=0.1 tail_start=(6, 6, 6) returned_y=(3, 5, 0) returned_b=(0, 0, 0) returned_u=(0, 0, 0) returned_zcap=(3, 5, 0) max_tail_u=0",NA
120,P1_no_rho,59,553.6891123000532,5.652594599989243,10.083099800045602,0.16892680001910776,0.01,62164.790910113385,62164.790910113385,-68816.99486327401,-49169.7269972659,0.0,-24438.24272473206,-75394.63268836316,-75394.61767974889,-52970.490399089795,-24438.24272473206,28532.247674357735,28532.247674357735,-20699.794339820266,39128.5,nan,nan,1.5000000000000002,10.0,0.0,0.0,10.0,0.85,CORE,MAIN,1.2126409715440776,0.2550926299606112,0.6,0.174,-52970.490399089795,STRUCTURAL,-0.9318838074537077,-194117.01486978863,27900.0,0,0,0,0,0,0,0,inf,inf,NA,1,5,5,5,28,6,0,0,CONTINUE,0,A,1,1,0,KEEP_STRUCTURAL_IN_ON_CUT,2,3,0,0,"tail_cont_enabled=1 tail_active_dims=(1,) tail_delta=0.1 tail_start=(6, 6, 6) returned_y=(0, 6, 1) returned_b=(0, 1, 0) returned_u=(0, 0.1, 0) returned_zcap=(0, 6.1, 1) max_tail_u=0.1",NA
120,P1_no_rho,60,577.9234357000096,5.652594599989243,24.23377980000805,0.16240249993279576,0.01,51472.95188196121,51472.95188196121,-68816.99486327401,-50773.50285148872,0.0,-24438.24272473206,-77697.74717316972,-77697.73167782428,-52970.490399089795,-24438.24272473206,28532.247674357735,28532.247674357735,-22538.192517704094,39542.0,nan,nan,1.5000000000000002,10.0,0.0,0.0,10.0,0.85,CORE,MAIN,1.2124587786642054,0.2587106888181294,0.6,0.174,-52970.490399089795,STRUCTURAL,-0.9299738532888264,-194117.01486978863,27900.0,0,0,0,0,0,0,0,inf,inf,NA,1,5,5,5,28,6,0,0,CONTINUE,0,A,1,1,0,KEEP_STRUCTURAL_IN_ON_CUT,2,3,0,0,"tail_cont_enabled=1 tail_active_dims=(1,) tail_delta=0.1 tail_start=(6, 6, 6) returned_y=(0, 6, 1) returned_b=(0, 1, 0) returned_u=(0, 0.1, 0) returned_zcap=(0, 6.1, 1) max_tail_u=0.1",NA
120,P1_no_rho,61,587.1553436000831,5.652594599989243,9.231472100014798,0.1829476000275463,0.01,57341.27191711528,57341.27191711528,-68816.99486327401,-49893.25484621562,0.0,-24438.24272473206,-79639.51769451401,-79639.50158872365,-52970.490399089795,-24438.24272473206,28532.247674357735,28532.247674357735,-23778.529475799616,38368.5,nan,nan,1.5000000000000002,10.0,0.0,0.0,10.0,0.85,CORE,MAIN,1.2123946053746997,0.24021963395262225,0.6,0.174,-52970.490399089795,STRUCTURAL,-0.9706047428302562,-194117.01486978863,27900.0,0,0,0,0,0,0,0,inf,inf,NA,1,5,5,5,28,6,0,0,CONTINUE,0,A,1,1,0,KEEP_STRUCTURAL_IN_ON_CUT,2,3,0,0,"tail_cont_enabled=1 tail_active_dims=(1,) tail_delta=0.1 tail_start=(6, 6, 6) returned_y=(5, 1, 2) returned_b=(0, 0, 0) returned_u=(0, 0, 0) returned_zcap=(5, 1, 2) max_tail_u=0",NA
120,P1_no_rho,62,598.0327229000395,5.652594599989243,10.876799599966034,0.1732837000163272,0.01,64655.12058038891,64655.12058038891,-68816.99486327401,-48796.177546724575,0.0,-24438.24272473206,-75359.94290251611,-75359.92768638175,-52970.490399089795,-24438.24272473206,28532.247674357735,28532.247674357735,-21116.789337754028,37877.5,nan,nan,1.5000000000000002,10.0,0.0,0.0,10.0,0.85,CORE,MAIN,1.2127500400152986,0.26311845104917597,0.6,0.174,-52970.490399089795,STRUCTURAL,-0.9547116951334821,-194117.01486978863,27900.0,0,0,0,0,0,0,0,inf,inf,NA,1,5,5,5,28,6,0,0,CONTINUE,0,A,1,1,0,KEEP_STRUCTURAL_IN_ON_CUT,2,3,0,0,"tail_cont_enabled=1 tail_active_dims=(1,) tail_delta=0.1 tail_start=(6, 6, 6) returned_y=(2, 0, 5) returned_b=(0, 0, 0) returned_u=(0, 0, 0) returned_zcap=(2, 0, 5) max_tail_u=0",NA
120,P1_no_rho,63,606.9067247000057,5.652594599989243,8.873557799961418,0.1644214999396354,0.01,57594.55578774559,57594.55578774559,-68816.99486327401,-49855.26226562107,0.0,-24438.24272473206,-74103.16769232998,-74103.15267260496,-52970.490399089795,-24438.24272473206,28532.247674357735,28532.247674357735,-19842.69608847867,37785.0,nan,nan,1.5000000000000002,10.0,0.0,0.0,10.0,0.85,CORE,MAIN,1.2134883733064048,0.2602518237796936,0.6,0.174,-52970.490399089795,STRUCTURAL,-0.95735444548765,-194117.01486978863,27900.0,0,0,0,0,0,0,0,inf,inf,NA,1,5,5,5,28,6,0,0,CONTINUE,0,A,1,1,0,KEEP_STRUCTURAL_IN_ON_CUT,2,3,0,0,"tail_cont_enabled=1 tail_active_dims=(1,) tail_delta=0.1 tail_start=(6, 6, 6) returned_y=(6, 0, 2) returned_b=(1, 0, 0) returned_u=(0, 0, 0) returned_zcap=(6, 0, 2) max_tail_u=0",NA
120,P1_no_rho,64,613.8030560000334,5.652594599989243,6.8957908999873325,0.15987899992614985,0.01,50705.12613573286,50705.12613573286,-68816.99486327401,-50888.67671342298,0.0,-24438.24272473206,-74997.21289622576,-74997.19778003983,-52970.490399089795,-24438.24272473206,28532.247674357735,28532.247674357735,-21943.06773798752,37405.0,nan,nan,1.5000000000000002,10.0,0.0,0.0,10.0,0.85,CORE,MAIN,1.214017583566685,0.24470577573934782,0.6,0.174,-52970.490399089795,STRUCTURAL,-0.9455800034229348,-194117.01486978863,27900.0,0,0,0,0,0,0,0,inf,inf,NA,1,5,5,5,28,6,0,0,CONTINUE,0,A,1,1,0,KEEP_STRUCTURAL_IN_ON_CUT,2,3,0,0,"tail_cont_enabled=1 tail_active_dims=(1,) tail_delta=0.1 tail_start=(6, 6, 6) returned_y=(6, 0, 2) returned_b=(1, 0, 0) returned_u=(0, 0, 0) returned_zcap=(6, 0, 2) max_tail_u=0",NA
120,P1_no_rho,65,637.2169223000528,5.652594599989243,23.413332000025548,0.16902440006379038,0.01,58676.020569448265,58676.020569448265,-68816.99486327401,-49693.04254836567,0.0,-24438.24272473206,-75797.95430918175,-75797.9390029091,-52970.490399089795,-24438.24272473206,28532.247674357735,28532.247674357735,-21868.455830513303,38812.0,nan,nan,1.5000000000000002,10.0,0.0,0.0,10.0,0.85,CORE,MAIN,1.2142834619474474,0.25246059362036055,0.6,0.174,-52970.490399089795,STRUCTURAL,-0.9263369262495413,-194117.01486978863,27900.0,0,0,0,0,0,0,0,inf,inf,NA,1,5,5,5,28,6,0,0,CONTINUE,0,A,1,1,0,KEEP_STRUCTURAL_IN_ON_CUT,2,3,0,0,"tail_cont_enabled=1 tail_active_dims=(1,) tail_delta=0.1 tail_start=(6, 6, 6) returned_y=(3, 5, 0) returned_b=(0, 0, 0) returned_u=(0, 0, 0) returned_zcap=(3, 5, 0) max_tail_u=0",NA
120,P1_no_rho,66,646.9500431000488,5.652594599989243,9.732447999995202,0.15723799995612353,0.01,65332.53395724351,65332.53395724351,-68816.99486327401,-48694.56554019638,0.0,-24438.24272473206,-78409.41579288158,-78409.40040353258,-52970.490399089795,-24438.24272473206,28532.247674357735,28532.247674357735,-21166.852523030182,40165.5,nan,nan,1.5000000000000002,10.0,0.0,0.0,10.0,0.85,CORE,MAIN,1.2139979559395289,0.2581860601207624,0.6,0.174,-52970.490399089795,STRUCTURAL,-0.950111378845068,-194117.01486978863,27900.0,0,0,0,0,0,0,0,inf,inf,NA,1,5,5,5,28,6,0,0,CONTINUE,0,A,1,1,0,KEEP_STRUCTURAL_IN_ON_CUT,2,3,0,0,"tail_cont_enabled=1 tail_active_dims=(1,) tail_delta=0.1 tail_start=(6, 6, 6) returned_y=(0, 6, 1) returned_b=(0, 1, 0) returned_u=(0, 0.1, 0) returned_zcap=(0, 6.1, 1) max_tail_u=0.1",NA
120,P1_no_rho,67,653.7734561000252,5.652594599989243,6.822978900047019,0.21371969999745488,0.01,51896.54388928019,51896.54388928019,-68816.99486327401,-50709.96405039088,0.0,-24438.24272473206,-81225.22318030125,-81225.20744417561,-52970.490399089795,-24438.24272473206,28532.247674357735,28532.247674357735,-22838.29416586218,41293.0,nan,nan,1.5000000000000002,10.0,0.0,0.0,10.0,0.85,CORE,MAIN,1.2130648260575871,0.2429937714032696,0.6,0.174,-52970.490399089795,STRUCTURAL,-0.9426442460516057,-194117.01486978863,27900.0,0,0,0,0,0,0,0,inf,inf,NA,1,5,5,5,28,6,0,0,CONTINUE,0,A,1,1,0,KEEP_STRUCTURAL_IN_ON_CUT,2,3,0,0,"tail_cont_enabled=1 tail_active_dims=(1,) tail_delta=0.1 tail_start=(6, 6, 6) returned_y=(0, 6, 1) returned_b=(0, 1, 0) returned_u=(0, 0.1, 0) returned_zcap=(0, 6.1, 1) max_tail_u=0.1",NA
120,P1_no_rho,68,662.757112500025,5.652594599989243,8.98298930004239,0.1731162000214681,0.01,48356.59901225456,48356.59901225456,-68816.99486327401,-51240.95578194472,0.0,-24438.24272473206,-76321.06603623189,-76321.05053888215,-52970.490399089795,-24438.24272473206,28532.247674357735,28532.247674357735,-21966.29582771404,37217.5,nan,nan,1.5000000000000002,10.0,0.0,0.0,10.0,0.85,CORE,MAIN,1.2127544771250633,0.2626906496590675,0.6,0.174,-52970.490399089795,STRUCTURAL,-0.973641516511822,-194117.01486978863,27900.0,0,0,0,0,0,0,0,inf,inf,NA,1,5,5,5,28,6,0,0,CONTINUE,0,A,1,1,0,KEEP_STRUCTURAL_IN_ON_CUT,2,3,0,0,"tail_cont_enabled=1 tail_active_dims=(1,) tail_delta=0.1 tail_start=(6, 6, 6) returned_y=(5, 1, 2) returned_b=(0, 0, 0) returned_u=(0, 0, 0) returned_zcap=(5, 1, 2) max_tail_u=0",NA
120,P1_no_rho,69,673.0567218000069,5.652594599989243,10.299147699959576,0.17282440001145005,0.01,61791.05717729379,61791.05717729379,-68816.99486327401,-49225.78705718884,0.0,-24438.24272473206,-76666.03797726009,-76666.02251419963,-52970.490399089795,-24438.24272473206,28532.247674357735,28532.247674357735,-22018.326387749872,37886.0,nan,nan,1.5000000000000002,10.0,0.0,0.0,10.0,0.85,CORE,MAIN,1.2131452438442807,0.2596986179773718,0.6,0.174,-52970.490399089795,STRUCTURAL,-0.9616163600705582,-194117.01486978863,27900.0,0,0,0,0,0,0,0,inf,inf,NA,1,5,5,5,28,6,0,0,CONTINUE,0,A,1,1,0,KEEP_STRUCTURAL_IN_ON_CUT,2,3,0,0,"tail_cont_enabled=1 tail_active_dims=(1,) tail_delta=0.1 tail_start=(6, 6, 6) returned_y=(6, 0, 2) returned_b=(1, 0, 0) returned_u=(0, 0, 0) returned_zcap=(6, 0, 2) max_tail_u=0",NA
120,P1_no_rho,70,696.8437492999947,5.652594599989243,23.786492399987765,0.15883680002298206,0.01,63124.12776777556,63124.12776777556,-68816.99486327401,-49025.82646861658,0.0,-24438.24272473206,-76056.67854145123,-76056.66359695612,-52970.490399089795,-24438.24272473206,28532.247674357735,28532.247674357735,-20468.994930971003,39005.0,nan,nan,1.5000000000000002,10.0,0.0,0.0,10.0,0.85,CORE,MAIN,1.2140552507935767,0.2535854181417435,0.6,0.174,-52970.490399089795,STRUCTURAL,-0.9500947513735011,-194117.01486978863,27900.0,0,0,0,0,0,0,0,inf,inf,NA,1,5,5,5,28,6,0,0,CONTINUE,0,A,1,1,0,KEEP_STRUCTURAL_IN_ON_CUT,2,3,0,0,"tail_cont_enabled=1 tail_active_dims=(1,) tail_delta=0.1 tail_start=(6, 6, 6) returned_y=(2, 0, 5) returned_b=(0, 0, 0) returned_u=(0, 0, 0) returned_zcap=(2, 0, 5) max_tail_u=0",NA
120,P1_no_rho,71,703.1933020000579,5.652594599989243,6.3490077999886125,0.1635510999476537,0.01,61677.00260579249,61677.00260579249,-68816.99486327401,-49242.89524291403,0.0,-24438.24272473206,-76662.44914753595,-76662.43391711339,-52970.490399089795,-24438.24272473206,28532.247674357735,28532.247674357735,-21136.173986671783,38640.0,nan,nan,1.5000000000000002,10.0,0.0,0.0,10.0,0.85,CORE,MAIN,1.2147950408693595,0.2628059570628596,0.6,0.174,-52970.490399089795,STRUCTURAL,-0.9580100057012009,-194117.01486978863,27900.0,0,0,0,0,0,0,0,inf,inf,NA,1,5,5,5,28,6,0,0,CONTINUE,0,A,1,1,0,KEEP_STRUCTURAL_IN_ON_CUT,2,3,0,0,"tail_cont_enabled=1 tail_active_dims=(1,) tail_delta=0.1 tail_start=(6, 6, 6) returned_y=(2, 0, 5) returned_b=(0, 0, 0) returned_u=(0, 0, 0) returned_zcap=(2, 0, 5) max_tail_u=0",NA
120,P1_no_rho,72,713.2434339000611,5.652594599989243,10.049555900041014,0.17027709993999451,0.01,51292.729953583876,51292.729953583876,-68816.99486327401,-50800.53614074533,0.0,-24438.24272473206,-74556.461187303,-74556.44611619553,-52970.490399089795,-24438.24272473206,28532.247674357735,28532.247674357735,-21554.240134396034,37940.0,nan,nan,1.5000000000000002,10.0,0.0,0.0,10.0,0.85,CORE,MAIN,1.2148350872864369,0.2508818548956999,0.6,0.174,-52970.490399089795,STRUCTURAL,-0.9313337898752326,-194117.01486978863,27900.0,0,0,0,0,0,0,0,inf,inf,NA,1,5,5,5,28,6,0,0,CONTINUE,0,A,1,1,0,KEEP_STRUCTURAL_IN_ON_CUT,2,3,0,0,"tail_cont_enabled=1 tail_active_dims=(1,) tail_delta=0.1 tail_start=(6, 6, 6) returned_y=(3, 5, 0) returned_b=(0, 0, 0) returned_u=(0, 0, 0) returned_zcap=(3, 5, 0) max_tail_u=0",NA
120,P1_no_rho,73,723.6572866000934,5.652594599989243,10.413361699902453,0.17590329993981868,0.01,56343.68371703825,56343.68371703825,-68816.99486327401,-50042.89307622717,0.0,-24438.24272473206,-80914.57265475654,-80914.55700186931,-52970.490399089795,-24438.24272473206,28532.247674357735,28532.247674357735,-22162.2051023953,41477.0,nan,nan,1.5000000000000002,10.0,0.0,0.0,10.0,0.85,CORE,MAIN,1.2141016986488913,0.24672161438274184,0.6,0.174,-52970.490399089795,STRUCTURAL,-0.9443362489970181,-194117.01486978863,27900.0,0,0,0,0,0,0,0,inf,inf,NA,1,5,5,5,28,6,0,0,CONTINUE,0,A,1,1,0,KEEP_STRUCTURAL_IN_ON_CUT,2,3,0,0,"tail_cont_enabled=1 tail_active_dims=(1,) tail_delta=0.1 tail_start=(6, 6, 6) returned_y=(0, 6, 1) returned_b=(0, 1, 0) returned_u=(0, 0.1, 0) returned_zcap=(0, 6.1, 1) max_tail_u=0.1",NA
120,P1_no_rho,74,730.5951430000132,5.652594599989243,6.937433299957775,0.16303349996451288,0.01,48029.64054146009,48029.64054146009,-68816.99486327401,-51289.999552563895,0.0,-24438.24272473206,-86996.00952943538,-86995.99330187819,-52970.490399089795,-24438.24272473206,28532.247674357735,28532.247674357735,-24852.088190153947,44254.5,nan,nan,1.5000000000000002,10.0,0.0,0.0,10.0,0.85,CORE,MAIN,1.2117569714397471,0.24126285204843845,0.6,0.174,-52970.490399089795,STRUCTURAL,-0.9361594882889384,-194117.01486978863,27900.0,0,0,0,0,0,0,0,inf,inf,NA,1,5,5,5,28,6,0,0,CONTINUE,0,A,1,1,0,KEEP_STRUCTURAL_IN_ON_CUT,2,3,0,0,"tail_cont_enabled=1 tail_active_dims=(1,) tail_delta=0.1 tail_start=(6, 6, 6) returned_y=(0, 6, 1) returned_b=(0, 1, 0) returned_u=(0, 0.1, 0) returned_zcap=(0, 6.1, 1) max_tail_u=0.1",NA
120,P1_no_rho,75,757.4396024000598,5.652594599989243,26.843707000021823,0.20029859989881516,0.01,54528.85152674776,54528.85152674776,-68816.99486327401,-50315.11790477074,0.0,-24438.24272473206,-76986.00577153082,-76985.9902016746,-52970.490399089795,-24438.24272473206,28532.247674357735,28532.247674357735,-22685.953860738715,38748.5,nan,nan,1.5000000000000002,10.0,0.0,0.0,10.0,0.85,CORE,MAIN,1.2109529894668447,0.24115288137825341,0.6,0.174,-52970.490399089795,STRUCTURAL,-0.9342303373624937,-194117.01486978863,27900.0,0,0,0,0,0,0,0,inf,inf,NA,2,6,6,6,28,7,0,0,CONTINUE,0,A,1,1,0,KEEP_STRUCTURAL_IN_ON_CUT,2,3,1,0,"tail_cont_enabled=1 tail_active_dims=(1,) tail_delta=0.1 tail_start=(6, 6, 6) returned_y=(3, 5, 0) returned_b=(0, 0, 0) returned_u=(0, 0, 0) returned_zcap=(3, 5, 0) max_tail_u=0",NA
120,P1_no_rho,76,771.464175100089,5.652594599989243,14.02389770001173,0.18743789999280125,0.01,57922.3904867523,57922.3904867523,-68816.99486327401,-49806.08706077006,0.0,-24438.24272473206,-76134.90408140286,-76134.88850220839,-52970.490399089795,-24438.24272473206,28532.247674357735,28532.247674357735,-22350.331283261257,36710.5,nan,nan,1.5000000000000002,10.0,0.0,0.0,10.0,0.85,CORE,MAIN,1.2109292631490254,0.26632917641236276,0.6,0.174,-52970.490399089795,STRUCTURAL,-0.9767333999618113,-194117.01486978863,27900.0,0,0,0,0,0,0,0,inf,inf,NA,2,6,6,6,29,6,0,0,CONTINUE,0,A,1,1,0,KEEP_STRUCTURAL_IN_ON_CUT,2,3,0,0,"tail_cont_enabled=1 tail_active_dims=(1,) tail_delta=0.1 tail_start=(6, 6, 6) returned_y=(5, 1, 2) returned_b=(0, 0, 0) returned_u=(0, 0, 0) returned_zcap=(5, 1, 2) max_tail_u=0",NA
120,P1_no_rho,77,786.0234968999866,5.652594599989243,14.558633400010876,0.15961560001596808,0.01,64384.06415818391,64384.06415818391,-68816.99486327401,-48836.836010055325,0.0,-24438.24272473206,-75062.49986263298,-75062.48505335882,-52970.490399089795,-24438.24272473206,28532.247674357735,28532.247674357735,-20416.98614005909,39010.0,nan,nan,1.5000000000000002,10.0,0.0,0.0,10.0,0.85,CORE,MAIN,1.2114688535815845,0.2553839131138168,0.6,0.174,-52970.490399089795,STRUCTURAL,-0.9338716382688153,-194117.01486978863,27900.0,0,0,0,0,0,0,0,inf,inf,NA,1,5,5,5,29,6,0,0,CONTINUE,0,A,1,1,0,KEEP_STRUCTURAL_IN_ON_CUT,2,3,0,0,"tail_cont_enabled=1 tail_active_dims=(1,) tail_delta=0.1 tail_start=(6, 6, 6) returned_y=(2, 0, 5) returned_b=(0, 0, 0) returned_u=(0, 0, 0) returned_zcap=(2, 0, 5) max_tail_u=0",NA
120,P1_no_rho,78,796.1381982000312,5.652594599989243,10.11424020002596,0.16582340002059937,0.01,64304.92932546395,64304.92932546395,-68816.99486327401,-48848.70623496332,0.0,-24438.24272473206,-77465.25140984386,-77465.23609368579,-52970.490399089795,-24438.24272473206,28532.247674357735,28532.247674357735,-21566.027548678536,39066.0,nan,nan,1.5000000000000002,10.0,0.0,0.0,10.0,0.85,CORE,MAIN,1.2119213522799503,0.2618000386602458,0.6,0.174,-52970.490399089795,STRUCTURAL,-0.9539276872473463,-194117.01486978863,27900.0,0,0,0,0,0,0,0,inf,inf,NA,1,5,5,5,29,6,0,0,CONTINUE,0,A,1,1,0,KEEP_STRUCTURAL_IN_ON_CUT,2,3,0,0,"tail_cont_enabled=1 tail_active_dims=(1,) tail_delta=0.1 tail_start=(6, 6, 6) returned_y=(2, 0, 5) returned_b=(0, 0, 0) returned_u=(0, 0, 0) returned_zcap=(2, 0, 5) max_tail_u=0",NA
120,P1_no_rho,79,808.6782792999875,5.652594599989243,12.539637599955313,0.15749510005116463,0.01,65173.501766123736,65173.501766123736,-68816.99486327401,-48718.42036886435,0.0,-24438.24272473206,-77494.86117265948,-77494.84557378432,-52970.490399089795,-24438.24272473206,28532.247674357735,28532.247674357735,-23107.897248562524,37738.5,nan,nan,1.5000000000000002,10.0,0.0,0.0,10.0,0.85,CORE,MAIN,1.212378038096343,0.2604204140370948,0.6,0.174,-52970.490399089795,STRUCTURAL,-0.9607685930852538,-194117.01486978863,27900.0,0,0,0,0,0,0,0,inf,inf,NA,1,5,5,5,29,6,0,0,CONTINUE,0,A,1,1,0,KEEP_STRUCTURAL_IN_ON_CUT,2,3,0,0,"tail_cont_enabled=1 tail_active_dims=(1,) tail_delta=0.1 tail_start=(6, 6, 6) returned_y=(5, 1, 2) returned_b=(0, 0, 0) returned_u=(0, 0, 0) returned_zcap=(5, 1, 2) max_tail_u=0",NA
120,P1_no_rho,80,839.7995173999807,5.652594599989243,31.120750100002624,0.1606145000550896,0.01,57410.12064414133,57410.12064414133,-68816.99486327401,-49882.92753716171,0.0,-24438.24272473206,-77315.50609541038,-77315.49037092626,-52970.490399089795,-24438.24272473206,28532.247674357735,28532.247674357735,-22580.78300828561,38961.5,nan,nan,1.5000000000000002,10.0,0.0,0.0,10.0,0.85,CORE,MAIN,1.2131595628566165,0.25781202739099385,0.6,0.174,-52970.490399089795,STRUCTURAL,-0.936560576682805,-194117.01486978863,27900.0,0,0,0,0,0,0,0,inf,inf,NA,1,5,5,5,29,6,0,0,CONTINUE,0,A,1,1,0,KEEP_STRUCTURAL_IN_ON_CUT,2,3,0,0,"tail_cont_enabled=1 tail_active_dims=(1,) tail_delta=0.1 tail_start=(6, 6, 6) returned_y=(0, 6, 1) returned_b=(0, 1, 0) returned_u=(0, 0.1, 0) returned_zcap=(0, 6.1, 1) max_tail_u=0.1",NA
120,P1_no_rho,81,849.9173309000907,5.652594599989243,10.11740829993505,0.16252969997003675,0.01,36022.74188313914,36022.74188313914,-68816.99486327401,-53091.03435131204,0.0,-24438.24272473206,-67580.73003791645,-67580.71610817847,-52970.490399089795,-24438.24272473206,28532.247674357735,28532.247674357735,-18435.988427483237,35204.5,nan,nan,1.5000000000000002,10.0,0.0,0.0,10.0,0.85,CORE,MAIN,1.210354959071209,0.27302559918265823,0.6,0.174,-52970.490399089795,STRUCTURAL,-0.930652382142344,-194117.01486978863,27900.0,0,0,0,0,0,0,0,inf,inf,NA,1,5,5,5,29,6,0,0,CONTINUE,0,A,1,1,0,KEEP_STRUCTURAL_IN_ON_CUT,2,3,0,0,"tail_cont_enabled=1 tail_active_dims=(1,) tail_delta=0.1 tail_start=(6, 6, 6) returned_y=(0, 6, 1) returned_b=(0, 1, 0) returned_u=(0, 0.1, 0) returned_zcap=(0, 6.1, 1) max_tail_u=0.1",NA
120,P1_no_rho,82,860.5322089000838,5.652594599989243,10.614458700059913,0.16687549999915063,0.01,47190.571100290224,47190.571100290224,-68816.99486327401,-51415.85996873937,0.0,-24438.24272473206,-68386.28193662038,-68386.26778980144,-52970.490399089795,-24438.24272473206,28532.247674357735,28532.247674357735,-18421.694115362134,35800.5,nan,nan,1.5000000000000002,10.0,0.0,0.0,10.0,0.85,CORE,MAIN,1.2097379887275974,0.26728642491498167,0.6,0.174,-52970.490399089795,STRUCTURAL,-0.9304259935743784,-194117.01486978863,27900.0,0,0,0,0,0,0,0,inf,inf,NA,1,5,5,5,29,6,0,0,CONTINUE,0,A,1,1,0,KEEP_STRUCTURAL_IN_ON_CUT,2,3,0,0,"tail_cont_enabled=1 tail_active_dims=(1,) tail_delta=0.1 tail_start=(6, 6, 6) returned_y=(0, 6, 1) returned_b=(0, 1, 0) returned_u=(0, 0.1, 0) returned_zcap=(0, 6.1, 1) max_tail_u=0.1",NA
120,P1_no_rho,83,872.8856312000426,5.652594599989243,12.352916200063191,0.17866430000867695,0.01,49282.16069435868,49282.16069435868,-68816.99486327401,-51102.121529629105,0.0,-24438.24272473206,-76135.69653071988,-76135.6810266749,-52970.490399089795,-24438.24272473206,28532.247674357735,28532.247674357735,-23464.41199510736,36692.0,nan,nan,1.5000000000000002,10.0,0.0,0.0,10.0,0.85,CORE,MAIN,1.208403490092546,0.25540620301139383,0.6,0.174,-52970.490399089795,STRUCTURAL,-0.9569982381548662,-194117.01486978863,27900.0,0,0,0,0,0,0,0,inf,inf,NA,1,5,5,5,29,6,0,0,CONTINUE,0,A,1,1,0,KEEP_STRUCTURAL_IN_ON_CUT,2,3,0,0,"tail_cont_enabled=1 tail_active_dims=(1,) tail_delta=0.1 tail_start=(6, 6, 6) returned_y=(4, 3, 1) returned_b=(0, 0, 0) returned_u=(0, 0, 0) returned_zcap=(4, 3, 1) max_tail_u=0",NA
120,P1_no_rho,84,885.4052745000226,5.652594599989243,12.51911510003265,0.17735120002180338,0.01,63668.91258014085,63668.91258014085,-68816.99486327401,-48944.10874676178,0.0,-24438.24272473206,-86591.04037999728,-86591.02361344206,-52970.490399089795,-24438.24272473206,28532.247674357735,28532.247674357735,-26548.913176036403,42522.5,nan,nan,1.5000000000000002,10.0,0.0,0.0,10.0,0.85,CORE,MAIN,1.204963281378097,0.24026502369156222,0.6,0.174,-52970.490399089795,STRUCTURAL,-0.9413386707022661,-194117.01486978863,27900.0,0,0,0,0,0,0,0,inf,inf,NA,2,6,6,6,29,6,0,0,CONTINUE,0,A,1,1,0,KEEP_STRUCTURAL_IN_ON_CUT,2,3,0,0,"tail_cont_enabled=1 tail_active_dims=(1,) tail_delta=0.1 tail_start=(6, 6, 6) returned_y=(6, 0, 2) returned_b=(1, 0, 0) returned_u=(0, 0, 0) returned_zcap=(6, 0, 2) max_tail_u=0",NA
120,P1_no_rho,85,913.7365186000243,5.652594599989243,28.33067229995504,0.22452879999764264,0.01,71736.0634224754,71736.0634224754,-68816.99486327401,-47734.0361204116,0.0,-24438.24272473206,-88127.6863417383,-88127.67077493387,-52970.490399089795,-24438.24272473206,28532.247674357735,28532.247674357735,-23690.779936903025,47064.0,nan,nan,1.5000000000000002,10.0,0.0,0.0,10.0,0.85,CORE,MAIN,1.2006728805881643,0.21824845688230776,0.6,0.174,-52970.490399089795,STRUCTURAL,-0.9127555504282229,-194117.01486978863,27900.0,0,0,0,0,0,0,0,inf,inf,NA,2,6,6,6,29,6,0,0,CONTINUE,0,A,1,1,0,KEEP_STRUCTURAL_IN_ON_CUT,2,3,0,0,"tail_cont_enabled=1 tail_active_dims=(1,) tail_delta=0.1 tail_start=(6, 6, 6) returned_y=(0, 0, 6) returned_b=(0, 0, 1) returned_u=(0, 0, 0) returned_zcap=(0, 0, 6) max_tail_u=0",NA
120,P1_no_rho,86,923.0313158000354,5.652594599989243,9.294380599982105,0.1929790999274701,0.01,47537.98199281265,47537.98199281265,-68816.99486327401,-51363.74833486101,0.0,-24438.24272473206,-67948.52945487056,-67948.51549747943,-52970.490399089795,-24438.24272473206,28532.247674357735,28532.247674357735,-17552.092446243176,35679.5,nan,nan,1.5000000000000002,10.0,0.0,0.0,10.0,0.85,CORE,MAIN,1.2009840136333256,0.2654851441579916,0.6,0.174,-52970.490399089795,STRUCTURAL,-0.9416503977771783,-194117.01486978863,27900.0,0,0,0,0,0,0,0,inf,inf,NA,2,6,6,6,29,6,0,0,CONTINUE,0,A,1,1,0,KEEP_STRUCTURAL_IN_ON_CUT,2,3,0,0,"tail_cont_enabled=1 tail_active_dims=(1,) tail_delta=0.1 tail_start=(6, 6, 6) returned_y=(2, 0, 5) returned_b=(0, 0, 0) returned_u=(0, 0, 0) returned_zcap=(2, 0, 5) max_tail_u=0",NA
120,P1_no_rho,87,927.3880162000423,5.652594599989243,4.356337900040671,0.1918342000572011,0.01,36263.44769152366,36263.44769152366,-68816.99486327401,-53054.92848005436,0.0,-24438.24272473206,-70536.5135100689,-70536.49922927307,-52970.490399089795,-24438.24272473206,28532.247674357735,28532.247674357735,-18833.664248457662,37018.5,nan,nan,1.5000000000000002,10.0,0.0,0.0,10.0,0.85,CORE,MAIN,1.202093112890849,0.26087895474989886,0.6,0.174,-52970.490399089795,STRUCTURAL,-0.9311170537400737,-194117.01486978863,27900.0,0,0,0,0,0,0,0,inf,inf,NA,2,6,6,6,29,6,0,0,CONTINUE,0,A,1,1,0,KEEP_STRUCTURAL_IN_ON_CUT,2,3,0,0,"tail_cont_enabled=1 tail_active_dims=(1,) tail_delta=0.1 tail_start=(6, 6, 6) returned_y=(0, 6, 1) returned_b=(0, 1, 0) returned_u=(0, 0.1, 0) returned_zcap=(0, 6.1, 1) max_tail_u=0.1",NA
120,P1_no_rho,88,932.2607902000891,5.652594599989243,4.872159299906343,0.1970119000179693,0.01,58814.82602883553,58814.82602883553,-68816.99486327401,-49672.22172945758,0.0,-24438.24272473206,-73534.10928310899,-73534.09442095488,-52970.490399089795,-24438.24272473206,28532.247674357735,28532.247674357735,-20357.355939713405,38222.0,nan,nan,1.5000000000000002,10.0,0.0,0.0,10.0,0.85,CORE,MAIN,1.2025148640362289,0.25804968853704724,0.6,0.174,-52970.490399089795,STRUCTURAL,-0.9275066450602873,-194117.01486978863,27900.0,0,0,0,0,0,0,0,inf,inf,NA,2,6,6,6,29,6,0,0,CONTINUE,0,A,1,1,0,KEEP_STRUCTURAL_IN_ON_CUT,2,3,0,0,"tail_cont_enabled=1 tail_active_dims=(1,) tail_delta=0.1 tail_start=(6, 6, 6) returned_y=(3, 5, 0) returned_b=(0, 0, 0) returned_u=(0, 0, 0) returned_zcap=(3, 5, 0) max_tail_u=0",NA
120,P1_no_rho,89,939.2048615000676,5.652594599989243,6.943508099997416,0.16335010004695505,0.01,62182.1677441239,62182.1677441239,-68816.99486327401,-49167.12047216432,0.0,-24438.24272473206,-78204.6357890083,-78204.62024931,-52970.490399089795,-24438.24272473206,28532.247674357735,28532.247674357735,-22047.14048615762,39932.0,nan,nan,1.5000000000000002,10.0,0.0,0.0,10.0,0.85,CORE,MAIN,1.2019855308917795,0.24391549599952522,0.6,0.174,-52970.490399089795,STRUCTURAL,-0.9375518341706297,-194117.01486978863,27900.0,0,0,0,0,0,0,0,inf,inf,NA,1,5,5,5,29,6,0,0,CONTINUE,0,A,1,1,0,KEEP_STRUCTURAL_IN_ON_CUT,2,3,0,0,"tail_cont_enabled=1 tail_active_dims=(1,) tail_delta=0.1 tail_start=(6, 6, 6) returned_y=(3, 5, 0) returned_b=(0, 0, 0) returned_u=(0, 0, 0) returned_zcap=(3, 5, 0) max_tail_u=0",NA
120,P1_no_rho,90,954.2305942000821,5.652594599989243,15.025294000050053,0.1820774000370875,0.01,53424.895196820755,53424.895196820755,-68816.99486327401,-50480.711354259794,0.0,-24438.24272473206,-82271.53877452649,-82271.52263638488,-52970.490399089795,-24438.24272473206,28532.247674357735,28532.247674357735,-27550.121265512487,40673.5,nan,nan,1.5000000000000002,10.0,0.0,0.0,10.0,0.85,CORE,MAIN,1.2008413723746978,0.2483805777030027,0.6,0.174,-52970.490399089795,STRUCTURAL,-0.8969214414114411,-194117.01486978863,27900.0,0,0,0,0,0,0,0,inf,inf,NA,1,5,5,5,29,6,0,0,CONTINUE,0,A,1,1,0,KEEP_STRUCTURAL_IN_ON_CUT,2,3,0,0,"tail_cont_enabled=1 tail_active_dims=(1,) tail_delta=0.1 tail_start=(6, 6, 6) returned_y=(2, 0, 5) returned_b=(0, 0, 0) returned_u=(0, 0, 0) returned_zcap=(2, 0, 5) max_tail_u=0",NA
120,P1_no_rho,91,961.0123960000928,5.652594599989243,6.781081399996765,0.18405639997217804,0.01,29680.146634304743,29680.146634304743,-68816.99486327401,-54042.4236386372,0.0,-24438.24272473206,-68116.8828371546,-68116.86870313162,-52970.490399089795,-24438.24272473206,28532.247674357735,28532.247674357735,-18395.142343001942,35141.0,nan,nan,1.5000000000000002,10.0,0.0,0.0,10.0,0.85,CORE,MAIN,1.202982146362241,0.24947169323438767,0.6,0.174,-52970.490399089795,STRUCTURAL,-0.9432804295102525,-194117.01486978863,27900.0,0,0,0,0,0,0,0,inf,inf,NA,2,6,6,6,29,7,0,0,CONTINUE,0,A,1,1,0,KEEP_STRUCTURAL_IN_ON_CUT,2,3,1,0,"tail_cont_enabled=1 tail_active_dims=(1,) tail_delta=0.1 tail_start=(6, 6, 6) returned_y=(0, 4, 3) returned_b=(0, 0, 0) returned_u=(0, 0, 0) returned_zcap=(0, 4, 3) max_tail_u=0",NA
120,P1_no_rho,92,972.4995439000195,5.652594599989243,11.486551300040446,0.2027265999931842,0.01,39030.14027941709,39030.14027941709,-68816.99486327401,-52639.924591870345,0.0,-24438.24272473206,-94823.02113271892,-94823.00282003063,-52970.490399089795,-24438.24272473206,28532.247674357735,28532.247674357735,-33051.001745563844,44005.5,nan,nan,1.5000000000000002,10.0,0.0,0.0,10.0,0.85,CORE,MAIN,1.1997416949970379,0.23864525234011458,0.6,0.174,-52970.490399089795,STRUCTURAL,-0.9358224324151416,-194117.01486978863,27900.0,0,0,0,0,0,0,0,inf,inf,NA,2,6,6,6,30,6,0,0,CONTINUE,0,A,1,1,0,KEEP_STRUCTURAL_IN_ON_CUT,2,3,0,0,"tail_cont_enabled=1 tail_active_dims=(1,) tail_delta=0.1 tail_start=(6, 6, 6) returned_y=(3, 5, 0) returned_b=(0, 0, 0) returned_u=(0, 0, 0) returned_zcap=(3, 5, 0) max_tail_u=0",NA
120,P1_no_rho,93,982.5433467000257,5.652594599989243,10.043263099971227,0.15880229999311268,0.01,67822.6670312721,67822.6670312721,-68816.99486327401,-48321.0455790921,0.0,-24438.24272473206,-71845.20694854415,-71845.19265726159,-52970.490399089795,-24438.24272473206,28532.247674357735,28532.247674357735,-18507.188161935872,37551.0,nan,nan,1.5000000000000002,10.0,0.0,0.0,10.0,0.85,CORE,MAIN,1.1993653635508843,0.2720449049460282,0.6,0.174,-52970.490399089795,STRUCTURAL,-0.9469433480746314,-194117.01486978863,27900.0,0,0,0,0,0,0,0,inf,inf,NA,1,5,5,5,30,6,0,0,CONTINUE,0,A,1,1,0,KEEP_STRUCTURAL_IN_ON_CUT,2,3,0,0,"tail_cont_enabled=1 tail_active_dims=(1,) tail_delta=0.1 tail_start=(6, 6, 6) returned_y=(2, 0, 5) returned_b=(0, 0, 0) returned_u=(0, 0, 0) returned_zcap=(2, 0, 5) max_tail_u=0",NA
120,P1_no_rho,94,988.8202136000618,5.652594599989243,6.276127199991606,0.1799245000584051,0.01,80715.39770350026,80715.39770350026,-68816.99486327401,-46387.135978257866,0.0,-24438.24272473206,-82076.29773736202,-82076.28184714715,-52970.490399089795,-24438.24272473206,28532.247674357735,28532.247674357735,-23917.174595113524,40411.5,nan,nan,1.5000000000000002,10.0,0.0,0.0,10.0,0.85,CORE,MAIN,1.1978234897184428,0.2532557007019274,0.6,0.174,-52970.490399089795,STRUCTURAL,-0.9594481315472677,-194117.01486978863,27900.0,0,0,0,0,0,0,0,inf,inf,NA,2,6,6,6,30,6,0,0,CONTINUE,0,A,1,1,0,KEEP_STRUCTURAL_IN_ON_CUT,2,3,0,0,"tail_cont_enabled=1 tail_active_dims=(1,) tail_delta=0.1 tail_start=(6, 6, 6) returned_y=(6, 0, 2) returned_b=(1, 0, 0) returned_u=(0, 0, 0) returned_zcap=(6, 0, 2) max_tail_u=0",NA
120,P1_no_rho,95,1013.4577516000718,5.652594599989243,24.636962400050834,0.17197789996862411,0.01,66592.23197083446,66592.23197083446,-68816.99486327401,-48505.610838157736,0.0,-24438.24272473206,-73511.54601182233,-73511.53083407153,-52970.490399089795,-24438.24272473206,28532.247674357735,28532.247674357735,-21335.690244477206,37408.5,nan,nan,1.5000000000000002,10.0,0.0,0.0,10.0,0.85,CORE,MAIN,1.1981647125513497,0.2626155672199373,0.6,0.174,-52970.490399089795,STRUCTURAL,-0.9298393072803294,-194117.01486978863,27900.0,0,0,0,0,0,0,0,inf,inf,NA,1,5,5,5,30,6,0,0,CONTINUE,0,A,1,1,0,KEEP_STRUCTURAL_IN_ON_CUT,2,3,0,0,"tail_cont_enabled=1 tail_active_dims=(1,) tail_delta=0.1 tail_start=(6, 6, 6) returned_y=(3, 5, 0) returned_b=(0, 0, 0) returned_u=(0, 0, 0) returned_zcap=(3, 5, 0) max_tail_u=0",NA
120,P1_no_rho,96,1023.8257751000347,5.652594599989243,10.367569699999876,0.2060958999209106,0.01,47427.94601310635,47427.94601310635,-68816.99486327401,-51380.253731816956,0.0,-24438.24272473206,-75247.15734913421,-75247.14210157453,-52970.490399089795,-24438.24272473206,28532.247674357735,28532.247674357735,-22251.542322645204,37705.0,nan,nan,1.5000000000000002,10.0,0.0,0.0,10.0,0.85,CORE,MAIN,1.1990427958654089,0.2581801170981427,0.6,0.174,-52970.490399089795,STRUCTURAL,-0.9370216112616245,-194117.01486978863,27900.0,0,0,0,0,0,0,0,inf,inf,NA,1,5,5,5,30,6,0,0,CONTINUE,0,A,1,1,0,KEEP_STRUCTURAL_IN_ON_CUT,2,3,0,0,"tail_cont_enabled=1 tail_active_dims=(1,) tail_delta=0.1 tail_start=(6, 6, 6) returned_y=(3, 5, 0) returned_b=(0, 0, 0) returned_u=(0, 0, 0) returned_zcap=(3, 5, 0) max_tail_u=0",NA
120,P1_no_rho,97,1033.5929317000555,5.652594599989243,9.76666209998075,0.15951290004886687,0.01,39314.35466558984,39314.35466558984,-68816.99486327401,-52597.292433944436,0.0,-24438.24272473206,-84214.59217293153,-84214.57559590369,-52970.490399089795,-24438.24272473206,28532.247674357735,28532.247674357735,-27612.94174442452,40505.5,nan,nan,1.5000000000000002,10.0,0.0,0.0,10.0,0.85,CORE,MAIN,1.2003136879474012,0.240687854634409,0.6,0.174,-52970.490399089795,STRUCTURAL,-0.9315876255731391,-194117.01486978863,27900.0,0,0,0,0,0,0,0,inf,inf,NA,1,5,5,5,30,6,0,0,CONTINUE,0,A,1,1,0,KEEP_STRUCTURAL_IN_ON_CUT,2,3,0,0,"tail_cont_enabled=1 tail_active_dims=(1,) tail_delta=0.1 tail_start=(6, 6, 6) returned_y=(3, 5, 0) returned_b=(0, 0, 0) returned_u=(0, 0, 0) returned_zcap=(3, 5, 0) max_tail_u=0",NA
120,P1_no_rho,98,1044.7036794000305,5.652594599989243,11.1102155999979,0.16341619996819645,0.01,76581.41588082451,76581.41588082451,-68816.99486327401,-47007.23325165923,0.0,-24438.24272473206,-70562.47189527538,-70562.45741532519,-52970.490399089795,-24438.24272473206,28532.247674357735,28532.247674357735,-19498.70499440719,36382.5,nan,nan,1.5000000000000002,10.0,0.0,0.0,10.0,0.85,CORE,MAIN,1.2030077926687075,0.2618494265453958,0.6,0.174,-52970.490399089795,STRUCTURAL,-0.9356834086152773,-194117.01486978863,27900.0,0,0,0,0,0,0,0,inf,inf,NA,1,5,5,5,30,6,0,0,CONTINUE,0,A,1,1,0,KEEP_STRUCTURAL_IN_ON_CUT,2,3,0,0,"tail_cont_enabled=1 tail_active_dims=(1,) tail_delta=0.1 tail_start=(6, 6, 6) returned_y=(3, 5, 0) returned_b=(0, 0, 0) returned_u=(0, 0, 0) returned_zcap=(3, 5, 0) max_tail_u=0",NA
120,P1_no_rho,99,1054.6935657000868,5.652594599989243,9.989406700013205,0.16862820007372648,0.01,25449.30719805014,25449.30719805014,-68816.99486327401,-54677.04955407539,0.0,-24438.24272473206,-73341.50451050684,-73341.48951632773,-52970.490399089795,-24438.24272473206,28532.247674357735,28532.247674357735,-22087.624825679923,36787.5,nan,nan,1.5000000000000002,10.0,0.0,0.0,10.0,0.85,CORE,MAIN,1.2049602891963476,0.24741530857862992,0.6,0.174,-52970.490399089795,STRUCTURAL,-0.9288275399822913,-194117.01486978863,27900.0,0,0,0,0,0,0,0,inf,inf,NA,1,5,5,5,30,6,0,0,CONTINUE,0,A,1,1,0,KEEP_STRUCTURAL_IN_ON_CUT,2,3,0,0,"tail_cont_enabled=1 tail_active_dims=(1,) tail_delta=0.1 tail_start=(6, 6, 6) returned_y=(3, 5, 0) returned_b=(0, 0, 0) returned_u=(0, 0, 0) returned_zcap=(3, 5, 0) max_tail_u=0",NA
120,P1_no_rho,100,1077.4388805000344,5.652594599989243,22.74487129994668,0.15867849998176098,0.01,85410.18505994682,85410.18505994682,-68816.99486327401,-45682.91787479089,0.0,-24438.24272473206,-83727.62390836666,-83727.60831414821,-52970.490399089795,-24438.24272473206,28532.247674357735,28532.247674357735,-22335.4472538726,44190.5,nan,nan,1.5000000000000002,10.0,0.0,0.0,10.0,0.85,CORE,MAIN,1.2047129350288253,0.2397568784602241,0.6,0.174,-52970.490399089795,STRUCTURAL,-0.9261743445653946,-194117.01486978863,27900.0,0,0,0,0,0,0,0,inf,inf,NA,1,5,5,5,30,6,0,0,CONTINUE,0,A,1,1,0,KEEP_STRUCTURAL_IN_ON_CUT,2,3,0,0,"tail_cont_enabled=1 tail_active_dims=(1,) tail_delta=0.1 tail_start=(6, 6, 6) returned_y=(0, 0, 6) returned_b=(0, 0, 1) returned_u=(0, 0, 0) returned_zcap=(0, 0, 6) max_tail_u=0",NA
120,P1_no_rho,101,1083.5397788999835,5.652594599989243,6.1004041999112815,0.17819959996268153,0.01,58531.35767646759,58531.35767646759,-68816.99486327401,-49714.74198231277,0.0,-24438.24272473206,-77200.48777810957,-77200.4723901944,-52970.490399089795,-24438.24272473206,28532.247674357735,28532.247674357735,-22626.12304997123,39844.0,nan,nan,1.5000000000000002,10.0,0.0,0.0,10.0,0.85,CORE,MAIN,1.2045499159771542,0.2479594298930996,0.6,0.174,-52970.490399089795,STRUCTURAL,-0.91313371047457,-194117.01486978863,27900.0,0,0,0,0,0,0,0,inf,inf,NA,1,5,5,5,30,6,0,0,CONTINUE,0,A,1,1,0,KEEP_STRUCTURAL_IN_ON_CUT,2,3,0,0,"tail_cont_enabled=1 tail_active_dims=(1,) tail_delta=0.1 tail_start=(6, 6, 6) returned_y=(0, 0, 6) returned_b=(0, 0, 1) returned_u=(0, 0, 0) returned_zcap=(0, 0, 6) max_tail_u=0",NA
120,P1_no_rho,102,1094.0197730000364,5.652594599989243,10.479677699971944,0.1594934999011457,0.01,64175.965323358,64175.965323358,-68816.99486327401,-48868.05083527921,0.0,-24438.24272473206,-74923.78388593446,-74923.76849025469,-52970.490399089795,-24438.24272473206,28532.247674357735,28532.247674357735,-21568.20092103214,38214.5,nan,nan,1.5000000000000002,10.0,0.0,0.0,10.0,0.85,CORE,MAIN,1.2049340026824646,0.2576311645329594,0.6,0.174,-52970.490399089795,STRUCTURAL,-0.9308084203504345,-194117.01486978863,27900.0,0,0,0,0,0,0,0,inf,inf,NA,1,5,5,5,30,6,0,0,CONTINUE,0,A,1,1,0,KEEP_STRUCTURAL_IN_ON_CUT,2,3,0,0,"tail_cont_enabled=1 tail_active_dims=(1,) tail_delta=0.1 tail_start=(6, 6, 6) returned_y=(3, 5, 0) returned_b=(0, 0, 0) returned_u=(0, 0, 0) returned_zcap=(3, 5, 0) max_tail_u=0",NA
120,P1_no_rho,103,1103.8742235000245,5.652594599989243,9.853759899968281,0.16090450005140156,0.01,58824.87922360547,58824.87922360547,-68816.99486327401,-49670.71375024209,0.0,-24438.24272473206,-78839.39613381043,-78839.38035042676,-52970.490399089795,-24438.24272473206,28532.247674357735,28532.247674357735,-23115.426067435437,39471.0,nan,nan,1.5000000000000002,10.0,0.0,0.0,10.0,0.85,CORE,MAIN,1.2050844456332426,0.25580282137038934,0.6,0.174,-52970.490399089795,STRUCTURAL,-0.9411796725526982,-194117.01486978863,27900.0,0,0,0,0,0,0,0,inf,inf,NA,1,5,5,5,30,6,0,0,CONTINUE,0,A,1,1,0,KEEP_STRUCTURAL_IN_ON_CUT,2,3,0,0,"tail_cont_enabled=1 tail_active_dims=(1,) tail_delta=0.1 tail_start=(6, 6, 6) returned_y=(3, 5, 0) returned_b=(0, 0, 0) returned_u=(0, 0, 0) returned_zcap=(3, 5, 0) max_tail_u=0",NA
120,P1_no_rho,104,1115.354191499995,5.652594599989243,11.479552099946886,0.18180799996480346,0.01,39869.86640022346,39869.86640022346,-68816.99486327401,-52513.96567374939,0.0,-24438.24272473206,-71656.03406487264,-71656.0199429,-52970.490399089795,-24438.24272473206,28532.247674357735,28532.247674357735,-19341.072608439597,37679.5,nan,nan,1.5000000000000002,10.0,0.0,0.0,10.0,0.85,CORE,MAIN,1.2068838403861875,0.2578210788981984,0.6,0.174,-52970.490399089795,STRUCTURAL,-0.9256129077165816,-194117.01486978863,27900.0,0,0,0,0,0,0,0,inf,inf,NA,2,6,6,6,30,6,0,0,CONTINUE,0,A,1,1,0,KEEP_STRUCTURAL_IN_ON_CUT,2,3,0,0,"tail_cont_enabled=1 tail_active_dims=(1,) tail_delta=0.1 tail_start=(6, 6, 6) returned_y=(6, 2, 0) returned_b=(1, 0, 0) returned_u=(0, 0, 0) returned_zcap=(6, 2, 0) max_tail_u=0",NA
120,P1_no_rho,105,1145.2288969000801,5.652594599989243,29.874050800106488,0.1768898000009358,0.01,62617.68656083304,62617.68656083304,-68816.99486327401,-49101.79264965795,0.0,-24438.24272473206,-75269.72652701875,-75269.71124644074,-52970.490399089795,-24438.24272473206,28532.247674357735,28532.247674357735,-21963.99838809169,37726.5,nan,nan,1.5000000000000002,10.0,0.0,0.0,10.0,0.85,CORE,MAIN,1.207892595375757,0.261464403288441,0.6,0.174,-52970.490399089795,STRUCTURAL,-0.9419676329785698,-194117.01486978863,27900.0,0,0,0,0,0,0,0,inf,inf,NA,2,6,6,6,30,6,0,0,CONTINUE,0,A,1,1,0,KEEP_STRUCTURAL_IN_ON_CUT,2,3,0,0,"tail_cont_enabled=1 tail_active_dims=(1,) tail_delta=0.1 tail_start=(6, 6, 6) returned_y=(0, 4, 3) returned_b=(0, 0, 0) returned_u=(0, 0, 0) returned_zcap=(0, 4, 3) max_tail_u=0",NA
120,P1_no_rho,106,1153.0897702000802,5.652594599989243,7.860409300075844,0.16980680008418858,0.01,64517.24348013456,64517.24348013456,-68816.99486327401,-48816.85911176272,0.0,-24438.24272473206,-77840.47526118107,-77840.45949560798,-52970.490399089795,-24438.24272473206,28532.247674357735,28532.247674357735,-23461.417391155937,38644.5,nan,nan,1.5000000000000002,10.0,0.0,0.0,10.0,0.85,CORE,MAIN,1.2084508861782959,0.2487453327220751,0.6,0.174,-52970.490399089795,STRUCTURAL,-0.9381074858337244,-194117.01486978863,27900.0,0,0,0,0,0,0,0,inf,inf,NA,1,5,5,5,30,6,0,0,CONTINUE,0,A,1,1,0,KEEP_STRUCTURAL_IN_ON_CUT,2,3,0,0,"tail_cont_enabled=1 tail_active_dims=(1,) tail_delta=0.1 tail_start=(6, 6, 6) returned_y=(3, 5, 0) returned_b=(0, 0, 0) returned_u=(0, 0, 0) returned_zcap=(3, 5, 0) max_tail_u=0",NA
120,P1_no_rho,107,1164.2218431000365,5.652594599989243,11.1315542999655,0.19844449998345226,0.01,51129.01110603785,51129.01110603785,-68816.99486327401,-50825.093967877234,0.0,-24438.24272473206,-73571.3294608343,-73571.31460866671,-52970.490399089795,-24438.24272473206,28532.247674357735,28532.247674357735,-20848.507486041704,37480.5,nan,nan,1.5000000000000002,10.0,0.0,0.0,10.0,0.85,CORE,MAIN,1.2094520553996966,0.2424053475334958,0.6,0.174,-52970.490399089795,STRUCTURAL,-0.9377819954843182,-194117.01486978863,27900.0,0,0,0,0,0,0,0,inf,inf,NA,2,6,6,6,30,6,0,0,CONTINUE,0,A,1,1,0,KEEP_STRUCTURAL_IN_ON_CUT,2,3,0,0,"tail_cont_enabled=1 tail_active_dims=(1,) tail_delta=0.1 tail_start=(6, 6, 6) returned_y=(6, 0, 2) returned_b=(1, 0, 0) returned_u=(0, 0, 0) returned_zcap=(6, 0, 2) max_tail_u=0",NA
120,P1_no_rho,108,1172.3254100000486,5.652594599989243,8.103027599980123,0.16777199995703995,0.01,48521.737467656574,48521.737467656574,-68816.99486327401,-51216.18501363442,0.0,-24438.24272473206,-74498.3364292159,-74498.3216100518,-52970.490399089795,-24438.24272473206,28532.247674357735,28532.247674357735,-21666.754183971956,38090.0,nan,nan,1.5000000000000002,10.0,0.0,0.0,10.0,0.85,CORE,MAIN,1.2101980216842416,0.26188310062649234,0.6,0.174,-52970.490399089795,STRUCTURAL,-0.9246795733977392,-194117.01486978863,27900.0,0,0,0,0,0,0,0,inf,inf,NA,1,5,5,5,30,6,0,0,CONTINUE,0,A,1,1,0,KEEP_STRUCTURAL_IN_ON_CUT,2,3,0,0,"tail_cont_enabled=1 tail_active_dims=(1,) tail_delta=0.1 tail_start=(6, 6, 6) returned_y=(2, 0, 5) returned_b=(0, 0, 0) returned_u=(0, 0, 0) returned_zcap=(2, 0, 5) max_tail_u=0",NA
120,P1_no_rho,109,1182.2042314000428,5.652594599989243,9.878040399984457,0.18101269996259362,0.01,59628.05432867219,59628.05432867219,-68816.99486327401,-49550.23748448208,0.0,-24438.24272473206,-78180.60916791538,-78180.59331765294,-52970.490399089795,-24438.24272473206,28532.247674357735,28532.247674357735,-23494.819045534587,38259.0,nan,nan,1.5000000000000002,10.0,0.0,0.0,10.0,0.85,CORE,MAIN,1.2101810751092765,0.2525956509369992,0.6,0.174,-52970.490399089795,STRUCTURAL,-0.952904750466005,-194117.01486978863,27900.0,0,0,0,0,0,0,0,inf,inf,NA,2,6,6,6,30,6,0,0,CONTINUE,0,A,1,1,0,KEEP_STRUCTURAL_IN_ON_CUT,2,3,0,0,"tail_cont_enabled=1 tail_active_dims=(1,) tail_delta=0.1 tail_start=(6, 6, 6) returned_y=(5, 1, 2) returned_b=(0, 0, 0) returned_u=(0, 0, 0) returned_zcap=(5, 1, 2) max_tail_u=0",NA
120,P1_no_rho,110,1207.8371977000497,5.652594599989243,25.632376300054602,0.15488389995880425,0.01,47254.5448961277,47254.5448961277,-68816.99486327401,-51406.26389936375,0.0,-24438.24272473206,-69766.37655642415,-69766.36207239077,-52970.490399089795,-24438.24272473206,28532.247674357735,28532.247674357735,-19446.42966733221,36486.0,nan,nan,1.5000000000000002,10.0,0.0,0.0,10.0,0.85,CORE,MAIN,1.2099695484894375,0.26060021764649677,0.6,0.174,-52970.490399089795,STRUCTURAL,-0.9194381846015559,-194117.01486978863,27900.0,0,0,0,0,0,0,0,inf,inf,NA,1,5,5,5,30,6,0,0,CONTINUE,0,A,1,1,0,KEEP_STRUCTURAL_IN_ON_CUT,2,3,0,0,"tail_cont_enabled=1 tail_active_dims=(1,) tail_delta=0.1 tail_start=(6, 6, 6) returned_y=(3, 5, 0) returned_b=(0, 0, 0) returned_u=(0, 0, 0) returned_zcap=(3, 5, 0) max_tail_u=0",NA
120,P1_no_rho,111,1218.797728399979,5.652594599989243,10.960066600004211,0.17768209998030216,0.01,64765.07650543596,64765.07650543596,-68816.99486327401,-48779.68415796752,0.0,-24438.24272473206,-69959.5503470032,-69959.5359084142,-52970.490399089795,-24438.24272473206,28532.247674357735,28532.247674357735,-20046.901401413954,36029.0,nan,nan,1.5000000000000002,10.0,0.0,0.0,10.0,0.85,CORE,MAIN,1.210696224080861,0.26703496972835805,0.6,0.174,-52970.490399089795,STRUCTURAL,-0.923564064263052,-194117.01486978863,27900.0,0,0,0,0,0,0,0,inf,inf,NA,1,5,5,5,30,6,0,0,CONTINUE,0,A,1,1,0,KEEP_STRUCTURAL_IN_ON_CUT,2,3,0,0,"tail_cont_enabled=1 tail_active_dims=(1,) tail_delta=0.1 tail_start=(6, 6, 6) returned_y=(3, 5, 0) returned_b=(0, 0, 0) returned_u=(0, 0, 0) returned_zcap=(3, 5, 0) max_tail_u=0",NA
120,P1_no_rho,112,1233.4407350000693,5.652594599989243,14.64258179999888,0.2009326999541372,0.01,52744.639592729385,52744.639592729385,-68816.99486327401,-50582.7496948735,0.0,-24438.24272473206,-73208.70064509672,-73208.68572817775,-52970.490399089795,-24438.24272473206,28532.247674357735,28532.247674357735,-20812.928281866712,36214.5,nan,nan,1.5000000000000002,10.0,0.0,0.0,10.0,0.85,CORE,MAIN,1.2112050461463717,0.2484746550601339,0.6,0.174,-52970.490399089795,STRUCTURAL,-0.9645447255714519,-194117.01486978863,27900.0,0,0,0,0,0,0,0,inf,inf,NA,2,6,6,6,30,6,0,0,CONTINUE,0,A,1,1,0,KEEP_STRUCTURAL_IN_ON_CUT,2,3,0,0,"tail_cont_enabled=1 tail_active_dims=(1,) tail_delta=0.1 tail_start=(6, 6, 6) returned_y=(5, 1, 2) returned_b=(0, 0, 0) returned_u=(0, 0, 0) returned_zcap=(5, 1, 2) max_tail_u=0",NA
120,P1_no_rho,113,1247.3627144000493,5.652594599989243,13.92144309997093,0.17016720003448427,0.01,49056.34457438263,49056.34457438263,-68816.99486327401,-51135.99394762552,0.0,-24438.24272473206,-79963.45086260367,-79963.43481500984,-52970.490399089795,-24438.24272473206,28532.247674357735,28532.247674357735,-25494.80001027198,38016.5,nan,nan,1.5000000000000002,10.0,0.0,0.0,10.0,0.85,CORE,MAIN,1.2100046915605287,0.2483154883235078,0.6,0.174,-52970.490399089795,STRUCTURAL,-0.9551753371077971,-194117.01486978863,27900.0,0,0,0,0,0,0,0,inf,inf,NA,1,5,5,5,30,6,0,0,CONTINUE,0,A,1,1,0,KEEP_STRUCTURAL_IN_ON_CUT,2,3,0,0,"tail_cont_enabled=1 tail_active_dims=(1,) tail_delta=0.1 tail_start=(6, 6, 6) returned_y=(5, 1, 2) returned_b=(0, 0, 0) returned_u=(0, 0, 0) returned_zcap=(5, 1, 2) max_tail_u=0",NA
120,P1_no_rho,114,1261.2373375000898,5.652594599989243,13.874319900060073,0.15536420000717044,0.01,51710.07385269538,51710.07385269538,-68816.99486327401,-50737.9345558786,0.0,-24438.24272473206,-75279.27313706806,-75279.25785822808,-52970.490399089795,-24438.24272473206,28532.247674357735,28532.247674357735,-21825.01388324825,37106.0,nan,nan,1.5000000000000002,10.0,0.0,0.0,10.0,0.85,CORE,MAIN,1.209254271943696,0.2604545406401997,0.6,0.174,-52970.490399089795,STRUCTURAL,-0.9603881488165403,-194117.01486978863,27900.0,0,0,0,0,0,0,0,inf,inf,NA,1,5,5,5,30,6,0,0,CONTINUE,0,A,1,1,0,KEEP_STRUCTURAL_IN_ON_CUT,2,3,0,0,"tail_cont_enabled=1 tail_active_dims=(1,) tail_delta=0.1 tail_start=(6, 6, 6) returned_y=(5, 1, 2) returned_b=(0, 0, 0) returned_u=(0, 0, 0) returned_zcap=(5, 1, 2) max_tail_u=0",NA
120,P1_no_rho,115,1294.6321493000723,5.652594599989243,33.39436170004774,0.1575769999762997,0.01,55191.08138586024,55191.08138586024,-68816.99486327401,-50215.78342590387,0.0,-24438.24272473206,-75989.12550742154,-75989.11019207933,-52970.490399089795,-24438.24272473206,28532.247674357735,28532.247674357735,-22736.917957244936,37074.0,nan,nan,1.5000000000000002,10.0,0.0,0.0,10.0,0.85,CORE,MAIN,1.2087684585712624,0.2589022941834036,0.6,0.174,-52970.490399089795,STRUCTURAL,-0.9575837916029991,-194117.01486978863,27900.0,0,0,0,0,0,0,0,inf,inf,NA,1,5,5,5,30,6,0,0,CONTINUE,0,A,1,1,0,KEEP_STRUCTURAL_IN_ON_CUT,2,3,0,0,"tail_cont_enabled=1 tail_active_dims=(1,) tail_delta=0.1 tail_start=(6, 6, 6) returned_y=(5, 1, 2) returned_b=(0, 0, 0) returned_u=(0, 0, 0) returned_zcap=(5, 1, 2) max_tail_u=0",NA
120,P1_no_rho,116,1307.9168406000827,5.652594599989243,13.284388200030662,0.2011292000534013,0.01,46676.31183132853,46676.31183132853,-68816.99486327401,-51492.99885908363,0.0,-24438.24272473206,-85154.90709380507,-85154.89113914088,-52970.490399089795,-24438.24272473206,28532.247674357735,28532.247674357735,-24671.270489935203,43953.5,nan,nan,1.5000000000000002,10.0,0.0,0.0,10.0,0.85,CORE,MAIN,1.2062287470031374,0.23569326948111324,0.6,0.174,-52970.490399089795,STRUCTURAL,-0.9173880070105249,-194117.01486978863,27900.0,0,0,0,0,0,0,0,inf,inf,NA,2,6,6,6,30,6,0,0,CONTINUE,0,A,1,1,0,KEEP_STRUCTURAL_IN_ON_CUT,2,3,0,0,"tail_cont_enabled=1 tail_active_dims=(1,) tail_delta=0.1 tail_start=(6, 6, 6) returned_y=(0, 0, 6) returned_b=(0, 0, 1) returned_u=(0, 0, 0) returned_zcap=(0, 0, 6) max_tail_u=0",NA
120,P1_no_rho,117,1320.3956318000564,5.652594599989243,12.478262900025584,0.16227870003785938,0.01,74999.59461708408,74999.59461708408,-68816.99486327401,-47244.5064412203,0.0,-24438.24272473206,-71476.27967041449,-71476.26507308778,-52970.490399089795,-24438.24272473206,28532.247674357735,28532.247674357735,-19188.446713863705,37959.5,nan,nan,1.5000000000000002,10.0,0.0,0.0,10.0,0.85,CORE,MAIN,1.2070097791432455,0.2622244137744405,0.6,0.174,-52970.490399089795,STRUCTURAL,-0.9183088705809098,-194117.01486978863,27900.0,0,0,0,0,0,0,0,inf,inf,NA,1,5,5,5,30,6,0,0,CONTINUE,0,A,1,1,0,KEEP_STRUCTURAL_IN_ON_CUT,2,3,0,0,"tail_cont_enabled=1 tail_active_dims=(1,) tail_delta=0.1 tail_start=(6, 6, 6) returned_y=(0, 0, 6) returned_b=(0, 0, 1) returned_u=(0, 0, 0) returned_zcap=(0, 0, 6) max_tail_u=0",NA
120,P1_no_rho,118,1329.6583358000498,5.652594599989243,9.26212349999696,0.198893400025554,0.01,70382.58860390389,70382.58860390389,-68816.99486327401,-47937.057343197324,0.0,-24438.24272473206,-71918.30543913925,-71918.29047889513,-52970.490399089795,-24438.24272473206,28532.247674357735,28532.247674357735,-19905.273311742156,36203.0,nan,nan,1.5000000000000002,10.0,0.0,0.0,10.0,0.85,CORE,MAIN,1.2082494322279667,0.27353514811267066,0.6,0.174,-52970.490399089795,STRUCTURAL,-0.9578030764881915,-194117.01486978863,27900.0,0,0,0,0,0,0,0,inf,inf,NA,2,6,6,6,30,6,0,0,CONTINUE,0,A,1,1,0,KEEP_STRUCTURAL_IN_ON_CUT,2,3,0,0,"tail_cont_enabled=1 tail_active_dims=(1,) tail_delta=0.1 tail_start=(6, 6, 6) returned_y=(0, 4, 3) returned_b=(0, 0, 0) returned_u=(0, 0, 0) returned_zcap=(0, 4, 3) max_tail_u=0",NA
120,P1_no_rho,119,1342.7991558000213,5.652594599989243,13.139704999979585,0.17578020005021244,0.01,59158.1307601359,59158.1307601359,-68816.99486327401,-49620.72601976252,0.0,-24438.24272473206,-75027.2768402959,-75027.26152331394,-52970.490399089795,-24438.24272473206,28532.247674357735,28532.247674357735,-21822.920975544923,36943.0,nan,nan,1.5000000000000002,10.0,0.0,0.0,10.0,0.85,CORE,MAIN,1.209210404270915,0.25850858231827034,0.6,0.174,-52970.490399089795,STRUCTURAL,-0.9601158640386364,-194117.01486978863,27900.0,0,0,0,0,0,0,0,inf,inf,NA,1,5,5,5,30,6,0,0,CONTINUE,0,A,1,1,0,KEEP_STRUCTURAL_IN_ON_CUT,2,3,0,0,"tail_cont_enabled=1 tail_active_dims=(1,) tail_delta=0.1 tail_start=(6, 6, 6) returned_y=(5, 1, 2) returned_b=(0, 0, 0) returned_u=(0, 0, 0) returned_zcap=(5, 1, 2) max_tail_u=0",NA
120,P1_no_rho,120,1373.5919539000606,5.652594599989243,30.79217160004191,0.1700272000161931,0.01,40749.5842403966,40749.5842403966,-68816.99486327401,-52382.00799772342,0.0,-24438.24272473206,-70687.19410810208,-70687.17947401058,-52970.490399089795,-24438.24272473206,28532.247674357735,28532.247674357735,-20432.971527653128,34912.0,nan,nan,1.5000000000000002,10.0,0.0,0.0,10.0,0.85,CORE,MAIN,1.210196417242226,0.2624024050287981,0.6,0.174,-52970.490399089795,STRUCTURAL,-0.9596358071027623,-194117.01486978863,27900.0,0,0,0,0,0,0,0,inf,inf,NA,1,5,5,5,30,6,0,0,CONTINUE,0,A,1,1,0,KEEP_STRUCTURAL_IN_ON_CUT,2,3,0,0,"tail_cont_enabled=1 tail_active_dims=(1,) tail_delta=0.1 tail_start=(6, 6, 6) returned_y=(5, 1, 2) returned_b=(0, 0, 0) returned_u=(0, 0, 0) returned_zcap=(5, 1, 2) max_tail_u=0",NA
120,P1_no_rho,121,1388.266065599979,5.652594599989243,14.673672999953851,0.19774709991179407,0.01,44772.39406498793,44772.39406498793,-68816.99486327401,-51778.58652403472,0.0,-24438.24272473206,-74691.20542694922,-74691.19024635665,-52970.490399089795,-24438.24272473206,28532.247674357735,28532.247674357735,-22462.087422775934,37022.0,nan,nan,1.5000000000000002,10.0,0.0,0.0,10.0,0.85,CORE,MAIN,1.2106237348412554,0.2519766499821612,0.6,0.174,-52970.490399089795,STRUCTURAL,-0.9405056961370842,-194117.01486978863,27900.0,0,0,0,0,0,0,0,inf,inf,NA,2,6,6,6,30,6,0,0,CONTINUE,0,A,1,1,0,KEEP_STRUCTURAL_IN_ON_CUT,2,3,0,0,"tail_cont_enabled=1 tail_active_dims=(1,) tail_delta=0.1 tail_start=(6, 6, 6) returned_y=(5, 1, 2) returned_b=(0, 0, 0) returned_u=(0, 0, 0) returned_zcap=(5, 1, 2) max_tail_u=0",NA
120,P1_no_rho,122,1403.599697800004,5.652594599989243,15.333162099937908,0.1960026000160724,0.01,42651.454487338655,42651.454487338655,-68816.99486327401,-52096.72746068211,0.0,-24438.24272473206,-75323.75484093683,-75323.73963885455,-52970.490399089795,-24438.24272473206,28532.247674357735,28532.247674357735,-22329.93970304578,37960.5,nan,nan,1.5000000000000002,10.0,0.0,0.0,10.0,0.85,CORE,MAIN,1.2111500169027654,0.26726814572269064,0.6,0.174,-52970.490399089795,STRUCTURAL,-0.9306832090516679,-194117.01486978863,27900.0,0,0,0,0,0,0,0,inf,inf,NA,1,5,5,5,30,6,0,0,CONTINUE,0,A,1,1,0,KEEP_STRUCTURAL_IN_ON_CUT,2,3,0,0,"tail_cont_enabled=1 tail_active_dims=(1,) tail_delta=0.1 tail_start=(6, 6, 6) returned_y=(0, 4, 3) returned_b=(0, 0, 0) returned_u=(0, 0, 0) returned_zcap=(0, 4, 3) max_tail_u=0",NA
120,P1_no_rho,123,1414.9032435000408,5.652594599989243,11.301602800027467,0.16842260002158582,0.01,46152.27315553051,46152.27315553051,-68816.99486327401,-51571.60466045333,0.0,-24438.24272473206,-80389.08925309725,-80389.07318813467,-52970.490399089795,-24438.24272473206,28532.247674357735,28532.247674357735,-25442.225958539388,38321.5,nan,nan,1.5000000000000002,10.0,0.0,0.0,10.0,0.85,CORE,MAIN,1.2100216163407045,0.24910802314948455,0.6,0.174,-52970.490399089795,STRUCTURAL,-0.9558924229583096,-194117.01486978863,27900.0,0,0,0,0,0,0,0,inf,inf,NA,1,5,5,5,30,6,0,0,CONTINUE,0,A,1,1,0,KEEP_STRUCTURAL_IN_ON_CUT,2,3,0,0,"tail_cont_enabled=1 tail_active_dims=(1,) tail_delta=0.1 tail_start=(6, 6, 6) returned_y=(5, 1, 2) returned_b=(0, 0, 0) returned_u=(0, 0, 0) returned_zcap=(5, 1, 2) max_tail_u=0",NA
120,P1_no_rho,124,1429.4584828000516,5.652594599989243,14.553583699977025,0.15548249997664243,0.01,66599.76174834954,66599.76174834954,-68816.99486327401,-48504.48137153048,0.0,-24438.24272473206,-74117.14745716052,-74117.1322551417,-52970.490399089795,-24438.24272473206,28532.247674357735,28532.247674357735,-21487.481539227647,36638.5,nan,nan,1.5000000000000002,10.0,0.0,0.0,10.0,0.85,CORE,MAIN,1.2096063405702167,0.2715887820352634,0.6,0.174,-52970.490399089795,STRUCTURAL,-0.9576383806817791,-194117.01486978863,27900.0,0,0,0,0,0,0,0,inf,inf,NA,1,5,5,5,30,6,0,0,CONTINUE,0,A,1,1,0,KEEP_STRUCTURAL_IN_ON_CUT,2,3,0,0,"tail_cont_enabled=1 tail_active_dims=(1,) tail_delta=0.1 tail_start=(6, 6, 6) returned_y=(5, 1, 2) returned_b=(0, 0, 0) returned_u=(0, 0, 0) returned_zcap=(5, 1, 2) max_tail_u=0",NA
120,P1_no_rho,125,1459.1422803000314,5.652594599989243,29.683143300004303,0.19153790001291782,0.01,70303.12370746037,70303.12370746037,-68816.99486327401,-47948.977077663854,0.0,-24438.24272473206,-76451.78598866724,-76451.771016533,-52970.490399089795,-24438.24272473206,28532.247674357735,28532.247674357735,-19972.17058403874,40367.0,nan,nan,1.5000000000000002,10.0,0.0,0.0,10.0,0.85,CORE,MAIN,1.2091031803655543,0.25191781392239476,0.6,0.174,-52970.490399089795,STRUCTURAL,-0.9327685226793213,-194117.01486978863,27900.0,0,0,0,0,0,0,0,inf,inf,NA,2,6,6,6,30,6,0,0,CONTINUE,0,A,1,1,0,KEEP_STRUCTURAL_IN_ON_CUT,2,3,0,0,"tail_cont_enabled=1 tail_active_dims=(1,) tail_delta=0.1 tail_start=(6, 6, 6) returned_y=(0, 0, 6) returned_b=(0, 0, 1) returned_u=(0, 0, 0) returned_zcap=(0, 0, 6) max_tail_u=0",NA
120,P1_no_rho,126,1472.0514707000693,5.652594599989243,12.908560100011528,0.19028749992139637,0.01,48292.004934509256,48292.004934509256,-68816.99486327401,-51250.64489360652,0.0,-24438.24272473206,-77993.16577366443,-77993.15008992402,-52970.490399089795,-24438.24272473206,28532.247674357735,28532.247674357735,-23140.92057255458,39314.0,nan,nan,1.5000000000000002,10.0,0.0,0.0,10.0,0.85,CORE,MAIN,1.210503408924905,0.25774495906098194,0.6,0.174,-52970.490399089795,STRUCTURAL,-0.9301560007015214,-194117.01486978863,27900.0,0,0,0,0,0,0,0,inf,inf,NA,2,6,6,6,30,6,0,0,CONTINUE,0,A,1,1,0,KEEP_STRUCTURAL_IN_ON_CUT,2,3,0,0,"tail_cont_enabled=1 tail_active_dims=(1,) tail_delta=0.1 tail_start=(6, 6, 6) returned_y=(0, 4, 3) returned_b=(0, 0, 0) returned_u=(0, 0, 0) returned_zcap=(0, 4, 3) max_tail_u=0",NA
120,P1_no_rho,127,1480.917874500039,5.652594599989243,8.865882699959911,0.17828679992817342,0.01,67939.38906086744,67939.38906086744,-68816.99486327401,-48303.537274652794,0.0,-24438.24272473206,-70300.87712834141,-70300.8625671295,-52970.490399089795,-24438.24272473206,28532.247674357735,28532.247674357735,-19739.202379464536,35812.5,nan,nan,1.5000000000000002,10.0,0.0,0.0,10.0,0.85,CORE,MAIN,1.210039183807457,0.2637520778460436,0.6,0.174,-52970.490399089795,STRUCTURAL,-0.9412292763265148,-194117.01486978863,27900.0,0,0,0,0,0,0,0,inf,inf,NA,2,6,6,6,30,6,0,0,CONTINUE,0,A,1,1,0,KEEP_STRUCTURAL_IN_ON_CUT,2,3,0,0,"tail_cont_enabled=1 tail_active_dims=(1,) tail_delta=0.1 tail_start=(6, 6, 6) returned_y=(2, 0, 5) returned_b=(0, 0, 0) returned_u=(0, 0, 0) returned_zcap=(2, 0, 5) max_tail_u=0",NA
120,P1_no_rho,128,1486.4958494000603,5.652594599989243,5.577559900004417,0.17404610000085086,0.01,48607.644887803326,48607.644887803326,-68816.99486327401,-51203.29890061241,0.0,-24438.24272473206,-77080.97010814713,-77080.95456579863,-52970.490399089795,-24438.24272473206,28532.247674357735,28532.247674357735,-22885.40972861472,38832.5,nan,nan,1.5000000000000002,10.0,0.0,0.0,10.0,0.85,CORE,MAIN,1.2091303204622021,0.2584242130950364,0.6,0.174,-52970.490399089795,STRUCTURAL,-0.9304155855221597,-194117.01486978863,27900.0,0,0,0,0,0,0,0,inf,inf,NA,2,6,6,6,30,6,0,0,CONTINUE,0,A,1,1,0,KEEP_STRUCTURAL_IN_ON_CUT,2,3,0,0,"tail_cont_enabled=1 tail_active_dims=(1,) tail_delta=0.1 tail_start=(6, 6, 6) returned_y=(6, 0, 2) returned_b=(1, 0, 0) returned_u=(0, 0, 0) returned_zcap=(6, 0, 2) max_tail_u=0",NA
120,P1_no_rho,129,1497.116657400038,5.652594599989243,10.620194199960679,0.18968619999941438,0.01,60126.15471676115,60126.15471676115,-68816.99486327401,-49475.52242626874,0.0,-24438.24272473206,-75239.55974699747,-75239.54447635832,-52970.490399089795,-24438.24272473206,28532.247674357735,28532.247674357735,-22543.86418143306,37185.0,nan,nan,1.5000000000000002,10.0,0.0,0.0,10.0,0.85,CORE,MAIN,1.2088625071269157,0.2607693881183858,0.6,0.174,-52970.490399089795,STRUCTURAL,-0.9447479771399805,-194117.01486978863,27900.0,0,0,0,0,0,0,0,inf,inf,NA,2,6,6,6,30,6,0,0,CONTINUE,0,A,1,1,0,KEEP_STRUCTURAL_IN_ON_CUT,2,3,0,0,"tail_cont_enabled=1 tail_active_dims=(1,) tail_delta=0.1 tail_start=(6, 6, 6) returned_y=(5, 1, 2) returned_b=(0, 0, 0) returned_u=(0, 0, 0) returned_zcap=(5, 1, 2) max_tail_u=0",NA
120,P1_no_rho,130,1522.7870823000558,5.652594599989243,25.66989989997819,0.16646209999453276,0.01,38593.238821335915,38593.238821335915,-68816.99486327401,-52705.45981058252,0.0,-24438.24272473206,-70927.49187512965,-70927.47728062939,-52970.490399089795,-24438.24272473206,28532.247674357735,28532.247674357735,-20408.545740849127,35292.5,nan,nan,1.5000000000000002,10.0,0.0,0.0,10.0,0.85,CORE,MAIN,1.2095909137030445,0.2457668714544352,0.6,0.174,-52970.490399089795,STRUCTURAL,-0.9542902229421788,-194117.01486978863,27900.0,0,0,0,0,0,0,0,inf,inf,NA,1,5,5,5,30,6,0,0,CONTINUE,0,A,1,1,0,KEEP_STRUCTURAL_IN_ON_CUT,2,3,0,0,"tail_cont_enabled=1 tail_active_dims=(1,) tail_delta=0.1 tail_start=(6, 6, 6) returned_y=(5, 1, 2) returned_b=(0, 0, 0) returned_u=(0, 0, 0) returned_zcap=(5, 1, 2) max_tail_u=0",NA
120,P1_no_rho,131,1537.7479642999824,5.652594599989243,14.960426999954507,0.1923125000903383,0.01,51759.122616266424,51759.122616266424,-68816.99486327401,-50730.577241342944,0.0,-24438.24272473206,-77264.91598829639,-77264.9004056363,-52970.490399089795,-24438.24272473206,28532.247674357735,28532.247674357735,-22781.18536459683,38633.5,nan,nan,1.5000000000000002,10.0,0.0,0.0,10.0,0.85,CORE,MAIN,1.2093776837823218,0.25581967680872475,0.6,0.174,-52970.490399089795,STRUCTURAL,-0.9401808454845227,-194117.01486978863,27900.0,0,0,0,0,0,0,0,inf,inf,NA,2,6,6,6,30,6,0,0,CONTINUE,0,A,1,1,0,KEEP_STRUCTURAL_IN_ON_CUT,2,3,0,0,"tail_cont_enabled=1 tail_active_dims=(1,) tail_delta=0.1 tail_start=(6, 6, 6) returned_y=(3, 5, 0) returned_b=(0, 0, 0) returned_u=(0, 0, 0) returned_zcap=(3, 5, 0) max_tail_u=0",NA
120,P1_no_rho,132,1552.1451556000393,5.652594599989243,14.396760300034657,0.17438989994116127,0.01,67777.49663307391,67777.49663307391,-68816.99486327401,-48327.82113882182,0.0,-24438.24272473206,-77589.76062136197,-77589.74480234037,-52970.490399089795,-24438.24272473206,28532.247674357735,28532.247674357735,-23125.22421425733,38075.0,nan,nan,1.5000000000000002,10.0,0.0,0.0,10.0,0.85,CORE,MAIN,1.2088581680129358,0.24157967423042181,0.6,0.174,-52970.490399089795,STRUCTURAL,-0.953635729272629,-194117.01486978863,27900.0,0,0,0,0,0,0,0,inf,inf,NA,1,5,5,5,30,6,0,0,CONTINUE,0,A,1,1,0,KEEP_STRUCTURAL_IN_ON_CUT,2,3,0,0,"tail_cont_enabled=1 tail_active_dims=(1,) tail_delta=0.1 tail_start=(6, 6, 6) returned_y=(3, 5, 0) returned_b=(0, 0, 0) returned_u=(0, 0, 0) returned_zcap=(3, 5, 0) max_tail_u=0",NA
120,P1_no_rho,133,1564.1305078000296,5.652594599989243,11.984830199973658,0.1755103999748826,0.01,47118.677828715496,47118.677828715496,-68816.99486327401,-51426.64395947559,0.0,-24438.24272473206,-80199.95075001709,-80199.93469570341,-52970.490399089795,-24438.24272473206,28532.247674357735,28532.247674357735,-24464.714202724874,39823.5,nan,nan,1.5000000000000002,10.0,0.0,0.0,10.0,0.85,CORE,MAIN,1.2077704592168472,0.24630182263363998,0.6,0.174,-52970.490399089795,STRUCTURAL,-0.9330373689400908,-194117.01486978863,27900.0,0,0,0,0,0,0,0,inf,inf,NA,1,5,5,5,30,6,0,0,CONTINUE,0,A,1,1,0,KEEP_STRUCTURAL_IN_ON_CUT,2,3,0,0,"tail_cont_enabled=1 tail_active_dims=(1,) tail_delta=0.1 tail_start=(6, 6, 6) returned_y=(3, 5, 0) returned_b=(0, 0, 0) returned_u=(0, 0, 0) returned_zcap=(3, 5, 0) max_tail_u=0",NA
120,P1_no_rho,134,1579.1908401000546,5.652594599989243,15.059776999987662,0.16396230005193502,0.01,77077.53841211791,77077.53841211791,-68816.99486327401,-46932.81487196522,0.0,-24438.24272473206,-71874.82562665637,-71874.81072600932,-52970.490399089795,-24438.24272473206,28532.247674357735,28532.247674357735,-20369.193609741196,36736.5,nan,nan,1.5000000000000002,10.0,0.0,0.0,10.0,0.85,CORE,MAIN,1.2083538986335554,0.2732995489254486,0.6,0.174,-52970.490399089795,STRUCTURAL,-0.9346856145117824,-194117.01486978863,27900.0,0,0,0,0,0,0,0,inf,inf,NA,1,5,5,5,30,6,0,0,CONTINUE,0,A,1,1,0,KEEP_STRUCTURAL_IN_ON_CUT,2,3,0,0,"tail_cont_enabled=1 tail_active_dims=(1,) tail_delta=0.1 tail_start=(6, 6, 6) returned_y=(0, 4, 3) returned_b=(0, 0, 0) returned_u=(0, 0, 0) returned_zcap=(0, 4, 3) max_tail_u=0",NA
120,P1_no_rho,135,1608.4812076999806,5.652594599989243,29.289943099953234,0.17317970003932714,0.01,51831.58489632032,51831.58489632032,-68816.99486327401,-50719.70789933486,0.0,-24438.24272473206,-73216.04178108496,-73216.02692925128,-52970.490399089795,-24438.24272473206,28532.247674357735,28532.247674357735,-20319.475678410217,36981.5,nan,nan,1.5000000000000002,10.0,0.0,0.0,10.0,0.85,CORE,MAIN,1.2091355784051117,0.25244397437851906,0.6,0.174,-52970.490399089795,STRUCTURAL,-0.9535677974273815,-194117.01486978863,27900.0,0,0,0,0,0,0,0,inf,inf,NA,1,5,5,5,30,6,0,0,CONTINUE,0,A,1,1,0,KEEP_STRUCTURAL_IN_ON_CUT,2,3,0,0,"tail_cont_enabled=1 tail_active_dims=(1,) tail_delta=0.1 tail_start=(6, 6, 6) returned_y=(0, 4, 3) returned_b=(0, 0, 0) returned_u=(0, 0, 0) returned_zcap=(0, 4, 3) max_tail_u=0",NA
120,P1_no_rho,136,1620.2526964000426,5.652594599989243,11.770865499973297,0.15843029995448887,0.01,52006.2984041073,52006.2984041073,-68816.99486327401,-50693.50087316681,0.0,-24438.24272473206,-76112.1732969483,-76112.15779667454,-52970.490399089795,-24438.24272473206,28532.247674357735,28532.247674357735,-22563.258541534742,38568.5,nan,nan,1.5000000000000002,10.0,0.0,0.0,10.0,0.85,CORE,MAIN,1.209753944981144,0.26735860001663947,0.6,0.174,-52970.490399089795,STRUCTURAL,-0.9256068078896817,-194117.01486978863,27900.0,0,0,0,0,0,0,0,inf,inf,NA,1,5,5,5,30,6,0,0,CONTINUE,0,A,1,1,0,KEEP_STRUCTURAL_IN_ON_CUT,2,3,0,0,"tail_cont_enabled=1 tail_active_dims=(1,) tail_delta=0.1 tail_start=(6, 6, 6) returned_y=(3, 5, 0) returned_b=(0, 0, 0) returned_u=(0, 0, 0) returned_zcap=(3, 5, 0) max_tail_u=0",NA
120,P1_no_rho,137,1635.3356134000933,5.652594599989243,15.082100400002673,0.15428100002463907,0.01,69082.332324219,69082.332324219,-68816.99486327401,-48132.09578515006,0.0,-24438.24272473206,-72721.84594770489,-72721.83107787659,-52970.490399089795,-24438.24272473206,28532.247674357735,28532.247674357735,-20315.047703996966,37210.5,nan,nan,1.5000000000000002,10.0,0.0,0.0,10.0,0.85,CORE,MAIN,1.210834229982543,0.25764910327531665,0.6,0.174,-52970.490399089795,STRUCTURAL,-0.9389246471449301,-194117.01486978863,27900.0,0,0,0,0,0,0,0,inf,inf,NA,1,5,5,5,30,6,0,0,CONTINUE,0,A,1,1,0,KEEP_STRUCTURAL_IN_ON_CUT,2,3,0,0,"tail_cont_enabled=1 tail_active_dims=(1,) tail_delta=0.1 tail_start=(6, 6, 6) returned_y=(6, 0, 2) returned_b=(1, 0, 0) returned_u=(0, 0, 0) returned_zcap=(6, 0, 2) max_tail_u=0",NA
120,P1_no_rho,138,1647.1414426000556,5.652594599989243,11.805315800011158,0.17709130002185702,0.01,51379.59280705739,51379.59280705739,-68816.99486327401,-50787.5067127243,0.0,-24438.24272473206,-71746.07642310324,-71746.06174257484,-52970.490399089795,-24438.24272473206,28532.247674357735,28532.247674357735,-20063.17279769753,36930.5,nan,nan,1.5000000000000002,10.0,0.0,0.0,10.0,0.85,CORE,MAIN,1.2121488180508733,0.2603068194581114,0.6,0.174,-52970.490399089795,STRUCTURAL,-0.9329757056250216,-194117.01486978863,27900.0,0,0,0,0,0,0,0,inf,inf,NA,1,5,5,5,30,6,0,0,CONTINUE,0,A,1,1,0,KEEP_STRUCTURAL_IN_ON_CUT,2,3,0,0,"tail_cont_enabled=1 tail_active_dims=(1,) tail_delta=0.1 tail_start=(6, 6, 6) returned_y=(6, 0, 2) returned_b=(1, 0, 0) returned_u=(0, 0, 0) returned_zcap=(6, 0, 2) max_tail_u=0",NA
120,P1_no_rho,139,1661.6226787000196,5.652594599989243,14.48035039997194,0.1545286999316886,0.01,51012.468667710644,51012.468667710644,-68816.99486327401,-50842.575333626315,0.0,-24438.24272473206,-79812.46852746379,-79812.452532754,-52970.490399089795,-24438.24272473206,28532.247674357735,28532.247674357735,-24605.45368760378,39245.0,nan,nan,1.5000000000000002,10.0,0.0,0.0,10.0,0.85,CORE,MAIN,1.2119632083475926,0.25062667733257493,0.6,0.174,-52970.490399089795,STRUCTURAL,-0.9378179614413762,-194117.01486978863,27900.0,0,0,0,0,0,0,0,inf,inf,NA,1,5,5,5,30,6,0,0,CONTINUE,0,A,1,1,0,KEEP_STRUCTURAL_IN_ON_CUT,2,3,0,0,"tail_cont_enabled=1 tail_active_dims=(1,) tail_delta=0.1 tail_start=(6, 6, 6) returned_y=(6, 0, 2) returned_b=(1, 0, 0) returned_u=(0, 0, 0) returned_zcap=(6, 0, 2) max_tail_u=0",NA
120,P1_no_rho,140,1695.633686200017,5.652594599989243,34.01045709999744,0.16981039999518543,0.01,35260.00992154833,35260.00992154833,-68816.99486327401,-53205.44414555066,0.0,-24438.24272473206,-76430.64440287436,-76430.62893095589,-52970.490399089795,-24438.24272473206,28532.247674357735,28532.247674357735,-22511.590018724997,37477.5,nan,nan,1.5000000000000002,10.0,0.0,0.0,10.0,0.85,CORE,MAIN,1.211501890037483,0.2522521893571632,0.6,0.174,-52970.490399089795,STRUCTURAL,-0.9591361734770796,-194117.01486978863,27900.0,0,0,0,0,0,0,0,inf,inf,NA,1,5,5,5,30,6,0,0,CONTINUE,0,A,1,1,0,KEEP_STRUCTURAL_IN_ON_CUT,2,3,0,0,"tail_cont_enabled=1 tail_active_dims=(1,) tail_delta=0.1 tail_start=(6, 6, 6) returned_y=(5, 1, 2) returned_b=(0, 0, 0) returned_u=(0, 0, 0) returned_zcap=(5, 1, 2) max_tail_u=0",NA
120,P1_no_rho,141,1709.0035161999986,5.652594599989243,13.36937550001312,0.18452579993754625,0.01,65619.67304828539,65619.67304828539,-68816.99486327401,-48651.4946765401,0.0,-24438.24272473206,-74561.8472788167,-74561.83211894346,-52970.490399089795,-24438.24272473206,28532.247674357735,28532.247674357735,-21261.709502565303,39171.5,nan,nan,1.5000000000000002,10.0,0.0,0.0,10.0,0.85,CORE,MAIN,1.2113615323281,0.2632903491748477,0.6,0.174,-52970.490399089795,STRUCTURAL,-0.9071241866557431,-194117.01486978863,27900.0,0,0,0,0,0,0,0,inf,inf,NA,2,6,6,6,30,6,0,0,CONTINUE,0,A,1,1,0,KEEP_STRUCTURAL_IN_ON_CUT,2,3,0,0,"tail_cont_enabled=1 tail_active_dims=(1,) tail_delta=0.1 tail_start=(6, 6, 6) returned_y=(0, 0, 6) returned_b=(0, 0, 1) returned_u=(0, 0, 0) returned_zcap=(0, 0, 6) max_tail_u=0",NA
120,P1_no_rho,142,1722.2380049000494,5.652594599989243,13.234032800071873,0.18242920003831387,0.01,63843.278631686495,63843.278631686495,-68816.99486327401,-48917.953839029935,0.0,-24438.24272473206,-78751.37145418624,-78751.35587405662,-52970.490399089795,-24438.24272473206,28532.247674357735,28532.247674357735,-22267.279080421544,39189.0,nan,nan,1.5000000000000002,10.0,0.0,0.0,10.0,0.85,CORE,MAIN,1.2105920305237206,0.2558699372918227,0.6,0.174,-52970.490399089795,STRUCTURAL,-0.9608831865002095,-194117.01486978863,27900.0,0,0,0,0,0,0,0,inf,inf,NA,2,6,6,6,30,6,0,0,CONTINUE,0,A,1,1,0,KEEP_STRUCTURAL_IN_ON_CUT,2,3,0,0,"tail_cont_enabled=1 tail_active_dims=(1,) tail_delta=0.1 tail_start=(6, 6, 6) returned_y=(0, 4, 3) returned_b=(0, 0, 0) returned_u=(0, 0, 0) returned_zcap=(0, 4, 3) max_tail_u=0",NA
120,P1_no_rho,143,1732.2521321000531,5.652594599989243,10.013651599991135,0.16029649996198714,0.01,52468.870082554626,52468.870082554626,-68816.99486327401,-50624.115121399715,0.0,-24438.24272473206,-76151.08371513347,-76151.06833530887,-52970.490399089795,-24438.24272473206,28532.247674357735,28532.247674357735,-21957.8620023875,37929.0,nan,nan,1.5000000000000002,10.0,0.0,0.0,10.0,0.85,CORE,MAIN,1.2100118879038875,0.2620628942280353,0.6,0.174,-52970.490399089795,STRUCTURAL,-0.9525377474214343,-194117.01486978863,27900.0,0,0,0,0,0,0,0,inf,inf,NA,1,5,5,5,30,6,0,0,CONTINUE,0,A,1,1,0,KEEP_STRUCTURAL_IN_ON_CUT,2,3,0,0,"tail_cont_enabled=1 tail_active_dims=(1,) tail_delta=0.1 tail_start=(6, 6, 6) returned_y=(0, 4, 3) returned_b=(0, 0, 0) returned_u=(0, 0, 0) returned_zcap=(0, 4, 3) max_tail_u=0",NA
120,P1_no_rho,144,1739.040898700012,5.652594599989243,6.788172899978235,0.18467109999619424,0.01,64050.26900053625,64050.26900053625,-68816.99486327401,-48886.90528370247,0.0,-24438.24272473206,-74714.79145333888,-74714.7761774105,-52970.490399089795,-24438.24272473206,28532.247674357735,28532.247674357735,-21268.738443778195,37815.5,nan,nan,1.5000000000000002,10.0,0.0,0.0,10.0,0.85,CORE,MAIN,1.2117390606334175,0.26311903189033936,0.6,0.174,-52970.490399089795,STRUCTURAL,-0.9422245328614335,-194117.01486978863,27900.0,0,0,0,0,0,0,0,inf,inf,NA,2,6,6,6,30,6,0,0,CONTINUE,0,A,1,1,0,KEEP_STRUCTURAL_IN_ON_CUT,2,3,0,0,"tail_cont_enabled=1 tail_active_dims=(1,) tail_delta=0.1 tail_start=(6, 6, 6) returned_y=(6, 0, 2) returned_b=(1, 0, 0) returned_u=(0, 0, 0) returned_zcap=(6, 0, 2) max_tail_u=0",NA
120,P1_no_rho,145,1763.8262136999983,5.652594599989243,24.78472100000363,0.15199499996379018,0.01,63232.91525337914,63232.91525337914,-68816.99486327401,-49009.508345776034,0.0,-24438.24272473206,-73649.67639815745,-73649.66131140685,-52970.490399089795,-24438.24272473206,28532.247674357735,28532.247674357735,-20712.79525302153,37620.0,nan,nan,1.5000000000000002,10.0,0.0,0.0,10.0,0.85,CORE,MAIN,1.212915060830335,0.2526156124756588,0.6,0.174,-52970.490399089795,STRUCTURAL,-0.9380979276694187,-194117.01486978863,27900.0,0,0,0,0,0,0,0,inf,inf,NA,1,5,5,5,30,6,0,0,CONTINUE,0,A,1,1,0,KEEP_STRUCTURAL_IN_ON_CUT,2,3,0,0,"tail_cont_enabled=1 tail_active_dims=(1,) tail_delta=0.1 tail_start=(6, 6, 6) returned_y=(6, 0, 2) returned_b=(1, 0, 0) returned_u=(0, 0, 0) returned_zcap=(6, 0, 2) max_tail_u=0",NA
120,P1_no_rho,146,1774.5188930000877,5.652594599989243,10.69212120003067,0.17396039993036538,0.01,43510.20527341277,43510.20527341277,-68816.99486327401,-51967.914842770995,0.0,-24438.24272473206,-75559.06337758046,-75559.04823262365,-52970.490399089795,-24438.24272473206,28532.247674357735,28532.247674357735,-21783.608486395562,38237.0,nan,nan,1.5000000000000002,10.0,0.0,0.0,10.0,0.85,CORE,MAIN,1.2136127386267979,0.24974055883934188,0.6,0.174,-52970.490399089795,STRUCTURAL,-0.9375812214387126,-194117.01486978863,27900.0,0,0,0,0,0,0,0,inf,inf,NA,2,6,6,6,30,6,0,0,CONTINUE,0,A,1,1,0,KEEP_STRUCTURAL_IN_ON_CUT,2,3,0,0,"tail_cont_enabled=1 tail_active_dims=(1,) tail_delta=0.1 tail_start=(6, 6, 6) returned_y=(6, 2, 0) returned_b=(1, 0, 0) returned_u=(0, 0, 0) returned_zcap=(6, 2, 0) max_tail_u=0",NA
120,P1_no_rho,147,1785.9357026000507,5.652594599989243,11.416169899981469,0.15545469999779016,0.01,50190.24759563667,50190.24759563667,-68816.99486327401,-50965.90849443741,0.0,-24438.24272473206,-77274.18382638613,-77274.16823446398,-52970.490399089795,-24438.24272473206,28532.247674357735,28532.247674357735,-23033.350516639483,37725.0,nan,nan,1.5000000000000002,10.0,0.0,0.0,10.0,0.85,CORE,MAIN,1.2136038066502148,0.24965207195583694,0.6,0.174,-52970.490399089795,STRUCTURAL,-0.9585300237300551,-194117.01486978863,27900.0,0,0,0,0,0,0,0,inf,inf,NA,1,5,5,5,30,6,0,0,CONTINUE,0,A,1,1,0,KEEP_STRUCTURAL_IN_ON_CUT,2,3,0,0,"tail_cont_enabled=1 tail_active_dims=(1,) tail_delta=0.1 tail_start=(6, 6, 6) returned_y=(5, 1, 2) returned_b=(0, 0, 0) returned_u=(0, 0, 0) returned_zcap=(5, 1, 2) max_tail_u=0",NA
120,P1_no_rho,148,1796.2132531000534,5.652594599989243,10.27705649996642,0.1867064000107348,0.01,68220.91174226112,68220.91174226112,-68816.99486327401,-48261.30887244374,0.0,-24438.24272473206,-78405.1462852435,-78405.13056196227,-52970.490399089795,-24438.24272473206,28532.247674357735,28532.247674357735,-22638.0510177294,39516.5,nan,nan,1.5000000000000002,10.0,0.0,0.0,10.0,0.85,CORE,MAIN,1.2132685430165786,0.258051165417044,0.6,0.174,-52970.490399089795,STRUCTURAL,-0.9408235301579994,-194117.01486978863,27900.0,0,0,0,0,0,0,0,inf,inf,NA,2,6,6,6,30,6,0,0,CONTINUE,0,A,1,1,0,KEEP_STRUCTURAL_IN_ON_CUT,2,3,0,0,"tail_cont_enabled=1 tail_active_dims=(1,) tail_delta=0.1 tail_start=(6, 6, 6) returned_y=(0, 6, 1) returned_b=(0, 1, 0) returned_u=(0, 0.1, 0) returned_zcap=(0, 6.1, 1) max_tail_u=0.1",NA
