S,algo,t,wall_time_sec,init_time_sec,outer_iter_time_sec,inner_time_sec,eps_in_t,eta_t_star,eta_out,eta_in,eta_sep,eta_cap,eta_bracket,inner_lb,inner_ub,global_lb,global_ub,outer_gap,objective_cert_gap,best_ub_primal_obj,best_ub_primal_residual,returned_primal_obj,returned_primal_residual,lambda_inf,lambda_out_inf,lambda_in_inf,rho,theta,alpha_eff,phase_label,phase_reason,center_inf,center_step,anchor_mix,directional_beta,dual_inc_eta,sep_anchor_reason,alpha_signal,best_feas_eta,best_feas_residual,close_signal_streak,close_lock_counter,close_bc_count,close_case_c_count,close_reset_count,close_feas_lock_count,close_shadow_active,close_repaired_gap,close_repaired_residual,close_repaired_tag,inner_rnc_iters,inner_eval_calls,num_rnc_samples,num_rnc_kept_cuts,num_master_cuts,cut_added,outer_gap_certified,final_solution_found,stop_reason,sep_ok,case_label,sep_cut,out_cut,mispricing_streak,in_update_reason,add_geo,add_sup,add_rep,cap_promoted,z_best_ub,returned_z
120,P1_no_rho,1,12.045418199966662,5.646875599981286,6.398444699938409,4.193186099990271,0.01,0.0,0.0,-71600.39995612238,0.0,0.0,-21881.090162414137,-71600.39995612238,-71600.38895462269,-71600.39995612238,-21881.090162414137,49719.309793708235,49764.73166505147,-71600.38895462271,81000.0,nan,nan,0.0,0.0,0.0,0.0,10.0,0.0,HEADING_IN,WARMUP,0.0,0.0,0.8,0.0,-71600.39995612238,BOOT_NONE,0.0,-71600.39995612238,81000.0,0,0,0,0,0,0,0,inf,inf,NA,1,2,2,2,2,5,0,0,CONTINUE,0,A,1,1,0,BOOT_VALID_FROM_CUT,2,2,0,0,"tail_cont_enabled=1 tail_active_dims=(1,) tail_delta=0.1 tail_start=(6, 6, 6) returned_y=(0, 0, 0) returned_b=(0, 0, 0) returned_u=(0, 0, 0) returned_zcap=(0, 0, 0) max_tail_u=0",NA
120,P1_no_rho,2,16.01062760001514,5.646875599981286,3.964771999977529,1.4618386999936774,0.01,540471.6110453773,540471.6110453773,-71600.39995612238,356850.0077449274,0.0,-21881.090162414137,-189873.47858070023,-189873.39377672604,-71600.39995612238,-21881.090162414137,49719.309793708235,49764.73166505147,1226.606223273964,27300.0,nan,nan,7.0,10.0,0.0,0.0,10.0,0.3,HEADING_IN,WARMUP,0.27310849934038184,0.27310849934038184,0.8,0.0,-71600.39995612238,STRUCTURAL,-1.0,-189873.47858070023,27300.0,0,0,0,0,0,0,0,inf,inf,NA,2,3,3,3,4,7,0,0,CONTINUE,0,A,1,1,0,KEEP_STRUCTURAL_IN_ON_CUT,2,3,1,0,"tail_cont_enabled=1 tail_active_dims=(1,) tail_delta=0.1 tail_start=(6, 6, 6) returned_y=(5, 0, 3) returned_b=(0, 0, 0) returned_u=(0, 0, 0) returned_zcap=(5, 0, 3) max_tail_u=0",NA
120,P1_no_rho,3,18.819700499996543,5.646875599981286,2.8083395999856293,0.1525442999554798,0.01,49145.606223273964,49145.606223273964,-71600.39995612238,12921.804369455065,0.0,-23773.380778464027,-403012.8714195754,-403012.79170809843,-71600.39995612238,-23773.380778464027,47827.01917765835,49764.73166505147,-28879.460011460724,58299.0,nan,nan,7.0,10.0,0.0,0.0,10.0,0.3,HEADING_IN,WARMUP,0.4875612531782822,0.23045192243778526,0.8,0.0,-71600.39995612238,STRUCTURAL,-0.916784487106218,-189873.47858070023,27300.0,0,0,0,0,0,0,0,inf,inf,NA,2,4,4,4,8,7,0,0,CONTINUE,0,A,1,1,0,KEEP_STRUCTURAL_IN_ON_CUT,2,3,1,0,"tail_cont_enabled=1 tail_active_dims=(1,) tail_delta=0.1 tail_start=(6, 6, 6) returned_y=(0, 6, 0) returned_b=(0, 1, 0) returned_u=(0, 0.1, 0) returned_zcap=(0, 6.1, 0) max_tail_u=0.1",NA
120,P1_no_rho,4,22.712848099996336,5.646875599981286,3.892716299975291,0.17720459995325655,0.01,18252.296658685373,18252.296658685373,-71600.39995612238,-8703.51232575695,0.0,-23773.380778464027,-350512.9570086592,-350512.886330393,-71600.39995612238,-23773.380778464027,47827.01917765835,49764.73166505147,-36866.8935622524,54678.0,nan,nan,7.0,10.0,0.0,0.0,10.0,0.3,HEADING_IN,WARMUP,0.9525131691011685,0.46495191592288626,0.8,0.0,-71600.39995612238,STRUCTURAL,-0.8194624967162053,-189873.47858070023,27300.0,0,0,0,0,0,0,0,inf,inf,NA,2,5,5,5,12,7,0,0,CONTINUE,0,A,1,1,0,KEEP_STRUCTURAL_IN_ON_CUT,2,3,1,0,"tail_cont_enabled=1 tail_active_dims=(1,) tail_delta=0.1 tail_start=(6, 6, 6) returned_y=(5, 3, 0) returned_b=(0, 0, 0) returned_u=(0, 0, 0) returned_zcap=(5, 3, 0) max_tail_u=0",NA
120,P1_no_rho,5,37.81587109994143,5.646875599981286,15.102554299985059,0.19676720001734793,0.01,425.9063196333378,425.9063196333378,-71600.39995612238,-21181.985563093374,0.0,-24508.80468614076,-250676.32680879676,-250676.26979048198,-71600.39995612238,-24508.80468614076,47091.59526998161,47091.59526998162,-46321.93743051838,51319.0,nan,nan,7.0,10.0,0.0,0.0,10.0,0.3,HEADING_IN,WARMUP,1.2751579084656817,0.6189138319884709,0.8,0.0,-71600.39995612238,STRUCTURAL,-0.568862917270862,-189873.47858070023,27300.0,0,0,0,0,0,0,0,inf,inf,NA,2,6,6,6,16,7,0,0,CONTINUE,0,A,1,1,0,KEEP_STRUCTURAL_IN_ON_CUT,2,3,1,0,"tail_cont_enabled=1 tail_active_dims=(1,) tail_delta=0.1 tail_start=(6, 6, 6) returned_y=(1, 6, 0) returned_b=(0, 1, 0) returned_u=(0, 0, 0) returned_zcap=(1, 6, 0) max_tail_u=0",NA
120,P1_no_rho,6,41.6570377999451,5.646875599981286,3.840458899969235,0.1979188999393955,0.01,-10363.329256476138,-10363.329256476138,-71600.39995612238,-28734.450466370006,0.0,-24508.80468614076,-258377.02054685494,-258376.95951253627,-71600.39995612238,-24508.80468614076,47091.59526998161,47091.59526998162,-44689.25222584791,56072.5,nan,nan,7.0,10.0,0.0,0.0,10.0,0.3,HEADING_IN,WARMUP,1.614555251002454,0.55211809319011,0.8,0.0,-71600.39995612238,STRUCTURAL,-0.5444168768410497,-189873.47858070023,27300.0,0,0,0,0,0,0,0,inf,inf,NA,2,6,6,6,20,7,0,0,CONTINUE,0,A,1,1,0,KEEP_STRUCTURAL_IN_ON_CUT,2,3,1,0,"tail_cont_enabled=1 tail_active_dims=(1,) tail_delta=0.1 tail_start=(6, 6, 6) returned_y=(1, 0, 6) returned_b=(0, 0, 1) returned_u=(0, 0, 0) returned_zcap=(1, 0, 6) max_tail_u=0",NA
120,P1_no_rho,7,46.235528499935754,5.646875599981286,4.577793499920517,0.16396760009229183,0.01,-11652.233136926168,-11652.233136926168,-71600.39995612238,-29636.68318268503,0.0,-24508.80468614076,-295804.95783781953,-295804.88829187397,-71600.39995612238,-24508.80468614076,47091.59526998161,47091.59526998162,-39609.12528190382,52994.5,nan,nan,7.0,10.0,0.0,0.0,10.0,0.3,HEADING_IN,WARMUP,1.9891782079006592,0.5938604466067401,0.8,0.0,-71600.39995612238,STRUCTURAL,-0.6906262860430802,-189873.47858070023,27300.0,0,0,0,0,0,0,0,inf,inf,NA,1,5,5,5,23,6,0,0,CONTINUE,0,A,1,1,0,KEEP_STRUCTURAL_IN_ON_CUT,2,3,0,0,"tail_cont_enabled=1 tail_active_dims=(1,) tail_delta=0.1 tail_start=(6, 6, 6) returned_y=(1, 0, 6) returned_b=(0, 0, 1) returned_u=(0, 0, 0) returned_zcap=(1, 0, 6) max_tail_u=0",NA
120,P1_no_rho,8,49.441119999974035,5.646875599981286,3.2049588999943808,0.20087389997206628,0.01,-8581.187444983818,-8581.187444983818,-71600.39995612238,-27486.951198325383,0.0,-24508.80468614076,-307409.1889446749,-307409.11848588265,-71600.39995612238,-24508.80468614076,47091.59526998161,47091.59526998162,-40343.951124879364,53678.5,nan,nan,7.0,10.0,0.0,0.0,10.0,0.3,HEADING_IN,WARMUP,2.278164265084044,0.7345552769891759,0.8,0.0,-71600.39995612238,STRUCTURAL,-0.7107532208585862,-189873.47858070023,27300.0,0,0,0,0,0,0,0,inf,inf,NA,2,6,6,6,23,7,0,0,CONTINUE,0,A,1,1,0,KEEP_STRUCTURAL_IN_ON_CUT,2,3,1,0,"tail_cont_enabled=1 tail_active_dims=(1,) tail_delta=0.1 tail_start=(6, 6, 6) returned_y=(0, 0, 6) returned_b=(0, 0, 1) returned_u=(0, 0, 0) returned_zcap=(0, 0, 6) max_tail_u=0",NA
120,P1_no_rho,9,53.64464109996334,5.646875599981286,4.203105799970217,0.17329050006810576,0.01,224625.05698716838,224625.05698716838,-71600.39995612238,-27166.58141462876,0.0,-24508.80468614076,-47506.572042542095,-47506.56158359228,-47506.572042542095,-24508.80468614076,22997.767356401335,22997.76735640134,-7768.139662579037,29486.0,nan,nan,1.5000000000000002,10.0,0.0,0.0,10.0,0.85,CORE,FORCE_CORE,1.8633529347178424,1.1042414064662855,0.6,0.174,-47506.572042542095,STRUCTURAL,-0.8984698257028926,-189873.47858070023,27300.0,0,0,0,0,0,0,0,inf,inf,NA,1,5,5,5,24,6,0,0,CONTINUE,0,A,1,1,0,KEEP_STRUCTURAL_IN_ON_CUT,2,3,0,0,"tail_cont_enabled=1 tail_active_dims=(1,) tail_delta=0.1 tail_start=(6, 6, 6) returned_y=(5, 0, 3) returned_b=(0, 0, 0) returned_u=(0, 0, 0) returned_zcap=(5, 0, 3) max_tail_u=0",NA
120,P1_no_rho,10,69.0416961000301,5.646875599981286,15.396541099995375,0.17067799996584654,0.01,51556.976856278074,51556.976856278074,-71600.39995612238,-53126.793434262305,0.0,-24508.80468614076,-95557.54800418341,-95557.53046236001,-47506.572042542095,-24508.80468614076,22997.767356401335,22997.76735640134,-41259.085938428085,44105.0,nan,nan,1.5000000000000002,10.0,0.0,0.0,10.0,0.85,CORE,FORCE_CORE,1.5332189174149735,0.7210083736232447,0.6,0.12,-47506.572042542095,STRUCTURAL,-0.8207451086261105,-189873.47858070023,27300.0,0,0,0,0,0,0,0,inf,inf,NA,1,5,5,5,24,6,0,0,CONTINUE,0,A,1,1,0,KEEP_STRUCTURAL_IN_ON_CUT,2,3,0,0,"tail_cont_enabled=1 tail_active_dims=(1,) tail_delta=0.1 tail_start=(6, 6, 6) returned_y=(5, 0, 3) returned_b=(0, 0, 0) returned_u=(0, 0, 0) returned_zcap=(5, 0, 3) max_tail_u=0",NA
120,P1_no_rho,11,74.77474929997697,5.646875599981286,5.732423500041477,0.20753330003935844,0.01,40915.75523917505,40915.75523917505,-71600.39995612238,-54722.97667682776,0.0,-24508.80468614076,-89124.16001677065,-89124.14400027716,-47506.572042542095,-24508.80468614076,22997.767356401335,22997.76735640134,-36720.02915358392,46100.5,nan,nan,1.5000000000000002,10.0,0.0,0.0,10.0,0.85,CORE,FORCE_CORE,1.3803062487703657,0.5018697731791846,0.6,0.13799999999999998,-47506.572042542095,STRUCTURAL,-0.7578242440854683,-189873.47858070023,27300.0,0,0,0,0,0,0,0,inf,inf,NA,2,6,6,6,24,6,0,0,CONTINUE,0,A,1,1,0,KEEP_STRUCTURAL_IN_ON_CUT,2,3,0,0,"tail_cont_enabled=1 tail_active_dims=(1,) tail_delta=0.1 tail_start=(6, 6, 6) returned_y=(0, 6, 0) returned_b=(0, 1, 0) returned_u=(0, 0.1, 0) returned_zcap=(0, 6.1, 0) max_tail_u=0.1",NA
120,P1_no_rho,12,79.0928780999966,5.646875599981286,4.31767540005967,0.16461550001986325,0.01,27703.161017342085,27703.161017342085,-71600.39995612238,-56704.86581010271,0.0,-24508.80468614076,-93723.99253279954,-93723.97499317906,-47506.572042542095,-24508.80468614076,22997.767356401335,22997.76735640134,-35204.98128778233,45031.0,nan,nan,1.5000000000000002,10.0,0.0,0.0,10.0,0.85,CORE,FORCE_CORE,1.2815933127071053,0.3466541754816912,0.6,0.156,-47506.572042542095,STRUCTURAL,-0.8663512351549928,-189873.47858070023,27300.0,0,0,0,0,0,0,0,inf,inf,NA,1,5,5,5,24,6,0,0,CONTINUE,0,A,1,1,0,KEEP_STRUCTURAL_IN_ON_CUT,2,3,0,0,"tail_cont_enabled=1 tail_active_dims=(1,) tail_delta=0.1 tail_start=(6, 6, 6) returned_y=(0, 6, 0) returned_b=(0, 1, 0) returned_u=(0, 0.1, 0) returned_zcap=(0, 6.1, 0) max_tail_u=0.1",NA
120,P1_no_rho,13,82.62052490003407,5.646875599981286,3.5270787000190467,0.2056567999534309,0.01,31376.632304639927,31376.632304639927,-71600.39995612238,-56153.84511700803,0.0,-24508.80468614076,-90757.60989959679,-90757.59316252891,-47506.572042542095,-24508.80468614076,22997.767356401335,22997.76735640134,-36030.32111844947,44530.5,nan,nan,1.5000000000000002,10.0,0.0,0.0,10.0,0.85,CORE,FORCE_CORE,1.2198573483314257,0.2634668322789633,0.6,0.174,-47506.572042542095,STRUCTURAL,-0.8193226671469279,-189873.47858070023,27300.0,0,0,0,0,0,0,0,inf,inf,NA,2,6,6,6,24,7,0,0,CONTINUE,0,A,1,1,0,KEEP_STRUCTURAL_IN_ON_CUT,2,3,1,0,"tail_cont_enabled=1 tail_active_dims=(1,) tail_delta=0.1 tail_start=(6, 6, 6) returned_y=(1, 6, 0) returned_b=(0, 1, 0) returned_u=(0, 0, 0) returned_zcap=(1, 6, 0) max_tail_u=0",NA
120,P1_no_rho,14,86.75304099998903,5.646875599981286,4.131523799966089,0.20609049999620765,0.01,37663.70915997998,37663.70915997998,-71600.39995612238,-55210.783588707025,0.0,-24508.80468614076,-94187.04622454898,-94187.02891291674,-47506.572042542095,-24508.80468614076,22997.767356401335,22997.76735640134,-36040.9052582358,45388.0,nan,nan,1.5000000000000002,10.0,0.0,0.0,10.0,0.85,CORE,FORCE_CORE,1.1811019384928645,0.22759431393544294,0.6,0.174,-47506.572042542095,STRUCTURAL,-0.8540601576728198,-189873.47858070023,27300.0,0,0,0,0,0,0,0,inf,inf,NA,2,6,6,6,25,6,0,0,CONTINUE,0,A,1,1,0,KEEP_STRUCTURAL_IN_ON_CUT,2,3,0,0,"tail_cont_enabled=1 tail_active_dims=(1,) tail_delta=0.1 tail_start=(6, 6, 6) returned_y=(1, 0, 6) returned_b=(0, 0, 1) returned_u=(0, 0, 0) returned_zcap=(1, 0, 6) max_tail_u=0",NA
120,P1_no_rho,15,102.83383499993943,5.646875599981286,16.08020349999424,0.1953185999300331,0.01,32102.10523098816,32102.10523098816,-71600.39995612238,-56045.0241780558,0.0,-24508.80468614076,-95014.21638190058,-95014.19885849646,-47506.572042542095,-24508.80468614076,22997.767356401335,22997.76735640134,-35855.966629461254,45311.5,nan,nan,1.5000000000000002,10.0,0.0,0.0,10.0,0.85,CORE,MAIN,1.1916874994152777,0.2502225807638019,0.6,0.174,-47506.572042542095,STRUCTURAL,-0.8703932000932094,-189873.47858070023,27300.0,0,0,0,0,0,0,0,inf,inf,NA,2,6,6,6,25,6,0,0,CONTINUE,0,A,1,1,0,KEEP_STRUCTURAL_IN_ON_CUT,2,3,0,0,"tail_cont_enabled=1 tail_active_dims=(1,) tail_delta=0.1 tail_start=(6, 6, 6) returned_y=(1, 0, 6) returned_b=(0, 0, 1) returned_u=(0, 0, 0) returned_zcap=(1, 0, 6) max_tail_u=0",NA
120,P1_no_rho,16,106.71929080004338,5.646875599981286,3.8847546000033617,0.20153940003365278,0.01,220892.50524353393,220892.50524353393,-71600.39995612238,-27726.464176173926,0.0,-24508.80468614076,-50612.34511610575,-50612.33429833949,-47506.572042542095,-24508.80468614076,22997.767356401335,22997.76735640134,-8515.58202357014,30354.0,nan,nan,1.5000000000000002,10.0,0.0,0.0,10.0,0.85,CORE,MAIN,1.1771555769780093,0.3269653756176478,0.6,0.174,-47506.572042542095,STRUCTURAL,-0.9245734175565954,-189873.47858070023,27300.0,0,0,0,0,0,0,0,inf,inf,NA,2,6,6,6,25,7,0,0,CONTINUE,0,A,1,1,0,KEEP_STRUCTURAL_IN_ON_CUT,2,3,1,0,"tail_cont_enabled=1 tail_active_dims=(1,) tail_delta=0.1 tail_start=(6, 6, 6) returned_y=(6, 0, 2) returned_b=(1, 0, 0) returned_u=(0, 0, 0) returned_zcap=(6, 0, 2) max_tail_u=0",NA
120,P1_no_rho,17,111.9207070999546,5.646875599981286,5.200540299993008,0.1935689999954775,0.01,43928.846441497546,43928.846441497546,-71600.39995612238,-54271.01299647939,0.0,-24508.80468614076,-95622.96637260223,-95622.94846145868,-47506.572042542095,-24508.80468614076,22997.767356401335,22997.76735640134,-35849.188954681835,43378.5,nan,nan,1.5000000000000002,10.0,0.0,0.0,10.0,0.85,CORE,MAIN,1.1622935443188056,0.2265545523866979,0.6,0.174,-47506.572042542095,STRUCTURAL,-0.9186387958209229,-189873.47858070023,27300.0,0,0,0,0,0,0,0,inf,inf,NA,2,6,6,6,26,6,0,0,CONTINUE,0,A,1,1,0,KEEP_STRUCTURAL_IN_ON_CUT,2,3,0,0,"tail_cont_enabled=1 tail_active_dims=(1,) tail_delta=0.1 tail_start=(6, 6, 6) returned_y=(5, 0, 3) returned_b=(0, 0, 0) returned_u=(0, 0, 0) returned_zcap=(5, 0, 3) max_tail_u=0",NA
120,P1_no_rho,18,115.54416529997252,5.646875599981286,3.623033200041391,0.1627347000176087,0.01,41032.09547694894,41032.09547694894,-71600.39995612238,-54705.52564116168,0.0,-24508.80468614076,-91300.20600122305,-91300.18918701101,-47506.572042542095,-24508.80468614076,22997.767356401335,22997.76735640134,-34684.74994546241,45546.0,nan,nan,1.5000000000000002,10.0,0.0,0.0,10.0,0.85,CORE,MAIN,1.150809699569462,0.22819040675141,0.6,0.174,-47506.572042542095,STRUCTURAL,-0.8286924463406755,-189873.47858070023,27300.0,0,0,0,0,0,0,0,inf,inf,NA,1,5,5,5,26,6,0,0,CONTINUE,0,A,1,1,0,KEEP_STRUCTURAL_IN_ON_CUT,2,3,0,0,"tail_cont_enabled=1 tail_active_dims=(1,) tail_delta=0.1 tail_start=(6, 6, 6) returned_y=(1, 0, 6) returned_b=(0, 0, 1) returned_u=(0, 0, 0) returned_zcap=(1, 0, 6) max_tail_u=0",NA
120,P1_no_rho,19,118.98274280002806,5.646875599981286,3.437955600093119,0.19503499998245388,0.01,44673.560906104794,44673.560906104794,-71600.39995612238,-54159.3058267883,0.0,-24508.80468614076,-94007.02740269208,-94007.01004725625,-47506.572042542095,-24508.80468614076,22997.767356401335,22997.76735640134,-34199.48763515535,46002.0,nan,nan,1.5000000000000002,10.0,0.0,0.0,10.0,0.85,CORE,MAIN,1.1414347545509402,0.2277040610254104,0.6,0.174,-47506.572042542095,STRUCTURAL,-0.8667380028709024,-189873.47858070023,27300.0,0,0,0,0,0,0,0,inf,inf,NA,2,6,6,6,26,6,0,0,CONTINUE,0,A,1,1,0,KEEP_STRUCTURAL_IN_ON_CUT,2,3,0,0,"tail_cont_enabled=1 tail_active_dims=(1,) tail_delta=0.1 tail_start=(6, 6, 6) returned_y=(0, 6, 0) returned_b=(0, 1, 0) returned_u=(0, 0.1, 0) returned_zcap=(0, 6.1, 0) max_tail_u=0.1",NA
120,P1_no_rho,20,128.58579100004863,5.646875599981286,9.602720699971542,0.18158460000995547,0.01,41093.37308228636,41093.37308228636,-71600.39995612238,-54696.334000361065,0.0,-24508.80468614076,-91845.14205930397,-91845.12507296677,-47506.572042542095,-24508.80468614076,22997.767356401335,22997.76735640134,-34220.66415290569,43703.0,nan,nan,1.5000000000000002,10.0,0.0,0.0,10.0,0.85,CORE,MAIN,1.1347449163479806,0.2323249862483936,0.6,0.174,-47506.572042542095,STRUCTURAL,-0.8790313543701967,-189873.47858070023,27300.0,0,0,0,0,0,0,0,inf,inf,NA,1,5,5,5,26,6,0,0,CONTINUE,0,A,1,1,0,KEEP_STRUCTURAL_IN_ON_CUT,2,3,0,0,"tail_cont_enabled=1 tail_active_dims=(1,) tail_delta=0.1 tail_start=(6, 6, 6) returned_y=(1, 0, 6) returned_b=(0, 0, 1) returned_u=(0, 0, 0) returned_zcap=(1, 0, 6) max_tail_u=0",NA
120,P1_no_rho,21,132.77562369999941,5.646875599981286,4.189016800024547,0.15572150005027652,0.01,38957.75436863357,38957.75436863357,-71600.39995612238,-55016.676807408985,0.0,-24508.80468614076,-90299.42504008049,-90299.40840028961,-47506.572042542095,-24508.80468614076,22997.767356401335,22997.76735640134,-33686.53872083814,43859.5,nan,nan,1.5000000000000002,10.0,0.0,0.0,10.0,0.85,CORE,MAIN,1.1303855693078606,0.2303582707731714,0.6,0.174,-47506.572042542095,STRUCTURAL,-0.8605185448907147,-189873.47858070023,27300.0,0,0,0,0,0,0,0,inf,inf,NA,1,5,5,5,26,6,0,0,CONTINUE,0,A,1,1,0,KEEP_STRUCTURAL_IN_ON_CUT,2,3,0,0,"tail_cont_enabled=1 tail_active_dims=(1,) tail_delta=0.1 tail_start=(6, 6, 6) returned_y=(1, 0, 6) returned_b=(0, 0, 1) returned_u=(0, 0, 0) returned_zcap=(1, 0, 6) max_tail_u=0",NA
120,P1_no_rho,22,136.5639032999752,5.646875599981286,3.7875813000136986,0.17291239998303354,0.01,38212.97435174809,38212.97435174809,-71600.39995612238,-55128.39380994181,0.0,-24508.80468614076,-91654.61268520985,-91654.59572174207,-47506.572042542095,-24508.80468614076,22997.767356401335,22997.76735640134,-32944.99377563325,43620.5,nan,nan,1.5000000000000002,10.0,0.0,0.0,10.0,0.85,CORE,MAIN,1.160164936535685,0.2432734673101417,0.6,0.174,-47506.572042542095,STRUCTURAL,-0.8972784500576383,-189873.47858070023,27300.0,0,0,0,0,0,0,0,inf,inf,NA,1,5,5,5,26,6,0,0,CONTINUE,0,A,1,1,0,KEEP_STRUCTURAL_IN_ON_CUT,2,3,0,0,"tail_cont_enabled=1 tail_active_dims=(1,) tail_delta=0.1 tail_start=(6, 6, 6) returned_y=(1, 0, 6) returned_b=(0, 0, 1) returned_u=(0, 0, 0) returned_zcap=(1, 0, 6) max_tail_u=0",NA
120,P1_no_rho,23,138.8476684000343,5.646875599981286,2.282625399995595,0.16217379993759096,0.01,187198.5295260182,187198.5295260182,-71600.39995612238,-32780.56053380128,0.0,-24508.80468614076,-55065.81033140953,-55065.7988808774,-47506.572042542095,-24508.80468614076,22997.767356401335,22997.76735640134,-10447.028319359219,31923.5,nan,nan,1.5000000000000007,10.000000000000004,0.0,0.0,10.0,0.85,CORE,MAIN,1.160778291891034,0.31424035229814495,0.6,0.174,-47506.572042542095,STRUCTURAL,-0.9317852691907876,-189873.47858070023,27300.0,0,0,0,0,0,0,0,inf,inf,NA,1,5,5,5,26,6,0,0,CONTINUE,0,A,1,1,0,KEEP_STRUCTURAL_IN_ON_CUT,2,3,0,0,"tail_cont_enabled=1 tail_active_dims=(1,) tail_delta=0.1 tail_start=(6, 6, 6) returned_y=(6, 0, 2) returned_b=(1, 0, 0) returned_u=(0, 0, 0) returned_zcap=(6, 0, 2) max_tail_u=0",NA
120,P1_no_rho,24,142.37158719997387,5.646875599981286,3.5232902000425383,0.16291119996458292,0.01,49778.369866998946,49778.369866998946,-71600.39995612238,-53393.58448265418,0.0,-24508.80468614076,-89916.92982577582,-89916.91262779971,-47506.572042542095,-24508.80468614076,22997.767356401335,22997.76735640134,-33153.2200382923,42388.0,nan,nan,1.5000000000000002,10.0,0.0,0.0,10.0,0.85,CORE,MAIN,1.1578310682988553,0.2210302024859555,0.6,0.174,-47506.572042542095,STRUCTURAL,-0.8927635587038375,-189873.47858070023,27300.0,0,0,0,0,0,0,0,inf,inf,NA,1,5,5,5,26,6,0,0,CONTINUE,0,A,1,1,0,KEEP_STRUCTURAL_IN_ON_CUT,2,3,0,0,"tail_cont_enabled=1 tail_active_dims=(1,) tail_delta=0.1 tail_start=(6, 6, 6) returned_y=(5, 0, 3) returned_b=(0, 0, 0) returned_u=(0, 0, 0) returned_zcap=(5, 0, 3) max_tail_u=0",NA
120,P1_no_rho,25,151.87621589994524,5.646875599981286,9.504126299987547,0.17443170002661645,0.01,48297.55279093393,48297.55279093393,-71600.39995612238,-53615.70704406393,0.0,-24508.80468614076,-90580.55133972195,-90580.53411575344,-47506.572042542095,-24508.80468614076,22997.767356401335,22997.76735640134,-33188.035642086914,42476.0,nan,nan,1.5000000000000002,10.0,0.0,0.0,10.0,0.85,CORE,MAIN,1.1542262758619377,0.2343719943608631,0.6,0.174,-47506.572042542095,STRUCTURAL,-0.9007831634125394,-189873.47858070023,27300.0,0,0,0,0,0,0,0,inf,inf,NA,1,5,5,5,26,6,0,0,CONTINUE,0,A,1,1,0,KEEP_STRUCTURAL_IN_ON_CUT,2,3,0,0,"tail_cont_enabled=1 tail_active_dims=(1,) tail_delta=0.1 tail_start=(6, 6, 6) returned_y=(5, 0, 3) returned_b=(0, 0, 0) returned_u=(0, 0, 0) returned_zcap=(5, 0, 3) max_tail_u=0",NA
120,P1_no_rho,26,155.15748689998873,5.646875599981286,3.2805443999823183,0.1678631000686437,0.01,50550.93817570893,50550.93817570893,-71600.39995612238,-53277.69923634768,0.0,-24508.80468614076,-88201.16184695625,-88201.14553695214,-47506.572042542095,-24508.80468614076,22997.767356401335,22997.76735640134,-29671.792356713744,43360.0,nan,nan,1.5000000000000002,10.0,0.0,0.0,10.0,0.85,CORE,MAIN,1.1513622935379728,0.23908025017167533,0.6,0.174,-47506.572042542095,STRUCTURAL,-0.8998978041242064,-189873.47858070023,27300.0,0,0,0,0,0,0,0,inf,inf,NA,1,5,5,5,26,6,0,0,CONTINUE,0,A,1,1,0,KEEP_STRUCTURAL_IN_ON_CUT,2,3,0,0,"tail_cont_enabled=1 tail_active_dims=(1,) tail_delta=0.1 tail_start=(6, 6, 6) returned_y=(1, 6, 0) returned_b=(0, 1, 0) returned_u=(0, 0, 0) returned_zcap=(1, 6, 0) max_tail_u=0",NA
120,P1_no_rho,27,158.45063019997906,5.646875599981286,3.2927687000483274,0.1728492999682203,0.01,44050.53566005591,44050.53566005591,-71600.39995612238,-54252.759613695634,0.0,-24508.80468614076,-87857.99426702403,-87857.97777824066,-47506.572042542095,-24508.80468614076,22997.767356401335,22997.76735640134,-31496.712182298015,42736.0,nan,nan,1.5000000000000002,10.0,0.0,0.0,10.0,0.85,CORE,MAIN,1.1491651367456042,0.2404283854725906,0.6,0.174,-47506.572042542095,STRUCTURAL,-0.8792160488572107,-189873.47858070023,27300.0,0,0,0,0,0,0,0,inf,inf,NA,1,5,5,5,26,6,0,0,CONTINUE,0,A,1,1,0,KEEP_STRUCTURAL_IN_ON_CUT,2,3,0,0,"tail_cont_enabled=1 tail_active_dims=(1,) tail_delta=0.1 tail_start=(6, 6, 6) returned_y=(1, 6, 0) returned_b=(0, 1, 0) returned_u=(0, 0, 0) returned_zcap=(1, 6, 0) max_tail_u=0",NA
120,P1_no_rho,28,162.40795619995333,5.646875599981286,3.956765400012955,0.16905680007766932,0.01,42067.36978327978,42067.36978327978,-71600.39995612238,-54550.234495212055,0.0,-24508.80468614076,-87116.42753789142,-87116.41114044614,-47506.572042542095,-24508.80468614076,22997.767356401335,22997.76735640134,-31300.731977085277,41705.0,nan,nan,1.5000000000000002,10.0,0.0,0.0,10.0,0.85,CORE,MAIN,1.1477658698773183,0.24124532302745116,0.6,0.174,-47506.572042542095,STRUCTURAL,-0.8922300149999738,-189873.47858070023,27300.0,0,0,0,0,0,0,0,inf,inf,NA,1,5,5,5,26,6,0,0,CONTINUE,0,A,1,1,0,KEEP_STRUCTURAL_IN_ON_CUT,2,3,0,0,"tail_cont_enabled=1 tail_active_dims=(1,) tail_delta=0.1 tail_start=(6, 6, 6) returned_y=(1, 6, 0) returned_b=(0, 1, 0) returned_u=(0, 0, 0) returned_zcap=(1, 6, 0) max_tail_u=0",NA
120,P1_no_rho,29,167.1412726000417,5.646875599981286,4.732817700016312,0.1919190000044182,0.01,40532.30835271149,40532.30835271149,-71600.39995612238,-54780.493709797294,0.0,-24508.80468614076,-85641.12093610883,-85641.10468324115,-47506.572042542095,-24508.80468614076,22997.767356401335,22997.76735640134,-30653.28115949625,40389.5,nan,nan,1.5000000000000002,10.0,0.0,0.0,10.0,0.85,CORE,MAIN,1.1713196990219006,0.2439677505005331,0.6,0.174,-47506.572042542095,STRUCTURAL,-0.9076257199477572,-189873.47858070023,27300.0,0,0,0,0,0,0,0,inf,inf,NA,2,6,6,6,26,6,0,0,CONTINUE,0,A,1,1,0,KEEP_STRUCTURAL_IN_ON_CUT,2,3,0,0,"tail_cont_enabled=1 tail_active_dims=(1,) tail_delta=0.1 tail_start=(6, 6, 6) returned_y=(5, 3, 0) returned_b=(0, 0, 0) returned_u=(0, 0, 0) returned_zcap=(5, 3, 0) max_tail_u=0",NA
120,P1_no_rho,30,177.37620439997409,5.646875599981286,10.23435809998773,0.16192949994001538,0.01,152356.8488537823,152356.8488537823,-71600.39995612238,-38006.81263463667,0.0,-24508.80468614076,-56277.31042516901,-56277.298469615795,-47506.572042542095,-24508.80468614076,22997.767356401335,22997.76735640134,-12780.191813334754,31629.5,nan,nan,1.5000000000000002,10.0,0.0,0.0,10.0,0.85,CORE,MAIN,1.1709152900163637,0.30821728509819535,0.6,0.174,-47506.572042542095,STRUCTURAL,-0.9168046002683369,-189873.47858070023,27300.0,0,0,0,0,0,0,0,inf,inf,NA,1,5,5,5,26,6,0,0,CONTINUE,0,A,1,1,0,KEEP_STRUCTURAL_IN_ON_CUT,2,3,0,0,"tail_cont_enabled=1 tail_active_dims=(1,) tail_delta=0.1 tail_start=(6, 6, 6) returned_y=(5, 0, 3) returned_b=(0, 0, 0) returned_u=(0, 0, 0) returned_zcap=(5, 0, 3) max_tail_u=0",NA
120,P1_no_rho,31,182.2630574000068,5.646875599981286,4.886268600006588,0.19388680008705705,0.01,58849.16682610676,58849.16682610676,-71600.39995612238,-52032.964938788005,0.0,-24508.80468614076,-95642.81077591187,-95642.79473706178,-47506.572042542095,-24508.80468614076,22997.767356401335,22997.76735640134,-29230.278144410448,49216.0,nan,nan,1.5000000000000002,10.0,0.0,0.0,10.0,0.85,CORE,MAIN,1.1659505036275493,0.22439314340717686,0.6,0.174,-47506.572042542095,STRUCTURAL,-0.8996060440053547,-189873.47858070023,27300.0,0,0,0,0,0,0,0,inf,inf,NA,2,6,6,6,26,6,0,0,CONTINUE,0,A,1,1,0,KEEP_STRUCTURAL_IN_ON_CUT,2,3,0,0,"tail_cont_enabled=1 tail_active_dims=(1,) tail_delta=0.1 tail_start=(6, 6, 6) returned_y=(0, 0, 6) returned_b=(0, 0, 1) returned_u=(0, 0, 0) returned_zcap=(0, 0, 6) max_tail_u=0",NA
120,P1_no_rho,32,187.16488199995365,5.646875599981286,4.901368699967861,0.21132540004327893,0.01,43970.9928724396,43970.9928724396,-71600.39995612238,-54264.691031838076,0.0,-24508.80468614076,-81358.07175829382,-81358.05611638105,-47506.572042542095,-24508.80468614076,22997.767356401335,22997.76735640134,-27858.625993167945,40471.0,nan,nan,1.5000000000000002,10.0,0.0,0.0,10.0,0.85,CORE,MAIN,1.163203560950938,0.25011838190511126,0.6,0.174,-47506.572042542095,STRUCTURAL,-0.8812800955945919,-189873.47858070023,27300.0,0,0,0,0,0,0,0,inf,inf,NA,2,6,6,6,26,6,0,0,CONTINUE,0,A,1,1,0,KEEP_STRUCTURAL_IN_ON_CUT,2,3,0,0,"tail_cont_enabled=1 tail_active_dims=(1,) tail_delta=0.1 tail_start=(6, 6, 6) returned_y=(1, 0, 6) returned_b=(0, 0, 1) returned_u=(0, 0, 0) returned_zcap=(1, 0, 6) max_tail_u=0",NA
120,P1_no_rho,33,190.990019400022,5.646875599981286,3.82462279999163,0.17213329998776317,0.01,51813.97262519851,51813.97262519851,-71600.39995612238,-53088.24406892424,0.0,-24508.80468614076,-81662.55238118413,-81662.53718999047,-47506.572042542095,-24508.80468614076,22997.767356401335,22997.76735640134,-26261.956395754263,41863.5,nan,nan,1.5000000000000002,10.0,0.0,0.0,10.0,0.85,CORE,MAIN,1.1616576817227644,0.2477391456023671,0.6,0.174,-47506.572042542095,STRUCTURAL,-0.8822415834674786,-189873.47858070023,27300.0,0,0,0,0,0,0,0,inf,inf,NA,1,5,5,5,26,6,0,0,CONTINUE,0,A,1,1,0,KEEP_STRUCTURAL_IN_ON_CUT,2,3,0,0,"tail_cont_enabled=1 tail_active_dims=(1,) tail_delta=0.1 tail_start=(6, 6, 6) returned_y=(1, 6, 0) returned_b=(0, 1, 0) returned_u=(0, 0, 0) returned_zcap=(1, 6, 0) max_tail_u=0",NA
120,P1_no_rho,34,194.5820139000425,5.646875599981286,3.591552900034003,0.16662719997111708,0.01,36316.06101375654,36316.06101375654,-71600.39995612238,-55412.93081064054,0.0,-24508.80468614076,-77830.68246404837,-77830.66754753893,-47506.572042542095,-24508.80468614076,22997.767356401335,22997.76735640134,-27080.029869337075,39448.5,nan,nan,1.5000000000000002,10.0,0.0,0.0,10.0,0.85,CORE,MAIN,1.1618405241990897,0.25240923910456314,0.6,0.174,-47506.572042542095,STRUCTURAL,-0.8576690736564019,-189873.47858070023,27300.0,0,0,0,0,0,0,0,inf,inf,NA,1,5,5,5,26,6,0,0,CONTINUE,0,A,1,1,0,KEEP_STRUCTURAL_IN_ON_CUT,2,3,0,0,"tail_cont_enabled=1 tail_active_dims=(1,) tail_delta=0.1 tail_start=(6, 6, 6) returned_y=(1, 6, 0) returned_b=(0, 1, 0) returned_u=(0, 0, 0) returned_zcap=(1, 6, 0) max_tail_u=0",NA
120,P1_no_rho,35,204.36945230001584,5.646875599981286,9.786831500008702,0.1730292000574991,0.01,44985.06602223047,44985.06602223047,-71600.39995612238,-54112.58005936945,0.0,-24508.80468614076,-82975.24762664341,-82975.23156697056,-47506.572042542095,-24508.80468614076,22997.767356401335,22997.76735640134,-28761.59062219497,39991.0,nan,nan,1.5000000000000002,10.0,0.0,0.0,10.0,0.85,CORE,MAIN,1.1613904087859033,0.24246938395294726,0.6,0.174,-47506.572042542095,STRUCTURAL,-0.9037640293195232,-189873.47858070023,27300.0,0,0,0,0,0,0,0,inf,inf,NA,1,5,5,5,26,6,0,0,CONTINUE,0,A,1,1,0,KEEP_STRUCTURAL_IN_ON_CUT,2,3,0,0,"tail_cont_enabled=1 tail_active_dims=(1,) tail_delta=0.1 tail_start=(6, 6, 6) returned_y=(1, 6, 0) returned_b=(0, 1, 0) returned_u=(0, 0, 0) returned_zcap=(1, 6, 0) max_tail_u=0",NA
120,P1_no_rho,36,208.12412119994406,5.646875599981286,3.7540179999778047,0.16301919997204095,0.01,38023.49922802111,38023.49922802111,-71600.39995612238,-55156.815078500855,0.0,-24508.80468614076,-78266.62707417924,-78266.61196836134,-47506.572042542095,-24508.80468614076,22997.767356401335,22997.76735640134,-27509.612994382594,37226.0,nan,nan,1.5000000000000002,10.0,0.0,0.0,10.0,0.85,CORE,MAIN,1.179023962323239,0.24893303102411168,0.6,0.174,-47506.572042542095,STRUCTURAL,-0.9089883231071246,-189873.47858070023,27300.0,0,0,0,0,0,0,0,inf,inf,NA,1,5,5,5,26,6,0,0,CONTINUE,0,A,1,1,0,KEEP_STRUCTURAL_IN_ON_CUT,2,3,0,0,"tail_cont_enabled=1 tail_active_dims=(1,) tail_delta=0.1 tail_start=(6, 6, 6) returned_y=(5, 3, 0) returned_b=(0, 0, 0) returned_u=(0, 0, 0) returned_zcap=(5, 3, 0) max_tail_u=0",NA
120,P1_no_rho,37,211.9779876000248,5.646875599981286,3.8532263999804854,0.19254169997293502,0.01,124305.99178970436,124305.99178970436,-71600.39995612238,-42214.441194248364,0.0,-24508.80468614076,-61590.05015164975,-61590.037499250175,-47506.572042542095,-24508.80468614076,22997.767356401335,22997.76735640134,-15277.248344033434,33350.0,nan,nan,1.5000000000000002,10.0,0.0,0.0,10.0,0.85,CORE,MAIN,1.1830629981521377,0.28475679806293586,0.6,0.174,-47506.572042542095,STRUCTURAL,-0.9257928866610041,-189873.47858070023,27300.0,0,0,0,0,0,0,0,inf,inf,NA,2,6,6,6,26,6,0,0,CONTINUE,0,A,1,1,0,KEEP_STRUCTURAL_IN_ON_CUT,2,3,0,0,"tail_cont_enabled=1 tail_active_dims=(1,) tail_delta=0.1 tail_start=(6, 6, 6) returned_y=(6, 0, 2) returned_b=(1, 0, 0) returned_u=(0, 0, 0) returned_zcap=(6, 0, 2) max_tail_u=0",NA
120,P1_no_rho,38,215.8487560999347,5.646875599981286,3.8701845000032336,0.17446020001079887,0.01,42915.31085224637,42915.31085224637,-71600.39995612238,-54423.04333486706,0.0,-24508.80468614076,-76233.38523689768,-76233.37070256409,-47506.572042542095,-24508.80468614076,22997.767356401335,22997.76735640134,-25888.156018269743,38034.5,nan,nan,1.5000000000000002,10.0,0.0,0.0,10.0,0.85,CORE,MAIN,1.185021563554713,0.24570303762722812,0.6,0.174,-47506.572042542095,STRUCTURAL,-0.8824482103405127,-189873.47858070023,27300.0,0,0,0,0,0,0,0,inf,inf,NA,1,5,5,5,26,6,0,0,CONTINUE,0,A,1,1,0,KEEP_STRUCTURAL_IN_ON_CUT,2,3,0,0,"tail_cont_enabled=1 tail_active_dims=(1,) tail_delta=0.1 tail_start=(6, 6, 6) returned_y=(6, 0, 2) returned_b=(1, 0, 0) returned_u=(0, 0, 0) returned_zcap=(6, 0, 2) max_tail_u=0",NA
120,P1_no_rho,39,220.42775629996322,5.646875599981286,4.578559099929407,0.17151579994242638,0.01,42185.880883320126,42185.880883320126,-71600.39995612238,-54532.457830205996,0.0,-24508.80468614076,-71639.68755591812,-71639.67332203983,-47506.572042542095,-24508.80468614076,22997.767356401335,22997.76735640134,-23572.977432675834,37670.5,nan,nan,1.5000000000000002,10.0,0.0,0.0,10.0,0.85,CORE,MAIN,1.1872985895028456,0.24501070021300952,0.6,0.174,-47506.572042542095,STRUCTURAL,-0.8506514096240467,-189873.47858070023,27300.0,0,0,0,0,0,0,0,inf,inf,NA,1,5,5,5,26,6,0,0,CONTINUE,0,A,1,1,0,KEEP_STRUCTURAL_IN_ON_CUT,2,3,0,0,"tail_cont_enabled=1 tail_active_dims=(1,) tail_delta=0.1 tail_start=(6, 6, 6) returned_y=(1, 0, 6) returned_b=(0, 0, 1) returned_u=(0, 0, 0) returned_zcap=(1, 0, 6) max_tail_u=0",NA
120,P1_no_rho,40,228.22761589998845,5.646875599981286,7.799340000026859,0.1750875998986885,0.01,54166.13290637911,54166.13290637911,-71600.39995612238,-52735.42002674715,0.0,-24508.80468614076,-74257.99421170802,-74257.97951851695,-47506.572042542095,-24508.80468614076,22997.767356401335,22997.76735640134,-23526.322778961985,37603.0,nan,nan,1.5000000000000002,10.0,0.0,0.0,10.0,0.85,CORE,MAIN,1.1886962893307893,0.2521991443625947,0.6,0.174,-47506.572042542095,STRUCTURAL,-0.8994256972325784,-189873.47858070023,27300.0,0,0,0,0,0,0,0,inf,inf,NA,1,5,5,5,26,6,0,0,CONTINUE,0,A,1,1,0,KEEP_STRUCTURAL_IN_ON_CUT,2,3,0,0,"tail_cont_enabled=1 tail_active_dims=(1,) tail_delta=0.1 tail_start=(6, 6, 6) returned_y=(1, 0, 6) returned_b=(0, 0, 1) returned_u=(0, 0, 0) returned_zcap=(1, 0, 6) max_tail_u=0",NA
120,P1_no_rho,41,232.5252426000079,5.646875599981286,4.296946799964644,0.1731712999753654,0.01,44163.12346020986,44163.12346020986,-71600.39995612238,-54235.87144367254,0.0,-24508.80468614076,-73611.83245490011,-73611.81795101793,-47506.572042542095,-24508.80468614076,22997.767356401335,22997.76735640134,-24999.96045421004,37793.5,nan,nan,1.5000000000000002,10.0,0.0,0.0,10.0,0.85,CORE,MAIN,1.1900846264961007,0.25366881123154594,0.6,0.174,-47506.572042542095,STRUCTURAL,-0.8574994376776938,-189873.47858070023,27300.0,0,0,0,0,0,0,0,inf,inf,NA,1,5,5,5,26,6,0,0,CONTINUE,0,A,1,1,0,KEEP_STRUCTURAL_IN_ON_CUT,2,3,0,0,"tail_cont_enabled=1 tail_active_dims=(1,) tail_delta=0.1 tail_start=(6, 6, 6) returned_y=(1, 0, 6) returned_b=(0, 0, 1) returned_u=(0, 0, 0) returned_zcap=(1, 0, 6) max_tail_u=0",NA
120,P1_no_rho,42,237.24493679997977,5.646875599981286,4.71866809995845,0.1587783999275416,0.01,28003.16154951903,28003.16154951903,-71600.39995612238,-56659.865730276164,0.0,-24508.80468614076,-67461.18440832382,-67461.17099017069,-47506.572042542095,-24508.80468614076,22997.767356401335,22997.76735640134,-20624.341329189232,35665.5,nan,nan,1.5000000000000002,10.0,0.0,0.0,10.0,0.85,CORE,MAIN,1.1927236372584844,0.2635401876198543,0.6,0.174,-47506.572042542095,STRUCTURAL,-0.8754833973257338,-189873.47858070023,27300.0,0,0,0,0,0,0,0,inf,inf,NA,1,5,5,5,26,6,0,0,CONTINUE,0,A,1,1,0,KEEP_STRUCTURAL_IN_ON_CUT,2,3,0,0,"tail_cont_enabled=1 tail_active_dims=(1,) tail_delta=0.1 tail_start=(6, 6, 6) returned_y=(1, 0, 6) returned_b=(0, 0, 1) returned_u=(0, 0, 0) returned_zcap=(1, 0, 6) max_tail_u=0",NA
120,P1_no_rho,43,241.03710399998818,5.646875599981286,3.791457499959506,0.1734495999990031,0.01,38880.541472134595,38880.541472134595,-71600.39995612238,-55028.25874188383,0.0,-24508.80468614076,-78544.84823400727,-78544.83309386703,-47506.572042542095,-24508.80468614076,22997.767356401335,22997.76735640134,-28215.13375972473,39788.0,nan,nan,1.5000000000000002,10.0,0.0,0.0,10.0,0.85,CORE,MAIN,1.1969482974100298,0.24520979473210058,0.6,0.174,-47506.572042542095,STRUCTURAL,-0.843297800578772,-189873.47858070023,27300.0,0,0,0,0,0,0,0,inf,inf,NA,1,5,5,5,26,6,0,0,CONTINUE,0,A,1,1,0,KEEP_STRUCTURAL_IN_ON_CUT,2,3,0,0,"tail_cont_enabled=1 tail_active_dims=(1,) tail_delta=0.1 tail_start=(6, 6, 6) returned_y=(1, 0, 6) returned_b=(0, 0, 1) returned_u=(0, 0, 0) returned_zcap=(1, 0, 6) max_tail_u=0",NA
120,P1_no_rho,44,244.95135849993676,5.646875599981286,3.913741600001231,0.16655449999962002,0.01,85944.9937621751,85944.9937621751,-71600.39995612238,-47968.590898377755,0.0,-24508.80468614076,-67953.48871358903,-67953.47488427439,-47506.572042542095,-24508.80468614076,22997.767356401335,22997.76735640134,-19605.6363757887,35499.5,nan,nan,1.5000000000000002,10.0,0.0,0.0,10.0,0.85,CORE,MAIN,1.201296405862758,0.27426814734008076,0.6,0.174,-47506.572042542095,STRUCTURAL,-0.9079534173436373,-189873.47858070023,27300.0,0,0,0,0,0,0,0,inf,inf,NA,1,5,5,5,26,6,0,0,CONTINUE,0,A,1,1,0,KEEP_STRUCTURAL_IN_ON_CUT,2,3,0,0,"tail_cont_enabled=1 tail_active_dims=(1,) tail_delta=0.1 tail_start=(6, 6, 6) returned_y=(1, 0, 6) returned_b=(0, 0, 1) returned_u=(0, 0, 0) returned_zcap=(1, 0, 6) max_tail_u=0",NA
120,P1_no_rho,45,253.92071950004902,5.646875599981286,8.968752899905667,0.16454050003085285,0.01,37892.24673331064,37892.24673331064,-71600.39995612238,-55176.50295270742,0.0,-24508.80468614076,-75561.93564322196,-75561.92090328627,-47506.572042542095,-24508.80468614076,22997.767356401335,22997.76735640134,-25166.045556982903,36968.0,nan,nan,1.5000000000000002,10.0,0.0,0.0,10.0,0.85,CORE,MAIN,1.2031620646591636,0.24024260816273157,0.6,0.174,-47506.572042542095,STRUCTURAL,-0.9088197963338266,-189873.47858070023,27300.0,0,0,0,0,0,0,0,inf,inf,NA,1,5,5,5,26,6,0,0,CONTINUE,0,A,1,1,0,KEEP_STRUCTURAL_IN_ON_CUT,2,3,0,0,"tail_cont_enabled=1 tail_active_dims=(1,) tail_delta=0.1 tail_start=(6, 6, 6) returned_y=(5, 3, 0) returned_b=(0, 0, 0) returned_u=(0, 0, 0) returned_zcap=(5, 3, 0) max_tail_u=0",NA
120,P1_no_rho,46,257.74928089999594,5.646875599981286,3.828002900001593,0.184827100019902,0.01,51803.72302764047,51803.72302764047,-71600.39995612238,-53089.78150855795,0.0,-24508.80468614076,-75299.87030926591,-75299.8554064134,-47506.572042542095,-24508.80468614076,22997.767356401335,22997.76735640134,-25107.792991521186,36141.5,nan,nan,1.5000000000000002,10.0,0.0,0.0,10.0,0.85,CORE,MAIN,1.2039700638344242,0.2552350041062301,0.6,0.174,-47506.572042542095,STRUCTURAL,-0.9258435577732376,-189873.47858070023,27300.0,0,0,0,0,0,0,0,inf,inf,NA,1,5,5,5,26,6,0,0,CONTINUE,0,A,1,1,0,KEEP_STRUCTURAL_IN_ON_CUT,2,3,0,0,"tail_cont_enabled=1 tail_active_dims=(1,) tail_delta=0.1 tail_start=(6, 6, 6) returned_y=(5, 3, 0) returned_b=(0, 0, 0) returned_u=(0, 0, 0) returned_zcap=(5, 3, 0) max_tail_u=0",NA
120,P1_no_rho,47,262.162158699939,5.646875599981286,4.412373699946329,0.19821679999586195,0.01,57644.77808415955,57644.77808415955,-71600.39995612238,-52213.62325008008,0.0,-24508.80468614076,-73361.54440716673,-73361.52969852394,-47506.572042542095,-24508.80468614076,22997.767356401335,22997.76735640134,-23525.125498599453,36175.5,nan,nan,1.5000000000000002,10.0,0.0,0.0,10.0,0.85,CORE,MAIN,1.2046199741073291,0.2586018753438838,0.6,0.174,-47506.572042542095,STRUCTURAL,-0.9184190810525443,-189873.47858070023,27300.0,0,0,0,0,0,0,0,inf,inf,NA,1,5,5,5,26,6,0,0,CONTINUE,0,A,1,1,0,KEEP_STRUCTURAL_IN_ON_CUT,2,3,0,0,"tail_cont_enabled=1 tail_active_dims=(1,) tail_delta=0.1 tail_start=(6, 6, 6) returned_y=(5, 3, 0) returned_b=(0, 0, 0) returned_u=(0, 0, 0) returned_zcap=(5, 3, 0) max_tail_u=0",NA
120,P1_no_rho,48,267.4942685000133,5.646875599981286,5.331489300006069,0.18926030001603067,0.01,50178.30384511739,50178.30384511739,-71600.39995612238,-53333.59438593641,0.0,-24508.80468614076,-74860.71193380847,-74860.69719420336,-47506.572042542095,-24508.80468614076,22997.767356401335,22997.76735640134,-24478.889155499885,37114.5,nan,nan,1.5000000000000002,10.0,0.0,0.0,10.0,0.85,CORE,MAIN,1.2047788348650832,0.2566751184927045,0.6,0.174,-47506.572042542095,STRUCTURAL,-0.9049797794878636,-189873.47858070023,27300.0,0,0,0,0,0,0,0,inf,inf,NA,2,6,6,6,26,6,0,0,CONTINUE,0,A,1,1,0,KEEP_STRUCTURAL_IN_ON_CUT,2,3,0,0,"tail_cont_enabled=1 tail_active_dims=(1,) tail_delta=0.1 tail_start=(6, 6, 6) returned_y=(5, 3, 0) returned_b=(0, 0, 0) returned_u=(0, 0, 0) returned_zcap=(5, 3, 0) max_tail_u=0",NA
120,P1_no_rho,49,273.12322089995723,5.646875599981286,5.628582299919799,0.17963550006970763,0.01,67492.6019805066,67492.6019805066,-71600.39995612238,-50736.449665628024,0.0,-24508.80468614076,-69300.13789939995,-69300.12407091157,-47506.572042542095,-24508.80468614076,22997.767356401335,22997.76735640134,-21613.22509602588,34853.0,nan,nan,1.5000000000000002,10.0,0.0,0.0,10.0,0.85,CORE,MAIN,1.2062816699378205,0.26669929147100113,0.6,0.174,-47506.572042542095,STRUCTURAL,-0.9121529275315504,-189873.47858070023,27300.0,0,0,0,0,0,0,0,inf,inf,NA,1,5,5,5,26,6,0,0,CONTINUE,0,A,1,1,0,KEEP_STRUCTURAL_IN_ON_CUT,2,3,0,0,"tail_cont_enabled=1 tail_active_dims=(1,) tail_delta=0.1 tail_start=(6, 6, 6) returned_y=(5, 3, 0) returned_b=(0, 0, 0) returned_u=(0, 0, 0) returned_zcap=(5, 3, 0) max_tail_u=0",NA
120,P1_no_rho,50,282.96075129997917,5.646875599981286,9.836987799964845,0.1807235999731347,0.01,39323.519787988895,39323.519787988895,-71600.39995612238,-54961.81199450568,0.0,-24508.80468614076,-75174.50137231618,-75174.48673628039,-47506.572042542095,-24508.80468614076,22997.767356401335,22997.76735640134,-25975.79852991192,36216.0,nan,nan,1.5000000000000002,10.0,0.0,0.0,10.0,0.85,CORE,MAIN,1.2073190231046087,0.2520714377933473,0.6,0.174,-47506.572042542095,STRUCTURAL,-0.9056529012290783,-189873.47858070023,27300.0,0,0,0,0,0,0,0,inf,inf,NA,1,5,5,5,26,6,0,0,CONTINUE,0,A,1,1,0,KEEP_STRUCTURAL_IN_ON_CUT,2,3,0,0,"tail_cont_enabled=1 tail_active_dims=(1,) tail_delta=0.1 tail_start=(6, 6, 6) returned_y=(5, 3, 0) returned_b=(0, 0, 0) returned_u=(0, 0, 0) returned_zcap=(5, 3, 0) max_tail_u=0",NA
120,P1_no_rho,51,287.01115229993593,5.646875599981286,4.049903399893083,0.18621279997751117,0.01,70289.58042592219,70289.58042592219,-71600.39995612238,-50316.90289881569,0.0,-24508.80468614076,-70445.73054698306,-70445.71631020194,-47506.572042542095,-24508.80468614076,22997.767356401335,22997.76735640134,-20751.308514327386,35830.0,nan,nan,1.5000000000000002,10.0,0.0,0.0,10.0,0.85,CORE,MAIN,1.2088221236716385,0.2648994298670396,0.6,0.174,-47506.572042542095,STRUCTURAL,-0.9246331341682864,-189873.47858070023,27300.0,0,0,0,0,0,0,0,inf,inf,NA,1,5,5,5,26,6,0,0,CONTINUE,0,A,1,1,0,KEEP_STRUCTURAL_IN_ON_CUT,2,3,0,0,"tail_cont_enabled=1 tail_active_dims=(1,) tail_delta=0.1 tail_start=(6, 6, 6) returned_y=(5, 3, 0) returned_b=(0, 0, 0) returned_u=(0, 0, 0) returned_zcap=(5, 3, 0) max_tail_u=0",NA
120,P1_no_rho,52,291.157007999951,5.646875599981286,4.14540549996309,0.19496120000258088,0.01,47225.50646337323,47225.50646337323,-71600.39995612238,-53776.51399319804,0.0,-24508.80468614076,-75478.73868021688,-75478.72404062553,-47506.572042542095,-24508.80468614076,22997.767356401335,22997.76735640134,-25483.166248283156,38791.0,nan,nan,1.5000000000000002,10.0,0.0,0.0,10.0,0.85,CORE,MAIN,1.2092341836094929,0.24940647207476752,0.6,0.174,-47506.572042542095,STRUCTURAL,-0.8592295084313782,-189873.47858070023,27300.0,0,0,0,0,0,0,0,inf,inf,NA,2,6,6,6,26,6,0,0,CONTINUE,0,A,1,1,0,KEEP_STRUCTURAL_IN_ON_CUT,2,3,0,0,"tail_cont_enabled=1 tail_active_dims=(1,) tail_delta=0.1 tail_start=(6, 6, 6) returned_y=(1, 0, 6) returned_b=(0, 0, 1) returned_u=(0, 0, 0) returned_zcap=(1, 0, 6) max_tail_u=0",NA
120,P1_no_rho,53,295.38244630000554,5.646875599981286,4.224644900066778,0.16076660004910082,0.01,49625.57861491195,49625.57861491195,-71600.39995612238,-53416.50317046723,0.0,-24508.80468614076,-77770.00109789612,-77769.98611737555,-47506.572042542095,-24508.80468614076,22997.767356401335,22997.76735640134,-24860.13910861691,39241.5,nan,nan,1.5000000000000002,10.0,0.0,0.0,10.0,0.85,CORE,MAIN,1.2085809438047774,0.2541379593542381,0.6,0.174,-47506.572042542095,STRUCTURAL,-0.8988757142100184,-189873.47858070023,27300.0,0,0,0,0,0,0,0,inf,inf,NA,1,5,5,5,26,6,0,0,CONTINUE,0,A,1,1,0,KEEP_STRUCTURAL_IN_ON_CUT,2,3,0,0,"tail_cont_enabled=1 tail_active_dims=(1,) tail_delta=0.1 tail_start=(6, 6, 6) returned_y=(1, 0, 6) returned_b=(0, 0, 1) returned_u=(0, 0, 0) returned_zcap=(1, 0, 6) max_tail_u=0",NA
120,P1_no_rho,54,298.9625616000267,5.646875599981286,3.579491200041957,0.20362030004616827,0.01,64527.1630191794,64527.1630191794,-71600.39995612238,-51181.265509827106,0.0,-24508.80468614076,-74704.97205283305,-74704.95707476133,-47506.572042542095,-24508.80468614076,22997.767356401335,22997.76735640134,-23396.598380219766,37220.0,nan,nan,1.5000000000000002,10.0,0.0,0.0,10.0,0.85,CORE,MAIN,1.2082665285994403,0.26035021478956577,0.6,0.174,-47506.572042542095,STRUCTURAL,-0.919010544412351,-189873.47858070023,27300.0,0,0,0,0,0,0,0,inf,inf,NA,1,5,5,5,26,6,0,0,CONTINUE,0,A,1,1,0,KEEP_STRUCTURAL_IN_ON_CUT,2,3,0,0,"tail_cont_enabled=1 tail_active_dims=(1,) tail_delta=0.1 tail_start=(6, 6, 6) returned_y=(1, 0, 6) returned_b=(0, 0, 1) returned_u=(0, 0, 0) returned_zcap=(1, 0, 6) max_tail_u=0",NA
120,P1_no_rho,55,307.23776419996284,5.646875599981286,8.274453299934976,0.16062620002776384,0.01,54251.50060908684,54251.50060908684,-71600.39995612238,-52722.61487134099,0.0,-24508.80468614076,-75462.61261966579,-75462.59765802043,-47506.572042542095,-24508.80468614076,22997.767356401335,22997.76735640134,-24332.894292483146,37134.0,nan,nan,1.5000000000000002,10.0,0.0,0.0,10.0,0.85,CORE,MAIN,1.2084703612209597,0.25021467796649777,0.6,0.174,-47506.572042542095,STRUCTURAL,-0.9179315158711203,-189873.47858070023,27300.0,0,0,0,0,0,0,0,inf,inf,NA,1,5,5,5,26,6,0,0,CONTINUE,0,A,1,1,0,KEEP_STRUCTURAL_IN_ON_CUT,2,3,0,0,"tail_cont_enabled=1 tail_active_dims=(1,) tail_delta=0.1 tail_start=(6, 6, 6) returned_y=(5, 3, 0) returned_b=(0, 0, 0) returned_u=(0, 0, 0) returned_zcap=(5, 3, 0) max_tail_u=0",NA
120,P1_no_rho,56,312.182134600007,5.646875599981286,4.943749699974433,0.17447189998347312,0.01,61873.69266634254,61873.69266634254,-71600.39995612238,-51579.28606275264,0.0,-24508.80468614076,-70612.08355967564,-70612.06938321414,-47506.572042542095,-24508.80468614076,22997.767356401335,22997.76735640134,-21526.374729510077,35217.5,nan,nan,1.5000000000000002,10.0,0.0,0.0,10.0,0.85,CORE,MAIN,1.209636513260924,0.26733994527614247,0.6,0.174,-47506.572042542095,STRUCTURAL,-0.9291913519075093,-189873.47858070023,27300.0,0,0,0,0,0,0,0,inf,inf,NA,1,5,5,5,26,6,0,0,CONTINUE,0,A,1,1,0,KEEP_STRUCTURAL_IN_ON_CUT,2,3,0,0,"tail_cont_enabled=1 tail_active_dims=(1,) tail_delta=0.1 tail_start=(6, 6, 6) returned_y=(5, 3, 0) returned_b=(0, 0, 0) returned_u=(0, 0, 0) returned_zcap=(5, 3, 0) max_tail_u=0",NA
120,P1_no_rho,57,318.09111649997067,5.646875599981286,5.908549499930814,0.1987512999912724,0.01,48554.87893547668,48554.87893547668,-71600.39995612238,-53577.10812238252,0.0,-24508.80468614076,-76221.03894695874,-76221.02409695968,-47506.572042542095,-24508.80468614076,22997.767356401335,22997.76735640134,-25411.453764420658,36832.5,nan,nan,1.5000000000000002,10.0,0.0,0.0,10.0,0.85,CORE,MAIN,1.2096913362543344,0.2578780479699486,0.6,0.174,-47506.572042542095,STRUCTURAL,-0.9196510388477387,-189873.47858070023,27300.0,0,0,0,0,0,0,0,inf,inf,NA,2,6,6,6,26,6,0,0,CONTINUE,0,A,1,1,0,KEEP_STRUCTURAL_IN_ON_CUT,2,3,0,0,"tail_cont_enabled=1 tail_active_dims=(1,) tail_delta=0.1 tail_start=(6, 6, 6) returned_y=(5, 3, 0) returned_b=(0, 0, 0) returned_u=(0, 0, 0) returned_zcap=(5, 3, 0) max_tail_u=0",NA
120,P1_no_rho,58,323.2295040000463,5.646875599981286,5.137834599940106,0.1771252000471577,0.01,64650.61707978165,64650.61707978165,-71600.39995612238,-51162.74740073677,0.0,-24508.80468614076,-70827.28610497965,-70827.27190824576,-47506.572042542095,-24508.80468614076,22997.767356401335,22997.76735640134,-20710.889962629783,35801.5,nan,nan,1.5000000000000002,10.0,0.0,0.0,10.0,0.85,CORE,MAIN,1.2106426214304347,0.266931937418464,0.6,0.174,-47506.572042542095,STRUCTURAL,-0.9332268563349949,-189873.47858070023,27300.0,0,0,0,0,0,0,0,inf,inf,NA,1,5,5,5,26,6,0,0,CONTINUE,0,A,1,1,0,KEEP_STRUCTURAL_IN_ON_CUT,2,3,0,0,"tail_cont_enabled=1 tail_active_dims=(1,) tail_delta=0.1 tail_start=(6, 6, 6) returned_y=(5, 3, 0) returned_b=(0, 0, 0) returned_u=(0, 0, 0) returned_zcap=(5, 3, 0) max_tail_u=0",NA
120,P1_no_rho,59,328.8654329000274,5.646875599981286,5.635472399997525,0.1724756999174133,0.01,50051.39676030457,50051.39676030457,-71600.39995612238,-53352.63044865833,0.0,-24508.80468614076,-76430.1142703746,-76430.0993787812,-47506.572042542095,-24508.80468614076,22997.767356401335,22997.76735640134,-25998.92081307659,37525.0,nan,nan,1.5000000000000002,10.0,0.0,0.0,10.0,0.85,CORE,MAIN,1.2107648073242268,0.2562843345915242,0.6,0.174,-47506.572042542095,STRUCTURAL,-0.895956980958554,-189873.47858070023,27300.0,0,0,0,0,0,0,0,inf,inf,NA,1,5,5,5,26,6,0,0,CONTINUE,0,A,1,1,0,KEEP_STRUCTURAL_IN_ON_CUT,2,3,0,0,"tail_cont_enabled=1 tail_active_dims=(1,) tail_delta=0.1 tail_start=(6, 6, 6) returned_y=(5, 0, 3) returned_b=(0, 0, 0) returned_u=(0, 0, 0) returned_zcap=(5, 0, 3) max_tail_u=0",NA
120,P1_no_rho,60,340.0575187000213,5.646875599981286,11.191732499981299,0.1665995999937877,0.01,47524.29779159957,47524.29779159957,-71600.39995612238,-53731.69529396408,0.0,-24508.80468614076,-72632.95576608594,-72632.94126026964,-47506.572042542095,-24508.80468614076,22997.767356401335,22997.76735640134,-23488.750916023546,36539.0,nan,nan,1.5000000000000002,10.0,0.0,0.0,10.0,0.85,CORE,MAIN,1.2112574056731102,0.2767467102690826,0.6,0.174,-47506.572042542095,STRUCTURAL,-0.8966527152585109,-189873.47858070023,27300.0,0,0,0,0,0,0,0,inf,inf,NA,1,5,5,5,26,6,0,0,CONTINUE,0,A,1,1,0,KEEP_STRUCTURAL_IN_ON_CUT,2,3,0,0,"tail_cont_enabled=1 tail_active_dims=(1,) tail_delta=0.1 tail_start=(6, 6, 6) returned_y=(5, 0, 3) returned_b=(0, 0, 0) returned_u=(0, 0, 0) returned_zcap=(5, 0, 3) max_tail_u=0",NA
120,P1_no_rho,61,344.62696030002553,5.646875599981286,4.568894000025466,0.172751700039953,0.01,64402.56122655927,64402.56122655927,-71600.39995612238,-51199.95577872013,0.0,-24508.80468614076,-85670.8874926289,-85670.87171453367,-47506.572042542095,-24508.80468614076,22997.767356401335,22997.76735640134,-26515.79865339279,42711.5,nan,nan,1.5000000000000002,10.0,0.0,0.0,10.0,0.85,CORE,MAIN,1.2091846018290053,0.24049028397192207,0.6,0.174,-47506.572042542095,STRUCTURAL,-0.9233278010393904,-189873.47858070023,27300.0,0,0,0,0,0,0,0,inf,inf,NA,1,5,5,5,26,6,0,0,CONTINUE,0,A,1,1,0,KEEP_STRUCTURAL_IN_ON_CUT,2,3,0,0,"tail_cont_enabled=1 tail_active_dims=(1,) tail_delta=0.1 tail_start=(6, 6, 6) returned_y=(1, 0, 6) returned_b=(0, 0, 1) returned_u=(0, 0, 0) returned_zcap=(1, 0, 6) max_tail_u=0",NA
120,P1_no_rho,62,350.0687028999673,5.646875599981286,5.441158200032078,0.16273659991566092,0.01,52877.717137622014,52877.717137622014,-71600.39995612238,-52928.68239206071,0.0,-24508.80468614076,-78035.77785851224,-78035.76242909582,-47506.572042542095,-24508.80468614076,22997.767356401335,22997.76735640134,-25759.35862208468,38319.0,nan,nan,1.5000000000000002,10.0,0.0,0.0,10.0,0.85,CORE,MAIN,1.2076733526752266,0.26030930198544144,0.6,0.174,-47506.572042542095,STRUCTURAL,-0.909494920831461,-189873.47858070023,27300.0,0,0,0,0,0,0,0,inf,inf,NA,1,5,5,5,26,6,0,0,CONTINUE,0,A,1,1,0,KEEP_STRUCTURAL_IN_ON_CUT,2,3,0,0,"tail_cont_enabled=1 tail_active_dims=(1,) tail_delta=0.1 tail_start=(6, 6, 6) returned_y=(1, 0, 6) returned_b=(0, 0, 1) returned_u=(0, 0, 0) returned_zcap=(1, 0, 6) max_tail_u=0",NA
120,P1_no_rho,63,354.5109120999696,5.646875599981286,4.441682199947536,0.1711306000361219,0.01,66901.723922429,66901.723922429,-71600.39995612238,-50825.08137433967,0.0,-24508.80468614076,-71625.40789924389,-71625.39349538906,-47506.572042542095,-24508.80468614076,22997.767356401335,22997.76735640134,-22307.33405656337,37034.0,nan,nan,1.5000000000000002,10.0,0.0,0.0,10.0,0.85,CORE,MAIN,1.2080465987321864,0.26956181199674845,0.6,0.174,-47506.572042542095,STRUCTURAL,-0.8877978693241471,-189873.47858070023,27300.0,0,0,0,0,0,0,0,inf,inf,NA,1,5,5,5,26,6,0,0,CONTINUE,0,A,1,1,0,KEEP_STRUCTURAL_IN_ON_CUT,2,3,0,0,"tail_cont_enabled=1 tail_active_dims=(1,) tail_delta=0.1 tail_start=(6, 6, 6) returned_y=(1, 0, 6) returned_b=(0, 0, 1) returned_u=(0, 0, 0) returned_zcap=(1, 0, 6) max_tail_u=0",NA
120,P1_no_rho,64,359.5156213999726,5.646875599981286,5.004155399976298,0.17432410002220422,0.01,51963.04687114402,51963.04687114402,-71600.39995612238,-53065.882932032415,0.0,-24508.80468614076,-75533.19678491367,-75533.18191840286,-47506.572042542095,-24508.80468614076,22997.767356401335,22997.76735640134,-25206.147644334076,38275.0,nan,nan,1.5000000000000002,10.0,0.0,0.0,10.0,0.85,CORE,MAIN,1.208541804847062,0.26167514913141776,0.6,0.174,-47506.572042542095,STRUCTURAL,-0.8765867062759638,-189873.47858070023,27300.0,0,0,0,0,0,0,0,inf,inf,NA,1,5,5,5,26,6,0,0,CONTINUE,0,A,1,1,0,KEEP_STRUCTURAL_IN_ON_CUT,2,3,0,0,"tail_cont_enabled=1 tail_active_dims=(1,) tail_delta=0.1 tail_start=(6, 6, 6) returned_y=(1, 0, 6) returned_b=(0, 0, 1) returned_u=(0, 0, 0) returned_zcap=(1, 0, 6) max_tail_u=0",NA
120,P1_no_rho,65,370.50301840004977,5.646875599981286,10.986758299986832,0.16884340008255094,0.01,67106.9463838714,67106.9463838714,-71600.39995612238,-50794.29800512331,0.0,-24508.80468614076,-70527.85489786086,-70527.84069169356,-47506.572042542095,-24508.80468614076,22997.767356401335,22997.76735640134,-20852.100319544697,36876.5,nan,nan,1.5000000000000002,10.0,0.0,0.0,10.0,0.85,CORE,MAIN,1.2092516178885586,0.23739580821193307,0.6,0.174,-47506.572042542095,STRUCTURAL,-0.8980559502148858,-189873.47858070023,27300.0,0,0,0,0,0,0,0,inf,inf,NA,1,5,5,5,26,6,0,0,CONTINUE,0,A,1,1,0,KEEP_STRUCTURAL_IN_ON_CUT,2,3,0,0,"tail_cont_enabled=1 tail_active_dims=(1,) tail_delta=0.1 tail_start=(6, 6, 6) returned_y=(1, 0, 6) returned_b=(0, 0, 1) returned_u=(0, 0, 0) returned_zcap=(1, 0, 6) max_tail_u=0",NA
120,P1_no_rho,66,374.81565320002846,5.646875599981286,4.312055499991402,0.155424700002186,0.01,45043.41829800948,45043.41829800948,-71600.39995612238,-54103.827218002596,0.0,-24508.80468614076,-75455.90619489299,-75455.89122366112,-47506.572042542095,-24508.80468614076,22997.767356401335,22997.76735640134,-24730.42892972187,37365.0,nan,nan,1.5000000000000002,10.0,0.0,0.0,10.0,0.85,CORE,MAIN,1.2092188328642453,0.2525284632075733,0.6,0.174,-47506.572042542095,STRUCTURAL,-0.9050441552957623,-189873.47858070023,27300.0,0,0,0,0,0,0,0,inf,inf,NA,1,5,5,5,26,6,0,0,CONTINUE,0,A,1,1,0,KEEP_STRUCTURAL_IN_ON_CUT,2,3,0,0,"tail_cont_enabled=1 tail_active_dims=(1,) tail_delta=0.1 tail_start=(6, 6, 6) returned_y=(5, 3, 0) returned_b=(0, 0, 0) returned_u=(0, 0, 0) returned_zcap=(5, 3, 0) max_tail_u=0",NA
120,P1_no_rho,67,379.4878534999443,5.646875599981286,4.671061699977145,0.17593510006554425,0.01,64352.63211217293,64352.63211217293,-71600.39995612238,-51207.44514587808,0.0,-24508.80468614076,-75117.09510511784,-75117.08019690766,-47506.572042542095,-24508.80468614076,22997.767356401335,22997.76735640134,-24220.549071823953,37344.0,nan,nan,1.5000000000000002,10.0,0.0,0.0,10.0,0.85,CORE,MAIN,1.20964611530098,0.2683147492432162,0.6,0.174,-47506.572042542095,STRUCTURAL,-0.9086070252264297,-189873.47858070023,27300.0,0,0,0,0,0,0,0,inf,inf,NA,1,5,5,5,26,6,0,0,CONTINUE,0,A,1,1,0,KEEP_STRUCTURAL_IN_ON_CUT,2,3,0,0,"tail_cont_enabled=1 tail_active_dims=(1,) tail_delta=0.1 tail_start=(6, 6, 6) returned_y=(5, 0, 3) returned_b=(0, 0, 0) returned_u=(0, 0, 0) returned_zcap=(5, 0, 3) max_tail_u=0",NA
120,P1_no_rho,68,385.0697783000069,5.646875599981286,5.581342500052415,0.16132900002412498,0.01,56537.826511945255,56537.826511945255,-71600.39995612238,-52379.66598591223,0.0,-24508.80468614076,-73809.29620291034,-73809.28158854455,-47506.572042542095,-24508.80468614076,22997.767356401335,22997.76735640134,-23793.558952605155,36383.5,nan,nan,1.5000000000000002,10.0,0.0,0.0,10.0,0.85,CORE,MAIN,1.2102641126375904,0.2629647963829015,0.6,0.174,-47506.572042542095,STRUCTURAL,-0.9164543018298476,-189873.47858070023,27300.0,0,0,0,0,0,0,0,inf,inf,NA,1,5,5,5,26,6,0,0,CONTINUE,0,A,1,1,0,KEEP_STRUCTURAL_IN_ON_CUT,2,3,0,0,"tail_cont_enabled=1 tail_active_dims=(1,) tail_delta=0.1 tail_start=(6, 6, 6) returned_y=(5, 0, 3) returned_b=(0, 0, 0) returned_u=(0, 0, 0) returned_zcap=(5, 0, 3) max_tail_u=0",NA
120,P1_no_rho,69,390.4892974999966,5.646875599981286,5.418917700066231,0.16667169996071607,0.01,50492.732840723715,50492.732840723715,-71600.39995612238,-53286.43003659546,0.0,-24508.80468614076,-77206.9663855125,-77206.95118858128,-47506.572042542095,-24508.80468614076,22997.767356401335,22997.76735640134,-25699.90344598572,37800.5,nan,nan,1.5000000000000002,10.0,0.0,0.0,10.0,0.85,CORE,MAIN,1.209844973199972,0.2566213721944268,0.6,0.174,-47506.572042542095,STRUCTURAL,-0.9084015245406022,-189873.47858070023,27300.0,0,0,0,0,0,0,0,inf,inf,NA,1,5,5,5,26,6,0,0,CONTINUE,0,A,1,1,0,KEEP_STRUCTURAL_IN_ON_CUT,2,3,0,0,"tail_cont_enabled=1 tail_active_dims=(1,) tail_delta=0.1 tail_start=(6, 6, 6) returned_y=(5, 0, 3) returned_b=(0, 0, 0) returned_u=(0, 0, 0) returned_zcap=(5, 0, 3) max_tail_u=0",NA
120,P1_no_rho,70,400.30534760002047,5.646875599981286,9.815530900028534,0.1593406000174582,0.01,59748.10269674604,59748.10269674604,-71600.39995612238,-51898.12455819211,0.0,-24508.80468614076,-71686.28686100751,-71686.27242418345,-47506.572042542095,-24508.80468614076,22997.767356401335,22997.76735640134,-22037.131722401704,35901.5,nan,nan,1.5000000000000002,10.0,0.0,0.0,10.0,0.85,CORE,MAIN,1.210417629337878,0.26586134892124336,0.6,0.174,-47506.572042542095,STRUCTURAL,-0.9219510921415864,-189873.47858070023,27300.0,0,0,0,0,0,0,0,inf,inf,NA,1,5,5,5,26,6,0,0,CONTINUE,0,A,1,1,0,KEEP_STRUCTURAL_IN_ON_CUT,2,3,0,0,"tail_cont_enabled=1 tail_active_dims=(1,) tail_delta=0.1 tail_start=(6, 6, 6) returned_y=(5, 0, 3) returned_b=(0, 0, 0) returned_u=(0, 0, 0) returned_zcap=(5, 0, 3) max_tail_u=0",NA
120,P1_no_rho,71,405.58503159997053,5.646875599981286,5.279075699974783,0.16209110000636429,0.01,53891.91053630814,53891.91053630814,-71600.39995612238,-52776.5533822578,0.0,-24508.80468614076,-76386.4067070824,-76386.39167986598,-47506.572042542095,-24508.80468614076,22997.767356401335,22997.76735640134,-25724.557618293846,37771.0,nan,nan,1.5000000000000007,10.000000000000004,0.0,0.0,10.0,0.85,CORE,MAIN,1.2108633861157407,0.25742519935014807,0.6,0.174,-47506.572042542095,STRUCTURAL,-0.8941927944996975,-189873.47858070023,27300.0,0,0,0,0,0,0,0,inf,inf,NA,1,5,5,5,26,6,0,0,CONTINUE,0,A,1,1,0,KEEP_STRUCTURAL_IN_ON_CUT,2,3,0,0,"tail_cont_enabled=1 tail_active_dims=(1,) tail_delta=0.1 tail_start=(6, 6, 6) returned_y=(5, 0, 3) returned_b=(0, 0, 0) returned_u=(0, 0, 0) returned_zcap=(5, 0, 3) max_tail_u=0",NA
120,P1_no_rho,72,410.2591818999499,5.646875599981286,4.673463899991475,0.16133829997852445,0.01,67888.04272623984,67888.04272623984,-71600.39995612238,-50677.13355376804,0.0,-24508.80468614076,-70621.96670888276,-70621.95250119193,-47506.572042542095,-24508.80468614076,22997.767356401335,22997.76735640134,-21316.772215825382,36464.5,nan,nan,1.5000000000000004,10.000000000000002,0.0,0.0,10.0,0.85,CORE,MAIN,1.2113907219770783,0.27923062372019836,0.6,0.174,-47506.572042542095,STRUCTURAL,-0.9014279694015922,-189873.47858070023,27300.0,0,0,0,0,0,0,0,inf,inf,NA,1,5,5,5,26,6,0,0,CONTINUE,0,A,1,1,0,KEEP_STRUCTURAL_IN_ON_CUT,2,3,0,0,"tail_cont_enabled=1 tail_active_dims=(1,) tail_delta=0.1 tail_start=(6, 6, 6) returned_y=(1, 6, 0) returned_b=(0, 1, 0) returned_u=(0, 0, 0) returned_zcap=(1, 6, 0) max_tail_u=0",NA
120,P1_no_rho,73,414.87803469994105,5.646875599981286,4.618334800004959,0.16387539997231215,0.01,54463.217401969,54463.217401969,-71600.39995612238,-52690.85735240867,0.0,-24508.80468614076,-77465.53150209847,-77465.51624087611,-47506.572042542095,-24508.80468614076,22997.767356401335,22997.76735640134,-25214.75164998477,37880.5,nan,nan,1.5000000000000002,10.0,0.0,0.0,10.0,0.85,CORE,MAIN,1.2108876574571612,0.2536233809405106,0.6,0.174,-47506.572042542095,STRUCTURAL,-0.9195718921501621,-189873.47858070023,27300.0,0,0,0,0,0,0,0,inf,inf,NA,1,5,5,5,26,6,0,0,CONTINUE,0,A,1,1,0,KEEP_STRUCTURAL_IN_ON_CUT,2,3,0,0,"tail_cont_enabled=1 tail_active_dims=(1,) tail_delta=0.1 tail_start=(6, 6, 6) returned_y=(5, 3, 0) returned_b=(0, 0, 0) returned_u=(0, 0, 0) returned_zcap=(5, 3, 0) max_tail_u=0",NA
120,P1_no_rho,74,420.18715470004827,5.646875599981286,5.308704099967144,0.17921480000950396,0.01,56340.72636541173,56340.72636541173,-71600.39995612238,-52409.23100789226,0.0,-24508.80468614076,-74778.25143998179,-74778.23655429573,-47506.572042542095,-24508.80468614076,22997.767356401335,22997.76735640134,-24062.15952822802,36511.5,nan,nan,1.5000000000000002,10.0,0.0,0.0,10.0,0.85,CORE,MAIN,1.2105494501436165,0.2613126324770332,0.6,0.174,-47506.572042542095,STRUCTURAL,-0.926029278922489,-189873.47858070023,27300.0,0,0,0,0,0,0,0,inf,inf,NA,1,5,5,5,26,6,0,0,CONTINUE,0,A,1,1,0,KEEP_STRUCTURAL_IN_ON_CUT,2,3,0,0,"tail_cont_enabled=1 tail_active_dims=(1,) tail_delta=0.1 tail_start=(6, 6, 6) returned_y=(5, 3, 0) returned_b=(0, 0, 0) returned_u=(0, 0, 0) returned_zcap=(5, 3, 0) max_tail_u=0",NA
120,P1_no_rho,75,430.5072016000049,5.646875599981286,10.319435500074178,0.17099050001706928,0.01,60653.55592574365,60653.55592574365,-71600.39995612238,-51762.30657384247,0.0,-24508.80468614076,-73515.8760471962,-73515.86158261297,-47506.572042542095,-24508.80468614076,22997.767356401335,22997.76735640134,-23445.440929797667,36638.0,nan,nan,1.5000000000000002,10.0,0.0,0.0,10.0,0.85,CORE,MAIN,1.2107478762418467,0.2608618310602592,0.6,0.174,-47506.572042542095,STRUCTURAL,-0.9110835863095748,-189873.47858070023,27300.0,0,0,0,0,0,0,0,inf,inf,NA,1,5,5,5,26,6,0,0,CONTINUE,0,A,1,1,0,KEEP_STRUCTURAL_IN_ON_CUT,2,3,0,0,"tail_cont_enabled=1 tail_active_dims=(1,) tail_delta=0.1 tail_start=(6, 6, 6) returned_y=(5, 3, 0) returned_b=(0, 0, 0) returned_u=(0, 0, 0) returned_zcap=(5, 3, 0) max_tail_u=0",NA
120,P1_no_rho,76,435.7618757999735,5.646875599981286,5.254122899961658,0.15365650004241616,0.01,52593.72783166113,52593.72783166113,-71600.39995612238,-52971.28078795485,0.0,-24508.80468614076,-72981.48990729701,-72981.47553128371,-47506.572042542095,-24508.80468614076,22997.767356401335,22997.76735640134,-21619.149770834785,36506.5,nan,nan,1.5000000000000002,10.0,0.0,0.0,10.0,0.85,CORE,MAIN,1.2109950417590154,0.25201554073044785,0.6,0.174,-47506.572042542095,STRUCTURAL,-0.9379576378717749,-189873.47858070023,27300.0,0,0,0,0,0,0,0,inf,inf,NA,1,5,5,5,26,6,0,0,CONTINUE,0,A,1,1,0,KEEP_STRUCTURAL_IN_ON_CUT,2,3,0,0,"tail_cont_enabled=1 tail_active_dims=(1,) tail_delta=0.1 tail_start=(6, 6, 6) returned_y=(6, 0, 2) returned_b=(1, 0, 0) returned_u=(0, 0, 0) returned_zcap=(6, 0, 2) max_tail_u=0",NA
120,P1_no_rho,77,439.91619839996565,5.646875599981286,4.153749199933372,0.16418700001668185,0.01,57411.93241204091,57411.93241204091,-71600.39995612238,-52248.55010089788,0.0,-24508.80468614076,-72104.73449309851,-72104.72006174095,-47506.572042542095,-24508.80468614076,22997.767356401335,22997.76735640134,-22546.806906152164,36963.5,nan,nan,1.5000000000000002,10.0,0.0,0.0,10.0,0.85,CORE,MAIN,1.2116572425229508,0.26382985267140624,0.6,0.174,-47506.572042542095,STRUCTURAL,-0.8938171106738408,-189873.47858070023,27300.0,0,0,0,0,0,0,0,inf,inf,NA,1,5,5,5,26,6,0,0,CONTINUE,0,A,1,1,0,KEEP_STRUCTURAL_IN_ON_CUT,2,3,0,0,"tail_cont_enabled=1 tail_active_dims=(1,) tail_delta=0.1 tail_start=(6, 6, 6) returned_y=(1, 6, 0) returned_b=(0, 1, 0) returned_u=(0, 0, 0) returned_zcap=(1, 6, 0) max_tail_u=0",NA
120,P1_no_rho,78,444.87734240002465,5.646875599981286,4.960497800027952,0.16193860000930727,0.01,50357.75130847717,50357.75130847717,-71600.39995612238,-53306.677266432445,0.0,-24508.80468614076,-76815.68512869395,-76815.67005758252,-47506.572042542095,-24508.80468614076,22997.767356401335,22997.76735640134,-25864.749563426863,37769.5,nan,nan,1.5000000000000002,10.0,0.0,0.0,10.0,0.85,CORE,MAIN,1.2121958890031765,0.275525954632299,0.6,0.174,-47506.572042542095,STRUCTURAL,-0.899330950355104,-189873.47858070023,27300.0,0,0,0,0,0,0,0,inf,inf,NA,1,5,5,5,26,6,0,0,CONTINUE,0,A,1,1,0,KEEP_STRUCTURAL_IN_ON_CUT,2,3,0,0,"tail_cont_enabled=1 tail_active_dims=(1,) tail_delta=0.1 tail_start=(6, 6, 6) returned_y=(1, 6, 0) returned_b=(0, 1, 0) returned_u=(0, 0, 0) returned_zcap=(1, 6, 0) max_tail_u=0",NA
120,P1_no_rho,79,450.32503309997264,5.646875599981286,5.447085099993274,0.16778390004765242,0.01,61650.86461261122,61650.86461261122,-71600.39995612238,-51612.710270812335,0.0,-24508.80468614076,-70900.24764043212,-70900.23348731067,-47506.572042542095,-24508.80468614076,22997.767356401335,22997.76735640134,-22081.75289780946,36120.5,nan,nan,1.5000000000000002,10.0,0.0,0.0,10.0,0.85,CORE,MAIN,1.212689854060516,0.27927444273565727,0.6,0.174,-47506.572042542095,STRUCTURAL,-0.901029989239743,-189873.47858070023,27300.0,0,0,0,0,0,0,0,inf,inf,NA,1,5,5,5,26,6,0,0,CONTINUE,0,A,1,1,0,KEEP_STRUCTURAL_IN_ON_CUT,2,3,0,0,"tail_cont_enabled=1 tail_active_dims=(1,) tail_delta=0.1 tail_start=(6, 6, 6) returned_y=(1, 6, 0) returned_b=(0, 1, 0) returned_u=(0, 0, 0) returned_zcap=(1, 6, 0) max_tail_u=0",NA
120,P1_no_rho,80,459.8892607999733,5.646875599981286,9.563584199990146,0.16192400001455098,0.01,42973.5912465916,42973.5912465916,-71600.39995612238,-54414.301275715276,0.0,-24508.80468614076,-74123.96073372434,-74123.94607912119,-47506.572042542095,-24508.80468614076,22997.767356401335,22997.76735640134,-23932.951032992056,37464.0,nan,nan,1.5000000000000002,10.0,0.0,0.0,10.0,0.85,CORE,MAIN,1.2128421808148158,0.265999466826086,0.6,0.174,-47506.572042542095,STRUCTURAL,-0.8931417724772072,-189873.47858070023,27300.0,0,0,0,0,0,0,0,inf,inf,NA,1,5,5,5,26,6,0,0,CONTINUE,0,A,1,1,0,KEEP_STRUCTURAL_IN_ON_CUT,2,3,0,0,"tail_cont_enabled=1 tail_active_dims=(1,) tail_delta=0.1 tail_start=(6, 6, 6) returned_y=(1, 6, 0) returned_b=(0, 1, 0) returned_u=(0, 0, 0) returned_zcap=(1, 6, 0) max_tail_u=0",NA
120,P1_no_rho,81,464.7444640999893,5.646875599981286,4.854689100058749,0.15284900006372482,0.01,52140.599391083,52140.599391083,-71600.39995612238,-53039.25005404157,0.0,-24508.80468614076,-74647.93895144649,-74647.92401510084,-47506.572042542095,-24508.80468614076,22997.767356401335,22997.76735640134,-23782.59305765525,37586.5,nan,nan,1.5000000000000002,10.0,0.0,0.0,10.0,0.85,CORE,MAIN,1.2126874696238295,0.2345451418989778,0.6,0.174,-47506.572042542095,STRUCTURAL,-0.9021914953054173,-189873.47858070023,27300.0,0,0,0,0,0,0,0,inf,inf,NA,1,5,5,5,26,6,0,0,CONTINUE,0,A,1,1,0,KEEP_STRUCTURAL_IN_ON_CUT,2,3,0,0,"tail_cont_enabled=1 tail_active_dims=(1,) tail_delta=0.1 tail_start=(6, 6, 6) returned_y=(1, 6, 0) returned_b=(0, 1, 0) returned_u=(0, 0, 0) returned_zcap=(1, 6, 0) max_tail_u=0",NA
120,P1_no_rho,82,470.01214010000695,5.646875599981286,5.2670997000532225,0.17256169999018312,0.01,56646.338692887715,56646.338692887715,-71600.39995612238,-52363.389158770864,0.0,-24508.80468614076,-74426.83897603922,-74426.82415189205,-47506.572042542095,-24508.80468614076,22997.767356401335,22997.76735640134,-23799.139547906794,37625.5,nan,nan,1.5000000000000002,10.0,0.0,0.0,10.0,0.85,CORE,MAIN,1.2124330887231716,0.2597510020870657,0.6,0.174,-47506.572042542095,STRUCTURAL,-0.8970456136394244,-189873.47858070023,27300.0,0,0,0,0,0,0,0,inf,inf,NA,1,5,5,5,26,6,0,0,CONTINUE,0,A,1,1,0,KEEP_STRUCTURAL_IN_ON_CUT,2,3,0,0,"tail_cont_enabled=1 tail_active_dims=(1,) tail_delta=0.1 tail_start=(6, 6, 6) returned_y=(1, 6, 0) returned_b=(0, 1, 0) returned_u=(0, 0, 0) returned_zcap=(1, 6, 0) max_tail_u=0",NA
120,P1_no_rho,83,474.4774404000491,5.646875599981286,4.46457789989654,0.16298329993151128,0.01,64628.94561012068,64628.94561012068,-71600.39995612238,-51165.99812118591,0.0,-24508.80468614076,-75374.37191119618,-75374.35679049317,-47506.572042542095,-24508.80468614076,22997.767356401335,22997.76735640134,-23577.486928270235,37954.5,nan,nan,1.5000000000000002,10.0,0.0,0.0,10.0,0.85,CORE,MAIN,1.2118899693125638,0.25814842764572643,0.6,0.174,-47506.572042542095,STRUCTURAL,-0.9098063885656587,-189873.47858070023,27300.0,0,0,0,0,0,0,0,inf,inf,NA,1,5,5,5,26,6,0,0,CONTINUE,0,A,1,1,0,KEEP_STRUCTURAL_IN_ON_CUT,2,3,0,0,"tail_cont_enabled=1 tail_active_dims=(1,) tail_delta=0.1 tail_start=(6, 6, 6) returned_y=(1, 6, 0) returned_b=(0, 1, 0) returned_u=(0, 0, 0) returned_zcap=(1, 6, 0) max_tail_u=0",NA
120,P1_no_rho,84,479.32608299993444,5.646875599981286,4.847996799973771,0.17443939996883273,0.01,57677.09684968371,57677.09684968371,-71600.39995612238,-52208.77543525146,0.0,-24508.80468614076,-73268.84349005485,-73268.8288949722,-47506.572042542095,-24508.80468614076,22997.767356401335,22997.76735640134,-23426.948988396056,37805.0,nan,nan,1.5000000000000002,10.0,0.0,0.0,10.0,0.85,CORE,MAIN,1.2119674332344779,0.24829233401020556,0.6,0.174,-47506.572042542095,STRUCTURAL,-0.8789292405162658,-189873.47858070023,27300.0,0,0,0,0,0,0,0,inf,inf,NA,1,5,5,5,26,6,0,0,CONTINUE,0,A,1,1,0,KEEP_STRUCTURAL_IN_ON_CUT,2,3,0,0,"tail_cont_enabled=1 tail_active_dims=(1,) tail_delta=0.1 tail_start=(6, 6, 6) returned_y=(1, 6, 0) returned_b=(0, 1, 0) returned_u=(0, 0, 0) returned_zcap=(1, 6, 0) max_tail_u=0",NA
120,P1_no_rho,85,489.9847563999938,5.646875599981286,10.658073200029321,0.16354340000543743,0.01,47243.74348005058,47243.74348005058,-71600.39995612238,-53773.778440696435,0.0,-24508.80468614076,-75282.29069983448,-75282.27561870945,-47506.572042542095,-24508.80468614076,22997.767356401335,22997.76735640134,-24767.48499996363,37697.0,nan,nan,1.5000000000000002,10.0,0.0,0.0,10.0,0.85,CORE,MAIN,1.2132313981795124,0.25969860857792615,0.6,0.174,-47506.572042542095,STRUCTURAL,-0.8933476690231017,-189873.47858070023,27300.0,0,0,0,0,0,0,0,inf,inf,NA,1,5,5,5,26,6,0,0,CONTINUE,0,A,1,1,0,KEEP_STRUCTURAL_IN_ON_CUT,2,3,0,0,"tail_cont_enabled=1 tail_active_dims=(1,) tail_delta=0.1 tail_start=(6, 6, 6) returned_y=(1, 6, 0) returned_b=(0, 1, 0) returned_u=(0, 0, 0) returned_zcap=(1, 6, 0) max_tail_u=0",NA
120,P1_no_rho,86,494.4919114999939,5.646875599981286,4.506437400006689,0.16493750002700835,0.01,61362.42794228967,61362.42794228967,-71600.39995612238,-51655.975771360565,0.0,-24508.80468614076,-72489.47485421372,-72489.46070587546,-47506.572042542095,-24508.80468614076,22997.767356401335,22997.76735640134,-22002.819858922434,35941.0,nan,nan,1.5000000000000002,10.0,0.0,0.0,10.0,0.85,CORE,MAIN,1.2139545762959656,0.24014045287421992,0.6,0.174,-47506.572042542095,STRUCTURAL,-0.9364725679484529,-189873.47858070023,27300.0,0,0,0,0,0,0,0,inf,inf,NA,1,5,5,5,26,6,0,0,CONTINUE,0,A,1,1,0,KEEP_STRUCTURAL_IN_ON_CUT,2,3,0,0,"tail_cont_enabled=1 tail_active_dims=(1,) tail_delta=0.1 tail_start=(6, 6, 6) returned_y=(5, 3, 0) returned_b=(0, 0, 0) returned_u=(0, 0, 0) returned_zcap=(5, 3, 0) max_tail_u=0",NA
120,P1_no_rho,87,500.04225519998,5.646875599981286,5.549689100007527,0.17425280006136745,0.01,52439.75443648093,52439.75443648093,-71600.39995612238,-52994.37679723188,0.0,-24508.80468614076,-72952.70374384604,-72952.6892198653,-47506.572042542095,-24508.80468614076,22997.767356401335,22997.76735640134,-23820.349588699217,36349.0,nan,nan,1.5000000000000002,10.0,0.0,0.0,10.0,0.85,CORE,MAIN,1.214632839689488,0.2634330805109364,0.6,0.174,-47506.572042542095,STRUCTURAL,-0.9011222616150112,-189873.47858070023,27300.0,0,0,0,0,0,0,0,inf,inf,NA,1,5,5,5,26,6,0,0,CONTINUE,0,A,1,1,0,KEEP_STRUCTURAL_IN_ON_CUT,2,3,0,0,"tail_cont_enabled=1 tail_active_dims=(1,) tail_delta=0.1 tail_start=(6, 6, 6) returned_y=(5, 0, 3) returned_b=(0, 0, 0) returned_u=(0, 0, 0) returned_zcap=(5, 0, 3) max_tail_u=0",NA
120,P1_no_rho,88,505.4746223000111,5.646875599981286,5.4314945000223815,0.15920210001058877,0.01,56438.73945908472,56438.73945908472,-71600.39995612238,-52394.52904384131,0.0,-24508.80468614076,-74919.61524298915,-74919.60038471725,-47506.572042542095,-24508.80468614076,22997.767356401335,22997.76735640134,-23806.322343214477,36928.0,nan,nan,1.5000000000000002,10.0,0.0,0.0,10.0,0.85,CORE,MAIN,1.214806811633304,0.23852687369729986,0.6,0.174,-47506.572042542095,STRUCTURAL,-0.9227555972252816,-189873.47858070023,27300.0,0,0,0,0,0,0,0,inf,inf,NA,1,5,5,5,26,6,0,0,CONTINUE,0,A,1,1,0,KEEP_STRUCTURAL_IN_ON_CUT,2,3,0,0,"tail_cont_enabled=1 tail_active_dims=(1,) tail_delta=0.1 tail_start=(6, 6, 6) returned_y=(5, 0, 3) returned_b=(0, 0, 0) returned_u=(0, 0, 0) returned_zcap=(5, 0, 3) max_tail_u=0",NA
120,P1_no_rho,89,510.45650800003204,5.646875599981286,4.981204400071874,0.17430509999394417,0.01,61274.25205261585,61274.25205261585,-71600.39995612238,-51669.20215481164,0.0,-24508.80468614076,-75101.26640724755,-75101.251513479,-47506.572042542095,-24508.80468614076,22997.767356401335,22997.76735640134,-23787.566100434124,36883.5,nan,nan,1.5000000000000002,10.0,0.0,0.0,10.0,0.85,CORE,MAIN,1.2147751254549477,0.2604071809746844,0.6,0.174,-47506.572042542095,STRUCTURAL,-0.9274912524217218,-189873.47858070023,27300.0,0,0,0,0,0,0,0,inf,inf,NA,1,5,5,5,26,6,0,0,CONTINUE,0,A,1,1,0,KEEP_STRUCTURAL_IN_ON_CUT,2,3,0,0,"tail_cont_enabled=1 tail_active_dims=(1,) tail_delta=0.1 tail_start=(6, 6, 6) returned_y=(5, 0, 3) returned_b=(0, 0, 0) returned_u=(0, 0, 0) returned_zcap=(5, 0, 3) max_tail_u=0",NA
120,P1_no_rho,90,520.8231560999993,5.646875599981286,10.366022099973634,0.17917230003513396,0.01,57576.80790170677,57576.80790170677,-71600.39995612238,-52223.818777448,0.0,-24508.80468614076,-75359.80494376631,-75359.78988232292,-47506.572042542095,-24508.80468614076,22997.767356401335,22997.76735640134,-24047.133845970184,37312.5,nan,nan,1.5000000000000002,10.0,0.0,0.0,10.0,0.85,CORE,MAIN,1.2145000497727299,0.26074106700478916,0.6,0.174,-47506.572042542095,STRUCTURAL,-0.9168090414088707,-189873.47858070023,27300.0,0,0,0,0,0,0,0,inf,inf,NA,1,5,5,5,26,6,0,0,CONTINUE,0,A,1,1,0,KEEP_STRUCTURAL_IN_ON_CUT,2,3,0,0,"tail_cont_enabled=1 tail_active_dims=(1,) tail_delta=0.1 tail_start=(6, 6, 6) returned_y=(5, 3, 0) returned_b=(0, 0, 0) returned_u=(0, 0, 0) returned_zcap=(5, 3, 0) max_tail_u=0",NA
120,P1_no_rho,91,526.2902389999945,5.646875599981286,5.466670099995099,0.1650042999535799,0.01,51445.27609935487,51445.27609935487,-71600.39995612238,-53143.54854780079,0.0,-24508.80468614076,-72363.13041145564,-72363.11595725648,-47506.572042542095,-24508.80468614076,22997.767356401335,22997.76735640134,-22445.681910012536,35847.5,nan,nan,1.5000000000000004,10.000000000000002,0.0,0.0,10.0,0.85,CORE,MAIN,1.2147890440823068,0.25750273261919565,0.6,0.174,-47506.572042542095,STRUCTURAL,-0.9283294334285315,-189873.47858070023,27300.0,0,0,0,0,0,0,0,inf,inf,NA,1,5,5,5,26,6,0,0,CONTINUE,0,A,1,1,0,KEEP_STRUCTURAL_IN_ON_CUT,2,3,0,0,"tail_cont_enabled=1 tail_active_dims=(1,) tail_delta=0.1 tail_start=(6, 6, 6) returned_y=(5, 3, 0) returned_b=(0, 0, 0) returned_u=(0, 0, 0) returned_zcap=(5, 3, 0) max_tail_u=0",NA
120,P1_no_rho,92,530.4578253999352,5.646875599981286,4.1670015999116,0.16360850003547966,0.01,56912.48180594483,56912.48180594483,-71600.39995612238,-52323.46769181229,0.0,-24508.80468614076,-76269.60303360104,-76269.58791569225,-47506.572042542095,-24508.80468614076,22997.767356401335,22997.76735640134,-25319.511448012356,36912.0,nan,nan,1.5000000000000002,10.0,0.0,0.0,10.0,0.85,CORE,MAIN,1.2143604431164454,0.2722477317219444,0.6,0.174,-47506.572042542095,STRUCTURAL,-0.9202079986215845,-189873.47858070023,27300.0,0,0,0,0,0,0,0,inf,inf,NA,1,5,5,5,26,6,0,0,CONTINUE,0,A,1,1,0,KEEP_STRUCTURAL_IN_ON_CUT,2,3,0,0,"tail_cont_enabled=1 tail_active_dims=(1,) tail_delta=0.1 tail_start=(6, 6, 6) returned_y=(5, 3, 0) returned_b=(0, 0, 0) returned_u=(0, 0, 0) returned_zcap=(5, 3, 0) max_tail_u=0",NA
120,P1_no_rho,93,535.3319615999935,5.646875599981286,4.873595000011846,0.17158910003490746,0.01,58883.07246060952,58883.07246060952,-71600.39995612238,-52027.87909361259,0.0,-24508.80468614076,-73320.38930000062,-73320.37460964265,-47506.572042542095,-24508.80468614076,22997.767356401335,22997.76735640134,-23402.542888240652,35912.5,nan,nan,1.5000000000000002,10.0,0.0,0.0,10.0,0.85,CORE,MAIN,1.2143186699255877,0.2636657736268292,0.6,0.174,-47506.572042542095,STRUCTURAL,-0.9266565814391828,-189873.47858070023,27300.0,0,0,0,0,0,0,0,inf,inf,NA,1,5,5,5,26,6,0,0,CONTINUE,0,A,1,1,0,KEEP_STRUCTURAL_IN_ON_CUT,2,3,0,0,"tail_cont_enabled=1 tail_active_dims=(1,) tail_delta=0.1 tail_start=(6, 6, 6) returned_y=(5, 3, 0) returned_b=(0, 0, 0) returned_u=(0, 0, 0) returned_zcap=(5, 3, 0) max_tail_u=0",NA
120,P1_no_rho,94,540.7818221000489,5.646875599981286,5.449280699947849,0.1705864000832662,0.01,57678.54024401927,57678.54024401927,-71600.39995612238,-52208.55892610113,0.0,-24508.80468614076,-73809.54839277218,-73809.53371999627,-47506.572042542095,-24508.80468614076,22997.767356401335,22997.76735640134,-23519.272181074168,36966.5,nan,nan,1.5000000000000002,10.0,0.0,0.0,10.0,0.85,CORE,MAIN,1.2144142566176557,0.26299054477765405,0.6,0.174,-47506.572042542095,STRUCTURAL,-0.9069519977803703,-189873.47858070023,27300.0,0,0,0,0,0,0,0,inf,inf,NA,1,5,5,5,26,6,0,0,CONTINUE,0,A,1,1,0,KEEP_STRUCTURAL_IN_ON_CUT,2,3,0,0,"tail_cont_enabled=1 tail_active_dims=(1,) tail_delta=0.1 tail_start=(6, 6, 6) returned_y=(5, 3, 0) returned_b=(0, 0, 0) returned_u=(0, 0, 0) returned_zcap=(5, 3, 0) max_tail_u=0",NA
120,P1_no_rho,95,551.3195450999774,5.646875599981286,10.537224099971354,0.17131300002802163,0.01,55806.659715487076,55806.659715487076,-71600.39995612238,-52489.34100538096,0.0,-24508.80468614076,-74344.74503172649,-74344.73011221849,-47506.572042542095,-24508.80468614076,22997.767356401335,22997.76735640134,-23450.977584063614,36128.5,nan,nan,1.5000000000000004,10.000000000000002,0.0,0.0,10.0,0.85,CORE,MAIN,1.2144695802773096,0.2342538863862591,0.6,0.174,-47506.572042542095,STRUCTURAL,-0.9391247450656194,-189873.47858070023,27300.0,0,0,0,0,0,0,0,inf,inf,NA,1,5,5,5,26,6,0,0,CONTINUE,0,A,1,1,0,KEEP_STRUCTURAL_IN_ON_CUT,2,3,0,0,"tail_cont_enabled=1 tail_active_dims=(1,) tail_delta=0.1 tail_start=(6, 6, 6) returned_y=(5, 3, 0) returned_b=(0, 0, 0) returned_u=(0, 0, 0) returned_zcap=(5, 3, 0) max_tail_u=0",NA
120,P1_no_rho,96,555.7177541999845,5.646875599981286,4.3975242000306025,0.14970580011140555,0.01,56877.75780154887,56877.75780154887,-71600.39995612238,-52328.67629247169,0.0,-24508.80468614076,-74413.49658795902,-74413.48175241306,-47506.572042542095,-24508.80468614076,22997.767356401335,22997.76735640134,-23836.87659923709,36482.0,nan,nan,1.5000000000000098,10.000000000000064,0.0,0.0,10.0,0.85,CORE,MAIN,1.2145177962103928,0.26166738309811255,0.6,0.174,-47506.572042542095,STRUCTURAL,-0.9242293944625778,-189873.47858070023,27300.0,0,0,0,0,0,0,0,inf,inf,NA,1,5,5,5,26,6,0,0,CONTINUE,0,A,1,1,0,KEEP_STRUCTURAL_IN_ON_CUT,2,3,0,0,"tail_cont_enabled=1 tail_active_dims=(1,) tail_delta=0.1 tail_start=(6, 6, 6) returned_y=(5, 3, 0) returned_b=(0, 0, 0) returned_u=(0, 0, 0) returned_zcap=(5, 3, 0) max_tail_u=0",NA
120,P1_no_rho,97,560.5847784000216,5.646875599981286,4.866427500033751,0.17629790003411472,0.01,54251.967342671036,54251.967342671036,-71600.39995612238,-52722.544861303366,0.0,-24508.80468614076,-74871.16500318609,-74871.15000091234,-47506.572042542095,-24508.80468614076,22997.767356401335,22997.76735640134,-23950.45869103733,37022.0,nan,nan,1.5000000000000002,10.0,0.0,0.0,10.0,0.85,CORE,MAIN,1.2149742844168554,0.25073008204838276,0.6,0.174,-47506.572042542095,STRUCTURAL,-0.9169447231353431,-189873.47858070023,27300.0,0,0,0,0,0,0,0,inf,inf,NA,1,5,5,5,26,6,0,0,CONTINUE,0,A,1,1,0,KEEP_STRUCTURAL_IN_ON_CUT,2,3,0,0,"tail_cont_enabled=1 tail_active_dims=(1,) tail_delta=0.1 tail_start=(6, 6, 6) returned_y=(5, 3, 0) returned_b=(0, 0, 0) returned_u=(0, 0, 0) returned_zcap=(5, 3, 0) max_tail_u=0",NA
120,P1_no_rho,98,565.8776739999885,5.646875599981286,5.2923304999712855,0.23336029995698482,0.01,60341.44899027802,60341.44899027802,-71600.39995612238,-51809.12261416232,0.0,-24508.80468614076,-73102.76829797124,-73102.75373503355,-47506.572042542095,-24508.80468614076,22997.767356401335,22997.76735640134,-22813.81559847348,36079.0,nan,nan,1.5000000000000002,10.0,0.0,0.0,10.0,0.85,CORE,MAIN,1.2155222607233067,0.26390923655418375,0.6,0.174,-47506.572042542095,STRUCTURAL,-0.9292374721501898,-189873.47858070023,27300.0,0,0,0,0,0,0,0,inf,inf,NA,1,5,5,5,26,6,0,0,CONTINUE,0,A,1,1,0,KEEP_STRUCTURAL_IN_ON_CUT,2,3,0,0,"tail_cont_enabled=1 tail_active_dims=(1,) tail_delta=0.1 tail_start=(6, 6, 6) returned_y=(5, 3, 0) returned_b=(0, 0, 0) returned_u=(0, 0, 0) returned_zcap=(5, 3, 0) max_tail_u=0",NA
120,P1_no_rho,99,571.3767503999406,5.646875599981286,5.498397899908014,0.15725679998286068,0.01,53632.89702859563,53632.89702859563,-71600.39995612238,-52815.40540841468,0.0,-24508.80468614076,-74382.07073372407,-74382.05633077369,-47506.572042542095,-24508.80468614076,22997.767356401335,22997.76735640134,-23232.46866798375,37450.0,nan,nan,1.5000000000000007,10.000000000000004,0.0,0.0,10.0,0.85,CORE,MAIN,1.215735175685206,0.2612071477263431,0.6,0.174,-47506.572042542095,STRUCTURAL,-0.9105400563024463,-189873.47858070023,27300.0,0,0,0,0,0,0,0,inf,inf,NA,1,5,5,5,26,6,0,0,CONTINUE,0,A,1,1,0,KEEP_STRUCTURAL_IN_ON_CUT,2,3,0,0,"tail_cont_enabled=1 tail_active_dims=(1,) tail_delta=0.1 tail_start=(6, 6, 6) returned_y=(6, 0, 2) returned_b=(1, 0, 0) returned_u=(0, 0, 0) returned_zcap=(6, 0, 2) max_tail_u=0",NA
120,P1_no_rho,100,581.3984814999858,5.646875599981286,10.021360000013374,0.1679918000008911,0.01,54573.001166572205,54573.001166572205,-71600.39995612238,-52674.38978771819,0.0,-24508.80468614076,-73909.35657271497,-73909.3418943397,-47506.572042542095,-24508.80468614076,22997.767356401335,22997.76735640134,-23208.542433299222,37193.0,nan,nan,1.5000000000000004,10.000000000000002,0.0,0.0,10.0,0.85,CORE,MAIN,1.2159038893353928,0.26277657939207355,0.6,0.174,-47506.572042542095,STRUCTURAL,-0.9087874861943636,-189873.47858070023,27300.0,0,0,0,0,0,0,0,inf,inf,NA,1,5,5,5,26,6,0,0,CONTINUE,0,A,1,1,0,KEEP_STRUCTURAL_IN_ON_CUT,2,3,0,0,"tail_cont_enabled=1 tail_active_dims=(1,) tail_delta=0.1 tail_start=(6, 6, 6) returned_y=(1, 6, 0) returned_b=(0, 1, 0) returned_u=(0, 0, 0) returned_zcap=(1, 6, 0) max_tail_u=0",NA
120,P1_no_rho,101,586.3682926000329,5.646875599981286,4.969284799997695,0.16473670001141727,0.01,56708.21585726177,56708.21585726177,-71600.39995612238,-52354.107584114754,0.0,-24508.80468614076,-75205.3579241608,-75205.34303710368,-47506.572042542095,-24508.80468614076,22997.767356401335,22997.76735640134,-23670.314756642234,37875.0,nan,nan,1.5000000000000002,10.0,0.0,0.0,10.0,0.85,CORE,MAIN,1.2157851768811616,0.2536395697317547,0.6,0.174,-47506.572042542095,STRUCTURAL,-0.9071072084569669,-189873.47858070023,27300.0,0,0,0,0,0,0,0,inf,inf,NA,1,5,5,5,26,6,0,0,CONTINUE,0,A,1,1,0,KEEP_STRUCTURAL_IN_ON_CUT,2,3,0,0,"tail_cont_enabled=1 tail_active_dims=(1,) tail_delta=0.1 tail_start=(6, 6, 6) returned_y=(1, 6, 0) returned_b=(0, 1, 0) returned_u=(0, 0, 0) returned_zcap=(1, 6, 0) max_tail_u=0",NA
120,P1_no_rho,102,591.5317779999459,5.646875599981286,5.1628674999810755,0.16329449997283518,0.01,58366.13895175121,58366.13895175121,-71600.39995612238,-52105.41911994134,0.0,-24508.80468614076,-73809.6477893524,-73809.63312201574,-47506.572042542095,-24508.80468614076,22997.767356401335,22997.76735640134,-23138.94782089628,36488.5,nan,nan,1.5000000000000002,10.0,0.0,0.0,10.0,0.85,CORE,MAIN,1.2158589090153524,0.27472476684981906,0.6,0.174,-47506.572042542095,STRUCTURAL,-0.9257836542311404,-189873.47858070023,27300.0,0,0,0,0,0,0,0,inf,inf,NA,1,5,5,5,26,6,0,0,CONTINUE,0,A,1,1,0,KEEP_STRUCTURAL_IN_ON_CUT,2,3,0,0,"tail_cont_enabled=1 tail_active_dims=(1,) tail_delta=0.1 tail_start=(6, 6, 6) returned_y=(5, 3, 0) returned_b=(0, 0, 0) returned_u=(0, 0, 0) returned_zcap=(5, 3, 0) max_tail_u=0",NA
120,P1_no_rho,103,597.1086462000385,5.646875599981286,5.576351499999873,0.15832699998281896,0.01,55305.84306820162,55305.84306820162,-71600.39995612238,-52564.46350247378,0.0,-24508.80468614076,-74879.50765325341,-74879.49280353772,-47506.572042542095,-24508.80468614076,22997.767356401335,22997.76735640134,-24029.71474974171,36752.0,nan,nan,1.5000000000000002,10.0,0.0,0.0,10.0,0.85,CORE,MAIN,1.21579698936883,0.2699364885711426,0.6,0.174,-47506.572042542095,STRUCTURAL,-0.9223947550028297,-189873.47858070023,27300.0,0,0,0,0,0,0,0,inf,inf,NA,1,5,5,5,26,6,0,0,CONTINUE,0,A,1,1,0,KEEP_STRUCTURAL_IN_ON_CUT,2,3,0,0,"tail_cont_enabled=1 tail_active_dims=(1,) tail_delta=0.1 tail_start=(6, 6, 6) returned_y=(5, 3, 0) returned_b=(0, 0, 0) returned_u=(0, 0, 0) returned_zcap=(5, 3, 0) max_tail_u=0",NA
120,P1_no_rho,104,601.8065137999365,5.646875599981286,4.697354499949142,0.17023839999455959,0.01,53606.11134558409,53606.11134558409,-71600.39995612238,-52819.4232608664,0.0,-24508.80468614076,-74501.33058441288,-74501.31567169324,-47506.572042542095,-24508.80468614076,22997.767356401335,22997.76735640134,-23566.48236220516,37023.5,nan,nan,1.5000000000000002,10.0,0.0,0.0,10.0,0.85,CORE,MAIN,1.2161591317877618,0.25121946380028215,0.6,0.174,-47506.572042542095,STRUCTURAL,-0.9171622223630589,-189873.47858070023,27300.0,0,0,0,0,0,0,0,inf,inf,NA,1,5,5,5,26,6,0,0,CONTINUE,0,A,1,1,0,KEEP_STRUCTURAL_IN_ON_CUT,2,3,0,0,"tail_cont_enabled=1 tail_active_dims=(1,) tail_delta=0.1 tail_start=(6, 6, 6) returned_y=(5, 3, 0) returned_b=(0, 0, 0) returned_u=(0, 0, 0) returned_zcap=(5, 3, 0) max_tail_u=0",NA
120,P1_no_rho,105,611.9390982999466,5.646875599981286,10.131891599972732,0.1701839999295771,0.01,57958.97503962737,57958.97503962737,-71600.39995612238,-52166.49370675991,0.0,-24508.80468614076,-73201.42552761572,-73201.41091029876,-47506.572042542095,-24508.80468614076,22997.767356401335,22997.76735640134,-22880.114753013993,36233.0,nan,nan,1.5000000000000002,10.0,0.0,0.0,10.0,0.85,CORE,MAIN,1.2162531287938345,0.25291093559651034,0.6,0.174,-47506.572042542095,STRUCTURAL,-0.9258833320874116,-189873.47858070023,27300.0,0,0,0,0,0,0,0,inf,inf,NA,1,5,5,5,26,6,0,0,CONTINUE,0,A,1,1,0,KEEP_STRUCTURAL_IN_ON_CUT,2,3,0,0,"tail_cont_enabled=1 tail_active_dims=(1,) tail_delta=0.1 tail_start=(6, 6, 6) returned_y=(5, 3, 0) returned_b=(0, 0, 0) returned_u=(0, 0, 0) returned_zcap=(5, 3, 0) max_tail_u=0",NA
120,P1_no_rho,106,617.3857030000072,5.646875599981286,5.445971900015138,0.16091630002483726,0.01,57358.202742922454,57358.202742922454,-71600.39995612238,-52256.60955126565,0.0,-24508.80468614076,-75724.95583012489,-75724.94070509421,-47506.572042542095,-24508.80468614076,22997.767356401335,22997.76735640134,-24609.543108578397,36874.5,nan,nan,1.5000000000000002,10.0,0.0,0.0,10.0,0.85,CORE,MAIN,1.2159359795807383,0.26019135397798365,0.6,0.174,-47506.572042542095,STRUCTURAL,-0.9241327131489387,-189873.47858070023,27300.0,0,0,0,0,0,0,0,inf,inf,NA,1,5,5,5,26,6,0,0,CONTINUE,0,A,1,1,0,KEEP_STRUCTURAL_IN_ON_CUT,2,3,0,0,"tail_cont_enabled=1 tail_active_dims=(1,) tail_delta=0.1 tail_start=(6, 6, 6) returned_y=(5, 3, 0) returned_b=(0, 0, 0) returned_u=(0, 0, 0) returned_zcap=(5, 3, 0) max_tail_u=0",NA
120,P1_no_rho,107,622.9653997999849,5.646875599981286,5.579062500037253,0.15610459994059056,0.01,54777.6531062731,54777.6531062731,-71600.39995612238,-52643.69199676305,0.0,-24508.80468614076,-72964.15528767991,-72964.1408508248,-47506.572042542095,-24508.80468614076,22997.767356401335,22997.76735640134,-23375.896324852903,35448.0,nan,nan,1.5000000000000002,10.0,0.0,0.0,10.0,0.85,CORE,MAIN,1.215974726043366,0.264984348695009,0.6,0.174,-47506.572042542095,STRUCTURAL,-0.9326007019854786,-189873.47858070023,27300.0,0,0,0,0,0,0,0,inf,inf,NA,1,5,5,5,26,6,0,0,CONTINUE,0,A,1,1,0,KEEP_STRUCTURAL_IN_ON_CUT,2,3,0,0,"tail_cont_enabled=1 tail_active_dims=(1,) tail_delta=0.1 tail_start=(6, 6, 6) returned_y=(5, 3, 0) returned_b=(0, 0, 0) returned_u=(0, 0, 0) returned_zcap=(5, 3, 0) max_tail_u=0",NA
120,P1_no_rho,108,628.0344951000297,5.646875599981286,5.068424700060859,0.15407399996183813,0.01,54490.161257896376,54490.161257896376,-71600.39995612238,-52686.81577401956,0.0,-24508.80468614076,-74881.55175999009,-74881.53687425624,-47506.572042542095,-24508.80468614076,22997.767356401335,22997.76735640134,-23487.042246502595,37135.0,nan,nan,1.5000000000000002,10.0,0.0,0.0,10.0,0.85,CORE,MAIN,1.2157876822168685,0.2614702398462978,0.6,0.174,-47506.572042542095,STRUCTURAL,-0.9226604663660274,-189873.47858070023,27300.0,0,0,0,0,0,0,0,inf,inf,NA,1,5,5,5,26,6,0,0,CONTINUE,0,A,1,1,0,KEEP_STRUCTURAL_IN_ON_CUT,2,3,0,0,"tail_cont_enabled=1 tail_active_dims=(1,) tail_delta=0.1 tail_start=(6, 6, 6) returned_y=(5, 3, 0) returned_b=(0, 0, 0) returned_u=(0, 0, 0) returned_zcap=(5, 3, 0) max_tail_u=0",NA
120,P1_no_rho,109,632.4706854999531,5.646875599981286,4.4356140999589115,0.1563093001022935,0.01,57349.64552029533,57349.64552029533,-71600.39995612238,-52257.89313465972,0.0,-24508.80468614076,-74526.35359163632,-74526.33857982956,-47506.572042542095,-24508.80468614076,22997.767356401335,22997.76735640134,-23370.48793755243,36197.0,nan,nan,1.5000000000000007,10.000000000000004,0.0,0.0,10.0,0.85,CORE,MAIN,1.2156627556416393,0.250547409345114,0.6,0.174,-47506.572042542095,STRUCTURAL,-0.9421747776938628,-189873.47858070023,27300.0,0,0,0,0,0,0,0,inf,inf,NA,1,5,5,5,26,6,0,0,CONTINUE,0,A,1,1,0,KEEP_STRUCTURAL_IN_ON_CUT,2,3,0,0,"tail_cont_enabled=1 tail_active_dims=(1,) tail_delta=0.1 tail_start=(6, 6, 6) returned_y=(5, 3, 0) returned_b=(0, 0, 0) returned_u=(0, 0, 0) returned_zcap=(5, 3, 0) max_tail_u=0",NA
120,P1_no_rho,110,642.9831120000454,5.646875599981286,10.511678999988362,0.18589079997036606,0.01,58367.185194197744,58367.185194197744,-71600.39995612238,-52105.262183574356,0.0,-24508.80468614076,-73063.86576374514,-73063.85152853592,-47506.572042542095,-24508.80468614076,22997.767356401335,22997.76735640134,-22448.165842934737,36652.0,nan,nan,1.5000000000000002,10.0,0.0,0.0,10.0,0.85,CORE,MAIN,1.2158736397114382,0.2529588152230179,0.6,0.174,-47506.572042542095,STRUCTURAL,-0.9206534556659237,-189873.47858070023,27300.0,0,0,0,0,0,0,0,inf,inf,NA,1,5,5,5,26,6,0,0,CONTINUE,0,A,1,1,0,KEEP_STRUCTURAL_IN_ON_CUT,2,3,0,0,"tail_cont_enabled=1 tail_active_dims=(1,) tail_delta=0.1 tail_start=(6, 6, 6) returned_y=(6, 0, 2) returned_b=(1, 0, 0) returned_u=(0, 0, 0) returned_zcap=(6, 0, 2) max_tail_u=0",NA
120,P1_no_rho,111,648.1797324999934,5.646875599981286,5.19596200005617,0.16086970001924783,0.01,56024.086807068976,56024.086807068976,-71600.39995612238,-52456.726941643676,0.0,-24508.80468614076,-74558.89500750761,-74558.88033094813,-47506.572042542095,-24508.80468614076,22997.767356401335,22997.76735640134,-23690.85452952785,36838.0,nan,nan,1.5000000000000002,10.0,0.0,0.0,10.0,0.85,CORE,MAIN,1.2158171021679327,0.26155618687044224,0.6,0.174,-47506.572042542095,STRUCTURAL,-0.9205716162915156,-189873.47858070023,27300.0,0,0,0,0,0,0,0,inf,inf,NA,1,5,5,5,26,6,0,0,CONTINUE,0,A,1,1,0,KEEP_STRUCTURAL_IN_ON_CUT,2,3,0,0,"tail_cont_enabled=1 tail_active_dims=(1,) tail_delta=0.1 tail_start=(6, 6, 6) returned_y=(5, 0, 3) returned_b=(0, 0, 0) returned_u=(0, 0, 0) returned_zcap=(5, 0, 3) max_tail_u=0",NA
120,P1_no_rho,112,652.8854177000467,5.646875599981286,4.705154299968854,0.15693559998180717,0.01,54210.421931989484,54210.421931989484,-71600.39995612238,-52728.776672905595,0.0,-24508.80468614076,-72908.75015648457,-72908.7355532838,-47506.572042542095,-24508.80468614076,22997.767356401335,22997.76735640134,-22878.764104295507,36591.5,nan,nan,1.5000000000000002,10.0,0.0,0.0,10.0,0.85,CORE,MAIN,1.2160972561671162,0.262140428276628,0.6,0.174,-47506.572042542095,STRUCTURAL,-0.9115044286057012,-189873.47858070023,27300.0,0,0,0,0,0,0,0,inf,inf,NA,1,5,5,5,26,6,0,0,CONTINUE,0,A,1,1,0,KEEP_STRUCTURAL_IN_ON_CUT,2,3,0,0,"tail_cont_enabled=1 tail_active_dims=(1,) tail_delta=0.1 tail_start=(6, 6, 6) returned_y=(5, 0, 3) returned_b=(0, 0, 0) returned_u=(0, 0, 0) returned_zcap=(5, 0, 3) max_tail_u=0",NA
120,P1_no_rho,113,658.0611581000267,5.646875599981286,5.175177099998109,0.15811189997475594,0.01,53925.57594683343,53925.57594683343,-71600.39995612238,-52771.50357067901,0.0,-24508.80468614076,-74967.54195481354,-74967.52695170951,-47506.572042542095,-24508.80468614076,22997.767356401335,22997.76735640134,-23829.311107138474,37154.5,nan,nan,1.5000000000000002,10.0,0.0,0.0,10.0,0.85,CORE,MAIN,1.2159511470203295,0.2587644716307381,0.6,0.174,-47506.572042542095,STRUCTURAL,-0.9175777872500154,-189873.47858070023,27300.0,0,0,0,0,0,0,0,inf,inf,NA,1,5,5,5,26,6,0,0,CONTINUE,0,A,1,1,0,KEEP_STRUCTURAL_IN_ON_CUT,2,3,0,0,"tail_cont_enabled=1 tail_active_dims=(1,) tail_delta=0.1 tail_start=(6, 6, 6) returned_y=(5, 0, 3) returned_b=(0, 0, 0) returned_u=(0, 0, 0) returned_zcap=(5, 0, 3) max_tail_u=0",NA
120,P1_no_rho,114,663.3576256999513,5.646875599981286,5.296023599919863,0.16469430003780872,0.01,54698.06237200806,54698.06237200806,-71600.39995612238,-52655.63060690281,0.0,-24508.80468614076,-74171.8468120549,-74171.83205031039,-47506.572042542095,-24508.80468614076,22997.767356401335,22997.76735640134,-22901.417226813926,37400.5,nan,nan,1.5000000000000002,10.0,0.0,0.0,10.0,0.85,CORE,MAIN,1.2159057844428491,0.26104756205031365,0.6,0.174,-47506.572042542095,STRUCTURAL,-0.9138989197737367,-189873.47858070023,27300.0,0,0,0,0,0,0,0,inf,inf,NA,1,5,5,5,26,6,0,0,CONTINUE,0,A,1,1,0,KEEP_STRUCTURAL_IN_ON_CUT,2,3,0,0,"tail_cont_enabled=1 tail_active_dims=(1,) tail_delta=0.1 tail_start=(6, 6, 6) returned_y=(5, 0, 3) returned_b=(0, 0, 0) returned_u=(0, 0, 0) returned_zcap=(5, 0, 3) max_tail_u=0",NA
120,P1_no_rho,115,673.7055900000269,5.646875599981286,10.347383900079876,0.16284939995966852,0.01,52683.438992563715,52683.438992563715,-71600.39995612238,-52957.824113819464,0.0,-24508.80468614076,-75291.51734853938,-75291.50241740307,-47506.572042542095,-24508.80468614076,22997.767356401335,22997.76735640134,-23783.47776601711,37364.0,nan,nan,1.5000000000000002,10.0,0.0,0.0,10.0,0.85,CORE,MAIN,1.215657150171857,0.2607244459640846,0.6,0.174,-47506.572042542095,STRUCTURAL,-0.9190312359737707,-189873.47858070023,27300.0,0,0,0,0,0,0,0,inf,inf,NA,1,5,5,5,26,6,0,0,CONTINUE,0,A,1,1,0,KEEP_STRUCTURAL_IN_ON_CUT,2,3,0,0,"tail_cont_enabled=1 tail_active_dims=(1,) tail_delta=0.1 tail_start=(6, 6, 6) returned_y=(5, 0, 3) returned_b=(0, 0, 0) returned_u=(0, 0, 0) returned_zcap=(5, 0, 3) max_tail_u=0",NA
120,P1_no_rho,116,679.7080648000119,5.646875599981286,6.001870500040241,0.17576470004860312,0.01,57032.99530724921,57032.99530724921,-71600.39995612238,-52305.39066661664,0.0,-24508.80468614076,-74952.6579705229,-74952.64293121973,-47506.572042542095,-24508.80468614076,22997.767356401335,22997.76735640134,-23448.692526834322,37107.0,nan,nan,1.5000000000000002,10.0,0.0,0.0,10.0,0.85,CORE,MAIN,1.2153437840395405,0.26193582651794545,0.6,0.174,-47506.572042542095,STRUCTURAL,-0.9253231718073932,-189873.47858070023,27300.0,0,0,0,0,0,0,0,inf,inf,NA,1,5,5,5,26,6,0,0,CONTINUE,0,A,1,1,0,KEEP_STRUCTURAL_IN_ON_CUT,2,3,0,0,"tail_cont_enabled=1 tail_active_dims=(1,) tail_delta=0.1 tail_start=(6, 6, 6) returned_y=(5, 0, 3) returned_b=(0, 0, 0) returned_u=(0, 0, 0) returned_zcap=(5, 0, 3) max_tail_u=0",NA
120,P1_no_rho,117,684.8564014999429,5.646875599981286,5.147636599955149,0.17245439998805523,0.01,61453.74712322881,61453.74712322881,-71600.39995612238,-51642.2778942197,0.0,-24508.80468614076,-73546.08993188574,-73546.07517116495,-47506.572042542095,-24508.80468614076,22997.767356401335,22997.76735640134,-23694.906583538337,35974.5,nan,nan,1.5000000000000002,10.0,0.0,0.0,10.0,0.85,CORE,MAIN,1.21539002600016,0.24984374113707997,0.6,0.174,-47506.572042542095,STRUCTURAL,-0.9238241641093291,-189873.47858070023,27300.0,0,0,0,0,0,0,0,inf,inf,NA,1,5,5,5,26,6,0,0,CONTINUE,0,A,1,1,0,KEEP_STRUCTURAL_IN_ON_CUT,2,3,0,0,"tail_cont_enabled=1 tail_active_dims=(1,) tail_delta=0.1 tail_start=(6, 6, 6) returned_y=(5, 0, 3) returned_b=(0, 0, 0) returned_u=(0, 0, 0) returned_zcap=(5, 0, 3) max_tail_u=0",NA
120,P1_no_rho,118,689.7548151999945,5.646875599981286,4.897722500027157,0.1632380000082776,0.01,53607.79400311594,53607.79400311594,-71600.39995612238,-52819.17086223663,0.0,-24508.80468614076,-75469.54065982513,-75469.52557611938,-47506.572042542095,-24508.80468614076,22997.767356401335,22997.76735640134,-24711.885993624473,38432.0,nan,nan,1.5000000000000002,10.0,0.0,0.0,10.0,0.85,CORE,MAIN,1.2155207373259926,0.24823003615367223,0.6,0.174,-47506.572042542095,STRUCTURAL,-0.8804752911201585,-189873.47858070023,27300.0,0,0,0,0,0,0,0,inf,inf,NA,1,5,5,5,26,6,0,0,CONTINUE,0,A,1,1,0,KEEP_STRUCTURAL_IN_ON_CUT,2,3,0,0,"tail_cont_enabled=1 tail_active_dims=(1,) tail_delta=0.1 tail_start=(6, 6, 6) returned_y=(1, 6, 0) returned_b=(0, 1, 0) returned_u=(0, 0, 0) returned_zcap=(1, 6, 0) max_tail_u=0",NA
120,P1_no_rho,119,695.5854209000245,5.646875599981286,5.829909900086932,0.16594550001900643,0.01,53804.21813267223,53804.21813267223,-71600.39995612238,-52789.70724280318,0.0,-24508.80468614076,-74236.29294067236,-74236.27813780475,-47506.572042542095,-24508.80468614076,22997.767356401335,22997.76735640134,-22706.55843410026,37276.5,nan,nan,1.5000000000000002,10.0,0.0,0.0,10.0,0.85,CORE,MAIN,1.2157405267907766,0.257198071381346,0.6,0.174,-47506.572042542095,STRUCTURAL,-0.9215765017943293,-189873.47858070023,27300.0,0,0,0,0,0,0,0,inf,inf,NA,1,5,5,5,26,6,0,0,CONTINUE,0,A,1,1,0,KEEP_STRUCTURAL_IN_ON_CUT,2,3,0,0,"tail_cont_enabled=1 tail_active_dims=(1,) tail_delta=0.1 tail_start=(6, 6, 6) returned_y=(1, 6, 0) returned_b=(0, 1, 0) returned_u=(0, 0, 0) returned_zcap=(1, 6, 0) max_tail_u=0",NA
120,P1_no_rho,120,705.3767643000465,5.646875599981286,9.79056709993165,0.15978570003062487,0.01,58302.454689289705,58302.454689289705,-71600.39995612238,-52114.97175931056,0.0,-24508.80468614076,-74989.98246942359,-74989.96744299417,-47506.572042542095,-24508.80468614076,22997.767356401335,22997.76735640134,-23831.342660392376,37403.5,nan,nan,1.5000000000000002,10.0,0.0,0.0,10.0,0.85,CORE,MAIN,1.2157700725501417,0.25687272510863257,0.6,0.174,-47506.572042542095,STRUCTURAL,-0.9118331133468219,-189873.47858070023,27300.0,0,0,0,0,0,0,0,inf,inf,NA,1,5,5,5,26,6,0,0,CONTINUE,0,A,1,1,0,KEEP_STRUCTURAL_IN_ON_CUT,2,3,0,0,"tail_cont_enabled=1 tail_active_dims=(1,) tail_delta=0.1 tail_start=(6, 6, 6) returned_y=(1, 6, 0) returned_b=(0, 1, 0) returned_u=(0, 0, 0) returned_zcap=(1, 6, 0) max_tail_u=0",NA
120,P1_no_rho,121,710.281218899996,5.646875599981286,4.903658600058407,0.16652550001163036,0.01,55550.24489480441,55550.24489480441,-71600.39995612238,-52527.80322848336,0.0,-24508.80468614076,-72325.03174409147,-72325.01728256549,-47506.572042542095,-24508.80468614076,22997.767356401335,22997.76735640134,-22506.038867028892,36803.5,nan,nan,1.5000000000000002,10.0,0.0,0.0,10.0,0.85,CORE,MAIN,1.215500147050343,0.25336002685395687,0.6,0.174,-47506.572042542095,STRUCTURAL,-0.9024318957986165,-189873.47858070023,27300.0,0,0,0,0,0,0,0,inf,inf,NA,1,5,5,5,26,6,0,0,CONTINUE,0,A,1,1,0,KEEP_STRUCTURAL_IN_ON_CUT,2,3,0,0,"tail_cont_enabled=1 tail_active_dims=(1,) tail_delta=0.1 tail_start=(6, 6, 6) returned_y=(1, 6, 0) returned_b=(0, 1, 0) returned_u=(0, 0, 0) returned_zcap=(1, 6, 0) max_tail_u=0",NA
120,P1_no_rho,122,715.9001413999358,5.646875599981286,5.618262899923138,0.16430089995265007,0.01,51742.87360019134,51742.87360019134,-71600.39995612238,-53098.90892267532,0.0,-24508.80468614076,-74816.28460558217,-74816.26967154039,-47506.572042542095,-24508.80468614076,22997.767356401335,22997.76735640134,-23676.85432545593,37944.5,nan,nan,1.5000000000000007,10.000000000000004,0.0,0.0,10.0,0.85,CORE,MAIN,1.2151444169946934,0.2610990796516339,0.6,0.174,-47506.572042542095,STRUCTURAL,-0.8984950009634147,-189873.47858070023,27300.0,0,0,0,0,0,0,0,inf,inf,NA,1,5,5,5,26,6,0,0,CONTINUE,0,A,1,1,0,KEEP_STRUCTURAL_IN_ON_CUT,2,3,0,0,"tail_cont_enabled=1 tail_active_dims=(1,) tail_delta=0.1 tail_start=(6, 6, 6) returned_y=(1, 6, 0) returned_b=(0, 1, 0) returned_u=(0, 0, 0) returned_zcap=(1, 6, 0) max_tail_u=0",NA
120,P1_no_rho,123,720.3157279000152,5.646875599981286,4.414863800047897,0.15253979992121458,0.01,54412.34663375441,54412.34663375441,-71600.39995612238,-52698.48796764086,0.0,-24508.80468614076,-74903.44401738794,-74903.42897607599,-47506.572042542095,-24508.80468614076,22997.767356401335,22997.76735640134,-23333.71756543286,37460.0,nan,nan,1.5000000000000002,10.0,0.0,0.0,10.0,0.85,CORE,MAIN,1.2147294491218026,0.2430684800237466,0.6,0.174,-47506.572042542095,STRUCTURAL,-0.9177738282727022,-189873.47858070023,27300.0,0,0,0,0,0,0,0,inf,inf,NA,1,5,5,5,26,6,0,0,CONTINUE,0,A,1,1,0,KEEP_STRUCTURAL_IN_ON_CUT,2,3,0,0,"tail_cont_enabled=1 tail_active_dims=(1,) tail_delta=0.1 tail_start=(6, 6, 6) returned_y=(1, 6, 0) returned_b=(0, 1, 0) returned_u=(0, 0, 0) returned_zcap=(1, 6, 0) max_tail_u=0",NA
120,P1_no_rho,124,725.0897774000186,5.646875599981286,4.773553000064567,0.15240469994023442,0.01,62343.933692327526,62343.933692327526,-71600.39995612238,-51508.749908854894,0.0,-24508.80468614076,-73942.772515947,-73942.75767990499,-47506.572042542095,-24508.80468614076,22997.767356401335,22997.76735640134,-22757.2623523734,37531.0,nan,nan,1.5000000000000013,10.000000000000007,0.0,0.0,10.0,0.85,CORE,MAIN,1.2146345366942908,0.26281714185443716,0.6,0.174,-47506.572042542095,STRUCTURAL,-0.9092127455087176,-189873.47858070023,27300.0,0,0,0,0,0,0,0,inf,inf,NA,1,5,5,5,26,6,0,0,CONTINUE,0,A,1,1,0,KEEP_STRUCTURAL_IN_ON_CUT,2,3,0,0,"tail_cont_enabled=1 tail_active_dims=(1,) tail_delta=0.1 tail_start=(6, 6, 6) returned_y=(1, 6, 0) returned_b=(0, 1, 0) returned_u=(0, 0, 0) returned_zcap=(1, 6, 0) max_tail_u=0",NA
120,P1_no_rho,125,735.8008290999569,5.646875599981286,10.710466700023971,0.17948569997679442,0.01,51896.92652142494,51896.92652142494,-71600.39995612238,-53075.80098449028,0.0,-24508.80468614076,-76244.77692950235,-76244.76180519386,-47506.572042542095,-24508.80468614076,22997.767356401335,22997.76735640134,-24490.685008950102,38266.0,nan,nan,1.5000000000000002,10.0,0.0,0.0,10.0,0.85,CORE,MAIN,1.2141432093967857,0.2593178657277424,0.6,0.174,-47506.572042542095,STRUCTURAL,-0.9016546768453066,-189873.47858070023,27300.0,0,0,0,0,0,0,0,inf,inf,NA,1,5,5,5,26,6,0,0,CONTINUE,0,A,1,1,0,KEEP_STRUCTURAL_IN_ON_CUT,2,3,0,0,"tail_cont_enabled=1 tail_active_dims=(1,) tail_delta=0.1 tail_start=(6, 6, 6) returned_y=(1, 6, 0) returned_b=(0, 1, 0) returned_u=(0, 0, 0) returned_zcap=(1, 6, 0) max_tail_u=0",NA
120,P1_no_rho,126,740.3804915000219,5.646875599981286,4.579259000020102,0.16194120002910495,0.01,54366.658649453486,54366.658649453486,-71600.39995612238,-52705.341165285994,0.0,-24508.80468614076,-73478.62813291268,-73478.61385225937,-47506.572042542095,-24508.80468614076,22997.767356401335,22997.76735640134,-22190.21540357639,36824.5,nan,nan,1.5000000000000002,10.0,0.0,0.0,10.0,0.85,CORE,MAIN,1.2141671520676143,0.26407392457649237,0.6,0.174,-47506.572042542095,STRUCTURAL,-0.9285194811186932,-189873.47858070023,27300.0,0,0,0,0,0,0,0,inf,inf,NA,1,5,5,5,26,6,0,0,CONTINUE,0,A,1,1,0,KEEP_STRUCTURAL_IN_ON_CUT,2,3,0,0,"tail_cont_enabled=1 tail_active_dims=(1,) tail_delta=0.1 tail_start=(6, 6, 6) returned_y=(6, 0, 2) returned_b=(1, 0, 0) returned_u=(0, 0, 0) returned_zcap=(6, 0, 2) max_tail_u=0",NA
120,P1_no_rho,127,744.3901557000354,5.646875599981286,4.009066300000995,0.17235700006131083,0.01,54050.814001088904,54050.814001088904,-71600.39995612238,-52752.71786254068,0.0,-24508.80468614076,-75194.14564413662,-75194.13070942735,-47506.572042542095,-24508.80468614076,22997.767356401335,22997.76735640134,-23936.841631834995,38195.0,nan,nan,1.5000000000000002,10.0,0.0,0.0,10.0,0.85,CORE,MAIN,1.2146840016893143,0.2557194388922881,0.6,0.174,-47506.572042542095,STRUCTURAL,-0.8946596688500651,-189873.47858070023,27300.0,0,0,0,0,0,0,0,inf,inf,NA,1,5,5,5,26,6,0,0,CONTINUE,0,A,1,1,0,KEEP_STRUCTURAL_IN_ON_CUT,2,3,0,0,"tail_cont_enabled=1 tail_active_dims=(1,) tail_delta=0.1 tail_start=(6, 6, 6) returned_y=(1, 0, 6) returned_b=(0, 0, 1) returned_u=(0, 0, 0) returned_zcap=(1, 0, 6) max_tail_u=0",NA
120,P1_no_rho,128,749.2074601999484,5.646875599981286,4.816753699909896,0.1675846999278292,0.01,58285.12617428493,58285.12617428493,-71600.39995612238,-52117.571036561276,0.0,-24508.80468614076,-72559.95393743679,-72559.93944056449,-47506.572042542095,-24508.80468614076,22997.767356401335,22997.76735640134,-22409.487197358794,37660.5,nan,nan,1.5000000000000002,10.0,0.0,0.0,10.0,0.85,CORE,MAIN,1.214868571956956,0.26523287296645937,0.6,0.174,-47506.572042542095,STRUCTURAL,-0.8877639656617355,-189873.47858070023,27300.0,0,0,0,0,0,0,0,inf,inf,NA,1,5,5,5,26,6,0,0,CONTINUE,0,A,1,1,0,KEEP_STRUCTURAL_IN_ON_CUT,2,3,0,0,"tail_cont_enabled=1 tail_active_dims=(1,) tail_delta=0.1 tail_start=(6, 6, 6) returned_y=(1, 0, 6) returned_b=(0, 0, 1) returned_u=(0, 0, 0) returned_zcap=(1, 0, 6) max_tail_u=0",NA
120,P1_no_rho,129,753.9787236000411,5.646875599981286,4.770749200019054,0.16020199994090945,0.01,55606.303945676016,55606.303945676016,-71600.39995612238,-52519.39437085262,0.0,-24508.80468614076,-75089.02236492762,-75089.00757763952,-47506.572042542095,-24508.80468614076,22997.767356401335,22997.76735640134,-22983.647947679274,37396.5,nan,nan,1.5000000000000002,10.0,0.0,0.0,10.0,0.85,CORE,MAIN,1.214770848614986,0.26077797790203616,0.6,0.174,-47506.572042542095,STRUCTURAL,-0.9288812166906928,-189873.47858070023,27300.0,0,0,0,0,0,0,0,inf,inf,NA,1,5,5,5,26,6,0,0,CONTINUE,0,A,1,1,0,KEEP_STRUCTURAL_IN_ON_CUT,2,3,0,0,"tail_cont_enabled=1 tail_active_dims=(1,) tail_delta=0.1 tail_start=(6, 6, 6) returned_y=(5, 3, 0) returned_b=(0, 0, 0) returned_u=(0, 0, 0) returned_zcap=(5, 3, 0) max_tail_u=0",NA
120,P1_no_rho,130,764.716640300001,5.646875599981286,10.737381499959156,0.17773570003919303,0.01,52532.6099042033,52532.6099042033,-71600.39995612238,-52980.44847707352,0.0,-24508.80468614076,-73778.72883382048,-73778.71409024743,-47506.572042542095,-24508.80468614076,22997.767356401335,22997.76735640134,-23214.094242093783,35976.5,nan,nan,1.5000000000000002,10.0,0.0,0.0,10.0,0.85,CORE,MAIN,1.2148167683021267,0.2632754045217247,0.6,0.174,-47506.572042542095,STRUCTURAL,-0.9369934975730202,-189873.47858070023,27300.0,0,0,0,0,0,0,0,inf,inf,NA,1,5,5,5,26,6,0,0,CONTINUE,0,A,1,1,0,KEEP_STRUCTURAL_IN_ON_CUT,2,3,0,0,"tail_cont_enabled=1 tail_active_dims=(1,) tail_delta=0.1 tail_start=(6, 6, 6) returned_y=(5, 3, 0) returned_b=(0, 0, 0) returned_u=(0, 0, 0) returned_zcap=(5, 3, 0) max_tail_u=0",NA
120,P1_no_rho,131,770.2149994999636,5.646875599981286,5.497899599955417,0.15962990000844002,0.01,60134.671902436276,60134.671902436276,-71600.39995612238,-51840.13917733858,0.0,-24508.80468614076,-75034.39926885955,-75034.3842864952,-47506.572042542095,-24508.80468614076,22997.767356401335,22997.76735640134,-23464.309689384725,37027.5,nan,nan,1.5000000000000002,10.0,0.0,0.0,10.0,0.85,CORE,MAIN,1.2147652705064558,0.2527017050556025,0.6,0.174,-47506.572042542095,STRUCTURAL,-0.9285004316091274,-189873.47858070023,27300.0,0,0,0,0,0,0,0,inf,inf,NA,1,5,5,5,26,6,0,0,CONTINUE,0,A,1,1,0,KEEP_STRUCTURAL_IN_ON_CUT,2,3,0,0,"tail_cont_enabled=1 tail_active_dims=(1,) tail_delta=0.1 tail_start=(6, 6, 6) returned_y=(5, 0, 3) returned_b=(0, 0, 0) returned_u=(0, 0, 0) returned_zcap=(5, 0, 3) max_tail_u=0",NA
120,P1_no_rho,132,775.0747057000408,5.646875599981286,4.85910760005936,0.16631110000889748,0.01,53490.495008954276,53490.495008954276,-71600.39995612238,-52836.76571136088,0.0,-24508.80468614076,-76421.83632364389,-76421.8210936996,-47506.572042542095,-24508.80468614076,22997.767356401335,22997.76735640134,-24107.64244144759,37399.5,nan,nan,1.5000000000000002,10.0,0.0,0.0,10.0,0.85,CORE,MAIN,1.2142680044081324,0.2679399307472766,0.6,0.174,-47506.572042542095,STRUCTURAL,-0.932529020481593,-189873.47858070023,27300.0,0,0,0,0,0,0,0,inf,inf,NA,1,5,5,5,26,6,0,0,CONTINUE,0,A,1,1,0,KEEP_STRUCTURAL_IN_ON_CUT,2,3,0,0,"tail_cont_enabled=1 tail_active_dims=(1,) tail_delta=0.1 tail_start=(6, 6, 6) returned_y=(5, 3, 0) returned_b=(0, 0, 0) returned_u=(0, 0, 0) returned_zcap=(5, 3, 0) max_tail_u=0",NA
120,P1_no_rho,133,780.0706002999796,5.646875599981286,4.995371200027876,0.1697247999254614,0.01,54048.1628083668,54048.1628083668,-71600.39995612238,-52753.115541449,0.0,-24508.80468614076,-73554.10934560596,-73554.09452982125,-47506.572042542095,-24508.80468614076,22997.767356401335,22997.76735640134,-23349.061327979976,36350.5,nan,nan,1.5000000000000002,10.0,0.0,0.0,10.0,0.85,CORE,MAIN,1.2143171640269947,0.26423572181737576,0.6,0.174,-47506.572042542095,STRUCTURAL,-0.9207582326119542,-189873.47858070023,27300.0,0,0,0,0,0,0,0,inf,inf,NA,1,5,5,5,26,6,0,0,CONTINUE,0,A,1,1,0,KEEP_STRUCTURAL_IN_ON_CUT,2,3,0,0,"tail_cont_enabled=1 tail_active_dims=(1,) tail_delta=0.1 tail_start=(6, 6, 6) returned_y=(5, 3, 0) returned_b=(0, 0, 0) returned_u=(0, 0, 0) returned_zcap=(5, 3, 0) max_tail_u=0",NA
120,P1_no_rho,134,784.6275092000142,5.646875599981286,4.556161300046369,0.15608849993441254,0.01,53269.73730345375,53269.73730345375,-71600.39995612238,-52869.87936718595,0.0,-24508.80468614076,-74997.59391974137,-74997.57897548651,-47506.572042542095,-24508.80468614076,22997.767356401335,22997.76735640134,-24361.266106594914,36732.0,nan,nan,1.5000000000000002,10.0,0.0,0.0,10.0,0.85,CORE,MAIN,1.2148158547140004,0.25104975485452297,0.6,0.174,-47506.572042542095,STRUCTURAL,-0.919022702618817,-189873.47858070023,27300.0,0,0,0,0,0,0,0,inf,inf,NA,1,5,5,5,26,6,0,0,CONTINUE,0,A,1,1,0,KEEP_STRUCTURAL_IN_ON_CUT,2,3,0,0,"tail_cont_enabled=1 tail_active_dims=(1,) tail_delta=0.1 tail_start=(6, 6, 6) returned_y=(5, 3, 0) returned_b=(0, 0, 0) returned_u=(0, 0, 0) returned_zcap=(5, 3, 0) max_tail_u=0",NA
120,P1_no_rho,135,795.6238678999944,5.646875599981286,10.99600309995003,0.1760122999548912,0.01,58676.940818581075,58676.940818581075,-71600.39995612238,-52058.79883991685,0.0,-24508.80468614076,-71978.77534857574,-71978.76105006358,-47506.572042542095,-24508.80468614076,22997.767356401335,22997.76735640134,-21922.53243522563,36377.5,nan,nan,1.5000000000000002,10.0,0.0,0.0,10.0,0.85,CORE,MAIN,1.2146724009779073,0.26452578351148026,0.6,0.174,-47506.572042542095,STRUCTURAL,-0.9173477857620407,-189873.47858070023,27300.0,0,0,0,0,0,0,0,inf,inf,NA,1,5,5,5,26,6,0,0,CONTINUE,0,A,1,1,0,KEEP_STRUCTURAL_IN_ON_CUT,2,3,0,0,"tail_cont_enabled=1 tail_active_dims=(1,) tail_delta=0.1 tail_start=(6, 6, 6) returned_y=(1, 6, 0) returned_b=(0, 1, 0) returned_u=(0, 0, 0) returned_zcap=(1, 6, 0) max_tail_u=0",NA
120,P1_no_rho,136,800.1312546000117,5.646875599981286,4.5059820000315085,0.16075769998133183,0.01,55734.90451510113,55734.90451510113,-71600.39995612238,-52500.10428543885,0.0,-24508.80468614076,-75668.58401195264,-75668.56887532609,-47506.572042542095,-24508.80468614076,22997.767356401335,22997.76735640134,-23926.661284450205,38285.5,nan,nan,1.5000000000000002,10.0,0.0,0.0,10.0,0.85,CORE,MAIN,1.2141341562506565,0.2492465807201969,0.6,0.174,-47506.572042542095,STRUCTURAL,-0.9009835332066689,-189873.47858070023,27300.0,0,0,0,0,0,0,0,inf,inf,NA,1,5,5,5,26,6,0,0,CONTINUE,0,A,1,1,0,KEEP_STRUCTURAL_IN_ON_CUT,2,3,0,0,"tail_cont_enabled=1 tail_active_dims=(1,) tail_delta=0.1 tail_start=(6, 6, 6) returned_y=(1, 6, 0) returned_b=(0, 1, 0) returned_u=(0, 0, 0) returned_zcap=(1, 6, 0) max_tail_u=0",NA
120,P1_no_rho,137,804.3809257999528,5.646875599981286,4.2489849999547005,0.17713510000612587,0.01,57197.254452486144,57197.254452486144,-71600.39995612238,-52280.7517948311,0.0,-24508.80468614076,-74059.81218107416,-74059.79739093524,-47506.572042542095,-24508.80468614076,22997.767356401335,22997.76735640134,-23526.801909416998,37306.0,nan,nan,1.5000000000000007,10.000000000000004,0.0,0.0,10.0,0.85,CORE,MAIN,1.2139190907671336,0.2552756401332452,0.6,0.174,-47506.572042542095,STRUCTURAL,-0.9030360707217464,-189873.47858070023,27300.0,0,0,0,0,0,0,0,inf,inf,NA,1,5,5,5,26,6,0,0,CONTINUE,0,A,1,1,0,KEEP_STRUCTURAL_IN_ON_CUT,2,3,0,0,"tail_cont_enabled=1 tail_active_dims=(1,) tail_delta=0.1 tail_start=(6, 6, 6) returned_y=(1, 6, 0) returned_b=(0, 1, 0) returned_u=(0, 0, 0) returned_zcap=(1, 6, 0) max_tail_u=0",NA
120,P1_no_rho,138,809.7023439999903,5.646875599981286,5.32077270001173,0.17995509994216263,0.01,57622.116860258546,57622.116860258546,-71600.39995612238,-52217.02243366524,0.0,-24508.80468614076,-74363.45795402108,-74363.44307534545,-47506.572042542095,-24508.80468614076,22997.767356401335,22997.76735640134,-23370.476247635626,38016.0,nan,nan,1.5000000000000002,10.0,0.0,0.0,10.0,0.85,CORE,MAIN,1.2138767458655881,0.24449286602059195,0.6,0.174,-47506.572042542095,STRUCTURAL,-0.894236932304114,-189873.47858070023,27300.0,0,0,0,0,0,0,0,inf,inf,NA,1,5,5,5,26,6,0,0,CONTINUE,0,A,1,1,0,KEEP_STRUCTURAL_IN_ON_CUT,2,3,0,0,"tail_cont_enabled=1 tail_active_dims=(1,) tail_delta=0.1 tail_start=(6, 6, 6) returned_y=(1, 6, 0) returned_b=(0, 1, 0) returned_u=(0, 0, 0) returned_zcap=(1, 6, 0) max_tail_u=0",NA
120,P1_no_rho,139,814.6095059999498,5.646875599981286,4.906428399961442,0.16154549992643297,0.01,52273.589003671674,52273.589003671674,-71600.39995612238,-53019.30161215327,0.0,-24508.80468614076,-76226.14875285131,-76226.13353974331,-47506.572042542095,-24508.80468614076,22997.767356401335,22997.76735640134,-24236.341441708526,37987.5,nan,nan,1.5000000000000002,10.0,0.0,0.0,10.0,0.85,CORE,MAIN,1.213392407745339,0.25866184377574486,0.6,0.174,-47506.572042542095,STRUCTURAL,-0.9124017479089136,-189873.47858070023,27300.0,0,0,0,0,0,0,0,inf,inf,NA,1,5,5,5,26,6,0,0,CONTINUE,0,A,1,1,0,KEEP_STRUCTURAL_IN_ON_CUT,2,3,0,0,"tail_cont_enabled=1 tail_active_dims=(1,) tail_delta=0.1 tail_start=(6, 6, 6) returned_y=(1, 6, 0) returned_b=(0, 1, 0) returned_u=(0, 0, 0) returned_zcap=(1, 6, 0) max_tail_u=0",NA
120,P1_no_rho,140,824.0698596000439,5.646875599981286,9.459748299908824,0.1589434000197798,0.01,55316.820095828014,55316.820095828014,-71600.39995612238,-52562.81694832982,0.0,-24508.80468614076,-73648.78577385619,-73648.7709185611,-47506.572042542095,-24508.80468614076,22997.767356401335,22997.76735640134,-22833.919749741453,37809.0,nan,nan,1.500000000000001,10.000000000000005,0.0,0.0,10.0,0.85,CORE,MAIN,1.2133902543076895,0.2506869659316754,0.6,0.174,-47506.572042542095,STRUCTURAL,-0.895992156520399,-189873.47858070023,27300.0,0,0,0,0,0,0,0,inf,inf,NA,1,5,5,5,26,6,0,0,CONTINUE,0,A,1,1,0,KEEP_STRUCTURAL_IN_ON_CUT,2,3,0,0,"tail_cont_enabled=1 tail_active_dims=(1,) tail_delta=0.1 tail_start=(6, 6, 6) returned_y=(1, 6, 0) returned_b=(0, 1, 0) returned_u=(0, 0, 0) returned_zcap=(1, 6, 0) max_tail_u=0",NA
120,P1_no_rho,141,829.5613138000481,5.646875599981286,5.490837399964221,0.16420280002057552,0.01,55252.92100285057,55252.92100285057,-71600.39995612238,-52572.40181227643,0.0,-24508.80468614076,-75298.22265703676,-75298.20798394676,-47506.572042542095,-24508.80468614076,22997.767356401335,22997.76735640134,-24228.955391832023,36824.0,nan,nan,1.5000000000000002,10.0,0.0,0.0,10.0,0.85,CORE,MAIN,1.2142235698970119,0.26076718523006637,0.6,0.174,-47506.572042542095,STRUCTURAL,-0.9245646424816193,-189873.47858070023,27300.0,0,0,0,0,0,0,0,inf,inf,NA,1,5,5,5,26,6,0,0,CONTINUE,0,A,1,1,0,KEEP_STRUCTURAL_IN_ON_CUT,2,3,0,0,"tail_cont_enabled=1 tail_active_dims=(1,) tail_delta=0.1 tail_start=(6, 6, 6) returned_y=(5, 3, 0) returned_b=(0, 0, 0) returned_u=(0, 0, 0) returned_zcap=(5, 3, 0) max_tail_u=0",NA
120,P1_no_rho,142,834.6337007000111,5.646875599981286,5.071868399973027,0.16885409993119538,0.01,62576.915885077404,62576.915885077404,-71600.39995612238,-51473.80257994241,0.0,-24508.80468614076,-70050.08583875005,-70050.07199369509,-47506.572042542095,-24508.80468614076,22997.767356401335,22997.76735640134,-21129.283383597784,36162.0,nan,nan,1.5000000000000002,10.0,0.0,0.0,10.0,0.85,CORE,MAIN,1.213332250032205,0.26674055189925905,0.6,0.174,-47506.572042542095,STRUCTURAL,-0.901882060544168,-189873.47858070023,27300.0,0,0,0,0,0,0,0,inf,inf,NA,1,5,5,5,26,6,0,0,CONTINUE,0,A,1,1,0,KEEP_STRUCTURAL_IN_ON_CUT,2,3,0,0,"tail_cont_enabled=1 tail_active_dims=(1,) tail_delta=0.1 tail_start=(6, 6, 6) returned_y=(6, 0, 2) returned_b=(1, 0, 0) returned_u=(0, 0, 0) returned_zcap=(6, 0, 2) max_tail_u=0",NA
120,P1_no_rho,143,839.4408109999495,5.646875599981286,4.806697199936025,0.16940859996248037,0.01,51880.505729484954,51880.505729484954,-71600.39995612238,-53078.264103281275,0.0,-24508.80468614076,-74452.08698463741,-74452.07225126425,-47506.572042542095,-24508.80468614076,22997.767356401335,22997.76735640134,-23323.903316488042,37390.5,nan,nan,1.5000000000000002,10.0,0.0,0.0,10.0,0.85,CORE,MAIN,1.2124366377204487,0.26056452020580145,0.6,0.174,-47506.572042542095,STRUCTURAL,-0.9116071182925464,-189873.47858070023,27300.0,0,0,0,0,0,0,0,inf,inf,NA,1,5,5,5,26,6,0,0,CONTINUE,0,A,1,1,0,KEEP_STRUCTURAL_IN_ON_CUT,2,3,0,0,"tail_cont_enabled=1 tail_active_dims=(1,) tail_delta=0.1 tail_start=(6, 6, 6) returned_y=(1, 0, 6) returned_b=(0, 0, 1) returned_u=(0, 0, 0) returned_zcap=(1, 0, 6) max_tail_u=0",NA
120,P1_no_rho,144,844.0484029999934,5.646875599981286,4.606929900008254,0.16973129997495562,0.01,52439.63821710282,52439.63821710282,-71600.39995612238,-52994.3942301386,0.0,-24508.80468614076,-73680.61505357144,-73680.60033151388,-47506.572042542095,-24508.80468614076,22997.767356401335,22997.76735640134,-23063.82311936892,37724.5,nan,nan,1.5000000000000002,10.0,0.0,0.0,10.0,0.85,CORE,MAIN,1.2118777836220482,0.2574918243634503,0.6,0.174,-47506.572042542095,STRUCTURAL,-0.8944987512473317,-189873.47858070023,27300.0,0,0,0,0,0,0,0,inf,inf,NA,1,5,5,5,26,6,0,0,CONTINUE,0,A,1,1,0,KEEP_STRUCTURAL_IN_ON_CUT,2,3,0,0,"tail_cont_enabled=1 tail_active_dims=(1,) tail_delta=0.1 tail_start=(6, 6, 6) returned_y=(1, 0, 6) returned_b=(0, 0, 1) returned_u=(0, 0, 0) returned_zcap=(1, 0, 6) max_tail_u=0",NA
120,P1_no_rho,145,854.5394917000085,5.646875599981286,10.490539200021885,0.1685374000808224,0.01,60566.10666257128,60566.10666257128,-71600.39995612238,-51775.423963318324,0.0,-24508.80468614076,-75083.32615579208,-75083.31121573,-47506.572042542095,-24508.80468614076,22997.767356401335,22997.76735640134,-23570.593785490004,36864.5,nan,nan,1.5000000000000002,10.0,0.0,0.0,10.0,0.85,CORE,MAIN,1.211334786925111,0.2570832904301418,0.6,0.174,-47506.572042542095,STRUCTURAL,-0.9315686261894232,-189873.47858070023,27300.0,0,0,0,0,0,0,0,inf,inf,NA,1,5,5,5,26,6,0,0,CONTINUE,0,A,1,1,0,KEEP_STRUCTURAL_IN_ON_CUT,2,3,0,0,"tail_cont_enabled=1 tail_active_dims=(1,) tail_delta=0.1 tail_start=(6, 6, 6) returned_y=(5, 3, 0) returned_b=(0, 0, 0) returned_u=(0, 0, 0) returned_zcap=(5, 3, 0) max_tail_u=0",NA
120,P1_no_rho,146,859.0921150000067,5.646875599981286,4.552011799998581,0.16684839990921319,0.01,47365.279129138915,47365.279129138915,-71600.39995612238,-53755.548093333186,0.0,-24508.80468614076,-75947.1267900082,-75947.11172769185,-47506.572042542095,-24508.80468614076,22997.767356401335,22997.76735640134,-24454.12372283789,37307.0,nan,nan,1.5000000000000016,10.000000000000009,0.0,0.0,10.0,0.85,CORE,MAIN,1.210566148787129,0.2564776609717314,0.6,0.174,-47506.572042542095,STRUCTURAL,-0.9201666890905889,-189873.47858070023,27300.0,0,0,0,0,0,0,0,inf,inf,NA,1,5,5,5,26,6,0,0,CONTINUE,0,A,1,1,0,KEEP_STRUCTURAL_IN_ON_CUT,2,3,0,0,"tail_cont_enabled=1 tail_active_dims=(1,) tail_delta=0.1 tail_start=(6, 6, 6) returned_y=(5, 3, 0) returned_b=(0, 0, 0) returned_u=(0, 0, 0) returned_zcap=(5, 3, 0) max_tail_u=0",NA
120,P1_no_rho,147,864.4177418999607,5.646875599981286,5.325017599971034,0.21006509999278933,0.01,54770.830592773986,54770.830592773986,-71600.39995612238,-52644.71537378792,0.0,-24508.80468614076,-72991.7329577558,-72991.71823873791,-47506.572042542095,-24508.80468614076,22997.767356401335,22997.76735640134,-21925.713320916322,37191.5,nan,nan,1.5000000000000002,10.0,0.0,0.0,10.0,0.85,CORE,MAIN,1.2105100334324497,0.24956904249001777,0.6,0.174,-47506.572042542095,STRUCTURAL,-0.9153705357016452,-189873.47858070023,27300.0,0,0,0,0,0,0,0,inf,inf,NA,2,6,6,6,26,6,0,0,CONTINUE,0,A,1,1,0,KEEP_STRUCTURAL_IN_ON_CUT,2,3,0,0,"tail_cont_enabled=1 tail_active_dims=(1,) tail_delta=0.1 tail_start=(6, 6, 6) returned_y=(1, 6, 0) returned_b=(0, 1, 0) returned_u=(0, 0, 0) returned_zcap=(1, 6, 0) max_tail_u=0",NA
120,P1_no_rho,148,869.2800241999794,5.646875599981286,4.861584999947809,0.1575859000440687,0.01,51254.25185501009,51254.25185501009,-71600.39995612238,-53172.20218445251,0.0,-24508.80468614076,-76487.46207272043,-76487.44709729539,-47506.572042542095,-24508.80468614076,22997.767356401335,22997.76735640134,-25483.44120888624,38275.0,nan,nan,1.5000000000000007,10.000000000000004,0.0,0.0,10.0,0.85,CORE,MAIN,1.2118159714832495,0.25736615327715184,0.6,0.174,-47506.572042542095,STRUCTURAL,-0.8883780690339056,-189873.47858070023,27300.0,0,0,0,0,0,0,0,inf,inf,NA,1,5,5,5,26,6,0,0,CONTINUE,0,A,1,1,0,KEEP_STRUCTURAL_IN_ON_CUT,2,3,0,0,"tail_cont_enabled=1 tail_active_dims=(1,) tail_delta=0.1 tail_start=(6, 6, 6) returned_y=(1, 6, 0) returned_b=(0, 1, 0) returned_u=(0, 0, 0) returned_zcap=(1, 6, 0) max_tail_u=0",NA
120,P1_no_rho,149,873.6456816999707,5.646875599981286,4.365218900027685,0.16736580000724643,0.01,64380.716276542335,64380.716276542335,-71600.39995612238,-51203.23252122267,0.0,-24508.80468614076,-72784.0907783489,-72784.0762220393,-47506.572042542095,-24508.80468614076,22997.767356401335,22997.76735640134,-23302.675547217903,37013.0,nan,nan,1.5000000000000004,10.000000000000002,0.0,0.0,10.0,0.85,CORE,MAIN,1.2130022541310013,0.26243983544056326,0.6,0.174,-47506.572042542095,STRUCTURAL,-0.8912436292621759,-189873.47858070023,27300.0,0,0,0,0,0,0,0,inf,inf,NA,1,5,5,5,26,6,0,0,CONTINUE,0,A,1,1,0,KEEP_STRUCTURAL_IN_ON_CUT,2,3,0,0,"tail_cont_enabled=1 tail_active_dims=(1,) tail_delta=0.1 tail_start=(6, 6, 6) returned_y=(1, 6, 0) returned_b=(0, 1, 0) returned_u=(0, 0, 0) returned_zcap=(1, 6, 0) max_tail_u=0",NA
120,P1_no_rho,150,884.9584153000033,5.646875599981286,11.312026500003412,0.17306399997323751,0.01,52776.882660324896,52776.882660324896,-71600.39995612238,-52943.80756365528,0.0,-24508.80468614076,-74692.77447666749,-74692.75954001718,-47506.572042542095,-24508.80468614076,22997.767356401335,22997.76735640134,-23256.93540323051,37976.5,nan,nan,1.5000000000000002,10.0,0.0,0.0,10.0,0.85,CORE,MAIN,1.2136230281864182,0.24920207856347432,0.6,0.174,-47506.572042542095,STRUCTURAL,-0.902941277488037,-189873.47858070023,27300.0,0,0,0,0,0,0,0,inf,inf,NA,1,5,5,5,26,6,0,0,CONTINUE,0,A,1,1,0,KEEP_STRUCTURAL_IN_ON_CUT,2,3,0,0,"tail_cont_enabled=1 tail_active_dims=(1,) tail_delta=0.1 tail_start=(6, 6, 6) returned_y=(1, 6, 0) returned_b=(0, 1, 0) returned_u=(0, 0, 0) returned_zcap=(1, 6, 0) max_tail_u=0",NA
120,P1_no_rho,151,891.0691819000058,5.646875599981286,6.110186500009149,0.18898890004493296,0.01,59384.03201056236,59384.03201056236,-71600.39995612238,-51952.735161119665,0.0,-24508.80468614076,-73656.6341205497,-73656.61966578096,-47506.572042542095,-24508.80468614076,22997.767356401335,22997.76735640134,-22934.055544212573,35921.0,nan,nan,1.5000000000000002,10.0,0.0,0.0,10.0,0.85,CORE,MAIN,1.214228152672604,0.262165717820394,0.6,0.174,-47506.572042542095,STRUCTURAL,-0.9413725327165796,-189873.47858070023,27300.0,0,0,0,0,0,0,0,inf,inf,NA,2,6,6,6,26,6,0,0,CONTINUE,0,A,1,1,0,KEEP_STRUCTURAL_IN_ON_CUT,2,3,0,0,"tail_cont_enabled=1 tail_active_dims=(1,) tail_delta=0.1 tail_start=(6, 6, 6) returned_y=(5, 3, 0) returned_b=(0, 0, 0) returned_u=(0, 0, 0) returned_zcap=(5, 3, 0) max_tail_u=0",NA
120,P1_no_rho,152,896.1523532000137,5.646875599981286,5.082741199992597,0.15487720002420247,0.01,60233.05866860837,60233.05866860837,-71600.39995612238,-51825.38116241276,0.0,-24508.80468614076,-75753.56791919649,-75753.55306091876,-47506.572042542095,-24508.80468614076,22997.767356401335,22997.76735640134,-23490.620732494175,37044.5,nan,nan,1.5000000000000002,10.0,0.0,0.0,10.0,0.85,CORE,MAIN,1.2143672181074432,0.2591511942070863,0.6,0.174,-47506.572042542095,STRUCTURAL,-0.9405432624442602,-189873.47858070023,27300.0,0,0,0,0,0,0,0,inf,inf,NA,1,5,5,5,26,6,0,0,CONTINUE,0,A,1,1,0,KEEP_STRUCTURAL_IN_ON_CUT,2,3,0,0,"tail_cont_enabled=1 tail_active_dims=(1,) tail_delta=0.1 tail_start=(6, 6, 6) returned_y=(5, 3, 0) returned_b=(0, 0, 0) returned_u=(0, 0, 0) returned_zcap=(5, 3, 0) max_tail_u=0",NA
120,P1_no_rho,153,902.6481897999765,5.646875599981286,6.4952714999672025,0.16497899999376386,0.01,53693.820319718405,53693.820319718405,-71600.39995612238,-52806.26691474626,0.0,-24508.80468614076,-75139.74607116639,-75139.73128995766,-47506.572042542095,-24508.80468614076,22997.767356401335,22997.76735640134,-23776.04243515413,37192.5,nan,nan,1.5000000000000002,10.0,0.0,0.0,10.0,0.85,CORE,MAIN,1.2142867668339974,0.2590199498208863,0.6,0.174,-47506.572042542095,STRUCTURAL,-0.9206818373740855,-189873.47858070023,27300.0,0,0,0,0,0,0,0,inf,inf,NA,1,5,5,5,26,6,0,0,CONTINUE,0,A,1,1,0,KEEP_STRUCTURAL_IN_ON_CUT,2,3,0,0,"tail_cont_enabled=1 tail_active_dims=(1,) tail_delta=0.1 tail_start=(6, 6, 6) returned_y=(5, 3, 0) returned_b=(0, 0, 0) returned_u=(0, 0, 0) returned_zcap=(5, 3, 0) max_tail_u=0",NA
120,P1_no_rho,154,908.4608571999706,5.646875599981286,5.811993699986488,0.15457160002551973,0.01,59636.29315238783,59636.29315238783,-71600.39995612238,-51914.89598984584,0.0,-24508.80468614076,-73675.00094958355,-73674.98619808271,-47506.572042542095,-24508.80468614076,22997.767356401335,22997.76735640134,-22245.285191275878,36409.5,nan,nan,1.5000000000000002,10.0,0.0,0.0,10.0,0.85,CORE,MAIN,1.2145860412229985,0.26990203907673116,0.6,0.174,-47506.572042542095,STRUCTURAL,-0.9416901450959565,-189873.47858070023,27300.0,0,0,0,0,0,0,0,inf,inf,NA,1,5,5,5,26,6,0,0,CONTINUE,0,A,1,1,0,KEEP_STRUCTURAL_IN_ON_CUT,2,3,0,0,"tail_cont_enabled=1 tail_active_dims=(1,) tail_delta=0.1 tail_start=(6, 6, 6) returned_y=(1, 5, 1) returned_b=(0, 0, 0) returned_u=(0, 0, 0) returned_zcap=(1, 5, 1) max_tail_u=0",NA
120,P1_no_rho,155,920.9954123999923,5.646875599981286,12.53384010004811,0.1756796999834478,0.01,44914.06581655407,44914.06581655407,-71600.39995612238,-54123.23009022091,0.0,-24508.80468614076,-73826.01004482216,-73825.99537901537,-47506.572042542095,-24508.80468614076,22997.767356401335,22997.76735640134,-23709.0174870131,35821.5,nan,nan,1.5000000000000002,10.0,0.0,0.0,10.0,0.85,CORE,MAIN,1.2153941921790468,0.2550840208987224,0.6,0.174,-47506.572042542095,STRUCTURAL,-0.9327169045033897,-189873.47858070023,27300.0,0,0,0,0,0,0,0,inf,inf,NA,1,5,5,5,26,6,0,0,CONTINUE,0,A,1,1,0,KEEP_STRUCTURAL_IN_ON_CUT,2,3,0,0,"tail_cont_enabled=1 tail_active_dims=(1,) tail_delta=0.1 tail_start=(6, 6, 6) returned_y=(1, 5, 1) returned_b=(0, 0, 0) returned_u=(0, 0, 0) returned_zcap=(1, 5, 1) max_tail_u=0",NA
120,P1_no_rho,156,926.3105113999918,5.646875599981286,5.314504400012083,0.19439660001080483,0.01,55159.12985908221,55159.12985908221,-71600.39995612238,-52586.47048384169,0.0,-24508.80468614076,-75009.14151336155,-75009.12685937161,-47506.572042542095,-24508.80468614076,22997.767356401335,22997.76735640134,-23688.132897712498,38987.5,nan,nan,1.5000000000000002,10.0,0.0,0.0,10.0,0.85,CORE,MAIN,1.215770717501648,0.26124220401742626,0.6,0.174,-47506.572042542095,STRUCTURAL,-0.8775632183248324,-189873.47858070023,27300.0,0,0,0,0,0,0,0,inf,inf,NA,2,6,6,6,26,6,0,0,CONTINUE,0,A,1,1,0,KEEP_STRUCTURAL_IN_ON_CUT,2,3,0,0,"tail_cont_enabled=1 tail_active_dims=(1,) tail_delta=0.1 tail_start=(6, 6, 6) returned_y=(1, 0, 6) returned_b=(0, 0, 1) returned_u=(0, 0, 0) returned_zcap=(1, 0, 6) max_tail_u=0",NA
120,P1_no_rho,157,932.2989084000001,5.646875599981286,5.9875336000695825,0.19355199998244643,0.01,56707.87664759267,56707.87664759267,-71600.39995612238,-52354.15846556512,0.0,-24508.80468614076,-74822.35213431859,-74822.3372297778,-47506.572042542095,-24508.80468614076,22997.767356401335,22997.76735640134,-23004.991960277723,37358.0,nan,nan,1.5000000000000002,10.0,0.0,0.0,10.0,0.85,CORE,MAIN,1.2159251931149877,0.25888543249568685,0.6,0.174,-47506.572042542095,STRUCTURAL,-0.9246987752645586,-189873.47858070023,27300.0,0,0,0,0,0,0,0,inf,inf,NA,2,6,6,6,26,6,0,0,CONTINUE,0,A,1,1,0,KEEP_STRUCTURAL_IN_ON_CUT,2,3,0,0,"tail_cont_enabled=1 tail_active_dims=(1,) tail_delta=0.1 tail_start=(6, 6, 6) returned_y=(5, 3, 0) returned_b=(0, 0, 0) returned_u=(0, 0, 0) returned_zcap=(5, 3, 0) max_tail_u=0",NA
120,P1_no_rho,158,937.4871719999937,5.646875599981286,5.187598700053059,0.17116950009949505,0.01,60288.460499247245,60288.460499247245,-71600.39995612238,-51817.07088781693,0.0,-24508.80468614076,-74662.95892906452,-74662.94425716616,-47506.572042542095,-24508.80468614076,22997.767356401335,22997.76735640134,-23273.758327503543,37160.0,nan,nan,1.5000000000000002,10.0,0.0,0.0,10.0,0.85,CORE,MAIN,1.2160868224659636,0.26223621122153384,0.6,0.174,-47506.572042542095,STRUCTURAL,-0.9219444910237286,-189873.47858070023,27300.0,0,0,0,0,0,0,0,inf,inf,NA,1,5,5,5,26,6,0,0,CONTINUE,0,A,1,1,0,KEEP_STRUCTURAL_IN_ON_CUT,2,3,0,0,"tail_cont_enabled=1 tail_active_dims=(1,) tail_delta=0.1 tail_start=(6, 6, 6) returned_y=(6, 0, 2) returned_b=(1, 0, 0) returned_u=(0, 0, 0) returned_zcap=(6, 0, 2) max_tail_u=0",NA
120,P1_no_rho,159,943.876615999965,5.646875599981286,6.388920499943197,0.16508039995096624,0.01,57931.603037364934,57931.603037364934,-71600.39995612238,-52170.59950709928,0.0,-24508.80468614076,-76152.95697232017,-76152.94201450812,-47506.572042542095,-24508.80468614076,22997.767356401335,22997.76735640134,-23570.602977462808,37237.0,nan,nan,1.5000000000000002,10.0,0.0,0.0,10.0,0.85,CORE,MAIN,1.215901632920331,0.260017462013611,0.6,0.174,-47506.572042542095,STRUCTURAL,-0.9413994868373804,-189873.47858070023,27300.0,0,0,0,0,0,0,0,inf,inf,NA,1,5,5,5,26,6,0,0,CONTINUE,0,A,1,1,0,KEEP_STRUCTURAL_IN_ON_CUT,2,3,0,0,"tail_cont_enabled=1 tail_active_dims=(1,) tail_delta=0.1 tail_start=(6, 6, 6) returned_y=(5, 3, 0) returned_b=(0, 0, 0) returned_u=(0, 0, 0) returned_zcap=(5, 3, 0) max_tail_u=0",NA
120,P1_no_rho,160,955.8802860999713,5.646875599981286,12.003210099996068,0.16677539993543178,0.01,57010.056991465506,57010.056991465506,-71600.39995612238,-52308.8314139842,0.0,-24508.80468614076,-76561.96842803019,-76561.95338209963,-47506.572042542095,-24508.80468614076,22997.767356401335,22997.76735640134,-24089.383440986254,37694.0,nan,nan,1.5000000000000002,10.0,0.0,0.0,10.0,0.85,CORE,MAIN,1.2155317097586924,0.2482508934682528,0.6,0.174,-47506.572042542095,STRUCTURAL,-0.9280446037585711,-189873.47858070023,27300.0,0,0,0,0,0,0,0,inf,inf,NA,1,5,5,5,26,6,0,0,CONTINUE,0,A,1,1,0,KEEP_STRUCTURAL_IN_ON_CUT,2,3,0,0,"tail_cont_enabled=1 tail_active_dims=(1,) tail_delta=0.1 tail_start=(6, 6, 6) returned_y=(5, 3, 0) returned_b=(0, 0, 0) returned_u=(0, 0, 0) returned_zcap=(5, 3, 0) max_tail_u=0",NA
120,P1_no_rho,161,960.8497987999581,5.646875599981286,4.968881299952045,0.18978879996575415,0.01,56051.897565863816,56051.897565863816,-71600.39995612238,-52452.55532782445,0.0,-24508.80468614076,-73238.21405889769,-73238.19929046094,-47506.572042542095,-24508.80468614076,22997.767356401335,22997.76735640134,-22295.994710061757,37457.5,nan,nan,1.5000000000000002,10.0,0.0,0.0,10.0,0.85,CORE,MAIN,1.215332547958347,0.253072609716114,0.6,0.174,-47506.572042542095,STRUCTURAL,-0.9066667481883767,-189873.47858070023,27300.0,0,0,0,0,0,0,0,inf,inf,NA,2,6,6,6,26,6,0,0,CONTINUE,0,A,1,1,0,KEEP_STRUCTURAL_IN_ON_CUT,2,3,0,0,"tail_cont_enabled=1 tail_active_dims=(1,) tail_delta=0.1 tail_start=(6, 6, 6) returned_y=(1, 0, 6) returned_b=(0, 0, 1) returned_u=(0, 0, 0) returned_zcap=(1, 0, 6) max_tail_u=0",NA
120,P1_no_rho,162,965.0077968999976,5.646875599981286,4.157306700013578,0.18817540002055466,0.01,51112.303255769286,51112.303255769286,-71600.39995612238,-53193.49447433863,0.0,-24508.80468614076,-94024.98730582654,-94024.97053445458,-47506.572042542095,-24508.80468614076,22997.767356401335,22997.76735640134,-32082.862881572793,46680.5,nan,nan,1.5000000000000002,10.0,0.0,0.0,10.0,0.85,CORE,MAIN,1.211488774346285,0.21045313766802376,0.6,0.174,-47506.572042542095,STRUCTURAL,-0.8846250240518959,-189873.47858070023,27300.0,0,0,0,0,0,0,0,inf,inf,NA,2,6,6,6,26,6,0,0,CONTINUE,0,A,1,1,0,KEEP_STRUCTURAL_IN_ON_CUT,2,3,0,0,"tail_cont_enabled=1 tail_active_dims=(1,) tail_delta=0.1 tail_start=(6, 6, 6) returned_y=(0, 6, 0) returned_b=(0, 1, 0) returned_u=(0, 0.1, 0) returned_zcap=(0, 6.1, 0) max_tail_u=0.1",NA
120,P1_no_rho,163,968.0358133999398,5.646875599981286,3.027662199921906,0.1634890999412164,0.01,66176.68102997105,66176.68102997105,-71600.39995612238,-50933.837808208365,0.0,-24508.80468614076,-76549.26409976651,-76549.2492315904,-47506.572042542095,-24508.80468614076,22997.767356401335,22997.76735640134,-23512.567602232473,39213.5,nan,nan,1.5000000000000002,10.0,0.0,0.0,10.0,0.85,CORE,MAIN,1.2098705353329082,0.24720427097710007,0.6,0.174,-47506.572042542095,STRUCTURAL,-0.9016738560165574,-189873.47858070023,27300.0,0,0,0,0,0,0,0,inf,inf,NA,1,5,5,5,26,6,0,0,CONTINUE,0,A,1,1,0,KEEP_STRUCTURAL_IN_ON_CUT,2,3,0,0,"tail_cont_enabled=1 tail_active_dims=(1,) tail_delta=0.1 tail_start=(6, 6, 6) returned_y=(1, 0, 6) returned_b=(0, 0, 1) returned_u=(0, 0, 0) returned_zcap=(1, 0, 6) max_tail_u=0",NA
120,P1_no_rho,164,973.0162697000196,5.646875599981286,4.979833299992606,0.18055759998969734,0.01,60535.24592978086,60535.24592978086,-71600.39995612238,-51780.05307323689,0.0,-24508.80468614076,-75549.73148001407,-75549.71649964515,-47506.572042542095,-24508.80468614076,22997.767356401335,22997.76735640134,-23319.233114245588,37509.0,nan,nan,1.5000000000000002,10.0,0.0,0.0,10.0,0.85,CORE,MAIN,1.2094029485541058,0.2672117893571191,0.6,0.174,-47506.572042542095,STRUCTURAL,-0.928319130260285,-189873.47858070023,27300.0,0,0,0,0,0,0,0,inf,inf,NA,1,5,5,5,26,6,0,0,CONTINUE,0,A,1,1,0,KEEP_STRUCTURAL_IN_ON_CUT,2,3,0,0,"tail_cont_enabled=1 tail_active_dims=(1,) tail_delta=0.1 tail_start=(6, 6, 6) returned_y=(5, 3, 0) returned_b=(0, 0, 0) returned_u=(0, 0, 0) returned_zcap=(5, 3, 0) max_tail_u=0",NA
120,P1_no_rho,165,982.1271066999761,5.646875599981286,9.110233000013977,0.17659419996198267,0.01,62339.825351487605,62339.825351487605,-71600.39995612238,-51509.36615998088,0.0,-24508.80468614076,-74759.66230885625,-74759.64752502166,-47506.572042542095,-24508.80468614076,22997.767356401335,22997.76735640134,-23822.18867447822,36447.5,nan,nan,1.5000000000000002,10.0,0.0,0.0,10.0,0.85,CORE,MAIN,1.2096760962314181,0.24840821695236992,0.6,0.174,-47506.572042542095,STRUCTURAL,-0.9317046683685383,-189873.47858070023,27300.0,0,0,0,0,0,0,0,inf,inf,NA,1,5,5,5,26,6,0,0,CONTINUE,0,A,1,1,0,KEEP_STRUCTURAL_IN_ON_CUT,2,3,0,0,"tail_cont_enabled=1 tail_active_dims=(1,) tail_delta=0.1 tail_start=(6, 6, 6) returned_y=(5, 3, 0) returned_b=(0, 0, 0) returned_u=(0, 0, 0) returned_zcap=(5, 3, 0) max_tail_u=0",NA
120,P1_no_rho,166,986.9824023999972,5.646875599981286,4.854495399980806,0.18624149996321648,0.01,62046.11972730111,62046.11972730111,-71600.39995612238,-51553.42200360885,0.0,-24508.80468614076,-76908.003354431,-76907.98822005915,-47506.572042542095,-24508.80468614076,22997.767356401335,22997.76735640134,-23874.621405215777,37669.5,nan,nan,1.5000000000000002,10.0,0.0,0.0,10.0,0.85,CORE,MAIN,1.2098001884140588,0.23883602919969815,0.6,0.174,-47506.572042542095,STRUCTURAL,-0.9385730598113127,-189873.47858070023,27300.0,0,0,0,0,0,0,0,inf,inf,NA,1,5,5,5,26,6,0,0,CONTINUE,0,A,1,1,0,KEEP_STRUCTURAL_IN_ON_CUT,2,3,0,0,"tail_cont_enabled=1 tail_active_dims=(1,) tail_delta=0.1 tail_start=(6, 6, 6) returned_y=(5, 3, 0) returned_b=(0, 0, 0) returned_u=(0, 0, 0) returned_zcap=(5, 3, 0) max_tail_u=0",NA
120,P1_no_rho,167,991.9851970999734,5.646875599981286,5.002297900035046,0.17264070000965148,0.01,59952.07123593819,59952.07123593819,-71600.39995612238,-51867.52927731329,0.0,-24508.80468614076,-76509.02359159265,-76509.0085252996,-47506.572042542095,-24508.80468614076,22997.767356401335,22997.76735640134,-23940.731947707558,37817.5,nan,nan,1.5000000000000002,10.0,0.0,0.0,10.0,0.85,CORE,MAIN,1.2108388318259677,0.26316938424091396,0.6,0.174,-47506.572042542095,STRUCTURAL,-0.9267010700970373,-189873.47858070023,27300.0,0,0,0,0,0,0,0,inf,inf,NA,1,5,5,5,26,6,0,0,CONTINUE,0,A,1,1,0,KEEP_STRUCTURAL_IN_ON_CUT,2,3,0,0,"tail_cont_enabled=1 tail_active_dims=(1,) tail_delta=0.1 tail_start=(6, 6, 6) returned_y=(5, 3, 0) returned_b=(0, 0, 0) returned_u=(0, 0, 0) returned_zcap=(5, 3, 0) max_tail_u=0",NA
120,P1_no_rho,168,996.3765276999911,5.646875599981286,4.3907563999528065,0.17869380000047386,0.01,69070.693660008,69070.693660008,-71600.39995612238,-50499.73591370282,0.0,-24508.80468614076,-78305.06816429997,-78305.05272584858,-47506.572042542095,-24508.80468614076,22997.767356401335,22997.76735640134,-25016.583100312848,39326.5,nan,nan,1.5000000000000002,10.0,0.0,0.0,10.0,0.85,CORE,MAIN,1.2120381322116152,0.23490244475211453,0.6,0.174,-47506.572042542095,STRUCTURAL,-0.9033513385890893,-189873.47858070023,27300.0,0,0,0,0,0,0,0,inf,inf,NA,1,5,5,5,26,6,0,0,CONTINUE,0,A,1,1,0,KEEP_STRUCTURAL_IN_ON_CUT,2,3,0,0,"tail_cont_enabled=1 tail_active_dims=(1,) tail_delta=0.1 tail_start=(6, 6, 6) returned_y=(1, 0, 6) returned_b=(0, 0, 1) returned_u=(0, 0, 0) returned_zcap=(1, 0, 6) max_tail_u=0",NA
120,P1_no_rho,169,999.5614910000004,5.646875599981286,3.1841298000654206,0.16172949993051589,0.01,38334.748148098,38334.748148098,-71600.39995612238,-55110.12774048932,0.0,-24508.80468614076,-87065.06063303862,-87065.04480813164,-47506.572042542095,-24508.80468614076,22997.767356401335,22997.76735640134,-28308.486103889216,43604.5,nan,nan,1.5000000000000002,10.0,0.0,0.0,10.0,0.85,CORE,MAIN,1.2108363501755812,0.22941913929192204,0.6,0.174,-47506.572042542095,STRUCTURAL,-0.8983256117180937,-189873.47858070023,27300.0,0,0,0,0,0,0,0,inf,inf,NA,1,5,5,5,26,6,0,0,CONTINUE,0,A,1,1,0,KEEP_STRUCTURAL_IN_ON_CUT,2,3,0,0,"tail_cont_enabled=1 tail_active_dims=(1,) tail_delta=0.1 tail_start=(6, 6, 6) returned_y=(0, 6, 0) returned_b=(0, 1, 0) returned_u=(0, 0.1, 0) returned_zcap=(0, 6.1, 0) max_tail_u=0.1",NA
120,P1_no_rho,170,1008.247080400004,5.646875599981286,8.685088100028224,0.16815799998585135,0.01,72041.9965229996,72041.9965229996,-71600.39995612238,-50054.040484254074,0.0,-24508.80468614076,-77339.37220046722,-77339.35722651819,-47506.572042542095,-24508.80468614076,22997.767356401335,22997.76735640134,-23746.841067447636,39368.0,nan,nan,1.5000000000000002,10.0,0.0,0.0,10.0,0.85,CORE,MAIN,1.2105741899506357,0.2637097290435316,0.6,0.174,-47506.572042542095,STRUCTURAL,-0.9075478588205403,-189873.47858070023,27300.0,0,0,0,0,0,0,0,inf,inf,NA,1,5,5,5,26,6,0,0,CONTINUE,0,A,1,1,0,KEEP_STRUCTURAL_IN_ON_CUT,2,3,0,0,"tail_cont_enabled=1 tail_active_dims=(1,) tail_delta=0.1 tail_start=(6, 6, 6) returned_y=(1, 0, 6) returned_b=(0, 0, 1) returned_u=(0, 0, 0) returned_zcap=(1, 0, 6) max_tail_u=0",NA
120,P1_no_rho,171,1013.0050970000448,5.646875599981286,4.757461500004865,0.15675540000665933,0.01,59490.21532861024,59490.21532861024,-71600.39995612238,-51936.80766341248,0.0,-24508.80468614076,-75538.02902566083,-75538.01411447131,-47506.572042542095,-24508.80468614076,22997.767356401335,22997.76735640134,-23544.70715871988,38233.0,nan,nan,1.5000000000000002,10.0,0.0,0.0,10.0,0.85,CORE,MAIN,1.2114822024871061,0.25106457324928333,0.6,0.174,-47506.572042542095,STRUCTURAL,-0.9066043636954365,-189873.47858070023,27300.0,0,0,0,0,0,0,0,inf,inf,NA,1,5,5,5,26,6,0,0,CONTINUE,0,A,1,1,0,KEEP_STRUCTURAL_IN_ON_CUT,2,3,0,0,"tail_cont_enabled=1 tail_active_dims=(1,) tail_delta=0.1 tail_start=(6, 6, 6) returned_y=(1, 6, 0) returned_b=(0, 1, 0) returned_u=(0, 0, 0) returned_zcap=(1, 6, 0) max_tail_u=0",NA
120,P1_no_rho,172,1015.8826698999619,5.646875599981286,2.8771008999319747,0.1484771000687033,0.01,59995.25481530503,59995.25481530503,-71600.39995612238,-51861.051740408264,0.0,-24508.80468614076,-74334.50060716584,-74334.48586269448,-47506.572042542095,-24508.80468614076,22997.767356401335,22997.76735640134,-23860.24753466118,37194.0,nan,nan,1.5000000000000002,10.0,0.0,0.0,10.0,0.85,CORE,MAIN,1.2119314849909193,0.2595927350974975,0.6,0.174,-47506.572042542095,STRUCTURAL,-0.9047021621414438,-189873.47858070023,27300.0,0,0,0,0,0,0,0,inf,inf,NA,1,5,5,5,26,6,0,0,CONTINUE,0,A,1,1,0,KEEP_STRUCTURAL_IN_ON_CUT,2,3,0,0,"tail_cont_enabled=1 tail_active_dims=(1,) tail_delta=0.1 tail_start=(6, 6, 6) returned_y=(1, 6, 0) returned_b=(0, 1, 0) returned_u=(0, 0, 0) returned_zcap=(1, 6, 0) max_tail_u=0",NA
120,P1_no_rho,173,1019.8285948999692,5.646875599981286,3.9452797999838367,0.16042560001369566,0.01,57971.52641356372,57971.52641356372,-71600.39995612238,-52164.61100066946,0.0,-24508.80468614076,-75192.9494442499,-75192.93495532335,-47506.572042542095,-24508.80468614076,22997.767356401335,22997.76735640134,-22891.362736188115,37354.0,nan,nan,1.5000000000000002,10.0,0.0,0.0,10.0,0.85,CORE,MAIN,1.2124853430833493,0.2636949319659301,0.6,0.174,-47506.572042542095,STRUCTURAL,-0.9334399210996633,-189873.47858070023,27300.0,0,0,0,0,0,0,0,inf,inf,NA,1,5,5,5,26,6,0,0,CONTINUE,0,A,1,1,0,KEEP_STRUCTURAL_IN_ON_CUT,2,3,0,0,"tail_cont_enabled=1 tail_active_dims=(1,) tail_delta=0.1 tail_start=(6, 6, 6) returned_y=(5, 3, 0) returned_b=(0, 0, 0) returned_u=(0, 0, 0) returned_zcap=(5, 3, 0) max_tail_u=0",NA
120,P1_no_rho,174,1024.6474085999653,5.646875599981286,4.818301599938422,0.1642730999737978,0.01,58609.52777067324,58609.52777067324,-71600.39995612238,-52068.91079710303,0.0,-24508.80468614076,-73330.53409151633,-73330.51976359576,-47506.572042542095,-24508.80468614076,22997.767356401335,22997.76735640134,-23441.47726002744,36985.5,nan,nan,1.5000000000000002,10.0,0.0,0.0,10.0,0.85,CORE,MAIN,1.212857682782863,0.26358352675010566,0.6,0.174,-47506.572042542095,STRUCTURAL,-0.8992540771125317,-189873.47858070023,27300.0,0,0,0,0,0,0,0,inf,inf,NA,1,5,5,5,26,6,0,0,CONTINUE,0,A,1,1,0,KEEP_STRUCTURAL_IN_ON_CUT,2,3,0,0,"tail_cont_enabled=1 tail_active_dims=(1,) tail_delta=0.1 tail_start=(6, 6, 6) returned_y=(5, 3, 0) returned_b=(0, 0, 0) returned_u=(0, 0, 0) returned_zcap=(5, 3, 0) max_tail_u=0",NA
120,P1_no_rho,175,1034.0306999000022,5.646875599981286,9.38263350003399,0.14751509996131063,0.01,57997.342003852806,57997.342003852806,-71600.39995612238,-52160.738662126096,0.0,-24508.80468614076,-75724.50109438579,-75724.48609726725,-47506.572042542095,-24508.80468614076,22997.767356401335,22997.76735640134,-24335.29553271316,36856.5,nan,nan,1.5000000000000002,10.0,0.0,0.0,10.0,0.85,CORE,MAIN,1.2135243915035647,0.25223562841568825,0.6,0.174,-47506.572042542095,STRUCTURAL,-0.929536455614868,-189873.47858070023,27300.0,0,0,0,0,0,0,0,inf,inf,NA,1,5,5,5,26,6,0,0,CONTINUE,0,A,1,1,0,KEEP_STRUCTURAL_IN_ON_CUT,2,3,0,0,"tail_cont_enabled=1 tail_active_dims=(1,) tail_delta=0.1 tail_start=(6, 6, 6) returned_y=(5, 3, 0) returned_b=(0, 0, 0) returned_u=(0, 0, 0) returned_zcap=(5, 3, 0) max_tail_u=0",NA
120,P1_no_rho,176,1038.7606412000023,5.646875599981286,4.729522800073028,0.17164179997052997,0.01,44145.11113496392,44145.11113496392,-71600.39995612238,-54238.573292459434,0.0,-24508.80468614076,-68391.76221090401,-68391.74838674789,-47506.572042542095,-24508.80468614076,22997.767356401335,22997.76735640134,-20858.632389756047,34484.0,nan,nan,1.5000000000000004,10.000000000000002,0.0,0.0,10.0,0.85,CORE,MAIN,1.2119997901006565,0.2723830537185903,0.6,0.174,-47506.572042542095,STRUCTURAL,-0.9189404940840549,-189873.47858070023,27300.0,0,0,0,0,0,0,0,inf,inf,NA,1,5,5,5,26,6,0,0,CONTINUE,0,A,1,1,0,KEEP_STRUCTURAL_IN_ON_CUT,2,3,0,0,"tail_cont_enabled=1 tail_active_dims=(1,) tail_delta=0.1 tail_start=(6, 6, 6) returned_y=(5, 3, 0) returned_b=(0, 0, 0) returned_u=(0, 0, 0) returned_zcap=(5, 3, 0) max_tail_u=0",NA
120,P1_no_rho,177,1042.9528843000298,5.646875599981286,4.191354500013404,0.17991850001271814,0.01,49796.041032302805,49796.041032302805,-71600.39995612238,-53390.9338078586,0.0,-24508.80468614076,-73172.5788288935,-73172.56433634323,-47506.572042542095,-24508.80468614076,22997.767356401335,22997.76735640134,-21733.465553162776,37721.5,nan,nan,1.5000000000000002,10.0,0.0,0.0,10.0,0.85,CORE,MAIN,1.210926774450723,0.2611667328254281,0.6,0.174,-47506.572042542095,STRUCTURAL,-0.9091030982893122,-189873.47858070023,27300.0,0,0,0,0,0,0,0,inf,inf,NA,1,5,5,5,26,6,0,0,CONTINUE,0,A,1,1,0,KEEP_STRUCTURAL_IN_ON_CUT,2,3,0,0,"tail_cont_enabled=1 tail_active_dims=(1,) tail_delta=0.1 tail_start=(6, 6, 6) returned_y=(1, 0, 6) returned_b=(0, 0, 1) returned_u=(0, 0, 0) returned_zcap=(1, 0, 6) max_tail_u=0",NA
120,P1_no_rho,178,1047.7931776000187,5.646875599981286,4.839665199979208,0.17361120006535202,0.01,54428.16129118013,54428.16129118013,-71600.39995612238,-52696.115769027,0.0,-24508.80468614076,-77275.18951961982,-77275.17438614763,-47506.572042542095,-24508.80468614076,22997.767356401335,22997.76735640134,-24975.032041205646,38549.0,nan,nan,1.5000000000000002,10.0,0.0,0.0,10.0,0.85,CORE,MAIN,1.2092949372714492,0.24710245052469326,0.6,0.174,-47506.572042542095,STRUCTURAL,-0.9044790153647213,-189873.47858070023,27300.0,0,0,0,0,0,0,0,inf,inf,NA,1,5,5,5,26,6,0,0,CONTINUE,0,A,1,1,0,KEEP_STRUCTURAL_IN_ON_CUT,2,3,0,0,"tail_cont_enabled=1 tail_active_dims=(1,) tail_delta=0.1 tail_start=(6, 6, 6) returned_y=(1, 0, 6) returned_b=(0, 0, 1) returned_u=(0, 0, 0) returned_zcap=(1, 0, 6) max_tail_u=0",NA
120,P1_no_rho,179,1052.4988830999937,5.646875599981286,4.704889900051057,0.18371679994743317,0.01,53867.69057803248,53867.69057803248,-71600.39995612238,-52780.18637599915,0.0,-24508.80468614076,-76617.83436554045,-76617.81932488311,-47506.572042542095,-24508.80468614076,22997.767356401335,22997.76735640134,-25847.18776018423,38916.5,nan,nan,1.5000000000000002,10.0,0.0,0.0,10.0,0.85,CORE,MAIN,1.2078244336604098,0.2549902924201992,0.6,0.174,-47506.572042542095,STRUCTURAL,-0.8697361712846542,-189873.47858070023,27300.0,0,0,0,0,0,0,0,inf,inf,NA,1,5,5,5,26,6,0,0,CONTINUE,0,A,1,1,0,KEEP_STRUCTURAL_IN_ON_CUT,2,3,0,0,"tail_cont_enabled=1 tail_active_dims=(1,) tail_delta=0.1 tail_start=(6, 6, 6) returned_y=(1, 0, 6) returned_b=(0, 0, 1) returned_u=(0, 0, 0) returned_zcap=(1, 0, 6) max_tail_u=0",NA
120,P1_no_rho,180,1061.1467899000272,5.646875599981286,8.647359500057064,0.16355219995602965,0.01,54664.73697709176,54664.73697709176,-71600.39995612238,-52660.629416140255,0.0,-24508.80468614076,-75514.54058850282,-75514.52573723809,-47506.572042542095,-24508.80468614076,22997.767356401335,22997.76735640134,-24467.21937045181,38327.0,nan,nan,1.5000000000000002,10.0,0.0,0.0,10.0,0.85,CORE,MAIN,1.2067105519842403,0.2596363888276616,0.6,0.174,-47506.572042542095,STRUCTURAL,-0.8879259419693041,-189873.47858070023,27300.0,0,0,0,0,0,0,0,inf,inf,NA,1,5,5,5,26,6,0,0,CONTINUE,0,A,1,1,0,KEEP_STRUCTURAL_IN_ON_CUT,2,3,0,0,"tail_cont_enabled=1 tail_active_dims=(1,) tail_delta=0.1 tail_start=(6, 6, 6) returned_y=(1, 0, 6) returned_b=(0, 0, 1) returned_u=(0, 0, 0) returned_zcap=(1, 0, 6) max_tail_u=0",NA
120,P1_no_rho,181,1066.2684173999587,5.646875599981286,5.12105870002415,0.18513260001782328,0.01,55983.579420785274,55983.579420785274,-71600.39995612238,-52462.803049586226,0.0,-24508.80468614076,-73680.39790704807,-73680.38314954482,-47506.572042542095,-24508.80468614076,22997.767356401335,22997.76735640134,-24070.866790016677,37321.0,nan,nan,1.5000000000000002,10.0,0.0,0.0,10.0,0.85,CORE,MAIN,1.206378109195338,0.27262467482802544,0.6,0.174,-47506.572042542095,STRUCTURAL,-0.8861769755995844,-189873.47858070023,27300.0,0,0,0,0,0,0,0,inf,inf,NA,1,5,5,5,26,6,0,0,CONTINUE,0,A,1,1,0,KEEP_STRUCTURAL_IN_ON_CUT,2,3,0,0,"tail_cont_enabled=1 tail_active_dims=(1,) tail_delta=0.1 tail_start=(6, 6, 6) returned_y=(1, 0, 6) returned_b=(0, 0, 1) returned_u=(0, 0, 0) returned_zcap=(1, 0, 6) max_tail_u=0",NA
120,P1_no_rho,182,1070.6999603000004,5.646875599981286,4.430805500014685,0.15087510005105287,0.01,45127.20832845133,45127.20832845133,-71600.39995612238,-54091.25871343632,0.0,-24508.80468614076,-71387.2711933353,-71387.25700203399,-47506.572042542095,-24508.80468614076,22997.767356401335,22997.76735640134,-21920.424677470826,36118.5,nan,nan,1.5000000000000002,10.0,0.0,0.0,10.0,0.85,CORE,MAIN,1.2087448902948719,0.26404205416397986,0.6,0.174,-47506.572042542095,STRUCTURAL,-0.9130470040664875,-189873.47858070023,27300.0,0,0,0,0,0,0,0,inf,inf,NA,1,5,5,5,26,6,0,0,CONTINUE,0,A,1,1,0,KEEP_STRUCTURAL_IN_ON_CUT,2,3,0,0,"tail_cont_enabled=1 tail_active_dims=(1,) tail_delta=0.1 tail_start=(6, 6, 6) returned_y=(5, 0, 3) returned_b=(0, 0, 0) returned_u=(0, 0, 0) returned_zcap=(5, 0, 3) max_tail_u=0",NA
120,P1_no_rho,183,1073.8112789000152,5.646875599981286,3.1108441000105813,0.185077799949795,0.01,68033.2048066636,68033.2048066636,-71600.39995612238,-50655.35924170448,0.0,-24508.80468614076,-70214.44317026556,-70214.42899769713,-47506.572042542095,-24508.80468614076,22997.767356401335,22997.76735640134,-21902.900183587917,35722.0,nan,nan,1.5000000000000002,10.0,0.0,0.0,10.0,0.85,CORE,MAIN,1.2101274230574832,0.2667688076800613,0.6,0.174,-47506.572042542095,STRUCTURAL,-0.9016204545118642,-189873.47858070023,27300.0,0,0,0,0,0,0,0,inf,inf,NA,1,5,5,5,26,6,0,0,CONTINUE,0,A,1,1,0,KEEP_STRUCTURAL_IN_ON_CUT,2,3,0,0,"tail_cont_enabled=1 tail_active_dims=(1,) tail_delta=0.1 tail_start=(6, 6, 6) returned_y=(5, 0, 3) returned_b=(0, 0, 0) returned_u=(0, 0, 0) returned_zcap=(5, 0, 3) max_tail_u=0",NA
120,P1_no_rho,184,1078.5250777000329,5.646875599981286,4.713014800101519,0.17996249999850988,0.01,66138.29801721951,66138.29801721951,-71600.39995612238,-50939.59526012109,0.0,-24508.80468614076,-73654.53632212155,-73654.52162638391,-47506.572042542095,-24508.80468614076,22997.767356401335,22997.76735640134,-23094.13988355511,36970.5,nan,nan,1.5000000000000002,10.0,0.0,0.0,10.0,0.85,CORE,MAIN,1.2109633632713563,0.26353784470057695,0.6,0.174,-47506.572042542095,STRUCTURAL,-0.9117247849470755,-189873.47858070023,27300.0,0,0,0,0,0,0,0,inf,inf,NA,1,5,5,5,26,6,0,0,CONTINUE,0,A,1,1,0,KEEP_STRUCTURAL_IN_ON_CUT,2,3,0,0,"tail_cont_enabled=1 tail_active_dims=(1,) tail_delta=0.1 tail_start=(6, 6, 6) returned_y=(5, 0, 3) returned_b=(0, 0, 0) returned_u=(0, 0, 0) returned_zcap=(5, 0, 3) max_tail_u=0",NA
120,P1_no_rho,185,1087.7644881999586,5.646875599981286,9.238451799959876,0.16614570003002882,0.01,47207.4189533987,47207.4189533987,-71600.39995612238,-53779.22711969422,0.0,-24508.80468614076,-77315.7595829059,-77315.74447158999,-47506.572042542095,-24508.80468614076,22997.767356401335,22997.76735640134,-25686.468975016385,37721.0,nan,nan,1.5000000000000002,10.0,0.0,0.0,10.0,0.85,CORE,MAIN,1.2107453771781174,0.24389287840952312,0.6,0.174,-47506.572042542095,STRUCTURAL,-0.9124762598477171,-189873.47858070023,27300.0,0,0,0,0,0,0,0,inf,inf,NA,1,5,5,5,26,6,0,0,CONTINUE,0,A,1,1,0,KEEP_STRUCTURAL_IN_ON_CUT,2,3,0,0,"tail_cont_enabled=1 tail_active_dims=(1,) tail_delta=0.1 tail_start=(6, 6, 6) returned_y=(5, 0, 3) returned_b=(0, 0, 0) returned_u=(0, 0, 0) returned_zcap=(5, 0, 3) max_tail_u=0",NA
120,P1_no_rho,186,1092.8636622000486,5.646875599981286,5.098541299928911,0.19428449997212738,0.01,46640.58497274829,46640.58497274829,-71600.39995612238,-53864.25221679178,0.0,-24508.80468614076,-74136.77295330245,-74136.75873764021,-47506.572042542095,-24508.80468614076,22997.767356401335,22997.76735640134,-22670.422020317747,37500.0,nan,nan,1.5000000000000002,10.0,0.0,0.0,10.0,0.85,CORE,MAIN,1.2107645036822654,0.24689744720329976,0.6,0.174,-47506.572042542095,STRUCTURAL,-0.9149570971968438,-189873.47858070023,27300.0,0,0,0,0,0,0,0,inf,inf,NA,2,6,6,6,26,6,0,0,CONTINUE,0,A,1,1,0,KEEP_STRUCTURAL_IN_ON_CUT,2,3,0,0,"tail_cont_enabled=1 tail_active_dims=(1,) tail_delta=0.1 tail_start=(6, 6, 6) returned_y=(6, 0, 2) returned_b=(1, 0, 0) returned_u=(0, 0, 0) returned_zcap=(6, 0, 2) max_tail_u=0",NA
120,P1_no_rho,187,1098.5826364000095,5.646875599981286,5.718465700047091,0.1663688999833539,0.01,47055.11991831845,47055.11991831845,-71600.39995612238,-53802.07197495625,0.0,-24508.80468614076,-72974.67102940375,-72974.65655449923,-47506.572042542095,-24508.80468614076,22997.767356401335,22997.76735640134,-23302.913775314235,36313.0,nan,nan,1.5000000000000002,10.0,0.0,0.0,10.0,0.85,CORE,MAIN,1.2110190685959272,0.26252889433014914,0.6,0.174,-47506.572042542095,STRUCTURAL,-0.9119184640796218,-189873.47858070023,27300.0,0,0,0,0,0,0,0,inf,inf,NA,1,5,5,5,26,6,0,0,CONTINUE,0,A,1,1,0,KEEP_STRUCTURAL_IN_ON_CUT,2,3,0,0,"tail_cont_enabled=1 tail_active_dims=(1,) tail_delta=0.1 tail_start=(6, 6, 6) returned_y=(5, 0, 3) returned_b=(0, 0, 0) returned_u=(0, 0, 0) returned_zcap=(5, 0, 3) max_tail_u=0",NA
120,P1_no_rho,188,1103.046250000014,5.646875599981286,4.462906899978407,0.17247130000032485,0.01,57300.73755588576,57300.73755588576,-71600.39995612238,-52265.229329321155,0.0,-24508.80468614076,-75158.98235294409,-75158.96739368164,-47506.572042542095,-24508.80468614076,22997.767356401335,22997.76735640134,-24521.30227755536,37592.0,nan,nan,1.5000000000000002,10.0,0.0,0.0,10.0,0.85,CORE,MAIN,1.2107202642969181,0.25720990496767326,0.6,0.174,-47506.572042542095,STRUCTURAL,-0.8980220102881157,-189873.47858070023,27300.0,0,0,0,0,0,0,0,inf,inf,NA,1,5,5,5,26,6,0,0,CONTINUE,0,A,1,1,0,KEEP_STRUCTURAL_IN_ON_CUT,2,3,0,0,"tail_cont_enabled=1 tail_active_dims=(1,) tail_delta=0.1 tail_start=(6, 6, 6) returned_y=(1, 0, 6) returned_b=(0, 0, 1) returned_u=(0, 0, 0) returned_zcap=(1, 0, 6) max_tail_u=0",NA
120,P1_no_rho,189,1107.2443111999892,5.646875599981286,4.197500800015405,0.16062009998131543,0.01,61406.67312612606,61406.67312612606,-71600.39995612238,-51649.33899378511,0.0,-24508.80468614076,-73558.18224797644,-73558.16760707433,-47506.572042542095,-24508.80468614076,22997.767356401335,22997.76735640134,-23132.341506368495,36306.5,nan,nan,1.5000000000000002,10.0,0.0,0.0,10.0,0.85,CORE,MAIN,1.212440076472919,0.2603141971282016,0.6,0.174,-47506.572042542095,STRUCTURAL,-0.9259283434225426,-189873.47858070023,27300.0,0,0,0,0,0,0,0,inf,inf,NA,1,5,5,5,26,6,0,0,CONTINUE,0,A,1,1,0,KEEP_STRUCTURAL_IN_ON_CUT,2,3,0,0,"tail_cont_enabled=1 tail_active_dims=(1,) tail_delta=0.1 tail_start=(6, 6, 6) returned_y=(5, 3, 0) returned_b=(0, 0, 0) returned_u=(0, 0, 0) returned_zcap=(5, 3, 0) max_tail_u=0",NA
120,P1_no_rho,190,1116.1304227999644,5.646875599981286,8.885557599947788,0.20726819999981672,0.01,62972.98273592608,62972.98273592608,-71600.39995612238,-51414.392552315105,0.0,-24508.80468614076,-74433.57507778972,-74433.56050687347,-47506.572042542095,-24508.80468614076,22997.767356401335,22997.76735640134,-23234.358907253518,38127.5,nan,nan,1.5000000000000002,10.0,0.0,0.0,10.0,0.85,CORE,MAIN,1.2134671308921248,0.26132315477194534,0.6,0.174,-47506.572042542095,STRUCTURAL,-0.8952278818808813,-189873.47858070023,27300.0,0,0,0,0,0,0,0,inf,inf,NA,2,6,6,6,26,6,0,0,CONTINUE,0,A,1,1,0,KEEP_STRUCTURAL_IN_ON_CUT,2,3,0,0,"tail_cont_enabled=1 tail_active_dims=(1,) tail_delta=0.1 tail_start=(6, 6, 6) returned_y=(1, 6, 0) returned_b=(0, 1, 0) returned_u=(0, 0, 0) returned_zcap=(1, 6, 0) max_tail_u=0",NA
120,P1_no_rho,191,1120.328806699952,5.646875599981286,4.197774700005539,0.15773769991938025,0.01,58016.797411269836,58016.797411269836,-71600.39995612238,-52157.82035101354,0.0,-24508.80468614076,-73137.05445548224,-73137.03985798382,-47506.572042542095,-24508.80468614076,22997.767356401335,22997.76735640134,-22552.86193563157,37041.5,nan,nan,1.5000000000000002,10.0,0.0,0.0,10.0,0.85,CORE,MAIN,1.2145411053822988,0.25134664177706756,0.6,0.174,-47506.572042542095,STRUCTURAL,-0.9104054987397422,-189873.47858070023,27300.0,0,0,0,0,0,0,0,inf,inf,NA,1,5,5,5,26,6,0,0,CONTINUE,0,A,1,1,0,KEEP_STRUCTURAL_IN_ON_CUT,2,3,0,0,"tail_cont_enabled=1 tail_active_dims=(1,) tail_delta=0.1 tail_start=(6, 6, 6) returned_y=(1, 6, 0) returned_b=(0, 1, 0) returned_u=(0, 0, 0) returned_zcap=(1, 6, 0) max_tail_u=0",NA
120,P1_no_rho,192,1124.1521530000027,5.646875599981286,3.8227829000679776,0.16239409998524934,0.01,42566.647387417535,42566.647387417535,-71600.39995612238,-54475.34285459139,0.0,-24508.80468614076,-74313.89813138725,-74313.8835048644,-47506.572042542095,-24508.80468614076,22997.767356401335,22997.76735640134,-23794.721316171348,37453.0,nan,nan,1.5000000000000004,10.000000000000002,0.0,0.0,10.0,0.85,CORE,MAIN,1.2151317586520163,0.2592500978613903,0.6,0.174,-47506.572042542095,STRUCTURAL,-0.899245493261653,-189873.47858070023,27300.0,0,0,0,0,0,0,0,inf,inf,NA,1,5,5,5,26,6,0,0,CONTINUE,0,A,1,1,0,KEEP_STRUCTURAL_IN_ON_CUT,2,3,0,0,"tail_cont_enabled=1 tail_active_dims=(1,) tail_delta=0.1 tail_start=(6, 6, 6) returned_y=(1, 6, 0) returned_b=(0, 1, 0) returned_u=(0, 0, 0) returned_zcap=(1, 6, 0) max_tail_u=0",NA
120,P1_no_rho,193,1128.389014299959,5.646875599981286,4.235478400019929,0.16551760002039373,0.01,53508.36077219999,53508.36077219999,-71600.39995612238,-52834.08584687402,0.0,-24508.80468614076,-75881.5764526168,-75881.56143733033,-47506.572042542095,-24508.80468614076,22997.767356401335,22997.76735640134,-24756.52323900294,37518.5,nan,nan,1.5000000000000002,10.0,0.0,0.0,10.0,0.85,CORE,MAIN,1.2151759036420051,0.263140490584017,0.6,0.174,-47506.572042542095,STRUCTURAL,-0.9084414035445161,-189873.47858070023,27300.0,0,0,0,0,0,0,0,inf,inf,NA,1,5,5,5,26,6,0,0,CONTINUE,0,A,1,1,0,KEEP_STRUCTURAL_IN_ON_CUT,2,3,0,0,"tail_cont_enabled=1 tail_active_dims=(1,) tail_delta=0.1 tail_start=(6, 6, 6) returned_y=(1, 6, 0) returned_b=(0, 1, 0) returned_u=(0, 0, 0) returned_zcap=(1, 6, 0) max_tail_u=0",NA
120,P1_no_rho,194,1133.1529598999768,5.646875599981286,4.763445399934426,0.15368660003878176,0.01,63334.64846966946,63334.64846966946,-71600.39995612238,-51360.1426922536,0.0,-24508.80468614076,-73652.01415803222,-73651.99941632872,-47506.572042542095,-24508.80468614076,22997.767356401335,22997.76735640134,-23257.43310466863,37419.5,nan,nan,1.5000000000000002,10.0,0.0,0.0,10.0,0.85,CORE,MAIN,1.2154743374766763,0.25846950816327774,0.6,0.174,-47506.572042542095,STRUCTURAL,-0.8978307444275503,-189873.47858070023,27300.0,0,0,0,0,0,0,0,inf,inf,NA,1,5,5,5,26,6,0,0,CONTINUE,0,A,1,1,0,KEEP_STRUCTURAL_IN_ON_CUT,2,3,0,0,"tail_cont_enabled=1 tail_active_dims=(1,) tail_delta=0.1 tail_start=(6, 6, 6) returned_y=(1, 6, 0) returned_b=(0, 1, 0) returned_u=(0, 0, 0) returned_zcap=(1, 6, 0) max_tail_u=0",NA
120,P1_no_rho,195,1140.5955591000384,5.646875599981286,7.442051500082016,0.1559042000444606,0.01,55227.18724796804,55227.18724796804,-71600.39995612238,-52576.26187550881,0.0,-24508.80468614076,-76721.27987191497,-76721.26463912583,-47506.572042542095,-24508.80468614076,22997.767356401335,22997.76735640134,-25059.716052130996,38395.0,nan,nan,1.5000000000000002,10.0,0.0,0.0,10.0,0.85,CORE,MAIN,1.2151121140572472,0.2479407932251687,0.6,0.174,-47506.572042542095,STRUCTURAL,-0.89701868449876,-189873.47858070023,27300.0,0,0,0,0,0,0,0,inf,inf,NA,1,5,5,5,26,6,0,0,CONTINUE,0,A,1,1,0,KEEP_STRUCTURAL_IN_ON_CUT,2,3,0,0,"tail_cont_enabled=1 tail_active_dims=(1,) tail_delta=0.1 tail_start=(6, 6, 6) returned_y=(1, 6, 0) returned_b=(0, 1, 0) returned_u=(0, 0, 0) returned_zcap=(1, 6, 0) max_tail_u=0",NA
120,P1_no_rho,196,1145.3086479000049,5.646875599981286,4.71269980003126,0.1786034000106156,0.01,54391.47091358112,54391.47091358112,-71600.39995612238,-52701.61932566685,0.0,-24508.80468614076,-74366.59216885593,-74366.57746779139,-47506.572042542095,-24508.80468614076,22997.767356401335,22997.76735640134,-23035.297771914564,37068.5,nan,nan,1.5000000000000002,10.0,0.0,0.0,10.0,0.85,CORE,MAIN,1.2150382615889377,0.25838607013314774,0.6,0.174,-47506.572042542095,STRUCTURAL,-0.9231787941401605,-189873.47858070023,27300.0,0,0,0,0,0,0,0,inf,inf,NA,2,6,6,6,26,6,0,0,CONTINUE,0,A,1,1,0,KEEP_STRUCTURAL_IN_ON_CUT,2,3,0,0,"tail_cont_enabled=1 tail_active_dims=(1,) tail_delta=0.1 tail_start=(6, 6, 6) returned_y=(5, 0, 3) returned_b=(0, 0, 0) returned_u=(0, 0, 0) returned_zcap=(5, 0, 3) max_tail_u=0",NA
120,P1_no_rho,197,1150.0980798000237,5.646875599981286,4.789111400023103,0.16851490002591163,0.01,57472.881339858344,57472.881339858344,-71600.39995612238,-52239.40776172526,0.0,-24508.80468614076,-73432.10290761595,-73432.08821177972,-47506.572042542095,-24508.80468614076,22997.767356401335,22997.76735640134,-22870.79426099905,36798.0,nan,nan,1.5000000000000002,10.0,0.0,0.0,10.0,0.85,CORE,MAIN,1.2154032788622726,0.2646258745385348,0.6,0.174,-47506.572042542095,STRUCTURAL,-0.9160152535605316,-189873.47858070023,27300.0,0,0,0,0,0,0,0,inf,inf,NA,1,5,5,5,26,6,0,0,CONTINUE,0,A,1,1,0,KEEP_STRUCTURAL_IN_ON_CUT,2,3,0,0,"tail_cont_enabled=1 tail_active_dims=(1,) tail_delta=0.1 tail_start=(6, 6, 6) returned_y=(5, 0, 3) returned_b=(0, 0, 0) returned_u=(0, 0, 0) returned_zcap=(5, 0, 3) max_tail_u=0",NA
120,P1_no_rho,198,1154.4167589000426,5.646875599981286,4.318038900033571,0.16218290000688285,0.01,64196.36584067985,64196.36584067985,-71600.39995612238,-51230.88508660204,0.0,-24508.80468614076,-72831.89302505624,-72831.87840066632,-47506.572042542095,-24508.80468614076,22997.767356401335,22997.76735640134,-22747.61989135892,36851.0,nan,nan,1.5000000000000002,10.0,0.0,0.0,10.0,0.85,CORE,MAIN,1.2155421249111449,0.26420237165128935,0.6,0.174,-47506.572042542095,STRUCTURAL,-0.9060678318871018,-189873.47858070023,27300.0,0,0,0,0,0,0,0,inf,inf,NA,1,5,5,5,26,6,0,0,CONTINUE,0,A,1,1,0,KEEP_STRUCTURAL_IN_ON_CUT,2,3,0,0,"tail_cont_enabled=1 tail_active_dims=(1,) tail_delta=0.1 tail_start=(6, 6, 6) returned_y=(5, 0, 3) returned_b=(0, 0, 0) returned_u=(0, 0, 0) returned_zcap=(5, 0, 3) max_tail_u=0",NA
120,P1_no_rho,199,1159.3978657999542,5.646875599981286,4.980577499954961,0.15642750007100403,0.01,52472.38039109859,52472.38039109859,-71600.39995612238,-52989.48290403923,0.0,-24508.80468614076,-74649.05804746998,-74649.04326937137,-47506.572042542095,-24508.80468614076,22997.767356401335,22997.76735640134,-23691.47503955929,36868.5,nan,nan,1.5000000000000002,10.0,0.0,0.0,10.0,0.85,CORE,MAIN,1.2155463645467188,0.2758695723661806,0.6,0.174,-47506.572042542095,STRUCTURAL,-0.921429191673327,-189873.47858070023,27300.0,0,0,0,0,0,0,0,inf,inf,NA,1,5,5,5,26,6,0,0,CONTINUE,0,A,1,1,0,KEEP_STRUCTURAL_IN_ON_CUT,2,3,0,0,"tail_cont_enabled=1 tail_active_dims=(1,) tail_delta=0.1 tail_start=(6, 6, 6) returned_y=(5, 0, 3) returned_b=(0, 0, 0) returned_u=(0, 0, 0) returned_zcap=(5, 0, 3) max_tail_u=0",NA
120,P1_no_rho,200,1168.9106259000255,5.646875599981286,9.512230499996804,0.1598366000689566,0.01,50187.85465247124,50187.85465247124,-71600.39995612238,-53332.161764833334,0.0,-24508.80468614076,-76866.65339862258,-76866.63824442754,-47506.572042542095,-24508.80468614076,22997.767356401335,22997.76735640134,-24626.869315754964,37796.0,nan,nan,1.5000000000000002,10.0,0.0,0.0,10.0,0.85,CORE,MAIN,1.2149509961198612,0.24399959420275874,0.6,0.174,-47506.572042542095,STRUCTURAL,-0.921433818899223,-189873.47858070023,27300.0,0,0,0,0,0,0,0,inf,inf,NA,1,5,5,5,26,6,0,0,CONTINUE,0,A,1,1,0,KEEP_STRUCTURAL_IN_ON_CUT,2,3,0,0,"tail_cont_enabled=1 tail_active_dims=(1,) tail_delta=0.1 tail_start=(6, 6, 6) returned_y=(5, 0, 3) returned_b=(0, 0, 0) returned_u=(0, 0, 0) returned_zcap=(5, 0, 3) max_tail_u=0",NA
120,P1_no_rho,201,1173.4065850999905,5.646875599981286,4.495414200006053,0.16221540002152324,0.01,65859.85360784999,65859.85360784999,-71600.39995612238,-50981.36192152652,0.0,-24508.80468614076,-73909.7419454306,-73909.72720663885,-47506.572042542095,-24508.80468614076,22997.767356401335,22997.76735640134,-23397.576380509596,36565.0,nan,nan,1.5000000000000007,10.000000000000004,0.0,0.0,10.0,0.85,CORE,MAIN,1.2149411780138308,0.2515173348505567,0.6,0.174,-47506.572042542095,STRUCTURAL,-0.920956302951442,-189873.47858070023,27300.0,0,0,0,0,0,0,0,inf,inf,NA,1,5,5,5,26,6,0,0,CONTINUE,0,A,1,1,0,KEEP_STRUCTURAL_IN_ON_CUT,2,3,0,0,"tail_cont_enabled=1 tail_active_dims=(1,) tail_delta=0.1 tail_start=(6, 6, 6) returned_y=(5, 0, 3) returned_b=(0, 0, 0) returned_u=(0, 0, 0) returned_zcap=(5, 0, 3) max_tail_u=0",NA
120,P1_no_rho,202,1178.322855400038,5.646875599981286,4.9157322000246495,0.1628137999214232,0.01,53259.210234994025,53259.210234994025,-71600.39995612238,-52871.45842745491,0.0,-24508.80468614076,-75721.02620475185,-75721.01108696162,-47506.572042542095,-24508.80468614076,22997.767356401335,22997.76735640134,-24543.63567898567,36813.0,nan,nan,1.5000000000000002,10.0,0.0,0.0,10.0,0.85,CORE,MAIN,1.214678126990284,0.2526570647092521,0.6,0.174,-47506.572042542095,STRUCTURAL,-0.9267989642784874,-189873.47858070023,27300.0,0,0,0,0,0,0,0,inf,inf,NA,1,5,5,5,26,6,0,0,CONTINUE,0,A,1,1,0,KEEP_STRUCTURAL_IN_ON_CUT,2,3,0,0,"tail_cont_enabled=1 tail_active_dims=(1,) tail_delta=0.1 tail_start=(6, 6, 6) returned_y=(5, 0, 3) returned_b=(0, 0, 0) returned_u=(0, 0, 0) returned_zcap=(5, 0, 3) max_tail_u=0",NA
120,P1_no_rho,203,1182.933082100004,5.646875599981286,4.6095142000122,0.1655868999660015,0.01,53396.17157213875,53396.17157213875,-71600.39995612238,-52850.91422688321,0.0,-24508.80468614076,-74003.61653483078,-74003.60174824837,-47506.572042542095,-24508.80468614076,22997.767356401335,22997.76735640134,-22917.574691235768,36727.5,nan,nan,1.5000000000000004,10.000000000000002,0.0,0.0,10.0,0.85,CORE,MAIN,1.2146471985228557,0.26243884786454375,0.6,0.174,-47506.572042542095,STRUCTURAL,-0.9272983832643585,-189873.47858070023,27300.0,0,0,0,0,0,0,0,inf,inf,NA,1,5,5,5,26,6,0,0,CONTINUE,0,A,1,1,0,KEEP_STRUCTURAL_IN_ON_CUT,2,3,0,0,"tail_cont_enabled=1 tail_active_dims=(1,) tail_delta=0.1 tail_start=(6, 6, 6) returned_y=(5, 0, 3) returned_b=(0, 0, 0) returned_u=(0, 0, 0) returned_zcap=(5, 0, 3) max_tail_u=0",NA
120,P1_no_rho,204,1187.3896730999695,5.646875599981286,4.456266099936329,0.16170069994404912,0.01,56234.76372265486,56234.76372265486,-71600.39995612238,-52425.125404305785,0.0,-24508.80468614076,-73065.87467666838,-73065.85993164007,-47506.572042542095,-24508.80468614076,22997.767356401335,22997.76735640134,-22644.70323551809,36563.0,nan,nan,1.5000000000000002,10.0,0.0,0.0,10.0,0.85,CORE,MAIN,1.2150222107298039,0.26485169739938064,0.6,0.174,-47506.572042542095,STRUCTURAL,-0.919347549820346,-189873.47858070023,27300.0,0,0,0,0,0,0,0,inf,inf,NA,1,5,5,5,26,6,0,0,CONTINUE,0,A,1,1,0,KEEP_STRUCTURAL_IN_ON_CUT,2,3,0,0,"tail_cont_enabled=1 tail_active_dims=(1,) tail_delta=0.1 tail_start=(6, 6, 6) returned_y=(5, 0, 3) returned_b=(0, 0, 0) returned_u=(0, 0, 0) returned_zcap=(5, 0, 3) max_tail_u=0",NA
120,P1_no_rho,205,1196.7706111000152,5.646875599981286,9.380414300016128,0.17065510002430528,0.01,62896.36094307278,62896.36094307278,-71600.39995612238,-51425.8858212431,0.0,-24508.80468614076,-73897.7744387801,-73897.75958551651,-47506.572042542095,-24508.80468614076,22997.767356401335,22997.76735640134,-22620.081336826886,36234.5,nan,nan,1.5000000000000002,10.0,0.0,0.0,10.0,0.85,CORE,MAIN,1.215323708695717,0.251297797272546,0.6,0.174,-47506.572042542095,STRUCTURAL,-0.943441163323897,-189873.47858070023,27300.0,0,0,0,0,0,0,0,inf,inf,NA,1,5,5,5,26,6,0,0,CONTINUE,0,A,1,1,0,KEEP_STRUCTURAL_IN_ON_CUT,2,3,0,0,"tail_cont_enabled=1 tail_active_dims=(1,) tail_delta=0.1 tail_start=(6, 6, 6) returned_y=(5, 3, 0) returned_b=(0, 0, 0) returned_u=(0, 0, 0) returned_zcap=(5, 3, 0) max_tail_u=0",NA
120,P1_no_rho,206,1201.531601900002,5.646875599981286,4.7603661000030115,0.16098879999481142,0.01,51909.92656019484,51909.92656019484,-71600.39995612238,-53073.85097867479,0.0,-24508.80468614076,-73995.65612753721,-73995.64145061983,-47506.572042542095,-24508.80468614076,22997.767356401335,22997.76735640134,-23336.243845316392,36646.5,nan,nan,1.5000000000000002,10.0,0.0,0.0,10.0,0.85,CORE,MAIN,1.215673463875576,0.26066127285901886,0.6,0.174,-47506.572042542095,STRUCTURAL,-0.9215868292161313,-189873.47858070023,27300.0,0,0,0,0,0,0,0,inf,inf,NA,1,5,5,5,26,6,0,0,CONTINUE,0,A,1,1,0,KEEP_STRUCTURAL_IN_ON_CUT,2,3,0,0,"tail_cont_enabled=1 tail_active_dims=(1,) tail_delta=0.1 tail_start=(6, 6, 6) returned_y=(5, 3, 0) returned_b=(0, 0, 0) returned_u=(0, 0, 0) returned_zcap=(5, 3, 0) max_tail_u=0",NA
120,P1_no_rho,207,1205.2049320000224,5.646875599981286,3.6724636000581086,0.1648156000301242,0.01,48979.1974719346,48979.1974719346,-71600.39995612238,-53513.46034191383,0.0,-24508.80468614076,-76398.79319162181,-76398.77795457987,-47506.572042542095,-24508.80468614076,22997.767356401335,22997.76735640134,-24469.516671405516,36823.0,nan,nan,1.5000000000000002,10.0,0.0,0.0,10.0,0.85,CORE,MAIN,1.215387139432429,0.2589034112291475,0.6,0.174,-47506.572042542095,STRUCTURAL,-0.9401598870846001,-189873.47858070023,27300.0,0,0,0,0,0,0,0,inf,inf,NA,1,5,5,5,26,6,0,0,CONTINUE,0,A,1,1,0,KEEP_STRUCTURAL_IN_ON_CUT,2,3,0,0,"tail_cont_enabled=1 tail_active_dims=(1,) tail_delta=0.1 tail_start=(6, 6, 6) returned_y=(5, 3, 0) returned_b=(0, 0, 0) returned_u=(0, 0, 0) returned_zcap=(5, 3, 0) max_tail_u=0",NA
120,P1_no_rho,208,1210.1227881000377,5.646875599981286,4.917096600052901,0.18153930001426488,0.01,60075.54075678528,60075.54075678528,-71600.39995612238,-51849.008849186226,0.0,-24508.80468614076,-74176.35613272921,-74176.34141421327,-47506.572042542095,-24508.80468614076,22997.767356401335,22997.76735640134,-23229.662114283645,37247.5,nan,nan,1.5000000000000002,10.0,0.0,0.0,10.0,0.85,CORE,MAIN,1.2154190908772113,0.24993150124384655,0.6,0.174,-47506.572042542095,STRUCTURAL,-0.9118585909556277,-189873.47858070023,27300.0,0,0,0,0,0,0,0,inf,inf,NA,1,5,5,5,26,6,0,0,CONTINUE,0,A,1,1,0,KEEP_STRUCTURAL_IN_ON_CUT,2,3,0,0,"tail_cont_enabled=1 tail_active_dims=(1,) tail_delta=0.1 tail_start=(6, 6, 6) returned_y=(1, 6, 0) returned_b=(0, 1, 0) returned_u=(0, 0, 0) returned_zcap=(1, 6, 0) max_tail_u=0",NA
120,P1_no_rho,209,1214.4560609000036,5.646875599981286,4.332858800073154,0.16900620004162192,0.01,54398.09078033717,54398.09078033717,-71600.39995612238,-52700.62634565344,0.0,-24508.80468614076,-76204.35648867839,-76204.34133227095,-47506.572042542095,-24508.80468614076,22997.767356401335,22997.76735640134,-24585.559828020123,38138.0,nan,nan,1.5000000000000004,10.000000000000002,0.0,0.0,10.0,0.85,CORE,MAIN,1.2150618726036937,0.25901280122634607,0.6,0.174,-47506.572042542095,STRUCTURAL,-0.9023158268087961,-189873.47858070023,27300.0,0,0,0,0,0,0,0,inf,inf,NA,1,5,5,5,26,6,0,0,CONTINUE,0,A,1,1,0,KEEP_STRUCTURAL_IN_ON_CUT,2,3,0,0,"tail_cont_enabled=1 tail_active_dims=(1,) tail_delta=0.1 tail_start=(6, 6, 6) returned_y=(1, 6, 0) returned_b=(0, 1, 0) returned_u=(0, 0, 0) returned_zcap=(1, 6, 0) max_tail_u=0",NA
120,P1_no_rho,210,1222.8703918999527,5.646875599981286,8.412830899935216,0.16020990000106394,0.01,52932.64993921598,52932.64993921598,-71600.39995612238,-52920.44247182162,0.0,-24508.80468614076,-74926.91841278605,-74926.9035134034,-47506.572042542095,-24508.80468614076,22997.767356401335,22997.76735640134,-23219.536589989948,37713.0,nan,nan,1.500000000000001,10.000000000000005,0.0,0.0,10.0,0.85,CORE,MAIN,1.215354680720618,0.2625766228774069,0.6,0.174,-47506.572042542095,STRUCTURAL,-0.9140502730873247,-189873.47858070023,27300.0,0,0,0,0,0,0,0,inf,inf,NA,1,5,5,5,26,6,0,0,CONTINUE,0,A,1,1,0,KEEP_STRUCTURAL_IN_ON_CUT,2,3,0,0,"tail_cont_enabled=1 tail_active_dims=(1,) tail_delta=0.1 tail_start=(6, 6, 6) returned_y=(1, 6, 0) returned_b=(0, 1, 0) returned_u=(0, 0, 0) returned_zcap=(1, 6, 0) max_tail_u=0",NA
120,P1_no_rho,211,1227.5317389999982,5.646875599981286,4.66085360001307,0.16554369998630136,0.01,58476.28882458181,58476.28882458181,-71600.39995612238,-52088.89663901675,0.0,-24508.80468614076,-73505.50581595821,-73505.49098547248,-47506.572042542095,-24508.80468614076,22997.767356401335,22997.76735640134,-22277.51169811985,37383.0,nan,nan,1.5000000000000002,10.0,0.0,0.0,10.0,0.85,CORE,MAIN,1.2155569270956321,0.26482307863529486,0.6,0.174,-47506.572042542095,STRUCTURAL,-0.9135699700818131,-189873.47858070023,27300.0,0,0,0,0,0,0,0,inf,inf,NA,1,5,5,5,26,6,0,0,CONTINUE,0,A,1,1,0,KEEP_STRUCTURAL_IN_ON_CUT,2,3,0,0,"tail_cont_enabled=1 tail_active_dims=(1,) tail_delta=0.1 tail_start=(6, 6, 6) returned_y=(1, 6, 0) returned_b=(0, 1, 0) returned_u=(0, 0, 0) returned_zcap=(1, 6, 0) max_tail_u=0",NA
120,P1_no_rho,212,1231.913742100005,5.646875599981286,4.381545100011863,0.15875359997153282,0.01,61363.27394367896,61363.27394367896,-71600.39995612238,-51655.84887115217,0.0,-24508.80468614076,-72974.16592421001,-72974.15147298458,-47506.572042542095,-24508.80468614076,22997.767356401335,22997.76735640134,-22218.945909479564,35978.5,nan,nan,1.5000000000000002,10.0,0.0,0.0,10.0,0.85,CORE,MAIN,1.2156143967798405,0.2652694792019792,0.6,0.174,-47506.572042542095,STRUCTURAL,-0.9404728854455671,-189873.47858070023,27300.0,0,0,0,0,0,0,0,inf,inf,NA,1,5,5,5,26,6,0,0,CONTINUE,0,A,1,1,0,KEEP_STRUCTURAL_IN_ON_CUT,2,3,0,0,"tail_cont_enabled=1 tail_active_dims=(1,) tail_delta=0.1 tail_start=(6, 6, 6) returned_y=(5, 3, 0) returned_b=(0, 0, 0) returned_u=(0, 0, 0) returned_zcap=(5, 3, 0) max_tail_u=0",NA
120,P1_no_rho,213,1237.0196369000478,5.646875599981286,5.105399499996565,0.17970370000693947,0.01,57012.22552965507,57012.22552965507,-71600.39995612238,-52308.50613325576,0.0,-24508.80468614076,-74538.86410194331,-74538.8496579431,-47506.572042542095,-24508.80468614076,22997.767356401335,22997.76735640134,-23237.636624528357,36996.0,nan,nan,1.5000000000000002,10.0,0.0,0.0,10.0,0.85,CORE,MAIN,1.2156423122621953,0.2618058044660595,0.6,0.174,-47506.572042542095,STRUCTURAL,-0.9244461209034259,-189873.47858070023,27300.0,0,0,0,0,0,0,0,inf,inf,NA,2,6,6,6,26,6,0,0,CONTINUE,0,A,1,1,0,KEEP_STRUCTURAL_IN_ON_CUT,2,3,0,0,"tail_cont_enabled=1 tail_active_dims=(1,) tail_delta=0.1 tail_start=(6, 6, 6) returned_y=(6, 0, 2) returned_b=(1, 0, 0) returned_u=(0, 0, 0) returned_zcap=(6, 0, 2) max_tail_u=0",NA
120,P1_no_rho,214,1242.302027800004,5.646875599981286,5.281961100059561,0.15345139999408275,0.01,48933.58961637067,48933.58961637067,-71600.39995612238,-53520.30152024842,0.0,-24508.80468614076,-75474.13261619084,-75474.11772331048,-47506.572042542095,-24508.80468614076,22997.767356401335,22997.76735640134,-24375.491377134033,36789.0,nan,nan,1.5000000000000002,10.0,0.0,0.0,10.0,0.85,CORE,MAIN,1.2153863737959179,0.2607302675749533,0.6,0.174,-47506.572042542095,STRUCTURAL,-0.9259765391136197,-189873.47858070023,27300.0,0,0,0,0,0,0,0,inf,inf,NA,1,5,5,5,26,6,0,0,CONTINUE,0,A,1,1,0,KEEP_STRUCTURAL_IN_ON_CUT,2,3,0,0,"tail_cont_enabled=1 tail_active_dims=(1,) tail_delta=0.1 tail_start=(6, 6, 6) returned_y=(5, 3, 0) returned_b=(0, 0, 0) returned_u=(0, 0, 0) returned_zcap=(5, 3, 0) max_tail_u=0",NA
120,P1_no_rho,215,1251.740204300033,5.646875599981286,9.437672300031409,0.1645233000162989,0.01,58527.94607068263,58527.94607068263,-71600.39995612238,-52081.14805210162,0.0,-24508.80468614076,-74025.25667545505,-74025.24187076012,-47506.572042542095,-24508.80468614076,22997.767356401335,22997.76735640134,-22781.051925270553,36399.5,nan,nan,1.5000000000000002,10.0,0.0,0.0,10.0,0.85,CORE,MAIN,1.2154497979761132,0.24907177949952575,0.6,0.174,-47506.572042542095,STRUCTURAL,-0.9385511695763138,-189873.47858070023,27300.0,0,0,0,0,0,0,0,inf,inf,NA,1,5,5,5,26,6,0,0,CONTINUE,0,A,1,1,0,KEEP_STRUCTURAL_IN_ON_CUT,2,3,0,0,"tail_cont_enabled=1 tail_active_dims=(1,) tail_delta=0.1 tail_start=(6, 6, 6) returned_y=(5, 3, 0) returned_b=(0, 0, 0) returned_u=(0, 0, 0) returned_zcap=(5, 3, 0) max_tail_u=0",NA
120,P1_no_rho,216,1256.328754200018,5.646875599981286,4.587918400065973,0.1642720999661833,0.01,55269.43506608255,55269.43506608255,-71600.39995612238,-52569.924702791635,0.0,-24508.80468614076,-76699.54901755288,-76699.5337702319,-47506.572042542095,-24508.80468614076,22997.767356401335,22997.76735640134,-24446.394652086434,38083.5,nan,nan,1.5000000000000002,10.0,0.0,0.0,10.0,0.85,CORE,MAIN,1.215026714450883,0.24792246370503368,0.6,0.174,-47506.572042542095,STRUCTURAL,-0.9147117801347993,-189873.47858070023,27300.0,0,0,0,0,0,0,0,inf,inf,NA,1,5,5,5,26,6,0,0,CONTINUE,0,A,1,1,0,KEEP_STRUCTURAL_IN_ON_CUT,2,3,0,0,"tail_cont_enabled=1 tail_active_dims=(1,) tail_delta=0.1 tail_start=(6, 6, 6) returned_y=(1, 6, 0) returned_b=(0, 1, 0) returned_u=(0, 0, 0) returned_zcap=(1, 6, 0) max_tail_u=0",NA
120,P1_no_rho,217,1261.7808630999643,5.646875599981286,5.45116399996914,0.1508763999445364,0.01,46572.29059901616,46572.29059901616,-71600.39995612238,-53874.496372851594,0.0,-24508.80468614076,-72750.3321917575,-72750.31765081316,-47506.572042542095,-24508.80468614076,22997.767356401335,22997.76735640134,-22404.31654893977,37053.5,nan,nan,1.5000000000000002,10.0,0.0,0.0,10.0,0.85,CORE,MAIN,1.2150543390614985,0.2658456037235448,0.6,0.174,-47506.572042542095,STRUCTURAL,-0.90582538045211,-189873.47858070023,27300.0,0,0,0,0,0,0,0,inf,inf,NA,1,5,5,5,26,6,0,0,CONTINUE,0,A,1,1,0,KEEP_STRUCTURAL_IN_ON_CUT,2,3,0,0,"tail_cont_enabled=1 tail_active_dims=(1,) tail_delta=0.1 tail_start=(6, 6, 6) returned_y=(1, 6, 0) returned_b=(0, 1, 0) returned_u=(0, 0, 0) returned_zcap=(1, 6, 0) max_tail_u=0",NA
120,P1_no_rho,218,1266.1567004999379,5.646875599981286,4.375248699914664,0.18528640002477914,0.01,57436.839762724376,57436.839762724376,-71600.39995612238,-52244.81399829536,0.0,-24508.80468614076,-82277.6631715223,-82277.64819709645,-47506.572042542095,-24508.80468614076,22997.767356401335,22997.76735640134,-24320.83794007818,42363.5,nan,nan,1.5000000000000002,10.0,0.0,0.0,10.0,0.85,CORE,MAIN,1.2133427814323385,0.25147213323458506,0.6,0.174,-47506.572042542095,STRUCTURAL,-0.9120557438521096,-189873.47858070023,27300.0,0,0,0,0,0,0,0,inf,inf,NA,2,6,6,6,26,6,0,0,CONTINUE,0,A,1,1,0,KEEP_STRUCTURAL_IN_ON_CUT,2,3,0,0,"tail_cont_enabled=1 tail_active_dims=(1,) tail_delta=0.1 tail_start=(6, 6, 6) returned_y=(1, 0, 6) returned_b=(0, 0, 1) returned_u=(0, 0, 0) returned_zcap=(1, 0, 6) max_tail_u=0",NA
120,P1_no_rho,219,1270.932298299973,5.646875599981286,4.775071599986404,0.1804938999703154,0.01,62272.926288610535,62272.926288610535,-71600.39995612238,-51519.40101941244,0.0,-24508.80468614076,-74273.20503043402,-74273.1902022793,-47506.572042542095,-24508.80468614076,22997.767356401335,22997.76735640134,-23478.792692501338,37151.5,nan,nan,1.5000000000000004,10.000000000000002,0.0,0.0,10.0,0.85,CORE,MAIN,1.2128041023965035,0.2660371735689748,0.6,0.174,-47506.572042542095,STRUCTURAL,-0.9114822193770181,-189873.47858070023,27300.0,0,0,0,0,0,0,0,inf,inf,NA,1,5,5,5,26,6,0,0,CONTINUE,0,A,1,1,0,KEEP_STRUCTURAL_IN_ON_CUT,2,3,0,0,"tail_cont_enabled=1 tail_active_dims=(1,) tail_delta=0.1 tail_start=(6, 6, 6) returned_y=(1, 6, 0) returned_b=(0, 1, 0) returned_u=(0, 0, 0) returned_zcap=(1, 6, 0) max_tail_u=0",NA
120,P1_no_rho,220,1281.293270300026,5.646875599981286,10.360353700001724,0.15455940004903823,0.01,50906.03357917355,50906.03357917355,-71600.39995612238,-53224.43492582798,0.0,-24508.80468614076,-77748.88072585178,-77748.8654044729,-47506.572042542095,-24508.80468614076,22997.767356401335,22997.76735640134,-26848.658575123092,39390.0,nan,nan,1.500000000000001,10.000000000000005,0.0,0.0,10.0,0.85,CORE,MAIN,1.2120617910729683,0.26738548412414753,0.6,0.174,-47506.572042542095,STRUCTURAL,-0.8614742629999115,-189873.47858070023,27300.0,0,0,0,0,0,0,0,inf,inf,NA,1,5,5,5,26,6,0,0,CONTINUE,0,A,1,1,0,KEEP_STRUCTURAL_IN_ON_CUT,2,3,0,0,"tail_cont_enabled=1 tail_active_dims=(1,) tail_delta=0.1 tail_start=(6, 6, 6) returned_y=(1, 6, 0) returned_b=(0, 1, 0) returned_u=(0, 0, 0) returned_zcap=(1, 6, 0) max_tail_u=0",NA
120,P1_no_rho,221,1286.0975926000392,5.646875599981286,4.80375330010429,0.16025079996325076,0.01,51313.00483149536,51313.00483149536,-71600.39995612238,-53163.38923797972,0.0,-24508.80468614076,-76729.25385726207,-76729.2387327338,-47506.572042542095,-24508.80468614076,22997.767356401335,22997.76735640134,-25657.40559304042,38357.0,nan,nan,1.5000000000000002,10.0,0.0,0.0,10.0,0.85,CORE,MAIN,1.2114508119032505,0.25049942752516174,0.6,0.174,-47506.572042542095,STRUCTURAL,-0.8876577615505792,-189873.47858070023,27300.0,0,0,0,0,0,0,0,inf,inf,NA,1,5,5,5,26,6,0,0,CONTINUE,0,A,1,1,0,KEEP_STRUCTURAL_IN_ON_CUT,2,3,0,0,"tail_cont_enabled=1 tail_active_dims=(1,) tail_delta=0.1 tail_start=(6, 6, 6) returned_y=(1, 6, 0) returned_b=(0, 1, 0) returned_u=(0, 0, 0) returned_zcap=(1, 6, 0) max_tail_u=0",NA
120,P1_no_rho,222,1290.688299200032,5.646875599981286,4.590311800013296,0.1579502000240609,0.01,64784.65227176814,64784.65227176814,-71600.39995612238,-51142.6421219388,0.0,-24508.80468614076,-74786.24762721488,-74786.23267688084,-47506.572042542095,-24508.80468614076,22997.767356401335,22997.76735640134,-23447.992480293327,37787.5,nan,nan,1.5000000000000004,10.000000000000002,0.0,0.0,10.0,0.85,CORE,MAIN,1.2114852499989073,0.2545558339141074,0.6,0.174,-47506.572042542095,STRUCTURAL,-0.9057358508605137,-189873.47858070023,27300.0,0,0,0,0,0,0,0,inf,inf,NA,1,5,5,5,26,6,0,0,CONTINUE,0,A,1,1,0,KEEP_STRUCTURAL_IN_ON_CUT,2,3,0,0,"tail_cont_enabled=1 tail_active_dims=(1,) tail_delta=0.1 tail_start=(6, 6, 6) returned_y=(1, 6, 0) returned_b=(0, 1, 0) returned_u=(0, 0, 0) returned_zcap=(1, 6, 0) max_tail_u=0",NA
120,P1_no_rho,223,1296.0732605999801,5.646875599981286,5.384454200044274,0.18758410005830228,0.01,58086.73483412013,58086.73483412013,-71600.39995612238,-52147.329737586,0.0,-24508.80468614076,-76176.1913186122,-76176.17610775631,-47506.572042542095,-24508.80468614076,22997.767356401335,22997.76735640134,-24599.879347433667,37139.0,nan,nan,1.5000000000000004,10.000000000000002,0.0,0.0,10.0,0.85,CORE,MAIN,1.2123396697953779,0.25124588301466866,0.6,0.174,-47506.572042542095,STRUCTURAL,-0.9258245467087182,-189873.47858070023,27300.0,0,0,0,0,0,0,0,inf,inf,NA,1,5,5,5,26,6,0,0,CONTINUE,0,A,1,1,0,KEEP_STRUCTURAL_IN_ON_CUT,2,3,0,0,"tail_cont_enabled=1 tail_active_dims=(1,) tail_delta=0.1 tail_start=(6, 6, 6) returned_y=(5, 3, 0) returned_b=(0, 0, 0) returned_u=(0, 0, 0) returned_zcap=(5, 3, 0) max_tail_u=0",NA
120,P1_no_rho,224,1300.2780580000253,5.646875599981286,4.2043097000569105,0.15572060004342347,0.01,64529.28236691404,64529.28236691404,-71600.39995612238,-51180.94760766691,0.0,-24508.80468614076,-74291.55771723564,-74291.54324216188,-47506.572042542095,-24508.80468614076,22997.767356401335,22997.76735640134,-21715.496623998228,37746.5,nan,nan,1.5000000000000002,10.0,0.0,0.0,10.0,0.85,CORE,MAIN,1.2136032664656262,0.2525560369379545,0.6,0.174,-47506.572042542095,STRUCTURAL,-0.9285813981545952,-189873.47858070023,27300.0,0,0,0,0,0,0,0,inf,inf,NA,1,5,5,5,26,6,0,0,CONTINUE,0,A,1,1,0,KEEP_STRUCTURAL_IN_ON_CUT,2,3,0,0,"tail_cont_enabled=1 tail_active_dims=(1,) tail_delta=0.1 tail_start=(6, 6, 6) returned_y=(6, 0, 2) returned_b=(1, 0, 0) returned_u=(0, 0, 0) returned_zcap=(6, 0, 2) max_tail_u=0",NA
120,P1_no_rho,225,1310.7598615000024,5.646875599981286,10.481262599932961,0.1555932000046596,0.01,56511.39563671203,56511.39563671203,-71600.39995612238,-52383.63061719721,0.0,-24508.80468614076,-69268.86266931865,-69268.84878177635,-47506.572042542095,-24508.80468614076,22997.767356401335,22997.76735640134,-21243.00895159692,36316.0,nan,nan,1.5000000000000002,10.0,0.0,0.0,10.0,0.85,CORE,MAIN,1.212131617986489,0.2693657633175526,0.6,0.174,-47506.572042542095,STRUCTURAL,-0.8816286637694941,-189873.47858070023,27300.0,0,0,0,0,0,0,0,inf,inf,NA,1,5,5,5,26,6,0,0,CONTINUE,0,A,1,1,0,KEEP_STRUCTURAL_IN_ON_CUT,2,3,0,0,"tail_cont_enabled=1 tail_active_dims=(1,) tail_delta=0.1 tail_start=(6, 6, 6) returned_y=(1, 0, 6) returned_b=(0, 0, 1) returned_u=(0, 0, 0) returned_zcap=(1, 0, 6) max_tail_u=0",NA
120,P1_no_rho,226,1315.7047146999976,5.646875599981286,4.9441423000535,0.1778997000074014,0.01,61400.146505479504,61400.146505479504,-71600.39995612238,-51650.317986882095,0.0,-24508.80468614076,-71331.46758475197,-71331.45326736312,-47506.572042542095,-24508.80468614076,22997.767356401335,22997.76735640134,-22420.012569961684,36490.0,nan,nan,1.5000000000000002,10.0,0.0,0.0,10.0,0.85,CORE,MAIN,1.2117416343706007,0.25754016182597295,0.6,0.174,-47506.572042542095,STRUCTURAL,-0.8936044705837478,-189873.47858070023,27300.0,0,0,0,0,0,0,0,inf,inf,NA,1,5,5,5,26,6,0,0,CONTINUE,0,A,1,1,0,KEEP_STRUCTURAL_IN_ON_CUT,2,3,0,0,"tail_cont_enabled=1 tail_active_dims=(1,) tail_delta=0.1 tail_start=(6, 6, 6) returned_y=(5, 0, 3) returned_b=(0, 0, 0) returned_u=(0, 0, 0) returned_zcap=(5, 0, 3) max_tail_u=0",NA
120,P1_no_rho,227,1321.1819311999716,5.646875599981286,5.47665580001194,0.16532539995387197,0.01,47148.26697233945,47148.26697233945,-71600.39995612238,-53788.0999168531,0.0,-24508.80468614076,-76968.02564265003,-76968.01057180547,-47506.572042542095,-24508.80468614076,22997.767356401335,22997.76735640134,-25580.984332631266,37195.0,nan,nan,1.5000000000000002,10.0,0.0,0.0,10.0,0.85,CORE,MAIN,1.210681622792299,0.25414235712163347,0.6,0.174,-47506.572042542095,STRUCTURAL,-0.9210382441936495,-189873.47858070023,27300.0,0,0,0,0,0,0,0,inf,inf,NA,1,5,5,5,26,6,0,0,CONTINUE,0,A,1,1,0,KEEP_STRUCTURAL_IN_ON_CUT,2,3,0,0,"tail_cont_enabled=1 tail_active_dims=(1,) tail_delta=0.1 tail_start=(6, 6, 6) returned_y=(5, 0, 3) returned_b=(0, 0, 0) returned_u=(0, 0, 0) returned_zcap=(5, 0, 3) max_tail_u=0",NA
120,P1_no_rho,228,1326.5914728000062,5.646875599981286,5.40895479999017,0.15024509991053492,0.01,45782.28780766513,45782.28780766513,-71600.39995612238,-53992.99679155425,0.0,-24508.80468614076,-77108.4949844689,-77108.47985795481,-47506.572042542095,-24508.80468614076,22997.767356401335,22997.76735640134,-25276.847201452634,37835.0,nan,nan,1.5000000000000002,10.0,0.0,0.0,10.0,0.85,CORE,MAIN,1.2093952714622846,0.25586737286977224,0.6,0.174,-47506.572042542095,STRUCTURAL,-0.9132925008854617,-189873.47858070023,27300.0,0,0,0,0,0,0,0,inf,inf,NA,1,5,5,5,26,6,0,0,CONTINUE,0,A,1,1,0,KEEP_STRUCTURAL_IN_ON_CUT,2,3,0,0,"tail_cont_enabled=1 tail_active_dims=(1,) tail_delta=0.1 tail_start=(6, 6, 6) returned_y=(5, 0, 3) returned_b=(0, 0, 0) returned_u=(0, 0, 0) returned_zcap=(5, 0, 3) max_tail_u=0",NA
120,P1_no_rho,229,1331.4593048000243,5.646875599981286,4.867062899982557,0.17157060001045465,0.01,58498.105285044534,58498.105285044534,-71600.39995612238,-52085.62416994734,0.0,-24508.80468614076,-75630.11231693934,-75630.09730306933,-47506.572042542095,-24508.80468614076,22997.767356401335,22997.76735640134,-23566.5079026266,38001.5,nan,nan,1.5000000000000002,10.0,0.0,0.0,10.0,0.85,CORE,MAIN,1.2085397542829668,0.24374925581572093,0.6,0.174,-47506.572042542095,STRUCTURAL,-0.9133602515767838,-189873.47858070023,27300.0,0,0,0,0,0,0,0,inf,inf,NA,1,5,5,5,26,6,0,0,CONTINUE,0,A,1,1,0,KEEP_STRUCTURAL_IN_ON_CUT,2,3,0,0,"tail_cont_enabled=1 tail_active_dims=(1,) tail_delta=0.1 tail_start=(6, 6, 6) returned_y=(1, 6, 0) returned_b=(0, 1, 0) returned_u=(0, 0, 0) returned_zcap=(1, 6, 0) max_tail_u=0",NA
120,P1_no_rho,230,1342.075492599979,5.646875599981286,10.615731799975038,0.1625531999161467,0.01,56188.510434169795,56188.510434169795,-71600.39995612238,-52432.063397578546,0.0,-24508.80468614076,-75222.53593528968,-75222.52090774043,-47506.572042542095,-24508.80468614076,22997.767356401335,22997.76735640134,-23843.63399397867,37897.0,nan,nan,1.5000000000000002,10.0,0.0,0.0,10.0,0.85,CORE,MAIN,1.2079365828618622,0.2459613005778094,0.6,0.174,-47506.572042542095,STRUCTURAL,-0.9038338463688725,-189873.47858070023,27300.0,0,0,0,0,0,0,0,inf,inf,NA,1,5,5,5,26,6,0,0,CONTINUE,0,A,1,1,0,KEEP_STRUCTURAL_IN_ON_CUT,2,3,0,0,"tail_cont_enabled=1 tail_active_dims=(1,) tail_delta=0.1 tail_start=(6, 6, 6) returned_y=(1, 6, 0) returned_b=(0, 1, 0) returned_u=(0, 0, 0) returned_zcap=(1, 6, 0) max_tail_u=0",NA
120,P1_no_rho,231,1345.8041033999762,5.646875599981286,3.728130799951032,0.17046499997377396,0.01,52969.59954499806,52969.59954499806,-71600.39995612238,-52914.90003095431,0.0,-24508.80468614076,-76145.1592685695,-76145.14412693681,-47506.572042542095,-24508.80468614076,22997.767356401335,22997.76735640134,-23845.40734432057,38631.5,nan,nan,1.5000000000000002,10.0,0.0,0.0,10.0,0.85,CORE,MAIN,1.20853570906492,0.25715073176652326,0.6,0.174,-47506.572042542095,STRUCTURAL,-0.9025404446736682,-189873.47858070023,27300.0,0,0,0,0,0,0,0,inf,inf,NA,1,5,5,5,26,6,0,0,CONTINUE,0,A,1,1,0,KEEP_STRUCTURAL_IN_ON_CUT,2,3,0,0,"tail_cont_enabled=1 tail_active_dims=(1,) tail_delta=0.1 tail_start=(6, 6, 6) returned_y=(1, 0, 6) returned_b=(0, 0, 1) returned_u=(0, 0, 0) returned_zcap=(1, 0, 6) max_tail_u=0",NA
120,P1_no_rho,232,1350.7060891999863,5.646875599981286,4.901455200044438,0.16232820006553084,0.01,66778.09281178821,66778.09281178821,-71600.39995612238,-50843.626040935786,0.0,-24508.80468614076,-69577.7163042617,-69577.70222483619,-47506.572042542095,-24508.80468614076,22997.767356401335,22997.76735640134,-21184.92821283194,36329.0,nan,nan,1.5000000000000002,10.0,0.0,0.0,10.0,0.85,CORE,MAIN,1.2087776046719236,0.2662955531131719,0.6,0.174,-47506.572042542095,STRUCTURAL,-0.8880467213888673,-189873.47858070023,27300.0,0,0,0,0,0,0,0,inf,inf,NA,1,5,5,5,26,6,0,0,CONTINUE,0,A,1,1,0,KEEP_STRUCTURAL_IN_ON_CUT,2,3,0,0,"tail_cont_enabled=1 tail_active_dims=(1,) tail_delta=0.1 tail_start=(6, 6, 6) returned_y=(1, 0, 6) returned_b=(0, 0, 1) returned_u=(0, 0, 0) returned_zcap=(1, 0, 6) max_tail_u=0",NA
120,P1_no_rho,233,1356.0899817999452,5.646875599981286,5.383306499919854,0.16029689996503294,0.01,63961.96818864062,63961.96818864062,-71600.39995612238,-51266.04473440793,0.0,-24508.80468614076,-71062.894749475,-71062.88050239292,-47506.572042542095,-24508.80468614076,22997.767356401335,22997.76735640134,-22673.563606127784,35397.0,nan,nan,1.5000000000000002,10.0,0.0,0.0,10.0,0.85,CORE,MAIN,1.2096030784833376,0.26316400555346975,0.6,0.174,-47506.572042542095,STRUCTURAL,-0.9113638047718754,-189873.47858070023,27300.0,0,0,0,0,0,0,0,inf,inf,NA,1,5,5,5,26,6,0,0,CONTINUE,0,A,1,1,0,KEEP_STRUCTURAL_IN_ON_CUT,2,3,0,0,"tail_cont_enabled=1 tail_active_dims=(1,) tail_delta=0.1 tail_start=(6, 6, 6) returned_y=(5, 3, 0) returned_b=(0, 0, 0) returned_u=(0, 0, 0) returned_zcap=(5, 3, 0) max_tail_u=0",NA
120,P1_no_rho,234,1360.4884072999703,5.646875599981286,4.397820799960755,0.1576338999439031,0.01,47461.457268828126,47461.457268828126,-71600.39995612238,-53741.1213723798,0.0,-24508.80468614076,-76193.53856993822,-76193.52352140928,-47506.572042542095,-24508.80468614076,22997.767356401335,22997.76735640134,-24758.467873040634,37290.5,nan,nan,1.5000000000000007,10.000000000000004,0.0,0.0,10.0,0.85,CORE,MAIN,1.2095490970200338,0.24455497131316895,0.6,0.174,-47506.572042542095,STRUCTURAL,-0.9195381423931673,-189873.47858070023,27300.0,0,0,0,0,0,0,0,inf,inf,NA,1,5,5,5,26,6,0,0,CONTINUE,0,A,1,1,0,KEEP_STRUCTURAL_IN_ON_CUT,2,3,0,0,"tail_cont_enabled=1 tail_active_dims=(1,) tail_delta=0.1 tail_start=(6, 6, 6) returned_y=(5, 3, 0) returned_b=(0, 0, 0) returned_u=(0, 0, 0) returned_zcap=(5, 3, 0) max_tail_u=0",NA
120,P1_no_rho,235,1370.7174089000328,5.646875599981286,10.22818139998708,0.22895730007439852,0.01,45239.22277333834,45239.22277333834,-71600.39995612238,-54074.456546703266,0.0,-24508.80468614076,-77364.42898727709,-77364.41385239785,-47506.572042542095,-24508.80468614076,22997.767356401335,22997.76735640134,-25607.96113235436,37560.0,nan,nan,1.5000000000000002,10.0,0.0,0.0,10.0,0.85,CORE,MAIN,1.2088763329192012,0.25545018570568234,0.6,0.174,-47506.572042542095,STRUCTURAL,-0.9186448832098594,-189873.47858070023,27300.0,0,0,0,0,0,0,0,inf,inf,NA,1,5,5,5,26,6,0,0,CONTINUE,0,A,1,1,0,KEEP_STRUCTURAL_IN_ON_CUT,2,3,0,0,"tail_cont_enabled=1 tail_active_dims=(1,) tail_delta=0.1 tail_start=(6, 6, 6) returned_y=(5, 3, 0) returned_b=(0, 0, 0) returned_u=(0, 0, 0) returned_zcap=(5, 3, 0) max_tail_u=0",NA
120,P1_no_rho,236,1375.4657100000186,5.646875599981286,4.747654600068927,0.16706270002759993,0.01,59615.83485981961,59615.83485981961,-71600.39995612238,-51917.964733731074,0.0,-24508.80468614076,-76247.81820306653,-76247.80308184093,-47506.572042542095,-24508.80468614076,22997.767356401335,22997.76735640134,-24045.881698415313,37176.5,nan,nan,1.5000000000000002,10.0,0.0,0.0,10.0,0.85,CORE,MAIN,1.2082335520938212,0.24131480196900956,0.6,0.174,-47506.572042542095,STRUCTURAL,-0.9361096639620118,-189873.47858070023,27300.0,0,0,0,0,0,0,0,inf,inf,NA,1,5,5,5,26,6,0,0,CONTINUE,0,A,1,1,0,KEEP_STRUCTURAL_IN_ON_CUT,2,3,0,0,"tail_cont_enabled=1 tail_active_dims=(1,) tail_delta=0.1 tail_start=(6, 6, 6) returned_y=(5, 3, 0) returned_b=(0, 0, 0) returned_u=(0, 0, 0) returned_zcap=(5, 3, 0) max_tail_u=0",NA
120,P1_no_rho,237,1380.5109560999554,5.646875599981286,5.044619099935517,0.1580579000292346,0.01,60256.35395669384,60256.35395669384,-71600.39995612238,-51821.88686919994,0.0,-24508.80468614076,-75413.6907257138,-75413.67560015325,-47506.572042542095,-24508.80468614076,22997.767356401335,22997.76735640134,-23758.203374216384,36933.0,nan,nan,1.5000000000000002,10.0,0.0,0.0,10.0,0.85,CORE,MAIN,1.207880377051409,0.2519447570485144,0.6,0.174,-47506.572042542095,STRUCTURAL,-0.9324176612773913,-189873.47858070023,27300.0,0,0,0,0,0,0,0,inf,inf,NA,1,5,5,5,26,6,0,0,CONTINUE,0,A,1,1,0,KEEP_STRUCTURAL_IN_ON_CUT,2,3,0,0,"tail_cont_enabled=1 tail_active_dims=(1,) tail_delta=0.1 tail_start=(6, 6, 6) returned_y=(5, 3, 0) returned_b=(0, 0, 0) returned_u=(0, 0, 0) returned_zcap=(5, 3, 0) max_tail_u=0",NA
120,P1_no_rho,238,1384.862007400021,5.646875599981286,4.350475399987772,0.1568750999867916,0.01,48683.04345785504,48683.04345785504,-71600.39995612238,-53557.88344402576,0.0,-24508.80468614076,-74221.02656831904,-74221.01202488775,-47506.572042542095,-24508.80468614076,22997.767356401335,22997.76735640134,-21620.99650176746,37460.0,nan,nan,1.5000000000000002,10.0,0.0,0.0,10.0,0.85,CORE,MAIN,1.2086780478174566,0.24990043875051104,0.6,0.174,-47506.572042542095,STRUCTURAL,-0.9361099043089567,-189873.47858070023,27300.0,0,0,0,0,0,0,0,inf,inf,NA,1,5,5,5,26,6,0,0,CONTINUE,0,A,1,1,0,KEEP_STRUCTURAL_IN_ON_CUT,2,3,0,0,"tail_cont_enabled=1 tail_active_dims=(1,) tail_delta=0.1 tail_start=(6, 6, 6) returned_y=(6, 0, 2) returned_b=(1, 0, 0) returned_u=(0, 0, 0) returned_zcap=(6, 0, 2) max_tail_u=0",NA
120,P1_no_rho,239,1390.1690993999364,5.646875599981286,5.3066295000026,0.17258249991573393,0.01,65614.16820724476,65614.16820724476,-71600.39995612238,-51018.21473161731,0.0,-24508.80468614076,-69676.23559388984,-69676.2215268883,-47506.572042542095,-24508.80468614076,22997.767356401335,22997.76735640134,-21131.13585601739,35438.0,nan,nan,1.5000000000000002,10.0,0.0,0.0,10.0,0.85,CORE,MAIN,1.209154778144231,0.26794133202509873,0.6,0.174,-47506.572042542095,STRUCTURAL,-0.9132397552696896,-189873.47858070023,27300.0,0,0,0,0,0,0,0,inf,inf,NA,1,5,5,5,26,6,0,0,CONTINUE,0,A,1,1,0,KEEP_STRUCTURAL_IN_ON_CUT,2,3,0,0,"tail_cont_enabled=1 tail_active_dims=(1,) tail_delta=0.1 tail_start=(6, 6, 6) returned_y=(5, 0, 3) returned_b=(0, 0, 0) returned_u=(0, 0, 0) returned_zcap=(5, 0, 3) max_tail_u=0",NA
120,P1_no_rho,240,1400.5693202000111,5.646875599981286,10.399775900063105,0.1670418999856338,0.01,63496.77638176257,63496.77638176257,-71600.39995612238,-51335.823505439635,0.0,-24508.80468614076,-72201.10334758324,-72201.08883033636,-47506.572042542095,-24508.80468614076,22997.767356401335,22997.76735640134,-22820.424597155794,36330.5,nan,nan,1.5000000000000002,10.0,0.0,0.0,10.0,0.85,CORE,MAIN,1.2097796602253694,0.2631584919563842,0.6,0.174,-47506.572042542095,STRUCTURAL,-0.9061378957658269,-189873.47858070023,27300.0,0,0,0,0,0,0,0,inf,inf,NA,1,5,5,5,26,6,0,0,CONTINUE,0,A,1,1,0,KEEP_STRUCTURAL_IN_ON_CUT,2,3,0,0,"tail_cont_enabled=1 tail_active_dims=(1,) tail_delta=0.1 tail_start=(6, 6, 6) returned_y=(1, 6, 0) returned_b=(0, 1, 0) returned_u=(0, 0, 0) returned_zcap=(1, 6, 0) max_tail_u=0",NA
120,P1_no_rho,241,1406.2123707999708,5.646875599981286,5.642376599949785,0.1773110000649467,0.01,47877.79904886456,47877.79904886456,-71600.39995612238,-53678.67010537433,0.0,-24508.80468614076,-77373.35077742832,-77373.3356420695,-47506.572042542095,-24508.80468614076,22997.767356401335,22997.76735640134,-25506.26468638584,37673.5,nan,nan,1.5000000000000002,10.0,0.0,0.0,10.0,0.85,CORE,MAIN,1.2094163475066435,0.252476028402846,0.6,0.174,-47506.572042542095,STRUCTURAL,-0.9178347460095055,-189873.47858070023,27300.0,0,0,0,0,0,0,0,inf,inf,NA,1,5,5,5,26,6,0,0,CONTINUE,0,A,1,1,0,KEEP_STRUCTURAL_IN_ON_CUT,2,3,0,0,"tail_cont_enabled=1 tail_active_dims=(1,) tail_delta=0.1 tail_start=(6, 6, 6) returned_y=(5, 0, 3) returned_b=(0, 0, 0) returned_u=(0, 0, 0) returned_zcap=(5, 0, 3) max_tail_u=0",NA
120,P1_no_rho,242,1411.8951888999436,5.646875599981286,5.682275999919511,0.16943519993219525,0.01,44934.1833315996,44934.1833315996,-71600.39995612238,-54120.21246296408,0.0,-24508.80468614076,-77352.28891430014,-77352.27377682352,-47506.572042542095,-24508.80468614076,22997.767356401335,22997.76735640134,-25523.298284320816,37574.0,nan,nan,1.5000000000000004,10.000000000000002,0.0,0.0,10.0,0.85,CORE,MAIN,1.208685714545752,0.24857294075230185,0.6,0.174,-47506.572042542095,STRUCTURAL,-0.919589352433468,-189873.47858070023,27300.0,0,0,0,0,0,0,0,inf,inf,NA,1,5,5,5,26,6,0,0,CONTINUE,0,A,1,1,0,KEEP_STRUCTURAL_IN_ON_CUT,2,3,0,0,"tail_cont_enabled=1 tail_active_dims=(1,) tail_delta=0.1 tail_start=(6, 6, 6) returned_y=(5, 3, 0) returned_b=(0, 0, 0) returned_u=(0, 0, 0) returned_zcap=(5, 3, 0) max_tail_u=0",NA
120,P1_no_rho,243,1416.667113799951,5.646875599981286,4.771327099995688,0.17045730003155768,0.01,54687.59117163319,54687.59117163319,-71600.39995612238,-52657.20128695904,0.0,-24508.80468614076,-74104.88670471663,-74104.87192112564,-47506.572042542095,-24508.80468614076,22997.767356401335,22997.76735640134,-23315.40231186155,36902.5,nan,nan,1.5000000000000002,10.0,0.0,0.0,10.0,0.85,CORE,MAIN,1.2085390359443822,0.24648359737257364,0.6,0.174,-47506.572042542095,STRUCTURAL,-0.9175434294743189,-189873.47858070023,27300.0,0,0,0,0,0,0,0,inf,inf,NA,1,5,5,5,26,6,0,0,CONTINUE,0,A,1,1,0,KEEP_STRUCTURAL_IN_ON_CUT,2,3,0,0,"tail_cont_enabled=1 tail_active_dims=(1,) tail_delta=0.1 tail_start=(6, 6, 6) returned_y=(5, 3, 0) returned_b=(0, 0, 0) returned_u=(0, 0, 0) returned_zcap=(5, 3, 0) max_tail_u=0",NA
120,P1_no_rho,244,1421.3440299000358,5.646875599981286,4.676092800102197,0.17634250002447516,0.01,58335.8534819256,58335.8534819256,-71600.39995612238,-52109.961940415174,0.0,-24508.80468614076,-75567.63623523354,-75567.6211414716,-47506.572042542095,-24508.80468614076,22997.767356401335,22997.76735640134,-23816.16543572723,37865.5,nan,nan,1.5000000000000002,10.0,0.0,0.0,10.0,0.85,CORE,MAIN,1.2082398765741575,0.259043323436687,0.6,0.174,-47506.572042542095,STRUCTURAL,-0.9111452501748616,-189873.47858070023,27300.0,0,0,0,0,0,0,0,inf,inf,NA,1,5,5,5,26,6,0,0,CONTINUE,0,A,1,1,0,KEEP_STRUCTURAL_IN_ON_CUT,2,3,0,0,"tail_cont_enabled=1 tail_active_dims=(1,) tail_delta=0.1 tail_start=(6, 6, 6) returned_y=(1, 6, 0) returned_b=(0, 1, 0) returned_u=(0, 0, 0) returned_zcap=(1, 6, 0) max_tail_u=0",NA
120,P1_no_rho,245,1431.8738716000225,5.646875599981286,10.52919330005534,0.15438910003285855,0.01,53856.63365749128,53856.63365749128,-71600.39995612238,-52781.84491408033,0.0,-24508.80468614076,-76422.37690135426,-76422.36170169814,-47506.572042542095,-24508.80468614076,22997.767356401335,22997.76735640134,-23848.426648038338,38548.0,nan,nan,1.5000000000000002,10.0,0.0,0.0,10.0,0.85,CORE,MAIN,1.2093126860880057,0.2515869317945184,0.6,0.174,-47506.572042542095,STRUCTURAL,-0.9092375748618136,-189873.47858070023,27300.0,0,0,0,0,0,0,0,inf,inf,NA,1,5,5,5,26,6,0,0,CONTINUE,0,A,1,1,0,KEEP_STRUCTURAL_IN_ON_CUT,2,3,0,0,"tail_cont_enabled=1 tail_active_dims=(1,) tail_delta=0.1 tail_start=(6, 6, 6) returned_y=(1, 6, 0) returned_b=(0, 1, 0) returned_u=(0, 0, 0) returned_zcap=(1, 6, 0) max_tail_u=0",NA
120,P1_no_rho,246,1436.7323213999625,5.646875599981286,4.85782479995396,0.16214020003098994,0.01,68612.44359483878,68612.44359483878,-71600.39995612238,-50568.4734234782,0.0,-24508.80468614076,-69562.61404392307,-69562.60002017484,-47506.572042542095,-24508.80468614076,22997.767356401335,22997.76735640134,-21268.176235971277,35827.5,nan,nan,1.5000000000000002,10.0,0.0,0.0,10.0,0.85,CORE,MAIN,1.209289583114113,0.2713928701638717,0.6,0.174,-47506.572042542095,STRUCTURAL,-0.8986471990175807,-189873.47858070023,27300.0,0,0,0,0,0,0,0,inf,inf,NA,1,5,5,5,26,6,0,0,CONTINUE,0,A,1,1,0,KEEP_STRUCTURAL_IN_ON_CUT,2,3,0,0,"tail_cont_enabled=1 tail_active_dims=(1,) tail_delta=0.1 tail_start=(6, 6, 6) returned_y=(1, 6, 0) returned_b=(0, 1, 0) returned_u=(0, 0, 0) returned_zcap=(1, 6, 0) max_tail_u=0",NA
120,P1_no_rho,247,1441.1796942999354,5.646875599981286,4.446854599984363,0.16039229999296367,0.01,64081.94166259234,64081.94166259234,-71600.39995612238,-51248.04871331517,0.0,-24508.80468614076,-72542.95325343934,-72542.93869422843,-47506.572042542095,-24508.80468614076,22997.767356401335,22997.76735640134,-22858.194840166256,36688.0,nan,nan,1.5000000000000002,10.0,0.0,0.0,10.0,0.85,CORE,MAIN,1.209628171141604,0.25127043838937124,0.6,0.174,-47506.572042542095,STRUCTURAL,-0.9028336941063778,-189873.47858070023,27300.0,0,0,0,0,0,0,0,inf,inf,NA,1,5,5,5,26,6,0,0,CONTINUE,0,A,1,1,0,KEEP_STRUCTURAL_IN_ON_CUT,2,3,0,0,"tail_cont_enabled=1 tail_active_dims=(1,) tail_delta=0.1 tail_start=(6, 6, 6) returned_y=(1, 6, 0) returned_b=(0, 1, 0) returned_u=(0, 0, 0) returned_zcap=(1, 6, 0) max_tail_u=0",NA
120,P1_no_rho,248,1446.436130899936,5.646875599981286,5.255960699985735,0.16558509995229542,0.01,46377.72250612248,46377.72250612248,-71600.39995612238,-53903.68158678565,0.0,-24508.80468614076,-76228.57475754713,-76228.55969993181,-47506.572042542095,-24508.80468614076,22997.767356401335,22997.76735640134,-25008.926419133448,38119.5,nan,nan,1.5000000000000002,10.0,0.0,0.0,10.0,0.85,CORE,MAIN,1.2093690770677772,0.2533661380360932,0.6,0.174,-47506.572042542095,STRUCTURAL,-0.8957730869292333,-189873.47858070023,27300.0,0,0,0,0,0,0,0,inf,inf,NA,1,5,5,5,26,6,0,0,CONTINUE,0,A,1,1,0,KEEP_STRUCTURAL_IN_ON_CUT,2,3,0,0,"tail_cont_enabled=1 tail_active_dims=(1,) tail_delta=0.1 tail_start=(6, 6, 6) returned_y=(1, 6, 0) returned_b=(0, 1, 0) returned_u=(0, 0, 0) returned_zcap=(1, 6, 0) max_tail_u=0",NA
120,P1_no_rho,249,1450.9467005999759,5.646875599981286,4.50996799999848,0.17242389998864383,0.01,46520.510783330734,46520.510783330734,-71600.39995612238,-53882.26334520441,0.0,-24508.80468614076,-74408.72084584145,-74408.70662595317,-47506.572042542095,-24508.80468614076,22997.767356401335,22997.76735640134,-23381.42780352067,37181.5,nan,nan,1.5000000000000002,10.0,0.0,0.0,10.0,0.85,CORE,MAIN,1.2091745306305337,0.2619079014428096,0.6,0.174,-47506.572042542095,STRUCTURAL,-0.9149223641225251,-189873.47858070023,27300.0,0,0,0,0,0,0,0,inf,inf,NA,1,5,5,5,26,6,0,0,CONTINUE,0,A,1,1,0,KEEP_STRUCTURAL_IN_ON_CUT,2,3,0,0,"tail_cont_enabled=1 tail_active_dims=(1,) tail_delta=0.1 tail_start=(6, 6, 6) returned_y=(6, 0, 2) returned_b=(1, 0, 0) returned_u=(0, 0, 0) returned_zcap=(6, 0, 2) max_tail_u=0",NA
120,P1_no_rho,250,1459.9640847999835,5.646875599981286,9.016804300015792,0.1648867999901995,0.01,58373.0294740312,58373.0294740312,-71600.39995612238,-52104.38554159934,0.0,-24508.80468614076,-74941.7729593567,-74941.75803106994,-47506.572042542095,-24508.80468614076,22997.767356401335,22997.76735640134,-23593.369933493945,37645.0,nan,nan,1.5000000000000002,10.0,0.0,0.0,10.0,0.85,CORE,MAIN,1.2089745327255077,0.2514403936009103,0.6,0.174,-47506.572042542095,STRUCTURAL,-0.9093441023168369,-189873.47858070023,27300.0,0,0,0,0,0,0,0,inf,inf,NA,1,5,5,5,26,6,0,0,CONTINUE,0,A,1,1,0,KEEP_STRUCTURAL_IN_ON_CUT,2,3,0,0,"tail_cont_enabled=1 tail_active_dims=(1,) tail_delta=0.1 tail_start=(6, 6, 6) returned_y=(1, 0, 6) returned_b=(0, 0, 1) returned_u=(0, 0, 0) returned_zcap=(1, 0, 6) max_tail_u=0",NA
120,P1_no_rho,251,1464.8165431999369,5.646875599981286,4.851920699933544,0.19125640008132905,0.01,55435.861154237864,55435.861154237864,-71600.39995612238,-52544.96078956834,0.0,-24508.80468614076,-75132.23944298488,-75132.22446712558,-47506.572042542095,-24508.80468614076,22997.767356401335,22997.76735640134,-24169.7890323279,37841.0,nan,nan,1.5000000000000002,10.0,0.0,0.0,10.0,0.85,CORE,MAIN,1.208808853578676,0.24237637168195614,0.6,0.174,-47506.572042542095,STRUCTURAL,-0.8978345433929276,-189873.47858070023,27300.0,0,0,0,0,0,0,0,inf,inf,NA,1,5,5,5,26,6,0,0,CONTINUE,0,A,1,1,0,KEEP_STRUCTURAL_IN_ON_CUT,2,3,0,0,"tail_cont_enabled=1 tail_active_dims=(1,) tail_delta=0.1 tail_start=(6, 6, 6) returned_y=(1, 6, 0) returned_b=(0, 1, 0) returned_u=(0, 0, 0) returned_zcap=(1, 6, 0) max_tail_u=0",NA
120,P1_no_rho,252,1469.14463720005,5.646875599981286,4.327623499906622,0.17505530000198632,0.01,45565.144509324076,45565.144509324076,-71600.39995612238,-54025.56828630541,0.0,-24508.80468614076,-75059.92992383725,-75059.91494904584,-47506.572042542095,-24508.80468614076,22997.767356401335,22997.76735640134,-22890.790953955744,37448.5,nan,nan,1.5000000000000002,10.0,0.0,0.0,10.0,0.85,CORE,MAIN,1.210491952261883,0.25470688975973643,0.6,0.174,-47506.572042542095,STRUCTURAL,-0.9287265443669764,-189873.47858070023,27300.0,0,0,0,0,0,0,0,inf,inf,NA,1,5,5,5,26,6,0,0,CONTINUE,0,A,1,1,0,KEEP_STRUCTURAL_IN_ON_CUT,2,3,0,0,"tail_cont_enabled=1 tail_active_dims=(1,) tail_delta=0.1 tail_start=(6, 6, 6) returned_y=(5, 3, 0) returned_b=(0, 0, 0) returned_u=(0, 0, 0) returned_zcap=(5, 3, 0) max_tail_u=0",NA
120,P1_no_rho,253,1474.484596199938,5.646875599981286,5.339423099998385,0.16353119991254061,0.01,68946.1239050666,68946.1239050666,-71600.39995612238,-50518.421376944025,0.0,-24508.80468614076,-70784.52529651218,-70784.51104580492,-47506.572042542095,-24508.80468614076,22997.767356401335,22997.76735640134,-21208.361501028714,34950.0,nan,nan,1.5000000000000002,10.0,0.0,0.0,10.0,0.85,CORE,MAIN,1.2111204514829554,0.26088203056898673,0.6,0.174,-47506.572042542095,STRUCTURAL,-0.9456585511640668,-189873.47858070023,27300.0,0,0,0,0,0,0,0,inf,inf,NA,1,5,5,5,26,6,0,0,CONTINUE,0,A,1,1,0,KEEP_STRUCTURAL_IN_ON_CUT,2,3,0,0,"tail_cont_enabled=1 tail_active_dims=(1,) tail_delta=0.1 tail_start=(6, 6, 6) returned_y=(5, 3, 0) returned_b=(0, 0, 0) returned_u=(0, 0, 0) returned_zcap=(5, 3, 0) max_tail_u=0",NA
120,P1_no_rho,254,1479.4598969999934,5.646875599981286,4.974753999966197,0.168363600037992,0.01,54800.067060365145,54800.067060365145,-71600.39995612238,-52640.329903649246,0.0,-24508.80468614076,-70636.91667603722,-70636.90243199909,-47506.572042542095,-24508.80468614076,22997.767356401335,22997.76735640134,-22086.8867791743,35557.0,nan,nan,1.5000000000000002,10.0,0.0,0.0,10.0,0.85,CORE,MAIN,1.2121448549561333,0.26582260438640537,0.6,0.174,-47506.572042542095,STRUCTURAL,-0.9102758135355394,-189873.47858070023,27300.0,0,0,0,0,0,0,0,inf,inf,NA,1,5,5,5,26,6,0,0,CONTINUE,0,A,1,1,0,KEEP_STRUCTURAL_IN_ON_CUT,2,3,0,0,"tail_cont_enabled=1 tail_active_dims=(1,) tail_delta=0.1 tail_start=(6, 6, 6) returned_y=(5, 3, 0) returned_b=(0, 0, 0) returned_u=(0, 0, 0) returned_zcap=(5, 3, 0) max_tail_u=0",NA
120,P1_no_rho,255,1489.430924699991,5.646875599981286,9.970609899959527,0.176062099984847,0.01,47807.00116702912,47807.00116702912,-71600.39995612238,-53689.28978764965,0.0,-24508.80468614076,-77448.850063899,-77448.83479184433,-47506.572042542095,-24508.80468614076,22997.767356401335,22997.76735640134,-25447.360182694792,37635.0,nan,nan,1.5000000000000002,10.0,0.0,0.0,10.0,0.85,CORE,MAIN,1.2117870394966135,0.25247212186433543,0.6,0.174,-47506.572042542095,STRUCTURAL,-0.9211545035055941,-189873.47858070023,27300.0,0,0,0,0,0,0,0,inf,inf,NA,1,5,5,5,26,6,0,0,CONTINUE,0,A,1,1,0,KEEP_STRUCTURAL_IN_ON_CUT,2,3,0,0,"tail_cont_enabled=1 tail_active_dims=(1,) tail_delta=0.1 tail_start=(6, 6, 6) returned_y=(5, 3, 0) returned_b=(0, 0, 0) returned_u=(0, 0, 0) returned_zcap=(5, 3, 0) max_tail_u=0",NA
120,P1_no_rho,256,1493.8318006000482,5.646875599981286,4.400339299929328,0.16346780001185834,0.01,53491.79435195537,53491.79435195537,-71600.39995612238,-52836.570809910714,0.0,-24508.80468614076,-75749.93897841683,-75749.92431024672,-47506.572042542095,-24508.80468614076,22997.767356401335,22997.76735640134,-24724.546100731724,37502.5,nan,nan,1.5000000000000002,10.0,0.0,0.0,10.0,0.85,CORE,MAIN,1.2113088570141073,0.2628750135939173,0.6,0.174,-47506.572042542095,STRUCTURAL,-0.9070573643448657,-189873.47858070023,27300.0,0,0,0,0,0,0,0,inf,inf,NA,1,5,5,5,26,6,0,0,CONTINUE,0,A,1,1,0,KEEP_STRUCTURAL_IN_ON_CUT,2,3,0,0,"tail_cont_enabled=1 tail_active_dims=(1,) tail_delta=0.1 tail_start=(6, 6, 6) returned_y=(6, 0, 2) returned_b=(1, 0, 0) returned_u=(0, 0, 0) returned_zcap=(6, 0, 2) max_tail_u=0",NA
120,P1_no_rho,257,1499.525238399976,5.646875599981286,5.6927528999513015,0.17050100001506507,0.01,58250.03164212597,58250.03164212597,-71600.39995612238,-52122.83521638512,0.0,-24508.80468614076,-74294.64295529774,-74294.62812322067,-47506.572042542095,-24508.80468614076,22997.767356401335,22997.76735640134,-23201.67292839977,36579.5,nan,nan,1.5000000000000007,10.000000000000004,0.0,0.0,10.0,0.85,CORE,MAIN,1.2111409836961704,0.2567439051129812,0.6,0.174,-47506.572042542095,STRUCTURAL,-0.9311764821793789,-189873.47858070023,27300.0,0,0,0,0,0,0,0,inf,inf,NA,1,5,5,5,26,6,0,0,CONTINUE,0,A,1,1,0,KEEP_STRUCTURAL_IN_ON_CUT,2,3,0,0,"tail_cont_enabled=1 tail_active_dims=(1,) tail_delta=0.1 tail_start=(6, 6, 6) returned_y=(5, 3, 0) returned_b=(0, 0, 0) returned_u=(0, 0, 0) returned_zcap=(5, 3, 0) max_tail_u=0",NA
120,P1_no_rho,258,1504.5739003999624,5.646875599981286,5.0481912000104785,0.15718899993225932,0.01,53268.63917000222,53268.63917000222,-71600.39995612238,-52870.044087203685,0.0,-24508.80468614076,-76260.22258574385,-76260.20742323295,-47506.572042542095,-24508.80468614076,22997.767356401335,22997.76735640134,-24625.86515030979,37160.0,nan,nan,1.5000000000000002,10.0,0.0,0.0,10.0,0.85,CORE,MAIN,1.2106822443833443,0.2563602484009502,0.6,0.174,-47506.572042542095,STRUCTURAL,-0.9263427031381977,-189873.47858070023,27300.0,0,0,0,0,0,0,0,inf,inf,NA,1,5,5,5,26,6,0,0,CONTINUE,0,A,1,1,0,KEEP_STRUCTURAL_IN_ON_CUT,2,3,0,0,"tail_cont_enabled=1 tail_active_dims=(1,) tail_delta=0.1 tail_start=(6, 6, 6) returned_y=(5, 3, 0) returned_b=(0, 0, 0) returned_u=(0, 0, 0) returned_zcap=(5, 3, 0) max_tail_u=0",NA
120,P1_no_rho,259,1509.2555433999514,5.646875599981286,4.68099139991682,0.16613989998586476,0.01,45373.81226811977,45373.81226811977,-71600.39995612238,-54054.26812248606,0.0,-24508.80468614076,-74106.53617561463,-74106.52134049995,-47506.572042542095,-24508.80468614076,22997.767356401335,22997.76735640134,-22634.220578830893,36760.5,nan,nan,1.5000000000000002,10.0,0.0,0.0,10.0,0.85,CORE,MAIN,1.2103790505081748,0.23891587884076626,0.6,0.174,-47506.572042542095,STRUCTURAL,-0.9334711762474949,-189873.47858070023,27300.0,0,0,0,0,0,0,0,inf,inf,NA,1,5,5,5,26,6,0,0,CONTINUE,0,A,1,1,0,KEEP_STRUCTURAL_IN_ON_CUT,2,3,0,0,"tail_cont_enabled=1 tail_active_dims=(1,) tail_delta=0.1 tail_start=(6, 6, 6) returned_y=(5, 3, 0) returned_b=(0, 0, 0) returned_u=(0, 0, 0) returned_zcap=(5, 3, 0) max_tail_u=0",NA
120,P1_no_rho,260,1518.7590110000456,5.646875599981286,9.502889399998821,0.17653300007805228,0.01,65224.39477480059,65224.39477480059,-71600.39995612238,-51076.68074648393,0.0,-24508.80468614076,-71045.8534283227,-71045.83911195747,-47506.572042542095,-24508.80468614076,22997.767356401335,22997.76735640134,-21748.88708115541,35216.5,nan,nan,1.5000000000000002,10.0,0.0,0.0,10.0,0.85,CORE,MAIN,1.211081067406794,0.2655212144265594,0.6,0.174,-47506.572042542095,STRUCTURAL,-0.933216949077886,-189873.47858070023,27300.0,0,0,0,0,0,0,0,inf,inf,NA,1,5,5,5,26,6,0,0,CONTINUE,0,A,1,1,0,KEEP_STRUCTURAL_IN_ON_CUT,2,3,0,0,"tail_cont_enabled=1 tail_active_dims=(1,) tail_delta=0.1 tail_start=(6, 6, 6) returned_y=(5, 3, 0) returned_b=(0, 0, 0) returned_u=(0, 0, 0) returned_zcap=(5, 3, 0) max_tail_u=0",NA
120,P1_no_rho,261,1523.8092917000176,5.646875599981286,5.049909400055185,0.16027839994058013,0.01,65727.0261464495,65727.0261464495,-71600.39995612238,-51001.286040736595,0.0,-24508.80468614076,-71812.65776634176,-71812.64333288657,-47506.572042542095,-24508.80468614076,22997.767356401335,22997.76735640134,-22380.434348651463,35633.5,nan,nan,1.5000000000000002,10.0,0.0,0.0,10.0,0.85,CORE,MAIN,1.2120816853934147,0.264197396994477,0.6,0.174,-47506.572042542095,STRUCTURAL,-0.9248265253059634,-189873.47858070023,27300.0,0,0,0,0,0,0,0,inf,inf,NA,1,5,5,5,26,6,0,0,CONTINUE,0,A,1,1,0,KEEP_STRUCTURAL_IN_ON_CUT,2,3,0,0,"tail_cont_enabled=1 tail_active_dims=(1,) tail_delta=0.1 tail_start=(6, 6, 6) returned_y=(5, 3, 0) returned_b=(0, 0, 0) returned_u=(0, 0, 0) returned_zcap=(5, 3, 0) max_tail_u=0",NA
120,P1_no_rho,262,1529.3176866000285,5.646875599981286,5.507541100028902,0.17221490002702922,0.01,46986.811591690974,46986.811591690974,-71600.39995612238,-53812.31822395037,0.0,-24508.80468614076,-76325.78238834396,-76325.76733562659,-47506.572042542095,-24508.80468614076,22997.767356401335,22997.76735640134,-25371.243999334216,37278.5,nan,nan,1.5000000000000002,10.0,0.0,0.0,10.0,0.85,CORE,MAIN,1.2121128784515565,0.25648514115509213,0.6,0.174,-47506.572042542095,STRUCTURAL,-0.9112405870460162,-189873.47858070023,27300.0,0,0,0,0,0,0,0,inf,inf,NA,1,5,5,5,26,6,0,0,CONTINUE,0,A,1,1,0,KEEP_STRUCTURAL_IN_ON_CUT,2,3,0,0,"tail_cont_enabled=1 tail_active_dims=(1,) tail_delta=0.1 tail_start=(6, 6, 6) returned_y=(5, 3, 0) returned_b=(0, 0, 0) returned_u=(0, 0, 0) returned_zcap=(5, 3, 0) max_tail_u=0",NA
120,P1_no_rho,263,1534.1485353000462,5.646875599981286,4.830073100049049,0.16932400001678616,0.01,48268.55218762803,48268.55218762803,-71600.39995612238,-53620.057134559815,0.0,-24508.80468614076,-77158.75920696183,-77158.74411394127,-47506.572042542095,-24508.80468614076,22997.767356401335,22997.76735640134,-25955.840924608823,37288.5,nan,nan,1.5000000000000002,10.0,0.0,0.0,10.0,0.85,CORE,MAIN,1.2115200660232202,0.25694166258349505,0.6,0.174,-47506.572042542095,STRUCTURAL,-0.915436898585041,-189873.47858070023,27300.0,0,0,0,0,0,0,0,inf,inf,NA,1,5,5,5,26,6,0,0,CONTINUE,0,A,1,1,0,KEEP_STRUCTURAL_IN_ON_CUT,2,3,0,0,"tail_cont_enabled=1 tail_active_dims=(1,) tail_delta=0.1 tail_start=(6, 6, 6) returned_y=(5, 3, 0) returned_b=(0, 0, 0) returned_u=(0, 0, 0) returned_zcap=(5, 3, 0) max_tail_u=0",NA
120,P1_no_rho,264,1538.3582491000416,5.646875599981286,4.20931649999693,0.16123690002132207,0.01,61638.508539746275,61638.508539746275,-71600.39995612238,-51614.563681742075,0.0,-24508.80468614076,-74357.09588753786,-74357.08104305802,-47506.572042542095,-24508.80468614076,22997.767356401335,22997.76735640134,-23452.177812467242,37518.0,nan,nan,1.5000000000000002,10.0,0.0,0.0,10.0,0.85,CORE,MAIN,1.2114141108746121,0.2479984520866566,0.6,0.174,-47506.572042542095,STRUCTURAL,-0.9045418773316056,-189873.47858070023,27300.0,0,0,0,0,0,0,0,inf,inf,NA,1,5,5,5,26,6,0,0,CONTINUE,0,A,1,1,0,KEEP_STRUCTURAL_IN_ON_CUT,2,3,0,0,"tail_cont_enabled=1 tail_active_dims=(1,) tail_delta=0.1 tail_start=(6, 6, 6) returned_y=(1, 6, 0) returned_b=(0, 1, 0) returned_u=(0, 0, 0) returned_zcap=(1, 6, 0) max_tail_u=0",NA
120,P1_no_rho,265,1548.9707969999872,5.646875599981286,10.61189599998761,0.17441500001586974,0.01,52967.83938117706,52967.83938117706,-71600.39995612238,-52915.16405552746,0.0,-24508.80468614076,-72922.24338603955,-72922.22889559034,-47506.572042542095,-24508.80468614076,22997.767356401335,22997.76735640134,-22574.91106096026,36324.5,nan,nan,1.500000000000001,10.000000000000005,0.0,0.0,10.0,0.85,CORE,MAIN,1.2117132890167477,0.26387496648695474,0.6,0.174,-47506.572042542095,STRUCTURAL,-0.9240286461319505,-189873.47858070023,27300.0,0,0,0,0,0,0,0,inf,inf,NA,1,5,5,5,26,6,0,0,CONTINUE,0,A,1,1,0,KEEP_STRUCTURAL_IN_ON_CUT,2,3,0,0,"tail_cont_enabled=1 tail_active_dims=(1,) tail_delta=0.1 tail_start=(6, 6, 6) returned_y=(5, 3, 0) returned_b=(0, 0, 0) returned_u=(0, 0, 0) returned_zcap=(5, 3, 0) max_tail_u=0",NA
120,P1_no_rho,266,1553.8265062000137,5.646875599981286,4.855216099997051,0.16355910000856966,0.01,50771.80191207687,50771.80191207687,-71600.39995612238,-53244.56967589249,0.0,-24508.80468614076,-75509.1479134997,-75509.13297140054,-47506.572042542095,-24508.80468614076,22997.767356401335,22997.76735640134,-23009.599051183508,37526.5,nan,nan,1.5000000000000002,10.0,0.0,0.0,10.0,0.85,CORE,MAIN,1.2119572111755545,0.25975135533457017,0.6,0.174,-47506.572042542095,STRUCTURAL,-0.9326659635229687,-189873.47858070023,27300.0,0,0,0,0,0,0,0,inf,inf,NA,1,5,5,5,26,6,0,0,CONTINUE,0,A,1,1,0,KEEP_STRUCTURAL_IN_ON_CUT,2,3,0,0,"tail_cont_enabled=1 tail_active_dims=(1,) tail_delta=0.1 tail_start=(6, 6, 6) returned_y=(5, 3, 0) returned_b=(0, 0, 0) returned_u=(0, 0, 0) returned_zcap=(5, 3, 0) max_tail_u=0",NA
120,P1_no_rho,267,1558.719731500023,5.646875599981286,4.892559300060384,0.17494579998310655,0.01,63444.60356657432,63444.60356657432,-71600.39995612238,-51343.64942771787,0.0,-24508.80468614076,-71828.1463413458,-71828.13190639543,-47506.572042542095,-24508.80468614076,22997.767356401335,22997.76735640134,-22323.851430398416,35384.5,nan,nan,1.5000000000000002,10.0,0.0,0.0,10.0,0.85,CORE,MAIN,1.2126104878486146,0.26643947626735376,0.6,0.174,-47506.572042542095,STRUCTURAL,-0.9326923836896006,-189873.47858070023,27300.0,0,0,0,0,0,0,0,inf,inf,NA,1,5,5,5,26,6,0,0,CONTINUE,0,A,1,1,0,KEEP_STRUCTURAL_IN_ON_CUT,2,3,0,0,"tail_cont_enabled=1 tail_active_dims=(1,) tail_delta=0.1 tail_start=(6, 6, 6) returned_y=(5, 3, 0) returned_b=(0, 0, 0) returned_u=(0, 0, 0) returned_zcap=(5, 3, 0) max_tail_u=0",NA
120,P1_no_rho,268,1564.071090499987,5.646875599981286,5.350760099943727,0.17000030004419386,0.01,65611.00903657655,65611.00903657655,-71600.39995612238,-51018.68860721754,0.0,-24508.80468614076,-72299.98669110489,-72299.97215998647,-47506.572042542095,-24508.80468614076,22997.767356401335,22997.76735640134,-22959.52089210281,36049.5,nan,nan,1.5000000000000002,10.0,0.0,0.0,10.0,0.85,CORE,MAIN,1.2134528880053597,0.2640346589257567,0.6,0.174,-47506.572042542095,STRUCTURAL,-0.9124574315479855,-189873.47858070023,27300.0,0,0,0,0,0,0,0,inf,inf,NA,1,5,5,5,26,6,0,0,CONTINUE,0,A,1,1,0,KEEP_STRUCTURAL_IN_ON_CUT,2,3,0,0,"tail_cont_enabled=1 tail_active_dims=(1,) tail_delta=0.1 tail_start=(6, 6, 6) returned_y=(5, 3, 0) returned_b=(0, 0, 0) returned_u=(0, 0, 0) returned_zcap=(5, 3, 0) max_tail_u=0",NA
120,P1_no_rho,269,1568.426569400006,5.646875599981286,4.3549606000306085,0.17260940000414848,0.01,48200.54023496314,48200.54023496314,-71600.39995612238,-53630.258927459545,0.0,-24508.80468614076,-75252.6412024338,-75252.62631555149,-47506.572042542095,-24508.80468614076,22997.767356401335,22997.76735640134,-24976.40037095244,38497.0,nan,nan,1.5000000000000002,10.0,0.0,0.0,10.0,0.85,CORE,MAIN,1.213742564303265,0.247421483947725,0.6,0.174,-47506.572042542095,STRUCTURAL,-0.8706518420413545,-189873.47858070023,27300.0,0,0,0,0,0,0,0,inf,inf,NA,1,5,5,5,26,6,0,0,CONTINUE,0,A,1,1,0,KEEP_STRUCTURAL_IN_ON_CUT,2,3,0,0,"tail_cont_enabled=1 tail_active_dims=(1,) tail_delta=0.1 tail_start=(6, 6, 6) returned_y=(1, 6, 0) returned_b=(0, 1, 0) returned_u=(0, 0, 0) returned_zcap=(1, 6, 0) max_tail_u=0",NA
120,P1_no_rho,270,1578.9161784000462,5.646875599981286,10.489118300029077,0.1637931999284774,0.01,39455.71697525605,39455.71697525605,-71600.39995612238,-54941.98241641561,0.0,-24508.80468614076,-75669.48975647516,-75669.4748494084,-47506.572042542095,-24508.80468614076,22997.767356401335,22997.76735640134,-24760.12414131412,37926.5,nan,nan,1.5000000000000002,10.0,0.0,0.0,10.0,0.85,CORE,MAIN,1.213587930507231,0.235258406143509,0.6,0.174,-47506.572042542095,STRUCTURAL,-0.8948773849084285,-189873.47858070023,27300.0,0,0,0,0,0,0,0,inf,inf,NA,1,5,5,5,26,6,0,0,CONTINUE,0,A,1,1,0,KEEP_STRUCTURAL_IN_ON_CUT,2,3,0,0,"tail_cont_enabled=1 tail_active_dims=(1,) tail_delta=0.1 tail_start=(6, 6, 6) returned_y=(1, 6, 0) returned_b=(0, 1, 0) returned_u=(0, 0, 0) returned_zcap=(1, 6, 0) max_tail_u=0",NA
120,P1_no_rho,271,1584.3880595000228,5.646875599981286,5.471287699998356,0.18040359998121858,0.01,59418.94464316921,59418.94464316921,-71600.39995612238,-51947.498266228635,0.0,-24508.80468614076,-74482.77728201887,-74482.7624328879,-47506.572042542095,-24508.80468614076,22997.767356401335,22997.76735640134,-23630.011955418388,37688.5,nan,nan,1.5000000000000002,10.0,0.0,0.0,10.0,0.85,CORE,MAIN,1.2134264406422401,0.23368751036219243,0.6,0.174,-47506.572042542095,STRUCTURAL,-0.8995272736151966,-189873.47858070023,27300.0,0,0,0,0,0,0,0,inf,inf,NA,1,5,5,5,26,6,0,0,CONTINUE,0,A,1,1,0,KEEP_STRUCTURAL_IN_ON_CUT,2,3,0,0,"tail_cont_enabled=1 tail_active_dims=(1,) tail_delta=0.1 tail_start=(6, 6, 6) returned_y=(1, 6, 0) returned_b=(0, 1, 0) returned_u=(0, 0, 0) returned_zcap=(1, 6, 0) max_tail_u=0",NA
120,P1_no_rho,272,1588.7593211999629,5.646875599981286,4.370503099984489,0.1590190000133589,0.01,65120.59014007424,65120.59014007424,-71600.39995612238,-51092.25144169288,0.0,-24508.80468614076,-74288.90042865726,-74288.885586279,-47506.572042542095,-24508.80468614076,22997.767356401335,22997.76735640134,-23480.10112430195,37472.5,nan,nan,1.5000000000000002,10.0,0.0,0.0,10.0,0.85,CORE,MAIN,1.2134247456312501,0.2618173500553994,0.6,0.174,-47506.572042542095,STRUCTURAL,-0.9039301614424272,-189873.47858070023,27300.0,0,0,0,0,0,0,0,inf,inf,NA,1,5,5,5,26,6,0,0,CONTINUE,0,A,1,1,0,KEEP_STRUCTURAL_IN_ON_CUT,2,3,0,0,"tail_cont_enabled=1 tail_active_dims=(1,) tail_delta=0.1 tail_start=(6, 6, 6) returned_y=(1, 6, 0) returned_b=(0, 1, 0) returned_u=(0, 0, 0) returned_zcap=(1, 6, 0) max_tail_u=0",NA
120,P1_no_rho,273,1593.681548499968,5.646875599981286,4.921635499922559,0.16497020004317164,0.01,48558.036922998836,48558.036922998836,-71600.39995612238,-53576.634424254196,0.0,-24508.80468614076,-75363.2692575602,-75363.25428623565,-47506.572042542095,-24508.80468614076,22997.767356401335,22997.76735640134,-23517.27827489078,38028.5,nan,nan,1.5000000000000004,10.000000000000002,0.0,0.0,10.0,0.85,CORE,MAIN,1.213403110741203,0.24733318644266677,0.6,0.174,-47506.572042542095,STRUCTURAL,-0.9088968538744162,-189873.47858070023,27300.0,0,0,0,0,0,0,0,inf,inf,NA,1,5,5,5,26,6,0,0,CONTINUE,0,A,1,1,0,KEEP_STRUCTURAL_IN_ON_CUT,2,3,0,0,"tail_cont_enabled=1 tail_active_dims=(1,) tail_delta=0.1 tail_start=(6, 6, 6) returned_y=(1, 6, 0) returned_b=(0, 1, 0) returned_u=(0, 0, 0) returned_zcap=(1, 6, 0) max_tail_u=0",NA
120,P1_no_rho,274,1599.011009400012,5.646875599981286,5.3287925000768155,0.15708450006786734,0.01,62777.885440892926,62777.885440892926,-71600.39995612238,-51443.65714657008,0.0,-24508.80468614076,-72593.6000237204,-72593.5854468685,-47506.572042542095,-24508.80468614076,22997.767356401335,22997.76735640134,-22748.555389452165,35498.0,nan,nan,1.5000000000000004,10.000000000000002,0.0,0.0,10.0,0.85,CORE,MAIN,1.2139469679713295,0.2533958331739147,0.6,0.174,-47506.572042542095,STRUCTURAL,-0.9361096410580183,-189873.47858070023,27300.0,0,0,0,0,0,0,0,inf,inf,NA,1,5,5,5,26,6,0,0,CONTINUE,0,A,1,1,0,KEEP_STRUCTURAL_IN_ON_CUT,2,3,0,0,"tail_cont_enabled=1 tail_active_dims=(1,) tail_delta=0.1 tail_start=(6, 6, 6) returned_y=(5, 3, 0) returned_b=(0, 0, 0) returned_u=(0, 0, 0) returned_zcap=(5, 3, 0) max_tail_u=0",NA
120,P1_no_rho,275,1608.4570710000116,5.646875599981286,9.445539099979214,0.15429320000112057,0.01,62048.384922475045,62048.384922475045,-71600.39995612238,-51553.082224332764,0.0,-24508.80468614076,-72453.24816655948,-72453.23362567525,-47506.572042542095,-24508.80468614076,22997.767356401335,22997.76735640134,-22526.97362480778,36657.0,nan,nan,1.5000000000000002,10.0,0.0,0.0,10.0,0.85,CORE,MAIN,1.2145884903675932,0.2529051432375825,0.6,0.174,-47506.572042542095,STRUCTURAL,-0.907989560900009,-189873.47858070023,27300.0,0,0,0,0,0,0,0,inf,inf,NA,1,5,5,5,26,6,0,0,CONTINUE,0,A,1,1,0,KEEP_STRUCTURAL_IN_ON_CUT,2,3,0,0,"tail_cont_enabled=1 tail_active_dims=(1,) tail_delta=0.1 tail_start=(6, 6, 6) returned_y=(1, 6, 0) returned_b=(0, 1, 0) returned_u=(0, 0, 0) returned_zcap=(1, 6, 0) max_tail_u=0",NA
120,P1_no_rho,276,1613.479629199952,5.646875599981286,5.021496800007299,0.1769709000363946,0.01,52975.452951539904,52975.452951539904,-71600.39995612238,-52914.02201997303,0.0,-24508.80468614076,-75502.15325874722,-75502.13835681319,-47506.572042542095,-24508.80468614076,22997.767356401335,22997.76735640134,-24422.786253913153,38072.5,nan,nan,1.5000000000000002,10.0,0.0,0.0,10.0,0.85,CORE,MAIN,1.2146656760440813,0.24851709821066836,0.6,0.174,-47506.572042542095,STRUCTURAL,-0.8944225202425202,-189873.47858070023,27300.0,0,0,0,0,0,0,0,inf,inf,NA,1,5,5,5,26,6,0,0,CONTINUE,0,A,1,1,0,KEEP_STRUCTURAL_IN_ON_CUT,2,3,0,0,"tail_cont_enabled=1 tail_active_dims=(1,) tail_delta=0.1 tail_start=(6, 6, 6) returned_y=(1, 6, 0) returned_b=(0, 1, 0) returned_u=(0, 0, 0) returned_zcap=(1, 6, 0) max_tail_u=0",NA
120,P1_no_rho,277,1618.7548816000344,5.646875599981286,5.274719400098547,0.1599424999440089,0.01,48051.86856302123,48051.86856302123,-71600.39995612238,-53652.55967825084,0.0,-24508.80468614076,-75749.03961343548,-75749.02501955627,-47506.572042542095,-24508.80468614076,22997.767356401335,22997.76735640134,-22367.698121893,38347.0,nan,nan,1.5000000000000002,10.0,0.0,0.0,10.0,0.85,CORE,MAIN,1.2144171313528218,0.2597420016843467,0.6,0.174,-47506.572042542095,STRUCTURAL,-0.9280400361203964,-189873.47858070023,27300.0,0,0,0,0,0,0,0,inf,inf,NA,1,5,5,5,26,6,0,0,CONTINUE,0,A,1,1,0,KEEP_STRUCTURAL_IN_ON_CUT,2,3,0,0,"tail_cont_enabled=1 tail_active_dims=(1,) tail_delta=0.1 tail_start=(6, 6, 6) returned_y=(6, 0, 2) returned_b=(1, 0, 0) returned_u=(0, 0, 0) returned_zcap=(6, 0, 2) max_tail_u=0",NA
120,P1_no_rho,278,1623.268619599985,5.646875599981286,4.513137300033122,0.16236620000563562,0.01,61944.43265448379,61944.43265448379,-71600.39995612238,-51568.675064531446,0.0,-24508.80468614076,-76632.64064457835,-76632.62563805362,-47506.572042542095,-24508.80468614076,22997.767356401335,22997.76735640134,-24370.413483580094,37730.5,nan,nan,1.5000000000000002,10.0,0.0,0.0,10.0,0.85,CORE,MAIN,1.2138528935962343,0.2592193986381618,0.6,0.174,-47506.572042542095,STRUCTURAL,-0.923429977595023,-189873.47858070023,27300.0,0,0,0,0,0,0,0,inf,inf,NA,1,5,5,5,26,6,0,0,CONTINUE,0,A,1,1,0,KEEP_STRUCTURAL_IN_ON_CUT,2,3,0,0,"tail_cont_enabled=1 tail_active_dims=(1,) tail_delta=0.1 tail_start=(6, 6, 6) returned_y=(5, 3, 0) returned_b=(0, 0, 0) returned_u=(0, 0, 0) returned_zcap=(5, 3, 0) max_tail_u=0",NA
120,P1_no_rho,279,1628.7455374000128,5.646875599981286,5.476204300066456,0.18290490005165339,0.01,57718.85829328967,57718.85829328967,-71600.39995612238,-52202.51121871057,0.0,-24508.80468614076,-74200.73285450398,-74200.71805566642,-47506.572042542095,-24508.80468614076,22997.767356401335,22997.76735640134,-23758.887171007045,36446.5,nan,nan,1.5000000000000002,10.0,0.0,0.0,10.0,0.85,CORE,MAIN,1.2137696303861307,0.27008802712448843,0.6,0.174,-47506.572042542095,STRUCTURAL,-0.9226643781004921,-189873.47858070023,27300.0,0,0,0,0,0,0,0,inf,inf,NA,1,5,5,5,26,6,0,0,CONTINUE,0,A,1,1,0,KEEP_STRUCTURAL_IN_ON_CUT,2,3,0,0,"tail_cont_enabled=1 tail_active_dims=(1,) tail_delta=0.1 tail_start=(6, 6, 6) returned_y=(5, 3, 0) returned_b=(0, 0, 0) returned_u=(0, 0, 0) returned_zcap=(5, 3, 0) max_tail_u=0",NA
120,P1_no_rho,280,1639.119919299963,5.646875599981286,10.373694099951535,0.1866448000073433,0.01,47076.71844153856,47076.71844153856,-71600.39995612238,-53798.83219647323,0.0,-24508.80468614076,-72109.48476400303,-72109.47039115366,-47506.572042542095,-24508.80468614076,22997.767356401335,22997.76735640134,-21650.411290350778,35787.5,nan,nan,1.5000000000000004,10.000000000000002,0.0,0.0,10.0,0.85,CORE,MAIN,1.2139485397404268,0.2552540782391268,0.6,0.174,-47506.572042542095,STRUCTURAL,-0.9399754868003792,-189873.47858070023,27300.0,0,0,0,0,0,0,0,inf,inf,NA,1,5,5,5,26,6,0,0,CONTINUE,0,A,1,1,0,KEEP_STRUCTURAL_IN_ON_CUT,2,3,0,0,"tail_cont_enabled=1 tail_active_dims=(1,) tail_delta=0.1 tail_start=(6, 6, 6) returned_y=(5, 3, 0) returned_b=(0, 0, 0) returned_u=(0, 0, 0) returned_zcap=(5, 3, 0) max_tail_u=0",NA
120,P1_no_rho,281,1644.4013478000415,5.646875599981286,5.2805569000774994,0.1730706999078393,0.01,60105.67684198132,60105.67684198132,-71600.39995612238,-51844.48843640682,0.0,-24508.80468614076,-73646.93296009304,-73646.91818603981,-47506.572042542095,-24508.80468614076,22997.767356401335,22997.76735640134,-22832.423880417908,37110.5,nan,nan,1.5000000000000002,10.0,0.0,0.0,10.0,0.85,CORE,MAIN,1.2140104722452936,0.26114498000170216,0.6,0.174,-47506.572042542095,STRUCTURAL,-0.9128502590124428,-189873.47858070023,27300.0,0,0,0,0,0,0,0,inf,inf,NA,1,5,5,5,26,6,0,0,CONTINUE,0,A,1,1,0,KEEP_STRUCTURAL_IN_ON_CUT,2,3,0,0,"tail_cont_enabled=1 tail_active_dims=(1,) tail_delta=0.1 tail_start=(6, 6, 6) returned_y=(1, 6, 0) returned_b=(0, 1, 0) returned_u=(0, 0, 0) returned_zcap=(1, 6, 0) max_tail_u=0",NA
120,P1_no_rho,282,1648.7605070000282,5.646875599981286,4.358528000069782,0.1825227999361232,0.01,58356.003994402425,58356.003994402425,-71600.39995612238,-52106.93936354366,0.0,-24508.80468614076,-71803.305760519,-71803.29135645664,-47506.572042542095,-24508.80468614076,22997.767356401335,22997.76735640134,-22385.68181838945,36615.5,nan,nan,1.5000000000000002,10.0,0.0,0.0,10.0,0.85,CORE,MAIN,1.2143695007459427,0.26560686934601374,0.6,0.174,-47506.572042542095,STRUCTURAL,-0.8997575623814539,-189873.47858070023,27300.0,0,0,0,0,0,0,0,inf,inf,NA,1,5,5,5,26,6,0,0,CONTINUE,0,A,1,1,0,KEEP_STRUCTURAL_IN_ON_CUT,2,3,0,0,"tail_cont_enabled=1 tail_active_dims=(1,) tail_delta=0.1 tail_start=(6, 6, 6) returned_y=(1, 6, 0) returned_b=(0, 1, 0) returned_u=(0, 0, 0) returned_zcap=(1, 6, 0) max_tail_u=0",NA
120,P1_no_rho,283,1653.768389999983,5.646875599981286,5.007346699945629,0.1684111999347806,0.01,50596.79769599849,50596.79769599849,-71600.39995612238,-53270.820308304246,0.0,-24508.80468614076,-75468.23243684172,-75468.21757652478,-47506.572042542095,-24508.80468614076,22997.767356401335,22997.76735640134,-24521.07901902111,37635.0,nan,nan,1.5000000000000002,10.0,0.0,0.0,10.0,0.85,CORE,MAIN,1.2142137741230608,0.2587597803753239,0.6,0.174,-47506.572042542095,STRUCTURAL,-0.9024779869359847,-189873.47858070023,27300.0,0,0,0,0,0,0,0,inf,inf,NA,1,5,5,5,26,6,0,0,CONTINUE,0,A,1,1,0,KEEP_STRUCTURAL_IN_ON_CUT,2,3,0,0,"tail_cont_enabled=1 tail_active_dims=(1,) tail_delta=0.1 tail_start=(6, 6, 6) returned_y=(1, 6, 0) returned_b=(0, 1, 0) returned_u=(0, 0, 0) returned_zcap=(1, 6, 0) max_tail_u=0",NA
120,P1_no_rho,284,1659.129923600005,5.646875599981286,5.361079100053757,0.16243559995200485,0.01,53006.532291657066,53006.532291657066,-71600.39995612238,-52909.36011895546,0.0,-24508.80468614076,-77951.40919758318,-77951.39379345244,-47506.572042542095,-24508.80468614076,22997.767356401335,22997.76735640134,-24999.434809645878,38842.0,nan,nan,1.5000000000000002,10.0,0.0,0.0,10.0,0.85,CORE,MAIN,1.2134315259221,0.23048027750234945,0.6,0.174,-47506.572042542095,STRUCTURAL,-0.9088436740951643,-189873.47858070023,27300.0,0,0,0,0,0,0,0,inf,inf,NA,1,5,5,5,26,6,0,0,CONTINUE,0,A,1,1,0,KEEP_STRUCTURAL_IN_ON_CUT,2,3,0,0,"tail_cont_enabled=1 tail_active_dims=(1,) tail_delta=0.1 tail_start=(6, 6, 6) returned_y=(1, 6, 0) returned_b=(0, 1, 0) returned_u=(0, 0, 0) returned_zcap=(1, 6, 0) max_tail_u=0",NA
120,P1_no_rho,285,1668.981712799985,5.646875599981286,9.851159499958158,0.15455420000944287,0.01,52911.45811297242,52911.45811297242,-71600.39995612238,-52923.62124575816,0.0,-24508.80468614076,-73987.15748228152,-73987.14263565053,-47506.572042542095,-24508.80468614076,22997.767356401335,22997.76735640134,-23851.27608090575,37655.5,nan,nan,1.5000000000000004,10.000000000000002,0.0,0.0,10.0,0.85,CORE,MAIN,1.2131959801042216,0.24864606266502276,0.6,0.174,-47506.572042542095,STRUCTURAL,-0.8876236150495015,-189873.47858070023,27300.0,0,0,0,0,0,0,0,inf,inf,NA,1,5,5,5,26,6,0,0,CONTINUE,0,A,1,1,0,KEEP_STRUCTURAL_IN_ON_CUT,2,3,0,0,"tail_cont_enabled=1 tail_active_dims=(1,) tail_delta=0.1 tail_start=(6, 6, 6) returned_y=(1, 6, 0) returned_b=(0, 1, 0) returned_u=(0, 0, 0) returned_zcap=(1, 6, 0) max_tail_u=0",NA
120,P1_no_rho,286,1674.0021300000371,5.646875599981286,5.019810400088318,0.15911260002758354,0.01,55638.83773910042,55638.83773910042,-71600.39995612238,-52514.51430183896,0.0,-24508.80468614076,-73415.3845285145,-73415.36985055718,-47506.572042542095,-24508.80468614076,22997.767356401335,22997.76735640134,-23426.686615346327,37052.0,nan,nan,1.5000000000000002,10.0,0.0,0.0,10.0,0.85,CORE,MAIN,1.2131848176559192,0.2639679386166238,0.6,0.174,-47506.572042542095,STRUCTURAL,-0.8994329273311535,-189873.47858070023,27300.0,0,0,0,0,0,0,0,inf,inf,NA,1,5,5,5,26,6,0,0,CONTINUE,0,A,1,1,0,KEEP_STRUCTURAL_IN_ON_CUT,2,3,0,0,"tail_cont_enabled=1 tail_active_dims=(1,) tail_delta=0.1 tail_start=(6, 6, 6) returned_y=(1, 6, 0) returned_b=(0, 1, 0) returned_u=(0, 0, 0) returned_zcap=(1, 6, 0) max_tail_u=0",NA
120,P1_no_rho,287,1679.3313001999632,5.646875599981286,5.328746799961664,0.1718733999878168,0.01,55699.82613951985,55699.82613951985,-71600.39995612238,-52505.36604177604,0.0,-24508.80468614076,-73731.22497378553,-73731.21024218819,-47506.572042542095,-24508.80468614076,22997.767356401335,22997.76735640134,-22427.03099332086,37002.5,nan,nan,1.5000000000000002,10.0,0.0,0.0,10.0,0.85,CORE,MAIN,1.213252160504975,0.2609256719907984,0.6,0.174,-47506.572042542095,STRUCTURAL,-0.9243371708914679,-189873.47858070023,27300.0,0,0,0,0,0,0,0,inf,inf,NA,1,5,5,5,26,6,0,0,CONTINUE,0,A,1,1,0,KEEP_STRUCTURAL_IN_ON_CUT,2,3,0,0,"tail_cont_enabled=1 tail_active_dims=(1,) tail_delta=0.1 tail_start=(6, 6, 6) returned_y=(1, 6, 0) returned_b=(0, 1, 0) returned_u=(0, 0, 0) returned_zcap=(1, 6, 0) max_tail_u=0",NA
120,P1_no_rho,288,1683.7859838999575,5.646875599981286,4.453956799930893,0.14802880003117025,0.01,57504.51173259937,57504.51173259937,-71600.39995612238,-52234.66320281411,0.0,-24508.80468614076,-72624.45273283547,-72624.4384380565,-47506.572042542095,-24508.80468614076,22997.767356401335,22997.76735640134,-21606.989494377758,36600.0,nan,nan,1.5000000000000002,10.0,0.0,0.0,10.0,0.85,CORE,MAIN,1.2140600634416614,0.2464086862417919,0.6,0.174,-47506.572042542095,STRUCTURAL,-0.9292795800305781,-189873.47858070023,27300.0,0,0,0,0,0,0,0,inf,inf,NA,1,5,5,5,26,6,0,0,CONTINUE,0,A,1,1,0,KEEP_STRUCTURAL_IN_ON_CUT,2,3,0,0,"tail_cont_enabled=1 tail_active_dims=(1,) tail_delta=0.1 tail_start=(6, 6, 6) returned_y=(6, 0, 2) returned_b=(1, 0, 0) returned_u=(0, 0, 0) returned_zcap=(6, 0, 2) max_tail_u=0",NA
120,P1_no_rho,289,1687.5715856000315,5.646875599981286,3.78510770003777,0.16929419990628958,0.01,62700.41668843985,62700.41668843985,-71600.39995612238,-51455.27745943804,0.0,-24508.80468614076,-72384.45992291931,-72384.44533588256,-47506.572042542095,-24508.80468614076,22997.767356401335,22997.76735640134,-22579.22610021791,37242.5,nan,nan,1.5000000000000002,10.0,0.0,0.0,10.0,0.85,CORE,MAIN,1.214772852306567,0.259345711230759,0.6,0.174,-47506.572042542095,STRUCTURAL,-0.8915480832501332,-189873.47858070023,27300.0,0,0,0,0,0,0,0,inf,inf,NA,1,5,5,5,26,6,0,0,CONTINUE,0,A,1,1,0,KEEP_STRUCTURAL_IN_ON_CUT,2,3,0,0,"tail_cont_enabled=1 tail_active_dims=(1,) tail_delta=0.1 tail_start=(6, 6, 6) returned_y=(1, 0, 6) returned_b=(0, 0, 1) returned_u=(0, 0, 0) returned_zcap=(1, 0, 6) max_tail_u=0",NA
120,P1_no_rho,290,1698.2405380000127,5.646875599981286,10.668311899993569,0.17502419999800622,0.01,51482.178353000636,51482.178353000636,-71600.39995612238,-53138.013209753924,0.0,-24508.80468614076,-75818.39361588778,-75818.37871140099,-47506.572042542095,-24508.80468614076,22997.767356401335,22997.76735640134,-25469.528536604244,38383.0,nan,nan,1.5000000000000002,10.0,0.0,0.0,10.0,0.85,CORE,MAIN,1.2149090749003042,0.2559246786012799,0.6,0.174,-47506.572042542095,STRUCTURAL,-0.8744991302537884,-189873.47858070023,27300.0,0,0,0,0,0,0,0,inf,inf,NA,1,5,5,5,26,6,0,0,CONTINUE,0,A,1,1,0,KEEP_STRUCTURAL_IN_ON_CUT,2,3,0,0,"tail_cont_enabled=1 tail_active_dims=(1,) tail_delta=0.1 tail_start=(6, 6, 6) returned_y=(1, 0, 6) returned_b=(0, 0, 1) returned_u=(0, 0, 0) returned_zcap=(1, 0, 6) max_tail_u=0",NA
120,P1_no_rho,291,1703.0268812000286,5.646875599981286,4.785312700085342,0.1762068000389263,0.01,44577.282411573346,44577.282411573346,-71600.39995612238,-54173.74760096802,0.0,-24508.80468614076,-74527.83658579098,-74527.82237409365,-47506.572042542095,-24508.80468614076,22997.767356401335,22997.76735640134,-22057.953629081472,37891.0,nan,nan,1.5000000000000002,10.0,0.0,0.0,10.0,0.85,CORE,MAIN,1.2149148415960578,0.23870865108764155,0.6,0.174,-47506.572042542095,STRUCTURAL,-0.9231720592403152,-189873.47858070023,27300.0,0,0,0,0,0,0,0,inf,inf,NA,1,5,5,5,26,6,0,0,CONTINUE,0,A,1,1,0,KEEP_STRUCTURAL_IN_ON_CUT,2,3,0,0,"tail_cont_enabled=1 tail_active_dims=(1,) tail_delta=0.1 tail_start=(6, 6, 6) returned_y=(6, 0, 2) returned_b=(1, 0, 0) returned_u=(0, 0, 0) returned_zcap=(6, 0, 2) max_tail_u=0",NA
120,P1_no_rho,292,1708.3586301000323,5.646875599981286,5.331065500038676,0.16643049998674542,0.01,53775.19901220071,53775.19901220071,-71600.39995612238,-52794.060110873914,0.0,-24508.80468614076,-76871.23254298753,-76871.217327927,-47506.572042542095,-24508.80468614076,22997.767356401335,22997.76735640134,-24776.527557764202,38123.5,nan,nan,1.5000000000000002,10.0,0.0,0.0,10.0,0.85,CORE,MAIN,1.2143222071675002,0.25622265897393837,0.6,0.174,-47506.572042542095,STRUCTURAL,-0.9109812367728184,-189873.47858070023,27300.0,0,0,0,0,0,0,0,inf,inf,NA,1,5,5,5,26,6,0,0,CONTINUE,0,A,1,1,0,KEEP_STRUCTURAL_IN_ON_CUT,2,3,0,0,"tail_cont_enabled=1 tail_active_dims=(1,) tail_delta=0.1 tail_start=(6, 6, 6) returned_y=(1, 0, 6) returned_b=(0, 0, 1) returned_u=(0, 0, 0) returned_zcap=(1, 0, 6) max_tail_u=0",NA
120,P1_no_rho,293,1713.3224945999682,5.646875599981286,4.963290499988943,0.17372530000284314,0.01,55579.18700862693,55579.18700862693,-71600.39995612238,-52523.46191140998,0.0,-24508.80468614076,-75900.36721926379,-75900.35224956277,-47506.572042542095,-24508.80468614076,22997.767356401335,22997.76735640134,-24287.406465719574,38376.5,nan,nan,1.5000000000000002,10.0,0.0,0.0,10.0,0.85,CORE,MAIN,1.213737392796777,0.2607287290815832,0.6,0.174,-47506.572042542095,STRUCTURAL,-0.8966067912019628,-189873.47858070023,27300.0,0,0,0,0,0,0,0,inf,inf,NA,1,5,5,5,26,6,0,0,CONTINUE,0,A,1,1,0,KEEP_STRUCTURAL_IN_ON_CUT,2,3,0,0,"tail_cont_enabled=1 tail_active_dims=(1,) tail_delta=0.1 tail_start=(6, 6, 6) returned_y=(1, 0, 6) returned_b=(0, 0, 1) returned_u=(0, 0, 0) returned_zcap=(1, 0, 6) max_tail_u=0",NA
120,P1_no_rho,294,1718.0040959999897,5.646875599981286,4.681055600056425,0.17349319998174906,0.01,54070.235236142624,54070.235236142624,-71600.39995612238,-52749.80467728263,0.0,-24508.80468614076,-73635.24853275056,-73635.23385359194,-47506.572042542095,-24508.80468614076,22997.767356401335,22997.76735640134,-22075.673794167567,37987.5,nan,nan,1.5000000000000002,10.0,0.0,0.0,10.0,0.85,CORE,MAIN,1.2136077735694655,0.2639209425112491,0.6,0.174,-47506.572042542095,STRUCTURAL,-0.9048513337180978,-189873.47858070023,27300.0,0,0,0,0,0,0,0,inf,inf,NA,1,5,5,5,26,6,0,0,CONTINUE,0,A,1,1,0,KEEP_STRUCTURAL_IN_ON_CUT,2,3,0,0,"tail_cont_enabled=1 tail_active_dims=(1,) tail_delta=0.1 tail_start=(6, 6, 6) returned_y=(1, 0, 6) returned_b=(0, 0, 1) returned_u=(0, 0, 0) returned_zcap=(1, 0, 6) max_tail_u=0",NA
120,P1_no_rho,295,1728.0721935000038,5.646875599981286,10.067496499978006,0.15904100006446242,0.01,60973.5326099154,60973.5326099154,-71600.39995612238,-51714.31007121671,0.0,-24508.80468614076,-73496.97721635445,-73496.96253618287,-47506.572042542095,-24508.80468614076,22997.767356401335,22997.76735640134,-23000.592834524938,37893.5,nan,nan,1.500000000000001,10.000000000000005,0.0,0.0,10.0,0.85,CORE,MAIN,1.2144273655629638,0.2642938656224344,0.6,0.174,-47506.572042542095,STRUCTURAL,-0.8883910556631596,-189873.47858070023,27300.0,0,0,0,0,0,0,0,inf,inf,NA,1,5,5,5,26,6,0,0,CONTINUE,0,A,1,1,0,KEEP_STRUCTURAL_IN_ON_CUT,2,3,0,0,"tail_cont_enabled=1 tail_active_dims=(1,) tail_delta=0.1 tail_start=(6, 6, 6) returned_y=(1, 0, 6) returned_b=(0, 0, 1) returned_u=(0, 0, 0) returned_zcap=(1, 0, 6) max_tail_u=0",NA
120,P1_no_rho,296,1732.7905293999938,5.646875599981286,4.717819900019094,0.16793669993057847,0.01,60843.99479444818,60843.99479444818,-71600.39995612238,-51733.74074353679,0.0,-24508.80468614076,-71164.65087644036,-71164.63653704822,-47506.572042542095,-24508.80468614076,22997.767356401335,22997.76735640134,-22391.12847120267,36697.5,nan,nan,1.5000000000000002,10.0,0.0,0.0,10.0,0.85,CORE,MAIN,1.2140997541002803,0.2677304831972478,0.6,0.174,-47506.572042542095,STRUCTURAL,-0.8860459716301389,-189873.47858070023,27300.0,0,0,0,0,0,0,0,inf,inf,NA,1,5,5,5,26,6,0,0,CONTINUE,0,A,1,1,0,KEEP_STRUCTURAL_IN_ON_CUT,2,3,0,0,"tail_cont_enabled=1 tail_active_dims=(1,) tail_delta=0.1 tail_start=(6, 6, 6) returned_y=(1, 0, 6) returned_b=(0, 0, 1) returned_u=(0, 0, 0) returned_zcap=(1, 0, 6) max_tail_u=0",NA
120,P1_no_rho,297,1737.0812153000152,5.646875599981286,4.290183300036006,0.14986930007580668,0.01,50019.38275164711,50019.38275164711,-71600.39995612238,-53357.43254995695,0.0,-24508.80468614076,-76584.09551907366,-76584.08029300346,-47506.572042542095,-24508.80468614076,22997.767356401335,22997.76735640134,-24913.737750092514,38449.0,nan,nan,1.5000000000000004,10.000000000000002,0.0,0.0,10.0,0.85,CORE,MAIN,1.213189419040539,0.2574606319371029,0.6,0.174,-47506.572042542095,STRUCTURAL,-0.8959113378399254,-189873.47858070023,27300.0,0,0,0,0,0,0,0,inf,inf,NA,1,5,5,5,26,6,0,0,CONTINUE,0,A,1,1,0,KEEP_STRUCTURAL_IN_ON_CUT,2,3,0,0,"tail_cont_enabled=1 tail_active_dims=(1,) tail_delta=0.1 tail_start=(6, 6, 6) returned_y=(1, 0, 6) returned_b=(0, 0, 1) returned_u=(0, 0, 0) returned_zcap=(1, 0, 6) max_tail_u=0",NA
120,P1_no_rho,298,1742.4773506999481,5.646875599981286,5.3957204999169335,0.16362480004318058,0.01,58473.88878503499,58473.88878503499,-71600.39995612238,-52089.25664494877,0.0,-24508.80468614076,-74331.5569758524,-74331.54271759198,-47506.572042542095,-24508.80468614076,22997.767356401335,22997.76735640134,-22357.47217640928,37681.0,nan,nan,1.5000000000000002,10.0,0.0,0.0,10.0,0.85,CORE,MAIN,1.212783440242071,0.2577667032594769,0.6,0.174,-47506.572042542095,STRUCTURAL,-0.919545138419587,-189873.47858070023,27300.0,0,0,0,0,0,0,0,inf,inf,NA,1,5,5,5,26,6,0,0,CONTINUE,0,A,1,1,0,KEEP_STRUCTURAL_IN_ON_CUT,2,3,0,0,"tail_cont_enabled=1 tail_active_dims=(1,) tail_delta=0.1 tail_start=(6, 6, 6) returned_y=(6, 0, 2) returned_b=(1, 0, 0) returned_u=(0, 0, 0) returned_zcap=(6, 0, 2) max_tail_u=0",NA
120,P1_no_rho,299,1746.018753799959,5.646875599981286,3.5408640999812633,0.17244190000928938,0.01,59133.25118270676,59133.25118270676,-71600.39995612238,-51990.352285298,0.0,-24508.80468614076,-75574.99641729155,-75574.98161987094,-47506.572042542095,-24508.80468614076,22997.767356401335,22997.76735640134,-24035.987130592675,37174.0,nan,nan,1.5000000000000002,10.0,0.0,0.0,10.0,0.85,CORE,MAIN,1.212338723839748,0.23646537731273598,0.6,0.174,-47506.572042542095,STRUCTURAL,-0.9242838989486968,-189873.47858070023,27300.0,0,0,0,0,0,0,0,inf,inf,NA,1,5,5,5,26,6,0,0,CONTINUE,0,A,1,1,0,KEEP_STRUCTURAL_IN_ON_CUT,2,3,0,0,"tail_cont_enabled=1 tail_active_dims=(1,) tail_delta=0.1 tail_start=(6, 6, 6) returned_y=(6, 0, 2) returned_b=(1, 0, 0) returned_u=(0, 0, 0) returned_zcap=(6, 0, 2) max_tail_u=0",NA
120,P1_no_rho,300,1756.6928864000365,5.646875599981286,10.67332190007437,0.167971899965778,0.01,53800.19969317404,53800.19969317404,-71600.39995612238,-52790.31000872791,0.0,-24508.80468614076,-74309.8378170267,-74309.82303319006,-47506.572042542095,-24508.80468614076,22997.767356401335,22997.76735640134,-23842.07642055148,37324.5,nan,nan,1.5000000000000002,10.0,0.0,0.0,10.0,0.85,CORE,MAIN,1.2120928210691455,0.2618772380546961,0.6,0.174,-47506.572042542095,STRUCTURAL,-0.9014230440709379,-189873.47858070023,27300.0,0,0,0,0,0,0,0,inf,inf,NA,1,5,5,5,26,6,0,0,CONTINUE,0,A,1,1,0,KEEP_STRUCTURAL_IN_ON_CUT,2,3,0,0,"tail_cont_enabled=1 tail_active_dims=(1,) tail_delta=0.1 tail_start=(6, 6, 6) returned_y=(1, 6, 0) returned_b=(0, 1, 0) returned_u=(0, 0, 0) returned_zcap=(1, 6, 0) max_tail_u=0",NA
120,P1_no_rho,301,1761.3412404999835,5.646875599981286,4.647830200032331,0.1589769999263808,0.01,48809.67149868577,48809.67149868577,-71600.39995612238,-53538.88923790115,0.0,-24508.80468614076,-71188.77222160525,-71188.7579535608,-47506.572042542095,-24508.80468614076,22997.767356401335,22997.76735640134,-21437.426911289014,36162.5,nan,nan,1.5000000000000002,10.0,0.0,0.0,10.0,0.85,CORE,MAIN,1.2126161606090828,0.2541413265479463,0.6,0.174,-47506.572042542095,STRUCTURAL,-0.9171808925871046,-189873.47858070023,27300.0,0,0,0,0,0,0,0,inf,inf,NA,1,5,5,5,26,6,0,0,CONTINUE,0,A,1,1,0,KEEP_STRUCTURAL_IN_ON_CUT,2,3,0,0,"tail_cont_enabled=1 tail_active_dims=(1,) tail_delta=0.1 tail_start=(6, 6, 6) returned_y=(1, 6, 0) returned_b=(0, 1, 0) returned_u=(0, 0, 0) returned_zcap=(1, 6, 0) max_tail_u=0",NA
120,P1_no_rho,302,1766.5115189000499,5.646875599981286,5.169772899942473,0.17142489994876087,0.01,55089.94272187561,55089.94272187561,-71600.39995612238,-52596.84855442268,0.0,-24508.80468614076,-72316.05646672986,-72316.04209010983,-47506.572042542095,-24508.80468614076,22997.767356401335,22997.76735640134,-23253.749574292608,36690.0,nan,nan,1.5000000000000002,10.0,0.0,0.0,10.0,0.85,CORE,MAIN,1.2130320513203778,0.26407692501174174,0.6,0.174,-47506.572042542095,STRUCTURAL,-0.891474380227441,-189873.47858070023,27300.0,0,0,0,0,0,0,0,inf,inf,NA,1,5,5,5,26,6,0,0,CONTINUE,0,A,1,1,0,KEEP_STRUCTURAL_IN_ON_CUT,2,3,0,0,"tail_cont_enabled=1 tail_active_dims=(1,) tail_delta=0.1 tail_start=(6, 6, 6) returned_y=(1, 6, 0) returned_b=(0, 1, 0) returned_u=(0, 0, 0) returned_zcap=(1, 6, 0) max_tail_u=0",NA
120,P1_no_rho,303,1771.9705150999362,5.646875599981286,5.458553000004031,0.1675558000570163,0.01,56556.84694782358,56556.84694782358,-71600.39995612238,-52376.81292053048,0.0,-24508.80468614076,-73078.70113546692,-73078.68653790759,-47506.572042542095,-24508.80468614076,22997.767356401335,22997.76735640134,-23135.30593603666,37448.5,nan,nan,1.5000000000000002,10.0,0.0,0.0,10.0,0.85,CORE,MAIN,1.2134649072463601,0.2504122989132168,0.6,0.174,-47506.572042542095,STRUCTURAL,-0.8891033570881064,-189873.47858070023,27300.0,0,0,0,0,0,0,0,inf,inf,NA,1,5,5,5,26,6,0,0,CONTINUE,0,A,1,1,0,KEEP_STRUCTURAL_IN_ON_CUT,2,3,0,0,"tail_cont_enabled=1 tail_active_dims=(1,) tail_delta=0.1 tail_start=(6, 6, 6) returned_y=(1, 6, 0) returned_b=(0, 1, 0) returned_u=(0, 0, 0) returned_zcap=(1, 6, 0) max_tail_u=0",NA
120,P1_no_rho,304,1776.4619003999978,5.646875599981286,4.490764599991962,0.17057359998580068,0.01,48123.400509853025,48123.400509853025,-71600.39995612238,-53641.82988622606,0.0,-24508.80468614076,-75962.50990426703,-75962.49472738974,-47506.572042542095,-24508.80468614076,22997.767356401335,22997.76735640134,-24498.998974193004,38018.5,nan,nan,1.5000000000000002,10.0,0.0,0.0,10.0,0.85,CORE,MAIN,1.2131801055573919,0.2455867472091824,0.6,0.174,-47506.572042542095,STRUCTURAL,-0.902429006110126,-189873.47858070023,27300.0,0,0,0,0,0,0,0,inf,inf,NA,1,5,5,5,26,6,0,0,CONTINUE,0,A,1,1,0,KEEP_STRUCTURAL_IN_ON_CUT,2,3,0,0,"tail_cont_enabled=1 tail_active_dims=(1,) tail_delta=0.1 tail_start=(6, 6, 6) returned_y=(1, 6, 0) returned_b=(0, 1, 0) returned_u=(0, 0, 0) returned_zcap=(1, 6, 0) max_tail_u=0",NA
120,P1_no_rho,305,1786.4222970999544,5.646875599981286,9.95970889995806,0.164805099950172,0.01,55001.88094064058,55001.88094064058,-71600.39995612238,-52610.05782160793,0.0,-24508.80468614076,-77959.79403274822,-77959.77859217727,-47506.572042542095,-24508.80468614076,22997.767356401335,22997.76735640134,-25652.452057947114,38798.0,nan,nan,1.5000000000000004,10.000000000000002,0.0,0.0,10.0,0.85,CORE,MAIN,1.2122826146540144,0.25566619049364414,0.6,0.174,-47506.572042542095,STRUCTURAL,-0.8987976447966413,-189873.47858070023,27300.0,0,0,0,0,0,0,0,inf,inf,NA,1,5,5,5,26,6,0,0,CONTINUE,0,A,1,1,0,KEEP_STRUCTURAL_IN_ON_CUT,2,3,0,0,"tail_cont_enabled=1 tail_active_dims=(1,) tail_delta=0.1 tail_start=(6, 6, 6) returned_y=(1, 6, 0) returned_b=(0, 1, 0) returned_u=(0, 0, 0) returned_zcap=(1, 6, 0) max_tail_u=0",NA
120,P1_no_rho,306,1792.0960333000403,5.646875599981286,5.673163600033149,0.1714794000145048,0.01,58586.977574663506,58586.977574663506,-71600.39995612238,-52072.29332650449,0.0,-24508.80468614076,-73617.91411905628,-73617.89996906699,-47506.572042542095,-24508.80468614076,22997.767356401335,22997.76735640134,-21971.044897034626,37365.5,nan,nan,1.5000000000000002,10.0,0.0,0.0,10.0,0.85,CORE,MAIN,1.2120793212536176,0.25109316663014836,0.6,0.174,-47506.572042542095,STRUCTURAL,-0.9214713228697126,-189873.47858070023,27300.0,0,0,0,0,0,0,0,inf,inf,NA,1,5,5,5,26,6,0,0,CONTINUE,0,A,1,1,0,KEEP_STRUCTURAL_IN_ON_CUT,2,3,0,0,"tail_cont_enabled=1 tail_active_dims=(1,) tail_delta=0.1 tail_start=(6, 6, 6) returned_y=(6, 0, 2) returned_b=(1, 0, 0) returned_u=(0, 0, 0) returned_zcap=(6, 0, 2) max_tail_u=0",NA
120,P1_no_rho,307,1796.734537399956,5.646875599981286,4.6380512999603525,0.15683650004211813,0.01,59131.76731697884,59131.76731697884,-71600.39995612238,-51990.57486515719,0.0,-24508.80468614076,-77371.14703052853,-77371.13191439149,-47506.572042542095,-24508.80468614076,22997.767356401335,22997.76735640134,-24480.482203724343,38033.0,nan,nan,1.5000000000000002,10.0,0.0,0.0,10.0,0.85,CORE,MAIN,1.211980558227171,0.2546164193567515,0.6,0.174,-47506.572042542095,STRUCTURAL,-0.9271010212301098,-189873.47858070023,27300.0,0,0,0,0,0,0,0,inf,inf,NA,1,5,5,5,26,6,0,0,CONTINUE,0,A,1,1,0,KEEP_STRUCTURAL_IN_ON_CUT,2,3,0,0,"tail_cont_enabled=1 tail_active_dims=(1,) tail_delta=0.1 tail_start=(6, 6, 6) returned_y=(5, 3, 0) returned_b=(0, 0, 0) returned_u=(0, 0, 0) returned_zcap=(5, 3, 0) max_tail_u=0",NA
