S,algo,t,wall_time_sec,init_time_sec,outer_iter_time_sec,inner_time_sec,eps_in_t,eta_t_star,eta_out,eta_in,eta_sep,eta_cap,eta_bracket,inner_lb,inner_ub,global_lb,global_ub,outer_gap,objective_cert_gap,best_ub_primal_obj,best_ub_primal_residual,returned_primal_obj,returned_primal_residual,lambda_inf,lambda_out_inf,lambda_in_inf,rho,theta,alpha_eff,phase_label,phase_reason,center_inf,center_step,anchor_mix,directional_beta,dual_inc_eta,sep_anchor_reason,alpha_signal,best_feas_eta,best_feas_residual,close_signal_streak,close_lock_counter,close_bc_count,close_case_c_count,close_reset_count,close_feas_lock_count,close_shadow_active,close_repaired_gap,close_repaired_residual,close_repaired_tag,inner_rnc_iters,inner_eval_calls,num_rnc_samples,num_rnc_kept_cuts,num_master_cuts,cut_added,outer_gap_certified,final_solution_found,stop_reason,sep_ok,case_label,sep_cut,out_cut,mispricing_streak,in_update_reason,add_geo,add_sup,add_rep,cap_promoted,z_best_ub,returned_z
120,P1_no_rho,1,12.997684499947354,5.581385899917223,7.416174900019541,4.159858600003645,0.01,0.0,0.0,-65630.34124931732,0.0,0.0,-19563.999835833107,-65630.34124931732,-65630.3311636245,-65630.34124931732,-19563.999835833107,46066.34141348422,46066.34141348422,-65630.3311636245,77400.0,nan,nan,0.0,0.0,0.0,0.0,10.0,0.0,HEADING_IN,WARMUP,0.0,0.0,0.8,0.0,-65630.34124931732,BOOT_NONE,0.0,-65630.34124931732,77400.0,0,0,0,0,0,0,0,inf,inf,NA,1,2,2,2,2,5,0,0,CONTINUE,0,A,1,1,0,BOOT_VALID_FROM_CUT,2,2,0,0,"tail_cont_enabled=1 tail_active_dims=(1,) tail_delta=0.1 tail_start=(6, 6, 6) returned_y=(0, 0, 0) returned_b=(0, 0, 0) returned_u=(0, 0, 0) returned_zcap=(0, 0, 0) max_tail_u=0",NA
120,P1_no_rho,2,16.71647089999169,5.581385899917223,3.717653200030327,1.4873981000855565,0.01,531442.6688363755,531442.6688363755,-65630.34124931732,352320.7658106676,0.0,-19563.999835833107,-177372.99662269253,-177372.91470138202,-65630.34124931732,-19563.999835833107,46066.34141348422,46066.34141348422,1127.0852986179923,25500.0,nan,nan,7.0,10.0,0.0,0.0,10.0,0.3,HEADING_IN,WARMUP,0.2704680278705828,0.2704680278705828,0.8,0.0,-65630.34124931732,STRUCTURAL,-1.0,-177372.99662269253,25500.0,0,0,0,0,0,0,0,inf,inf,NA,2,3,3,3,4,7,0,0,CONTINUE,0,A,1,1,0,KEEP_STRUCTURAL_IN_ON_CUT,2,3,1,0,"tail_cont_enabled=1 tail_active_dims=(1,) tail_delta=0.1 tail_start=(6, 6, 6) returned_y=(6, 0, 1) returned_b=(1, 0, 0) returned_u=(0, 0, 0) returned_zcap=(6, 0, 1) max_tail_u=0",NA
120,P1_no_rho,3,19.522250499925576,5.581385899917223,2.805210300022736,0.1483856999548152,0.01,9339.27078510098,9339.27078510098,-65630.34124931732,-13151.612825224509,0.0,-20069.841973582537,-289748.4773522149,-289748.42418480787,-65630.34124931732,-20069.841973582537,45560.499275734786,46066.34141348422,-42620.91444986459,67176.0,nan,nan,7.0,10.0,0.0,0.0,10.0,0.3,HEADING_IN,WARMUP,0.49037484191402647,0.2398505508264704,0.8,0.0,-65630.34124931732,STRUCTURAL,-0.525543794839448,-177372.99662269253,25500.0,0,0,0,0,0,0,0,inf,inf,NA,2,4,4,4,8,7,0,0,CONTINUE,0,A,1,1,0,KEEP_STRUCTURAL_IN_ON_CUT,2,3,1,0,"tail_cont_enabled=1 tail_active_dims=(1,) tail_delta=0.1 tail_start=(6, 6, 6) returned_y=(1, 0, 6) returned_b=(0, 0, 1) returned_u=(0, 0, 0) returned_zcap=(1, 0, 6) max_tail_u=0",NA
120,P1_no_rho,4,22.107453399919905,5.581385899917223,2.5847207999322563,0.1799664000282064,0.01,2089.9463439881297,2089.9463439881297,-65630.34124931732,-18226.139934003506,0.0,-20069.841973582537,-174873.69059556047,-174873.65129632916,-65630.34124931732,-20069.841973582537,45560.499275734786,46066.34141348422,-47291.85556193971,56724.0,nan,nan,7.0,10.0,0.0,0.0,10.0,0.3,HEADING_IN,WARMUP,1.0698686123293597,0.5794937704153332,0.8,0.0,-65630.34124931732,STRUCTURAL,-0.32130968935897497,-177372.99662269253,25500.0,0,0,0,0,0,0,0,inf,inf,NA,2,5,5,5,12,7,0,0,CONTINUE,0,A,1,1,0,KEEP_STRUCTURAL_IN_ON_CUT,2,3,1,0,"tail_cont_enabled=1 tail_active_dims=(1,) tail_delta=0.1 tail_start=(6, 6, 6) returned_y=(2, 6, 0) returned_b=(0, 1, 0) returned_u=(0, 0, 0) returned_zcap=(2, 6, 0) max_tail_u=0",NA
120,P1_no_rho,5,34.99928779993206,5.581385899917223,12.89138709998224,0.16049129993189126,0.01,1955.594165569896,1955.594165569896,-65630.34124931732,-18320.186458896267,0.0,-21410.840033315,-232206.72401956603,-232206.67023080838,-65630.34124931732,-21410.840033315,44219.501216002325,44219.50121600232,-38773.53487662779,51151.0,nan,nan,7.0,10.0,0.0,0.0,10.0,0.3,HEADING_IN,WARMUP,0.9619502450859455,0.573089331782235,0.8,0.0,-65630.34124931732,STRUCTURAL,-0.5402300062676628,-177372.99662269253,25500.0,0,0,0,0,0,0,0,inf,inf,NA,1,5,5,5,16,6,0,0,CONTINUE,0,A,1,1,0,KEEP_STRUCTURAL_IN_ON_CUT,2,3,0,0,"tail_cont_enabled=1 tail_active_dims=(1,) tail_delta=0.1 tail_start=(6, 6, 6) returned_y=(2, 6, 0) returned_b=(0, 1, 0) returned_u=(0, 0, 0) returned_zcap=(2, 6, 0) max_tail_u=0",NA
120,P1_no_rho,6,38.8005951999221,5.581385899917223,3.800665399990976,0.17730159999337047,0.01,845.5907866112033,845.5907866112033,-65630.34124931732,-19097.18882416735,0.0,-21410.840033315,-251452.29516751284,-251452.23596562017,-65630.34124931732,-21410.840033315,44219.501216002325,44219.50121600232,-36909.03523299878,52380.0,nan,nan,7.0,10.0,0.0,0.0,10.0,0.3,HEADING_IN,WARMUP,1.4075039235203586,0.5747901047565137,0.8,0.0,-65630.34124931732,STRUCTURAL,-0.5851284588791288,-177372.99662269253,25500.0,0,0,0,0,0,0,0,inf,inf,NA,1,5,5,5,19,6,0,0,CONTINUE,0,A,1,1,0,KEEP_STRUCTURAL_IN_ON_CUT,2,3,0,0,"tail_cont_enabled=1 tail_active_dims=(1,) tail_delta=0.1 tail_start=(6, 6, 6) returned_y=(2, 6, 0) returned_b=(0, 1, 0) returned_u=(0, 0, 0) returned_zcap=(2, 6, 0) max_tail_u=0",NA
120,P1_no_rho,7,42.594094199943356,5.581385899917223,3.7929038000293076,0.16802879993338138,0.01,-1493.0315851846442,-1493.0315851846442,-65630.34124931732,-20734.224484424445,0.0,-21410.840033315,-296630.80569595343,-296630.73266630457,-65630.34124931732,-21410.840033315,44219.501216002325,44219.50121600232,-32329.15177972637,47900.0,nan,nan,7.0,10.0,0.0,0.0,10.0,0.3,HEADING_IN,WARMUP,1.8082468476708493,0.7298313259183771,0.8,0.0,-65630.34124931732,STRUCTURAL,-0.7882540438013068,-177372.99662269253,25500.0,0,0,0,0,0,0,0,inf,inf,NA,1,5,5,5,21,6,0,0,CONTINUE,0,A,1,1,0,KEEP_STRUCTURAL_IN_ON_CUT,2,3,0,0,"tail_cont_enabled=1 tail_active_dims=(1,) tail_delta=0.1 tail_start=(6, 6, 6) returned_y=(2, 6, 0) returned_b=(0, 1, 0) returned_u=(0, 0, 0) returned_zcap=(2, 6, 0) max_tail_u=0",NA
120,P1_no_rho,8,45.14156179991551,5.581385899917223,2.5468723999802023,0.1755845999578014,0.01,-7281.337562611497,-7281.337562611497,-65630.34124931732,-24786.03866862324,0.0,-21410.840033315,-317138.3170934845,-317138.24896724365,-65630.34124931732,-21410.840033315,44219.501216002325,44219.50121600232,-43553.5260970729,55193.0,nan,nan,7.0,10.0,0.0,0.0,10.0,0.3,HEADING_IN,WARMUP,2.1225272736372176,0.7042767278748039,0.8,0.0,-65630.34124931732,STRUCTURAL,-0.7081247955102244,-177372.99662269253,25500.0,0,0,0,0,0,0,0,inf,inf,NA,1,5,5,5,21,6,0,0,CONTINUE,0,A,1,1,0,KEEP_STRUCTURAL_IN_ON_CUT,2,3,0,0,"tail_cont_enabled=1 tail_active_dims=(1,) tail_delta=0.1 tail_start=(6, 6, 6) returned_y=(0, 0, 0) returned_b=(0, 0, 0) returned_u=(0, 0, 0) returned_zcap=(0, 0, 0) max_tail_u=0",NA
120,P1_no_rho,9,48.06072609999683,5.581385899917223,2.918850800022483,0.16885380004532635,0.01,251919.3073423983,251919.3073423983,-65630.34124931732,-17997.893960559973,0.0,-21410.840033315,-47036.80371157194,-47036.79326994266,-47036.80371157194,-21410.840033315,25625.963678256943,25625.963678256936,-8314.875360401598,30471.0,nan,nan,1.5000000000000002,10.0,0.0,0.0,10.0,0.85,CORE,FORCE_CORE,1.1203292092402626,1.0944255559885685,0.6,0.174,-47036.80371157194,STRUCTURAL,-0.8471862406778261,-177372.99662269253,25500.0,0,0,0,0,0,0,0,inf,inf,NA,1,5,5,5,21,6,0,0,CONTINUE,0,A,1,1,0,KEEP_STRUCTURAL_IN_ON_CUT,2,3,0,0,"tail_cont_enabled=1 tail_active_dims=(1,) tail_delta=0.1 tail_start=(6, 6, 6) returned_y=(6, 0, 1) returned_b=(1, 0, 0) returned_u=(0, 0, 0) returned_zcap=(6, 0, 1) max_tail_u=0",NA
120,P1_no_rho,10,59.199594100005925,5.581385899917223,11.138402000069618,0.1770427000010386,0.01,45637.33835156565,45637.33835156565,-65630.34124931732,-48940.189309184876,0.0,-21410.840033315,-89520.64018832447,-89520.62302779748,-47036.80371157194,-21410.840033315,25625.963678256943,25625.963678256936,-34320.61182076335,44101.5,nan,nan,1.5000000000000002,10.0,0.0,0.0,10.0,0.85,CORE,FORCE_CORE,1.091519197389358,0.7284655643158783,0.6,0.12,-47036.80371157194,STRUCTURAL,-0.8344389073241517,-177372.99662269253,25500.0,0,0,0,0,0,0,0,inf,inf,NA,1,5,5,5,21,6,0,0,CONTINUE,0,A,1,1,0,KEEP_STRUCTURAL_IN_ON_CUT,2,3,0,0,"tail_cont_enabled=1 tail_active_dims=(1,) tail_delta=0.1 tail_start=(6, 6, 6) returned_y=(1, 0, 6) returned_b=(0, 0, 1) returned_u=(0, 0, 0) returned_zcap=(1, 0, 6) max_tail_u=0",NA
120,P1_no_rho,11,62.98594339995179,5.581385899917223,3.7856583000393584,0.17178060009609908,0.01,49898.99876105951,49898.99876105951,-65630.34124931732,-48300.940247760795,0.0,-21410.840033315,-84506.64024187866,-84506.62448713712,-47036.80371157194,-21410.840033315,25625.963678256943,25625.963678256936,-30672.64206004929,42072.0,nan,nan,1.5000000000000002,10.0,0.0,0.0,10.0,0.85,CORE,FORCE_CORE,1.0645284617724067,0.4378736779990394,0.6,0.13799999999999998,-47036.80371157194,STRUCTURAL,-0.8530452942113174,-177372.99662269253,25500.0,0,0,0,0,0,0,0,inf,inf,NA,1,5,5,5,21,6,0,0,CONTINUE,0,A,1,1,0,KEEP_STRUCTURAL_IN_ON_CUT,2,3,0,0,"tail_cont_enabled=1 tail_active_dims=(1,) tail_delta=0.1 tail_start=(6, 6, 6) returned_y=(2, 6, 0) returned_b=(0, 1, 0) returned_u=(0, 0, 0) returned_zcap=(2, 6, 0) max_tail_u=0",NA
120,P1_no_rho,12,67.87773449998349,5.581385899917223,4.891325599979609,0.17786299996078014,0.01,40139.352091543915,40139.352091543915,-65630.34124931732,-49764.88724818813,0.0,-21410.840033315,-79332.39540550506,-79332.38095862776,-47036.80371157194,-21410.840033315,25625.963678256943,25625.963678256936,-25309.260826294918,41128.0,nan,nan,1.5000000000000002,10.0,0.0,0.0,10.0,0.85,CORE,FORCE_CORE,1.0807237676065222,0.34123112836066116,0.6,0.156,-47036.80371157194,STRUCTURAL,-0.8756908534709983,-177372.99662269253,25500.0,0,0,0,0,0,0,0,inf,inf,NA,1,5,5,5,21,6,0,0,CONTINUE,0,A,1,1,0,KEEP_STRUCTURAL_IN_ON_CUT,2,3,0,0,"tail_cont_enabled=1 tail_active_dims=(1,) tail_delta=0.1 tail_start=(6, 6, 6) returned_y=(2, 6, 0) returned_b=(0, 1, 0) returned_u=(0, 0, 0) returned_zcap=(2, 6, 0) max_tail_u=0",NA
120,P1_no_rho,13,72.59713589993771,5.581385899917223,4.718836499960162,0.17572880000807345,0.01,36624.078624972164,36624.078624972164,-65630.34124931732,-50292.1782681739,0.0,-21410.840033315,-81970.03260017643,-81970.0178657468,-47036.80371157194,-21410.840033315,25625.963678256943,25625.963678256936,-26507.505987800698,40906.5,nan,nan,1.5000000000000002,10.0,0.0,0.0,10.0,0.85,CORE,FORCE_CORE,1.0916694335766872,0.24165584739298707,0.6,0.174,-47036.80371157194,STRUCTURAL,-0.9038907733155058,-177372.99662269253,25500.0,0,0,0,0,0,0,0,inf,inf,NA,1,5,5,5,21,6,0,0,CONTINUE,0,A,1,1,0,KEEP_STRUCTURAL_IN_ON_CUT,2,3,0,0,"tail_cont_enabled=1 tail_active_dims=(1,) tail_delta=0.1 tail_start=(6, 6, 6) returned_y=(2, 6, 0) returned_b=(0, 1, 0) returned_u=(0, 0, 0) returned_zcap=(2, 6, 0) max_tail_u=0",NA
120,P1_no_rho,14,78.01473499997519,5.581385899917223,5.41710449999664,0.17678400001022965,0.01,54096.460847820956,54096.460847820956,-65630.34124931732,-47671.32093474658,0.0,-21410.840033315,-88560.28065851945,-88560.26406872073,-47036.80371157194,-21410.840033315,25625.963678256943,25625.963678256936,-31962.955728513494,42328.0,nan,nan,1.5000000000000002,10.0,0.0,0.0,10.0,0.85,CORE,FORCE_CORE,1.0747460783042793,0.21127261967528477,0.6,0.174,-47036.80371157194,STRUCTURAL,-0.8914084977667616,-177372.99662269253,25500.0,0,0,0,0,0,0,0,inf,inf,NA,1,5,5,5,21,6,0,0,CONTINUE,0,A,1,1,0,KEEP_STRUCTURAL_IN_ON_CUT,2,3,0,0,"tail_cont_enabled=1 tail_active_dims=(1,) tail_delta=0.1 tail_start=(6, 6, 6) returned_y=(1, 0, 6) returned_b=(0, 0, 1) returned_u=(0, 0, 0) returned_zcap=(1, 0, 6) max_tail_u=0",NA
120,P1_no_rho,15,85.28911769995466,5.581385899917223,7.273890699958429,0.16933930001687258,0.01,24244.80455944009,24244.80455944009,-65630.34124931732,-52149.06937800371,0.0,-21410.840033315,-80166.9629692518,-80166.94762409438,-47036.80371157194,-21410.840033315,25625.963678256943,25625.963678256936,-26730.87307447014,39854.0,nan,nan,1.5000000000000002,10.0,0.0,0.0,10.0,0.85,CORE,MAIN,1.1224647893573552,0.2480542910851719,0.6,0.174,-47036.80371157194,STRUCTURAL,-0.8938638455299216,-177372.99662269253,25500.0,0,0,0,0,0,0,0,inf,inf,NA,1,5,5,5,21,6,0,0,CONTINUE,0,A,1,1,0,KEEP_STRUCTURAL_IN_ON_CUT,2,3,0,0,"tail_cont_enabled=1 tail_active_dims=(1,) tail_delta=0.1 tail_start=(6, 6, 6) returned_y=(1, 0, 6) returned_b=(0, 0, 1) returned_u=(0, 0, 0) returned_zcap=(1, 0, 6) max_tail_u=0",NA
120,P1_no_rho,16,88.34436659992207,5.581385899917223,3.0547819999046624,0.17727810004726052,0.01,155455.3392007091,155455.3392007091,-65630.34124931732,-32467.489181813355,0.0,-21410.840033315,-57054.06996818373,-57054.05750463712,-47036.80371157194,-21410.840033315,25625.963678256943,25625.963678256936,-12877.669491137714,30687.0,nan,nan,1.5000000000000002,10.0,0.0,0.0,10.0,0.85,CORE,MAIN,1.140219010338219,0.2808736627511049,0.6,0.174,-47036.80371157194,STRUCTURAL,-0.9597199251257188,-177372.99662269253,25500.0,0,0,0,0,0,0,0,inf,inf,NA,1,5,5,5,21,6,0,0,CONTINUE,0,A,1,1,0,KEEP_STRUCTURAL_IN_ON_CUT,2,3,0,0,"tail_cont_enabled=1 tail_active_dims=(1,) tail_delta=0.1 tail_start=(6, 6, 6) returned_y=(6, 0, 1) returned_b=(1, 0, 0) returned_u=(0, 0, 0) returned_zcap=(6, 0, 1) max_tail_u=0",NA
120,P1_no_rho,17,92.96088439994492,5.581385899917223,4.616012900019996,0.17195680004078895,0.01,46234.379882842986,46234.379882842986,-65630.34124931732,-48850.63307949327,0.0,-21410.840033315,-73300.3671921169,-73300.35233798693,-47036.80371157194,-21410.840033315,25625.963678256943,25625.963678256936,-23885.254510263927,36602.5,nan,nan,1.5000000000000002,10.0,0.0,0.0,10.0,0.85,CORE,MAIN,1.1534678814019912,0.21856993210278797,0.6,0.174,-47036.80371157194,STRUCTURAL,-0.9000313790537625,-177372.99662269253,25500.0,0,0,0,0,0,0,0,inf,inf,NA,1,5,5,5,21,6,0,0,CONTINUE,0,A,1,1,0,KEEP_STRUCTURAL_IN_ON_CUT,2,3,0,0,"tail_cont_enabled=1 tail_active_dims=(1,) tail_delta=0.1 tail_start=(6, 6, 6) returned_y=(2, 6, 0) returned_b=(0, 1, 0) returned_u=(0, 0, 0) returned_zcap=(2, 6, 0) max_tail_u=0",NA
120,P1_no_rho,18,97.51268209994305,5.581385899917223,4.55098179995548,0.16239599999971688,0.01,50187.095765388,50187.095765388,-65630.34124931732,-48257.72569711152,0.0,-21410.840033315,-75117.479965871,-75117.46486553847,-47036.80371157194,-21410.840033315,25625.963678256943,25625.963678256936,-23536.11168896903,36673.0,nan,nan,1.5000000000000002,10.0,0.0,0.0,10.0,0.85,CORE,MAIN,1.1617163555518815,0.2344628032761289,0.6,0.174,-47036.80371157194,STRUCTURAL,-0.9376808219774659,-177372.99662269253,25500.0,0,0,0,0,0,0,0,inf,inf,NA,1,5,5,5,21,6,0,0,CONTINUE,0,A,1,1,0,KEEP_STRUCTURAL_IN_ON_CUT,2,3,0,0,"tail_cont_enabled=1 tail_active_dims=(1,) tail_delta=0.1 tail_start=(6, 6, 6) returned_y=(6, 0, 1) returned_b=(1, 0, 0) returned_u=(0, 0, 0) returned_zcap=(6, 0, 1) max_tail_u=0",NA
120,P1_no_rho,19,102.29917129990645,5.581385899917223,4.786090999958105,0.15932369988877326,0.01,61446.02779867532,61446.02779867532,-65630.34124931732,-46568.88589211843,0.0,-21410.840033315,-74740.51271905875,-74740.4979403266,-47036.80371157194,-21410.840033315,25625.963678256943,25625.963678256936,-23669.10982171854,36682.5,nan,nan,1.5000000000000002,10.0,0.0,0.0,10.0,0.85,CORE,MAIN,1.1672544464159709,0.2452866857078827,0.6,0.174,-47036.80371157194,STRUCTURAL,-0.9281698924302336,-177372.99662269253,25500.0,0,0,0,0,0,0,0,inf,inf,NA,1,5,5,5,21,6,0,0,CONTINUE,0,A,1,1,0,KEEP_STRUCTURAL_IN_ON_CUT,2,3,0,0,"tail_cont_enabled=1 tail_active_dims=(1,) tail_delta=0.1 tail_start=(6, 6, 6) returned_y=(2, 6, 0) returned_b=(0, 1, 0) returned_u=(0, 0, 0) returned_zcap=(2, 6, 0) max_tail_u=0",NA
120,P1_no_rho,20,109.82065289991442,5.581385899917223,7.521034199977294,0.20492699998430908,0.01,49805.75485219603,49805.75485219603,-65630.34124931732,-48314.92683409032,0.0,-21410.840033315,-74409.29721428275,-74409.2828149316,-47036.80371157194,-21410.840033315,25625.963678256943,25625.963678256936,-23335.785838805266,37065.0,nan,nan,1.5000000000000002,10.0,0.0,0.0,10.0,0.85,CORE,MAIN,1.1715310574211735,0.24263305052653839,0.6,0.174,-47036.80371157194,STRUCTURAL,-0.9186293803880813,-177372.99662269253,25500.0,0,0,0,0,0,0,0,inf,inf,NA,1,5,5,5,21,6,0,0,CONTINUE,0,A,1,1,0,KEEP_STRUCTURAL_IN_ON_CUT,2,3,0,0,"tail_cont_enabled=1 tail_active_dims=(1,) tail_delta=0.1 tail_start=(6, 6, 6) returned_y=(2, 6, 0) returned_b=(0, 1, 0) returned_u=(0, 0, 0) returned_zcap=(2, 6, 0) max_tail_u=0",NA
120,P1_no_rho,21,113.39920689992141,5.581385899917223,3.577927800011821,0.17697250004857779,0.01,23790.80418332846,23790.80418332846,-65630.34124931732,-52217.16943442046,0.0,-21410.840033315,-58995.00522611598,-58994.993525425714,-47036.80371157194,-21410.840033315,25625.963678256943,25625.963678256936,-19390.83623829962,31196.5,nan,nan,1.5000000000000002,10.0,0.0,0.0,10.0,0.85,CORE,MAIN,1.1788578718615006,0.27161972717783023,0.6,0.174,-47036.80371157194,STRUCTURAL,-0.8463376187954011,-177372.99662269253,25500.0,0,0,0,0,0,0,0,inf,inf,NA,1,5,5,5,21,6,0,0,CONTINUE,0,A,1,1,0,KEEP_STRUCTURAL_IN_ON_CUT,2,3,0,0,"tail_cont_enabled=1 tail_active_dims=(1,) tail_delta=0.1 tail_start=(6, 6, 6) returned_y=(6, 0, 1) returned_b=(1, 0, 0) returned_u=(0, 0, 0) returned_zcap=(6, 0, 1) max_tail_u=0",NA
120,P1_no_rho,22,117.91800689999945,5.581385899917223,4.51825620001182,0.15928929997608066,0.01,40721.88107052805,40721.88107052805,-65630.34124931732,-49677.50790134052,0.0,-21410.840033315,-74958.34300334523,-74958.32834320792,-47036.80371157194,-21410.840033315,25625.963678256943,25625.963678256936,-23994.561054540576,37214.5,nan,nan,1.5000000000000002,10.0,0.0,0.0,10.0,0.85,CORE,MAIN,1.1826134965941932,0.2640334260289795,0.6,0.174,-47036.80371157194,STRUCTURAL,-0.912973299630831,-177372.99662269253,25500.0,0,0,0,0,0,0,0,inf,inf,NA,1,5,5,5,21,6,0,0,CONTINUE,0,A,1,1,0,KEEP_STRUCTURAL_IN_ON_CUT,2,3,0,0,"tail_cont_enabled=1 tail_active_dims=(1,) tail_delta=0.1 tail_start=(6, 6, 6) returned_y=(6, 0, 1) returned_b=(1, 0, 0) returned_u=(0, 0, 0) returned_zcap=(6, 0, 1) max_tail_u=0",NA
120,P1_no_rho,23,120.88596330001019,5.581385899917223,2.9675621000351384,0.1855249999789521,0.01,96745.67854225822,96745.67854225822,-65630.34124931732,-41273.93828058099,0.0,-21410.840033315,-63566.16536881019,-63566.15196446296,-47036.80371157194,-21410.840033315,25625.963678256943,25625.963678256936,-18551.916291038815,32921.0,nan,nan,1.5000000000000002,10.0,0.0,0.0,10.0,0.85,CORE,MAIN,1.1871850752816775,0.2692628543498782,0.6,0.174,-47036.80371157194,STRUCTURAL,-0.9115607195695581,-177372.99662269253,25500.0,0,0,0,0,0,0,0,inf,inf,NA,1,5,5,5,21,6,0,0,CONTINUE,0,A,1,1,0,KEEP_STRUCTURAL_IN_ON_CUT,2,3,0,0,"tail_cont_enabled=1 tail_active_dims=(1,) tail_delta=0.1 tail_start=(6, 6, 6) returned_y=(6, 0, 1) returned_b=(1, 0, 0) returned_u=(0, 0, 0) returned_zcap=(6, 0, 1) max_tail_u=0",NA
120,P1_no_rho,24,123.51108059997205,5.581385899917223,2.6241777000250295,0.17384709999896586,0.01,61544.76672414041,61544.76672414041,-65630.34124931732,-46554.07505329866,0.0,-21410.840033315,-67537.12626921924,-67537.11230625698,-47036.80371157194,-21410.840033315,25625.963678256943,25625.963678256936,-18900.544588667148,33682.5,nan,nan,1.5000000000000002,10.0,0.0,0.0,10.0,0.85,CORE,MAIN,1.19059365466911,0.25180209287160504,0.6,0.174,-47036.80371157194,STRUCTURAL,-0.9626476205267787,-177372.99662269253,25500.0,0,0,0,0,0,0,0,inf,inf,NA,1,5,5,5,21,6,0,0,CONTINUE,0,A,1,1,0,KEEP_STRUCTURAL_IN_ON_CUT,2,3,0,0,"tail_cont_enabled=1 tail_active_dims=(1,) tail_delta=0.1 tail_start=(6, 6, 6) returned_y=(2, 6, 0) returned_b=(0, 1, 0) returned_u=(0, 0, 0) returned_zcap=(2, 6, 0) max_tail_u=0",NA
120,P1_no_rho,25,130.95146130002104,5.581385899917223,7.439792999997735,0.16432670003268868,0.01,47576.83118889739,47576.83118889739,-65630.34124931732,-48649.265383585116,0.0,-21410.840033315,-70849.04855222933,-70849.03392903626,-47036.80371157194,-21410.840033315,25625.963678256943,25625.963678256936,-20928.35533862158,34935.5,nan,nan,1.5000000000000002,10.0,0.0,0.0,10.0,0.85,CORE,MAIN,1.1923952298843183,0.24134192328922732,0.6,0.174,-47036.80371157194,STRUCTURAL,-0.9526256213195685,-177372.99662269253,25500.0,0,0,0,0,0,0,0,inf,inf,NA,1,5,5,5,21,6,0,0,CONTINUE,0,A,1,1,0,KEEP_STRUCTURAL_IN_ON_CUT,2,3,0,0,"tail_cont_enabled=1 tail_active_dims=(1,) tail_delta=0.1 tail_start=(6, 6, 6) returned_y=(6, 0, 1) returned_b=(1, 0, 0) returned_u=(0, 0, 0) returned_zcap=(6, 0, 1) max_tail_u=0",NA
120,P1_no_rho,26,134.7897415999323,5.581385899917223,3.8377485999371856,0.16512010002043098,0.01,39832.481483661926,39832.481483661926,-65630.34124931732,-49810.917839370435,0.0,-21410.840033315,-74040.91350732333,-74040.89871454686,-47036.80371157194,-21410.840033315,25625.963678256943,25625.963678256936,-23168.69270744081,36468.0,nan,nan,1.5000000000000002,10.0,0.0,0.0,10.0,0.85,CORE,MAIN,1.1926033944136107,0.2423397734853725,0.6,0.174,-47036.80371157194,STRUCTURAL,-0.929988044442727,-177372.99662269253,25500.0,0,0,0,0,0,0,0,inf,inf,NA,1,5,5,5,21,6,0,0,CONTINUE,0,A,1,1,0,KEEP_STRUCTURAL_IN_ON_CUT,2,3,0,0,"tail_cont_enabled=1 tail_active_dims=(1,) tail_delta=0.1 tail_start=(6, 6, 6) returned_y=(6, 0, 1) returned_b=(1, 0, 0) returned_u=(0, 0, 0) returned_zcap=(6, 0, 1) max_tail_u=0",NA
120,P1_no_rho,27,137.41420230001677,5.581385899917223,2.623896500095725,0.19819240004289895,0.01,41964.194695632505,41964.194695632505,-65630.34124931732,-49491.16085757485,0.0,-21410.840033315,-89365.72226548017,-89365.70663598401,-47036.80371157194,-21410.840033315,25625.963678256943,25625.963678256936,-25608.671470987116,45553.5,nan,nan,1.5000000000000002,10.0,0.0,0.0,10.0,0.85,CORE,MAIN,1.1920488508298965,0.22041021982713427,0.6,0.174,-47036.80371157194,STRUCTURAL,-0.9330718849264694,-177372.99662269253,25500.0,0,0,0,0,0,0,0,inf,inf,NA,2,6,6,6,21,7,0,0,CONTINUE,0,A,1,1,0,KEEP_STRUCTURAL_IN_ON_CUT,2,3,1,0,"tail_cont_enabled=1 tail_active_dims=(1,) tail_delta=0.1 tail_start=(6, 6, 6) returned_y=(1, 6, 0) returned_b=(0, 1, 0) returned_u=(0, 0.1, 0) returned_zcap=(1, 6.1, 0) max_tail_u=0.1",NA
120,P1_no_rho,28,141.70293459994718,5.581385899917223,4.288266899995506,0.2053653000621125,0.01,69513.57717997392,69513.57717997392,-65630.34124931732,-45358.75348492364,0.0,-21410.840033315,-62385.64336511954,-62385.63096091406,-47036.80371157194,-21410.840033315,25625.963678256943,25625.963678256936,-18619.32317680589,32087.5,nan,nan,1.5000000000000002,10.0,0.0,0.0,10.0,0.85,CORE,MAIN,1.1945496551869388,0.27744269557062073,0.6,0.174,-47036.80371157194,STRUCTURAL,-0.9093116797113759,-177372.99662269253,25500.0,0,0,0,0,0,0,0,inf,inf,NA,2,6,6,6,22,6,0,0,CONTINUE,0,A,1,1,0,KEEP_STRUCTURAL_IN_ON_CUT,2,3,0,0,"tail_cont_enabled=1 tail_active_dims=(1,) tail_delta=0.1 tail_start=(6, 6, 6) returned_y=(2, 6, 0) returned_b=(0, 1, 0) returned_u=(0, 0, 0) returned_zcap=(2, 6, 0) max_tail_u=0",NA
120,P1_no_rho,29,145.05753049999475,5.581385899917223,3.354039099998772,0.1841115999268368,0.01,34052.07855826542,34052.07855826542,-65630.34124931732,-50677.97827817991,0.0,-21410.840033315,-69439.82465966618,-69439.81081327113,-47036.80371157194,-21410.840033315,25625.963678256943,25625.963678256936,-20723.018671667884,34732.0,nan,nan,1.5000000000000002,10.0,0.0,0.0,10.0,0.85,CORE,MAIN,1.195932340719663,0.25044894491507097,0.6,0.174,-47036.80371157194,STRUCTURAL,-0.9350990852163855,-177372.99662269253,25500.0,0,0,0,0,0,0,0,inf,inf,NA,1,5,5,5,22,6,0,0,CONTINUE,0,A,1,1,0,KEEP_STRUCTURAL_IN_ON_CUT,2,3,0,0,"tail_cont_enabled=1 tail_active_dims=(1,) tail_delta=0.1 tail_start=(6, 6, 6) returned_y=(6, 0, 1) returned_b=(1, 0, 0) returned_u=(0, 0, 0) returned_zcap=(6, 0, 1) max_tail_u=0",NA
120,P1_no_rho,30,151.3575840999838,5.581385899917223,6.299728100071661,0.16778340004384518,0.01,61787.11278272128,61787.11278272128,-65630.34124931732,-46517.72314451153,0.0,-21410.840033315,-68069.2855247193,-68069.27147254905,-47036.80371157194,-21410.840033315,25625.963678256943,25625.963678256936,-19971.511527127,33907.0,nan,nan,1.5000000000000002,10.0,0.0,0.0,10.0,0.85,CORE,MAIN,1.1972486337571508,0.2522913988492075,0.6,0.174,-47036.80371157194,STRUCTURAL,-0.94568004532834,-177372.99662269253,25500.0,0,0,0,0,0,0,0,inf,inf,NA,1,5,5,5,22,6,0,0,CONTINUE,0,A,1,1,0,KEEP_STRUCTURAL_IN_ON_CUT,2,3,0,0,"tail_cont_enabled=1 tail_active_dims=(1,) tail_delta=0.1 tail_start=(6, 6, 6) returned_y=(6, 0, 1) returned_b=(1, 0, 0) returned_u=(0, 0, 0) returned_zcap=(6, 0, 1) max_tail_u=0",NA
120,P1_no_rho,31,154.78379589994438,5.581385899917223,3.4256485999794677,0.16232420003507286,0.01,76799.26153655563,76799.26153655563,-65630.34124931732,-44265.900831436375,0.0,-21410.840033315,-78809.7095829571,-78809.69397567425,-47036.80371157194,-21410.840033315,25625.963678256943,25625.963678256936,-24997.70897297484,37792.5,nan,nan,1.5000000000000002,10.0,0.0,0.0,10.0,0.85,CORE,MAIN,1.1960144238467698,0.23941447499313218,0.6,0.174,-47036.80371157194,STRUCTURAL,-0.9492533351449697,-177372.99662269253,25500.0,0,0,0,0,0,0,0,inf,inf,NA,1,5,5,5,22,6,0,0,CONTINUE,0,A,1,1,0,KEEP_STRUCTURAL_IN_ON_CUT,2,3,0,0,"tail_cont_enabled=1 tail_active_dims=(1,) tail_delta=0.1 tail_start=(6, 6, 6) returned_y=(2, 6, 0) returned_b=(0, 1, 0) returned_u=(0, 0, 0) returned_zcap=(2, 6, 0) max_tail_u=0",NA
120,P1_no_rho,32,157.77045029995497,5.581385899917223,2.9860715999966487,0.1700018000556156,0.01,61200.85146039085,61200.85146039085,-65630.34124931732,-46605.6623428611,0.0,-21410.840033315,-66329.1533369353,-66329.13937814649,-47036.80371157194,-21410.840033315,25625.963678256943,25625.963678256936,-18204.52423956834,33597.0,nan,nan,1.5000000000000002,10.0,0.0,0.0,10.0,0.85,CORE,MAIN,1.1971203825792394,0.2688809512651664,0.6,0.174,-47036.80371157194,STRUCTURAL,-0.9549387373590527,-177372.99662269253,25500.0,0,0,0,0,0,0,0,inf,inf,NA,1,5,5,5,22,6,0,0,CONTINUE,0,A,1,1,0,KEEP_STRUCTURAL_IN_ON_CUT,2,3,0,0,"tail_cont_enabled=1 tail_active_dims=(1,) tail_delta=0.1 tail_start=(6, 6, 6) returned_y=(6, 0, 1) returned_b=(1, 0, 0) returned_u=(0, 0, 0) returned_zcap=(6, 0, 1) max_tail_u=0",NA
120,P1_no_rho,33,160.02749269991182,5.581385899917223,2.2565056999446824,0.1720939000369981,0.01,47355.430995152645,47355.430995152645,-65630.34124931732,-48682.475412646825,0.0,-21410.840033315,-81523.32639666142,-81523.31053140349,-47036.80371157194,-21410.840033315,25625.963678256943,25625.963678256936,-26225.821794886935,38818.5,nan,nan,1.5000000000000002,10.0,0.0,0.0,10.0,0.85,CORE,MAIN,1.1962489579860942,0.2236541781674254,0.6,0.174,-47036.80371157194,STRUCTURAL,-0.949675863081032,-177372.99662269253,25500.0,0,0,0,0,0,0,0,inf,inf,NA,1,5,5,5,22,6,0,0,CONTINUE,0,A,1,1,0,KEEP_STRUCTURAL_IN_ON_CUT,2,3,0,0,"tail_cont_enabled=1 tail_active_dims=(1,) tail_delta=0.1 tail_start=(6, 6, 6) returned_y=(6, 0, 1) returned_b=(1, 0, 0) returned_u=(0, 0, 0) returned_zcap=(6, 0, 1) max_tail_u=0",NA
120,P1_no_rho,34,163.71025070000906,5.581385899917223,3.6824769000522792,0.17304179992061108,0.01,34814.99750382085,34814.99750382085,-65630.34124931732,-50563.54043634659,0.0,-21410.840033315,-63848.2488417799,-63848.23546761427,-47036.80371157194,-21410.840033315,25625.963678256943,25625.963678256936,-18553.19756336251,33571.5,nan,nan,1.5000000000000002,10.0,0.0,0.0,10.0,0.85,CORE,MAIN,1.1988855471867386,0.2660116089366963,0.6,0.174,-47036.80371157194,STRUCTURAL,-0.8994740162390068,-177372.99662269253,25500.0,0,0,0,0,0,0,0,inf,inf,NA,1,5,5,5,22,6,0,0,CONTINUE,0,A,1,1,0,KEEP_STRUCTURAL_IN_ON_CUT,2,3,0,0,"tail_cont_enabled=1 tail_active_dims=(1,) tail_delta=0.1 tail_start=(6, 6, 6) returned_y=(1, 0, 6) returned_b=(0, 0, 1) returned_u=(0, 0, 0) returned_zcap=(1, 0, 6) max_tail_u=0",NA
120,P1_no_rho,35,170.65629389998503,5.581385899917223,6.945583499968052,0.16545480000786483,0.01,65772.17132643772,65772.17132643772,-65630.34124931732,-45919.964362954066,0.0,-21410.840033315,-68290.59751639179,-68290.58377502806,-47036.80371157194,-21410.840033315,25625.963678256943,25625.963678256936,-21750.59293468239,34118.5,nan,nan,1.5000000000000002,10.0,0.0,0.0,10.0,0.85,CORE,MAIN,1.20090269212422,0.24566052115111303,0.6,0.174,-47036.80371157194,STRUCTURAL,-0.9093793853841889,-177372.99662269253,25500.0,0,0,0,0,0,0,0,inf,inf,NA,1,5,5,5,22,6,0,0,CONTINUE,0,A,1,1,0,KEEP_STRUCTURAL_IN_ON_CUT,2,3,0,0,"tail_cont_enabled=1 tail_active_dims=(1,) tail_delta=0.1 tail_start=(6, 6, 6) returned_y=(2, 6, 0) returned_b=(0, 1, 0) returned_u=(0, 0, 0) returned_zcap=(2, 6, 0) max_tail_u=0",NA
120,P1_no_rho,36,174.00714050000533,5.581385899917223,3.350506199989468,0.16702489997260273,0.01,61587.913294675236,61587.913294675236,-65630.34124931732,-46547.60306771844,0.0,-21410.840033315,-74579.84769423514,-74579.83359538793,-47036.80371157194,-21410.840033315,25625.963678256943,25625.963678256936,-20884.268380126712,37479.0,nan,nan,1.5000000000000002,10.0,0.0,0.0,10.0,0.85,CORE,MAIN,1.2008847625591845,0.2522219358072203,0.6,0.174,-47036.80371157194,STRUCTURAL,-0.955122694758153,-177372.99662269253,25500.0,0,0,0,0,0,0,0,inf,inf,NA,1,5,5,5,22,6,0,0,CONTINUE,0,A,1,1,0,KEEP_STRUCTURAL_IN_ON_CUT,2,3,0,0,"tail_cont_enabled=1 tail_active_dims=(1,) tail_delta=0.1 tail_start=(6, 6, 6) returned_y=(2, 6, 0) returned_b=(0, 1, 0) returned_u=(0, 0, 0) returned_zcap=(2, 6, 0) max_tail_u=0",NA
120,P1_no_rho,37,177.9509508999763,5.581385899917223,3.943281100015156,0.177347999997437,0.01,62943.754796287765,62943.754796287765,-65630.34124931732,-46344.22684247656,0.0,-21410.840033315,-74712.6394573487,-74712.62443710363,-47036.80371157194,-21410.840033315,25625.963678256943,25625.963678256936,-22671.674220579618,37292.0,nan,nan,1.5000000000000002,10.0,0.0,0.0,10.0,0.85,CORE,MAIN,1.2005926298154277,0.23919651156957633,0.6,0.174,-47036.80371157194,STRUCTURAL,-0.9303326936344527,-177372.99662269253,25500.0,0,0,0,0,0,0,0,inf,inf,NA,1,5,5,5,22,6,0,0,CONTINUE,0,A,1,1,0,KEEP_STRUCTURAL_IN_ON_CUT,2,3,0,0,"tail_cont_enabled=1 tail_active_dims=(1,) tail_delta=0.1 tail_start=(6, 6, 6) returned_y=(1, 0, 6) returned_b=(0, 0, 1) returned_u=(0, 0, 0) returned_zcap=(1, 0, 6) max_tail_u=0",NA
120,P1_no_rho,38,180.92343799991067,5.581385899917223,2.9719205999281257,0.1591611000476405,0.01,43452.88181257539,43452.88181257539,-65630.34124931732,-49267.85779003341,0.0,-21410.840033315,-73847.91438967062,-73847.89968148779,-47036.80371157194,-21410.840033315,25625.963678256943,25625.963678256936,-24048.749021931882,36828.5,nan,nan,1.5000000000000002,10.0,0.0,0.0,10.0,0.85,CORE,MAIN,1.1997354918310525,0.2393544469620179,0.6,0.174,-47036.80371157194,STRUCTURAL,-0.9014603845673126,-177372.99662269253,25500.0,0,0,0,0,0,0,0,inf,inf,NA,1,5,5,5,22,6,0,0,CONTINUE,0,A,1,1,0,KEEP_STRUCTURAL_IN_ON_CUT,2,3,0,0,"tail_cont_enabled=1 tail_active_dims=(1,) tail_delta=0.1 tail_start=(6, 6, 6) returned_y=(1, 0, 6) returned_b=(0, 0, 1) returned_u=(0, 0, 0) returned_zcap=(1, 0, 6) max_tail_u=0",NA
120,P1_no_rho,39,183.09255950001534,5.581385899917223,2.1684836000204086,0.16678060009144247,0.01,69793.54563777345,69793.54563777345,-65630.34124931732,-45316.75821625371,0.0,-21410.840033315,-65132.0540682675,-65132.040388719644,-47036.80371157194,-21410.840033315,25625.963678256943,25625.963678256936,-18155.674830808995,33275.5,nan,nan,1.5000000000000002,10.0,0.0,0.0,10.0,0.85,CORE,MAIN,1.2016616572204217,0.2636738908043048,0.6,0.174,-47036.80371157194,STRUCTURAL,-0.9411602241471078,-177372.99662269253,25500.0,0,0,0,0,0,0,0,inf,inf,NA,1,5,5,5,22,6,0,0,CONTINUE,0,A,1,1,0,KEEP_STRUCTURAL_IN_ON_CUT,2,3,0,0,"tail_cont_enabled=1 tail_active_dims=(1,) tail_delta=0.1 tail_start=(6, 6, 6) returned_y=(6, 0, 1) returned_b=(1, 0, 0) returned_u=(0, 0, 0) returned_zcap=(6, 0, 1) max_tail_u=0",NA
120,P1_no_rho,40,192.80790229991544,5.581385899917223,9.714796099928208,0.16682629997376353,0.01,35278.48797161539,35278.48797161539,-65630.34124931732,-50494.016866177415,0.0,-21410.840033315,-71874.9082470573,-71874.8936829511,-47036.80371157194,-21410.840033315,25625.963678256943,25625.963678256936,-21602.287977006887,35071.5,nan,nan,1.5000000000000002,10.0,0.0,0.0,10.0,0.85,CORE,MAIN,1.2029956039980094,0.24478609674186969,0.6,0.174,-47036.80371157194,STRUCTURAL,-0.9556212443331327,-177372.99662269253,25500.0,0,0,0,0,0,0,0,inf,inf,NA,1,5,5,5,22,6,0,0,CONTINUE,0,A,1,1,0,KEEP_STRUCTURAL_IN_ON_CUT,2,3,0,0,"tail_cont_enabled=1 tail_active_dims=(1,) tail_delta=0.1 tail_start=(6, 6, 6) returned_y=(2, 6, 0) returned_b=(0, 1, 0) returned_u=(0, 0, 0) returned_zcap=(2, 6, 0) max_tail_u=0",NA
120,P1_no_rho,41,195.68801789998543,5.581385899917223,2.879566300078295,0.16194789996370673,0.01,69624.29667293925,69624.29667293925,-65630.34124931732,-45342.14556097884,0.0,-21410.840033315,-68188.73149095263,-68188.71737301652,-47036.80371157194,-21410.840033315,25625.963678256943,25625.963678256936,-20284.06333576659,33686.5,nan,nan,1.5000000000000002,10.0,0.0,0.0,10.0,0.85,CORE,MAIN,1.2043417457191117,0.2541479262303551,0.6,0.174,-47036.80371157194,STRUCTURAL,-0.9480485068152907,-177372.99662269253,25500.0,0,0,0,0,0,0,0,inf,inf,NA,1,5,5,5,22,6,0,0,CONTINUE,0,A,1,1,0,KEEP_STRUCTURAL_IN_ON_CUT,2,3,0,0,"tail_cont_enabled=1 tail_active_dims=(1,) tail_delta=0.1 tail_start=(6, 6, 6) returned_y=(6, 0, 1) returned_b=(1, 0, 0) returned_u=(0, 0, 0) returned_zcap=(6, 0, 1) max_tail_u=0",NA
120,P1_no_rho,42,197.9838326999452,5.581385899917223,2.2952535999938846,0.1758425000589341,0.01,62949.697148308565,62949.697148308565,-65630.34124931732,-46343.33548967344,0.0,-21410.840033315,-67108.00812535548,-67107.99450854244,-47036.80371157194,-21410.840033315,25625.963678256943,25625.963678256936,-20714.38798304623,33732.5,nan,nan,1.5000000000000002,10.0,0.0,0.0,10.0,0.85,CORE,MAIN,1.206131516672671,0.26431902093460025,0.6,0.174,-47036.80371157194,STRUCTURAL,-0.9168923446823529,-177372.99662269253,25500.0,0,0,0,0,0,0,0,inf,inf,NA,1,5,5,5,22,6,0,0,CONTINUE,0,A,1,1,0,KEEP_STRUCTURAL_IN_ON_CUT,2,3,0,0,"tail_cont_enabled=1 tail_active_dims=(1,) tail_delta=0.1 tail_start=(6, 6, 6) returned_y=(6, 0, 1) returned_b=(1, 0, 0) returned_u=(0, 0, 0) returned_zcap=(6, 0, 1) max_tail_u=0",NA
120,P1_no_rho,43,201.72241239994764,5.581385899917223,3.7380754000041634,0.15968709997832775,0.01,57316.06470405419,57316.06470405419,-65630.34124931732,-47188.380356311594,0.0,-21410.840033315,-73444.92112292036,-73444.90688614451,-47036.80371157194,-21410.840033315,25625.963678256943,25625.963678256936,-21384.134942573375,36729.0,nan,nan,1.5000000000000002,10.0,0.0,0.0,10.0,0.85,CORE,MAIN,1.2065118531360828,0.24828318829010154,0.6,0.174,-47036.80371157194,STRUCTURAL,-0.9449530696646814,-177372.99662269253,25500.0,0,0,0,0,0,0,0,inf,inf,NA,1,5,5,5,22,6,0,0,CONTINUE,0,A,1,1,0,KEEP_STRUCTURAL_IN_ON_CUT,2,3,0,0,"tail_cont_enabled=1 tail_active_dims=(1,) tail_delta=0.1 tail_start=(6, 6, 6) returned_y=(2, 6, 0) returned_b=(0, 1, 0) returned_u=(0, 0, 0) returned_zcap=(2, 6, 0) max_tail_u=0",NA
120,P1_no_rho,44,204.69077839993406,5.581385899917223,2.967938799993135,0.18140060000587255,0.01,46865.67528051864,46865.67528051864,-65630.34124931732,-48755.93876984193,0.0,-21410.840033315,-79478.69046520702,-79478.67541153339,-47036.80371157194,-21410.840033315,25625.963678256943,25625.963678256936,-24247.61513645226,39585.5,nan,nan,1.5000000000000002,10.0,0.0,0.0,10.0,0.85,CORE,MAIN,1.2049638587725584,0.2306518838887005,0.6,0.174,-47036.80371157194,STRUCTURAL,-0.9301564171237974,-177372.99662269253,25500.0,0,0,0,0,0,0,0,inf,inf,NA,1,5,5,5,22,6,0,0,CONTINUE,0,A,1,1,0,KEEP_STRUCTURAL_IN_ON_CUT,2,3,0,0,"tail_cont_enabled=1 tail_active_dims=(1,) tail_delta=0.1 tail_start=(6, 6, 6) returned_y=(2, 6, 0) returned_b=(0, 1, 0) returned_u=(0, 0, 0) returned_zcap=(2, 6, 0) max_tail_u=0",NA
120,P1_no_rho,45,211.67513230000623,5.581385899917223,6.983792999992147,0.16418820002581924,0.01,38659.56054682246,38659.56054682246,-65630.34124931732,-49986.855979896354,0.0,-21410.840033315,-74054.03551738743,-74054.02070861739,-47036.80371157194,-21410.840033315,25625.963678256943,25625.963678256936,-22895.61283171102,36342.5,nan,nan,1.5000000000000002,10.0,0.0,0.0,10.0,0.85,CORE,MAIN,1.2050355229684528,0.24193871606716777,0.6,0.174,-47036.80371157194,STRUCTURAL,-0.9384496182505581,-177372.99662269253,25500.0,0,0,0,0,0,0,0,inf,inf,NA,1,5,5,5,22,6,0,0,CONTINUE,0,A,1,1,0,KEEP_STRUCTURAL_IN_ON_CUT,2,3,0,0,"tail_cont_enabled=1 tail_active_dims=(1,) tail_delta=0.1 tail_start=(6, 6, 6) returned_y=(6, 0, 1) returned_b=(1, 0, 0) returned_u=(0, 0, 0) returned_zcap=(6, 0, 1) max_tail_u=0",NA
120,P1_no_rho,46,213.93312840000726,5.581385899917223,2.2575713000260293,0.17723330005537719,0.01,70629.44090187496,70629.44090187496,-65630.34124931732,-45191.37392663848,0.0,-21410.840033315,-67109.07731832795,-67109.06326977993,-47036.80371157194,-21410.840033315,25625.963678256943,25625.963678256936,-18264.177831061093,34172.0,nan,nan,1.5000000000000002,10.0,0.0,0.0,10.0,0.85,CORE,MAIN,1.2065841691663453,0.24837793223326854,0.6,0.174,-47036.80371157194,STRUCTURAL,-0.9529221865605141,-177372.99662269253,25500.0,0,0,0,0,0,0,0,inf,inf,NA,1,5,5,5,22,6,0,0,CONTINUE,0,A,1,1,0,KEEP_STRUCTURAL_IN_ON_CUT,2,3,0,0,"tail_cont_enabled=1 tail_active_dims=(1,) tail_delta=0.1 tail_start=(6, 6, 6) returned_y=(6, 0, 1) returned_b=(1, 0, 0) returned_u=(0, 0, 0) returned_zcap=(6, 0, 1) max_tail_u=0",NA
120,P1_no_rho,47,216.96785539994016,5.581385899917223,3.034178299945779,0.21972259995527565,0.01,64232.72855829727,64232.72855829727,-65630.34124931732,-46150.88077817513,0.0,-21410.840033315,-72027.71266234608,-72027.69809965038,-47036.80371157194,-21410.840033315,25625.963678256943,25625.963678256936,-21499.466965028485,35364.0,nan,nan,1.5000000000000002,10.0,0.0,0.0,10.0,0.85,CORE,MAIN,1.2071475351948797,0.26027729555056967,0.6,0.174,-47036.80371157194,STRUCTURAL,-0.9525361221321472,-177372.99662269253,25500.0,0,0,0,0,0,0,0,inf,inf,NA,1,5,5,5,22,6,0,0,CONTINUE,0,A,1,1,0,KEEP_STRUCTURAL_IN_ON_CUT,2,3,0,0,"tail_cont_enabled=1 tail_active_dims=(1,) tail_delta=0.1 tail_start=(6, 6, 6) returned_y=(2, 6, 0) returned_b=(0, 1, 0) returned_u=(0, 0, 0) returned_zcap=(2, 6, 0) max_tail_u=0",NA
120,P1_no_rho,48,220.33516169991344,5.581385899917223,3.36679399991408,0.16652890003751963,0.01,60518.47117893878,60518.47117893878,-65630.34124931732,-46708.01938507891,0.0,-21410.840033315,-70098.01852257631,-70098.00404949201,-47036.80371157194,-21410.840033315,25625.963678256943,25625.963678256936,-21179.179263099566,34553.5,nan,nan,1.5000000000000002,10.0,0.0,0.0,10.0,0.85,CORE,MAIN,1.20760281154875,0.25808570548884735,0.6,0.174,-47036.80371157194,STRUCTURAL,-0.9438276833778042,-177372.99662269253,25500.0,0,0,0,0,0,0,0,inf,inf,NA,1,5,5,5,22,6,0,0,CONTINUE,0,A,1,1,0,KEEP_STRUCTURAL_IN_ON_CUT,2,3,0,0,"tail_cont_enabled=1 tail_active_dims=(1,) tail_delta=0.1 tail_start=(6, 6, 6) returned_y=(6, 0, 1) returned_b=(1, 0, 0) returned_u=(0, 0, 0) returned_zcap=(6, 0, 1) max_tail_u=0",NA
120,P1_no_rho,49,222.74693549994845,5.581385899917223,2.4114609999815,0.17648059991188347,0.01,64812.79908261023,64812.79908261023,-65630.34124931732,-46063.87019952819,0.0,-21410.840033315,-68241.31715829666,-68241.30324691358,-47036.80371157194,-21410.840033315,25625.963678256943,25625.963678256936,-20848.646146519313,34497.0,nan,nan,1.5000000000000002,10.0,0.0,0.0,10.0,0.85,CORE,MAIN,1.2087165508425972,0.26599780378825444,0.6,0.174,-47036.80371157194,STRUCTURAL,-0.9158797789255927,-177372.99662269253,25500.0,0,0,0,0,0,0,0,inf,inf,NA,1,5,5,5,22,6,0,0,CONTINUE,0,A,1,1,0,KEEP_STRUCTURAL_IN_ON_CUT,2,3,0,0,"tail_cont_enabled=1 tail_active_dims=(1,) tail_delta=0.1 tail_start=(6, 6, 6) returned_y=(6, 0, 1) returned_b=(1, 0, 0) returned_u=(0, 0, 0) returned_zcap=(6, 0, 1) max_tail_u=0",NA
120,P1_no_rho,50,229.87441339995712,5.581385899917223,7.12697099999059,0.16745930002070963,0.01,59438.21258468035,59438.21258468035,-65630.34124931732,-46870.05817421767,0.0,-21410.840033315,-71552.1692916171,-71552.15490694587,-47036.80371157194,-21410.840033315,25625.963678256943,25625.963678256936,-21465.529022666564,35627.5,nan,nan,1.5000000000000002,10.0,0.0,0.0,10.0,0.85,CORE,MAIN,1.209580443584819,0.24567840777804095,0.6,0.174,-47036.80371157194,STRUCTURAL,-0.9372278134265064,-177372.99662269253,25500.0,0,0,0,0,0,0,0,inf,inf,NA,1,5,5,5,22,6,0,0,CONTINUE,0,A,1,1,0,KEEP_STRUCTURAL_IN_ON_CUT,2,3,0,0,"tail_cont_enabled=1 tail_active_dims=(1,) tail_delta=0.1 tail_start=(6, 6, 6) returned_y=(2, 6, 0) returned_b=(0, 1, 0) returned_u=(0, 0, 0) returned_zcap=(2, 6, 0) max_tail_u=0",NA
120,P1_no_rho,51,233.6809073999757,5.581385899917223,3.806077599991113,0.1750776000553742,0.01,41249.10810681636,41249.10810681636,-65630.34124931732,-49598.42384589727,0.0,-21410.840033315,-68415.83422004184,-68415.82030674744,-47036.80371157194,-21410.840033315,25625.963678256943,25625.963678256936,-19964.69955316242,34113.5,nan,nan,1.5000000000000002,10.0,0.0,0.0,10.0,0.85,CORE,MAIN,1.210818883135235,0.2576864710879714,0.6,0.174,-47036.80371157194,STRUCTURAL,-0.9468611303166387,-177372.99662269253,25500.0,0,0,0,0,0,0,0,inf,inf,NA,1,5,5,5,22,6,0,0,CONTINUE,0,A,1,1,0,KEEP_STRUCTURAL_IN_ON_CUT,2,3,0,0,"tail_cont_enabled=1 tail_active_dims=(1,) tail_delta=0.1 tail_start=(6, 6, 6) returned_y=(6, 0, 1) returned_b=(1, 0, 0) returned_u=(0, 0, 0) returned_zcap=(6, 0, 1) max_tail_u=0",NA
120,P1_no_rho,52,236.13263909996022,5.581385899917223,2.4511180999688804,0.17374220001511276,0.01,45137.22770481561,45137.22770481561,-65630.34124931732,-49015.205906197385,0.0,-21410.840033315,-76838.58714982201,-76838.57190003159,-47036.80371157194,-21410.840033315,25625.963678256943,25625.963678256936,-24021.08739427957,37292.5,nan,nan,1.5000000000000002,10.0,0.0,0.0,10.0,0.85,CORE,MAIN,1.2107068983927451,0.2557567518690931,0.6,0.174,-47036.80371157194,STRUCTURAL,-0.9442020872070256,-177372.99662269253,25500.0,0,0,0,0,0,0,0,inf,inf,NA,1,5,5,5,22,6,0,0,CONTINUE,0,A,1,1,0,KEEP_STRUCTURAL_IN_ON_CUT,2,3,0,0,"tail_cont_enabled=1 tail_active_dims=(1,) tail_delta=0.1 tail_start=(6, 6, 6) returned_y=(6, 0, 1) returned_b=(1, 0, 0) returned_u=(0, 0, 0) returned_zcap=(6, 0, 1) max_tail_u=0",NA
120,P1_no_rho,53,239.02813479991164,5.581385899917223,2.8949526000069454,0.15246300003491342,0.01,73824.83455598546,73824.83455598546,-65630.34124931732,-44712.0648785219,0.0,-21410.840033315,-69546.08467129167,-69546.07043680621,-47036.80371157194,-21410.840033315,25625.963678256943,25625.963678256936,-19369.721450839617,35359.5,nan,nan,1.5000000000000002,10.0,0.0,0.0,10.0,0.85,CORE,MAIN,1.2113200715664867,0.26404432496612484,0.6,0.174,-47036.80371157194,STRUCTURAL,-0.9460229732880195,-177372.99662269253,25500.0,0,0,0,0,0,0,0,inf,inf,NA,1,5,5,5,22,6,0,0,CONTINUE,0,A,1,1,0,KEEP_STRUCTURAL_IN_ON_CUT,2,3,0,0,"tail_cont_enabled=1 tail_active_dims=(1,) tail_delta=0.1 tail_start=(6, 6, 6) returned_y=(2, 6, 0) returned_b=(0, 1, 0) returned_u=(0, 0, 0) returned_zcap=(2, 6, 0) max_tail_u=0",NA
120,P1_no_rho,54,242.66185239993501,5.581385899917223,3.6334071999881417,0.15656739997211844,0.01,61390.315331956095,61390.315331956095,-65630.34124931732,-46577.242762126305,0.0,-21410.840033315,-76600.80607003819,-76600.7910270527,-47036.80371157194,-21410.840033315,25625.963678256943,25625.963678256936,-22864.31507239097,37439.0,nan,nan,1.5000000000000002,10.0,0.0,0.0,10.0,0.85,CORE,MAIN,1.2104460234121337,0.24128550232053692,0.6,0.174,-47036.80371157194,STRUCTURAL,-0.9568716392827752,-177372.99662269253,25500.0,0,0,0,0,0,0,0,inf,inf,NA,1,5,5,5,22,6,0,0,CONTINUE,0,A,1,1,0,KEEP_STRUCTURAL_IN_ON_CUT,2,3,0,0,"tail_cont_enabled=1 tail_active_dims=(1,) tail_delta=0.1 tail_start=(6, 6, 6) returned_y=(2, 6, 0) returned_b=(0, 1, 0) returned_u=(0, 0, 0) returned_zcap=(2, 6, 0) max_tail_u=0",NA
120,P1_no_rho,55,249.4849322999362,5.581385899917223,6.822731800028123,0.16722219996154308,0.01,57862.500263391645,57862.500263391645,-65630.34124931732,-47106.415022410976,0.0,-21410.840033315,-70579.35065321758,-70579.33606469705,-47036.80371157194,-21410.840033315,25625.963678256943,25625.963678256936,-20906.221547193785,35072.5,nan,nan,1.5000000000000002,10.0,0.0,0.0,10.0,0.85,CORE,MAIN,1.210374720623594,0.2583965537768913,0.6,0.174,-47036.80371157194,STRUCTURAL,-0.9441987220282415,-177372.99662269253,25500.0,0,0,0,0,0,0,0,inf,inf,NA,1,5,5,5,22,6,0,0,CONTINUE,0,A,1,1,0,KEEP_STRUCTURAL_IN_ON_CUT,2,3,0,0,"tail_cont_enabled=1 tail_active_dims=(1,) tail_delta=0.1 tail_start=(6, 6, 6) returned_y=(6, 0, 1) returned_b=(1, 0, 0) returned_u=(0, 0, 0) returned_zcap=(6, 0, 1) max_tail_u=0",NA
120,P1_no_rho,56,251.82859189994633,5.581385899917223,2.343246500007808,0.16790450003463775,0.01,60728.199491532265,60728.199491532265,-65630.34124931732,-46676.56013818988,0.0,-21410.840033315,-69161.65885669891,-69161.64457817202,-47036.80371157194,-21410.840033315,25625.963678256943,25625.963678256936,-20519.47327548819,34593.0,nan,nan,1.5000000000000002,10.0,0.0,0.0,10.0,0.85,CORE,MAIN,1.210985103804038,0.253777118837588,0.6,0.174,-47036.80371157194,STRUCTURAL,-0.9374183852741659,-177372.99662269253,25500.0,0,0,0,0,0,0,0,inf,inf,NA,1,5,5,5,22,6,0,0,CONTINUE,0,A,1,1,0,KEEP_STRUCTURAL_IN_ON_CUT,2,3,0,0,"tail_cont_enabled=1 tail_active_dims=(1,) tail_delta=0.1 tail_start=(6, 6, 6) returned_y=(6, 0, 1) returned_b=(1, 0, 0) returned_u=(0, 0, 0) returned_zcap=(6, 0, 1) max_tail_u=0",NA
120,P1_no_rho,57,255.59490839997306,5.581385899917223,3.765925499959849,0.16052779997698963,0.01,57612.55536653911,57612.55536653911,-65630.34124931732,-47143.90675693886,0.0,-21410.840033315,-71964.97569483913,-71964.96109921705,-47036.80371157194,-21410.840033315,25625.963678256943,25625.963678256936,-21897.650167896205,35812.0,nan,nan,1.5000000000000002,10.0,0.0,0.0,10.0,0.85,CORE,MAIN,1.211552605769832,0.2502594350026581,0.6,0.174,-47036.80371157194,STRUCTURAL,-0.9320397433136163,-177372.99662269253,25500.0,0,0,0,0,0,0,0,inf,inf,NA,1,5,5,5,22,6,0,0,CONTINUE,0,A,1,1,0,KEEP_STRUCTURAL_IN_ON_CUT,2,3,0,0,"tail_cont_enabled=1 tail_active_dims=(1,) tail_delta=0.1 tail_start=(6, 6, 6) returned_y=(6, 0, 1) returned_b=(1, 0, 0) returned_u=(0, 0, 0) returned_zcap=(6, 0, 1) max_tail_u=0",NA
120,P1_no_rho,58,258.8560233999742,5.581385899917223,3.260442500002682,0.15465010004118085,0.01,64734.0044942001,64734.0044942001,-65630.34124931732,-46075.68938778971,0.0,-21410.840033315,-69830.44741113334,-69830.43321735933,-47036.80371157194,-21410.840033315,25625.963678256943,25625.963678256936,-20691.89130598406,34901.0,nan,nan,1.5000000000000002,10.0,0.0,0.0,10.0,0.85,CORE,MAIN,1.2126030245690558,0.2548687367009652,0.6,0.174,-47036.80371157194,STRUCTURAL,-0.9386272009660708,-177372.99662269253,25500.0,0,0,0,0,0,0,0,inf,inf,NA,1,5,5,5,22,6,0,0,CONTINUE,0,A,1,1,0,KEEP_STRUCTURAL_IN_ON_CUT,2,3,0,0,"tail_cont_enabled=1 tail_active_dims=(1,) tail_delta=0.1 tail_start=(6, 6, 6) returned_y=(6, 0, 1) returned_b=(1, 0, 0) returned_u=(0, 0, 0) returned_zcap=(6, 0, 1) max_tail_u=0",NA
120,P1_no_rho,59,261.4906602000119,5.581385899917223,2.6341457000235096,0.17605300003197044,0.01,42351.405749784644,42351.405749784644,-65630.34124931732,-49433.079199452026,0.0,-21410.840033315,-76318.07099638981,-76318.05581915274,-47036.80371157194,-21410.840033315,25625.963678256943,25625.963678256936,-24149.16802875303,37157.5,nan,nan,1.5000000000000002,10.0,0.0,0.0,10.0,0.85,CORE,MAIN,1.211991004228471,0.24133747321185373,0.6,0.174,-47036.80371157194,STRUCTURAL,-0.9359956543613844,-177372.99662269253,25500.0,0,0,0,0,0,0,0,inf,inf,NA,1,5,5,5,22,6,0,0,CONTINUE,0,A,1,1,0,KEEP_STRUCTURAL_IN_ON_CUT,2,3,0,0,"tail_cont_enabled=1 tail_active_dims=(1,) tail_delta=0.1 tail_start=(6, 6, 6) returned_y=(6, 0, 1) returned_b=(1, 0, 0) returned_u=(0, 0, 0) returned_zcap=(6, 0, 1) max_tail_u=0",NA
120,P1_no_rho,60,268.6663943999447,5.581385899917223,7.1752308999421075,0.17747800005599856,0.01,71700.12942530235,71700.12942530235,-65630.34124931732,-45030.770648124366,0.0,-21410.840033315,-69872.10691807322,-69872.09262453327,-47036.80371157194,-21410.840033315,25625.963678256943,25625.963678256936,-19070.145159465126,34988.5,nan,nan,1.5000000000000002,10.0,0.0,0.0,10.0,0.85,CORE,MAIN,1.2125309771170345,0.2599826631538761,0.6,0.174,-47036.80371157194,STRUCTURAL,-0.9679741908544834,-177372.99662269253,25500.0,0,0,0,0,0,0,0,inf,inf,NA,1,5,5,5,22,6,0,0,CONTINUE,0,A,1,1,0,KEEP_STRUCTURAL_IN_ON_CUT,2,3,0,0,"tail_cont_enabled=1 tail_active_dims=(1,) tail_delta=0.1 tail_start=(6, 6, 6) returned_y=(2, 6, 0) returned_b=(0, 1, 0) returned_u=(0, 0, 0) returned_zcap=(2, 6, 0) max_tail_u=0",NA
120,P1_no_rho,61,271.62586529995315,5.581385899917223,2.959089000010863,0.1593778000678867,0.01,54132.06232533998,54132.06232533998,-65630.34124931732,-47665.980713118726,0.0,-21410.840033315,-77730.11333635994,-77730.09807773502,-47036.80371157194,-21410.840033315,25625.963678256943,25625.963678256936,-23410.63702731951,37784.0,nan,nan,1.5000000000000002,10.0,0.0,0.0,10.0,0.85,CORE,MAIN,1.211468892770665,0.24321640841822512,0.6,0.174,-47036.80371157194,STRUCTURAL,-0.9584208668645547,-177372.99662269253,25500.0,0,0,0,0,0,0,0,inf,inf,NA,1,5,5,5,22,6,0,0,CONTINUE,0,A,1,1,0,KEEP_STRUCTURAL_IN_ON_CUT,2,3,0,0,"tail_cont_enabled=1 tail_active_dims=(1,) tail_delta=0.1 tail_start=(6, 6, 6) returned_y=(2, 6, 0) returned_b=(0, 1, 0) returned_u=(0, 0, 0) returned_zcap=(2, 6, 0) max_tail_u=0",NA
120,P1_no_rho,62,274.45280269999057,5.581385899917223,2.826302699977532,0.18577029998414218,0.01,65916.15388863462,65916.15388863462,-65630.34124931732,-45898.36697862453,0.0,-21410.840033315,-70230.34414514557,-70230.32974672166,-47036.80371157194,-21410.840033315,25625.963678256943,25625.963678256936,-19959.861412904127,35087.5,nan,nan,1.5000000000000002,10.0,0.0,0.0,10.0,0.85,CORE,MAIN,1.2118850148368487,0.25231932561136483,0.6,0.174,-47036.80371157194,STRUCTURAL,-0.955144867997958,-177372.99662269253,25500.0,0,0,0,0,0,0,0,inf,inf,NA,1,5,5,5,22,6,0,0,CONTINUE,0,A,1,1,0,KEEP_STRUCTURAL_IN_ON_CUT,2,3,0,0,"tail_cont_enabled=1 tail_active_dims=(1,) tail_delta=0.1 tail_start=(6, 6, 6) returned_y=(2, 6, 0) returned_b=(0, 1, 0) returned_u=(0, 0, 0) returned_zcap=(2, 6, 0) max_tail_u=0",NA
120,P1_no_rho,63,277.8423502999358,5.581385899917223,3.3886581999249756,0.1626523999730125,0.01,65570.99272080872,65570.99272080872,-65630.34124931732,-45950.14115379842,0.0,-21410.840033315,-70368.04420149856,-70368.0296877712,-47036.80371157194,-21410.840033315,25625.963678256943,25625.963678256936,-20603.06350453127,35007.5,nan,nan,1.5000000000000002,10.0,0.0,0.0,10.0,0.85,CORE,MAIN,1.2125813269874748,0.26507416132577144,0.6,0.174,-47036.80371157194,STRUCTURAL,-0.9477010389819306,-177372.99662269253,25500.0,0,0,0,0,0,0,0,inf,inf,NA,1,5,5,5,22,6,0,0,CONTINUE,0,A,1,1,0,KEEP_STRUCTURAL_IN_ON_CUT,2,3,0,0,"tail_cont_enabled=1 tail_active_dims=(1,) tail_delta=0.1 tail_start=(6, 6, 6) returned_y=(6, 0, 1) returned_b=(1, 0, 0) returned_u=(0, 0, 0) returned_zcap=(6, 0, 1) max_tail_u=0",NA
120,P1_no_rho,64,280.8240531999618,5.581385899917223,2.981177799985744,0.16137270000763237,0.01,54923.29733539914,54923.29733539914,-65630.34124931732,-47547.29546160985,0.0,-21410.840033315,-71907.33474494795,-71907.32006885039,-47036.80371157194,-21410.840033315,25625.963678256943,25625.963678256936,-21425.93735543496,35507.5,nan,nan,1.5000000000000002,10.0,0.0,0.0,10.0,0.85,CORE,MAIN,1.21289145382147,0.2507850172689069,0.6,0.174,-47036.80371157194,STRUCTURAL,-0.9478069462022659,-177372.99662269253,25500.0,0,0,0,0,0,0,0,inf,inf,NA,1,5,5,5,22,6,0,0,CONTINUE,0,A,1,1,0,KEEP_STRUCTURAL_IN_ON_CUT,2,3,0,0,"tail_cont_enabled=1 tail_active_dims=(1,) tail_delta=0.1 tail_start=(6, 6, 6) returned_y=(6, 0, 1) returned_b=(1, 0, 0) returned_u=(0, 0, 0) returned_zcap=(6, 0, 1) max_tail_u=0",NA
120,P1_no_rho,65,286.7857488999143,5.581385899917223,5.960954200010747,0.15945290005765855,0.01,61692.067787590946,61692.067787590946,-65630.34124931732,-46531.979893781085,0.0,-21410.840033315,-70136.33013334451,-70136.31585947017,-47036.80371157194,-21410.840033315,25625.963678256943,25625.963678256936,-21177.326072432905,34793.0,nan,nan,1.5000000000000002,10.0,0.0,0.0,10.0,0.85,CORE,MAIN,1.2137237009319952,0.2642895050386119,0.6,0.174,-47036.80371157194,STRUCTURAL,-0.9381003800963271,-177372.99662269253,25500.0,0,0,0,0,0,0,0,inf,inf,NA,1,5,5,5,22,6,0,0,CONTINUE,0,A,1,1,0,KEEP_STRUCTURAL_IN_ON_CUT,2,3,0,0,"tail_cont_enabled=1 tail_active_dims=(1,) tail_delta=0.1 tail_start=(6, 6, 6) returned_y=(6, 0, 1) returned_b=(1, 0, 0) returned_u=(0, 0, 0) returned_zcap=(6, 0, 1) max_tail_u=0",NA
120,P1_no_rho,66,290.5062135999324,5.581385899917223,3.720038899919018,0.2125561999855563,0.01,40635.22615458106,40635.22615458106,-65630.34124931732,-49690.50613873256,0.0,-21410.840033315,-76227.45291598089,-76227.43778063903,-47036.80371157194,-21410.840033315,25625.963678256943,25625.963678256936,-23858.631279505415,37132.5,nan,nan,1.5000000000000002,10.0,0.0,0.0,10.0,0.85,CORE,MAIN,1.2132650204261162,0.2431284836928186,0.6,0.174,-47036.80371157194,STRUCTURAL,-0.9402151125677615,-177372.99662269253,25500.0,0,0,0,0,0,0,0,inf,inf,NA,1,5,5,5,22,6,0,0,CONTINUE,0,A,1,1,0,KEEP_STRUCTURAL_IN_ON_CUT,2,3,0,0,"tail_cont_enabled=1 tail_active_dims=(1,) tail_delta=0.1 tail_start=(6, 6, 6) returned_y=(6, 0, 1) returned_b=(1, 0, 0) returned_u=(0, 0, 0) returned_zcap=(6, 0, 1) max_tail_u=0",NA
120,P1_no_rho,67,293.57247939996887,5.581385899917223,3.0658650000113994,0.1704453999409452,0.01,72334.54896139403,72334.54896139403,-65630.34124931732,-44935.60771771062,0.0,-21410.840033315,-70189.41449603862,-70189.40012944634,-47036.80371157194,-21410.840033315,25625.963678256943,25625.963678256936,-19505.08447403569,35189.5,nan,nan,1.5000000000000002,10.0,0.0,0.0,10.0,0.85,CORE,MAIN,1.2139078990019145,0.2626846183607616,0.6,0.174,-47036.80371157194,STRUCTURAL,-0.9602166490081917,-177372.99662269253,25500.0,0,0,0,0,0,0,0,inf,inf,NA,1,5,5,5,22,6,0,0,CONTINUE,0,A,1,1,0,KEEP_STRUCTURAL_IN_ON_CUT,2,3,0,0,"tail_cont_enabled=1 tail_active_dims=(1,) tail_delta=0.1 tail_start=(6, 6, 6) returned_y=(2, 6, 0) returned_b=(0, 1, 0) returned_u=(0, 0, 0) returned_zcap=(2, 6, 0) max_tail_u=0",NA
120,P1_no_rho,68,296.651982499985,5.581385899917223,3.07877450005617,0.16209360002540052,0.01,51003.31630329241,51003.31630329241,-65630.34124931732,-48135.29261642586,0.0,-21410.840033315,-77530.05493243162,-77530.03968527602,-47036.80371157194,-21410.840033315,25625.963678256943,25625.963678256936,-22962.851233478763,37867.0,nan,nan,1.5000000000000002,10.0,0.0,0.0,10.0,0.85,CORE,MAIN,1.212986477225482,0.2303994849995905,0.6,0.174,-47036.80371157194,STRUCTURAL,-0.9606814808284655,-177372.99662269253,25500.0,0,0,0,0,0,0,0,inf,inf,NA,1,5,5,5,22,6,0,0,CONTINUE,0,A,1,1,0,KEEP_STRUCTURAL_IN_ON_CUT,2,3,0,0,"tail_cont_enabled=1 tail_active_dims=(1,) tail_delta=0.1 tail_start=(6, 6, 6) returned_y=(2, 6, 0) returned_b=(0, 1, 0) returned_u=(0, 0, 0) returned_zcap=(2, 6, 0) max_tail_u=0",NA
120,P1_no_rho,69,299.4741628000047,5.581385899917223,2.8215428000548854,0.15380510000977665,0.01,70295.42928391081,70295.42928391081,-65630.34124931732,-45241.4756693331,0.0,-21410.840033315,-71055.29735851572,-71055.28284909444,-47036.80371157194,-21410.840033315,25625.963678256943,25625.963678256936,-20039.01743560007,35374.0,nan,nan,1.5000000000000002,10.0,0.0,0.0,10.0,0.85,CORE,MAIN,1.212886076984531,0.2640103414992637,0.6,0.174,-47036.80371157194,STRUCTURAL,-0.9614644543731617,-177372.99662269253,25500.0,0,0,0,0,0,0,0,inf,inf,NA,1,5,5,5,22,6,0,0,CONTINUE,0,A,1,1,0,KEEP_STRUCTURAL_IN_ON_CUT,2,3,0,0,"tail_cont_enabled=1 tail_active_dims=(1,) tail_delta=0.1 tail_start=(6, 6, 6) returned_y=(2, 6, 0) returned_b=(0, 1, 0) returned_u=(0, 0, 0) returned_zcap=(2, 6, 0) max_tail_u=0",NA
120,P1_no_rho,70,306.47233759996016,5.581385899917223,6.997663600021042,0.166806900058873,0.01,61922.53327801207,61922.53327801207,-65630.34124931732,-46497.41007021791,0.0,-21410.840033315,-71598.97979882147,-71598.96505866238,-47036.80371157194,-21410.840033315,25625.963678256943,25625.963678256936,-21008.24334237451,36397.0,nan,nan,1.5000000000000002,10.0,0.0,0.0,10.0,0.85,CORE,MAIN,1.2130309729044735,0.24354758172652502,0.6,0.174,-47036.80371157194,STRUCTURAL,-0.926646366757111,-177372.99662269253,25500.0,0,0,0,0,0,0,0,inf,inf,NA,1,5,5,5,22,6,0,0,CONTINUE,0,A,1,1,0,KEEP_STRUCTURAL_IN_ON_CUT,2,3,0,0,"tail_cont_enabled=1 tail_active_dims=(1,) tail_delta=0.1 tail_start=(6, 6, 6) returned_y=(1, 0, 6) returned_b=(0, 0, 1) returned_u=(0, 0, 0) returned_zcap=(1, 0, 6) max_tail_u=0",NA
120,P1_no_rho,71,309.62414109997917,5.581385899917223,3.1513365000719205,0.1784044000087306,0.01,57174.45425878315,57174.45425878315,-65630.34124931732,-47209.62192310225,0.0,-21410.840033315,-72013.76314445204,-72013.74841297699,-47036.80371157194,-21410.840033315,25625.963678256943,25625.963678256936,-21292.99926079272,36820.5,nan,nan,1.5000000000000002,10.0,0.0,0.0,10.0,0.85,CORE,MAIN,1.213110131186894,0.24925131507556875,0.6,0.174,-47036.80371157194,STRUCTURAL,-0.9183425746017259,-177372.99662269253,25500.0,0,0,0,0,0,0,0,inf,inf,NA,1,5,5,5,22,6,0,0,CONTINUE,0,A,1,1,0,KEEP_STRUCTURAL_IN_ON_CUT,2,3,0,0,"tail_cont_enabled=1 tail_active_dims=(1,) tail_delta=0.1 tail_start=(6, 6, 6) returned_y=(1, 0, 6) returned_b=(0, 0, 1) returned_u=(0, 0, 0) returned_zcap=(1, 0, 6) max_tail_u=0",NA
120,P1_no_rho,72,311.91017679998185,5.581385899917223,2.285602100077085,0.15216590010095388,0.01,59938.073420313965,59938.073420313965,-65630.34124931732,-46795.07904887263,0.0,-21410.840033315,-70352.65823242225,-70352.64381185206,-47036.80371157194,-21410.840033315,25625.963678256943,25625.963678256936,-20643.888467074765,35536.0,nan,nan,1.5000000000000002,10.0,0.0,0.0,10.0,0.85,CORE,MAIN,1.2138118719849276,0.25965267544581594,0.6,0.174,-47036.80371157194,STRUCTURAL,-0.9325520663510674,-177372.99662269253,25500.0,0,0,0,0,0,0,0,inf,inf,NA,1,5,5,5,22,6,0,0,CONTINUE,0,A,1,1,0,KEEP_STRUCTURAL_IN_ON_CUT,2,3,0,0,"tail_cont_enabled=1 tail_active_dims=(1,) tail_delta=0.1 tail_start=(6, 6, 6) returned_y=(1, 0, 6) returned_b=(0, 0, 1) returned_u=(0, 0, 0) returned_zcap=(1, 0, 6) max_tail_u=0",NA
120,P1_no_rho,73,315.62404829997104,5.581385899917223,3.7123004000168294,0.15347300004214048,0.01,42325.01648881831,42325.01648881831,-65630.34124931732,-49437.03758859698,0.0,-21410.840033315,-76832.34432433234,-76832.32896945991,-47036.80371157194,-21410.840033315,25625.963678256943,25625.963678256936,-24049.701128989782,38343.5,nan,nan,1.5000000000000002,10.0,0.0,0.0,10.0,0.85,CORE,MAIN,1.213145626495235,0.2447760407911712,0.6,0.174,-47036.80371157194,STRUCTURAL,-0.9177153509803071,-177372.99662269253,25500.0,0,0,0,0,0,0,0,inf,inf,NA,1,5,5,5,22,6,0,0,CONTINUE,0,A,1,1,0,KEEP_STRUCTURAL_IN_ON_CUT,2,3,0,0,"tail_cont_enabled=1 tail_active_dims=(1,) tail_delta=0.1 tail_start=(6, 6, 6) returned_y=(1, 0, 6) returned_b=(0, 0, 1) returned_u=(0, 0, 0) returned_zcap=(1, 0, 6) max_tail_u=0",NA
120,P1_no_rho,74,319.3120113000041,5.581385899917223,3.6874006000580266,0.17023180006071925,0.01,71797.39785991462,71797.39785991462,-65630.34124931732,-45016.18038293253,0.0,-21410.840033315,-69801.17109929571,-69801.15670861989,-47036.80371157194,-21410.840033315,25625.963678256943,25625.963678256936,-20067.43477592496,36095.0,nan,nan,1.5000000000000002,10.0,0.0,0.0,10.0,0.85,CORE,MAIN,1.2134151678450895,0.23189722906371701,0.6,0.174,-47036.80371157194,STRUCTURAL,-0.9185708442110159,-177372.99662269253,25500.0,0,0,0,0,0,0,0,inf,inf,NA,1,5,5,5,22,6,0,0,CONTINUE,0,A,1,1,0,KEEP_STRUCTURAL_IN_ON_CUT,2,3,0,0,"tail_cont_enabled=1 tail_active_dims=(1,) tail_delta=0.1 tail_start=(6, 6, 6) returned_y=(1, 0, 6) returned_b=(0, 0, 1) returned_u=(0, 0, 0) returned_zcap=(1, 0, 6) max_tail_u=0",NA
120,P1_no_rho,75,326.20118289999664,5.581385899917223,6.888516100007109,0.15359510004054755,0.01,52433.55529934324,52433.55529934324,-65630.34124931732,-47920.75676701824,0.0,-21410.840033315,-72021.7017547775,-72021.68707326971,-47036.80371157194,-21410.840033315,25625.963678256943,25625.963678256936,-21717.526004652736,36215.5,nan,nan,1.5000000000000002,10.0,0.0,0.0,10.0,0.85,CORE,MAIN,1.2134919979194496,0.250728949059299,0.6,0.174,-47036.80371157194,STRUCTURAL,-0.9260153077847325,-177372.99662269253,25500.0,0,0,0,0,0,0,0,inf,inf,NA,1,5,5,5,22,6,0,0,CONTINUE,0,A,1,1,0,KEEP_STRUCTURAL_IN_ON_CUT,2,3,0,0,"tail_cont_enabled=1 tail_active_dims=(1,) tail_delta=0.1 tail_start=(6, 6, 6) returned_y=(2, 6, 0) returned_b=(0, 1, 0) returned_u=(0, 0, 0) returned_zcap=(2, 6, 0) max_tail_u=0",NA
120,P1_no_rho,76,329.3573127000127,5.581385899917223,3.1556907000485808,0.1604083999991417,0.01,67765.27888615895,67765.27888615895,-65630.34124931732,-45620.99822899588,0.0,-21410.840033315,-76573.03342579145,-76573.01854333875,-47036.80371157194,-21410.840033315,25625.963678256943,25625.963678256936,-21590.352713962937,37656.5,nan,nan,1.5000000000000002,10.0,0.0,0.0,10.0,0.85,CORE,MAIN,1.212524536782082,0.2549542859332594,0.6,0.174,-47036.80371157194,STRUCTURAL,-0.9734072617719969,-177372.99662269253,25500.0,0,0,0,0,0,0,0,inf,inf,NA,1,5,5,5,22,6,0,0,CONTINUE,0,A,1,1,0,KEEP_STRUCTURAL_IN_ON_CUT,2,3,0,0,"tail_cont_enabled=1 tail_active_dims=(1,) tail_delta=0.1 tail_start=(6, 6, 6) returned_y=(2, 6, 0) returned_b=(0, 1, 0) returned_u=(0, 0, 0) returned_zcap=(2, 6, 0) max_tail_u=0",NA
120,P1_no_rho,77,332.95956969994586,5.581385899917223,3.6013745999662206,0.1845395000418648,0.01,60999.424422915166,60999.424422915166,-65630.34124931732,-46635.87639848245,0.0,-21410.840033315,-70220.48923308337,-70220.47466331245,-47036.80371157194,-21410.840033315,25625.963678256943,25625.963678256936,-20183.82153405826,35635.5,nan,nan,1.5000000000000002,10.0,0.0,0.0,10.0,0.85,CORE,MAIN,1.2126342681554902,0.25062452975459193,0.6,0.174,-47036.80371157194,STRUCTURAL,-0.9360825231254257,-177372.99662269253,25500.0,0,0,0,0,0,0,0,inf,inf,NA,1,5,5,5,22,6,0,0,CONTINUE,0,A,1,1,0,KEEP_STRUCTURAL_IN_ON_CUT,2,3,0,0,"tail_cont_enabled=1 tail_active_dims=(1,) tail_delta=0.1 tail_start=(6, 6, 6) returned_y=(1, 0, 6) returned_b=(0, 0, 1) returned_u=(0, 0, 0) returned_zcap=(1, 0, 6) max_tail_u=0",NA
120,P1_no_rho,78,336.46889579994604,5.581385899917223,3.5089057999430224,0.18578100006561726,0.01,57128.4447724485,57128.4447724485,-65630.34124931732,-47216.52334605245,0.0,-21410.840033315,-72432.00603316203,-72431.99133385702,-47036.80371157194,-21410.840033315,25625.963678256943,25625.963678256936,-21635.6095682685,36667.5,nan,nan,1.5000000000000002,10.0,0.0,0.0,10.0,0.85,CORE,MAIN,1.212550784847713,0.2516656335066275,0.6,0.174,-47036.80371157194,STRUCTURAL,-0.9235495877927958,-177372.99662269253,25500.0,0,0,0,0,0,0,0,inf,inf,NA,1,5,5,5,22,6,0,0,CONTINUE,0,A,1,1,0,KEEP_STRUCTURAL_IN_ON_CUT,2,3,0,0,"tail_cont_enabled=1 tail_active_dims=(1,) tail_delta=0.1 tail_start=(6, 6, 6) returned_y=(1, 0, 6) returned_b=(0, 0, 1) returned_u=(0, 0, 0) returned_zcap=(1, 0, 6) max_tail_u=0",NA
120,P1_no_rho,79,338.9939871999668,5.581385899917223,2.524525300017558,0.23856049997266382,0.01,63378.00029186443,63378.00029186443,-65630.34124931732,-46279.09001814006,0.0,-21410.840033315,-71280.60942138394,-71280.5948621374,-47036.80371157194,-21410.840033315,25625.963678256943,25625.963678256936,-20904.049116605205,35923.5,nan,nan,1.5000000000000002,10.0,0.0,0.0,10.0,0.85,CORE,MAIN,1.2129937338068681,0.2610850178463965,0.6,0.174,-47036.80371157194,STRUCTURAL,-0.93488562724553,-177372.99662269253,25500.0,0,0,0,0,0,0,0,inf,inf,NA,1,5,5,5,22,6,0,0,CONTINUE,0,A,1,1,0,KEEP_STRUCTURAL_IN_ON_CUT,2,3,0,0,"tail_cont_enabled=1 tail_active_dims=(1,) tail_delta=0.1 tail_start=(6, 6, 6) returned_y=(1, 0, 6) returned_b=(0, 0, 1) returned_u=(0, 0, 0) returned_zcap=(1, 0, 6) max_tail_u=0",NA
120,P1_no_rho,80,346.5424533999758,5.581385899917223,7.548121300060302,0.15768439997918904,0.01,48950.464708956744,48950.464708956744,-65630.34124931732,-48443.22035557621,0.0,-21410.840033315,-75360.8523878165,-75360.83719946735,-47036.80371157194,-21410.840033315,25625.963678256943,25625.963678256936,-22632.247148170572,36833.5,nan,nan,1.5000000000000002,10.0,0.0,0.0,10.0,0.85,CORE,MAIN,1.2127034478785517,0.24290937931799794,0.6,0.174,-47036.80371157194,STRUCTURAL,-0.9543593024700661,-177372.99662269253,25500.0,0,0,0,0,0,0,0,inf,inf,NA,1,5,5,5,22,6,0,0,CONTINUE,0,A,1,1,0,KEEP_STRUCTURAL_IN_ON_CUT,2,3,0,0,"tail_cont_enabled=1 tail_active_dims=(1,) tail_delta=0.1 tail_start=(6, 6, 6) returned_y=(2, 6, 0) returned_b=(0, 1, 0) returned_u=(0, 0, 0) returned_zcap=(2, 6, 0) max_tail_u=0",NA
120,P1_no_rho,81,350.18987649993505,5.581385899917223,3.646827799966559,0.17019089998211712,0.01,63383.240467195115,63383.240467195115,-65630.34124931732,-46278.303991840454,0.0,-21410.840033315,-69597.62101264622,-69597.60666685364,-47036.80371157194,-21410.840033315,25625.963678256943,25625.963678256936,-19623.26780205584,35644.0,nan,nan,1.5000000000000002,10.0,0.0,0.0,10.0,0.85,CORE,MAIN,1.2128525452255516,0.2623983038748021,0.6,0.174,-47036.80371157194,STRUCTURAL,-0.9346938028802935,-177372.99662269253,25500.0,0,0,0,0,0,0,0,inf,inf,NA,1,5,5,5,22,6,0,0,CONTINUE,0,A,1,1,0,KEEP_STRUCTURAL_IN_ON_CUT,2,3,0,0,"tail_cont_enabled=1 tail_active_dims=(1,) tail_delta=0.1 tail_start=(6, 6, 6) returned_y=(1, 0, 6) returned_b=(0, 0, 1) returned_u=(0, 0, 0) returned_zcap=(1, 0, 6) max_tail_u=0",NA
120,P1_no_rho,82,353.00930939998943,5.581385899917223,2.8189128000522032,0.1677471000002697,0.01,61340.829702119,61340.829702119,-65630.34124931732,-46584.66560660188,0.0,-21410.840033315,-75631.63399707177,-75631.61874058071,-47036.80371157194,-21410.840033315,25625.963678256943,25625.963678256936,-22927.004454981387,38136.0,nan,nan,1.5000000000000002,10.0,0.0,0.0,10.0,0.85,CORE,MAIN,1.2123525888337445,0.2709916650404677,0.6,0.174,-47036.80371157194,STRUCTURAL,-0.9213449109432791,-177372.99662269253,25500.0,0,0,0,0,0,0,0,inf,inf,NA,1,5,5,5,22,6,0,0,CONTINUE,0,A,1,1,0,KEEP_STRUCTURAL_IN_ON_CUT,2,3,0,0,"tail_cont_enabled=1 tail_active_dims=(1,) tail_delta=0.1 tail_start=(6, 6, 6) returned_y=(1, 0, 6) returned_b=(0, 0, 1) returned_u=(0, 0, 0) returned_zcap=(1, 0, 6) max_tail_u=0",NA
120,P1_no_rho,83,356.3610233999789,5.581385899917223,3.3513531000353396,0.1548624999122694,0.01,59943.74432109308,59943.74432109308,-65630.34124931732,-46794.22841375576,0.0,-21410.840033315,-76530.50516181195,-76530.49036142524,-47036.80371157194,-21410.840033315,25625.963678256943,25625.963678256936,-21643.293690249204,38044.5,nan,nan,1.5000000000000002,10.0,0.0,0.0,10.0,0.85,CORE,MAIN,1.2111596687371946,0.24089581904234136,0.6,0.174,-47036.80371157194,STRUCTURAL,-0.9618069483749474,-177372.99662269253,25500.0,0,0,0,0,0,0,0,inf,inf,NA,1,5,5,5,22,6,0,0,CONTINUE,0,A,1,1,0,KEEP_STRUCTURAL_IN_ON_CUT,2,3,0,0,"tail_cont_enabled=1 tail_active_dims=(1,) tail_delta=0.1 tail_start=(6, 6, 6) returned_y=(2, 6, 0) returned_b=(0, 1, 0) returned_u=(0, 0, 0) returned_zcap=(2, 6, 0) max_tail_u=0",NA
120,P1_no_rho,84,359.96068739995826,5.581385899917223,3.5990446000359952,0.18562679993920028,0.01,64887.565242491495,64887.565242491495,-65630.34124931732,-46052.655275546,0.0,-21410.840033315,-71088.93667420212,-71088.9221493707,-47036.80371157194,-21410.840033315,25625.963678256943,25625.963678256936,-20314.326887168285,35475.0,nan,nan,1.5000000000000002,10.0,0.0,0.0,10.0,0.85,CORE,MAIN,1.2110727888916384,0.25411213025590906,0.6,0.174,-47036.80371157194,STRUCTURAL,-0.9541854876617785,-177372.99662269253,25500.0,0,0,0,0,0,0,0,inf,inf,NA,1,5,5,5,22,6,0,0,CONTINUE,0,A,1,1,0,KEEP_STRUCTURAL_IN_ON_CUT,2,3,0,0,"tail_cont_enabled=1 tail_active_dims=(1,) tail_delta=0.1 tail_start=(6, 6, 6) returned_y=(2, 6, 0) returned_b=(0, 1, 0) returned_u=(0, 0, 0) returned_zcap=(2, 6, 0) max_tail_u=0",NA
120,P1_no_rho,85,366.3424999999115,5.581385899917223,6.380604599951766,0.1775553000625223,0.01,55250.73046640999,55250.73046640999,-65630.34124931732,-47498.18049195822,0.0,-21410.840033315,-71984.37191411566,-71984.35728321866,-47036.80371157194,-21410.840033315,25625.963678256943,25625.963678256936,-21825.526578436744,35188.5,nan,nan,1.5000000000000002,10.0,0.0,0.0,10.0,0.85,CORE,MAIN,1.2111473146741942,0.24946560263971895,0.6,0.174,-47036.80371157194,STRUCTURAL,-0.9502883177701414,-177372.99662269253,25500.0,0,0,0,0,0,0,0,inf,inf,NA,1,5,5,5,22,6,0,0,CONTINUE,0,A,1,1,0,KEEP_STRUCTURAL_IN_ON_CUT,2,3,0,0,"tail_cont_enabled=1 tail_active_dims=(1,) tail_delta=0.1 tail_start=(6, 6, 6) returned_y=(6, 0, 1) returned_b=(1, 0, 0) returned_u=(0, 0, 0) returned_zcap=(6, 0, 1) max_tail_u=0",NA
120,P1_no_rho,86,368.6497344999807,5.581385899917223,2.306737400009297,0.16066319996025413,0.01,59712.35062899597,59712.35062899597,-65630.34124931732,-46828.93746757033,0.0,-21410.840033315,-70973.53464965198,-70973.52002038666,-47036.80371157194,-21410.840033315,25625.963678256943,25625.963678256936,-20855.541973212803,35137.5,nan,nan,1.5000000000000002,10.0,0.0,0.0,10.0,0.85,CORE,MAIN,1.2117265134289052,0.26414978907011255,0.6,0.174,-47036.80371157194,STRUCTURAL,-0.9508925041560318,-177372.99662269253,25500.0,0,0,0,0,0,0,0,inf,inf,NA,1,5,5,5,22,6,0,0,CONTINUE,0,A,1,1,0,KEEP_STRUCTURAL_IN_ON_CUT,2,3,0,0,"tail_cont_enabled=1 tail_active_dims=(1,) tail_delta=0.1 tail_start=(6, 6, 6) returned_y=(6, 0, 1) returned_b=(1, 0, 0) returned_u=(0, 0, 0) returned_zcap=(6, 0, 1) max_tail_u=0",NA
120,P1_no_rho,87,371.92139579996,5.581385899917223,3.2710763999493793,0.16752559994347394,0.01,57419.4049515731,57419.4049515731,-65630.34124931732,-47172.87931918376,0.0,-21410.840033315,-76468.64081549269,-76468.6254349468,-47036.80371157194,-21410.840033315,25625.963678256943,25625.963678256936,-24141.01342482063,36891.5,nan,nan,1.5000000000000002,10.0,0.0,0.0,10.0,0.85,CORE,MAIN,1.2119870723326023,0.24795848247053753,0.6,0.174,-47036.80371157194,STRUCTURAL,-0.9456128016864981,-177372.99662269253,25500.0,0,0,0,0,0,0,0,inf,inf,NA,1,5,5,5,22,6,0,0,CONTINUE,0,A,1,1,0,KEEP_STRUCTURAL_IN_ON_CUT,2,3,0,0,"tail_cont_enabled=1 tail_active_dims=(1,) tail_delta=0.1 tail_start=(6, 6, 6) returned_y=(6, 0, 1) returned_b=(1, 0, 0) returned_u=(0, 0, 0) returned_zcap=(6, 0, 1) max_tail_u=0",NA
120,P1_no_rho,88,375.01258300000336,5.581385899917223,3.0907789000775665,0.19567130005452782,0.01,71242.60406805457,71242.60406805457,-65630.34124931732,-45099.399451711535,0.0,-21410.840033315,-69308.2880097303,-69308.27364275219,-47036.80371157194,-21410.840033315,25625.963678256943,25625.963678256936,-19686.25279091791,34346.0,nan,nan,1.5000000000000002,10.0,0.0,0.0,10.0,0.85,CORE,MAIN,1.212096788949717,0.2682503294660523,0.6,0.174,-47036.80371157194,STRUCTURAL,-0.9631790378663068,-177372.99662269253,25500.0,0,0,0,0,0,0,0,inf,inf,NA,1,5,5,5,22,6,0,0,CONTINUE,0,A,1,1,0,KEEP_STRUCTURAL_IN_ON_CUT,2,3,0,0,"tail_cont_enabled=1 tail_active_dims=(1,) tail_delta=0.1 tail_start=(6, 6, 6) returned_y=(6, 0, 1) returned_b=(1, 0, 0) returned_u=(0, 0, 0) returned_zcap=(6, 0, 1) max_tail_u=0",NA
120,P1_no_rho,89,377.58570499997586,5.581385899917223,2.5727310000220314,0.1834666000213474,0.01,55125.098531887874,55125.098531887874,-65630.34124931732,-47517.02528213654,0.0,-21410.840033315,-75591.20586596474,-75591.19076884833,-47036.80371157194,-21410.840033315,25625.963678256943,25625.963678256936,-23097.96621561066,37023.0,nan,nan,1.5000000000000002,10.0,0.0,0.0,10.0,0.85,CORE,MAIN,1.211586584979299,0.24021980008065025,0.6,0.174,-47036.80371157194,STRUCTURAL,-0.9452362865108657,-177372.99662269253,25500.0,0,0,0,0,0,0,0,inf,inf,NA,1,5,5,5,22,6,0,0,CONTINUE,0,A,1,1,0,KEEP_STRUCTURAL_IN_ON_CUT,2,3,0,0,"tail_cont_enabled=1 tail_active_dims=(1,) tail_delta=0.1 tail_start=(6, 6, 6) returned_y=(6, 0, 1) returned_b=(1, 0, 0) returned_u=(0, 0, 0) returned_zcap=(6, 0, 1) max_tail_u=0",NA
120,P1_no_rho,90,384.5064743999392,5.581385899917223,6.920261699939147,0.16228259995114058,0.01,57515.874526557796,57515.874526557796,-65630.34124931732,-47158.408882936055,0.0,-21410.840033315,-67439.58902461345,-67439.57518256488,-47036.80371157194,-21410.840033315,25625.963678256943,25625.963678256936,-18820.887715750076,34371.0,nan,nan,1.5000000000000002,10.0,0.0,0.0,10.0,0.85,CORE,MAIN,1.2110883259358618,0.2709667985778469,0.6,0.174,-47036.80371157194,STRUCTURAL,-0.9430176111026695,-177372.99662269253,25500.0,0,0,0,0,0,0,0,inf,inf,NA,1,5,5,5,22,6,0,0,CONTINUE,0,A,1,1,0,KEEP_STRUCTURAL_IN_ON_CUT,2,3,0,0,"tail_cont_enabled=1 tail_active_dims=(1,) tail_delta=0.1 tail_start=(6, 6, 6) returned_y=(2, 6, 0) returned_b=(0, 1, 0) returned_u=(0, 0, 0) returned_zcap=(2, 6, 0) max_tail_u=0",NA
120,P1_no_rho,91,387.49514539993834,5.581385899917223,2.987947899964638,0.16327349992934614,0.01,64364.6556250314,64364.6556250314,-65630.34124931732,-46131.091718165015,0.0,-21410.840033315,-73882.61629130541,-73882.60146996754,-47036.80371157194,-21410.840033315,25625.963678256943,25625.963678256936,-21673.10302381502,36467.5,nan,nan,1.5000000000000002,10.0,0.0,0.0,10.0,0.85,CORE,MAIN,1.2101068027106847,0.24349733913116844,0.6,0.174,-47036.80371157194,STRUCTURAL,-0.9544479960906288,-177372.99662269253,25500.0,0,0,0,0,0,0,0,inf,inf,NA,1,5,5,5,22,6,0,0,CONTINUE,0,A,1,1,0,KEEP_STRUCTURAL_IN_ON_CUT,2,3,0,0,"tail_cont_enabled=1 tail_active_dims=(1,) tail_delta=0.1 tail_start=(6, 6, 6) returned_y=(2, 6, 0) returned_b=(0, 1, 0) returned_u=(0, 0, 0) returned_zcap=(2, 6, 0) max_tail_u=0",NA
120,P1_no_rho,92,390.27357889991254,5.581385899917223,2.7780649999622256,0.15453859989065677,0.01,63635.5795840924,63635.5795840924,-65630.34124931732,-46240.45312430586,0.0,-21410.840033315,-74037.68237832583,-74037.6676646801,-47036.80371157194,-21410.840033315,25625.963678256943,25625.963678256936,-21883.970640593452,36586.0,nan,nan,1.5000000000000002,10.0,0.0,0.0,10.0,0.85,CORE,MAIN,1.2089855062521349,0.24372063367907082,0.6,0.174,-47036.80371157194,STRUCTURAL,-0.9503397843270952,-177372.99662269253,25500.0,0,0,0,0,0,0,0,inf,inf,NA,1,5,5,5,22,6,0,0,CONTINUE,0,A,1,1,0,KEEP_STRUCTURAL_IN_ON_CUT,2,3,0,0,"tail_cont_enabled=1 tail_active_dims=(1,) tail_delta=0.1 tail_start=(6, 6, 6) returned_y=(2, 6, 0) returned_b=(0, 1, 0) returned_u=(0, 0, 0) returned_zcap=(2, 6, 0) max_tail_u=0",NA
120,P1_no_rho,93,393.5360749999527,5.581385899917223,3.261990000028163,0.15263289993163198,0.01,61821.66609874892,61821.66609874892,-65630.34124931732,-46512.540147107386,0.0,-21410.840033315,-70891.4274050089,-70891.41277613306,-47036.80371157194,-21410.840033315,25625.963678256943,25625.963678256936,-21005.538492345182,35178.0,nan,nan,1.5000000000000002,10.0,0.0,0.0,10.0,0.85,CORE,MAIN,1.2089378287610497,0.2396390484503294,0.6,0.174,-47036.80371157194,STRUCTURAL,-0.9453990995089331,-177372.99662269253,25500.0,0,0,0,0,0,0,0,inf,inf,NA,1,5,5,5,22,6,0,0,CONTINUE,0,A,1,1,0,KEEP_STRUCTURAL_IN_ON_CUT,2,3,0,0,"tail_cont_enabled=1 tail_active_dims=(1,) tail_delta=0.1 tail_start=(6, 6, 6) returned_y=(6, 0, 1) returned_b=(1, 0, 0) returned_u=(0, 0, 0) returned_zcap=(6, 0, 1) max_tail_u=0",NA
120,P1_no_rho,94,396.7762932999758,5.581385899917223,3.239467400009744,0.16096790006849915,0.01,44495.88337254779,44495.88337254779,-65630.34124931732,-49111.40755603756,0.0,-21410.840033315,-74553.4295204614,-74553.41444722303,-47036.80371157194,-21410.840033315,25625.963678256943,25625.963678256936,-22977.412538733162,36928.0,nan,nan,1.5000000000000002,10.0,0.0,0.0,10.0,0.85,CORE,MAIN,1.2081495658112407,0.2568219561133396,0.6,0.174,-47036.80371157194,STRUCTURAL,-0.9311092198961918,-177372.99662269253,25500.0,0,0,0,0,0,0,0,inf,inf,NA,1,5,5,5,22,6,0,0,CONTINUE,0,A,1,1,0,KEEP_STRUCTURAL_IN_ON_CUT,2,3,0,0,"tail_cont_enabled=1 tail_active_dims=(1,) tail_delta=0.1 tail_start=(6, 6, 6) returned_y=(6, 0, 1) returned_b=(1, 0, 0) returned_u=(0, 0, 0) returned_zcap=(6, 0, 1) max_tail_u=0",NA
120,P1_no_rho,95,402.62791419995483,5.581385899917223,5.8512039999477565,0.1609950999263674,0.01,65573.72095133073,65573.72095133073,-65630.34124931732,-45949.73191922011,0.0,-21410.840033315,-67347.00859875405,-67346.9945906014,-47036.80371157194,-21410.840033315,25625.963678256943,25625.963678256936,-18406.73396182816,34236.5,nan,nan,1.5000000000000002,10.0,0.0,0.0,10.0,0.85,CORE,MAIN,1.2090660421325312,0.26117507826607544,0.6,0.174,-47036.80371157194,STRUCTURAL,-0.9529841081647411,-177372.99662269253,25500.0,0,0,0,0,0,0,0,inf,inf,NA,1,5,5,5,22,6,0,0,CONTINUE,0,A,1,1,0,KEEP_STRUCTURAL_IN_ON_CUT,2,3,0,0,"tail_cont_enabled=1 tail_active_dims=(1,) tail_delta=0.1 tail_start=(6, 6, 6) returned_y=(6, 0, 1) returned_b=(1, 0, 0) returned_u=(0, 0, 0) returned_zcap=(6, 0, 1) max_tail_u=0",NA
120,P1_no_rho,96,406.2153102000011,5.581385899917223,3.5867595000891015,0.16974929999560118,0.01,44326.04349999852,44326.04349999852,-65630.34124931732,-49136.883536919944,0.0,-21410.840033315,-77093.91528353277,-77093.90002653572,-47036.80371157194,-21410.840033315,25625.963678256943,25625.963678256936,-24695.64026832031,38854.0,nan,nan,1.5000000000000002,10.0,0.0,0.0,10.0,0.85,CORE,MAIN,1.2079816678154554,0.24347902576601244,0.6,0.174,-47036.80371157194,STRUCTURAL,-0.8990624690416328,-177372.99662269253,25500.0,0,0,0,0,0,0,0,inf,inf,NA,1,5,5,5,22,6,0,0,CONTINUE,0,A,1,1,0,KEEP_STRUCTURAL_IN_ON_CUT,2,3,0,0,"tail_cont_enabled=1 tail_active_dims=(1,) tail_delta=0.1 tail_start=(6, 6, 6) returned_y=(1, 0, 6) returned_b=(0, 0, 1) returned_u=(0, 0, 0) returned_zcap=(1, 0, 6) max_tail_u=0",NA
120,P1_no_rho,97,409.18978489993606,5.581385899917223,2.973879999946803,0.16429270000662655,0.01,72924.79726010277,72924.79726010277,-65630.34124931732,-44847.07047290431,0.0,-21410.840033315,-68069.49415034406,-68069.48015630539,-47036.80371157194,-21410.840033315,25625.963678256943,25625.963678256936,-18923.87578120155,34239.5,nan,nan,1.5000000000000002,10.0,0.0,0.0,10.0,0.85,CORE,MAIN,1.2085836269761745,0.2358779674101773,0.6,0.174,-47036.80371157194,STRUCTURAL,-0.9568987937928186,-177372.99662269253,25500.0,0,0,0,0,0,0,0,inf,inf,NA,1,5,5,5,22,6,0,0,CONTINUE,0,A,1,1,0,KEEP_STRUCTURAL_IN_ON_CUT,2,3,0,0,"tail_cont_enabled=1 tail_active_dims=(1,) tail_delta=0.1 tail_start=(6, 6, 6) returned_y=(2, 6, 0) returned_b=(0, 1, 0) returned_u=(0, 0, 0) returned_zcap=(2, 6, 0) max_tail_u=0",NA
120,P1_no_rho,98,412.16797379998025,5.581385899917223,2.9777084999950603,0.19670990004669875,0.01,60101.25481847666,60101.25481847666,-65630.34124931732,-46770.60183914822,0.0,-21410.840033315,-74267.01984831908,-74267.00505641194,-47036.80371157194,-21410.840033315,25625.963678256943,25625.963678256936,-21363.50641568259,36664.0,nan,nan,1.5000000000000002,10.0,0.0,0.0,10.0,0.85,CORE,MAIN,1.2083913501008703,0.2448308716983848,0.6,0.174,-47036.80371157194,STRUCTURAL,-0.9619517535953405,-177372.99662269253,25500.0,0,0,0,0,0,0,0,inf,inf,NA,1,5,5,5,22,6,0,0,CONTINUE,0,A,1,1,0,KEEP_STRUCTURAL_IN_ON_CUT,2,3,0,0,"tail_cont_enabled=1 tail_active_dims=(1,) tail_delta=0.1 tail_start=(6, 6, 6) returned_y=(2, 6, 0) returned_b=(0, 1, 0) returned_u=(0, 0, 0) returned_zcap=(2, 6, 0) max_tail_u=0",NA
120,P1_no_rho,99,415.4388802999165,5.581385899917223,3.2704706999938935,0.16851999994833022,0.01,60784.12800711899,60784.12800711899,-65630.34124931732,-46668.170860851875,0.0,-21410.840033315,-74589.87191983995,-74589.85721042997,-47036.80371157194,-21410.840033315,25625.963678256943,25625.963678256936,-21522.656610408663,37081.0,nan,nan,1.5000000000000002,10.0,0.0,0.0,10.0,0.85,CORE,MAIN,1.2076882603491552,0.2572739112479292,0.6,0.174,-47036.80371157194,STRUCTURAL,-0.9540771212574511,-177372.99662269253,25500.0,0,0,0,0,0,0,0,inf,inf,NA,1,5,5,5,22,6,0,0,CONTINUE,0,A,1,1,0,KEEP_STRUCTURAL_IN_ON_CUT,2,3,0,0,"tail_cont_enabled=1 tail_active_dims=(1,) tail_delta=0.1 tail_start=(6, 6, 6) returned_y=(2, 6, 0) returned_b=(0, 1, 0) returned_u=(0, 0, 0) returned_zcap=(2, 6, 0) max_tail_u=0",NA
120,P1_no_rho,100,423.3070485999342,5.581385899917223,7.867859499994665,0.17324619996361434,0.01,59582.642778623835,59582.642778623835,-65630.34124931732,-46848.39364512615,0.0,-21410.840033315,-72087.20783419123,-72087.19300162025,-47036.80371157194,-21410.840033315,25625.963678256943,25625.963678256936,-21273.936635805607,35409.0,nan,nan,1.5000000000000002,10.0,0.0,0.0,10.0,0.85,CORE,MAIN,1.207587767569046,0.2614868672091315,0.6,0.174,-47036.80371157194,STRUCTURAL,-0.9566919213724314,-177372.99662269253,25500.0,0,0,0,0,0,0,0,inf,inf,NA,1,5,5,5,22,6,0,0,CONTINUE,0,A,1,1,0,KEEP_STRUCTURAL_IN_ON_CUT,2,3,0,0,"tail_cont_enabled=1 tail_active_dims=(1,) tail_delta=0.1 tail_start=(6, 6, 6) returned_y=(6, 0, 1) returned_b=(1, 0, 0) returned_u=(0, 0, 0) returned_zcap=(6, 0, 1) max_tail_u=0",NA
120,P1_no_rho,101,426.4527027999284,5.581385899917223,3.1451488999882713,0.1714090999448672,0.01,43633.25243381707,43633.25243381707,-65630.34124931732,-49240.802196847166,0.0,-21410.840033315,-71779.17458854559,-71779.1599463125,-47036.80371157194,-21410.840033315,25625.963678256943,25625.963678256936,-21809.79693278451,35382.0,nan,nan,1.5000000000000002,10.0,0.0,0.0,10.0,0.85,CORE,MAIN,1.2079656468608269,0.24974259581625236,0.6,0.174,-47036.80371157194,STRUCTURAL,-0.941521357630584,-177372.99662269253,25500.0,0,0,0,0,0,0,0,inf,inf,NA,1,5,5,5,22,6,0,0,CONTINUE,0,A,1,1,0,KEEP_STRUCTURAL_IN_ON_CUT,2,3,0,0,"tail_cont_enabled=1 tail_active_dims=(1,) tail_delta=0.1 tail_start=(6, 6, 6) returned_y=(6, 0, 1) returned_b=(1, 0, 0) returned_u=(0, 0, 0) returned_zcap=(6, 0, 1) max_tail_u=0",NA
120,P1_no_rho,102,428.68166579992976,5.581385899917223,2.228408299968578,0.18176219996530563,0.01,68469.14401164517,68469.14401164517,-65630.34124931732,-45515.41846017295,0.0,-21410.840033315,-69585.99036951491,-69585.97599007418,-47036.80371157194,-21410.840033315,25625.963678256943,25625.963678256936,-19517.344708079076,35235.5,nan,nan,1.5000000000000002,10.0,0.0,0.0,10.0,0.85,CORE,MAIN,1.2091208680595962,0.2470820562130246,0.6,0.174,-47036.80371157194,STRUCTURAL,-0.947314144011865,-177372.99662269253,25500.0,0,0,0,0,0,0,0,inf,inf,NA,1,5,5,5,22,6,0,0,CONTINUE,0,A,1,1,0,KEEP_STRUCTURAL_IN_ON_CUT,2,3,0,0,"tail_cont_enabled=1 tail_active_dims=(1,) tail_delta=0.1 tail_start=(6, 6, 6) returned_y=(6, 0, 1) returned_b=(1, 0, 0) returned_u=(0, 0, 0) returned_zcap=(6, 0, 1) max_tail_u=0",NA
120,P1_no_rho,103,432.5460970000131,5.581385899917223,3.8638995001092553,0.1688649000134319,0.01,39121.50362422241,39121.50362422241,-65630.34124931732,-49917.56451828636,0.0,-21410.840033315,-78648.89190713254,-78648.87639884978,-47036.80371157194,-21410.840033315,25625.963678256943,25625.963678256936,-24987.87980518024,37980.0,nan,nan,1.5000000000000002,10.0,0.0,0.0,10.0,0.85,CORE,MAIN,1.2091884420947778,0.24110127476037213,0.6,0.174,-47036.80371157194,STRUCTURAL,-0.94191673852325,-177372.99662269253,25500.0,0,0,0,0,0,0,0,inf,inf,NA,1,5,5,5,22,6,0,0,CONTINUE,0,A,1,1,0,KEEP_STRUCTURAL_IN_ON_CUT,2,3,0,0,"tail_cont_enabled=1 tail_active_dims=(1,) tail_delta=0.1 tail_start=(6, 6, 6) returned_y=(6, 0, 1) returned_b=(1, 0, 0) returned_u=(0, 0, 0) returned_zcap=(6, 0, 1) max_tail_u=0",NA
120,P1_no_rho,104,435.5372147000162,5.581385899917223,2.990743500064127,0.1730269999243319,0.01,71673.39498243462,71673.39498243462,-65630.34124931732,-45034.78081455453,0.0,-21410.840033315,-68804.29859003444,-68804.2844415754,-47036.80371157194,-21410.840033315,25625.963678256943,25625.963678256936,-19904.852934506842,34643.5,nan,nan,1.5000000000000002,10.0,0.0,0.0,10.0,0.85,CORE,MAIN,1.209941142746038,0.25441115874634224,0.6,0.174,-47036.80371157194,STRUCTURAL,-0.9410025258623511,-177372.99662269253,25500.0,0,0,0,0,0,0,0,inf,inf,NA,1,5,5,5,22,6,0,0,CONTINUE,0,A,1,1,0,KEEP_STRUCTURAL_IN_ON_CUT,2,3,0,0,"tail_cont_enabled=1 tail_active_dims=(1,) tail_delta=0.1 tail_start=(6, 6, 6) returned_y=(2, 6, 0) returned_b=(0, 1, 0) returned_u=(0, 0, 0) returned_zcap=(2, 6, 0) max_tail_u=0",NA
120,P1_no_rho,105,442.5974982000189,5.581385899917223,7.059918599901721,0.18995899998117238,0.01,62176.89373576714,62176.89373576714,-65630.34124931732,-46459.25600155465,0.0,-21410.840033315,-73540.49779080963,-73540.48319973522,-47036.80371157194,-21410.840033315,25625.963678256943,25625.963678256936,-20289.673101157503,36665.0,nan,nan,1.5000000000000002,10.0,0.0,0.0,10.0,0.85,CORE,MAIN,1.2101853369567255,0.24758752453028354,0.6,0.174,-47036.80371157194,STRUCTURAL,-0.9682405581813304,-177372.99662269253,25500.0,0,0,0,0,0,0,0,inf,inf,NA,1,5,5,5,22,6,0,0,CONTINUE,0,A,1,1,0,KEEP_STRUCTURAL_IN_ON_CUT,2,3,0,0,"tail_cont_enabled=1 tail_active_dims=(1,) tail_delta=0.1 tail_start=(6, 6, 6) returned_y=(2, 6, 0) returned_b=(0, 1, 0) returned_u=(0, 0, 0) returned_zcap=(2, 6, 0) max_tail_u=0",NA
120,P1_no_rho,106,445.95207859994844,5.581385899917223,3.3540859000058845,0.17208369995933026,0.01,62178.13414451948,62178.13414451948,-65630.34124931732,-46459.0699402418,0.0,-21410.840033315,-74291.05340595513,-74291.03861332966,-47036.80371157194,-21410.840033315,25625.963678256943,25625.963678256936,-21774.317367669082,36675.0,nan,nan,1.5000000000000002,10.0,0.0,0.0,10.0,0.85,CORE,MAIN,1.2099343804909866,0.24530396713729907,0.6,0.174,-47036.80371157194,STRUCTURAL,-0.9546325152585429,-177372.99662269253,25500.0,0,0,0,0,0,0,0,inf,inf,NA,1,5,5,5,22,6,0,0,CONTINUE,0,A,1,1,0,KEEP_STRUCTURAL_IN_ON_CUT,2,3,0,0,"tail_cont_enabled=1 tail_active_dims=(1,) tail_delta=0.1 tail_start=(6, 6, 6) returned_y=(2, 6, 0) returned_b=(0, 1, 0) returned_u=(0, 0, 0) returned_zcap=(2, 6, 0) max_tail_u=0",NA
120,P1_no_rho,107,449.45529219997115,5.581385899917223,3.502644899999723,0.17972270003519952,0.01,58796.666178249594,58796.666178249594,-65630.34124931732,-46966.29013518228,0.0,-21410.840033315,-73847.00904672968,-73846.99390297559,-47036.80371157194,-21410.840033315,25625.963678256943,25625.963678256936,-22143.57463533922,37213.0,nan,nan,1.5000000000000002,10.0,0.0,0.0,10.0,0.85,CORE,MAIN,1.2095653938875404,0.25947382745347436,0.6,0.174,-47036.80371157194,STRUCTURAL,-0.9262608813700653,-177372.99662269253,25500.0,0,0,0,0,0,0,0,inf,inf,NA,1,5,5,5,22,6,0,0,CONTINUE,0,A,1,1,0,KEEP_STRUCTURAL_IN_ON_CUT,2,3,0,0,"tail_cont_enabled=1 tail_active_dims=(1,) tail_delta=0.1 tail_start=(6, 6, 6) returned_y=(1, 0, 6) returned_b=(0, 0, 1) returned_u=(0, 0, 0) returned_zcap=(1, 0, 6) max_tail_u=0",NA
120,P1_no_rho,108,452.4937168000033,5.581385899917223,3.037725600064732,0.15206849994137883,0.01,55192.98545269769,55192.98545269769,-65630.34124931732,-47506.84224401507,0.0,-21410.840033315,-71726.9933892532,-71726.97874508488,-47036.80371157194,-21410.840033315,25625.963678256943,25625.963678256936,-21839.963212140992,36554.0,nan,nan,1.5000000000000002,10.0,0.0,0.0,10.0,0.85,CORE,MAIN,1.209506015198582,0.2562088128708355,0.6,0.174,-47036.80371157194,STRUCTURAL,-0.9098323126141029,-177372.99662269253,25500.0,0,0,0,0,0,0,0,inf,inf,NA,1,5,5,5,22,6,0,0,CONTINUE,0,A,1,1,0,KEEP_STRUCTURAL_IN_ON_CUT,2,3,0,0,"tail_cont_enabled=1 tail_active_dims=(1,) tail_delta=0.1 tail_start=(6, 6, 6) returned_y=(1, 0, 6) returned_b=(0, 0, 1) returned_u=(0, 0, 0) returned_zcap=(1, 0, 6) max_tail_u=0",NA
120,P1_no_rho,109,454.6958594999742,5.581385899917223,2.201624399982393,0.19095700001344085,0.01,66113.95568671051,66113.95568671051,-65630.34124931732,-45868.69670891315,0.0,-21410.840033315,-70041.55362695591,-70041.53918647532,-47036.80371157194,-21410.840033315,25625.963678256943,25625.963678256936,-20134.363690396014,36216.0,nan,nan,1.5000000000000002,10.0,0.0,0.0,10.0,0.85,CORE,MAIN,1.2104111528986559,0.27438111305863966,0.6,0.174,-47036.80371157194,STRUCTURAL,-0.918694784921569,-177372.99662269253,25500.0,0,0,0,0,0,0,0,inf,inf,NA,1,5,5,5,22,6,0,0,CONTINUE,0,A,1,1,0,KEEP_STRUCTURAL_IN_ON_CUT,2,3,0,0,"tail_cont_enabled=1 tail_active_dims=(1,) tail_delta=0.1 tail_start=(6, 6, 6) returned_y=(1, 0, 6) returned_b=(0, 0, 1) returned_u=(0, 0, 0) returned_zcap=(1, 0, 6) max_tail_u=0",NA
120,P1_no_rho,110,462.10428779991344,5.581385899917223,7.407914499985054,0.16526010003872216,0.01,36958.140666031424,36958.140666031424,-65630.34124931732,-50242.06896201501,0.0,-21410.840033315,-75978.64436712519,-75978.62935620635,-47036.80371157194,-21410.840033315,25625.963678256943,25625.963678256936,-24221.763279190072,38330.5,nan,nan,1.5000000000000002,10.0,0.0,0.0,10.0,0.85,CORE,MAIN,1.2107710201605866,0.24533656823179384,0.6,0.174,-47036.80371157194,STRUCTURAL,-0.9001859455179956,-177372.99662269253,25500.0,0,0,0,0,0,0,0,inf,inf,NA,1,5,5,5,22,6,0,0,CONTINUE,0,A,1,1,0,KEEP_STRUCTURAL_IN_ON_CUT,2,3,0,0,"tail_cont_enabled=1 tail_active_dims=(1,) tail_delta=0.1 tail_start=(6, 6, 6) returned_y=(1, 0, 6) returned_b=(0, 0, 1) returned_u=(0, 0, 0) returned_zcap=(1, 0, 6) max_tail_u=0",NA
120,P1_no_rho,111,465.88838689995464,5.581385899917223,3.7836124999448657,0.1727874999633059,0.01,70236.1885462805,70236.1885462805,-65630.34124931732,-45250.36177997765,0.0,-21410.840033315,-67462.95514841557,-67462.94109192782,-47036.80371157194,-21410.840033315,25625.963678256943,25625.963678256936,-19416.144071237282,34801.0,nan,nan,1.5000000000000002,10.0,0.0,0.0,10.0,0.85,CORE,MAIN,1.2104833437630484,0.27100186130775916,0.6,0.174,-47036.80371157194,STRUCTURAL,-0.9204102759631525,-177372.99662269253,25500.0,0,0,0,0,0,0,0,inf,inf,NA,1,5,5,5,22,6,0,0,CONTINUE,0,A,1,1,0,KEEP_STRUCTURAL_IN_ON_CUT,2,3,0,0,"tail_cont_enabled=1 tail_active_dims=(1,) tail_delta=0.1 tail_start=(6, 6, 6) returned_y=(1, 0, 6) returned_b=(0, 0, 1) returned_u=(0, 0, 0) returned_zcap=(1, 0, 6) max_tail_u=0",NA
120,P1_no_rho,112,468.907597500016,5.581385899917223,3.01875440008007,0.18058970000129193,0.01,64259.46935901684,64259.46935901684,-65630.34124931732,-46146.8696580672,0.0,-21410.840033315,-71123.86610062198,-71123.85167865692,-47036.80371157194,-21410.840033315,25625.963678256943,25625.963678256936,-20468.446158094273,36099.5,nan,nan,1.5000000000000002,10.0,0.0,0.0,10.0,0.85,CORE,MAIN,1.210403887154034,0.2504378283306312,0.6,0.174,-47036.80371157194,STRUCTURAL,-0.9354775093018398,-177372.99662269253,25500.0,0,0,0,0,0,0,0,inf,inf,NA,1,5,5,5,22,6,0,0,CONTINUE,0,A,1,1,0,KEEP_STRUCTURAL_IN_ON_CUT,2,3,0,0,"tail_cont_enabled=1 tail_active_dims=(1,) tail_delta=0.1 tail_start=(6, 6, 6) returned_y=(2, 6, 0) returned_b=(0, 1, 0) returned_u=(0, 0, 0) returned_zcap=(2, 6, 0) max_tail_u=0",NA
120,P1_no_rho,113,471.77707449998707,5.581385899917223,2.8690267000347376,0.1518108999589458,0.01,62412.472527134654,62412.472527134654,-65630.34124931732,-46423.919182849524,0.0,-21410.840033315,-77124.18815864352,-77124.17310908204,-47036.80371157194,-21410.840033315,25625.963678256943,25625.963678256936,-21955.561255000903,38424.0,nan,nan,1.5000000000000002,10.0,0.0,0.0,10.0,0.85,CORE,MAIN,1.2091506568117176,0.25202270191071063,0.6,0.174,-47036.80371157194,STRUCTURAL,-0.9571901563967161,-177372.99662269253,25500.0,0,0,0,0,0,0,0,inf,inf,NA,1,5,5,5,22,6,0,0,CONTINUE,0,A,1,1,0,KEEP_STRUCTURAL_IN_ON_CUT,2,3,0,0,"tail_cont_enabled=1 tail_active_dims=(1,) tail_delta=0.1 tail_start=(6, 6, 6) returned_y=(2, 6, 0) returned_b=(0, 1, 0) returned_u=(0, 0, 0) returned_zcap=(2, 6, 0) max_tail_u=0",NA
120,P1_no_rho,114,475.2427238000091,5.581385899917223,3.4649563001003116,0.1820257999934256,0.01,55765.90960931519,55765.90960931519,-65630.34124931732,-47420.90362052245,0.0,-21410.840033315,-74082.60941092692,-74082.59430699787,-47036.80371157194,-21410.840033315,25625.963678256943,25625.963678256936,-22521.11886080626,37517.5,nan,nan,1.5000000000000002,10.0,0.0,0.0,10.0,0.85,CORE,MAIN,1.2081184539479743,0.23629330649864044,0.6,0.174,-47036.80371157194,STRUCTURAL,-0.9162208826315114,-177372.99662269253,25500.0,0,0,0,0,0,0,0,inf,inf,NA,1,5,5,5,22,6,0,0,CONTINUE,0,A,1,1,0,KEEP_STRUCTURAL_IN_ON_CUT,2,3,0,0,"tail_cont_enabled=1 tail_active_dims=(1,) tail_delta=0.1 tail_start=(6, 6, 6) returned_y=(1, 0, 6) returned_b=(0, 0, 1) returned_u=(0, 0, 0) returned_zcap=(1, 0, 6) max_tail_u=0",NA
120,P1_no_rho,115,481.9532300999854,5.581385899917223,6.710021700011566,0.15782979992218316,0.01,59500.883355281694,59500.883355281694,-65630.34124931732,-46860.65755862747,0.0,-21410.840033315,-71921.8804976689,-71921.86576113457,-47036.80371157194,-21410.840033315,25625.963678256943,25625.963678256936,-22117.924707795002,36729.0,nan,nan,1.5000000000000002,10.0,0.0,0.0,10.0,0.85,CORE,MAIN,1.2076331162451708,0.26326093341281676,0.6,0.174,-47036.80371157194,STRUCTURAL,-0.9039894189575821,-177372.99662269253,25500.0,0,0,0,0,0,0,0,inf,inf,NA,1,5,5,5,22,6,0,0,CONTINUE,0,A,1,1,0,KEEP_STRUCTURAL_IN_ON_CUT,2,3,0,0,"tail_cont_enabled=1 tail_active_dims=(1,) tail_delta=0.1 tail_start=(6, 6, 6) returned_y=(1, 0, 6) returned_b=(0, 0, 1) returned_u=(0, 0, 0) returned_zcap=(1, 0, 6) max_tail_u=0",NA
120,P1_no_rho,116,484.3489697999321,5.581385899917223,2.3952256999909878,0.18117929995059967,0.01,64458.77508114753,64458.77508114753,-65630.34124931732,-46116.97379974759,0.0,-21410.840033315,-71274.44749438275,-71274.4328268312,-47036.80371157194,-21410.840033315,25625.963678256943,25625.963678256936,-20448.828549654474,36477.0,nan,nan,1.5000000000000002,10.0,0.0,0.0,10.0,0.85,CORE,MAIN,1.2078617806725207,0.23723288282512656,0.6,0.174,-47036.80371157194,STRUCTURAL,-0.9289068778897517,-177372.99662269253,25500.0,0,0,0,0,0,0,0,inf,inf,NA,1,5,5,5,22,6,0,0,CONTINUE,0,A,1,1,0,KEEP_STRUCTURAL_IN_ON_CUT,2,3,0,0,"tail_cont_enabled=1 tail_active_dims=(1,) tail_delta=0.1 tail_start=(6, 6, 6) returned_y=(1, 0, 6) returned_b=(0, 0, 1) returned_u=(0, 0, 0) returned_zcap=(1, 0, 6) max_tail_u=0",NA
120,P1_no_rho,117,487.7683213999262,5.581385899917223,3.418714299914427,0.17002429999411106,0.01,44712.80142402707,44712.80142402707,-65630.34124931732,-49078.86984831566,0.0,-21410.840033315,-74936.12529828493,-74936.11048361562,-47036.80371157194,-21410.840033315,25625.963678256943,25625.963678256936,-22635.535254446764,36630.0,nan,nan,1.5000000000000002,10.0,0.0,0.0,10.0,0.85,CORE,MAIN,1.2098438955968303,0.2566732347484979,0.6,0.174,-47036.80371157194,STRUCTURAL,-0.9518714210422944,-177372.99662269253,25500.0,0,0,0,0,0,0,0,inf,inf,NA,1,5,5,5,22,6,0,0,CONTINUE,0,A,1,1,0,KEEP_STRUCTURAL_IN_ON_CUT,2,3,0,0,"tail_cont_enabled=1 tail_active_dims=(1,) tail_delta=0.1 tail_start=(6, 6, 6) returned_y=(2, 6, 0) returned_b=(0, 1, 0) returned_u=(0, 0, 0) returned_zcap=(2, 6, 0) max_tail_u=0",NA
120,P1_no_rho,118,491.23418699996546,5.581385899917223,3.4653542999876663,0.16697470005601645,0.01,69987.1844156934,69987.1844156934,-65630.34124931732,-45287.71239956572,0.0,-21410.840033315,-69206.26300617465,-69206.24867877577,-47036.80371157194,-21410.840033315,25625.963678256943,25625.963678256936,-20156.285490110888,35362.5,nan,nan,1.5000000000000002,10.0,0.0,0.0,10.0,0.85,CORE,MAIN,1.2105833983824121,0.23858733803653942,0.6,0.174,-47036.80371157194,STRUCTURAL,-0.9247076835379261,-177372.99662269253,25500.0,0,0,0,0,0,0,0,inf,inf,NA,1,5,5,5,22,6,0,0,CONTINUE,0,A,1,1,0,KEEP_STRUCTURAL_IN_ON_CUT,2,3,0,0,"tail_cont_enabled=1 tail_active_dims=(1,) tail_delta=0.1 tail_start=(6, 6, 6) returned_y=(1, 0, 6) returned_b=(0, 0, 1) returned_u=(0, 0, 0) returned_zcap=(1, 0, 6) max_tail_u=0",NA
120,P1_no_rho,119,494.2078404999338,5.581385899917223,2.972928599920124,0.2222979998914525,0.01,67750.18886256989,67750.18886256989,-65630.34124931732,-45623.26173253424,0.0,-21410.840033315,-68504.7922308792,-68504.77809044145,-47036.80371157194,-21410.840033315,25625.963678256943,25625.963678256936,-19269.487558814315,34441.5,nan,nan,1.5000000000000002,10.0,0.0,0.0,10.0,0.85,CORE,MAIN,1.2115560684080164,0.24850747690570751,0.6,0.174,-47036.80371157194,STRUCTURAL,-0.9530225751225919,-177372.99662269253,25500.0,0,0,0,0,0,0,0,inf,inf,NA,1,5,5,5,22,6,0,0,CONTINUE,0,A,1,1,0,KEEP_STRUCTURAL_IN_ON_CUT,2,3,0,0,"tail_cont_enabled=1 tail_active_dims=(1,) tail_delta=0.1 tail_start=(6, 6, 6) returned_y=(2, 6, 0) returned_b=(0, 1, 0) returned_u=(0, 0, 0) returned_zcap=(2, 6, 0) max_tail_u=0",NA
120,P1_no_rho,120,501.48543849994894,5.581385899917223,7.277220299933106,0.15643039997667074,0.01,57559.03129149293,57559.03129149293,-65630.34124931732,-47151.93536819579,0.0,-21410.840033315,-79374.44483165233,-79374.42957408987,-47036.80371157194,-21410.840033315,25625.963678256943,25625.963678256936,-22503.49128234587,39400.5,nan,nan,1.5000000000000002,10.0,0.0,0.0,10.0,0.85,CORE,MAIN,1.2104201068883316,0.22791670098824668,0.6,0.174,-47036.80371157194,STRUCTURAL,-0.9622710082654449,-177372.99662269253,25500.0,0,0,0,0,0,0,0,inf,inf,NA,1,5,5,5,22,6,0,0,CONTINUE,0,A,1,1,0,KEEP_STRUCTURAL_IN_ON_CUT,2,3,0,0,"tail_cont_enabled=1 tail_active_dims=(1,) tail_delta=0.1 tail_start=(6, 6, 6) returned_y=(2, 6, 0) returned_b=(0, 1, 0) returned_u=(0, 0, 0) returned_zcap=(2, 6, 0) max_tail_u=0",NA
120,P1_no_rho,121,504.830772300018,5.581385899917223,3.344812900060788,0.1791854000184685,0.01,54270.84847115215,54270.84847115215,-65630.34124931732,-47645.1627912469,0.0,-21410.840033315,-74896.86075576983,-74896.84547709364,-47036.80371157194,-21410.840033315,25625.963678256943,25625.963678256936,-22083.727683890796,36670.5,nan,nan,1.5000000000000002,10.0,0.0,0.0,10.0,0.85,CORE,MAIN,1.2093930811379914,0.25099074314620307,0.6,0.174,-47036.80371157194,STRUCTURAL,-0.9601381272540203,-177372.99662269253,25500.0,0,0,0,0,0,0,0,inf,inf,NA,1,5,5,5,22,6,0,0,CONTINUE,0,A,1,1,0,KEEP_STRUCTURAL_IN_ON_CUT,2,3,0,0,"tail_cont_enabled=1 tail_active_dims=(1,) tail_delta=0.1 tail_start=(6, 6, 6) returned_y=(6, 0, 1) returned_b=(1, 0, 0) returned_u=(0, 0, 0) returned_zcap=(6, 0, 1) max_tail_u=0",NA
120,P1_no_rho,122,508.0192395999329,5.581385899917223,3.1877572999801487,0.17177280003670603,0.01,57800.13776673041,57800.13776673041,-65630.34124931732,-47115.76939691016,0.0,-21410.840033315,-72474.57816883511,-72474.56339777767,-47036.80371157194,-21410.840033315,25625.963678256943,25625.963678256936,-22790.388650802597,35284.5,nan,nan,1.5000000000000002,10.0,0.0,0.0,10.0,0.85,CORE,MAIN,1.2089598139616409,0.24922762931294007,0.6,0.174,-47036.80371157194,STRUCTURAL,-0.9387346615270172,-177372.99662269253,25500.0,0,0,0,0,0,0,0,inf,inf,NA,1,5,5,5,22,6,0,0,CONTINUE,0,A,1,1,0,KEEP_STRUCTURAL_IN_ON_CUT,2,3,0,0,"tail_cont_enabled=1 tail_active_dims=(1,) tail_delta=0.1 tail_start=(6, 6, 6) returned_y=(6, 0, 1) returned_b=(1, 0, 0) returned_u=(0, 0, 0) returned_zcap=(6, 0, 1) max_tail_u=0",NA
120,P1_no_rho,123,510.4861994999228,5.581385899917223,2.4664975999621674,0.17323610000312328,0.01,61604.16300496572,61604.16300496572,-65630.34124931732,-46545.16561117487,0.0,-21410.840033315,-72263.82771995061,-72263.81294490922,-47036.80371157194,-21410.840033315,25625.963678256943,25625.963678256936,-20738.348264285305,36037.5,nan,nan,1.5000000000000002,10.0,0.0,0.0,10.0,0.85,CORE,MAIN,1.2090244884421284,0.2483081425738195,0.6,0.174,-47036.80371157194,STRUCTURAL,-0.9531823735576165,-177372.99662269253,25500.0,0,0,0,0,0,0,0,inf,inf,NA,1,5,5,5,22,6,0,0,CONTINUE,0,A,1,1,0,KEEP_STRUCTURAL_IN_ON_CUT,2,3,0,0,"tail_cont_enabled=1 tail_active_dims=(1,) tail_delta=0.1 tail_start=(6, 6, 6) returned_y=(6, 0, 1) returned_b=(1, 0, 0) returned_u=(0, 0, 0) returned_zcap=(6, 0, 1) max_tail_u=0",NA
120,P1_no_rho,124,514.0155526999151,5.581385899917223,3.5290045998990536,0.1686928999843076,0.01,51729.62615235871,51729.62615235871,-65630.34124931732,-48026.346139065914,0.0,-21410.840033315,-71665.2423936294,-71665.22790364435,-47036.80371157194,-21410.840033315,25625.963678256943,25625.963678256936,-22567.768992611065,35863.0,nan,nan,1.5000000000000002,10.0,0.0,0.0,10.0,0.85,CORE,MAIN,1.2091272869056353,0.2621067387894622,0.6,0.174,-47036.80371157194,STRUCTURAL,-0.9126854773449573,-177372.99662269253,25500.0,0,0,0,0,0,0,0,inf,inf,NA,1,5,5,5,22,6,0,0,CONTINUE,0,A,1,1,0,KEEP_STRUCTURAL_IN_ON_CUT,2,3,0,0,"tail_cont_enabled=1 tail_active_dims=(1,) tail_delta=0.1 tail_start=(6, 6, 6) returned_y=(6, 0, 1) returned_b=(1, 0, 0) returned_u=(0, 0, 0) returned_zcap=(6, 0, 1) max_tail_u=0",NA
120,P1_no_rho,125,521.2690165999811,5.581385899917223,7.253051900072023,0.15708309994079173,0.01,66837.10418639866,66837.10418639866,-65630.34124931732,-45760.22443395993,0.0,-21410.840033315,-70314.01631432341,-70314.00173294652,-47036.80371157194,-21410.840033315,25625.963678256943,25625.963678256936,-20270.576339777177,34877.0,nan,nan,1.5000000000000002,10.0,0.0,0.0,10.0,0.85,CORE,MAIN,1.2108003563490775,0.24436142689503382,0.6,0.174,-47036.80371157194,STRUCTURAL,-0.9565697621769713,-177372.99662269253,25500.0,0,0,0,0,0,0,0,inf,inf,NA,1,5,5,5,22,6,0,0,CONTINUE,0,A,1,1,0,KEEP_STRUCTURAL_IN_ON_CUT,2,3,0,0,"tail_cont_enabled=1 tail_active_dims=(1,) tail_delta=0.1 tail_start=(6, 6, 6) returned_y=(6, 0, 1) returned_b=(1, 0, 0) returned_u=(0, 0, 0) returned_zcap=(6, 0, 1) max_tail_u=0",NA
120,P1_no_rho,126,523.4362099999562,5.581385899917223,2.1666274999734014,0.16796550003346056,0.01,74267.17564120323,74267.17564120323,-65630.34124931732,-44645.71371573924,0.0,-21410.840033315,-70436.40556547359,-70436.39112997224,-47036.80371157194,-21410.840033315,25625.963678256943,25625.963678256936,-20340.669972812575,35261.5,nan,nan,1.5000000000000002,10.0,0.0,0.0,10.0,0.85,CORE,MAIN,1.212579059884821,0.25820851606500816,0.6,0.174,-47036.80371157194,STRUCTURAL,-0.9471278147017694,-177372.99662269253,25500.0,0,0,0,0,0,0,0,inf,inf,NA,1,5,5,5,22,6,0,0,CONTINUE,0,A,1,1,0,KEEP_STRUCTURAL_IN_ON_CUT,2,3,0,0,"tail_cont_enabled=1 tail_active_dims=(1,) tail_delta=0.1 tail_start=(6, 6, 6) returned_y=(6, 0, 1) returned_b=(1, 0, 0) returned_u=(0, 0, 0) returned_zcap=(6, 0, 1) max_tail_u=0",NA
120,P1_no_rho,127,526.9257557999808,5.581385899917223,3.489174299989827,0.16933439997956157,0.01,56774.63440415279,56774.63440415279,-65630.34124931732,-47269.594901296805,0.0,-21410.840033315,-76618.4725596525,-76618.45784320452,-47036.80371157194,-21410.840033315,25625.963678256943,25625.963678256936,-21682.81167406007,38808.5,nan,nan,1.5000000000000002,10.0,0.0,0.0,10.0,0.85,CORE,MAIN,1.2127526970208984,0.24068050062764523,0.6,0.174,-47036.80371157194,STRUCTURAL,-0.9437047067720465,-177372.99662269253,25500.0,0,0,0,0,0,0,0,inf,inf,NA,1,5,5,5,22,6,0,0,CONTINUE,0,A,1,1,0,KEEP_STRUCTURAL_IN_ON_CUT,2,3,0,0,"tail_cont_enabled=1 tail_active_dims=(1,) tail_delta=0.1 tail_start=(6, 6, 6) returned_y=(2, 6, 0) returned_b=(0, 1, 0) returned_u=(0, 0, 0) returned_zcap=(2, 6, 0) max_tail_u=0",NA
120,P1_no_rho,128,530.0760119999759,5.581385899917223,3.149860500008799,0.15613660006783903,0.01,73331.87294292059,73331.87294292059,-65630.34124931732,-44786.009120481634,0.0,-21410.840033315,-73616.9174341557,-73616.90374155452,-47036.80371157194,-21410.840033315,25625.963678256943,25625.963678256936,-19672.80619513789,38276.0,nan,nan,1.5000000000000002,10.0,0.0,0.0,10.0,0.85,CORE,MAIN,1.2127727241089383,0.23484588489535219,0.6,0.174,-47036.80371157194,STRUCTURAL,-0.9395634783574845,-177372.99662269253,25500.0,0,0,0,0,0,0,0,inf,inf,NA,1,5,5,5,22,6,0,0,CONTINUE,0,A,1,1,0,KEEP_STRUCTURAL_IN_ON_CUT,2,3,0,0,"tail_cont_enabled=1 tail_active_dims=(1,) tail_delta=0.1 tail_start=(6, 6, 6) returned_y=(2, 6, 0) returned_b=(0, 1, 0) returned_u=(0, 0, 0) returned_zcap=(2, 6, 0) max_tail_u=0",NA
120,P1_no_rho,129,533.2385516000213,5.581385899917223,3.1618366999318823,0.15593629993963987,0.01,51273.97616996714,51273.97616996714,-65630.34124931732,-48094.69363642465,0.0,-21410.840033315,-68372.60840233442,-68372.5943313301,-47036.80371157194,-21410.840033315,25625.963678256943,25625.963678256936,-20253.199019750627,34417.5,nan,nan,1.5000000000000002,10.0,0.0,0.0,10.0,0.85,CORE,MAIN,1.2124219964531524,0.23897240658984975,0.6,0.174,-47036.80371157194,STRUCTURAL,-0.9320722561018756,-177372.99662269253,25500.0,0,0,0,0,0,0,0,inf,inf,NA,1,5,5,5,22,6,0,0,CONTINUE,0,A,1,1,0,KEEP_STRUCTURAL_IN_ON_CUT,2,3,0,0,"tail_cont_enabled=1 tail_active_dims=(1,) tail_delta=0.1 tail_start=(6, 6, 6) returned_y=(6, 0, 1) returned_b=(1, 0, 0) returned_u=(0, 0, 0) returned_zcap=(6, 0, 1) max_tail_u=0",NA
120,P1_no_rho,130,539.2547379999887,5.581385899917223,6.015717100002803,0.16559309989679605,0.01,51114.22488943086,51114.22488943086,-65630.34124931732,-48118.656328505094,0.0,-21410.840033315,-71846.84990276083,-71846.83524024105,-47036.80371157194,-21410.840033315,25625.963678256943,25625.963678256936,-21246.723179683617,35555.5,nan,nan,1.5000000000000002,10.0,0.0,0.0,10.0,0.85,CORE,MAIN,1.2120463494597502,0.2352161992107037,0.6,0.174,-47036.80371157194,STRUCTURAL,-0.948753583562926,-177372.99662269253,25500.0,0,0,0,0,0,0,0,inf,inf,NA,1,5,5,5,22,6,0,0,CONTINUE,0,A,1,1,0,KEEP_STRUCTURAL_IN_ON_CUT,2,3,0,0,"tail_cont_enabled=1 tail_active_dims=(1,) tail_delta=0.1 tail_start=(6, 6, 6) returned_y=(6, 0, 1) returned_b=(1, 0, 0) returned_u=(0, 0, 0) returned_zcap=(6, 0, 1) max_tail_u=0",NA
120,P1_no_rho,131,542.2752226999728,5.581385899917223,3.0200781000312418,0.17221430002246052,0.01,42283.70063662117,42283.70063662117,-65630.34124931732,-49443.23496642655,0.0,-21410.840033315,-73122.60118004594,-73122.58644158341,-47036.80371157194,-21410.840033315,25625.963678256943,25625.963678256936,-22908.80027360939,36157.5,nan,nan,1.5000000000000002,10.0,0.0,0.0,10.0,0.85,CORE,MAIN,1.2113754781495698,0.2475160797507192,0.6,0.174,-47036.80371157194,STRUCTURAL,-0.9258344035211507,-177372.99662269253,25500.0,0,0,0,0,0,0,0,inf,inf,NA,1,5,5,5,22,6,0,0,CONTINUE,0,A,1,1,0,KEEP_STRUCTURAL_IN_ON_CUT,2,3,0,0,"tail_cont_enabled=1 tail_active_dims=(1,) tail_delta=0.1 tail_start=(6, 6, 6) returned_y=(6, 0, 1) returned_b=(1, 0, 0) returned_u=(0, 0, 0) returned_zcap=(6, 0, 1) max_tail_u=0",NA
120,P1_no_rho,132,545.9330675000092,5.581385899917223,3.6572549000848085,0.2327050999738276,0.01,51853.288039689265,51853.288039689265,-65630.34124931732,-48007.796855966335,0.0,-21410.840033315,-68339.26556596841,-68339.25133865161,-47036.80371157194,-21410.840033315,25625.963678256943,25625.963678256936,-19922.56219404068,34445.0,nan,nan,1.5000000000000002,10.0,0.0,0.0,10.0,0.85,CORE,MAIN,1.2117239451958053,0.25351358710266103,0.6,0.174,-47036.80371157194,STRUCTURAL,-0.9370820950231946,-177372.99662269253,25500.0,0,0,0,0,0,0,0,inf,inf,NA,1,5,5,5,22,6,0,0,CONTINUE,0,A,1,1,0,KEEP_STRUCTURAL_IN_ON_CUT,2,3,0,0,"tail_cont_enabled=1 tail_active_dims=(1,) tail_delta=0.1 tail_start=(6, 6, 6) returned_y=(6, 0, 1) returned_b=(1, 0, 0) returned_u=(0, 0, 0) returned_zcap=(6, 0, 1) max_tail_u=0",NA
120,P1_no_rho,133,548.5320176999085,5.581385899917223,2.5983540999004617,0.16546759998891503,0.01,52118.50483690275,52118.50483690275,-65630.34124931732,-47968.01433638431,0.0,-21410.840033315,-72079.28319469921,-72079.26858213532,-47036.80371157194,-21410.840033315,25625.963678256943,25625.963678256936,-20986.73220521384,36596.5,nan,nan,1.5000000000000002,10.0,0.0,0.0,10.0,0.85,CORE,MAIN,1.2119373233158584,0.24858896984506684,0.6,0.174,-47036.80371157194,STRUCTURAL,-0.9307362976773095,-177372.99662269253,25500.0,0,0,0,0,0,0,0,inf,inf,NA,1,5,5,5,22,6,0,0,CONTINUE,0,A,1,1,0,KEEP_STRUCTURAL_IN_ON_CUT,2,3,0,0,"tail_cont_enabled=1 tail_active_dims=(1,) tail_delta=0.1 tail_start=(6, 6, 6) returned_y=(1, 0, 6) returned_b=(0, 0, 1) returned_u=(0, 0, 0) returned_zcap=(1, 0, 6) max_tail_u=0",NA
120,P1_no_rho,134,551.8471938999137,5.581385899917223,3.314742499962449,0.1651589999673888,0.01,59198.91195895069,59198.91195895069,-65630.34124931732,-46905.95326807712,0.0,-21410.840033315,-76925.14397585747,-76925.1287571462,-47036.80371157194,-21410.840033315,25625.963678256943,25625.963678256936,-23616.68507443597,37528.0,nan,nan,1.5000000000000002,10.0,0.0,0.0,10.0,0.85,CORE,MAIN,1.2109540596046904,0.2524236254566753,0.6,0.174,-47036.80371157194,STRUCTURAL,-0.946998573202413,-177372.99662269253,25500.0,0,0,0,0,0,0,0,inf,inf,NA,1,5,5,5,22,6,0,0,CONTINUE,0,A,1,1,0,KEEP_STRUCTURAL_IN_ON_CUT,2,3,0,0,"tail_cont_enabled=1 tail_active_dims=(1,) tail_delta=0.1 tail_start=(6, 6, 6) returned_y=(2, 6, 0) returned_b=(0, 1, 0) returned_u=(0, 0, 0) returned_zcap=(2, 6, 0) max_tail_u=0",NA
120,P1_no_rho,135,558.4968835000182,5.581385899917223,6.64897020009812,0.1699695000424981,0.01,66964.28153948231,66964.28153948231,-65630.34124931732,-45741.147830997375,0.0,-21410.840033315,-71266.87964508752,-71266.86556255133,-47036.80371157194,-21410.840033315,25625.963678256943,25625.963678256936,-21236.246532806108,35868.0,nan,nan,1.5000000000000002,10.0,0.0,0.0,10.0,0.85,CORE,MAIN,1.2105336736926966,0.2642174694147599,0.6,0.174,-47036.80371157194,STRUCTURAL,-0.9299025878172785,-177372.99662269253,25500.0,0,0,0,0,0,0,0,inf,inf,NA,1,5,5,5,22,6,0,0,CONTINUE,0,A,1,1,0,KEEP_STRUCTURAL_IN_ON_CUT,2,3,0,0,"tail_cont_enabled=1 tail_active_dims=(1,) tail_delta=0.1 tail_start=(6, 6, 6) returned_y=(2, 6, 0) returned_b=(0, 1, 0) returned_u=(0, 0, 0) returned_zcap=(2, 6, 0) max_tail_u=0",NA
120,P1_no_rho,136,562.1017115999712,5.581385899917223,3.604357899981551,0.1768700999673456,0.01,67466.87836444349,67466.87836444349,-65630.34124931732,-45665.7583072532,0.0,-21410.840033315,-71596.73370995777,-71596.71929922982,-47036.80371157194,-21410.840033315,25625.963678256943,25625.963678256936,-20936.766550706474,35562.5,nan,nan,1.5000000000000002,10.0,0.0,0.0,10.0,0.85,CORE,MAIN,1.210423100927803,0.2571014605449792,0.6,0.174,-47036.80371157194,STRUCTURAL,-0.9496886279746611,-177372.99662269253,25500.0,0,0,0,0,0,0,0,inf,inf,NA,1,5,5,5,22,6,0,0,CONTINUE,0,A,1,1,0,KEEP_STRUCTURAL_IN_ON_CUT,2,3,0,0,"tail_cont_enabled=1 tail_active_dims=(1,) tail_delta=0.1 tail_start=(6, 6, 6) returned_y=(2, 6, 0) returned_b=(0, 1, 0) returned_u=(0, 0, 0) returned_zcap=(2, 6, 0) max_tail_u=0",NA
120,P1_no_rho,137,565.2958939999808,5.581385899917223,3.19368869997561,0.18784709996543825,0.01,57633.99441476471,57633.99441476471,-65630.34124931732,-47140.69089970502,0.0,-21410.840033315,-72941.67775454081,-72941.66300242924,-47036.80371157194,-21410.840033315,25625.963678256943,25625.963678256936,-21432.098342842146,36126.0,nan,nan,1.5000000000000002,10.0,0.0,0.0,10.0,0.85,CORE,MAIN,1.2102212136361894,0.25861592072201267,0.6,0.174,-47036.80371157194,STRUCTURAL,-0.9505538884199208,-177372.99662269253,25500.0,0,0,0,0,0,0,0,inf,inf,NA,1,5,5,5,22,6,0,0,CONTINUE,0,A,1,1,0,KEEP_STRUCTURAL_IN_ON_CUT,2,3,0,0,"tail_cont_enabled=1 tail_active_dims=(1,) tail_delta=0.1 tail_start=(6, 6, 6) returned_y=(6, 0, 1) returned_b=(1, 0, 0) returned_u=(0, 0, 0) returned_zcap=(6, 0, 1) max_tail_u=0",NA
120,P1_no_rho,138,567.5932207999285,5.581385899917223,2.2968589999945834,0.15999750001356006,0.01,48826.06215034541,48826.06215034541,-65630.34124931732,-48461.88073936791,0.0,-21410.840033315,-74476.93077746202,-74476.91576111948,-47036.80371157194,-21410.840033315,25625.963678256943,25625.963678256936,-22722.62326619868,36542.0,nan,nan,1.5000000000000002,10.0,0.0,0.0,10.0,0.85,CORE,MAIN,1.2115675013231046,0.24436744904218133,0.6,0.174,-47036.80371157194,STRUCTURAL,-0.9441974074566398,-177372.99662269253,25500.0,0,0,0,0,0,0,0,inf,inf,NA,1,5,5,5,22,6,0,0,CONTINUE,0,A,1,1,0,KEEP_STRUCTURAL_IN_ON_CUT,2,3,0,0,"tail_cont_enabled=1 tail_active_dims=(1,) tail_delta=0.1 tail_start=(6, 6, 6) returned_y=(6, 0, 1) returned_b=(1, 0, 0) returned_u=(0, 0, 0) returned_zcap=(6, 0, 1) max_tail_u=0",NA
120,P1_no_rho,139,571.021171099972,5.581385899917223,3.4274082999909297,0.16942990000825375,0.01,68512.23426980393,68512.23426980393,-65630.34124931732,-45508.954921449134,0.0,-21410.840033315,-69017.01503660863,-69017.00066746876,-47036.80371157194,-21410.840033315,25625.963678256943,25625.963678256936,-19867.02868318889,34428.5,nan,nan,1.5000000000000002,10.0,0.0,0.0,10.0,0.85,CORE,MAIN,1.211736118298499,0.25524847428689146,0.6,0.174,-47036.80371157194,STRUCTURAL,-0.9517303393850998,-177372.99662269253,25500.0,0,0,0,0,0,0,0,inf,inf,NA,1,5,5,5,22,6,0,0,CONTINUE,0,A,1,1,0,KEEP_STRUCTURAL_IN_ON_CUT,2,3,0,0,"tail_cont_enabled=1 tail_active_dims=(1,) tail_delta=0.1 tail_start=(6, 6, 6) returned_y=(6, 0, 1) returned_b=(1, 0, 0) returned_u=(0, 0, 0) returned_zcap=(6, 0, 1) max_tail_u=0",NA
120,P1_no_rho,140,577.8169661000138,5.581385899917223,6.795511200092733,0.1548729999922216,0.01,61396.6109969555,61396.6109969555,-65630.34124931732,-46576.298412376396,0.0,-21410.840033315,-70554.77577374688,-70554.76133350859,-47036.80371157194,-21410.840033315,25625.963678256943,25625.963678256936,-20289.285957395714,34925.5,nan,nan,1.5000000000000002,10.0,0.0,0.0,10.0,0.85,CORE,MAIN,1.2123442514088145,0.27182761870899885,0.6,0.174,-47036.80371157194,STRUCTURAL,-0.9594799478148794,-177372.99662269253,25500.0,0,0,0,0,0,0,0,inf,inf,NA,1,5,5,5,22,6,0,0,CONTINUE,0,A,1,1,0,KEEP_STRUCTURAL_IN_ON_CUT,2,3,0,0,"tail_cont_enabled=1 tail_active_dims=(1,) tail_delta=0.1 tail_start=(6, 6, 6) returned_y=(6, 0, 1) returned_b=(1, 0, 0) returned_u=(0, 0, 0) returned_zcap=(6, 0, 1) max_tail_u=0",NA
120,P1_no_rho,141,580.1537751000142,5.581385899917223,2.336396500002593,0.1608179999748245,0.01,49370.756719010715,49370.756719010715,-65630.34124931732,-48380.176554068115,0.0,-21410.840033315,-75695.62343354753,-75695.60823932033,-47036.80371157194,-21410.840033315,25625.963678256943,25625.963678256936,-23142.252786901274,36699.5,nan,nan,1.5000000000000002,10.0,0.0,0.0,10.0,0.85,CORE,MAIN,1.2117287717346472,0.24451001905298275,0.6,0.174,-47036.80371157194,STRUCTURAL,-0.9546606984185808,-177372.99662269253,25500.0,0,0,0,0,0,0,0,inf,inf,NA,1,5,5,5,22,6,0,0,CONTINUE,0,A,1,1,0,KEEP_STRUCTURAL_IN_ON_CUT,2,3,0,0,"tail_cont_enabled=1 tail_active_dims=(1,) tail_delta=0.1 tail_start=(6, 6, 6) returned_y=(6, 0, 1) returned_b=(1, 0, 0) returned_u=(0, 0, 0) returned_zcap=(6, 0, 1) max_tail_u=0",NA
120,P1_no_rho,142,583.6458491999656,5.581385899917223,3.4917811000486836,0.1724919000407681,0.01,65065.850216997525,65065.850216997525,-65630.34124931732,-46025.91252937009,0.0,-21410.840033315,-70288.8686735998,-70288.85439117569,-47036.80371157194,-21410.840033315,25625.963678256943,25625.963678256936,-20533.04138436806,34951.0,nan,nan,1.5000000000000002,10.0,0.0,0.0,10.0,0.85,CORE,MAIN,1.211884971910345,0.2650363825423425,0.6,0.174,-47036.80371157194,STRUCTURAL,-0.9490584533929908,-177372.99662269253,25500.0,0,0,0,0,0,0,0,inf,inf,NA,1,5,5,5,22,6,0,0,CONTINUE,0,A,1,1,0,KEEP_STRUCTURAL_IN_ON_CUT,2,3,0,0,"tail_cont_enabled=1 tail_active_dims=(1,) tail_delta=0.1 tail_start=(6, 6, 6) returned_y=(2, 6, 0) returned_b=(0, 1, 0) returned_u=(0, 0, 0) returned_zcap=(2, 6, 0) max_tail_u=0",NA
120,P1_no_rho,143,586.7773859999143,5.581385899917223,3.1311608999967575,0.1524997999658808,0.01,62635.83506494473,62635.83506494473,-65630.34124931732,-46390.41480217801,0.0,-21410.840033315,-73479.09398603193,-73479.07934905098,-47036.80371157194,-21410.840033315,25625.963678256943,25625.963678256936,-21403.952836933928,36433.5,nan,nan,1.5000000000000002,10.0,0.0,0.0,10.0,0.85,CORE,MAIN,1.211670946339588,0.24818120441566427,0.6,0.174,-47036.80371157194,STRUCTURAL,-0.9528799321524979,-177372.99662269253,25500.0,0,0,0,0,0,0,0,inf,inf,NA,1,5,5,5,22,6,0,0,CONTINUE,0,A,1,1,0,KEEP_STRUCTURAL_IN_ON_CUT,2,3,0,0,"tail_cont_enabled=1 tail_active_dims=(1,) tail_delta=0.1 tail_start=(6, 6, 6) returned_y=(2, 6, 0) returned_b=(0, 1, 0) returned_u=(0, 0, 0) returned_zcap=(2, 6, 0) max_tail_u=0",NA
120,P1_no_rho,144,589.7567051999504,5.581385899917223,2.9788066999753937,0.15682229993399233,0.01,63303.95202034746,63303.95202034746,-65630.34124931732,-46290.1972588676,0.0,-21410.840033315,-74843.23173046984,-74843.2167673198,-47036.80371157194,-21410.840033315,25625.963678256943,25625.963678256936,-21884.851864125227,36829.0,nan,nan,1.5000000000000002,10.0,0.0,0.0,10.0,0.85,CORE,MAIN,1.2111312343194252,0.24422374501625066,0.6,0.174,-47036.80371157194,STRUCTURAL,-0.9586352223011678,-177372.99662269253,25500.0,0,0,0,0,0,0,0,inf,inf,NA,1,5,5,5,22,6,0,0,CONTINUE,0,A,1,1,0,KEEP_STRUCTURAL_IN_ON_CUT,2,3,0,0,"tail_cont_enabled=1 tail_active_dims=(1,) tail_delta=0.1 tail_start=(6, 6, 6) returned_y=(2, 6, 0) returned_b=(0, 1, 0) returned_u=(0, 0, 0) returned_zcap=(2, 6, 0) max_tail_u=0",NA
120,P1_no_rho,145,596.8884130999213,5.581385899917223,7.131004999973811,0.16127369995228946,0.01,50944.10410483519,50944.10410483519,-65630.34124931732,-48144.17444619445,0.0,-21410.840033315,-72620.84988209554,-72620.83511869781,-47036.80371157194,-21410.840033315,25625.963678256943,25625.963678256936,-21719.678294437632,35882.5,nan,nan,1.5000000000000002,10.0,0.0,0.0,10.0,0.85,CORE,MAIN,1.2116495114953827,0.259347213768346,0.6,0.174,-47036.80371157194,STRUCTURAL,-0.9457006771965937,-177372.99662269253,25500.0,0,0,0,0,0,0,0,inf,inf,NA,1,5,5,5,22,6,0,0,CONTINUE,0,A,1,1,0,KEEP_STRUCTURAL_IN_ON_CUT,2,3,0,0,"tail_cont_enabled=1 tail_active_dims=(1,) tail_delta=0.1 tail_start=(6, 6, 6) returned_y=(6, 0, 1) returned_b=(1, 0, 0) returned_u=(0, 0, 0) returned_zcap=(6, 0, 1) max_tail_u=0",NA
120,P1_no_rho,146,599.8627239000052,5.581385899917223,2.9737868000520393,0.15680520003661513,0.01,66220.73267096249,66220.73267096249,-65630.34124931732,-45852.68016127535,0.0,-21410.840033315,-69153.83016689724,-69153.81577080303,-47036.80371157194,-21410.840033315,25625.963678256943,25625.963678256936,-20425.644782287527,34574.5,nan,nan,1.5000000000000002,10.0,0.0,0.0,10.0,0.85,CORE,MAIN,1.211903593980618,0.26070720811997616,0.6,0.174,-47036.80371157194,STRUCTURAL,-0.9395782245781423,-177372.99662269253,25500.0,0,0,0,0,0,0,0,inf,inf,NA,1,5,5,5,22,6,0,0,CONTINUE,0,A,1,1,0,KEEP_STRUCTURAL_IN_ON_CUT,2,3,0,0,"tail_cont_enabled=1 tail_active_dims=(1,) tail_delta=0.1 tail_start=(6, 6, 6) returned_y=(6, 0, 1) returned_b=(1, 0, 0) returned_u=(0, 0, 0) returned_zcap=(6, 0, 1) max_tail_u=0",NA
120,P1_no_rho,147,602.6582219999982,5.581385899917223,2.795055099995807,0.14983980008400977,0.01,65472.15972956446,65472.15972956446,-65630.34124931732,-45964.96610248505,0.0,-21410.840033315,-71678.5607900514,-71678.54615071525,-47036.80371157194,-21410.840033315,25625.963678256943,25625.963678256936,-21027.979074558894,35463.5,nan,nan,1.5000000000000002,10.0,0.0,0.0,10.0,0.85,CORE,MAIN,1.212242228713776,0.2499989319738305,0.6,0.174,-47036.80371157194,STRUCTURAL,-0.9521633430833834,-177372.99662269253,25500.0,0,0,0,0,0,0,0,inf,inf,NA,1,5,5,5,22,6,0,0,CONTINUE,0,A,1,1,0,KEEP_STRUCTURAL_IN_ON_CUT,2,3,0,0,"tail_cont_enabled=1 tail_active_dims=(1,) tail_delta=0.1 tail_start=(6, 6, 6) returned_y=(6, 0, 1) returned_b=(1, 0, 0) returned_u=(0, 0, 0) returned_zcap=(6, 0, 1) max_tail_u=0",NA
120,P1_no_rho,148,606.4554100999376,5.581385899917223,3.796688799979165,0.15995869995094836,0.01,43184.59968536237,43184.59968536237,-65630.34124931732,-49308.10010911537,0.0,-21410.840033315,-76438.00224139889,-76437.98693925953,-47036.80371157194,-21410.840033315,25625.963678256943,25625.963678256936,-23502.96808957654,37168.5,nan,nan,1.5000000000000002,10.0,0.0,0.0,10.0,0.85,CORE,MAIN,1.2113220939164855,0.23766440530049693,0.6,0.174,-47036.80371157194,STRUCTURAL,-0.949460230207173,-177372.99662269253,25500.0,0,0,0,0,0,0,0,inf,inf,NA,1,5,5,5,22,6,0,0,CONTINUE,0,A,1,1,0,KEEP_STRUCTURAL_IN_ON_CUT,2,3,0,0,"tail_cont_enabled=1 tail_active_dims=(1,) tail_delta=0.1 tail_start=(6, 6, 6) returned_y=(6, 0, 1) returned_b=(1, 0, 0) returned_u=(0, 0, 0) returned_zcap=(6, 0, 1) max_tail_u=0",NA
120,P1_no_rho,149,609.5032316999277,5.581385899917223,3.04736560001038,0.17986979999113828,0.01,70819.32751152459,70819.32751152459,-65630.34124931732,-45162.89093519103,0.0,-21410.840033315,-69036.42888415426,-69036.41467890798,-47036.80371157194,-21410.840033315,25625.963678256943,25625.963678256936,-20124.86432315613,34807.0,nan,nan,1.5000000000000002,10.0,0.0,0.0,10.0,0.85,CORE,MAIN,1.2116973749286277,0.2557339512059936,0.6,0.174,-47036.80371157194,STRUCTURAL,-0.9368144406920417,-177372.99662269253,25500.0,0,0,0,0,0,0,0,inf,inf,NA,1,5,5,5,22,6,0,0,CONTINUE,0,A,1,1,0,KEEP_STRUCTURAL_IN_ON_CUT,2,3,0,0,"tail_cont_enabled=1 tail_active_dims=(1,) tail_delta=0.1 tail_start=(6, 6, 6) returned_y=(2, 6, 0) returned_b=(0, 1, 0) returned_u=(0, 0, 0) returned_zcap=(2, 6, 0) max_tail_u=0",NA
120,P1_no_rho,150,616.5160772999516,5.581385899917223,7.012273499974981,0.17488600010983646,0.01,63615.43150113147,63615.43150113147,-65630.34124931732,-46243.47533675,0.0,-21410.840033315,-75943.57675168214,-75943.56185034305,-47036.80371157194,-21410.840033315,25625.963678256943,25625.963678256936,-22085.109174266174,37435.0,nan,nan,1.5000000000000002,10.0,0.0,0.0,10.0,0.85,CORE,MAIN,1.2111479962148972,0.2549978238848889,0.6,0.174,-47036.80371157194,STRUCTURAL,-0.9591461230769217,-177372.99662269253,25500.0,0,0,0,0,0,0,0,inf,inf,NA,1,5,5,5,22,6,0,0,CONTINUE,0,A,1,1,0,KEEP_STRUCTURAL_IN_ON_CUT,2,3,0,0,"tail_cont_enabled=1 tail_active_dims=(1,) tail_delta=0.1 tail_start=(6, 6, 6) returned_y=(2, 6, 0) returned_b=(0, 1, 0) returned_u=(0, 0, 0) returned_zcap=(2, 6, 0) max_tail_u=0",NA
120,P1_no_rho,151,619.710004499997,5.581385899917223,3.1935142000438645,0.22146550007164478,0.01,59508.91212208529,59508.91212208529,-65630.34124931732,-46859.45324360693,0.0,-21410.840033315,-74704.58303221785,-74704.56806761002,-47036.80371157194,-21410.840033315,25625.963678256943,25625.963678256936,-22284.881592877555,36953.0,nan,nan,1.5000000000000002,10.0,0.0,0.0,10.0,0.85,CORE,MAIN,1.2104650356058797,0.2582110552453337,0.6,0.174,-47036.80371157194,STRUCTURAL,-0.9457001501859561,-177372.99662269253,25500.0,0,0,0,0,0,0,0,inf,inf,NA,1,5,5,5,22,6,0,0,CONTINUE,0,A,1,1,0,KEEP_STRUCTURAL_IN_ON_CUT,2,3,0,0,"tail_cont_enabled=1 tail_active_dims=(1,) tail_delta=0.1 tail_start=(6, 6, 6) returned_y=(2, 6, 0) returned_b=(0, 1, 0) returned_u=(0, 0, 0) returned_zcap=(2, 6, 0) max_tail_u=0",NA
120,P1_no_rho,152,623.2409587999573,5.581385899917223,3.530452399980277,0.17408749996684492,0.01,57896.404750624686,57896.404750624686,-65630.34124931732,-47101.32934932602,0.0,-21410.840033315,-73017.33164987473,-73017.31675385799,-47036.80371157194,-21410.840033315,25625.963678256943,25625.963678256936,-21262.803067303124,36762.5,nan,nan,1.5000000000000002,10.0,0.0,0.0,10.0,0.85,CORE,MAIN,1.2099414801122421,0.24750531082172245,0.6,0.174,-47036.80371157194,STRUCTURAL,-0.9385381604724897,-177372.99662269253,25500.0,0,0,0,0,0,0,0,inf,inf,NA,1,5,5,5,22,6,0,0,CONTINUE,0,A,1,1,0,KEEP_STRUCTURAL_IN_ON_CUT,2,3,0,0,"tail_cont_enabled=1 tail_active_dims=(1,) tail_delta=0.1 tail_start=(6, 6, 6) returned_y=(1, 0, 6) returned_b=(0, 0, 1) returned_u=(0, 0, 0) returned_zcap=(1, 0, 6) max_tail_u=0",NA
120,P1_no_rho,153,626.4174314999254,5.581385899917223,3.1759439000161365,0.16163999994751066,0.01,67109.7447198248,67109.7447198248,-65630.34124931732,-45719.328353946,0.0,-21410.840033315,-69467.49004551557,-69467.47558658794,-47036.80371157194,-21410.840033315,25625.963678256943,25625.963678256936,-20118.589761747975,35733.5,nan,nan,1.5000000000000002,10.0,0.0,0.0,10.0,0.85,CORE,MAIN,1.210429055058431,0.2658851279917771,0.6,0.174,-47036.80371157194,STRUCTURAL,-0.9206838741393921,-177372.99662269253,25500.0,0,0,0,0,0,0,0,inf,inf,NA,1,5,5,5,22,6,0,0,CONTINUE,0,A,1,1,0,KEEP_STRUCTURAL_IN_ON_CUT,2,3,0,0,"tail_cont_enabled=1 tail_active_dims=(1,) tail_delta=0.1 tail_start=(6, 6, 6) returned_y=(1, 0, 6) returned_b=(0, 0, 1) returned_u=(0, 0, 0) returned_zcap=(1, 0, 6) max_tail_u=0",NA
120,P1_no_rho,154,628.8624340000097,5.581385899917223,2.444356800056994,0.15439199993852526,0.01,61115.106820660294,61115.106820660294,-65630.34124931732,-46618.52403882068,0.0,-21410.840033315,-72050.03266394505,-72050.0179913215,-47036.80371157194,-21410.840033315,25625.963678256943,25625.963678256936,-21222.522312581645,36948.5,nan,nan,1.5000000000000002,10.0,0.0,0.0,10.0,0.85,CORE,MAIN,1.2109396677985054,0.23210957376362418,0.6,0.174,-47036.80371157194,STRUCTURAL,-0.9170872192148501,-177372.99662269253,25500.0,0,0,0,0,0,0,0,inf,inf,NA,1,5,5,5,22,6,0,0,CONTINUE,0,A,1,1,0,KEEP_STRUCTURAL_IN_ON_CUT,2,3,0,0,"tail_cont_enabled=1 tail_active_dims=(1,) tail_delta=0.1 tail_start=(6, 6, 6) returned_y=(1, 0, 6) returned_b=(0, 0, 1) returned_u=(0, 0, 0) returned_zcap=(1, 0, 6) max_tail_u=0",NA
120,P1_no_rho,155,636.3094235999743,5.581385899917223,7.446450600051321,0.17049140005838126,0.01,45618.22318566442,45618.22318566442,-65630.34124931732,-48943.05658407006,0.0,-21410.840033315,-76329.3542409926,-76329.33899577419,-47036.80371157194,-21410.840033315,25625.963678256943,25625.963678256936,-24244.64471938644,38269.5,nan,nan,1.5000000000000002,10.0,0.0,0.0,10.0,0.85,CORE,MAIN,1.210461228919129,0.24409108004236324,0.6,0.174,-47036.80371157194,STRUCTURAL,-0.907331674508207,-177372.99662269253,25500.0,0,0,0,0,0,0,0,inf,inf,NA,1,5,5,5,22,6,0,0,CONTINUE,0,A,1,1,0,KEEP_STRUCTURAL_IN_ON_CUT,2,3,0,0,"tail_cont_enabled=1 tail_active_dims=(1,) tail_delta=0.1 tail_start=(6, 6, 6) returned_y=(1, 0, 6) returned_b=(0, 0, 1) returned_u=(0, 0, 0) returned_zcap=(1, 0, 6) max_tail_u=0",NA
120,P1_no_rho,156,639.8571159999119,5.581385899917223,3.5471791999880224,0.17555130005348474,0.01,73272.7130507179,73272.7130507179,-65630.34124931732,-44794.88310431204,0.0,-21410.840033315,-69566.80605304534,-69566.79174767545,-47036.80371157194,-21410.840033315,25625.963678256943,25625.963678256936,-20055.429137777643,34856.5,nan,nan,1.5000000000000002,10.0,0.0,0.0,10.0,0.85,CORE,MAIN,1.211256884084463,0.2670790004238167,0.6,0.174,-47036.80371157194,STRUCTURAL,-0.9469560935052344,-177372.99662269253,25500.0,0,0,0,0,0,0,0,inf,inf,NA,1,5,5,5,22,6,0,0,CONTINUE,0,A,1,1,0,KEEP_STRUCTURAL_IN_ON_CUT,2,3,0,0,"tail_cont_enabled=1 tail_active_dims=(1,) tail_delta=0.1 tail_start=(6, 6, 6) returned_y=(2, 6, 0) returned_b=(0, 1, 0) returned_u=(0, 0, 0) returned_zcap=(2, 6, 0) max_tail_u=0",NA
120,P1_no_rho,157,642.9590955999447,5.581385899917223,3.1014897000277415,0.15789700008463115,0.01,57918.36102357601,57918.36102357601,-65630.34124931732,-47098.03590838332,0.0,-21410.840033315,-66372.61924123336,-66372.6054158091,-47036.80371157194,-21410.840033315,25625.963678256943,25625.963678256936,-18641.023208872197,34173.5,nan,nan,1.5000000000000002,10.0,0.0,0.0,10.0,0.85,CORE,MAIN,1.210860215001916,0.2545121771172886,0.6,0.174,-47036.80371157194,STRUCTURAL,-0.9311617131585759,-177372.99662269253,25500.0,0,0,0,0,0,0,0,inf,inf,NA,1,5,5,5,22,6,0,0,CONTINUE,0,A,1,1,0,KEEP_STRUCTURAL_IN_ON_CUT,2,3,0,0,"tail_cont_enabled=1 tail_active_dims=(1,) tail_delta=0.1 tail_start=(6, 6, 6) returned_y=(6, 0, 1) returned_b=(1, 0, 0) returned_u=(0, 0, 0) returned_zcap=(6, 0, 1) max_tail_u=0",NA
120,P1_no_rho,158,646.3605398999061,5.581385899917223,3.4009817999321967,0.16196890000719577,0.01,54797.453958835154,54797.453958835154,-65630.34124931732,-47566.17196809445,0.0,-21410.840033315,-75352.27655468254,-75352.26146820924,-47036.80371157194,-21410.840033315,25625.963678256943,25625.963678256936,-23127.020253872182,37311.0,nan,nan,1.5000000000000002,10.0,0.0,0.0,10.0,0.85,CORE,MAIN,1.2094468846167037,0.25378426354167916,0.6,0.174,-47036.80371157194,STRUCTURAL,-0.9331518178613462,-177372.99662269253,25500.0,0,0,0,0,0,0,0,inf,inf,NA,1,5,5,5,22,6,0,0,CONTINUE,0,A,1,1,0,KEEP_STRUCTURAL_IN_ON_CUT,2,3,0,0,"tail_cont_enabled=1 tail_active_dims=(1,) tail_delta=0.1 tail_start=(6, 6, 6) returned_y=(2, 6, 0) returned_b=(0, 1, 0) returned_u=(0, 0, 0) returned_zcap=(2, 6, 0) max_tail_u=0",NA
120,P1_no_rho,159,649.6614639000036,5.581385899917223,3.3003049000399187,0.15853330004028976,0.01,57692.11595492456,57692.11595492456,-65630.34124931732,-47131.97266868104,0.0,-21410.840033315,-73053.23359135319,-73053.21871503218,-47036.80371157194,-21410.840033315,25625.963678256943,25625.963678256936,-21627.592386863555,35959.5,nan,nan,1.5000000000000002,10.0,0.0,0.0,10.0,0.85,CORE,MAIN,1.2081479657061203,0.2543458954804273,0.6,0.174,-47036.80371157194,STRUCTURAL,-0.9533989873453678,-177372.99662269253,25500.0,0,0,0,0,0,0,0,inf,inf,NA,1,5,5,5,22,6,0,0,CONTINUE,0,A,1,1,0,KEEP_STRUCTURAL_IN_ON_CUT,2,3,0,0,"tail_cont_enabled=1 tail_active_dims=(1,) tail_delta=0.1 tail_start=(6, 6, 6) returned_y=(2, 6, 0) returned_b=(0, 1, 0) returned_u=(0, 0, 0) returned_zcap=(2, 6, 0) max_tail_u=0",NA
120,P1_no_rho,160,656.2469047999475,5.581385899917223,6.584564300021157,0.17781679995823652,0.01,66366.8221042377,66366.8221042377,-65630.34124931732,-45830.76674628407,0.0,-21410.840033315,-70070.03098688052,-70070.01645548902,-47036.80371157194,-21410.840033315,25625.963678256943,25625.963678256936,-20042.5777714863,34846.0,nan,nan,1.5000000000000002,10.0,0.0,0.0,10.0,0.85,CORE,MAIN,1.207839876708602,0.24664093083042082,0.6,0.174,-47036.80371157194,STRUCTURAL,-0.9571148995389754,-177372.99662269253,25500.0,0,0,0,0,0,0,0,inf,inf,NA,1,5,5,5,22,6,0,0,CONTINUE,0,A,1,1,0,KEEP_STRUCTURAL_IN_ON_CUT,2,3,0,0,"tail_cont_enabled=1 tail_active_dims=(1,) tail_delta=0.1 tail_start=(6, 6, 6) returned_y=(6, 0, 1) returned_b=(1, 0, 0) returned_u=(0, 0, 0) returned_zcap=(6, 0, 1) max_tail_u=0",NA
120,P1_no_rho,161,659.9070381999481,5.581385899917223,3.659665699931793,0.16933010006323457,0.01,56250.886165624965,56250.886165624965,-65630.34124931732,-47348.15713707598,0.0,-21410.840033315,-71351.01216866635,-71350.99772533067,-47036.80371157194,-21410.840033315,25625.963678256943,25625.963678256936,-21185.770307423176,35798.5,nan,nan,1.5000000000000002,10.0,0.0,0.0,10.0,0.85,CORE,MAIN,1.2079129751281485,0.2601030593366396,0.6,0.174,-47036.80371157194,STRUCTURAL,-0.9342147002045244,-177372.99662269253,25500.0,0,0,0,0,0,0,0,inf,inf,NA,1,5,5,5,22,6,0,0,CONTINUE,0,A,1,1,0,KEEP_STRUCTURAL_IN_ON_CUT,2,3,0,0,"tail_cont_enabled=1 tail_active_dims=(1,) tail_delta=0.1 tail_start=(6, 6, 6) returned_y=(6, 0, 1) returned_b=(1, 0, 0) returned_u=(0, 0, 0) returned_zcap=(6, 0, 1) max_tail_u=0",NA
120,P1_no_rho,162,662.1320247999392,5.581385899917223,2.22412509995047,0.1594251999631524,0.01,43331.05479815784,43331.05479815784,-65630.34124931732,-49286.131842196046,0.0,-21410.840033315,-72868.03271999383,-72868.01802966598,-47036.80371157194,-21410.840033315,25625.963678256943,25625.963678256936,-22350.756621500594,36097.5,nan,nan,1.5000000000000002,10.0,0.0,0.0,10.0,0.85,CORE,MAIN,1.2074830565883086,0.2550118725623923,0.6,0.174,-47036.80371157194,STRUCTURAL,-0.9329780254064757,-177372.99662269253,25500.0,0,0,0,0,0,0,0,inf,inf,NA,1,5,5,5,22,6,0,0,CONTINUE,0,A,1,1,0,KEEP_STRUCTURAL_IN_ON_CUT,2,3,0,0,"tail_cont_enabled=1 tail_active_dims=(1,) tail_delta=0.1 tail_start=(6, 6, 6) returned_y=(6, 0, 1) returned_b=(1, 0, 0) returned_u=(0, 0, 0) returned_zcap=(6, 0, 1) max_tail_u=0",NA
120,P1_no_rho,163,664.9918953999877,5.581385899917223,2.8594227000139654,0.17556939995847642,0.01,67112.90568320805,67112.90568320805,-65630.34124931732,-45718.85420943852,0.0,-21410.840033315,-70691.19407793295,-70691.17961430862,-47036.80371157194,-21410.840033315,25625.963678256943,25625.963678256936,-20203.817241942175,35166.0,nan,nan,1.5000000000000002,10.0,0.0,0.0,10.0,0.85,CORE,MAIN,1.2099764619736029,0.23823297832825002,0.6,0.174,-47036.80371157194,STRUCTURAL,-0.9571245402257186,-177372.99662269253,25500.0,0,0,0,0,0,0,0,inf,inf,NA,1,5,5,5,22,6,0,0,CONTINUE,0,A,1,1,0,KEEP_STRUCTURAL_IN_ON_CUT,2,3,0,0,"tail_cont_enabled=1 tail_active_dims=(1,) tail_delta=0.1 tail_start=(6, 6, 6) returned_y=(2, 6, 0) returned_b=(0, 1, 0) returned_u=(0, 0, 0) returned_zcap=(2, 6, 0) max_tail_u=0",NA
120,P1_no_rho,164,668.4666668999707,5.581385899917223,3.47429160005413,0.17401129996869713,0.01,72165.96042904835,72165.96042904835,-65630.34124931732,-44960.89599756247,0.0,-21410.840033315,-67288.79623857458,-67288.78219124232,-47036.80371157194,-21410.840033315,25625.963678256943,25625.963678256936,-18810.29438074395,34020.5,nan,nan,1.5000000000000002,10.0,0.0,0.0,10.0,0.85,CORE,MAIN,1.2107277478802327,0.2532694984211278,0.6,0.174,-47036.80371157194,STRUCTURAL,-0.9499857989643175,-177372.99662269253,25500.0,0,0,0,0,0,0,0,inf,inf,NA,1,5,5,5,22,6,0,0,CONTINUE,0,A,1,1,0,KEEP_STRUCTURAL_IN_ON_CUT,2,3,0,0,"tail_cont_enabled=1 tail_active_dims=(1,) tail_delta=0.1 tail_start=(6, 6, 6) returned_y=(6, 0, 1) returned_b=(1, 0, 0) returned_u=(0, 0, 0) returned_zcap=(6, 0, 1) max_tail_u=0",NA
120,P1_no_rho,165,674.772104499978,5.581385899917223,6.304970600060187,0.15954300004523247,0.01,48393.39154523949,48393.39154523949,-65630.34124931732,-48526.7813301338,0.0,-21410.840033315,-75000.96998076985,-75000.9550173431,-47036.80371157194,-21410.840033315,25625.963678256943,25625.963678256936,-23094.634173837087,36768.0,nan,nan,1.5000000000000002,10.0,0.0,0.0,10.0,0.85,CORE,MAIN,1.2101934636092186,0.24127931903674638,0.6,0.174,-47036.80371157194,STRUCTURAL,-0.9411502908961781,-177372.99662269253,25500.0,0,0,0,0,0,0,0,inf,inf,NA,1,5,5,5,22,6,0,0,CONTINUE,0,A,1,1,0,KEEP_STRUCTURAL_IN_ON_CUT,2,3,0,0,"tail_cont_enabled=1 tail_active_dims=(1,) tail_delta=0.1 tail_start=(6, 6, 6) returned_y=(6, 0, 1) returned_b=(1, 0, 0) returned_u=(0, 0, 0) returned_zcap=(6, 0, 1) max_tail_u=0",NA
120,P1_no_rho,166,677.7271678999532,5.581385899917223,2.9531738000223413,0.1634957001078874,0.01,57690.946386563046,57690.946386563046,-65630.34124931732,-47132.148103935266,0.0,-21410.840033315,-77832.45356167448,-77832.43844657592,-47036.80371157194,-21410.840033315,25625.963678256943,25625.963678256936,-23429.581460628586,38748.5,nan,nan,1.5000000000000002,10.0,0.0,0.0,10.0,0.85,CORE,MAIN,1.2084401672964693,0.25116372065130466,0.6,0.174,-47036.80371157194,STRUCTURAL,-0.9359993631744422,-177372.99662269253,25500.0,0,0,0,0,0,0,0,inf,inf,NA,1,5,5,5,22,6,0,0,CONTINUE,0,A,1,1,0,KEEP_STRUCTURAL_IN_ON_CUT,2,3,0,0,"tail_cont_enabled=1 tail_active_dims=(1,) tail_delta=0.1 tail_start=(6, 6, 6) returned_y=(2, 6, 0) returned_b=(0, 1, 0) returned_u=(0, 0, 0) returned_zcap=(2, 6, 0) max_tail_u=0",NA
120,P1_no_rho,167,681.0430794999702,5.581385899917223,3.3153221999527887,0.15981670003384352,0.01,63324.671552415835,63324.671552415835,-65630.34124931732,-46287.089329057344,0.0,-21410.840033315,-68372.71096354561,-68372.69677765721,-47036.80371157194,-21410.840033315,25625.963678256943,25625.963678256936,-19161.60366392928,34591.0,nan,nan,1.5000000000000002,10.0,0.0,0.0,10.0,0.85,CORE,MAIN,1.2085399341721663,0.24341768736860458,0.6,0.174,-47036.80371157194,STRUCTURAL,-0.948437322111299,-177372.99662269253,25500.0,0,0,0,0,0,0,0,inf,inf,NA,1,5,5,5,22,6,0,0,CONTINUE,0,A,1,1,0,KEEP_STRUCTURAL_IN_ON_CUT,2,3,0,0,"tail_cont_enabled=1 tail_active_dims=(1,) tail_delta=0.1 tail_start=(6, 6, 6) returned_y=(2, 6, 0) returned_b=(0, 1, 0) returned_u=(0, 0, 0) returned_zcap=(2, 6, 0) max_tail_u=0",NA
120,P1_no_rho,168,684.4290970999282,5.581385899917223,3.3854596000164747,0.17580399999860674,0.01,52823.47275719084,52823.47275719084,-65630.34124931732,-47862.269148341096,0.0,-21410.840033315,-73022.49886584839,-73022.48410409281,-47036.80371157194,-21410.840033315,25625.963678256943,25625.963678256936,-21720.11065701057,35750.0,nan,nan,1.5000000000000002,10.0,0.0,0.0,10.0,0.85,CORE,MAIN,1.2083356532770897,0.258232473097464,0.6,0.174,-47036.80371157194,STRUCTURAL,-0.9566876167288063,-177372.99662269253,25500.0,0,0,0,0,0,0,0,inf,inf,NA,1,5,5,5,22,6,0,0,CONTINUE,0,A,1,1,0,KEEP_STRUCTURAL_IN_ON_CUT,2,3,0,0,"tail_cont_enabled=1 tail_active_dims=(1,) tail_delta=0.1 tail_start=(6, 6, 6) returned_y=(6, 0, 1) returned_b=(1, 0, 0) returned_u=(0, 0, 0) returned_zcap=(6, 0, 1) max_tail_u=0",NA
120,P1_no_rho,169,686.9790718000149,5.581385899917223,2.5495697000296786,0.1665587000316009,0.01,48036.163452950386,48036.163452950386,-65630.34124931732,-48580.36554397717,0.0,-21410.840033315,-73957.48112159848,-73957.46629056268,-47036.80371157194,-21410.840033315,25625.963678256943,25625.963678256936,-22655.499689932807,36559.0,nan,nan,1.5000000000000002,10.0,0.0,0.0,10.0,0.85,CORE,MAIN,1.2077254797437036,0.23303618763465228,0.6,0.174,-47036.80371157194,STRUCTURAL,-0.9355100267262938,-177372.99662269253,25500.0,0,0,0,0,0,0,0,inf,inf,NA,1,5,5,5,22,6,0,0,CONTINUE,0,A,1,1,0,KEEP_STRUCTURAL_IN_ON_CUT,2,3,0,0,"tail_cont_enabled=1 tail_active_dims=(1,) tail_delta=0.1 tail_start=(6, 6, 6) returned_y=(6, 0, 1) returned_b=(1, 0, 0) returned_u=(0, 0, 0) returned_zcap=(6, 0, 1) max_tail_u=0",NA
120,P1_no_rho,170,693.9978367999429,5.581385899917223,7.018462899955921,0.23820240003988147,0.01,69731.74118371462,69731.74118371462,-65630.34124931732,-45326.02888436253,0.0,-21410.840033315,-72774.62665935156,-72774.61179369288,-47036.80371157194,-21410.840033315,25625.963678256943,25625.963678256936,-22295.170053178295,35592.0,nan,nan,1.5000000000000002,10.0,0.0,0.0,10.0,0.85,CORE,MAIN,1.2078935929768926,0.24056176630445508,0.6,0.174,-47036.80371157194,STRUCTURAL,-0.9455203742510411,-177372.99662269253,25500.0,0,0,0,0,0,0,0,inf,inf,NA,1,5,5,5,22,6,0,0,CONTINUE,0,A,1,1,0,KEEP_STRUCTURAL_IN_ON_CUT,2,3,0,0,"tail_cont_enabled=1 tail_active_dims=(1,) tail_delta=0.1 tail_start=(6, 6, 6) returned_y=(6, 0, 1) returned_b=(1, 0, 0) returned_u=(0, 0, 0) returned_zcap=(6, 0, 1) max_tail_u=0",NA
120,P1_no_rho,171,697.257029499975,5.581385899917223,3.2586766000604257,0.16862399992533028,0.01,75020.6329998174,75020.6329998174,-65630.34124931732,-44532.69511194711,0.0,-21410.840033315,-67849.88773737241,-67849.87352760659,-47036.80371157194,-21410.840033315,25625.963678256943,25625.963678256936,-19069.813446228345,34191.0,nan,nan,1.5000000000000002,10.0,0.0,0.0,10.0,0.85,CORE,MAIN,1.2089258259023272,0.25369809040693914,0.6,0.174,-47036.80371157194,STRUCTURAL,-0.9511286611755181,-177372.99662269253,25500.0,0,0,0,0,0,0,0,inf,inf,NA,1,5,5,5,22,6,0,0,CONTINUE,0,A,1,1,0,KEEP_STRUCTURAL_IN_ON_CUT,2,3,0,0,"tail_cont_enabled=1 tail_active_dims=(1,) tail_delta=0.1 tail_start=(6, 6, 6) returned_y=(6, 0, 1) returned_b=(1, 0, 0) returned_u=(0, 0, 0) returned_zcap=(6, 0, 1) max_tail_u=0",NA
120,P1_no_rho,172,699.9736231999705,5.581385899917223,2.7161270000506192,0.17941950005479157,0.01,53528.45018525304,53528.45018525304,-65630.34124931732,-47756.52253413177,0.0,-21410.840033315,-71918.12675360557,-71918.11220508056,-47036.80371157194,-21410.840033315,25625.963678256943,25625.963678256936,-21379.76356357709,35793.5,nan,nan,1.5000000000000002,10.0,0.0,0.0,10.0,0.85,CORE,MAIN,1.2097011905536492,0.2259043611038809,0.6,0.174,-47036.80371157194,STRUCTURAL,-0.9412947162939913,-177372.99662269253,25500.0,0,0,0,0,0,0,0,inf,inf,NA,1,5,5,5,22,6,0,0,CONTINUE,0,A,1,1,0,KEEP_STRUCTURAL_IN_ON_CUT,2,3,0,0,"tail_cont_enabled=1 tail_active_dims=(1,) tail_delta=0.1 tail_start=(6, 6, 6) returned_y=(6, 0, 1) returned_b=(1, 0, 0) returned_u=(0, 0, 0) returned_zcap=(6, 0, 1) max_tail_u=0",NA
120,P1_no_rho,173,703.3714839000022,5.581385899917223,3.3973404000280425,0.1668835999444127,0.01,48045.74465357838,48045.74465357838,-65630.34124931732,-48578.928363882966,0.0,-21410.840033315,-72473.32754838977,-72473.31296102959,-47036.80371157194,-21410.840033315,25625.963678256943,25625.963678256936,-21232.594254523156,35878.5,nan,nan,1.5000000000000002,10.0,0.0,0.0,10.0,0.85,CORE,MAIN,1.2097481133375132,0.2521984968916744,0.6,0.174,-47036.80371157194,STRUCTURAL,-0.9521155883794178,-177372.99662269253,25500.0,0,0,0,0,0,0,0,inf,inf,NA,1,5,5,5,22,6,0,0,CONTINUE,0,A,1,1,0,KEEP_STRUCTURAL_IN_ON_CUT,2,3,0,0,"tail_cont_enabled=1 tail_active_dims=(1,) tail_delta=0.1 tail_start=(6, 6, 6) returned_y=(2, 6, 0) returned_b=(0, 1, 0) returned_u=(0, 0, 0) returned_zcap=(2, 6, 0) max_tail_u=0",NA
120,P1_no_rho,174,706.4925720000174,5.581385899917223,3.1200203999178484,0.17109859990887344,0.01,71593.89751538342,71593.89751538342,-65630.34124931732,-45046.70543461221,0.0,-21410.840033315,-73949.99687581294,-73949.9822201414,-47036.80371157194,-21410.840033315,25625.963678256943,25625.963678256936,-22186.245290397288,37469.0,nan,nan,1.5000000000000002,10.0,0.0,0.0,10.0,0.85,CORE,MAIN,1.209374487767474,0.2319587574448504,0.6,0.174,-47036.80371157194,STRUCTURAL,-0.9210055766944069,-177372.99662269253,25500.0,0,0,0,0,0,0,0,inf,inf,NA,1,5,5,5,22,6,0,0,CONTINUE,0,A,1,1,0,KEEP_STRUCTURAL_IN_ON_CUT,2,3,0,0,"tail_cont_enabled=1 tail_active_dims=(1,) tail_delta=0.1 tail_start=(6, 6, 6) returned_y=(2, 6, 0) returned_b=(0, 1, 0) returned_u=(0, 0, 0) returned_zcap=(2, 6, 0) max_tail_u=0",NA
120,P1_no_rho,175,713.0814476999221,5.581385899917223,6.5883135999320075,0.17632500000763685,0.01,61482.57485280127,61482.57485280127,-65630.34124931732,-46563.40383399953,0.0,-21410.840033315,-76840.65176772179,-76840.63668592714,-47036.80371157194,-21410.840033315,25625.963678256943,25625.963678256936,-23006.912908486986,37917.5,nan,nan,1.5000000000000002,10.0,0.0,0.0,10.0,0.85,CORE,MAIN,1.2082877787851394,0.2534522983295875,0.6,0.174,-47036.80371157194,STRUCTURAL,-0.9465062091372085,-177372.99662269253,25500.0,0,0,0,0,0,0,0,inf,inf,NA,1,5,5,5,22,6,0,0,CONTINUE,0,A,1,1,0,KEEP_STRUCTURAL_IN_ON_CUT,2,3,0,0,"tail_cont_enabled=1 tail_active_dims=(1,) tail_delta=0.1 tail_start=(6, 6, 6) returned_y=(2, 6, 0) returned_b=(0, 1, 0) returned_u=(0, 0, 0) returned_zcap=(2, 6, 0) max_tail_u=0",NA
120,P1_no_rho,176,716.8416231999872,5.581385899917223,3.7595868000062183,0.16207319998648018,0.01,53939.9114680297,53939.9114680297,-65630.34124931732,-47694.80334171527,0.0,-21410.840033315,-69338.57713649119,-69338.56288753712,-47036.80371157194,-21410.840033315,25625.963678256943,25625.963678256936,-20186.369698294813,34727.0,nan,nan,1.5000000000000002,10.0,0.0,0.0,10.0,0.85,CORE,MAIN,1.208651674291822,0.26725069172388793,0.6,0.174,-47036.80371157194,STRUCTURAL,-0.9435922709369714,-177372.99662269253,25500.0,0,0,0,0,0,0,0,inf,inf,NA,1,5,5,5,22,6,0,0,CONTINUE,0,A,1,1,0,KEEP_STRUCTURAL_IN_ON_CUT,2,3,0,0,"tail_cont_enabled=1 tail_active_dims=(1,) tail_delta=0.1 tail_start=(6, 6, 6) returned_y=(6, 0, 1) returned_b=(1, 0, 0) returned_u=(0, 0, 0) returned_zcap=(6, 0, 1) max_tail_u=0",NA
120,P1_no_rho,177,719.9372926999349,5.581385899917223,3.094742999994196,0.17172570002730936,0.01,54727.84314789221,54727.84314789221,-65630.34124931732,-47576.61358973589,0.0,-21410.840033315,-73281.12853918324,-73281.11375173637,-47036.80371157194,-21410.840033315,25625.963678256943,25625.963678256936,-22571.512557044338,35564.5,nan,nan,1.5000000000000002,10.0,0.0,0.0,10.0,0.85,CORE,MAIN,1.2094717803782438,0.25130996848589515,0.6,0.174,-47036.80371157194,STRUCTURAL,-0.9505658956673465,-177372.99662269253,25500.0,0,0,0,0,0,0,0,inf,inf,NA,1,5,5,5,22,6,0,0,CONTINUE,0,A,1,1,0,KEEP_STRUCTURAL_IN_ON_CUT,2,3,0,0,"tail_cont_enabled=1 tail_active_dims=(1,) tail_delta=0.1 tail_start=(6, 6, 6) returned_y=(6, 0, 1) returned_b=(1, 0, 0) returned_u=(0, 0, 0) returned_zcap=(6, 0, 1) max_tail_u=0",NA
120,P1_no_rho,178,722.4503263999941,5.581385899917223,2.5123405000194907,0.1624112999998033,0.01,71901.23567045976,71901.23567045976,-65630.34124931732,-45000.60471135076,0.0,-21410.840033315,-68132.83752170364,-68132.8232318307,-47036.80371157194,-21410.840033315,25625.963678256943,25625.963678256936,-19324.429571852863,35209.0,nan,nan,1.5000000000000002,10.0,0.0,0.0,10.0,0.85,CORE,MAIN,1.210122604002471,0.2687712898532718,0.6,0.174,-47036.80371157194,STRUCTURAL,-0.9241651028615375,-177372.99662269253,25500.0,0,0,0,0,0,0,0,inf,inf,NA,1,5,5,5,22,6,0,0,CONTINUE,0,A,1,1,0,KEEP_STRUCTURAL_IN_ON_CUT,2,3,0,0,"tail_cont_enabled=1 tail_active_dims=(1,) tail_delta=0.1 tail_start=(6, 6, 6) returned_y=(1, 0, 6) returned_b=(0, 0, 1) returned_u=(0, 0, 0) returned_zcap=(1, 0, 6) max_tail_u=0",NA
120,P1_no_rho,179,725.7358468999155,5.581385899917223,3.2850715999957174,0.17677570006344467,0.01,56515.11903563052,56515.11903563052,-65630.34124931732,-47308.522206575144,0.0,-21410.840033315,-72258.95456971832,-72258.9399010278,-47036.80371157194,-21410.840033315,25625.963678256943,25625.963678256936,-21181.880659781757,36958.5,nan,nan,1.5000000000000002,10.0,0.0,0.0,10.0,0.85,CORE,MAIN,1.2102963220164238,0.2599957104455758,0.6,0.174,-47036.80371157194,STRUCTURAL,-0.9213407694440345,-177372.99662269253,25500.0,0,0,0,0,0,0,0,inf,inf,NA,1,5,5,5,22,6,0,0,CONTINUE,0,A,1,1,0,KEEP_STRUCTURAL_IN_ON_CUT,2,3,0,0,"tail_cont_enabled=1 tail_active_dims=(1,) tail_delta=0.1 tail_start=(6, 6, 6) returned_y=(1, 0, 6) returned_b=(0, 0, 1) returned_u=(0, 0, 0) returned_zcap=(1, 0, 6) max_tail_u=0",NA
120,P1_no_rho,180,732.0591453999514,5.581385899917223,6.322949699941091,0.1650016000494361,0.01,64548.526461924404,64548.526461924404,-65630.34124931732,-46103.51109263106,0.0,-21410.840033315,-70751.82361294466,-70751.80922396464,-47036.80371157194,-21410.840033315,25625.963678256943,25625.963678256936,-20541.695255822953,35231.0,nan,nan,1.5000000000000002,10.0,0.0,0.0,10.0,0.85,CORE,MAIN,1.2107244675400302,0.24587431663459658,0.6,0.174,-47036.80371157194,STRUCTURAL,-0.9501123814848983,-177372.99662269253,25500.0,0,0,0,0,0,0,0,inf,inf,NA,1,5,5,5,22,6,0,0,CONTINUE,0,A,1,1,0,KEEP_STRUCTURAL_IN_ON_CUT,2,3,0,0,"tail_cont_enabled=1 tail_active_dims=(1,) tail_delta=0.1 tail_start=(6, 6, 6) returned_y=(2, 6, 0) returned_b=(0, 1, 0) returned_u=(0, 0, 0) returned_zcap=(2, 6, 0) max_tail_u=0",NA
120,P1_no_rho,181,735.4669343999121,5.581385899917223,3.407096599927172,0.17883710004389286,0.01,61328.083223684655,61328.083223684655,-65630.34124931732,-46586.577578367025,0.0,-21410.840033315,-78035.00592041652,-78034.99108065084,-47036.80371157194,-21410.840033315,25625.963678256943,25625.963678256936,-22535.58961530489,38665.0,nan,nan,1.5000000000000002,10.0,0.0,0.0,10.0,0.85,CORE,MAIN,1.2098085203122968,0.23256506338427674,0.6,0.174,-47036.80371157194,STRUCTURAL,-0.9569274790352332,-177372.99662269253,25500.0,0,0,0,0,0,0,0,inf,inf,NA,1,5,5,5,22,6,0,0,CONTINUE,0,A,1,1,0,KEEP_STRUCTURAL_IN_ON_CUT,2,3,0,0,"tail_cont_enabled=1 tail_active_dims=(1,) tail_delta=0.1 tail_start=(6, 6, 6) returned_y=(2, 6, 0) returned_b=(0, 1, 0) returned_u=(0, 0, 0) returned_zcap=(2, 6, 0) max_tail_u=0",NA
120,P1_no_rho,182,738.606532100006,5.581385899917223,3.1392233000369743,0.19272500008810312,0.01,52238.23014573244,52238.23014573244,-65630.34124931732,-47950.05554005985,0.0,-21410.840033315,-77016.4164582621,-77016.40147588089,-47036.80371157194,-21410.840033315,25625.963678256943,25625.963678256936,-23368.378817714674,38298.0,nan,nan,1.5000000000000002,10.0,0.0,0.0,10.0,0.85,CORE,MAIN,1.208268208624458,0.25538825538448906,0.6,0.174,-47036.80371157194,STRUCTURAL,-0.9338698741129425,-177372.99662269253,25500.0,0,0,0,0,0,0,0,inf,inf,NA,1,5,5,5,22,6,0,0,CONTINUE,0,A,1,1,0,KEEP_STRUCTURAL_IN_ON_CUT,2,3,0,0,"tail_cont_enabled=1 tail_active_dims=(1,) tail_delta=0.1 tail_start=(6, 6, 6) returned_y=(2, 6, 0) returned_b=(0, 1, 0) returned_u=(0, 0, 0) returned_zcap=(2, 6, 0) max_tail_u=0",NA
120,P1_no_rho,183,742.1533691999502,5.581385899917223,3.5463139000348747,0.16906280000694096,0.01,62514.390462107986,62514.390462107986,-65630.34124931732,-46408.63149260353,0.0,-21410.840033315,-70158.14021722504,-70158.1257347665,-47036.80371157194,-21410.840033315,25625.963678256943,25625.963678256936,-19967.057714254515,35232.0,nan,nan,1.5000000000000002,10.0,0.0,0.0,10.0,0.85,CORE,MAIN,1.2083107799393487,0.27774113823141466,0.6,0.174,-47036.80371157194,STRUCTURAL,-0.9497250230947618,-177372.99662269253,25500.0,0,0,0,0,0,0,0,inf,inf,NA,1,5,5,5,22,6,0,0,CONTINUE,0,A,1,1,0,KEEP_STRUCTURAL_IN_ON_CUT,2,3,0,0,"tail_cont_enabled=1 tail_active_dims=(1,) tail_delta=0.1 tail_start=(6, 6, 6) returned_y=(6, 0, 1) returned_b=(1, 0, 0) returned_u=(0, 0, 0) returned_zcap=(6, 0, 1) max_tail_u=0",NA
120,P1_no_rho,184,745.4799564999994,5.581385899917223,3.325870200060308,0.18242129997815937,0.01,50295.73045677011,50295.73045677011,-65630.34124931732,-48241.43049340421,0.0,-21410.840033315,-72998.13191788566,-72998.1171476734,-47036.80371157194,-21410.840033315,25625.963678256943,25625.963678256936,-22367.174896327233,36966.0,nan,nan,1.5000000000000002,10.0,0.0,0.0,10.0,0.85,CORE,MAIN,1.209533597565867,0.24749078504733035,0.6,0.174,-47036.80371157194,STRUCTURAL,-0.9131083022479423,-177372.99662269253,25500.0,0,0,0,0,0,0,0,inf,inf,NA,1,5,5,5,22,6,0,0,CONTINUE,0,A,1,1,0,KEEP_STRUCTURAL_IN_ON_CUT,2,3,0,0,"tail_cont_enabled=1 tail_active_dims=(1,) tail_delta=0.1 tail_start=(6, 6, 6) returned_y=(1, 0, 6) returned_b=(0, 0, 1) returned_u=(0, 0, 0) returned_zcap=(1, 0, 6) max_tail_u=0",NA
120,P1_no_rho,185,751.4424428999191,5.581385899917223,5.9619521999266,0.17320700001437217,0.01,69292.29381322114,69292.29381322114,-65630.34124931732,-45391.945989936554,0.0,-21410.840033315,-68347.69616582671,-68347.6818227682,-47036.80371157194,-21410.840033315,25625.963678256943,25625.963678256936,-19231.917704117754,34944.0,nan,nan,1.5000000000000002,10.0,0.0,0.0,10.0,0.85,CORE,MAIN,1.2100280876618028,0.25506094075683117,0.6,0.174,-47036.80371157194,STRUCTURAL,-0.9370376243637517,-177372.99662269253,25500.0,0,0,0,0,0,0,0,inf,inf,NA,1,5,5,5,22,6,0,0,CONTINUE,0,A,1,1,0,KEEP_STRUCTURAL_IN_ON_CUT,2,3,0,0,"tail_cont_enabled=1 tail_active_dims=(1,) tail_delta=0.1 tail_start=(6, 6, 6) returned_y=(1, 0, 6) returned_b=(0, 0, 1) returned_u=(0, 0, 0) returned_zcap=(1, 0, 6) max_tail_u=0",NA
120,P1_no_rho,186,754.5767245999305,5.581385899917223,3.1335359999211505,0.18366039998363703,0.01,53402.60410523169,53402.60410523169,-65630.34124931732,-47775.39944613497,0.0,-21410.840033315,-72416.57582625572,-72416.56112367018,-47036.80371157194,-21410.840033315,25625.963678256943,25625.963678256936,-21212.16234587616,36589.5,nan,nan,1.5000000000000002,10.0,0.0,0.0,10.0,0.85,CORE,MAIN,1.2100217649010265,0.2608870340647963,0.6,0.174,-47036.80371157194,STRUCTURAL,-0.9329525096506559,-177372.99662269253,25500.0,0,0,0,0,0,0,0,inf,inf,NA,1,5,5,5,22,6,0,0,CONTINUE,0,A,1,1,0,KEEP_STRUCTURAL_IN_ON_CUT,2,3,0,0,"tail_cont_enabled=1 tail_active_dims=(1,) tail_delta=0.1 tail_start=(6, 6, 6) returned_y=(1, 0, 6) returned_b=(0, 0, 1) returned_u=(0, 0, 0) returned_zcap=(1, 0, 6) max_tail_u=0",NA
120,P1_no_rho,187,758.0216770999832,5.581385899917223,3.4444432000163943,0.1624820000724867,0.01,70796.33543333171,70796.33543333171,-65630.34124931732,-45166.33974691997,0.0,-21410.840033315,-74239.6911070487,-74239.6760964937,-47036.80371157194,-21410.840033315,25625.963678256943,25625.963678256936,-22333.04105473882,36259.0,nan,nan,1.5000000000000002,10.0,0.0,0.0,10.0,0.85,CORE,MAIN,1.2098279449730323,0.25420523971824516,0.6,0.174,-47036.80371157194,STRUCTURAL,-0.9543678358799172,-177372.99662269253,25500.0,0,0,0,0,0,0,0,inf,inf,NA,1,5,5,5,22,6,0,0,CONTINUE,0,A,1,1,0,KEEP_STRUCTURAL_IN_ON_CUT,2,3,0,0,"tail_cont_enabled=1 tail_active_dims=(1,) tail_delta=0.1 tail_start=(6, 6, 6) returned_y=(2, 6, 0) returned_b=(0, 1, 0) returned_u=(0, 0, 0) returned_zcap=(2, 6, 0) max_tail_u=0",NA
120,P1_no_rho,188,760.8488078999799,5.581385899917223,2.826449100044556,0.16096659994218498,0.01,56524.513101032775,56524.513101032775,-65630.34124931732,-47307.113096764806,0.0,-21410.840033315,-69227.77764425326,-69227.76333347894,-47036.80371157194,-21410.840033315,25625.963678256943,25625.963678256936,-20589.575313642188,34651.5,nan,nan,1.5000000000000002,10.0,0.0,0.0,10.0,0.85,CORE,MAIN,1.2107421912804006,0.2745123188548805,0.6,0.174,-47036.80371157194,STRUCTURAL,-0.9357591642466028,-177372.99662269253,25500.0,0,0,0,0,0,0,0,inf,inf,NA,1,5,5,5,22,6,0,0,CONTINUE,0,A,1,1,0,KEEP_STRUCTURAL_IN_ON_CUT,2,3,0,0,"tail_cont_enabled=1 tail_active_dims=(1,) tail_delta=0.1 tail_start=(6, 6, 6) returned_y=(2, 6, 0) returned_b=(0, 1, 0) returned_u=(0, 0, 0) returned_zcap=(2, 6, 0) max_tail_u=0",NA
120,P1_no_rho,189,764.1796946999384,5.581385899917223,3.330431899987161,0.225171500002034,0.01,45043.522973858395,45043.522973858395,-65630.34124931732,-49029.261615840966,0.0,-21410.840033315,-69002.89479185363,-69002.88083405331,-47036.80371157194,-21410.840033315,25625.963678256943,25625.963678256936,-20068.53071549795,34494.0,nan,nan,1.5000000000000002,10.0,0.0,0.0,10.0,0.85,CORE,MAIN,1.211734757352765,0.24127859273257923,0.6,0.174,-47036.80371157194,STRUCTURAL,-0.9457557859058653,-177372.99662269253,25500.0,0,0,0,0,0,0,0,inf,inf,NA,1,5,5,5,22,6,0,0,CONTINUE,0,A,1,1,0,KEEP_STRUCTURAL_IN_ON_CUT,2,3,0,0,"tail_cont_enabled=1 tail_active_dims=(1,) tail_delta=0.1 tail_start=(6, 6, 6) returned_y=(6, 0, 1) returned_b=(1, 0, 0) returned_u=(0, 0, 0) returned_zcap=(6, 0, 1) max_tail_u=0",NA
120,P1_no_rho,190,770.2137562999269,5.581385899917223,6.033378100022674,0.16346299997530878,0.01,60336.738025198516,60336.738025198516,-65630.34124931732,-46735.279358139946,0.0,-21410.840033315,-71384.09221989436,-71384.07763631988,-47036.80371157194,-21410.840033315,25625.963678256943,25625.963678256936,-20592.98945432096,35815.0,nan,nan,1.5000000000000002,10.0,0.0,0.0,10.0,0.85,CORE,MAIN,1.2122643851056571,0.25450140927229736,0.6,0.174,-47036.80371157194,STRUCTURAL,-0.9454341883195855,-177372.99662269253,25500.0,0,0,0,0,0,0,0,inf,inf,NA,1,5,5,5,22,6,0,0,CONTINUE,0,A,1,1,0,KEEP_STRUCTURAL_IN_ON_CUT,2,3,0,0,"tail_cont_enabled=1 tail_active_dims=(1,) tail_delta=0.1 tail_start=(6, 6, 6) returned_y=(6, 0, 1) returned_b=(1, 0, 0) returned_u=(0, 0, 0) returned_zcap=(6, 0, 1) max_tail_u=0",NA
120,P1_no_rho,191,773.3818199000088,5.581385899917223,3.1675536000402644,0.16668369993567467,0.01,50940.42499334306,50940.42499334306,-65630.34124931732,-48144.72631291826,0.0,-21410.840033315,-73509.06077301277,-73509.0459431994,-47036.80371157194,-21410.840033315,25625.963678256943,25625.963678256936,-22344.345153176233,36106.0,nan,nan,1.5000000000000002,10.0,0.0,0.0,10.0,0.85,CORE,MAIN,1.2123397837537824,0.24696146325490487,0.6,0.174,-47036.80371157194,STRUCTURAL,-0.9447128047050936,-177372.99662269253,25500.0,0,0,0,0,0,0,0,inf,inf,NA,1,5,5,5,22,6,0,0,CONTINUE,0,A,1,1,0,KEEP_STRUCTURAL_IN_ON_CUT,2,3,0,0,"tail_cont_enabled=1 tail_active_dims=(1,) tail_delta=0.1 tail_start=(6, 6, 6) returned_y=(6, 0, 1) returned_b=(1, 0, 0) returned_u=(0, 0, 0) returned_zcap=(6, 0, 1) max_tail_u=0",NA
120,P1_no_rho,192,776.606154399924,5.581385899917223,3.223901499994099,0.1631739999866113,0.01,69865.74335048826,69865.74335048826,-65630.34124931732,-45305.92855934648,0.0,-21410.840033315,-69833.17547592583,-69833.16095492807,-47036.80371157194,-21410.840033315,25625.963678256943,25625.963678256936,-20506.023924153178,34464.0,nan,nan,1.5000000000000002,10.0,0.0,0.0,10.0,0.85,CORE,MAIN,1.2129045842027242,0.24810430154133734,0.6,0.174,-47036.80371157194,STRUCTURAL,-0.9541770549128537,-177372.99662269253,25500.0,0,0,0,0,0,0,0,inf,inf,NA,1,5,5,5,22,6,0,0,CONTINUE,0,A,1,1,0,KEEP_STRUCTURAL_IN_ON_CUT,2,3,0,0,"tail_cont_enabled=1 tail_active_dims=(1,) tail_delta=0.1 tail_start=(6, 6, 6) returned_y=(6, 0, 1) returned_b=(1, 0, 0) returned_u=(0, 0, 0) returned_zcap=(6, 0, 1) max_tail_u=0",NA
120,P1_no_rho,193,778.805057499907,5.581385899917223,2.198455199948512,0.16225180006586015,0.01,56882.98074643183,56882.98074643183,-65630.34124931732,-47253.34294995495,0.0,-21410.840033315,-72468.83603224375,-72468.8212727422,-47036.80371157194,-21410.840033315,25625.963678256943,25625.963678256936,-21471.124659958212,36051.5,nan,nan,1.5000000000000002,10.0,0.0,0.0,10.0,0.85,CORE,MAIN,1.2131117586682418,0.24725032418374182,0.6,0.174,-47036.80371157194,STRUCTURAL,-0.9430526998466819,-177372.99662269253,25500.0,0,0,0,0,0,0,0,inf,inf,NA,1,5,5,5,22,6,0,0,CONTINUE,0,A,1,1,0,KEEP_STRUCTURAL_IN_ON_CUT,2,3,0,0,"tail_cont_enabled=1 tail_active_dims=(1,) tail_delta=0.1 tail_start=(6, 6, 6) returned_y=(6, 0, 1) returned_b=(1, 0, 0) returned_u=(0, 0, 0) returned_zcap=(6, 0, 1) max_tail_u=0",NA
120,P1_no_rho,194,781.8980839999858,5.581385899917223,3.09267380007077,0.16364530008286238,0.01,49912.83562003189,49912.83562003189,-65630.34124931732,-48298.86471891494,0.0,-21410.840033315,-73956.48246834437,-73956.46768423222,-47036.80371157194,-21410.840033315,25625.963678256943,25625.963678256936,-21994.096794308745,36571.5,nan,nan,1.5000000000000002,10.0,0.0,0.0,10.0,0.85,CORE,MAIN,1.2125806726316244,0.2358076481354977,0.6,0.174,-47036.80371157194,STRUCTURAL,-0.9472288692911779,-177372.99662269253,25500.0,0,0,0,0,0,0,0,inf,inf,NA,1,5,5,5,22,6,0,0,CONTINUE,0,A,1,1,0,KEEP_STRUCTURAL_IN_ON_CUT,2,3,0,0,"tail_cont_enabled=1 tail_active_dims=(1,) tail_delta=0.1 tail_start=(6, 6, 6) returned_y=(2, 6, 0) returned_b=(0, 1, 0) returned_u=(0, 0, 0) returned_zcap=(2, 6, 0) max_tail_u=0",NA
120,P1_no_rho,195,788.9314991999418,5.581385899917223,7.032649499946274,0.18192770006135106,0.01,65111.79685142245,65111.79685142245,-65630.34124931732,-46019.02053420636,0.0,-21410.840033315,-72370.54177837893,-72370.52733887857,-47036.80371157194,-21410.840033315,25625.963678256943,25625.963678256936,-21595.451481789587,36573.0,nan,nan,1.5000000000000002,10.0,0.0,0.0,10.0,0.85,CORE,MAIN,1.2126976995293324,0.2604453455271678,0.6,0.174,-47036.80371157194,STRUCTURAL,-0.9255475506901991,-177372.99662269253,25500.0,0,0,0,0,0,0,0,inf,inf,NA,1,5,5,5,22,6,0,0,CONTINUE,0,A,1,1,0,KEEP_STRUCTURAL_IN_ON_CUT,2,3,0,0,"tail_cont_enabled=1 tail_active_dims=(1,) tail_delta=0.1 tail_start=(6, 6, 6) returned_y=(2, 6, 0) returned_b=(0, 1, 0) returned_u=(0, 0, 0) returned_zcap=(2, 6, 0) max_tail_u=0",NA
120,P1_no_rho,196,792.0786747999955,5.581385899917223,3.1465357000706717,0.17774100007954985,0.01,65232.641160851024,65232.641160851024,-65630.34124931732,-46000.893887792074,0.0,-21410.840033315,-73444.44575343993,-73444.43110821757,-47036.80371157194,-21410.840033315,25625.963678256943,25625.963678256936,-21140.027969227438,36310.5,nan,nan,1.5000000000000002,10.0,0.0,0.0,10.0,0.85,CORE,MAIN,1.2125082065839032,0.26028972824694185,0.6,0.174,-47036.80371157194,STRUCTURAL,-0.9603173212338054,-177372.99662269253,25500.0,0,0,0,0,0,0,0,inf,inf,NA,1,5,5,5,22,6,0,0,CONTINUE,0,A,1,1,0,KEEP_STRUCTURAL_IN_ON_CUT,2,3,0,0,"tail_cont_enabled=1 tail_active_dims=(1,) tail_delta=0.1 tail_start=(6, 6, 6) returned_y=(2, 6, 0) returned_b=(0, 1, 0) returned_u=(0, 0, 0) returned_zcap=(2, 6, 0) max_tail_u=0",NA
120,P1_no_rho,197,795.1266236999072,5.581385899917223,3.0474208999658003,0.17556920007336885,0.01,59206.071838157186,59206.071838157186,-65630.34124931732,-46904.87928619614,0.0,-21410.840033315,-71793.96295067947,-71793.94830534213,-47036.80371157194,-21410.840033315,25625.963678256943,25625.963678256936,-21702.581748940236,35605.0,nan,nan,1.5000000000000002,10.0,0.0,0.0,10.0,0.85,CORE,MAIN,1.212672787293807,0.26272877478841794,0.6,0.174,-47036.80371157194,STRUCTURAL,-0.9379088434471167,-177372.99662269253,25500.0,0,0,0,0,0,0,0,inf,inf,NA,1,5,5,5,22,6,0,0,CONTINUE,0,A,1,1,0,KEEP_STRUCTURAL_IN_ON_CUT,2,3,0,0,"tail_cont_enabled=1 tail_active_dims=(1,) tail_delta=0.1 tail_start=(6, 6, 6) returned_y=(6, 0, 1) returned_b=(1, 0, 0) returned_u=(0, 0, 0) returned_zcap=(6, 0, 1) max_tail_u=0",NA
120,P1_no_rho,198,798.5093727000058,5.581385899917223,3.3821764000458643,0.16737299994565547,0.01,51417.423601497554,51417.423601497554,-65630.34124931732,-48073.17652169509,0.0,-21410.840033315,-73129.54790133631,-73129.53304328914,-47036.80371157194,-21410.840033315,25625.963678256943,25625.963678256936,-22188.114246264962,35950.0,nan,nan,1.5000000000000002,10.0,0.0,0.0,10.0,0.85,CORE,MAIN,1.2138706772799925,0.231879548553106,0.6,0.174,-47036.80371157194,STRUCTURAL,-0.9446716513124555,-177372.99662269253,25500.0,0,0,0,0,0,0,0,inf,inf,NA,1,5,5,5,22,6,0,0,CONTINUE,0,A,1,1,0,KEEP_STRUCTURAL_IN_ON_CUT,2,3,0,0,"tail_cont_enabled=1 tail_active_dims=(1,) tail_delta=0.1 tail_start=(6, 6, 6) returned_y=(6, 0, 1) returned_b=(1, 0, 0) returned_u=(0, 0, 0) returned_zcap=(6, 0, 1) max_tail_u=0",NA
120,P1_no_rho,199,800.7758085000096,5.581385899917223,2.265780200017616,0.19358640001155436,0.01,66365.6073515746,66365.6073515746,-65630.34124931732,-45830.94895918353,0.0,-21410.840033315,-70622.47920655136,-70622.46457101045,-47036.80371157194,-21410.840033315,25625.963678256943,25625.963678256936,-20446.16433115991,35006.5,nan,nan,1.5000000000000002,10.0,0.0,0.0,10.0,0.85,CORE,MAIN,1.21428892217732,0.26552046906714266,0.6,0.174,-47036.80371157194,STRUCTURAL,-0.9555615907493472,-177372.99662269253,25500.0,0,0,0,0,0,0,0,inf,inf,NA,1,5,5,5,22,6,0,0,CONTINUE,0,A,1,1,0,KEEP_STRUCTURAL_IN_ON_CUT,2,3,0,0,"tail_cont_enabled=1 tail_active_dims=(1,) tail_delta=0.1 tail_start=(6, 6, 6) returned_y=(6, 0, 1) returned_b=(1, 0, 0) returned_u=(0, 0, 0) returned_zcap=(6, 0, 1) max_tail_u=0",NA
120,P1_no_rho,200,807.9877652999712,5.581385899917223,7.211419800063595,0.16793029999826103,0.01,58055.764059689005,58055.764059689005,-65630.34124931732,-47077.425452966374,0.0,-21410.840033315,-72610.86095851855,-72610.84616499639,-47036.80371157194,-21410.840033315,25625.963678256943,25625.963678256936,-21253.158523458453,36862.5,nan,nan,1.5000000000000002,10.0,0.0,0.0,10.0,0.85,CORE,MAIN,1.2145078036897683,0.2501394287262608,0.6,0.174,-47036.80371157194,STRUCTURAL,-0.9288154202154474,-177372.99662269253,25500.0,0,0,0,0,0,0,0,inf,inf,NA,1,5,5,5,22,6,0,0,CONTINUE,0,A,1,1,0,KEEP_STRUCTURAL_IN_ON_CUT,2,3,0,0,"tail_cont_enabled=1 tail_active_dims=(1,) tail_delta=0.1 tail_start=(6, 6, 6) returned_y=(1, 0, 6) returned_b=(0, 0, 1) returned_u=(0, 0, 0) returned_zcap=(1, 0, 6) max_tail_u=0",NA
120,P1_no_rho,201,811.4100725000026,5.581385899917223,3.4216841000597924,0.16427139996085316,0.01,59971.10842406768,59971.10842406768,-65630.34124931732,-46790.12379830957,0.0,-21410.840033315,-72271.01069483762,-72270.99587269423,-47036.80371157194,-21410.840033315,25625.963678256943,25625.963678256936,-21523.52266557315,36329.5,nan,nan,1.5000000000000002,10.0,0.0,0.0,10.0,0.85,CORE,MAIN,1.2146440166945838,0.25439037683213683,0.6,0.174,-47036.80371157194,STRUCTURAL,-0.931244547949941,-177372.99662269253,25500.0,0,0,0,0,0,0,0,inf,inf,NA,1,5,5,5,22,6,0,0,CONTINUE,0,A,1,1,0,KEEP_STRUCTURAL_IN_ON_CUT,2,3,0,0,"tail_cont_enabled=1 tail_active_dims=(1,) tail_delta=0.1 tail_start=(6, 6, 6) returned_y=(1, 0, 6) returned_b=(0, 0, 1) returned_u=(0, 0, 0) returned_zcap=(1, 0, 6) max_tail_u=0",NA
120,P1_no_rho,202,815.0391128999181,5.581385899917223,3.628596199909225,0.16958119999617338,0.01,66961.02485948776,66961.02485948776,-65630.34124931732,-45741.63633299656,0.0,-21410.840033315,-76317.81625061063,-76317.80142518022,-47036.80371157194,-21410.840033315,25625.963678256943,25625.963678256936,-21991.86523571765,37823.5,nan,nan,1.5000000000000002,10.0,0.0,0.0,10.0,0.85,CORE,MAIN,1.2139221654254753,0.2508337098321156,0.6,0.174,-47036.80371157194,STRUCTURAL,-0.9575340936977024,-177372.99662269253,25500.0,0,0,0,0,0,0,0,inf,inf,NA,1,5,5,5,22,6,0,0,CONTINUE,0,A,1,1,0,KEEP_STRUCTURAL_IN_ON_CUT,2,3,0,0,"tail_cont_enabled=1 tail_active_dims=(1,) tail_delta=0.1 tail_start=(6, 6, 6) returned_y=(2, 6, 0) returned_b=(0, 1, 0) returned_u=(0, 0, 0) returned_zcap=(2, 6, 0) max_tail_u=0",NA
120,P1_no_rho,203,818.3148051999742,5.581385899917223,3.2752377999713644,0.18073040002491325,0.01,68029.58876756027,68029.58876756027,-65630.34124931732,-45581.35174678568,0.0,-21410.840033315,-72780.04490675467,-72780.03101131466,-47036.80371157194,-21410.840033315,25625.963678256943,25625.963678256936,-19503.65923002692,37128.5,nan,nan,1.5000000000000002,10.0,0.0,0.0,10.0,0.85,CORE,MAIN,1.2135928407860623,0.24673851225709575,0.6,0.174,-47036.80371157194,STRUCTURAL,-0.9566123378947482,-177372.99662269253,25500.0,0,0,0,0,0,0,0,inf,inf,NA,1,5,5,5,22,6,0,0,CONTINUE,0,A,1,1,0,KEEP_STRUCTURAL_IN_ON_CUT,2,3,0,0,"tail_cont_enabled=1 tail_active_dims=(1,) tail_delta=0.1 tail_start=(6, 6, 6) returned_y=(2, 6, 0) returned_b=(0, 1, 0) returned_u=(0, 0, 0) returned_zcap=(2, 6, 0) max_tail_u=0",NA
120,P1_no_rho,204,821.4602844999172,5.581385899917223,3.1449445999460295,0.18620180001016706,0.01,54388.04674364097,54388.04674364097,-65630.34124931732,-47627.58305037358,0.0,-21410.840033315,-71597.6128742707,-71597.5983148853,-47036.80371157194,-21410.840033315,25625.963678256943,25625.963678256936,-21690.69697516153,35944.0,nan,nan,1.5000000000000002,10.0,0.0,0.0,10.0,0.85,CORE,MAIN,1.213751463738161,0.2523838469415016,0.6,0.174,-47036.80371157194,STRUCTURAL,-0.9256417638497618,-177372.99662269253,25500.0,0,0,0,0,0,0,0,inf,inf,NA,1,5,5,5,22,6,0,0,CONTINUE,0,A,1,1,0,KEEP_STRUCTURAL_IN_ON_CUT,2,3,0,0,"tail_cont_enabled=1 tail_active_dims=(1,) tail_delta=0.1 tail_start=(6, 6, 6) returned_y=(6, 0, 1) returned_b=(1, 0, 0) returned_u=(0, 0, 0) returned_zcap=(6, 0, 1) max_tail_u=0",NA
120,P1_no_rho,205,827.6661716999952,5.581385899917223,6.2053633000468835,0.16310909995809197,0.01,52862.09635575023,52862.09635575023,-65630.34124931732,-47856.475608557186,0.0,-21410.840033315,-72413.98969377254,-72413.9748345348,-47036.80371157194,-21410.840033315,25625.963678256943,25625.963678256936,-21659.983367534925,36362.5,nan,nan,1.5000000000000002,10.0,0.0,0.0,10.0,0.85,CORE,MAIN,1.2144678792591008,0.2591087939204517,0.6,0.174,-47036.80371157194,STRUCTURAL,-0.9305189222779853,-177372.99662269253,25500.0,0,0,0,0,0,0,0,inf,inf,NA,1,5,5,5,22,6,0,0,CONTINUE,0,A,1,1,0,KEEP_STRUCTURAL_IN_ON_CUT,2,3,0,0,"tail_cont_enabled=1 tail_active_dims=(1,) tail_delta=0.1 tail_start=(6, 6, 6) returned_y=(1, 0, 6) returned_b=(0, 0, 1) returned_u=(0, 0, 0) returned_zcap=(1, 0, 6) max_tail_u=0",NA
120,P1_no_rho,206,830.5436803000048,5.581385899917223,2.876811300055124,0.17114719992969185,0.01,60003.675057760425,60003.675057760425,-65630.34124931732,-46785.23880325566,0.0,-21410.840033315,-71737.64358106809,-71737.62880101994,-47036.80371157194,-21410.840033315,25625.963678256943,25625.963678256936,-21292.120003478853,36640.0,nan,nan,1.5000000000000002,10.0,0.0,0.0,10.0,0.85,CORE,MAIN,1.215124431813313,0.23614426537904398,0.6,0.174,-47036.80371157194,STRUCTURAL,-0.917858602575347,-177372.99662269253,25500.0,0,0,0,0,0,0,0,inf,inf,NA,1,5,5,5,22,6,0,0,CONTINUE,0,A,1,1,0,KEEP_STRUCTURAL_IN_ON_CUT,2,3,0,0,"tail_cont_enabled=1 tail_active_dims=(1,) tail_delta=0.1 tail_start=(6, 6, 6) returned_y=(1, 0, 6) returned_b=(0, 0, 1) returned_u=(0, 0, 0) returned_zcap=(1, 0, 6) max_tail_u=0",NA
120,P1_no_rho,207,833.9397696999367,5.581385899917223,3.3956125000258908,0.16543160006403923,0.01,54432.701594690065,54432.701594690065,-65630.34124931732,-47620.884822716216,0.0,-21410.840033315,-71887.03368900075,-71887.01899223108,-47036.80371157194,-21410.840033315,25625.963678256943,25625.963678256936,-21527.159454829904,35469.5,nan,nan,1.5000000000000002,10.0,0.0,0.0,10.0,0.85,CORE,MAIN,1.2156342197784347,0.25191827367562425,0.6,0.174,-47036.80371157194,STRUCTURAL,-0.946538284768626,-177372.99662269253,25500.0,0,0,0,0,0,0,0,inf,inf,NA,1,5,5,5,22,6,0,0,CONTINUE,0,A,1,1,0,KEEP_STRUCTURAL_IN_ON_CUT,2,3,0,0,"tail_cont_enabled=1 tail_active_dims=(1,) tail_delta=0.1 tail_start=(6, 6, 6) returned_y=(6, 0, 1) returned_b=(1, 0, 0) returned_u=(0, 0, 0) returned_zcap=(6, 0, 1) max_tail_u=0",NA
120,P1_no_rho,208,836.4182671000017,5.581385899917223,2.4778776000021026,0.20105100004002452,0.01,57464.384835785306,57464.384835785306,-65630.34124931732,-47166.13233655193,0.0,-21410.840033315,-73405.3725767586,-73405.35765430919,-47036.80371157194,-21410.840033315,25625.963678256943,25625.963678256936,-21733.461278424205,36775.0,nan,nan,1.5000000000000002,10.0,0.0,0.0,10.0,0.85,CORE,MAIN,1.2159168274535308,0.24954001663437675,0.6,0.174,-47036.80371157194,STRUCTURAL,-0.9367214389464757,-177372.99662269253,25500.0,0,0,0,0,0,0,0,inf,inf,NA,1,5,5,5,22,6,0,0,CONTINUE,0,A,1,1,0,KEEP_STRUCTURAL_IN_ON_CUT,2,3,0,0,"tail_cont_enabled=1 tail_active_dims=(1,) tail_delta=0.1 tail_start=(6, 6, 6) returned_y=(1, 0, 6) returned_b=(0, 0, 1) returned_u=(0, 0, 0) returned_zcap=(1, 0, 6) max_tail_u=0",NA
120,P1_no_rho,209,839.4738844999811,5.581385899917223,3.055190799990669,0.16439980000723153,0.01,61419.60451632518,61419.60451632518,-65630.34124931732,-46572.849384470945,0.0,-21410.840033315,-75244.90746864518,-75244.8922125803,-47036.80371157194,-21410.840033315,25625.963678256943,25625.963678256936,-22731.07444032391,36786.5,nan,nan,1.5000000000000002,10.0,0.0,0.0,10.0,0.85,CORE,MAIN,1.2155494720411477,0.25812929172553045,0.6,0.174,-47036.80371157194,STRUCTURAL,-0.951686402570805,-177372.99662269253,25500.0,0,0,0,0,0,0,0,inf,inf,NA,1,5,5,5,22,6,0,0,CONTINUE,0,A,1,1,0,KEEP_STRUCTURAL_IN_ON_CUT,2,3,0,0,"tail_cont_enabled=1 tail_active_dims=(1,) tail_delta=0.1 tail_start=(6, 6, 6) returned_y=(2, 6, 0) returned_b=(0, 1, 0) returned_u=(0, 0, 0) returned_zcap=(2, 6, 0) max_tail_u=0",NA
120,P1_no_rho,210,846.3323622000171,5.581385899917223,6.857991700060666,0.1716666000429541,0.01,68467.02799788782,68467.02799788782,-65630.34124931732,-45515.73586223655,0.0,-21410.840033315,-71575.5979686731,-71575.58409866763,-47036.80371157194,-21410.840033315,25625.963678256943,25625.963678256936,-19372.349187558186,37156.0,nan,nan,1.5000000000000002,10.0,0.0,0.0,10.0,0.85,CORE,MAIN,1.2156433338171455,0.26088263686929836,0.6,0.174,-47036.80371157194,STRUCTURAL,-0.9366497095329498,-177372.99662269253,25500.0,0,0,0,0,0,0,0,inf,inf,NA,1,5,5,5,22,6,0,0,CONTINUE,0,A,1,1,0,KEEP_STRUCTURAL_IN_ON_CUT,2,3,0,0,"tail_cont_enabled=1 tail_active_dims=(1,) tail_delta=0.1 tail_start=(6, 6, 6) returned_y=(2, 6, 0) returned_b=(0, 1, 0) returned_u=(0, 0, 0) returned_zcap=(2, 6, 0) max_tail_u=0",NA
120,P1_no_rho,211,850.1478322999319,5.581385899917223,3.8151453000027686,0.16309849999379367,0.01,59790.929238533165,59790.929238533165,-65630.34124931732,-46817.15067613975,0.0,-21410.840033315,-73094.74197497332,-73094.7273184931,-47036.80371157194,-21410.840033315,25625.963678256943,25625.963678256936,-22081.138456728175,36038.5,nan,nan,1.5000000000000002,10.0,0.0,0.0,10.0,0.85,CORE,MAIN,1.2156033709926206,0.25169658115065485,0.6,0.174,-47036.80371157194,STRUCTURAL,-0.9436868693529591,-177372.99662269253,25500.0,0,0,0,0,0,0,0,inf,inf,NA,1,5,5,5,22,6,0,0,CONTINUE,0,A,1,1,0,KEEP_STRUCTURAL_IN_ON_CUT,2,3,0,0,"tail_cont_enabled=1 tail_active_dims=(1,) tail_delta=0.1 tail_start=(6, 6, 6) returned_y=(2, 6, 0) returned_b=(0, 1, 0) returned_u=(0, 0, 0) returned_zcap=(2, 6, 0) max_tail_u=0",NA
120,P1_no_rho,212,853.2397971999599,5.581385899917223,3.0915233000414446,0.16201940004248172,0.01,59382.33610096621,59382.33610096621,-65630.34124931732,-46878.439646774794,0.0,-21410.840033315,-72933.71378299149,-72933.6988292459,-47036.80371157194,-21410.840033315,25625.963678256943,25625.963678256936,-21773.228034747513,35714.5,nan,nan,1.5000000000000002,10.0,0.0,0.0,10.0,0.85,CORE,MAIN,1.2155102770636548,0.24058220893402915,0.6,0.174,-47036.80371157194,STRUCTURAL,-0.9549897248922871,-177372.99662269253,25500.0,0,0,0,0,0,0,0,inf,inf,NA,1,5,5,5,22,6,0,0,CONTINUE,0,A,1,1,0,KEEP_STRUCTURAL_IN_ON_CUT,2,3,0,0,"tail_cont_enabled=1 tail_active_dims=(1,) tail_delta=0.1 tail_start=(6, 6, 6) returned_y=(6, 0, 1) returned_b=(1, 0, 0) returned_u=(0, 0, 0) returned_zcap=(6, 0, 1) max_tail_u=0",NA
120,P1_no_rho,213,856.1942297000205,5.581385899917223,2.953930899966508,0.16800629999488592,0.01,59181.89187788016,59181.89187788016,-65630.34124931732,-46908.5062802377,0.0,-21410.840033315,-71898.53433155268,-71898.5196264571,-47036.80371157194,-21410.840033315,25625.963678256943,25625.963678256936,-21045.270429867054,35410.0,nan,nan,1.5000000000000002,10.0,0.0,0.0,10.0,0.85,CORE,MAIN,1.215623375705611,0.26436283285323914,0.6,0.174,-47036.80371157194,STRUCTURAL,-0.9574178517667332,-177372.99662269253,25500.0,0,0,0,0,0,0,0,inf,inf,NA,1,5,5,5,22,6,0,0,CONTINUE,0,A,1,1,0,KEEP_STRUCTURAL_IN_ON_CUT,2,3,0,0,"tail_cont_enabled=1 tail_active_dims=(1,) tail_delta=0.1 tail_start=(6, 6, 6) returned_y=(6, 0, 1) returned_b=(1, 0, 0) returned_u=(0, 0, 0) returned_zcap=(6, 0, 1) max_tail_u=0",NA
120,P1_no_rho,214,859.9861144999741,5.581385899917223,3.7914469999959692,0.2474938000086695,0.01,60860.16765423538,60860.16765423538,-65630.34124931732,-46656.76491378441,0.0,-21410.840033315,-72329.55111322987,-72329.53633930223,-47036.80371157194,-21410.840033315,25625.963678256943,25625.963678256936,-21170.69137573342,35946.5,nan,nan,1.5000000000000002,10.0,0.0,0.0,10.0,0.85,CORE,MAIN,1.215788596462286,0.23806554742736696,0.6,0.174,-47036.80371157194,STRUCTURAL,-0.9487960341724283,-177372.99662269253,25500.0,0,0,0,0,0,0,0,inf,inf,NA,1,5,5,5,22,6,0,0,CONTINUE,0,A,1,1,0,KEEP_STRUCTURAL_IN_ON_CUT,2,3,0,0,"tail_cont_enabled=1 tail_active_dims=(1,) tail_delta=0.1 tail_start=(6, 6, 6) returned_y=(6, 0, 1) returned_b=(1, 0, 0) returned_u=(0, 0, 0) returned_zcap=(6, 0, 1) max_tail_u=0",NA
120,P1_no_rho,215,867.1959938999498,5.581385899917223,7.208407799946144,0.16411040001548827,0.01,55196.65123031336,55196.65123031336,-65630.34124931732,-47506.29237737272,0.0,-21410.840033315,-73222.76968871908,-73222.75480987328,-47036.80371157194,-21410.840033315,25625.963678256943,25625.963678256936,-21966.8308485658,35919.0,nan,nan,1.5000000000000002,10.0,0.0,0.0,10.0,0.85,CORE,MAIN,1.2158811052164205,0.24610612138211063,0.6,0.174,-47036.80371157194,STRUCTURAL,-0.9513242566386866,-177372.99662269253,25500.0,0,0,0,0,0,0,0,inf,inf,NA,1,5,5,5,22,6,0,0,CONTINUE,0,A,1,1,0,KEEP_STRUCTURAL_IN_ON_CUT,2,3,0,0,"tail_cont_enabled=1 tail_active_dims=(1,) tail_delta=0.1 tail_start=(6, 6, 6) returned_y=(6, 0, 1) returned_b=(1, 0, 0) returned_u=(0, 0, 0) returned_zcap=(6, 0, 1) max_tail_u=0",NA
120,P1_no_rho,216,869.66866570001,5.581385899917223,2.4721867000916973,0.16571239999029785,0.01,60690.63619211919,60690.63619211919,-65630.34124931732,-46682.19463310184,0.0,-21410.840033315,-73523.18387180986,-73523.16879216512,-47036.80371157194,-21410.840033315,25625.963678256943,25625.963678256936,-21854.04805856634,35770.0,nan,nan,1.5000000000000002,10.0,0.0,0.0,10.0,0.85,CORE,MAIN,1.2159338394404526,0.2501103463114783,0.6,0.174,-47036.80371157194,STRUCTURAL,-0.9629879924256596,-177372.99662269253,25500.0,0,0,0,0,0,0,0,inf,inf,NA,1,5,5,5,22,6,0,0,CONTINUE,0,A,1,1,0,KEEP_STRUCTURAL_IN_ON_CUT,2,3,0,0,"tail_cont_enabled=1 tail_active_dims=(1,) tail_delta=0.1 tail_start=(6, 6, 6) returned_y=(6, 0, 1) returned_b=(1, 0, 0) returned_u=(0, 0, 0) returned_zcap=(6, 0, 1) max_tail_u=0",NA
120,P1_no_rho,217,873.3544328999706,5.581385899917223,3.6852180999703705,0.17552799999248236,0.01,66532.4242798364,66532.4242798364,-65630.34124931732,-45805.92641994426,0.0,-21410.840033315,-69255.68875298652,-69255.67465741513,-47036.80371157194,-21410.840033315,25625.963678256943,25625.963678256936,-19548.35269359249,35425.5,nan,nan,1.5000000000000002,10.0,0.0,0.0,10.0,0.85,CORE,MAIN,1.214933221385021,0.26667697154914083,0.6,0.174,-47036.80371157194,STRUCTURAL,-0.9354339287391401,-177372.99662269253,25500.0,0,0,0,0,0,0,0,inf,inf,NA,1,5,5,5,22,6,0,0,CONTINUE,0,A,1,1,0,KEEP_STRUCTURAL_IN_ON_CUT,2,3,0,0,"tail_cont_enabled=1 tail_active_dims=(1,) tail_delta=0.1 tail_start=(6, 6, 6) returned_y=(2, 6, 0) returned_b=(0, 1, 0) returned_u=(0, 0, 0) returned_zcap=(2, 6, 0) max_tail_u=0",NA
120,P1_no_rho,218,877.032468099962,5.581385899917223,3.677519000018947,0.1823510000249371,0.01,55668.79272316661,55668.79272316661,-65630.34124931732,-47435.471153444734,0.0,-21410.840033315,-77022.52634736442,-77022.51138912236,-47036.80371157194,-21410.840033315,25625.963678256943,25625.963678256936,-23924.038798732505,37954.5,nan,nan,1.5000000000000002,10.0,0.0,0.0,10.0,0.85,CORE,MAIN,1.213131528169012,0.24005856616385524,0.6,0.174,-47036.80371157194,STRUCTURAL,-0.9326688989955491,-177372.99662269253,25500.0,0,0,0,0,0,0,0,inf,inf,NA,1,5,5,5,22,6,0,0,CONTINUE,0,A,1,1,0,KEEP_STRUCTURAL_IN_ON_CUT,2,3,0,0,"tail_cont_enabled=1 tail_active_dims=(1,) tail_delta=0.1 tail_start=(6, 6, 6) returned_y=(2, 6, 0) returned_b=(0, 1, 0) returned_u=(0, 0, 0) returned_zcap=(2, 6, 0) max_tail_u=0",NA
120,P1_no_rho,219,880.0367736999178,5.581385899917223,3.003535399911925,0.16587219992652535,0.01,68636.60911311278,68636.60911311278,-65630.34124931732,-45490.298694952806,0.0,-21410.840033315,-72765.21620321945,-72765.20134110155,-47036.80371157194,-21410.840033315,25625.963678256943,25625.963678256936,-21889.409215802323,35493.5,nan,nan,1.5000000000000002,10.0,0.0,0.0,10.0,0.85,CORE,MAIN,1.2120978482115614,0.2617748350003454,0.6,0.174,-47036.80371157194,STRUCTURAL,-0.9555889036076884,-177372.99662269253,25500.0,0,0,0,0,0,0,0,inf,inf,NA,1,5,5,5,22,6,0,0,CONTINUE,0,A,1,1,0,KEEP_STRUCTURAL_IN_ON_CUT,2,3,0,0,"tail_cont_enabled=1 tail_active_dims=(1,) tail_delta=0.1 tail_start=(6, 6, 6) returned_y=(2, 6, 0) returned_b=(0, 1, 0) returned_u=(0, 0, 0) returned_zcap=(2, 6, 0) max_tail_u=0",NA
120,P1_no_rho,220,887.9623409999767,5.581385899917223,7.924842000007629,0.16272589995060116,0.01,60712.220632212775,60712.220632212775,-65630.34124931732,-46678.956967087805,0.0,-21410.840033315,-71183.33990536293,-71183.32526811943,-47036.80371157194,-21410.840033315,25625.963678256943,25625.963678256936,-20402.933005047613,35274.5,nan,nan,1.5000000000000002,10.0,0.0,0.0,10.0,0.85,CORE,MAIN,1.2118446391676394,0.2457827422981841,0.6,0.174,-47036.80371157194,STRUCTURAL,-0.9597186307969744,-177372.99662269253,25500.0,0,0,0,0,0,0,0,inf,inf,NA,1,5,5,5,22,6,0,0,CONTINUE,0,A,1,1,0,KEEP_STRUCTURAL_IN_ON_CUT,2,3,0,0,"tail_cont_enabled=1 tail_active_dims=(1,) tail_delta=0.1 tail_start=(6, 6, 6) returned_y=(6, 0, 1) returned_b=(1, 0, 0) returned_u=(0, 0, 0) returned_zcap=(6, 0, 1) max_tail_u=0",NA
120,P1_no_rho,221,891.1323769999435,5.581385899917223,3.1693569000344723,0.15448610007297248,0.01,60910.34768126888,60910.34768126888,-65630.34124931732,-46649.23790972939,0.0,-21410.840033315,-72853.86306520452,-72853.84820473216,-47036.80371157194,-21410.840033315,25625.963678256943,25625.963678256936,-21228.402950341355,36915.5,nan,nan,1.5000000000000002,10.0,0.0,0.0,10.0,0.85,CORE,MAIN,1.2116171290458069,0.24162344973451655,0.6,0.174,-47036.80371157194,STRUCTURAL,-0.9323174141736449,-177372.99662269253,25500.0,0,0,0,0,0,0,0,inf,inf,NA,1,5,5,5,22,6,0,0,CONTINUE,0,A,1,1,0,KEEP_STRUCTURAL_IN_ON_CUT,2,3,0,0,"tail_cont_enabled=1 tail_active_dims=(1,) tail_delta=0.1 tail_start=(6, 6, 6) returned_y=(1, 0, 6) returned_b=(0, 0, 1) returned_u=(0, 0, 0) returned_zcap=(1, 0, 6) max_tail_u=0",NA
120,P1_no_rho,222,893.5021831999766,5.581385899917223,2.369391300017014,0.18169869994744658,0.01,59201.58229142622,59201.58229142622,-65630.34124931732,-46905.55271820579,0.0,-21410.840033315,-73811.80396572537,-73811.78903238488,-47036.80371157194,-21410.840033315,25625.963678256943,25625.963678256936,-22634.865661764514,37188.0,nan,nan,1.5000000000000002,10.0,0.0,0.0,10.0,0.85,CORE,MAIN,1.2112558406634828,0.25671213944719384,0.6,0.174,-47036.80371157194,STRUCTURAL,-0.9174451143849334,-177372.99662269253,25500.0,0,0,0,0,0,0,0,inf,inf,NA,1,5,5,5,22,6,0,0,CONTINUE,0,A,1,1,0,KEEP_STRUCTURAL_IN_ON_CUT,2,3,0,0,"tail_cont_enabled=1 tail_active_dims=(1,) tail_delta=0.1 tail_start=(6, 6, 6) returned_y=(1, 0, 6) returned_b=(0, 0, 1) returned_u=(0, 0, 0) returned_zcap=(1, 0, 6) max_tail_u=0",NA
120,P1_no_rho,223,896.4667929999996,5.581385899917223,2.964114300091751,0.16721149999648333,0.01,57605.96316862707,57605.96316862707,-65630.34124931732,-47144.89558662566,0.0,-21410.840033315,-71550.1765875398,-71550.16183062925,-47036.80371157194,-21410.840033315,25625.963678256943,25625.963678256936,-21520.618476498206,36020.5,nan,nan,1.5000000000000002,10.0,0.0,0.0,10.0,0.85,CORE,MAIN,1.2125535322611363,0.27796709802675124,0.6,0.174,-47036.80371157194,STRUCTURAL,-0.9259457504130707,-177372.99662269253,25500.0,0,0,0,0,0,0,0,inf,inf,NA,1,5,5,5,22,6,0,0,CONTINUE,0,A,1,1,0,KEEP_STRUCTURAL_IN_ON_CUT,2,3,0,0,"tail_cont_enabled=1 tail_active_dims=(1,) tail_delta=0.1 tail_start=(6, 6, 6) returned_y=(1, 0, 6) returned_b=(0, 0, 1) returned_u=(0, 0, 0) returned_zcap=(1, 0, 6) max_tail_u=0",NA
120,P1_no_rho,224,899.7881926000118,5.581385899917223,3.321089400094934,0.16638029995374382,0.01,69671.07455318268,69671.07455318268,-65630.34124931732,-45335.12887894232,0.0,-21410.840033315,-71559.31776888421,-71559.30312990549,-47036.80371157194,-21410.840033315,25625.963678256943,25625.963678256936,-21120.63070742664,36123.0,nan,nan,1.5000000000000002,10.0,0.0,0.0,10.0,0.85,CORE,MAIN,1.2138429783069398,0.23480511444890073,0.6,0.174,-47036.80371157194,STRUCTURAL,-0.9308690201529742,-177372.99662269253,25500.0,0,0,0,0,0,0,0,inf,inf,NA,1,5,5,5,22,6,0,0,CONTINUE,0,A,1,1,0,KEEP_STRUCTURAL_IN_ON_CUT,2,3,0,0,"tail_cont_enabled=1 tail_active_dims=(1,) tail_delta=0.1 tail_start=(6, 6, 6) returned_y=(2, 6, 0) returned_b=(0, 1, 0) returned_u=(0, 0, 0) returned_zcap=(2, 6, 0) max_tail_u=0",NA
120,P1_no_rho,225,907.0027369000018,5.581385899917223,7.2139747000765055,0.17098210006952286,0.01,47370.70184903841,47370.70184903841,-65630.34124931732,-48680.184784563964,0.0,-21410.840033315,-65899.80997954222,-65899.79617442383,-47036.80371157194,-21410.840033315,25625.963678256943,25625.963678256936,-18247.650926869905,33513.5,nan,nan,1.5000000000000002,10.0,0.0,0.0,10.0,0.85,CORE,MAIN,1.2122063531726799,0.25508321417138136,0.6,0.174,-47036.80371157194,STRUCTURAL,-0.9479194005908844,-177372.99662269253,25500.0,0,0,0,0,0,0,0,inf,inf,NA,1,5,5,5,22,6,0,0,CONTINUE,0,A,1,1,0,KEEP_STRUCTURAL_IN_ON_CUT,2,3,0,0,"tail_cont_enabled=1 tail_active_dims=(1,) tail_delta=0.1 tail_start=(6, 6, 6) returned_y=(6, 0, 1) returned_b=(1, 0, 0) returned_u=(0, 0, 0) returned_zcap=(6, 0, 1) max_tail_u=0",NA
120,P1_no_rho,226,909.7885691999691,5.581385899917223,2.785394200007431,0.15752480004448444,0.01,61334.31126352387,61334.31126352387,-65630.34124931732,-46585.64337239114,0.0,-21410.840033315,-72388.29367957095,-72388.27920310965,-47036.80371157194,-21410.840033315,25625.963678256943,25625.963678256936,-22497.17328351996,35709.0,nan,nan,1.5000000000000002,10.0,0.0,0.0,10.0,0.85,CORE,MAIN,1.2105218487208953,0.2587789459410652,0.6,0.174,-47036.80371157194,STRUCTURAL,-0.9314384967298565,-177372.99662269253,25500.0,0,0,0,0,0,0,0,inf,inf,NA,1,5,5,5,22,6,0,0,CONTINUE,0,A,1,1,0,KEEP_STRUCTURAL_IN_ON_CUT,2,3,0,0,"tail_cont_enabled=1 tail_active_dims=(1,) tail_delta=0.1 tail_start=(6, 6, 6) returned_y=(6, 0, 1) returned_b=(1, 0, 0) returned_u=(0, 0, 0) returned_zcap=(6, 0, 1) max_tail_u=0",NA
120,P1_no_rho,227,913.4950276999734,5.581385899917223,3.7058730999706313,0.17281359992921352,0.01,62035.68546120175,62035.68546120175,-65630.34124931732,-46480.43724273946,0.0,-21410.840033315,-75010.22404753754,-75010.20902426775,-47036.80371157194,-21410.840033315,25625.963678256943,25625.963678256936,-22371.695656967357,37247.5,nan,nan,1.5000000000000002,10.0,0.0,0.0,10.0,0.85,CORE,MAIN,1.2085851328038464,0.24937941333921787,0.6,0.174,-47036.80371157194,STRUCTURAL,-0.9421395327167441,-177372.99662269253,25500.0,0,0,0,0,0,0,0,inf,inf,NA,1,5,5,5,22,6,0,0,CONTINUE,0,A,1,1,0,KEEP_STRUCTURAL_IN_ON_CUT,2,3,0,0,"tail_cont_enabled=1 tail_active_dims=(1,) tail_delta=0.1 tail_start=(6, 6, 6) returned_y=(2, 6, 0) returned_b=(0, 1, 0) returned_u=(0, 0, 0) returned_zcap=(2, 6, 0) max_tail_u=0",NA
120,P1_no_rho,228,916.7288568000076,5.581385899917223,3.233369700028561,0.17080530000384897,0.01,61196.53459515292,61196.53459515292,-65630.34124931732,-46606.30987264679,0.0,-21410.840033315,-72120.53418632114,-72120.51946140833,-47036.80371157194,-21410.840033315,25625.963678256943,25625.963678256936,-21514.41724790175,35987.5,nan,nan,1.5000000000000002,10.0,0.0,0.0,10.0,0.85,CORE,MAIN,1.2075004725099627,0.25248341902507143,0.6,0.174,-47036.80371157194,STRUCTURAL,-0.9374755533357707,-177372.99662269253,25500.0,0,0,0,0,0,0,0,inf,inf,NA,1,5,5,5,22,6,0,0,CONTINUE,0,A,1,1,0,KEEP_STRUCTURAL_IN_ON_CUT,2,3,0,0,"tail_cont_enabled=1 tail_active_dims=(1,) tail_delta=0.1 tail_start=(6, 6, 6) returned_y=(6, 0, 1) returned_b=(1, 0, 0) returned_u=(0, 0, 0) returned_zcap=(6, 0, 1) max_tail_u=0",NA
120,P1_no_rho,229,919.1666359999217,5.581385899917223,2.437092699925415,0.1594556999625638,0.01,50259.67006238014,50259.67006238014,-65630.34124931732,-48246.839552562706,0.0,-21410.840033315,-72832.93570425385,-72832.92091830079,-47036.80371157194,-21410.840033315,25625.963678256943,25625.963678256936,-22697.11233589315,35944.0,nan,nan,1.5000000000000002,10.0,0.0,0.0,10.0,0.85,CORE,MAIN,1.2066003756501666,0.24523493801072682,0.6,0.174,-47036.80371157194,STRUCTURAL,-0.9298873911715935,-177372.99662269253,25500.0,0,0,0,0,0,0,0,inf,inf,NA,1,5,5,5,22,6,0,0,CONTINUE,0,A,1,1,0,KEEP_STRUCTURAL_IN_ON_CUT,2,3,0,0,"tail_cont_enabled=1 tail_active_dims=(1,) tail_delta=0.1 tail_start=(6, 6, 6) returned_y=(6, 0, 1) returned_b=(1, 0, 0) returned_u=(0, 0, 0) returned_zcap=(6, 0, 1) max_tail_u=0",NA
120,P1_no_rho,230,926.2104571999516,5.581385899917223,7.043119400041178,0.16598699998576194,0.01,63170.15328131541,63170.15328131541,-65630.34124931732,-46310.26706972241,0.0,-21410.840033315,-75060.34370314282,-75060.32857642775,-47036.80371157194,-21410.840033315,25625.963678256943,25625.963678256936,-22724.92899583513,37235.5,nan,nan,1.5000000000000002,10.0,0.0,0.0,10.0,0.85,CORE,MAIN,1.2053542055988222,0.2511962481389356,0.6,0.174,-47036.80371157194,STRUCTURAL,-0.9370161911901745,-177372.99662269253,25500.0,0,0,0,0,0,0,0,inf,inf,NA,1,5,5,5,22,6,0,0,CONTINUE,0,A,1,1,0,KEEP_STRUCTURAL_IN_ON_CUT,2,3,0,0,"tail_cont_enabled=1 tail_active_dims=(1,) tail_delta=0.1 tail_start=(6, 6, 6) returned_y=(2, 6, 0) returned_b=(0, 1, 0) returned_u=(0, 0, 0) returned_zcap=(2, 6, 0) max_tail_u=0",NA
120,P1_no_rho,231,929.4300913999323,5.581385899917223,3.2190818999661133,0.17831420002039522,0.01,59208.95929218869,59208.95929218869,-65630.34124931732,-46904.44616809142,0.0,-21410.840033315,-71866.26388778974,-71866.24959120038,-47036.80371157194,-21410.840033315,25625.963678256943,25625.963678256936,-19874.983571234698,36616.5,nan,nan,1.5000000000000002,10.0,0.0,0.0,10.0,0.85,CORE,MAIN,1.2089903807359033,0.25071837253127904,0.6,0.174,-47036.80371157194,STRUCTURAL,-0.9465908542135497,-177372.99662269253,25500.0,0,0,0,0,0,0,0,inf,inf,NA,1,5,5,5,22,6,0,0,CONTINUE,0,A,1,1,0,KEEP_STRUCTURAL_IN_ON_CUT,2,3,0,0,"tail_cont_enabled=1 tail_active_dims=(1,) tail_delta=0.1 tail_start=(6, 6, 6) returned_y=(2, 6, 0) returned_b=(0, 1, 0) returned_u=(0, 0, 0) returned_zcap=(2, 6, 0) max_tail_u=0",NA
120,P1_no_rho,232,932.2419629999204,5.581385899917223,2.81109629990533,0.1661204999545589,0.01,73499.79811727515,73499.79811727515,-65630.34124931732,-44760.82034432845,0.0,-21410.840033315,-64674.49181156478,-64674.4781964068,-47036.80371157194,-21410.840033315,25625.963678256943,25625.963678256936,-17847.024616925344,33153.5,nan,nan,1.5000000000000002,10.0,0.0,0.0,10.0,0.85,CORE,MAIN,1.207827192066528,0.273878085669228,0.6,0.174,-47036.80371157194,STRUCTURAL,-0.9416291609127534,-177372.99662269253,25500.0,0,0,0,0,0,0,0,inf,inf,NA,1,5,5,5,22,6,0,0,CONTINUE,0,A,1,1,0,KEEP_STRUCTURAL_IN_ON_CUT,2,3,0,0,"tail_cont_enabled=1 tail_active_dims=(1,) tail_delta=0.1 tail_start=(6, 6, 6) returned_y=(6, 0, 1) returned_b=(1, 0, 0) returned_u=(0, 0, 0) returned_zcap=(6, 0, 1) max_tail_u=0",NA
120,P1_no_rho,233,934.6569385000039,5.581385899917223,2.414433200028725,0.21573169995099306,0.01,55798.84400207209,55798.84400207209,-65630.34124931732,-47415.96346160891,0.0,-21410.840033315,-74010.68448572961,-74010.6696347024,-47036.80371157194,-21410.840033315,25625.963678256943,25625.963678256936,-22866.431702052563,36109.0,nan,nan,1.5000000000000002,10.0,0.0,0.0,10.0,0.85,CORE,MAIN,1.206277251033706,0.2316979240921252,0.6,0.174,-47036.80371157194,STRUCTURAL,-0.9442565183684553,-177372.99662269253,25500.0,0,0,0,0,0,0,0,inf,inf,NA,1,5,5,5,22,6,0,0,CONTINUE,0,A,1,1,0,KEEP_STRUCTURAL_IN_ON_CUT,2,3,0,0,"tail_cont_enabled=1 tail_active_dims=(1,) tail_delta=0.1 tail_start=(6, 6, 6) returned_y=(6, 0, 1) returned_b=(1, 0, 0) returned_u=(0, 0, 0) returned_zcap=(6, 0, 1) max_tail_u=0",NA
120,P1_no_rho,234,937.975142500014,5.581385899917223,3.317839900031686,0.1642473000101745,0.01,56438.29316527871,56438.29316527871,-65630.34124931732,-47320.04608712792,0.0,-21410.840033315,-75996.08770784721,-75996.07249926223,-47036.80371157194,-21410.840033315,25625.963678256943,25625.963678256936,-23202.804255872794,36985.0,nan,nan,1.5000000000000002,10.0,0.0,0.0,10.0,0.85,CORE,MAIN,1.2042567020877755,0.2379841914009695,0.6,0.174,-47036.80371157194,STRUCTURAL,-0.9516158486483609,-177372.99662269253,25500.0,0,0,0,0,0,0,0,inf,inf,NA,1,5,5,5,22,6,0,0,CONTINUE,0,A,1,1,0,KEEP_STRUCTURAL_IN_ON_CUT,2,3,0,0,"tail_cont_enabled=1 tail_active_dims=(1,) tail_delta=0.1 tail_start=(6, 6, 6) returned_y=(6, 0, 1) returned_b=(1, 0, 0) returned_u=(0, 0, 0) returned_zcap=(6, 0, 1) max_tail_u=0",NA
120,P1_no_rho,235,945.2007851999952,5.581385899917223,7.2251736000180244,0.18222220009192824,0.01,57577.17734485012,57577.17734485012,-65630.34124931732,-47149.2134601922,0.0,-21410.840033315,-72587.94472281032,-72587.9299292684,-47036.80371157194,-21410.840033315,25625.963678256943,25625.963678256936,-21148.64836018233,36177.5,nan,nan,1.5000000000000002,10.0,0.0,0.0,10.0,0.85,CORE,MAIN,1.2030949746207389,0.25262914586710394,0.6,0.174,-47036.80371157194,STRUCTURAL,-0.9479055871575072,-177372.99662269253,25500.0,0,0,0,0,0,0,0,inf,inf,NA,1,5,5,5,22,6,0,0,CONTINUE,0,A,1,1,0,KEEP_STRUCTURAL_IN_ON_CUT,2,3,0,0,"tail_cont_enabled=1 tail_active_dims=(1,) tail_delta=0.1 tail_start=(6, 6, 6) returned_y=(6, 0, 1) returned_b=(1, 0, 0) returned_u=(0, 0, 0) returned_zcap=(6, 0, 1) max_tail_u=0",NA
120,P1_no_rho,236,947.497058399953,5.581385899917223,2.2957748000044376,0.15622310002800077,0.01,52040.72466658381,52040.72466658381,-65630.34124931732,-47979.681361932155,0.0,-21410.840033315,-72905.64447898258,-72905.62965041495,-47036.80371157194,-21410.840033315,25625.963678256943,25625.963678256936,-21862.012510099106,36107.5,nan,nan,1.5000000000000002,10.0,0.0,0.0,10.0,0.85,CORE,MAIN,1.2024526105218263,0.24403124731855452,0.6,0.174,-47036.80371157194,STRUCTURAL,-0.9424379448464694,-177372.99662269253,25500.0,0,0,0,0,0,0,0,inf,inf,NA,1,5,5,5,22,6,0,0,CONTINUE,0,A,1,1,0,KEEP_STRUCTURAL_IN_ON_CUT,2,3,0,0,"tail_cont_enabled=1 tail_active_dims=(1,) tail_delta=0.1 tail_start=(6, 6, 6) returned_y=(6, 0, 1) returned_b=(1, 0, 0) returned_u=(0, 0, 0) returned_zcap=(6, 0, 1) max_tail_u=0",NA
120,P1_no_rho,237,950.4661629999755,5.581385899917223,2.9685712000355124,0.16432620002888143,0.01,53186.13167378607,53186.13167378607,-65630.34124931732,-47807.87031085181,0.0,-21410.840033315,-74043.3038285117,-74043.28885891192,-47036.80371157194,-21410.840033315,25625.963678256943,25625.963678256936,-21820.423542732602,36354.5,nan,nan,1.5000000000000002,10.0,0.0,0.0,10.0,0.85,CORE,MAIN,1.2016739391355793,0.22463965300174893,0.6,0.174,-47036.80371157194,STRUCTURAL,-0.9576598094904217,-177372.99662269253,25500.0,0,0,0,0,0,0,0,inf,inf,NA,1,5,5,5,22,6,0,0,CONTINUE,0,A,1,1,0,KEEP_STRUCTURAL_IN_ON_CUT,2,3,0,0,"tail_cont_enabled=1 tail_active_dims=(1,) tail_delta=0.1 tail_start=(6, 6, 6) returned_y=(2, 6, 0) returned_b=(0, 1, 0) returned_u=(0, 0, 0) returned_zcap=(2, 6, 0) max_tail_u=0",NA
120,P1_no_rho,238,954.1478493999457,5.581385899917223,3.681277099996805,0.15598440007306635,0.01,66724.11478519214,66724.11478519214,-65630.34124931732,-45777.1728441409,0.0,-21410.840033315,-71128.05180476254,-71128.03745000699,-47036.80371157194,-21410.840033315,25625.963678256943,25625.963678256936,-20309.291804545155,35675.5,nan,nan,1.5000000000000002,10.0,0.0,0.0,10.0,0.85,CORE,MAIN,1.2061685906835002,0.24237462576796875,0.6,0.174,-47036.80371157194,STRUCTURAL,-0.9496479030046168,-177372.99662269253,25500.0,0,0,0,0,0,0,0,inf,inf,NA,1,5,5,5,22,6,0,0,CONTINUE,0,A,1,1,0,KEEP_STRUCTURAL_IN_ON_CUT,2,3,0,0,"tail_cont_enabled=1 tail_active_dims=(1,) tail_delta=0.1 tail_start=(6, 6, 6) returned_y=(2, 6, 0) returned_b=(0, 1, 0) returned_u=(0, 0, 0) returned_zcap=(2, 6, 0) max_tail_u=0",NA
120,P1_no_rho,239,957.2102179999929,5.581385899917223,3.061779799987562,0.18028929992578924,0.01,83858.01340630506,83858.01340630506,-65630.34124931732,-43207.088050973965,0.0,-21410.840033315,-66294.32137343474,-66294.30743373506,-47036.80371157194,-21410.840033315,25625.963678256943,25625.963678256936,-18311.538548672685,33606.0,nan,nan,1.5000000000000002,10.0,0.0,0.0,10.0,0.85,CORE,MAIN,1.2070121438227037,0.27090322864565375,0.6,0.174,-47036.80371157194,STRUCTURAL,-0.9518690885568526,-177372.99662269253,25500.0,0,0,0,0,0,0,0,inf,inf,NA,1,5,5,5,22,6,0,0,CONTINUE,0,A,1,1,0,KEEP_STRUCTURAL_IN_ON_CUT,2,3,0,0,"tail_cont_enabled=1 tail_active_dims=(1,) tail_delta=0.1 tail_start=(6, 6, 6) returned_y=(2, 6, 0) returned_b=(0, 1, 0) returned_u=(0, 0, 0) returned_zcap=(2, 6, 0) max_tail_u=0",NA
120,P1_no_rho,240,964.2733278999804,5.581385899917223,7.062493700068444,0.1763380999909714,0.01,52286.44473099485,52286.44473099485,-65630.34124931732,-47942.8233522705,0.0,-21410.840033315,-72890.57963778506,-72890.56497725095,-47036.80371157194,-21410.840033315,25625.963678256943,25625.963678256936,-22338.6008922584,35718.5,nan,nan,1.5000000000000002,10.0,0.0,0.0,10.0,0.85,CORE,MAIN,1.207188855255918,0.2430277705440107,0.6,0.174,-47036.80371157194,STRUCTURAL,-0.9435253269312829,-177372.99662269253,25500.0,0,0,0,0,0,0,0,inf,inf,NA,1,5,5,5,22,6,0,0,CONTINUE,0,A,1,1,0,KEEP_STRUCTURAL_IN_ON_CUT,2,3,0,0,"tail_cont_enabled=1 tail_active_dims=(1,) tail_delta=0.1 tail_start=(6, 6, 6) returned_y=(6, 0, 1) returned_b=(1, 0, 0) returned_u=(0, 0, 0) returned_zcap=(6, 0, 1) max_tail_u=0",NA
120,P1_no_rho,241,968.3476652000099,5.581385899917223,4.074054300086573,0.164312900044024,0.01,44542.97874033713,44542.97874033713,-65630.34124931732,-49104.343250869155,0.0,-21410.840033315,-73931.16198724804,-73931.14717380257,-47036.80371157194,-21410.840033315,25625.963678256943,25625.963678256936,-22407.016883031196,36546.5,nan,nan,1.5000000000000002,10.0,0.0,0.0,10.0,0.85,CORE,MAIN,1.2067609779963782,0.24251567483820347,0.6,0.174,-47036.80371157194,STRUCTURAL,-0.939882620602454,-177372.99662269253,25500.0,0,0,0,0,0,0,0,inf,inf,NA,1,5,5,5,22,6,0,0,CONTINUE,0,A,1,1,0,KEEP_STRUCTURAL_IN_ON_CUT,2,3,0,0,"tail_cont_enabled=1 tail_active_dims=(1,) tail_delta=0.1 tail_start=(6, 6, 6) returned_y=(6, 0, 1) returned_b=(1, 0, 0) returned_u=(0, 0, 0) returned_zcap=(6, 0, 1) max_tail_u=0",NA
120,P1_no_rho,242,970.9924152999884,5.581385899917223,2.6442003999836743,0.1782113000517711,0.01,57916.315487389365,57916.315487389365,-65630.34124931732,-47098.34273881132,0.0,-21410.840033315,-73789.17889783524,-73789.1638973536,-47036.80371157194,-21410.840033315,25625.963678256943,25625.963678256936,-21535.04611080844,36626.0,nan,nan,1.5000000000000002,10.0,0.0,0.0,10.0,0.85,CORE,MAIN,1.2061830276583465,0.24378369277590328,0.6,0.174,-47036.80371157194,STRUCTURAL,-0.9511297582144771,-177372.99662269253,25500.0,0,0,0,0,0,0,0,inf,inf,NA,1,5,5,5,22,6,0,0,CONTINUE,0,A,1,1,0,KEEP_STRUCTURAL_IN_ON_CUT,2,3,0,0,"tail_cont_enabled=1 tail_active_dims=(1,) tail_delta=0.1 tail_start=(6, 6, 6) returned_y=(6, 0, 1) returned_b=(1, 0, 0) returned_u=(0, 0, 0) returned_zcap=(6, 0, 1) max_tail_u=0",NA
120,P1_no_rho,243,974.0608188000042,5.581385899917223,3.0677967000519857,0.15459709998685867,0.01,54218.64691616045,54218.64691616045,-65630.34124931732,-47652.993024495656,0.0,-21410.840033315,-73782.98057035179,-73782.96549974612,-47036.80371157194,-21410.840033315,25625.963678256943,25625.963678256936,-21848.47799697944,36066.0,nan,nan,1.5000000000000002,10.0,0.0,0.0,10.0,0.85,CORE,MAIN,1.2056598899111313,0.23598041089782051,0.6,0.174,-47036.80371157194,STRUCTURAL,-0.9599897872930492,-177372.99662269253,25500.0,0,0,0,0,0,0,0,inf,inf,NA,1,5,5,5,22,6,0,0,CONTINUE,0,A,1,1,0,KEEP_STRUCTURAL_IN_ON_CUT,2,3,0,0,"tail_cont_enabled=1 tail_active_dims=(1,) tail_delta=0.1 tail_start=(6, 6, 6) returned_y=(6, 0, 1) returned_b=(1, 0, 0) returned_u=(0, 0, 0) returned_zcap=(6, 0, 1) max_tail_u=0",NA
120,P1_no_rho,244,977.8385210999986,5.581385899917223,3.7772761000087485,0.17887190007604659,0.01,58230.64248705412,58230.64248705412,-65630.34124931732,-47051.193688861604,0.0,-21410.840033315,-71106.74269388586,-71106.72803591733,-47036.80371157194,-21410.840033315,25625.963678256943,25625.963678256936,-20783.715084799536,35070.0,nan,nan,1.5000000000000002,10.0,0.0,0.0,10.0,0.85,CORE,MAIN,1.2056694647598594,0.22825700407981397,0.6,0.174,-47036.80371157194,STRUCTURAL,-0.9566203393426059,-177372.99662269253,25500.0,0,0,0,0,0,0,0,inf,inf,NA,1,5,5,5,22,6,0,0,CONTINUE,0,A,1,1,0,KEEP_STRUCTURAL_IN_ON_CUT,2,3,0,0,"tail_cont_enabled=1 tail_active_dims=(1,) tail_delta=0.1 tail_start=(6, 6, 6) returned_y=(6, 0, 1) returned_b=(1, 0, 0) returned_u=(0, 0, 0) returned_zcap=(6, 0, 1) max_tail_u=0",NA
120,P1_no_rho,245,984.8321369999321,5.581385899917223,6.9930077999597415,0.1652776999399066,0.01,64377.79833382087,64377.79833382087,-65630.34124931732,-46129.12031184659,0.0,-21410.840033315,-71608.80467069049,-71608.79015715152,-47036.80371157194,-21410.840033315,25625.963678256943,25625.963678256936,-20815.02957458245,35676.5,nan,nan,1.5000000000000002,10.0,0.0,0.0,10.0,0.85,CORE,MAIN,1.209085793613188,0.2538676952434886,0.6,0.174,-47036.80371157194,STRUCTURAL,-0.9491544028995571,-177372.99662269253,25500.0,0,0,0,0,0,0,0,inf,inf,NA,1,5,5,5,22,6,0,0,CONTINUE,0,A,1,1,0,KEEP_STRUCTURAL_IN_ON_CUT,2,3,0,0,"tail_cont_enabled=1 tail_active_dims=(1,) tail_delta=0.1 tail_start=(6, 6, 6) returned_y=(2, 6, 0) returned_b=(0, 1, 0) returned_u=(0, 0, 0) returned_zcap=(2, 6, 0) max_tail_u=0",NA
120,P1_no_rho,246,987.6461457000114,5.581385899917223,2.8133409000001848,0.16485659999307245,0.01,82623.85421271926,82623.85421271926,-65630.34124931732,-43392.211930011836,0.0,-21410.840033315,-70438.28993057166,-70438.2758198121,-47036.80371157194,-21410.840033315,25625.963678256943,25625.963678256936,-19099.231258601932,35782.5,nan,nan,1.5000000000000002,10.0,0.0,0.0,10.0,0.85,CORE,MAIN,1.211256070840724,0.24111840007666452,0.6,0.174,-47036.80371157194,STRUCTURAL,-0.9565019131551302,-177372.99662269253,25500.0,0,0,0,0,0,0,0,inf,inf,NA,1,5,5,5,22,6,0,0,CONTINUE,0,A,1,1,0,KEEP_STRUCTURAL_IN_ON_CUT,2,3,0,0,"tail_cont_enabled=1 tail_active_dims=(1,) tail_delta=0.1 tail_start=(6, 6, 6) returned_y=(2, 6, 0) returned_b=(0, 1, 0) returned_u=(0, 0, 0) returned_zcap=(2, 6, 0) max_tail_u=0",NA
120,P1_no_rho,247,991.4096426999895,5.581385899917223,3.7626653000479564,0.16804239992052317,0.01,55237.74494647041,55237.74494647041,-65630.34124931732,-47500.12831994916,0.0,-21410.840033315,-75045.21785810942,-75045.20282392134,-47036.80371157194,-21410.840033315,25625.963678256943,25625.963678256936,-23299.292352373068,36885.5,nan,nan,1.5000000000000002,10.0,0.0,0.0,10.0,0.85,CORE,MAIN,1.212024381145974,0.25609432987067327,0.6,0.174,-47036.80371157194,STRUCTURAL,-0.9352529760393337,-177372.99662269253,25500.0,0,0,0,0,0,0,0,inf,inf,NA,1,5,5,5,22,6,0,0,CONTINUE,0,A,1,1,0,KEEP_STRUCTURAL_IN_ON_CUT,2,3,0,0,"tail_cont_enabled=1 tail_active_dims=(1,) tail_delta=0.1 tail_start=(6, 6, 6) returned_y=(6, 0, 1) returned_b=(1, 0, 0) returned_u=(0, 0, 0) returned_zcap=(6, 0, 1) max_tail_u=0",NA
120,P1_no_rho,248,995.0598229999887,5.581385899917223,3.6496145999990404,0.1616193000227213,0.01,49595.10713372355,49595.10713372355,-65630.34124931732,-48346.52399186119,0.0,-21410.840033315,-72475.90050811697,-72475.88583407534,-47036.80371157194,-21410.840033315,25625.963678256943,25625.963678256936,-21338.693788948327,35871.0,nan,nan,1.5000000000000002,10.0,0.0,0.0,10.0,0.85,CORE,MAIN,1.212688760218124,0.2550161524839022,0.6,0.174,-47036.80371157194,STRUCTURAL,-0.950390604204455,-177372.99662269253,25500.0,0,0,0,0,0,0,0,inf,inf,NA,1,5,5,5,22,6,0,0,CONTINUE,0,A,1,1,0,KEEP_STRUCTURAL_IN_ON_CUT,2,3,0,0,"tail_cont_enabled=1 tail_active_dims=(1,) tail_delta=0.1 tail_start=(6, 6, 6) returned_y=(6, 0, 1) returned_b=(1, 0, 0) returned_u=(0, 0, 0) returned_zcap=(6, 0, 1) max_tail_u=0",NA
120,P1_no_rho,249,997.7203711000038,5.581385899917223,2.65996260009706,0.17318669997621328,0.01,52111.43961485492,52111.43961485492,-65630.34124931732,-47969.07411969148,0.0,-21410.840033315,-72455.95208709054,-72455.93730731236,-47036.80371157194,-21410.840033315,25625.963678256943,25625.963678256936,-21007.16290246303,36017.5,nan,nan,1.5000000000000002,10.0,0.0,0.0,10.0,0.85,CORE,MAIN,1.2132257853744273,0.2379388408753299,0.6,0.174,-47036.80371157194,STRUCTURAL,-0.9522921617704231,-177372.99662269253,25500.0,0,0,0,0,0,0,0,inf,inf,NA,1,5,5,5,22,6,0,0,CONTINUE,0,A,1,1,0,KEEP_STRUCTURAL_IN_ON_CUT,2,3,0,0,"tail_cont_enabled=1 tail_active_dims=(1,) tail_delta=0.1 tail_start=(6, 6, 6) returned_y=(6, 0, 1) returned_b=(1, 0, 0) returned_u=(0, 0, 0) returned_zcap=(6, 0, 1) max_tail_u=0",NA
120,P1_no_rho,250,1005.2741485999431,5.581385899917223,7.553216899977997,0.17052149993833154,0.01,53905.07663601038,53905.07663601038,-65630.34124931732,-47700.028566518165,0.0,-21410.840033315,-73460.6259950064,-73460.61102144713,-47036.80371157194,-21410.840033315,25625.963678256943,25625.963678256936,-21646.361965595344,36080.0,nan,nan,1.5000000000000002,10.0,0.0,0.0,10.0,0.85,CORE,MAIN,1.213287861479091,0.226732142255761,0.6,0.174,-47036.80371157194,STRUCTURAL,-0.9573955849196562,-177372.99662269253,25500.0,0,0,0,0,0,0,0,inf,inf,NA,1,5,5,5,22,6,0,0,CONTINUE,0,A,1,1,0,KEEP_STRUCTURAL_IN_ON_CUT,2,3,0,0,"tail_cont_enabled=1 tail_active_dims=(1,) tail_delta=0.1 tail_start=(6, 6, 6) returned_y=(6, 0, 1) returned_b=(1, 0, 0) returned_u=(0, 0, 0) returned_zcap=(6, 0, 1) max_tail_u=0",NA
120,P1_no_rho,251,1008.3714752999367,5.581385899917223,3.0965093999402598,0.16615209996234626,0.01,61597.47679901484,61597.47679901484,-65630.34124931732,-46546.1685420675,0.0,-21410.840033315,-71947.41212616536,-71947.39735167855,-47036.80371157194,-21410.840033315,25625.963678256943,25625.963678256936,-21107.003518845588,35382.0,nan,nan,1.5000000000000002,10.0,0.0,0.0,10.0,0.85,CORE,MAIN,1.213476367573955,0.24979566563678945,0.6,0.174,-47036.80371157194,STRUCTURAL,-0.9579332962680258,-177372.99662269253,25500.0,0,0,0,0,0,0,0,inf,inf,NA,1,5,5,5,22,6,0,0,CONTINUE,0,A,1,1,0,KEEP_STRUCTURAL_IN_ON_CUT,2,3,0,0,"tail_cont_enabled=1 tail_active_dims=(1,) tail_delta=0.1 tail_start=(6, 6, 6) returned_y=(6, 0, 1) returned_b=(1, 0, 0) returned_u=(0, 0, 0) returned_zcap=(6, 0, 1) max_tail_u=0",NA
120,P1_no_rho,252,1011.9687397999223,5.581385899917223,3.5967559999553487,0.1747486999956891,0.01,67669.65160776618,67669.65160776618,-65630.34124931732,-45635.3423207548,0.0,-21410.840033315,-73276.11187250873,-73276.09709602226,-47036.80371157194,-21410.840033315,25625.963678256943,25625.963678256936,-21721.248727255643,36434.0,nan,nan,1.5000000000000002,10.0,0.0,0.0,10.0,0.85,CORE,MAIN,1.2143860426539188,0.2506014232785314,0.6,0.174,-47036.80371157194,STRUCTURAL,-0.9433468439510094,-177372.99662269253,25500.0,0,0,0,0,0,0,0,inf,inf,NA,1,5,5,5,22,6,0,0,CONTINUE,0,A,1,1,0,KEEP_STRUCTURAL_IN_ON_CUT,2,3,0,0,"tail_cont_enabled=1 tail_active_dims=(1,) tail_delta=0.1 tail_start=(6, 6, 6) returned_y=(2, 6, 0) returned_b=(0, 1, 0) returned_u=(0, 0, 0) returned_zcap=(2, 6, 0) max_tail_u=0",NA
120,P1_no_rho,253,1014.8461502999999,5.581385899917223,2.876915100030601,0.1608797999797389,0.01,81748.42306719974,81748.42306719974,-65630.34124931732,-43523.52660183976,0.0,-21410.840033315,-71553.99795836334,-71553.98375134164,-47036.80371157194,-21410.840033315,25625.963678256943,25625.963678256936,-19573.83985002935,36155.5,nan,nan,1.5000000000000002,10.0,0.0,0.0,10.0,0.85,CORE,MAIN,1.2151190900699,0.26388518626302493,0.6,0.174,-47036.80371157194,STRUCTURAL,-0.9584552631699607,-177372.99662269253,25500.0,0,0,0,0,0,0,0,inf,inf,NA,1,5,5,5,22,6,0,0,CONTINUE,0,A,1,1,0,KEEP_STRUCTURAL_IN_ON_CUT,2,3,0,0,"tail_cont_enabled=1 tail_active_dims=(1,) tail_delta=0.1 tail_start=(6, 6, 6) returned_y=(2, 6, 0) returned_b=(0, 1, 0) returned_u=(0, 0, 0) returned_zcap=(2, 6, 0) max_tail_u=0",NA
120,P1_no_rho,254,1018.3828801999334,5.581385899917223,3.53611029998865,0.1608407999156043,0.01,49828.55998723489,49828.55998723489,-65630.34124931732,-48311.50606383449,0.0,-21410.840033315,-75751.43493542312,-75751.41978871284,-47036.80371157194,-21410.840033315,25625.963678256943,25625.963678256936,-23145.5300036837,36839.0,nan,nan,1.5000000000000002,10.0,0.0,0.0,10.0,0.85,CORE,MAIN,1.214864121233241,0.24475757160811973,0.6,0.174,-47036.80371157194,STRUCTURAL,-0.9519963405635175,-177372.99662269253,25500.0,0,0,0,0,0,0,0,inf,inf,NA,1,5,5,5,22,6,0,0,CONTINUE,0,A,1,1,0,KEEP_STRUCTURAL_IN_ON_CUT,2,3,0,0,"tail_cont_enabled=1 tail_active_dims=(1,) tail_delta=0.1 tail_start=(6, 6, 6) returned_y=(2, 6, 0) returned_b=(0, 1, 0) returned_u=(0, 0, 0) returned_zcap=(2, 6, 0) max_tail_u=0",NA
120,P1_no_rho,255,1025.5483812999446,5.581385899917223,7.165016699931584,0.17409770004451275,0.01,55375.11446338921,55375.11446338921,-65630.34124931732,-47479.52289241134,0.0,-21410.840033315,-73266.6772437709,-73266.66237417162,-47036.80371157194,-21410.840033315,25625.963678256943,25625.963678256936,-21446.273695536882,36891.5,nan,nan,1.5000000000000002,10.0,0.0,0.0,10.0,0.85,CORE,MAIN,1.2147445975230498,0.25081334502783503,0.6,0.174,-47036.80371157194,STRUCTURAL,-0.936446763773674,-177372.99662269253,25500.0,0,0,0,0,0,0,0,inf,inf,NA,1,5,5,5,22,6,0,0,CONTINUE,0,A,1,1,0,KEEP_STRUCTURAL_IN_ON_CUT,2,3,0,0,"tail_cont_enabled=1 tail_active_dims=(1,) tail_delta=0.1 tail_start=(6, 6, 6) returned_y=(1, 0, 6) returned_b=(0, 0, 1) returned_u=(0, 0, 0) returned_zcap=(1, 0, 6) max_tail_u=0",NA
120,P1_no_rho,256,1029.2676548999734,5.581385899917223,3.718864700058475,0.1805103000951931,0.01,59731.94781944415,59731.94781944415,-65630.34124931732,-46825.997889003105,0.0,-21410.840033315,-72883.01851633356,-72883.0036610901,-47036.80371157194,-21410.840033315,25625.963678256943,25625.963678256936,-21040.9422496369,36853.5,nan,nan,1.5000000000000002,10.0,0.0,0.0,10.0,0.85,CORE,MAIN,1.214798833655697,0.2470031027419627,0.6,0.174,-47036.80371157194,STRUCTURAL,-0.937804395086006,-177372.99662269253,25500.0,0,0,0,0,0,0,0,inf,inf,NA,1,5,5,5,22,6,0,0,CONTINUE,0,A,1,1,0,KEEP_STRUCTURAL_IN_ON_CUT,2,3,0,0,"tail_cont_enabled=1 tail_active_dims=(1,) tail_delta=0.1 tail_start=(6, 6, 6) returned_y=(1, 0, 6) returned_b=(0, 0, 1) returned_u=(0, 0, 0) returned_zcap=(1, 0, 6) max_tail_u=0",NA
120,P1_no_rho,257,1031.5118445999688,5.581385899917223,2.2431953999912366,0.17337590001989156,0.01,58059.98664739063,58059.98664739063,-65630.34124931732,-47076.79206481113,0.0,-21410.840033315,-73011.93431647184,-73011.91939623725,-47036.80371157194,-21410.840033315,25625.963678256943,25625.963678256936,-21559.188131601044,37125.5,nan,nan,1.5000000000000002,10.0,0.0,0.0,10.0,0.85,CORE,MAIN,1.2148072613940735,0.24973767387941626,0.6,0.174,-47036.80371157194,STRUCTURAL,-0.9239423265165669,-177372.99662269253,25500.0,0,0,0,0,0,0,0,inf,inf,NA,1,5,5,5,22,6,0,0,CONTINUE,0,A,1,1,0,KEEP_STRUCTURAL_IN_ON_CUT,2,3,0,0,"tail_cont_enabled=1 tail_active_dims=(1,) tail_delta=0.1 tail_start=(6, 6, 6) returned_y=(1, 0, 6) returned_b=(0, 0, 1) returned_u=(0, 0, 0) returned_zcap=(1, 0, 6) max_tail_u=0",NA
120,P1_no_rho,258,1034.674360999954,5.581385899917223,3.1618778000120074,0.20223590009845793,0.01,61941.22418940611,61941.22418940611,-65630.34124931732,-46494.60643350881,0.0,-21410.840033315,-70825.29179844666,-70825.27720483791,-47036.80371157194,-21410.840033315,25625.963678256943,25625.963678256936,-20952.468850608926,36052.5,nan,nan,1.5000000000000002,10.0,0.0,0.0,10.0,0.85,CORE,MAIN,1.214818851128426,0.23535134304515892,0.6,0.174,-47036.80371157194,STRUCTURAL,-0.9222256127264218,-177372.99662269253,25500.0,0,0,0,0,0,0,0,inf,inf,NA,1,5,5,5,22,6,0,0,CONTINUE,0,A,1,1,0,KEEP_STRUCTURAL_IN_ON_CUT,2,3,0,0,"tail_cont_enabled=1 tail_active_dims=(1,) tail_delta=0.1 tail_start=(6, 6, 6) returned_y=(1, 0, 6) returned_b=(0, 0, 1) returned_u=(0, 0, 0) returned_zcap=(1, 0, 6) max_tail_u=0",NA
120,P1_no_rho,259,1038.2369530999567,5.581385899917223,3.562033300055191,0.15505439997650683,0.01,61286.985076156096,61286.985076156096,-65630.34124931732,-46592.742300496306,0.0,-21410.840033315,-74050.92756299218,-74050.91259045043,-47036.80371157194,-21410.840033315,25625.963678256943,25625.963678256936,-22293.88398295685,37606.5,nan,nan,1.5000000000000002,10.0,0.0,0.0,10.0,0.85,CORE,MAIN,1.2143783653739266,0.24997309220642416,0.6,0.174,-47036.80371157194,STRUCTURAL,-0.9175191984983726,-177372.99662269253,25500.0,0,0,0,0,0,0,0,inf,inf,NA,1,5,5,5,22,6,0,0,CONTINUE,0,A,1,1,0,KEEP_STRUCTURAL_IN_ON_CUT,2,3,0,0,"tail_cont_enabled=1 tail_active_dims=(1,) tail_delta=0.1 tail_start=(6, 6, 6) returned_y=(1, 0, 6) returned_b=(0, 0, 1) returned_u=(0, 0, 0) returned_zcap=(1, 0, 6) max_tail_u=0",NA
120,P1_no_rho,260,1045.2117044000188,5.581385899917223,6.9742047999752685,0.16679950000252575,0.01,70146.28970800387,70146.28970800387,-65630.34124931732,-45263.84660571914,0.0,-21410.840033315,-68915.62632319858,-68915.61204833639,-47036.80371157194,-21410.840033315,25625.963678256943,25625.963678256936,-19350.120901485894,34400.0,nan,nan,1.5000000000000002,10.0,0.0,0.0,10.0,0.85,CORE,MAIN,1.2137867340938837,0.2533350570915083,0.6,0.174,-47036.80371157194,STRUCTURAL,-0.9605715338536918,-177372.99662269253,25500.0,0,0,0,0,0,0,0,inf,inf,NA,1,5,5,5,22,6,0,0,CONTINUE,0,A,1,1,0,KEEP_STRUCTURAL_IN_ON_CUT,2,3,0,0,"tail_cont_enabled=1 tail_active_dims=(1,) tail_delta=0.1 tail_start=(6, 6, 6) returned_y=(2, 6, 0) returned_b=(0, 1, 0) returned_u=(0, 0, 0) returned_zcap=(2, 6, 0) max_tail_u=0",NA
120,P1_no_rho,261,1048.7209004999604,5.581385899917223,3.5088704000227153,0.1714139999821782,0.01,53073.10901358844,53073.10901358844,-65630.34124931732,-47824.82370988146,0.0,-21410.840033315,-79319.9675314206,-79319.95204678457,-47036.80371157194,-21410.840033315,25625.963678256943,25625.963678256936,-24733.88143571132,38329.5,nan,nan,1.5000000000000002,10.0,0.0,0.0,10.0,0.85,CORE,MAIN,1.2117472383357248,0.24305023473132292,0.6,0.174,-47036.80371157194,STRUCTURAL,-0.9494179089399942,-177372.99662269253,25500.0,0,0,0,0,0,0,0,inf,inf,NA,1,5,5,5,22,6,0,0,CONTINUE,0,A,1,1,0,KEEP_STRUCTURAL_IN_ON_CUT,2,3,0,0,"tail_cont_enabled=1 tail_active_dims=(1,) tail_delta=0.1 tail_start=(6, 6, 6) returned_y=(2, 6, 0) returned_b=(0, 1, 0) returned_u=(0, 0, 0) returned_zcap=(2, 6, 0) max_tail_u=0",NA
120,P1_no_rho,262,1051.8682798999362,5.581385899917223,3.1467747000278905,0.1810980000300333,0.01,56608.759780601526,56608.759780601526,-65630.34124931732,-47294.47609482949,0.0,-21410.840033315,-71670.62785520678,-71670.61325687336,-47036.80371157194,-21410.840033315,25625.963678256943,25625.963678256936,-21492.337335816323,36575.5,nan,nan,1.5000000000000002,10.0,0.0,0.0,10.0,0.85,CORE,MAIN,1.211002914708346,0.23226193359583935,0.6,0.174,-47036.80371157194,STRUCTURAL,-0.9146063334027249,-177372.99662269253,25500.0,0,0,0,0,0,0,0,inf,inf,NA,1,5,5,5,22,6,0,0,CONTINUE,0,A,1,1,0,KEEP_STRUCTURAL_IN_ON_CUT,2,3,0,0,"tail_cont_enabled=1 tail_active_dims=(1,) tail_delta=0.1 tail_start=(6, 6, 6) returned_y=(1, 0, 6) returned_b=(0, 0, 1) returned_u=(0, 0, 0) returned_zcap=(1, 0, 6) max_tail_u=0",NA
120,P1_no_rho,263,1055.2940468000015,5.581385899917223,3.425154200056568,0.18547080003190786,0.01,61130.918074748115,61130.918074748115,-65630.34124931732,-46616.1523507075,0.0,-21410.840033315,-71826.26375909419,-71826.24909056185,-47036.80371157194,-21410.840033315,25625.963678256943,25625.963678256936,-20566.89499530802,36529.0,nan,nan,1.5000000000000002,10.0,0.0,0.0,10.0,0.85,CORE,MAIN,1.2108074764448247,0.24488895520723308,0.6,0.174,-47036.80371157194,STRUCTURAL,-0.9355006359377264,-177372.99662269253,25500.0,0,0,0,0,0,0,0,inf,inf,NA,1,5,5,5,22,6,0,0,CONTINUE,0,A,1,1,0,KEEP_STRUCTURAL_IN_ON_CUT,2,3,0,0,"tail_cont_enabled=1 tail_active_dims=(1,) tail_delta=0.1 tail_start=(6, 6, 6) returned_y=(1, 0, 6) returned_b=(0, 0, 1) returned_u=(0, 0, 0) returned_zcap=(1, 0, 6) max_tail_u=0",NA
120,P1_no_rho,264,1057.7775682999054,5.581385899917223,2.483092499896884,0.1553688000421971,0.01,61125.15791523986,61125.15791523986,-65630.34124931732,-46617.01637463374,0.0,-21410.840033315,-70867.43348847685,-70867.41892296329,-47036.80371157194,-21410.840033315,25625.963678256943,25625.963678256936,-20354.672386806316,36144.5,nan,nan,1.5000000000000002,10.0,0.0,0.0,10.0,0.85,CORE,MAIN,1.210967090077239,0.25190137379530564,0.6,0.174,-47036.80371157194,STRUCTURAL,-0.9316815658658436,-177372.99662269253,25500.0,0,0,0,0,0,0,0,inf,inf,NA,1,5,5,5,22,6,0,0,CONTINUE,0,A,1,1,0,KEEP_STRUCTURAL_IN_ON_CUT,2,3,0,0,"tail_cont_enabled=1 tail_active_dims=(1,) tail_delta=0.1 tail_start=(6, 6, 6) returned_y=(1, 0, 6) returned_b=(0, 0, 1) returned_u=(0, 0, 0) returned_zcap=(1, 0, 6) max_tail_u=0",NA
120,P1_no_rho,265,1064.3800095999613,5.581385899917223,6.6020129000535235,0.1612516000168398,0.01,67912.26177638637,67912.26177638637,-65630.34124931732,-45598.950795461766,0.0,-21410.840033315,-72196.36915756165,-72196.35440110642,-47036.80371157194,-21410.840033315,25625.963678256943,25625.963678256936,-21053.630759698462,35699.5,nan,nan,1.5000000000000002,10.0,0.0,0.0,10.0,0.85,CORE,MAIN,1.2111273474828277,0.24611620799703626,0.6,0.174,-47036.80371157194,STRUCTURAL,-0.955059569301306,-177372.99662269253,25500.0,0,0,0,0,0,0,0,inf,inf,NA,1,5,5,5,22,6,0,0,CONTINUE,0,A,1,1,0,KEEP_STRUCTURAL_IN_ON_CUT,2,3,0,0,"tail_cont_enabled=1 tail_active_dims=(1,) tail_delta=0.1 tail_start=(6, 6, 6) returned_y=(2, 6, 0) returned_b=(0, 1, 0) returned_u=(0, 0, 0) returned_zcap=(2, 6, 0) max_tail_u=0",NA
120,P1_no_rho,266,1067.4217643999727,5.581385899917223,3.041151100071147,0.17074329999741167,0.01,53271.66125768874,53271.66125768874,-65630.34124931732,-47795.040873266415,0.0,-21410.840033315,-72534.32967744299,-72534.31497950818,-47036.80371157194,-21410.840033315,25625.963678256943,25625.963678256936,-21701.59436920119,37020.5,nan,nan,1.5000000000000002,10.0,0.0,0.0,10.0,0.85,CORE,MAIN,1.2123726778798303,0.24677477295051198,0.6,0.174,-47036.80371157194,STRUCTURAL,-0.9153976960568151,-177372.99662269253,25500.0,0,0,0,0,0,0,0,inf,inf,NA,1,5,5,5,22,6,0,0,CONTINUE,0,A,1,1,0,KEEP_STRUCTURAL_IN_ON_CUT,2,3,0,0,"tail_cont_enabled=1 tail_active_dims=(1,) tail_delta=0.1 tail_start=(6, 6, 6) returned_y=(1, 0, 6) returned_b=(0, 0, 1) returned_u=(0, 0, 0) returned_zcap=(1, 0, 6) max_tail_u=0",NA
120,P1_no_rho,267,1070.74353159999,5.581385899917223,3.3211900000460446,0.17080359999090433,0.01,75362.73313005357,75362.73313005357,-65630.34124931732,-44481.38009241169,0.0,-21410.840033315,-70118.35394499112,-70118.33943427514,-47036.80371157194,-21410.840033315,25625.963678256943,25625.963678256936,-20887.765745743847,36044.5,nan,nan,1.5000000000000002,10.0,0.0,0.0,10.0,0.85,CORE,MAIN,1.2135162900672047,0.262200313739664,0.6,0.174,-47036.80371157194,STRUCTURAL,-0.9105517473961592,-177372.99662269253,25500.0,0,0,0,0,0,0,0,inf,inf,NA,1,5,5,5,22,6,0,0,CONTINUE,0,A,1,1,0,KEEP_STRUCTURAL_IN_ON_CUT,2,3,0,0,"tail_cont_enabled=1 tail_active_dims=(1,) tail_delta=0.1 tail_start=(6, 6, 6) returned_y=(1, 0, 6) returned_b=(0, 0, 1) returned_u=(0, 0, 0) returned_zcap=(1, 0, 6) max_tail_u=0",NA
120,P1_no_rho,268,1073.8143188999966,5.581385899917223,3.0701075000688434,0.16487430001143366,0.01,45467.13386264916,45467.13386264916,-65630.34124931732,-48965.71998252235,0.0,-21410.840033315,-77640.81574143448,-77640.80066298669,-47036.80371157194,-21410.840033315,25625.963678256943,25625.963678256936,-23409.298182150742,38190.0,nan,nan,1.5000000000000002,10.0,0.0,0.0,10.0,0.85,CORE,MAIN,1.2129041438801778,0.24217865638417524,0.6,0.174,-47036.80371157194,STRUCTURAL,-0.9466963861540705,-177372.99662269253,25500.0,0,0,0,0,0,0,0,inf,inf,NA,1,5,5,5,22,6,0,0,CONTINUE,0,A,1,1,0,KEEP_STRUCTURAL_IN_ON_CUT,2,3,0,0,"tail_cont_enabled=1 tail_active_dims=(1,) tail_delta=0.1 tail_start=(6, 6, 6) returned_y=(2, 6, 0) returned_b=(0, 1, 0) returned_u=(0, 0, 0) returned_zcap=(2, 6, 0) max_tail_u=0",NA
120,P1_no_rho,269,1077.1661840999732,5.581385899917223,3.351302700000815,0.17850160005036741,0.01,55898.30542640984,55898.30542640984,-65630.34124931732,-47401.04424795825,0.0,-21410.840033315,-74172.50866442818,-74172.49394295696,-47036.80371157194,-21410.840033315,25625.963678256943,25625.963678256936,-21568.209000092393,36700.0,nan,nan,1.5000000000000002,10.0,0.0,0.0,10.0,0.85,CORE,MAIN,1.2123516632535791,0.2415575455931569,0.6,0.174,-47036.80371157194,STRUCTURAL,-0.9555728418322357,-177372.99662269253,25500.0,0,0,0,0,0,0,0,inf,inf,NA,1,5,5,5,22,6,0,0,CONTINUE,0,A,1,1,0,KEEP_STRUCTURAL_IN_ON_CUT,2,3,0,0,"tail_cont_enabled=1 tail_active_dims=(1,) tail_delta=0.1 tail_start=(6, 6, 6) returned_y=(2, 6, 0) returned_b=(0, 1, 0) returned_u=(0, 0, 0) returned_zcap=(2, 6, 0) max_tail_u=0",NA
120,P1_no_rho,270,1083.7998800999485,5.581385899917223,6.6331095999339595,0.1731405999744311,0.01,58422.06770775978,58422.06770775978,-65630.34124931732,-47022.479905755754,0.0,-21410.840033315,-72427.85535489515,-72427.84056512675,-47036.80371157194,-21410.840033315,25625.963678256943,25625.963678256936,-20804.124927931527,36032.5,nan,nan,1.5000000000000002,10.0,0.0,0.0,10.0,0.85,CORE,MAIN,1.2121537596158307,0.24997215223752645,0.6,0.174,-47036.80371157194,STRUCTURAL,-0.9551324616609121,-177372.99662269253,25500.0,0,0,0,0,0,0,0,inf,inf,NA,1,5,5,5,22,6,0,0,CONTINUE,0,A,1,1,0,KEEP_STRUCTURAL_IN_ON_CUT,2,3,0,0,"tail_cont_enabled=1 tail_active_dims=(1,) tail_delta=0.1 tail_start=(6, 6, 6) returned_y=(6, 0, 1) returned_b=(1, 0, 0) returned_u=(0, 0, 0) returned_zcap=(6, 0, 1) max_tail_u=0",NA
120,P1_no_rho,271,1086.2124582999386,5.581385899917223,2.4122680999571458,0.16064150002785027,0.01,61929.60105032143,61929.60105032143,-65630.34124931732,-46496.34990437151,0.0,-21410.840033315,-71026.56314726821,-71026.54856184476,-47036.80371157194,-21410.840033315,25625.963678256943,25625.963678256936,-20536.991409572125,35226.5,nan,nan,1.5000000000000002,10.0,0.0,0.0,10.0,0.85,CORE,MAIN,1.212466122957462,0.2573446551073215,0.6,0.174,-47036.80371157194,STRUCTURAL,-0.9555222564882048,-177372.99662269253,25500.0,0,0,0,0,0,0,0,inf,inf,NA,1,5,5,5,22,6,0,0,CONTINUE,0,A,1,1,0,KEEP_STRUCTURAL_IN_ON_CUT,2,3,0,0,"tail_cont_enabled=1 tail_active_dims=(1,) tail_delta=0.1 tail_start=(6, 6, 6) returned_y=(6, 0, 1) returned_b=(1, 0, 0) returned_u=(0, 0, 0) returned_zcap=(6, 0, 1) max_tail_u=0",NA
120,P1_no_rho,272,1089.2913518999703,5.581385899917223,3.0780833000317216,0.16999549989122897,0.01,68432.68968146207,68432.68968146207,-65630.34124931732,-45520.886609700414,0.0,-21410.840033315,-71303.74334165605,-71303.72863163521,-47036.80371157194,-21410.840033315,25625.963678256943,25625.963678256936,-20975.623741114392,36090.5,nan,nan,1.5000000000000002,10.0,0.0,0.0,10.0,0.85,CORE,MAIN,1.212908797932179,0.25196405432914826,0.6,0.174,-47036.80371157194,STRUCTURAL,-0.929664868234407,-177372.99662269253,25500.0,0,0,0,0,0,0,0,inf,inf,NA,1,5,5,5,22,6,0,0,CONTINUE,0,A,1,1,0,KEEP_STRUCTURAL_IN_ON_CUT,2,3,0,0,"tail_cont_enabled=1 tail_active_dims=(1,) tail_delta=0.1 tail_start=(6, 6, 6) returned_y=(1, 0, 6) returned_b=(0, 0, 1) returned_u=(0, 0, 0) returned_zcap=(1, 0, 6) max_tail_u=0",NA
120,P1_no_rho,273,1092.721084699966,5.581385899917223,3.429257799987681,0.15803960000630468,0.01,54953.79426028188,54953.79426028188,-65630.34124931732,-47542.720922877445,0.0,-21410.840033315,-74866.48723403178,-74866.47218960921,-47036.80371157194,-21410.840033315,25625.963678256943,25625.963678256936,-22560.6779254794,37689.0,nan,nan,1.5000000000000002,10.0,0.0,0.0,10.0,0.85,CORE,MAIN,1.2131174047025621,0.2582283181108206,0.6,0.174,-47036.80371157194,STRUCTURAL,-0.9252176897614657,-177372.99662269253,25500.0,0,0,0,0,0,0,0,inf,inf,NA,1,5,5,5,22,6,0,0,CONTINUE,0,A,1,1,0,KEEP_STRUCTURAL_IN_ON_CUT,2,3,0,0,"tail_cont_enabled=1 tail_active_dims=(1,) tail_delta=0.1 tail_start=(6, 6, 6) returned_y=(1, 0, 6) returned_b=(0, 0, 1) returned_u=(0, 0, 0) returned_zcap=(1, 0, 6) max_tail_u=0",NA
120,P1_no_rho,274,1096.0280524999835,5.581385899917223,3.305799699970521,0.18287849996704608,0.01,68141.59084344169,68141.59084344169,-65630.34124931732,-45564.55143540347,0.0,-21410.840033315,-70793.24004195939,-70793.22544471991,-47036.80371157194,-21410.840033315,25625.963678256943,25625.963678256936,-20862.72518072,36086.5,nan,nan,1.5000000000000002,10.0,0.0,0.0,10.0,0.85,CORE,MAIN,1.2138838162665748,0.25089607987990636,0.6,0.174,-47036.80371157194,STRUCTURAL,-0.9224225174511225,-177372.99662269253,25500.0,0,0,0,0,0,0,0,inf,inf,NA,1,5,5,5,22,6,0,0,CONTINUE,0,A,1,1,0,KEEP_STRUCTURAL_IN_ON_CUT,2,3,0,0,"tail_cont_enabled=1 tail_active_dims=(1,) tail_delta=0.1 tail_start=(6, 6, 6) returned_y=(1, 0, 6) returned_b=(0, 0, 1) returned_u=(0, 0, 0) returned_zcap=(1, 0, 6) max_tail_u=0",NA
120,P1_no_rho,275,1102.163511699997,5.581385899917223,6.134900400065817,0.170732400030829,0.01,51269.47562561753,51269.47562561753,-65630.34124931732,-48095.368718077094,0.0,-21410.840033315,-68028.01873365762,-68028.00463097714,-47036.80371157194,-21410.840033315,25625.963678256943,25625.963678256936,-19366.386285886987,35394.0,nan,nan,1.5000000000000002,10.0,0.0,0.0,10.0,0.85,CORE,MAIN,1.2133898105748577,0.25423216821240235,0.6,0.174,-47036.80371157194,STRUCTURAL,-0.9165700089486003,-177372.99662269253,25500.0,0,0,0,0,0,0,0,inf,inf,NA,1,5,5,5,22,6,0,0,CONTINUE,0,A,1,1,0,KEEP_STRUCTURAL_IN_ON_CUT,2,3,0,0,"tail_cont_enabled=1 tail_active_dims=(1,) tail_delta=0.1 tail_start=(6, 6, 6) returned_y=(1, 0, 6) returned_b=(0, 0, 1) returned_u=(0, 0, 0) returned_zcap=(1, 0, 6) max_tail_u=0",NA
120,P1_no_rho,276,1105.2397440000204,5.581385899917223,3.07563229999505,0.1810358000220731,0.01,56375.00526425314,56375.00526425314,-65630.34124931732,-47329.53927228175,0.0,-21410.840033315,-71749.382600806,-71749.3681109329,-47036.80371157194,-21410.840033315,25625.963678256943,25625.963678256936,-21037.976941401943,36096.0,nan,nan,1.5000000000000002,10.0,0.0,0.0,10.0,0.85,CORE,MAIN,1.2128439601070837,0.2605108508483349,0.6,0.174,-47036.80371157194,STRUCTURAL,-0.9366022305247298,-177372.99662269253,25500.0,0,0,0,0,0,0,0,inf,inf,NA,1,5,5,5,22,6,0,0,CONTINUE,0,A,1,1,0,KEEP_STRUCTURAL_IN_ON_CUT,2,3,0,0,"tail_cont_enabled=1 tail_active_dims=(1,) tail_delta=0.1 tail_start=(6, 6, 6) returned_y=(2, 6, 0) returned_b=(0, 1, 0) returned_u=(0, 0, 0) returned_zcap=(2, 6, 0) max_tail_u=0",NA
120,P1_no_rho,277,1108.424510999932,5.581385899917223,3.1842722999863327,0.19372280000243336,0.01,59506.277088936295,59506.277088936295,-65630.34124931732,-46859.848498579275,0.0,-21410.840033315,-80394.04260146621,-80394.02696462284,-47036.80371157194,-21410.840033315,25625.963678256943,25625.963678256936,-24047.388567750444,38756.5,nan,nan,1.5000000000000002,10.0,0.0,0.0,10.0,0.85,CORE,MAIN,1.21045391640427,0.23602667570856461,0.6,0.174,-47036.80371157194,STRUCTURAL,-0.9692419490386109,-177372.99662269253,25500.0,0,0,0,0,0,0,0,inf,inf,NA,1,5,5,5,22,6,0,0,CONTINUE,0,A,1,1,0,KEEP_STRUCTURAL_IN_ON_CUT,2,3,0,0,"tail_cont_enabled=1 tail_active_dims=(1,) tail_delta=0.1 tail_start=(6, 6, 6) returned_y=(2, 6, 0) returned_b=(0, 1, 0) returned_u=(0, 0, 0) returned_zcap=(2, 6, 0) max_tail_u=0",NA
120,P1_no_rho,278,1111.5831788999494,5.581385899917223,3.1582984999986365,0.16064950008876622,0.01,62669.91278321039,62669.91278321039,-65630.34124931732,-46385.30314443816,0.0,-21410.840033315,-72042.47066798349,-72042.45602985738,-47036.80371157194,-21410.840033315,25625.963678256943,25625.963678256936,-21664.96597882431,36155.5,nan,nan,1.5000000000000002,10.0,0.0,0.0,10.0,0.85,CORE,MAIN,1.2093623690944384,0.2653411600938791,0.6,0.174,-47036.80371157194,STRUCTURAL,-0.9289041326314221,-177372.99662269253,25500.0,0,0,0,0,0,0,0,inf,inf,NA,1,5,5,5,22,6,0,0,CONTINUE,0,A,1,1,0,KEEP_STRUCTURAL_IN_ON_CUT,2,3,0,0,"tail_cont_enabled=1 tail_active_dims=(1,) tail_delta=0.1 tail_start=(6, 6, 6) returned_y=(1, 0, 6) returned_b=(0, 0, 1) returned_u=(0, 0, 0) returned_zcap=(1, 0, 6) max_tail_u=0",NA
120,P1_no_rho,279,1114.83887029998,5.581385899917223,3.255204900051467,0.18553150002844632,0.01,62572.74874328888,62572.74874328888,-65630.34124931732,-46399.87775042639,0.0,-21410.840033315,-70741.82293807651,-70741.80833586578,-47036.80371157194,-21410.840033315,25625.963678256943,25625.963678256936,-20399.37618528658,35669.5,nan,nan,1.5000000000000002,10.0,0.0,0.0,10.0,0.85,CORE,MAIN,1.2093515846775007,0.2506915016321376,0.6,0.174,-47036.80371157194,STRUCTURAL,-0.9409052953845569,-177372.99662269253,25500.0,0,0,0,0,0,0,0,inf,inf,NA,1,5,5,5,22,6,0,0,CONTINUE,0,A,1,1,0,KEEP_STRUCTURAL_IN_ON_CUT,2,3,0,0,"tail_cont_enabled=1 tail_active_dims=(1,) tail_delta=0.1 tail_start=(6, 6, 6) returned_y=(1, 0, 6) returned_b=(0, 0, 1) returned_u=(0, 0, 0) returned_zcap=(1, 0, 6) max_tail_u=0",NA
120,P1_no_rho,280,1120.886331000016,5.581385899917223,6.046846500015818,0.16034139995463192,0.01,47713.83235946169,47713.83235946169,-65630.34124931732,-48628.71520800047,0.0,-21410.840033315,-74359.68921982411,-74359.67419475812,-47036.80371157194,-21410.840033315,25625.963678256943,25625.963678256936,-22924.358013107343,37742.0,nan,nan,1.5000000000000002,10.0,0.0,0.0,10.0,0.85,CORE,MAIN,1.2087706936089457,0.25633024019830986,0.6,0.174,-47036.80371157194,STRUCTURAL,-0.9085424934493981,-177372.99662269253,25500.0,0,0,0,0,0,0,0,inf,inf,NA,1,5,5,5,22,6,0,0,CONTINUE,0,A,1,1,0,KEEP_STRUCTURAL_IN_ON_CUT,2,3,0,0,"tail_cont_enabled=1 tail_active_dims=(1,) tail_delta=0.1 tail_start=(6, 6, 6) returned_y=(1, 0, 6) returned_b=(0, 0, 1) returned_u=(0, 0, 0) returned_zcap=(1, 0, 6) max_tail_u=0",NA
120,P1_no_rho,281,1124.0598698999966,5.581385899917223,3.1731208000564948,0.17354009998962283,0.01,65555.33591913215,65555.33591913215,-65630.34124931732,-45952.4896740499,0.0,-21410.840033315,-71075.3968308384,-71075.38221778901,-47036.80371157194,-21410.840033315,25625.963678256943,25625.963678256936,-21132.961580185354,36411.0,nan,nan,1.5000000000000002,10.0,0.0,0.0,10.0,0.85,CORE,MAIN,1.2106045140224178,0.24594829563237441,0.6,0.174,-47036.80371157194,STRUCTURAL,-0.9144200129558584,-177372.99662269253,25500.0,0,0,0,0,0,0,0,inf,inf,NA,1,5,5,5,22,6,0,0,CONTINUE,0,A,1,1,0,KEEP_STRUCTURAL_IN_ON_CUT,2,3,0,0,"tail_cont_enabled=1 tail_active_dims=(1,) tail_delta=0.1 tail_start=(6, 6, 6) returned_y=(1, 0, 6) returned_b=(0, 0, 1) returned_u=(0, 0, 0) returned_zcap=(1, 0, 6) max_tail_u=0",NA
120,P1_no_rho,282,1127.213598000002,5.581385899917223,3.1534229000099003,0.16337640001438558,0.01,70524.35712018,70524.35712018,-65630.34124931732,-45207.13649389272,0.0,-21410.840033315,-68474.9271765627,-68474.9129588698,-47036.80371157194,-21410.840033315,25625.963678256943,25625.963678256936,-19381.688738660057,35483.0,nan,nan,1.5000000000000002,10.0,0.0,0.0,10.0,0.85,CORE,MAIN,1.2109977362037494,0.27150815127811245,0.6,0.174,-47036.80371157194,STRUCTURAL,-0.9223801861963892,-177372.99662269253,25500.0,0,0,0,0,0,0,0,inf,inf,NA,1,5,5,5,22,6,0,0,CONTINUE,0,A,1,1,0,KEEP_STRUCTURAL_IN_ON_CUT,2,3,0,0,"tail_cont_enabled=1 tail_active_dims=(1,) tail_delta=0.1 tail_start=(6, 6, 6) returned_y=(1, 0, 6) returned_b=(0, 0, 1) returned_u=(0, 0, 0) returned_zcap=(1, 0, 6) max_tail_u=0",NA
120,P1_no_rho,283,1130.3520220000064,5.581385899917223,3.1379978000186384,0.2120876000262797,0.01,63645.02104438775,63645.02104438775,-65630.34124931732,-46239.03690526156,0.0,-21410.840033315,-72941.9821685533,-72941.96728362917,-47036.80371157194,-21410.840033315,25625.963678256943,25625.963678256936,-21816.649827388184,37014.5,nan,nan,1.5000000000000002,10.0,0.0,0.0,10.0,0.85,CORE,MAIN,1.211277972970905,0.23898555608605776,0.6,0.174,-47036.80371157194,STRUCTURAL,-0.9208160307670596,-177372.99662269253,25500.0,0,0,0,0,0,0,0,inf,inf,NA,1,5,5,5,22,6,0,0,CONTINUE,0,A,1,1,0,KEEP_STRUCTURAL_IN_ON_CUT,2,3,0,0,"tail_cont_enabled=1 tail_active_dims=(1,) tail_delta=0.1 tail_start=(6, 6, 6) returned_y=(1, 0, 6) returned_b=(0, 0, 1) returned_u=(0, 0, 0) returned_zcap=(1, 0, 6) max_tail_u=0",NA
120,P1_no_rho,284,1132.6642579999752,5.581385899917223,2.3117359000025317,0.15886480000335723,0.01,44115.50010475215,44115.50010475215,-65630.34124931732,-49168.465046206904,0.0,-21410.840033315,-62962.23291968041,-62962.21972662561,-47036.80371157194,-21410.840033315,25625.963678256943,25625.963678256936,-17261.16268013054,33699.5,nan,nan,1.5000000000000002,10.0,0.0,0.0,10.0,0.85,CORE,MAIN,1.209209464492115,0.251287293721563,0.6,0.174,-47036.80371157194,STRUCTURAL,-0.9040897154061647,-177372.99662269253,25500.0,0,0,0,0,0,0,0,inf,inf,NA,1,5,5,5,22,6,0,0,CONTINUE,0,A,1,1,0,KEEP_STRUCTURAL_IN_ON_CUT,2,3,0,0,"tail_cont_enabled=1 tail_active_dims=(1,) tail_delta=0.1 tail_start=(6, 6, 6) returned_y=(1, 0, 6) returned_b=(0, 0, 1) returned_u=(0, 0, 0) returned_zcap=(1, 0, 6) max_tail_u=0",NA
120,P1_no_rho,285,1139.7108176000183,5.581385899917223,7.046027099946514,0.1582529000006616,0.01,54849.20579464087,54849.20579464087,-65630.34124931732,-47558.40919272359,0.0,-21410.840033315,-79454.21227981985,-79454.19684960712,-47036.80371157194,-21410.840033315,25625.963678256943,25625.963678256936,-25021.812845614983,39242.0,nan,nan,1.5000000000000002,10.0,0.0,0.0,10.0,0.85,CORE,MAIN,1.205296410696069,0.2273935266599404,0.6,0.174,-47036.80371157194,STRUCTURAL,-0.9247300342149082,-177372.99662269253,25500.0,0,0,0,0,0,0,0,inf,inf,NA,1,5,5,5,22,6,0,0,CONTINUE,0,A,1,1,0,KEEP_STRUCTURAL_IN_ON_CUT,2,3,0,0,"tail_cont_enabled=1 tail_active_dims=(1,) tail_delta=0.1 tail_start=(6, 6, 6) returned_y=(2, 6, 0) returned_b=(0, 1, 0) returned_u=(0, 0, 0) returned_zcap=(2, 6, 0) max_tail_u=0",NA
120,P1_no_rho,286,1142.5355515999254,5.581385899917223,2.8242505999514833,0.16197490005288273,0.01,62629.31503403919,62629.31503403919,-65630.34124931732,-46391.39280681385,0.0,-21410.840033315,-74038.66808423509,-74038.65320826478,-47036.80371157194,-21410.840033315,25625.963678256943,25625.963678256936,-21528.271282289556,36773.5,nan,nan,1.5000000000000002,10.0,0.0,0.0,10.0,0.85,CORE,MAIN,1.202554136154348,0.2348697280430203,0.6,0.174,-47036.80371157194,STRUCTURAL,-0.9519605499608,-177372.99662269253,25500.0,0,0,0,0,0,0,0,inf,inf,NA,1,5,5,5,22,6,0,0,CONTINUE,0,A,1,1,0,KEEP_STRUCTURAL_IN_ON_CUT,2,3,0,0,"tail_cont_enabled=1 tail_active_dims=(1,) tail_delta=0.1 tail_start=(6, 6, 6) returned_y=(2, 6, 0) returned_b=(0, 1, 0) returned_u=(0, 0, 0) returned_zcap=(2, 6, 0) max_tail_u=0",NA
120,P1_no_rho,287,1145.6154970999341,5.581385899917223,3.0794849999947473,0.16421580000314862,0.01,48642.584077231884,48642.584077231884,-65630.34124931732,-48489.40245033494,0.0,-21410.840033315,-76881.04502032443,-76881.02966008609,-47036.80371157194,-21410.840033315,25625.963678256943,25625.963678256936,-24084.81804679131,38651.0,nan,nan,1.5000000000000002,10.0,0.0,0.0,10.0,0.85,CORE,MAIN,1.1997319572384344,0.24199129467054648,0.6,0.174,-47036.80371157194,STRUCTURAL,-0.9106484802168943,-177372.99662269253,25500.0,0,0,0,0,0,0,0,inf,inf,NA,1,5,5,5,22,6,0,0,CONTINUE,0,A,1,1,0,KEEP_STRUCTURAL_IN_ON_CUT,2,3,0,0,"tail_cont_enabled=1 tail_active_dims=(1,) tail_delta=0.1 tail_start=(6, 6, 6) returned_y=(1, 0, 6) returned_b=(0, 0, 1) returned_u=(0, 0, 0) returned_zcap=(1, 0, 6) max_tail_u=0",NA
120,P1_no_rho,288,1148.9803573999088,5.581385899917223,3.3642703999066725,0.1724409000016749,0.01,60700.73486875955,60700.73486875955,-65630.34124931732,-46680.67983160579,0.0,-21410.840033315,-68901.02051243607,-68901.0061764611,-47036.80371157194,-21410.840033315,25625.963678256943,25625.963678256936,-20036.356283825346,35346.5,nan,nan,1.5000000000000002,10.0,0.0,0.0,10.0,0.85,CORE,MAIN,1.1989214399220016,0.26732729891996376,0.6,0.174,-47036.80371157194,STRUCTURAL,-0.9216310882762697,-177372.99662269253,25500.0,0,0,0,0,0,0,0,inf,inf,NA,1,5,5,5,22,6,0,0,CONTINUE,0,A,1,1,0,KEEP_STRUCTURAL_IN_ON_CUT,2,3,0,0,"tail_cont_enabled=1 tail_active_dims=(1,) tail_delta=0.1 tail_start=(6, 6, 6) returned_y=(1, 0, 6) returned_b=(0, 0, 1) returned_u=(0, 0, 0) returned_zcap=(1, 0, 6) max_tail_u=0",NA
120,P1_no_rho,289,1151.3368267000187,5.581385899917223,2.355997199891135,0.15079880005214363,0.01,68943.05451307852,68943.05451307852,-65630.34124931732,-45444.331884957945,0.0,-21410.840033315,-69879.34961173557,-69879.33518545335,-47036.80371157194,-21410.840033315,25625.963678256943,25625.963678256936,-20287.86913583215,35656.5,nan,nan,1.5000000000000002,10.0,0.0,0.0,10.0,0.85,CORE,MAIN,1.1989681543220616,0.25489231782585986,0.6,0.174,-47036.80371157194,STRUCTURAL,-0.9272075881372013,-177372.99662269253,25500.0,0,0,0,0,0,0,0,inf,inf,NA,1,5,5,5,22,6,0,0,CONTINUE,0,A,1,1,0,KEEP_STRUCTURAL_IN_ON_CUT,2,3,0,0,"tail_cont_enabled=1 tail_active_dims=(1,) tail_delta=0.1 tail_start=(6, 6, 6) returned_y=(1, 0, 6) returned_b=(0, 0, 1) returned_u=(0, 0, 0) returned_zcap=(1, 0, 6) max_tail_u=0",NA
120,P1_no_rho,290,1158.2524253999582,5.581385899917223,6.915133700007573,0.16537399997469038,0.01,53065.68157247252,53065.68157247252,-65630.34124931732,-47825.937826048845,0.0,-21410.840033315,-69476.9759900233,-69476.96188853573,-47036.80371157194,-21410.840033315,25625.963678256943,25625.963678256936,-19835.887172748906,35036.0,nan,nan,1.5000000000000002,10.0,0.0,0.0,10.0,0.85,CORE,MAIN,1.203685815370512,0.2531584586420813,0.6,0.174,-47036.80371157194,STRUCTURAL,-0.9445727197889187,-177372.99662269253,25500.0,0,0,0,0,0,0,0,inf,inf,NA,1,5,5,5,22,6,0,0,CONTINUE,0,A,1,1,0,KEEP_STRUCTURAL_IN_ON_CUT,2,3,0,0,"tail_cont_enabled=1 tail_active_dims=(1,) tail_delta=0.1 tail_start=(6, 6, 6) returned_y=(2, 6, 0) returned_b=(0, 1, 0) returned_u=(0, 0, 0) returned_zcap=(2, 6, 0) max_tail_u=0",NA
120,P1_no_rho,291,1161.4454572999384,5.581385899917223,3.1926050999900326,0.16338949999772012,0.01,75463.4331039949,75463.4331039949,-65630.34124931732,-44466.27509632049,0.0,-21410.840033315,-67778.65437068955,-67778.6404194322,-47036.80371157194,-21410.840033315,25625.963678256943,25625.963678256936,-19651.379776842048,35394.5,nan,nan,1.5000000000000002,10.0,0.0,0.0,10.0,0.85,CORE,MAIN,1.2070819882050983,0.2529189692652586,0.6,0.174,-47036.80371157194,STRUCTURAL,-0.906492263724404,-177372.99662269253,25500.0,0,0,0,0,0,0,0,inf,inf,NA,1,5,5,5,22,6,0,0,CONTINUE,0,A,1,1,0,KEEP_STRUCTURAL_IN_ON_CUT,2,3,0,0,"tail_cont_enabled=1 tail_active_dims=(1,) tail_delta=0.1 tail_start=(6, 6, 6) returned_y=(1, 0, 6) returned_b=(0, 0, 1) returned_u=(0, 0, 0) returned_zcap=(1, 0, 6) max_tail_u=0",NA
120,P1_no_rho,292,1165.3642320999643,5.581385899917223,3.9183044000528753,0.17350619996432215,0.01,42503.988980871414,42503.988980871414,-65630.34124931732,-49410.19171478901,0.0,-21410.840033315,-73675.53249276357,-73675.51766922431,-47036.80371157194,-21410.840033315,25625.963678256943,25625.963678256936,-23257.806232238938,37037.5,nan,nan,1.5000000000000002,10.0,0.0,0.0,10.0,0.85,CORE,MAIN,1.2085839575734494,0.24030798211187865,0.6,0.174,-47036.80371157194,STRUCTURAL,-0.9075074620224615,-177372.99662269253,25500.0,0,0,0,0,0,0,0,inf,inf,NA,1,5,5,5,22,6,0,0,CONTINUE,0,A,1,1,0,KEEP_STRUCTURAL_IN_ON_CUT,2,3,0,0,"tail_cont_enabled=1 tail_active_dims=(1,) tail_delta=0.1 tail_start=(6, 6, 6) returned_y=(1, 0, 6) returned_b=(0, 0, 1) returned_u=(0, 0, 0) returned_zcap=(1, 0, 6) max_tail_u=0",NA
120,P1_no_rho,293,1168.9488790999167,5.581385899917223,3.5840638999361545,0.17193299997597933,0.01,58524.39215834533,58524.39215834533,-65630.34124931732,-47007.13123816792,0.0,-21410.840033315,-78065.51206553208,-78065.49683843508,-47036.80371157194,-21410.840033315,25625.963678256943,25625.963678256936,-22731.665334809262,38428.0,nan,nan,1.5000000000000002,10.0,0.0,0.0,10.0,0.85,CORE,MAIN,1.2083829283684862,0.24135767969349886,0.6,0.174,-47036.80371157194,STRUCTURAL,-0.9599568284172273,-177372.99662269253,25500.0,0,0,0,0,0,0,0,inf,inf,NA,1,5,5,5,22,6,0,0,CONTINUE,0,A,1,1,0,KEEP_STRUCTURAL_IN_ON_CUT,2,3,0,0,"tail_cont_enabled=1 tail_active_dims=(1,) tail_delta=0.1 tail_start=(6, 6, 6) returned_y=(2, 6, 0) returned_b=(0, 1, 0) returned_u=(0, 0, 0) returned_zcap=(2, 6, 0) max_tail_u=0",NA
120,P1_no_rho,294,1172.1871634999989,5.581385899917223,3.2377172000706196,0.1837507999734953,0.01,39446.64080904925,39446.64080904925,-65630.34124931732,-49868.79394056233,0.0,-21410.840033315,-77187.27170240776,-77187.25689398864,-47036.80371157194,-21410.840033315,25625.963678256943,25625.963678256936,-22553.522524838347,38309.5,nan,nan,1.5000000000000002,10.0,0.0,0.0,10.0,0.85,CORE,MAIN,1.2072310813708242,0.23664382884318746,0.6,0.174,-47036.80371157194,STRUCTURAL,-0.9507430162083433,-177372.99662269253,25500.0,0,0,0,0,0,0,0,inf,inf,NA,1,5,5,5,22,6,0,0,CONTINUE,0,A,1,1,0,KEEP_STRUCTURAL_IN_ON_CUT,2,3,0,0,"tail_cont_enabled=1 tail_active_dims=(1,) tail_delta=0.1 tail_start=(6, 6, 6) returned_y=(2, 6, 0) returned_b=(0, 1, 0) returned_u=(0, 0, 0) returned_zcap=(2, 6, 0) max_tail_u=0",NA
120,P1_no_rho,295,1179.0800954999868,5.581385899917223,6.892213899991475,0.16581299994140863,0.01,64598.805146842904,64598.805146842904,-65630.34124931732,-46095.969289893284,0.0,-21410.840033315,-70606.19520490938,-70606.18061061768,-47036.80371157194,-21410.840033315,25625.963678256943,25625.963678256936,-20371.59107518446,35084.5,nan,nan,1.5000000000000002,10.0,0.0,0.0,10.0,0.85,CORE,MAIN,1.2072218676253976,0.26624470038395953,0.6,0.174,-47036.80371157194,STRUCTURAL,-0.9545447806568564,-177372.99662269253,25500.0,0,0,0,0,0,0,0,inf,inf,NA,1,5,5,5,22,6,0,0,CONTINUE,0,A,1,1,0,KEEP_STRUCTURAL_IN_ON_CUT,2,3,0,0,"tail_cont_enabled=1 tail_active_dims=(1,) tail_delta=0.1 tail_start=(6, 6, 6) returned_y=(6, 0, 1) returned_b=(1, 0, 0) returned_u=(0, 0, 0) returned_zcap=(6, 0, 1) max_tail_u=0",NA
120,P1_no_rho,296,1181.2970925999107,5.581385899917223,2.2165559999411926,0.17047570005524904,0.01,61491.43205891585,61491.43205891585,-65630.34124931732,-46562.075253082345,0.0,-21410.840033315,-76732.98195235051,-76732.9666703145,-47036.80371157194,-21410.840033315,25625.963678256943,25625.963678256936,-22640.84097841222,38390.0,nan,nan,1.5000000000000002,10.0,0.0,0.0,10.0,0.85,CORE,MAIN,1.2061747548539823,0.24423893514205575,0.6,0.174,-47036.80371157194,STRUCTURAL,-0.9393440252132028,-177372.99662269253,25500.0,0,0,0,0,0,0,0,inf,inf,NA,1,5,5,5,22,6,0,0,CONTINUE,0,A,1,1,0,KEEP_STRUCTURAL_IN_ON_CUT,2,3,0,0,"tail_cont_enabled=1 tail_active_dims=(1,) tail_delta=0.1 tail_start=(6, 6, 6) returned_y=(1, 0, 6) returned_b=(0, 0, 1) returned_u=(0, 0, 0) returned_zcap=(1, 0, 6) max_tail_u=0",NA
120,P1_no_rho,297,1184.569907899946,5.581385899917223,3.2724470000248402,0.17102199990767986,0.01,72512.19189864607,72512.19189864607,-65630.34124931732,-44908.96127712281,0.0,-21410.840033315,-69783.35340060522,-69783.33903321609,-47036.80371157194,-21410.840033315,25625.963678256943,25625.963678256936,-20667.26890931521,35848.0,nan,nan,1.5000000000000002,10.0,0.0,0.0,10.0,0.85,CORE,MAIN,1.2077858547099787,0.2663379436714792,0.6,0.174,-47036.80371157194,STRUCTURAL,-0.913413488877127,-177372.99662269253,25500.0,0,0,0,0,0,0,0,inf,inf,NA,1,5,5,5,22,6,0,0,CONTINUE,0,A,1,1,0,KEEP_STRUCTURAL_IN_ON_CUT,2,3,0,0,"tail_cont_enabled=1 tail_active_dims=(1,) tail_delta=0.1 tail_start=(6, 6, 6) returned_y=(1, 0, 6) returned_b=(0, 0, 1) returned_u=(0, 0, 0) returned_zcap=(1, 0, 6) max_tail_u=0",NA
120,P1_no_rho,298,1187.8858866000082,5.581385899917223,3.3154681000160053,0.15991359995678067,0.01,65849.07758158927,65849.07758158927,-65630.34124931732,-45908.42842468133,0.0,-21410.840033315,-69312.61677476078,-69312.6025101408,-47036.80371157194,-21410.840033315,25625.963678256943,25625.963678256936,-19912.36865575812,35603.0,nan,nan,1.5000000000000002,10.0,0.0,0.0,10.0,0.85,CORE,MAIN,1.2093148062929409,0.2520587116158902,0.6,0.174,-47036.80371157194,STRUCTURAL,-0.9250200611256107,-177372.99662269253,25500.0,0,0,0,0,0,0,0,inf,inf,NA,1,5,5,5,22,6,0,0,CONTINUE,0,A,1,1,0,KEEP_STRUCTURAL_IN_ON_CUT,2,3,0,0,"tail_cont_enabled=1 tail_active_dims=(1,) tail_delta=0.1 tail_start=(6, 6, 6) returned_y=(1, 0, 6) returned_b=(0, 0, 1) returned_u=(0, 0, 0) returned_zcap=(1, 0, 6) max_tail_u=0",NA
120,P1_no_rho,299,1191.487332999939,5.581385899917223,3.6009004999650642,0.1575233000330627,0.01,56343.84071382454,56343.84071382454,-65630.34124931732,-47334.21395484604,0.0,-21410.840033315,-72683.9775561683,-72683.96278295672,-47036.80371157194,-21410.840033315,25625.963678256943,25625.963678256936,-23031.99533245567,37039.0,nan,nan,1.5000000000000002,10.0,0.0,0.0,10.0,0.85,CORE,MAIN,1.2103737751435966,0.2428246836477791,0.6,0.174,-47036.80371157194,STRUCTURAL,-0.8936880486424407,-177372.99662269253,25500.0,0,0,0,0,0,0,0,inf,inf,NA,1,5,5,5,22,6,0,0,CONTINUE,0,A,1,1,0,KEEP_STRUCTURAL_IN_ON_CUT,2,3,0,0,"tail_cont_enabled=1 tail_active_dims=(1,) tail_delta=0.1 tail_start=(6, 6, 6) returned_y=(1, 0, 6) returned_b=(0, 0, 1) returned_u=(0, 0, 0) returned_zcap=(1, 0, 6) max_tail_u=0",NA
120,P1_no_rho,300,1197.8587191000115,5.581385899917223,6.370973800076172,0.1681893999921158,0.01,55016.516170485615,55016.516170485615,-65630.34124931732,-47533.312636346884,0.0,-21410.840033315,-69706.65417280524,-69706.63987846771,-47036.80371157194,-21410.840033315,25625.963678256943,25625.963678256936,-19765.404091523997,35293.0,nan,nan,1.5000000000000002,10.0,0.0,0.0,10.0,0.85,CORE,MAIN,1.2118470189879536,0.23328561488156485,0.6,0.174,-47036.80371157194,STRUCTURAL,-0.9433643269570678,-177372.99662269253,25500.0,0,0,0,0,0,0,0,inf,inf,NA,1,5,5,5,22,6,0,0,CONTINUE,0,A,1,1,0,KEEP_STRUCTURAL_IN_ON_CUT,2,3,0,0,"tail_cont_enabled=1 tail_active_dims=(1,) tail_delta=0.1 tail_start=(6, 6, 6) returned_y=(1, 0, 6) returned_b=(0, 0, 1) returned_u=(0, 0, 0) returned_zcap=(1, 0, 6) max_tail_u=0",NA
120,P1_no_rho,301,1201.144126500003,5.581385899917223,3.2848334000445902,0.17591440002433956,0.01,47937.77307254006,47937.77307254006,-65630.34124931732,-48595.12410103872,0.0,-21410.840033315,-68844.51601674414,-68844.50212915862,-47036.80371157194,-21410.840033315,25625.963678256943,25625.963678256936,-19505.890958399086,34473.0,nan,nan,1.5000000000000002,10.0,0.0,0.0,10.0,0.85,CORE,MAIN,1.21289286483935,0.2445672400413088,0.6,0.174,-47036.80371157194,STRUCTURAL,-0.954149840372843,-177372.99662269253,25500.0,0,0,0,0,0,0,0,inf,inf,NA,1,5,5,5,22,6,0,0,CONTINUE,0,A,1,1,0,KEEP_STRUCTURAL_IN_ON_CUT,2,3,0,0,"tail_cont_enabled=1 tail_active_dims=(1,) tail_delta=0.1 tail_start=(6, 6, 6) returned_y=(2, 6, 0) returned_b=(0, 1, 0) returned_u=(0, 0, 0) returned_zcap=(2, 6, 0) max_tail_u=0",NA
120,P1_no_rho,302,1204.0044487999985,5.581385899917223,2.859758700011298,0.18166630004998296,0.01,64238.629446236235,64238.629446236235,-65630.34124931732,-46149.99564498429,0.0,-21410.840033315,-78629.76428881277,-78629.74875319199,-47036.80371157194,-21410.840033315,25625.963678256943,25625.963678256936,-23303.918136876222,38070.0,nan,nan,1.5000000000000002,10.0,0.0,0.0,10.0,0.85,CORE,MAIN,1.2120806639435449,0.22496454283726286,0.6,0.174,-47036.80371157194,STRUCTURAL,-0.9688438948658749,-177372.99662269253,25500.0,0,0,0,0,0,0,0,inf,inf,NA,1,5,5,5,22,6,0,0,CONTINUE,0,A,1,1,0,KEEP_STRUCTURAL_IN_ON_CUT,2,3,0,0,"tail_cont_enabled=1 tail_active_dims=(1,) tail_delta=0.1 tail_start=(6, 6, 6) returned_y=(2, 6, 0) returned_b=(0, 1, 0) returned_u=(0, 0, 0) returned_zcap=(2, 6, 0) max_tail_u=0",NA
120,P1_no_rho,303,1207.5610706999432,5.581385899917223,3.5560875999508426,0.15713639999739826,0.01,55776.30407392945,55776.30407392945,-65630.34124931732,-47419.34445083031,0.0,-21410.840033315,-76813.23291353213,-76813.21746356992,-47036.80371157194,-21410.840033315,25625.963678256943,25625.963678256936,-23736.41821757321,36705.0,nan,nan,1.5000000000000002,10.0,0.0,0.0,10.0,0.85,CORE,MAIN,1.2106309242668578,0.2553160571097626,0.6,0.174,-47036.80371157194,STRUCTURAL,-0.9640248693819492,-177372.99662269253,25500.0,0,0,0,0,0,0,0,inf,inf,NA,1,5,5,5,22,6,0,0,CONTINUE,0,A,1,1,0,KEEP_STRUCTURAL_IN_ON_CUT,2,3,0,0,"tail_cont_enabled=1 tail_active_dims=(1,) tail_delta=0.1 tail_start=(6, 6, 6) returned_y=(6, 0, 1) returned_b=(1, 0, 0) returned_u=(0, 0, 0) returned_zcap=(6, 0, 1) max_tail_u=0",NA
120,P1_no_rho,304,1210.617476399988,5.581385899917223,3.055851300014183,0.21264270006213337,0.01,60012.65573458253,60012.65573458253,-65630.34124931732,-46783.89170173234,0.0,-21410.840033315,-70794.52571115294,-70794.51112077605,-47036.80371157194,-21410.840033315,25625.963678256943,25625.963678256936,-20967.60458099838,34964.5,nan,nan,1.5000000000000002,10.0,0.0,0.0,10.0,0.85,CORE,MAIN,1.2102812074943734,0.2657175492252607,0.6,0.174,-47036.80371157194,STRUCTURAL,-0.9500475537526667,-177372.99662269253,25500.0,0,0,0,0,0,0,0,inf,inf,NA,1,5,5,5,22,6,0,0,CONTINUE,0,A,1,1,0,KEEP_STRUCTURAL_IN_ON_CUT,2,3,0,0,"tail_cont_enabled=1 tail_active_dims=(1,) tail_delta=0.1 tail_start=(6, 6, 6) returned_y=(6, 0, 1) returned_b=(1, 0, 0) returned_u=(0, 0, 0) returned_zcap=(6, 0, 1) max_tail_u=0",NA
120,P1_no_rho,305,1216.762455399963,5.581385899917223,6.14451450004708,0.1654405000153929,0.01,66469.70998732123,66469.70998732123,-65630.34124931732,-45815.333563821536,0.0,-21410.840033315,-70133.32697371236,-70133.31259709393,-47036.80371157194,-21410.840033315,25625.963678256943,25625.963678256936,-20481.57953755112,35261.5,nan,nan,1.5000000000000002,10.0,0.0,0.0,10.0,0.85,CORE,MAIN,1.2106782627660784,0.26579840955150646,0.6,0.174,-47036.80371157194,STRUCTURAL,-0.9387336152185394,-177372.99662269253,25500.0,0,0,0,0,0,0,0,inf,inf,NA,1,5,5,5,22,6,0,0,CONTINUE,0,A,1,1,0,KEEP_STRUCTURAL_IN_ON_CUT,2,3,0,0,"tail_cont_enabled=1 tail_active_dims=(1,) tail_delta=0.1 tail_start=(6, 6, 6) returned_y=(6, 0, 1) returned_b=(1, 0, 0) returned_u=(0, 0, 0) returned_zcap=(6, 0, 1) max_tail_u=0",NA
120,P1_no_rho,306,1220.3612253000028,5.581385899917223,3.5981963000958785,0.17564629996195436,0.01,52976.920178446635,52976.920178446635,-65630.34124931732,-47839.25203515273,0.0,-21410.840033315,-74572.73391267429,-74572.71896579675,-47036.80371157194,-21410.840033315,25625.963678256943,25625.963678256936,-23048.762494147126,36466.0,nan,nan,1.5000000000000002,10.0,0.0,0.0,10.0,0.85,CORE,MAIN,1.2101911391454907,0.2581871480500493,0.6,0.174,-47036.80371157194,STRUCTURAL,-0.941954267384223,-177372.99662269253,25500.0,0,0,0,0,0,0,0,inf,inf,NA,1,5,5,5,22,6,0,0,CONTINUE,0,A,1,1,0,KEEP_STRUCTURAL_IN_ON_CUT,2,3,0,0,"tail_cont_enabled=1 tail_active_dims=(1,) tail_delta=0.1 tail_start=(6, 6, 6) returned_y=(2, 6, 0) returned_b=(0, 1, 0) returned_u=(0, 0, 0) returned_zcap=(2, 6, 0) max_tail_u=0",NA
120,P1_no_rho,307,1223.7615628999192,5.581385899917223,3.399770899908617,0.192199100041762,0.01,61817.83967771943,61817.83967771943,-65630.34124931732,-46513.11411026181,0.0,-21410.840033315,-65991.29433507404,-65991.2806794935,-47036.80371157194,-21410.840033315,25625.963678256943,25625.963678256936,-19049.963991766177,34322.0,nan,nan,1.5000000000000002,10.0,0.0,0.0,10.0,0.85,CORE,MAIN,1.2091136772623146,0.256412903501925,0.6,0.174,-47036.80371157194,STRUCTURAL,-0.911782854296123,-177372.99662269253,25500.0,0,0,0,0,0,0,0,inf,inf,NA,1,5,5,5,22,6,0,0,CONTINUE,0,A,1,1,0,KEEP_STRUCTURAL_IN_ON_CUT,2,3,0,0,"tail_cont_enabled=1 tail_active_dims=(1,) tail_delta=0.1 tail_start=(6, 6, 6) returned_y=(6, 0, 1) returned_b=(1, 0, 0) returned_u=(0, 0, 0) returned_zcap=(6, 0, 1) max_tail_u=0",NA
120,P1_no_rho,308,1226.1853158000158,5.581385899917223,2.4232500001089647,0.1719737999374047,0.01,71442.19599385452,71442.19599385452,-65630.34124931732,-45069.46066284155,0.0,-21410.840033315,-68937.8321078322,-68937.81797964039,-47036.80371157194,-21410.840033315,25625.963678256943,25625.963678256936,-20341.100049188677,35009.0,nan,nan,1.5000000000000002,10.0,0.0,0.0,10.0,0.85,CORE,MAIN,1.209148927557606,0.25486429052561554,0.6,0.174,-47036.80371157194,STRUCTURAL,-0.925413806553585,-177372.99662269253,25500.0,0,0,0,0,0,0,0,inf,inf,NA,1,5,5,5,22,6,0,0,CONTINUE,0,A,1,1,0,KEEP_STRUCTURAL_IN_ON_CUT,2,3,0,0,"tail_cont_enabled=1 tail_active_dims=(1,) tail_delta=0.1 tail_start=(6, 6, 6) returned_y=(6, 0, 1) returned_b=(1, 0, 0) returned_u=(0, 0, 0) returned_zcap=(6, 0, 1) max_tail_u=0",NA
120,P1_no_rho,309,1229.696215700009,5.581385899917223,3.510364400106482,0.18370089994277805,0.01,55637.77702430085,55637.77702430085,-65630.34124931732,-47440.1235082746,0.0,-21410.840033315,-76818.48071536356,-76818.46581580871,-47036.80371157194,-21410.840033315,25625.963678256943,25625.963678256936,-21871.7952574537,38041.0,nan,nan,1.5000000000000002,10.0,0.0,0.0,10.0,0.85,CORE,MAIN,1.2079412158219782,0.2370699657304728,0.6,0.174,-47036.80371157194,STRUCTURAL,-0.9629377173462847,-177372.99662269253,25500.0,0,0,0,0,0,0,0,inf,inf,NA,1,5,5,5,22,6,0,0,CONTINUE,0,A,1,1,0,KEEP_STRUCTURAL_IN_ON_CUT,2,3,0,0,"tail_cont_enabled=1 tail_active_dims=(1,) tail_delta=0.1 tail_start=(6, 6, 6) returned_y=(2, 6, 0) returned_b=(0, 1, 0) returned_u=(0, 0, 0) returned_zcap=(2, 6, 0) max_tail_u=0",NA
120,P1_no_rho,310,1236.820646499982,5.581385899917223,7.123749500024132,0.18263369996566325,0.01,45129.46526979992,45129.46526979992,-65630.34124931732,-49016.370271449734,0.0,-21410.840033315,-77348.21699686059,-77348.20167740363,-47036.80371157194,-21410.840033315,25625.963678256943,25625.963678256936,-23756.489022048238,37958.5,nan,nan,1.5000000000000002,10.0,0.0,0.0,10.0,0.85,CORE,MAIN,1.2059756734819507,0.22735002527272918,0.6,0.174,-47036.80371157194,STRUCTURAL,-0.9412334111438434,-177372.99662269253,25500.0,0,0,0,0,0,0,0,inf,inf,NA,1,5,5,5,22,6,0,0,CONTINUE,0,A,1,1,0,KEEP_STRUCTURAL_IN_ON_CUT,2,3,0,0,"tail_cont_enabled=1 tail_active_dims=(1,) tail_delta=0.1 tail_start=(6, 6, 6) returned_y=(2, 6, 0) returned_b=(0, 1, 0) returned_u=(0, 0, 0) returned_zcap=(2, 6, 0) max_tail_u=0",NA
120,P1_no_rho,311,1239.973489099997,5.581385899917223,3.1524745000060648,0.18341169995255768,0.01,60772.160153961995,60772.160153961995,-65630.34124931732,-46669.96603882543,0.0,-21410.840033315,-72592.1673154927,-72592.15245506271,-47036.80371157194,-21410.840033315,25625.963678256943,25625.963678256936,-21139.907126711747,35852.0,nan,nan,1.5000000000000002,10.0,0.0,0.0,10.0,0.85,CORE,MAIN,1.2048750544113063,0.23913038026594746,0.6,0.174,-47036.80371157194,STRUCTURAL,-0.9567526744830779,-177372.99662269253,25500.0,0,0,0,0,0,0,0,inf,inf,NA,1,5,5,5,22,6,0,0,CONTINUE,0,A,1,1,0,KEEP_STRUCTURAL_IN_ON_CUT,2,3,0,0,"tail_cont_enabled=1 tail_active_dims=(1,) tail_delta=0.1 tail_start=(6, 6, 6) returned_y=(6, 0, 1) returned_b=(1, 0, 0) returned_u=(0, 0, 0) returned_zcap=(6, 0, 1) max_tail_u=0",NA
120,P1_no_rho,312,1242.4058379000053,5.581385899917223,2.4320474000414833,0.1775055000325665,0.01,57543.81343124271,57543.81343124271,-65630.34124931732,-47154.21804723331,0.0,-21410.840033315,-70684.91315692246,-70684.89870568928,-47036.80371157194,-21410.840033315,25625.963678256943,25625.963678256936,-20595.584853397242,35330.5,nan,nan,1.5000000000000002,10.0,0.0,0.0,10.0,0.85,CORE,MAIN,1.2048810868611657,0.24816992542399163,0.6,0.174,-47036.80371157194,STRUCTURAL,-0.9451571843457637,-177372.99662269253,25500.0,0,0,0,0,0,0,0,inf,inf,NA,1,5,5,5,22,6,0,0,CONTINUE,0,A,1,1,0,KEEP_STRUCTURAL_IN_ON_CUT,2,3,0,0,"tail_cont_enabled=1 tail_active_dims=(1,) tail_delta=0.1 tail_start=(6, 6, 6) returned_y=(6, 0, 1) returned_b=(1, 0, 0) returned_u=(0, 0, 0) returned_zcap=(6, 0, 1) max_tail_u=0",NA
120,P1_no_rho,313,1245.7208408999722,5.581385899917223,3.314427000004798,0.16417580004781485,0.01,57431.91049319611,57431.91049319611,-65630.34124931732,-47171.00348794031,0.0,-21410.840033315,-75311.69209050822,-75311.67684096748,-47036.80371157194,-21410.840033315,25625.963678256943,25625.963678256936,-23918.077496891332,36096.0,nan,nan,1.5000000000000002,10.0,0.0,0.0,10.0,0.85,CORE,MAIN,1.2061146352743588,0.25379122233994655,0.6,0.174,-47036.80371157194,STRUCTURAL,-0.9492021155451414,-177372.99662269253,25500.0,0,0,0,0,0,0,0,inf,inf,NA,1,5,5,5,22,6,0,0,CONTINUE,0,A,1,1,0,KEEP_STRUCTURAL_IN_ON_CUT,2,3,0,0,"tail_cont_enabled=1 tail_active_dims=(1,) tail_delta=0.1 tail_start=(6, 6, 6) returned_y=(6, 0, 1) returned_b=(1, 0, 0) returned_u=(0, 0, 0) returned_zcap=(6, 0, 1) max_tail_u=0",NA
120,P1_no_rho,314,1249.3048932999372,5.581385899917223,3.583507200004533,0.18026809999719262,0.01,67594.27018881428,67594.27018881428,-65630.34124931732,-45646.64953359758,0.0,-21410.840033315,-68262.47726003286,-68262.46310844884,-47036.80371157194,-21410.840033315,25625.963678256943,25625.963678256936,-19360.118606415843,34507.0,nan,nan,1.5000000000000002,10.0,0.0,0.0,10.0,0.85,CORE,MAIN,1.2074122478468898,0.2591874816801756,0.6,0.174,-47036.80371157194,STRUCTURAL,-0.944781145893741,-177372.99662269253,25500.0,0,0,0,0,0,0,0,inf,inf,NA,1,5,5,5,22,6,0,0,CONTINUE,0,A,1,1,0,KEEP_STRUCTURAL_IN_ON_CUT,2,3,0,0,"tail_cont_enabled=1 tail_active_dims=(1,) tail_delta=0.1 tail_start=(6, 6, 6) returned_y=(6, 0, 1) returned_b=(1, 0, 0) returned_u=(0, 0, 0) returned_zcap=(6, 0, 1) max_tail_u=0",NA
120,P1_no_rho,315,1255.636051999987,5.581385899917223,6.3305321000516415,0.16974330006632954,0.01,68793.85437681682,68793.85437681682,-65630.34124931732,-45466.7119053972,0.0,-21410.840033315,-70704.61287573731,-70704.59837316765,-47036.80371157194,-21410.840033315,25625.963678256943,25625.963678256936,-20659.716976161162,36169.5,nan,nan,1.5000000000000002,10.0,0.0,0.0,10.0,0.85,CORE,MAIN,1.2087183214415345,0.2623713437441084,0.6,0.174,-47036.80371157194,STRUCTURAL,-0.9224140301820867,-177372.99662269253,25500.0,0,0,0,0,0,0,0,inf,inf,NA,1,5,5,5,22,6,0,0,CONTINUE,0,A,1,1,0,KEEP_STRUCTURAL_IN_ON_CUT,2,3,0,0,"tail_cont_enabled=1 tail_active_dims=(1,) tail_delta=0.1 tail_start=(6, 6, 6) returned_y=(1, 0, 6) returned_b=(0, 0, 1) returned_u=(0, 0, 0) returned_zcap=(1, 0, 6) max_tail_u=0",NA
120,P1_no_rho,316,1258.6263637999073,5.581385899917223,2.990002799895592,0.17164800001773983,0.01,60209.737679968544,60209.737679968544,-65630.34124931732,-46754.32940992444,0.0,-21410.840033315,-69900.51151311157,-69900.49726956131,-47036.80371157194,-21410.840033315,25625.963678256943,25625.963678256936,-19711.175454438762,35052.5,nan,nan,1.5000000000000002,10.0,0.0,0.0,10.0,0.85,CORE,MAIN,1.210190823976149,0.24908616550679008,0.6,0.174,-47036.80371157194,STRUCTURAL,-0.9545552493188321,-177372.99662269253,25500.0,0,0,0,0,0,0,0,inf,inf,NA,1,5,5,5,22,6,0,0,CONTINUE,0,A,1,1,0,KEEP_STRUCTURAL_IN_ON_CUT,2,3,0,0,"tail_cont_enabled=1 tail_active_dims=(1,) tail_delta=0.1 tail_start=(6, 6, 6) returned_y=(2, 6, 0) returned_b=(0, 1, 0) returned_u=(0, 0, 0) returned_zcap=(2, 6, 0) max_tail_u=0",NA
120,P1_no_rho,317,1262.0286824000068,5.581385899917223,3.401633200002834,0.1644684000639245,0.01,50270.779311402985,50270.779311402985,-65630.34124931732,-48245.17316520928,0.0,-21410.840033315,-84264.39483846181,-84264.3788243795,-47036.80371157194,-21410.840033315,25625.963678256943,25625.963678256936,-25748.846282482722,40432.5,nan,nan,1.5000000000000002,10.0,0.0,0.0,10.0,0.85,CORE,MAIN,1.2083572205670001,0.2349554520432552,0.6,0.174,-47036.80371157194,STRUCTURAL,-0.9648266871435398,-177372.99662269253,25500.0,0,0,0,0,0,0,0,inf,inf,NA,1,5,5,5,22,6,0,0,CONTINUE,0,A,1,1,0,KEEP_STRUCTURAL_IN_ON_CUT,2,3,0,0,"tail_cont_enabled=1 tail_active_dims=(1,) tail_delta=0.1 tail_start=(6, 6, 6) returned_y=(2, 6, 0) returned_b=(0, 1, 0) returned_u=(0, 0, 0) returned_zcap=(2, 6, 0) max_tail_u=0",NA
120,P1_no_rho,318,1265.118831199943,5.581385899917223,3.0896208999911323,0.16844210005365312,0.01,65861.62341129863,65861.62341129863,-65630.34124931732,-45906.54655022493,0.0,-21410.840033315,-73125.22662169283,-73125.21187193575,-47036.80371157194,-21410.840033315,25625.963678256943,25625.963678256936,-21469.096814699857,36457.0,nan,nan,1.5000000000000002,10.0,0.0,0.0,10.0,0.85,CORE,MAIN,1.2075531996261926,0.2337129345982485,0.6,0.174,-47036.80371157194,STRUCTURAL,-0.9446035065462668,-177372.99662269253,25500.0,0,0,0,0,0,0,0,inf,inf,NA,1,5,5,5,22,6,0,0,CONTINUE,0,A,1,1,0,KEEP_STRUCTURAL_IN_ON_CUT,2,3,0,0,"tail_cont_enabled=1 tail_active_dims=(1,) tail_delta=0.1 tail_start=(6, 6, 6) returned_y=(2, 6, 0) returned_b=(0, 1, 0) returned_u=(0, 0, 0) returned_zcap=(2, 6, 0) max_tail_u=0",NA
120,P1_no_rho,319,1268.0864610999124,5.581385899917223,2.967193999909796,0.15843489998951554,0.01,60972.273993836236,60972.273993836236,-65630.34124931732,-46639.94896284429,0.0,-21410.840033315,-70261.63355874065,-70261.61915030082,-47036.80371157194,-21410.840033315,25625.963678256943,25625.963678256936,-20899.669445747346,35242.0,nan,nan,1.5000000000000002,10.0,0.0,0.0,10.0,0.85,CORE,MAIN,1.208055696044914,0.2468640918117122,0.6,0.174,-47036.80371157194,STRUCTURAL,-0.9337712521906333,-177372.99662269253,25500.0,0,0,0,0,0,0,0,inf,inf,NA,1,5,5,5,22,6,0,0,CONTINUE,0,A,1,1,0,KEEP_STRUCTURAL_IN_ON_CUT,2,3,0,0,"tail_cont_enabled=1 tail_active_dims=(1,) tail_delta=0.1 tail_start=(6, 6, 6) returned_y=(6, 0, 1) returned_b=(1, 0, 0) returned_u=(0, 0, 0) returned_zcap=(6, 0, 1) max_tail_u=0",NA
120,P1_no_rho,320,1273.8471129999962,5.581385899917223,5.760058699990623,0.18369930004701018,0.01,47294.24190723704,47294.24190723704,-65630.34124931732,-48691.653775834166,0.0,-21410.840033315,-72769.87501297968,-72769.86033161927,-47036.80371157194,-21410.840033315,25625.963678256943,25625.963678256936,-22635.91212342894,35533.0,nan,nan,1.5000000000000002,10.0,0.0,0.0,10.0,0.85,CORE,MAIN,1.2093061992214338,0.26113080554652446,0.6,0.174,-47036.80371157194,STRUCTURAL,-0.9406082272477286,-177372.99662269253,25500.0,0,0,0,0,0,0,0,inf,inf,NA,1,5,5,5,22,6,0,0,CONTINUE,0,A,1,1,0,KEEP_STRUCTURAL_IN_ON_CUT,2,3,0,0,"tail_cont_enabled=1 tail_active_dims=(1,) tail_delta=0.1 tail_start=(6, 6, 6) returned_y=(6, 0, 1) returned_b=(1, 0, 0) returned_u=(0, 0, 0) returned_zcap=(6, 0, 1) max_tail_u=0",NA
120,P1_no_rho,321,1277.3051031999057,5.581385899917223,3.457469599903561,0.18116780009586364,0.01,65157.74199282449,65157.74199282449,-65630.34124931732,-46012.12876299605,0.0,-21410.840033315,-69813.76264198606,-69813.74820774641,-47036.80371157194,-21410.840033315,25625.963678256943,25625.963678256936,-19963.92641555776,34898.0,nan,nan,1.5000000000000002,10.0,0.0,0.0,10.0,0.85,CORE,MAIN,1.2106293241818118,0.25481493890505846,0.6,0.174,-47036.80371157194,STRUCTURAL,-0.9522956767759116,-177372.99662269253,25500.0,0,0,0,0,0,0,0,inf,inf,NA,1,5,5,5,22,6,0,0,CONTINUE,0,A,1,1,0,KEEP_STRUCTURAL_IN_ON_CUT,2,3,0,0,"tail_cont_enabled=1 tail_active_dims=(1,) tail_delta=0.1 tail_start=(6, 6, 6) returned_y=(6, 0, 1) returned_b=(1, 0, 0) returned_u=(0, 0, 0) returned_zcap=(6, 0, 1) max_tail_u=0",NA
120,P1_no_rho,322,1280.2626231999602,5.581385899917223,2.957174099981785,0.17824779998045415,0.01,61029.091532654646,61029.091532654646,-65630.34124931732,-46631.426332021525,0.0,-21410.840033315,-70417.06967613395,-70417.05516771151,-47036.80371157194,-21410.840033315,25625.963678256943,25625.963678256936,-20712.73303476459,35772.5,nan,nan,1.5000000000000002,10.0,0.0,0.0,10.0,0.85,CORE,MAIN,1.211669766763229,0.25303955935790745,0.6,0.174,-47036.80371157194,STRUCTURAL,-0.9263041374043732,-177372.99662269253,25500.0,0,0,0,0,0,0,0,inf,inf,NA,1,5,5,5,22,6,0,0,CONTINUE,0,A,1,1,0,KEEP_STRUCTURAL_IN_ON_CUT,2,3,0,0,"tail_cont_enabled=1 tail_active_dims=(1,) tail_delta=0.1 tail_start=(6, 6, 6) returned_y=(6, 0, 1) returned_b=(1, 0, 0) returned_u=(0, 0, 0) returned_zcap=(6, 0, 1) max_tail_u=0",NA
120,P1_no_rho,323,1282.452828199952,5.581385899917223,2.189844000036828,0.21719510003458709,0.01,73249.39066456557,73249.39066456557,-65630.34124931732,-44798.38146223489,0.0,-21410.840033315,-71546.22401456197,-71546.2093776871,-47036.80371157194,-21410.840033315,25625.963678256943,25625.963678256936,-21470.443684271846,35935.5,nan,nan,1.5000000000000002,10.0,0.0,0.0,10.0,0.85,CORE,MAIN,1.2129572447958206,0.26022314200127916,0.6,0.174,-47036.80371157194,STRUCTURAL,-0.9289934409041247,-177372.99662269253,25500.0,0,0,0,0,0,0,0,inf,inf,NA,1,5,5,5,22,6,0,0,CONTINUE,0,A,1,1,0,KEEP_STRUCTURAL_IN_ON_CUT,2,3,0,0,"tail_cont_enabled=1 tail_active_dims=(1,) tail_delta=0.1 tail_start=(6, 6, 6) returned_y=(6, 0, 1) returned_b=(1, 0, 0) returned_u=(0, 0, 0) returned_zcap=(6, 0, 1) max_tail_u=0",NA
120,P1_no_rho,324,1286.0671726999572,5.581385899917223,3.6137838000431657,0.18730999995023012,0.01,41937.17140930638,41937.17140930638,-65630.34124931732,-49495.21435052377,0.0,-21410.840033315,-70624.08981410935,-70624.0755450648,-47036.80371157194,-21410.840033315,25625.963678256943,25625.963678256936,-20932.945260280438,36066.0,nan,nan,1.5000000000000002,10.0,0.0,0.0,10.0,0.85,CORE,MAIN,1.2140199705849506,0.2620070351541889,0.6,0.174,-47036.80371157194,STRUCTURAL,-0.9185221590932245,-177372.99662269253,25500.0,0,0,0,0,0,0,0,inf,inf,NA,1,5,5,5,22,6,0,0,CONTINUE,0,A,1,1,0,KEEP_STRUCTURAL_IN_ON_CUT,2,3,0,0,"tail_cont_enabled=1 tail_active_dims=(1,) tail_delta=0.1 tail_start=(6, 6, 6) returned_y=(2, 6, 0) returned_b=(0, 1, 0) returned_u=(0, 0, 0) returned_zcap=(2, 6, 0) max_tail_u=0",NA
120,P1_no_rho,325,1293.203066799906,5.581385899917223,7.135455499985255,0.16672739991918206,0.01,62612.595849327125,62612.595849327125,-65630.34124931732,-46393.90068452065,0.0,-21410.840033315,-77912.05166734844,-77912.03654350652,-47036.80371157194,-21410.840033315,25625.963678256943,25625.963678256936,-22769.695265780058,38445.5,nan,nan,1.5000000000000002,10.0,0.0,0.0,10.0,0.85,CORE,MAIN,1.2131668982498252,0.2503735422269301,0.6,0.174,-47036.80371157194,STRUCTURAL,-0.956199317262557,-177372.99662269253,25500.0,0,0,0,0,0,0,0,inf,inf,NA,1,5,5,5,22,6,0,0,CONTINUE,0,A,1,1,0,KEEP_STRUCTURAL_IN_ON_CUT,2,3,0,0,"tail_cont_enabled=1 tail_active_dims=(1,) tail_delta=0.1 tail_start=(6, 6, 6) returned_y=(2, 6, 0) returned_b=(0, 1, 0) returned_u=(0, 0, 0) returned_zcap=(2, 6, 0) max_tail_u=0",NA
120,P1_no_rho,326,1296.1200340000214,5.581385899917223,2.9165538999950513,0.15986460004933178,0.01,67956.24154450129,67956.24154450129,-65630.34124931732,-45592.35383024453,0.0,-21410.840033315,-74116.40081512793,-74116.38605477301,-47036.80371157194,-21410.840033315,25625.963678256943,25625.963678256936,-22091.92066424229,36702.0,nan,nan,1.5000000000000002,10.0,0.0,0.0,10.0,0.85,CORE,MAIN,1.2125076684633438,0.24788504256557453,0.6,0.174,-47036.80371157194,STRUCTURAL,-0.9449887452188019,-177372.99662269253,25500.0,0,0,0,0,0,0,0,inf,inf,NA,1,5,5,5,22,6,0,0,CONTINUE,0,A,1,1,0,KEEP_STRUCTURAL_IN_ON_CUT,2,3,0,0,"tail_cont_enabled=1 tail_active_dims=(1,) tail_delta=0.1 tail_start=(6, 6, 6) returned_y=(2, 6, 0) returned_b=(0, 1, 0) returned_u=(0, 0, 0) returned_zcap=(2, 6, 0) max_tail_u=0",NA
120,P1_no_rho,327,1299.775344499969,5.581385899917223,3.6546368000563234,0.17318160005379468,0.01,52240.0757160201,52240.0757160201,-65630.34124931732,-47949.778704516706,0.0,-21410.840033315,-73085.9988897595,-73085.9840923059,-47036.80371157194,-21410.840033315,25625.963678256943,25625.963678256936,-22763.5452438041,35974.0,nan,nan,1.5000000000000002,10.0,0.0,0.0,10.0,0.85,CORE,MAIN,1.2124498661349108,0.2488753369065515,0.6,0.174,-47036.80371157194,STRUCTURAL,-0.932570538879965,-177372.99662269253,25500.0,0,0,0,0,0,0,0,inf,inf,NA,1,5,5,5,22,6,0,0,CONTINUE,0,A,1,1,0,KEEP_STRUCTURAL_IN_ON_CUT,2,3,0,0,"tail_cont_enabled=1 tail_active_dims=(1,) tail_delta=0.1 tail_start=(6, 6, 6) returned_y=(6, 0, 1) returned_b=(1, 0, 0) returned_u=(0, 0, 0) returned_zcap=(6, 0, 1) max_tail_u=0",NA
120,P1_no_rho,328,1302.7947431999492,5.581385899917223,3.018983499961905,0.16867070004809648,0.01,64928.23595141549,64928.23595141549,-65630.34124931732,-46046.5546692074,0.0,-21410.840033315,-69473.41791187132,-69473.40353813775,-47036.80371157194,-21410.840033315,25625.963678256943,25625.963678256936,-20050.329074968904,34500.0,nan,nan,1.5000000000000002,10.0,0.0,0.0,10.0,0.85,CORE,MAIN,1.2124531934833398,0.2640977904063434,0.6,0.174,-47036.80371157194,STRUCTURAL,-0.955035255326934,-177372.99662269253,25500.0,0,0,0,0,0,0,0,inf,inf,NA,1,5,5,5,22,6,0,0,CONTINUE,0,A,1,1,0,KEEP_STRUCTURAL_IN_ON_CUT,2,3,0,0,"tail_cont_enabled=1 tail_active_dims=(1,) tail_delta=0.1 tail_start=(6, 6, 6) returned_y=(6, 0, 1) returned_b=(1, 0, 0) returned_u=(0, 0, 0) returned_zcap=(6, 0, 1) max_tail_u=0",NA
120,P1_no_rho,329,1305.245277900016,5.581385899917223,2.4501159000210464,0.21836689999327064,0.01,59034.92783679294,59034.92783679294,-65630.34124931732,-46930.550886400786,0.0,-21410.840033315,-71200.97744819146,-71200.96276493197,-47036.80371157194,-21410.840033315,25625.963678256943,25625.963678256936,-20227.622580340656,35553.5,nan,nan,1.5000000000000002,10.0,0.0,0.0,10.0,0.85,CORE,MAIN,1.2125702692366978,0.24578334652308187,0.6,0.174,-47036.80371157194,STRUCTURAL,-0.9558053859599629,-177372.99662269253,25500.0,0,0,0,0,0,0,0,inf,inf,NA,1,5,5,5,22,6,0,0,CONTINUE,0,A,1,1,0,KEEP_STRUCTURAL_IN_ON_CUT,2,3,0,0,"tail_cont_enabled=1 tail_active_dims=(1,) tail_delta=0.1 tail_start=(6, 6, 6) returned_y=(6, 0, 1) returned_b=(1, 0, 0) returned_u=(0, 0, 0) returned_zcap=(6, 0, 1) max_tail_u=0",NA
120,P1_no_rho,330,1312.6160584000172,5.581385899917223,7.370085499947891,0.16494849999435246,0.01,54382.73815364579,54382.73815364579,-65630.34124931732,-47628.37933887285,0.0,-21410.840033315,-72269.77912696215,-72269.76444367875,-47036.80371157194,-21410.840033315,25625.963678256943,25625.963678256936,-21588.38933237797,35651.5,nan,nan,1.5000000000000002,10.0,0.0,0.0,10.0,0.85,CORE,MAIN,1.212457574730297,0.24056351552107746,0.6,0.174,-47036.80371157194,STRUCTURAL,-0.947718424401045,-177372.99662269253,25500.0,0,0,0,0,0,0,0,inf,inf,NA,1,5,5,5,22,6,0,0,CONTINUE,0,A,1,1,0,KEEP_STRUCTURAL_IN_ON_CUT,2,3,0,0,"tail_cont_enabled=1 tail_active_dims=(1,) tail_delta=0.1 tail_start=(6, 6, 6) returned_y=(6, 0, 1) returned_b=(1, 0, 0) returned_u=(0, 0, 0) returned_zcap=(6, 0, 1) max_tail_u=0",NA
120,P1_no_rho,331,1315.8787555999588,5.581385899917223,3.262214899994433,0.17454670008737594,0.01,69187.05478892267,69187.05478892267,-65630.34124931732,-45407.73184358132,0.0,-21410.840033315,-72072.1678046315,-72072.1531961089,-47036.80371157194,-21410.840033315,25625.963678256943,25625.963678256936,-21915.21907112391,35691.0,nan,nan,1.5000000000000002,10.0,0.0,0.0,10.0,0.85,CORE,MAIN,1.2126999325815868,0.26283947391050455,0.6,0.174,-47036.80371157194,STRUCTURAL,-0.93687361192803,-177372.99662269253,25500.0,0,0,0,0,0,0,0,inf,inf,NA,1,5,5,5,22,6,0,0,CONTINUE,0,A,1,1,0,KEEP_STRUCTURAL_IN_ON_CUT,2,3,0,0,"tail_cont_enabled=1 tail_active_dims=(1,) tail_delta=0.1 tail_start=(6, 6, 6) returned_y=(6, 0, 1) returned_b=(1, 0, 0) returned_u=(0, 0, 0) returned_zcap=(6, 0, 1) max_tail_u=0",NA
120,P1_no_rho,332,1319.6353024999844,5.581385899917223,3.7558928000507876,0.16925369994714856,0.01,59379.73851481123,59379.73851481123,-65630.34124931732,-46878.82928469804,0.0,-21410.840033315,-77858.22040518573,-77858.20536730377,-47036.80371157194,-21410.840033315,25625.963678256943,25625.963678256936,-22462.954970465675,38534.5,nan,nan,1.5000000000000002,10.0,0.0,0.0,10.0,0.85,CORE,MAIN,1.211699682062143,0.24899626071267167,0.6,0.174,-47036.80371157194,STRUCTURAL,-0.9583663193041403,-177372.99662269253,25500.0,0,0,0,0,0,0,0,inf,inf,NA,1,5,5,5,22,6,0,0,CONTINUE,0,A,1,1,0,KEEP_STRUCTURAL_IN_ON_CUT,2,3,0,0,"tail_cont_enabled=1 tail_active_dims=(1,) tail_delta=0.1 tail_start=(6, 6, 6) returned_y=(2, 6, 0) returned_b=(0, 1, 0) returned_u=(0, 0, 0) returned_zcap=(2, 6, 0) max_tail_u=0",NA
120,P1_no_rho,333,1322.6806194999954,5.581385899917223,3.04485529998783,0.16511289996560663,0.01,72113.39046342362,72113.39046342362,-65630.34124931732,-44968.78149240618,0.0,-21410.840033315,-74199.73779402889,-74199.72422061668,-47036.80371157194,-21410.840033315,25625.963678256943,25625.963678256936,-19779.86482119823,38590.5,nan,nan,1.5000000000000002,10.0,0.0,0.0,10.0,0.85,CORE,MAIN,1.2110218166149982,0.25764126358672035,0.6,0.174,-47036.80371157194,STRUCTURAL,-0.9401253227161858,-177372.99662269253,25500.0,0,0,0,0,0,0,0,inf,inf,NA,1,5,5,5,22,6,0,0,CONTINUE,0,A,1,1,0,KEEP_STRUCTURAL_IN_ON_CUT,2,3,0,0,"tail_cont_enabled=1 tail_active_dims=(1,) tail_delta=0.1 tail_start=(6, 6, 6) returned_y=(2, 6, 0) returned_b=(0, 1, 0) returned_u=(0, 0, 0) returned_zcap=(2, 6, 0) max_tail_u=0",NA
120,P1_no_rho,334,1326.0528008999536,5.581385899917223,3.371811200049706,0.16499179997481406,0.01,48813.26929830366,48813.26929830366,-65630.34124931732,-48463.79966717417,0.0,-21410.840033315,-68984.89507841873,-68984.88101090342,-47036.80371157194,-21410.840033315,25625.963678256943,25625.963678256936,-20850.069650261077,35289.0,nan,nan,1.5000000000000002,10.0,0.0,0.0,10.0,0.85,CORE,MAIN,1.2111182340485576,0.26935944054182936,0.6,0.174,-47036.80371157194,STRUCTURAL,-0.909344958497782,-177372.99662269253,25500.0,0,0,0,0,0,0,0,inf,inf,NA,1,5,5,5,22,6,0,0,CONTINUE,0,A,1,1,0,KEEP_STRUCTURAL_IN_ON_CUT,2,3,0,0,"tail_cont_enabled=1 tail_active_dims=(1,) tail_delta=0.1 tail_start=(6, 6, 6) returned_y=(6, 0, 1) returned_b=(1, 0, 0) returned_u=(0, 0, 0) returned_zcap=(6, 0, 1) max_tail_u=0",NA
120,P1_no_rho,335,1333.0654223000165,5.581385899917223,7.012225200072862,0.15852439997252077,0.01,57825.1155505328,57825.1155505328,-65630.34124931732,-47112.022729339806,0.0,-21410.840033315,-71605.19450709384,-71605.17994548572,-47036.80371157194,-21410.840033315,25625.963678256943,25625.963678256936,-20570.20219949382,35623.5,nan,nan,1.5000000000000002,10.0,0.0,0.0,10.0,0.85,CORE,MAIN,1.2111986913736366,0.2630521856392485,0.6,0.174,-47036.80371157194,STRUCTURAL,-0.9550807331488468,-177372.99662269253,25500.0,0,0,0,0,0,0,0,inf,inf,NA,1,5,5,5,22,6,0,0,CONTINUE,0,A,1,1,0,KEEP_STRUCTURAL_IN_ON_CUT,2,3,0,0,"tail_cont_enabled=1 tail_active_dims=(1,) tail_delta=0.1 tail_start=(6, 6, 6) returned_y=(6, 0, 1) returned_b=(1, 0, 0) returned_u=(0, 0, 0) returned_zcap=(6, 0, 1) max_tail_u=0",NA
120,P1_no_rho,336,1335.281238699914,5.581385899917223,2.2153004999272525,0.1593847000040114,0.01,58956.10626491736,58956.10626491736,-65630.34124931732,-46942.37412218212,0.0,-21410.840033315,-73613.37163157863,-73613.35676425461,-47036.80371157194,-21410.840033315,25625.963678256943,25625.963678256936,-21201.14379119004,36599.5,nan,nan,1.5000000000000002,10.0,0.0,0.0,10.0,0.85,CORE,MAIN,1.2108970317345358,0.2575220967368608,0.6,0.174,-47036.80371157194,STRUCTURAL,-0.9546981602310517,-177372.99662269253,25500.0,0,0,0,0,0,0,0,inf,inf,NA,1,5,5,5,22,6,0,0,CONTINUE,0,A,1,1,0,KEEP_STRUCTURAL_IN_ON_CUT,2,3,0,0,"tail_cont_enabled=1 tail_active_dims=(1,) tail_delta=0.1 tail_start=(6, 6, 6) returned_y=(6, 0, 1) returned_b=(1, 0, 0) returned_u=(0, 0, 0) returned_zcap=(6, 0, 1) max_tail_u=0",NA
120,P1_no_rho,337,1338.2230841999408,5.581385899917223,2.9413078000070527,0.15885659994091839,0.01,52748.443537106556,52748.443537106556,-65630.34124931732,-47873.52353135374,0.0,-21410.840033315,-73675.46436488633,-73675.44940961558,-47036.80371157194,-21410.840033315,25625.963678256943,25625.963678256936,-21764.646651031566,36063.5,nan,nan,1.5000000000000002,10.0,0.0,0.0,10.0,0.85,CORE,MAIN,1.210459159016994,0.2603013784755057,0.6,0.174,-47036.80371157194,STRUCTURAL,-0.959618501783133,-177372.99662269253,25500.0,0,0,0,0,0,0,0,inf,inf,NA,1,5,5,5,22,6,0,0,CONTINUE,0,A,1,1,0,KEEP_STRUCTURAL_IN_ON_CUT,2,3,0,0,"tail_cont_enabled=1 tail_active_dims=(1,) tail_delta=0.1 tail_start=(6, 6, 6) returned_y=(6, 0, 1) returned_b=(1, 0, 0) returned_u=(0, 0, 0) returned_zcap=(6, 0, 1) max_tail_u=0",NA
120,P1_no_rho,338,1341.863420699956,5.581385899917223,3.639754500007257,0.1621830000076443,0.01,54928.91038089777,54928.91038089777,-65630.34124931732,-47546.45350478506,0.0,-21410.840033315,-76244.53609721153,-76244.52094628252,-47036.80371157194,-21410.840033315,25625.963678256943,25625.963678256936,-23167.364047806284,36807.5,nan,nan,1.5000000000000002,10.0,0.0,0.0,10.0,0.85,CORE,MAIN,1.2097551134827815,0.2464276355580337,0.6,0.174,-47036.80371157194,STRUCTURAL,-0.9613467707845087,-177372.99662269253,25500.0,0,0,0,0,0,0,0,inf,inf,NA,1,5,5,5,22,6,0,0,CONTINUE,0,A,1,1,0,KEEP_STRUCTURAL_IN_ON_CUT,2,3,0,0,"tail_cont_enabled=1 tail_active_dims=(1,) tail_delta=0.1 tail_start=(6, 6, 6) returned_y=(6, 0, 1) returned_b=(1, 0, 0) returned_u=(0, 0, 0) returned_zcap=(6, 0, 1) max_tail_u=0",NA
120,P1_no_rho,339,1344.9969376999652,5.581385899917223,3.1328175000380725,0.1520744999870658,0.01,55303.902892331236,55303.902892331236,-65630.34124931732,-47490.20462807004,0.0,-21410.840033315,-78298.58871967,-78298.573689207,-47036.80371157194,-21410.840033315,25625.963678256943,25625.963678256936,-21764.276648992665,38748.0,nan,nan,1.5000000000000002,10.0,0.0,0.0,10.0,0.85,CORE,MAIN,1.2084262422351495,0.2315662134217431,0.6,0.174,-47036.80371157194,STRUCTURAL,-0.9726832703660288,-177372.99662269253,25500.0,0,0,0,0,0,0,0,inf,inf,NA,1,5,5,5,22,6,0,0,CONTINUE,0,A,1,1,0,KEEP_STRUCTURAL_IN_ON_CUT,2,3,0,0,"tail_cont_enabled=1 tail_active_dims=(1,) tail_delta=0.1 tail_start=(6, 6, 6) returned_y=(2, 6, 0) returned_b=(0, 1, 0) returned_u=(0, 0, 0) returned_zcap=(2, 6, 0) max_tail_u=0",NA
120,P1_no_rho,340,1351.6428803999443,5.581385899917223,6.645358799956739,0.17559909995179623,0.01,85581.63736363371,85581.63736363371,-65630.34124931732,-42948.544457374664,0.0,-21410.840033315,-74255.89537011721,-74255.88176742493,-47036.80371157194,-21410.840033315,25625.963678256943,25625.963678256936,-18817.442905335345,38300.0,nan,nan,1.5000000000000002,10.0,0.0,0.0,10.0,0.85,CORE,MAIN,1.2094814198982007,0.25856021046322897,0.6,0.174,-47036.80371157194,STRUCTURAL,-0.96498588097632,-177372.99662269253,25500.0,0,0,0,0,0,0,0,inf,inf,NA,1,5,5,5,22,6,0,0,CONTINUE,0,A,1,1,0,KEEP_STRUCTURAL_IN_ON_CUT,2,3,0,0,"tail_cont_enabled=1 tail_active_dims=(1,) tail_delta=0.1 tail_start=(6, 6, 6) returned_y=(2, 6, 0) returned_b=(0, 1, 0) returned_u=(0, 0, 0) returned_zcap=(2, 6, 0) max_tail_u=0",NA
120,P1_no_rho,341,1354.8443441999843,5.581385899917223,3.201003500027582,0.1655400999588892,0.01,57106.13519659867,57106.13519659867,-65630.34124931732,-47219.86978242992,0.0,-21410.840033315,-71914.96022836352,-71914.94560309054,-47036.80371157194,-21410.840033315,25625.963678256943,25625.963678256936,-22149.021789844588,36339.5,nan,nan,1.5000000000000002,10.0,0.0,0.0,10.0,0.85,CORE,MAIN,1.210904983863509,0.2696882107406334,0.6,0.174,-47036.80371157194,STRUCTURAL,-0.9129812612216451,-177372.99662269253,25500.0,0,0,0,0,0,0,0,inf,inf,NA,1,5,5,5,22,6,0,0,CONTINUE,0,A,1,1,0,KEEP_STRUCTURAL_IN_ON_CUT,2,3,0,0,"tail_cont_enabled=1 tail_active_dims=(1,) tail_delta=0.1 tail_start=(6, 6, 6) returned_y=(6, 0, 1) returned_b=(1, 0, 0) returned_u=(0, 0, 0) returned_zcap=(6, 0, 1) max_tail_u=0",NA
120,P1_no_rho,342,1357.893811799935,5.581385899917223,3.049086599959992,0.1724273000145331,0.01,56709.65498204573,56709.65498204573,-65630.34124931732,-47279.34181461287,0.0,-21410.840033315,-68008.04658021482,-68008.03246324649,-47036.80371157194,-21410.840033315,25625.963678256943,25625.963678256936,-19149.973474489805,34442.5,nan,nan,1.5000000000000002,10.0,0.0,0.0,10.0,0.85,CORE,MAIN,1.2102712493699785,0.2649916600427623,0.6,0.174,-47036.80371157194,STRUCTURAL,-0.9456932373038484,-177372.99662269253,25500.0,0,0,0,0,0,0,0,inf,inf,NA,1,5,5,5,22,6,0,0,CONTINUE,0,A,1,1,0,KEEP_STRUCTURAL_IN_ON_CUT,2,3,0,0,"tail_cont_enabled=1 tail_active_dims=(1,) tail_delta=0.1 tail_start=(6, 6, 6) returned_y=(6, 0, 1) returned_b=(1, 0, 0) returned_u=(0, 0, 0) returned_zcap=(6, 0, 1) max_tail_u=0",NA
120,P1_no_rho,343,1360.211714199977,5.581385899917223,2.31732989999,0.1585057000629604,0.01,50174.58387489498,50174.58387489498,-65630.34124931732,-48259.60248068548,0.0,-21410.840033315,-67935.81557680362,-67935.80161961731,-47036.80371157194,-21410.840033315,25625.963678256943,25625.963678256936,-19779.759027028733,34227.5,nan,nan,1.5000000000000002,10.0,0.0,0.0,10.0,0.85,CORE,MAIN,1.2107305997197753,0.24614348545325349,0.6,0.174,-47036.80371157194,STRUCTURAL,-0.937960072896328,-177372.99662269253,25500.0,0,0,0,0,0,0,0,inf,inf,NA,1,5,5,5,22,6,0,0,CONTINUE,0,A,1,1,0,KEEP_STRUCTURAL_IN_ON_CUT,2,3,0,0,"tail_cont_enabled=1 tail_active_dims=(1,) tail_delta=0.1 tail_start=(6, 6, 6) returned_y=(6, 0, 1) returned_b=(1, 0, 0) returned_u=(0, 0, 0) returned_zcap=(6, 0, 1) max_tail_u=0",NA
120,P1_no_rho,344,1363.5396490999265,5.581385899917223,3.3273325000191107,0.22738090006168932,0.01,45610.06412348617,45610.06412348617,-65630.34124931732,-48944.2804433968,0.0,-21410.840033315,-68006.2313893589,-68006.21736228658,-47036.80371157194,-21410.840033315,25625.963678256943,25625.963678256936,-20032.775679931383,34986.0,nan,nan,1.5000000000000002,10.0,0.0,0.0,10.0,0.85,CORE,MAIN,1.2118375388420253,0.2516833693871109,0.6,0.174,-47036.80371157194,STRUCTURAL,-0.9141454997685778,-177372.99662269253,25500.0,0,0,0,0,0,0,0,inf,inf,NA,1,5,5,5,22,6,0,0,CONTINUE,0,A,1,1,0,KEEP_STRUCTURAL_IN_ON_CUT,2,3,0,0,"tail_cont_enabled=1 tail_active_dims=(1,) tail_delta=0.1 tail_start=(6, 6, 6) returned_y=(6, 0, 1) returned_b=(1, 0, 0) returned_u=(0, 0, 0) returned_zcap=(6, 0, 1) max_tail_u=0",NA
120,P1_no_rho,345,1370.161857899977,5.581385899917223,6.621748200035654,0.15951049991417676,0.01,40064.28688031476,40064.28688031476,-65630.34124931732,-49776.14702987251,0.0,-21410.840033315,-69537.92236082381,-69537.90815510335,-47036.80371157194,-21410.840033315,25625.963678256943,25625.963678256936,-22056.596087813177,34469.0,nan,nan,1.5000000000000002,10.0,0.0,0.0,10.0,0.85,CORE,MAIN,1.2129626852795337,0.25041723473681643,0.6,0.174,-47036.80371157194,STRUCTURAL,-0.9183384503426294,-177372.99662269253,25500.0,0,0,0,0,0,0,0,inf,inf,NA,1,5,5,5,22,6,0,0,CONTINUE,0,A,1,1,0,KEEP_STRUCTURAL_IN_ON_CUT,2,3,0,0,"tail_cont_enabled=1 tail_active_dims=(1,) tail_delta=0.1 tail_start=(6, 6, 6) returned_y=(6, 0, 1) returned_b=(1, 0, 0) returned_u=(0, 0, 0) returned_zcap=(6, 0, 1) max_tail_u=0",NA
120,P1_no_rho,346,1373.452824799926,5.581385899917223,3.2905676999362186,0.1706333999754861,0.01,60049.856187846606,60049.856187846606,-65630.34124931732,-46778.311633742735,0.0,-21410.840033315,-84130.37390914588,-84130.35772346747,-47036.80371157194,-21410.840033315,25625.963678256943,25625.963678256936,-26060.299638839424,40279.0,nan,nan,1.5000000000000002,10.0,0.0,0.0,10.0,0.85,CORE,MAIN,1.2108358060319513,0.23234600507913894,0.6,0.174,-47036.80371157194,STRUCTURAL,-0.9611304167536108,-177372.99662269253,25500.0,0,0,0,0,0,0,0,inf,inf,NA,1,5,5,5,22,6,0,0,CONTINUE,0,A,1,1,0,KEEP_STRUCTURAL_IN_ON_CUT,2,3,0,0,"tail_cont_enabled=1 tail_active_dims=(1,) tail_delta=0.1 tail_start=(6, 6, 6) returned_y=(2, 6, 0) returned_b=(0, 1, 0) returned_u=(0, 0, 0) returned_zcap=(2, 6, 0) max_tail_u=0",NA
120,P1_no_rho,347,1376.3698320999974,5.581385899917223,2.9165084999985993,0.16679950000252575,0.01,90141.6240805211,90141.6240805211,-65630.34124931732,-42264.54644984155,0.0,-21410.840033315,-77057.64955661818,-77057.63552189896,-47036.80371157194,-21410.840033315,25625.963678256943,25625.963678256936,-19918.575778721628,39479.0,nan,nan,1.5000000000000002,10.0,0.0,0.0,10.0,0.85,CORE,MAIN,1.2088711011368198,0.2361527693706843,0.6,0.174,-47036.80371157194,STRUCTURAL,-0.9648852933319371,-177372.99662269253,25500.0,0,0,0,0,0,0,0,inf,inf,NA,1,5,5,5,22,6,0,0,CONTINUE,0,A,1,1,0,KEEP_STRUCTURAL_IN_ON_CUT,2,3,0,0,"tail_cont_enabled=1 tail_active_dims=(1,) tail_delta=0.1 tail_start=(6, 6, 6) returned_y=(2, 6, 0) returned_b=(0, 1, 0) returned_u=(0, 0, 0) returned_zcap=(2, 6, 0) max_tail_u=0",NA
120,P1_no_rho,348,1379.6550075999694,5.581385899917223,3.2847008999669924,0.2292467999504879,0.01,43978.50663086916,43978.50663086916,-65630.34124931732,-49189.01406728935,0.0,-21410.840033315,-67684.76410496734,-67684.75011797059,-47036.80371157194,-21410.840033315,25625.963678256943,25625.963678256936,-20422.170929159784,35785.5,nan,nan,1.5000000000000002,10.0,0.0,0.0,10.0,0.85,CORE,MAIN,1.2087949005305372,0.25161742352353167,0.6,0.174,-47036.80371157194,STRUCTURAL,-0.8804791361270308,-177372.99662269253,25500.0,0,0,0,0,0,0,0,inf,inf,NA,1,5,5,5,22,6,0,0,CONTINUE,0,A,1,1,0,KEEP_STRUCTURAL_IN_ON_CUT,2,3,0,0,"tail_cont_enabled=1 tail_active_dims=(1,) tail_delta=0.1 tail_start=(6, 6, 6) returned_y=(1, 0, 6) returned_b=(0, 0, 1) returned_u=(0, 0, 0) returned_zcap=(1, 0, 6) max_tail_u=0",NA
120,P1_no_rho,349,1382.5095959999599,5.581385899917223,2.8539555999450386,0.17051940003875643,0.01,59277.74231848951,59277.74231848951,-65630.34124931732,-46894.128714146296,0.0,-21410.840033315,-71666.97049107181,-71666.95595740541,-47036.80371157194,-21410.840033315,25625.963678256943,25625.963678256936,-19964.628703465427,36523.5,nan,nan,1.5000000000000002,10.0,0.0,0.0,10.0,0.85,CORE,MAIN,1.2085646578142872,0.23729333579541512,0.6,0.174,-47036.80371157194,STRUCTURAL,-0.943727139219771,-177372.99662269253,25500.0,0,0,0,0,0,0,0,inf,inf,NA,1,5,5,5,22,6,0,0,CONTINUE,0,A,1,1,0,KEEP_STRUCTURAL_IN_ON_CUT,2,3,0,0,"tail_cont_enabled=1 tail_active_dims=(1,) tail_delta=0.1 tail_start=(6, 6, 6) returned_y=(1, 0, 6) returned_b=(0, 0, 1) returned_u=(0, 0, 0) returned_zcap=(1, 0, 6) max_tail_u=0",NA
120,P1_no_rho,350,1389.4971975999651,5.581385899917223,6.987022100016475,0.16915289999451488,0.01,58712.728986315466,58712.728986315466,-65630.34124931732,-46978.8807139724,0.0,-21410.840033315,-69869.01560754595,-69869.00146172619,-47036.80371157194,-21410.840033315,25625.963678256943,25625.963678256936,-20504.62388320149,36844.5,nan,nan,1.5000000000000002,10.0,0.0,0.0,10.0,0.85,CORE,MAIN,1.2086997951349425,0.24802690272585548,0.6,0.174,-47036.80371157194,STRUCTURAL,-0.8932021075696455,-177372.99662269253,25500.0,0,0,0,0,0,0,0,inf,inf,NA,1,5,5,5,22,6,0,0,CONTINUE,0,A,1,1,0,KEEP_STRUCTURAL_IN_ON_CUT,2,3,0,0,"tail_cont_enabled=1 tail_active_dims=(1,) tail_delta=0.1 tail_start=(6, 6, 6) returned_y=(1, 0, 6) returned_b=(0, 0, 1) returned_u=(0, 0, 0) returned_zcap=(1, 0, 6) max_tail_u=0",NA
120,P1_no_rho,351,1391.6897880999604,5.581385899917223,2.192127199959941,0.16396709997206926,0.01,61265.422224800466,61265.422224800466,-65630.34124931732,-46595.976728199654,0.0,-21410.840033315,-73335.38163067514,-73335.36675618663,-47036.80371157194,-21410.840033315,25625.963678256943,25625.963678256936,-21994.812099884388,37011.5,nan,nan,1.5000000000000002,10.0,0.0,0.0,10.0,0.85,CORE,MAIN,1.2082348908415192,0.2557235274168478,0.6,0.174,-47036.80371157194,STRUCTURAL,-0.9247676110812808,-177372.99662269253,25500.0,0,0,0,0,0,0,0,inf,inf,NA,1,5,5,5,22,6,0,0,CONTINUE,0,A,1,1,0,KEEP_STRUCTURAL_IN_ON_CUT,2,3,0,0,"tail_cont_enabled=1 tail_active_dims=(1,) tail_delta=0.1 tail_start=(6, 6, 6) returned_y=(1, 0, 6) returned_b=(0, 0, 1) returned_u=(0, 0, 0) returned_zcap=(1, 0, 6) max_tail_u=0",NA
120,P1_no_rho,352,1394.97558749991,5.581385899917223,3.2854049999732524,0.1630934999557212,0.01,61593.206733778236,61593.206733778236,-65630.34124931732,-46546.809051852986,0.0,-21410.840033315,-70202.71820691612,-70202.70392377356,-47036.80371157194,-21410.840033315,25625.963678256943,25625.963678256936,-22257.91833248679,35902.0,nan,nan,1.5000000000000002,10.0,0.0,0.0,10.0,0.85,CORE,MAIN,1.2090684494932025,0.24384401820078477,0.6,0.174,-47036.80371157194,STRUCTURAL,-0.8902899669709534,-177372.99662269253,25500.0,0,0,0,0,0,0,0,inf,inf,NA,1,5,5,5,22,6,0,0,CONTINUE,0,A,1,1,0,KEEP_STRUCTURAL_IN_ON_CUT,2,3,0,0,"tail_cont_enabled=1 tail_active_dims=(1,) tail_delta=0.1 tail_start=(6, 6, 6) returned_y=(1, 0, 6) returned_b=(0, 0, 1) returned_u=(0, 0, 0) returned_zcap=(1, 0, 6) max_tail_u=0",NA
120,P1_no_rho,353,1398.0830858999398,5.581385899917223,3.106848799972795,0.16535640007350594,0.01,36500.94723053309,36500.94723053309,-65630.34124931732,-50310.64797733976,0.0,-21410.840033315,-78299.55492340146,-78299.53940590446,-47036.80371157194,-21410.840033315,25625.963678256943,25625.963678256936,-25280.554018426694,38491.0,nan,nan,1.5000000000000002,10.0,0.0,0.0,10.0,0.85,CORE,MAIN,1.2083625359263248,0.2506577189395691,0.6,0.174,-47036.80371157194,STRUCTURAL,-0.9182923347878338,-177372.99662269253,25500.0,0,0,0,0,0,0,0,inf,inf,NA,1,5,5,5,22,6,0,0,CONTINUE,0,A,1,1,0,KEEP_STRUCTURAL_IN_ON_CUT,2,3,0,0,"tail_cont_enabled=1 tail_active_dims=(1,) tail_delta=0.1 tail_start=(6, 6, 6) returned_y=(1, 0, 6) returned_b=(0, 0, 1) returned_u=(0, 0, 0) returned_zcap=(1, 0, 6) max_tail_u=0",NA
120,P1_no_rho,354,1401.3351430000039,5.581385899917223,3.2516037999885157,0.162655399995856,0.01,55033.67317034414,55033.67317034414,-65630.34124931732,-47530.73908636811,0.0,-21410.840033315,-68889.1079227438,-68889.09414326117,-47036.80371157194,-21410.840033315,25625.963678256943,25625.963678256936,-19421.2945136252,35534.0,nan,nan,1.5000000000000002,10.0,0.0,0.0,10.0,0.85,CORE,MAIN,1.2096380169638876,0.2654430109234942,0.6,0.174,-47036.80371157194,STRUCTURAL,-0.9280838939163614,-177372.99662269253,25500.0,0,0,0,0,0,0,0,inf,inf,NA,1,5,5,5,22,6,0,0,CONTINUE,0,A,1,1,0,KEEP_STRUCTURAL_IN_ON_CUT,2,3,0,0,"tail_cont_enabled=1 tail_active_dims=(1,) tail_delta=0.1 tail_start=(6, 6, 6) returned_y=(2, 6, 0) returned_b=(0, 1, 0) returned_u=(0, 0, 0) returned_zcap=(2, 6, 0) max_tail_u=0",NA
120,P1_no_rho,355,1408.170551499934,5.581385899917223,6.834863499971107,0.16300760000012815,0.01,69608.10762393601,69608.10762393601,-65630.34124931732,-45344.57391832932,0.0,-21410.840033315,-70224.5621882742,-70224.54790558692,-47036.80371157194,-21410.840033315,25625.963678256943,25625.963678256936,-20678.071109712768,35230.0,nan,nan,1.5000000000000002,10.0,0.0,0.0,10.0,0.85,CORE,MAIN,1.2107902269771014,0.25835681723950943,0.6,0.174,-47036.80371157194,STRUCTURAL,-0.9375811674874471,-177372.99662269253,25500.0,0,0,0,0,0,0,0,inf,inf,NA,1,5,5,5,22,6,0,0,CONTINUE,0,A,1,1,0,KEEP_STRUCTURAL_IN_ON_CUT,2,3,0,0,"tail_cont_enabled=1 tail_active_dims=(1,) tail_delta=0.1 tail_start=(6, 6, 6) returned_y=(2, 6, 0) returned_b=(0, 1, 0) returned_u=(0, 0, 0) returned_zcap=(2, 6, 0) max_tail_u=0",NA
120,P1_no_rho,356,1411.2848685999634,5.581385899917223,3.113674800028093,0.15782449999824166,0.01,60323.623399505304,60323.623399505304,-65630.34124931732,-46737.24655199393,0.0,-21410.840033315,-72384.0128362916,-72383.99809478263,-47036.80371157194,-21410.840033315,25625.963678256943,25625.963678256936,-21675.869696577734,36513.5,nan,nan,1.5000000000000002,10.0,0.0,0.0,10.0,0.85,CORE,MAIN,1.2111849413031535,0.2446336874971239,0.6,0.174,-47036.80371157194,STRUCTURAL,-0.9258334296119681,-177372.99662269253,25500.0,0,0,0,0,0,0,0,inf,inf,NA,1,5,5,5,22,6,0,0,CONTINUE,0,A,1,1,0,KEEP_STRUCTURAL_IN_ON_CUT,2,3,0,0,"tail_cont_enabled=1 tail_active_dims=(1,) tail_delta=0.1 tail_start=(6, 6, 6) returned_y=(1, 0, 6) returned_b=(0, 0, 1) returned_u=(0, 0, 0) returned_zcap=(1, 0, 6) max_tail_u=0",NA
120,P1_no_rho,357,1415.0095722000115,5.581385899917223,3.723914800095372,0.18661070009693503,0.01,60731.53635058819,60731.53635058819,-65630.34124931732,-46676.059609331496,0.0,-21410.840033315,-67615.93579283412,-67615.92187112226,-47036.80371157194,-21410.840033315,25625.963678256943,25625.963678256936,-19627.499766401506,35326.0,nan,nan,1.5000000000000002,10.0,0.0,0.0,10.0,0.85,CORE,MAIN,1.2115426722589204,0.2572848232816032,0.6,0.174,-47036.80371157194,STRUCTURAL,-0.9056298874241964,-177372.99662269253,25500.0,0,0,0,0,0,0,0,inf,inf,NA,1,5,5,5,22,6,0,0,CONTINUE,0,A,1,1,0,KEEP_STRUCTURAL_IN_ON_CUT,2,3,0,0,"tail_cont_enabled=1 tail_active_dims=(1,) tail_delta=0.1 tail_start=(6, 6, 6) returned_y=(1, 0, 6) returned_b=(0, 0, 1) returned_u=(0, 0, 0) returned_zcap=(1, 0, 6) max_tail_u=0",NA
120,P1_no_rho,358,1417.3164807999274,5.581385899917223,2.3063817999791354,0.15946890006307513,0.01,53701.85985159458,53701.85985159458,-65630.34124931732,-47730.511084180536,0.0,-21410.840033315,-73117.85988669207,-73117.84502099064,-47036.80371157194,-21410.840033315,25625.963678256943,25625.963678256936,-22584.85576131379,37046.5,nan,nan,1.5000000000000002,10.0,0.0,0.0,10.0,0.85,CORE,MAIN,1.2110601321651717,0.25778358350831876,0.6,0.174,-47036.80371157194,STRUCTURAL,-0.9093614648199219,-177372.99662269253,25500.0,0,0,0,0,0,0,0,inf,inf,NA,1,5,5,5,22,6,0,0,CONTINUE,0,A,1,1,0,KEEP_STRUCTURAL_IN_ON_CUT,2,3,0,0,"tail_cont_enabled=1 tail_active_dims=(1,) tail_delta=0.1 tail_start=(6, 6, 6) returned_y=(1, 0, 6) returned_b=(0, 0, 1) returned_u=(0, 0, 0) returned_zcap=(1, 0, 6) max_tail_u=0",NA
120,P1_no_rho,359,1420.6249958999688,5.581385899917223,3.3079217000631616,0.15497719997074455,0.01,62565.75930032977,62565.75930032977,-65630.34124931732,-46400.92616687025,0.0,-21410.840033315,-72903.70117274049,-72903.68653577962,-47036.80371157194,-21410.840033315,25625.963678256943,25625.963678256936,-22081.528641298373,35842.0,nan,nan,1.5000000000000002,10.0,0.0,0.0,10.0,0.85,CORE,MAIN,1.2107922671996714,0.2533146654649604,0.6,0.174,-47036.80371157194,STRUCTURAL,-0.945299888296435,-177372.99662269253,25500.0,0,0,0,0,0,0,0,inf,inf,NA,1,5,5,5,22,6,0,0,CONTINUE,0,A,1,1,0,KEEP_STRUCTURAL_IN_ON_CUT,2,3,0,0,"tail_cont_enabled=1 tail_active_dims=(1,) tail_delta=0.1 tail_start=(6, 6, 6) returned_y=(2, 6, 0) returned_b=(0, 1, 0) returned_u=(0, 0, 0) returned_zcap=(2, 6, 0) max_tail_u=0",NA
120,P1_no_rho,360,1427.7022702000104,5.581385899917223,7.076601900043897,0.1756384999025613,0.01,37902.5874105459,37902.5874105459,-65630.34124931732,-50100.40195033784,0.0,-21410.840033315,-73786.44584373766,-73786.43096402353,-47036.80371157194,-21410.840033315,25625.963678256943,25625.963678256936,-22999.23887577305,37315.5,nan,nan,1.5000000000000002,10.0,0.0,0.0,10.0,0.85,CORE,MAIN,1.2100033131607966,0.2502450674141723,0.6,0.174,-47036.80371157194,STRUCTURAL,-0.907347564921645,-177372.99662269253,25500.0,0,0,0,0,0,0,0,inf,inf,NA,1,5,5,5,22,6,0,0,CONTINUE,0,A,1,1,0,KEEP_STRUCTURAL_IN_ON_CUT,2,3,0,0,"tail_cont_enabled=1 tail_active_dims=(1,) tail_delta=0.1 tail_start=(6, 6, 6) returned_y=(1, 0, 6) returned_b=(0, 0, 1) returned_u=(0, 0, 0) returned_zcap=(1, 0, 6) max_tail_u=0",NA
120,P1_no_rho,361,1430.8547462999122,5.581385899917223,3.1519722999073565,0.17552569997496903,0.01,72463.29981646314,72463.29981646314,-65630.34124931732,-44916.29508945025,0.0,-21410.840033315,-69755.88608771868,-69755.87184452343,-47036.80371157194,-21410.840033315,25625.963678256943,25625.963678256936,-19752.85502338749,35401.5,nan,nan,1.5000000000000002,10.0,0.0,0.0,10.0,0.85,CORE,MAIN,1.210021689587609,0.26532576312824563,0.6,0.174,-47036.80371157194,STRUCTURAL,-0.941636499793058,-177372.99662269253,25500.0,0,0,0,0,0,0,0,inf,inf,NA,1,5,5,5,22,6,0,0,CONTINUE,0,A,1,1,0,KEEP_STRUCTURAL_IN_ON_CUT,2,3,0,0,"tail_cont_enabled=1 tail_active_dims=(1,) tail_delta=0.1 tail_start=(6, 6, 6) returned_y=(2, 6, 0) returned_b=(0, 1, 0) returned_u=(0, 0, 0) returned_zcap=(2, 6, 0) max_tail_u=0",NA
120,P1_no_rho,362,1433.934676899924,5.581385899917223,3.0795305999927223,0.16273940005339682,0.01,65146.108518677975,65146.108518677975,-65630.34124931732,-46013.87378411803,0.0,-21410.840033315,-72761.2105609212,-72761.19593726304,-47036.80371157194,-21410.840033315,25625.963678256943,25625.963678256936,-21030.032367874785,35777.0,nan,nan,1.5000000000000002,10.0,0.0,0.0,10.0,0.85,CORE,MAIN,1.2097686907954746,0.24702355814447863,0.6,0.174,-47036.80371157194,STRUCTURAL,-0.9639556804537042,-177372.99662269253,25500.0,0,0,0,0,0,0,0,inf,inf,NA,1,5,5,5,22,6,0,0,CONTINUE,0,A,1,1,0,KEEP_STRUCTURAL_IN_ON_CUT,2,3,0,0,"tail_cont_enabled=1 tail_active_dims=(1,) tail_delta=0.1 tail_start=(6, 6, 6) returned_y=(2, 6, 0) returned_b=(0, 1, 0) returned_u=(0, 0, 0) returned_zcap=(2, 6, 0) max_tail_u=0",NA
120,P1_no_rho,363,1437.0919910999946,5.581385899917223,3.156600599992089,0.16244079999160022,0.01,54828.568110423665,54828.568110423665,-65630.34124931732,-47561.504845356176,0.0,-21410.840033315,-74487.4613707743,-74487.44630299011,-47036.80371157194,-21410.840033315,25625.963678256943,25625.963678256936,-22236.881943957702,37296.5,nan,nan,1.5000000000000002,10.0,0.0,0.0,10.0,0.85,CORE,MAIN,1.2104109506091083,0.24657019417882442,0.6,0.174,-47036.80371157194,STRUCTURAL,-0.9339672508864979,-177372.99662269253,25500.0,0,0,0,0,0,0,0,inf,inf,NA,1,5,5,5,22,6,0,0,CONTINUE,0,A,1,1,0,KEEP_STRUCTURAL_IN_ON_CUT,2,3,0,0,"tail_cont_enabled=1 tail_active_dims=(1,) tail_delta=0.1 tail_start=(6, 6, 6) returned_y=(1, 0, 6) returned_b=(0, 0, 1) returned_u=(0, 0, 0) returned_zcap=(1, 0, 6) max_tail_u=0",NA
120,P1_no_rho,364,1440.472881799913,5.581385899917223,3.3803491999860853,0.17247929994482547,0.01,65618.0605711759,65618.0605711759,-65630.34124931732,-45943.080976243335,0.0,-21410.840033315,-68810.61107266317,-68810.5968706693,-47036.80371157194,-21410.840033315,25625.963678256943,25625.963678256936,-19464.928683071354,35783.0,nan,nan,1.5000000000000002,10.0,0.0,0.0,10.0,0.85,CORE,MAIN,1.2111251522741924,0.25605530577562563,0.6,0.174,-47036.80371157194,STRUCTURAL,-0.9193503095063377,-177372.99662269253,25500.0,0,0,0,0,0,0,0,inf,inf,NA,1,5,5,5,22,6,0,0,CONTINUE,0,A,1,1,0,KEEP_STRUCTURAL_IN_ON_CUT,2,3,0,0,"tail_cont_enabled=1 tail_active_dims=(1,) tail_delta=0.1 tail_start=(6, 6, 6) returned_y=(1, 0, 6) returned_b=(0, 0, 1) returned_u=(0, 0, 0) returned_zcap=(1, 0, 6) max_tail_u=0",NA
120,P1_no_rho,365,1446.8500944999978,5.581385899917223,6.376642500050366,0.1716825000476092,0.01,54064.49249955089,54064.49249955089,-65630.34124931732,-47676.11618698709,0.0,-21410.840033315,-75268.1025712393,-75268.08734484411,-47036.80371157194,-21410.840033315,25625.963678256943,25625.963678256936,-22796.78360387343,36654.5,nan,nan,1.5000000000000002,10.0,0.0,0.0,10.0,0.85,CORE,MAIN,1.2107779444577267,0.24528457464610254,0.6,0.174,-47036.80371157194,STRUCTURAL,-0.954340371868314,-177372.99662269253,25500.0,0,0,0,0,0,0,0,inf,inf,NA,1,5,5,5,22,6,0,0,CONTINUE,0,A,1,1,0,KEEP_STRUCTURAL_IN_ON_CUT,2,3,0,0,"tail_cont_enabled=1 tail_active_dims=(1,) tail_delta=0.1 tail_start=(6, 6, 6) returned_y=(6, 0, 1) returned_b=(1, 0, 0) returned_u=(0, 0, 0) returned_zcap=(6, 0, 1) max_tail_u=0",NA
120,P1_no_rho,366,1450.049861999927,5.581385899917223,3.1993188000051305,0.18002299999352545,0.01,62274.51524763421,62274.51524763421,-65630.34124931732,-46444.61277477459,0.0,-21410.840033315,-73093.04947654814,-73093.03468121917,-47036.80371157194,-21410.840033315,25625.963678256943,25625.963678256936,-21654.233067333076,36181.5,nan,nan,1.5000000000000002,10.0,0.0,0.0,10.0,0.85,CORE,MAIN,1.2105806777372834,0.24921215386667084,0.6,0.174,-47036.80371157194,STRUCTURAL,-0.947791949180034,-177372.99662269253,25500.0,0,0,0,0,0,0,0,inf,inf,NA,1,5,5,5,22,6,0,0,CONTINUE,0,A,1,1,0,KEEP_STRUCTURAL_IN_ON_CUT,2,3,0,0,"tail_cont_enabled=1 tail_active_dims=(1,) tail_delta=0.1 tail_start=(6, 6, 6) returned_y=(2, 6, 0) returned_b=(0, 1, 0) returned_u=(0, 0, 0) returned_zcap=(2, 6, 0) max_tail_u=0",NA
120,P1_no_rho,367,1453.2199886000017,5.581385899917223,3.16964730003383,0.15358659997582436,0.01,48169.908839146694,48169.908839146694,-65630.34124931732,-48560.30373604772,0.0,-21410.840033315,-74275.28515631631,-74275.27014468116,-47036.80371157194,-21410.840033315,25625.963678256943,25625.963678256936,-22328.998782789422,36677.5,nan,nan,1.5000000000000002,10.0,0.0,0.0,10.0,0.85,CORE,MAIN,1.2099689841054477,0.24711465853390868,0.6,0.174,-47036.80371157194,STRUCTURAL,-0.9441986933295478,-177372.99662269253,25500.0,0,0,0,0,0,0,0,inf,inf,NA,1,5,5,5,22,6,0,0,CONTINUE,0,A,1,1,0,KEEP_STRUCTURAL_IN_ON_CUT,2,3,0,0,"tail_cont_enabled=1 tail_active_dims=(1,) tail_delta=0.1 tail_start=(6, 6, 6) returned_y=(6, 0, 1) returned_b=(1, 0, 0) returned_u=(0, 0, 0) returned_zcap=(6, 0, 1) max_tail_u=0",NA
120,P1_no_rho,368,1456.3835064999294,5.581385899917223,3.1629661999177188,0.15830730006564409,0.01,70768.4411792124,70768.4411792124,-65630.34124931732,-45170.52388503787,0.0,-21410.840033315,-68003.11725523861,-68003.10321753548,-47036.80371157194,-21410.840033315,25625.963678256943,25625.963678256936,-19354.472348899068,34894.0,nan,nan,1.5000000000000002,10.0,0.0,0.0,10.0,0.85,CORE,MAIN,1.2102012859370022,0.26984384145201723,0.6,0.174,-47036.80371157194,STRUCTURAL,-0.9294555103768821,-177372.99662269253,25500.0,0,0,0,0,0,0,0,inf,inf,NA,1,5,5,5,22,6,0,0,CONTINUE,0,A,1,1,0,KEEP_STRUCTURAL_IN_ON_CUT,2,3,0,0,"tail_cont_enabled=1 tail_active_dims=(1,) tail_delta=0.1 tail_start=(6, 6, 6) returned_y=(2, 6, 0) returned_b=(0, 1, 0) returned_u=(0, 0, 0) returned_zcap=(2, 6, 0) max_tail_u=0",NA
120,P1_no_rho,369,1459.4316974999383,5.581385899917223,3.047721799928695,0.15413509996142238,0.01,63650.08508423689,63650.08508423689,-65630.34124931732,-46238.27729928419,0.0,-21410.840033315,-72750.3068955037,-72750.29221020458,-47036.80371157194,-21410.840033315,25625.963678256943,25625.963678256936,-21204.885853709555,35744.0,nan,nan,1.5000000000000002,10.0,0.0,0.0,10.0,0.85,CORE,MAIN,1.2101527847498381,0.2479204126971014,0.6,0.174,-47036.80371157194,STRUCTURAL,-0.9613810496212889,-177372.99662269253,25500.0,0,0,0,0,0,0,0,inf,inf,NA,1,5,5,5,22,6,0,0,CONTINUE,0,A,1,1,0,KEEP_STRUCTURAL_IN_ON_CUT,2,3,0,0,"tail_cont_enabled=1 tail_active_dims=(1,) tail_delta=0.1 tail_start=(6, 6, 6) returned_y=(2, 6, 0) returned_b=(0, 1, 0) returned_u=(0, 0, 0) returned_zcap=(2, 6, 0) max_tail_u=0",NA
120,P1_no_rho,370,1466.94095259998,5.581385899917223,7.508750900044106,0.17666330002248287,0.01,53126.851585674165,53126.851585674165,-65630.34124931732,-47816.7623240686,0.0,-21410.840033315,-74739.15271921712,-74739.13771232471,-47036.80371157194,-21410.840033315,25625.963678256943,25625.963678256936,-22434.5811583062,36592.5,nan,nan,1.5000000000000002,10.0,0.0,0.0,10.0,0.85,CORE,MAIN,1.209297088946323,0.2431263029995383,0.6,0.174,-47036.80371157194,STRUCTURAL,-0.9529194334725878,-177372.99662269253,25500.0,0,0,0,0,0,0,0,inf,inf,NA,1,5,5,5,22,6,0,0,CONTINUE,0,A,1,1,0,KEEP_STRUCTURAL_IN_ON_CUT,2,3,0,0,"tail_cont_enabled=1 tail_active_dims=(1,) tail_delta=0.1 tail_start=(6, 6, 6) returned_y=(6, 0, 1) returned_b=(1, 0, 0) returned_u=(0, 0, 0) returned_zcap=(6, 0, 1) max_tail_u=0",NA
120,P1_no_rho,371,1469.9264928000048,5.581385899917223,2.9850191000150517,0.15960760007146746,0.01,66740.25389825567,66740.25389825567,-65630.34124931732,-45774.75197718137,0.0,-21410.840033315,-68590.78446738355,-68590.77033349294,-47036.80371157194,-21410.840033315,25625.963678256943,25625.963678256936,-19230.334809242897,34543.0,nan,nan,1.5000000000000002,10.0,0.0,0.0,10.0,0.85,CORE,MAIN,1.209928452941179,0.24878132617257143,0.6,0.174,-47036.80371157194,STRUCTURAL,-0.9526374957637346,-177372.99662269253,25500.0,0,0,0,0,0,0,0,inf,inf,NA,1,5,5,5,22,6,0,0,CONTINUE,0,A,1,1,0,KEEP_STRUCTURAL_IN_ON_CUT,2,3,0,0,"tail_cont_enabled=1 tail_active_dims=(1,) tail_delta=0.1 tail_start=(6, 6, 6) returned_y=(6, 0, 1) returned_b=(1, 0, 0) returned_u=(0, 0, 0) returned_zcap=(6, 0, 1) max_tail_u=0",NA
120,P1_no_rho,372,1472.464601799962,5.581385899917223,2.5368060000473633,0.19166580005548894,0.01,51412.71657625204,51412.71657625204,-65630.34124931732,-48073.88257548192,0.0,-21410.840033315,-75579.4028101186,-75579.38749825922,-47036.80371157194,-21410.840033315,25625.963678256943,25625.963678256936,-22830.220069171573,36752.0,nan,nan,1.5000000000000002,10.0,0.0,0.0,10.0,0.85,CORE,MAIN,1.209433348462289,0.24344463974245067,0.6,0.174,-47036.80371157194,STRUCTURAL,-0.9568489230352568,-177372.99662269253,25500.0,0,0,0,0,0,0,0,inf,inf,NA,1,5,5,5,22,6,0,0,CONTINUE,0,A,1,1,0,KEEP_STRUCTURAL_IN_ON_CUT,2,3,0,0,"tail_cont_enabled=1 tail_active_dims=(1,) tail_delta=0.1 tail_start=(6, 6, 6) returned_y=(6, 0, 1) returned_b=(1, 0, 0) returned_u=(0, 0, 0) returned_zcap=(6, 0, 1) max_tail_u=0",NA
120,P1_no_rho,373,1475.832169799949,5.581385899917223,3.3669966999441385,0.15975969994906336,0.01,63468.62648202069,63468.62648202069,-65630.34124931732,-46265.496089616616,0.0,-21410.840033315,-72936.96680927853,-72936.95203067493,-47036.80371157194,-21410.840033315,25625.963678256943,25625.963678256936,-21480.18290475632,35866.0,nan,nan,1.5000000000000002,10.0,0.0,0.0,10.0,0.85,CORE,MAIN,1.2092054929800504,0.25303395749945823,0.6,0.174,-47036.80371157194,STRUCTURAL,-0.956463300914861,-177372.99662269253,25500.0,0,0,0,0,0,0,0,inf,inf,NA,1,5,5,5,22,6,0,0,CONTINUE,0,A,1,1,0,KEEP_STRUCTURAL_IN_ON_CUT,2,3,0,0,"tail_cont_enabled=1 tail_active_dims=(1,) tail_delta=0.1 tail_start=(6, 6, 6) returned_y=(2, 6, 0) returned_b=(0, 1, 0) returned_u=(0, 0, 0) returned_zcap=(2, 6, 0) max_tail_u=0",NA
120,P1_no_rho,374,1479.1194672000129,5.581385899917223,3.2869789000833407,0.17569179995916784,0.01,48089.08282797236,48089.08282797236,-65630.34124931732,-48572.42763772387,0.0,-21410.840033315,-73761.86724100637,-73761.8523248921,-47036.80371157194,-21410.840033315,25625.963678256943,25625.963678256936,-21919.57901212255,36377.0,nan,nan,1.5000000000000002,10.0,0.0,0.0,10.0,0.85,CORE,MAIN,1.2090143948896064,0.2565611895480412,0.6,0.174,-47036.80371157194,STRUCTURAL,-0.9500925184002629,-177372.99662269253,25500.0,0,0,0,0,0,0,0,inf,inf,NA,1,5,5,5,22,6,0,0,CONTINUE,0,A,1,1,0,KEEP_STRUCTURAL_IN_ON_CUT,2,3,0,0,"tail_cont_enabled=1 tail_active_dims=(1,) tail_delta=0.1 tail_start=(6, 6, 6) returned_y=(6, 0, 1) returned_b=(1, 0, 0) returned_u=(0, 0, 0) returned_zcap=(6, 0, 1) max_tail_u=0",NA
120,P1_no_rho,375,1486.1396460999968,5.581385899917223,7.01928680005949,0.15463340003043413,0.01,72284.77723711055,72284.77723711055,-65630.34124931732,-44943.073476353136,0.0,-21410.840033315,-69579.13041881146,-69579.11614011115,-47036.80371157194,-21410.840033315,25625.963678256943,25625.963678256936,-19958.680583087407,35217.5,nan,nan,1.5000000000000002,10.0,0.0,0.0,10.0,0.85,CORE,MAIN,1.2097203748528669,0.2645131327705498,0.6,0.174,-47036.80371157194,STRUCTURAL,-0.9393139879704447,-177372.99662269253,25500.0,0,0,0,0,0,0,0,inf,inf,NA,1,5,5,5,22,6,0,0,CONTINUE,0,A,1,1,0,KEEP_STRUCTURAL_IN_ON_CUT,2,3,0,0,"tail_cont_enabled=1 tail_active_dims=(1,) tail_delta=0.1 tail_start=(6, 6, 6) returned_y=(2, 6, 0) returned_b=(0, 1, 0) returned_u=(0, 0, 0) returned_zcap=(2, 6, 0) max_tail_u=0",NA
120,P1_no_rho,376,1489.40149129997,5.581385899917223,3.2612732000416145,0.17483170004561543,0.01,65363.55903021956,65363.55903021956,-65630.34124931732,-45981.25620738679,0.0,-21410.840033315,-74189.13810147326,-74189.12314431614,-47036.80371157194,-21410.840033315,25625.963678256943,25625.963678256936,-21502.50562561478,36502.5,nan,nan,1.5000000000000002,10.0,0.0,0.0,10.0,0.85,CORE,MAIN,1.20978134419846,0.24270417022498947,0.6,0.174,-47036.80371157194,STRUCTURAL,-0.9622467414323468,-177372.99662269253,25500.0,0,0,0,0,0,0,0,inf,inf,NA,1,5,5,5,22,6,0,0,CONTINUE,0,A,1,1,0,KEEP_STRUCTURAL_IN_ON_CUT,2,3,0,0,"tail_cont_enabled=1 tail_active_dims=(1,) tail_delta=0.1 tail_start=(6, 6, 6) returned_y=(2, 6, 0) returned_b=(0, 1, 0) returned_u=(0, 0, 0) returned_zcap=(2, 6, 0) max_tail_u=0",NA
120,P1_no_rho,377,1492.4495265999576,5.581385899917223,3.047712399973534,0.16574229998514056,0.01,50303.251092699415,50303.251092699415,-65630.34124931732,-48240.302398014814,0.0,-21410.840033315,-70376.81906293579,-70376.8046863393,-47036.80371157194,-21410.840033315,25625.963678256943,25625.963678256936,-20419.66068113335,35311.0,nan,nan,1.5000000000000002,10.0,0.0,0.0,10.0,0.85,CORE,MAIN,1.2108622217891352,0.22771271648904512,0.6,0.174,-47036.80371157194,STRUCTURAL,-0.9431837860762168,-177372.99662269253,25500.0,0,0,0,0,0,0,0,inf,inf,NA,1,5,5,5,22,6,0,0,CONTINUE,0,A,1,1,0,KEEP_STRUCTURAL_IN_ON_CUT,2,3,0,0,"tail_cont_enabled=1 tail_active_dims=(1,) tail_delta=0.1 tail_start=(6, 6, 6) returned_y=(6, 0, 1) returned_b=(1, 0, 0) returned_u=(0, 0, 0) returned_zcap=(6, 0, 1) max_tail_u=0",NA
120,P1_no_rho,378,1495.405133399996,5.581385899917223,2.954367300029844,0.15666709991637617,0.01,66667.77903835996,66667.77903835996,-65630.34124931732,-45785.62320616573,0.0,-21410.840033315,-69151.94985218976,-69151.93560252205,-47036.80371157194,-21410.840033315,25625.963678256943,25625.963678256936,-19312.048370137316,34938.0,nan,nan,1.5000000000000002,10.0,0.0,0.0,10.0,0.85,CORE,MAIN,1.2120557644373888,0.25090682751095306,0.6,0.174,-47036.80371157194,STRUCTURAL,-0.9510158420131796,-177372.99662269253,25500.0,0,0,0,0,0,0,0,inf,inf,NA,1,5,5,5,22,6,0,0,CONTINUE,0,A,1,1,0,KEEP_STRUCTURAL_IN_ON_CUT,2,3,0,0,"tail_cont_enabled=1 tail_active_dims=(1,) tail_delta=0.1 tail_start=(6, 6, 6) returned_y=(6, 0, 1) returned_b=(1, 0, 0) returned_u=(0, 0, 0) returned_zcap=(6, 0, 1) max_tail_u=0",NA
120,P1_no_rho,379,1497.9544877000153,5.581385899917223,2.548675600090064,0.16345140000339597,0.01,50310.674302196465,50310.674302196465,-65630.34124931732,-48239.188916590254,0.0,-21410.840033315,-76857.39370617656,-76857.37819594258,-47036.80371157194,-21410.840033315,25625.963678256943,25625.963678256936,-23729.25500340631,36988.5,nan,nan,1.5000000000000002,10.0,0.0,0.0,10.0,0.85,CORE,MAIN,1.2115974759931751,0.24262581952112017,0.6,0.174,-47036.80371157194,STRUCTURAL,-0.9575611012888919,-177372.99662269253,25500.0,0,0,0,0,0,0,0,inf,inf,NA,1,5,5,5,22,6,0,0,CONTINUE,0,A,1,1,0,KEEP_STRUCTURAL_IN_ON_CUT,2,3,0,0,"tail_cont_enabled=1 tail_active_dims=(1,) tail_delta=0.1 tail_start=(6, 6, 6) returned_y=(6, 0, 1) returned_b=(1, 0, 0) returned_u=(0, 0, 0) returned_zcap=(6, 0, 1) max_tail_u=0",NA
120,P1_no_rho,380,1504.6705857999623,5.581385899917223,6.715787000022829,0.1571145000634715,0.01,64395.51827015888,64395.51827015888,-65630.34124931732,-46126.46232139589,0.0,-21410.840033315,-73989.33907069804,-73989.32409712313,-47036.80371157194,-21410.840033315,25625.963678256943,25625.963678256936,-21683.167171444322,36402.5,nan,nan,1.5000000000000002,10.0,0.0,0.0,10.0,0.85,CORE,MAIN,1.2111814013407465,0.2562113195319953,0.6,0.174,-47036.80371157194,STRUCTURAL,-0.9579224307062941,-177372.99662269253,25500.0,0,0,0,0,0,0,0,inf,inf,NA,1,5,5,5,22,6,0,0,CONTINUE,0,A,1,1,0,KEEP_STRUCTURAL_IN_ON_CUT,2,3,0,0,"tail_cont_enabled=1 tail_active_dims=(1,) tail_delta=0.1 tail_start=(6, 6, 6) returned_y=(2, 6, 0) returned_b=(0, 1, 0) returned_u=(0, 0, 0) returned_zcap=(2, 6, 0) max_tail_u=0",NA
120,P1_no_rho,381,1508.4218146000057,5.581385899917223,3.75064880005084,0.16611480002757162,0.01,52012.57841903961,52012.57841903961,-65630.34124931732,-47983.90329906378,0.0,-21410.840033315,-74371.44633921518,-74371.43129541354,-47036.80371157194,-21410.840033315,25625.963678256943,25625.963678256936,-22176.68609801052,36752.0,nan,nan,1.5000000000000002,10.0,0.0,0.0,10.0,0.85,CORE,MAIN,1.21047976476033,0.24746125499115212,0.6,0.174,-47036.80371157194,STRUCTURAL,-0.946791924201912,-177372.99662269253,25500.0,0,0,0,0,0,0,0,inf,inf,NA,1,5,5,5,22,6,0,0,CONTINUE,0,A,1,1,0,KEEP_STRUCTURAL_IN_ON_CUT,2,3,0,0,"tail_cont_enabled=1 tail_active_dims=(1,) tail_delta=0.1 tail_start=(6, 6, 6) returned_y=(6, 0, 1) returned_b=(1, 0, 0) returned_u=(0, 0, 0) returned_zcap=(6, 0, 1) max_tail_u=0",NA
120,P1_no_rho,382,1510.8268639999442,5.581385899917223,2.4044682999374345,0.1773105999454856,0.01,69713.40840789228,69713.40840789228,-65630.34124931732,-45328.77880073588,0.0,-21410.840033315,-68884.62597120575,-68884.61167543638,-47036.80371157194,-21410.840033315,25625.963678256943,25625.963678256936,-19814.385182774386,33909.5,nan,nan,1.5000000000000002,10.0,0.0,0.0,10.0,0.85,CORE,MAIN,1.2109768075402085,0.26839639111548463,0.6,0.174,-47036.80371157194,STRUCTURAL,-0.9647291858753833,-177372.99662269253,25500.0,0,0,0,0,0,0,0,inf,inf,NA,1,5,5,5,22,6,0,0,CONTINUE,0,A,1,1,0,KEEP_STRUCTURAL_IN_ON_CUT,2,3,0,0,"tail_cont_enabled=1 tail_active_dims=(1,) tail_delta=0.1 tail_start=(6, 6, 6) returned_y=(6, 0, 1) returned_b=(1, 0, 0) returned_u=(0, 0, 0) returned_zcap=(6, 0, 1) max_tail_u=0",NA
120,P1_no_rho,383,1513.889069299912,5.581385899917223,3.0614661999279633,0.16463080001994967,0.01,60494.117575390956,60494.117575390956,-65630.34124931732,-46711.672425611076,0.0,-21410.840033315,-76540.5663000131,-76540.55123254246,-47036.80371157194,-21410.840033315,25625.963678256943,25625.963678256936,-22538.013046375334,37594.5,nan,nan,1.5000000000000002,10.0,0.0,0.0,10.0,0.85,CORE,MAIN,1.2101294105720797,0.2452403301088465,0.6,0.174,-47036.80371157194,STRUCTURAL,-0.9576318909444579,-177372.99662269253,25500.0,0,0,0,0,0,0,0,inf,inf,NA,1,5,5,5,22,6,0,0,CONTINUE,0,A,1,1,0,KEEP_STRUCTURAL_IN_ON_CUT,2,3,0,0,"tail_cont_enabled=1 tail_active_dims=(1,) tail_delta=0.1 tail_start=(6, 6, 6) returned_y=(2, 6, 0) returned_b=(0, 1, 0) returned_u=(0, 0, 0) returned_zcap=(2, 6, 0) max_tail_u=0",NA
120,P1_no_rho,384,1517.3887298000045,5.581385899917223,3.4993476000381634,0.189038599957712,0.01,63292.505632023676,63292.505632023676,-65630.34124931732,-46291.91421711617,0.0,-21410.840033315,-72433.35497718374,-72433.34035762711,-47036.80371157194,-21410.840033315,25625.963678256943,25625.963678256936,-20768.09568059464,35833.5,nan,nan,1.5000000000000002,10.0,0.0,0.0,10.0,0.85,CORE,MAIN,1.2096376833898868,0.2338625633046818,0.6,0.174,-47036.80371157194,STRUCTURAL,-0.9612093837150985,-177372.99662269253,25500.0,0,0,0,0,0,0,0,inf,inf,NA,1,5,5,5,22,6,0,0,CONTINUE,0,A,1,1,0,KEEP_STRUCTURAL_IN_ON_CUT,2,3,0,0,"tail_cont_enabled=1 tail_active_dims=(1,) tail_delta=0.1 tail_start=(6, 6, 6) returned_y=(2, 6, 0) returned_b=(0, 1, 0) returned_u=(0, 0, 0) returned_zcap=(2, 6, 0) max_tail_u=0",NA
120,P1_no_rho,385,1524.4224744999083,5.581385899917223,7.033307499950752,0.18992599996272475,0.01,68611.68523175943,68611.68523175943,-65630.34124931732,-45494.03727715581,0.0,-21410.840033315,-69264.56908691954,-69264.5547834376,-47036.80371157194,-21410.840033315,25625.963678256943,25625.963678256936,-19253.926186478267,34823.0,nan,nan,1.5000000000000002,10.0,0.0,0.0,10.0,0.85,CORE,MAIN,1.2104357227747955,0.2649550885227572,0.6,0.174,-47036.80371157194,STRUCTURAL,-0.9574252380507007,-177372.99662269253,25500.0,0,0,0,0,0,0,0,inf,inf,NA,1,5,5,5,22,6,0,0,CONTINUE,0,A,1,1,0,KEEP_STRUCTURAL_IN_ON_CUT,2,3,0,0,"tail_cont_enabled=1 tail_active_dims=(1,) tail_delta=0.1 tail_start=(6, 6, 6) returned_y=(6, 0, 1) returned_b=(1, 0, 0) returned_u=(0, 0, 0) returned_zcap=(6, 0, 1) max_tail_u=0",NA
120,P1_no_rho,386,1526.9199250999372,5.581385899917223,2.497050100006163,0.18836800009012222,0.01,47008.88275846867,47008.88275846867,-65630.34124931732,-48734.45764814942,0.0,-21410.840033315,-75912.74823441032,-75912.73296678919,-47036.80371157194,-21410.840033315,25625.963678256943,25625.963678256936,-23575.620395533326,36432.5,nan,nan,1.5000000000000002,10.0,0.0,0.0,10.0,0.85,CORE,MAIN,1.2101046460525458,0.24444184470891828,0.6,0.174,-47036.80371157194,STRUCTURAL,-0.9577000859352839,-177372.99662269253,25500.0,0,0,0,0,0,0,0,inf,inf,NA,1,5,5,5,22,6,0,0,CONTINUE,0,A,1,1,0,KEEP_STRUCTURAL_IN_ON_CUT,2,3,0,0,"tail_cont_enabled=1 tail_active_dims=(1,) tail_delta=0.1 tail_start=(6, 6, 6) returned_y=(6, 0, 1) returned_b=(1, 0, 0) returned_u=(0, 0, 0) returned_zcap=(6, 0, 1) max_tail_u=0",NA
120,P1_no_rho,387,1530.228120099986,5.581385899917223,3.307784700067714,0.1902925999602303,0.01,62840.132414389656,62840.132414389656,-65630.34124931732,-46359.770199761275,0.0,-21410.840033315,-70038.84256655326,-70038.8280977615,-47036.80371157194,-21410.840033315,25625.963678256943,25625.963678256936,-20308.667823527707,35038.0,nan,nan,1.5000000000000002,10.0,0.0,0.0,10.0,0.85,CORE,MAIN,1.2107121336862043,0.2512171890364472,0.6,0.174,-47036.80371157194,STRUCTURAL,-0.9462138302078468,-177372.99662269253,25500.0,0,0,0,0,0,0,0,inf,inf,NA,1,5,5,5,22,6,0,0,CONTINUE,0,A,1,1,0,KEEP_STRUCTURAL_IN_ON_CUT,2,3,0,0,"tail_cont_enabled=1 tail_active_dims=(1,) tail_delta=0.1 tail_start=(6, 6, 6) returned_y=(6, 0, 1) returned_b=(1, 0, 0) returned_u=(0, 0, 0) returned_zcap=(6, 0, 1) max_tail_u=0",NA
120,P1_no_rho,388,1533.8351837999653,5.581385899917223,3.6064428000245243,0.16622979997191578,0.01,52396.10222203529,52396.10222203529,-65630.34124931732,-47926.37472861443,0.0,-21410.840033315,-75330.26426519566,-75330.24903839134,-47036.80371157194,-21410.840033315,25625.963678256943,25625.963678256936,-23041.395501016348,37157.0,nan,nan,1.5000000000000002,10.0,0.0,0.0,10.0,0.85,CORE,MAIN,1.2104367530841442,0.2517366058998406,0.6,0.174,-47036.80371157194,STRUCTURAL,-0.9381606612908286,-177372.99662269253,25500.0,0,0,0,0,0,0,0,inf,inf,NA,1,5,5,5,22,6,0,0,CONTINUE,0,A,1,1,0,KEEP_STRUCTURAL_IN_ON_CUT,2,3,0,0,"tail_cont_enabled=1 tail_active_dims=(1,) tail_delta=0.1 tail_start=(6, 6, 6) returned_y=(6, 0, 1) returned_b=(1, 0, 0) returned_u=(0, 0, 0) returned_zcap=(6, 0, 1) max_tail_u=0",NA
120,P1_no_rho,389,1536.3523899000138,5.581385899917223,2.5167885000118986,0.1775274999672547,0.01,70189.620844022,70189.620844022,-65630.34124931732,-45257.346935316426,0.0,-21410.840033315,-70245.20229303074,-70245.18777939458,-47036.80371157194,-21410.840033315,25625.963678256943,25625.963678256936,-20431.132136526885,34173.0,nan,nan,1.5000000000000002,10.0,0.0,0.0,10.0,0.85,CORE,MAIN,1.211158010779008,0.257247564938512,0.6,0.174,-47036.80371157194,STRUCTURAL,-0.9718014347168364,-177372.99662269253,25500.0,0,0,0,0,0,0,0,inf,inf,NA,1,5,5,5,22,6,0,0,CONTINUE,0,A,1,1,0,KEEP_STRUCTURAL_IN_ON_CUT,2,3,0,0,"tail_cont_enabled=1 tail_active_dims=(1,) tail_delta=0.1 tail_start=(6, 6, 6) returned_y=(6, 0, 1) returned_b=(1, 0, 0) returned_u=(0, 0, 0) returned_zcap=(6, 0, 1) max_tail_u=0",NA
120,P1_no_rho,390,1544.0618796999333,5.581385899917223,7.709101999993436,0.1669854000210762,0.01,55909.328773726,55909.328773726,-65630.34124931732,-47399.39074586082,0.0,-21410.840033315,-71892.39780093462,-71892.38327388588,-47036.80371157194,-21410.840033315,25625.963678256943,25625.963678256936,-21047.202381151303,35869.0,nan,nan,1.5000000000000002,10.0,0.0,0.0,10.0,0.85,CORE,MAIN,1.2116496769615481,0.24945178487740838,0.6,0.174,-47036.80371157194,STRUCTURAL,-0.9450162330096473,-177372.99662269253,25500.0,0,0,0,0,0,0,0,inf,inf,NA,1,5,5,5,22,6,0,0,CONTINUE,0,A,1,1,0,KEEP_STRUCTURAL_IN_ON_CUT,2,3,0,0,"tail_cont_enabled=1 tail_active_dims=(1,) tail_delta=0.1 tail_start=(6, 6, 6) returned_y=(2, 6, 0) returned_b=(0, 1, 0) returned_u=(0, 0, 0) returned_zcap=(2, 6, 0) max_tail_u=0",NA
120,P1_no_rho,391,1547.1873853999423,5.581385899917223,3.125200300011784,0.16335649997927248,0.01,61077.81798183249,61077.81798183249,-65630.34124931732,-46624.11736464485,0.0,-21410.840033315,-73965.37444841694,-73965.35969376029,-47036.80371157194,-21410.840033315,25625.963678256943,25625.963678256936,-21566.874690762106,36421.5,nan,nan,1.5000000000000002,10.0,0.0,0.0,10.0,0.85,CORE,MAIN,1.2119368613723673,0.2585584054635013,0.6,0.174,-47036.80371157194,STRUCTURAL,-0.959112703631979,-177372.99662269253,25500.0,0,0,0,0,0,0,0,inf,inf,NA,1,5,5,5,22,6,0,0,CONTINUE,0,A,1,1,0,KEEP_STRUCTURAL_IN_ON_CUT,2,3,0,0,"tail_cont_enabled=1 tail_active_dims=(1,) tail_delta=0.1 tail_start=(6, 6, 6) returned_y=(2, 6, 0) returned_b=(0, 1, 0) returned_u=(0, 0, 0) returned_zcap=(2, 6, 0) max_tail_u=0",NA
120,P1_no_rho,392,1550.0291209999705,5.581385899917223,2.841206199955195,0.17082150001078844,0.01,70214.338967634,70214.338967634,-65630.34124931732,-45253.63921677462,0.0,-21410.840033315,-70142.84034510456,-70142.82597485499,-47036.80371157194,-21410.840033315,25625.963678256943,25625.963678256936,-19457.722873518476,35172.5,nan,nan,1.5000000000000002,10.0,0.0,0.0,10.0,0.85,CORE,MAIN,1.2129078331961964,0.26502317830516,0.6,0.174,-47036.80371157194,STRUCTURAL,-0.9606956779934418,-177372.99662269253,25500.0,0,0,0,0,0,0,0,inf,inf,NA,1,5,5,5,22,6,0,0,CONTINUE,0,A,1,1,0,KEEP_STRUCTURAL_IN_ON_CUT,2,3,0,0,"tail_cont_enabled=1 tail_active_dims=(1,) tail_delta=0.1 tail_start=(6, 6, 6) returned_y=(2, 6, 0) returned_b=(0, 1, 0) returned_u=(0, 0, 0) returned_zcap=(2, 6, 0) max_tail_u=0",NA
120,P1_no_rho,393,1553.5973910000175,5.581385899917223,3.567723000072874,0.17806629999540746,0.01,48942.45226954589,48942.45226954589,-65630.34124931732,-48444.42222148784,0.0,-21410.840033315,-76103.4402511859,-76103.42484229288,-47036.80371157194,-21410.840033315,25625.963678256943,25625.963678256936,-23557.264111748682,36559.5,nan,nan,1.5000000000000002,10.0,0.0,0.0,10.0,0.85,CORE,MAIN,1.2125420118393742,0.2384061546274321,0.6,0.174,-47036.80371157194,STRUCTURAL,-0.9581852547316785,-177372.99662269253,25500.0,0,0,0,0,0,0,0,inf,inf,NA,1,5,5,5,22,6,0,0,CONTINUE,0,A,1,1,0,KEEP_STRUCTURAL_IN_ON_CUT,2,3,0,0,"tail_cont_enabled=1 tail_active_dims=(1,) tail_delta=0.1 tail_start=(6, 6, 6) returned_y=(6, 0, 1) returned_b=(1, 0, 0) returned_u=(0, 0, 0) returned_zcap=(6, 0, 1) max_tail_u=0",NA
120,P1_no_rho,394,1556.697649699985,5.581385899917223,3.099706200067885,0.19900779996532947,0.01,66728.84316847385,66728.84316847385,-65630.34124931732,-45776.46358664865,0.0,-21410.840033315,-69961.30326747822,-69961.28882880468,-47036.80371157194,-21410.840033315,25625.963678256943,25625.963678256936,-20188.580718842575,34902.0,nan,nan,1.5000000000000002,10.0,0.0,0.0,10.0,0.85,CORE,MAIN,1.213087234150346,0.2461610923132347,0.6,0.174,-47036.80371157194,STRUCTURAL,-0.9507135810739039,-177372.99662269253,25500.0,0,0,0,0,0,0,0,inf,inf,NA,1,5,5,5,22,6,0,0,CONTINUE,0,A,1,1,0,KEEP_STRUCTURAL_IN_ON_CUT,2,3,0,0,"tail_cont_enabled=1 tail_active_dims=(1,) tail_delta=0.1 tail_start=(6, 6, 6) returned_y=(6, 0, 1) returned_b=(1, 0, 0) returned_u=(0, 0, 0) returned_zcap=(6, 0, 1) max_tail_u=0",NA
120,P1_no_rho,395,1562.770373999956,5.581385899917223,6.072191199986264,0.16575489996466786,0.01,47372.66220006127,47372.66220006127,-65630.34124931732,-48679.890731910535,0.0,-21410.840033315,-76138.0719647972,-76138.05658119795,-47036.80371157194,-21410.840033315,25625.963678256943,25625.963678256936,-23428.42937014138,37096.5,nan,nan,1.5000000000000002,10.0,0.0,0.0,10.0,0.85,CORE,MAIN,1.2124127889989496,0.22725257263625287,0.6,0.174,-47036.80371157194,STRUCTURAL,-0.9472524759488825,-177372.99662269253,25500.0,0,0,0,0,0,0,0,inf,inf,NA,1,5,5,5,22,6,0,0,CONTINUE,0,A,1,1,0,KEEP_STRUCTURAL_IN_ON_CUT,2,3,0,0,"tail_cont_enabled=1 tail_active_dims=(1,) tail_delta=0.1 tail_start=(6, 6, 6) returned_y=(6, 0, 1) returned_b=(1, 0, 0) returned_u=(0, 0, 0) returned_zcap=(6, 0, 1) max_tail_u=0",NA
120,P1_no_rho,396,1566.333688499988,5.581385899917223,3.5627657000441104,0.15770880004856735,0.01,65991.76287537019,65991.76287537019,-65630.34124931732,-45887.0256306142,0.0,-21410.840033315,-70015.92821757344,-70015.91368120459,-47036.80371157194,-21410.840033315,25625.963678256943,25625.963678256936,-20059.017187738136,34382.0,nan,nan,1.5000000000000002,10.0,0.0,0.0,10.0,0.85,CORE,MAIN,1.212721424090362,0.23550668200580183,0.6,0.174,-47036.80371157194,STRUCTURAL,-0.9686637677363432,-177372.99662269253,25500.0,0,0,0,0,0,0,0,inf,inf,NA,1,5,5,5,22,6,0,0,CONTINUE,0,A,1,1,0,KEEP_STRUCTURAL_IN_ON_CUT,2,3,0,0,"tail_cont_enabled=1 tail_active_dims=(1,) tail_delta=0.1 tail_start=(6, 6, 6) returned_y=(6, 0, 1) returned_b=(1, 0, 0) returned_u=(0, 0, 0) returned_zcap=(6, 0, 1) max_tail_u=0",NA
120,P1_no_rho,397,1569.4661804999923,5.581385899917223,3.132087100064382,0.17271770001389086,0.01,63466.31685782648,63466.31685782648,-65630.34124931732,-46265.84253324575,0.0,-21410.840033315,-69200.05043813537,-69200.03606167177,-47036.80371157194,-21410.840033315,25625.963678256943,25625.963678256936,-20283.454916463197,34758.5,nan,nan,1.5000000000000002,10.0,0.0,0.0,10.0,0.85,CORE,MAIN,1.2131148864655699,0.2542085141383701,0.6,0.174,-47036.80371157194,STRUCTURAL,-0.9382181077090701,-177372.99662269253,25500.0,0,0,0,0,0,0,0,inf,inf,NA,1,5,5,5,22,6,0,0,CONTINUE,0,A,1,1,0,KEEP_STRUCTURAL_IN_ON_CUT,2,3,0,0,"tail_cont_enabled=1 tail_active_dims=(1,) tail_delta=0.1 tail_start=(6, 6, 6) returned_y=(6, 0, 1) returned_b=(1, 0, 0) returned_u=(0, 0, 0) returned_zcap=(6, 0, 1) max_tail_u=0",NA
120,P1_no_rho,398,1572.8830061999615,5.581385899917223,3.416310100001283,0.16220380004961044,0.01,55963.58118335555,55963.58118335555,-65630.34124931732,-47391.25288441639,0.0,-21410.840033315,-74776.97107496785,-74776.95632151728,-47036.80371157194,-21410.840033315,25625.963678256943,25625.963678256936,-22401.014842308523,37323.5,nan,nan,1.5000000000000002,10.0,0.0,0.0,10.0,0.85,CORE,MAIN,1.2124577174432885,0.240928030931989,0.6,0.174,-47036.80371157194,STRUCTURAL,-0.935531081476081,-177372.99662269253,25500.0,0,0,0,0,0,0,0,inf,inf,NA,1,5,5,5,22,6,0,0,CONTINUE,0,A,1,1,0,KEEP_STRUCTURAL_IN_ON_CUT,2,3,0,0,"tail_cont_enabled=1 tail_active_dims=(1,) tail_delta=0.1 tail_start=(6, 6, 6) returned_y=(2, 6, 0) returned_b=(0, 1, 0) returned_u=(0, 0, 0) returned_zcap=(2, 6, 0) max_tail_u=0",NA
120,P1_no_rho,399,1575.6541099000024,5.581385899917223,2.7706178000662476,0.15026240004226565,0.01,74326.83149737852,74326.83149737852,-65630.34124931732,-44636.76533731294,0.0,-21410.840033315,-77555.08655162505,-77555.07226158225,-47036.80371157194,-21410.840033315,25625.963678256943,25625.963678256936,-21510.40961470071,39354.0,nan,nan,1.5000000000000002,10.0,0.0,0.0,10.0,0.85,CORE,MAIN,1.2111681025018943,0.22235713524857392,0.6,0.174,-47036.80371157194,STRUCTURAL,-0.9494106934810779,-177372.99662269253,25500.0,0,0,0,0,0,0,0,inf,inf,NA,1,5,5,5,22,6,0,0,CONTINUE,0,A,1,1,0,KEEP_STRUCTURAL_IN_ON_CUT,2,3,0,0,"tail_cont_enabled=1 tail_active_dims=(1,) tail_delta=0.1 tail_start=(6, 6, 6) returned_y=(2, 6, 0) returned_b=(0, 1, 0) returned_u=(0, 0, 0) returned_zcap=(2, 6, 0) max_tail_u=0",NA
120,P1_no_rho,400,1582.703095200006,5.581385899917223,7.048412100062706,0.20431139995343983,0.01,51926.07962778833,51926.07962778833,-65630.34124931732,-47996.878117751476,0.0,-21410.840033315,-75159.11568859448,-75159.10055855368,-47036.80371157194,-21410.840033315,25625.963678256943,25625.963678256936,-23293.481318941525,37214.0,nan,nan,1.5000000000000002,10.0,0.0,0.0,10.0,0.85,CORE,MAIN,1.2099450790838928,0.24497006934861199,0.6,0.174,-47036.80371157194,STRUCTURAL,-0.929141707235846,-177372.99662269253,25500.0,0,0,0,0,0,0,0,inf,inf,NA,1,5,5,5,22,6,0,0,CONTINUE,0,A,1,1,0,KEEP_STRUCTURAL_IN_ON_CUT,2,3,0,0,"tail_cont_enabled=1 tail_active_dims=(1,) tail_delta=0.1 tail_start=(6, 6, 6) returned_y=(6, 0, 1) returned_b=(1, 0, 0) returned_u=(0, 0, 0) returned_zcap=(6, 0, 1) max_tail_u=0",NA
120,P1_no_rho,401,1586.4105108999647,5.581385899917223,3.7070441000396386,0.17260459996759892,0.01,67030.11447175576,67030.11447175576,-65630.34124931732,-45731.27289115636,0.0,-21410.840033315,-67914.96532658598,-67914.95127452252,-47036.80371157194,-21410.840033315,25625.963678256943,25625.963678256936,-19117.992991828192,34616.5,nan,nan,1.5000000000000002,10.0,0.0,0.0,10.0,0.85,CORE,MAIN,1.2098302258639504,0.2590835702876678,0.6,0.174,-47036.80371157194,STRUCTURAL,-0.9397629893777882,-177372.99662269253,25500.0,0,0,0,0,0,0,0,inf,inf,NA,1,5,5,5,22,6,0,0,CONTINUE,0,A,1,1,0,KEEP_STRUCTURAL_IN_ON_CUT,2,3,0,0,"tail_cont_enabled=1 tail_active_dims=(1,) tail_delta=0.1 tail_start=(6, 6, 6) returned_y=(6, 0, 1) returned_b=(1, 0, 0) returned_u=(0, 0, 0) returned_zcap=(6, 0, 1) max_tail_u=0",NA
120,P1_no_rho,402,1589.078565999982,5.581385899917223,2.6674789000535384,0.1712572000687942,0.01,44056.43252586089,44056.43252586089,-65630.34124931732,-49177.32518304059,0.0,-21410.840033315,-73940.48798660311,-73940.47296202775,-47036.80371157194,-21410.840033315,25625.963678256943,25625.963678256936,-22074.761196975727,36483.0,nan,nan,1.5000000000000002,10.0,0.0,0.0,10.0,0.85,CORE,MAIN,1.2091153693342764,0.2514154984110102,0.6,0.174,-47036.80371157194,STRUCTURAL,-0.9477603589809319,-177372.99662269253,25500.0,0,0,0,0,0,0,0,inf,inf,NA,1,5,5,5,22,6,0,0,CONTINUE,0,A,1,1,0,KEEP_STRUCTURAL_IN_ON_CUT,2,3,0,0,"tail_cont_enabled=1 tail_active_dims=(1,) tail_delta=0.1 tail_start=(6, 6, 6) returned_y=(6, 0, 1) returned_b=(1, 0, 0) returned_u=(0, 0, 0) returned_zcap=(6, 0, 1) max_tail_u=0",NA
120,P1_no_rho,403,1592.2170656999806,5.581385899917223,3.137930699973367,0.17004080000333488,0.01,61711.15186404204,61711.15186404204,-65630.34124931732,-46529.11728231342,0.0,-21410.840033315,-67156.02048066659,-67156.00652462171,-47036.80371157194,-21410.840033315,25625.963678256943,25625.963678256936,-18317.807310719625,34405.0,nan,nan,1.5000000000000002,10.0,0.0,0.0,10.0,0.85,CORE,MAIN,1.209191120318453,0.27120932265250297,0.6,0.174,-47036.80371157194,STRUCTURAL,-0.9463391796522226,-177372.99662269253,25500.0,0,0,0,0,0,0,0,inf,inf,NA,1,5,5,5,22,6,0,0,CONTINUE,0,A,1,1,0,KEEP_STRUCTURAL_IN_ON_CUT,2,3,0,0,"tail_cont_enabled=1 tail_active_dims=(1,) tail_delta=0.1 tail_start=(6, 6, 6) returned_y=(2, 6, 0) returned_b=(0, 1, 0) returned_u=(0, 0, 0) returned_zcap=(2, 6, 0) max_tail_u=0",NA
120,P1_no_rho,404,1596.123472700012,5.581385899917223,3.9057112000882626,0.18008520000148565,0.01,61237.7728113058,61237.7728113058,-65630.34124931732,-46600.12414022385,0.0,-21410.840033315,-70824.1412401588,-70824.12673210558,-47036.80371157194,-21410.840033315,25625.963678256943,25625.963678256936,-20598.22076362165,35149.0,nan,nan,1.5000000000000002,10.0,0.0,0.0,10.0,0.85,CORE,MAIN,1.2093872581547078,0.26028863741246666,0.6,0.174,-47036.80371157194,STRUCTURAL,-0.952628447817082,-177372.99662269253,25500.0,0,0,0,0,0,0,0,inf,inf,NA,1,5,5,5,22,6,0,0,CONTINUE,0,A,1,1,0,KEEP_STRUCTURAL_IN_ON_CUT,2,3,0,0,"tail_cont_enabled=1 tail_active_dims=(1,) tail_delta=0.1 tail_start=(6, 6, 6) returned_y=(6, 0, 1) returned_b=(1, 0, 0) returned_u=(0, 0, 0) returned_zcap=(6, 0, 1) max_tail_u=0",NA
120,P1_no_rho,405,1602.610756799928,5.581385899917223,6.486513999989256,0.18219239998143166,0.01,55042.76248596311,55042.76248596311,-65630.34124931732,-47529.375689025255,0.0,-21410.840033315,-75051.72560380258,-75051.71068699931,-47036.80371157194,-21410.840033315,25625.963678256943,25625.963678256936,-23803.82208202631,37051.5,nan,nan,1.5000000000000002,10.0,0.0,0.0,10.0,0.85,CORE,MAIN,1.208913141361044,0.24057281582459644,0.6,0.174,-47036.80371157194,STRUCTURAL,-0.9221019140920612,-177372.99662269253,25500.0,0,0,0,0,0,0,0,inf,inf,NA,1,5,5,5,22,6,0,0,CONTINUE,0,A,1,1,0,KEEP_STRUCTURAL_IN_ON_CUT,2,3,0,0,"tail_cont_enabled=1 tail_active_dims=(1,) tail_delta=0.1 tail_start=(6, 6, 6) returned_y=(6, 0, 1) returned_b=(1, 0, 0) returned_u=(0, 0, 0) returned_zcap=(6, 0, 1) max_tail_u=0",NA
120,P1_no_rho,406,1605.8980559000047,5.581385899917223,3.2868753999937326,0.2102782999863848,0.01,60660.55021999579,60660.55021999579,-65630.34124931732,-46686.70752892036,0.0,-21410.840033315,-75406.42827102864,-75406.4137653225,-47036.80371157194,-21410.840033315,25625.963678256943,25625.963678256936,-21467.888520507455,37734.5,nan,nan,1.5000000000000002,10.0,0.0,0.0,10.0,0.85,CORE,MAIN,1.2080929855428282,0.240729559682763,0.6,0.174,-47036.80371157194,STRUCTURAL,-0.9529480138832285,-177372.99662269253,25500.0,0,0,0,0,0,0,0,inf,inf,NA,1,5,5,5,22,6,0,0,CONTINUE,0,A,1,1,0,KEEP_STRUCTURAL_IN_ON_CUT,2,3,0,0,"tail_cont_enabled=1 tail_active_dims=(1,) tail_delta=0.1 tail_start=(6, 6, 6) returned_y=(2, 6, 0) returned_b=(0, 1, 0) returned_u=(0, 0, 0) returned_zcap=(2, 6, 0) max_tail_u=0",NA
120,P1_no_rho,407,1609.4353407999733,5.581385899917223,3.5368431999813765,0.16802630003076047,0.01,44304.623485321594,44304.623485321594,-65630.34124931732,-49140.096539121485,0.0,-21410.840033315,-75266.63943910111,-75266.62440667806,-47036.80371157194,-21410.840033315,25625.963678256943,25625.963678256936,-22854.640075524174,36555.0,nan,nan,1.5000000000000002,10.0,0.0,0.0,10.0,0.85,CORE,MAIN,1.2068240414269138,0.2528798063050257,0.6,0.174,-47036.80371157194,STRUCTURAL,-0.9558561862244813,-177372.99662269253,25500.0,0,0,0,0,0,0,0,inf,inf,NA,1,5,5,5,22,6,0,0,CONTINUE,0,A,1,1,0,KEEP_STRUCTURAL_IN_ON_CUT,2,3,0,0,"tail_cont_enabled=1 tail_active_dims=(1,) tail_delta=0.1 tail_start=(6, 6, 6) returned_y=(2, 6, 0) returned_b=(0, 1, 0) returned_u=(0, 0, 0) returned_zcap=(2, 6, 0) max_tail_u=0",NA
120,P1_no_rho,408,1612.428351599956,5.581385899917223,2.992465000017546,0.16747290000785142,0.01,65813.44505171826,65813.44505171826,-65630.34124931732,-45913.77330416199,0.0,-21410.840033315,-67371.5783918474,-67371.56437654137,-47036.80371157194,-21410.840033315,25625.963678256943,25625.963678256936,-19160.57162272153,34389.5,nan,nan,1.5000000000000002,10.0,0.0,0.0,10.0,0.85,CORE,MAIN,1.2076055051081211,0.24023947497821801,0.6,0.174,-47036.80371157194,STRUCTURAL,-0.9346068374323526,-177372.99662269253,25500.0,0,0,0,0,0,0,0,inf,inf,NA,1,5,5,5,22,6,0,0,CONTINUE,0,A,1,1,0,KEEP_STRUCTURAL_IN_ON_CUT,2,3,0,0,"tail_cont_enabled=1 tail_active_dims=(1,) tail_delta=0.1 tail_start=(6, 6, 6) returned_y=(6, 0, 1) returned_b=(1, 0, 0) returned_u=(0, 0, 0) returned_zcap=(6, 0, 1) max_tail_u=0",NA
120,P1_no_rho,409,1614.733867199975,5.581385899917223,2.3048474000534043,0.15796670003328472,0.01,44655.686831390056,44655.686831390056,-65630.34124931732,-49087.43703721122,0.0,-21410.840033315,-71493.57368044586,-71493.55909008502,-47036.80371157194,-21410.840033315,25625.963678256943,25625.963678256936,-21240.106194076798,35341.0,nan,nan,1.5000000000000002,10.0,0.0,0.0,10.0,0.85,CORE,MAIN,1.2079344677780608,0.2508914570606119,0.6,0.174,-47036.80371157194,STRUCTURAL,-0.9479726643465702,-177372.99662269253,25500.0,0,0,0,0,0,0,0,inf,inf,NA,1,5,5,5,22,6,0,0,CONTINUE,0,A,1,1,0,KEEP_STRUCTURAL_IN_ON_CUT,2,3,0,0,"tail_cont_enabled=1 tail_active_dims=(1,) tail_delta=0.1 tail_start=(6, 6, 6) returned_y=(6, 0, 1) returned_b=(1, 0, 0) returned_u=(0, 0, 0) returned_zcap=(6, 0, 1) max_tail_u=0",NA
120,P1_no_rho,410,1622.0066175999818,5.581385899917223,7.272162500070408,0.16917210002429783,0.01,77928.68681118933,77928.68681118933,-65630.34124931732,-44096.48704024132,0.0,-21410.840033315,-68988.85131395432,-68988.83696078886,-47036.80371157194,-21410.840033315,25625.963678256943,25625.963678256936,-19928.73280558268,34376.0,nan,nan,1.5000000000000002,10.0,0.0,0.0,10.0,0.85,CORE,MAIN,1.2087071327698327,0.2509992771948446,0.6,0.174,-47036.80371157194,STRUCTURAL,-0.9514410083625429,-177372.99662269253,25500.0,0,0,0,0,0,0,0,inf,inf,NA,1,5,5,5,22,6,0,0,CONTINUE,0,A,1,1,0,KEEP_STRUCTURAL_IN_ON_CUT,2,3,0,0,"tail_cont_enabled=1 tail_active_dims=(1,) tail_delta=0.1 tail_start=(6, 6, 6) returned_y=(6, 0, 1) returned_b=(1, 0, 0) returned_u=(0, 0, 0) returned_zcap=(6, 0, 1) max_tail_u=0",NA
120,P1_no_rho,411,1625.0231225999305,5.581385899917223,3.0158538999967277,0.1689145000418648,0.01,61826.50005408966,61826.50005408966,-65630.34124931732,-46511.81505380628,0.0,-21410.840033315,-72155.02223958586,-72155.00751307743,-47036.80371157194,-21410.840033315,25625.963678256943,25625.963678256936,-21491.528877636734,36042.5,nan,nan,1.5000000000000002,10.0,0.0,0.0,10.0,0.85,CORE,MAIN,1.2090910675889242,0.24167550602504284,0.6,0.174,-47036.80371157194,STRUCTURAL,-0.9371062613200284,-177372.99662269253,25500.0,0,0,0,0,0,0,0,inf,inf,NA,1,5,5,5,22,6,0,0,CONTINUE,0,A,1,1,0,KEEP_STRUCTURAL_IN_ON_CUT,2,3,0,0,"tail_cont_enabled=1 tail_active_dims=(1,) tail_delta=0.1 tail_start=(6, 6, 6) returned_y=(6, 0, 1) returned_b=(1, 0, 0) returned_u=(0, 0, 0) returned_zcap=(6, 0, 1) max_tail_u=0",NA
120,P1_no_rho,412,1627.789777899976,5.581385899917223,2.766139000072144,0.1697522000176832,0.01,47665.60488240926,47665.60488240926,-65630.34124931732,-48635.94932955834,0.0,-21410.840033315,-75301.44846235948,-75301.43341509091,-47036.80371157194,-21410.840033315,25625.963678256943,25625.963678256936,-23441.38129397879,36584.0,nan,nan,1.5000000000000002,10.0,0.0,0.0,10.0,0.85,CORE,MAIN,1.2086661335896947,0.2502397631317589,0.6,0.174,-47036.80371157194,STRUCTURAL,-0.9450406757254923,-177372.99662269253,25500.0,0,0,0,0,0,0,0,inf,inf,NA,1,5,5,5,22,6,0,0,CONTINUE,0,A,1,1,0,KEEP_STRUCTURAL_IN_ON_CUT,2,3,0,0,"tail_cont_enabled=1 tail_active_dims=(1,) tail_delta=0.1 tail_start=(6, 6, 6) returned_y=(6, 0, 1) returned_b=(1, 0, 0) returned_u=(0, 0, 0) returned_zcap=(6, 0, 1) max_tail_u=0",NA
120,P1_no_rho,413,1631.3871359999757,5.581385899917223,3.5967563999583945,0.16173719998914748,0.01,54272.4189861776,54272.4189861776,-65630.34124931732,-47644.92721399308,0.0,-21410.840033315,-71504.40078007437,-71504.38630550672,-47036.80371157194,-21410.840033315,25625.963678256943,25625.963678256936,-21554.95479419082,35753.0,nan,nan,1.5000000000000002,10.0,0.0,0.0,10.0,0.85,CORE,MAIN,1.208833676770586,0.24495274344181928,0.6,0.174,-47036.80371157194,STRUCTURAL,-0.931379772537799,-177372.99662269253,25500.0,0,0,0,0,0,0,0,inf,inf,NA,1,5,5,5,22,6,0,0,CONTINUE,0,A,1,1,0,KEEP_STRUCTURAL_IN_ON_CUT,2,3,0,0,"tail_cont_enabled=1 tail_active_dims=(1,) tail_delta=0.1 tail_start=(6, 6, 6) returned_y=(2, 6, 0) returned_b=(0, 1, 0) returned_u=(0, 0, 0) returned_zcap=(2, 6, 0) max_tail_u=0",NA
120,P1_no_rho,414,1634.5566193999257,5.581385899917223,3.169022399932146,0.1591659999685362,0.01,51918.17872797416,51918.17872797416,-65630.34124931732,-47998.0632527236,0.0,-21410.840033315,-76616.97258421802,-76616.95748255233,-47036.80371157194,-21410.840033315,25625.963678256943,25625.963678256936,-23237.95935176506,37774.5,nan,nan,1.5000000000000002,10.0,0.0,0.0,10.0,0.85,CORE,MAIN,1.208887769133237,0.25378641611008035,0.6,0.174,-47036.80371157194,STRUCTURAL,-0.942064057865972,-177372.99662269253,25500.0,0,0,0,0,0,0,0,inf,inf,NA,1,5,5,5,22,6,0,0,CONTINUE,0,A,1,1,0,KEEP_STRUCTURAL_IN_ON_CUT,2,3,0,0,"tail_cont_enabled=1 tail_active_dims=(1,) tail_delta=0.1 tail_start=(6, 6, 6) returned_y=(2, 6, 0) returned_b=(0, 1, 0) returned_u=(0, 0, 0) returned_zcap=(2, 6, 0) max_tail_u=0",NA
120,P1_no_rho,415,1641.1988700999646,5.581385899917223,6.641750099952333,0.16998369991779327,0.01,77150.54148204005,77150.54148204005,-65630.34124931732,-44213.20883961371,0.0,-21410.840033315,-69245.40570603314,-69245.39147533325,-47036.80371157194,-21410.840033315,25625.963678256943,25625.963678256936,-19535.282209855905,34854.0,nan,nan,1.5000000000000002,10.0,0.0,0.0,10.0,0.85,CORE,MAIN,1.2098864332356107,0.2674188249452212,0.6,0.174,-47036.80371157194,STRUCTURAL,-0.9508255248651963,-177372.99662269253,25500.0,0,0,0,0,0,0,0,inf,inf,NA,1,5,5,5,22,6,0,0,CONTINUE,0,A,1,1,0,KEEP_STRUCTURAL_IN_ON_CUT,2,3,0,0,"tail_cont_enabled=1 tail_active_dims=(1,) tail_delta=0.1 tail_start=(6, 6, 6) returned_y=(2, 6, 0) returned_b=(0, 1, 0) returned_u=(0, 0, 0) returned_zcap=(2, 6, 0) max_tail_u=0",NA
120,P1_no_rho,416,1644.5951932999305,5.581385899917223,3.3959150000009686,0.17268290009815246,0.01,58861.72567413705,58861.72567413705,-65630.34124931732,-46956.53121079916,0.0,-21410.840033315,-71225.00017635948,-71224.98554261302,-47036.80371157194,-21410.840033315,25625.963678256943,25625.963678256936,-20763.57483402491,35485.5,nan,nan,1.5000000000000002,10.0,0.0,0.0,10.0,0.85,CORE,MAIN,1.2106991717570008,0.261029956781638,0.6,0.174,-47036.80371157194,STRUCTURAL,-0.9480193451520219,-177372.99662269253,25500.0,0,0,0,0,0,0,0,inf,inf,NA,1,5,5,5,22,6,0,0,CONTINUE,0,A,1,1,0,KEEP_STRUCTURAL_IN_ON_CUT,2,3,0,0,"tail_cont_enabled=1 tail_active_dims=(1,) tail_delta=0.1 tail_start=(6, 6, 6) returned_y=(6, 0, 1) returned_b=(1, 0, 0) returned_u=(0, 0, 0) returned_zcap=(6, 0, 1) max_tail_u=0",NA
120,P1_no_rho,417,1647.7274185999995,5.581385899917223,3.1319122000131756,0.16192869993392378,0.01,67006.01010290791,67006.01010290791,-65630.34124931732,-45734.88854648353,0.0,-21410.840033315,-70040.10186812458,-70040.08739257923,-47036.80371157194,-21410.840033315,25625.963678256943,25625.963678256936,-20434.71720311995,35026.5,nan,nan,1.5000000000000002,10.0,0.0,0.0,10.0,0.85,CORE,MAIN,1.2116438997682315,0.2646371508134153,0.6,0.174,-47036.80371157194,STRUCTURAL,-0.944149338157476,-177372.99662269253,25500.0,0,0,0,0,0,0,0,inf,inf,NA,1,5,5,5,22,6,0,0,CONTINUE,0,A,1,1,0,KEEP_STRUCTURAL_IN_ON_CUT,2,3,0,0,"tail_cont_enabled=1 tail_active_dims=(1,) tail_delta=0.1 tail_start=(6, 6, 6) returned_y=(6, 0, 1) returned_b=(1, 0, 0) returned_u=(0, 0, 0) returned_zcap=(6, 0, 1) max_tail_u=0",NA
120,P1_no_rho,418,1650.129628399969,5.581385899917223,2.401771600008942,0.15726629993878305,0.01,56668.212201725255,56668.212201725255,-65630.34124931732,-47285.558231660936,0.0,-21410.840033315,-71114.2538477829,-71114.23937544503,-47036.80371157194,-21410.840033315,25625.963678256943,25625.963678256936,-20872.253538499986,35685.0,nan,nan,1.5000000000000002,10.0,0.0,0.0,10.0,0.85,CORE,MAIN,1.2124820370801541,0.253261003910185,0.6,0.174,-47036.80371157194,STRUCTURAL,-0.9386200707476539,-177372.99662269253,25500.0,0,0,0,0,0,0,0,inf,inf,NA,1,5,5,5,22,6,0,0,CONTINUE,0,A,1,1,0,KEEP_STRUCTURAL_IN_ON_CUT,2,3,0,0,"tail_cont_enabled=1 tail_active_dims=(1,) tail_delta=0.1 tail_start=(6, 6, 6) returned_y=(6, 0, 1) returned_b=(1, 0, 0) returned_u=(0, 0, 0) returned_zcap=(6, 0, 1) max_tail_u=0",NA
120,P1_no_rho,419,1653.7485132999718,5.581385899917223,3.618335200008005,0.1585480000358075,0.01,45073.09723980705,45073.09723980705,-65630.34124931732,-49024.825475948666,0.0,-21410.840033315,-74886.14866922442,-74886.13354409543,-47036.80371157194,-21410.840033315,25625.963678256943,25625.963678256936,-22985.194954579674,36393.5,nan,nan,1.5000000000000002,10.0,0.0,0.0,10.0,0.85,CORE,MAIN,1.2122148495155234,0.2426905162855878,0.6,0.174,-47036.80371157194,STRUCTURAL,-0.9507364151934777,-177372.99662269253,25500.0,0,0,0,0,0,0,0,inf,inf,NA,1,5,5,5,22,6,0,0,CONTINUE,0,A,1,1,0,KEEP_STRUCTURAL_IN_ON_CUT,2,3,0,0,"tail_cont_enabled=1 tail_active_dims=(1,) tail_delta=0.1 tail_start=(6, 6, 6) returned_y=(6, 0, 1) returned_b=(1, 0, 0) returned_u=(0, 0, 0) returned_zcap=(6, 0, 1) max_tail_u=0",NA
120,P1_no_rho,420,1660.7786364000058,5.581385899917223,7.0295496000908315,0.17050380003638566,0.01,62749.91146072957,62749.91146072957,-65630.34124931732,-46373.303342810286,0.0,-21410.840033315,-72210.39907218378,-72210.3843513843,-47036.80371157194,-21410.840033315,25625.963678256943,25625.963678256936,-21185.248037212452,35792.0,nan,nan,1.5000000000000002,10.0,0.0,0.0,10.0,0.85,CORE,MAIN,1.2123709278570365,0.2589641097650043,0.6,0.174,-47036.80371157194,STRUCTURAL,-0.9504011383208881,-177372.99662269253,25500.0,0,0,0,0,0,0,0,inf,inf,NA,1,5,5,5,22,6,0,0,CONTINUE,0,A,1,1,0,KEEP_STRUCTURAL_IN_ON_CUT,2,3,0,0,"tail_cont_enabled=1 tail_active_dims=(1,) tail_delta=0.1 tail_start=(6, 6, 6) returned_y=(2, 6, 0) returned_b=(0, 1, 0) returned_u=(0, 0, 0) returned_zcap=(2, 6, 0) max_tail_u=0",NA
120,P1_no_rho,421,1663.820910600014,5.581385899917223,3.0415487000718713,0.18670769990421832,0.01,53077.050204602114,53077.050204602114,-65630.34124931732,-47824.232531229405,0.0,-21410.840033315,-79436.60248491679,-79436.58705090277,-47036.80371157194,-21410.840033315,25625.963678256943,25625.963678256936,-23431.304292905723,38610.5,nan,nan,1.5000000000000002,10.0,0.0,0.0,10.0,0.85,CORE,MAIN,1.2113547036937629,0.2429384471697209,0.6,0.174,-47036.80371157194,STRUCTURAL,-0.9670129931494809,-177372.99662269253,25500.0,0,0,0,0,0,0,0,inf,inf,NA,1,5,5,5,22,6,0,0,CONTINUE,0,A,1,1,0,KEEP_STRUCTURAL_IN_ON_CUT,2,3,0,0,"tail_cont_enabled=1 tail_active_dims=(1,) tail_delta=0.1 tail_start=(6, 6, 6) returned_y=(2, 6, 0) returned_b=(0, 1, 0) returned_u=(0, 0, 0) returned_zcap=(2, 6, 0) max_tail_u=0",NA
120,P1_no_rho,422,1666.8302593999542,5.581385899917223,3.008690300048329,0.15493810002226382,0.01,74693.78943631022,74693.78943631022,-65630.34124931732,-44581.72164647319,0.0,-21410.840033315,-69412.96938985144,-69412.95519972754,-47036.80371157194,-21410.840033315,25625.963678256943,25625.963678256936,-19377.5937257033,35074.5,nan,nan,1.5000000000000002,10.0,0.0,0.0,10.0,0.85,CORE,MAIN,1.211343779573602,0.25273028357094063,0.6,0.174,-47036.80371157194,STRUCTURAL,-0.9510301686224889,-177372.99662269253,25500.0,0,0,0,0,0,0,0,inf,inf,NA,1,5,5,5,22,6,0,0,CONTINUE,0,A,1,1,0,KEEP_STRUCTURAL_IN_ON_CUT,2,3,0,0,"tail_cont_enabled=1 tail_active_dims=(1,) tail_delta=0.1 tail_start=(6, 6, 6) returned_y=(2, 6, 0) returned_b=(0, 1, 0) returned_u=(0, 0, 0) returned_zcap=(2, 6, 0) max_tail_u=0",NA
120,P1_no_rho,423,1670.356681299978,5.581385899917223,3.525979300029576,0.1603592000901699,0.01,60296.11457132544,60296.11457132544,-65630.34124931732,-46741.37287622091,0.0,-21410.840033315,-71881.73333157285,-71881.71858640996,-47036.80371157194,-21410.840033315,25625.963678256943,25625.963678256936,-21009.93106104919,36955.0,nan,nan,1.5000000000000002,10.0,0.0,0.0,10.0,0.85,CORE,MAIN,1.2113398665871034,0.2521128366489359,0.6,0.174,-47036.80371157194,STRUCTURAL,-0.9177249361901552,-177372.99662269253,25500.0,0,0,0,0,0,0,0,inf,inf,NA,1,5,5,5,22,6,0,0,CONTINUE,0,A,1,1,0,KEEP_STRUCTURAL_IN_ON_CUT,2,3,0,0,"tail_cont_enabled=1 tail_active_dims=(1,) tail_delta=0.1 tail_start=(6, 6, 6) returned_y=(1, 0, 6) returned_b=(0, 0, 1) returned_u=(0, 0, 0) returned_zcap=(1, 0, 6) max_tail_u=0",NA
120,P1_no_rho,424,1673.1347306999378,5.581385899917223,2.7776072999695316,0.15948540007229894,0.01,63572.74786245286,63572.74786245286,-65630.34124931732,-46249.877882551795,0.0,-21410.840033315,-70172.72546276968,-70172.7109273375,-47036.80371157194,-21410.840033315,25625.963678256943,25625.963678256936,-20575.384975142275,36197.5,nan,nan,1.5000000000000002,10.0,0.0,0.0,10.0,0.85,CORE,MAIN,1.211778843175447,0.2526572070352533,0.6,0.174,-47036.80371157194,STRUCTURAL,-0.9134576688481285,-177372.99662269253,25500.0,0,0,0,0,0,0,0,inf,inf,NA,1,5,5,5,22,6,0,0,CONTINUE,0,A,1,1,0,KEEP_STRUCTURAL_IN_ON_CUT,2,3,0,0,"tail_cont_enabled=1 tail_active_dims=(1,) tail_delta=0.1 tail_start=(6, 6, 6) returned_y=(1, 0, 6) returned_b=(0, 0, 1) returned_u=(0, 0, 0) returned_zcap=(1, 0, 6) max_tail_u=0",NA
120,P1_no_rho,425,1679.3853291999549,5.581385899917223,6.2500768000027165,0.1623183999909088,0.01,57036.99218260453,57036.99218260453,-65630.34124931732,-47230.24123452904,0.0,-21410.840033315,-70813.75311662236,-70813.73859482305,-47036.80371157194,-21410.840033315,25625.963678256943,25625.963678256936,-20344.287699332068,36019.0,nan,nan,1.5000000000000002,10.0,0.0,0.0,10.0,0.85,CORE,MAIN,1.2124160123831262,0.26332716998365835,0.6,0.174,-47036.80371157194,STRUCTURAL,-0.9341264498457474,-177372.99662269253,25500.0,0,0,0,0,0,0,0,inf,inf,NA,1,5,5,5,22,6,0,0,CONTINUE,0,A,1,1,0,KEEP_STRUCTURAL_IN_ON_CUT,2,3,0,0,"tail_cont_enabled=1 tail_active_dims=(1,) tail_delta=0.1 tail_start=(6, 6, 6) returned_y=(1, 0, 6) returned_b=(0, 0, 1) returned_u=(0, 0, 0) returned_zcap=(1, 0, 6) max_tail_u=0",NA
120,P1_no_rho,426,1682.7734447999392,5.581385899917223,3.3872671999270096,0.17030220001470298,0.01,49368.93590776011,49368.93590776011,-65630.34124931732,-48380.449675755706,0.0,-21410.840033315,-75595.98599736868,-75595.97084128237,-47036.80371157194,-21410.840033315,25625.963678256943,25625.963678256936,-23126.043306903957,37143.5,nan,nan,1.5000000000000002,10.0,0.0,0.0,10.0,0.85,CORE,MAIN,1.2119360040396214,0.2371516399766629,0.6,0.174,-47036.80371157194,STRUCTURAL,-0.9417516305567761,-177372.99662269253,25500.0,0,0,0,0,0,0,0,inf,inf,NA,1,5,5,5,22,6,0,0,CONTINUE,0,A,1,1,0,KEEP_STRUCTURAL_IN_ON_CUT,2,3,0,0,"tail_cont_enabled=1 tail_active_dims=(1,) tail_delta=0.1 tail_start=(6, 6, 6) returned_y=(1, 0, 6) returned_b=(0, 0, 1) returned_u=(0, 0, 0) returned_zcap=(1, 0, 6) max_tail_u=0",NA
120,P1_no_rho,427,1686.1519324999535,5.581385899917223,3.3778733999934047,0.17505189997609705,0.01,62968.981915619275,62968.981915619275,-65630.34124931732,-46340.44277457683,0.0,-21410.840033315,-73543.13818483548,-73543.12324529806,-47036.80371157194,-21410.840033315,25625.963678256943,25625.963678256936,-21943.237148430577,35991.0,nan,nan,1.5000000000000002,10.0,0.0,0.0,10.0,0.85,CORE,MAIN,1.2118799945382432,0.25909580867289317,0.6,0.174,-47036.80371157194,STRUCTURAL,-0.9557923943368706,-177372.99662269253,25500.0,0,0,0,0,0,0,0,inf,inf,NA,1,5,5,5,22,6,0,0,CONTINUE,0,A,1,1,0,KEEP_STRUCTURAL_IN_ON_CUT,2,3,0,0,"tail_cont_enabled=1 tail_active_dims=(1,) tail_delta=0.1 tail_start=(6, 6, 6) returned_y=(6, 0, 1) returned_b=(1, 0, 0) returned_u=(0, 0, 0) returned_zcap=(6, 0, 1) max_tail_u=0",NA
120,P1_no_rho,428,1689.4471328000072,5.581385899917223,3.2947719000512734,0.16736810002475977,0.01,48655.45442131384,48655.45442131384,-65630.34124931732,-48487.471898722644,0.0,-21410.840033315,-67334.73564524113,-67334.72170149216,-47036.80371157194,-21410.840033315,25625.963678256943,25625.963678256936,-19608.92719101345,34321.5,nan,nan,1.5000000000000002,10.0,0.0,0.0,10.0,0.85,CORE,MAIN,1.2113821865726324,0.2587220399686231,0.6,0.174,-47036.80371157194,STRUCTURAL,-0.9270339682216433,-177372.99662269253,25500.0,0,0,0,0,0,0,0,inf,inf,NA,1,5,5,5,22,6,0,0,CONTINUE,0,A,1,1,0,KEEP_STRUCTURAL_IN_ON_CUT,2,3,0,0,"tail_cont_enabled=1 tail_active_dims=(1,) tail_delta=0.1 tail_start=(6, 6, 6) returned_y=(6, 0, 1) returned_b=(1, 0, 0) returned_u=(0, 0, 0) returned_zcap=(6, 0, 1) max_tail_u=0",NA
120,P1_no_rho,429,1693.1987495999783,5.581385899917223,3.7511208000360057,0.20913360000122339,0.01,70608.20094587412,70608.20094587412,-65630.34124931732,-45194.559920038606,0.0,-21410.840033315,-76025.05806848034,-76025.04322066333,-47036.80371157194,-21410.840033315,25625.963678256943,25625.963678256936,-22508.70005509761,37755.0,nan,nan,1.5000000000000002,10.0,0.0,0.0,10.0,0.85,CORE,MAIN,1.2098899405382002,0.22869397444819073,0.6,0.174,-47036.80371157194,STRUCTURAL,-0.9449758206959906,-177372.99662269253,25500.0,0,0,0,0,0,0,0,inf,inf,NA,1,5,5,5,22,6,0,0,CONTINUE,0,A,1,1,0,KEEP_STRUCTURAL_IN_ON_CUT,2,3,0,0,"tail_cont_enabled=1 tail_active_dims=(1,) tail_delta=0.1 tail_start=(6, 6, 6) returned_y=(2, 6, 0) returned_b=(0, 1, 0) returned_u=(0, 0, 0) returned_zcap=(2, 6, 0) max_tail_u=0",NA
120,P1_no_rho,430,1700.043297199998,5.581385899917223,6.8439792999997735,0.17731639998964965,0.01,58339.334814502865,58339.334814502865,-65630.34124931732,-47034.8898397443,0.0,-21410.840033315,-73652.68275390405,-73652.6680496491,-47036.80371157194,-21410.840033315,25625.963678256943,25625.963678256936,-21442.113828318794,36703.0,nan,nan,1.5000000000000002,10.0,0.0,0.0,10.0,0.85,CORE,MAIN,1.2086103743154064,0.2580707332536476,0.6,0.174,-47036.80371157194,STRUCTURAL,-0.9483430822426921,-177372.99662269253,25500.0,0,0,0,0,0,0,0,inf,inf,NA,1,5,5,5,22,6,0,0,CONTINUE,0,A,1,1,0,KEEP_STRUCTURAL_IN_ON_CUT,2,3,0,0,"tail_cont_enabled=1 tail_active_dims=(1,) tail_delta=0.1 tail_start=(6, 6, 6) returned_y=(2, 6, 0) returned_b=(0, 1, 0) returned_u=(0, 0, 0) returned_zcap=(2, 6, 0) max_tail_u=0",NA
120,P1_no_rho,431,1703.1973474000115,5.581385899917223,3.153390599996783,0.1745432000607252,0.01,63006.95071193601,63006.95071193601,-65630.34124931732,-46334.74745512932,0.0,-21410.840033315,-71632.41509439169,-71632.40038627239,-47036.80371157194,-21410.840033315,25625.963678256943,25625.963678256936,-20784.452552410865,35245.0,nan,nan,1.5000000000000002,10.0,0.0,0.0,10.0,0.85,CORE,MAIN,1.2080123734243997,0.26265042303225994,0.6,0.174,-47036.80371157194,STRUCTURAL,-0.9617997415020854,-177372.99662269253,25500.0,0,0,0,0,0,0,0,inf,inf,NA,1,5,5,5,22,6,0,0,CONTINUE,0,A,1,1,0,KEEP_STRUCTURAL_IN_ON_CUT,2,3,0,0,"tail_cont_enabled=1 tail_active_dims=(1,) tail_delta=0.1 tail_start=(6, 6, 6) returned_y=(6, 0, 1) returned_b=(1, 0, 0) returned_u=(0, 0, 0) returned_zcap=(6, 0, 1) max_tail_u=0",NA
120,P1_no_rho,432,1706.6882978999056,5.581385899917223,3.4905618999619037,0.16685619996860623,0.01,59601.85927794147,59601.85927794147,-65630.34124931732,-46845.51117022851,0.0,-21410.840033315,-70413.34396433932,-70413.32944989306,-47036.80371157194,-21410.840033315,25625.963678256943,25625.963678256936,-19928.53239095179,35142.5,nan,nan,1.5000000000000002,10.0,0.0,0.0,10.0,0.85,CORE,MAIN,1.2082897725034951,0.23786828123741877,0.6,0.174,-47036.80371157194,STRUCTURAL,-0.9577159101551541,-177372.99662269253,25500.0,0,0,0,0,0,0,0,inf,inf,NA,1,5,5,5,22,6,0,0,CONTINUE,0,A,1,1,0,KEEP_STRUCTURAL_IN_ON_CUT,2,3,0,0,"tail_cont_enabled=1 tail_active_dims=(1,) tail_delta=0.1 tail_start=(6, 6, 6) returned_y=(6, 0, 1) returned_b=(1, 0, 0) returned_u=(0, 0, 0) returned_zcap=(6, 0, 1) max_tail_u=0",NA
120,P1_no_rho,433,1709.3105133000063,5.581385899917223,2.6217087000841275,0.19593339995481074,0.01,53088.979327798304,53088.979327798304,-65630.34124931732,-47822.44316274998,0.0,-21410.840033315,-75819.20683756658,-75819.19154945867,-47036.80371157194,-21410.840033315,25625.963678256943,25625.963678256936,-23598.53925609099,36751.0,nan,nan,1.5000000000000002,10.0,0.0,0.0,10.0,0.85,CORE,MAIN,1.2076223247339113,0.24261283053520266,0.6,0.174,-47036.80371157194,STRUCTURAL,-0.9472876437533254,-177372.99662269253,25500.0,0,0,0,0,0,0,0,inf,inf,NA,1,5,5,5,22,6,0,0,CONTINUE,0,A,1,1,0,KEEP_STRUCTURAL_IN_ON_CUT,2,3,0,0,"tail_cont_enabled=1 tail_active_dims=(1,) tail_delta=0.1 tail_start=(6, 6, 6) returned_y=(6, 0, 1) returned_b=(1, 0, 0) returned_u=(0, 0, 0) returned_zcap=(6, 0, 1) max_tail_u=0",NA
120,P1_no_rho,434,1712.402290500002,5.581385899917223,3.0912690000841394,0.18208400008734316,0.01,51679.37204749744,51679.37204749744,-65630.34124931732,-48033.884254795106,0.0,-21410.840033315,-72193.09384377685,-72193.07934133458,-47036.80371157194,-21410.840033315,25625.963678256943,25625.963678256936,-21727.567690228956,35794.0,nan,nan,1.5000000000000002,10.0,0.0,0.0,10.0,0.85,CORE,MAIN,1.2094399503780342,0.24848241492291345,0.6,0.174,-47036.80371157194,STRUCTURAL,-0.9399249716173215,-177372.99662269253,25500.0,0,0,0,0,0,0,0,inf,inf,NA,1,5,5,5,22,6,0,0,CONTINUE,0,A,1,1,0,KEEP_STRUCTURAL_IN_ON_CUT,2,3,0,0,"tail_cont_enabled=1 tail_active_dims=(1,) tail_delta=0.1 tail_start=(6, 6, 6) returned_y=(2, 6, 0) returned_b=(0, 1, 0) returned_u=(0, 0, 0) returned_zcap=(2, 6, 0) max_tail_u=0",NA
120,P1_no_rho,435,1719.5216002999805,5.581385899917223,7.118724600062706,0.23088700009975582,0.01,73722.05136359177,73722.05136359177,-65630.34124931732,-44727.482357380955,0.0,-21410.840033315,-70554.23753669183,-70554.22314610993,-47036.80371157194,-21410.840033315,25625.963678256943,25625.963678256936,-21852.035307813174,34971.5,nan,nan,1.5000000000000002,10.0,0.0,0.0,10.0,0.85,CORE,MAIN,1.2113190943876613,0.2420743566324981,0.6,0.174,-47036.80371157194,STRUCTURAL,-0.9284167171991813,-177372.99662269253,25500.0,0,0,0,0,0,0,0,inf,inf,NA,1,5,5,5,22,6,0,0,CONTINUE,0,A,1,1,0,KEEP_STRUCTURAL_IN_ON_CUT,2,3,0,0,"tail_cont_enabled=1 tail_active_dims=(1,) tail_delta=0.1 tail_start=(6, 6, 6) returned_y=(6, 0, 1) returned_b=(1, 0, 0) returned_u=(0, 0, 0) returned_zcap=(6, 0, 1) max_tail_u=0",NA
120,P1_no_rho,436,1721.7325173999416,5.581385899917223,2.2103217999683693,0.16402909997850657,0.01,59446.0693211333,59446.0693211333,-65630.34124931732,-46868.87966374973,0.0,-21410.840033315,-68325.95902011852,-68325.94485853476,-47036.80371157194,-21410.840033315,25625.963678256943,25625.963678256936,-19757.663702382546,34917.0,nan,nan,1.5000000000000002,10.0,0.0,0.0,10.0,0.85,CORE,MAIN,1.2119067497742766,0.2507490398281843,0.6,0.174,-47036.80371157194,STRUCTURAL,-0.9273091647077775,-177372.99662269253,25500.0,0,0,0,0,0,0,0,inf,inf,NA,1,5,5,5,22,6,0,0,CONTINUE,0,A,1,1,0,KEEP_STRUCTURAL_IN_ON_CUT,2,3,0,0,"tail_cont_enabled=1 tail_active_dims=(1,) tail_delta=0.1 tail_start=(6, 6, 6) returned_y=(6, 0, 1) returned_b=(1, 0, 0) returned_u=(0, 0, 0) returned_zcap=(6, 0, 1) max_tail_u=0",NA
120,P1_no_rho,437,1725.043203499983,5.581385899917223,3.309883199981414,0.16591550002340227,0.01,58913.26603831893,58913.26603831893,-65630.34124931732,-46948.800156171885,0.0,-21410.840033315,-77500.71848032554,-77500.7033284903,-47036.80371157194,-21410.840033315,25625.963678256943,25625.963678256936,-23037.13497282584,38282.0,nan,nan,1.5000000000000002,10.0,0.0,0.0,10.0,0.85,CORE,MAIN,1.210777619075789,0.2516571440000527,0.6,0.174,-47036.80371157194,STRUCTURAL,-0.9484626082870011,-177372.99662269253,25500.0,0,0,0,0,0,0,0,inf,inf,NA,1,5,5,5,22,6,0,0,CONTINUE,0,A,1,1,0,KEEP_STRUCTURAL_IN_ON_CUT,2,3,0,0,"tail_cont_enabled=1 tail_active_dims=(1,) tail_delta=0.1 tail_start=(6, 6, 6) returned_y=(2, 6, 0) returned_b=(0, 1, 0) returned_u=(0, 0, 0) returned_zcap=(2, 6, 0) max_tail_u=0",NA
120,P1_no_rho,438,1728.2982429999392,5.581385899917223,3.254540399997495,0.15725859999656677,0.01,60710.158130640644,60710.158130640644,-65630.34124931732,-46679.26634232362,0.0,-21410.840033315,-69605.39977453275,-69605.38574502077,-47036.80371157194,-21410.840033315,25625.963678256943,25625.963678256936,-19149.891725462185,35266.0,nan,nan,1.5000000000000002,10.0,0.0,0.0,10.0,0.85,CORE,MAIN,1.2107606208710173,0.2667713299235166,0.6,0.174,-47036.80371157194,STRUCTURAL,-0.9538080874791314,-177372.99662269253,25500.0,0,0,0,0,0,0,0,inf,inf,NA,1,5,5,5,22,6,0,0,CONTINUE,0,A,1,1,0,KEEP_STRUCTURAL_IN_ON_CUT,2,3,0,0,"tail_cont_enabled=1 tail_active_dims=(1,) tail_delta=0.1 tail_start=(6, 6, 6) returned_y=(2, 6, 0) returned_b=(0, 1, 0) returned_u=(0, 0, 0) returned_zcap=(2, 6, 0) max_tail_u=0",NA
120,P1_no_rho,439,1731.4747763000196,5.581385899917223,3.176124299992807,0.176467000041157,0.01,61994.5085185098,61994.5085185098,-65630.34124931732,-46486.61378414325,0.0,-21410.840033315,-71968.32248475398,-71968.30779264407,-47036.80371157194,-21410.840033315,25625.963678256943,25625.963678256936,-21108.85070947535,35824.0,nan,nan,1.5000000000000002,10.0,0.0,0.0,10.0,0.85,CORE,MAIN,1.2109063384663474,0.2494539973584965,0.6,0.174,-47036.80371157194,STRUCTURAL,-0.9464689795140824,-177372.99662269253,25500.0,0,0,0,0,0,0,0,inf,inf,NA,1,5,5,5,22,6,0,0,CONTINUE,0,A,1,1,0,KEEP_STRUCTURAL_IN_ON_CUT,2,3,0,0,"tail_cont_enabled=1 tail_active_dims=(1,) tail_delta=0.1 tail_start=(6, 6, 6) returned_y=(6, 0, 1) returned_b=(1, 0, 0) returned_u=(0, 0, 0) returned_zcap=(6, 0, 1) max_tail_u=0",NA
120,P1_no_rho,440,1737.791199899977,5.581385899917223,6.315965699963272,0.18397240003105253,0.01,44526.02046662782,44526.02046662782,-65630.34124931732,-49106.88699192555,0.0,-21410.840033315,-76471.06019401623,-76471.04486653343,-47036.80371157194,-21410.840033315,25625.963678256943,25625.963678256936,-23793.955660579126,37653.5,nan,nan,1.5000000000000002,10.0,0.0,0.0,10.0,0.85,CORE,MAIN,1.2099825289281436,0.2488489692043212,0.6,0.174,-47036.80371157194,STRUCTURAL,-0.9326638817277597,-177372.99662269253,25500.0,0,0,0,0,0,0,0,inf,inf,NA,1,5,5,5,22,6,0,0,CONTINUE,0,A,1,1,0,KEEP_STRUCTURAL_IN_ON_CUT,2,3,0,0,"tail_cont_enabled=1 tail_active_dims=(1,) tail_delta=0.1 tail_start=(6, 6, 6) returned_y=(1, 0, 6) returned_b=(0, 0, 1) returned_u=(0, 0, 0) returned_zcap=(1, 0, 6) max_tail_u=0",NA
120,P1_no_rho,441,1741.3067397999112,5.581385899917223,3.515011699986644,0.2712165000848472,0.01,65771.15206498244,65771.15206498244,-65630.34124931732,-45920.11725217236,0.0,-21410.840033315,-70067.59955041732,-70067.58514171552,-47036.80371157194,-21410.840033315,25625.963678256943,25625.963678256936,-21005.27565053136,34572.5,nan,nan,1.5000000000000002,10.0,0.0,0.0,10.0,0.85,CORE,MAIN,1.210045345914076,0.25902383652739736,0.6,0.174,-47036.80371157194,STRUCTURAL,-0.9460758211716279,-177372.99662269253,25500.0,0,0,0,0,0,0,0,inf,inf,NA,1,5,5,5,22,6,0,0,CONTINUE,0,A,1,1,0,KEEP_STRUCTURAL_IN_ON_CUT,2,3,0,0,"tail_cont_enabled=1 tail_active_dims=(1,) tail_delta=0.1 tail_start=(6, 6, 6) returned_y=(6, 0, 1) returned_b=(1, 0, 0) returned_u=(0, 0, 0) returned_zcap=(6, 0, 1) max_tail_u=0",NA
120,P1_no_rho,442,1744.4705766999396,5.581385899917223,3.163184199947864,0.1749847000464797,0.01,56856.89967714362,56856.89967714362,-65630.34124931732,-47257.25511034818,0.0,-21410.840033315,-71290.41313040847,-71290.39852927225,-47036.80371157194,-21410.840033315,25625.963678256943,25625.963678256936,-20986.937850693477,35344.0,nan,nan,1.5000000000000002,10.0,0.0,0.0,10.0,0.85,CORE,MAIN,1.2109937860200566,0.26312696165984306,0.6,0.174,-47036.80371157194,STRUCTURAL,-0.9488354587026322,-177372.99662269253,25500.0,0,0,0,0,0,0,0,inf,inf,NA,1,5,5,5,22,6,0,0,CONTINUE,0,A,1,1,0,KEEP_STRUCTURAL_IN_ON_CUT,2,3,0,0,"tail_cont_enabled=1 tail_active_dims=(1,) tail_delta=0.1 tail_start=(6, 6, 6) returned_y=(6, 0, 1) returned_b=(1, 0, 0) returned_u=(0, 0, 0) returned_zcap=(6, 0, 1) max_tail_u=0",NA
120,P1_no_rho,443,1746.6456098000053,5.581385899917223,2.174340800032951,0.17210300010628998,0.01,67022.80860763829,67022.80860763829,-65630.34124931732,-45732.36877077398,0.0,-21410.840033315,-70292.78215325667,-70292.76767490008,-47036.80371157194,-21410.840033315,25625.963678256943,25625.963678256936,-20303.574883794845,35086.5,nan,nan,1.5000000000000002,10.0,0.0,0.0,10.0,0.85,CORE,MAIN,1.2122717731251544,0.26146124794317327,0.6,0.174,-47036.80371157194,STRUCTURAL,-0.9498276695425155,-177372.99662269253,25500.0,0,0,0,0,0,0,0,inf,inf,NA,1,5,5,5,22,6,0,0,CONTINUE,0,A,1,1,0,KEEP_STRUCTURAL_IN_ON_CUT,2,3,0,0,"tail_cont_enabled=1 tail_active_dims=(1,) tail_delta=0.1 tail_start=(6, 6, 6) returned_y=(6, 0, 1) returned_b=(1, 0, 0) returned_u=(0, 0, 0) returned_zcap=(6, 0, 1) max_tail_u=0",NA
120,P1_no_rho,444,1750.2979812999256,5.581385899917223,3.6518244999460876,0.17987809993792325,0.01,49233.54762926141,49233.54762926141,-65630.34124931732,-48400.757917530515,0.0,-21410.840033315,-74645.06807143622,-74645.05312196435,-47036.80371157194,-21410.840033315,25625.963678256943,25625.963678256936,-22304.781670163797,36863.0,nan,nan,1.5000000000000002,10.0,0.0,0.0,10.0,0.85,CORE,MAIN,1.2125770427329583,0.2505510280917038,0.6,0.174,-47036.80371157194,STRUCTURAL,-0.9465728318693639,-177372.99662269253,25500.0,0,0,0,0,0,0,0,inf,inf,NA,1,5,5,5,22,6,0,0,CONTINUE,0,A,1,1,0,KEEP_STRUCTURAL_IN_ON_CUT,2,3,0,0,"tail_cont_enabled=1 tail_active_dims=(1,) tail_delta=0.1 tail_start=(6, 6, 6) returned_y=(2, 6, 0) returned_b=(0, 1, 0) returned_u=(0, 0, 0) returned_zcap=(2, 6, 0) max_tail_u=0",NA
120,P1_no_rho,445,1756.9854241999565,5.581385899917223,6.686727600055747,0.1636521000182256,0.01,72791.47735046833,72791.47735046833,-65630.34124931732,-44867.06845934947,0.0,-21410.840033315,-73093.52893488012,-73093.51434645067,-47036.80371157194,-21410.840033315,25625.963678256943,25625.963678256936,-20632.103701740758,36549.5,nan,nan,1.5000000000000002,10.0,0.0,0.0,10.0,0.85,CORE,MAIN,1.2126614801443163,0.2555214923197996,0.6,0.174,-47036.80371157194,STRUCTURAL,-0.9569015653603994,-177372.99662269253,25500.0,0,0,0,0,0,0,0,inf,inf,NA,1,5,5,5,22,6,0,0,CONTINUE,0,A,1,1,0,KEEP_STRUCTURAL_IN_ON_CUT,2,3,0,0,"tail_cont_enabled=1 tail_active_dims=(1,) tail_delta=0.1 tail_start=(6, 6, 6) returned_y=(2, 6, 0) returned_b=(0, 1, 0) returned_u=(0, 0, 0) returned_zcap=(2, 6, 0) max_tail_u=0",NA
120,P1_no_rho,446,1760.2783400999615,5.581385899917223,3.292320300010033,0.17507729993667454,0.01,63923.032279462954,63923.032279462954,-65630.34124931732,-46197.33522000028,0.0,-21410.840033315,-73688.15750989607,-73688.14266630825,-47036.80371157194,-21410.840033315,25625.963678256943,25625.963678256936,-21083.74051232872,36167.5,nan,nan,1.5000000000000002,10.0,0.0,0.0,10.0,0.85,CORE,MAIN,1.2127275403397453,0.24416960024182188,0.6,0.174,-47036.80371157194,STRUCTURAL,-0.9696440571227306,-177372.99662269253,25500.0,0,0,0,0,0,0,0,inf,inf,NA,1,5,5,5,22,6,0,0,CONTINUE,0,A,1,1,0,KEEP_STRUCTURAL_IN_ON_CUT,2,3,0,0,"tail_cont_enabled=1 tail_active_dims=(1,) tail_delta=0.1 tail_start=(6, 6, 6) returned_y=(2, 6, 0) returned_b=(0, 1, 0) returned_u=(0, 0, 0) returned_zcap=(2, 6, 0) max_tail_u=0",NA
120,P1_no_rho,447,1764.071745299967,5.581385899917223,3.792875900049694,0.16488040005788207,0.01,44373.412436606,44373.412436606,-65630.34124931732,-49129.77819642882,0.0,-21410.840033315,-76038.84906435169,-76038.8336456701,-47036.80371157194,-21410.840033315,25625.963678256943,25625.963678256936,-23829.88060645034,36668.0,nan,nan,1.5000000000000002,10.0,0.0,0.0,10.0,0.85,CORE,MAIN,1.2121202814088123,0.2418499957681346,0.6,0.174,-47036.80371157194,STRUCTURAL,-0.9492191745612845,-177372.99662269253,25500.0,0,0,0,0,0,0,0,inf,inf,NA,1,5,5,5,22,6,0,0,CONTINUE,0,A,1,1,0,KEEP_STRUCTURAL_IN_ON_CUT,2,3,0,0,"tail_cont_enabled=1 tail_active_dims=(1,) tail_delta=0.1 tail_start=(6, 6, 6) returned_y=(6, 0, 1) returned_b=(1, 0, 0) returned_u=(0, 0, 0) returned_zcap=(6, 0, 1) max_tail_u=0",NA
120,P1_no_rho,448,1767.1864075999474,5.581385899917223,3.1141140999970958,0.16239940002560616,0.01,63711.107226807704,63711.107226807704,-65630.34124931732,-46229.12397789857,0.0,-21410.840033315,-69618.85570132911,-69618.84128814001,-47036.80371157194,-21410.840033315,25625.963678256943,25625.963678256936,-20362.656425573285,34291.0,nan,nan,1.5000000000000002,10.0,0.0,0.0,10.0,0.85,CORE,MAIN,1.2121290373568425,0.2616001775728236,0.6,0.174,-47036.80371157194,STRUCTURAL,-0.9576115183297216,-177372.99662269253,25500.0,0,0,0,0,0,0,0,inf,inf,NA,1,5,5,5,22,6,0,0,CONTINUE,0,A,1,1,0,KEEP_STRUCTURAL_IN_ON_CUT,2,3,0,0,"tail_cont_enabled=1 tail_active_dims=(1,) tail_delta=0.1 tail_start=(6, 6, 6) returned_y=(6, 0, 1) returned_b=(1, 0, 0) returned_u=(0, 0, 0) returned_zcap=(6, 0, 1) max_tail_u=0",NA
120,P1_no_rho,449,1769.6067556999624,5.581385899917223,2.419740300043486,0.17323030007537454,0.01,61983.94385982296,61983.94385982296,-65630.34124931732,-46488.198482946274,0.0,-21410.840033315,-72355.73072754241,-72355.715930269,-47036.80371157194,-21410.840033315,25625.963678256943,25625.963678256936,-21088.770871866625,35643.0,nan,nan,1.5000000000000002,10.0,0.0,0.0,10.0,0.85,CORE,MAIN,1.2119915316212417,0.26269340014901676,0.6,0.174,-47036.80371157194,STRUCTURAL,-0.9588969327011825,-177372.99662269253,25500.0,0,0,0,0,0,0,0,inf,inf,NA,1,5,5,5,22,6,0,0,CONTINUE,0,A,1,1,0,KEEP_STRUCTURAL_IN_ON_CUT,2,3,0,0,"tail_cont_enabled=1 tail_active_dims=(1,) tail_delta=0.1 tail_start=(6, 6, 6) returned_y=(6, 0, 1) returned_b=(1, 0, 0) returned_u=(0, 0, 0) returned_zcap=(6, 0, 1) max_tail_u=0",NA
120,P1_no_rho,450,1777.1364102999214,5.581385899917223,7.529162999941036,0.17253710003569722,0.01,62584.81659086831,62584.81659086831,-65630.34124931732,-46398.067573289474,0.0,-21410.840033315,-71255.58673571503,-71255.5719876109,-47036.80371157194,-21410.840033315,25625.963678256943,25625.963678256936,-20655.199578368378,35118.0,nan,nan,1.5000000000000002,10.0,0.0,0.0,10.0,0.85,CORE,MAIN,1.2122952992936935,0.26680461823377233,0.6,0.174,-47036.80371157194,STRUCTURAL,-0.960578096878002,-177372.99662269253,25500.0,0,0,0,0,0,0,0,inf,inf,NA,1,5,5,5,22,6,0,0,CONTINUE,0,A,1,1,0,KEEP_STRUCTURAL_IN_ON_CUT,2,3,0,0,"tail_cont_enabled=1 tail_active_dims=(1,) tail_delta=0.1 tail_start=(6, 6, 6) returned_y=(6, 0, 1) returned_b=(1, 0, 0) returned_u=(0, 0, 0) returned_zcap=(6, 0, 1) max_tail_u=0",NA
120,P1_no_rho,451,1780.2145905999932,5.581385899917223,3.077588599990122,0.1576044000685215,0.01,55866.677089333556,55866.677089333556,-65630.34124931732,-47405.78849851969,0.0,-21410.840033315,-73015.66077277454,-73015.64593728186,-47036.80371157194,-21410.840033315,25625.963678256943,25625.963678256936,-22109.36811679727,36970.0,nan,nan,1.5000000000000002,10.0,0.0,0.0,10.0,0.85,CORE,MAIN,1.212316670967931,0.248383951050978,0.6,0.174,-47036.80371157194,STRUCTURAL,-0.9179745346764872,-177372.99662269253,25500.0,0,0,0,0,0,0,0,inf,inf,NA,1,5,5,5,22,6,0,0,CONTINUE,0,A,1,1,0,KEEP_STRUCTURAL_IN_ON_CUT,2,3,0,0,"tail_cont_enabled=1 tail_active_dims=(1,) tail_delta=0.1 tail_start=(6, 6, 6) returned_y=(6, 0, 1) returned_b=(1, 0, 0) returned_u=(0, 0, 0) returned_zcap=(6, 0, 1) max_tail_u=0",NA
120,P1_no_rho,452,1783.6840843999526,5.581385899917223,3.4689650000073016,0.16787000000476837,0.01,65655.47469900492,65655.47469900492,-65630.34124931732,-45937.46885706898,0.0,-21410.840033315,-73109.13931310781,-73109.12476356931,-47036.80371157194,-21410.840033315,25625.963678256943,25625.963678256936,-20625.299599277492,36591.5,nan,nan,1.5000000000000002,10.0,0.0,0.0,10.0,0.85,CORE,MAIN,1.2122519797821334,0.26052301459761196,0.6,0.174,-47036.80371157194,STRUCTURAL,-0.9562116004043162,-177372.99662269253,25500.0,0,0,0,0,0,0,0,inf,inf,NA,1,5,5,5,22,6,0,0,CONTINUE,0,A,1,1,0,KEEP_STRUCTURAL_IN_ON_CUT,2,3,0,0,"tail_cont_enabled=1 tail_active_dims=(1,) tail_delta=0.1 tail_start=(6, 6, 6) returned_y=(2, 6, 0) returned_b=(0, 1, 0) returned_u=(0, 0, 0) returned_zcap=(2, 6, 0) max_tail_u=0",NA
120,P1_no_rho,453,1786.857829399989,5.581385899917223,3.1731328000314534,0.16202020004857332,0.01,69127.59733517237,69127.59733517237,-65630.34124931732,-45416.65046164387,0.0,-21410.840033315,-74058.58431345483,-74058.57042209314,-47036.80371157194,-21410.840033315,25625.963678256943,25625.963678256936,-19618.370493398776,37999.0,nan,nan,1.5000000000000002,10.0,0.0,0.0,10.0,0.85,CORE,MAIN,1.2120892233363996,0.24656646651147351,0.6,0.174,-47036.80371157194,STRUCTURAL,-0.9551163614602903,-177372.99662269253,25500.0,0,0,0,0,0,0,0,inf,inf,NA,1,5,5,5,22,6,0,0,CONTINUE,0,A,1,1,0,KEEP_STRUCTURAL_IN_ON_CUT,2,3,0,0,"tail_cont_enabled=1 tail_active_dims=(1,) tail_delta=0.1 tail_start=(6, 6, 6) returned_y=(2, 6, 0) returned_b=(0, 1, 0) returned_u=(0, 0, 0) returned_zcap=(2, 6, 0) max_tail_u=0",NA
120,P1_no_rho,454,1790.3114407999674,5.581385899917223,3.4530725999502465,0.15977779997047037,0.01,45438.054002156045,45438.054002156045,-65630.34124931732,-48970.08196159632,0.0,-21410.840033315,-73256.228155519,-73256.2133488754,-47036.80371157194,-21410.840033315,25625.963678256943,25625.963678256936,-22928.719744889873,36365.0,nan,nan,1.5000000000000002,10.0,0.0,0.0,10.0,0.85,CORE,MAIN,1.2129426336007065,0.24295535404530655,0.6,0.174,-47036.80371157194,STRUCTURAL,-0.9226361172186723,-177372.99662269253,25500.0,0,0,0,0,0,0,0,inf,inf,NA,1,5,5,5,22,6,0,0,CONTINUE,0,A,1,1,0,KEEP_STRUCTURAL_IN_ON_CUT,2,3,0,0,"tail_cont_enabled=1 tail_active_dims=(1,) tail_delta=0.1 tail_start=(6, 6, 6) returned_y=(6, 0, 1) returned_b=(1, 0, 0) returned_u=(0, 0, 0) returned_zcap=(6, 0, 1) max_tail_u=0",NA
120,P1_no_rho,455,1797.3459827000042,5.581385899917223,7.034161600051448,0.16631060000509024,0.01,62867.565725734836,62867.565725734836,-65630.34124931732,-46355.6552030595,0.0,-21410.840033315,-71121.61638585973,-71121.60180576118,-47036.80371157194,-21410.840033315,25625.963678256943,25625.963678256936,-20587.555493125095,35092.0,nan,nan,1.5000000000000002,10.0,0.0,0.0,10.0,0.85,CORE,MAIN,1.2138151268922306,0.2380238032172235,0.6,0.174,-47036.80371157194,STRUCTURAL,-0.9600297563098158,-177372.99662269253,25500.0,0,0,0,0,0,0,0,inf,inf,NA,1,5,5,5,22,6,0,0,CONTINUE,0,A,1,1,0,KEEP_STRUCTURAL_IN_ON_CUT,2,3,0,0,"tail_cont_enabled=1 tail_active_dims=(1,) tail_delta=0.1 tail_start=(6, 6, 6) returned_y=(6, 0, 1) returned_b=(1, 0, 0) returned_u=(0, 0, 0) returned_zcap=(6, 0, 1) max_tail_u=0",NA
