S,algo,t,wall_time_sec,init_time_sec,outer_iter_time_sec,inner_time_sec,eps_in_t,eta_t_star,eta_out,eta_in,eta_sep,eta_cap,eta_bracket,inner_lb,inner_ub,global_lb,global_ub,outer_gap,objective_cert_gap,best_ub_primal_obj,best_ub_primal_residual,returned_primal_obj,returned_primal_residual,lambda_inf,lambda_out_inf,lambda_in_inf,rho,theta,alpha_eff,phase_label,phase_reason,center_inf,center_step,anchor_mix,directional_beta,dual_inc_eta,sep_anchor_reason,alpha_signal,best_feas_eta,best_feas_residual,close_signal_streak,close_lock_counter,close_bc_count,close_case_c_count,close_reset_count,close_feas_lock_count,close_shadow_active,close_repaired_gap,close_repaired_residual,close_repaired_tag,inner_rnc_iters,inner_eval_calls,num_rnc_samples,num_rnc_kept_cuts,num_master_cuts,cut_added,outer_gap_certified,final_solution_found,stop_reason,sep_ok,case_label,sep_cut,out_cut,mispricing_streak,in_update_reason,add_geo,add_sup,add_rep,cap_promoted,z_best_ub,returned_z
120,P1_no_rho,1,13.618616600055248,5.65135649999138,7.9671375000616536,4.203746600076556,0.01,0.0,0.0,-69869.77798978808,0.0,0.0,-23669.06341455781,-69869.77798978808,-69869.76725376555,-69869.77798978808,-23669.06341455781,46200.714575230275,46200.71457523027,-69869.76725376553,73440.0,nan,nan,0.0,0.0,0.0,0.0,10.0,0.0,HEADING_IN,WARMUP,0.0,0.0,0.8,0.0,-69869.77798978808,BOOT_NONE,0.0,-69869.77798978808,73440.0,0,0,0,0,0,0,0,inf,inf,NA,1,2,2,2,2,5,0,0,CONTINUE,0,A,1,1,0,BOOT_VALID_FROM_CUT,2,2,0,0,"tail_cont_enabled=1 tail_active_dims=(1,) tail_delta=0.1 tail_start=(6, 6, 6) returned_y=(0, 0, 0) returned_b=(0, 0, 0) returned_u=(0, 0, 0) returned_zcap=(0, 0, 0) max_tail_u=0",NA
120,P1_no_rho,2,20.03640440001618,5.65135649999138,6.417175399954431,1.4866954000899568,0.01,463603.23274623445,463603.23274623445,-69869.77798978808,303561.32952542766,0.0,-23669.06341455781,-200399.1608641864,-200399.08372393975,-69869.77798978808,-23669.06341455781,46200.714575230275,46200.71457523027,1200.9162760602485,28800.0,nan,nan,7.0,10.0,0.0,0.0,10.0,0.3,HEADING_IN,WARMUP,0.2626578875265568,0.2626578875265568,0.8,0.0,-69869.77798978808,STRUCTURAL,-1.0,-200399.1608641864,28800.0,0,0,0,0,0,0,0,inf,inf,NA,2,3,3,3,4,7,0,0,CONTINUE,0,A,1,1,0,KEEP_STRUCTURAL_IN_ON_CUT,2,3,1,0,"tail_cont_enabled=1 tail_active_dims=(1,) tail_delta=0.1 tail_start=(6, 6, 6) returned_y=(6, 1, 1) returned_b=(1, 0, 0) returned_u=(0, 0, 0) returned_zcap=(6, 1, 1) max_tail_u=0",NA
120,P1_no_rho,3,25.390452500083484,5.65135649999138,5.353462400031276,0.14363629999570549,0.01,49117.91627606025,49117.91627606025,-69869.77798978808,13421.60799630575,0.0,-24429.05352976086,-401770.5990178357,-401770.5243907854,-69869.77798978808,-24429.05352976086,45440.724460027224,46200.71457523027,-23644.52439078542,54018.0,nan,nan,7.0,10.0,0.0,0.0,10.0,0.3,HEADING_IN,WARMUP,0.47149252790689256,0.23828061785697402,0.8,0.0,-69869.77798978808,STRUCTURAL,-1.0,-200399.1608641864,28800.0,0,0,0,0,0,0,0,inf,inf,NA,2,4,4,4,8,7,0,0,CONTINUE,0,A,1,1,0,KEEP_STRUCTURAL_IN_ON_CUT,2,3,1,0,"tail_cont_enabled=1 tail_active_dims=(1,) tail_delta=0.1 tail_start=(6, 6, 6) returned_y=(0, 6, 1) returned_b=(0, 1, 0) returned_u=(0, 0, 0) returned_zcap=(0, 6, 1) max_tail_u=0",NA
120,P1_no_rho,4,29.906951199984178,5.65135649999138,4.515888399910182,0.15752769995015115,0.01,-15214.401819039947,-15214.401819039947,-69869.77798978808,-31611.014670264383,0.0,-24429.05352976086,-136723.73538900472,-136723.70282760012,-69869.77798978808,-24429.05352976086,45440.724460027224,46200.71457523027,-56353.84279525008,52661.5,nan,nan,7.0,10.0,0.0,0.0,10.0,0.3,HEADING_IN,WARMUP,0.9875687230512775,0.5472243533691976,0.8,0.0,-69869.77798978808,STRUCTURAL,-0.21802281697350065,-200399.1608641864,28800.0,0,0,0,0,0,0,0,inf,inf,NA,2,5,5,5,12,7,0,0,CONTINUE,0,A,1,1,0,KEEP_STRUCTURAL_IN_ON_CUT,2,3,1,0,"tail_cont_enabled=1 tail_active_dims=(1,) tail_delta=0.1 tail_start=(6, 6, 6) returned_y=(0, 1, 6) returned_b=(0, 0, 1) returned_u=(0, 0, 0) returned_zcap=(0, 1, 6) max_tail_u=0",NA
120,P1_no_rho,5,47.5010194000788,5.65135649999138,17.59364750003442,0.15189700003247708,0.01,-15456.906456881152,-15456.906456881152,-69869.77798978808,-31780.76791675323,0.0,-24429.05352976086,-192120.67463938898,-192120.62766324118,-69869.77798978808,-24429.05352976086,45440.724460027224,45438.80412308295,-48031.189566702844,45743.0,nan,nan,7.0,10.0,0.0,0.0,10.0,0.3,HEADING_IN,WARMUP,1.3996926961135543,0.5295887378435531,0.8,0.0,-69869.77798978808,STRUCTURAL,-0.44999683978669136,-200399.1608641864,28800.0,0,0,0,0,0,0,0,inf,inf,NA,1,5,5,5,16,6,0,0,CONTINUE,0,A,1,1,0,KEEP_STRUCTURAL_IN_ON_CUT,2,3,0,0,"tail_cont_enabled=1 tail_active_dims=(1,) tail_delta=0.1 tail_start=(6, 6, 6) returned_y=(0, 1, 6) returned_b=(0, 0, 1) returned_u=(0, 0, 0) returned_zcap=(0, 1, 6) max_tail_u=0",NA
120,P1_no_rho,6,50.99008470005356,5.65135649999138,3.488700499990955,0.15889149997383356,0.01,-15490.71935389679,-15490.71935389679,-69869.77798978808,-31804.436944664176,0.0,-24429.05352976086,-229843.9057252978,-229843.84899445795,-69869.77798978808,-24429.05352976086,45440.724460027224,45438.80412308295,-42697.77816009958,42386.0,nan,nan,7.0,10.0,0.0,0.0,10.0,0.3,HEADING_IN,WARMUP,1.4358500900163063,0.46193993799247945,0.8,0.0,-69869.77798978808,STRUCTURAL,-0.630754328701385,-200399.1608641864,28800.0,0,0,0,0,0,0,0,inf,inf,NA,1,5,5,5,19,6,0,0,CONTINUE,0,A,1,1,0,KEEP_STRUCTURAL_IN_ON_CUT,2,3,0,0,"tail_cont_enabled=1 tail_active_dims=(1,) tail_delta=0.1 tail_start=(6, 6, 6) returned_y=(0, 1, 6) returned_b=(0, 0, 1) returned_u=(0, 0, 0) returned_zcap=(0, 1, 6) max_tail_u=0",NA
120,P1_no_rho,7,57.52015710005071,5.65135649999138,6.529466500040144,0.16085029998794198,0.01,-15498.786652049155,-15498.786652049155,-69869.77798978808,-31810.084053370832,0.0,-24429.05352976086,-252062.27802572033,-252062.21541681013,-69869.77798978808,-24429.05352976086,45440.724460027224,45438.80412308295,-40077.75551246306,43456.5,nan,nan,7.0,10.0,0.0,0.0,10.0,0.3,HEADING_IN,WARMUP,1.8177266011541806,0.7065072888256098,0.8,0.0,-69869.77798978808,STRUCTURAL,-0.6968691512673498,-200399.1608641864,28800.0,0,0,0,0,0,0,0,inf,inf,NA,1,5,5,5,21,6,0,0,CONTINUE,0,A,1,1,0,KEEP_STRUCTURAL_IN_ON_CUT,2,3,0,0,"tail_cont_enabled=1 tail_active_dims=(1,) tail_delta=0.1 tail_start=(6, 6, 6) returned_y=(0, 1, 6) returned_b=(0, 0, 1) returned_u=(0, 0, 0) returned_zcap=(0, 1, 6) max_tail_u=0",NA
120,P1_no_rho,8,62.171189500018954,5.65135649999138,4.650436499970965,0.16188090003561229,0.01,-2096.2252391068732,-2096.2252391068732,-69869.77798978808,-22428.291064311234,0.0,-24429.05352976086,-336912.2765812715,-336912.2048597586,-69869.77798978808,-24429.05352976086,45440.724460027224,45438.80412308295,-45241.88315171707,52390.5,nan,nan,7.0,10.0,0.0,0.0,10.0,0.3,HEADING_IN,WARMUP,2.1162714738121156,0.7558902704645194,0.8,0.0,-69869.77798978808,STRUCTURAL,-0.795319548686012,-200399.1608641864,28800.0,0,0,0,0,0,0,0,inf,inf,NA,1,5,5,5,21,6,0,0,CONTINUE,0,A,1,1,0,KEEP_STRUCTURAL_IN_ON_CUT,2,3,0,0,"tail_cont_enabled=1 tail_active_dims=(1,) tail_delta=0.1 tail_start=(6, 6, 6) returned_y=(0, 0, 0) returned_b=(0, 0, 0) returned_u=(0, 0, 0) returned_zcap=(0, 0, 0) max_tail_u=0",NA
120,P1_no_rho,9,65.62026940006763,5.65135649999138,3.4485814999789,0.17511770001146942,0.01,180098.70328390095,180098.70328390095,-69869.77798978808,-32374.505798734725,0.0,-24429.05352976086,-59410.2734484587,-59410.26323425573,-59410.2734484587,-24429.05352976086,34981.21991869784,34979.29958175356,-15593.028475170213,35124.0,nan,nan,1.5000000000000002,10.0,0.0,0.0,10.0,0.85,CORE,FORCE_CORE,1.827615360179959,0.9940844830297129,0.6,0.174,-59410.2734484587,STRUCTURAL,-0.831667516210863,-200399.1608641864,28800.0,0,0,0,0,0,0,0,inf,inf,NA,2,6,6,6,21,7,0,0,CONTINUE,0,A,1,1,0,KEEP_STRUCTURAL_IN_ON_CUT,2,3,1,0,"tail_cont_enabled=1 tail_active_dims=(1,) tail_delta=0.1 tail_start=(6, 6, 6) returned_y=(6, 0, 2) returned_b=(1, 0, 0) returned_u=(0, 0, 0) returned_zcap=(6, 0, 2) max_tail_u=0",NA
120,P1_no_rho,10,81.90406369999982,5.65135649999138,16.283355499967,0.18303880002349615,0.01,66344.79931040636,66344.79931040636,-69869.77798978808,-49437.591394758914,0.0,-25123.7701418864,-79791.15402380434,-79791.13975162266,-59410.2734484587,-25123.7701418864,34286.5033065723,33444.340583297504,-38638.04065237855,36908.5,nan,nan,1.5000000000000002,10.0,0.0,0.0,10.0,0.85,CORE,FORCE_CORE,1.6062862803465854,0.7207256437014802,0.6,0.12,-59410.2734484587,STRUCTURAL,-0.743335529742365,-200399.1608641864,28800.0,0,0,0,0,0,0,0,inf,inf,NA,2,6,6,6,22,7,0,0,CONTINUE,0,A,1,1,0,KEEP_STRUCTURAL_IN_ON_CUT,2,3,1,0,"tail_cont_enabled=1 tail_active_dims=(1,) tail_delta=0.1 tail_start=(6, 6, 6) returned_y=(5, 0, 3) returned_b=(0, 0, 0) returned_u=(0, 0, 0) returned_zcap=(5, 0, 3) max_tail_u=0",NA
120,P1_no_rho,11,86.95468500000425,5.65135649999138,5.049804999958724,0.1863885000348091,0.01,67048.41311377716,67048.41311377716,-69869.77798978808,-49332.0493242533,0.0,-25965.932865161198,-80376.80195399921,-80376.78929972695,-59410.2734484587,-25965.932865161198,33444.3405832975,33444.340583297504,-32370.379322992918,41809.75,nan,nan,1.5000000000000002,10.0,0.0,0.0,10.0,0.85,CORE,FORCE_CORE,1.4536774070622254,0.5004508085358936,0.6,0.12,-59410.2734484587,STRUCTURAL,-0.7654739221789818,-200399.1608641864,28800.0,0,0,0,0,0,0,0,inf,inf,NA,2,6,6,6,23,7,0,0,CONTINUE,0,A,1,1,0,KEEP_STRUCTURAL_IN_ON_CUT,2,3,1,0,"tail_cont_enabled=1 tail_active_dims=(1,) tail_delta=0.1 tail_start=(6, 6, 6) returned_y=(1, 6, 0) returned_b=(0, 1, 0) returned_u=(0, 0.0833333, 0) returned_zcap=(1, 6.08333, 0) max_tail_u=0.0833333",NA
120,P1_no_rho,12,92.88062920002267,5.65135649999138,5.9253176000202075,0.14839859993662685,0.01,41619.856456262096,41619.856456262096,-69869.77798978808,-53146.332822880555,0.0,-25965.932865161198,-83787.02118460853,-83787.00789773316,-59410.2734484587,-25965.932865161198,33444.3405832975,33444.340583297504,-28478.688621326997,42131.08333333333,nan,nan,1.5000000000000002,10.0,0.0,0.0,10.0,0.85,CORE,FORCE_CORE,1.3517729958830589,0.34289468014414903,0.6,0.13799999999999998,-59410.2734484587,STRUCTURAL,-0.8751783703070561,-200399.1608641864,28800.0,0,0,0,0,0,0,0,inf,inf,NA,1,5,5,5,24,6,0,0,CONTINUE,0,A,1,1,0,KEEP_STRUCTURAL_IN_ON_CUT,2,3,0,0,"tail_cont_enabled=1 tail_active_dims=(1,) tail_delta=0.1 tail_start=(6, 6, 6) returned_y=(1, 6, 0) returned_b=(0, 1, 0) returned_u=(0, 0.0833333, 0) returned_zcap=(1, 6.08333, 0) max_tail_u=0.0833333",NA
120,P1_no_rho,13,97.20933089999016,5.65135649999138,4.328165299957618,0.16215789993293583,0.01,35052.34944907532,35052.34944907532,-69869.77798978808,-54131.458873958574,0.0,-25965.932865161198,-80272.22979842727,-80272.21539784822,-59410.2734484587,-25965.932865161198,33444.3405832975,33444.340583297504,-31969.61527631016,38109.0,nan,nan,1.5000000000000002,10.0,0.0,0.0,10.0,0.85,CORE,FORCE_CORE,1.2861407054938976,0.32310521778807755,0.6,0.156,-59410.2734484587,STRUCTURAL,-0.8449902493993203,-200399.1608641864,28800.0,0,0,0,0,0,0,0,inf,inf,NA,1,5,5,5,24,6,0,0,CONTINUE,0,A,1,1,0,KEEP_STRUCTURAL_IN_ON_CUT,2,3,0,0,"tail_cont_enabled=1 tail_active_dims=(1,) tail_delta=0.1 tail_start=(6, 6, 6) returned_y=(0, 6, 1) returned_b=(0, 1, 0) returned_u=(0, 0, 0) returned_zcap=(0, 6, 1) max_tail_u=0",NA
120,P1_no_rho,14,100.54837010009214,5.65135649999138,3.338580800103955,0.16092120006214827,0.01,21065.833765283627,21065.833765283627,-69869.77798978808,-56229.43622652732,0.0,-25965.932865161198,-75208.21140592468,-75208.19793412021,-59410.2734484587,-25965.932865161198,33444.3405832975,33444.340583297504,-29065.912543715174,37732.0,nan,nan,1.5000000000000002,10.0,0.0,0.0,10.0,0.85,CORE,FORCE_CORE,1.2479014374655326,0.29580294973459165,0.6,0.174,-59410.2734484587,STRUCTURAL,-0.8152635321107639,-200399.1608641864,28800.0,0,0,0,0,0,0,0,inf,inf,NA,1,5,5,5,24,6,0,0,CONTINUE,0,A,1,1,0,KEEP_STRUCTURAL_IN_ON_CUT,2,3,0,0,"tail_cont_enabled=1 tail_active_dims=(1,) tail_delta=0.1 tail_start=(6, 6, 6) returned_y=(0, 6, 1) returned_b=(0, 1, 0) returned_u=(0, 0, 0) returned_zcap=(0, 6, 1) max_tail_u=0",NA
120,P1_no_rho,15,114.39596910006367,5.65135649999138,13.847241300041787,0.16455210000276566,0.01,12254.111458219631,12254.111458219631,-69869.77798978808,-57551.19457258692,0.0,-25965.932865161198,-70410.14507176878,-70410.13228519258,-59410.2734484587,-25965.932865161198,33444.3405832975,33444.340583297504,-27160.65910963353,34478.5,nan,nan,1.5000000000000002,10.0,0.0,0.0,10.0,0.85,CORE,MAIN,1.2333224428147578,0.30531290504859443,0.6,0.174,-59410.2734484587,STRUCTURAL,-0.8362597594744365,-200399.1608641864,28800.0,0,0,0,0,0,0,0,inf,inf,NA,1,5,5,5,24,6,0,0,CONTINUE,0,A,1,1,0,KEEP_STRUCTURAL_IN_ON_CUT,2,3,0,0,"tail_cont_enabled=1 tail_active_dims=(1,) tail_delta=0.1 tail_start=(6, 6, 6) returned_y=(5, 0, 3) returned_b=(0, 0, 0) returned_u=(0, 0, 0) returned_zcap=(5, 0, 3) max_tail_u=0",NA
120,P1_no_rho,16,119.39732049999293,5.65135649999138,5.000758999958634,0.17979500000365078,0.01,112500.23465169406,112500.23465169406,-69869.77798978808,-42514.27609356576,0.0,-25965.932865161198,-76923.03359658073,-76923.02025371141,-59410.2734484587,-25965.932865161198,33444.3405832975,33444.340583297504,-23679.70153996074,38416.5,nan,nan,1.5000000000000002,10.0,0.0,0.0,10.0,0.85,CORE,MAIN,1.2236638788066392,0.27440020066089577,0.6,0.174,-59410.2734484587,STRUCTURAL,-0.9239661554063254,-200399.1608641864,28800.0,0,0,0,0,0,0,0,inf,inf,NA,2,6,6,6,24,6,0,0,CONTINUE,0,A,1,1,0,KEEP_STRUCTURAL_IN_ON_CUT,2,3,0,0,"tail_cont_enabled=1 tail_active_dims=(1,) tail_delta=0.1 tail_start=(6, 6, 6) returned_y=(0, 1, 6) returned_b=(0, 0, 1) returned_u=(0, 0, 0) returned_zcap=(0, 1, 6) max_tail_u=0",NA
120,P1_no_rho,17,123.48931450000964,5.65135649999138,4.091404999955557,0.1562747999560088,0.01,52323.34558999067,52323.34558999067,-69869.77798978808,-51540.80945282127,0.0,-25965.932865161198,-71886.41510501751,-71886.40195284289,-59410.2734484587,-25965.932865161198,33444.3405832975,33444.340583297504,-26582.997776718767,35292.0,nan,nan,1.5000000000000002,10.0,0.0,0.0,10.0,0.85,CORE,MAIN,1.2185503832167905,0.28546989071613904,0.6,0.174,-59410.2734484587,STRUCTURAL,-0.855782314710116,-200399.1608641864,28800.0,0,0,0,0,0,0,0,inf,inf,NA,1,5,5,5,24,6,0,0,CONTINUE,0,A,1,1,0,KEEP_STRUCTURAL_IN_ON_CUT,2,3,0,0,"tail_cont_enabled=1 tail_active_dims=(1,) tail_delta=0.1 tail_start=(6, 6, 6) returned_y=(5, 0, 3) returned_b=(0, 0, 0) returned_u=(0, 0, 0) returned_zcap=(5, 0, 3) max_tail_u=0",NA
120,P1_no_rho,18,130.7572785000084,5.65135649999138,7.267405699938536,0.18422739999368787,0.01,47010.706056501316,47010.706056501316,-69869.77798978808,-52337.70538284467,0.0,-25965.932865161198,-77933.45901826903,-77933.44488341172,-59410.2734484587,-25965.932865161198,33444.3405832975,33444.340583297504,-31333.207194146824,36005.0,nan,nan,1.5000000000000002,10.0,0.0,0.0,10.0,0.85,CORE,MAIN,1.2149022129533287,0.2532201917832385,0.6,0.174,-59410.2734484587,STRUCTURAL,-0.862847524682033,-200399.1608641864,28800.0,0,0,0,0,0,0,0,inf,inf,NA,2,6,6,6,24,6,0,0,CONTINUE,0,A,1,1,0,KEEP_STRUCTURAL_IN_ON_CUT,2,3,0,0,"tail_cont_enabled=1 tail_active_dims=(1,) tail_delta=0.1 tail_start=(6, 6, 6) returned_y=(5, 0, 3) returned_b=(0, 0, 0) returned_u=(0, 0, 0) returned_zcap=(5, 0, 3) max_tail_u=0",NA
120,P1_no_rho,19,137.14792090002447,5.65135649999138,6.390070099965669,0.15060449996963143,0.01,33770.496394793874,33770.496394793874,-69869.77798978808,-54323.73683210079,0.0,-25965.932865161198,-60909.95571596701,-60909.94470044139,-59410.2734484587,-25965.932865161198,33444.3405832975,33444.340583297504,-23942.927616801488,32381.5,nan,nan,1.5000000000000002,10.0,0.0,0.0,10.0,0.85,CORE,MAIN,1.208631564425156,0.2854509440726999,0.6,0.174,-59410.2734484587,STRUCTURAL,-0.7610727747559544,-200399.1608641864,28800.0,0,0,0,0,0,0,0,inf,inf,NA,1,5,5,5,24,6,0,0,CONTINUE,0,A,1,1,0,KEEP_STRUCTURAL_IN_ON_CUT,2,3,0,0,"tail_cont_enabled=1 tail_active_dims=(1,) tail_delta=0.1 tail_start=(6, 6, 6) returned_y=(0, 6, 1) returned_b=(0, 1, 0) returned_u=(0, 0, 0) returned_zcap=(0, 6, 1) max_tail_u=0",NA
120,P1_no_rho,20,151.98887490003835,5.65135649999138,14.840478300000541,0.1573415999300778,0.01,23639.022463197747,23639.022463197747,-69869.77798978808,-55843.45792184021,0.0,-25965.932865161198,-69640.88088831317,-69640.86830426042,-59410.2734484587,-25965.932865161198,33444.3405832975,33444.340583297504,-26718.21032863481,34743.0,nan,nan,1.5000000000000002,10.0,0.0,0.0,10.0,0.85,CORE,MAIN,1.2046564983056103,0.27931783162335866,0.6,0.174,-59410.2734484587,STRUCTURAL,-0.8236221776209234,-200399.1608641864,28800.0,0,0,0,0,0,0,0,inf,inf,NA,1,5,5,5,24,6,0,0,CONTINUE,0,A,1,1,0,KEEP_STRUCTURAL_IN_ON_CUT,2,3,0,0,"tail_cont_enabled=1 tail_active_dims=(1,) tail_delta=0.1 tail_start=(6, 6, 6) returned_y=(0, 6, 1) returned_b=(0, 1, 0) returned_u=(0, 0, 0) returned_zcap=(0, 6, 1) max_tail_u=0",NA
120,P1_no_rho,21,158.45469740009867,5.65135649999138,6.465336299967021,0.15194190002512187,0.01,21603.191320569214,21603.191320569214,-69869.77798978808,-56148.83259323449,0.0,-25965.932865161198,-76804.1424002467,-76804.12859113968,-59410.2734484587,-25965.932865161198,33444.3405832975,33444.340583297504,-30360.22046727246,36605.5,nan,nan,1.5000000000000002,10.0,0.0,0.0,10.0,0.85,CORE,MAIN,1.2003060388140248,0.25037064451897495,0.6,0.174,-59410.2734484587,STRUCTURAL,-0.8458457176083232,-200399.1608641864,28800.0,0,0,0,0,0,0,0,inf,inf,NA,1,5,5,5,24,6,0,0,CONTINUE,0,A,1,1,0,KEEP_STRUCTURAL_IN_ON_CUT,2,3,0,0,"tail_cont_enabled=1 tail_active_dims=(1,) tail_delta=0.1 tail_start=(6, 6, 6) returned_y=(5, 0, 3) returned_b=(0, 0, 0) returned_u=(0, 0, 0) returned_zcap=(5, 0, 3) max_tail_u=0",NA
120,P1_no_rho,22,165.3281046000775,5.65135649999138,6.872998400009237,0.1611389999743551,0.01,58342.10104206534,58342.10104206534,-69869.77798978808,-50637.99613501007,0.0,-25965.932865161198,-80592.18591353174,-80592.17121208001,-59410.2734484587,-25965.932865161198,33444.3405832975,33444.340583297504,-31468.27335480216,37968.5,nan,nan,1.5000000000000002,10.0,0.0,0.0,10.0,0.85,CORE,MAIN,1.1958487752908302,0.2522234728128503,0.6,0.174,-59410.2734484587,STRUCTURAL,-0.862537767838741,-200399.1608641864,28800.0,0,0,0,0,0,0,0,inf,inf,NA,1,5,5,5,24,6,0,0,CONTINUE,0,A,1,1,0,KEEP_STRUCTURAL_IN_ON_CUT,2,3,0,0,"tail_cont_enabled=1 tail_active_dims=(1,) tail_delta=0.1 tail_start=(6, 6, 6) returned_y=(0, 1, 6) returned_b=(0, 0, 1) returned_u=(0, 0, 0) returned_zcap=(0, 1, 6) max_tail_u=0",NA
120,P1_no_rho,23,172.2710293000564,5.65135649999138,6.94238620006945,0.16554650000762194,0.01,49647.45320098535,49647.45320098535,-69869.77798978808,-51942.193311172065,0.0,-25965.932865161198,-68226.96236601807,-68226.94963548947,-59410.2734484587,-25965.932865161198,33444.3405832975,33444.340583297504,-23469.59603227741,34269.0,nan,nan,1.5000000000000002,10.0,0.0,0.0,10.0,0.85,CORE,MAIN,1.194618916108175,0.26742054859439035,0.6,0.174,-59410.2734484587,STRUCTURAL,-0.8707063449611808,-200399.1608641864,28800.0,0,0,0,0,0,0,0,inf,inf,NA,1,5,5,5,24,6,0,0,CONTINUE,0,A,1,1,0,KEEP_STRUCTURAL_IN_ON_CUT,2,3,0,0,"tail_cont_enabled=1 tail_active_dims=(1,) tail_delta=0.1 tail_start=(6, 6, 6) returned_y=(0, 1, 6) returned_b=(0, 0, 1) returned_u=(0, 0, 0) returned_zcap=(0, 1, 6) max_tail_u=0",NA
120,P1_no_rho,24,176.434051200049,5.65135649999138,4.162560899974778,0.18249569996260107,0.01,55489.21135053564,55489.21135053564,-69869.77798978808,-51065.92958873953,0.0,-25965.932865161198,-70336.23195517673,-70336.21891140586,-59410.2734484587,-25965.932865161198,33444.3405832975,33444.340583297504,-26033.16096772531,35141.0,nan,nan,1.5000000000000002,10.0,0.0,0.0,10.0,0.85,CORE,MAIN,1.1945854109261458,0.2591746311645775,0.6,0.174,-59410.2734484587,STRUCTURAL,-0.8404818292721807,-200399.1608641864,28800.0,0,0,0,0,0,0,0,inf,inf,NA,1,5,5,5,24,6,0,0,CONTINUE,0,A,1,1,0,KEEP_STRUCTURAL_IN_ON_CUT,2,3,0,0,"tail_cont_enabled=1 tail_active_dims=(1,) tail_delta=0.1 tail_start=(6, 6, 6) returned_y=(0, 1, 6) returned_b=(0, 0, 1) returned_u=(0, 0, 0) returned_zcap=(0, 1, 6) max_tail_u=0",NA
120,P1_no_rho,25,188.7976654000813,5.65135649999138,12.362820700043812,0.17005919991061091,0.01,25371.89787037903,25371.89787037903,-69869.77798978808,-55583.526610763016,0.0,-25965.932865161198,-73970.30469216651,-73970.29098143474,-59410.2734484587,-25965.932865161198,33444.3405832975,33444.340583297504,-28284.3232614654,36619.5,nan,nan,1.5000000000000002,10.0,0.0,0.0,10.0,0.85,CORE,MAIN,1.1994255195262564,0.2533003661381754,0.6,0.174,-59410.2734484587,STRUCTURAL,-0.8317238578711584,-200399.1608641864,28800.0,0,0,0,0,0,0,0,inf,inf,NA,1,5,5,5,24,6,0,0,CONTINUE,0,A,1,1,0,KEEP_STRUCTURAL_IN_ON_CUT,2,3,0,0,"tail_cont_enabled=1 tail_active_dims=(1,) tail_delta=0.1 tail_start=(6, 6, 6) returned_y=(0, 1, 6) returned_b=(0, 0, 1) returned_u=(0, 0, 0) returned_zcap=(0, 1, 6) max_tail_u=0",NA
120,P1_no_rho,26,195.64711500005797,5.65135649999138,6.848911400069483,0.1720819000620395,0.01,64036.69001934332,64036.69001934332,-69869.77798978808,-49783.80778841837,0.0,-25965.932865161198,-66993.18136502375,-66993.16905525871,-59410.2734484587,-25965.932865161198,33444.3405832975,33444.340583297504,-25507.399568507495,35344.0,nan,nan,1.5000000000000002,10.0,0.0,0.0,10.0,0.85,CORE,MAIN,1.2028162740296962,0.2693145702805271,0.6,0.174,-59410.2734484587,STRUCTURAL,-0.782514136991686,-200399.1608641864,28800.0,0,0,0,0,0,0,0,inf,inf,NA,1,5,5,5,24,6,0,0,CONTINUE,0,A,1,1,0,KEEP_STRUCTURAL_IN_ON_CUT,2,3,0,0,"tail_cont_enabled=1 tail_active_dims=(1,) tail_delta=0.1 tail_start=(6, 6, 6) returned_y=(0, 1, 6) returned_b=(0, 0, 1) returned_u=(0, 0, 0) returned_zcap=(0, 1, 6) max_tail_u=0",NA
120,P1_no_rho,27,202.8844554000534,5.65135649999138,7.236642500036396,0.16884269996080548,0.01,48668.80058634036,48668.80058634036,-69869.77798978808,-52088.991203368816,0.0,-25965.932865161198,-72399.19725741232,-72399.1840771678,-59410.2734484587,-25965.932865161198,33444.3405832975,33444.340583297504,-28418.177987167397,36627.5,nan,nan,1.5000000000000002,10.0,0.0,0.0,10.0,0.85,CORE,MAIN,1.2049002546174745,0.25644421199935785,0.6,0.174,-59410.2734484587,STRUCTURAL,-0.8005097461379278,-200399.1608641864,28800.0,0,0,0,0,0,0,0,inf,inf,NA,1,5,5,5,24,6,0,0,CONTINUE,0,A,1,1,0,KEEP_STRUCTURAL_IN_ON_CUT,2,3,0,0,"tail_cont_enabled=1 tail_active_dims=(1,) tail_delta=0.1 tail_start=(6, 6, 6) returned_y=(0, 1, 6) returned_b=(0, 0, 1) returned_u=(0, 0, 0) returned_zcap=(0, 1, 6) max_tail_u=0",NA
120,P1_no_rho,28,207.79380540002603,5.65135649999138,4.908853100030683,0.15683700004592538,0.01,30955.11513319966,30955.11513319966,-69869.77798978808,-54746.04402133992,0.0,-25965.932865161198,-74482.75496233712,-74482.74160167869,-59410.2734484587,-25965.932865161198,33444.3405832975,33444.340583297504,-27592.599620174435,34012.5,nan,nan,1.5000000000000002,10.0,0.0,0.0,10.0,0.85,CORE,MAIN,1.2060327572391452,0.2532655750709414,0.6,0.174,-59410.2734484587,STRUCTURAL,-0.9190766528287005,-200399.1608641864,28800.0,0,0,0,0,0,0,0,inf,inf,NA,1,5,5,5,24,6,0,0,CONTINUE,0,A,1,1,0,KEEP_STRUCTURAL_IN_ON_CUT,2,3,0,0,"tail_cont_enabled=1 tail_active_dims=(1,) tail_delta=0.1 tail_start=(6, 6, 6) returned_y=(6, 1, 1) returned_b=(1, 0, 0) returned_u=(0, 0, 0) returned_zcap=(6, 1, 1) max_tail_u=0",NA
120,P1_no_rho,29,214.68765169999097,5.65135649999138,6.893136799917556,0.16273380001075566,0.01,26788.319140109223,26788.319140109223,-69869.77798978808,-55371.063420303486,0.0,-25965.932865161198,-77212.53380049509,-77212.51965457105,-59410.2734484587,-25965.932865161198,33444.3405832975,33444.340583297504,-30315.72570833294,36257.0,nan,nan,1.5000000000000002,10.0,0.0,0.0,10.0,0.85,CORE,MAIN,1.205440415396179,0.25343171714680224,0.6,0.174,-59410.2734484587,STRUCTURAL,-0.8623032599909551,-200399.1608641864,28800.0,0,0,0,0,0,0,0,inf,inf,NA,1,5,5,5,24,6,0,0,CONTINUE,0,A,1,1,0,KEEP_STRUCTURAL_IN_ON_CUT,2,3,0,0,"tail_cont_enabled=1 tail_active_dims=(1,) tail_delta=0.1 tail_start=(6, 6, 6) returned_y=(5, 0, 3) returned_b=(0, 0, 0) returned_u=(0, 0, 0) returned_zcap=(5, 0, 3) max_tail_u=0",NA
120,P1_no_rho,30,228.8398919000756,5.65135649999138,14.151761500048451,0.18221430003177375,0.01,55924.05066486694,55924.05066486694,-69869.77798978808,-51000.70369158983,0.0,-25965.932865161198,-69079.16621339007,-69079.15336937428,-59410.2734484587,-25965.932865161198,33444.3405832975,33444.340583297504,-23872.008946295337,34025.0,nan,nan,1.5000000000000002,10.0,0.0,0.0,10.0,0.85,CORE,MAIN,1.2060736237807752,0.26736510080657194,0.6,0.174,-59410.2734484587,STRUCTURAL,-0.8857632999868514,-200399.1608641864,28800.0,0,0,0,0,0,0,0,inf,inf,NA,1,5,5,5,24,6,0,0,CONTINUE,0,A,1,1,0,KEEP_STRUCTURAL_IN_ON_CUT,2,3,0,0,"tail_cont_enabled=1 tail_active_dims=(1,) tail_delta=0.1 tail_start=(6, 6, 6) returned_y=(5, 0, 3) returned_b=(0, 0, 0) returned_u=(0, 0, 0) returned_zcap=(5, 0, 3) max_tail_u=0",NA
120,P1_no_rho,31,235.7739638000494,5.65135649999138,6.933621400035918,0.1563064999645576,0.01,51889.349016205524,51889.349016205524,-69869.77798978808,-51605.90893888904,0.0,-25965.932865161198,-72154.47991573274,-72154.46650520897,-59410.2734484587,-25965.932865161198,33444.3405832975,33444.340583297504,-26248.453920852036,35574.0,nan,nan,1.5000000000000002,10.0,0.0,0.0,10.0,0.85,CORE,MAIN,1.2065460731975375,0.25992329527279057,0.6,0.174,-59410.2734484587,STRUCTURAL,-0.8602914597619411,-200399.1608641864,28800.0,0,0,0,0,0,0,0,inf,inf,NA,1,5,5,5,24,6,0,0,CONTINUE,0,A,1,1,0,KEEP_STRUCTURAL_IN_ON_CUT,2,3,0,0,"tail_cont_enabled=1 tail_active_dims=(1,) tail_delta=0.1 tail_start=(6, 6, 6) returned_y=(0, 1, 6) returned_b=(0, 0, 1) returned_u=(0, 0, 0) returned_zcap=(0, 1, 6) max_tail_u=0",NA
120,P1_no_rho,32,240.09116710000671,5.65135649999138,4.316707999911159,0.15420700004324317,0.01,41498.13148138824,41498.13148138824,-69869.77798978808,-53164.59156911163,0.0,-25965.932865161198,-75747.28841239418,-75747.27436348239,-59410.2734484587,-25965.932865161198,33444.3405832975,33444.340583297504,-28618.61581370147,37088.5,nan,nan,1.5000000000000002,10.0,0.0,0.0,10.0,0.85,CORE,MAIN,1.207342111513079,0.25044891816066217,0.6,0.174,-59410.2734484587,STRUCTURAL,-0.8471387545965444,-200399.1608641864,28800.0,0,0,0,0,0,0,0,inf,inf,NA,1,5,5,5,24,6,0,0,CONTINUE,0,A,1,1,0,KEEP_STRUCTURAL_IN_ON_CUT,2,3,0,0,"tail_cont_enabled=1 tail_active_dims=(1,) tail_delta=0.1 tail_start=(6, 6, 6) returned_y=(0, 1, 6) returned_b=(0, 0, 1) returned_u=(0, 0, 0) returned_zcap=(0, 1, 6) max_tail_u=0",NA
120,P1_no_rho,33,247.4425898999907,5.65135649999138,7.350769299897365,0.1657619000179693,0.01,59532.99585399306,59532.99585399306,-69869.77798978808,-50459.36191322091,0.0,-25965.932865161198,-68446.21336664328,-68446.20069357195,-59410.2734484587,-25965.932865161198,33444.3405832975,33444.340583297504,-25706.031861869957,35844.0,nan,nan,1.5000000000000002,10.0,0.0,0.0,10.0,0.85,CORE,MAIN,1.2085516639797005,0.27338778244031436,0.6,0.174,-59410.2734484587,STRUCTURAL,-0.7949293016348993,-200399.1608641864,28800.0,0,0,0,0,0,0,0,inf,inf,NA,1,5,5,5,24,6,0,0,CONTINUE,0,A,1,1,0,KEEP_STRUCTURAL_IN_ON_CUT,2,3,0,0,"tail_cont_enabled=1 tail_active_dims=(1,) tail_delta=0.1 tail_start=(6, 6, 6) returned_y=(0, 1, 6) returned_b=(0, 0, 1) returned_u=(0, 0, 0) returned_zcap=(0, 1, 6) max_tail_u=0",NA
120,P1_no_rho,34,254.58724560006522,5.65135649999138,7.144248900003731,0.16275150002911687,0.01,42776.640808677184,42776.640808677184,-69869.77798978808,-52972.81517001829,0.0,-25965.932865161198,-74526.99185280247,-74526.97822370369,-59410.2734484587,-25965.932865161198,33444.3405832975,33444.340583297504,-28158.411086253644,36042.5,nan,nan,1.5000000000000002,10.0,0.0,0.0,10.0,0.85,CORE,MAIN,1.2088079563227356,0.2566569602642592,0.6,0.174,-59410.2734484587,STRUCTURAL,-0.8576646484465105,-200399.1608641864,28800.0,0,0,0,0,0,0,0,inf,inf,NA,1,5,5,5,24,6,0,0,CONTINUE,0,A,1,1,0,KEEP_STRUCTURAL_IN_ON_CUT,2,3,0,0,"tail_cont_enabled=1 tail_active_dims=(1,) tail_delta=0.1 tail_start=(6, 6, 6) returned_y=(5, 0, 3) returned_b=(0, 0, 0) returned_u=(0, 0, 0) returned_zcap=(5, 0, 3) max_tail_u=0",NA
120,P1_no_rho,35,269.1860956000164,5.65135649999138,14.598189499927685,0.1617423000279814,0.01,34428.60212297852,34428.60212297852,-69869.77798978808,-54225.02097287309,0.0,-25965.932865161198,-76068.72618070267,-76068.71226293288,-59410.2734484587,-25965.932865161198,33444.3405832975,33444.340583297504,-28700.87669010613,34647.0,nan,nan,1.5000000000000002,10.0,0.0,0.0,10.0,0.85,CORE,MAIN,1.2085018111919668,0.254946606374007,0.6,0.174,-59410.2734484587,STRUCTURAL,-0.9114369800719011,-200399.1608641864,28800.0,0,0,0,0,0,0,0,inf,inf,NA,1,5,5,5,24,6,0,0,CONTINUE,0,A,1,1,0,KEEP_STRUCTURAL_IN_ON_CUT,2,3,0,0,"tail_cont_enabled=1 tail_active_dims=(1,) tail_delta=0.1 tail_start=(6, 6, 6) returned_y=(6, 1, 1) returned_b=(1, 0, 0) returned_u=(0, 0, 0) returned_zcap=(6, 1, 1) max_tail_u=0",NA
120,P1_no_rho,36,276.293030800065,5.65135649999138,7.106493900064379,0.1766891999868676,0.01,36229.36942696922,36229.36942696922,-69869.77798978808,-53954.90587727449,0.0,-25965.932865161198,-77664.40662176909,-77664.39235255693,-59410.2734484587,-25965.932865161198,33444.3405832975,33444.340583297504,-29643.992838602797,36205.0,nan,nan,1.5000000000000002,10.0,0.0,0.0,10.0,0.85,CORE,MAIN,1.2072162564293913,0.2656770239381596,0.6,0.174,-59410.2734484587,STRUCTURAL,-0.8842314507932442,-200399.1608641864,28800.0,0,0,0,0,0,0,0,inf,inf,NA,1,5,5,5,24,6,0,0,CONTINUE,0,A,1,1,0,KEEP_STRUCTURAL_IN_ON_CUT,2,3,0,0,"tail_cont_enabled=1 tail_active_dims=(1,) tail_delta=0.1 tail_start=(6, 6, 6) returned_y=(5, 0, 3) returned_b=(0, 0, 0) returned_u=(0, 0, 0) returned_zcap=(5, 0, 3) max_tail_u=0",NA
120,P1_no_rho,37,280.7519633000484,5.65135649999138,4.4583712000167,0.15480830008164048,0.01,56008.300650831334,56008.300650831334,-69869.77798978808,-50988.066193695166,0.0,-25965.932865161198,-68875.99531156135,-68875.98256142205,-59410.2734484587,-25965.932865161198,33444.3405832975,33444.340583297504,-23688.67639890527,34727.5,nan,nan,1.5000000000000002,10.0,0.0,0.0,10.0,0.85,CORE,MAIN,1.207746315558401,0.2702561944452623,0.6,0.174,-59410.2734484587,STRUCTURAL,-0.8674644237279151,-200399.1608641864,28800.0,0,0,0,0,0,0,0,inf,inf,NA,1,5,5,5,24,6,0,0,CONTINUE,0,A,1,1,0,KEEP_STRUCTURAL_IN_ON_CUT,2,3,0,0,"tail_cont_enabled=1 tail_active_dims=(1,) tail_delta=0.1 tail_start=(6, 6, 6) returned_y=(0, 6, 1) returned_b=(0, 1, 0) returned_u=(0, 0, 0) returned_zcap=(0, 6, 1) max_tail_u=0",NA
120,P1_no_rho,38,287.4868572000414,5.65135649999138,6.734326899982989,0.1725641000084579,0.01,56261.192971699704,56261.192971699704,-69869.77798978808,-50950.13234556491,0.0,-25965.932865161198,-72700.71420119553,-72700.70067447214,-59410.2734484587,-25965.932865161198,33444.3405832975,33444.340583297504,-26293.483399441826,35395.0,nan,nan,1.5000000000000002,10.0,0.0,0.0,10.0,0.85,CORE,MAIN,1.2082215780889312,0.2607058998535182,0.6,0.174,-59410.2734484587,STRUCTURAL,-0.8740823520276936,-200399.1608641864,28800.0,0,0,0,0,0,0,0,inf,inf,NA,1,5,5,5,24,6,0,0,CONTINUE,0,A,1,1,0,KEEP_STRUCTURAL_IN_ON_CUT,2,3,0,0,"tail_cont_enabled=1 tail_active_dims=(1,) tail_delta=0.1 tail_start=(6, 6, 6) returned_y=(0, 6, 1) returned_b=(0, 1, 0) returned_u=(0, 0, 0) returned_zcap=(0, 6, 1) max_tail_u=0",NA
120,P1_no_rho,39,292.3268578000134,5.65135649999138,4.83956340001896,0.16044850007165223,0.01,40489.964717291434,40489.964717291434,-69869.77798978808,-53315.816583726155,0.0,-25965.932865161198,-76245.81392763954,-76245.79987990163,-59410.2734484587,-25965.932865161198,33444.3405832975,33444.340583297504,-28183.49089646246,36587.5,nan,nan,1.5000000000000002,10.0,0.0,0.0,10.0,0.85,CORE,MAIN,1.2078174901472212,0.2563797440443638,0.6,0.174,-59410.2734484587,STRUCTURAL,-0.8757509893349582,-200399.1608641864,28800.0,0,0,0,0,0,0,0,inf,inf,NA,1,5,5,5,24,6,0,0,CONTINUE,0,A,1,1,0,KEEP_STRUCTURAL_IN_ON_CUT,2,3,0,0,"tail_cont_enabled=1 tail_active_dims=(1,) tail_delta=0.1 tail_start=(6, 6, 6) returned_y=(0, 6, 1) returned_b=(0, 1, 0) returned_u=(0, 0, 0) returned_zcap=(0, 6, 1) max_tail_u=0",NA
120,P1_no_rho,40,307.22932150005363,5.65135649999138,14.901846499997191,0.1718376000644639,0.01,58214.6012149679,58214.6012149679,-69869.77798978808,-50657.12110907468,0.0,-25965.932865161198,-69631.51445994142,-69631.50154429815,-59410.2734484587,-25965.932865161198,33444.3405832975,33444.340583297504,-25731.83647635804,36030.0,nan,nan,1.5000000000000002,10.0,0.0,0.0,10.0,0.85,CORE,MAIN,1.2086628507004753,0.2677576781055183,0.6,0.174,-59410.2734484587,STRUCTURAL,-0.8122798606335482,-200399.1608641864,28800.0,0,0,0,0,0,0,0,inf,inf,NA,1,5,5,5,24,6,0,0,CONTINUE,0,A,1,1,0,KEEP_STRUCTURAL_IN_ON_CUT,2,3,0,0,"tail_cont_enabled=1 tail_active_dims=(1,) tail_delta=0.1 tail_start=(6, 6, 6) returned_y=(0, 1, 6) returned_b=(0, 0, 1) returned_u=(0, 0, 0) returned_zcap=(0, 1, 6) max_tail_u=0",NA
120,P1_no_rho,41,311.5718331000535,5.65135649999138,4.341986000072211,0.1574597000144422,0.01,42629.73053992882,42629.73053992882,-69869.77798978808,-52994.85171033055,0.0,-25965.932865161198,-74809.35750765051,-74809.34376148196,-59410.2734484587,-25965.932865161198,33444.3405832975,33444.340583297504,-27558.356601663454,35973.5,nan,nan,1.5000000000000002,10.0,0.0,0.0,10.0,0.85,CORE,MAIN,1.2088427950370995,0.2572508308114161,0.6,0.174,-59410.2734484587,STRUCTURAL,-0.875662865902558,-200399.1608641864,28800.0,0,0,0,0,0,0,0,inf,inf,NA,1,5,5,5,24,6,0,0,CONTINUE,0,A,1,1,0,KEEP_STRUCTURAL_IN_ON_CUT,2,3,0,0,"tail_cont_enabled=1 tail_active_dims=(1,) tail_delta=0.1 tail_start=(6, 6, 6) returned_y=(5, 0, 3) returned_b=(0, 0, 0) returned_u=(0, 0, 0) returned_zcap=(5, 0, 3) max_tail_u=0",NA
120,P1_no_rho,42,316.4274206000846,5.65135649999138,4.855014300090261,0.19565190002322197,0.01,36830.17559518571,36830.17559518571,-69869.77798978808,-53864.78495204201,0.0,-25965.932865161198,-79214.19883002003,-79214.1854785686,-59410.2734484587,-25965.932865161198,33444.3405832975,33444.340583297504,-25566.56577207674,39614.0,nan,nan,1.5000000000000002,10.0,0.0,0.0,10.0,0.85,CORE,MAIN,1.2079286213946296,0.2512141205805244,0.6,0.174,-59410.2734484587,STRUCTURAL,-0.9028393952725778,-200399.1608641864,28800.0,0,0,0,0,0,0,0,inf,inf,NA,2,6,6,6,24,6,0,0,CONTINUE,0,A,1,1,0,KEEP_STRUCTURAL_IN_ON_CUT,2,3,0,0,"tail_cont_enabled=1 tail_active_dims=(1,) tail_delta=0.1 tail_start=(6, 6, 6) returned_y=(6, 0, 2) returned_b=(1, 0, 0) returned_u=(0, 0, 0) returned_zcap=(6, 0, 2) max_tail_u=0",NA
120,P1_no_rho,43,321.865827600006,5.65135649999138,5.437520599924028,0.15227889991365373,0.01,42661.01606982947,42661.01606982947,-69869.77798978808,-52990.15888084545,0.0,-25965.932865161198,-78627.34556629413,-78627.33148223528,-59410.2734484587,-25965.932865161198,33444.3405832975,33444.340583297504,-29180.46834621228,37593.5,nan,nan,1.5000000000000002,10.0,0.0,0.0,10.0,0.85,CORE,MAIN,1.2068825067399487,0.26760358144605656,0.6,0.174,-59410.2734484587,STRUCTURAL,-0.8768690178891387,-200399.1608641864,28800.0,0,0,0,0,0,0,0,inf,inf,NA,1,5,5,5,24,6,0,0,CONTINUE,0,A,1,1,0,KEEP_STRUCTURAL_IN_ON_CUT,2,3,0,0,"tail_cont_enabled=1 tail_active_dims=(1,) tail_delta=0.1 tail_start=(6, 6, 6) returned_y=(6, 0, 2) returned_b=(1, 0, 0) returned_u=(0, 0, 0) returned_zcap=(6, 0, 2) max_tail_u=0",NA
120,P1_no_rho,44,326.9551138000097,5.65135649999138,5.088830800028518,0.16340279998257756,0.01,48533.495332656144,48533.495332656144,-69869.77798978808,-52109.286991421446,0.0,-25965.932865161198,-68604.5131976678,-68604.50037575273,-59410.2734484587,-25965.932865161198,33444.3405832975,33444.340583297504,-23649.988719885303,34997.0,nan,nan,1.5000000000000002,10.0,0.0,0.0,10.0,0.85,CORE,MAIN,1.2070978190851185,0.2727867720489825,0.6,0.174,-59410.2734484587,STRUCTURAL,-0.8563498139053329,-200399.1608641864,28800.0,0,0,0,0,0,0,0,inf,inf,NA,1,5,5,5,24,6,0,0,CONTINUE,0,A,1,1,0,KEEP_STRUCTURAL_IN_ON_CUT,2,3,0,0,"tail_cont_enabled=1 tail_active_dims=(1,) tail_delta=0.1 tail_start=(6, 6, 6) returned_y=(0, 1, 6) returned_b=(0, 0, 1) returned_u=(0, 0, 0) returned_zcap=(0, 1, 6) max_tail_u=0",NA
120,P1_no_rho,45,336.01789780007675,5.65135649999138,9.06221500004176,0.16486619994975626,0.01,62380.40705052356,62380.40705052356,-69869.77798978808,-50032.25023374133,0.0,-25965.932865161198,-74623.6295820034,-74623.61569260294,-59410.2734484587,-25965.932865161198,33444.3405832975,33444.340583297504,-27187.089547754833,36584.5,nan,nan,1.5000000000000002,10.0,0.0,0.0,10.0,0.85,CORE,MAIN,1.2070640046931944,0.2755187996366152,0.6,0.174,-59410.2734484587,STRUCTURAL,-0.8644193787869745,-200399.1608641864,28800.0,0,0,0,0,0,0,0,inf,inf,NA,1,5,5,5,24,6,0,0,CONTINUE,0,A,1,1,0,KEEP_STRUCTURAL_IN_ON_CUT,2,3,0,0,"tail_cont_enabled=1 tail_active_dims=(1,) tail_delta=0.1 tail_start=(6, 6, 6) returned_y=(0, 1, 6) returned_b=(0, 0, 1) returned_u=(0, 0, 0) returned_zcap=(0, 1, 6) max_tail_u=0",NA
120,P1_no_rho,46,340.40314030006994,5.65135649999138,4.38471270003356,0.1556588999228552,0.01,32021.489679053797,32021.489679053797,-69869.77798978808,-54586.087839461805,0.0,-25965.932865161198,-75067.093925214,-75067.08006901064,-59410.2734484587,-25965.932865161198,33444.3405832975,33444.340583297504,-28779.505452748625,36781.0,nan,nan,1.5000000000000002,10.0,0.0,0.0,10.0,0.85,CORE,MAIN,1.206532167937116,0.2550648578012069,0.6,0.174,-59410.2734484587,STRUCTURAL,-0.8389761854628205,-200399.1608641864,28800.0,0,0,0,0,0,0,0,inf,inf,NA,1,5,5,5,24,6,0,0,CONTINUE,0,A,1,1,0,KEEP_STRUCTURAL_IN_ON_CUT,2,3,0,0,"tail_cont_enabled=1 tail_active_dims=(1,) tail_delta=0.1 tail_start=(6, 6, 6) returned_y=(0, 1, 6) returned_b=(0, 0, 1) returned_u=(0, 0, 0) returned_zcap=(0, 1, 6) max_tail_u=0",NA
120,P1_no_rho,47,345.8063180000754,5.65135649999138,5.40263930009678,0.1552635000552982,0.01,46792.78195691282,46792.78195691282,-69869.77798978808,-52370.39399778294,0.0,-25965.932865161198,-69544.46860957309,-69544.45565995327,-59410.2734484587,-25965.932865161198,33444.3405832975,33444.340583297504,-24910.200346039815,35686.0,nan,nan,1.5000000000000002,10.0,0.0,0.0,10.0,0.85,CORE,MAIN,1.2073689091120545,0.26852463548531413,0.6,0.174,-59410.2734484587,STRUCTURAL,-0.8338331617238028,-200399.1608641864,28800.0,0,0,0,0,0,0,0,inf,inf,NA,1,5,5,5,24,6,0,0,CONTINUE,0,A,1,1,0,KEEP_STRUCTURAL_IN_ON_CUT,2,3,0,0,"tail_cont_enabled=1 tail_active_dims=(1,) tail_delta=0.1 tail_start=(6, 6, 6) returned_y=(0, 1, 6) returned_b=(0, 0, 1) returned_u=(0, 0, 0) returned_zcap=(0, 1, 6) max_tail_u=0",NA
120,P1_no_rho,48,349.00054790009744,5.65135649999138,3.193763399962336,0.15123349998611957,0.01,47433.36890967243,47433.36890967243,-69869.77798978808,-52274.30595486901,0.0,-25965.932865161198,-73395.58176433336,-73395.5687720731,-59410.2734484587,-25965.932865161198,33444.3405832975,33444.340583297504,-26483.42266708946,37260.0,nan,nan,1.5000000000000002,10.0,0.0,0.0,10.0,0.85,CORE,MAIN,1.2080423925288626,0.2592141739913618,0.6,0.174,-59410.2734484587,STRUCTURAL,-0.839365648684624,-200399.1608641864,28800.0,0,0,0,0,0,0,0,inf,inf,NA,1,5,5,5,24,6,0,0,CONTINUE,0,A,1,1,0,KEEP_STRUCTURAL_IN_ON_CUT,2,3,0,0,"tail_cont_enabled=1 tail_active_dims=(1,) tail_delta=0.1 tail_start=(6, 6, 6) returned_y=(0, 6, 1) returned_b=(0, 1, 0) returned_u=(0, 0, 0) returned_zcap=(0, 6, 1) max_tail_u=0",NA
120,P1_no_rho,49,353.36103020003065,5.65135649999138,4.359960800036788,0.15468849998433143,0.01,37114.457653067526,37114.457653067526,-69869.77798978808,-53822.142643359744,0.0,-25965.932865161198,-76677.10183619369,-76677.08769576589,-59410.2734484587,-25965.932865161198,33444.3405832975,33444.340583297504,-27990.289724197075,36396.5,nan,nan,1.5000000000000002,10.0,0.0,0.0,10.0,0.85,CORE,MAIN,1.2079377768975714,0.26595401461768065,0.6,0.174,-59410.2734484587,STRUCTURAL,-0.8917853451397582,-200399.1608641864,28800.0,0,0,0,0,0,0,0,inf,inf,NA,1,5,5,5,24,6,0,0,CONTINUE,0,A,1,1,0,KEEP_STRUCTURAL_IN_ON_CUT,2,3,0,0,"tail_cont_enabled=1 tail_active_dims=(1,) tail_delta=0.1 tail_start=(6, 6, 6) returned_y=(5, 0, 3) returned_b=(0, 0, 0) returned_u=(0, 0, 0) returned_zcap=(5, 0, 3) max_tail_u=0",NA
120,P1_no_rho,50,364.1602478000568,5.65135649999138,10.798656400060281,0.14897010009735823,0.01,36348.67436221492,36348.67436221492,-69869.77798978808,-53937.010136987636,0.0,-25965.932865161198,-80647.59495603465,-80647.5811238446,-59410.2734484587,-25965.932865161198,33444.3405832975,33444.340583297504,-28757.702177215124,39353.0,nan,nan,1.5000000000000002,10.0,0.0,0.0,10.0,0.85,CORE,MAIN,1.2068920614810574,0.26449679874630694,0.6,0.174,-59410.2734484587,STRUCTURAL,-0.8790499486973373,-200399.1608641864,28800.0,0,0,0,0,0,0,0,inf,inf,NA,1,5,5,5,24,6,0,0,CONTINUE,0,A,1,1,0,KEEP_STRUCTURAL_IN_ON_CUT,2,3,0,0,"tail_cont_enabled=1 tail_active_dims=(1,) tail_delta=0.1 tail_start=(6, 6, 6) returned_y=(6, 0, 2) returned_b=(1, 0, 0) returned_u=(0, 0, 0) returned_zcap=(6, 0, 2) max_tail_u=0",NA
120,P1_no_rho,51,369.47411230008584,5.65135649999138,5.313265900011174,0.16061139991506934,0.01,61312.384177811975,61312.384177811975,-69869.77798978808,-50192.45366464807,0.0,-25965.932865161198,-69421.8230963895,-69421.81035653342,-59410.2734484587,-25965.932865161198,33444.3405832975,33444.340583297504,-23065.681082262836,34888.0,nan,nan,1.5000000000000002,10.0,0.0,0.0,10.0,0.85,CORE,MAIN,1.207725848273563,0.27051018730011356,0.6,0.174,-59410.2734484587,STRUCTURAL,-0.8858084780683055,-200399.1608641864,28800.0,0,0,0,0,0,0,0,inf,inf,NA,1,5,5,5,24,6,0,0,CONTINUE,0,A,1,1,0,KEEP_STRUCTURAL_IN_ON_CUT,2,3,0,0,"tail_cont_enabled=1 tail_active_dims=(1,) tail_delta=0.1 tail_start=(6, 6, 6) returned_y=(6, 0, 2) returned_b=(1, 0, 0) returned_u=(0, 0, 0) returned_zcap=(6, 0, 2) max_tail_u=0",NA
120,P1_no_rho,52,374.9997146000387,5.65135649999138,5.524903399986215,0.18126280000433326,0.01,46055.80013426683,46055.80013426683,-69869.77798978808,-52480.94127117984,0.0,-25965.932865161198,-76392.25957184986,-76392.24603115003,-59410.2734484587,-25965.932865161198,33444.3405832975,33444.340583297504,-26576.13306356735,37744.166666666664,nan,nan,1.5000000000000002,10.0,0.0,0.0,10.0,0.85,CORE,MAIN,1.20769571213417,0.2562411905183012,0.6,0.174,-59410.2734484587,STRUCTURAL,-0.8798907198477942,-200399.1608641864,28800.0,0,0,0,0,0,0,0,inf,inf,NA,2,6,6,6,24,6,0,0,CONTINUE,0,A,1,1,0,KEEP_STRUCTURAL_IN_ON_CUT,2,3,0,0,"tail_cont_enabled=1 tail_active_dims=(1,) tail_delta=0.1 tail_start=(6, 6, 6) returned_y=(1, 6, 0) returned_b=(0, 1, 0) returned_u=(0, 0.0833333, 0) returned_zcap=(1, 6.08333, 0) max_tail_u=0.0833333",NA
120,P1_no_rho,53,378.7504947000416,5.65135649999138,3.750160500057973,0.15936849999707192,0.01,39215.10426817234,39215.10426817234,-69869.77798978808,-53507.04565109402,0.0,-25965.932865161198,-77743.93770491506,-77743.92333912369,-59410.2734484587,-25965.932865161198,33444.3405832975,33444.340583297504,-29760.49229709563,37687.0,nan,nan,1.5000000000000002,10.0,0.0,0.0,10.0,0.85,CORE,MAIN,1.206729621376717,0.256915002305937,0.6,0.174,-59410.2734484587,STRUCTURAL,-0.8488060611887042,-200399.1608641864,28800.0,0,0,0,0,0,0,0,inf,inf,NA,1,5,5,5,24,6,0,0,CONTINUE,0,A,1,1,0,KEEP_STRUCTURAL_IN_ON_CUT,2,3,0,0,"tail_cont_enabled=1 tail_active_dims=(1,) tail_delta=0.1 tail_start=(6, 6, 6) returned_y=(0, 1, 6) returned_b=(0, 0, 1) returned_u=(0, 0, 0) returned_zcap=(0, 1, 6) max_tail_u=0",NA
120,P1_no_rho,54,383.7273051000666,5.65135649999138,4.976403000066057,0.15393849997781217,0.01,57137.405149276885,57137.405149276885,-69869.77798978808,-50818.70051892834,0.0,-25965.932865161198,-69194.58623717344,-69194.57340792204,-59410.2734484587,-25965.932865161198,33444.3405832975,33444.340583297504,-24853.82039527046,35392.0,nan,nan,1.5000000000000002,10.0,0.0,0.0,10.0,0.85,CORE,MAIN,1.2073894050803409,0.27965793277312334,0.6,0.174,-59410.2734484587,STRUCTURAL,-0.8352311824263784,-200399.1608641864,28800.0,0,0,0,0,0,0,0,inf,inf,NA,1,5,5,5,24,6,0,0,CONTINUE,0,A,1,1,0,KEEP_STRUCTURAL_IN_ON_CUT,2,3,0,0,"tail_cont_enabled=1 tail_active_dims=(1,) tail_delta=0.1 tail_start=(6, 6, 6) returned_y=(0, 6, 1) returned_b=(0, 1, 0) returned_u=(0, 0, 0) returned_zcap=(0, 6, 1) max_tail_u=0",NA
120,P1_no_rho,55,395.73349780007266,5.65135649999138,12.005771800060757,0.15529389993753284,0.01,47621.91585961962,47621.91585961962,-69869.77798978808,-52246.02391237693,0.0,-25965.932865161198,-74018.52658873772,-74018.51305198984,-59410.2734484587,-25965.932865161198,33444.3405832975,33444.340583297504,-27357.786800426325,36012.5,nan,nan,1.5000000000000002,10.0,0.0,0.0,10.0,0.85,CORE,MAIN,1.2077964134643775,0.26674240504102154,0.6,0.174,-59410.2734484587,STRUCTURAL,-0.8637875969281684,-200399.1608641864,28800.0,0,0,0,0,0,0,0,inf,inf,NA,1,5,5,5,24,6,0,0,CONTINUE,0,A,1,1,0,KEEP_STRUCTURAL_IN_ON_CUT,2,3,0,0,"tail_cont_enabled=1 tail_active_dims=(1,) tail_delta=0.1 tail_start=(6, 6, 6) returned_y=(5, 0, 3) returned_b=(0, 0, 0) returned_u=(0, 0, 0) returned_zcap=(5, 0, 3) max_tail_u=0",NA
120,P1_no_rho,56,401.02750349999405,5.65135649999138,5.293435100000352,0.15356369991786778,0.01,37182.870481673286,37182.870481673286,-69869.77798978808,-53811.880719068875,0.0,-25965.932865161198,-74558.50500123616,-74558.49139454651,-59410.2734484587,-25965.932865161198,33444.3405832975,33444.340583297504,-26443.96125815379,36335.5,nan,nan,1.5000000000000002,10.0,0.0,0.0,10.0,0.85,CORE,MAIN,1.2082226689113253,0.2584992310027425,0.6,0.174,-59410.2734484587,STRUCTURAL,-0.8827827723372955,-200399.1608641864,28800.0,0,0,0,0,0,0,0,inf,inf,NA,1,5,5,5,24,6,0,0,CONTINUE,0,A,1,1,0,KEEP_STRUCTURAL_IN_ON_CUT,2,3,0,0,"tail_cont_enabled=1 tail_active_dims=(1,) tail_delta=0.1 tail_start=(6, 6, 6) returned_y=(6, 0, 2) returned_b=(1, 0, 0) returned_u=(0, 0, 0) returned_zcap=(6, 0, 2) max_tail_u=0",NA
120,P1_no_rho,57,406.8340562999947,5.65135649999138,5.8059737998992205,0.1624037999426946,0.01,37665.58323453745,37665.58323453745,-69869.77798978808,-53739.473806139256,0.0,-25965.932865161198,-74804.88450508614,-74804.87082391365,-59410.2734484587,-25965.932865161198,33444.3405832975,33444.340583297504,-27751.190859656246,36263.5,nan,nan,1.5000000000000002,10.0,0.0,0.0,10.0,0.85,CORE,MAIN,1.2080299420759555,0.2597516971096707,0.6,0.174,-59410.2734484587,STRUCTURAL,-0.8650328836480647,-200399.1608641864,28800.0,0,0,0,0,0,0,0,inf,inf,NA,1,5,5,5,24,6,0,0,CONTINUE,0,A,1,1,0,KEEP_STRUCTURAL_IN_ON_CUT,2,3,0,0,"tail_cont_enabled=1 tail_active_dims=(1,) tail_delta=0.1 tail_start=(6, 6, 6) returned_y=(6, 0, 2) returned_b=(1, 0, 0) returned_u=(0, 0, 0) returned_zcap=(6, 0, 2) max_tail_u=0",NA
120,P1_no_rho,58,410.40642380004283,5.65135649999138,3.571548599982634,0.16559630003757775,0.01,59348.304771416806,59348.304771416806,-69869.77798978808,-50487.06557560735,0.0,-25965.932865161198,-70912.33393334306,-70912.32093960594,-59410.2734484587,-25965.932865161198,33444.3405832975,33444.340583297504,-24044.480924223266,35639.0,nan,nan,1.5000000000000002,10.0,0.0,0.0,10.0,0.85,CORE,MAIN,1.2088001614585828,0.26542822074884764,0.6,0.174,-59410.2734484587,STRUCTURAL,-0.8767144610376773,-200399.1608641864,28800.0,0,0,0,0,0,0,0,inf,inf,NA,1,5,5,5,24,6,0,0,CONTINUE,0,A,1,1,0,KEEP_STRUCTURAL_IN_ON_CUT,2,3,0,0,"tail_cont_enabled=1 tail_active_dims=(1,) tail_delta=0.1 tail_start=(6, 6, 6) returned_y=(6, 0, 2) returned_b=(1, 0, 0) returned_u=(0, 0, 0) returned_zcap=(6, 0, 2) max_tail_u=0",NA
120,P1_no_rho,59,415.6849409000715,5.65135649999138,5.277026200084947,0.15125009999610484,0.01,47456.60912059159,47456.60912059159,-69869.77798978808,-52270.81992323113,0.0,-25965.932865161198,-74797.70152707996,-74797.68757897128,-59410.2734484587,-25965.932865161198,33444.3405832975,33444.340583297504,-26895.250570963573,35702.5,nan,nan,1.5000000000000002,10.0,0.0,0.0,10.0,0.85,CORE,MAIN,1.2091131071933112,0.25746665402575786,0.6,0.174,-59410.2734484587,STRUCTURAL,-0.8944740005696655,-200399.1608641864,28800.0,0,0,0,0,0,0,0,inf,inf,NA,1,5,5,5,24,6,0,0,CONTINUE,0,A,1,1,0,KEEP_STRUCTURAL_IN_ON_CUT,2,3,0,0,"tail_cont_enabled=1 tail_active_dims=(1,) tail_delta=0.1 tail_start=(6, 6, 6) returned_y=(5, 0, 3) returned_b=(0, 0, 0) returned_u=(0, 0, 0) returned_zcap=(5, 0, 3) max_tail_u=0",NA
120,P1_no_rho,60,428.02191560005303,5.65135649999138,12.336421699961647,0.16596220002975315,0.01,30423.322917553938,30423.322917553938,-69869.77798978808,-54825.81285368678,0.0,-25965.932865161198,-78694.11390679397,-78694.09943062213,-59410.2734484587,-25965.932865161198,33444.3405832975,33444.340583297504,-30530.551789144887,38135.0,nan,nan,1.5000000000000002,10.0,0.0,0.0,10.0,0.85,CORE,MAIN,1.209243736032442,0.2513518369262959,0.6,0.174,-59410.2734484587,STRUCTURAL,-0.8419832636943704,-200399.1608641864,28800.0,0,0,0,0,0,0,0,inf,inf,NA,1,5,5,5,24,6,0,0,CONTINUE,0,A,1,1,0,KEEP_STRUCTURAL_IN_ON_CUT,2,3,0,0,"tail_cont_enabled=1 tail_active_dims=(1,) tail_delta=0.1 tail_start=(6, 6, 6) returned_y=(0, 1, 6) returned_b=(0, 0, 1) returned_u=(0, 0, 0) returned_zcap=(0, 1, 6) max_tail_u=0",NA
120,P1_no_rho,61,432.76691280002706,5.65135649999138,4.744368799962103,0.154122699983418,0.01,54507.030683310666,54507.030683310666,-69869.77798978808,-51213.25668882327,0.0,-25965.932865161198,-69039.02483325366,-69039.01195138521,-59410.2734484587,-25965.932865161198,33444.3405832975,33444.340583297504,-24261.994434207707,35141.0,nan,nan,1.5000000000000002,10.0,0.0,0.0,10.0,0.85,CORE,MAIN,1.2093844536731972,0.2638810524454318,0.6,0.174,-59410.2734484587,STRUCTURAL,-0.8494734074571488,-200399.1608641864,28800.0,0,0,0,0,0,0,0,inf,inf,NA,1,5,5,5,24,6,0,0,CONTINUE,0,A,1,1,0,KEEP_STRUCTURAL_IN_ON_CUT,2,3,0,0,"tail_cont_enabled=1 tail_active_dims=(1,) tail_delta=0.1 tail_start=(6, 6, 6) returned_y=(0, 6, 1) returned_b=(0, 1, 0) returned_u=(0, 0, 0) returned_zcap=(0, 6, 1) max_tail_u=0",NA
120,P1_no_rho,62,436.6580722000217,5.65135649999138,3.890384800033644,0.1661922000348568,0.01,43942.55200546648,43942.55200546648,-69869.77798978808,-52797.9284904999,0.0,-25965.932865161198,-75054.539022464,-75054.52518346717,-59410.2734484587,-25965.932865161198,33444.3405832975,33444.340583297504,-27998.547080295746,37289.5,nan,nan,1.5000000000000002,10.0,0.0,0.0,10.0,0.85,CORE,MAIN,1.2090456576075366,0.259734732547377,0.6,0.174,-59410.2734484587,STRUCTURAL,-0.8412730679891373,-200399.1608641864,28800.0,0,0,0,0,0,0,0,inf,inf,NA,1,5,5,5,24,6,0,0,CONTINUE,0,A,1,1,0,KEEP_STRUCTURAL_IN_ON_CUT,2,3,0,0,"tail_cont_enabled=1 tail_active_dims=(1,) tail_delta=0.1 tail_start=(6, 6, 6) returned_y=(0, 1, 6) returned_b=(0, 0, 1) returned_u=(0, 0, 0) returned_zcap=(0, 1, 6) max_tail_u=0",NA
120,P1_no_rho,63,442.17776840005536,5.65135649999138,5.5192554000532255,0.15554690000135452,0.01,38981.29254592252,38981.29254592252,-69869.77798978808,-53542.11740943149,0.0,-25965.932865161198,-73964.35331678021,-73964.33963366192,-59410.2734484587,-25965.932865161198,33444.3405832975,33444.340583297504,-26205.828295268446,36059.0,nan,nan,1.5000000000000002,10.0,0.0,0.0,10.0,0.85,CORE,MAIN,1.2088504343398396,0.2604708398175396,0.6,0.174,-59410.2734484587,STRUCTURAL,-0.8829697872633455,-200399.1608641864,28800.0,0,0,0,0,0,0,0,inf,inf,NA,1,5,5,5,24,6,0,0,CONTINUE,0,A,1,1,0,KEEP_STRUCTURAL_IN_ON_CUT,2,3,0,0,"tail_cont_enabled=1 tail_active_dims=(1,) tail_delta=0.1 tail_start=(6, 6, 6) returned_y=(5, 0, 3) returned_b=(0, 0, 0) returned_u=(0, 0, 0) returned_zcap=(5, 0, 3) max_tail_u=0",NA
120,P1_no_rho,64,447.77502930001356,5.65135649999138,5.596735799917951,0.15332429995760322,0.01,47064.490940940355,47064.490940940355,-69869.77798978808,-52329.63765017882,0.0,-25965.932865161198,-76566.92858581548,-76566.91444787727,-59410.2734484587,-25965.932865161198,33444.3405832975,33444.340583297504,-28954.585233834387,36519.5,nan,nan,1.5000000000000002,10.0,0.0,0.0,10.0,0.85,CORE,MAIN,1.2079529649375826,0.26767636676979234,0.6,0.174,-59410.2734484587,STRUCTURAL,-0.8691672341998632,-200399.1608641864,28800.0,0,0,0,0,0,0,0,inf,inf,NA,1,5,5,5,24,6,0,0,CONTINUE,0,A,1,1,0,KEEP_STRUCTURAL_IN_ON_CUT,2,3,0,0,"tail_cont_enabled=1 tail_active_dims=(1,) tail_delta=0.1 tail_start=(6, 6, 6) returned_y=(5, 0, 3) returned_b=(0, 0, 0) returned_u=(0, 0, 0) returned_zcap=(5, 0, 3) max_tail_u=0",NA
120,P1_no_rho,65,462.00592730008066,5.65135649999138,14.230373100028373,0.15938979992643,0.01,53489.764950459394,53489.764950459394,-69869.77798978808,-51365.84654875096,0.0,-25965.932865161198,-71972.47787089956,-71972.46449238193,-59410.2734484587,-25965.932865161198,33444.3405832975,33444.340583297504,-25446.012637390246,36005.0,nan,nan,1.5000000000000002,10.0,0.0,0.0,10.0,0.85,CORE,MAIN,1.208064953258855,0.26508740945974973,0.6,0.174,-59410.2734484587,STRUCTURAL,-0.861481310095666,-200399.1608641864,28800.0,0,0,0,0,0,0,0,inf,inf,NA,1,5,5,5,24,6,0,0,CONTINUE,0,A,1,1,0,KEEP_STRUCTURAL_IN_ON_CUT,2,3,0,0,"tail_cont_enabled=1 tail_active_dims=(1,) tail_delta=0.1 tail_start=(6, 6, 6) returned_y=(0, 1, 6) returned_b=(0, 0, 1) returned_u=(0, 0, 0) returned_zcap=(0, 1, 6) max_tail_u=0",NA
120,P1_no_rho,66,467.49483410001267,5.65135649999138,5.488148199976422,0.15364330005832016,0.01,50146.90652024973,50146.90652024973,-69869.77798978808,-51867.275313282415,0.0,-25965.932865161198,-74535.29970236256,-74535.28580771608,-59410.2734484587,-25965.932865161198,33444.3405832975,33444.340583297504,-26637.185298216762,36412.0,nan,nan,1.5000000000000002,10.0,0.0,0.0,10.0,0.85,CORE,MAIN,1.2082087987594663,0.27170464587973286,0.6,0.174,-59410.2734484587,STRUCTURAL,-0.8769654785876324,-200399.1608641864,28800.0,0,0,0,0,0,0,0,inf,inf,NA,1,5,5,5,24,6,0,0,CONTINUE,0,A,1,1,0,KEEP_STRUCTURAL_IN_ON_CUT,2,3,0,0,"tail_cont_enabled=1 tail_active_dims=(1,) tail_delta=0.1 tail_start=(6, 6, 6) returned_y=(0, 6, 1) returned_b=(0, 1, 0) returned_u=(0, 0, 0) returned_zcap=(0, 6, 1) max_tail_u=0",NA
120,P1_no_rho,67,471.6108632000396,5.65135649999138,4.115690900012851,0.15837580000516027,0.01,34994.31947316143,34994.31947316143,-69869.77798978808,-54140.163370345654,0.0,-25965.932865161198,-79638.49878255106,-79638.48406327111,-59410.2734484587,-25965.932865161198,33444.3405832975,33444.340583297504,-30123.425213504288,38076.0,nan,nan,1.5000000000000002,10.0,0.0,0.0,10.0,0.85,CORE,MAIN,1.2089769351735453,0.24774731107707648,0.6,0.174,-59410.2734484587,STRUCTURAL,-0.8669513402977698,-200399.1608641864,28800.0,0,0,0,0,0,0,0,inf,inf,NA,1,5,5,5,24,6,0,0,CONTINUE,0,A,1,1,0,KEEP_STRUCTURAL_IN_ON_CUT,2,3,0,0,"tail_cont_enabled=1 tail_active_dims=(1,) tail_delta=0.1 tail_start=(6, 6, 6) returned_y=(0, 1, 6) returned_b=(0, 0, 1) returned_u=(0, 0, 0) returned_zcap=(0, 1, 6) max_tail_u=0",NA
120,P1_no_rho,68,476.42356900009327,5.65135649999138,4.812179200001992,0.16336840006988496,0.01,61803.075736619096,61803.075736619096,-69869.77798978808,-50118.849930827004,0.0,-25965.932865161198,-69282.08634426679,-69282.07339411539,-59410.2734484587,-25965.932865161198,33444.3405832975,33444.340583297504,-24333.429966136355,35428.0,nan,nan,1.5000000000000002,10.0,0.0,0.0,10.0,0.85,CORE,MAIN,1.2090491384227326,0.2713139931882472,0.6,0.174,-59410.2734484587,STRUCTURAL,-0.8458214487218965,-200399.1608641864,28800.0,0,0,0,0,0,0,0,inf,inf,NA,1,5,5,5,24,6,0,0,CONTINUE,0,A,1,1,0,KEEP_STRUCTURAL_IN_ON_CUT,2,3,0,0,"tail_cont_enabled=1 tail_active_dims=(1,) tail_delta=0.1 tail_start=(6, 6, 6) returned_y=(0, 1, 6) returned_b=(0, 0, 1) returned_u=(0, 0, 0) returned_zcap=(0, 1, 6) max_tail_u=0",NA
120,P1_no_rho,69,482.5155885000713,5.65135649999138,6.091416000039317,0.16632459999527782,0.01,41947.3237553171,41947.3237553171,-69869.77798978808,-53097.21272802231,0.0,-25965.932865161198,-75481.51343116458,-75481.49953340749,-59410.2734484587,-25965.932865161198,33444.3405832975,33444.340583297504,-27925.259212054334,37404.5,nan,nan,1.5000000000000002,10.0,0.0,0.0,10.0,0.85,CORE,MAIN,1.2086137984811474,0.23132217168857994,0.6,0.174,-59410.2734484587,STRUCTURAL,-0.8476028342642044,-200399.1608641864,28800.0,0,0,0,0,0,0,0,inf,inf,NA,1,5,5,5,24,6,0,0,CONTINUE,0,A,1,1,0,KEEP_STRUCTURAL_IN_ON_CUT,2,3,0,0,"tail_cont_enabled=1 tail_active_dims=(1,) tail_delta=0.1 tail_start=(6, 6, 6) returned_y=(0, 1, 6) returned_b=(0, 0, 1) returned_u=(0, 0, 0) returned_zcap=(0, 1, 6) max_tail_u=0",NA
120,P1_no_rho,70,494.4845157000236,5.65135649999138,11.968372500035912,0.1670809000497684,0.01,40854.7470233475,40854.7470233475,-69869.77798978808,-53261.09923781775,0.0,-25965.932865161198,-74765.56693216575,-74765.55308022468,-59410.2734484587,-25965.932865161198,33444.3405832975,33444.340583297504,-26719.256424593535,37988.0,nan,nan,1.5000000000000002,10.0,0.0,0.0,10.0,0.85,CORE,MAIN,1.2083560282420485,0.25480750464658897,0.6,0.174,-59410.2734484587,STRUCTURAL,-0.8431837537403238,-200399.1608641864,28800.0,0,0,0,0,0,0,0,inf,inf,NA,1,5,5,5,24,6,0,0,CONTINUE,0,A,1,1,0,KEEP_STRUCTURAL_IN_ON_CUT,2,3,0,0,"tail_cont_enabled=1 tail_active_dims=(1,) tail_delta=0.1 tail_start=(6, 6, 6) returned_y=(0, 1, 6) returned_b=(0, 0, 1) returned_u=(0, 0, 0) returned_zcap=(0, 1, 6) max_tail_u=0",NA
120,P1_no_rho,71,498.41585380001925,5.65135649999138,3.9307476999238133,0.18941310001537204,0.01,43637.434402145016,43637.434402145016,-69869.77798978808,-52843.69613099812,0.0,-25965.932865161198,-76661.0964594357,-76661.08231538499,-59410.2734484587,-25965.932865161198,33444.3405832975,33444.340583297504,-28968.4580244555,37231.5,nan,nan,1.5000000000000002,10.0,0.0,0.0,10.0,0.85,CORE,MAIN,1.207557656294302,0.25780015489332775,0.6,0.174,-59410.2734484587,STRUCTURAL,-0.8539833974086364,-200399.1608641864,28800.0,0,0,0,0,0,0,0,inf,inf,NA,1,5,5,5,24,6,0,0,CONTINUE,0,A,1,1,0,KEEP_STRUCTURAL_IN_ON_CUT,2,3,0,0,"tail_cont_enabled=1 tail_active_dims=(1,) tail_delta=0.1 tail_start=(6, 6, 6) returned_y=(0, 1, 6) returned_b=(0, 0, 1) returned_u=(0, 0, 0) returned_zcap=(0, 1, 6) max_tail_u=0",NA
120,P1_no_rho,72,504.20952450006735,5.65135649999138,5.793027500039898,0.14969350001774728,0.01,60187.22441103303,60187.22441103303,-69869.77798978808,-50361.227629664914,0.0,-25965.932865161198,-74715.65445590449,-74715.64179839836,-59410.2734484587,-25965.932865161198,33444.3405832975,33444.340583297504,-24204.78484175145,38732.0,nan,nan,1.5000000000000002,10.0,0.0,0.0,10.0,0.85,CORE,MAIN,1.2071555582336373,0.24729989132181318,0.6,0.174,-59410.2734484587,STRUCTURAL,-0.8694078446185223,-200399.1608641864,28800.0,0,0,0,0,0,0,0,inf,inf,NA,1,5,5,5,24,6,0,0,CONTINUE,0,A,1,1,0,KEEP_STRUCTURAL_IN_ON_CUT,2,3,0,0,"tail_cont_enabled=1 tail_active_dims=(1,) tail_delta=0.1 tail_start=(6, 6, 6) returned_y=(6, 0, 2) returned_b=(1, 0, 0) returned_u=(0, 0, 0) returned_zcap=(6, 0, 2) max_tail_u=0",NA
120,P1_no_rho,73,509.74537180003244,5.65135649999138,5.535244300030172,0.16323260008357465,0.01,63765.05353247375,63765.05353247375,-69869.77798978808,-49824.553261448804,0.0,-25965.932865161198,-74603.05154925624,-74603.0382271278,-59410.2734484587,-25965.932865161198,33444.3405832975,33444.340583297504,-25140.836401672044,36837.5,nan,nan,1.5000000000000002,10.0,0.0,0.0,10.0,0.85,CORE,MAIN,1.2072456543048198,0.2602745582317816,0.6,0.174,-59410.2734484587,STRUCTURAL,-0.8951422115227832,-200399.1608641864,28800.0,0,0,0,0,0,0,0,inf,inf,NA,1,5,5,5,24,6,0,0,CONTINUE,0,A,1,1,0,KEEP_STRUCTURAL_IN_ON_CUT,2,3,0,0,"tail_cont_enabled=1 tail_active_dims=(1,) tail_delta=0.1 tail_start=(6, 6, 6) returned_y=(6, 0, 2) returned_b=(1, 0, 0) returned_u=(0, 0, 0) returned_zcap=(6, 0, 2) max_tail_u=0",NA
120,P1_no_rho,74,515.0556084000273,5.65135649999138,5.309668099973351,0.15667069994378835,0.01,33991.975561709696,33991.975561709696,-69869.77798978808,-54290.51495706342,0.0,-25965.932865161198,-77608.09664189703,-77608.08237251257,-59410.2734484587,-25965.932865161198,33444.3405832975,33444.340583297504,-29103.622275085774,36653.5,nan,nan,1.5000000000000002,10.0,0.0,0.0,10.0,0.85,CORE,MAIN,1.2101918851444176,0.2471650411490255,0.6,0.174,-59410.2734484587,STRUCTURAL,-0.8822160702693562,-200399.1608641864,28800.0,0,0,0,0,0,0,0,inf,inf,NA,1,5,5,5,24,6,0,0,CONTINUE,0,A,1,1,0,KEEP_STRUCTURAL_IN_ON_CUT,2,3,0,0,"tail_cont_enabled=1 tail_active_dims=(1,) tail_delta=0.1 tail_start=(6, 6, 6) returned_y=(5, 0, 3) returned_b=(0, 0, 0) returned_u=(0, 0, 0) returned_zcap=(5, 0, 3) max_tail_u=0",NA
120,P1_no_rho,75,526.3215780000901,5.65135649999138,11.265293800039217,0.17304000002332032,0.01,54766.191751173574,54766.191751173574,-69869.77798978808,-51174.38252864384,0.0,-25965.932865161198,-67207.6746085264,-67207.6620200175,-59410.2734484587,-25965.932865161198,33444.3405832975,33444.340583297504,-23499.098463423194,34345.5,nan,nan,1.5000000000000002,10.0,0.0,0.0,10.0,0.85,CORE,MAIN,1.2087108941385374,0.2758124883899499,0.6,0.174,-59410.2734484587,STRUCTURAL,-0.8484093220673123,-200399.1608641864,28800.0,0,0,0,0,0,0,0,inf,inf,NA,1,5,5,5,24,6,0,0,CONTINUE,0,A,1,1,0,KEEP_STRUCTURAL_IN_ON_CUT,2,3,0,0,"tail_cont_enabled=1 tail_active_dims=(1,) tail_delta=0.1 tail_start=(6, 6, 6) returned_y=(0, 6, 1) returned_b=(0, 1, 0) returned_u=(0, 0, 0) returned_zcap=(0, 6, 1) max_tail_u=0",NA
120,P1_no_rho,76,531.9206425000448,5.65135649999138,5.598311900044791,0.1540251000551507,0.01,49505.47063702521,49505.47063702521,-69869.77798978808,-51963.490695766086,0.0,-25965.932865161198,-78515.35008786118,-78515.33587135586,-59410.2734484587,-25965.932865161198,33444.3405832975,33444.340583297504,-29637.214989623066,36933.0,nan,nan,1.5000000000000002,10.0,0.0,0.0,10.0,0.85,CORE,MAIN,1.206439726725289,0.2618964193032155,0.6,0.174,-59410.2734484587,STRUCTURAL,-0.8822845130683991,-200399.1608641864,28800.0,0,0,0,0,0,0,0,inf,inf,NA,1,5,5,5,24,6,0,0,CONTINUE,0,A,1,1,0,KEEP_STRUCTURAL_IN_ON_CUT,2,3,0,0,"tail_cont_enabled=1 tail_active_dims=(1,) tail_delta=0.1 tail_start=(6, 6, 6) returned_y=(5, 0, 3) returned_b=(0, 0, 0) returned_u=(0, 0, 0) returned_zcap=(5, 0, 3) max_tail_u=0",NA
120,P1_no_rho,77,537.4496559000108,5.65135649999138,5.528425799915567,0.17425429995637387,0.01,32594.777689441074,32594.777689441074,-69869.77798978808,-54500.09463790371,0.0,-25965.932865161198,-69355.20826792142,-69355.19586217884,-59410.2734484587,-25965.932865161198,33444.3405832975,33444.340583297504,-23344.543062706776,36150.0,nan,nan,1.5000000000000002,10.0,0.0,0.0,10.0,0.85,CORE,MAIN,1.2063915491091024,0.24123889713996294,0.6,0.174,-59410.2734484587,STRUCTURAL,-0.8485136523646299,-200399.1608641864,28800.0,0,0,0,0,0,0,0,inf,inf,NA,1,5,5,5,24,6,0,0,CONTINUE,0,A,1,1,0,KEEP_STRUCTURAL_IN_ON_CUT,2,3,0,0,"tail_cont_enabled=1 tail_active_dims=(1,) tail_delta=0.1 tail_start=(6, 6, 6) returned_y=(0, 6, 1) returned_b=(0, 1, 0) returned_u=(0, 0, 0) returned_zcap=(0, 6, 1) max_tail_u=0",NA
120,P1_no_rho,78,542.2552318000235,5.65135649999138,4.804916699999012,0.15463249990716577,0.01,37214.214493670515,37214.214493670515,-69869.77798978808,-53807.17911726929,0.0,-25965.932865161198,-83704.74040079501,-83704.72561723721,-59410.2734484587,-25965.932865161198,33444.3405832975,33444.340583297504,-31236.582279302613,39977.5,nan,nan,1.5000000000000002,10.0,0.0,0.0,10.0,0.85,CORE,MAIN,1.204016068824926,0.24460417912361154,0.6,0.174,-59410.2734484587,STRUCTURAL,-0.8749612213192351,-200399.1608641864,28800.0,0,0,0,0,0,0,0,inf,inf,NA,1,5,5,5,24,6,0,0,CONTINUE,0,A,1,1,0,KEEP_STRUCTURAL_IN_ON_CUT,2,3,0,0,"tail_cont_enabled=1 tail_active_dims=(1,) tail_delta=0.1 tail_start=(6, 6, 6) returned_y=(0, 1, 6) returned_b=(0, 0, 1) returned_u=(0, 0, 0) returned_zcap=(0, 1, 6) max_tail_u=0",NA
120,P1_no_rho,79,545.735610700096,5.65135649999138,3.479805799899623,0.16311670001596212,0.01,45254.48846987175,45254.48846987175,-69869.77798978808,-52601.138020839106,0.0,-25965.932865161198,-75195.94146519445,-75195.92784805318,-59410.2734484587,-25965.932865161198,33444.3405832975,33444.340583297504,-26182.757876953634,37085.0,nan,nan,1.5000000000000002,10.0,0.0,0.0,10.0,0.85,CORE,MAIN,1.202783597608382,0.2606500376988461,0.6,0.174,-59410.2734484587,STRUCTURAL,-0.881096040107852,-200399.1608641864,28800.0,0,0,0,0,0,0,0,inf,inf,NA,1,5,5,5,24,6,0,0,CONTINUE,0,A,1,1,0,KEEP_STRUCTURAL_IN_ON_CUT,2,3,0,0,"tail_cont_enabled=1 tail_active_dims=(1,) tail_delta=0.1 tail_start=(6, 6, 6) returned_y=(6, 0, 2) returned_b=(1, 0, 0) returned_u=(0, 0, 0) returned_zcap=(6, 0, 2) max_tail_u=0",NA
120,P1_no_rho,80,557.5295822999906,5.65135649999138,11.793607599916868,0.15601839998271316,0.01,52201.72491896404,52201.72491896404,-69869.77798978808,-51559.05255347527,0.0,-25965.932865161198,-74560.14849135332,-74560.13494597221,-59410.2734484587,-25965.932865161198,33444.3405832975,33444.340583297504,-26234.954425473992,36542.0,nan,nan,1.5000000000000002,10.0,0.0,0.0,10.0,0.85,CORE,MAIN,1.2024069946246478,0.2607512471542808,0.6,0.174,-59410.2734484587,STRUCTURAL,-0.8816372123492278,-200399.1608641864,28800.0,0,0,0,0,0,0,0,inf,inf,NA,1,5,5,5,24,6,0,0,CONTINUE,0,A,1,1,0,KEEP_STRUCTURAL_IN_ON_CUT,2,3,0,0,"tail_cont_enabled=1 tail_active_dims=(1,) tail_delta=0.1 tail_start=(6, 6, 6) returned_y=(6, 0, 2) returned_b=(1, 0, 0) returned_u=(0, 0, 0) returned_zcap=(6, 0, 2) max_tail_u=0",NA
120,P1_no_rho,81,563.2536589000374,5.65135649999138,5.7235986000159755,0.15380009997170419,0.01,38510.163313560915,38510.163313560915,-69869.77798978808,-53612.786794285734,0.0,-25965.932865161198,-76122.42384968021,-76122.40991976614,-59410.2734484587,-25965.932865161198,33444.3405832975,33444.340583297504,-27643.79966527418,36516.0,nan,nan,1.5000000000000002,10.0,0.0,0.0,10.0,0.85,CORE,MAIN,1.2031851422939424,0.25888263557941793,0.6,0.174,-59410.2734484587,STRUCTURAL,-0.8850660943968296,-200399.1608641864,28800.0,0,0,0,0,0,0,0,inf,inf,NA,1,5,5,5,24,6,0,0,CONTINUE,0,A,1,1,0,KEEP_STRUCTURAL_IN_ON_CUT,2,3,0,0,"tail_cont_enabled=1 tail_active_dims=(1,) tail_delta=0.1 tail_start=(6, 6, 6) returned_y=(6, 0, 2) returned_b=(1, 0, 0) returned_u=(0, 0, 0) returned_zcap=(6, 0, 2) max_tail_u=0",NA
120,P1_no_rho,82,568.4926457999973,5.65135649999138,5.238593099988066,0.1624294000212103,0.01,65824.0828509448,65824.0828509448,-69869.77798978808,-49515.698863678146,0.0,-25965.932865161198,-70570.99353699699,-70570.98038829175,-59410.2734484587,-25965.932865161198,33444.3405832975,33444.340583297504,-25551.15542093308,35223.5,nan,nan,1.5000000000000002,10.0,0.0,0.0,10.0,0.85,CORE,MAIN,1.2050560437507531,0.26686913391358713,0.6,0.174,-59410.2734484587,STRUCTURAL,-0.8520793403524856,-200399.1608641864,28800.0,0,0,0,0,0,0,0,inf,inf,NA,1,5,5,5,24,6,0,0,CONTINUE,0,A,1,1,0,KEEP_STRUCTURAL_IN_ON_CUT,2,3,0,0,"tail_cont_enabled=1 tail_active_dims=(1,) tail_delta=0.1 tail_start=(6, 6, 6) returned_y=(0, 6, 1) returned_b=(0, 1, 0) returned_u=(0, 0, 0) returned_zcap=(0, 6, 1) max_tail_u=0",NA
120,P1_no_rho,83,572.0455096000805,5.65135649999138,3.552063800045289,0.18067769997287542,0.01,32954.72066754764,32954.72066754764,-69869.77798978808,-54446.10319118772,0.0,-25965.932865161198,-69007.78781549723,-69007.77502654021,-59410.2734484587,-25965.932865161198,33444.3405832975,33444.340583297504,-24860.285839567907,34962.5,nan,nan,1.5000000000000002,10.0,0.0,0.0,10.0,0.85,CORE,MAIN,1.2067959851770163,0.2689011737563354,0.6,0.174,-59410.2734484587,STRUCTURAL,-0.8418064914689032,-200399.1608641864,28800.0,0,0,0,0,0,0,0,inf,inf,NA,1,5,5,5,24,6,0,0,CONTINUE,0,A,1,1,0,KEEP_STRUCTURAL_IN_ON_CUT,2,3,0,0,"tail_cont_enabled=1 tail_active_dims=(1,) tail_delta=0.1 tail_start=(6, 6, 6) returned_y=(0, 6, 1) returned_b=(0, 1, 0) returned_u=(0, 0, 0) returned_zcap=(0, 6, 1) max_tail_u=0",NA
120,P1_no_rho,84,577.6429469999857,5.65135649999138,5.59695129992906,0.1569078000029549,0.01,56322.14028343955,56322.14028343955,-69869.77798978808,-50940.99024880394,0.0,-25965.932865161198,-71101.71896365874,-71101.70586613021,-59410.2734484587,-25965.932865161198,33444.3405832975,33444.340583297504,-26005.007974449803,36156.5,nan,nan,1.5000000000000002,10.0,0.0,0.0,10.0,0.85,CORE,MAIN,1.2087006641230205,0.26165626102478656,0.6,0.174,-59410.2734484587,STRUCTURAL,-0.8315092794136676,-200399.1608641864,28800.0,0,0,0,0,0,0,0,inf,inf,NA,1,5,5,5,24,6,0,0,CONTINUE,0,A,1,1,0,KEEP_STRUCTURAL_IN_ON_CUT,2,3,0,0,"tail_cont_enabled=1 tail_active_dims=(1,) tail_delta=0.1 tail_start=(6, 6, 6) returned_y=(0, 6, 1) returned_b=(0, 1, 0) returned_u=(0, 0, 0) returned_zcap=(0, 6, 1) max_tail_u=0",NA
120,P1_no_rho,85,589.3025483000092,5.65135649999138,11.659067099913955,0.15956140006892383,0.01,24181.589358117577,24181.589358117577,-69869.77798978808,-55762.07288760223,0.0,-25965.932865161198,-75775.50386197746,-75775.49001060103,-59410.2734484587,-25965.932865161198,33444.3405832975,33444.340583297504,-28786.392272316876,36786.5,nan,nan,1.5000000000000002,10.0,0.0,0.0,10.0,0.85,CORE,MAIN,1.2091844516092893,0.26641422993697716,0.6,0.174,-59410.2734484587,STRUCTURAL,-0.8515641650838239,-200399.1608641864,28800.0,0,0,0,0,0,0,0,inf,inf,NA,1,5,5,5,24,6,0,0,CONTINUE,0,A,1,1,0,KEEP_STRUCTURAL_IN_ON_CUT,2,3,0,0,"tail_cont_enabled=1 tail_active_dims=(1,) tail_delta=0.1 tail_start=(6, 6, 6) returned_y=(0, 6, 1) returned_b=(0, 1, 0) returned_u=(0, 0, 0) returned_zcap=(0, 6, 1) max_tail_u=0",NA
120,P1_no_rho,86,592.7835894000018,5.65135649999138,3.480472599971108,0.15245120006147772,0.01,38595.421257995265,38595.421257995265,-69869.77798978808,-53599.99810262058,0.0,-25965.932865161198,-82477.38870457727,-82477.37395207983,-59410.2734484587,-25965.932865161198,33444.3405832975,33444.340583297504,-29965.171921855737,40081.5,nan,nan,1.5000000000000002,10.0,0.0,0.0,10.0,0.85,CORE,MAIN,1.2076186297589642,0.24538323127008066,0.6,0.174,-59410.2734484587,STRUCTURAL,-0.8734237662466743,-200399.1608641864,28800.0,0,0,0,0,0,0,0,inf,inf,NA,1,5,5,5,24,6,0,0,CONTINUE,0,A,1,1,0,KEEP_STRUCTURAL_IN_ON_CUT,2,3,0,0,"tail_cont_enabled=1 tail_active_dims=(1,) tail_delta=0.1 tail_start=(6, 6, 6) returned_y=(0, 1, 6) returned_b=(0, 0, 1) returned_u=(0, 0, 0) returned_zcap=(0, 1, 6) max_tail_u=0",NA
120,P1_no_rho,87,598.7521434000228,5.65135649999138,5.968024999951012,0.17797690001316369,0.01,50862.443400222,50862.443400222,-69869.77798978808,-51759.94478128657,0.0,-25965.932865161198,-73906.80546541231,-73906.79175251201,-59410.2734484587,-25965.932865161198,33444.3405832975,33444.340583297504,-27137.7763691256,36325.5,nan,nan,1.5000000000000002,10.0,0.0,0.0,10.0,0.85,CORE,MAIN,1.2072443183258161,0.262530632770658,0.6,0.174,-59410.2734484587,STRUCTURAL,-0.8583321245109986,-200399.1608641864,28800.0,0,0,0,0,0,0,0,inf,inf,NA,2,6,6,6,24,6,0,0,CONTINUE,0,A,1,1,0,KEEP_STRUCTURAL_IN_ON_CUT,2,3,0,0,"tail_cont_enabled=1 tail_active_dims=(1,) tail_delta=0.1 tail_start=(6, 6, 6) returned_y=(0, 6, 1) returned_b=(0, 1, 0) returned_u=(0, 0, 0) returned_zcap=(0, 6, 1) max_tail_u=0",NA
120,P1_no_rho,88,605.8109207000816,5.65135649999138,7.05830130004324,0.17638700001407415,0.01,44945.91876828198,44945.91876828198,-69869.77798978808,-52647.42347607757,0.0,-25965.932865161198,-77637.13437949504,-77637.11999934132,-59410.2734484587,-25965.932865161198,33444.3405832975,33444.340583297504,-28942.457626924872,36977.0,nan,nan,1.5000000000000002,10.0,0.0,0.0,10.0,0.85,CORE,MAIN,1.2062008927866947,0.2564155425083846,0.6,0.174,-59410.2734484587,STRUCTURAL,-0.8779270424392897,-200399.1608641864,28800.0,0,0,0,0,0,0,0,inf,inf,NA,2,6,6,6,24,6,0,0,CONTINUE,0,A,1,1,0,KEEP_STRUCTURAL_IN_ON_CUT,2,3,0,0,"tail_cont_enabled=1 tail_active_dims=(1,) tail_delta=0.1 tail_start=(6, 6, 6) returned_y=(5, 0, 3) returned_b=(0, 0, 0) returned_u=(0, 0, 0) returned_zcap=(5, 0, 3) max_tail_u=0",NA
120,P1_no_rho,89,613.3953927000985,5.65135649999138,7.583901399979368,0.1563052999554202,0.01,53709.22457539847,53709.22457539847,-69869.77798978808,-51332.9276050101,0.0,-25965.932865161198,-72626.21762813233,-72626.20408928796,-59410.2734484587,-25965.932865161198,33444.3405832975,33444.340583297504,-26030.675147985105,35373.0,nan,nan,1.5000000000000002,10.0,0.0,0.0,10.0,0.85,CORE,MAIN,1.2075202947653665,0.2635255684009028,0.6,0.174,-59410.2734484587,STRUCTURAL,-0.8781750476597568,-200399.1608641864,28800.0,0,0,0,0,0,0,0,inf,inf,NA,1,5,5,5,24,6,0,0,CONTINUE,0,A,1,1,0,KEEP_STRUCTURAL_IN_ON_CUT,2,3,0,0,"tail_cont_enabled=1 tail_active_dims=(1,) tail_delta=0.1 tail_start=(6, 6, 6) returned_y=(5, 0, 3) returned_b=(0, 0, 0) returned_u=(0, 0, 0) returned_zcap=(5, 0, 3) max_tail_u=0",NA
120,P1_no_rho,90,627.8614244000055,5.65135649999138,14.465476299985312,0.15512610005680472,0.01,58540.24943020599,58540.24943020599,-69869.77798978808,-50608.27387678897,0.0,-25965.932865161198,-70948.00354667248,-70947.99030887726,-59410.2734484587,-25965.932865161198,33444.3405832975,33444.340583297504,-25180.257164925322,36077.0,nan,nan,1.5000000000000002,10.0,0.0,0.0,10.0,0.85,CORE,MAIN,1.2089268844421241,0.26347880731119755,0.6,0.174,-59410.2734484587,STRUCTURAL,-0.8457416663239168,-200399.1608641864,28800.0,0,0,0,0,0,0,0,inf,inf,NA,1,5,5,5,24,6,0,0,CONTINUE,0,A,1,1,0,KEEP_STRUCTURAL_IN_ON_CUT,2,3,0,0,"tail_cont_enabled=1 tail_active_dims=(1,) tail_delta=0.1 tail_start=(6, 6, 6) returned_y=(0, 1, 6) returned_b=(0, 0, 1) returned_u=(0, 0, 0) returned_zcap=(0, 1, 6) max_tail_u=0",NA
120,P1_no_rho,91,635.9831831000047,5.65135649999138,8.121094099944457,0.15482379996683449,0.01,48990.49820043437,48990.49820043437,-69869.77798978808,-52040.736561254715,0.0,-25965.932865161198,-71354.6034094349,-71354.59011016636,-59410.2734484587,-25965.932865161198,33444.3405832975,33444.340583297504,-25807.136684318208,36602.0,nan,nan,1.5000000000000002,10.0,0.0,0.0,10.0,0.85,CORE,MAIN,1.2104177102072553,0.2464705063412327,0.6,0.174,-59410.2734484587,STRUCTURAL,-0.8295986271396488,-200399.1608641864,28800.0,0,0,0,0,0,0,0,inf,inf,NA,1,5,5,5,24,6,0,0,CONTINUE,0,A,1,1,0,KEEP_STRUCTURAL_IN_ON_CUT,2,3,0,0,"tail_cont_enabled=1 tail_active_dims=(1,) tail_delta=0.1 tail_start=(6, 6, 6) returned_y=(0, 1, 6) returned_b=(0, 0, 1) returned_u=(0, 0, 0) returned_zcap=(0, 1, 6) max_tail_u=0",NA
120,P1_no_rho,92,643.300407200004,5.65135649999138,7.316699799965136,0.15992550004739314,0.01,40130.18740285391,40130.18740285391,-69869.77798978808,-53369.78318089178,0.0,-25965.932865161198,-75948.40263400106,-75948.38866796638,-59410.2734484587,-25965.932865161198,33444.3405832975,33444.340583297504,-28040.145919913964,36363.5,nan,nan,1.5000000000000002,10.0,0.0,0.0,10.0,0.85,CORE,MAIN,1.2111781522048999,0.2560781438633085,0.6,0.174,-59410.2734484587,STRUCTURAL,-0.8783210774183347,-200399.1608641864,28800.0,0,0,0,0,0,0,0,inf,inf,NA,1,5,5,5,24,6,0,0,CONTINUE,0,A,1,1,0,KEEP_STRUCTURAL_IN_ON_CUT,2,3,0,0,"tail_cont_enabled=1 tail_active_dims=(1,) tail_delta=0.1 tail_start=(6, 6, 6) returned_y=(5, 0, 3) returned_b=(0, 0, 0) returned_u=(0, 0, 0) returned_zcap=(5, 0, 3) max_tail_u=0",NA
120,P1_no_rho,93,648.9234412000515,5.65135649999138,5.622505299979821,0.16294190008193254,0.01,31893.48239562653,31893.48239562653,-69869.77798978808,-54605.28893197589,0.0,-25965.932865161198,-75589.45093977748,-75589.43694892598,-59410.2734484587,-25965.932865161198,33444.3405832975,33444.340583297504,-27780.385642803732,37192.5,nan,nan,1.5000000000000002,10.0,0.0,0.0,10.0,0.85,CORE,MAIN,1.2113149799813743,0.2541658247543077,0.6,0.174,-59410.2734484587,STRUCTURAL,-0.8569658095247205,-200399.1608641864,28800.0,0,0,0,0,0,0,0,inf,inf,NA,1,5,5,5,24,6,0,0,CONTINUE,0,A,1,1,0,KEEP_STRUCTURAL_IN_ON_CUT,2,3,0,0,"tail_cont_enabled=1 tail_active_dims=(1,) tail_delta=0.1 tail_start=(6, 6, 6) returned_y=(0, 1, 6) returned_b=(0, 0, 1) returned_u=(0, 0, 0) returned_zcap=(0, 1, 6) max_tail_u=0",NA
120,P1_no_rho,94,654.7285193999996,5.65135649999138,5.804499599966221,0.17616140004247427,0.01,50191.552222297505,50191.552222297505,-69869.77798978808,-51860.57845797524,0.0,-25965.932865161198,-76115.10300042169,-76115.08954778593,-59410.2734484587,-25965.932865161198,33444.3405832975,33444.340583297504,-26594.731833586175,37731.75,nan,nan,1.5000000000000002,10.0,0.0,0.0,10.0,0.85,CORE,MAIN,1.2112354358549131,0.25789190181713306,0.6,0.174,-59410.2734484587,STRUCTURAL,-0.8749546949045965,-200399.1608641864,28800.0,0,0,0,0,0,0,0,inf,inf,NA,2,6,6,6,24,6,0,0,CONTINUE,0,A,1,1,0,KEEP_STRUCTURAL_IN_ON_CUT,2,3,0,0,"tail_cont_enabled=1 tail_active_dims=(1,) tail_delta=0.1 tail_start=(6, 6, 6) returned_y=(1, 6, 0) returned_b=(0, 1, 0) returned_u=(0, 0.0833333, 0) returned_zcap=(1, 6.08333, 0) max_tail_u=0.0833333",NA
120,P1_no_rho,95,664.7327909000451,5.65135649999138,10.00364070001524,0.16210549999959767,0.01,41287.78314069256,41287.78314069256,-69869.77798978808,-53196.143820215984,0.0,-25965.932865161198,-76668.05379841807,-76668.03979962078,-59410.2734484587,-25965.932865161198,33444.3405832975,33444.340583297504,-27986.35971834953,37216.0,nan,nan,1.5000000000000002,10.0,0.0,0.0,10.0,0.85,CORE,MAIN,1.2107006038457464,0.25708641352794404,0.6,0.174,-59410.2734484587,STRUCTURAL,-0.8720564646258103,-200399.1608641864,28800.0,0,0,0,0,0,0,0,inf,inf,NA,1,5,5,5,24,6,0,0,CONTINUE,0,A,1,1,0,KEEP_STRUCTURAL_IN_ON_CUT,2,3,0,0,"tail_cont_enabled=1 tail_active_dims=(1,) tail_delta=0.1 tail_start=(6, 6, 6) returned_y=(0, 6, 1) returned_b=(0, 1, 0) returned_u=(0, 0, 0) returned_zcap=(0, 6, 1) max_tail_u=0",NA
120,P1_no_rho,96,670.6709010000341,5.65135649999138,5.9376675999956205,0.15131700003985316,0.01,50906.551647516855,50906.551647516855,-69869.77798978808,-51753.32854419234,0.0,-25965.932865161198,-73577.00316067418,-73576.99007074985,-59410.2734484587,-25965.932865161198,33444.3405832975,33444.340583297504,-25084.450749739826,36604.5,nan,nan,1.5000000000000002,10.0,0.0,0.0,10.0,0.85,CORE,MAIN,1.2108497432492416,0.2642565613863299,0.6,0.174,-59410.2734484587,STRUCTURAL,-0.8831799245267662,-200399.1608641864,28800.0,0,0,0,0,0,0,0,inf,inf,NA,1,5,5,5,24,6,0,0,CONTINUE,0,A,1,1,0,KEEP_STRUCTURAL_IN_ON_CUT,2,3,0,0,"tail_cont_enabled=1 tail_active_dims=(1,) tail_delta=0.1 tail_start=(6, 6, 6) returned_y=(6, 0, 2) returned_b=(1, 0, 0) returned_u=(0, 0, 0) returned_zcap=(6, 0, 2) max_tail_u=0",NA
120,P1_no_rho,97,675.9859575000592,5.65135649999138,5.31455290003214,0.15787060000002384,0.01,54076.506374295044,54076.506374295044,-69869.77798978808,-51277.835335175616,0.0,-25965.932865161198,-71019.29030246762,-71019.27713290523,-59410.2734484587,-25965.932865161198,33444.3405832975,33444.340583297504,-25563.67927389769,35651.5,nan,nan,1.5000000000000002,10.0,0.0,0.0,10.0,0.85,CORE,MAIN,1.2113534410155689,0.28120039658594775,0.6,0.174,-59410.2734484587,STRUCTURAL,-0.8499987912431459,-200399.1608641864,28800.0,0,0,0,0,0,0,0,inf,inf,NA,1,5,5,5,24,6,0,0,CONTINUE,0,A,1,1,0,KEEP_STRUCTURAL_IN_ON_CUT,2,3,0,0,"tail_cont_enabled=1 tail_active_dims=(1,) tail_delta=0.1 tail_start=(6, 6, 6) returned_y=(0, 6, 1) returned_b=(0, 1, 0) returned_u=(0, 0, 0) returned_zcap=(0, 6, 1) max_tail_u=0",NA
120,P1_no_rho,98,679.7512825999875,5.65135649999138,3.7647141999332234,0.1546969999326393,0.01,49183.28846504452,49183.28846504452,-69869.77798978808,-52011.818021563195,0.0,-25965.932865161198,-72135.20000424371,-72135.18656244915,-59410.2734484587,-25965.932865161198,33444.3405832975,33444.340583297504,-25701.387653709655,36157.5,nan,nan,1.5000000000000002,10.0,0.0,0.0,10.0,0.85,CORE,MAIN,1.2120767269844723,0.26409835868632514,0.6,0.174,-59410.2734484587,STRUCTURAL,-0.8561395544260431,-200399.1608641864,28800.0,0,0,0,0,0,0,0,inf,inf,NA,1,5,5,5,24,6,0,0,CONTINUE,0,A,1,1,0,KEEP_STRUCTURAL_IN_ON_CUT,2,3,0,0,"tail_cont_enabled=1 tail_active_dims=(1,) tail_delta=0.1 tail_start=(6, 6, 6) returned_y=(0, 6, 1) returned_b=(0, 1, 0) returned_u=(0, 0, 0) returned_zcap=(0, 6, 1) max_tail_u=0",NA
120,P1_no_rho,99,685.4831119000446,5.65135649999138,5.730330300051719,0.15770690003409982,0.01,41479.65659848393,41479.65659848393,-69869.77798978808,-53167.36280154728,0.0,-25965.932865161198,-77814.7366834159,-77814.72320598472,-59410.2734484587,-25965.932865161198,33444.3405832975,33444.340583297504,-26731.54160180708,38085.5,nan,nan,1.5000000000000002,10.0,0.0,0.0,10.0,0.85,CORE,MAIN,1.2116394259546832,0.2549381170727115,0.6,0.174,-59410.2734484587,STRUCTURAL,-0.8941842539230174,-200399.1608641864,28800.0,0,0,0,0,0,0,0,inf,inf,NA,1,5,5,5,24,6,0,0,CONTINUE,0,A,1,1,0,KEEP_STRUCTURAL_IN_ON_CUT,2,3,0,0,"tail_cont_enabled=1 tail_active_dims=(1,) tail_delta=0.1 tail_start=(6, 6, 6) returned_y=(6, 0, 2) returned_b=(1, 0, 0) returned_u=(0, 0, 0) returned_zcap=(6, 0, 2) max_tail_u=0",NA
120,P1_no_rho,100,697.4081872000825,5.65135649999138,11.924555000034161,0.15623059996869415,0.01,48343.67082877253,48343.67082877253,-69869.77798978808,-52137.76066700399,0.0,-25965.932865161198,-73977.91676289075,-73977.90354720244,-59410.2734484587,-25965.932865161198,33444.3405832975,33444.340583297504,-24847.61983014879,36860.5,nan,nan,1.5000000000000002,10.0,0.0,0.0,10.0,0.85,CORE,MAIN,1.2116468914292122,0.26209128800756054,0.6,0.174,-59410.2734484587,STRUCTURAL,-0.8885805259840687,-200399.1608641864,28800.0,0,0,0,0,0,0,0,inf,inf,NA,1,5,5,5,24,6,0,0,CONTINUE,0,A,1,1,0,KEEP_STRUCTURAL_IN_ON_CUT,2,3,0,0,"tail_cont_enabled=1 tail_active_dims=(1,) tail_delta=0.1 tail_start=(6, 6, 6) returned_y=(6, 0, 2) returned_b=(1, 0, 0) returned_u=(0, 0, 0) returned_zcap=(6, 0, 2) max_tail_u=0",NA
120,P1_no_rho,101,703.0267256000079,5.65135649999138,5.617885599960573,0.1618902999907732,0.01,40694.09100702605,40694.09100702605,-69869.77798978808,-53285.197640265964,0.0,-25965.932865161198,-74665.1789084709,-74665.16513800027,-59410.2734484587,-25965.932865161198,33444.3405832975,33444.340583297504,-28209.124072704537,36016.5,nan,nan,1.5000000000000002,10.0,0.0,0.0,10.0,0.85,CORE,MAIN,1.2117140537399973,0.26046674250086255,0.6,0.174,-59410.2734484587,STRUCTURAL,-0.8599029345863837,-200399.1608641864,28800.0,0,0,0,0,0,0,0,inf,inf,NA,1,5,5,5,24,6,0,0,CONTINUE,0,A,1,1,0,KEEP_STRUCTURAL_IN_ON_CUT,2,3,0,0,"tail_cont_enabled=1 tail_active_dims=(1,) tail_delta=0.1 tail_start=(6, 6, 6) returned_y=(5, 0, 3) returned_b=(0, 0, 0) returned_u=(0, 0, 0) returned_zcap=(5, 0, 3) max_tail_u=0",NA
120,P1_no_rho,102,707.9276780000655,5.65135649999138,4.900275300024077,0.16014229995198548,0.01,35429.81770003969,35429.81770003969,-69869.77798978808,-54074.838636313914,0.0,-25965.932865161198,-78341.2604964273,-78341.24604585071,-59410.2734484587,-25965.932865161198,33444.3405832975,33444.340583297504,-29173.38030361448,38048.5,nan,nan,1.5000000000000002,10.0,0.0,0.0,10.0,0.85,CORE,MAIN,1.2108747727787974,0.27172839241180724,0.6,0.174,-59410.2734484587,STRUCTURAL,-0.8614945966724263,-200399.1608641864,28800.0,0,0,0,0,0,0,0,inf,inf,NA,1,5,5,5,24,6,0,0,CONTINUE,0,A,1,1,0,KEEP_STRUCTURAL_IN_ON_CUT,2,3,0,0,"tail_cont_enabled=1 tail_active_dims=(1,) tail_delta=0.1 tail_start=(6, 6, 6) returned_y=(0, 1, 6) returned_b=(0, 0, 1) returned_u=(0, 0, 0) returned_zcap=(0, 1, 6) max_tail_u=0",NA
120,P1_no_rho,103,713.1039007999934,5.65135649999138,5.175549599924125,0.15436109993606806,0.01,59839.52043991681,59839.52043991681,-69869.77798978808,-50413.38322533235,0.0,-25965.932865161198,-74285.42763877164,-74285.41383377269,-59410.2734484587,-25965.932865161198,33444.3405832975,33444.340583297504,-26717.798187360495,36624.0,nan,nan,1.5000000000000002,10.0,0.0,0.0,10.0,0.85,CORE,MAIN,1.2112497074002446,0.26138982461551896,0.6,0.174,-59410.2734484587,STRUCTURAL,-0.8658733006846552,-200399.1608641864,28800.0,0,0,0,0,0,0,0,inf,inf,NA,1,5,5,5,24,6,0,0,CONTINUE,0,A,1,1,0,KEEP_STRUCTURAL_IN_ON_CUT,2,3,0,0,"tail_cont_enabled=1 tail_active_dims=(1,) tail_delta=0.1 tail_start=(6, 6, 6) returned_y=(0, 1, 6) returned_b=(0, 0, 1) returned_u=(0, 0, 0) returned_zcap=(0, 1, 6) max_tail_u=0",NA
120,P1_no_rho,104,716.941574400058,5.65135649999138,3.837137500056997,0.15502600010950118,0.01,46410.46908874553,46410.46908874553,-69869.77798978808,-52427.74092800804,0.0,-25965.932865161198,-69312.70031451424,-69312.68723149318,-59410.2734484587,-25965.932865161198,33444.3405832975,33444.340583297504,-24151.90936363585,35516.0,nan,nan,1.5000000000000002,10.0,0.0,0.0,10.0,0.85,CORE,MAIN,1.2106024437135843,0.26944471584617824,0.6,0.174,-59410.2734484587,STRUCTURAL,-0.8477076597938454,-200399.1608641864,28800.0,0,0,0,0,0,0,0,inf,inf,NA,1,5,5,5,24,6,0,0,CONTINUE,0,A,1,1,0,KEEP_STRUCTURAL_IN_ON_CUT,2,3,0,0,"tail_cont_enabled=1 tail_active_dims=(1,) tail_delta=0.1 tail_start=(6, 6, 6) returned_y=(0, 1, 6) returned_b=(0, 0, 1) returned_u=(0, 0, 0) returned_zcap=(0, 1, 6) max_tail_u=0",NA
120,P1_no_rho,105,729.1789211999858,5.65135649999138,12.236920299939811,0.15187559998594224,0.01,41762.4505298847,41762.4505298847,-69869.77798978808,-53124.943711837164,0.0,-25965.932865161198,-72679.79686684413,-72679.78366141274,-59410.2734484587,-25965.932865161198,33444.3405832975,33444.340583297504,-25936.357068542464,35813.0,nan,nan,1.5000000000000002,10.0,0.0,0.0,10.0,0.85,CORE,MAIN,1.2104661538624182,0.26258628306745013,0.6,0.174,-59410.2734484587,STRUCTURAL,-0.8701388991496618,-200399.1608641864,28800.0,0,0,0,0,0,0,0,inf,inf,NA,1,5,5,5,24,6,0,0,CONTINUE,0,A,1,1,0,KEEP_STRUCTURAL_IN_ON_CUT,2,3,0,0,"tail_cont_enabled=1 tail_active_dims=(1,) tail_delta=0.1 tail_start=(6, 6, 6) returned_y=(6, 0, 2) returned_b=(1, 0, 0) returned_u=(0, 0, 0) returned_zcap=(6, 0, 2) max_tail_u=0",NA
120,P1_no_rho,106,734.8708172000479,5.65135649999138,5.691247700015083,0.1606552000157535,0.01,46401.80795113879,46401.80795113879,-69869.77798978808,-52429.04009864905,0.0,-25965.932865161198,-79098.89647221952,-79098.88205701442,-59410.2734484587,-25965.932865161198,33444.3405832975,33444.340583297504,-29300.63050499626,37060.0,nan,nan,1.5000000000000002,10.0,0.0,0.0,10.0,0.85,CORE,MAIN,1.2090765450659529,0.25278067484076316,0.6,0.174,-59410.2734484587,STRUCTURAL,-0.8958131237995707,-200399.1608641864,28800.0,0,0,0,0,0,0,0,inf,inf,NA,1,5,5,5,24,6,0,0,CONTINUE,0,A,1,1,0,KEEP_STRUCTURAL_IN_ON_CUT,2,3,0,0,"tail_cont_enabled=1 tail_active_dims=(1,) tail_delta=0.1 tail_start=(6, 6, 6) returned_y=(6, 0, 2) returned_b=(1, 0, 0) returned_u=(0, 0, 0) returned_zcap=(6, 0, 2) max_tail_u=0",NA
120,P1_no_rho,107,740.1462967999978,5.65135649999138,5.274892599903978,0.15183149999938905,0.01,50492.88731856097,50492.88731856097,-69869.77798978808,-51815.378193535726,0.0,-25965.932865161198,-73225.60352093089,-73225.59014972753,-59410.2734484587,-25965.932865161198,33444.3405832975,33444.340583297504,-25663.1993940918,35967.5,nan,nan,1.5000000000000002,10.0,0.0,0.0,10.0,0.85,CORE,MAIN,1.2086496336450216,0.2637396448846089,0.6,0.174,-59410.2734484587,STRUCTURAL,-0.8815808856261108,-200399.1608641864,28800.0,0,0,0,0,0,0,0,inf,inf,NA,1,5,5,5,24,6,0,0,CONTINUE,0,A,1,1,0,KEEP_STRUCTURAL_IN_ON_CUT,2,3,0,0,"tail_cont_enabled=1 tail_active_dims=(1,) tail_delta=0.1 tail_start=(6, 6, 6) returned_y=(6, 0, 2) returned_b=(1, 0, 0) returned_u=(0, 0, 0) returned_zcap=(6, 0, 2) max_tail_u=0",NA
120,P1_no_rho,108,743.8975517000072,5.65135649999138,3.750781200011261,0.15496780001558363,0.01,52326.327914237976,52326.327914237976,-69869.77798978808,-51540.362104184176,0.0,-25965.932865161198,-74811.66765321592,-74811.6539260841,-59410.2734484587,-25965.932865161198,33444.3405832975,33444.340583297504,-27533.959204940656,36205.5,nan,nan,1.5000000000000002,10.0,0.0,0.0,10.0,0.85,CORE,MAIN,1.2084866054159982,0.2595369044957927,0.6,0.174,-59410.2734484587,STRUCTURAL,-0.8705435126549544,-200399.1608641864,28800.0,0,0,0,0,0,0,0,inf,inf,NA,1,5,5,5,24,6,0,0,CONTINUE,0,A,1,1,0,KEEP_STRUCTURAL_IN_ON_CUT,2,3,0,0,"tail_cont_enabled=1 tail_active_dims=(1,) tail_delta=0.1 tail_start=(6, 6, 6) returned_y=(6, 0, 2) returned_b=(1, 0, 0) returned_u=(0, 0, 0) returned_zcap=(6, 0, 2) max_tail_u=0",NA
120,P1_no_rho,109,749.9075193000026,5.65135649999138,6.009460199973546,0.16074449999723583,0.01,34044.02486742517,34044.02486742517,-69869.77798978808,-54282.707561206094,0.0,-25965.932865161198,-77229.41091890128,-77229.39663406195,-59410.2734484587,-25965.932865161198,33444.3405832975,33444.340583297504,-28733.755528977228,36944.0,nan,nan,1.5000000000000002,10.0,0.0,0.0,10.0,0.85,CORE,MAIN,1.207760000479343,0.25431417086404373,0.6,0.174,-59410.2734484587,STRUCTURAL,-0.8751198409319457,-200399.1608641864,28800.0,0,0,0,0,0,0,0,inf,inf,NA,1,5,5,5,24,6,0,0,CONTINUE,0,A,1,1,0,KEEP_STRUCTURAL_IN_ON_CUT,2,3,0,0,"tail_cont_enabled=1 tail_active_dims=(1,) tail_delta=0.1 tail_start=(6, 6, 6) returned_y=(5, 0, 3) returned_b=(0, 0, 0) returned_u=(0, 0, 0) returned_zcap=(5, 0, 3) max_tail_u=0",NA
120,P1_no_rho,110,761.9061054000631,5.65135649999138,11.997877500019968,0.15686620003543794,0.01,42210.17861136546,42210.17861136546,-69869.77798978808,-53057.78449961505,0.0,-25965.932865161198,-72879.86460568002,-72879.85155416584,-59410.2734484587,-25965.932865161198,33444.3405832975,33444.340583297504,-24713.873627191162,36678.0,nan,nan,1.5000000000000002,10.0,0.0,0.0,10.0,0.85,CORE,MAIN,1.2099946007414601,0.25079772283255797,0.6,0.174,-59410.2734484587,STRUCTURAL,-0.8754744520234596,-200399.1608641864,28800.0,0,0,0,0,0,0,0,inf,inf,NA,1,5,5,5,24,6,0,0,CONTINUE,0,A,1,1,0,KEEP_STRUCTURAL_IN_ON_CUT,2,3,0,0,"tail_cont_enabled=1 tail_active_dims=(1,) tail_delta=0.1 tail_start=(6, 6, 6) returned_y=(0, 6, 1) returned_b=(0, 1, 0) returned_u=(0, 0, 0) returned_zcap=(0, 6, 1) max_tail_u=0",NA
120,P1_no_rho,111,766.9945187000558,5.65135649999138,5.087857700069435,0.15407749998848885,0.01,60903.28801893884,60903.28801893884,-69869.77798978808,-50253.81808847904,0.0,-25965.932865161198,-71167.90431452998,-71167.89105259863,-59410.2734484587,-25965.932865161198,33444.3405832975,33444.340583297504,-24282.585051505546,35858.5,nan,nan,1.5000000000000002,10.0,0.0,0.0,10.0,0.85,CORE,MAIN,1.211009234817837,0.2669354806101145,0.6,0.174,-59410.2734484587,STRUCTURAL,-0.8716725648701251,-200399.1608641864,28800.0,0,0,0,0,0,0,0,inf,inf,NA,1,5,5,5,24,6,0,0,CONTINUE,0,A,1,1,0,KEEP_STRUCTURAL_IN_ON_CUT,2,3,0,0,"tail_cont_enabled=1 tail_active_dims=(1,) tail_delta=0.1 tail_start=(6, 6, 6) returned_y=(0, 6, 1) returned_b=(0, 1, 0) returned_u=(0, 0, 0) returned_zcap=(0, 6, 1) max_tail_u=0",NA
120,P1_no_rho,112,771.9221119000576,5.65135649999138,4.9270075999666005,0.15444970002863556,0.01,47750.54338755466,47750.54338755466,-69869.77798978808,-52226.729783186674,0.0,-25965.932865161198,-72995.05736722307,-72995.04380396675,-59410.2734484587,-25965.932865161198,33444.3405832975,33444.340583297504,-26688.067968529864,37149.5,nan,nan,1.5000000000000002,10.0,0.0,0.0,10.0,0.85,CORE,MAIN,1.2120136612483,0.2617668526638921,0.6,0.174,-59410.2734484587,STRUCTURAL,-0.8310022267762576,-200399.1608641864,28800.0,0,0,0,0,0,0,0,inf,inf,NA,1,5,5,5,24,6,0,0,CONTINUE,0,A,1,1,0,KEEP_STRUCTURAL_IN_ON_CUT,2,3,0,0,"tail_cont_enabled=1 tail_active_dims=(1,) tail_delta=0.1 tail_start=(6, 6, 6) returned_y=(0, 1, 6) returned_b=(0, 0, 1) returned_u=(0, 0, 0) returned_zcap=(0, 1, 6) max_tail_u=0",NA
120,P1_no_rho,113,777.4783470000839,5.65135649999138,5.555662700091489,0.1547004000749439,0.01,32644.130874896706,32644.130874896706,-69869.77798978808,-54492.691660085366,0.0,-25965.932865161198,-77829.2433709607,-77829.22912585606,-59410.2734484587,-25965.932865161198,33444.3405832975,33444.340583297504,-29384.773032945348,36726.5,nan,nan,1.5000000000000002,10.0,0.0,0.0,10.0,0.85,CORE,MAIN,1.2116606084259938,0.2549223016534876,0.6,0.174,-59410.2734484587,STRUCTURAL,-0.8793733152339718,-200399.1608641864,28800.0,0,0,0,0,0,0,0,inf,inf,NA,1,5,5,5,24,6,0,0,CONTINUE,0,A,1,1,0,KEEP_STRUCTURAL_IN_ON_CUT,2,3,0,0,"tail_cont_enabled=1 tail_active_dims=(1,) tail_delta=0.1 tail_start=(6, 6, 6) returned_y=(5, 0, 3) returned_b=(0, 0, 0) returned_u=(0, 0, 0) returned_zcap=(5, 0, 3) max_tail_u=0",NA
120,P1_no_rho,114,783.4494206000818,5.65135649999138,5.970454500056803,0.15217360004317015,0.01,44539.30237946489,44539.30237946489,-69869.77798978808,-52708.41593440014,0.0,-25965.932865161198,-72043.73910228052,-72043.72624960948,-59410.2734484587,-25965.932865161198,33444.3405832975,33444.340583297504,-23565.888766318974,36380.0,nan,nan,1.5000000000000002,10.0,0.0,0.0,10.0,0.85,CORE,MAIN,1.2121007762610185,0.26485184512347626,0.6,0.174,-59410.2734484587,STRUCTURAL,-0.8883605915941086,-200399.1608641864,28800.0,0,0,0,0,0,0,0,inf,inf,NA,1,5,5,5,24,6,0,0,CONTINUE,0,A,1,1,0,KEEP_STRUCTURAL_IN_ON_CUT,2,3,0,0,"tail_cont_enabled=1 tail_active_dims=(1,) tail_delta=0.1 tail_start=(6, 6, 6) returned_y=(6, 0, 2) returned_b=(1, 0, 0) returned_u=(0, 0, 0) returned_zcap=(6, 0, 2) max_tail_u=0",NA
120,P1_no_rho,115,795.1012344000628,5.65135649999138,11.65133790008258,0.1581386000616476,0.01,49472.82815431196,49472.82815431196,-69869.77798978808,-51968.38706817308,0.0,-25965.932865161198,-75100.9359735214,-75100.9222488378,-59410.2734484587,-25965.932865161198,33444.3405832975,33444.340583297504,-26777.47189927218,36392.5,nan,nan,1.5000000000000002,10.0,0.0,0.0,10.0,0.85,CORE,MAIN,1.212261705192026,0.2590051408206189,0.6,0.174,-59410.2734484587,STRUCTURAL,-0.8852272739266903,-200399.1608641864,28800.0,0,0,0,0,0,0,0,inf,inf,NA,1,5,5,5,24,6,0,0,CONTINUE,0,A,1,1,0,KEEP_STRUCTURAL_IN_ON_CUT,2,3,0,0,"tail_cont_enabled=1 tail_active_dims=(1,) tail_delta=0.1 tail_start=(6, 6, 6) returned_y=(6, 0, 2) returned_b=(1, 0, 0) returned_u=(0, 0, 0) returned_zcap=(6, 0, 2) max_tail_u=0",NA
120,P1_no_rho,116,798.9052481000545,5.65135649999138,3.803481600014493,0.14795150002464652,0.01,38788.60478380488,38788.60478380488,-69869.77798978808,-53571.020573749134,0.0,-25965.932865161198,-77787.57408349976,-77787.55985705159,-59410.2734484587,-25965.932865161198,33444.3405832975,33444.340583297504,-28315.13241079855,37259.0,nan,nan,1.5000000000000002,10.0,0.0,0.0,10.0,0.85,CORE,MAIN,1.2115330042763628,0.2495148993821812,0.6,0.174,-59410.2734484587,STRUCTURAL,-0.8851986982340381,-200399.1608641864,28800.0,0,0,0,0,0,0,0,inf,inf,NA,1,5,5,5,24,6,0,0,CONTINUE,0,A,1,1,0,KEEP_STRUCTURAL_IN_ON_CUT,2,3,0,0,"tail_cont_enabled=1 tail_active_dims=(1,) tail_delta=0.1 tail_start=(6, 6, 6) returned_y=(6, 0, 2) returned_b=(1, 0, 0) returned_u=(0, 0, 0) returned_zcap=(6, 0, 2) max_tail_u=0",NA
120,P1_no_rho,117,804.5048807000276,5.65135649999138,5.599037299980409,0.16197799996007234,0.01,47306.43014458657,47306.43014458657,-69869.77798978808,-52293.346769631884,0.0,-25965.932865161198,-74518.31022648173,-74518.2965088023,-59410.2734484587,-25965.932865161198,33444.3405832975,33444.340583297504,-27394.234599343567,35855.5,nan,nan,1.5000000000000002,10.0,0.0,0.0,10.0,0.85,CORE,MAIN,1.211706418021755,0.26282895759897795,0.6,0.174,-59410.2734484587,STRUCTURAL,-0.876184721255386,-200399.1608641864,28800.0,0,0,0,0,0,0,0,inf,inf,NA,1,5,5,5,24,6,0,0,CONTINUE,0,A,1,1,0,KEEP_STRUCTURAL_IN_ON_CUT,2,3,0,0,"tail_cont_enabled=1 tail_active_dims=(1,) tail_delta=0.1 tail_start=(6, 6, 6) returned_y=(5, 0, 3) returned_b=(0, 0, 0) returned_u=(0, 0, 0) returned_zcap=(5, 0, 3) max_tail_u=0",NA
120,P1_no_rho,118,810.0913954999996,5.65135649999138,5.5859731999225914,0.16237929998897016,0.01,53174.862220558556,53174.862220558556,-69869.77798978808,-51413.081958236085,0.0,-25965.932865161198,-71204.53747150676,-71204.52412490205,-59410.2734484587,-25965.932865161198,33444.3405832975,33444.340583297504,-25057.221855769603,36267.0,nan,nan,1.5000000000000002,10.0,0.0,0.0,10.0,0.85,CORE,MAIN,1.2119807481859177,0.2678465581862415,0.6,0.174,-59410.2734484587,STRUCTURAL,-0.8482882008277944,-200399.1608641864,28800.0,0,0,0,0,0,0,0,inf,inf,NA,1,5,5,5,24,6,0,0,CONTINUE,0,A,1,1,0,KEEP_STRUCTURAL_IN_ON_CUT,2,3,0,0,"tail_cont_enabled=1 tail_active_dims=(1,) tail_delta=0.1 tail_start=(6, 6, 6) returned_y=(0, 1, 6) returned_b=(0, 0, 1) returned_u=(0, 0, 0) returned_zcap=(0, 1, 6) max_tail_u=0",NA
120,P1_no_rho,119,814.9317111000419,5.65135649999138,4.839818799984641,0.16307460004463792,0.01,38497.38187276819,38497.38187276819,-69869.77798978808,-53614.70401040464,0.0,-25965.932865161198,-72909.05050618776,-72909.03696687135,-59410.2734484587,-25965.932865161198,33444.3405832975,33444.340583297504,-26585.269995667553,36387.5,nan,nan,1.5000000000000002,10.0,0.0,0.0,10.0,0.85,CORE,MAIN,1.2125153689764407,0.2599982736471349,0.6,0.174,-59410.2734484587,STRUCTURAL,-0.8487120938271617,-200399.1608641864,28800.0,0,0,0,0,0,0,0,inf,inf,NA,1,5,5,5,24,6,0,0,CONTINUE,0,A,1,1,0,KEEP_STRUCTURAL_IN_ON_CUT,2,3,0,0,"tail_cont_enabled=1 tail_active_dims=(1,) tail_delta=0.1 tail_start=(6, 6, 6) returned_y=(0, 6, 1) returned_b=(0, 1, 0) returned_u=(0, 0, 0) returned_zcap=(0, 6, 1) max_tail_u=0",NA
120,P1_no_rho,120,824.9557703000028,5.65135649999138,10.023517299909145,0.15793260000646114,0.01,34726.982294481175,34726.982294481175,-69869.77798978808,-54180.263947147694,0.0,-25965.932865161198,-78047.47951873332,-78047.46524840062,-59410.2734484587,-25965.932865161198,33444.3405832975,33444.340583297504,-29654.830459763743,38621.0,nan,nan,1.5000000000000002,10.0,0.0,0.0,10.0,0.85,CORE,MAIN,1.2117751001408994,0.2713645985065898,0.6,0.174,-59410.2734484587,STRUCTURAL,-0.8353423403267111,-200399.1608641864,28800.0,0,0,0,0,0,0,0,inf,inf,NA,1,5,5,5,24,6,0,0,CONTINUE,0,A,1,1,0,KEEP_STRUCTURAL_IN_ON_CUT,2,3,0,0,"tail_cont_enabled=1 tail_active_dims=(1,) tail_delta=0.1 tail_start=(6, 6, 6) returned_y=(0, 1, 6) returned_b=(0, 0, 1) returned_u=(0, 0, 0) returned_zcap=(0, 1, 6) max_tail_u=0",NA
120,P1_no_rho,121,830.5418130999897,5.65135649999138,5.585444399970584,0.15405290003400296,0.01,54956.401876660086,54956.401876660086,-69869.77798978808,-51145.85100982086,0.0,-25965.932865161198,-73337.24814579118,-73337.2345507213,-59410.2734484587,-25965.932865161198,33444.3405832975,33444.340583297504,-26158.736644773973,35876.5,nan,nan,1.5000000000000002,10.0,0.0,0.0,10.0,0.85,CORE,MAIN,1.2117392596464083,0.2564030168954271,0.6,0.174,-59410.2734484587,STRUCTURAL,-0.8766833982495007,-200399.1608641864,28800.0,0,0,0,0,0,0,0,inf,inf,NA,1,5,5,5,24,6,0,0,CONTINUE,0,A,1,1,0,KEEP_STRUCTURAL_IN_ON_CUT,2,3,0,0,"tail_cont_enabled=1 tail_active_dims=(1,) tail_delta=0.1 tail_start=(6, 6, 6) returned_y=(5, 0, 3) returned_b=(0, 0, 0) returned_u=(0, 0, 0) returned_zcap=(5, 0, 3) max_tail_u=0",NA
120,P1_no_rho,122,836.3950288000051,5.65135649999138,5.8527141999220476,0.16689340001903474,0.01,52622.700376770284,52622.700376770284,-69869.77798978808,-51495.90623480433,0.0,-25965.932865161198,-74606.49066997648,-74606.47677926156,-59410.2734484587,-25965.932865161198,33444.3405832975,33444.340583297504,-27448.367259949606,36026.5,nan,nan,1.5000000000000002,10.0,0.0,0.0,10.0,0.85,CORE,MAIN,1.2118485831865935,0.2608040769834511,0.6,0.174,-59410.2734484587,STRUCTURAL,-0.8726559526887513,-200399.1608641864,28800.0,0,0,0,0,0,0,0,inf,inf,NA,1,5,5,5,24,6,0,0,CONTINUE,0,A,1,1,0,KEEP_STRUCTURAL_IN_ON_CUT,2,3,0,0,"tail_cont_enabled=1 tail_active_dims=(1,) tail_delta=0.1 tail_start=(6, 6, 6) returned_y=(5, 0, 3) returned_b=(0, 0, 0) returned_u=(0, 0, 0) returned_zcap=(5, 0, 3) max_tail_u=0",NA
120,P1_no_rho,123,841.260589200072,5.65135649999138,4.865042000077665,0.1564380000345409,0.01,40936.708565501554,40936.708565501554,-69869.77798978808,-53248.80500649464,0.0,-25965.932865161198,-78033.15341403332,-78033.13897504249,-59410.2734484587,-25965.932865161198,33444.3405832975,33444.340583297504,-28935.30089719184,37656.5,nan,nan,1.5000000000000002,10.0,0.0,0.0,10.0,0.85,CORE,MAIN,1.2111521454362504,0.25601770455861583,0.6,0.174,-59410.2734484587,STRUCTURAL,-0.8692228978237599,-200399.1608641864,28800.0,0,0,0,0,0,0,0,inf,inf,NA,1,5,5,5,24,6,0,0,CONTINUE,0,A,1,1,0,KEEP_STRUCTURAL_IN_ON_CUT,2,3,0,0,"tail_cont_enabled=1 tail_active_dims=(1,) tail_delta=0.1 tail_start=(6, 6, 6) returned_y=(0, 1, 6) returned_b=(0, 0, 1) returned_u=(0, 0, 0) returned_zcap=(0, 1, 6) max_tail_u=0",NA
120,P1_no_rho,124,847.1641686999938,5.65135649999138,5.90305699990131,0.15904499997850507,0.01,45168.885439631566,45168.885439631566,-69869.77798978808,-52613.97847537514,0.0,-25965.932865161198,-74492.62570098434,-74492.61187111965,-59410.2734484587,-25965.932865161198,33444.3405832975,33444.340583297504,-27563.178484216103,36364.5,nan,nan,1.5000000000000002,10.0,0.0,0.0,10.0,0.85,CORE,MAIN,1.211969560207519,0.25074588095937145,0.6,0.174,-59410.2734484587,STRUCTURAL,-0.8603525120544038,-200399.1608641864,28800.0,0,0,0,0,0,0,0,inf,inf,NA,1,5,5,5,24,6,0,0,CONTINUE,0,A,1,1,0,KEEP_STRUCTURAL_IN_ON_CUT,2,3,0,0,"tail_cont_enabled=1 tail_active_dims=(1,) tail_delta=0.1 tail_start=(6, 6, 6) returned_y=(0, 1, 6) returned_b=(0, 0, 1) returned_u=(0, 0, 0) returned_zcap=(0, 1, 6) max_tail_u=0",NA
120,P1_no_rho,125,857.2524511000374,5.65135649999138,10.087741800001822,0.1671323999762535,0.01,58106.350343434126,58106.350343434126,-69869.77798978808,-50673.35873980475,0.0,-25965.932865161198,-71347.98653249757,-71347.97316216766,-59410.2734484587,-25965.932865161198,33444.3405832975,33444.340583297504,-24968.578548043846,36230.0,nan,nan,1.5000000000000002,10.0,0.0,0.0,10.0,0.85,CORE,MAIN,1.2121350987904593,0.26606717311970607,0.6,0.174,-59410.2734484587,STRUCTURAL,-0.8534252390123069,-200399.1608641864,28800.0,0,0,0,0,0,0,0,inf,inf,NA,1,5,5,5,24,6,0,0,CONTINUE,0,A,1,1,0,KEEP_STRUCTURAL_IN_ON_CUT,2,3,0,0,"tail_cont_enabled=1 tail_active_dims=(1,) tail_delta=0.1 tail_start=(6, 6, 6) returned_y=(0, 1, 6) returned_b=(0, 0, 1) returned_u=(0, 0, 0) returned_zcap=(0, 1, 6) max_tail_u=0",NA
120,P1_no_rho,126,862.9807020000881,5.65135649999138,5.727721700095572,0.15277629997581244,0.01,52284.88926968063,52284.88926968063,-69869.77798978808,-51546.57790086778,0.0,-25965.932865161198,-72306.89138113808,-72306.87845605648,-59410.2734484587,-25965.932865161198,33444.3405832975,33444.340583297504,-24360.952310605317,36192.0,nan,nan,1.5000000000000002,10.0,0.0,0.0,10.0,0.85,CORE,MAIN,1.2127653079780563,0.2707470873767347,0.6,0.174,-59410.2734484587,STRUCTURAL,-0.8831772425849388,-200399.1608641864,28800.0,0,0,0,0,0,0,0,inf,inf,NA,1,5,5,5,24,6,0,0,CONTINUE,0,A,1,1,0,KEEP_STRUCTURAL_IN_ON_CUT,2,3,0,0,"tail_cont_enabled=1 tail_active_dims=(1,) tail_delta=0.1 tail_start=(6, 6, 6) returned_y=(1, 6, 0) returned_b=(0, 1, 0) returned_u=(0, 0.0833333, 0) returned_zcap=(1, 6.08333, 0) max_tail_u=0.0833333",NA
120,P1_no_rho,127,867.958509500022,5.65135649999138,4.977499600034207,0.1645330999745056,0.01,39266.37397356336,39266.37397356336,-69869.77798978808,-53499.35519528537,0.0,-25965.932865161198,-77047.67110027828,-77047.65745736653,-59410.2734484587,-25965.932865161198,33444.3405832975,33444.340583297504,-27317.177811684156,38451.08333333333,nan,nan,1.5000000000000002,10.0,0.0,0.0,10.0,0.85,CORE,MAIN,1.2123394684486288,0.2558422795762362,0.6,0.174,-59410.2734484587,STRUCTURAL,-0.8622293632070597,-200399.1608641864,28800.0,0,0,0,0,0,0,0,inf,inf,NA,1,5,5,5,24,6,0,0,CONTINUE,0,A,1,1,0,KEEP_STRUCTURAL_IN_ON_CUT,2,3,0,0,"tail_cont_enabled=1 tail_active_dims=(1,) tail_delta=0.1 tail_start=(6, 6, 6) returned_y=(1, 6, 0) returned_b=(0, 1, 0) returned_u=(0, 0.0833333, 0) returned_zcap=(1, 6.08333, 0) max_tail_u=0.0833333",NA
120,P1_no_rho,128,873.4944073000224,5.65135649999138,5.5354278000304475,0.15333530004136264,0.01,43194.24158708661,43194.24158708661,-69869.77798978808,-52910.17505325688,0.0,-25965.932865161198,-73565.55546134095,-73565.54295068988,-59410.2734484587,-25965.932865161198,33444.3405832975,33444.340583297504,-22962.220992120987,37934.5,nan,nan,1.5000000000000002,10.0,0.0,0.0,10.0,0.85,CORE,MAIN,1.2123386290842906,0.27107478210435065,0.6,0.174,-59410.2734484587,STRUCTURAL,-0.8893104686335467,-200399.1608641864,28800.0,0,0,0,0,0,0,0,inf,inf,NA,1,5,5,5,24,6,0,0,CONTINUE,0,A,1,1,0,KEEP_STRUCTURAL_IN_ON_CUT,2,3,0,0,"tail_cont_enabled=1 tail_active_dims=(1,) tail_delta=0.1 tail_start=(6, 6, 6) returned_y=(6, 0, 2) returned_b=(1, 0, 0) returned_u=(0, 0, 0) returned_zcap=(6, 0, 2) max_tail_u=0",NA
120,P1_no_rho,129,877.2624175000237,5.65135649999138,3.7674682999495417,0.15477550006471574,0.01,47262.58417285443,47262.58417285443,-69869.77798978808,-52299.9236653917,0.0,-25965.932865161198,-74588.21536321071,-74588.20169558597,-59410.2734484587,-25965.932865161198,33444.3405832975,33444.340583297504,-26901.86693113263,35954.5,nan,nan,1.5000000000000002,10.0,0.0,0.0,10.0,0.85,CORE,MAIN,1.2124592881343057,0.2585172551918249,0.6,0.174,-59410.2734484587,STRUCTURAL,-0.8841978011923094,-200399.1608641864,28800.0,0,0,0,0,0,0,0,inf,inf,NA,1,5,5,5,24,6,0,0,CONTINUE,0,A,1,1,0,KEEP_STRUCTURAL_IN_ON_CUT,2,3,0,0,"tail_cont_enabled=1 tail_active_dims=(1,) tail_delta=0.1 tail_start=(6, 6, 6) returned_y=(6, 0, 2) returned_b=(1, 0, 0) returned_u=(0, 0, 0) returned_zcap=(6, 0, 2) max_tail_u=0",NA
120,P1_no_rho,130,889.394340800005,5.65135649999138,12.13143810001202,0.15771910001058131,0.01,37282.56352824195,37282.56352824195,-69869.77798978808,-53796.926762083574,0.0,-25965.932865161198,-76538.265821113,-76538.25176702882,-59410.2734484587,-25965.932865161198,33444.3405832975,33444.340583297504,-28682.154054853716,36970.0,nan,nan,1.5000000000000002,10.0,0.0,0.0,10.0,0.85,CORE,MAIN,1.2120639668222148,0.2563373364649967,0.6,0.174,-59410.2734484587,STRUCTURAL,-0.8629717376643242,-200399.1608641864,28800.0,0,0,0,0,0,0,0,inf,inf,NA,1,5,5,5,24,6,0,0,CONTINUE,0,A,1,1,0,KEEP_STRUCTURAL_IN_ON_CUT,2,3,0,0,"tail_cont_enabled=1 tail_active_dims=(1,) tail_delta=0.1 tail_start=(6, 6, 6) returned_y=(5, 0, 3) returned_b=(0, 0, 0) returned_u=(0, 0, 0) returned_zcap=(5, 0, 3) max_tail_u=0",NA
120,P1_no_rho,131,894.9609045999823,5.65135649999138,5.565852799918503,0.15280799998436123,0.01,45054.50738977082,45054.50738977082,-69869.77798978808,-52631.13518285425,0.0,-25965.932865161198,-72831.58966733242,-72831.57616700257,-59410.2734484587,-25965.932865161198,33444.3405832975,33444.340583297504,-25866.695858462255,35642.0,nan,nan,1.5000000000000002,10.0,0.0,0.0,10.0,0.85,CORE,MAIN,1.2127940153528587,0.26485582427468835,0.6,0.174,-59410.2734484587,STRUCTURAL,-0.8784557602181006,-200399.1608641864,28800.0,0,0,0,0,0,0,0,inf,inf,NA,1,5,5,5,24,6,0,0,CONTINUE,0,A,1,1,0,KEEP_STRUCTURAL_IN_ON_CUT,2,3,0,0,"tail_cont_enabled=1 tail_active_dims=(1,) tail_delta=0.1 tail_start=(6, 6, 6) returned_y=(5, 0, 3) returned_b=(0, 0, 0) returned_u=(0, 0, 0) returned_zcap=(5, 0, 3) max_tail_u=0",NA
120,P1_no_rho,132,900.489059500047,5.65135649999138,5.5274657000554726,0.16774989990517497,0.01,49596.56816744157,49596.56816744157,-69869.77798978808,-51949.826066203634,0.0,-25965.932865161198,-71837.91349648236,-71837.90023186276,-59410.2734484587,-25965.932865161198,33444.3405832975,33444.340583297504,-26010.370799468117,35281.5,nan,nan,1.5000000000000002,10.0,0.0,0.0,10.0,0.85,CORE,MAIN,1.2133471570994059,0.28042819807887853,0.6,0.174,-59410.2734484587,STRUCTURAL,-0.8659406852957809,-200399.1608641864,28800.0,0,0,0,0,0,0,0,inf,inf,NA,1,5,5,5,24,6,0,0,CONTINUE,0,A,1,1,0,KEEP_STRUCTURAL_IN_ON_CUT,2,3,0,0,"tail_cont_enabled=1 tail_active_dims=(1,) tail_delta=0.1 tail_start=(6, 6, 6) returned_y=(5, 0, 3) returned_b=(0, 0, 0) returned_u=(0, 0, 0) returned_zcap=(5, 0, 3) max_tail_u=0",NA
120,P1_no_rho,133,905.2686446000589,5.65135649999138,4.7790471999906,0.17088590003550053,0.01,49778.62049297413,49778.62049297413,-69869.77798978808,-51922.51821737375,0.0,-25965.932865161198,-85785.48392706751,-85785.4690035408,-59410.2734484587,-25965.932865161198,33444.3405832975,33444.340583297504,-30618.171025988056,42085.0,nan,nan,1.5000000000000002,10.0,0.0,0.0,10.0,0.85,CORE,MAIN,1.2113652832948199,0.24461324379997795,0.6,0.174,-59410.2734484587,STRUCTURAL,-0.8739027836925705,-200399.1608641864,28800.0,0,0,0,0,0,0,0,inf,inf,NA,1,5,5,5,24,6,0,0,CONTINUE,0,A,1,1,0,KEEP_STRUCTURAL_IN_ON_CUT,2,3,0,0,"tail_cont_enabled=1 tail_active_dims=(1,) tail_delta=0.1 tail_start=(6, 6, 6) returned_y=(0, 1, 6) returned_b=(0, 0, 1) returned_u=(0, 0, 0) returned_zcap=(0, 1, 6) max_tail_u=0",NA
120,P1_no_rho,134,911.2582224000944,5.65135649999138,5.989074900047854,0.15792770008556545,0.01,36248.89538336749,36248.89538336749,-69869.77798978808,-53951.97698381475,0.0,-25965.932865161198,-77365.36689086587,-77365.35272054686,-59410.2734484587,-25965.932865161198,33444.3405832975,33444.340583297504,-29237.168717484783,37973.5,nan,nan,1.5000000000000002,10.0,0.0,0.0,10.0,0.85,CORE,MAIN,1.2100594332163577,0.26315587381306405,0.6,0.174,-59410.2734484587,STRUCTURAL,-0.8449433421212522,-200399.1608641864,28800.0,0,0,0,0,0,0,0,inf,inf,NA,1,5,5,5,24,6,0,0,CONTINUE,0,A,1,1,0,KEEP_STRUCTURAL_IN_ON_CUT,2,3,0,0,"tail_cont_enabled=1 tail_active_dims=(1,) tail_delta=0.1 tail_start=(6, 6, 6) returned_y=(0, 1, 6) returned_b=(0, 0, 1) returned_u=(0, 0, 0) returned_zcap=(0, 1, 6) max_tail_u=0",NA
120,P1_no_rho,135,922.9160902000731,5.65135649999138,11.657230700016953,0.15927389997523278,0.01,54201.858500879025,54201.858500879025,-69869.77798978808,-51259.03251618802,0.0,-25965.932865161198,-75270.20152941968,-75270.18755627453,-59410.2734484587,-25965.932865161198,33444.3405832975,33444.340583297504,-26811.61859470288,37302.5,nan,nan,1.5000000000000002,10.0,0.0,0.0,10.0,0.85,CORE,MAIN,1.209576733379833,0.26237411087299034,0.6,0.174,-59410.2734484587,STRUCTURAL,-0.8660468505072788,-200399.1608641864,28800.0,0,0,0,0,0,0,0,inf,inf,NA,1,5,5,5,24,6,0,0,CONTINUE,0,A,1,1,0,KEEP_STRUCTURAL_IN_ON_CUT,2,3,0,0,"tail_cont_enabled=1 tail_active_dims=(1,) tail_delta=0.1 tail_start=(6, 6, 6) returned_y=(0, 1, 6) returned_b=(0, 0, 1) returned_u=(0, 0, 0) returned_zcap=(0, 1, 6) max_tail_u=0",NA
120,P1_no_rho,136,926.5656171999872,5.65135649999138,3.649075199966319,0.18734990002121776,0.01,51322.70615173421,51322.70615173421,-69869.77798978808,-51690.90536855974,0.0,-25965.932865161198,-73108.83403798242,-73108.82038624326,-59410.2734484587,-25965.932865161198,33444.3405832975,33444.340583297504,-26684.627619657953,35790.5,nan,nan,1.5000000000000002,10.0,0.0,0.0,10.0,0.85,CORE,MAIN,1.2100287396842575,0.2543086462753966,0.6,0.174,-59410.2734484587,STRUCTURAL,-0.8647395773847865,-200399.1608641864,28800.0,0,0,0,0,0,0,0,inf,inf,NA,1,5,5,5,24,6,0,0,CONTINUE,0,A,1,1,0,KEEP_STRUCTURAL_IN_ON_CUT,2,3,0,0,"tail_cont_enabled=1 tail_active_dims=(1,) tail_delta=0.1 tail_start=(6, 6, 6) returned_y=(0, 6, 1) returned_b=(0, 1, 0) returned_u=(0, 0, 0) returned_zcap=(0, 6, 1) max_tail_u=0",NA
120,P1_no_rho,137,931.7619830000913,5.65135649999138,5.195911300019361,0.15124170004855841,0.01,45405.09319148432,45405.09319148432,-69869.77798978808,-52578.54731259722,0.0,-25965.932865161198,-77185.69794960636,-77185.68382956226,-59410.2734484587,-25965.932865161198,33444.3405832975,33444.340583297504,-28210.566638450102,37190.5,nan,nan,1.5000000000000002,10.0,0.0,0.0,10.0,0.85,CORE,MAIN,1.2097500279287354,0.2594676196621857,0.6,0.174,-59410.2734484587,STRUCTURAL,-0.8779144708301341,-200399.1608641864,28800.0,0,0,0,0,0,0,0,inf,inf,NA,1,5,5,5,24,6,0,0,CONTINUE,0,A,1,1,0,KEEP_STRUCTURAL_IN_ON_CUT,2,3,0,0,"tail_cont_enabled=1 tail_active_dims=(1,) tail_delta=0.1 tail_start=(6, 6, 6) returned_y=(6, 0, 2) returned_b=(1, 0, 0) returned_u=(0, 0, 0) returned_zcap=(6, 0, 2) max_tail_u=0",NA
120,P1_no_rho,138,937.0304400000023,5.65135649999138,5.267910699942149,0.15529679995961487,0.01,59481.80384073705,59481.80384073705,-69869.77798978808,-50467.04071520931,0.0,-25965.932865161198,-73288.35658226494,-73288.34297180972,-59410.2734484587,-25965.932865161198,33444.3405832975,33444.340583297504,-26194.295839836697,35881.0,nan,nan,1.5000000000000002,10.0,0.0,0.0,10.0,0.85,CORE,MAIN,1.2108768917155954,0.2642528850088942,0.6,0.174,-59410.2734484587,STRUCTURAL,-0.8750043594469317,-200399.1608641864,28800.0,0,0,0,0,0,0,0,inf,inf,NA,1,5,5,5,24,6,0,0,CONTINUE,0,A,1,1,0,KEEP_STRUCTURAL_IN_ON_CUT,2,3,0,0,"tail_cont_enabled=1 tail_active_dims=(1,) tail_delta=0.1 tail_start=(6, 6, 6) returned_y=(5, 0, 3) returned_b=(0, 0, 0) returned_u=(0, 0, 0) returned_zcap=(5, 0, 3) max_tail_u=0",NA
120,P1_no_rho,139,942.6708297000732,5.65135649999138,5.639781999983825,0.15374130010604858,0.01,59282.069304578356,59282.069304578356,-69869.77798978808,-50497.000895633115,0.0,-25965.932865161198,-71859.28540338454,-71859.27212604457,-59410.2734484587,-25965.932865161198,33444.3405832975,33444.340583297504,-25744.405312844432,35354.0,nan,nan,1.5000000000000002,10.0,0.0,0.0,10.0,0.85,CORE,MAIN,1.2119657989691583,0.2658371396764585,0.6,0.174,-59410.2734484587,STRUCTURAL,-0.8695832025268265,-200399.1608641864,28800.0,0,0,0,0,0,0,0,inf,inf,NA,1,5,5,5,24,6,0,0,CONTINUE,0,A,1,1,0,KEEP_STRUCTURAL_IN_ON_CUT,2,3,0,0,"tail_cont_enabled=1 tail_active_dims=(1,) tail_delta=0.1 tail_start=(6, 6, 6) returned_y=(5, 0, 3) returned_b=(0, 0, 0) returned_u=(0, 0, 0) returned_zcap=(5, 0, 3) max_tail_u=0",NA
120,P1_no_rho,140,954.1803613000084,5.65135649999138,11.50889289996121,0.15490279998630285,0.01,39071.63539007978,39071.63539007978,-69869.77798978808,-53528.5659828079,0.0,-25965.932865161198,-72725.94520495963,-72725.93279450078,-59410.2734484587,-25965.932865161198,33444.3405832975,33444.340583297504,-23702.05128470043,37256.08333333333,nan,nan,1.5000000000000002,10.0,0.0,0.0,10.0,0.85,CORE,MAIN,1.2130360328115475,0.2512969266316971,0.6,0.174,-59410.2734484587,STRUCTURAL,-0.8772416408022916,-200399.1608641864,28800.0,0,0,0,0,0,0,0,inf,inf,NA,1,5,5,5,24,6,0,0,CONTINUE,0,A,1,1,0,KEEP_STRUCTURAL_IN_ON_CUT,2,3,0,0,"tail_cont_enabled=1 tail_active_dims=(1,) tail_delta=0.1 tail_start=(6, 6, 6) returned_y=(1, 6, 0) returned_b=(0, 1, 0) returned_u=(0, 0.0833333, 0) returned_zcap=(1, 6.08333, 0) max_tail_u=0.0833333",NA
120,P1_no_rho,141,959.7009416000219,5.65135649999138,5.520183600019664,0.15196360007394105,0.01,37273.776207083094,37273.776207083094,-69869.77798978808,-53798.24486025741,0.0,-25965.932865161198,-76681.24479110293,-76681.23082994523,-59410.2734484587,-25965.932865161198,33444.3405832975,33444.340583297504,-27855.176359050096,36203.5,nan,nan,1.5000000000000002,10.0,0.0,0.0,10.0,0.85,CORE,MAIN,1.2130943011880893,0.2494218470023183,0.6,0.174,-59410.2734484587,STRUCTURAL,-0.8991037601501717,-200399.1608641864,28800.0,0,0,0,0,0,0,0,inf,inf,NA,1,5,5,5,24,6,0,0,CONTINUE,0,A,1,1,0,KEEP_STRUCTURAL_IN_ON_CUT,2,3,0,0,"tail_cont_enabled=1 tail_active_dims=(1,) tail_delta=0.1 tail_start=(6, 6, 6) returned_y=(6, 0, 2) returned_b=(1, 0, 0) returned_u=(0, 0, 0) returned_zcap=(6, 0, 2) max_tail_u=0",NA
120,P1_no_rho,142,963.471301499987,5.65135649999138,3.769435799913481,0.17328069999348372,0.01,39871.58353831539,39871.58353831539,-69869.77798978808,-53408.57376057256,0.0,-25965.932865161198,-86999.32600561468,-86999.31085780874,-59410.2734484587,-25965.932865161198,33444.3405832975,33444.340583297504,-31500.759475912353,42242.0,nan,nan,1.5000000000000002,10.0,0.0,0.0,10.0,0.85,CORE,MAIN,1.2105617481096682,0.24547516697203298,0.6,0.174,-59410.2734484587,STRUCTURAL,-0.875882634690535,-200399.1608641864,28800.0,0,0,0,0,0,0,0,inf,inf,NA,1,5,5,5,24,6,0,0,CONTINUE,0,A,1,1,0,KEEP_STRUCTURAL_IN_ON_CUT,2,3,0,0,"tail_cont_enabled=1 tail_active_dims=(1,) tail_delta=0.1 tail_start=(6, 6, 6) returned_y=(0, 1, 6) returned_b=(0, 0, 1) returned_u=(0, 0, 0) returned_zcap=(0, 1, 6) max_tail_u=0",NA
120,P1_no_rho,143,968.7610031000804,5.65135649999138,5.289133100071922,0.14974629995413125,0.01,59152.120298415946,59152.120298415946,-69869.77798978808,-50516.49324655748,0.0,-25965.932865161198,-77955.64395377615,-77955.63000125109,-59410.2734484587,-25965.932865161198,33444.3405832975,33444.340583297504,-27647.482696610616,37861.5,nan,nan,1.5000000000000002,10.0,0.0,0.0,10.0,0.85,CORE,MAIN,1.2091732113227602,0.26325284246034564,0.6,0.174,-59410.2734484587,STRUCTURAL,-0.8858276843167944,-200399.1608641864,28800.0,0,0,0,0,0,0,0,inf,inf,NA,1,5,5,5,24,6,0,0,CONTINUE,0,A,1,1,0,KEEP_STRUCTURAL_IN_ON_CUT,2,3,0,0,"tail_cont_enabled=1 tail_active_dims=(1,) tail_delta=0.1 tail_start=(6, 6, 6) returned_y=(0, 6, 1) returned_b=(0, 1, 0) returned_u=(0, 0, 0) returned_zcap=(0, 6, 1) max_tail_u=0",NA
120,P1_no_rho,144,973.7056669000303,5.65135649999138,4.943986800033599,0.15824969997629523,0.01,40350.1505958794,40350.1505958794,-69869.77798978808,-53336.78870193796,0.0,-25965.932865161198,-76356.95826508236,-76356.94411879254,-59410.2734484587,-25965.932865161198,33444.3405832975,33444.340583297504,-28470.27509460925,36611.5,nan,nan,1.5000000000000002,10.0,0.0,0.0,10.0,0.85,CORE,MAIN,1.2084547798715757,0.2636419830846757,0.6,0.174,-59410.2734484587,STRUCTURAL,-0.8719786410314297,-200399.1608641864,28800.0,0,0,0,0,0,0,0,inf,inf,NA,1,5,5,5,24,6,0,0,CONTINUE,0,A,1,1,0,KEEP_STRUCTURAL_IN_ON_CUT,2,3,0,0,"tail_cont_enabled=1 tail_active_dims=(1,) tail_delta=0.1 tail_start=(6, 6, 6) returned_y=(0, 6, 1) returned_b=(0, 1, 0) returned_u=(0, 0, 0) returned_zcap=(0, 6, 1) max_tail_u=0",NA
120,P1_no_rho,145,985.5858649000293,5.65135649999138,11.879727700026706,0.1594143999973312,0.01,48086.531363854694,48086.531363854694,-69869.77798978808,-52176.33158674167,0.0,-25965.932865161198,-72197.5858083069,-72197.57257610417,-59410.2734484587,-25965.932865161198,33444.3405832975,33444.340583297504,-24718.43324388768,36141.0,nan,nan,1.5000000000000002,10.0,0.0,0.0,10.0,0.85,CORE,MAIN,1.2091077667404393,0.2818384036338365,0.6,0.174,-59410.2734484587,STRUCTURAL,-0.8758130531753686,-200399.1608641864,28800.0,0,0,0,0,0,0,0,inf,inf,NA,1,5,5,5,24,6,0,0,CONTINUE,0,A,1,1,0,KEEP_STRUCTURAL_IN_ON_CUT,2,3,0,0,"tail_cont_enabled=1 tail_active_dims=(1,) tail_delta=0.1 tail_start=(6, 6, 6) returned_y=(6, 0, 2) returned_b=(1, 0, 0) returned_u=(0, 0, 0) returned_zcap=(6, 0, 2) max_tail_u=0",NA
120,P1_no_rho,146,989.1322161999997,5.65135649999138,3.54576010000892,0.1643855000147596,0.01,49552.22717284638,49552.22717284638,-69869.77798978808,-51956.477215392915,0.0,-25965.932865161198,-71586.89388147891,-71586.88078710569,-59410.2734484587,-25965.932865161198,33444.3405832975,33444.340583297504,-25678.22780104124,35738.0,nan,nan,1.5000000000000002,10.0,0.0,0.0,10.0,0.85,CORE,MAIN,1.2097896292121904,0.26883854411799424,0.6,0.174,-59410.2734484587,STRUCTURAL,-0.8563928775358524,-200399.1608641864,28800.0,0,0,0,0,0,0,0,inf,inf,NA,1,5,5,5,24,6,0,0,CONTINUE,0,A,1,1,0,KEEP_STRUCTURAL_IN_ON_CUT,2,3,0,0,"tail_cont_enabled=1 tail_active_dims=(1,) tail_delta=0.1 tail_start=(6, 6, 6) returned_y=(6, 0, 2) returned_b=(1, 0, 0) returned_u=(0, 0, 0) returned_zcap=(6, 0, 2) max_tail_u=0",NA
120,P1_no_rho,147,994.5114833000116,5.65135649999138,5.378705599927343,0.157305600005202,0.01,59829.21400214799,59829.21400214799,-69869.77798978808,-50414.929190997675,0.0,-25965.932865161198,-72661.11433372828,-72661.10086826542,-59410.2734484587,-25965.932865161198,33444.3405832975,33444.340583297504,-26450.137198324515,35767.5,nan,nan,1.5000000000000002,10.0,0.0,0.0,10.0,0.85,CORE,MAIN,1.2106771881927698,0.2632405834798539,0.6,0.174,-59410.2734484587,STRUCTURAL,-0.8613212864554115,-200399.1608641864,28800.0,0,0,0,0,0,0,0,inf,inf,NA,1,5,5,5,24,6,0,0,CONTINUE,0,A,1,1,0,KEEP_STRUCTURAL_IN_ON_CUT,2,3,0,0,"tail_cont_enabled=1 tail_active_dims=(1,) tail_delta=0.1 tail_start=(6, 6, 6) returned_y=(5, 0, 3) returned_b=(0, 0, 0) returned_u=(0, 0, 0) returned_zcap=(5, 0, 3) max_tail_u=0",NA
120,P1_no_rho,148,1000.5555614000186,5.65135649999138,6.04329229996074,0.15812240005470812,0.01,47100.64194376095,47100.64194376095,-69869.77798978808,-52324.21499975573,0.0,-25965.932865161198,-73878.24051263642,-73878.2268483516,-59410.2734484587,-25965.932865161198,33444.3405832975,33444.340583297504,-27017.284529158453,35367.5,nan,nan,1.5000000000000002,10.0,0.0,0.0,10.0,0.85,CORE,MAIN,1.2118619875413523,0.26930105123303016,0.6,0.174,-59410.2734484587,STRUCTURAL,-0.8833145744764378,-200399.1608641864,28800.0,0,0,0,0,0,0,0,inf,inf,NA,1,5,5,5,24,6,0,0,CONTINUE,0,A,1,1,0,KEEP_STRUCTURAL_IN_ON_CUT,2,3,0,0,"tail_cont_enabled=1 tail_active_dims=(1,) tail_delta=0.1 tail_start=(6, 6, 6) returned_y=(5, 0, 3) returned_b=(0, 0, 0) returned_u=(0, 0, 0) returned_zcap=(5, 0, 3) max_tail_u=0",NA
120,P1_no_rho,149,1005.7127841000911,5.65135649999138,5.156669900054112,0.1629339000210166,0.01,26675.336201528018,26675.336201528018,-69869.77798978808,-55388.01086109067,0.0,-25965.932865161198,-74904.1143445073,-74904.10054058225,-59410.2734484587,-25965.932865161198,33444.3405832975,33444.340583297504,-27625.992995420216,37465.5,nan,nan,1.5000000000000002,10.0,0.0,0.0,10.0,0.85,CORE,MAIN,1.212563033960239,0.2586402163028839,0.6,0.174,-59410.2734484587,STRUCTURAL,-0.8412736614603129,-200399.1608641864,28800.0,0,0,0,0,0,0,0,inf,inf,NA,1,5,5,5,24,6,0,0,CONTINUE,0,A,1,1,0,KEEP_STRUCTURAL_IN_ON_CUT,2,3,0,0,"tail_cont_enabled=1 tail_active_dims=(1,) tail_delta=0.1 tail_start=(6, 6, 6) returned_y=(0, 1, 6) returned_b=(0, 0, 1) returned_u=(0, 0, 0) returned_zcap=(0, 1, 6) max_tail_u=0",NA
120,P1_no_rho,150,1017.7768006999977,5.65135649999138,12.063497199909762,0.1563914999132976,0.01,42845.38022215875,42845.38022215875,-69869.77798978808,-52962.50425799606,0.0,-25965.932865161198,-75299.57477638863,-75299.56083596425,-59410.2734484587,-25965.932865161198,33444.3405832975,33444.340583297504,-28426.25844713739,37099.5,nan,nan,1.5000000000000002,10.0,0.0,0.0,10.0,0.85,CORE,MAIN,1.2128610951192913,0.2742062083565143,0.6,0.174,-59410.2734484587,STRUCTURAL,-0.8422989058940927,-200399.1608641864,28800.0,0,0,0,0,0,0,0,inf,inf,NA,1,5,5,5,24,6,0,0,CONTINUE,0,A,1,1,0,KEEP_STRUCTURAL_IN_ON_CUT,2,3,0,0,"tail_cont_enabled=1 tail_active_dims=(1,) tail_delta=0.1 tail_start=(6, 6, 6) returned_y=(0, 1, 6) returned_b=(0, 0, 1) returned_u=(0, 0, 0) returned_zcap=(0, 1, 6) max_tail_u=0",NA
120,P1_no_rho,151,1021.4754289999837,5.65135649999138,3.698185699991882,0.15530770004261285,0.01,41513.236498067796,41513.236498067796,-69869.77798978808,-53162.3258166097,0.0,-25965.932865161198,-78052.28778016093,-78052.27326675059,-59410.2734484587,-25965.932865161198,33444.3405832975,33444.340583297504,-28271.33147582733,37382.5,nan,nan,1.5000000000000002,10.0,0.0,0.0,10.0,0.85,CORE,MAIN,1.2121623372008858,0.25596692769403884,0.6,0.174,-59410.2734484587,STRUCTURAL,-0.8877762195487774,-200399.1608641864,28800.0,0,0,0,0,0,0,0,inf,inf,NA,1,5,5,5,24,6,0,0,CONTINUE,0,A,1,1,0,KEEP_STRUCTURAL_IN_ON_CUT,2,3,0,0,"tail_cont_enabled=1 tail_active_dims=(1,) tail_delta=0.1 tail_start=(6, 6, 6) returned_y=(0, 1, 6) returned_b=(0, 0, 1) returned_u=(0, 0, 0) returned_zcap=(0, 1, 6) max_tail_u=0",NA
120,P1_no_rho,152,1027.1964267999865,5.65135649999138,5.720405599917285,0.151062999968417,0.01,58438.9407418109,58438.9407418109,-69869.77798978808,-50623.470180048236,0.0,-25965.932865161198,-72817.59782146513,-72817.58439840461,-59410.2734484587,-25965.932865161198,33444.3405832975,33444.340583297504,-25062.40471912421,36114.0,nan,nan,1.5000000000000002,10.0,0.0,0.0,10.0,0.85,CORE,MAIN,1.2129112801867492,0.26214127894023465,0.6,0.174,-59410.2734484587,STRUCTURAL,-0.8815635613018109,-200399.1608641864,28800.0,0,0,0,0,0,0,0,inf,inf,NA,1,5,5,5,24,6,0,0,CONTINUE,0,A,1,1,0,KEEP_STRUCTURAL_IN_ON_CUT,2,3,0,0,"tail_cont_enabled=1 tail_active_dims=(1,) tail_delta=0.1 tail_start=(6, 6, 6) returned_y=(6, 0, 2) returned_b=(1, 0, 0) returned_u=(0, 0, 0) returned_zcap=(6, 0, 2) max_tail_u=0",NA
120,P1_no_rho,153,1032.4617555000586,5.65135649999138,5.264943800051697,0.1553868999471888,0.01,55930.35555465818,55930.35555465818,-69869.77798978808,-50999.75795812115,0.0,-25965.932865161198,-72103.57793894057,-72103.56486116056,-59410.2734484587,-25965.932865161198,33444.3405832975,33444.340583297504,-25182.137932521997,36065.0,nan,nan,1.5000000000000002,10.0,0.0,0.0,10.0,0.85,CORE,MAIN,1.213432981128068,0.26603328883324917,0.6,0.174,-59410.2734484587,STRUCTURAL,-0.8673492662070994,-200399.1608641864,28800.0,0,0,0,0,0,0,0,inf,inf,NA,1,5,5,5,24,6,0,0,CONTINUE,0,A,1,1,0,KEEP_STRUCTURAL_IN_ON_CUT,2,3,0,0,"tail_cont_enabled=1 tail_active_dims=(1,) tail_delta=0.1 tail_start=(6, 6, 6) returned_y=(6, 0, 2) returned_b=(1, 0, 0) returned_u=(0, 0, 0) returned_zcap=(6, 0, 2) max_tail_u=0",NA
120,P1_no_rho,154,1037.6504297000356,5.65135649999138,5.188076599966735,0.15874280000571162,0.01,49296.86902261113,49296.86902261113,-69869.77798978808,-51994.7809379282,0.0,-25965.932865161198,-72170.8258860441,-72170.81252418214,-59410.2734484587,-25965.932865161198,33444.3405832975,33444.340583297504,-24987.559814331016,35842.0,nan,nan,1.5000000000000002,10.0,0.0,0.0,10.0,0.85,CORE,MAIN,1.2140926992859429,0.2648812437993737,0.6,0.174,-59410.2734484587,STRUCTURAL,-0.877615696851945,-200399.1608641864,28800.0,0,0,0,0,0,0,0,inf,inf,NA,1,5,5,5,24,6,0,0,CONTINUE,0,A,1,1,0,KEEP_STRUCTURAL_IN_ON_CUT,2,3,0,0,"tail_cont_enabled=1 tail_active_dims=(1,) tail_delta=0.1 tail_start=(6, 6, 6) returned_y=(5, 0, 3) returned_b=(0, 0, 0) returned_u=(0, 0, 0) returned_zcap=(5, 0, 3) max_tail_u=0",NA
120,P1_no_rho,155,1049.9308407000499,5.65135649999138,12.279903099988587,0.16320519999135286,0.01,48188.02100156335,48188.02100156335,-69869.77798978808,-52161.108141085366,0.0,-25965.932865161198,-74371.20960858506,-74371.19603194526,-59410.2734484587,-25965.932865161198,33444.3405832975,33444.340583297504,-26447.95200702018,35802.0,nan,nan,1.5000000000000002,10.0,0.0,0.0,10.0,0.85,CORE,MAIN,1.214340981337424,0.2607857311701507,0.6,0.174,-59410.2734484587,STRUCTURAL,-0.892375547454054,-200399.1608641864,28800.0,0,0,0,0,0,0,0,inf,inf,NA,1,5,5,5,24,6,0,0,CONTINUE,0,A,1,1,0,KEEP_STRUCTURAL_IN_ON_CUT,2,3,0,0,"tail_cont_enabled=1 tail_active_dims=(1,) tail_delta=0.1 tail_start=(6, 6, 6) returned_y=(5, 0, 3) returned_b=(0, 0, 0) returned_u=(0, 0, 0) returned_zcap=(5, 0, 3) max_tail_u=0",NA
120,P1_no_rho,156,1054.942464300082,5.65135649999138,5.010845700046048,0.14883439999539405,0.01,34613.48359482843,34613.48359482843,-69869.77798978808,-54197.28875209561,0.0,-25965.932865161198,-75969.17702204996,-75969.16312608487,-59410.2734484587,-25965.932865161198,33444.3405832975,33444.340583297504,-28663.66222169268,38530.0,nan,nan,1.5000000000000002,10.0,0.0,0.0,10.0,0.85,CORE,MAIN,1.2141068523694987,0.25578340607339123,0.6,0.174,-59410.2734484587,STRUCTURAL,-0.8185050766397124,-200399.1608641864,28800.0,0,0,0,0,0,0,0,inf,inf,NA,1,5,5,5,24,6,0,0,CONTINUE,0,A,1,1,0,KEEP_STRUCTURAL_IN_ON_CUT,2,3,0,0,"tail_cont_enabled=1 tail_active_dims=(1,) tail_delta=0.1 tail_start=(6, 6, 6) returned_y=(0, 1, 6) returned_b=(0, 0, 1) returned_u=(0, 0, 0) returned_zcap=(0, 1, 6) max_tail_u=0",NA
120,P1_no_rho,157,1060.3001598999836,5.65135649999138,5.357102799927816,0.16179620008915663,0.01,47850.904656387516,47850.904656387516,-69869.77798978808,-52211.67559286174,0.0,-25965.932865161198,-90184.28744847531,-90184.2723900902,-59410.2734484587,-25965.932865161198,33444.3405832975,33444.340583297504,-32380.525838823127,43230.0,nan,nan,1.5000000000000002,10.0,0.0,0.0,10.0,0.85,CORE,MAIN,1.2110674730110529,0.23791538884606722,0.6,0.174,-59410.2734484587,STRUCTURAL,-0.8914140882298879,-200399.1608641864,28800.0,0,0,0,0,0,0,0,inf,inf,NA,1,5,5,5,24,6,0,0,CONTINUE,0,A,1,1,0,KEEP_STRUCTURAL_IN_ON_CUT,2,3,0,0,"tail_cont_enabled=1 tail_active_dims=(1,) tail_delta=0.1 tail_start=(6, 6, 6) returned_y=(0, 6, 1) returned_b=(0, 1, 0) returned_u=(0, 0, 0) returned_zcap=(0, 6, 1) max_tail_u=0",NA
120,P1_no_rho,158,1063.8497497000499,5.65135649999138,3.548999599996023,0.15300049993675202,0.01,50422.58417854767,50422.58417854767,-69869.77798978808,-51825.92366453772,0.0,-25965.932865161198,-80013.92562327748,-80013.91177511076,-59410.2734484587,-25965.932865161198,33444.3405832975,33444.340583297504,-26842.697534663537,39711.5,nan,nan,1.5000000000000002,10.0,0.0,0.0,10.0,0.85,CORE,MAIN,1.20883306325368,0.25208561418183006,0.6,0.174,-59410.2734484587,STRUCTURAL,-0.8926249615425795,-200399.1608641864,28800.0,0,0,0,0,0,0,0,inf,inf,NA,1,5,5,5,24,6,0,0,CONTINUE,0,A,1,1,0,KEEP_STRUCTURAL_IN_ON_CUT,2,3,0,0,"tail_cont_enabled=1 tail_active_dims=(1,) tail_delta=0.1 tail_start=(6, 6, 6) returned_y=(0, 6, 1) returned_b=(0, 1, 0) returned_u=(0, 0, 0) returned_zcap=(0, 6, 1) max_tail_u=0",NA
120,P1_no_rho,159,1069.2372355000116,5.65135649999138,5.386914899921976,0.1500051999464631,0.01,54364.28920677921,54364.28920677921,-69869.77798978808,-51234.66791030299,0.0,-25965.932865161198,-71728.04905226707,-71728.03582131414,-59410.2734484587,-25965.932865161198,33444.3405832975,33444.340583297504,-24801.385217425282,35383.0,nan,nan,1.5000000000000002,10.0,0.0,0.0,10.0,0.85,CORE,MAIN,1.2085146556467457,0.2549952916301059,0.6,0.174,-59410.2734484587,STRUCTURAL,-0.8841656653174097,-200399.1608641864,28800.0,0,0,0,0,0,0,0,inf,inf,NA,1,5,5,5,24,6,0,0,CONTINUE,0,A,1,1,0,KEEP_STRUCTURAL_IN_ON_CUT,2,3,0,0,"tail_cont_enabled=1 tail_active_dims=(1,) tail_delta=0.1 tail_start=(6, 6, 6) returned_y=(6, 0, 2) returned_b=(1, 0, 0) returned_u=(0, 0, 0) returned_zcap=(6, 0, 2) max_tail_u=0",NA
120,P1_no_rho,160,1081.236062800046,5.65135649999138,11.998281299951486,0.15040849999058992,0.01,50193.42346787778,50193.42346787778,-69869.77798978808,-51860.297771138205,0.0,-25965.932865161198,-71148.03287135207,-71148.0198831971,-59410.2734484587,-25965.932865161198,33444.3405832975,33444.340583297504,-25294.72818987343,35833.5,nan,nan,1.5000000000000002,10.0,0.0,0.0,10.0,0.85,CORE,MAIN,1.2088121186957326,0.27096229020909945,0.6,0.174,-59410.2734484587,STRUCTURAL,-0.8530805288035622,-200399.1608641864,28800.0,0,0,0,0,0,0,0,inf,inf,NA,1,5,5,5,24,6,0,0,CONTINUE,0,A,1,1,0,KEEP_STRUCTURAL_IN_ON_CUT,2,3,0,0,"tail_cont_enabled=1 tail_active_dims=(1,) tail_delta=0.1 tail_start=(6, 6, 6) returned_y=(6, 0, 2) returned_b=(1, 0, 0) returned_u=(0, 0, 0) returned_zcap=(6, 0, 2) max_tail_u=0",NA
120,P1_no_rho,161,1086.9261862999992,5.65135649999138,5.689637599978596,0.1483306000009179,0.01,48985.84087826424,48985.84087826424,-69869.77798978808,-52041.435159580236,0.0,-25965.932865161198,-71818.54767335355,-71818.53439772056,-59410.2734484587,-25965.932865161198,33444.3405832975,33444.340583297504,-24723.26429774285,35824.0,nan,nan,1.5000000000000002,10.0,0.0,0.0,10.0,0.85,CORE,MAIN,1.2095789518513853,0.26727364487851535,0.6,0.174,-59410.2734484587,STRUCTURAL,-0.8764193482949549,-200399.1608641864,28800.0,0,0,0,0,0,0,0,inf,inf,NA,1,5,5,5,24,6,0,0,CONTINUE,0,A,1,1,0,KEEP_STRUCTURAL_IN_ON_CUT,2,3,0,0,"tail_cont_enabled=1 tail_active_dims=(1,) tail_delta=0.1 tail_start=(6, 6, 6) returned_y=(6, 0, 2) returned_b=(1, 0, 0) returned_u=(0, 0, 0) returned_zcap=(6, 0, 2) max_tail_u=0",NA
120,P1_no_rho,162,1090.8566498000873,5.65135649999138,3.9298997001023963,0.15321780007798225,0.01,42797.24596343824,42797.24596343824,-69869.77798978808,-52969.72439680414,0.0,-25965.932865161198,-73757.26501607425,-73757.25148725726,-59410.2734484587,-25965.932865161198,33444.3405832975,33444.340583297504,-26445.802845601564,35720.5,nan,nan,1.5000000000000002,10.0,0.0,0.0,10.0,0.85,CORE,MAIN,1.2101688757941547,0.26281450932108097,0.6,0.174,-59410.2734484587,STRUCTURAL,-0.8829934004592263,-200399.1608641864,28800.0,0,0,0,0,0,0,0,inf,inf,NA,1,5,5,5,24,6,0,0,CONTINUE,0,A,1,1,0,KEEP_STRUCTURAL_IN_ON_CUT,2,3,0,0,"tail_cont_enabled=1 tail_active_dims=(1,) tail_delta=0.1 tail_start=(6, 6, 6) returned_y=(6, 0, 2) returned_b=(1, 0, 0) returned_u=(0, 0, 0) returned_zcap=(6, 0, 2) max_tail_u=0",NA
120,P1_no_rho,163,1096.1857405999908,5.65135649999138,5.328576499945484,0.14647939999122173,0.01,42694.13645633903,42694.13645633903,-69869.77798978808,-52985.190822869015,0.0,-25965.932865161198,-78617.71535322507,-78617.70119939215,-59410.2734484587,-25965.932865161198,33444.3405832975,33444.340583297504,-29127.432979216013,38252.0,nan,nan,1.5000000000000002,10.0,0.0,0.0,10.0,0.85,CORE,MAIN,1.210342692103115,0.25290481971294054,0.6,0.174,-59410.2734484587,STRUCTURAL,-0.8625303813338931,-200399.1608641864,28800.0,0,0,0,0,0,0,0,inf,inf,NA,1,5,5,5,24,6,0,0,CONTINUE,0,A,1,1,0,KEEP_STRUCTURAL_IN_ON_CUT,2,3,0,0,"tail_cont_enabled=1 tail_active_dims=(1,) tail_delta=0.1 tail_start=(6, 6, 6) returned_y=(0, 6, 1) returned_b=(0, 1, 0) returned_u=(0, 0, 0) returned_zcap=(0, 6, 1) max_tail_u=0",NA
120,P1_no_rho,164,1101.2441068000626,5.65135649999138,5.057806099997833,0.17431299993768334,0.01,31566.344739314874,31566.344739314874,-69869.77798978808,-54654.359580422635,0.0,-25965.932865161198,-101762.84026649296,-101762.82336945098,-59410.2734484587,-25965.932865161198,33444.3405832975,33444.340583297504,-37723.55151868468,49511.5,nan,nan,1.5000000000000002,10.0,0.0,0.0,10.0,0.85,CORE,MAIN,1.2057604486465316,0.23501982755509188,0.6,0.174,-59410.2734484587,STRUCTURAL,-0.862281447754781,-200399.1608641864,28800.0,0,0,0,0,0,0,0,inf,inf,NA,2,6,6,6,24,7,0,0,CONTINUE,0,A,1,1,0,KEEP_STRUCTURAL_IN_ON_CUT,2,3,1,0,"tail_cont_enabled=1 tail_active_dims=(1,) tail_delta=0.1 tail_start=(6, 6, 6) returned_y=(0, 0, 6) returned_b=(0, 0, 1) returned_u=(0, 0, 0) returned_zcap=(0, 0, 6) max_tail_u=0",NA
120,P1_no_rho,165,1114.1013551000506,5.65135649999138,12.856568500050344,0.14920410001650453,0.01,45314.006304879906,45314.006304879906,-69869.77798978808,-52592.21034558788,0.0,-25965.932865161198,-76779.72108591924,-76779.70697757261,-59410.2734484587,-25965.932865161198,33444.3405832975,33444.340583297504,-27252.41986913122,37217.0,nan,nan,1.5000000000000002,10.0,0.0,0.0,10.0,0.85,CORE,MAIN,1.2039037550863443,0.2662145245131122,0.6,0.174,-59410.2734484587,STRUCTURAL,-0.887180358589558,-200399.1608641864,28800.0,0,0,0,0,0,0,0,inf,inf,NA,1,5,5,5,25,6,0,0,CONTINUE,0,A,1,1,0,KEEP_STRUCTURAL_IN_ON_CUT,2,3,0,0,"tail_cont_enabled=1 tail_active_dims=(1,) tail_delta=0.1 tail_start=(6, 6, 6) returned_y=(0, 6, 1) returned_b=(0, 1, 0) returned_u=(0, 0, 0) returned_zcap=(0, 6, 1) max_tail_u=0",NA
120,P1_no_rho,166,1116.6375683000078,5.65135649999138,2.535628499928862,0.17749939998611808,0.01,59052.992146029064,59052.992146029064,-69869.77798978808,-50531.36246941551,0.0,-25965.932865161198,-72838.24116382451,-72838.22768134577,-59410.2734484587,-25965.932865161198,33444.3405832975,33444.340583297504,-26197.04317814056,35938.0,nan,nan,1.5000000000000002,10.0,0.0,0.0,10.0,0.85,CORE,MAIN,1.2044554201499382,0.26974255115918355,0.6,0.174,-59410.2734484587,STRUCTURAL,-0.8652157327101345,-200399.1608641864,28800.0,0,0,0,0,0,0,0,inf,inf,NA,2,6,6,6,25,6,0,0,CONTINUE,0,A,1,1,0,KEEP_STRUCTURAL_IN_ON_CUT,2,3,0,0,"tail_cont_enabled=1 tail_active_dims=(1,) tail_delta=0.1 tail_start=(6, 6, 6) returned_y=(0, 1, 6) returned_b=(0, 0, 1) returned_u=(0, 0, 0) returned_zcap=(0, 1, 6) max_tail_u=0",NA
120,P1_no_rho,167,1120.2389814000344,5.65135649999138,3.6009436999447644,0.17752790008671582,0.01,59804.08171030113,59804.08171030113,-69869.77798978808,-50418.6990347747,0.0,-25965.932865161198,-74811.01735520664,-74811.00370787285,-59410.2734484587,-25965.932865161198,33444.3405832975,33444.340583297504,-26775.371019796294,37134.5,nan,nan,1.5000000000000002,10.0,0.0,0.0,10.0,0.85,CORE,MAIN,1.2058312645306342,0.26625137069045013,0.6,0.174,-59410.2734484587,STRUCTURAL,-0.8623720563191739,-200399.1608641864,28800.0,0,0,0,0,0,0,0,inf,inf,NA,2,6,6,6,25,6,0,0,CONTINUE,0,A,1,1,0,KEEP_STRUCTURAL_IN_ON_CUT,2,3,0,0,"tail_cont_enabled=1 tail_active_dims=(1,) tail_delta=0.1 tail_start=(6, 6, 6) returned_y=(6, 0, 2) returned_b=(1, 0, 0) returned_u=(0, 0, 0) returned_zcap=(6, 0, 2) max_tail_u=0",NA
120,P1_no_rho,168,1123.253639100003,5.65135649999138,3.014089599950239,0.1455540000461042,0.01,63438.63582552191,63438.63582552191,-69869.77798978808,-49873.51591749158,0.0,-25965.932865161198,-70694.06809161814,-70694.05508591776,-59410.2734484587,-25965.932865161198,33444.3405832975,33444.340583297504,-23582.725577627385,35683.0,nan,nan,1.5000000000000002,10.0,0.0,0.0,10.0,0.85,CORE,MAIN,1.2063717908118012,0.2725753490436824,0.6,0.174,-59410.2734484587,STRUCTURAL,-0.8801825240458179,-200399.1608641864,28800.0,0,0,0,0,0,0,0,inf,inf,NA,1,5,5,5,25,6,0,0,CONTINUE,0,A,1,1,0,KEEP_STRUCTURAL_IN_ON_CUT,2,3,0,0,"tail_cont_enabled=1 tail_active_dims=(1,) tail_delta=0.1 tail_start=(6, 6, 6) returned_y=(6, 0, 2) returned_b=(1, 0, 0) returned_u=(0, 0, 0) returned_zcap=(6, 0, 2) max_tail_u=0",NA
120,P1_no_rho,169,1126.6543120000279,5.65135649999138,3.400266799959354,0.1575600999640301,0.01,60147.1600729847,60147.1600729847,-69869.77798978808,-50367.23728037217,0.0,-25965.932865161198,-75127.39900361895,-75127.38520864634,-59410.2734484587,-25965.932865161198,33444.3405832975,33444.340583297504,-26535.161547732965,36288.5,nan,nan,1.5000000000000002,10.0,0.0,0.0,10.0,0.85,CORE,MAIN,1.2067956553929613,0.2600898973761152,0.6,0.174,-59410.2734484587,STRUCTURAL,-0.892701979248033,-200399.1608641864,28800.0,0,0,0,0,0,0,0,inf,inf,NA,1,5,5,5,25,6,0,0,CONTINUE,0,A,1,1,0,KEEP_STRUCTURAL_IN_ON_CUT,2,3,0,0,"tail_cont_enabled=1 tail_active_dims=(1,) tail_delta=0.1 tail_start=(6, 6, 6) returned_y=(6, 0, 2) returned_b=(1, 0, 0) returned_u=(0, 0, 0) returned_zcap=(6, 0, 2) max_tail_u=0",NA
120,P1_no_rho,170,1138.0352476000553,5.65135649999138,11.380391799961217,0.17764250002801418,0.01,43805.331858903824,43805.331858903824,-69869.77798978808,-52818.5115124843,0.0,-25965.932865161198,-70788.66854760461,-70788.65554054888,-59410.2734484587,-25965.932865161198,33444.3405832975,33444.340583297504,-26637.86399538799,35174.0,nan,nan,1.5000000000000002,10.0,0.0,0.0,10.0,0.85,CORE,MAIN,1.20922154322028,0.26453199178149644,0.6,0.174,-59410.2734484587,STRUCTURAL,-0.8368073301332589,-200399.1608641864,28800.0,0,0,0,0,0,0,0,inf,inf,NA,2,6,6,6,25,6,0,0,CONTINUE,0,A,1,1,0,KEEP_STRUCTURAL_IN_ON_CUT,2,3,0,0,"tail_cont_enabled=1 tail_active_dims=(1,) tail_delta=0.1 tail_start=(6, 6, 6) returned_y=(5, 0, 3) returned_b=(0, 0, 0) returned_u=(0, 0, 0) returned_zcap=(5, 0, 3) max_tail_u=0",NA
120,P1_no_rho,171,1144.1110924000386,5.65135649999138,6.075354599975981,0.1508489999687299,0.01,16990.421715517252,16990.421715517252,-69869.77798978808,-56840.748033992284,0.0,-25965.932865161198,-73099.70844386102,-73099.69506522616,-59410.2734484587,-25965.932865161198,33444.3405832975,33444.340583297504,-27125.42392241234,34472.5,nan,nan,1.5000000000000002,10.0,0.0,0.0,10.0,0.85,CORE,MAIN,1.2108919981074668,0.2498677855866216,0.6,0.174,-59410.2734484587,STRUCTURAL,-0.8891004161348671,-200399.1608641864,28800.0,0,0,0,0,0,0,0,inf,inf,NA,1,5,5,5,25,6,0,0,CONTINUE,0,A,1,1,0,KEEP_STRUCTURAL_IN_ON_CUT,2,3,0,0,"tail_cont_enabled=1 tail_active_dims=(1,) tail_delta=0.1 tail_start=(6, 6, 6) returned_y=(5, 0, 3) returned_b=(0, 0, 0) returned_u=(0, 0, 0) returned_zcap=(5, 0, 3) max_tail_u=0",NA
120,P1_no_rho,172,1148.8407460000599,5.65135649999138,4.729088500025682,0.15105370001401752,0.01,45795.80020962903,45795.80020962903,-69869.77798978808,-52519.941259875515,0.0,-25965.932865161198,-76399.23551085845,-76399.22177621906,-59410.2734484587,-25965.932865161198,33444.3405832975,33444.340583297504,-26847.260067136758,37026.416666666664,nan,nan,1.5000000000000002,10.0,0.0,0.0,10.0,0.85,CORE,MAIN,1.2111947617902785,0.2556829762830318,0.6,0.174,-59410.2734484587,STRUCTURAL,-0.8921911465747615,-200399.1608641864,28800.0,0,0,0,0,0,0,0,inf,inf,NA,1,5,5,5,25,6,0,0,CONTINUE,0,A,1,1,0,KEEP_STRUCTURAL_IN_ON_CUT,2,3,0,0,"tail_cont_enabled=1 tail_active_dims=(1,) tail_delta=0.1 tail_start=(6, 6, 6) returned_y=(1, 6, 0) returned_b=(0, 1, 0) returned_u=(0, 0.0833333, 0) returned_zcap=(1, 6.08333, 0) max_tail_u=0.0833333",NA
120,P1_no_rho,173,1152.9294896000065,5.65135649999138,4.088211099966429,0.17194909998215735,0.01,47996.03532847223,47996.03532847223,-69869.77798978808,-52189.90599204903,0.0,-25965.932865161198,-74374.38465591545,-74374.3710281946,-59410.2734484587,-25965.932865161198,33444.3405832975,33444.340583297504,-26843.802238202163,36514.0,nan,nan,1.5000000000000002,10.0,0.0,0.0,10.0,0.85,CORE,MAIN,1.2114083868008059,0.26235941014625064,0.6,0.174,-59410.2734484587,STRUCTURAL,-0.8678053858792506,-200399.1608641864,28800.0,0,0,0,0,0,0,0,inf,inf,NA,2,6,6,6,25,6,0,0,CONTINUE,0,A,1,1,0,KEEP_STRUCTURAL_IN_ON_CUT,2,3,0,0,"tail_cont_enabled=1 tail_active_dims=(1,) tail_delta=0.1 tail_start=(6, 6, 6) returned_y=(0, 6, 1) returned_b=(0, 1, 0) returned_u=(0, 0, 0) returned_zcap=(0, 6, 1) max_tail_u=0",NA
120,P1_no_rho,174,1155.772054500063,5.65135649999138,2.8416238999925554,0.15399399993475527,0.01,44029.16332172704,44029.16332172704,-69869.77798978808,-52784.93679306081,0.0,-25965.932865161198,-73147.4156296204,-73147.40208136033,-59410.2734484587,-25965.932865161198,33444.3405832975,33444.340583297504,-26357.607288504914,35650.5,nan,nan,1.5000000000000002,10.0,0.0,0.0,10.0,0.85,CORE,MAIN,1.2116490032692815,0.2544185057484901,0.6,0.174,-59410.2734484587,STRUCTURAL,-0.874972203154802,-200399.1608641864,28800.0,0,0,0,0,0,0,0,inf,inf,NA,1,5,5,5,25,6,0,0,CONTINUE,0,A,1,1,0,KEEP_STRUCTURAL_IN_ON_CUT,2,3,0,0,"tail_cont_enabled=1 tail_active_dims=(1,) tail_delta=0.1 tail_start=(6, 6, 6) returned_y=(0, 6, 1) returned_b=(0, 1, 0) returned_u=(0, 0, 0) returned_zcap=(0, 6, 1) max_tail_u=0",NA
120,P1_no_rho,175,1166.273472800036,5.65135649999138,10.500895599951036,0.16332160006277263,0.01,52813.582413528224,52813.582413528224,-69869.77798978808,-51467.27392929063,0.0,-25965.932865161198,-71828.10263141523,-71828.0893151941,-59410.2734484587,-25965.932865161198,33444.3405832975,33444.340583297504,-25982.488146085343,35074.0,nan,nan,1.5000000000000002,10.0,0.0,0.0,10.0,0.85,CORE,MAIN,1.2123077889851,0.2642759875258617,0.6,0.174,-59410.2734484587,STRUCTURAL,-0.8714071424057476,-200399.1608641864,28800.0,0,0,0,0,0,0,0,inf,inf,NA,1,5,5,5,25,6,0,0,CONTINUE,0,A,1,1,0,KEEP_STRUCTURAL_IN_ON_CUT,2,3,0,0,"tail_cont_enabled=1 tail_active_dims=(1,) tail_delta=0.1 tail_start=(6, 6, 6) returned_y=(5, 0, 3) returned_b=(0, 0, 0) returned_u=(0, 0, 0) returned_zcap=(5, 0, 3) max_tail_u=0",NA
120,P1_no_rho,176,1170.5859810000984,5.65135649999138,4.3119404999306425,0.15523190004751086,0.01,45392.47530474392,45392.47530474392,-69869.77798978808,-52580.43999560828,0.0,-25965.932865161198,-75520.78758328121,-75520.773533995,-59410.2734484587,-25965.932865161198,33444.3405832975,33444.340583297504,-27867.159048194066,37257.5,nan,nan,1.5000000000000002,10.0,0.0,0.0,10.0,0.85,CORE,MAIN,1.2127933812981366,0.2574562900597912,0.6,0.174,-59410.2734484587,STRUCTURAL,-0.8526894269306122,-200399.1608641864,28800.0,0,0,0,0,0,0,0,inf,inf,NA,1,5,5,5,25,6,0,0,CONTINUE,0,A,1,1,0,KEEP_STRUCTURAL_IN_ON_CUT,2,3,0,0,"tail_cont_enabled=1 tail_active_dims=(1,) tail_delta=0.1 tail_start=(6, 6, 6) returned_y=(0, 1, 6) returned_b=(0, 0, 1) returned_u=(0, 0, 0) returned_zcap=(0, 1, 6) max_tail_u=0",NA
120,P1_no_rho,177,1175.2129405000014,5.65135649999138,4.626432899967767,0.16469580004923046,0.01,41374.2146430748,41374.2146430748,-69869.77798978808,-53183.17909485865,0.0,-25965.932865161198,-75111.81470243454,-75111.80080989056,-59410.2734484587,-25965.932865161198,33444.3405832975,33444.340583297504,-27444.449789102968,37148.5,nan,nan,1.5000000000000002,10.0,0.0,0.0,10.0,0.85,CORE,MAIN,1.2128550799012134,0.2603402236568787,0.6,0.174,-59410.2734484587,STRUCTURAL,-0.8554378780800943,-200399.1608641864,28800.0,0,0,0,0,0,0,0,inf,inf,NA,1,5,5,5,25,6,0,0,CONTINUE,0,A,1,1,0,KEEP_STRUCTURAL_IN_ON_CUT,2,3,0,0,"tail_cont_enabled=1 tail_active_dims=(1,) tail_delta=0.1 tail_start=(6, 6, 6) returned_y=(0, 1, 6) returned_b=(0, 0, 1) returned_u=(0, 0, 0) returned_zcap=(0, 1, 6) max_tail_u=0",NA
120,P1_no_rho,178,1177.8884029000765,5.65135649999138,2.6749457999831066,0.14814820000901818,0.01,41815.33995532035,41815.33995532035,-69869.77798978808,-53117.01029802182,0.0,-25965.932865161198,-73839.8383848767,-73839.82468343343,-59410.2734484587,-25965.932865161198,33444.3405832975,33444.340583297504,-27021.19595186517,36739.5,nan,nan,1.5000000000000002,10.0,0.0,0.0,10.0,0.85,CORE,MAIN,1.2131527032724942,0.2622975372575478,0.6,0.174,-59410.2734484587,STRUCTURAL,-0.8495602595130263,-200399.1608641864,28800.0,0,0,0,0,0,0,0,inf,inf,NA,1,5,5,5,25,6,0,0,CONTINUE,0,A,1,1,0,KEEP_STRUCTURAL_IN_ON_CUT,2,3,0,0,"tail_cont_enabled=1 tail_active_dims=(1,) tail_delta=0.1 tail_start=(6, 6, 6) returned_y=(0, 6, 1) returned_b=(0, 1, 0) returned_u=(0, 0, 0) returned_zcap=(0, 6, 1) max_tail_u=0",NA
120,P1_no_rho,179,1182.9494899000274,5.65135649999138,5.060775100020692,0.1458178999600932,0.01,49557.69451121392,49557.69451121392,-69869.77798978808,-51955.65711463778,0.0,-25965.932865161198,-75899.18166355081,-75899.16772152265,-59410.2734484587,-25965.932865161198,33444.3405832975,33444.340583297504,-28047.044822795142,36527.5,nan,nan,1.5000000000000002,10.0,0.0,0.0,10.0,0.85,CORE,MAIN,1.21298436845966,0.25909818631465087,0.6,0.174,-59410.2734484587,STRUCTURAL,-0.8733533711811193,-200399.1608641864,28800.0,0,0,0,0,0,0,0,inf,inf,NA,1,5,5,5,25,6,0,0,CONTINUE,0,A,1,1,0,KEEP_STRUCTURAL_IN_ON_CUT,2,3,0,0,"tail_cont_enabled=1 tail_active_dims=(1,) tail_delta=0.1 tail_start=(6, 6, 6) returned_y=(5, 0, 3) returned_b=(0, 0, 0) returned_u=(0, 0, 0) returned_zcap=(5, 0, 3) max_tail_u=0",NA
120,P1_no_rho,180,1192.8245907000965,5.65135649999138,9.874611699953675,0.14901690010447055,0.01,46824.66824629618,46824.66824629618,-69869.77798978808,-52365.61105437544,0.0,-25965.932865161198,-75236.45746038393,-75236.44358922413,-59410.2734484587,-25965.932865161198,33444.3405832975,33444.340583297504,-27883.7753243986,37167.5,nan,nan,1.5000000000000002,10.0,0.0,0.0,10.0,0.85,CORE,MAIN,1.2127083121326288,0.2597724193944869,0.6,0.174,-59410.2734484587,STRUCTURAL,-0.8493561716522144,-200399.1608641864,28800.0,0,0,0,0,0,0,0,inf,inf,NA,1,5,5,5,25,6,0,0,CONTINUE,0,A,1,1,0,KEEP_STRUCTURAL_IN_ON_CUT,2,3,0,0,"tail_cont_enabled=1 tail_active_dims=(1,) tail_delta=0.1 tail_start=(6, 6, 6) returned_y=(0, 1, 6) returned_b=(0, 0, 1) returned_u=(0, 0, 0) returned_zcap=(0, 1, 6) max_tail_u=0",NA
120,P1_no_rho,181,1197.4754077000543,5.65135649999138,4.650183100020513,0.15202160004992038,0.01,51574.23748531699,51574.23748531699,-69869.77798978808,-51653.17566852232,0.0,-25965.932865161198,-75924.40196023513,-75924.38868115665,-59410.2734484587,-25965.932865161198,33444.3405832975,33444.340583297504,-26092.384349746146,37648.5,nan,nan,1.5000000000000002,10.0,0.0,0.0,10.0,0.85,CORE,MAIN,1.2135691545064493,0.26035744653909476,0.6,0.174,-59410.2734484587,STRUCTURAL,-0.8824079636888679,-200399.1608641864,28800.0,0,0,0,0,0,0,0,inf,inf,NA,1,5,5,5,25,6,0,0,CONTINUE,0,A,1,1,0,KEEP_STRUCTURAL_IN_ON_CUT,2,3,0,0,"tail_cont_enabled=1 tail_active_dims=(1,) tail_delta=0.1 tail_start=(6, 6, 6) returned_y=(1, 6, 0) returned_b=(0, 1, 0) returned_u=(0, 0.0833333, 0) returned_zcap=(1, 6.08333, 0) max_tail_u=0.0833333",NA
120,P1_no_rho,182,1199.986388200079,5.65135649999138,2.5104083000915125,0.16442689998075366,0.01,47219.376880774194,47219.376880774194,-69869.77798978808,-52306.40475920374,0.0,-25965.932865161198,-70811.77466673013,-70811.76152322668,-59410.2734484587,-25965.932865161198,33444.3405832975,33444.340583297504,-24696.541413858853,35254.0,nan,nan,1.5000000000000002,10.0,0.0,0.0,10.0,0.85,CORE,MAIN,1.213027594183631,0.26618059948153283,0.6,0.174,-59410.2734484587,STRUCTURAL,-0.8720565062946584,-200399.1608641864,28800.0,0,0,0,0,0,0,0,inf,inf,NA,1,5,5,5,25,6,0,0,CONTINUE,0,A,1,1,0,KEEP_STRUCTURAL_IN_ON_CUT,2,3,0,0,"tail_cont_enabled=1 tail_active_dims=(1,) tail_delta=0.1 tail_start=(6, 6, 6) returned_y=(0, 6, 1) returned_b=(0, 1, 0) returned_u=(0, 0, 0) returned_zcap=(0, 6, 1) max_tail_u=0",NA
120,P1_no_rho,183,1203.7733870000811,5.65135649999138,3.7864785999991,0.17877180001232773,0.01,53616.782019062084,53616.782019062084,-69869.77798978808,-51346.79398846056,0.0,-25965.932865161198,-75531.17947353613,-75531.1670301714,-59410.2734484587,-25965.932865161198,33444.3405832975,33444.340583297504,-24049.346352582084,38465.0,nan,nan,1.5000000000000002,10.0,0.0,0.0,10.0,0.85,CORE,MAIN,1.2122974806833104,0.26603993071456855,0.6,0.174,-59410.2734484587,STRUCTURAL,-0.8922712539986881,-200399.1608641864,28800.0,0,0,0,0,0,0,0,inf,inf,NA,2,6,6,6,25,6,0,0,CONTINUE,0,A,1,1,0,KEEP_STRUCTURAL_IN_ON_CUT,2,3,0,0,"tail_cont_enabled=1 tail_active_dims=(1,) tail_delta=0.1 tail_start=(6, 6, 6) returned_y=(6, 0, 2) returned_b=(1, 0, 0) returned_u=(0, 0, 0) returned_zcap=(6, 0, 2) max_tail_u=0",NA
120,P1_no_rho,184,1206.8022397999885,5.65135649999138,3.0282494999701157,0.14985500008333474,0.01,54087.96735258792,54087.96735258792,-69869.77798978808,-51276.11618843168,0.0,-25965.932865161198,-75356.337496283,-75356.32410783245,-59410.2734484587,-25965.932865161198,33444.3405832975,33444.340583297504,-26116.177040239992,36802.5,nan,nan,1.5000000000000002,10.0,0.0,0.0,10.0,0.85,CORE,MAIN,1.2115883243376617,0.2606152257530432,0.6,0.174,-59410.2734484587,STRUCTURAL,-0.8919710539155846,-200399.1608641864,28800.0,0,0,0,0,0,0,0,inf,inf,NA,1,5,5,5,25,6,0,0,CONTINUE,0,A,1,1,0,KEEP_STRUCTURAL_IN_ON_CUT,2,3,0,0,"tail_cont_enabled=1 tail_active_dims=(1,) tail_delta=0.1 tail_start=(6, 6, 6) returned_y=(6, 0, 2) returned_b=(1, 0, 0) returned_u=(0, 0, 0) returned_zcap=(6, 0, 2) max_tail_u=0",NA
120,P1_no_rho,185,1217.551494000014,5.65135649999138,10.748815699946135,0.1839244000148028,0.01,43597.626747455084,43597.626747455084,-69869.77798978808,-52849.66727920161,0.0,-25965.932865161198,-70551.01089018774,-70550.99778884399,-59410.2734484587,-25965.932865161198,33444.3405832975,33444.340583297504,-25560.589521585258,34653.0,nan,nan,1.5000000000000002,10.0,0.0,0.0,10.0,0.85,CORE,MAIN,1.2119490498399572,0.281293641394181,0.6,0.174,-59410.2734484587,STRUCTURAL,-0.8655413820305835,-200399.1608641864,28800.0,0,0,0,0,0,0,0,inf,inf,NA,2,6,6,6,25,6,0,0,CONTINUE,0,A,1,1,0,KEEP_STRUCTURAL_IN_ON_CUT,2,3,0,0,"tail_cont_enabled=1 tail_active_dims=(1,) tail_delta=0.1 tail_start=(6, 6, 6) returned_y=(5, 0, 3) returned_b=(0, 0, 0) returned_u=(0, 0, 0) returned_zcap=(5, 0, 3) max_tail_u=0",NA
120,P1_no_rho,186,1222.721792299999,5.65135649999138,5.1696688999654725,0.15692909993231297,0.01,50267.408226267326,50267.408226267326,-69869.77798978808,-51849.20005737977,0.0,-25965.932865161198,-76552.41172792294,-76552.39761396548,-59410.2734484587,-25965.932865161198,33444.3405832975,33444.340583297504,-28835.434163307615,36333.0,nan,nan,1.5000000000000002,10.0,0.0,0.0,10.0,0.85,CORE,MAIN,1.2115100181501381,0.2739680441440435,0.6,0.174,-59410.2734484587,STRUCTURAL,-0.8755486463299271,-200399.1608641864,28800.0,0,0,0,0,0,0,0,inf,inf,NA,1,5,5,5,25,6,0,0,CONTINUE,0,A,1,1,0,KEEP_STRUCTURAL_IN_ON_CUT,2,3,0,0,"tail_cont_enabled=1 tail_active_dims=(1,) tail_delta=0.1 tail_start=(6, 6, 6) returned_y=(5, 0, 3) returned_b=(0, 0, 0) returned_u=(0, 0, 0) returned_zcap=(5, 0, 3) max_tail_u=0",NA
120,P1_no_rho,187,1228.294375800062,5.65135649999138,5.57222410000395,0.15865839994512498,0.01,35431.95121516283,35431.95121516283,-69869.77798978808,-54074.518609045444,0.0,-25965.932865161198,-74363.9427699257,-74363.92913823825,-59410.2734484587,-25965.932865161198,33444.3405832975,33444.340583297504,-28163.56087302641,35769.5,nan,nan,1.5000000000000002,10.0,0.0,0.0,10.0,0.85,CORE,MAIN,1.2113356554531254,0.26078501645947827,0.6,0.174,-59410.2734484587,STRUCTURAL,-0.8610756513270028,-200399.1608641864,28800.0,0,0,0,0,0,0,0,inf,inf,NA,1,5,5,5,25,6,0,0,CONTINUE,0,A,1,1,0,KEEP_STRUCTURAL_IN_ON_CUT,2,3,0,0,"tail_cont_enabled=1 tail_active_dims=(1,) tail_delta=0.1 tail_start=(6, 6, 6) returned_y=(5, 0, 3) returned_b=(0, 0, 0) returned_u=(0, 0, 0) returned_zcap=(5, 0, 3) max_tail_u=0",NA
120,P1_no_rho,188,1233.0379694000585,5.65135649999138,4.7430187000427395,0.2003569999942556,0.01,38647.59922686896,38647.59922686896,-69869.77798978808,-53592.17140728953,0.0,-25965.932865161198,-74341.55592209817,-74341.54206247111,-59410.2734484587,-25965.932865161198,33444.3405832975,33444.340583297504,-27102.49147027796,37048.0,nan,nan,1.5000000000000002,10.0,0.0,0.0,10.0,0.85,CORE,MAIN,1.211019045008355,0.259605760554948,0.6,0.174,-59410.2734484587,STRUCTURAL,-0.8500512954760158,-200399.1608641864,28800.0,0,0,0,0,0,0,0,inf,inf,NA,2,6,6,6,25,6,0,0,CONTINUE,0,A,1,1,0,KEEP_STRUCTURAL_IN_ON_CUT,2,3,0,0,"tail_cont_enabled=1 tail_active_dims=(1,) tail_delta=0.1 tail_start=(6, 6, 6) returned_y=(0, 1, 6) returned_b=(0, 0, 1) returned_u=(0, 0, 0) returned_zcap=(0, 1, 6) max_tail_u=0",NA
120,P1_no_rho,189,1238.4102096999995,5.65135649999138,5.371833499986678,0.15716559998691082,0.01,46332.797816531005,46332.797816531005,-69869.77798978808,-52439.39161884022,0.0,-25965.932865161198,-70732.44855728906,-70732.43527045441,-59410.2734484587,-25965.932865161198,33444.3405832975,33444.340583297504,-24829.240814377416,35844.5,nan,nan,1.5000000000000002,10.0,0.0,0.0,10.0,0.85,CORE,MAIN,1.2116924994270595,0.26463260588938053,0.6,0.174,-59410.2734484587,STRUCTURAL,-0.8537468687632598,-200399.1608641864,28800.0,0,0,0,0,0,0,0,inf,inf,NA,1,5,5,5,25,6,0,0,CONTINUE,0,A,1,1,0,KEEP_STRUCTURAL_IN_ON_CUT,2,3,0,0,"tail_cont_enabled=1 tail_active_dims=(1,) tail_delta=0.1 tail_start=(6, 6, 6) returned_y=(0, 1, 6) returned_b=(0, 0, 1) returned_u=(0, 0, 0) returned_zcap=(0, 1, 6) max_tail_u=0",NA
120,P1_no_rho,190,1250.3845686999848,5.65135649999138,11.973873499897309,0.1517869000090286,0.01,47919.71628179739,47919.71628179739,-69869.77798978808,-52201.35384905026,0.0,-25965.932865161198,-77493.1059897902,-77493.09164705555,-59410.2734484587,-25965.932865161198,33444.3405832975,33444.340583297504,-29306.50143728374,38238.0,nan,nan,1.5000000000000002,10.0,0.0,0.0,10.0,0.85,CORE,MAIN,1.2112472792122881,0.25244856609012256,0.6,0.174,-59410.2734484587,STRUCTURAL,-0.8401169902500444,-200399.1608641864,28800.0,0,0,0,0,0,0,0,inf,inf,NA,1,5,5,5,25,6,0,0,CONTINUE,0,A,1,1,0,KEEP_STRUCTURAL_IN_ON_CUT,2,3,0,0,"tail_cont_enabled=1 tail_active_dims=(1,) tail_delta=0.1 tail_start=(6, 6, 6) returned_y=(0, 1, 6) returned_b=(0, 0, 1) returned_u=(0, 0, 0) returned_zcap=(0, 1, 6) max_tail_u=0",NA
120,P1_no_rho,191,1254.160679200082,5.65135649999138,3.7755749000934884,0.1568583999760449,0.01,44409.96500220125,44409.96500220125,-69869.77798978808,-52727.81654098968,0.0,-25965.932865161198,-75501.41115314566,-75501.39725167183,-59410.2734484587,-25965.932865161198,33444.3405832975,33444.340583297504,-27632.419347914973,36723.0,nan,nan,1.5000000000000002,10.0,0.0,0.0,10.0,0.85,CORE,MAIN,1.2107076085900972,0.2603338530340038,0.6,0.174,-59410.2734484587,STRUCTURAL,-0.8690099375279231,-200399.1608641864,28800.0,0,0,0,0,0,0,0,inf,inf,NA,1,5,5,5,25,6,0,0,CONTINUE,0,A,1,1,0,KEEP_STRUCTURAL_IN_ON_CUT,2,3,0,0,"tail_cont_enabled=1 tail_active_dims=(1,) tail_delta=0.1 tail_start=(6, 6, 6) returned_y=(0, 6, 1) returned_b=(0, 1, 0) returned_u=(0, 0, 0) returned_zcap=(0, 6, 1) max_tail_u=0",NA
120,P1_no_rho,192,1259.0382848000154,5.65135649999138,4.877147999941371,0.1569819999858737,0.01,55689.91964873314,55689.91964873314,-69869.77798978808,-51035.8233440099,0.0,-25965.932865161198,-73326.0250456335,-73326.01140545329,-59410.2734484587,-25965.932865161198,33444.3405832975,33444.340583297504,-26359.885024279585,36535.0,nan,nan,1.5000000000000002,10.0,0.0,0.0,10.0,0.85,CORE,MAIN,1.2108328848424212,0.25599006319594264,0.6,0.174,-59410.2734484587,STRUCTURAL,-0.8570070048113442,-200399.1608641864,28800.0,0,0,0,0,0,0,0,inf,inf,NA,1,5,5,5,25,6,0,0,CONTINUE,0,A,1,1,0,KEEP_STRUCTURAL_IN_ON_CUT,2,3,0,0,"tail_cont_enabled=1 tail_active_dims=(1,) tail_delta=0.1 tail_start=(6, 6, 6) returned_y=(0, 1, 6) returned_b=(0, 0, 1) returned_u=(0, 0, 0) returned_zcap=(0, 1, 6) max_tail_u=0",NA
120,P1_no_rho,193,1264.6618823000463,5.65135649999138,5.623049700050615,0.15478630003053695,0.01,40711.36202729826,40711.36202729826,-69869.77798978808,-53282.60698722513,0.0,-25965.932865161198,-77180.07422022652,-77180.0600083611,-59410.2734484587,-25965.932865161198,33444.3405832975,33444.340583297504,-28920.55851542155,37665.5,nan,nan,1.5000000000000002,10.0,0.0,0.0,10.0,0.85,CORE,MAIN,1.2102859059234643,0.23456654217157813,0.6,0.174,-59410.2734484587,STRUCTURAL,-0.8541769257090186,-200399.1608641864,28800.0,0,0,0,0,0,0,0,inf,inf,NA,1,5,5,5,25,6,0,0,CONTINUE,0,A,1,1,0,KEEP_STRUCTURAL_IN_ON_CUT,2,3,0,0,"tail_cont_enabled=1 tail_active_dims=(1,) tail_delta=0.1 tail_start=(6, 6, 6) returned_y=(0, 1, 6) returned_b=(0, 0, 1) returned_u=(0, 0, 0) returned_zcap=(0, 1, 6) max_tail_u=0",NA
120,P1_no_rho,194,1270.2848071000772,5.65135649999138,5.6224229000508785,0.1745153000811115,0.01,47635.367967251004,47635.367967251004,-69869.77798978808,-52244.00609623222,0.0,-25965.932865161198,-73114.20850859105,-73114.1956021503,-59410.2734484587,-25965.932865161198,33444.3405832975,33444.340583297504,-25112.0570000303,36648.5,nan,nan,1.5000000000000002,10.0,0.0,0.0,10.0,0.85,CORE,MAIN,1.2104005262938051,0.25687306896207474,0.6,0.174,-59410.2734484587,STRUCTURAL,-0.8731987867101424,-200399.1608641864,28800.0,0,0,0,0,0,0,0,inf,inf,NA,1,5,5,5,25,6,0,0,CONTINUE,0,A,1,1,0,KEEP_STRUCTURAL_IN_ON_CUT,2,3,0,0,"tail_cont_enabled=1 tail_active_dims=(1,) tail_delta=0.1 tail_start=(6, 6, 6) returned_y=(6, 0, 2) returned_b=(1, 0, 0) returned_u=(0, 0, 0) returned_zcap=(6, 0, 2) max_tail_u=0",NA
120,P1_no_rho,195,1280.75378550007,5.65135649999138,10.46850020007696,0.15438510000240058,0.01,46409.808553239054,46409.808553239054,-69869.77798978808,-52427.84000833401,0.0,-25965.932865161198,-72025.45690045954,-72025.44365529498,-59410.2734484587,-25965.932865161198,33444.3405832975,33444.340583297504,-25326.622683501846,35768.5,nan,nan,1.5000000000000002,10.0,0.0,0.0,10.0,0.85,CORE,MAIN,1.2117195396772553,0.24388160955470528,0.6,0.174,-59410.2734484587,STRUCTURAL,-0.8703900726764824,-200399.1608641864,28800.0,0,0,0,0,0,0,0,inf,inf,NA,1,5,5,5,25,6,0,0,CONTINUE,0,A,1,1,0,KEEP_STRUCTURAL_IN_ON_CUT,2,3,0,0,"tail_cont_enabled=1 tail_active_dims=(1,) tail_delta=0.1 tail_start=(6, 6, 6) returned_y=(6, 0, 2) returned_b=(1, 0, 0) returned_u=(0, 0, 0) returned_zcap=(6, 0, 2) max_tail_u=0",NA
120,P1_no_rho,196,1286.0146896000952,5.65135649999138,5.2603012000909075,0.16418990003876388,0.01,65619.59079188485,65619.59079188485,-69869.77798978808,-49546.37267253714,0.0,-25965.932865161198,-72373.73078702771,-72373.71734023029,-59410.2734484587,-25965.932865161198,33444.3405832975,33444.340583297504,-25394.113686545854,35812.0,nan,nan,1.5000000000000002,10.0,0.0,0.0,10.0,0.85,CORE,MAIN,1.2130340050182182,0.261247986502796,0.6,0.174,-59410.2734484587,STRUCTURAL,-0.8745598059064823,-200399.1608641864,28800.0,0,0,0,0,0,0,0,inf,inf,NA,1,5,5,5,25,6,0,0,CONTINUE,0,A,1,1,0,KEEP_STRUCTURAL_IN_ON_CUT,2,3,0,0,"tail_cont_enabled=1 tail_active_dims=(1,) tail_delta=0.1 tail_start=(6, 6, 6) returned_y=(5, 0, 3) returned_b=(0, 0, 0) returned_u=(0, 0, 0) returned_zcap=(5, 0, 3) max_tail_u=0",NA
120,P1_no_rho,197,1291.3720498000039,5.65135649999138,5.356805799994618,0.15667499997653067,0.01,40169.398454058704,40169.398454058704,-69869.77798978808,-53363.90152321106,0.0,-25965.932865161198,-76779.1841166776,-76779.17008922341,-59410.2734484587,-25965.932865161198,33444.3405832975,33444.340583297504,-28025.695244247407,36632.5,nan,nan,1.5000000000000002,10.0,0.0,0.0,10.0,0.85,CORE,MAIN,1.2132253517720197,0.25507705194169994,0.6,0.174,-59410.2734484587,STRUCTURAL,-0.8872535743756861,-200399.1608641864,28800.0,0,0,0,0,0,0,0,inf,inf,NA,1,5,5,5,25,6,0,0,CONTINUE,0,A,1,1,0,KEEP_STRUCTURAL_IN_ON_CUT,2,3,0,0,"tail_cont_enabled=1 tail_active_dims=(1,) tail_delta=0.1 tail_start=(6, 6, 6) returned_y=(5, 0, 3) returned_b=(0, 0, 0) returned_u=(0, 0, 0) returned_zcap=(5, 0, 3) max_tail_u=0",NA
120,P1_no_rho,198,1297.127664300031,5.65135649999138,5.755087399971671,0.16740949999075383,0.01,35380.89252641593,35380.89252641593,-69869.77798978808,-54082.17741235748,0.0,-25965.932865161198,-75331.33214976471,-75331.31826509272,-59410.2734484587,-25965.932865161198,33444.3405832975,33444.340583297504,-27449.224993285963,35798.5,nan,nan,1.5000000000000002,10.0,0.0,0.0,10.0,0.85,CORE,MAIN,1.2131360730047558,0.2528423017531043,0.6,0.174,-59410.2734484587,STRUCTURAL,-0.8916964541681309,-200399.1608641864,28800.0,0,0,0,0,0,0,0,inf,inf,NA,1,5,5,5,25,6,0,0,CONTINUE,0,A,1,1,0,KEEP_STRUCTURAL_IN_ON_CUT,2,3,0,0,"tail_cont_enabled=1 tail_active_dims=(1,) tail_delta=0.1 tail_start=(6, 6, 6) returned_y=(5, 0, 3) returned_b=(0, 0, 0) returned_u=(0, 0, 0) returned_zcap=(5, 0, 3) max_tail_u=0",NA
120,P1_no_rho,199,1301.7354406000813,5.65135649999138,4.607284500030801,0.16383799992036074,0.01,43091.301784831565,43091.301784831565,-69869.77798978808,-52925.61602359514,0.0,-25965.932865161198,-72776.56378723208,-72776.5508865045,-59410.2734484587,-25965.932865161198,33444.3405832975,33444.340583297504,-24512.406712959382,36656.083333333336,nan,nan,1.5000000000000002,10.0,0.0,0.0,10.0,0.85,CORE,MAIN,1.2136538977919853,0.26283851510910916,0.6,0.174,-59410.2734484587,STRUCTURAL,-0.8777832542310186,-200399.1608641864,28800.0,0,0,0,0,0,0,0,inf,inf,NA,1,5,5,5,25,6,0,0,CONTINUE,0,A,1,1,0,KEEP_STRUCTURAL_IN_ON_CUT,2,3,0,0,"tail_cont_enabled=1 tail_active_dims=(1,) tail_delta=0.1 tail_start=(6, 6, 6) returned_y=(1, 6, 0) returned_b=(0, 1, 0) returned_u=(0, 0.0833333, 0) returned_zcap=(1, 6.08333, 0) max_tail_u=0.0833333",NA
120,P1_no_rho,200,1313.5447160000913,5.65135649999138,11.808735100086778,0.18363460002001375,0.01,38264.45095028832,38264.45095028832,-69869.77798978808,-53649.64364877662,0.0,-25965.932865161198,-77324.23100107787,-77324.21703924217,-59410.2734484587,-25965.932865161198,33444.3405832975,33444.340583297504,-28286.854155161487,37887.0,nan,nan,1.5000000000000002,10.0,0.0,0.0,10.0,0.85,CORE,MAIN,1.2132084708712267,0.2537662755636435,0.6,0.174,-59410.2734484587,STRUCTURAL,-0.8628705164318574,-200399.1608641864,28800.0,0,0,0,0,0,0,0,inf,inf,NA,1,5,5,5,25,6,0,0,CONTINUE,0,A,1,1,0,KEEP_STRUCTURAL_IN_ON_CUT,2,3,0,0,"tail_cont_enabled=1 tail_active_dims=(1,) tail_delta=0.1 tail_start=(6, 6, 6) returned_y=(0, 6, 1) returned_b=(0, 1, 0) returned_u=(0, 0, 0) returned_zcap=(0, 6, 1) max_tail_u=0",NA
120,P1_no_rho,201,1317.6103446000488,5.65135649999138,4.06530879996717,0.1535088000819087,0.01,47802.04261654729,47802.04261654729,-69869.77798978808,-52219.004898837775,0.0,-25965.932865161198,-75422.9588174484,-75422.94486790626,-59410.2734484587,-25965.932865161198,33444.3405832975,33444.340583297504,-27704.543512922042,37083.5,nan,nan,1.5000000000000002,10.0,0.0,0.0,10.0,0.85,CORE,MAIN,1.212977129407859,0.2645118238034979,0.6,0.174,-59410.2734484587,STRUCTURAL,-0.8578550452354682,-200399.1608641864,28800.0,0,0,0,0,0,0,0,inf,inf,NA,1,5,5,5,25,6,0,0,CONTINUE,0,A,1,1,0,KEEP_STRUCTURAL_IN_ON_CUT,2,3,0,0,"tail_cont_enabled=1 tail_active_dims=(1,) tail_delta=0.1 tail_start=(6, 6, 6) returned_y=(0, 1, 6) returned_b=(0, 0, 1) returned_u=(0, 0, 0) returned_zcap=(0, 1, 6) max_tail_u=0",NA
120,P1_no_rho,202,1323.0096907999832,5.65135649999138,5.398865299997851,0.1573538000229746,0.01,57384.286417307376,57384.286417307376,-69869.77798978808,-50781.66832872376,0.0,-25965.932865161198,-72307.55392522665,-72307.54057429012,-59410.2734484587,-25965.932865161198,33444.3405832975,33444.340583297504,-25424.591026319722,35591.5,nan,nan,1.5000000000000002,10.0,0.0,0.0,10.0,0.85,CORE,MAIN,1.2132875333231752,0.2666488492819912,0.6,0.174,-59410.2734484587,STRUCTURAL,-0.8781675315355333,-200399.1608641864,28800.0,0,0,0,0,0,0,0,inf,inf,NA,1,5,5,5,25,6,0,0,CONTINUE,0,A,1,1,0,KEEP_STRUCTURAL_IN_ON_CUT,2,3,0,0,"tail_cont_enabled=1 tail_active_dims=(1,) tail_delta=0.1 tail_start=(6, 6, 6) returned_y=(5, 0, 3) returned_b=(0, 0, 0) returned_u=(0, 0, 0) returned_zcap=(5, 0, 3) max_tail_u=0",NA
120,P1_no_rho,203,1328.5360540000256,5.65135649999138,5.525818699970841,0.163288600044325,0.01,52072.72864941007,52072.72864941007,-69869.77798978808,-51578.40199390836,0.0,-25965.932865161198,-71875.13356097673,-71875.12029357243,-59410.2734484587,-25965.932865161198,33444.3405832975,33444.340583297504,-24979.77658888135,35897.0,nan,nan,1.5000000000000002,10.0,0.0,0.0,10.0,0.85,CORE,MAIN,1.2138090072150058,0.2655379095742739,0.6,0.174,-59410.2734484587,STRUCTURAL,-0.870924101451209,-200399.1608641864,28800.0,0,0,0,0,0,0,0,inf,inf,NA,1,5,5,5,25,6,0,0,CONTINUE,0,A,1,1,0,KEEP_STRUCTURAL_IN_ON_CUT,2,3,0,0,"tail_cont_enabled=1 tail_active_dims=(1,) tail_delta=0.1 tail_start=(6, 6, 6) returned_y=(6, 0, 2) returned_b=(1, 0, 0) returned_u=(0, 0, 0) returned_zcap=(6, 0, 2) max_tail_u=0",NA
120,P1_no_rho,204,1334.0536662000231,5.65135649999138,5.517196299973875,0.15752909996081144,0.01,35592.947040251136,35592.947040251136,-69869.77798978808,-54050.369235282196,0.0,-25965.932865161198,-74095.28535241593,-74095.27183207247,-59410.2734484587,-25965.932865161198,33444.3405832975,33444.340583297504,-26201.902909615856,36054.5,nan,nan,1.5000000000000002,10.0,0.0,0.0,10.0,0.85,CORE,MAIN,1.214057303796589,0.27702135302317965,0.6,0.174,-59410.2734484587,STRUCTURAL,-0.8855735793027524,-200399.1608641864,28800.0,0,0,0,0,0,0,0,inf,inf,NA,1,5,5,5,25,6,0,0,CONTINUE,0,A,1,1,0,KEEP_STRUCTURAL_IN_ON_CUT,2,3,0,0,"tail_cont_enabled=1 tail_active_dims=(1,) tail_delta=0.1 tail_start=(6, 6, 6) returned_y=(6, 0, 2) returned_b=(1, 0, 0) returned_u=(0, 0, 0) returned_zcap=(6, 0, 2) max_tail_u=0",NA
120,P1_no_rho,205,1344.1592133000959,5.65135649999138,10.104991699918173,0.1502049999544397,0.01,37677.31087868608,37677.31087868608,-69869.77798978808,-53737.71465951696,0.0,-25965.932865161198,-76188.19957334726,-76188.1856493513,-59410.2734484587,-25965.932865161198,33444.3405832975,33444.340583297504,-27798.166788396178,36276.0,nan,nan,1.5000000000000002,10.0,0.0,0.0,10.0,0.85,CORE,MAIN,1.2136247925502344,0.25861055452943693,0.6,0.174,-59410.2734484587,STRUCTURAL,-0.8892935432233456,-200399.1608641864,28800.0,0,0,0,0,0,0,0,inf,inf,NA,1,5,5,5,25,6,0,0,CONTINUE,0,A,1,1,0,KEEP_STRUCTURAL_IN_ON_CUT,2,3,0,0,"tail_cont_enabled=1 tail_active_dims=(1,) tail_delta=0.1 tail_start=(6, 6, 6) returned_y=(6, 0, 2) returned_b=(1, 0, 0) returned_u=(0, 0, 0) returned_zcap=(6, 0, 2) max_tail_u=0",NA
120,P1_no_rho,206,1349.7196440000553,5.65135649999138,5.559939800063148,0.18469369993545115,0.01,57676.334980405074,57676.334980405074,-69869.77798978808,-50737.86104425911,0.0,-25965.932865161198,-73239.95457842691,-73239.94094161403,-59410.2734484587,-25965.932865161198,33444.3405832975,33444.340583297504,-26341.23262898448,36643.5,nan,nan,1.5000000000000002,10.0,0.0,0.0,10.0,0.85,CORE,MAIN,1.2138101831307921,0.26273850627788575,0.6,0.174,-59410.2734484587,STRUCTURAL,-0.8532428818686267,-200399.1608641864,28800.0,0,0,0,0,0,0,0,inf,inf,NA,1,5,5,5,25,6,0,0,CONTINUE,0,A,1,1,0,KEEP_STRUCTURAL_IN_ON_CUT,2,3,0,0,"tail_cont_enabled=1 tail_active_dims=(1,) tail_delta=0.1 tail_start=(6, 6, 6) returned_y=(0, 6, 1) returned_b=(0, 1, 0) returned_u=(0, 0, 0) returned_zcap=(0, 6, 1) max_tail_u=0",NA
120,P1_no_rho,207,1354.7226459000958,5.65135649999138,5.002363999956287,0.15501780004706234,0.01,37563.97708738323,37563.97708738323,-69869.77798978808,-53754.714728212384,0.0,-25965.932865161198,-78583.140804747,-78583.12621893175,-59410.2734484587,-25965.932865161198,33444.3405832975,33444.340583297504,-29026.262673707926,38292.5,nan,nan,1.5000000000000002,10.0,0.0,0.0,10.0,0.85,CORE,MAIN,1.2130323374022325,0.25481334730107974,0.6,0.174,-59410.2734484587,STRUCTURAL,-0.8627775420813267,-200399.1608641864,28800.0,0,0,0,0,0,0,0,inf,inf,NA,1,5,5,5,25,6,0,0,CONTINUE,0,A,1,1,0,KEEP_STRUCTURAL_IN_ON_CUT,2,3,0,0,"tail_cont_enabled=1 tail_active_dims=(1,) tail_delta=0.1 tail_start=(6, 6, 6) returned_y=(0, 1, 6) returned_b=(0, 0, 1) returned_u=(0, 0, 0) returned_zcap=(0, 1, 6) max_tail_u=0",NA
120,P1_no_rho,208,1358.5248196000466,5.65135649999138,3.8016121999826282,0.1611406001029536,0.01,35735.94097162475,35735.94097162475,-69869.77798978808,-54028.92014557616,0.0,-25965.932865161198,-73361.18379514075,-73361.17024416431,-59410.2734484587,-25965.932865161198,33444.3405832975,33444.340583297504,-27356.305187315997,36338.5,nan,nan,1.5000000000000002,10.0,0.0,0.0,10.0,0.85,CORE,MAIN,1.212880349666452,0.2648653501726118,0.6,0.174,-59410.2734484587,STRUCTURAL,-0.8440059451518055,-200399.1608641864,28800.0,0,0,0,0,0,0,0,inf,inf,NA,1,5,5,5,25,6,0,0,CONTINUE,0,A,1,1,0,KEEP_STRUCTURAL_IN_ON_CUT,2,3,0,0,"tail_cont_enabled=1 tail_active_dims=(1,) tail_delta=0.1 tail_start=(6, 6, 6) returned_y=(0, 1, 6) returned_b=(0, 0, 1) returned_u=(0, 0, 0) returned_zcap=(0, 1, 6) max_tail_u=0",NA
120,P1_no_rho,209,1364.5307864000788,5.65135649999138,6.005483100074343,0.16238150000572205,0.01,50299.72690852151,50299.72690852151,-69869.77798978808,-51844.352255041646,0.0,-25965.932865161198,-72416.33930387559,-72416.32582042727,-59410.2734484587,-25965.932865161198,33444.3405832975,33444.340583297504,-25914.364184012047,36863.0,nan,nan,1.5000000000000002,10.0,0.0,0.0,10.0,0.85,CORE,MAIN,1.213503281257497,0.2656888765135268,0.6,0.174,-59410.2734484587,STRUCTURAL,-0.8409871078753802,-200399.1608641864,28800.0,0,0,0,0,0,0,0,inf,inf,NA,1,5,5,5,25,6,0,0,CONTINUE,0,A,1,1,0,KEEP_STRUCTURAL_IN_ON_CUT,2,3,0,0,"tail_cont_enabled=1 tail_active_dims=(1,) tail_delta=0.1 tail_start=(6, 6, 6) returned_y=(0, 1, 6) returned_b=(0, 0, 1) returned_u=(0, 0, 0) returned_zcap=(0, 1, 6) max_tail_u=0",NA
120,P1_no_rho,210,1376.8094400999835,5.65135649999138,12.278175899991766,0.158350299927406,0.01,56171.75273388635,56171.75273388635,-69869.77798978808,-50963.54838123692,0.0,-25965.932865161198,-72883.92992490837,-72883.91625558135,-59410.2734484587,-25965.932865161198,33444.3405832975,33444.340583297504,-25781.26488044428,36479.0,nan,nan,1.5000000000000002,10.0,0.0,0.0,10.0,0.85,CORE,MAIN,1.2141231290164392,0.2794970947051245,0.6,0.174,-59410.2734484587,STRUCTURAL,-0.8608176645035421,-200399.1608641864,28800.0,0,0,0,0,0,0,0,inf,inf,NA,1,5,5,5,25,6,0,0,CONTINUE,0,A,1,1,0,KEEP_STRUCTURAL_IN_ON_CUT,2,3,0,0,"tail_cont_enabled=1 tail_active_dims=(1,) tail_delta=0.1 tail_start=(6, 6, 6) returned_y=(0, 1, 6) returned_b=(0, 0, 1) returned_u=(0, 0, 0) returned_zcap=(0, 1, 6) max_tail_u=0",NA
120,P1_no_rho,211,1381.9206917000702,5.65135649999138,5.110561900073662,0.15091650001704693,0.01,48362.65317726275,48362.65317726275,-69869.77798978808,-52134.91331473046,0.0,-25965.932865161198,-75010.2032729896,-75010.189367823,-59410.2734484587,-25965.932865161198,33444.3405832975,33444.340583297504,-27307.793604539595,36946.5,nan,nan,1.5000000000000002,10.0,0.0,0.0,10.0,0.85,CORE,MAIN,1.21434818940136,0.26013148990115886,0.6,0.174,-59410.2734484587,STRUCTURAL,-0.8607472203191711,-200399.1608641864,28800.0,0,0,0,0,0,0,0,inf,inf,NA,1,5,5,5,25,6,0,0,CONTINUE,0,A,1,1,0,KEEP_STRUCTURAL_IN_ON_CUT,2,3,0,0,"tail_cont_enabled=1 tail_active_dims=(1,) tail_delta=0.1 tail_start=(6, 6, 6) returned_y=(0, 1, 6) returned_b=(0, 0, 1) returned_u=(0, 0, 0) returned_zcap=(0, 1, 6) max_tail_u=0",NA
120,P1_no_rho,212,1385.491049900069,5.65135649999138,3.569990299991332,0.15583719999995083,0.01,37956.75672000226,37956.75672000226,-69869.77798978808,-53695.79778331953,0.0,-25965.932865161198,-76804.49812989002,-76804.48387063117,-59410.2734484587,-25965.932865161198,33444.3405832975,33444.340583297504,-28188.86778739941,38160.5,nan,nan,1.5000000000000002,10.0,0.0,0.0,10.0,0.85,CORE,MAIN,1.213889476234252,0.2571066306012466,0.6,0.174,-59410.2734484587,STRUCTURAL,-0.8493182930557647,-200399.1608641864,28800.0,0,0,0,0,0,0,0,inf,inf,NA,1,5,5,5,25,6,0,0,CONTINUE,0,A,1,1,0,KEEP_STRUCTURAL_IN_ON_CUT,2,3,0,0,"tail_cont_enabled=1 tail_active_dims=(1,) tail_delta=0.1 tail_start=(6, 6, 6) returned_y=(0, 1, 6) returned_b=(0, 0, 1) returned_u=(0, 0, 0) returned_zcap=(0, 1, 6) max_tail_u=0",NA
120,P1_no_rho,213,1391.1046644999878,5.65135649999138,5.613157799933106,0.15413729997817427,0.01,60691.969286266525,60691.969286266525,-69869.77798978808,-50285.51589837989,0.0,-25965.932865161198,-75451.11002901306,-75451.09720232774,-59410.2734484587,-25965.932865161198,33444.3405832975,33444.340583297504,-24774.830341730172,38037.0,nan,nan,1.5000000000000002,10.0,0.0,0.0,10.0,0.85,CORE,MAIN,1.2137353138206346,0.26049019039260346,0.6,0.174,-59410.2734484587,STRUCTURAL,-0.8881924943361741,-200399.1608641864,28800.0,0,0,0,0,0,0,0,inf,inf,NA,1,5,5,5,25,6,0,0,CONTINUE,0,A,1,1,0,KEEP_STRUCTURAL_IN_ON_CUT,2,3,0,0,"tail_cont_enabled=1 tail_active_dims=(1,) tail_delta=0.1 tail_start=(6, 6, 6) returned_y=(6, 0, 2) returned_b=(1, 0, 0) returned_u=(0, 0, 0) returned_zcap=(6, 0, 2) max_tail_u=0",NA
120,P1_no_rho,214,1396.3588910000399,5.65135649999138,5.2533900999696925,0.15768990002106875,0.01,49781.94308472827,49781.94308472827,-69869.77798978808,-51922.01982861063,0.0,-25965.932865161198,-77051.49088172177,-77051.47721376314,-59410.2734484587,-25965.932865161198,33444.3405832975,33444.340583297504,-26806.86372546055,37331.5,nan,nan,1.5000000000000002,10.0,0.0,0.0,10.0,0.85,CORE,MAIN,1.2131397924348792,0.25894890340681953,0.6,0.174,-59410.2734484587,STRUCTURAL,-0.8972693031943993,-200399.1608641864,28800.0,0,0,0,0,0,0,0,inf,inf,NA,1,5,5,5,25,6,0,0,CONTINUE,0,A,1,1,0,KEEP_STRUCTURAL_IN_ON_CUT,2,3,0,0,"tail_cont_enabled=1 tail_active_dims=(1,) tail_delta=0.1 tail_start=(6, 6, 6) returned_y=(6, 0, 2) returned_b=(1, 0, 0) returned_u=(0, 0, 0) returned_zcap=(6, 0, 2) max_tail_u=0",NA
120,P1_no_rho,215,1406.541345900041,5.65135649999138,10.182094900053926,0.15438650001306087,0.01,42879.364547091194,42879.364547091194,-69869.77798978808,-52957.40660925619,0.0,-25965.932865161198,-70905.71834390995,-70905.7052720649,-59410.2734484587,-25965.932865161198,33444.3405832975,33444.340583297504,-26501.036721841967,35800.5,nan,nan,1.5000000000000002,10.0,0.0,0.0,10.0,0.85,CORE,MAIN,1.2125919241336036,0.267757280599096,0.6,0.174,-59410.2734484587,STRUCTURAL,-0.8268910313212189,-200399.1608641864,28800.0,0,0,0,0,0,0,0,inf,inf,NA,1,5,5,5,25,6,0,0,CONTINUE,0,A,1,1,0,KEEP_STRUCTURAL_IN_ON_CUT,2,3,0,0,"tail_cont_enabled=1 tail_active_dims=(1,) tail_delta=0.1 tail_start=(6, 6, 6) returned_y=(0, 1, 6) returned_b=(0, 0, 1) returned_u=(0, 0, 0) returned_zcap=(0, 1, 6) max_tail_u=0",NA
120,P1_no_rho,216,1412.4508109000744,5.65135649999138,5.908988400013186,0.14869029994588345,0.01,61711.406224052174,61711.406224052174,-69869.77798978808,-50132.60035771204,0.0,-25965.932865161198,-73136.49238798002,-73136.47898533811,-59410.2734484587,-25965.932865161198,33444.3405832975,33444.340583297504,-25695.893098194105,36063.0,nan,nan,1.5000000000000002,10.0,0.0,0.0,10.0,0.85,CORE,MAIN,1.2123155968836241,0.26404247092913247,0.6,0.174,-59410.2734484587,STRUCTURAL,-0.8769946276820006,-200399.1608641864,28800.0,0,0,0,0,0,0,0,inf,inf,NA,1,5,5,5,25,6,0,0,CONTINUE,0,A,1,1,0,KEEP_STRUCTURAL_IN_ON_CUT,2,3,0,0,"tail_cont_enabled=1 tail_active_dims=(1,) tail_delta=0.1 tail_start=(6, 6, 6) returned_y=(6, 0, 2) returned_b=(1, 0, 0) returned_u=(0, 0, 0) returned_zcap=(6, 0, 2) max_tail_u=0",NA
120,P1_no_rho,217,1417.8393279000884,5.65135649999138,5.387875900021754,0.15665740007534623,0.01,45639.241022903465,45639.241022903465,-69869.77798978808,-52543.42513788435,0.0,-25965.932865161198,-72892.04739161885,-72892.03381193105,-59410.2734484587,-25965.932865161198,33444.3405832975,33444.340583297504,-26159.226972686745,36727.0,nan,nan,1.5000000000000002,10.0,0.0,0.0,10.0,0.85,CORE,MAIN,1.2123778417158837,0.25874596865707966,0.6,0.174,-59410.2734484587,STRUCTURAL,-0.8482915718543904,-200399.1608641864,28800.0,0,0,0,0,0,0,0,inf,inf,NA,1,5,5,5,25,6,0,0,CONTINUE,0,A,1,1,0,KEEP_STRUCTURAL_IN_ON_CUT,2,3,0,0,"tail_cont_enabled=1 tail_active_dims=(1,) tail_delta=0.1 tail_start=(6, 6, 6) returned_y=(0, 1, 6) returned_b=(0, 0, 1) returned_u=(0, 0, 0) returned_zcap=(0, 1, 6) max_tail_u=0",NA
120,P1_no_rho,218,1421.5120666000294,5.65135649999138,3.672091200016439,0.16289989999495447,0.01,34857.613390110586,34857.613390110586,-69869.77798978808,-54160.66928280328,0.0,-25965.932865161198,-72501.61628994977,-72501.60280540666,-59410.2734484587,-25965.932865161198,33444.3405832975,33444.340583297504,-26186.055751582426,36195.0,nan,nan,1.5000000000000002,10.0,0.0,0.0,10.0,0.85,CORE,MAIN,1.2127932169074953,0.27603889170770324,0.6,0.174,-59410.2734484587,STRUCTURAL,-0.8530744956269135,-200399.1608641864,28800.0,0,0,0,0,0,0,0,inf,inf,NA,1,5,5,5,25,6,0,0,CONTINUE,0,A,1,1,0,KEEP_STRUCTURAL_IN_ON_CUT,2,3,0,0,"tail_cont_enabled=1 tail_active_dims=(1,) tail_delta=0.1 tail_start=(6, 6, 6) returned_y=(0, 1, 6) returned_b=(0, 0, 1) returned_u=(0, 0, 0) returned_zcap=(0, 1, 6) max_tail_u=0",NA
120,P1_no_rho,219,1427.1059860000387,5.65135649999138,5.593429500004277,0.14683350000996143,0.01,27212.32883843012,27212.32883843012,-69869.77798978808,-55307.461965555354,0.0,-25965.932865161198,-71942.24841799449,-71942.23516023254,-59410.2734484587,-25965.932865161198,33444.3405832975,33444.340583297504,-25474.875615531626,35284.0,nan,nan,1.5000000000000002,10.0,0.0,0.0,10.0,0.85,CORE,MAIN,1.213417747048883,0.25553681171595166,0.6,0.174,-59410.2734484587,STRUCTURAL,-0.8779684756962723,-200399.1608641864,28800.0,0,0,0,0,0,0,0,inf,inf,NA,1,5,5,5,25,6,0,0,CONTINUE,0,A,1,1,0,KEEP_STRUCTURAL_IN_ON_CUT,2,3,0,0,"tail_cont_enabled=1 tail_active_dims=(1,) tail_delta=0.1 tail_start=(6, 6, 6) returned_y=(6, 0, 2) returned_b=(1, 0, 0) returned_u=(0, 0, 0) returned_zcap=(6, 0, 2) max_tail_u=0",NA
120,P1_no_rho,220,1439.3859864000697,5.65135649999138,12.279534899978898,0.16208859998732805,0.01,51927.407810271696,51927.407810271696,-69869.77798978808,-51600.20011977912,0.0,-25965.932865161198,-76754.46988619956,-76754.45587383628,-59410.2734484587,-25965.932865161198,33444.3405832975,33444.340583297504,-27735.481191302486,36880.5,nan,nan,1.5000000000000002,10.0,0.0,0.0,10.0,0.85,CORE,MAIN,1.2131526327731457,0.2530287395618702,0.6,0.174,-59410.2734484587,STRUCTURAL,-0.8860865892550945,-200399.1608641864,28800.0,0,0,0,0,0,0,0,inf,inf,NA,1,5,5,5,25,6,0,0,CONTINUE,0,A,1,1,0,KEEP_STRUCTURAL_IN_ON_CUT,2,3,0,0,"tail_cont_enabled=1 tail_active_dims=(1,) tail_delta=0.1 tail_start=(6, 6, 6) returned_y=(6, 0, 2) returned_b=(1, 0, 0) returned_u=(0, 0, 0) returned_zcap=(6, 0, 2) max_tail_u=0",NA
120,P1_no_rho,221,1444.5507924000267,5.65135649999138,5.164290399989113,0.16325270000379533,0.01,45339.297906038126,45339.297906038126,-69869.77798978808,-52588.41660541415,0.0,-25965.932865161198,-78203.79144375175,-78203.77709696676,-59410.2734484587,-25965.932865161198,33444.3405832975,33444.340583297504,-28871.58484790073,36770.5,nan,nan,1.5000000000000002,10.0,0.0,0.0,10.0,0.85,CORE,MAIN,1.2127016182951618,0.2534540167973629,0.6,0.174,-59410.2734484587,STRUCTURAL,-0.8944161261349185,-200399.1608641864,28800.0,0,0,0,0,0,0,0,inf,inf,NA,1,5,5,5,25,6,0,0,CONTINUE,0,A,1,1,0,KEEP_STRUCTURAL_IN_ON_CUT,2,3,0,0,"tail_cont_enabled=1 tail_active_dims=(1,) tail_delta=0.1 tail_start=(6, 6, 6) returned_y=(6, 0, 2) returned_b=(1, 0, 0) returned_u=(0, 0, 0) returned_zcap=(6, 0, 2) max_tail_u=0",NA
120,P1_no_rho,222,1448.4586930000223,5.65135649999138,3.9074393999762833,0.15289649995975196,0.01,47587.96807100859,47587.96807100859,-69869.77798978808,-52251.11608066858,0.0,-25965.932865161198,-75701.10703846844,-75701.09317751674,-59410.2734484587,-25965.932865161198,33444.3405832975,33444.340583297504,-28336.972898630505,37275.5,nan,nan,1.5000000000000002,10.0,0.0,0.0,10.0,0.85,CORE,MAIN,1.2123035264983806,0.2712211056417738,0.6,0.174,-59410.2734484587,STRUCTURAL,-0.8471001109555651,-200399.1608641864,28800.0,0,0,0,0,0,0,0,inf,inf,NA,1,5,5,5,25,6,0,0,CONTINUE,0,A,1,1,0,KEEP_STRUCTURAL_IN_ON_CUT,2,3,0,0,"tail_cont_enabled=1 tail_active_dims=(1,) tail_delta=0.1 tail_start=(6, 6, 6) returned_y=(0, 1, 6) returned_b=(0, 0, 1) returned_u=(0, 0, 0) returned_zcap=(0, 1, 6) max_tail_u=0",NA
120,P1_no_rho,223,1454.369506200077,5.65135649999138,5.9103198000229895,0.14910699997562915,0.01,50571.54315753831,50571.54315753831,-69869.77798978808,-51803.579817689126,0.0,-25965.932865161198,-73187.69174647781,-73187.67843942596,-59410.2734484587,-25965.932865161198,33444.3405832975,33444.340583297504,-26126.489527909802,35674.5,nan,nan,1.5000000000000002,10.0,0.0,0.0,10.0,0.85,CORE,MAIN,1.2124361003173836,0.265087573139406,0.6,0.174,-59410.2734484587,STRUCTURAL,-0.8794552394850879,-200399.1608641864,28800.0,0,0,0,0,0,0,0,inf,inf,NA,1,5,5,5,25,6,0,0,CONTINUE,0,A,1,1,0,KEEP_STRUCTURAL_IN_ON_CUT,2,3,0,0,"tail_cont_enabled=1 tail_active_dims=(1,) tail_delta=0.1 tail_start=(6, 6, 6) returned_y=(6, 0, 2) returned_b=(1, 0, 0) returned_u=(0, 0, 0) returned_zcap=(6, 0, 2) max_tail_u=0",NA
120,P1_no_rho,224,1459.8767742000055,5.65135649999138,5.506670799921267,0.15755310002714396,0.01,47931.95583925956,47931.95583925956,-69869.77798978808,-52199.51791543094,0.0,-25965.932865161198,-73631.20263995444,-73631.18891976035,-59410.2734484587,-25965.932865161198,33444.3405832975,33444.340583297504,-26594.196960944417,36850.0,nan,nan,1.5000000000000002,10.0,0.0,0.0,10.0,0.85,CORE,MAIN,1.2126163152456415,0.25149096050309183,0.6,0.174,-59410.2734484587,STRUCTURAL,-0.8509632195172488,-200399.1608641864,28800.0,0,0,0,0,0,0,0,inf,inf,NA,1,5,5,5,25,6,0,0,CONTINUE,0,A,1,1,0,KEEP_STRUCTURAL_IN_ON_CUT,2,3,0,0,"tail_cont_enabled=1 tail_active_dims=(1,) tail_delta=0.1 tail_start=(6, 6, 6) returned_y=(0, 1, 6) returned_b=(0, 0, 1) returned_u=(0, 0, 0) returned_zcap=(0, 1, 6) max_tail_u=0",NA
120,P1_no_rho,225,1469.8528402000666,5.65135649999138,9.975508900010027,0.15412779990583658,0.01,48751.26994464783,48751.26994464783,-69869.77798978808,-52076.620799622695,0.0,-25965.932865161198,-78964.13277551776,-78964.11885223447,-59410.2734484587,-25965.932865161198,33444.3405832975,33444.340583297504,-27579.24812592959,39087.0,nan,nan,1.5000000000000002,10.0,0.0,0.0,10.0,0.85,CORE,MAIN,1.2125072596692368,0.2528733437333264,0.6,0.174,-59410.2734484587,STRUCTURAL,-0.8764187705427184,-200399.1608641864,28800.0,0,0,0,0,0,0,0,inf,inf,NA,1,5,5,5,25,6,0,0,CONTINUE,0,A,1,1,0,KEEP_STRUCTURAL_IN_ON_CUT,2,3,0,0,"tail_cont_enabled=1 tail_active_dims=(1,) tail_delta=0.1 tail_start=(6, 6, 6) returned_y=(0, 6, 1) returned_b=(0, 1, 0) returned_u=(0, 0, 0) returned_zcap=(0, 6, 1) max_tail_u=0",NA
120,P1_no_rho,226,1475.1061036000028,5.65135649999138,5.252830100012943,0.15047860005870461,0.01,55225.56020953685,55225.56020953685,-69869.77798978808,-51105.47725988934,0.0,-25965.932865161198,-74010.84869885287,-74010.83505201519,-59410.2734484587,-25965.932865161198,33444.3405832975,33444.340583297504,-25725.145267231514,36303.0,nan,nan,1.5000000000000002,10.0,0.0,0.0,10.0,0.85,CORE,MAIN,1.2129824454048581,0.259935524817824,0.6,0.174,-59410.2734484587,STRUCTURAL,-0.886716245393561,-200399.1608641864,28800.0,0,0,0,0,0,0,0,inf,inf,NA,1,5,5,5,25,6,0,0,CONTINUE,0,A,1,1,0,KEEP_STRUCTURAL_IN_ON_CUT,2,3,0,0,"tail_cont_enabled=1 tail_active_dims=(1,) tail_delta=0.1 tail_start=(6, 6, 6) returned_y=(6, 0, 2) returned_b=(1, 0, 0) returned_u=(0, 0, 0) returned_zcap=(6, 0, 2) max_tail_u=0",NA
120,P1_no_rho,227,1480.5247919000685,5.65135649999138,5.41803559998516,0.15441269997972995,0.01,43388.226778431665,43388.226778431665,-69869.77798978808,-52881.07727455512,0.0,-25965.932865161198,-73741.39784932254,-73741.3843152935,-59410.2734484587,-25965.932865161198,33444.3405832975,33444.340583297504,-26396.37476671839,36115.0,nan,nan,1.5000000000000002,10.0,0.0,0.0,10.0,0.85,CORE,MAIN,1.213766290380633,0.2637568998052958,0.6,0.174,-59410.2734484587,STRUCTURAL,-0.8739675951557546,-200399.1608641864,28800.0,0,0,0,0,0,0,0,inf,inf,NA,1,5,5,5,25,6,0,0,CONTINUE,0,A,1,1,0,KEEP_STRUCTURAL_IN_ON_CUT,2,3,0,0,"tail_cont_enabled=1 tail_active_dims=(1,) tail_delta=0.1 tail_start=(6, 6, 6) returned_y=(6, 0, 2) returned_b=(1, 0, 0) returned_u=(0, 0, 0) returned_zcap=(6, 0, 2) max_tail_u=0",NA
120,P1_no_rho,228,1486.4684307000134,5.65135649999138,5.94311380002182,0.15649419999681413,0.01,39916.620004255696,39916.620004255696,-69869.77798978808,-53401.81829068151,0.0,-25965.932865161198,-75709.99288788957,-75709.9790187214,-59410.2734484587,-25965.932865161198,33444.3405832975,33444.340583297504,-27423.315287844332,36232.0,nan,nan,1.5000000000000002,10.0,0.0,0.0,10.0,0.85,CORE,MAIN,1.2140883752437046,0.26023370700650694,0.6,0.174,-59410.2734484587,STRUCTURAL,-0.8884717695384755,-200399.1608641864,28800.0,0,0,0,0,0,0,0,inf,inf,NA,1,5,5,5,25,6,0,0,CONTINUE,0,A,1,1,0,KEEP_STRUCTURAL_IN_ON_CUT,2,3,0,0,"tail_cont_enabled=1 tail_active_dims=(1,) tail_delta=0.1 tail_start=(6, 6, 6) returned_y=(6, 0, 2) returned_b=(1, 0, 0) returned_u=(0, 0, 0) returned_zcap=(6, 0, 2) max_tail_u=0",NA
120,P1_no_rho,229,1490.4049602000741,5.65135649999138,3.935707400087267,0.1589261000044644,0.01,42984.1370433986,42984.1370433986,-69869.77798978808,-52941.69073481008,0.0,-25965.932865161198,-77249.76630486394,-77249.75202614644,-59410.2734484587,-25965.932865161198,33444.3405832975,33444.340583297504,-28875.475618344728,37704.0,nan,nan,1.5000000000000002,10.0,0.0,0.0,10.0,0.85,CORE,MAIN,1.2140478899709675,0.25680999531801696,0.6,0.174,-59410.2734484587,STRUCTURAL,-0.8553341185338731,-200399.1608641864,28800.0,0,0,0,0,0,0,0,inf,inf,NA,1,5,5,5,25,6,0,0,CONTINUE,0,A,1,1,0,KEEP_STRUCTURAL_IN_ON_CUT,2,3,0,0,"tail_cont_enabled=1 tail_active_dims=(1,) tail_delta=0.1 tail_start=(6, 6, 6) returned_y=(0, 1, 6) returned_b=(0, 0, 1) returned_u=(0, 0, 0) returned_zcap=(0, 1, 6) max_tail_u=0",NA
120,P1_no_rho,230,1502.4927859000163,5.65135649999138,12.087306599947624,0.14892950002104044,0.01,49182.21758200151,49182.21758200151,-69869.77798978808,-52011.978654019644,0.0,-25965.932865161198,-73850.0628293964,-73850.04937288474,-59410.2734484587,-25965.932865161198,33444.3405832975,33444.340583297504,-26741.89497658415,35668.5,nan,nan,1.5000000000000002,10.0,0.0,0.0,10.0,0.85,CORE,MAIN,1.214437233214988,0.2652158039414729,0.6,0.174,-59410.2734484587,STRUCTURAL,-0.8804809920293923,-200399.1608641864,28800.0,0,0,0,0,0,0,0,inf,inf,NA,1,5,5,5,25,6,0,0,CONTINUE,0,A,1,1,0,KEEP_STRUCTURAL_IN_ON_CUT,2,3,0,0,"tail_cont_enabled=1 tail_active_dims=(1,) tail_delta=0.1 tail_start=(6, 6, 6) returned_y=(6, 0, 2) returned_b=(1, 0, 0) returned_u=(0, 0, 0) returned_zcap=(6, 0, 2) max_tail_u=0",NA
120,P1_no_rho,231,1508.1205816000002,5.65135649999138,5.627229199977592,0.14889259997289628,0.01,53754.07366202551,53754.07366202551,-69869.77798978808,-51326.20024201604,0.0,-25965.932865161198,-74354.72151320288,-74354.70847002554,-59410.2734484587,-25965.932865161198,33444.3405832975,33444.340583297504,-26149.25331118604,36892.0,nan,nan,1.5000000000000002,10.0,0.0,0.0,10.0,0.85,CORE,MAIN,1.2150408044111949,0.27264370406626526,0.6,0.174,-59410.2734484587,STRUCTURAL,-0.8711094574946602,-200399.1608641864,28800.0,0,0,0,0,0,0,0,inf,inf,NA,1,5,5,5,25,6,0,0,CONTINUE,0,A,1,1,0,KEEP_STRUCTURAL_IN_ON_CUT,2,3,0,0,"tail_cont_enabled=1 tail_active_dims=(1,) tail_delta=0.1 tail_start=(6, 6, 6) returned_y=(1, 6, 0) returned_b=(0, 1, 0) returned_u=(0, 0.0833333, 0) returned_zcap=(1, 6.08333, 0) max_tail_u=0.0833333",NA
120,P1_no_rho,232,1513.3531116000377,5.65135649999138,5.232042900053784,0.1521127000451088,0.01,50980.73947215354,50980.73947215354,-69869.77798978808,-51742.20037049684,0.0,-25965.932865161198,-78335.91342348377,-78335.8997887261,-59410.2734484587,-25965.932865161198,33444.3405832975,33444.340583297504,-26592.80202531943,38900.5,nan,nan,1.5000000000000002,10.0,0.0,0.0,10.0,0.85,CORE,MAIN,1.2146443767275574,0.2678030959120734,0.6,0.174,-59410.2734484587,STRUCTURAL,-0.8867597719550591,-200399.1608641864,28800.0,0,0,0,0,0,0,0,inf,inf,NA,1,5,5,5,25,6,0,0,CONTINUE,0,A,1,1,0,KEEP_STRUCTURAL_IN_ON_CUT,2,3,0,0,"tail_cont_enabled=1 tail_active_dims=(1,) tail_delta=0.1 tail_start=(6, 6, 6) returned_y=(0, 6, 1) returned_b=(0, 1, 0) returned_u=(0, 0, 0) returned_zcap=(0, 6, 1) max_tail_u=0",NA
120,P1_no_rho,233,1518.0078538000816,5.65135649999138,4.6543193000834435,0.1546945000300184,0.01,43980.64871672013,43980.64871672013,-69869.77798978808,-52792.21398381185,0.0,-25965.932865161198,-74326.25847957395,-74326.24469018758,-59410.2734484587,-25965.932865161198,33444.3405832975,33444.340583297504,-26792.605537519004,35736.5,nan,nan,1.5000000000000002,10.0,0.0,0.0,10.0,0.85,CORE,MAIN,1.2147482990610916,0.2536002750389563,0.6,0.174,-59410.2734484587,STRUCTURAL,-0.88674304334352,-200399.1608641864,28800.0,0,0,0,0,0,0,0,inf,inf,NA,1,5,5,5,25,6,0,0,CONTINUE,0,A,1,1,0,KEEP_STRUCTURAL_IN_ON_CUT,2,3,0,0,"tail_cont_enabled=1 tail_active_dims=(1,) tail_delta=0.1 tail_start=(6, 6, 6) returned_y=(5, 0, 3) returned_b=(0, 0, 0) returned_u=(0, 0, 0) returned_zcap=(5, 0, 3) max_tail_u=0",NA
120,P1_no_rho,234,1523.2312556999968,5.65135649999138,5.223088799975812,0.15275719994679093,0.01,44928.4394869655,44928.4394869655,-69869.77798978808,-52650.045368275045,0.0,-25965.932865161198,-73272.91819683688,-73272.90470301863,-59410.2734484587,-25965.932865161198,33444.3405832975,33444.340583297504,-26510.758965635632,35807.5,nan,nan,1.5000000000000002,10.0,0.0,0.0,10.0,0.85,CORE,MAIN,1.2148909512504957,0.2653497924604561,0.6,0.174,-59410.2734484587,STRUCTURAL,-0.8706210661152548,-200399.1608641864,28800.0,0,0,0,0,0,0,0,inf,inf,NA,1,5,5,5,25,6,0,0,CONTINUE,0,A,1,1,0,KEEP_STRUCTURAL_IN_ON_CUT,2,3,0,0,"tail_cont_enabled=1 tail_active_dims=(1,) tail_delta=0.1 tail_start=(6, 6, 6) returned_y=(6, 0, 2) returned_b=(1, 0, 0) returned_u=(0, 0, 0) returned_zcap=(6, 0, 2) max_tail_u=0",NA
120,P1_no_rho,235,1535.2018556999974,5.65135649999138,11.970009199925698,0.15718470001593232,0.01,42010.5237376597,42010.5237376597,-69869.77798978808,-53087.73273067091,0.0,-25965.932865161198,-74621.09188852576,-74621.07813788028,-59410.2734484587,-25965.932865161198,33444.3405832975,33444.340583297504,-26960.210639339704,35861.5,nan,nan,1.5000000000000002,10.0,0.0,0.0,10.0,0.85,CORE,MAIN,1.2150982141686837,0.25119148325070006,0.6,0.174,-59410.2734484587,STRUCTURAL,-0.8860173630688541,-200399.1608641864,28800.0,0,0,0,0,0,0,0,inf,inf,NA,1,5,5,5,25,6,0,0,CONTINUE,0,A,1,1,0,KEEP_STRUCTURAL_IN_ON_CUT,2,3,0,0,"tail_cont_enabled=1 tail_active_dims=(1,) tail_delta=0.1 tail_start=(6, 6, 6) returned_y=(6, 0, 2) returned_b=(1, 0, 0) returned_u=(0, 0, 0) returned_zcap=(6, 0, 2) max_tail_u=0",NA
120,P1_no_rho,236,1541.0447336999932,5.65135649999138,5.842349199927412,0.15140119998250157,0.01,44367.27070903201,44367.27070903201,-69869.77798978808,-52734.22068496507,0.0,-25965.932865161198,-76530.36713688418,-76530.35307951987,-59410.2734484587,-25965.932865161198,33444.3405832975,33444.340583297504,-29286.13702976683,36421.0,nan,nan,1.5000000000000002,10.0,0.0,0.0,10.0,0.85,CORE,MAIN,1.214780912081904,0.25976104016031576,0.6,0.174,-59410.2734484587,STRUCTURAL,-0.8647797708236649,-200399.1608641864,28800.0,0,0,0,0,0,0,0,inf,inf,NA,1,5,5,5,25,6,0,0,CONTINUE,0,A,1,1,0,KEEP_STRUCTURAL_IN_ON_CUT,2,3,0,0,"tail_cont_enabled=1 tail_active_dims=(1,) tail_delta=0.1 tail_start=(6, 6, 6) returned_y=(5, 0, 3) returned_b=(0, 0, 0) returned_u=(0, 0, 0) returned_zcap=(5, 0, 3) max_tail_u=0",NA
120,P1_no_rho,237,1546.254717700067,5.65135649999138,5.209541400079615,0.16276659991126508,0.01,43527.920412566804,43527.920412566804,-69869.77798978808,-52860.12322943485,0.0,-25965.932865161198,-72816.38351753389,-72816.37003478658,-59410.2734484587,-25965.932865161198,33444.3405832975,33444.340583297504,-26942.188728408386,35606.5,nan,nan,1.5000000000000002,10.0,0.0,0.0,10.0,0.85,CORE,MAIN,1.2147680700297534,0.26492457045816176,0.6,0.174,-59410.2734484587,STRUCTURAL,-0.8589102421632417,-200399.1608641864,28800.0,0,0,0,0,0,0,0,inf,inf,NA,1,5,5,5,25,6,0,0,CONTINUE,0,A,1,1,0,KEEP_STRUCTURAL_IN_ON_CUT,2,3,0,0,"tail_cont_enabled=1 tail_active_dims=(1,) tail_delta=0.1 tail_start=(6, 6, 6) returned_y=(5, 0, 3) returned_b=(0, 0, 0) returned_u=(0, 0, 0) returned_zcap=(5, 0, 3) max_tail_u=0",NA
120,P1_no_rho,238,1551.6792287999997,5.65135649999138,5.424013399984688,0.15214070002548397,0.01,50781.48810303655,50781.48810303655,-69869.77798978808,-51772.08807586439,0.0,-25965.932865161198,-76795.90493906102,-76795.89072127618,-59410.2734484587,-25965.932865161198,33444.3405832975,33444.340583297504,-28681.17250546618,37986.5,nan,nan,1.5000000000000002,10.0,0.0,0.0,10.0,0.85,CORE,MAIN,1.2144391132669052,0.24798961642200534,0.6,0.174,-59410.2734484587,STRUCTURAL,-0.8444178539886543,-200399.1608641864,28800.0,0,0,0,0,0,0,0,inf,inf,NA,1,5,5,5,25,6,0,0,CONTINUE,0,A,1,1,0,KEEP_STRUCTURAL_IN_ON_CUT,2,3,0,0,"tail_cont_enabled=1 tail_active_dims=(1,) tail_delta=0.1 tail_start=(6, 6, 6) returned_y=(0, 1, 6) returned_b=(0, 0, 1) returned_u=(0, 0, 0) returned_zcap=(0, 1, 6) max_tail_u=0",NA
120,P1_no_rho,239,1557.5069762000348,5.65135649999138,5.82691059994977,0.15402969997376204,0.01,48975.445316662255,48975.445316662255,-69869.77798978808,-52042.99449382053,0.0,-25965.932865161198,-70419.43743876558,-70419.42429148036,-59410.2734484587,-25965.932865161198,33444.3405832975,33444.340583297504,-24961.699104986958,35586.0,nan,nan,1.5000000000000002,10.0,0.0,0.0,10.0,0.85,CORE,MAIN,1.2135429296858051,0.2531431890586532,0.6,0.174,-59410.2734484587,STRUCTURAL,-0.8516031620392548,-200399.1608641864,28800.0,0,0,0,0,0,0,0,inf,inf,NA,1,5,5,5,25,6,0,0,CONTINUE,0,A,1,1,0,KEEP_STRUCTURAL_IN_ON_CUT,2,3,0,0,"tail_cont_enabled=1 tail_active_dims=(1,) tail_delta=0.1 tail_start=(6, 6, 6) returned_y=(0, 1, 6) returned_b=(0, 0, 1) returned_u=(0, 0, 0) returned_zcap=(0, 1, 6) max_tail_u=0",NA
120,P1_no_rho,240,1567.9077055000234,5.65135649999138,10.40018669993151,0.15094990003854036,0.01,45874.572206610355,45874.572206610355,-69869.77798978808,-52508.125460328316,0.0,-25965.932865161198,-74777.31998492453,-74777.30669438583,-59410.2734484587,-25965.932865161198,33444.3405832975,33444.340583297504,-25190.42223207001,36999.666666666664,nan,nan,1.5000000000000002,10.0,0.0,0.0,10.0,0.85,CORE,MAIN,1.2125944795640222,0.2603584464556349,0.6,0.174,-59410.2734484587,STRUCTURAL,-0.893465426937465,-200399.1608641864,28800.0,0,0,0,0,0,0,0,inf,inf,NA,1,5,5,5,25,6,0,0,CONTINUE,0,A,1,1,0,KEEP_STRUCTURAL_IN_ON_CUT,2,3,0,0,"tail_cont_enabled=1 tail_active_dims=(1,) tail_delta=0.1 tail_start=(6, 6, 6) returned_y=(1, 6, 0) returned_b=(0, 1, 0) returned_u=(0, 0.0833333, 0) returned_zcap=(1, 6.08333, 0) max_tail_u=0.0833333",NA
120,P1_no_rho,241,1572.6131268000463,5.65135649999138,4.704891700064763,0.1782548000337556,0.01,47417.528171374,47417.528171374,-69869.77798978808,-52276.68206561377,0.0,-25965.932865161198,-74317.90153237435,-74317.88815661213,-59410.2734484587,-25965.932865161198,33444.3405832975,33444.340583297504,-26116.4880236615,37205.5,nan,nan,1.5000000000000002,10.0,0.0,0.0,10.0,0.85,CORE,MAIN,1.2119380047654058,0.2615635620482386,0.6,0.174,-59410.2734484587,STRUCTURAL,-0.8636966780529871,-200399.1608641864,28800.0,0,0,0,0,0,0,0,inf,inf,NA,1,5,5,5,25,6,0,0,CONTINUE,0,A,1,1,0,KEEP_STRUCTURAL_IN_ON_CUT,2,3,0,0,"tail_cont_enabled=1 tail_active_dims=(1,) tail_delta=0.1 tail_start=(6, 6, 6) returned_y=(0, 6, 1) returned_b=(0, 1, 0) returned_u=(0, 0, 0) returned_zcap=(0, 6, 1) max_tail_u=0",NA
120,P1_no_rho,242,1578.1302413000958,5.65135649999138,5.516359099885449,0.1592731000855565,0.01,45424.87310059136,45424.87310059136,-69869.77798978808,-52575.58032623117,0.0,-25965.932865161198,-74652.57301527419,-74652.55913433785,-59410.2734484587,-25965.932865161198,33444.3405832975,33444.340583297504,-27533.44194609919,36541.0,nan,nan,1.5000000000000002,10.0,0.0,0.0,10.0,0.85,CORE,MAIN,1.2115230936209087,0.2591292993805653,0.6,0.174,-59410.2734484587,STRUCTURAL,-0.8596575023168253,-200399.1608641864,28800.0,0,0,0,0,0,0,0,inf,inf,NA,1,5,5,5,25,6,0,0,CONTINUE,0,A,1,1,0,KEEP_STRUCTURAL_IN_ON_CUT,2,3,0,0,"tail_cont_enabled=1 tail_active_dims=(1,) tail_delta=0.1 tail_start=(6, 6, 6) returned_y=(0, 6, 1) returned_b=(0, 1, 0) returned_u=(0, 0, 0) returned_zcap=(0, 6, 1) max_tail_u=0",NA
120,P1_no_rho,243,1583.587422200013,5.65135649999138,5.456636999966577,0.15754679997917265,0.01,33108.84402383062,33108.84402383062,-69869.77798978808,-54422.98468774528,0.0,-25965.932865161198,-73151.55908343689,-73151.54560321203,-59410.2734484587,-25965.932865161198,33444.3405832975,33444.340583297504,-27807.83104144397,36710.5,nan,nan,1.5000000000000002,10.0,0.0,0.0,10.0,0.85,CORE,MAIN,1.2114166858856967,0.2631265105614562,0.6,0.174,-59410.2734484587,STRUCTURAL,-0.8234467806534562,-200399.1608641864,28800.0,0,0,0,0,0,0,0,inf,inf,NA,1,5,5,5,25,6,0,0,CONTINUE,0,A,1,1,0,KEEP_STRUCTURAL_IN_ON_CUT,2,3,0,0,"tail_cont_enabled=1 tail_active_dims=(1,) tail_delta=0.1 tail_start=(6, 6, 6) returned_y=(0, 1, 6) returned_b=(0, 0, 1) returned_u=(0, 0, 0) returned_zcap=(0, 1, 6) max_tail_u=0",NA
120,P1_no_rho,244,1587.1360644000815,5.65135649999138,3.5482175000943244,0.15569259994663298,0.01,51088.22905515487,51088.22905515487,-69869.77798978808,-51726.07693304664,0.0,-25965.932865161198,-73742.5768497867,-73742.56316353688,-59410.2734484587,-25965.932865161198,33444.3405832975,33444.340583297504,-27098.302918017456,37023.0,nan,nan,1.5000000000000002,10.0,0.0,0.0,10.0,0.85,CORE,MAIN,1.2115164467712844,0.259171960192044,0.6,0.174,-59410.2734484587,STRUCTURAL,-0.8399150122089764,-200399.1608641864,28800.0,0,0,0,0,0,0,0,inf,inf,NA,1,5,5,5,25,6,0,0,CONTINUE,0,A,1,1,0,KEEP_STRUCTURAL_IN_ON_CUT,2,3,0,0,"tail_cont_enabled=1 tail_active_dims=(1,) tail_delta=0.1 tail_start=(6, 6, 6) returned_y=(0, 1, 6) returned_b=(0, 0, 1) returned_u=(0, 0, 0) returned_zcap=(0, 1, 6) max_tail_u=0",NA
120,P1_no_rho,245,1599.8938453000737,5.65135649999138,12.757034700014628,0.1495054999832064,0.01,44711.206148087775,44711.206148087775,-69869.77798978808,-52682.6303691067,0.0,-25965.932865161198,-79834.24261193222,-79834.2295768138,-59410.2734484587,-25965.932865161198,33444.3405832975,33444.340583297504,-25308.49467026259,40423.5,nan,nan,1.5000000000000002,10.0,0.0,0.0,10.0,0.85,CORE,MAIN,1.2120611637367644,0.2434627963294207,0.6,0.174,-59410.2734484587,STRUCTURAL,-0.8992415287568079,-200399.1608641864,28800.0,0,0,0,0,0,0,0,inf,inf,NA,1,5,5,5,25,6,0,0,CONTINUE,0,A,1,1,0,KEEP_STRUCTURAL_IN_ON_CUT,2,3,0,0,"tail_cont_enabled=1 tail_active_dims=(1,) tail_delta=0.1 tail_start=(6, 6, 6) returned_y=(6, 0, 2) returned_b=(1, 0, 0) returned_u=(0, 0, 0) returned_zcap=(6, 0, 2) max_tail_u=0",NA
120,P1_no_rho,246,1605.1851357000414,5.65135649999138,5.290793000021949,0.15000260004308075,0.01,64267.97748575831,64267.97748575831,-69869.77798978808,-49749.114668456124,0.0,-25965.932865161198,-72824.24790498726,-72824.2347941211,-59410.2734484587,-25965.932865161198,33444.3405832975,33444.340583297504,-25252.634763788108,36315.0,nan,nan,1.5000000000000002,10.0,0.0,0.0,10.0,0.85,CORE,MAIN,1.2128779831426666,0.2638100356375943,0.6,0.174,-59410.2734484587,STRUCTURAL,-0.873314058108825,-200399.1608641864,28800.0,0,0,0,0,0,0,0,inf,inf,NA,1,5,5,5,25,6,0,0,CONTINUE,0,A,1,1,0,KEEP_STRUCTURAL_IN_ON_CUT,2,3,0,0,"tail_cont_enabled=1 tail_active_dims=(1,) tail_delta=0.1 tail_start=(6, 6, 6) returned_y=(6, 0, 2) returned_b=(1, 0, 0) returned_u=(0, 0, 0) returned_zcap=(6, 0, 2) max_tail_u=0",NA
120,P1_no_rho,247,1608.8972920000087,5.65135649999138,3.711593799991533,0.18195630004629493,0.01,42807.74481984562,42807.74481984562,-69869.77798978808,-52968.149568343026,0.0,-25965.932865161198,-72356.60512602385,-72356.59176870954,-59410.2734484587,-25965.932865161198,33444.3405832975,33444.340583297504,-26343.704298023,36099.0,nan,nan,1.5000000000000002,10.0,0.0,0.0,10.0,0.85,CORE,MAIN,1.2135635362273693,0.26536533562220055,0.6,0.174,-59410.2734484587,STRUCTURAL,-0.8497536860796981,-200399.1608641864,28800.0,0,0,0,0,0,0,0,inf,inf,NA,1,5,5,5,25,6,0,0,CONTINUE,0,A,1,1,0,KEEP_STRUCTURAL_IN_ON_CUT,2,3,0,0,"tail_cont_enabled=1 tail_active_dims=(1,) tail_delta=0.1 tail_start=(6, 6, 6) returned_y=(0, 1, 6) returned_b=(0, 0, 1) returned_u=(0, 0, 0) returned_zcap=(0, 1, 6) max_tail_u=0",NA
120,P1_no_rho,248,1614.5958309000125,5.65135649999138,5.697870599920861,0.15067649993579835,0.01,38624.81504890479,38624.81504890479,-69869.77798978808,-53595.58903398415,0.0,-25965.932865161198,-73104.15240476798,-73104.13888427662,-59410.2734484587,-25965.932865161198,33444.3405832975,33444.340583297504,-26181.98090815621,35554.0,nan,nan,1.5000000000000002,10.0,0.0,0.0,10.0,0.85,CORE,MAIN,1.2141878579309697,0.25377904725309,0.6,0.174,-59410.2734484587,STRUCTURAL,-0.8798289545690196,-200399.1608641864,28800.0,0,0,0,0,0,0,0,inf,inf,NA,1,5,5,5,25,6,0,0,CONTINUE,0,A,1,1,0,KEEP_STRUCTURAL_IN_ON_CUT,2,3,0,0,"tail_cont_enabled=1 tail_active_dims=(1,) tail_delta=0.1 tail_start=(6, 6, 6) returned_y=(5, 0, 3) returned_b=(0, 0, 0) returned_u=(0, 0, 0) returned_zcap=(5, 0, 3) max_tail_u=0",NA
120,P1_no_rho,249,1619.920964900055,5.65135649999138,5.324584100046195,0.1573281999444589,0.01,56001.94340247635,56001.94340247635,-69869.77798978808,-50989.019780948416,0.0,-25965.932865161198,-77459.26046011184,-77459.24626020936,-59410.2734484587,-25965.932865161198,33444.3405832975,33444.340583297504,-28169.16380993131,36850.0,nan,nan,1.5000000000000002,10.0,0.0,0.0,10.0,0.85,CORE,MAIN,1.213744358950856,0.256936612994462,0.6,0.174,-59410.2734484587,STRUCTURAL,-0.8917246938087388,-200399.1608641864,28800.0,0,0,0,0,0,0,0,inf,inf,NA,1,5,5,5,25,6,0,0,CONTINUE,0,A,1,1,0,KEEP_STRUCTURAL_IN_ON_CUT,2,3,0,0,"tail_cont_enabled=1 tail_active_dims=(1,) tail_delta=0.1 tail_start=(6, 6, 6) returned_y=(6, 0, 2) returned_b=(1, 0, 0) returned_u=(0, 0, 0) returned_zcap=(6, 0, 2) max_tail_u=0",NA
120,P1_no_rho,250,1631.7882145000622,5.65135649999138,11.866670900024474,0.1507646000245586,0.01,40276.63965300961,40276.63965300961,-69869.77798978808,-53347.81534336843,0.0,-25965.932865161198,-72752.70112268723,-72752.68891529499,-59410.2734484587,-25965.932865161198,33444.3405832975,33444.340583297504,-24173.1601342336,37521.33333333333,nan,nan,1.5000000000000002,10.0,0.0,0.0,10.0,0.85,CORE,MAIN,1.213926238442242,0.27604604578700687,0.6,0.174,-59410.2734484587,STRUCTURAL,-0.8631450335997549,-200399.1608641864,28800.0,0,0,0,0,0,0,0,inf,inf,NA,1,5,5,5,25,6,0,0,CONTINUE,0,A,1,1,0,KEEP_STRUCTURAL_IN_ON_CUT,2,3,0,0,"tail_cont_enabled=1 tail_active_dims=(1,) tail_delta=0.1 tail_start=(6, 6, 6) returned_y=(1, 6, 0) returned_b=(0, 1, 0) returned_u=(0, 0.0833333, 0) returned_zcap=(1, 6.08333, 0) max_tail_u=0.0833333",NA
120,P1_no_rho,251,1635.2153101000004,5.65135649999138,3.426585700013675,0.15343549998942763,0.01,47602.16849275036,47602.16849275036,-69869.77798978808,-52248.98601740732,0.0,-25965.932865161198,-84090.470246745,-84090.45546844046,-59410.2734484587,-25965.932865161198,33444.3405832975,33444.340583297504,-30805.38416937508,41021.0,nan,nan,1.5000000000000002,10.0,0.0,0.0,10.0,0.85,CORE,MAIN,1.212314047257173,0.24549067146342374,0.6,0.174,-59410.2734484587,STRUCTURAL,-0.8659803726394671,-200399.1608641864,28800.0,0,0,0,0,0,0,0,inf,inf,NA,1,5,5,5,25,6,0,0,CONTINUE,0,A,1,1,0,KEEP_STRUCTURAL_IN_ON_CUT,2,3,0,0,"tail_cont_enabled=1 tail_active_dims=(1,) tail_delta=0.1 tail_start=(6, 6, 6) returned_y=(0, 1, 6) returned_b=(0, 0, 1) returned_u=(0, 0, 0) returned_zcap=(0, 1, 6) max_tail_u=0",NA
120,P1_no_rho,252,1640.8967197000748,5.65135649999138,5.680597700062208,0.14681519998703152,0.01,42854.860387246896,42854.860387246896,-69869.77798978808,-52961.08223323284,0.0,-25965.932865161198,-70868.47215609996,-70868.45920359968,-59410.2734484587,-25965.932865161198,33444.3405832975,33444.340583297504,-25644.460917610857,35183.5,nan,nan,1.5000000000000002,10.0,0.0,0.0,10.0,0.85,CORE,MAIN,1.2115110141192136,0.26648907331467864,0.6,0.174,-59410.2734484587,STRUCTURAL,-0.8569167988022572,-200399.1608641864,28800.0,0,0,0,0,0,0,0,inf,inf,NA,1,5,5,5,25,6,0,0,CONTINUE,0,A,1,1,0,KEEP_STRUCTURAL_IN_ON_CUT,2,3,0,0,"tail_cont_enabled=1 tail_active_dims=(1,) tail_delta=0.1 tail_start=(6, 6, 6) returned_y=(6, 0, 2) returned_b=(1, 0, 0) returned_u=(0, 0, 0) returned_zcap=(6, 0, 2) max_tail_u=0",NA
120,P1_no_rho,253,1646.4063383000903,5.65135649999138,5.5089741999981925,0.148891199962236,0.01,44606.214225298994,44606.214225298994,-69869.77798978808,-52698.37915752502,0.0,-25965.932865161198,-73371.99809393012,-73371.98468057848,-59410.2734484587,-25965.932865161198,33444.3405832975,33444.340583297504,-25951.38722856569,36087.5,nan,nan,1.5000000000000002,10.0,0.0,0.0,10.0,0.85,CORE,MAIN,1.2111460432605474,0.2756488706924116,0.6,0.174,-59410.2734484587,STRUCTURAL,-0.8760299725576772,-200399.1608641864,28800.0,0,0,0,0,0,0,0,inf,inf,NA,1,5,5,5,25,6,0,0,CONTINUE,0,A,1,1,0,KEEP_STRUCTURAL_IN_ON_CUT,2,3,0,0,"tail_cont_enabled=1 tail_active_dims=(1,) tail_delta=0.1 tail_start=(6, 6, 6) returned_y=(6, 0, 2) returned_b=(1, 0, 0) returned_u=(0, 0, 0) returned_zcap=(6, 0, 2) max_tail_u=0",NA
120,P1_no_rho,254,1651.9183851000853,5.65135649999138,5.511471600038931,0.15713070007041097,0.01,51887.81522089354,51887.81522089354,-69869.77798978808,-51606.13900818584,0.0,-25965.932865161198,-75669.94786379983,-75669.93434159219,-59410.2734484587,-25965.932865161198,33444.3405832975,33444.340583297504,-27004.88302489332,37028.0,nan,nan,1.5000000000000002,10.0,0.0,0.0,10.0,0.85,CORE,MAIN,1.2105478376892163,0.260524885842763,0.6,0.174,-59410.2734484587,STRUCTURAL,-0.8761847127704955,-200399.1608641864,28800.0,0,0,0,0,0,0,0,inf,inf,NA,1,5,5,5,25,6,0,0,CONTINUE,0,A,1,1,0,KEEP_STRUCTURAL_IN_ON_CUT,2,3,0,0,"tail_cont_enabled=1 tail_active_dims=(1,) tail_delta=0.1 tail_start=(6, 6, 6) returned_y=(0, 6, 1) returned_b=(0, 1, 0) returned_u=(0, 0, 0) returned_zcap=(0, 6, 1) max_tail_u=0",NA
120,P1_no_rho,255,1662.019309700001,5.65135649999138,10.10049809992779,0.15388969995547086,0.01,41478.1625323947,41478.1625323947,-69869.77798978808,-53167.58691146066,0.0,-25965.932865161198,-72043.32883624325,-72043.31549181488,-59410.2734484587,-25965.932865161198,33444.3405832975,33444.340583297504,-26141.353067661737,36289.5,nan,nan,1.5000000000000002,10.0,0.0,0.0,10.0,0.85,CORE,MAIN,1.210959499663208,0.26376400426001123,0.6,0.174,-59410.2734484587,STRUCTURAL,-0.8432551642422395,-200399.1608641864,28800.0,0,0,0,0,0,0,0,inf,inf,NA,1,5,5,5,25,6,0,0,CONTINUE,0,A,1,1,0,KEEP_STRUCTURAL_IN_ON_CUT,2,3,0,0,"tail_cont_enabled=1 tail_active_dims=(1,) tail_delta=0.1 tail_start=(6, 6, 6) returned_y=(0, 1, 6) returned_b=(0, 0, 1) returned_u=(0, 0, 0) returned_zcap=(0, 1, 6) max_tail_u=0",NA
120,P1_no_rho,256,1667.466907700058,5.65135649999138,5.447023099986836,0.15448239992838353,0.01,38014.40535567125,38014.40535567125,-69869.77798978808,-53687.15048796918,0.0,-25965.932865161198,-76452.74856193714,-76452.73534562114,-59410.2734484587,-25965.932865161198,33444.3405832975,33444.340583297504,-24925.68518963743,37814.0,nan,nan,1.5000000000000002,10.0,0.0,0.0,10.0,0.85,CORE,MAIN,1.2105716016888923,0.2550705911763922,0.6,0.174,-59410.2734484587,STRUCTURAL,-0.9084298611798752,-200399.1608641864,28800.0,0,0,0,0,0,0,0,inf,inf,NA,1,5,5,5,25,6,0,0,CONTINUE,0,A,1,1,0,KEEP_STRUCTURAL_IN_ON_CUT,2,3,0,0,"tail_cont_enabled=1 tail_active_dims=(1,) tail_delta=0.1 tail_start=(6, 6, 6) returned_y=(6, 0, 2) returned_b=(1, 0, 0) returned_u=(0, 0, 0) returned_zcap=(6, 0, 2) max_tail_u=0",NA
120,P1_no_rho,257,1672.8144136000192,5.65135649999138,5.346844099927694,0.15258380002342165,0.01,51987.125126630985,51987.125126630985,-69869.77798978808,-51591.24252232522,0.0,-25965.932865161198,-75318.59213806385,-75318.5786591426,-59410.2734484587,-25965.932865161198,33444.3405832975,33444.340583297504,-27597.085520159944,37363.0,nan,nan,1.5000000000000002,10.0,0.0,0.0,10.0,0.85,CORE,MAIN,1.2107210267884605,0.2649772037360253,0.6,0.174,-59410.2734484587,STRUCTURAL,-0.8514928875979383,-200399.1608641864,28800.0,0,0,0,0,0,0,0,inf,inf,NA,1,5,5,5,25,6,0,0,CONTINUE,0,A,1,1,0,KEEP_STRUCTURAL_IN_ON_CUT,2,3,0,0,"tail_cont_enabled=1 tail_active_dims=(1,) tail_delta=0.1 tail_start=(6, 6, 6) returned_y=(0, 6, 1) returned_b=(0, 1, 0) returned_u=(0, 0, 0) returned_zcap=(0, 6, 1) max_tail_u=0",NA
120,P1_no_rho,258,1676.7686526000034,5.65135649999138,3.9534871999640018,0.1552753000287339,0.01,24415.132543183765,24415.132543183765,-69869.77798978808,-55727.041409842306,0.0,-25965.932865161198,-74294.71204560722,-74294.69837970393,-59410.2734484587,-25965.932865161198,33444.3405832975,33444.340583297504,-27280.322751914664,36900.5,nan,nan,1.5000000000000002,10.0,0.0,0.0,10.0,0.85,CORE,MAIN,1.2115550129824366,0.2678765478321514,0.6,0.174,-59410.2734484587,STRUCTURAL,-0.8493900376740922,-200399.1608641864,28800.0,0,0,0,0,0,0,0,inf,inf,NA,1,5,5,5,25,6,0,0,CONTINUE,0,A,1,1,0,KEEP_STRUCTURAL_IN_ON_CUT,2,3,0,0,"tail_cont_enabled=1 tail_active_dims=(1,) tail_delta=0.1 tail_start=(6, 6, 6) returned_y=(0, 1, 6) returned_b=(0, 0, 1) returned_u=(0, 0, 0) returned_zcap=(0, 1, 6) max_tail_u=0",NA
120,P1_no_rho,259,1682.1278114999877,5.65135649999138,5.358484299969859,0.16188650007825345,0.01,58203.81520299886,58203.81520299886,-69869.77798978808,-50658.73901087004,0.0,-25965.932865161198,-74473.04789733904,-74473.03451889985,-59410.2734484587,-25965.932865161198,33444.3405832975,33444.340583297504,-26243.693452235384,36706.5,nan,nan,1.5000000000000002,10.0,0.0,0.0,10.0,0.85,CORE,MAIN,1.2120650123544539,0.26179344812747996,0.6,0.174,-59410.2734484587,STRUCTURAL,-0.8759455149481145,-200399.1608641864,28800.0,0,0,0,0,0,0,0,inf,inf,NA,1,5,5,5,25,6,0,0,CONTINUE,0,A,1,1,0,KEEP_STRUCTURAL_IN_ON_CUT,2,3,0,0,"tail_cont_enabled=1 tail_active_dims=(1,) tail_delta=0.1 tail_start=(6, 6, 6) returned_y=(6, 0, 2) returned_b=(1, 0, 0) returned_u=(0, 0, 0) returned_zcap=(6, 0, 2) max_tail_u=0",NA
120,P1_no_rho,260,1694.1588112000609,5.65135649999138,12.0304865000071,0.16172580001875758,0.01,54100.808346513746,54100.808346513746,-69869.77798978808,-51274.19003934281,0.0,-25965.932865161198,-73679.60988261283,-73679.5965488135,-59410.2734484587,-25965.932865161198,33444.3405832975,33444.340583297504,-25946.909382559807,36285.5,nan,nan,1.5000000000000002,10.0,0.0,0.0,10.0,0.85,CORE,MAIN,1.2126545665509796,0.26272044197986855,0.6,0.174,-59410.2734484587,STRUCTURAL,-0.8769836834043657,-200399.1608641864,28800.0,0,0,0,0,0,0,0,inf,inf,NA,1,5,5,5,25,6,0,0,CONTINUE,0,A,1,1,0,KEEP_STRUCTURAL_IN_ON_CUT,2,3,0,0,"tail_cont_enabled=1 tail_active_dims=(1,) tail_delta=0.1 tail_start=(6, 6, 6) returned_y=(6, 0, 2) returned_b=(1, 0, 0) returned_u=(0, 0, 0) returned_zcap=(6, 0, 2) max_tail_u=0",NA
120,P1_no_rho,261,1699.4990640000906,5.65135649999138,5.339775800006464,0.14954340003896505,0.01,37293.86136914585,37293.86136914585,-69869.77798978808,-53795.232085947995,0.0,-25965.932865161198,-75463.90794288678,-75463.8940976856,-59410.2734484587,-25965.932865161198,33444.3405832975,33444.340583297504,-27869.15233959506,36512.0,nan,nan,1.5000000000000002,10.0,0.0,0.0,10.0,0.85,CORE,MAIN,1.213781414302982,0.2574998525124218,0.6,0.174,-59410.2734484587,STRUCTURAL,-0.8690246450133382,-200399.1608641864,28800.0,0,0,0,0,0,0,0,inf,inf,NA,1,5,5,5,25,6,0,0,CONTINUE,0,A,1,1,0,KEEP_STRUCTURAL_IN_ON_CUT,2,3,0,0,"tail_cont_enabled=1 tail_active_dims=(1,) tail_delta=0.1 tail_start=(6, 6, 6) returned_y=(5, 0, 3) returned_b=(0, 0, 0) returned_u=(0, 0, 0) returned_zcap=(5, 0, 3) max_tail_u=0",NA
120,P1_no_rho,262,1704.841379599995,5.65135649999138,5.341552599915303,0.14924260007683188,0.01,42421.34712629711,42421.34712629711,-69869.77798978808,-53026.10922237531,0.0,-25965.932865161198,-71701.51644660532,-71701.5032885079,-59410.2734484587,-25965.932865161198,33444.3405832975,33444.340583297504,-26265.900048018986,36298.0,nan,nan,1.5000000000000002,10.0,0.0,0.0,10.0,0.85,CORE,MAIN,1.213909745949716,0.2756198454082194,0.6,0.174,-59410.2734484587,STRUCTURAL,-0.8344923180430306,-200399.1608641864,28800.0,0,0,0,0,0,0,0,inf,inf,NA,1,5,5,5,25,6,0,0,CONTINUE,0,A,1,1,0,KEEP_STRUCTURAL_IN_ON_CUT,2,3,0,0,"tail_cont_enabled=1 tail_active_dims=(1,) tail_delta=0.1 tail_start=(6, 6, 6) returned_y=(0, 1, 6) returned_b=(0, 0, 1) returned_u=(0, 0, 0) returned_zcap=(0, 1, 6) max_tail_u=0",NA
120,P1_no_rho,263,1709.6264848000137,5.65135649999138,4.784373799921013,0.16903630003798753,0.01,53802.005097757035,53802.005097757035,-69869.77798978808,-51319.01052665631,0.0,-25965.932865161198,-74480.84815177145,-74480.83429413849,-59410.2734484587,-25965.932865161198,33444.3405832975,33444.340583297504,-27294.78932535585,36799.5,nan,nan,1.5000000000000002,10.0,0.0,0.0,10.0,0.85,CORE,MAIN,1.2138578506581754,0.25984855948624064,0.6,0.174,-59410.2734484587,STRUCTURAL,-0.8548312697868656,-200399.1608641864,28800.0,0,0,0,0,0,0,0,inf,inf,NA,1,5,5,5,25,6,0,0,CONTINUE,0,A,1,1,0,KEEP_STRUCTURAL_IN_ON_CUT,2,3,0,0,"tail_cont_enabled=1 tail_active_dims=(1,) tail_delta=0.1 tail_start=(6, 6, 6) returned_y=(0, 1, 6) returned_b=(0, 0, 1) returned_u=(0, 0, 0) returned_zcap=(0, 1, 6) max_tail_u=0",NA
120,P1_no_rho,264,1715.4743835000554,5.65135649999138,5.847247999976389,0.16477320005651563,0.01,42997.09307533408,42997.09307533408,-69869.77798978808,-52939.74733001976,0.0,-25965.932865161198,-74199.36015493977,-74199.34637552734,-59410.2734484587,-25965.932865161198,33444.3405832975,33444.340583297504,-27514.69106336088,36736.5,nan,nan,1.5000000000000002,10.0,0.0,0.0,10.0,0.85,CORE,MAIN,1.213781356804204,0.2595491862887904,0.6,0.174,-59410.2734484587,STRUCTURAL,-0.8471983869297375,-200399.1608641864,28800.0,0,0,0,0,0,0,0,inf,inf,NA,1,5,5,5,25,6,0,0,CONTINUE,0,A,1,1,0,KEEP_STRUCTURAL_IN_ON_CUT,2,3,0,0,"tail_cont_enabled=1 tail_active_dims=(1,) tail_delta=0.1 tail_start=(6, 6, 6) returned_y=(0, 1, 6) returned_b=(0, 0, 1) returned_u=(0, 0, 0) returned_zcap=(0, 1, 6) max_tail_u=0",NA
120,P1_no_rho,265,1726.154235700029,5.65135649999138,10.679243399994448,0.1675628999946639,0.01,35280.9014184219,35280.9014184219,-69869.77798978808,-54097.176078556586,0.0,-25965.932865161198,-74551.80580608426,-74551.79203525299,-59410.2734484587,-25965.932865161198,33444.3405832975,33444.340583297504,-26964.791997606055,36649.5,nan,nan,1.5000000000000002,10.0,0.0,0.0,10.0,0.85,CORE,MAIN,1.2136408855499021,0.261136471622865,0.6,0.174,-59410.2734484587,STRUCTURAL,-0.8656234516641322,-200399.1608641864,28800.0,0,0,0,0,0,0,0,inf,inf,NA,1,5,5,5,25,6,0,0,CONTINUE,0,A,1,1,0,KEEP_STRUCTURAL_IN_ON_CUT,2,3,0,0,"tail_cont_enabled=1 tail_active_dims=(1,) tail_delta=0.1 tail_start=(6, 6, 6) returned_y=(0, 6, 1) returned_b=(0, 1, 0) returned_u=(0, 0, 0) returned_zcap=(0, 6, 1) max_tail_u=0",NA
120,P1_no_rho,266,1731.7155829000985,5.65135649999138,5.560757499886677,0.14897729991935194,0.01,50846.62549585228,50846.62549585228,-69869.77798978808,-51762.317466942026,0.0,-25965.932865161198,-74843.4759667431,-74843.46227926717,-59410.2734484587,-25965.932865161198,33444.3405832975,33444.340583297504,-27056.772106568656,36354.0,nan,nan,1.5000000000000002,10.0,0.0,0.0,10.0,0.85,CORE,MAIN,1.2133869274293174,0.26100785978386676,0.6,0.174,-59410.2734484587,STRUCTURAL,-0.8763215450422425,-200399.1608641864,28800.0,0,0,0,0,0,0,0,inf,inf,NA,1,5,5,5,25,6,0,0,CONTINUE,0,A,1,1,0,KEEP_STRUCTURAL_IN_ON_CUT,2,3,0,0,"tail_cont_enabled=1 tail_active_dims=(1,) tail_delta=0.1 tail_start=(6, 6, 6) returned_y=(6, 0, 2) returned_b=(1, 0, 0) returned_u=(0, 0, 0) returned_zcap=(6, 0, 2) max_tail_u=0",NA
120,P1_no_rho,267,1737.053083900013,5.65135649999138,5.3369728999678046,0.15490119997411966,0.01,50224.64668814762,50224.64668814762,-69869.77798978808,-51855.61428809773,0.0,-25965.932865161198,-73717.15899144414,-73717.14549658503,-59410.2734484587,-25965.932865161198,33444.3405832975,33444.340583297504,-26664.163490968203,36278.0,nan,nan,1.5000000000000002,10.0,0.0,0.0,10.0,0.85,CORE,MAIN,1.213439821126907,0.2626742153571052,0.6,0.174,-59410.2734484587,STRUCTURAL,-0.8646743114397488,-200399.1608641864,28800.0,0,0,0,0,0,0,0,inf,inf,NA,1,5,5,5,25,6,0,0,CONTINUE,0,A,1,1,0,KEEP_STRUCTURAL_IN_ON_CUT,2,3,0,0,"tail_cont_enabled=1 tail_active_dims=(1,) tail_delta=0.1 tail_start=(6, 6, 6) returned_y=(6, 0, 2) returned_b=(1, 0, 0) returned_u=(0, 0, 0) returned_zcap=(6, 0, 2) max_tail_u=0",NA
120,P1_no_rho,268,1742.6190335000865,5.65135649999138,5.565587599994615,0.14624580007512122,0.01,45765.261380122385,45765.261380122385,-69869.77798978808,-52524.52208430151,0.0,-25965.932865161198,-75005.79253105404,-75005.7788171044,-59410.2734484587,-25965.932865161198,33444.3405832975,33444.340583297504,-26578.5051944197,36370.5,nan,nan,1.5000000000000002,10.0,0.0,0.0,10.0,0.85,CORE,MAIN,1.2145417606255429,0.25856695753805825,0.6,0.174,-59410.2734484587,STRUCTURAL,-0.8876658028289348,-200399.1608641864,28800.0,0,0,0,0,0,0,0,inf,inf,NA,1,5,5,5,25,6,0,0,CONTINUE,0,A,1,1,0,KEEP_STRUCTURAL_IN_ON_CUT,2,3,0,0,"tail_cont_enabled=1 tail_active_dims=(1,) tail_delta=0.1 tail_start=(6, 6, 6) returned_y=(6, 0, 2) returned_b=(1, 0, 0) returned_u=(0, 0, 0) returned_zcap=(6, 0, 2) max_tail_u=0",NA
120,P1_no_rho,269,1746.2738675000146,5.65135649999138,3.654128900030628,0.15689209999982268,0.01,50318.95192007745,50318.95192007745,-69869.77798978808,-51841.46850330825,0.0,-25965.932865161198,-72502.61355199935,-72502.60008708543,-59410.2734484587,-25965.932865161198,33444.3405832975,33444.340583297504,-26399.928258887157,36411.5,nan,nan,1.5000000000000002,10.0,0.0,0.0,10.0,0.85,CORE,MAIN,1.2148659415056384,0.2508451887956532,0.6,0.174,-59410.2734484587,STRUCTURAL,-0.8441045975071665,-200399.1608641864,28800.0,0,0,0,0,0,0,0,inf,inf,NA,1,5,5,5,25,6,0,0,CONTINUE,0,A,1,1,0,KEEP_STRUCTURAL_IN_ON_CUT,2,3,0,0,"tail_cont_enabled=1 tail_active_dims=(1,) tail_delta=0.1 tail_start=(6, 6, 6) returned_y=(0, 6, 1) returned_b=(0, 1, 0) returned_u=(0, 0, 0) returned_zcap=(0, 6, 1) max_tail_u=0",NA
120,P1_no_rho,270,1758.2247967000585,5.65135649999138,11.95043440000154,0.16157550003845245,0.01,45845.84343898495,45845.84343898495,-69869.77798978808,-52512.434775472124,0.0,-25965.932865161198,-74067.28371643946,-74067.27094955172,-59410.2734484587,-25965.932865161198,33444.3405832975,33444.340583297504,-25112.07144683106,37244.33333333333,nan,nan,1.5000000000000002,10.0,0.0,0.0,10.0,0.85,CORE,MAIN,1.21501399032445,0.26203648997685935,0.6,0.174,-59410.2734484587,STRUCTURAL,-0.8762890015075342,-200399.1608641864,28800.0,0,0,0,0,0,0,0,inf,inf,NA,1,5,5,5,25,6,0,0,CONTINUE,0,A,1,1,0,KEEP_STRUCTURAL_IN_ON_CUT,2,3,0,0,"tail_cont_enabled=1 tail_active_dims=(1,) tail_delta=0.1 tail_start=(6, 6, 6) returned_y=(1, 6, 0) returned_b=(0, 1, 0) returned_u=(0, 0.0833333, 0) returned_zcap=(1, 6.08333, 0) max_tail_u=0.0833333",NA
120,P1_no_rho,271,1763.2130536000477,5.65135649999138,4.987523699994199,0.15346989990212023,0.01,40957.671112870834,40957.671112870834,-69869.77798978808,-53245.660624389246,0.0,-25965.932865161198,-76002.5685100594,-76002.5545248148,-59410.2734484587,-25965.932865161198,33444.3405832975,33444.340583297504,-28605.944982568784,37412.5,nan,nan,1.5000000000000002,10.0,0.0,0.0,10.0,0.85,CORE,MAIN,1.2146981839884932,0.2592411776937611,0.6,0.174,-59410.2734484587,STRUCTURAL,-0.8445770716961091,-200399.1608641864,28800.0,0,0,0,0,0,0,0,inf,inf,NA,1,5,5,5,25,6,0,0,CONTINUE,0,A,1,1,0,KEEP_STRUCTURAL_IN_ON_CUT,2,3,0,0,"tail_cont_enabled=1 tail_active_dims=(1,) tail_delta=0.1 tail_start=(6, 6, 6) returned_y=(0, 1, 6) returned_b=(0, 0, 1) returned_u=(0, 0, 0) returned_zcap=(0, 1, 6) max_tail_u=0",NA
120,P1_no_rho,272,1769.3023695000447,5.65135649999138,6.088715099962428,0.15628769993782043,0.01,40587.49890480784,40587.49890480784,-69869.77798978808,-53301.1864555987,0.0,-25965.932865161198,-74870.16112548612,-74870.1471806369,-59410.2734484587,-25965.932865161198,33444.3405832975,33444.340583297504,-26873.617215052218,37281.5,nan,nan,1.5000000000000002,10.0,0.0,0.0,10.0,0.85,CORE,MAIN,1.214481320936828,0.260884182702392,0.6,0.174,-59410.2734484587,STRUCTURAL,-0.8582725116672641,-200399.1608641864,28800.0,0,0,0,0,0,0,0,inf,inf,NA,1,5,5,5,25,6,0,0,CONTINUE,0,A,1,1,0,KEEP_STRUCTURAL_IN_ON_CUT,2,3,0,0,"tail_cont_enabled=1 tail_active_dims=(1,) tail_delta=0.1 tail_start=(6, 6, 6) returned_y=(0, 1, 6) returned_b=(0, 0, 1) returned_u=(0, 0, 0) returned_zcap=(0, 1, 6) max_tail_u=0",NA
120,P1_no_rho,273,1773.0055352000054,5.65135649999138,3.7026577999349684,0.16024199989624321,0.01,46890.68526907528,46890.68526907528,-69869.77798978808,-52355.70850095858,0.0,-25965.932865161198,-71948.90907782034,-71948.89598462706,-59410.2734484587,-25965.932865161198,33444.3405832975,33444.340583297504,-25869.629945989942,35611.0,nan,nan,1.5000000000000002,10.0,0.0,0.0,10.0,0.85,CORE,MAIN,1.2145040670770622,0.26640062776844164,0.6,0.174,-59410.2734484587,STRUCTURAL,-0.8626410573256786,-200399.1608641864,28800.0,0,0,0,0,0,0,0,inf,inf,NA,1,5,5,5,25,6,0,0,CONTINUE,0,A,1,1,0,KEEP_STRUCTURAL_IN_ON_CUT,2,3,0,0,"tail_cont_enabled=1 tail_active_dims=(1,) tail_delta=0.1 tail_start=(6, 6, 6) returned_y=(6, 0, 2) returned_b=(1, 0, 0) returned_u=(0, 0, 0) returned_zcap=(6, 0, 2) max_tail_u=0",NA
120,P1_no_rho,274,1778.4487328000832,5.65135649999138,5.442615900072269,0.15905749995727092,0.01,44196.57019309319,44196.57019309319,-69869.77798978808,-52759.82576235589,0.0,-25965.932865161198,-74419.72147580225,-74419.70778323789,-59410.2734484587,-25965.932865161198,33444.3405832975,33444.340583297504,-26605.70774678507,36076.5,nan,nan,1.5000000000000002,10.0,0.0,0.0,10.0,0.85,CORE,MAIN,1.2144004458355213,0.2612143226927581,0.6,0.174,-59410.2734484587,STRUCTURAL,-0.8835668655302447,-200399.1608641864,28800.0,0,0,0,0,0,0,0,inf,inf,NA,1,5,5,5,25,6,0,0,CONTINUE,0,A,1,1,0,KEEP_STRUCTURAL_IN_ON_CUT,2,3,0,0,"tail_cont_enabled=1 tail_active_dims=(1,) tail_delta=0.1 tail_start=(6, 6, 6) returned_y=(6, 0, 2) returned_b=(1, 0, 0) returned_u=(0, 0, 0) returned_zcap=(6, 0, 2) max_tail_u=0",NA
120,P1_no_rho,275,1790.535269999993,5.65135649999138,12.085930699948221,0.1557834999402985,0.01,44296.59120374444,44296.59120374444,-69869.77798978808,-52744.8226107582,0.0,-25965.932865161198,-75674.92952195404,-75674.9156105389,-59410.2734484587,-25965.932865161198,33444.3405832975,33444.340583297504,-26816.22590432807,36523.5,nan,nan,1.5000000000000002,10.0,0.0,0.0,10.0,0.85,CORE,MAIN,1.2138862089932516,0.25989151601083793,0.6,0.174,-59410.2734484587,STRUCTURAL,-0.8918219722682805,-200399.1608641864,28800.0,0,0,0,0,0,0,0,inf,inf,NA,1,5,5,5,25,6,0,0,CONTINUE,0,A,1,1,0,KEEP_STRUCTURAL_IN_ON_CUT,2,3,0,0,"tail_cont_enabled=1 tail_active_dims=(1,) tail_delta=0.1 tail_start=(6, 6, 6) returned_y=(6, 0, 2) returned_b=(1, 0, 0) returned_u=(0, 0, 0) returned_zcap=(6, 0, 2) max_tail_u=0",NA
