S,algo,t,wall_time_sec,init_time_sec,outer_iter_time_sec,inner_time_sec,eps_in_t,eta_t_star,eta_out,eta_in,eta_sep,eta_cap,eta_bracket,inner_lb,inner_ub,global_lb,global_ub,outer_gap,objective_cert_gap,best_ub_primal_obj,best_ub_primal_residual,returned_primal_obj,returned_primal_residual,lambda_inf,lambda_out_inf,lambda_in_inf,rho,theta,alpha_eff,phase_label,phase_reason,center_inf,center_step,anchor_mix,directional_beta,dual_inc_eta,sep_anchor_reason,alpha_signal,best_feas_eta,best_feas_residual,close_signal_streak,close_lock_counter,close_bc_count,close_case_c_count,close_reset_count,close_feas_lock_count,close_shadow_active,close_repaired_gap,close_repaired_residual,close_repaired_tag,inner_rnc_iters,inner_eval_calls,num_rnc_samples,num_rnc_kept_cuts,num_master_cuts,cut_added,outer_gap_certified,final_solution_found,stop_reason,sep_ok,case_label,sep_cut,out_cut,mispricing_streak,in_update_reason,add_geo,add_sup,add_rep,cap_promoted,z_best_ub,returned_z
120,P1_no_rho,1,13.269476600107737,5.846348000108264,7.42297780001536,4.388115799985826,0.01,0.0,0.0,-77668.19743609,0.0,0.0,-26229.090898718794,-77668.19743609,-77668.18550379034,-77668.19743609,-26229.090898718794,51439.10653737121,51439.10653737119,-77668.18550379037,82200.0,nan,nan,0.0,0.0,0.0,0.0,10.0,0.0,HEADING_IN,WARMUP,0.0,0.0,0.8,0.0,-77668.19743609,BOOT_NONE,0.0,-77668.19743609,82200.0,0,0,0,0,0,0,0,inf,inf,NA,1,2,2,2,2,5,0,0,CONTINUE,0,A,1,1,0,BOOT_VALID_FROM_CUT,2,2,0,0,"tail_cont_enabled=1 tail_active_dims=(1,) tail_delta=0.1 tail_start=(6, 6, 6) returned_y=(0, 0, 0) returned_b=(0, 0, 0) returned_u=(0, 0, 0) returned_zcap=(0, 0, 0) max_tail_u=0",NA
120,P1_no_rho,2,17.42951830010861,5.846348000108264,4.159547600080259,1.4979774000821635,0.01,513407.8144962096,513407.8144962096,-77668.19743609,336085.01091651974,0.0,-26229.090898718794,-217073.39419838128,-217073.30903193937,-77668.19743609,-26229.090898718794,51439.10653737121,51439.10653737119,1326.6909680606464,31200.0,nan,nan,7.0,10.0,0.0,0.0,10.0,0.3,HEADING_IN,WARMUP,0.2659696382816356,0.2659696382816356,0.8,0.0,-77668.19743609,STRUCTURAL,-1.0,-217073.39419838128,31200.0,0,0,0,0,0,0,0,inf,inf,NA,2,3,3,3,4,7,0,0,CONTINUE,0,A,1,1,0,KEEP_STRUCTURAL_IN_ON_CUT,2,3,1,0,"tail_cont_enabled=1 tail_active_dims=(1,) tail_delta=0.1 tail_start=(6, 6, 6) returned_y=(6, 0, 2) returned_b=(1, 0, 0) returned_u=(0, 0, 0) returned_zcap=(6, 0, 2) max_tail_u=0",NA
120,P1_no_rho,3,20.543620300013572,5.846348000108264,3.113474200014025,0.1473615999566391,0.01,49242.69096806065,49242.69096806065,-77668.19743609,11169.42444681545,0.0,-26930.402566992805,-433691.5892268668,-433691.5042523481,-77668.19743609,-26930.402566992805,50737.7948690972,51439.10653737119,-27551.504252348142,58020.0,nan,nan,7.0,10.0,0.0,0.0,10.0,0.3,HEADING_IN,WARMUP,0.47694137125386726,0.2361915622763564,0.8,0.0,-77668.19743609,STRUCTURAL,-1.0,-217073.39419838128,31200.0,0,0,0,0,0,0,0,inf,inf,NA,2,4,4,4,8,7,0,0,CONTINUE,0,A,1,1,0,KEEP_STRUCTURAL_IN_ON_CUT,2,3,1,0,"tail_cont_enabled=1 tail_active_dims=(1,) tail_delta=0.1 tail_start=(6, 6, 6) returned_y=(0, 1, 6) returned_b=(0, 0, 1) returned_u=(0, 0, 0) returned_zcap=(0, 1, 6) max_tail_u=0",NA
120,P1_no_rho,4,24.143730800016783,5.846348000108264,3.5996344999875873,0.17682000005152076,0.01,22987.47648391067,22987.47648391067,-77668.19743609,-7209.225692089534,0.0,-26930.402566992805,-334505.8470951067,-334505.79036920035,-77668.19743609,-26930.402566992805,50737.7948690972,51439.10653737119,-45986.183570374174,71570.0,nan,nan,7.0,10.0,0.0,0.0,10.0,0.3,HEADING_IN,WARMUP,0.977656405526296,0.5007150342724287,0.8,0.0,-77668.19743609,STRUCTURAL,-0.5758989337089087,-217073.39419838128,31200.0,0,0,0,0,0,0,0,inf,inf,NA,2,5,5,5,12,7,0,0,CONTINUE,0,A,1,1,0,KEEP_STRUCTURAL_IN_ON_CUT,2,3,1,0,"tail_cont_enabled=1 tail_active_dims=(1,) tail_delta=0.1 tail_start=(6, 6, 6) returned_y=(1, 6, 0) returned_b=(0, 1, 0) returned_u=(0, 0.1, 0) returned_zcap=(1, 6.1, 0) max_tail_u=0.1",NA
120,P1_no_rho,5,37.03463280003052,5.846348000108264,12.89052279992029,0.1701318999985233,0.01,-10264.67046291971,-10264.67046291971,-77668.19743609,-30485.728554870795,0.0,-26930.402566992805,-207063.26000101143,-207063.21369321214,-77668.19743609,-26930.402566992805,50737.7948690972,50737.794869097204,-56515.79190426122,49483.0,nan,nan,7.0,10.0,0.0,0.0,10.0,0.3,HEADING_IN,WARMUP,1.4121802098451157,0.5774371229169599,0.8,0.0,-77668.19743609,STRUCTURAL,-0.43462956048094714,-217073.39419838128,31200.0,0,0,0,0,0,0,0,inf,inf,NA,1,5,5,5,16,6,0,0,CONTINUE,0,A,1,1,0,KEEP_STRUCTURAL_IN_ON_CUT,2,3,0,0,"tail_cont_enabled=1 tail_active_dims=(1,) tail_delta=0.1 tail_start=(6, 6, 6) returned_y=(1, 6, 0) returned_b=(0, 1, 0) returned_u=(0, 0.1, 0) returned_zcap=(1, 6.1, 0) max_tail_u=0.1",NA
120,P1_no_rho,6,40.254299300024286,5.846348000108264,3.2192525999853387,0.21322139992844313,0.01,-10708.814552959353,-10708.814552959353,-77668.19743609,-30796.629417898548,0.0,-26930.402566992805,-265529.1928056613,-265529.1308528148,-77668.19743609,-26930.402566992805,50737.7948690972,50737.794869097204,-48362.54046940176,51579.0,nan,nan,7.0,10.0,0.0,0.0,10.0,0.3,HEADING_IN,WARMUP,1.3799902832951094,0.5915045712452839,0.8,0.0,-77668.19743609,STRUCTURAL,-0.6014811963435092,-217073.39419838128,31200.0,0,0,0,0,0,0,0,inf,inf,NA,1,5,5,5,19,6,0,0,CONTINUE,0,A,1,1,0,KEEP_STRUCTURAL_IN_ON_CUT,2,3,0,0,"tail_cont_enabled=1 tail_active_dims=(1,) tail_delta=0.1 tail_start=(6, 6, 6) returned_y=(1, 6, 0) returned_b=(0, 1, 0) returned_u=(0, 0.1, 0) returned_zcap=(1, 6.1, 0) max_tail_u=0.1",NA
120,P1_no_rho,7,44.17159840010572,5.846348000108264,3.9168149000033736,0.163760400027968,0.01,-11808.72634058457,-11808.72634058457,-77668.19743609,-31566.5676692362,0.0,-26930.402566992805,-267160.7177548284,-267160.6550449988,-77668.19743609,-26930.402566992805,50737.7948690972,50737.794869097204,-48207.48980179719,56113.5,nan,nan,7.0,10.0,0.0,0.0,10.0,0.3,HEADING_IN,WARMUP,1.7687508834897279,0.5577715550857978,0.8,0.0,-77668.19743609,STRUCTURAL,-0.5574242135345622,-217073.39419838128,31200.0,0,0,0,0,0,0,0,inf,inf,NA,1,5,5,5,21,6,0,0,CONTINUE,0,A,1,1,0,KEEP_STRUCTURAL_IN_ON_CUT,2,3,0,0,"tail_cont_enabled=1 tail_active_dims=(1,) tail_delta=0.1 tail_start=(6, 6, 6) returned_y=(1, 6, 0) returned_b=(0, 1, 0) returned_u=(0, 0.1, 0) returned_zcap=(1, 6.1, 0) max_tail_u=0.1",NA
120,P1_no_rho,8,46.94293670007028,5.846348000108264,2.7706704000011086,0.1697342999977991,0.01,-7019.671030831488,-7019.671030831488,-77668.19743609,-28214.22895240904,0.0,-26930.402566992805,-312725.0648814996,-312724.99191362096,-77668.19743609,-26930.402566992805,50737.7948690972,50737.794869097204,-45970.81906106661,50801.0,nan,nan,7.0,10.0,0.0,0.0,10.0,0.3,HEADING_IN,WARMUP,2.114965805768611,0.6810072794000328,0.8,0.0,-77668.19743609,STRUCTURAL,-0.7501375756173368,-217073.39419838128,31200.0,0,0,0,0,0,0,0,inf,inf,NA,1,5,5,5,21,6,0,0,CONTINUE,0,A,1,1,0,KEEP_STRUCTURAL_IN_ON_CUT,2,3,0,0,"tail_cont_enabled=1 tail_active_dims=(1,) tail_delta=0.1 tail_start=(6, 6, 6) returned_y=(6, 0, 2) returned_b=(1, 0, 0) returned_u=(0, 0, 0) returned_zcap=(6, 0, 2) max_tail_u=0",NA
120,P1_no_rho,9,50.83479620004073,5.846348000108264,3.8913425999926403,0.17470159998629242,0.01,190608.0827112682,190608.0827112682,-77668.19743609,-37426.75541398628,0.0,-26930.402566992805,-60357.74299170577,-60357.732427822724,-60357.74299170577,-26930.402566992805,33427.340424712966,33427.340424712966,-18136.782476961176,35967.5,nan,nan,1.5000000000000002,10.0,0.0,0.0,10.0,0.85,CORE,FORCE_CORE,1.7847813848687846,1.0559081505357013,0.6,0.174,-60357.74299170577,STRUCTURAL,-0.7825759356986455,-217073.39419838128,31200.0,0,0,0,0,0,0,0,inf,inf,NA,2,6,6,6,21,7,0,0,CONTINUE,0,A,1,1,0,KEEP_STRUCTURAL_IN_ON_CUT,2,3,1,0,"tail_cont_enabled=1 tail_active_dims=(1,) tail_delta=0.1 tail_start=(6, 6, 6) returned_y=(6, 2, 0) returned_b=(1, 0, 0) returned_u=(0, 0, 0) returned_zcap=(6, 2, 0) max_tail_u=0",NA
120,P1_no_rho,10,65.5807374001015,5.846348000108264,14.74553320009727,0.21625779999885708,0.01,128906.14585433467,128906.14585433467,-77668.19743609,-46682.04594252631,0.0,-27163.020321375574,-111939.63974198035,-111939.62318093218,-60357.74299170577,-27163.020321375574,33194.72267033019,33194.7226703302,-39907.006015151164,56745.0,nan,nan,1.5000000000000002,10.0,0.0,0.0,10.0,0.85,CORE,FORCE_CORE,1.5654398330498536,0.7002714325424706,0.6,0.12,-60357.74299170577,STRUCTURAL,-0.8462727073255325,-217073.39419838128,31200.0,0,0,0,0,0,0,0,inf,inf,NA,1,5,5,5,22,6,0,0,CONTINUE,0,A,1,1,0,KEEP_STRUCTURAL_IN_ON_CUT,2,3,0,0,"tail_cont_enabled=1 tail_active_dims=(1,) tail_delta=0.1 tail_start=(6, 6, 6) returned_y=(0, 1, 6) returned_b=(0, 0, 1) returned_u=(0, 0, 0) returned_zcap=(0, 1, 6) max_tail_u=0",NA
120,P1_no_rho,11,69.04606710001826,5.846348000108264,3.4647738999919966,0.20035469997674227,0.01,73038.16127873622,73038.16127873622,-77668.19743609,-55062.243628866076,0.0,-27163.020321375574,-86457.10541027023,-86457.09069719215,-60357.74299170577,-27163.020321375574,33194.72267033019,33194.7226703302,-34433.797060964505,42186.5,nan,nan,1.5000000000000002,10.0,0.0,0.0,10.0,0.85,CORE,FORCE_CORE,1.4182607402216634,0.4868336322357121,0.6,0.13799999999999998,-60357.74299170577,STRUCTURAL,-0.8221159792228575,-217073.39419838128,31200.0,0,0,0,0,0,0,0,inf,inf,NA,2,6,6,6,22,7,0,0,CONTINUE,0,A,1,1,0,KEEP_STRUCTURAL_IN_ON_CUT,2,3,1,0,"tail_cont_enabled=1 tail_active_dims=(1,) tail_delta=0.1 tail_start=(6, 6, 6) returned_y=(0, 6, 1) returned_b=(0, 1, 0) returned_u=(0, 0, 0) returned_zcap=(0, 6, 1) max_tail_u=0",NA
120,P1_no_rho,12,72.45599400007632,5.846348000108264,3.40953210007865,0.1647147999610752,0.01,50347.67491942533,50347.67491942533,-77668.19743609,-58465.81658276271,0.0,-27163.020321375574,-85356.24180465947,-85356.22658507801,-60357.74299170577,-27163.020321375574,33194.72267033019,33194.7226703302,-34185.58419075486,41094.0,nan,nan,1.5000000000000002,10.0,0.0,0.0,10.0,0.85,CORE,FORCE_CORE,1.3244630081878297,0.33804677180320264,0.6,0.156,-60357.74299170577,STRUCTURAL,-0.8301397186016313,-217073.39419838128,31200.0,0,0,0,0,0,0,0,inf,inf,NA,1,5,5,5,23,6,0,0,CONTINUE,0,A,1,1,0,KEEP_STRUCTURAL_IN_ON_CUT,2,3,0,0,"tail_cont_enabled=1 tail_active_dims=(1,) tail_delta=0.1 tail_start=(6, 6, 6) returned_y=(0, 6, 1) returned_b=(0, 1, 0) returned_u=(0, 0, 0) returned_zcap=(0, 6, 1) max_tail_u=0",NA
120,P1_no_rho,13,77.37422400002833,5.846348000108264,4.917797699919902,0.1623074000235647,0.01,34175.35769449169,34175.35769449169,-77668.19743609,-60891.66416650276,0.0,-27163.020321375574,-83111.89263860817,-83111.8774960596,-60357.74299170577,-27163.020321375574,33194.72267033019,33194.7226703302,-34342.11444419239,39959.0,nan,nan,1.5000000000000002,10.0,0.0,0.0,10.0,0.85,CORE,FORCE_CORE,1.265410185384459,0.28872736570115776,0.6,0.174,-60357.74299170577,STRUCTURAL,-0.813663389171688,-217073.39419838128,31200.0,0,0,0,0,0,0,0,inf,inf,NA,1,5,5,5,23,6,0,0,CONTINUE,0,A,1,1,0,KEEP_STRUCTURAL_IN_ON_CUT,2,3,0,0,"tail_cont_enabled=1 tail_active_dims=(1,) tail_delta=0.1 tail_start=(6, 6, 6) returned_y=(0, 6, 1) returned_b=(0, 1, 0) returned_u=(0, 0, 0) returned_zcap=(0, 6, 1) max_tail_u=0",NA
120,P1_no_rho,14,81.53521710005589,5.846348000108264,4.160472100018524,0.16422279994003475,0.01,29230.768908996117,29230.768908996117,-77668.19743609,-61633.35248432709,0.0,-27163.020321375574,-89295.74203437279,-89295.72580663848,-60357.74299170577,-27163.020321375574,33194.72267033019,33194.7226703302,-35910.03466828714,39871.5,nan,nan,1.5000000000000002,10.0,0.0,0.0,10.0,0.85,CORE,FORCE_CORE,1.2285131718610136,0.278697970579479,0.6,0.174,-60357.74299170577,STRUCTURAL,-0.8926290899239021,-217073.39419838128,31200.0,0,0,0,0,0,0,0,inf,inf,NA,1,5,5,5,23,6,0,0,CONTINUE,0,A,1,1,0,KEEP_STRUCTURAL_IN_ON_CUT,2,3,0,0,"tail_cont_enabled=1 tail_active_dims=(1,) tail_delta=0.1 tail_start=(6, 6, 6) returned_y=(6, 2, 0) returned_b=(1, 0, 0) returned_u=(0, 0, 0) returned_zcap=(6, 2, 0) max_tail_u=0",NA
120,P1_no_rho,15,92.08892570005264,5.846348000108264,10.553293299977668,0.16414630005601794,0.01,16587.831698305872,16587.831698305872,-77668.19743609,-63529.79306593063,0.0,-27163.020321375574,-87329.27795555089,-87329.26293172529,-60357.74299170577,-27163.020321375574,33194.72267033019,33194.7226703302,-34881.41795445482,40495.5,nan,nan,1.5000000000000002,10.0,0.0,0.0,10.0,0.85,CORE,MAIN,1.221606441381911,0.27091818977633,0.6,0.174,-60357.74299170577,STRUCTURAL,-0.8634349491881068,-217073.39419838128,31200.0,0,0,0,0,0,0,0,inf,inf,NA,1,5,5,5,23,6,0,0,CONTINUE,0,A,1,1,0,KEEP_STRUCTURAL_IN_ON_CUT,2,3,0,0,"tail_cont_enabled=1 tail_active_dims=(1,) tail_delta=0.1 tail_start=(6, 6, 6) returned_y=(6, 2, 0) returned_b=(1, 0, 0) returned_u=(0, 0, 0) returned_zcap=(6, 2, 0) max_tail_u=0",NA
120,P1_no_rho,16,95.28492680005729,5.846348000108264,3.1954643999924883,0.176198499975726,0.01,137689.11018151746,137689.11018151746,-77668.19743609,-45364.60129344888,0.0,-27163.020321375574,-73148.88584783985,-73148.87271220077,-60357.74299170577,-27163.020321375574,33194.72267033019,33194.7226703302,-23855.70157415484,35796.5,nan,nan,1.5000000000000002,10.0,0.0,0.0,10.0,0.85,CORE,MAIN,1.2143843388640958,0.2811180133085951,0.6,0.174,-60357.74299170577,STRUCTURAL,-0.9180258989574573,-217073.39419838128,31200.0,0,0,0,0,0,0,0,inf,inf,NA,1,5,5,5,23,6,0,0,CONTINUE,0,A,1,1,0,KEEP_STRUCTURAL_IN_ON_CUT,2,3,0,0,"tail_cont_enabled=1 tail_active_dims=(1,) tail_delta=0.1 tail_start=(6, 6, 6) returned_y=(6, 2, 0) returned_b=(1, 0, 0) returned_u=(0, 0, 0) returned_zcap=(6, 2, 0) max_tail_u=0",NA
120,P1_no_rho,17,98.96994340000674,5.846348000108264,3.68425379996188,0.16518690006341785,0.01,56976.56393372915,56976.56393372915,-77668.19743609,-57471.48323061714,0.0,-27163.020321375574,-72314.57780977694,-72314.56416105811,-60357.74299170577,-27163.020321375574,33194.72267033019,33194.7226703302,-27727.079773436682,34013.0,nan,nan,1.5000000000000002,10.0,0.0,0.0,10.0,0.85,CORE,MAIN,1.2111932929893432,0.27813931745634224,0.6,0.174,-60357.74299170577,STRUCTURAL,-0.8739302499558291,-217073.39419838128,31200.0,0,0,0,0,0,0,0,inf,inf,NA,1,5,5,5,23,6,0,0,CONTINUE,0,A,1,1,0,KEEP_STRUCTURAL_IN_ON_CUT,2,3,0,0,"tail_cont_enabled=1 tail_active_dims=(1,) tail_delta=0.1 tail_start=(6, 6, 6) returned_y=(6, 2, 0) returned_b=(1, 0, 0) returned_u=(0, 0, 0) returned_zcap=(6, 2, 0) max_tail_u=0",NA
120,P1_no_rho,18,102.38466130010784,5.846348000108264,3.4141444000415504,0.16098350007086992,0.01,47847.504892470206,47847.504892470206,-77668.19743609,-58840.84208680598,0.0,-27163.020321375574,-67156.05310595852,-67156.04060245978,-60357.74299170577,-27163.020321375574,33194.72267033019,33194.7226703302,-24600.14499404478,34427.5,nan,nan,1.5000000000000002,10.0,0.0,0.0,10.0,0.85,CORE,MAIN,1.2079003461662365,0.2816270648946705,0.6,0.174,-60357.74299170577,STRUCTURAL,-0.8240678838799409,-217073.39419838128,31200.0,0,0,0,0,0,0,0,inf,inf,NA,1,5,5,5,23,6,0,0,CONTINUE,0,A,1,1,0,KEEP_STRUCTURAL_IN_ON_CUT,2,3,0,0,"tail_cont_enabled=1 tail_active_dims=(1,) tail_delta=0.1 tail_start=(6, 6, 6) returned_y=(0, 6, 1) returned_b=(0, 1, 0) returned_u=(0, 0, 0) returned_zcap=(0, 6, 1) max_tail_u=0",NA
120,P1_no_rho,19,105.77970140008256,5.846348000108264,3.394575500045903,0.17601180006749928,0.01,33709.49693555567,33709.49693555567,-77668.19743609,-60961.54328034316,0.0,-27163.020321375574,-74563.20595395713,-74563.19221910922,-60357.74299170577,-27163.020321375574,33194.72267033019,33194.7226703302,-29688.41501752386,37250.0,nan,nan,1.5000000000000002,10.0,0.0,0.0,10.0,0.85,CORE,MAIN,1.2058898303565155,0.27784773023117304,0.6,0.174,-60357.74299170577,STRUCTURAL,-0.8031280036077912,-217073.39419838128,31200.0,0,0,0,0,0,0,0,inf,inf,NA,1,5,5,5,23,6,0,0,CONTINUE,0,A,1,1,0,KEEP_STRUCTURAL_IN_ON_CUT,2,3,0,0,"tail_cont_enabled=1 tail_active_dims=(1,) tail_delta=0.1 tail_start=(6, 6, 6) returned_y=(0, 6, 1) returned_b=(0, 1, 0) returned_u=(0, 0, 0) returned_zcap=(0, 6, 1) max_tail_u=0",NA
120,P1_no_rho,20,114.02569140004925,5.846348000108264,8.245444600004703,0.1578162000514567,0.01,28932.817869953265,28932.817869953265,-77668.19743609,-61678.045140183516,0.0,-27163.020321375574,-78613.1492400301,-78613.13477767205,-60357.74299170577,-27163.020321375574,33194.72267033019,33194.7226703302,-32031.348325358496,38474.0,nan,nan,1.5000000000000002,10.0,0.0,0.0,10.0,0.85,CORE,MAIN,1.2043001686644175,0.26174810826472616,0.6,0.174,-60357.74299170577,STRUCTURAL,-0.8071561132594057,-217073.39419838128,31200.0,0,0,0,0,0,0,0,inf,inf,NA,1,5,5,5,23,6,0,0,CONTINUE,0,A,1,1,0,KEEP_STRUCTURAL_IN_ON_CUT,2,3,0,0,"tail_cont_enabled=1 tail_active_dims=(1,) tail_delta=0.1 tail_start=(6, 6, 6) returned_y=(0, 6, 1) returned_b=(0, 1, 0) returned_u=(0, 0, 0) returned_zcap=(0, 6, 1) max_tail_u=0",NA
120,P1_no_rho,21,117.00253000005614,5.846348000108264,2.9765188000164926,0.16676270007155836,0.01,21516.518697859396,21516.518697859396,-77668.19743609,-62790.4900159976,0.0,-27163.020321375574,-84209.08286267382,-84209.06747541996,-60357.74299170577,-27163.020321375574,33194.72267033019,33194.7226703302,-33956.00364472832,40382.0,nan,nan,1.5000000000000002,10.0,0.0,0.0,10.0,0.85,CORE,MAIN,1.2020130651738126,0.2445521443243317,0.6,0.174,-60357.74299170577,STRUCTURAL,-0.8296281153433317,-217073.39419838128,31200.0,0,0,0,0,0,0,0,inf,inf,NA,1,5,5,5,23,6,0,0,CONTINUE,0,A,1,1,0,KEEP_STRUCTURAL_IN_ON_CUT,2,3,0,0,"tail_cont_enabled=1 tail_active_dims=(1,) tail_delta=0.1 tail_start=(6, 6, 6) returned_y=(0, 1, 6) returned_b=(0, 0, 1) returned_u=(0, 0, 0) returned_zcap=(0, 1, 6) max_tail_u=0",NA
120,P1_no_rho,22,120.74925160000566,5.846348000108264,3.7463342999108136,0.16152029996737838,0.01,37632.304108038516,37632.304108038516,-77668.19743609,-60373.12220447073,0.0,-27163.020321375574,-86357.90756588033,-86357.89179271163,-60357.74299170577,-27163.020321375574,33194.72267033019,33194.7226703302,-35323.96893160872,38752.0,nan,nan,1.5000000000000002,10.0,0.0,0.0,10.0,0.85,CORE,MAIN,1.1985463068318611,0.24300490483564374,0.6,0.174,-60357.74299170577,STRUCTURAL,-0.877957660010716,-217073.39419838128,31200.0,0,0,0,0,0,0,0,inf,inf,NA,1,5,5,5,23,6,0,0,CONTINUE,0,A,1,1,0,KEEP_STRUCTURAL_IN_ON_CUT,2,3,0,0,"tail_cont_enabled=1 tail_active_dims=(1,) tail_delta=0.1 tail_start=(6, 6, 6) returned_y=(6, 2, 0) returned_b=(1, 0, 0) returned_u=(0, 0, 0) returned_zcap=(6, 2, 0) max_tail_u=0",NA
120,P1_no_rho,23,124.513555200072,5.846348000108264,3.763729800004512,0.17226960009429604,0.01,66951.47243929325,66951.47243929325,-77668.19743609,-55975.24695478252,0.0,-27163.020321375574,-78158.86187847618,-78158.84712151189,-60357.74299170577,-27163.020321375574,33194.72267033019,33194.7226703302,-28543.474571672472,38544.5,nan,nan,1.5000000000000002,10.0,0.0,0.0,10.0,0.85,CORE,MAIN,1.1965305510973194,0.2596096943232653,0.6,0.174,-60357.74299170577,STRUCTURAL,-0.8581487639799783,-217073.39419838128,31200.0,0,0,0,0,0,0,0,inf,inf,NA,1,5,5,5,23,6,0,0,CONTINUE,0,A,1,1,0,KEEP_STRUCTURAL_IN_ON_CUT,2,3,0,0,"tail_cont_enabled=1 tail_active_dims=(1,) tail_delta=0.1 tail_start=(6, 6, 6) returned_y=(0, 6, 1) returned_b=(0, 1, 0) returned_u=(0, 0, 0) returned_zcap=(0, 6, 1) max_tail_u=0",NA
120,P1_no_rho,24,128.1743614000734,5.846348000108264,3.660195600008592,0.1750469000544399,0.01,55254.48278839247,55254.48278839247,-77668.19743609,-57729.795402417636,0.0,-27163.020321375574,-78566.6959228273,-78566.68116203949,-60357.74299170577,-27163.020321375574,33194.72267033019,33194.7226703302,-30048.397423544026,35697.0,nan,nan,1.5000000000000002,10.0,0.0,0.0,10.0,0.85,CORE,MAIN,1.2005175568104853,0.25837588272300793,0.6,0.174,-60357.74299170577,STRUCTURAL,-0.9061131885685157,-217073.39419838128,31200.0,0,0,0,0,0,0,0,inf,inf,NA,1,5,5,5,23,6,0,0,CONTINUE,0,A,1,1,0,KEEP_STRUCTURAL_IN_ON_CUT,2,3,0,0,"tail_cont_enabled=1 tail_active_dims=(1,) tail_delta=0.1 tail_start=(6, 6, 6) returned_y=(6, 2, 0) returned_b=(1, 0, 0) returned_u=(0, 0, 0) returned_zcap=(6, 2, 0) max_tail_u=0",NA
120,P1_no_rho,25,135.0308014000766,5.846348000108264,6.8560224999673665,0.20168469997588545,0.01,86938.03063252274,86938.03063252274,-77668.19743609,-52977.263225798095,0.0,-27163.020321375574,-69098.69179251317,-69098.67848996272,-60357.74299170577,-27163.020321375574,33194.72267033019,33194.7226703302,-25209.825181843546,33260.0,nan,nan,1.5000000000000002,10.0,0.0,0.0,10.0,0.85,CORE,MAIN,1.2011743816021458,0.2762399123356204,0.6,0.174,-60357.74299170577,STRUCTURAL,-0.8797124335161188,-217073.39419838128,31200.0,0,0,0,0,0,0,0,inf,inf,NA,1,5,5,5,23,6,0,0,CONTINUE,0,A,1,1,0,KEEP_STRUCTURAL_IN_ON_CUT,2,3,0,0,"tail_cont_enabled=1 tail_active_dims=(1,) tail_delta=0.1 tail_start=(6, 6, 6) returned_y=(6, 2, 0) returned_b=(1, 0, 0) returned_u=(0, 0, 0) returned_zcap=(6, 2, 0) max_tail_u=0",NA
120,P1_no_rho,26,138.78877290000673,5.846348000108264,3.7568201000103727,0.15748629998415709,0.01,55055.35358063491,55055.35358063491,-77668.19743609,-57759.66478358127,0.0,-27163.020321375574,-77551.1886959494,-77551.17426825702,-60357.74299170577,-27163.020321375574,33194.72267033019,33194.7226703302,-30255.478156342513,37038.5,nan,nan,1.5000000000000002,10.0,0.0,0.0,10.0,0.85,CORE,MAIN,1.2012441552860418,0.25802633100867933,0.6,0.174,-60357.74299170577,STRUCTURAL,-0.8512889041027492,-217073.39419838128,31200.0,0,0,0,0,0,0,0,inf,inf,NA,1,5,5,5,23,6,0,0,CONTINUE,0,A,1,1,0,KEEP_STRUCTURAL_IN_ON_CUT,2,3,0,0,"tail_cont_enabled=1 tail_active_dims=(1,) tail_delta=0.1 tail_start=(6, 6, 6) returned_y=(6, 2, 0) returned_b=(1, 0, 0) returned_u=(0, 0, 0) returned_zcap=(6, 2, 0) max_tail_u=0",NA
120,P1_no_rho,27,142.72595230001025,5.846348000108264,3.936589999939315,0.16938889992889017,0.01,55367.113094054075,55367.113094054075,-77668.19743609,-57712.9008565684,0.0,-27163.020321375574,-78025.18324224857,-78025.16871521191,-60357.74299170577,-27163.020321375574,33194.72267033019,33194.7226703302,-31031.86654866675,35946.0,nan,nan,1.5000000000000002,10.0,0.0,0.0,10.0,0.85,CORE,MAIN,1.2013732576207374,0.25690446770674447,0.6,0.174,-60357.74299170577,STRUCTURAL,-0.87155366691788,-217073.39419838128,31200.0,0,0,0,0,0,0,0,inf,inf,NA,1,5,5,5,23,6,0,0,CONTINUE,0,A,1,1,0,KEEP_STRUCTURAL_IN_ON_CUT,2,3,0,0,"tail_cont_enabled=1 tail_active_dims=(1,) tail_delta=0.1 tail_start=(6, 6, 6) returned_y=(6, 2, 0) returned_b=(1, 0, 0) returned_u=(0, 0, 0) returned_zcap=(6, 2, 0) max_tail_u=0",NA
120,P1_no_rho,28,146.30954930000007,5.846348000108264,3.5832403999520466,0.1543493999633938,0.01,34620.389225873405,34620.389225873405,-77668.19743609,-60824.9094367955,0.0,-27163.020321375574,-69524.6992226014,-69524.68624137982,-60357.74299170577,-27163.020321375574,33194.72267033019,33194.7226703302,-26735.640198708406,36089.0,nan,nan,1.5000000000000002,10.0,0.0,0.0,10.0,0.85,CORE,MAIN,1.2036765212366392,0.2692259190969233,0.6,0.174,-60357.74299170577,STRUCTURAL,-0.7904356090530155,-217073.39419838128,31200.0,0,0,0,0,0,0,0,inf,inf,NA,1,5,5,5,23,6,0,0,CONTINUE,0,A,1,1,0,KEEP_STRUCTURAL_IN_ON_CUT,2,3,0,0,"tail_cont_enabled=1 tail_active_dims=(1,) tail_delta=0.1 tail_start=(6, 6, 6) returned_y=(0, 6, 1) returned_b=(0, 1, 0) returned_u=(0, 0, 0) returned_zcap=(0, 6, 1) max_tail_u=0",NA
120,P1_no_rho,29,149.35920740000438,5.846348000108264,3.049036999931559,0.19347870000638068,0.01,32174.99543981066,32174.99543981066,-77668.19743609,-61191.71850470491,0.0,-27163.020321375574,-81987.19680829141,-81987.18171022873,-60357.74299170577,-27163.020321375574,33194.72267033019,33194.7226703302,-33448.025359259766,40234.0,nan,nan,1.5000000000000002,10.0,0.0,0.0,10.0,0.85,CORE,MAIN,1.2035701844601827,0.24125825698297876,0.6,0.174,-60357.74299170577,STRUCTURAL,-0.8042808959415579,-217073.39419838128,31200.0,0,0,0,0,0,0,0,inf,inf,NA,1,5,5,5,23,6,0,0,CONTINUE,0,A,1,1,0,KEEP_STRUCTURAL_IN_ON_CUT,2,3,0,0,"tail_cont_enabled=1 tail_active_dims=(1,) tail_delta=0.1 tail_start=(6, 6, 6) returned_y=(0, 6, 1) returned_b=(0, 1, 0) returned_u=(0, 0, 0) returned_zcap=(0, 6, 1) max_tail_u=0",NA
120,P1_no_rho,30,157.2299650000641,5.846348000108264,7.8703855000203475,0.15673109993804246,0.01,51649.254481000244,51649.254481000244,-77668.19743609,-58270.57964852647,0.0,-27163.020321375574,-81080.57437621338,-81080.5592467506,-60357.74299170577,-27163.020321375574,33194.72267033019,33194.7226703302,-30013.798605389948,39167.0,nan,nan,1.5000000000000002,10.0,0.0,0.0,10.0,0.85,CORE,MAIN,1.202724097852994,0.25201705606686264,0.6,0.174,-60357.74299170577,STRUCTURAL,-0.8692140601588182,-217073.39419838128,31200.0,0,0,0,0,0,0,0,inf,inf,NA,1,5,5,5,23,6,0,0,CONTINUE,0,A,1,1,0,KEEP_STRUCTURAL_IN_ON_CUT,2,3,0,0,"tail_cont_enabled=1 tail_active_dims=(1,) tail_delta=0.1 tail_start=(6, 6, 6) returned_y=(0, 6, 1) returned_b=(0, 1, 0) returned_u=(0, 0, 0) returned_zcap=(0, 6, 1) max_tail_u=0",NA
120,P1_no_rho,31,160.7581310000969,5.846348000108264,3.5276521000778303,0.16239090007729828,0.01,44363.01869818314,44363.01869818314,-77668.19743609,-59363.51501594904,0.0,-27163.020321375574,-79136.57658947204,-79136.56175305376,-60357.74299170577,-27163.020321375574,33194.72267033019,33194.7226703302,-30379.114932920984,39803.5,nan,nan,1.5000000000000002,10.0,0.0,0.0,10.0,0.85,CORE,MAIN,1.201822047524828,0.2581145427190177,0.6,0.174,-60357.74299170577,STRUCTURAL,-0.8166358372192194,-217073.39419838128,31200.0,0,0,0,0,0,0,0,inf,inf,NA,1,5,5,5,23,6,0,0,CONTINUE,0,A,1,1,0,KEEP_STRUCTURAL_IN_ON_CUT,2,3,0,0,"tail_cont_enabled=1 tail_active_dims=(1,) tail_delta=0.1 tail_start=(6, 6, 6) returned_y=(0, 6, 1) returned_b=(0, 1, 0) returned_u=(0, 0, 0) returned_zcap=(0, 6, 1) max_tail_u=0",NA
120,P1_no_rho,32,163.68638480000664,5.846348000108264,2.927737999940291,0.2009446999290958,0.01,79725.81756933607,79725.81756933607,-77668.19743609,-54059.0951852761,0.0,-27163.020321375574,-70322.26488254404,-70322.25138741353,-60357.74299170577,-27163.020321375574,33194.72267033019,33194.7226703302,-25586.604120924076,36004.5,nan,nan,1.5000000000000002,10.0,0.0,0.0,10.0,0.85,CORE,MAIN,1.203127586970456,0.27151072721757274,0.6,0.174,-60357.74299170577,STRUCTURAL,-0.8283343705460791,-217073.39419838128,31200.0,0,0,0,0,0,0,0,inf,inf,NA,1,5,5,5,23,6,0,0,CONTINUE,0,A,1,1,0,KEEP_STRUCTURAL_IN_ON_CUT,2,3,0,0,"tail_cont_enabled=1 tail_active_dims=(1,) tail_delta=0.1 tail_start=(6, 6, 6) returned_y=(0, 6, 1) returned_b=(0, 1, 0) returned_u=(0, 0, 0) returned_zcap=(0, 6, 1) max_tail_u=0",NA
120,P1_no_rho,33,167.50897510000505,5.846348000108264,3.822225399897434,0.1532407000195235,0.01,43563.02222875918,43563.02222875918,-77668.19743609,-59483.514486362634,0.0,-27163.020321375574,-76193.27233037673,-76193.2580274556,-60357.74299170577,-27163.020321375574,33194.72267033019,33194.7226703302,-28634.69813546986,37160.5,nan,nan,1.5000000000000002,10.0,0.0,0.0,10.0,0.85,CORE,MAIN,1.2038580027756174,0.2586753915170158,0.6,0.174,-60357.74299170577,STRUCTURAL,-0.8532099028446106,-217073.39419838128,31200.0,0,0,0,0,0,0,0,inf,inf,NA,1,5,5,5,23,6,0,0,CONTINUE,0,A,1,1,0,KEEP_STRUCTURAL_IN_ON_CUT,2,3,0,0,"tail_cont_enabled=1 tail_active_dims=(1,) tail_delta=0.1 tail_start=(6, 6, 6) returned_y=(0, 6, 1) returned_b=(0, 1, 0) returned_u=(0, 0, 0) returned_zcap=(0, 6, 1) max_tail_u=0",NA
120,P1_no_rho,34,171.18772500008345,5.846348000108264,3.678186099976301,0.1518962999107316,0.01,42316.19703370067,42316.19703370067,-77668.19743609,-59670.538265621406,0.0,-27163.020321375574,-78427.83250280244,-78427.81783477942,-60357.74299170577,-27163.020321375574,33194.72267033019,33194.7226703302,-30029.142851324217,38388.0,nan,nan,1.5000000000000002,10.0,0.0,0.0,10.0,0.85,CORE,MAIN,1.2039806896772083,0.2571646431332293,0.6,0.174,-60357.74299170577,STRUCTURAL,-0.8405174357169806,-217073.39419838128,31200.0,0,0,0,0,0,0,0,inf,inf,NA,1,5,5,5,23,6,0,0,CONTINUE,0,A,1,1,0,KEEP_STRUCTURAL_IN_ON_CUT,2,3,0,0,"tail_cont_enabled=1 tail_active_dims=(1,) tail_delta=0.1 tail_start=(6, 6, 6) returned_y=(0, 6, 1) returned_b=(0, 1, 0) returned_u=(0, 0, 0) returned_zcap=(0, 6, 1) max_tail_u=0",NA
120,P1_no_rho,35,178.507165200077,5.846348000108264,7.318971500033513,0.16661569999996573,0.01,61162.48579791407,61162.48579791407,-77668.19743609,-56843.5949509894,0.0,-27163.020321375574,-75257.5833581864,-75257.56932342438,-60357.74299170577,-27163.020321375574,33194.72267033019,33194.7226703302,-28059.101772408732,35696.0,nan,nan,1.5000000000000002,10.0,0.0,0.0,10.0,0.85,CORE,MAIN,1.2047389086604225,0.26188689424950873,0.6,0.174,-60357.74299170577,STRUCTURAL,-0.8814893835166525,-217073.39419838128,31200.0,0,0,0,0,0,0,0,inf,inf,NA,1,5,5,5,23,6,0,0,CONTINUE,0,A,1,1,0,KEEP_STRUCTURAL_IN_ON_CUT,2,3,0,0,"tail_cont_enabled=1 tail_active_dims=(1,) tail_delta=0.1 tail_start=(6, 6, 6) returned_y=(6, 2, 0) returned_b=(1, 0, 0) returned_u=(0, 0, 0) returned_zcap=(6, 2, 0) max_tail_u=0",NA
120,P1_no_rho,36,182.7572221000446,5.846348000108264,4.249469600035809,0.1874322999501601,0.01,39818.53360903864,39818.53360903864,-77668.19743609,-60045.18777932071,0.0,-27163.020321375574,-80944.90700007776,-80944.89204431661,-60357.74299170577,-27163.020321375574,33194.72267033019,33194.7226703302,-32540.9698216328,40205.5,nan,nan,1.5000000000000002,10.0,0.0,0.0,10.0,0.85,CORE,MAIN,1.2044652481089462,0.2523612905997479,0.6,0.174,-60357.74299170577,STRUCTURAL,-0.802608635181485,-217073.39419838128,31200.0,0,0,0,0,0,0,0,inf,inf,NA,1,5,5,5,23,6,0,0,CONTINUE,0,A,1,1,0,KEEP_STRUCTURAL_IN_ON_CUT,2,3,0,0,"tail_cont_enabled=1 tail_active_dims=(1,) tail_delta=0.1 tail_start=(6, 6, 6) returned_y=(0, 1, 6) returned_b=(0, 0, 1) returned_u=(0, 0, 0) returned_zcap=(0, 1, 6) max_tail_u=0",NA
120,P1_no_rho,37,185.63599310000427,5.846348000108264,2.8781804000027478,0.1589190000668168,0.01,40970.27274610734,40970.27274610734,-77668.19743609,-59872.426908760404,0.0,-27163.020321375574,-77090.01710024476,-77090.00261893192,-60357.74299170577,-27163.020321375574,33194.72267033019,33194.7226703302,-28983.513516916573,38289.5,nan,nan,1.5000000000000002,10.0,0.0,0.0,10.0,0.85,CORE,MAIN,1.2045620525442198,0.25891214014890673,0.6,0.174,-60357.74299170577,STRUCTURAL,-0.8375923617356429,-217073.39419838128,31200.0,0,0,0,0,0,0,0,inf,inf,NA,1,5,5,5,23,6,0,0,CONTINUE,0,A,1,1,0,KEEP_STRUCTURAL_IN_ON_CUT,2,3,0,0,"tail_cont_enabled=1 tail_active_dims=(1,) tail_delta=0.1 tail_start=(6, 6, 6) returned_y=(0, 6, 1) returned_b=(0, 1, 0) returned_u=(0, 0, 0) returned_zcap=(0, 6, 1) max_tail_u=0",NA
120,P1_no_rho,38,189.12296110007446,5.846348000108264,3.486618599970825,0.16903119999915361,0.01,40542.90044539453,40542.90044539453,-77668.19743609,-59936.53275386733,0.0,-27163.020321375574,-81942.69774415914,-81942.68243413209,-60357.74299170577,-27163.020321375574,33194.72267033019,33194.7226703302,-31117.3322634475,40388.0,nan,nan,1.5000000000000002,10.0,0.0,0.0,10.0,0.85,CORE,MAIN,1.2068580547816685,0.25300009962168035,0.6,0.174,-60357.74299170577,STRUCTURAL,-0.8389513414988709,-217073.39419838128,31200.0,0,0,0,0,0,0,0,inf,inf,NA,1,5,5,5,23,6,0,0,CONTINUE,0,A,1,1,0,KEEP_STRUCTURAL_IN_ON_CUT,2,3,0,0,"tail_cont_enabled=1 tail_active_dims=(1,) tail_delta=0.1 tail_start=(6, 6, 6) returned_y=(0, 6, 1) returned_b=(0, 1, 0) returned_u=(0, 0, 0) returned_zcap=(0, 6, 1) max_tail_u=0",NA
120,P1_no_rho,39,192.83860660006758,5.846348000108264,3.715306599973701,0.1544937000144273,0.01,76383.86001006872,76383.86001006872,-77668.19743609,-54560.3888191662,0.0,-27163.020321375574,-74110.64487113275,-74110.63069211047,-60357.74299170577,-27163.020321375574,33194.72267033019,33194.7226703302,-26719.701165995917,37133.5,nan,nan,1.5000000000000002,10.0,0.0,0.0,10.0,0.85,CORE,MAIN,1.208538717667409,0.2674346306987032,0.6,0.174,-60357.74299170577,STRUCTURAL,-0.8508207687777803,-217073.39419838128,31200.0,0,0,0,0,0,0,0,inf,inf,NA,1,5,5,5,23,6,0,0,CONTINUE,0,A,1,1,0,KEEP_STRUCTURAL_IN_ON_CUT,2,3,0,0,"tail_cont_enabled=1 tail_active_dims=(1,) tail_delta=0.1 tail_start=(6, 6, 6) returned_y=(0, 6, 1) returned_b=(0, 1, 0) returned_u=(0, 0, 0) returned_zcap=(0, 6, 1) max_tail_u=0",NA
120,P1_no_rho,40,200.0738780000247,5.846348000108264,7.234758500009775,0.20703059993684292,0.01,52081.810959467904,52081.810959467904,-77668.19743609,-58205.69617675632,0.0,-27163.020321375574,-77524.85263341965,-77524.83803671542,-60357.74299170577,-27163.020321375574,33194.72267033019,33194.7226703302,-28662.20195531308,37859.0,nan,nan,1.5000000000000002,10.0,0.0,0.0,10.0,0.85,CORE,MAIN,1.2096053331779,0.2605433509359928,0.6,0.174,-60357.74299170577,STRUCTURAL,-0.8604318846492217,-217073.39419838128,31200.0,0,0,0,0,0,0,0,inf,inf,NA,1,5,5,5,23,6,0,0,CONTINUE,0,A,1,1,0,KEEP_STRUCTURAL_IN_ON_CUT,2,3,0,0,"tail_cont_enabled=1 tail_active_dims=(1,) tail_delta=0.1 tail_start=(6, 6, 6) returned_y=(0, 1, 6) returned_b=(0, 0, 1) returned_u=(0, 0, 0) returned_zcap=(0, 1, 6) max_tail_u=0",NA
120,P1_no_rho,41,203.50262760010082,5.846348000108264,3.4281629000324756,0.1664526000386104,0.01,59233.62509927875,59233.62509927875,-77668.19743609,-57132.92405578469,0.0,-27163.020321375574,-85149.62429323545,-85149.60949007163,-60357.74299170577,-27163.020321375574,33194.72267033019,33194.7226703302,-30405.639145561185,40376.0,nan,nan,1.5000000000000002,10.0,0.0,0.0,10.0,0.85,CORE,MAIN,1.2086190315673417,0.25098023354947907,0.6,0.174,-60357.74299170577,STRUCTURAL,-0.9039028192409753,-217073.39419838128,31200.0,0,0,0,0,0,0,0,inf,inf,NA,1,5,5,5,23,6,0,0,CONTINUE,0,A,1,1,0,KEEP_STRUCTURAL_IN_ON_CUT,2,3,0,0,"tail_cont_enabled=1 tail_active_dims=(1,) tail_delta=0.1 tail_start=(6, 6, 6) returned_y=(6, 2, 0) returned_b=(1, 0, 0) returned_u=(0, 0, 0) returned_zcap=(6, 2, 0) max_tail_u=0",NA
120,P1_no_rho,42,207.40433560009114,5.846348000108264,3.9009450000012293,0.15699349995702505,0.01,53678.44972189895,53678.44972189895,-77668.19743609,-57966.20036239167,0.0,-27163.020321375574,-76817.20072946239,-76817.1871383744,-60357.74299170577,-27163.020321375574,33194.72267033019,33194.7226703302,-27108.722508146333,37984.5,nan,nan,1.5000000000000002,10.0,0.0,0.0,10.0,0.85,CORE,MAIN,1.2088317699169633,0.2650927612018511,0.6,0.174,-60357.74299170577,STRUCTURAL,-0.872434188159698,-217073.39419838128,31200.0,0,0,0,0,0,0,0,inf,inf,NA,1,5,5,5,23,6,0,0,CONTINUE,0,A,1,1,0,KEEP_STRUCTURAL_IN_ON_CUT,2,3,0,0,"tail_cont_enabled=1 tail_active_dims=(1,) tail_delta=0.1 tail_start=(6, 6, 6) returned_y=(6, 2, 0) returned_b=(1, 0, 0) returned_u=(0, 0, 0) returned_zcap=(6, 2, 0) max_tail_u=0",NA
120,P1_no_rho,43,211.4047693000175,5.846348000108264,3.9998904999811202,0.20786199998110533,0.01,39977.78789648393,39977.78789648393,-77668.19743609,-60021.29963620392,0.0,-27163.020321375574,-68541.86923403374,-68541.85634632138,-60357.74299170577,-27163.020321375574,33194.72267033019,33194.7226703302,-25826.72218235596,33084.5,nan,nan,1.5000000000000002,10.0,0.0,0.0,10.0,0.85,CORE,MAIN,1.2070611870378525,0.2782491519675744,0.6,0.174,-60357.74299170577,STRUCTURAL,-0.8607280179331794,-217073.39419838128,31200.0,0,0,0,0,0,0,0,inf,inf,NA,1,5,5,5,23,6,0,0,CONTINUE,0,A,1,1,0,KEEP_STRUCTURAL_IN_ON_CUT,2,3,0,0,"tail_cont_enabled=1 tail_active_dims=(1,) tail_delta=0.1 tail_start=(6, 6, 6) returned_y=(6, 2, 0) returned_b=(1, 0, 0) returned_u=(0, 0, 0) returned_zcap=(6, 2, 0) max_tail_u=0",NA
120,P1_no_rho,44,214.4133945000358,5.846348000108264,3.0077023999765515,0.16345600003842264,0.01,42860.86790272741,42860.86790272741,-77668.19743609,-59588.837635267395,0.0,-27163.020321375574,-79501.68438711987,-79501.66953971949,-60357.74299170577,-27163.020321375574,33194.72267033019,33194.7226703302,-30646.763665488677,36782.5,nan,nan,1.5000000000000002,10.0,0.0,0.0,10.0,0.85,CORE,MAIN,1.2051427624910667,0.24659717891279964,0.6,0.174,-60357.74299170577,STRUCTURAL,-0.8854737239036824,-217073.39419838128,31200.0,0,0,0,0,0,0,0,inf,inf,NA,1,5,5,5,23,6,0,0,CONTINUE,0,A,1,1,0,KEEP_STRUCTURAL_IN_ON_CUT,2,3,0,0,"tail_cont_enabled=1 tail_active_dims=(1,) tail_delta=0.1 tail_start=(6, 6, 6) returned_y=(6, 2, 0) returned_b=(1, 0, 0) returned_u=(0, 0, 0) returned_zcap=(6, 2, 0) max_tail_u=0",NA
120,P1_no_rho,45,222.13570160011295,5.846348000108264,7.721720700035803,0.1875390000641346,0.01,42649.3276293631,42649.3276293631,-77668.19743609,-59620.56867627204,0.0,-27163.020321375574,-78656.9711315312,-78656.95642798481,-60357.74299170577,-27163.020321375574,33194.72267033019,33194.7226703302,-30179.92773366694,35750.0,nan,nan,1.5000000000000002,10.0,0.0,0.0,10.0,0.85,CORE,MAIN,1.2033022460903704,0.2579287092388248,0.6,0.174,-60357.74299170577,STRUCTURAL,-0.9040005350921746,-217073.39419838128,31200.0,0,0,0,0,0,0,0,inf,inf,NA,1,5,5,5,23,6,0,0,CONTINUE,0,A,1,1,0,KEEP_STRUCTURAL_IN_ON_CUT,2,3,0,0,"tail_cont_enabled=1 tail_active_dims=(1,) tail_delta=0.1 tail_start=(6, 6, 6) returned_y=(6, 2, 0) returned_b=(1, 0, 0) returned_u=(0, 0, 0) returned_zcap=(6, 2, 0) max_tail_u=0",NA
120,P1_no_rho,46,226.00080890010577,5.846348000108264,3.8646155000897124,0.1773069000337273,0.01,55227.96838059842,55227.96838059842,-77668.19743609,-57733.77256358675,0.0,-27163.020321375574,-79209.39722598695,-79209.38226044297,-60357.74299170577,-27163.020321375574,33194.72267033019,33194.7226703302,-29468.430852206206,36252.0,nan,nan,1.5000000000000002,10.0,0.0,0.0,10.0,0.85,CORE,MAIN,1.2017396202664994,0.25732718673217947,0.6,0.174,-60357.74299170577,STRUCTURAL,-0.9147256502305485,-217073.39419838128,31200.0,0,0,0,0,0,0,0,inf,inf,NA,1,5,5,5,23,6,0,0,CONTINUE,0,A,1,1,0,KEEP_STRUCTURAL_IN_ON_CUT,2,3,0,0,"tail_cont_enabled=1 tail_active_dims=(1,) tail_delta=0.1 tail_start=(6, 6, 6) returned_y=(6, 2, 0) returned_b=(1, 0, 0) returned_u=(0, 0, 0) returned_zcap=(6, 2, 0) max_tail_u=0",NA
120,P1_no_rho,47,229.86473980010487,5.846348000108264,3.8633571000536904,0.21071210002992302,0.01,46990.585199992594,46990.585199992594,-77668.19743609,-58969.38004067762,0.0,-27163.020321375574,-76461.84345884257,-76461.82903776414,-60357.74299170577,-27163.020321375574,33194.72267033019,33194.7226703302,-29424.538845861684,38194.0,nan,nan,1.5000000000000002,10.0,0.0,0.0,10.0,0.85,CORE,MAIN,1.201484823917405,0.26027832984650745,0.6,0.174,-60357.74299170577,STRUCTURAL,-0.8210240734478789,-217073.39419838128,31200.0,0,0,0,0,0,0,0,inf,inf,NA,1,5,5,5,23,6,0,0,CONTINUE,0,A,1,1,0,KEEP_STRUCTURAL_IN_ON_CUT,2,3,0,0,"tail_cont_enabled=1 tail_active_dims=(1,) tail_delta=0.1 tail_start=(6, 6, 6) returned_y=(0, 6, 1) returned_b=(0, 1, 0) returned_u=(0, 0, 0) returned_zcap=(0, 6, 1) max_tail_u=0",NA
120,P1_no_rho,48,232.82749620010145,5.846348000108264,2.96241410006769,0.16705179994460195,0.01,41981.20779113142,41981.20779113142,-77668.19743609,-59720.7866520068,0.0,-27163.020321375574,-79887.94685531774,-79887.93192476475,-60357.74299170577,-27163.020321375574,33194.72267033019,33194.7226703302,-30845.4866804496,38418.0,nan,nan,1.5000000000000002,10.0,0.0,0.0,10.0,0.85,CORE,MAIN,1.200687962321179,0.25346729249164635,0.6,0.174,-60357.74299170577,STRUCTURAL,-0.8510324196004501,-217073.39419838128,31200.0,0,0,0,0,0,0,0,inf,inf,NA,1,5,5,5,23,6,0,0,CONTINUE,0,A,1,1,0,KEEP_STRUCTURAL_IN_ON_CUT,2,3,0,0,"tail_cont_enabled=1 tail_active_dims=(1,) tail_delta=0.1 tail_start=(6, 6, 6) returned_y=(0, 6, 1) returned_b=(0, 1, 0) returned_u=(0, 0, 0) returned_zcap=(0, 6, 1) max_tail_u=0",NA
120,P1_no_rho,49,236.51494760008063,5.846348000108264,3.686880800058134,0.16771059995517135,0.01,52561.06916655498,52561.06916655498,-77668.19743609,-58133.80744569326,0.0,-27163.020321375574,-76648.63505275537,-76648.62066137877,-60357.74299170577,-27163.020321375574,33194.72267033019,33194.7226703302,-28887.892424056543,36674.0,nan,nan,1.5000000000000002,10.0,0.0,0.0,10.0,0.85,CORE,MAIN,1.2057537525657591,0.2603379666098504,0.6,0.174,-60357.74299170577,STRUCTURAL,-0.868203236394943,-217073.39419838128,31200.0,0,0,0,0,0,0,0,inf,inf,NA,1,5,5,5,23,6,0,0,CONTINUE,0,A,1,1,0,KEEP_STRUCTURAL_IN_ON_CUT,2,3,0,0,"tail_cont_enabled=1 tail_active_dims=(1,) tail_delta=0.1 tail_start=(6, 6, 6) returned_y=(6, 2, 0) returned_b=(1, 0, 0) returned_u=(0, 0, 0) returned_zcap=(6, 2, 0) max_tail_u=0",NA
120,P1_no_rho,50,244.09201040002517,5.846348000108264,7.576585599919781,0.1680284000467509,0.01,69593.12876606347,69593.12876606347,-77668.19743609,-55578.998505766984,0.0,-27163.020321375574,-71340.64088180408,-71340.62748309982,-60357.74299170577,-27163.020321375574,33194.72267033019,33194.7226703302,-26412.477770002537,36955.0,nan,nan,1.5000000000000002,10.0,0.0,0.0,10.0,0.85,CORE,MAIN,1.2069807852372263,0.2687986202435635,0.6,0.174,-60357.74299170577,STRUCTURAL,-0.8105019566697744,-217073.39419838128,31200.0,0,0,0,0,0,0,0,inf,inf,NA,1,5,5,5,23,6,0,0,CONTINUE,0,A,1,1,0,KEEP_STRUCTURAL_IN_ON_CUT,2,3,0,0,"tail_cont_enabled=1 tail_active_dims=(1,) tail_delta=0.1 tail_start=(6, 6, 6) returned_y=(0, 1, 6) returned_b=(0, 0, 1) returned_u=(0, 0, 0) returned_zcap=(0, 1, 6) max_tail_u=0",NA
120,P1_no_rho,51,247.0787876000395,5.846348000108264,2.9864241000032052,0.24228769994806498,0.01,45996.33727140709,45996.33727140709,-77668.19743609,-59118.517229965444,0.0,-27163.020321375574,-77754.71938000122,-77754.70479877139,-60357.74299170577,-27163.020321375574,33194.72267033019,33194.7226703302,-29661.22332886405,38476.0,nan,nan,1.5000000000000002,10.0,0.0,0.0,10.0,0.85,CORE,MAIN,1.2073607592454905,0.25744866318285775,0.6,0.174,-60357.74299170577,STRUCTURAL,-0.8333070220381072,-217073.39419838128,31200.0,0,0,0,0,0,0,0,inf,inf,NA,1,5,5,5,23,6,0,0,CONTINUE,0,A,1,1,0,KEEP_STRUCTURAL_IN_ON_CUT,2,3,0,0,"tail_cont_enabled=1 tail_active_dims=(1,) tail_delta=0.1 tail_start=(6, 6, 6) returned_y=(0, 1, 6) returned_b=(0, 0, 1) returned_u=(0, 0, 0) returned_zcap=(0, 1, 6) max_tail_u=0",NA
120,P1_no_rho,52,250.94232170004398,5.846348000108264,3.8630658999318257,0.1615423000184819,0.01,42730.1070094471,42730.1070094471,-77668.19743609,-59608.451769259445,0.0,-27163.020321375574,-77799.20772659028,-77799.19310815253,-60357.74299170577,-27163.020321375574,33194.72267033019,33194.7226703302,-29380.572247750035,38526.0,nan,nan,1.5000000000000002,10.0,0.0,0.0,10.0,0.85,CORE,MAIN,1.2074407836480945,0.2575001145854532,0.6,0.174,-60357.74299170577,STRUCTURAL,-0.8378518552043206,-217073.39419838128,31200.0,0,0,0,0,0,0,0,inf,inf,NA,1,5,5,5,23,6,0,0,CONTINUE,0,A,1,1,0,KEEP_STRUCTURAL_IN_ON_CUT,2,3,0,0,"tail_cont_enabled=1 tail_active_dims=(1,) tail_delta=0.1 tail_start=(6, 6, 6) returned_y=(0, 6, 1) returned_b=(0, 1, 0) returned_u=(0, 0, 0) returned_zcap=(0, 6, 1) max_tail_u=0",NA
120,P1_no_rho,53,254.46220330009237,5.846348000108264,3.51920009998139,0.17127729998901486,0.01,49160.375836315194,49160.375836315194,-77668.19743609,-58643.91144522923,0.0,-27163.020321375574,-76661.92242617531,-76661.90785981005,-60357.74299170577,-27163.020321375574,33194.72267033019,33194.7226703302,-28513.83549648876,38652.5,nan,nan,1.5000000000000002,10.0,0.0,0.0,10.0,0.85,CORE,MAIN,1.2075136516815252,0.2605305166333669,0.6,0.174,-60357.74299170577,STRUCTURAL,-0.8304434359713049,-217073.39419838128,31200.0,0,0,0,0,0,0,0,inf,inf,NA,1,5,5,5,23,6,0,0,CONTINUE,0,A,1,1,0,KEEP_STRUCTURAL_IN_ON_CUT,2,3,0,0,"tail_cont_enabled=1 tail_active_dims=(1,) tail_delta=0.1 tail_start=(6, 6, 6) returned_y=(0, 6, 1) returned_b=(0, 1, 0) returned_u=(0, 0, 0) returned_zcap=(0, 6, 1) max_tail_u=0",NA
120,P1_no_rho,54,257.8118806000566,5.846348000108264,3.349328099982813,0.16197190003003925,0.01,56590.70336409925,56590.70336409925,-77668.19743609,-57529.36231606162,0.0,-27163.020321375574,-78154.23186939087,-78154.21717545531,-60357.74299170577,-27163.020321375574,33194.72267033019,33194.7226703302,-29402.23006552395,38414.5,nan,nan,1.5000000000000002,10.0,0.0,0.0,10.0,0.85,CORE,MAIN,1.207420703730598,0.2577726574232653,0.6,0.174,-60357.74299170577,STRUCTURAL,-0.8460691858531083,-217073.39419838128,31200.0,0,0,0,0,0,0,0,inf,inf,NA,1,5,5,5,23,6,0,0,CONTINUE,0,A,1,1,0,KEEP_STRUCTURAL_IN_ON_CUT,2,3,0,0,"tail_cont_enabled=1 tail_active_dims=(1,) tail_delta=0.1 tail_start=(6, 6, 6) returned_y=(0, 6, 1) returned_b=(0, 1, 0) returned_u=(0, 0, 0) returned_zcap=(0, 6, 1) max_tail_u=0",NA
120,P1_no_rho,55,265.80337000009604,5.846348000108264,7.991097700083628,0.16740529995877296,0.01,39640.08526421031,39640.08526421031,-77668.19743609,-60071.95503104496,0.0,-27163.020321375574,-79051.32852259203,-79051.31371232064,-60357.74299170577,-27163.020321375574,33194.72267033019,33194.7226703302,-30428.173309322654,38397.0,nan,nan,1.5000000000000002,10.0,0.0,0.0,10.0,0.85,CORE,MAIN,1.2069381056747472,0.25727644037862374,0.6,0.174,-60357.74299170577,STRUCTURAL,-0.8442176976152298,-217073.39419838128,31200.0,0,0,0,0,0,0,0,inf,inf,NA,1,5,5,5,23,6,0,0,CONTINUE,0,A,1,1,0,KEEP_STRUCTURAL_IN_ON_CUT,2,3,0,0,"tail_cont_enabled=1 tail_active_dims=(1,) tail_delta=0.1 tail_start=(6, 6, 6) returned_y=(0, 6, 1) returned_b=(0, 1, 0) returned_u=(0, 0, 0) returned_zcap=(0, 6, 1) max_tail_u=0",NA
120,P1_no_rho,56,269.28024940006435,5.846348000108264,3.4763441999675706,0.167531399987638,0.01,48180.73875701694,48180.73875701694,-77668.19743609,-58790.85700712397,0.0,-27163.020321375574,-77589.09840289627,-77589.08372481259,-60357.74299170577,-27163.020321375574,33194.72267033019,33194.7226703302,-28762.434693804007,36257.0,nan,nan,1.5000000000000002,10.0,0.0,0.0,10.0,0.85,CORE,MAIN,1.2100566530397205,0.26009706169112146,0.6,0.174,-60357.74299170577,STRUCTURAL,-0.8977879955320551,-217073.39419838128,31200.0,0,0,0,0,0,0,0,inf,inf,NA,1,5,5,5,23,6,0,0,CONTINUE,0,A,1,1,0,KEEP_STRUCTURAL_IN_ON_CUT,2,3,0,0,"tail_cont_enabled=1 tail_active_dims=(1,) tail_delta=0.1 tail_start=(6, 6, 6) returned_y=(6, 2, 0) returned_b=(1, 0, 0) returned_u=(0, 0, 0) returned_zcap=(6, 2, 0) max_tail_u=0",NA
120,P1_no_rho,57,272.4721753000049,5.846348000108264,3.1915691999020055,0.21144709992222488,0.01,60222.810698596644,60222.810698596644,-77668.19743609,-56984.54621588701,0.0,-27163.020321375574,-72700.89720214462,-72700.88343822793,-60357.74299170577,-27163.020321375574,33194.72267033019,33194.7226703302,-26680.05842116269,34389.0,nan,nan,1.5000000000000002,10.0,0.0,0.0,10.0,0.85,CORE,MAIN,1.2104879937036668,0.2690322080617922,0.6,0.174,-60357.74299170577,STRUCTURAL,-0.8921617380958103,-217073.39419838128,31200.0,0,0,0,0,0,0,0,inf,inf,NA,1,5,5,5,23,6,0,0,CONTINUE,0,A,1,1,0,KEEP_STRUCTURAL_IN_ON_CUT,2,3,0,0,"tail_cont_enabled=1 tail_active_dims=(1,) tail_delta=0.1 tail_start=(6, 6, 6) returned_y=(6, 2, 0) returned_b=(1, 0, 0) returned_u=(0, 0, 0) returned_zcap=(6, 2, 0) max_tail_u=0",NA
120,P1_no_rho,58,276.22279480006546,5.846348000108264,3.750132599961944,0.1627099000615999,0.01,45742.941500482906,45742.941500482906,-77668.19743609,-59156.526595604075,0.0,-27163.020321375574,-78787.67924398507,-78787.66450872607,-60357.74299170577,-27163.020321375574,33194.72267033019,33194.7226703302,-30121.53514141599,36748.0,nan,nan,1.5000000000000002,10.0,0.0,0.0,10.0,0.85,CORE,MAIN,1.210207403061296,0.25763878889444913,0.6,0.174,-60357.74299170577,STRUCTURAL,-0.8828803266809998,-217073.39419838128,31200.0,0,0,0,0,0,0,0,inf,inf,NA,1,5,5,5,23,6,0,0,CONTINUE,0,A,1,1,0,KEEP_STRUCTURAL_IN_ON_CUT,2,3,0,0,"tail_cont_enabled=1 tail_active_dims=(1,) tail_delta=0.1 tail_start=(6, 6, 6) returned_y=(6, 2, 0) returned_b=(1, 0, 0) returned_u=(0, 0, 0) returned_zcap=(6, 2, 0) max_tail_u=0",NA
120,P1_no_rho,59,280.00855620007496,5.846348000108264,3.7853256000671536,0.16948189993854612,0.01,40309.713909022874,40309.713909022874,-77668.19743609,-59971.51073432308,0.0,-27163.020321375574,-78137.79903634467,-78137.78442985223,-60357.74299170577,-27163.020321375574,33194.72267033019,33194.7226703302,-29438.85529922702,35622.5,nan,nan,1.5000000000000002,10.0,0.0,0.0,10.0,0.85,CORE,MAIN,1.2097849474995228,0.26643800609587265,0.6,0.174,-60357.74299170577,STRUCTURAL,-0.9113889466980177,-217073.39419838128,31200.0,0,0,0,0,0,0,0,inf,inf,NA,1,5,5,5,23,6,0,0,CONTINUE,0,A,1,1,0,KEEP_STRUCTURAL_IN_ON_CUT,2,3,0,0,"tail_cont_enabled=1 tail_active_dims=(1,) tail_delta=0.1 tail_start=(6, 6, 6) returned_y=(6, 2, 0) returned_b=(1, 0, 0) returned_u=(0, 0, 0) returned_zcap=(6, 2, 0) max_tail_u=0",NA
120,P1_no_rho,60,287.28465710009914,5.846348000108264,7.275746300001629,0.16290130000561476,0.01,55682.4582385176,55682.4582385176,-77668.19743609,-57665.599084898866,0.0,-27163.020321375574,-76849.864086808,-76849.84948286755,-60357.74299170577,-27163.020321375574,33194.72267033019,33194.7226703302,-28545.05778535752,36905.0,nan,nan,1.5000000000000002,10.0,0.0,0.0,10.0,0.85,CORE,MAIN,1.209689498524146,0.26181771789794506,0.6,0.174,-60357.74299170577,STRUCTURAL,-0.8725970590707676,-217073.39419838128,31200.0,0,0,0,0,0,0,0,inf,inf,NA,1,5,5,5,23,6,0,0,CONTINUE,0,A,1,1,0,KEEP_STRUCTURAL_IN_ON_CUT,2,3,0,0,"tail_cont_enabled=1 tail_active_dims=(1,) tail_delta=0.1 tail_start=(6, 6, 6) returned_y=(6, 0, 2) returned_b=(1, 0, 0) returned_u=(0, 0, 0) returned_zcap=(6, 0, 2) max_tail_u=0",NA
120,P1_no_rho,61,290.9935839000391,5.846348000108264,3.7083266000263393,0.18075599998701364,0.01,52698.39585590964,52698.39585590964,-77668.19743609,-58113.20844229006,0.0,-27163.020321375574,-78124.98669554632,-78124.97198514223,-60357.74299170577,-27163.020321375574,33194.72267033019,33194.7226703302,-29533.292563656843,37498.5,nan,nan,1.5000000000000002,10.0,0.0,0.0,10.0,0.85,CORE,MAIN,1.209522879713328,0.25937251228887126,0.6,0.174,-60357.74299170577,STRUCTURAL,-0.863886634069547,-217073.39419838128,31200.0,0,0,0,0,0,0,0,inf,inf,NA,1,5,5,5,23,6,0,0,CONTINUE,0,A,1,1,0,KEEP_STRUCTURAL_IN_ON_CUT,2,3,0,0,"tail_cont_enabled=1 tail_active_dims=(1,) tail_delta=0.1 tail_start=(6, 6, 6) returned_y=(6, 0, 2) returned_b=(1, 0, 0) returned_u=(0, 0, 0) returned_zcap=(6, 0, 2) max_tail_u=0",NA
120,P1_no_rho,62,294.8957040000241,5.846348000108264,3.9016933999955654,0.15215670003090054,0.01,42076.22943470361,42076.22943470361,-77668.19743609,-59706.53340547097,0.0,-27163.020321375574,-79299.66762144965,-79299.65274821344,-60357.74299170577,-27163.020321375574,33194.72267033019,33194.7226703302,-30493.750165949772,38314.5,nan,nan,1.5000000000000002,10.0,0.0,0.0,10.0,0.85,CORE,MAIN,1.2090446147753848,0.27245423801172386,0.6,0.174,-60357.74299170577,STRUCTURAL,-0.849215529060167,-217073.39419838128,31200.0,0,0,0,0,0,0,0,inf,inf,NA,1,5,5,5,23,6,0,0,CONTINUE,0,A,1,1,0,KEEP_STRUCTURAL_IN_ON_CUT,2,3,0,0,"tail_cont_enabled=1 tail_active_dims=(1,) tail_delta=0.1 tail_start=(6, 6, 6) returned_y=(6, 0, 2) returned_b=(1, 0, 0) returned_u=(0, 0, 0) returned_zcap=(6, 0, 2) max_tail_u=0",NA
120,P1_no_rho,63,298.4519067000365,5.846348000108264,3.5558695000363514,0.15738390001934022,0.01,51182.8770728977,51182.8770728977,-77668.19743609,-58340.53625974185,0.0,-27163.020321375574,-77619.04901940055,-77619.03432596204,-60357.74299170577,-27163.020321375574,33194.72267033019,33194.7226703302,-28693.6595959531,37910.5,nan,nan,1.5000000000000002,10.0,0.0,0.0,10.0,0.85,CORE,MAIN,1.211415104247234,0.26121562865568837,0.6,0.174,-60357.74299170577,STRUCTURAL,-0.8603662965846567,-217073.39419838128,31200.0,0,0,0,0,0,0,0,inf,inf,NA,1,5,5,5,23,6,0,0,CONTINUE,0,A,1,1,0,KEEP_STRUCTURAL_IN_ON_CUT,2,3,0,0,"tail_cont_enabled=1 tail_active_dims=(1,) tail_delta=0.1 tail_start=(6, 6, 6) returned_y=(6, 0, 2) returned_b=(1, 0, 0) returned_u=(0, 0, 0) returned_zcap=(6, 0, 2) max_tail_u=0",NA
120,P1_no_rho,64,302.30688400007784,5.846348000108264,3.8543918000068516,0.16088890004903078,0.01,59867.12262129437,59867.12262129437,-77668.19743609,-57037.89942748235,0.0,-27163.020321375574,-72656.71541600725,-72656.70165987233,-60357.74299170577,-27163.020321375574,33194.72267033019,33194.7226703302,-26821.126672092214,37004.0,nan,nan,1.5000000000000002,10.0,0.0,0.0,10.0,0.85,CORE,MAIN,1.2112891096436502,0.2698078829157222,0.6,0.174,-60357.74299170577,STRUCTURAL,-0.8257769428130313,-217073.39419838128,31200.0,0,0,0,0,0,0,0,inf,inf,NA,1,5,5,5,23,6,0,0,CONTINUE,0,A,1,1,0,KEEP_STRUCTURAL_IN_ON_CUT,2,3,0,0,"tail_cont_enabled=1 tail_active_dims=(1,) tail_delta=0.1 tail_start=(6, 6, 6) returned_y=(6, 0, 2) returned_b=(1, 0, 0) returned_u=(0, 0, 0) returned_zcap=(6, 0, 2) max_tail_u=0",NA
120,P1_no_rho,65,310.31682710000314,5.846348000108264,8.009539699996822,0.16017750010360032,0.01,44554.15353518014,44554.15353518014,-77668.19743609,-59334.84479039949,0.0,-27163.020321375574,-78909.97542985878,-78909.96062954853,-60357.74299170577,-27163.020321375574,33194.72267033019,33194.7226703302,-29908.62718454644,36889.5,nan,nan,1.5000000000000002,10.0,0.0,0.0,10.0,0.85,CORE,MAIN,1.2106446575994594,0.25784939928065886,0.6,0.174,-60357.74299170577,STRUCTURAL,-0.8855515967958739,-217073.39419838128,31200.0,0,0,0,0,0,0,0,inf,inf,NA,1,5,5,5,23,6,0,0,CONTINUE,0,A,1,1,0,KEEP_STRUCTURAL_IN_ON_CUT,2,3,0,0,"tail_cont_enabled=1 tail_active_dims=(1,) tail_delta=0.1 tail_start=(6, 6, 6) returned_y=(6, 2, 0) returned_b=(1, 0, 0) returned_u=(0, 0, 0) returned_zcap=(6, 2, 0) max_tail_u=0",NA
120,P1_no_rho,66,314.2462298000464,5.846348000108264,3.9289560000179335,0.15233900002203882,0.01,41346.91197656403,41346.91197656403,-77668.19743609,-59815.9310241919,0.0,-27163.020321375574,-77970.50512989415,-77970.49056054438,-60357.74299170577,-27163.020321375574,33194.72267033019,33194.7226703302,-29194.029111298318,35819.0,nan,nan,1.5000000000000002,10.0,0.0,0.0,10.0,0.85,CORE,MAIN,1.2100426516101255,0.2602975919500611,0.6,0.174,-60357.74299170577,STRUCTURAL,-0.9078321830917677,-217073.39419838128,31200.0,0,0,0,0,0,0,0,inf,inf,NA,1,5,5,5,23,6,0,0,CONTINUE,0,A,1,1,0,KEEP_STRUCTURAL_IN_ON_CUT,2,3,0,0,"tail_cont_enabled=1 tail_active_dims=(1,) tail_delta=0.1 tail_start=(6, 6, 6) returned_y=(6, 2, 0) returned_b=(1, 0, 0) returned_u=(0, 0, 0) returned_zcap=(6, 2, 0) max_tail_u=0",NA
120,P1_no_rho,67,317.1823239000514,5.846348000108264,2.935599199961871,0.1696196999400854,0.01,55388.72875627304,55388.72875627304,-77668.19743609,-57709.65850723555,0.0,-27163.020321375574,-77036.94602655242,-77036.93135804024,-60357.74299170577,-27163.020321375574,33194.72267033019,33194.7226703302,-28456.78150356913,38782.0,nan,nan,1.5000000000000002,10.0,0.0,0.0,10.0,0.85,CORE,MAIN,1.2097833551947819,0.261557609015056,0.6,0.174,-60357.74299170577,STRUCTURAL,-0.8350978951484553,-217073.39419838128,31200.0,0,0,0,0,0,0,0,inf,inf,NA,1,5,5,5,23,6,0,0,CONTINUE,0,A,1,1,0,KEEP_STRUCTURAL_IN_ON_CUT,2,3,0,0,"tail_cont_enabled=1 tail_active_dims=(1,) tail_delta=0.1 tail_start=(6, 6, 6) returned_y=(0, 6, 1) returned_b=(0, 1, 0) returned_u=(0, 0, 0) returned_zcap=(0, 6, 1) max_tail_u=0",NA
120,P1_no_rho,68,321.29830900009256,5.846348000108264,4.115561200072989,0.157001500017941,0.01,52700.099498743104,52700.099498743104,-77668.19743609,-58112.95289586504,0.0,-27163.020321375574,-78042.11454512393,-78042.09982180742,-60357.74299170577,-27163.020321375574,33194.72267033019,33194.7226703302,-29483.136793102618,38635.5,nan,nan,1.5000000000000002,10.0,0.0,0.0,10.0,0.85,CORE,MAIN,1.2095518335026687,0.2595957831418141,0.6,0.174,-60357.74299170577,STRUCTURAL,-0.8378988758819355,-217073.39419838128,31200.0,0,0,0,0,0,0,0,inf,inf,NA,1,5,5,5,23,6,0,0,CONTINUE,0,A,1,1,0,KEEP_STRUCTURAL_IN_ON_CUT,2,3,0,0,"tail_cont_enabled=1 tail_active_dims=(1,) tail_delta=0.1 tail_start=(6, 6, 6) returned_y=(0, 6, 1) returned_b=(0, 1, 0) returned_u=(0, 0, 0) returned_zcap=(0, 6, 1) max_tail_u=0",NA
120,P1_no_rho,69,325.03999950003345,5.846348000108264,3.7412729000207037,0.16787070001009852,0.01,42268.24778680625,42268.24778680625,-77668.19743609,-59677.73065265557,0.0,-27163.020321375574,-79296.5583168304,-79296.54346059,-60357.74299170577,-27163.020321375574,33194.72267033019,33194.7226703302,-30207.341145381848,38441.0,nan,nan,1.5000000000000002,10.0,0.0,0.0,10.0,0.85,CORE,MAIN,1.2090321777852462,0.25811450416395043,0.6,0.174,-60357.74299170577,STRUCTURAL,-0.8513341192166025,-217073.39419838128,31200.0,0,0,0,0,0,0,0,inf,inf,NA,1,5,5,5,23,6,0,0,CONTINUE,0,A,1,1,0,KEEP_STRUCTURAL_IN_ON_CUT,2,3,0,0,"tail_cont_enabled=1 tail_active_dims=(1,) tail_delta=0.1 tail_start=(6, 6, 6) returned_y=(0, 6, 1) returned_b=(0, 1, 0) returned_u=(0, 0, 0) returned_zcap=(0, 6, 1) max_tail_u=0",NA
120,P1_no_rho,70,331.97229520010296,5.846348000108264,6.93193970003631,0.16200650006067008,0.01,50343.183556705335,50343.183556705335,-77668.19743609,-58466.49028717071,0.0,-27163.020321375574,-77579.91442600673,-77579.89971037408,-60357.74299170577,-27163.020321375574,33194.72267033019,33194.7226703302,-28558.928004238755,38080.5,nan,nan,1.5000000000000002,10.0,0.0,0.0,10.0,0.85,CORE,MAIN,1.2115341227469067,0.2611313610461543,0.6,0.174,-60357.74299170577,STRUCTURAL,-0.8581990206034643,-217073.39419838128,31200.0,0,0,0,0,0,0,0,inf,inf,NA,1,5,5,5,23,6,0,0,CONTINUE,0,A,1,1,0,KEEP_STRUCTURAL_IN_ON_CUT,2,3,0,0,"tail_cont_enabled=1 tail_active_dims=(1,) tail_delta=0.1 tail_start=(6, 6, 6) returned_y=(0, 6, 1) returned_b=(0, 1, 0) returned_u=(0, 0, 0) returned_zcap=(0, 6, 1) max_tail_u=0",NA
120,P1_no_rho,71,335.9197563000489,5.846348000108264,3.9468925000401214,0.17382859997451305,0.01,58731.03950453117,58731.03950453117,-77668.19743609,-57208.311894996834,0.0,-27163.020321375574,-72992.59468850763,-72992.58087042886,-60357.74299170577,-27163.020321375574,33194.72267033019,33194.7226703302,-26749.11099310338,36617.0,nan,nan,1.5000000000000002,10.0,0.0,0.0,10.0,0.85,CORE,MAIN,1.2115388411592074,0.26921751792229964,0.6,0.174,-60357.74299170577,STRUCTURAL,-0.8419307949372418,-217073.39419838128,31200.0,0,0,0,0,0,0,0,inf,inf,NA,1,5,5,5,23,6,0,0,CONTINUE,0,A,1,1,0,KEEP_STRUCTURAL_IN_ON_CUT,2,3,0,0,"tail_cont_enabled=1 tail_active_dims=(1,) tail_delta=0.1 tail_start=(6, 6, 6) returned_y=(0, 6, 1) returned_b=(0, 1, 0) returned_u=(0, 0, 0) returned_zcap=(0, 6, 1) max_tail_u=0",NA
120,P1_no_rho,72,339.94681270001456,5.846348000108264,4.026507599977776,0.1689407000085339,0.01,45505.11613690466,45505.11613690466,-77668.19743609,-59192.200400140806,0.0,-27163.020321375574,-79166.4637296911,-79166.44889478208,-60357.74299170577,-27163.020321375574,33194.72267033019,33194.7226703302,-29880.04047141958,38912.5,nan,nan,1.5000000000000002,10.0,0.0,0.0,10.0,0.85,CORE,MAIN,1.2109426782258943,0.2579946524078861,0.6,0.174,-60357.74299170577,STRUCTURAL,-0.8443971889643428,-217073.39419838128,31200.0,0,0,0,0,0,0,0,inf,inf,NA,1,5,5,5,23,6,0,0,CONTINUE,0,A,1,1,0,KEEP_STRUCTURAL_IN_ON_CUT,2,3,0,0,"tail_cont_enabled=1 tail_active_dims=(1,) tail_delta=0.1 tail_start=(6, 6, 6) returned_y=(0, 6, 1) returned_b=(0, 1, 0) returned_u=(0, 0, 0) returned_zcap=(0, 6, 1) max_tail_u=0",NA
120,P1_no_rho,73,343.13745940010995,5.846348000108264,3.190176900010556,0.16124749998562038,0.01,40177.46162842062,40177.46162842062,-77668.19743609,-59991.34857641342,0.0,-27163.020321375574,-77923.26817268287,-77923.25355986806,-60357.74299170577,-27163.020321375574,33194.72267033019,33194.7226703302,-29483.72668551404,39141.0,nan,nan,1.5000000000000002,10.0,0.0,0.0,10.0,0.85,CORE,MAIN,1.2104224824029841,0.2605956402833256,0.6,0.174,-60357.74299170577,STRUCTURAL,-0.8250432517369513,-217073.39419838128,31200.0,0,0,0,0,0,0,0,inf,inf,NA,1,5,5,5,23,6,0,0,CONTINUE,0,A,1,1,0,KEEP_STRUCTURAL_IN_ON_CUT,2,3,0,0,"tail_cont_enabled=1 tail_active_dims=(1,) tail_delta=0.1 tail_start=(6, 6, 6) returned_y=(0, 6, 1) returned_b=(0, 1, 0) returned_u=(0, 0, 0) returned_zcap=(0, 6, 1) max_tail_u=0",NA
120,P1_no_rho,74,347.04520870000124,5.846348000108264,3.907371399924159,0.16393410007003695,0.01,54762.045309495836,54762.045309495836,-77668.19743609,-57803.661024252135,0.0,-27163.020321375574,-77982.15306803772,-77982.13827994553,-60357.74299170577,-27163.020321375574,33194.72267033019,33194.7226703302,-28872.498043647287,38993.5,nan,nan,1.5000000000000002,10.0,0.0,0.0,10.0,0.85,CORE,MAIN,1.2100238380897603,0.26049966839630834,0.6,0.174,-60357.74299170577,STRUCTURAL,-0.839620966508063,-217073.39419838128,31200.0,0,0,0,0,0,0,0,inf,inf,NA,1,5,5,5,23,6,0,0,CONTINUE,0,A,1,1,0,KEEP_STRUCTURAL_IN_ON_CUT,2,3,0,0,"tail_cont_enabled=1 tail_active_dims=(1,) tail_delta=0.1 tail_start=(6, 6, 6) returned_y=(0, 6, 1) returned_b=(0, 1, 0) returned_u=(0, 0, 0) returned_zcap=(0, 6, 1) max_tail_u=0",NA
120,P1_no_rho,75,354.8078577000415,5.846348000108264,7.7621148999314755,0.16929610003717244,0.01,53245.10693115208,53245.10693115208,-77668.19743609,-58031.2017810037,0.0,-27163.020321375574,-78081.77910272291,-78081.76438540485,-60357.74299170577,-27163.020321375574,33194.72267033019,33194.7226703302,-29646.475194550017,38722.0,nan,nan,1.5000000000000002,10.0,0.0,0.0,10.0,0.85,CORE,MAIN,1.2097682528192797,0.2601609548902256,0.6,0.174,-60357.74299170577,STRUCTURAL,-0.8338978563582257,-217073.39419838128,31200.0,0,0,0,0,0,0,0,inf,inf,NA,1,5,5,5,23,6,0,0,CONTINUE,0,A,1,1,0,KEEP_STRUCTURAL_IN_ON_CUT,2,3,0,0,"tail_cont_enabled=1 tail_active_dims=(1,) tail_delta=0.1 tail_start=(6, 6, 6) returned_y=(0, 6, 1) returned_b=(0, 1, 0) returned_u=(0, 0, 0) returned_zcap=(0, 6, 1) max_tail_u=0",NA
120,P1_no_rho,76,357.84819950000383,5.846348000108264,3.039997599902563,0.16551860002800822,0.01,43005.87181159413,43005.87181159413,-77668.19743609,-59567.08704893739,0.0,-27163.020321375574,-79264.6330889752,-79264.61820604539,-60357.74299170577,-27163.020321375574,33194.72267033019,33194.7226703302,-30398.061961302796,38609.0,nan,nan,1.5000000000000002,10.0,0.0,0.0,10.0,0.85,CORE,MAIN,1.2092800910884995,0.256629274563691,0.6,0.174,-60357.74299170577,STRUCTURAL,-0.8437852356487274,-217073.39419838128,31200.0,0,0,0,0,0,0,0,inf,inf,NA,1,5,5,5,23,6,0,0,CONTINUE,0,A,1,1,0,KEEP_STRUCTURAL_IN_ON_CUT,2,3,0,0,"tail_cont_enabled=1 tail_active_dims=(1,) tail_delta=0.1 tail_start=(6, 6, 6) returned_y=(0, 6, 1) returned_b=(0, 1, 0) returned_u=(0, 0, 0) returned_zcap=(0, 6, 1) max_tail_u=0",NA
120,P1_no_rho,77,361.6424345000414,5.846348000108264,3.7937114000087604,0.1555475000059232,0.01,51543.09042383882,51543.09042383882,-77668.19743609,-58286.504257100685,0.0,-27163.020321375574,-77636.26443706392,-77636.24970407924,-60357.74299170577,-27163.020321375574,33194.72267033019,33194.7226703302,-28552.942898092133,38095.5,nan,nan,1.5000000000000002,10.0,0.0,0.0,10.0,0.85,CORE,MAIN,1.211982177488627,0.2614309315049319,0.6,0.174,-60357.74299170577,STRUCTURAL,-0.8589519638100231,-217073.39419838128,31200.0,0,0,0,0,0,0,0,inf,inf,NA,1,5,5,5,23,6,0,0,CONTINUE,0,A,1,1,0,KEEP_STRUCTURAL_IN_ON_CUT,2,3,0,0,"tail_cont_enabled=1 tail_active_dims=(1,) tail_delta=0.1 tail_start=(6, 6, 6) returned_y=(0, 6, 1) returned_b=(0, 1, 0) returned_u=(0, 0, 0) returned_zcap=(0, 6, 1) max_tail_u=0",NA
120,P1_no_rho,78,365.467742000008,5.846348000108264,3.8244442999130115,0.16811309999320656,0.01,60065.30180239566,60065.30180239566,-77668.19743609,-57008.17255031716,0.0,-27163.020321375574,-72950.52033980798,-72950.50654848952,-60357.74299170577,-27163.020321375574,33194.72267033019,33194.7226703302,-26938.658413778303,36627.5,nan,nan,1.5000000000000002,10.0,0.0,0.0,10.0,0.85,CORE,MAIN,1.211738955054892,0.26970844993420395,0.6,0.174,-60357.74299170577,STRUCTURAL,-0.8374736311006976,-217073.39419838128,31200.0,0,0,0,0,0,0,0,inf,inf,NA,1,5,5,5,23,6,0,0,CONTINUE,0,A,1,1,0,KEEP_STRUCTURAL_IN_ON_CUT,2,3,0,0,"tail_cont_enabled=1 tail_active_dims=(1,) tail_delta=0.1 tail_start=(6, 6, 6) returned_y=(0, 6, 1) returned_b=(0, 1, 0) returned_u=(0, 0, 0) returned_zcap=(0, 6, 1) max_tail_u=0",NA
120,P1_no_rho,79,368.96704440005124,5.846348000108264,3.4988586000399664,0.1641249000094831,0.01,46483.847935538135,46483.847935538135,-77668.19743609,-59045.39063034579,0.0,-27163.020321375574,-79383.56567221922,-79383.55075746807,-60357.74299170577,-27163.020321375574,33194.72267033019,33194.7226703302,-29615.96535446292,37126.5,nan,nan,1.5000000000000002,10.0,0.0,0.0,10.0,0.85,CORE,MAIN,1.210941188838325,0.2576632734655452,0.6,0.174,-60357.74299170577,STRUCTURAL,-0.8936579065807464,-217073.39419838128,31200.0,0,0,0,0,0,0,0,inf,inf,NA,1,5,5,5,23,6,0,0,CONTINUE,0,A,1,1,0,KEEP_STRUCTURAL_IN_ON_CUT,2,3,0,0,"tail_cont_enabled=1 tail_active_dims=(1,) tail_delta=0.1 tail_start=(6, 6, 6) returned_y=(6, 2, 0) returned_b=(1, 0, 0) returned_u=(0, 0, 0) returned_zcap=(6, 2, 0) max_tail_u=0",NA
120,P1_no_rho,80,376.9075054000132,5.846348000108264,7.938734999974258,0.15512440004386008,0.01,40169.762903865136,40169.762903865136,-77668.19743609,-59992.50338509674,0.0,-27163.020321375574,-77985.03268184292,-77985.01802814749,-60357.74299170577,-27163.020321375574,33194.72267033019,33194.7226703302,-29294.195492852636,35544.0,nan,nan,1.5000000000000002,10.0,0.0,0.0,10.0,0.85,CORE,MAIN,1.2103483333363882,0.23651079766711636,0.6,0.174,-60357.74299170577,STRUCTURAL,-0.9132497286986053,-217073.39419838128,31200.0,0,0,0,0,0,0,0,inf,inf,NA,1,5,5,5,23,6,0,0,CONTINUE,0,A,1,1,0,KEEP_STRUCTURAL_IN_ON_CUT,2,3,0,0,"tail_cont_enabled=1 tail_active_dims=(1,) tail_delta=0.1 tail_start=(6, 6, 6) returned_y=(6, 2, 0) returned_b=(1, 0, 0) returned_u=(0, 0, 0) returned_zcap=(6, 2, 0) max_tail_u=0",NA
120,P1_no_rho,81,380.498719300027,5.846348000108264,3.5904913999838755,0.1579737999709323,0.01,53134.16089291662,53134.16089291662,-77668.19743609,-58047.84368673901,0.0,-27163.020321375574,-77078.61602249954,-77078.60136953146,-60357.74299170577,-27163.020321375574,33194.72267033019,33194.7226703302,-28078.880658932194,35679.5,nan,nan,1.5000000000000004,10.000000000000002,0.0,0.0,10.0,0.85,CORE,MAIN,1.2101071298577804,0.261908102398854,0.6,0.174,-60357.74299170577,STRUCTURAL,-0.9155532020833484,-217073.39419838128,31200.0,0,0,0,0,0,0,0,inf,inf,NA,1,5,5,5,23,6,0,0,CONTINUE,0,A,1,1,0,KEEP_STRUCTURAL_IN_ON_CUT,2,3,0,0,"tail_cont_enabled=1 tail_active_dims=(1,) tail_delta=0.1 tail_start=(6, 6, 6) returned_y=(6, 2, 0) returned_b=(1, 0, 0) returned_u=(0, 0, 0) returned_zcap=(6, 2, 0) max_tail_u=0",NA
120,P1_no_rho,82,384.0712044000393,5.846348000108264,3.5721424999646842,0.22070740000344813,0.01,53985.5928616879,53985.5928616879,-77668.19743609,-57920.12889142332,0.0,-27163.020321375574,-82249.9705370151,-82249.95564738996,-60357.74299170577,-27163.020321375574,33194.72267033019,33194.7226703302,-29654.38667045704,38541.5,nan,nan,1.5000000000000002,10.0,0.0,0.0,10.0,0.85,CORE,MAIN,1.209038426689334,0.2538738273915153,0.6,0.174,-60357.74299170577,STRUCTURAL,-0.9097651272339845,-217073.39419838128,31200.0,0,0,0,0,0,0,0,inf,inf,NA,1,5,5,5,23,6,0,0,CONTINUE,0,A,1,1,0,KEEP_STRUCTURAL_IN_ON_CUT,2,3,0,0,"tail_cont_enabled=1 tail_active_dims=(1,) tail_delta=0.1 tail_start=(6, 6, 6) returned_y=(6, 2, 0) returned_b=(1, 0, 0) returned_u=(0, 0, 0) returned_zcap=(6, 2, 0) max_tail_u=0",NA
120,P1_no_rho,83,387.14995460002683,5.846348000108264,3.078309000004083,0.17248320009093732,0.01,42759.380953047395,42759.380953047395,-77668.19743609,-59604.0606777194,0.0,-27163.020321375574,-77167.29645343348,-77167.28194267476,-60357.74299170577,-27163.020321375574,33194.72267033019,33194.7226703302,-29034.601790774417,37499.0,nan,nan,1.5000000000000002,10.0,0.0,0.0,10.0,0.85,CORE,MAIN,1.2087256509393622,0.26310405237305756,0.6,0.174,-60357.74299170577,STRUCTURAL,-0.8557149106536232,-217073.39419838128,31200.0,0,0,0,0,0,0,0,inf,inf,NA,1,5,5,5,23,6,0,0,CONTINUE,0,A,1,1,0,KEEP_STRUCTURAL_IN_ON_CUT,2,3,0,0,"tail_cont_enabled=1 tail_active_dims=(1,) tail_delta=0.1 tail_start=(6, 6, 6) returned_y=(0, 6, 1) returned_b=(0, 1, 0) returned_u=(0, 0, 0) returned_zcap=(0, 6, 1) max_tail_u=0",NA
120,P1_no_rho,84,391.0461752000265,5.846348000108264,3.8957226999336854,0.18214609997812659,0.01,49418.92979492883,49418.92979492883,-77668.19743609,-58605.12835143718,0.0,-27163.020321375574,-77201.12235173135,-77201.1077122004,-60357.74299170577,-27163.020321375574,33194.72267033019,33194.7226703302,-28750.114758139323,38318.0,nan,nan,1.5000000000000002,10.0,0.0,0.0,10.0,0.85,CORE,MAIN,1.2112806374674596,0.2622247026559569,0.6,0.174,-60357.74299170577,STRUCTURAL,-0.8429631496783249,-217073.39419838128,31200.0,0,0,0,0,0,0,0,inf,inf,NA,1,5,5,5,23,6,0,0,CONTINUE,0,A,1,1,0,KEEP_STRUCTURAL_IN_ON_CUT,2,3,0,0,"tail_cont_enabled=1 tail_active_dims=(1,) tail_delta=0.1 tail_start=(6, 6, 6) returned_y=(0, 6, 1) returned_b=(0, 1, 0) returned_u=(0, 0, 0) returned_zcap=(0, 6, 1) max_tail_u=0",NA
120,P1_no_rho,85,398.6668462000089,5.846348000108264,7.620119499973953,0.17731199995614588,0.01,60914.42006780675,60914.42006780675,-77668.19743609,-56880.80481050549,0.0,-27163.020321375574,-74145.51122748594,-74145.49723740542,-60357.74299170577,-27163.020321375574,33194.72267033019,33194.7226703302,-27704.02910756692,37134.0,nan,nan,1.5000000000000002,10.0,0.0,0.0,10.0,0.85,CORE,MAIN,1.2118550064184073,0.2673640211137954,0.6,0.174,-60357.74299170577,STRUCTURAL,-0.833763633145518,-217073.39419838128,31200.0,0,0,0,0,0,0,0,inf,inf,NA,1,5,5,5,23,6,0,0,CONTINUE,0,A,1,1,0,KEEP_STRUCTURAL_IN_ON_CUT,2,3,0,0,"tail_cont_enabled=1 tail_active_dims=(1,) tail_delta=0.1 tail_start=(6, 6, 6) returned_y=(0, 6, 1) returned_b=(0, 1, 0) returned_u=(0, 0, 0) returned_zcap=(0, 6, 1) max_tail_u=0",NA
120,P1_no_rho,86,402.83231370011345,5.846348000108264,4.164676799904555,0.1689931999426335,0.01,44830.67198010058,44830.67198010058,-77668.19743609,-59293.36702366142,0.0,-27163.020321375574,-78991.68759118639,-78991.67283069277,-60357.74299170577,-27163.020321375574,33194.72267033019,33194.7226703302,-29795.762981749725,38184.0,nan,nan,1.5000000000000002,10.0,0.0,0.0,10.0,0.85,CORE,MAIN,1.2117553316644143,0.2586482476268279,0.6,0.174,-60357.74299170577,STRUCTURAL,-0.8589271221618658,-217073.39419838128,31200.0,0,0,0,0,0,0,0,inf,inf,NA,1,5,5,5,23,6,0,0,CONTINUE,0,A,1,1,0,KEEP_STRUCTURAL_IN_ON_CUT,2,3,0,0,"tail_cont_enabled=1 tail_active_dims=(1,) tail_delta=0.1 tail_start=(6, 6, 6) returned_y=(6, 0, 2) returned_b=(1, 0, 0) returned_u=(0, 0, 0) returned_zcap=(6, 0, 2) max_tail_u=0",NA
120,P1_no_rho,87,406.6078214000445,5.846348000108264,3.775084299966693,0.17566499998793006,0.01,40517.87045292364,40517.87045292364,-77668.19743609,-59940.287252737966,0.0,-27163.020321375574,-78010.78689572359,-78010.77228722959,-60357.74299170577,-27163.020321375574,33194.72267033019,33194.7226703302,-29743.10801118706,37602.5,nan,nan,1.5000000000000002,10.0,0.0,0.0,10.0,0.85,CORE,MAIN,1.2115772928797954,0.248490115923917,0.6,0.174,-60357.74299170577,STRUCTURAL,-0.8557527518301977,-217073.39419838128,31200.0,0,0,0,0,0,0,0,inf,inf,NA,1,5,5,5,23,6,0,0,CONTINUE,0,A,1,1,0,KEEP_STRUCTURAL_IN_ON_CUT,2,3,0,0,"tail_cont_enabled=1 tail_active_dims=(1,) tail_delta=0.1 tail_start=(6, 6, 6) returned_y=(6, 0, 2) returned_b=(1, 0, 0) returned_u=(0, 0, 0) returned_zcap=(6, 0, 2) max_tail_u=0",NA
120,P1_no_rho,88,410.32683200004976,5.846348000108264,3.718288099975325,0.20127710001543164,0.01,59817.580659120955,59817.580659120955,-77668.19743609,-57045.330721808365,0.0,-27163.020321375574,-77846.13278335422,-77846.11797945801,-60357.74299170577,-27163.020321375574,33194.72267033019,33194.7226703302,-28794.94703519543,39136.5,nan,nan,1.5000000000000002,10.0,0.0,0.0,10.0,0.85,CORE,MAIN,1.2116713836163602,0.23612433891617313,0.6,0.174,-60357.74299170577,STRUCTURAL,-0.835557104736202,-217073.39419838128,31200.0,0,0,0,0,0,0,0,inf,inf,NA,1,5,5,5,23,6,0,0,CONTINUE,0,A,1,1,0,KEEP_STRUCTURAL_IN_ON_CUT,2,3,0,0,"tail_cont_enabled=1 tail_active_dims=(1,) tail_delta=0.1 tail_start=(6, 6, 6) returned_y=(0, 6, 1) returned_b=(0, 1, 0) returned_u=(0, 0, 0) returned_zcap=(0, 6, 1) max_tail_u=0",NA
120,P1_no_rho,89,414.2629263000563,5.846348000108264,3.9355785000370815,0.17756960005499423,0.01,45643.13052240541,45643.13052240541,-77668.19743609,-59171.4982423157,0.0,-27163.020321375574,-78386.90788780317,-78386.89313231136,-60357.74299170577,-27163.020321375574,33194.72267033019,33194.7226703302,-29940.624033932425,39049.5,nan,nan,1.5000000000000002,10.0,0.0,0.0,10.0,0.85,CORE,MAIN,1.2115506731615162,0.24448624865688584,0.6,0.174,-60357.74299170577,STRUCTURAL,-0.8270915820241647,-217073.39419838128,31200.0,0,0,0,0,0,0,0,inf,inf,NA,1,5,5,5,23,6,0,0,CONTINUE,0,A,1,1,0,KEEP_STRUCTURAL_IN_ON_CUT,2,3,0,0,"tail_cont_enabled=1 tail_active_dims=(1,) tail_delta=0.1 tail_start=(6, 6, 6) returned_y=(0, 6, 1) returned_b=(0, 1, 0) returned_u=(0, 0, 0) returned_zcap=(0, 6, 1) max_tail_u=0",NA
120,P1_no_rho,90,421.42556150001474,5.846348000108264,7.162260100012645,0.16270489990711212,0.01,50024.300205610845,50024.300205610845,-77668.19743609,-58514.322789834885,0.0,-27163.020321375574,-77249.60968136207,-77249.59514323038,-60357.74299170577,-27163.020321375574,33194.72267033019,33194.7226703302,-29248.85543668187,36063.5,nan,nan,1.5000000000000004,10.000000000000002,0.0,0.0,10.0,0.85,CORE,MAIN,1.2115770859228268,0.26222546184420514,0.6,0.174,-60357.74299170577,STRUCTURAL,-0.8873374225379952,-217073.39419838128,31200.0,0,0,0,0,0,0,0,inf,inf,NA,1,5,5,5,23,6,0,0,CONTINUE,0,A,1,1,0,KEEP_STRUCTURAL_IN_ON_CUT,2,3,0,0,"tail_cont_enabled=1 tail_active_dims=(1,) tail_delta=0.1 tail_start=(6, 6, 6) returned_y=(6, 2, 0) returned_b=(1, 0, 0) returned_u=(0, 0, 0) returned_zcap=(6, 2, 0) max_tail_u=0",NA
120,P1_no_rho,91,425.0872638000874,5.846348000108264,3.661191700026393,0.17303550010547042,0.01,52705.72218730712,52705.72218730712,-77668.19743609,-58112.10949258044,0.0,-27163.020321375574,-77836.21354041997,-77836.19879394126,-60357.74299170577,-27163.020321375574,33194.72267033019,33194.7226703302,-28563.218036841834,36546.0,nan,nan,1.5000000000000002,10.0,0.0,0.0,10.0,0.85,CORE,MAIN,1.213439302424652,0.2611173093526473,0.6,0.174,-60357.74299170577,STRUCTURAL,-0.8988303463598283,-217073.39419838128,31200.0,0,0,0,0,0,0,0,inf,inf,NA,1,5,5,5,23,6,0,0,CONTINUE,0,A,1,1,0,KEEP_STRUCTURAL_IN_ON_CUT,2,3,0,0,"tail_cont_enabled=1 tail_active_dims=(1,) tail_delta=0.1 tail_start=(6, 6, 6) returned_y=(6, 2, 0) returned_b=(1, 0, 0) returned_u=(0, 0, 0) returned_zcap=(6, 2, 0) max_tail_u=0",NA
120,P1_no_rho,92,428.9781597000547,5.846348000108264,3.8902437000069767,0.16750470001716167,0.01,57448.07355063871,57448.07355063871,-77668.19743609,-57400.756788080704,0.0,-27163.020321375574,-74590.0501610078,-74590.03606068366,-60357.74299170577,-27163.020321375574,33194.72267033019,33194.7226703302,-27731.608497851757,37412.5,nan,nan,1.5000000000000002,10.0,0.0,0.0,10.0,0.85,CORE,MAIN,1.213622922986289,0.2667833756772957,0.6,0.174,-60357.74299170577,STRUCTURAL,-0.8349870152637379,-217073.39419838128,31200.0,0,0,0,0,0,0,0,inf,inf,NA,1,5,5,5,23,6,0,0,CONTINUE,0,A,1,1,0,KEEP_STRUCTURAL_IN_ON_CUT,2,3,0,0,"tail_cont_enabled=1 tail_active_dims=(1,) tail_delta=0.1 tail_start=(6, 6, 6) returned_y=(6, 0, 2) returned_b=(1, 0, 0) returned_u=(0, 0, 0) returned_zcap=(6, 0, 2) max_tail_u=0",NA
120,P1_no_rho,93,433.2741804000689,5.846348000108264,4.295516800018959,0.1618071999400854,0.01,44808.03160168508,44808.03160168508,-77668.19743609,-59296.76308042375,0.0,-27163.020321375574,-79209.15701501034,-79209.14223478976,-60357.74299170577,-27163.020321375574,33194.72267033019,33194.7226703302,-29919.624314199995,38135.0,nan,nan,1.5000000000000002,10.0,0.0,0.0,10.0,0.85,CORE,MAIN,1.2132418761104717,0.2586130745059356,0.6,0.174,-60357.74299170577,STRUCTURAL,-0.8616671984719153,-217073.39419838128,31200.0,0,0,0,0,0,0,0,inf,inf,NA,1,5,5,5,23,6,0,0,CONTINUE,0,A,1,1,0,KEEP_STRUCTURAL_IN_ON_CUT,2,3,0,0,"tail_cont_enabled=1 tail_active_dims=(1,) tail_delta=0.1 tail_start=(6, 6, 6) returned_y=(6, 0, 2) returned_b=(1, 0, 0) returned_u=(0, 0, 0) returned_zcap=(6, 0, 2) max_tail_u=0",NA
120,P1_no_rho,94,436.91376070003025,5.846348000108264,3.639195599942468,0.1585404999786988,0.01,41188.56180200738,41188.56180200738,-77668.19743609,-59839.6835503754,0.0,-27163.020321375574,-78210.17289010737,-78210.158192883,-60357.74299170577,-27163.020321375574,33194.72267033019,33194.7226703302,-29037.83503284804,35770.5,nan,nan,1.5000000000000002,10.0,0.0,0.0,10.0,0.85,CORE,MAIN,1.2128945140495726,0.2588679848429094,0.6,0.174,-60357.74299170577,STRUCTURAL,-0.916440887696751,-217073.39419838128,31200.0,0,0,0,0,0,0,0,inf,inf,NA,1,5,5,5,23,6,0,0,CONTINUE,0,A,1,1,0,KEEP_STRUCTURAL_IN_ON_CUT,2,3,0,0,"tail_cont_enabled=1 tail_active_dims=(1,) tail_delta=0.1 tail_start=(6, 6, 6) returned_y=(6, 2, 0) returned_b=(1, 0, 0) returned_u=(0, 0, 0) returned_zcap=(6, 2, 0) max_tail_u=0",NA
120,P1_no_rho,95,444.735285700066,5.846348000108264,7.820816199993715,0.1671401000348851,0.01,52101.974205173356,52101.974205173356,-77668.19743609,-58202.671689900504,0.0,-27163.020321375574,-76768.84626522352,-76768.83167074702,-60357.74299170577,-27163.020321375574,33194.72267033019,33194.7226703302,-27925.170654409907,35688.5,nan,nan,1.5000000000000002,10.0,0.0,0.0,10.0,0.85,CORE,MAIN,1.212920845217439,0.25534698269123657,0.6,0.174,-60357.74299170577,STRUCTURAL,-0.9124070968955846,-217073.39419838128,31200.0,0,0,0,0,0,0,0,inf,inf,NA,1,5,5,5,23,6,0,0,CONTINUE,0,A,1,1,0,KEEP_STRUCTURAL_IN_ON_CUT,2,3,0,0,"tail_cont_enabled=1 tail_active_dims=(1,) tail_delta=0.1 tail_start=(6, 6, 6) returned_y=(6, 2, 0) returned_b=(1, 0, 0) returned_u=(0, 0, 0) returned_zcap=(6, 2, 0) max_tail_u=0",NA
120,P1_no_rho,96,447.77520660008304,5.846348000108264,3.0391467000590637,0.1612723000580445,0.01,50564.749725361085,50564.749725361085,-77668.19743609,-58433.25536187235,0.0,-27163.020321375574,-78814.36671188244,-78814.35184318743,-60357.74299170577,-27163.020321375574,33194.72267033019,33194.7226703302,-29899.964783427145,36439.0,nan,nan,1.5000000000000002,10.0,0.0,0.0,10.0,0.85,CORE,MAIN,1.2126241590933622,0.25976882202333984,0.6,0.174,-60357.74299170577,STRUCTURAL,-0.8949090637276962,-217073.39419838128,31200.0,0,0,0,0,0,0,0,inf,inf,NA,1,5,5,5,23,6,0,0,CONTINUE,0,A,1,1,0,KEEP_STRUCTURAL_IN_ON_CUT,2,3,0,0,"tail_cont_enabled=1 tail_active_dims=(1,) tail_delta=0.1 tail_start=(6, 6, 6) returned_y=(6, 2, 0) returned_b=(1, 0, 0) returned_u=(0, 0, 0) returned_zcap=(6, 2, 0) max_tail_u=0",NA
120,P1_no_rho,97,452.07195450004656,5.846348000108264,4.29627419996541,0.16200040001422167,0.01,49030.995301402465,49030.995301402465,-77668.19743609,-58663.31852546614,0.0,-27163.020321375574,-77431.1349638333,-77431.1203879431,-60357.74299170577,-27163.020321375574,33194.72267033019,33194.7226703302,-29134.13562432968,37717.5,nan,nan,1.5000000000000002,10.0,0.0,0.0,10.0,0.85,CORE,MAIN,1.2125389832355138,0.2622593808847795,0.6,0.174,-60357.74299170577,STRUCTURAL,-0.8536618238857009,-217073.39419838128,31200.0,0,0,0,0,0,0,0,inf,inf,NA,1,5,5,5,23,6,0,0,CONTINUE,0,A,1,1,0,KEEP_STRUCTURAL_IN_ON_CUT,2,3,0,0,"tail_cont_enabled=1 tail_active_dims=(1,) tail_delta=0.1 tail_start=(6, 6, 6) returned_y=(0, 6, 1) returned_b=(0, 1, 0) returned_u=(0, 0, 0) returned_zcap=(0, 6, 1) max_tail_u=0",NA
120,P1_no_rho,98,455.71554010000546,5.846348000108264,3.6431958999019116,0.15645600005518645,0.01,50818.18718163324,50818.18718163324,-77668.19743609,-58395.23974343152,0.0,-27163.020321375574,-78117.42164672166,-78117.40689179536,-60357.74299170577,-27163.020321375574,33194.72267033019,33194.7226703302,-28782.327554183245,36869.5,nan,nan,1.5000000000000002,10.0,0.0,0.0,10.0,0.85,CORE,MAIN,1.2136916529639417,0.26118398571551127,0.6,0.174,-60357.74299170577,STRUCTURAL,-0.8920666917571815,-217073.39419838128,31200.0,0,0,0,0,0,0,0,inf,inf,NA,1,5,5,5,23,6,0,0,CONTINUE,0,A,1,1,0,KEEP_STRUCTURAL_IN_ON_CUT,2,3,0,0,"tail_cont_enabled=1 tail_active_dims=(1,) tail_delta=0.1 tail_start=(6, 6, 6) returned_y=(6, 2, 0) returned_b=(1, 0, 0) returned_u=(0, 0, 0) returned_zcap=(6, 2, 0) max_tail_u=0",NA
120,P1_no_rho,99,458.7338830000954,5.846348000108264,3.017869600094855,0.17854720004834235,0.01,54264.60856602993,54264.60856602993,-77668.19743609,-57878.27653577202,0.0,-27163.020321375574,-74843.28617797844,-74843.27203082589,-60357.74299170577,-27163.020321375574,33194.72267033019,33194.7226703302,-28008.80510155238,34991.5,nan,nan,1.5000000000000002,10.0,0.0,0.0,10.0,0.85,CORE,MAIN,1.2138754507962157,0.2665242843236957,0.6,0.174,-60357.74299170577,STRUCTURAL,-0.8923017862294842,-217073.39419838128,31200.0,0,0,0,0,0,0,0,inf,inf,NA,1,5,5,5,23,6,0,0,CONTINUE,0,A,1,1,0,KEEP_STRUCTURAL_IN_ON_CUT,2,3,0,0,"tail_cont_enabled=1 tail_active_dims=(1,) tail_delta=0.1 tail_start=(6, 6, 6) returned_y=(6, 2, 0) returned_b=(1, 0, 0) returned_u=(0, 0, 0) returned_zcap=(6, 2, 0) max_tail_u=0",NA
120,P1_no_rho,100,467.0579658000497,5.846348000108264,8.323538099997677,0.1849000999936834,0.01,41774.460208208264,41774.460208208264,-77668.19743609,-59751.79878944527,0.0,-27163.020321375574,-78701.93296414295,-78701.91814293455,-60357.74299170577,-27163.020321375574,33194.72267033019,33194.7226703302,-29551.179370224385,36816.5,nan,nan,1.5000000000000002,10.0,0.0,0.0,10.0,0.85,CORE,MAIN,1.2136364105222541,0.25951903414066624,0.6,0.174,-60357.74299170577,STRUCTURAL,-0.890012879600363,-217073.39419838128,31200.0,0,0,0,0,0,0,0,inf,inf,NA,1,5,5,5,23,6,0,0,CONTINUE,0,A,1,1,0,KEEP_STRUCTURAL_IN_ON_CUT,2,3,0,0,"tail_cont_enabled=1 tail_active_dims=(1,) tail_delta=0.1 tail_start=(6, 6, 6) returned_y=(6, 2, 0) returned_b=(1, 0, 0) returned_u=(0, 0, 0) returned_zcap=(6, 2, 0) max_tail_u=0",NA
120,P1_no_rho,101,471.2900543001015,5.846348000108264,4.23149740009103,0.17645710008218884,0.01,41972.236151978876,41972.236151978876,-77668.19743609,-59722.13239787968,0.0,-27163.020321375574,-78186.34391863701,-78186.32919460954,-60357.74299170577,-27163.020321375574,33194.72267033019,33194.7226703302,-29365.606514337913,35619.0,nan,nan,1.5000000000000002,10.0,0.0,0.0,10.0,0.85,CORE,MAIN,1.2133100690038412,0.2535747540873783,0.6,0.174,-60357.74299170577,STRUCTURAL,-0.9137580632110508,-217073.39419838128,31200.0,0,0,0,0,0,0,0,inf,inf,NA,1,5,5,5,23,6,0,0,CONTINUE,0,A,1,1,0,KEEP_STRUCTURAL_IN_ON_CUT,2,3,0,0,"tail_cont_enabled=1 tail_active_dims=(1,) tail_delta=0.1 tail_start=(6, 6, 6) returned_y=(6, 2, 0) returned_b=(1, 0, 0) returned_u=(0, 0, 0) returned_zcap=(6, 2, 0) max_tail_u=0",NA
120,P1_no_rho,102,475.02420170011465,5.846348000108264,3.7337460999842733,0.18508720002137125,0.01,57091.3213953759,57091.3213953759,-77668.19743609,-57454.269611370124,0.0,-27163.020321375574,-76437.42449850301,-76437.4099836644,-60357.74299170577,-27163.020321375574,33194.72267033019,33194.7226703302,-27841.819337308032,35655.5,nan,nan,1.500000000000001,10.000000000000005,0.0,0.0,10.0,0.85,CORE,MAIN,1.2134354245592207,0.25272867218938244,0.6,0.174,-60357.74299170577,STRUCTURAL,-0.9086132695069268,-217073.39419838128,31200.0,0,0,0,0,0,0,0,inf,inf,NA,1,5,5,5,23,6,0,0,CONTINUE,0,A,1,1,0,KEEP_STRUCTURAL_IN_ON_CUT,2,3,0,0,"tail_cont_enabled=1 tail_active_dims=(1,) tail_delta=0.1 tail_start=(6, 6, 6) returned_y=(6, 2, 0) returned_b=(1, 0, 0) returned_u=(0, 0, 0) returned_zcap=(6, 2, 0) max_tail_u=0",NA
120,P1_no_rho,103,478.1610140000703,5.846348000108264,3.136309599969536,0.16596100002061576,0.01,50221.187749677396,50221.187749677396,-77668.19743609,-58484.7896582249,0.0,-27163.020321375574,-78979.15020935566,-78979.13530481902,-60357.74299170577,-27163.020321375574,33194.72267033019,33194.7226703302,-30251.44755468611,39173.5,nan,nan,1.5000000000000002,10.0,0.0,0.0,10.0,0.85,CORE,MAIN,1.2131540047447755,0.2695114937867711,0.6,0.174,-60357.74299170577,STRUCTURAL,-0.8292627711783546,-217073.39419838128,31200.0,0,0,0,0,0,0,0,inf,inf,NA,1,5,5,5,23,6,0,0,CONTINUE,0,A,1,1,0,KEEP_STRUCTURAL_IN_ON_CUT,2,3,0,0,"tail_cont_enabled=1 tail_active_dims=(1,) tail_delta=0.1 tail_start=(6, 6, 6) returned_y=(0, 6, 1) returned_b=(0, 1, 0) returned_u=(0, 0, 0) returned_zcap=(0, 6, 1) max_tail_u=0",NA
120,P1_no_rho,104,482.1892438000068,5.846348000108264,4.027684499975294,0.17485449998639524,0.01,48839.62282680037,48839.62282680037,-77668.19743609,-58692.02439665645,0.0,-27163.020321375574,-77307.13349118963,-77307.1189424006,-60357.74299170577,-27163.020321375574,33194.72267033019,33194.7226703302,-29221.562725461303,38010.5,nan,nan,1.5000000000000007,10.000000000000004,0.0,0.0,10.0,0.85,CORE,MAIN,1.2131153380086157,0.2624438884502218,0.6,0.174,-60357.74299170577,STRUCTURAL,-0.8433732120850691,-217073.39419838128,31200.0,0,0,0,0,0,0,0,inf,inf,NA,1,5,5,5,23,6,0,0,CONTINUE,0,A,1,1,0,KEEP_STRUCTURAL_IN_ON_CUT,2,3,0,0,"tail_cont_enabled=1 tail_active_dims=(1,) tail_delta=0.1 tail_start=(6, 6, 6) returned_y=(0, 6, 1) returned_b=(0, 1, 0) returned_u=(0, 0, 0) returned_zcap=(0, 6, 1) max_tail_u=0",NA
120,P1_no_rho,105,490.3608365000691,5.846348000108264,8.171193500049412,0.15798989997711033,0.01,48079.09656607164,48079.09656607164,-77668.19743609,-58806.103335765765,0.0,-27163.020321375574,-76931.04051232208,-76931.02604712028,-60357.74299170577,-27163.020321375574,33194.72267033019,33194.7226703302,-28357.39673219513,37918.5,nan,nan,1.5000000000000002,10.0,0.0,0.0,10.0,0.85,CORE,MAIN,1.2141480724789444,0.2608653122781921,0.6,0.174,-60357.74299170577,STRUCTURAL,-0.8540005417746859,-217073.39419838128,31200.0,0,0,0,0,0,0,0,inf,inf,NA,1,5,5,5,23,6,0,0,CONTINUE,0,A,1,1,0,KEEP_STRUCTURAL_IN_ON_CUT,2,3,0,0,"tail_cont_enabled=1 tail_active_dims=(1,) tail_delta=0.1 tail_start=(6, 6, 6) returned_y=(0, 6, 1) returned_b=(0, 1, 0) returned_u=(0, 0, 0) returned_zcap=(0, 6, 1) max_tail_u=0",NA
120,P1_no_rho,106,493.48539480008185,5.846348000108264,3.124134600046091,0.15876790008042008,0.01,51434.997960964516,51434.997960964516,-77668.19743609,-58302.71812653183,0.0,-27163.020321375574,-74557.9266315506,-74557.9125187926,-60357.74299170577,-27163.020321375574,33194.72267033019,33194.7226703302,-27626.810998650373,37466.5,nan,nan,1.5000000000000002,10.0,0.0,0.0,10.0,0.85,CORE,MAIN,1.214225263526719,0.26432331691703814,0.6,0.174,-60357.74299170577,STRUCTURAL,-0.8350766955394323,-217073.39419838128,31200.0,0,0,0,0,0,0,0,inf,inf,NA,1,5,5,5,23,6,0,0,CONTINUE,0,A,1,1,0,KEEP_STRUCTURAL_IN_ON_CUT,2,3,0,0,"tail_cont_enabled=1 tail_active_dims=(1,) tail_delta=0.1 tail_start=(6, 6, 6) returned_y=(0, 6, 1) returned_b=(0, 1, 0) returned_u=(0, 0, 0) returned_zcap=(0, 6, 1) max_tail_u=0",NA
120,P1_no_rho,107,497.4023013000842,5.846348000108264,3.9163746000267565,0.16997960000298917,0.01,45117.791507044596,45117.791507044596,-77668.19743609,-59250.29909461982,0.0,-27163.020321375574,-79091.48954982412,-79091.4747471938,-60357.74299170577,-27163.020321375574,33194.72267033019,33194.7226703302,-30005.483652938954,39128.5,nan,nan,1.5000000000000002,10.0,0.0,0.0,10.0,0.85,CORE,MAIN,1.2137722993415803,0.2585049816186793,0.6,0.174,-60357.74299170577,STRUCTURAL,-0.8363211997095866,-217073.39419838128,31200.0,0,0,0,0,0,0,0,inf,inf,NA,1,5,5,5,23,6,0,0,CONTINUE,0,A,1,1,0,KEEP_STRUCTURAL_IN_ON_CUT,2,3,0,0,"tail_cont_enabled=1 tail_active_dims=(1,) tail_delta=0.1 tail_start=(6, 6, 6) returned_y=(0, 6, 1) returned_b=(0, 1, 0) returned_u=(0, 0, 0) returned_zcap=(0, 6, 1) max_tail_u=0",NA
120,P1_no_rho,108,501.05930310010444,5.846348000108264,3.656654500053264,0.1725019000004977,0.01,40715.24649979336,40715.24649979336,-77668.19743609,-59910.6808457075,0.0,-27163.020321375574,-78143.98054440193,-78143.96579900045,-60357.74299170577,-27163.020321375574,33194.72267033019,33194.7226703302,-29137.920636001712,38812.0,nan,nan,1.5000000000000002,10.0,0.0,0.0,10.0,0.85,CORE,MAIN,1.2132869202540637,0.26101851911960816,0.6,0.174,-60357.74299170577,STRUCTURAL,-0.841767926809556,-217073.39419838128,31200.0,0,0,0,0,0,0,0,inf,inf,NA,1,5,5,5,23,6,0,0,CONTINUE,0,A,1,1,0,KEEP_STRUCTURAL_IN_ON_CUT,2,3,0,0,"tail_cont_enabled=1 tail_active_dims=(1,) tail_delta=0.1 tail_start=(6, 6, 6) returned_y=(0, 6, 1) returned_b=(0, 1, 0) returned_u=(0, 0, 0) returned_zcap=(0, 6, 1) max_tail_u=0",NA
120,P1_no_rho,109,504.2060284001054,5.846348000108264,3.14603810000699,0.16502730001229793,0.01,59866.86524447558,59866.86524447558,-77668.19743609,-57037.93803400517,0.0,-27163.020321375574,-81911.5322262721,-81911.51748954068,-60357.74299170577,-27163.020321375574,33194.72267033019,33194.7226703302,-28754.44619027647,38830.0,nan,nan,1.5000000000000002,10.0,0.0,0.0,10.0,0.85,CORE,MAIN,1.2121905466084837,0.25573897000038825,0.6,0.174,-60357.74299170577,STRUCTURAL,-0.9126460863467114,-217073.39419838128,31200.0,0,0,0,0,0,0,0,inf,inf,NA,1,5,5,5,23,6,0,0,CONTINUE,0,A,1,1,0,KEEP_STRUCTURAL_IN_ON_CUT,2,3,0,0,"tail_cont_enabled=1 tail_active_dims=(1,) tail_delta=0.1 tail_start=(6, 6, 6) returned_y=(6, 2, 0) returned_b=(1, 0, 0) returned_u=(0, 0, 0) returned_zcap=(6, 2, 0) max_tail_u=0",NA
120,P1_no_rho,110,512.2092353000771,5.846348000108264,8.00284269999247,0.1646105000982061,0.01,49542.42114132893,49542.42114132893,-77668.19743609,-58586.60464947717,0.0,-27163.020321375574,-75656.69297184763,-75656.6786723151,-60357.74299170577,-27163.020321375574,33194.72267033019,33194.7226703302,-28481.400545065433,35292.0,nan,nan,1.5000000000000002,10.0,0.0,0.0,10.0,0.85,CORE,MAIN,1.2121632371648203,0.26626557530619754,0.6,0.174,-60357.74299170577,STRUCTURAL,-0.8911420553713711,-217073.39419838128,31200.0,0,0,0,0,0,0,0,inf,inf,NA,1,5,5,5,23,6,0,0,CONTINUE,0,A,1,1,0,KEEP_STRUCTURAL_IN_ON_CUT,2,3,0,0,"tail_cont_enabled=1 tail_active_dims=(1,) tail_delta=0.1 tail_start=(6, 6, 6) returned_y=(6, 2, 0) returned_b=(1, 0, 0) returned_u=(0, 0, 0) returned_zcap=(6, 2, 0) max_tail_u=0",NA
120,P1_no_rho,111,516.2228403000627,5.846348000108264,4.013177699991502,0.15670479997061193,0.01,46128.3081072419,46128.3081072419,-77668.19743609,-59098.721604590224,0.0,-27163.020321375574,-76668.68933345786,-76668.6748603776,-60357.74299170577,-27163.020321375574,33194.72267033019,33194.7226703302,-28429.363115547734,36355.0,nan,nan,1.5000000000000002,10.0,0.0,0.0,10.0,0.85,CORE,MAIN,1.212309535056103,0.27909581409875983,0.6,0.174,-60357.74299170577,STRUCTURAL,-0.884597473888596,-217073.39419838128,31200.0,0,0,0,0,0,0,0,inf,inf,NA,1,5,5,5,23,6,0,0,CONTINUE,0,A,1,1,0,KEEP_STRUCTURAL_IN_ON_CUT,2,3,0,0,"tail_cont_enabled=1 tail_active_dims=(1,) tail_delta=0.1 tail_start=(6, 6, 6) returned_y=(6, 2, 0) returned_b=(1, 0, 0) returned_u=(0, 0, 0) returned_zcap=(6, 2, 0) max_tail_u=0",NA
120,P1_no_rho,112,519.7603470000904,5.846348000108264,3.537114700069651,0.16745119995903224,0.01,53425.25061338551,53425.25061338551,-77668.19743609,-58004.18022866868,0.0,-27163.020321375574,-78061.0958064513,-78061.08109766226,-60357.74299170577,-27163.020321375574,33194.72267033019,33194.7226703302,-29301.781639738885,36502.5,nan,nan,1.5000000000000002,10.0,0.0,0.0,10.0,0.85,CORE,MAIN,1.21284817310816,0.26131465866967574,0.6,0.174,-60357.74299170577,STRUCTURAL,-0.890519817508817,-217073.39419838128,31200.0,0,0,0,0,0,0,0,inf,inf,NA,1,5,5,5,23,6,0,0,CONTINUE,0,A,1,1,0,KEEP_STRUCTURAL_IN_ON_CUT,2,3,0,0,"tail_cont_enabled=1 tail_active_dims=(1,) tail_delta=0.1 tail_start=(6, 6, 6) returned_y=(6, 2, 0) returned_b=(1, 0, 0) returned_u=(0, 0, 0) returned_zcap=(6, 2, 0) max_tail_u=0",NA
120,P1_no_rho,113,522.9523110000882,5.846348000108264,3.1914106000913307,0.1698880000039935,0.01,53571.68564552189,53571.68564552189,-77668.19743609,-57982.214973848226,0.0,-27163.020321375574,-74752.83872543453,-74752.82460343777,-60357.74299170577,-27163.020321375574,33194.72267033019,33194.7226703302,-27537.37590770302,35058.5,nan,nan,1.5000000000000002,10.0,0.0,0.0,10.0,0.85,CORE,MAIN,1.213292262075079,0.27754617245414404,0.6,0.174,-60357.74299170577,STRUCTURAL,-0.8978412024803255,-217073.39419838128,31200.0,0,0,0,0,0,0,0,inf,inf,NA,1,5,5,5,23,6,0,0,CONTINUE,0,A,1,1,0,KEEP_STRUCTURAL_IN_ON_CUT,2,3,0,0,"tail_cont_enabled=1 tail_active_dims=(1,) tail_delta=0.1 tail_start=(6, 6, 6) returned_y=(6, 2, 0) returned_b=(1, 0, 0) returned_u=(0, 0, 0) returned_zcap=(6, 2, 0) max_tail_u=0",NA
120,P1_no_rho,114,527.0607554001035,5.846348000108264,4.1078546000644565,0.1767871999181807,0.01,40582.229454546985,40582.229454546985,-77668.19743609,-59930.63340249446,0.0,-27163.020321375574,-78728.03776141712,-78728.02298433013,-60357.74299170577,-27163.020321375574,33194.72267033019,33194.7226703302,-29695.350707604972,36906.5,nan,nan,1.5000000000000002,10.0,0.0,0.0,10.0,0.85,CORE,MAIN,1.2131945105910118,0.25928240094271915,0.6,0.174,-60357.74299170577,STRUCTURAL,-0.8857097851187036,-217073.39419838128,31200.0,0,0,0,0,0,0,0,inf,inf,NA,1,5,5,5,23,6,0,0,CONTINUE,0,A,1,1,0,KEEP_STRUCTURAL_IN_ON_CUT,2,3,0,0,"tail_cont_enabled=1 tail_active_dims=(1,) tail_delta=0.1 tail_start=(6, 6, 6) returned_y=(6, 2, 0) returned_b=(1, 0, 0) returned_u=(0, 0, 0) returned_zcap=(6, 2, 0) max_tail_u=0",NA
120,P1_no_rho,115,534.6294149000896,5.846348000108264,7.568243600078858,0.1659625000320375,0.01,46307.63378372401,46307.63378372401,-77668.19743609,-59071.82275311791,0.0,-27163.020321375574,-78516.68464997625,-78516.66982671674,-60357.74299170577,-27163.020321375574,33194.72267033019,33194.7226703302,-29168.06464595214,38197.0,nan,nan,1.5000000000000002,10.0,0.0,0.0,10.0,0.85,CORE,MAIN,1.213144411914043,0.2576376847986037,0.6,0.174,-60357.74299170577,STRUCTURAL,-0.8612998434565469,-217073.39419838128,31200.0,0,0,0,0,0,0,0,inf,inf,NA,1,5,5,5,23,6,0,0,CONTINUE,0,A,1,1,0,KEEP_STRUCTURAL_IN_ON_CUT,2,3,0,0,"tail_cont_enabled=1 tail_active_dims=(1,) tail_delta=0.1 tail_start=(6, 6, 6) returned_y=(6, 0, 2) returned_b=(1, 0, 0) returned_u=(0, 0, 0) returned_zcap=(6, 0, 2) max_tail_u=0",NA
120,P1_no_rho,116,538.2645620000549,5.846348000108264,3.634562800056301,0.16125909995753318,0.01,42103.319634835796,42103.319634835796,-77668.19743609,-59702.46987545114,0.0,-27163.020321375574,-77917.55387519258,-77917.53925514729,-60357.74299170577,-27163.020321375574,33194.72267033019,33194.7226703302,-29829.984323074375,36741.0,nan,nan,1.5000000000000002,10.0,0.0,0.0,10.0,0.85,CORE,MAIN,1.2129687056620324,0.26142772305358064,0.6,0.174,-60357.74299170577,STRUCTURAL,-0.872550283190857,-217073.39419838128,31200.0,0,0,0,0,0,0,0,inf,inf,NA,1,5,5,5,23,6,0,0,CONTINUE,0,A,1,1,0,KEEP_STRUCTURAL_IN_ON_CUT,2,3,0,0,"tail_cont_enabled=1 tail_active_dims=(1,) tail_delta=0.1 tail_start=(6, 6, 6) returned_y=(6, 0, 2) returned_b=(1, 0, 0) returned_u=(0, 0, 0) returned_zcap=(6, 0, 2) max_tail_u=0",NA
120,P1_no_rho,117,542.1532122000353,5.846348000108264,3.8882605000399053,0.1928673000074923,0.01,57326.14868865001,57326.14868865001,-77668.19743609,-57419.04551737901,0.0,-27163.020321375574,-76052.40430359251,-76052.389952262,-60357.74299170577,-27163.020321375574,33194.72267033019,33194.7226703302,-28591.800663383532,35413.5,nan,nan,1.5000000000000002,10.0,0.0,0.0,10.0,0.85,CORE,MAIN,1.2131624175946962,0.2643054899471512,0.6,0.174,-60357.74299170577,STRUCTURAL,-0.8934556838282661,-217073.39419838128,31200.0,0,0,0,0,0,0,0,inf,inf,NA,1,5,5,5,23,6,0,0,CONTINUE,0,A,1,1,0,KEEP_STRUCTURAL_IN_ON_CUT,2,3,0,0,"tail_cont_enabled=1 tail_active_dims=(1,) tail_delta=0.1 tail_start=(6, 6, 6) returned_y=(6, 2, 0) returned_b=(1, 0, 0) returned_u=(0, 0, 0) returned_zcap=(6, 2, 0) max_tail_u=0",NA
120,P1_no_rho,118,546.0210863000248,5.846348000108264,3.867313899914734,0.17725910001900047,0.01,51292.72304796274,51292.72304796274,-77668.19743609,-58324.0593634821,0.0,-27163.020321375574,-77614.64545107073,-77614.63081387783,-60357.74299170577,-27163.020321375574,33194.72267033019,33194.7226703302,-28867.574443777783,36253.5,nan,nan,1.5000000000000002,10.0,0.0,0.0,10.0,0.85,CORE,MAIN,1.2132216667046731,0.26121692179362954,0.6,0.174,-60357.74299170577,STRUCTURAL,-0.8964110383843404,-217073.39419838128,31200.0,0,0,0,0,0,0,0,inf,inf,NA,1,5,5,5,23,6,0,0,CONTINUE,0,A,1,1,0,KEEP_STRUCTURAL_IN_ON_CUT,2,3,0,0,"tail_cont_enabled=1 tail_active_dims=(1,) tail_delta=0.1 tail_start=(6, 6, 6) returned_y=(6, 2, 0) returned_b=(1, 0, 0) returned_u=(0, 0, 0) returned_zcap=(6, 2, 0) max_tail_u=0",NA
120,P1_no_rho,119,548.8873216001084,5.846348000108264,2.8657575000543147,0.21563770005013794,0.01,46589.9295232575,46589.9295232575,-77668.19743609,-59029.478392187884,0.0,-27163.020321375574,-79224.31849074336,-79224.30353599836,-60357.74299170577,-27163.020321375574,33194.72267033019,33194.7226703302,-29067.15409386141,37274.0,nan,nan,1.5000000000000002,10.0,0.0,0.0,10.0,0.85,CORE,MAIN,1.2136117802569018,0.2591597525643464,0.6,0.174,-60357.74299170577,STRUCTURAL,-0.8970891138083198,-217073.39419838128,31200.0,0,0,0,0,0,0,0,inf,inf,NA,1,5,5,5,23,6,0,0,CONTINUE,0,A,1,1,0,KEEP_STRUCTURAL_IN_ON_CUT,2,3,0,0,"tail_cont_enabled=1 tail_active_dims=(1,) tail_delta=0.1 tail_start=(6, 6, 6) returned_y=(6, 2, 0) returned_b=(1, 0, 0) returned_u=(0, 0, 0) returned_zcap=(6, 2, 0) max_tail_u=0",NA
120,P1_no_rho,120,556.9858275000006,5.846348000108264,8.098032699897885,0.1759327999316156,0.01,53196.19257531392,53196.19257531392,-77668.19743609,-58038.53893437942,0.0,-27163.020321375574,-74748.56303304141,-74748.54886812328,-60357.74299170577,-27163.020321375574,33194.72267033019,33194.7226703302,-27422.685692472536,38558.0,nan,nan,1.5000000000000002,10.0,0.0,0.0,10.0,0.85,CORE,MAIN,1.213742146418711,0.2646277299138977,0.6,0.174,-60357.74299170577,STRUCTURAL,-0.8182627587124287,-217073.39419838128,31200.0,0,0,0,0,0,0,0,inf,inf,NA,1,5,5,5,23,6,0,0,CONTINUE,0,A,1,1,0,KEEP_STRUCTURAL_IN_ON_CUT,2,3,0,0,"tail_cont_enabled=1 tail_active_dims=(1,) tail_delta=0.1 tail_start=(6, 6, 6) returned_y=(0, 1, 6) returned_b=(0, 0, 1) returned_u=(0, 0, 0) returned_zcap=(0, 1, 6) max_tail_u=0",NA
120,P1_no_rho,121,560.6391347000608,5.846348000108264,3.652953500044532,0.157366200000979,0.01,46541.97345072444,46541.97345072444,-77668.19743609,-59036.671803067846,0.0,-27163.020321375574,-78971.7755635564,-78971.76069873599,-60357.74299170577,-27163.020321375574,33194.72267033019,33194.7226703302,-29795.774944031004,39029.0,nan,nan,1.5000000000000002,10.0,0.0,0.0,10.0,0.85,CORE,MAIN,1.213438718874533,0.2571064936912376,0.6,0.174,-60357.74299170577,STRUCTURAL,-0.8399905327611944,-217073.39419838128,31200.0,0,0,0,0,0,0,0,inf,inf,NA,1,5,5,5,23,6,0,0,CONTINUE,0,A,1,1,0,KEEP_STRUCTURAL_IN_ON_CUT,2,3,0,0,"tail_cont_enabled=1 tail_active_dims=(1,) tail_delta=0.1 tail_start=(6, 6, 6) returned_y=(0, 1, 6) returned_b=(0, 0, 1) returned_u=(0, 0, 0) returned_zcap=(0, 1, 6) max_tail_u=0",NA
120,P1_no_rho,122,563.5813944000984,5.846348000108264,2.941752400016412,0.15849129995331168,0.01,42830.02205701165,42830.02205701165,-77668.19743609,-59593.46451212476,0.0,-27163.020321375574,-78170.50132843357,-78170.48653655763,-60357.74299170577,-27163.020321375574,33194.72267033019,33194.7226703302,-28959.554719635587,39570.0,nan,nan,1.5000000000000002,10.0,0.0,0.0,10.0,0.85,CORE,MAIN,1.2131543171937011,0.26099880698785194,0.6,0.174,-60357.74299170577,STRUCTURAL,-0.8290949678531215,-217073.39419838128,31200.0,0,0,0,0,0,0,0,inf,inf,NA,1,5,5,5,23,6,0,0,CONTINUE,0,A,1,1,0,KEEP_STRUCTURAL_IN_ON_CUT,2,3,0,0,"tail_cont_enabled=1 tail_active_dims=(1,) tail_delta=0.1 tail_start=(6, 6, 6) returned_y=(0, 1, 6) returned_b=(0, 0, 1) returned_u=(0, 0, 0) returned_zcap=(0, 1, 6) max_tail_u=0",NA
120,P1_no_rho,123,567.6186090001138,5.846348000108264,4.036771299899556,0.15490089997183532,0.01,46798.19398222991,46798.19398222991,-77668.19743609,-58998.23872334202,0.0,-27163.020321375574,-78438.41265358537,-78438.39787755841,-60357.74299170577,-27163.020321375574,33194.72267033019,33194.7226703302,-29515.356086584212,39069.5,nan,nan,1.5000000000000002,10.0,0.0,0.0,10.0,0.85,CORE,MAIN,1.2127524108470915,0.2510357681066332,0.6,0.174,-60357.74299170577,STRUCTURAL,-0.8348036497519238,-217073.39419838128,31200.0,0,0,0,0,0,0,0,inf,inf,NA,1,5,5,5,23,6,0,0,CONTINUE,0,A,1,1,0,KEEP_STRUCTURAL_IN_ON_CUT,2,3,0,0,"tail_cont_enabled=1 tail_active_dims=(1,) tail_delta=0.1 tail_start=(6, 6, 6) returned_y=(0, 1, 6) returned_b=(0, 0, 1) returned_u=(0, 0, 0) returned_zcap=(0, 1, 6) max_tail_u=0",NA
120,P1_no_rho,124,570.802478400059,5.846348000108264,3.183270800043829,0.16798679996281862,0.01,57882.16342011628,57882.16342011628,-77668.19743609,-57335.64330765906,0.0,-27163.020321375574,-76857.59769312394,-76857.58318501875,-60357.74299170577,-27163.020321375574,33194.72267033019,33194.7226703302,-28856.842088324727,38274.0,nan,nan,1.5000000000000002,10.0,0.0,0.0,10.0,0.85,CORE,MAIN,1.2127276993599905,0.26352554161842145,0.6,0.174,-60357.74299170577,STRUCTURAL,-0.8360896186565991,-217073.39419838128,31200.0,0,0,0,0,0,0,0,inf,inf,NA,1,5,5,5,23,6,0,0,CONTINUE,0,A,1,1,0,KEEP_STRUCTURAL_IN_ON_CUT,2,3,0,0,"tail_cont_enabled=1 tail_active_dims=(1,) tail_delta=0.1 tail_start=(6, 6, 6) returned_y=(0, 6, 1) returned_b=(0, 1, 0) returned_u=(0, 0, 0) returned_zcap=(0, 6, 1) max_tail_u=0",NA
120,P1_no_rho,125,578.4736059000716,5.846348000108264,7.6707144000101835,0.1515217999694869,0.01,56101.752732471825,56101.752732471825,-77668.19743609,-57602.70491080573,0.0,-27163.020321375574,-84516.863815368,-84516.8490733855,-60357.74299170577,-27163.020321375574,33194.72267033019,33194.7226703302,-30156.065376852323,40486.5,nan,nan,1.5000000000000002,10.0,0.0,0.0,10.0,0.85,CORE,MAIN,1.2114033177131067,0.2521779146058135,0.6,0.174,-60357.74299170577,STRUCTURAL,-0.8951260905327814,-217073.39419838128,31200.0,0,0,0,0,0,0,0,inf,inf,NA,1,5,5,5,23,6,0,0,CONTINUE,0,A,1,1,0,KEEP_STRUCTURAL_IN_ON_CUT,2,3,0,0,"tail_cont_enabled=1 tail_active_dims=(1,) tail_delta=0.1 tail_start=(6, 6, 6) returned_y=(6, 2, 0) returned_b=(1, 0, 0) returned_u=(0, 0, 0) returned_zcap=(6, 2, 0) max_tail_u=0",NA
120,P1_no_rho,126,582.5923146000132,5.846348000108264,4.1182430000044405,0.16536500002257526,0.01,49420.28501159588,49420.28501159588,-77668.19743609,-58604.925068937126,0.0,-27163.020321375574,-80456.62394781582,-80456.60968522751,-60357.74299170577,-27163.020321375574,33194.72267033019,33194.7226703302,-27507.325014918453,38873.5,nan,nan,1.5000000000000002,10.0,0.0,0.0,10.0,0.85,CORE,MAIN,1.2116958176179884,0.25850622195180695,0.6,0.174,-60357.74299170577,STRUCTURAL,-0.9080613557703674,-217073.39419838128,31200.0,0,0,0,0,0,0,0,inf,inf,NA,1,5,5,5,23,6,0,0,CONTINUE,0,A,1,1,0,KEEP_STRUCTURAL_IN_ON_CUT,2,3,0,0,"tail_cont_enabled=1 tail_active_dims=(1,) tail_delta=0.1 tail_start=(6, 6, 6) returned_y=(6, 2, 0) returned_b=(1, 0, 0) returned_u=(0, 0, 0) returned_zcap=(6, 2, 0) max_tail_u=0",NA
120,P1_no_rho,127,586.1765558000188,5.846348000108264,3.5838031999301165,0.1935982999857515,0.01,47372.103723187574,47372.103723187574,-77668.19743609,-58912.152262198375,0.0,-27163.020321375574,-70162.98348268965,-70162.9701137988,-60357.74299170577,-27163.020321375574,33194.72267033019,33194.7226703302,-25060.723044116665,33937.0,nan,nan,1.5000000000000002,10.0,0.0,0.0,10.0,0.85,CORE,MAIN,1.209288631739192,0.28060269782611613,0.6,0.174,-60357.74299170577,STRUCTURAL,-0.8859994906185407,-217073.39419838128,31200.0,0,0,0,0,0,0,0,inf,inf,NA,1,5,5,5,23,6,0,0,CONTINUE,0,A,1,1,0,KEEP_STRUCTURAL_IN_ON_CUT,2,3,0,0,"tail_cont_enabled=1 tail_active_dims=(1,) tail_delta=0.1 tail_start=(6, 6, 6) returned_y=(6, 2, 0) returned_b=(1, 0, 0) returned_u=(0, 0, 0) returned_zcap=(6, 2, 0) max_tail_u=0",NA
120,P1_no_rho,128,589.8242134000175,5.846348000108264,3.647136199986562,0.1764993000542745,0.01,54976.27606866597,54976.27606866597,-77668.19743609,-57771.52641037661,0.0,-27163.020321375574,-84632.9481110625,-84632.93236833037,-60357.74299170577,-27163.020321375574,33194.72267033019,33194.7226703302,-32182.406423031494,40294.0,nan,nan,1.5000000000000002,10.0,0.0,0.0,10.0,0.85,CORE,MAIN,1.2059500932561509,0.25093225851138,0.6,0.174,-60357.74299170577,STRUCTURAL,-0.8677971235634562,-217073.39419838128,31200.0,0,0,0,0,0,0,0,inf,inf,NA,1,5,5,5,23,6,0,0,CONTINUE,0,A,1,1,0,KEEP_STRUCTURAL_IN_ON_CUT,2,3,0,0,"tail_cont_enabled=1 tail_active_dims=(1,) tail_delta=0.1 tail_start=(6, 6, 6) returned_y=(6, 0, 2) returned_b=(1, 0, 0) returned_u=(0, 0, 0) returned_zcap=(6, 0, 2) max_tail_u=0",NA
120,P1_no_rho,129,593.72709150007,5.846348000108264,3.9022521000588313,0.17453020007815212,0.01,42302.18616608773,42302.18616608773,-77668.19743609,-59672.63989576335,0.0,-27163.020321375574,-75008.6959869539,-75008.6818193516,-60357.74299170577,-27163.020321375574,33194.72267033019,33194.7226703302,-26930.682548487333,37107.5,nan,nan,1.5000000000000002,10.0,0.0,0.0,10.0,0.85,CORE,MAIN,1.2047781682369203,0.26624570280783155,0.6,0.174,-60357.74299170577,STRUCTURAL,-0.8637606821777134,-217073.39419838128,31200.0,0,0,0,0,0,0,0,inf,inf,NA,1,5,5,5,23,6,0,0,CONTINUE,0,A,1,1,0,KEEP_STRUCTURAL_IN_ON_CUT,2,3,0,0,"tail_cont_enabled=1 tail_active_dims=(1,) tail_delta=0.1 tail_start=(6, 6, 6) returned_y=(6, 0, 2) returned_b=(1, 0, 0) returned_u=(0, 0, 0) returned_zcap=(6, 0, 2) max_tail_u=0",NA
120,P1_no_rho,130,601.3549858001061,5.846348000108264,7.627478100010194,0.1631694999523461,0.01,42556.635958605206,42556.635958605206,-77668.19743609,-59634.472426885724,0.0,-27163.020321375574,-72413.96990423808,-72413.95623002762,-60357.74299170577,-27163.020321375574,33194.72267033019,33194.7226703302,-27109.562262729527,35596.0,nan,nan,1.5000000000000002,10.0,0.0,0.0,10.0,0.85,CORE,MAIN,1.2051331515516241,0.26882016507948747,0.6,0.174,-60357.74299170577,STRUCTURAL,-0.8484922269786509,-217073.39419838128,31200.0,0,0,0,0,0,0,0,inf,inf,NA,1,5,5,5,23,6,0,0,CONTINUE,0,A,1,1,0,KEEP_STRUCTURAL_IN_ON_CUT,2,3,0,0,"tail_cont_enabled=1 tail_active_dims=(1,) tail_delta=0.1 tail_start=(6, 6, 6) returned_y=(6, 0, 2) returned_b=(1, 0, 0) returned_u=(0, 0, 0) returned_zcap=(6, 0, 2) max_tail_u=0",NA
120,P1_no_rho,131,604.9856826000614,5.846348000108264,3.6301552000222728,0.17003099992871284,0.01,54648.611365587225,54648.611365587225,-77668.19743609,-57820.676115838425,0.0,-27163.020321375574,-82559.59790436941,-82559.58248508899,-60357.74299170577,-27163.020321375574,33194.72267033019,33194.7226703302,-32517.249276840856,39358.5,nan,nan,1.5000000000000002,10.0,0.0,0.0,10.0,0.85,CORE,MAIN,1.2043042960240462,0.250159502260488,0.6,0.174,-60357.74299170577,STRUCTURAL,-0.8476327977988342,-217073.39419838128,31200.0,0,0,0,0,0,0,0,inf,inf,NA,1,5,5,5,23,6,0,0,CONTINUE,0,A,1,1,0,KEEP_STRUCTURAL_IN_ON_CUT,2,3,0,0,"tail_cont_enabled=1 tail_active_dims=(1,) tail_delta=0.1 tail_start=(6, 6, 6) returned_y=(6, 0, 2) returned_b=(1, 0, 0) returned_u=(0, 0, 0) returned_zcap=(6, 0, 2) max_tail_u=0",NA
120,P1_no_rho,132,609.3736438000342,5.846348000108264,4.387576199951582,0.18459349998738617,0.01,44323.85969935146,44323.85969935146,-77668.19743609,-59369.38886577379,0.0,-27163.020321375574,-79556.24390460658,-79556.22896238549,-60357.74299170577,-27163.020321375574,33194.72267033019,33194.7226703302,-30417.29025491998,38424.5,nan,nan,1.5000000000000002,10.0,0.0,0.0,10.0,0.85,CORE,MAIN,1.2036284193606244,0.26432221639850173,0.6,0.174,-60357.74299170577,STRUCTURAL,-0.8525626220677869,-217073.39419838128,31200.0,0,0,0,0,0,0,0,inf,inf,NA,1,5,5,5,23,6,0,0,CONTINUE,0,A,1,1,0,KEEP_STRUCTURAL_IN_ON_CUT,2,3,0,0,"tail_cont_enabled=1 tail_active_dims=(1,) tail_delta=0.1 tail_start=(6, 6, 6) returned_y=(0, 6, 1) returned_b=(0, 1, 0) returned_u=(0, 0, 0) returned_zcap=(0, 6, 1) max_tail_u=0",NA
120,P1_no_rho,133,612.3863406000892,5.846348000108264,3.0121741000330076,0.17787159990984946,0.01,48926.42564233866,48926.42564233866,-77668.19743609,-58679.00397432571,0.0,-27163.020321375574,-80315.3028940885,-80315.2878331689,-60357.74299170577,-27163.020321375574,33194.72267033019,33194.7226703302,-30615.32074790144,39351.5,nan,nan,1.5000000000000002,10.0,0.0,0.0,10.0,0.85,CORE,MAIN,1.2040504073696352,0.25726571086603467,0.6,0.174,-60357.74299170577,STRUCTURAL,-0.8419834412964764,-217073.39419838128,31200.0,0,0,0,0,0,0,0,inf,inf,NA,1,5,5,5,23,6,0,0,CONTINUE,0,A,1,1,0,KEEP_STRUCTURAL_IN_ON_CUT,2,3,0,0,"tail_cont_enabled=1 tail_active_dims=(1,) tail_delta=0.1 tail_start=(6, 6, 6) returned_y=(0, 6, 1) returned_b=(0, 1, 0) returned_u=(0, 0, 0) returned_zcap=(0, 6, 1) max_tail_u=0",NA
120,P1_no_rho,134,615.9313610000536,5.846348000108264,3.5445106000406668,0.16815590008627623,0.01,65834.70304793987,65834.70304793987,-77668.19743609,-56142.762363485526,0.0,-27163.020321375574,-71963.05939620259,-71963.04574566762,-60357.74299170577,-27163.020321375574,33194.72267033019,33194.7226703302,-26075.506758935437,36427.0,nan,nan,1.5000000000000002,10.0,0.0,0.0,10.0,0.85,CORE,MAIN,1.2059197959763313,0.26936519489220645,0.6,0.174,-60357.74299170577,STRUCTURAL,-0.8398081823323758,-217073.39419838128,31200.0,0,0,0,0,0,0,0,inf,inf,NA,1,5,5,5,23,6,0,0,CONTINUE,0,A,1,1,0,KEEP_STRUCTURAL_IN_ON_CUT,2,3,0,0,"tail_cont_enabled=1 tail_active_dims=(1,) tail_delta=0.1 tail_start=(6, 6, 6) returned_y=(0, 6, 1) returned_b=(0, 1, 0) returned_u=(0, 0, 0) returned_zcap=(0, 6, 1) max_tail_u=0",NA
120,P1_no_rho,135,624.057809400023,5.846348000108264,8.125900099985301,0.18557410000357777,0.01,31798.01850516703,31798.01850516703,-77668.19743609,-61248.265044901455,0.0,-27163.020321375574,-75539.39663264967,-75539.38252419357,-60357.74299170577,-27163.020321375574,33194.72267033019,33194.7226703302,-28271.775962343694,37608.0,nan,nan,1.5000000000000002,10.0,0.0,0.0,10.0,0.85,CORE,MAIN,1.2071523106989654,0.2596461128833041,0.6,0.174,-60357.74299170577,STRUCTURAL,-0.8378998539645796,-217073.39419838128,31200.0,0,0,0,0,0,0,0,inf,inf,NA,1,5,5,5,23,6,0,0,CONTINUE,0,A,1,1,0,KEEP_STRUCTURAL_IN_ON_CUT,2,3,0,0,"tail_cont_enabled=1 tail_active_dims=(1,) tail_delta=0.1 tail_start=(6, 6, 6) returned_y=(0, 6, 1) returned_b=(0, 1, 0) returned_u=(0, 0, 0) returned_zcap=(0, 6, 1) max_tail_u=0",NA
120,P1_no_rho,136,627.1295060000848,5.846348000108264,3.0712662000441924,0.1830187999876216,0.01,50142.91779444227,50142.91779444227,-77668.19743609,-58496.53015151017,0.0,-27163.020321375574,-78284.40345074057,-78284.38872722974,-60357.74299170577,-27163.020321375574,33194.72267033019,33194.7226703302,-28398.894927783615,35856.5,nan,nan,1.5000000000000002,10.0,0.0,0.0,10.0,0.85,CORE,MAIN,1.2072593645401724,0.2585636203411422,0.6,0.174,-60357.74299170577,STRUCTURAL,-0.927502569026464,-217073.39419838128,31200.0,0,0,0,0,0,0,0,inf,inf,NA,1,5,5,5,23,6,0,0,CONTINUE,0,A,1,1,0,KEEP_STRUCTURAL_IN_ON_CUT,2,3,0,0,"tail_cont_enabled=1 tail_active_dims=(1,) tail_delta=0.1 tail_start=(6, 6, 6) returned_y=(6, 2, 0) returned_b=(1, 0, 0) returned_u=(0, 0, 0) returned_zcap=(6, 2, 0) max_tail_u=0",NA
120,P1_no_rho,137,630.6604790000711,5.846348000108264,3.5304672999773175,0.1622639000415802,0.01,68887.52483729343,68887.52483729343,-77668.19743609,-55684.8390950825,0.0,-27163.020321375574,-77014.5335377311,-77014.51900369981,-60357.74299170577,-27163.020321375574,33194.72267033019,33194.7226703302,-28825.910057501962,35968.5,nan,nan,1.5000000000000002,10.0,0.0,0.0,10.0,0.85,CORE,MAIN,1.207652710849775,0.26930593168916694,0.6,0.174,-60357.74299170577,STRUCTURAL,-0.8931631649211177,-217073.39419838128,31200.0,0,0,0,0,0,0,0,inf,inf,NA,1,5,5,5,23,6,0,0,CONTINUE,0,A,1,1,0,KEEP_STRUCTURAL_IN_ON_CUT,2,3,0,0,"tail_cont_enabled=1 tail_active_dims=(1,) tail_delta=0.1 tail_start=(6, 6, 6) returned_y=(6, 2, 0) returned_b=(1, 0, 0) returned_u=(0, 0, 0) returned_zcap=(6, 2, 0) max_tail_u=0",NA
120,P1_no_rho,138,634.3406670000404,5.846348000108264,3.6796180999372154,0.23226029996294528,0.01,40900.61122605347,40900.61122605347,-77668.19743609,-59882.876136768486,0.0,-27163.020321375574,-78270.80916758752,-78270.7944534581,-60357.74299170577,-27163.020321375574,33194.72267033019,33194.7226703302,-30574.855648739984,35711.0,nan,nan,1.5000000000000002,10.0,0.0,0.0,10.0,0.85,CORE,MAIN,1.207765456236053,0.25799377741418206,0.6,0.174,-60357.74299170577,STRUCTURAL,-0.8904061083833759,-217073.39419838128,31200.0,0,0,0,0,0,0,0,inf,inf,NA,1,5,5,5,23,6,0,0,CONTINUE,0,A,1,1,0,KEEP_STRUCTURAL_IN_ON_CUT,2,3,0,0,"tail_cont_enabled=1 tail_active_dims=(1,) tail_delta=0.1 tail_start=(6, 6, 6) returned_y=(6, 2, 0) returned_b=(1, 0, 0) returned_u=(0, 0, 0) returned_zcap=(6, 2, 0) max_tail_u=0",NA
120,P1_no_rho,139,638.313801900018,5.846348000108264,3.9725062999641523,0.17951079993508756,0.01,47480.7703518879,47480.7703518879,-77668.19743609,-58895.85226789332,0.0,-27163.020321375574,-79391.72404554994,-79391.70917074603,-60357.74299170577,-27163.020321375574,33194.72267033019,33194.7226703302,-30736.550051132435,38328.0,nan,nan,1.5000000000000002,10.0,0.0,0.0,10.0,0.85,CORE,MAIN,1.2075751153293892,0.25669940446497475,0.6,0.174,-60357.74299170577,STRUCTURAL,-0.8462944256525012,-217073.39419838128,31200.0,0,0,0,0,0,0,0,inf,inf,NA,1,5,5,5,23,6,0,0,CONTINUE,0,A,1,1,0,KEEP_STRUCTURAL_IN_ON_CUT,2,3,0,0,"tail_cont_enabled=1 tail_active_dims=(1,) tail_delta=0.1 tail_start=(6, 6, 6) returned_y=(6, 0, 2) returned_b=(1, 0, 0) returned_u=(0, 0, 0) returned_zcap=(6, 0, 2) max_tail_u=0",NA
120,P1_no_rho,140,645.889125600108,5.846348000108264,7.574897400103509,0.18706320005003363,0.01,43253.20873637375,43253.20873637375,-77668.19743609,-59529.98651022045,0.0,-27163.020321375574,-77236.95789419334,-77236.94332972314,-60357.74299170577,-27163.020321375574,33194.72267033019,33194.7226703302,-29393.484329835166,37170.0,nan,nan,1.5000000000000002,10.0,0.0,0.0,10.0,0.85,CORE,MAIN,1.2098119381390033,0.26017091694255423,0.6,0.174,-60357.74299170577,STRUCTURAL,-0.8581016769776337,-217073.39419838128,31200.0,0,0,0,0,0,0,0,inf,inf,NA,1,5,5,5,23,6,0,0,CONTINUE,0,A,1,1,0,KEEP_STRUCTURAL_IN_ON_CUT,2,3,0,0,"tail_cont_enabled=1 tail_active_dims=(1,) tail_delta=0.1 tail_start=(6, 6, 6) returned_y=(6, 0, 2) returned_b=(1, 0, 0) returned_u=(0, 0, 0) returned_zcap=(6, 0, 2) max_tail_u=0",NA
120,P1_no_rho,141,649.4642113000154,5.846348000108264,3.5745954000158235,0.1721912999637425,0.01,59055.80051731908,59055.80051731908,-77668.19743609,-57159.597743078644,0.0,-27163.020321375574,-74794.72324860806,-74794.70907660256,-60357.74299170577,-27163.020321375574,33194.72267033019,33194.7226703302,-26905.53846709368,37493.0,nan,nan,1.5000000000000002,10.0,0.0,0.0,10.0,0.85,CORE,MAIN,1.2112753625763633,0.2654710535253402,0.6,0.174,-60357.74299170577,STRUCTURAL,-0.8515219838282498,-217073.39419838128,31200.0,0,0,0,0,0,0,0,inf,inf,NA,1,5,5,5,23,6,0,0,CONTINUE,0,A,1,1,0,KEEP_STRUCTURAL_IN_ON_CUT,2,3,0,0,"tail_cont_enabled=1 tail_active_dims=(1,) tail_delta=0.1 tail_start=(6, 6, 6) returned_y=(6, 0, 2) returned_b=(1, 0, 0) returned_u=(0, 0, 0) returned_zcap=(6, 0, 2) max_tail_u=0",NA
120,P1_no_rho,142,653.4609155000653,5.846348000108264,3.996187699958682,0.1765836999984458,0.01,49950.552355981024,49950.552355981024,-77668.19743609,-58525.38496727936,0.0,-27163.020321375574,-76584.28985607046,-76584.27548356632,-60357.74299170577,-27163.020321375574,33194.72267033019,33194.7226703302,-28538.489224229368,37510.5,nan,nan,1.5000000000000002,10.0,0.0,0.0,10.0,0.85,CORE,MAIN,1.2123079130182082,0.2617490781773495,0.6,0.174,-60357.74299170577,STRUCTURAL,-0.8539082169763478,-217073.39419838128,31200.0,0,0,0,0,0,0,0,inf,inf,NA,1,5,5,5,23,6,0,0,CONTINUE,0,A,1,1,0,KEEP_STRUCTURAL_IN_ON_CUT,2,3,0,0,"tail_cont_enabled=1 tail_active_dims=(1,) tail_delta=0.1 tail_start=(6, 6, 6) returned_y=(6, 0, 2) returned_b=(1, 0, 0) returned_u=(0, 0, 0) returned_zcap=(6, 0, 2) max_tail_u=0",NA
120,P1_no_rho,143,657.1820933000417,5.846348000108264,3.7206517999293283,0.16094729991164058,0.01,42711.79634487006,42711.79634487006,-77668.19743609,-59611.198368946,0.0,-27163.020321375574,-77177.52382410967,-77177.50932182625,-60357.74299170577,-27163.020321375574,33194.72267033019,33194.7226703302,-27776.140686301565,38069.0,nan,nan,1.5000000000000002,10.0,0.0,0.0,10.0,0.85,CORE,MAIN,1.2128873468035208,0.2731815685807065,0.6,0.174,-60357.74299170577,STRUCTURAL,-0.8651198023855751,-217073.39419838128,31200.0,0,0,0,0,0,0,0,inf,inf,NA,1,5,5,5,23,6,0,0,CONTINUE,0,A,1,1,0,KEEP_STRUCTURAL_IN_ON_CUT,2,3,0,0,"tail_cont_enabled=1 tail_active_dims=(1,) tail_delta=0.1 tail_start=(6, 6, 6) returned_y=(6, 0, 2) returned_b=(1, 0, 0) returned_u=(0, 0, 0) returned_zcap=(6, 0, 2) max_tail_u=0",NA
120,P1_no_rho,144,661.2389310001163,5.846348000108264,4.056329499930143,0.1782554000383243,0.01,53113.29545865917,53113.29545865917,-77668.19743609,-58050.973501877634,0.0,-27163.020321375574,-77897.26309292414,-77897.2483338931,-60357.74299170577,-27163.020321375574,33194.72267033019,33194.7226703302,-29171.71917307313,36996.0,nan,nan,1.5000000000000002,10.0,0.0,0.0,10.0,0.85,CORE,MAIN,1.213132002978753,0.26028589430074345,0.6,0.174,-60357.74299170577,STRUCTURAL,-0.8780323847770926,-217073.39419838128,31200.0,0,0,0,0,0,0,0,inf,inf,NA,1,5,5,5,23,6,0,0,CONTINUE,0,A,1,1,0,KEEP_STRUCTURAL_IN_ON_CUT,2,3,0,0,"tail_cont_enabled=1 tail_active_dims=(1,) tail_delta=0.1 tail_start=(6, 6, 6) returned_y=(6, 0, 2) returned_b=(1, 0, 0) returned_u=(0, 0, 0) returned_zcap=(6, 0, 2) max_tail_u=0",NA
120,P1_no_rho,145,669.3519113000948,5.846348000108264,8.11243950005155,0.17340600001625717,0.01,50322.6894511569,50322.6894511569,-77668.19743609,-58469.56440300297,0.0,-27163.020321375574,-78846.34201013175,-78846.32720093908,-60357.74299170577,-27163.020321375574,33194.72267033019,33194.7226703302,-30152.215265564162,37418.0,nan,nan,1.5000000000000002,10.0,0.0,0.0,10.0,0.85,CORE,MAIN,1.2130827092007406,0.25905505059140277,0.6,0.174,-60357.74299170577,STRUCTURAL,-0.8675701878841716,-217073.39419838128,31200.0,0,0,0,0,0,0,0,inf,inf,NA,1,5,5,5,23,6,0,0,CONTINUE,0,A,1,1,0,KEEP_STRUCTURAL_IN_ON_CUT,2,3,0,0,"tail_cont_enabled=1 tail_active_dims=(1,) tail_delta=0.1 tail_start=(6, 6, 6) returned_y=(6, 0, 2) returned_b=(1, 0, 0) returned_u=(0, 0, 0) returned_zcap=(6, 0, 2) max_tail_u=0",NA
120,P1_no_rho,146,672.9354266000446,5.846348000108264,3.582939999992959,0.17817259998992085,0.01,43943.366285463926,43943.366285463926,-77668.19743609,-59426.46287785692,0.0,-27163.020321375574,-78778.33163110341,-78778.31674583424,-60357.74299170577,-27163.020321375574,33194.72267033019,33194.7226703302,-30628.564483545215,37805.0,nan,nan,1.5000000000000002,10.0,0.0,0.0,10.0,0.85,CORE,MAIN,1.21283190416372,0.25991351124737205,0.6,0.174,-60357.74299170577,STRUCTURAL,-0.8490896664866029,-217073.39419838128,31200.0,0,0,0,0,0,0,0,inf,inf,NA,1,5,5,5,23,6,0,0,CONTINUE,0,A,1,1,0,KEEP_STRUCTURAL_IN_ON_CUT,2,3,0,0,"tail_cont_enabled=1 tail_active_dims=(1,) tail_delta=0.1 tail_start=(6, 6, 6) returned_y=(6, 0, 2) returned_b=(1, 0, 0) returned_u=(0, 0, 0) returned_zcap=(6, 0, 2) max_tail_u=0",NA
120,P1_no_rho,147,676.6987027000869,5.846348000108264,3.7627476999768987,0.17696039995644242,0.01,51718.315171921415,51718.315171921415,-77668.19743609,-58260.220544888296,0.0,-27163.020321375574,-78095.12184876694,-78095.1071430811,-60357.74299170577,-27163.020321375574,33194.72267033019,33194.7226703302,-29242.981129984775,37762.0,nan,nan,1.5000000000000002,10.0,0.0,0.0,10.0,0.85,CORE,MAIN,1.2137112336623594,0.26155435939824245,0.6,0.174,-60357.74299170577,STRUCTURAL,-0.8624565438464826,-217073.39419838128,31200.0,0,0,0,0,0,0,0,inf,inf,NA,1,5,5,5,23,6,0,0,CONTINUE,0,A,1,1,0,KEEP_STRUCTURAL_IN_ON_CUT,2,3,0,0,"tail_cont_enabled=1 tail_active_dims=(1,) tail_delta=0.1 tail_start=(6, 6, 6) returned_y=(6, 0, 2) returned_b=(1, 0, 0) returned_u=(0, 0, 0) returned_zcap=(6, 0, 2) max_tail_u=0",NA
120,P1_no_rho,148,681.0095078001032,5.846348000108264,4.3102543000131845,0.17459549999330193,0.01,53310.72888765018,53310.72888765018,-77668.19743609,-58021.35848752898,0.0,-27163.020321375574,-74780.72042525158,-74780.70621015434,-60357.74299170577,-27163.020321375574,33194.72267033019,33194.7226703302,-26855.72645466708,37438.0,nan,nan,1.5000000000000002,10.0,0.0,0.0,10.0,0.85,CORE,MAIN,1.2137055225581421,0.2568329133170061,0.6,0.174,-60357.74299170577,STRUCTURAL,-0.8534106123099034,-217073.39419838128,31200.0,0,0,0,0,0,0,0,inf,inf,NA,1,5,5,5,23,6,0,0,CONTINUE,0,A,1,1,0,KEEP_STRUCTURAL_IN_ON_CUT,2,3,0,0,"tail_cont_enabled=1 tail_active_dims=(1,) tail_delta=0.1 tail_start=(6, 6, 6) returned_y=(6, 0, 2) returned_b=(1, 0, 0) returned_u=(0, 0, 0) returned_zcap=(6, 0, 2) max_tail_u=0",NA
120,P1_no_rho,149,684.9863286000909,5.846348000108264,3.9761645999969915,0.17649680003523827,0.01,47000.44213447735,47000.44213447735,-77668.19743609,-58967.90150050491,0.0,-27163.020321375574,-76800.51960508699,-76800.50514759259,-60357.74299170577,-27163.020321375574,33194.72267033019,33194.7226703302,-28188.65312671911,37595.5,nan,nan,1.5000000000000002,10.0,0.0,0.0,10.0,0.85,CORE,MAIN,1.2137060602243903,0.2627558580254954,0.6,0.174,-60357.74299170577,STRUCTURAL,-0.8620154366147272,-217073.39419838128,31200.0,0,0,0,0,0,0,0,inf,inf,NA,1,5,5,5,23,6,0,0,CONTINUE,0,A,1,1,0,KEEP_STRUCTURAL_IN_ON_CUT,2,3,0,0,"tail_cont_enabled=1 tail_active_dims=(1,) tail_delta=0.1 tail_start=(6, 6, 6) returned_y=(6, 0, 2) returned_b=(1, 0, 0) returned_u=(0, 0, 0) returned_zcap=(6, 0, 2) max_tail_u=0",NA
120,P1_no_rho,150,692.7503578000469,5.846348000108264,7.763598100049421,0.17157879995647818,0.01,44473.203499236544,44473.203499236544,-77668.19743609,-59346.98729579103,0.0,-27163.020321375574,-77492.326795325,-77492.31228462611,-60357.74299170577,-27163.020321375574,33194.72267033019,33194.7226703302,-28142.922976820522,38131.5,nan,nan,1.5000000000000002,10.0,0.0,0.0,10.0,0.85,CORE,MAIN,1.2136308027666558,0.27663600920473697,0.6,0.174,-60357.74299170577,STRUCTURAL,-0.8627930417599725,-217073.39419838128,31200.0,0,0,0,0,0,0,0,inf,inf,NA,1,5,5,5,23,6,0,0,CONTINUE,0,A,1,1,0,KEEP_STRUCTURAL_IN_ON_CUT,2,3,0,0,"tail_cont_enabled=1 tail_active_dims=(1,) tail_delta=0.1 tail_start=(6, 6, 6) returned_y=(6, 0, 2) returned_b=(1, 0, 0) returned_u=(0, 0, 0) returned_zcap=(6, 0, 2) max_tail_u=0",NA
120,P1_no_rho,151,696.7173267001053,5.846348000108264,3.9664090001024306,0.16970059997402132,0.01,52442.3169356574,52442.3169356574,-77668.19743609,-58151.6202803279,0.0,-27163.020321375574,-76898.97506262056,-76898.96051811537,-60357.74299170577,-27163.020321375574,33194.72267033019,33194.7226703302,-28994.645489857867,36333.5,nan,nan,1.5000000000000004,10.000000000000002,0.0,0.0,10.0,0.85,CORE,MAIN,1.2137232761410652,0.26227768387896844,0.6,0.174,-60357.74299170577,STRUCTURAL,-0.8789742254073608,-217073.39419838128,31200.0,0,0,0,0,0,0,0,inf,inf,NA,1,5,5,5,23,6,0,0,CONTINUE,0,A,1,1,0,KEEP_STRUCTURAL_IN_ON_CUT,2,3,0,0,"tail_cont_enabled=1 tail_active_dims=(1,) tail_delta=0.1 tail_start=(6, 6, 6) returned_y=(6, 0, 2) returned_b=(1, 0, 0) returned_u=(0, 0, 0) returned_zcap=(6, 0, 2) max_tail_u=0",NA
120,P1_no_rho,152,700.5049927000655,5.846348000108264,3.787016300018877,0.17739819991402328,0.01,48039.25105640091,48039.25105640091,-77668.19743609,-58812.08016221637,0.0,-27163.020321375574,-79147.1875998207,-79147.17273005734,-60357.74299170577,-27163.020321375574,33194.72267033019,33194.7226703302,-30216.31063701051,39176.5,nan,nan,1.5000000000000002,10.0,0.0,0.0,10.0,0.85,CORE,MAIN,1.2134340508684474,0.25875308926139096,0.6,0.174,-60357.74299170577,STRUCTURAL,-0.832656687777057,-217073.39419838128,31200.0,0,0,0,0,0,0,0,inf,inf,NA,1,5,5,5,23,6,0,0,CONTINUE,0,A,1,1,0,KEEP_STRUCTURAL_IN_ON_CUT,2,3,0,0,"tail_cont_enabled=1 tail_active_dims=(1,) tail_delta=0.1 tail_start=(6, 6, 6) returned_y=(0, 6, 1) returned_b=(0, 1, 0) returned_u=(0, 0, 0) returned_zcap=(0, 6, 1) max_tail_u=0",NA
120,P1_no_rho,153,703.7623815000989,5.846348000108264,3.256718400050886,0.1601852000458166,0.01,46629.793364156685,46629.793364156685,-77668.19743609,-59023.498816053005,0.0,-27163.020321375574,-79251.91765605002,-79251.9026817315,-60357.74299170577,-27163.020321375574,33194.72267033019,33194.7226703302,-30151.38708148142,38333.5,nan,nan,1.5000000000000002,10.0,0.0,0.0,10.0,0.85,CORE,MAIN,1.2129768218462498,0.25733544773010064,0.6,0.174,-60357.74299170577,STRUCTURAL,-0.8539182977508807,-217073.39419838128,31200.0,0,0,0,0,0,0,0,inf,inf,NA,1,5,5,5,23,6,0,0,CONTINUE,0,A,1,1,0,KEEP_STRUCTURAL_IN_ON_CUT,2,3,0,0,"tail_cont_enabled=1 tail_active_dims=(1,) tail_delta=0.1 tail_start=(6, 6, 6) returned_y=(0, 6, 1) returned_b=(0, 1, 0) returned_u=(0, 0, 0) returned_zcap=(0, 6, 1) max_tail_u=0",NA
120,P1_no_rho,154,707.5994148000609,5.846348000108264,3.8364970999537036,0.16755669994745404,0.01,48739.068909248424,48739.068909248424,-77668.19743609,-58707.10748428924,0.0,-27163.020321375574,-78646.64942945755,-78646.63461308116,-60357.74299170577,-27163.020321375574,33194.72267033019,33194.7226703302,-29749.10373346143,38872.5,nan,nan,1.5000000000000002,10.0,0.0,0.0,10.0,0.85,CORE,MAIN,1.2137903546760729,0.24972702588807483,0.6,0.174,-60357.74299170577,STRUCTURAL,-0.838596795157154,-217073.39419838128,31200.0,0,0,0,0,0,0,0,inf,inf,NA,1,5,5,5,23,6,0,0,CONTINUE,0,A,1,1,0,KEEP_STRUCTURAL_IN_ON_CUT,2,3,0,0,"tail_cont_enabled=1 tail_active_dims=(1,) tail_delta=0.1 tail_start=(6, 6, 6) returned_y=(0, 6, 1) returned_b=(0, 1, 0) returned_u=(0, 0, 0) returned_zcap=(0, 6, 1) max_tail_u=0",NA
120,P1_no_rho,155,715.4778804000234,5.846348000108264,7.8780155999120325,0.16911160002928227,0.01,54868.720061318694,54868.720061318694,-77668.19743609,-57787.659811478705,0.0,-27163.020321375574,-74728.81809846181,-74728.80390091472,-60357.74299170577,-27163.020321375574,33194.72267033019,33194.7226703302,-26901.449339546878,37498.5,nan,nan,1.5000000000000002,10.0,0.0,0.0,10.0,0.85,CORE,MAIN,1.2136359775580288,0.26768804617123965,0.6,0.174,-60357.74299170577,STRUCTURAL,-0.8502980930147044,-217073.39419838128,31200.0,0,0,0,0,0,0,0,inf,inf,NA,1,5,5,5,23,6,0,0,CONTINUE,0,A,1,1,0,KEEP_STRUCTURAL_IN_ON_CUT,2,3,0,0,"tail_cont_enabled=1 tail_active_dims=(1,) tail_delta=0.1 tail_start=(6, 6, 6) returned_y=(0, 6, 1) returned_b=(0, 1, 0) returned_u=(0, 0, 0) returned_zcap=(0, 6, 1) max_tail_u=0",NA
120,P1_no_rho,156,718.8497410001,5.846348000108264,3.3714111000299454,0.17206130002159625,0.01,48167.64041789184,48167.64041789184,-77668.19743609,-58792.82175799273,0.0,-27163.020321375574,-76978.45520851311,-76978.44074868935,-60357.74299170577,-27163.020321375574,33194.72267033019,33194.7226703302,-28527.73537580625,38252.5,nan,nan,1.5000000000000002,10.0,0.0,0.0,10.0,0.85,CORE,MAIN,1.2135403268437621,0.26266526124153766,0.6,0.174,-60357.74299170577,STRUCTURAL,-0.8444015488814776,-217073.39419838128,31200.0,0,0,0,0,0,0,0,inf,inf,NA,1,5,5,5,23,6,0,0,CONTINUE,0,A,1,1,0,KEEP_STRUCTURAL_IN_ON_CUT,2,3,0,0,"tail_cont_enabled=1 tail_active_dims=(1,) tail_delta=0.1 tail_start=(6, 6, 6) returned_y=(0, 6, 1) returned_b=(0, 1, 0) returned_u=(0, 0, 0) returned_zcap=(0, 6, 1) max_tail_u=0",NA
120,P1_no_rho,157,722.9035929000238,5.846348000108264,4.053547499934211,0.22120829997584224,0.01,42280.89472380594,42280.89472380594,-77668.19743609,-59675.83361210562,0.0,-27163.020321375574,-76579.09701833694,-76579.08251039317,-60357.74299170577,-27163.020321375574,33194.72267033019,33194.7226703302,-27320.230550158147,37866.5,nan,nan,1.5000000000000002,10.0,0.0,0.0,10.0,0.85,CORE,MAIN,1.2135637771623697,0.24340349559001728,0.6,0.174,-60357.74299170577,STRUCTURAL,-0.8672371262238836,-217073.39419838128,31200.0,0,0,0,0,0,0,0,inf,inf,NA,1,5,5,5,23,6,0,0,CONTINUE,0,A,1,1,0,KEEP_STRUCTURAL_IN_ON_CUT,2,3,0,0,"tail_cont_enabled=1 tail_active_dims=(1,) tail_delta=0.1 tail_start=(6, 6, 6) returned_y=(0, 6, 1) returned_b=(0, 1, 0) returned_u=(0, 0, 0) returned_zcap=(0, 6, 1) max_tail_u=0",NA
120,P1_no_rho,158,726.550633200095,5.846348000108264,3.6464430000633,0.1560520000057295,0.01,54098.96388042256,54098.96388042256,-77668.19743609,-57903.12323861312,0.0,-27163.020321375574,-77251.34377076241,-77251.32908743675,-60357.74299170577,-27163.020321375574,33194.72267033019,33194.7226703302,-28687.21208336113,38643.5,nan,nan,1.5000000000000002,10.0,0.0,0.0,10.0,0.85,CORE,MAIN,1.213618991331763,0.2615302947831789,0.6,0.174,-60357.74299170577,STRUCTURAL,-0.8378143284825929,-217073.39419838128,31200.0,0,0,0,0,0,0,0,inf,inf,NA,1,5,5,5,23,6,0,0,CONTINUE,0,A,1,1,0,KEEP_STRUCTURAL_IN_ON_CUT,2,3,0,0,"tail_cont_enabled=1 tail_active_dims=(1,) tail_delta=0.1 tail_start=(6, 6, 6) returned_y=(0, 6, 1) returned_b=(0, 1, 0) returned_u=(0, 0, 0) returned_zcap=(0, 6, 1) max_tail_u=0",NA
120,P1_no_rho,159,729.5943114000838,5.846348000108264,3.043314400012605,0.18661420000717044,0.01,47847.813639364125,47847.813639364125,-77668.19743609,-58840.79577477189,0.0,-27163.020321375574,-79235.53990516909,-79235.52497826333,-60357.74299170577,-27163.020321375574,33194.72267033019,33194.7226703302,-30224.135089126234,39188.5,nan,nan,1.5000000000000002,10.0,0.0,0.0,10.0,0.85,CORE,MAIN,1.213315788833515,0.25820405014629366,0.6,0.174,-60357.74299170577,STRUCTURAL,-0.8337716403049722,-217073.39419838128,31200.0,0,0,0,0,0,0,0,inf,inf,NA,1,5,5,5,23,6,0,0,CONTINUE,0,A,1,1,0,KEEP_STRUCTURAL_IN_ON_CUT,2,3,0,0,"tail_cont_enabled=1 tail_active_dims=(1,) tail_delta=0.1 tail_start=(6, 6, 6) returned_y=(0, 6, 1) returned_b=(0, 1, 0) returned_u=(0, 0, 0) returned_zcap=(0, 6, 1) max_tail_u=0",NA
120,P1_no_rho,160,737.7906401000218,5.846348000108264,8.195765599957667,0.17190850002225488,0.01,47588.35563808999,47588.35563808999,-77668.19743609,-58879.71447496301,0.0,-27163.020321375574,-79497.22484796814,-79497.20985313725,-60357.74299170577,-27163.020321375574,33194.72267033019,33194.7226703302,-30283.93971540724,38339.0,nan,nan,1.5000000000000002,10.0,0.0,0.0,10.0,0.85,CORE,MAIN,1.212832961678785,0.25895426448994585,0.6,0.174,-60357.74299170577,STRUCTURAL,-0.8557564557887962,-217073.39419838128,31200.0,0,0,0,0,0,0,0,inf,inf,NA,1,5,5,5,23,6,0,0,CONTINUE,0,A,1,1,0,KEEP_STRUCTURAL_IN_ON_CUT,2,3,0,0,"tail_cont_enabled=1 tail_active_dims=(1,) tail_delta=0.1 tail_start=(6, 6, 6) returned_y=(6, 0, 2) returned_b=(1, 0, 0) returned_u=(0, 0, 0) returned_zcap=(6, 0, 2) max_tail_u=0",NA
120,P1_no_rho,161,741.5046195000177,5.846348000108264,3.713476000004448,0.16449929994996637,0.01,46442.776913826296,46442.776913826296,-77668.19743609,-59051.55128360257,0.0,-27163.020321375574,-78450.82148273813,-78450.80667340341,-60357.74299170577,-27163.020321375574,33194.72267033019,33194.7226703302,-29564.246436764908,37764.0,nan,nan,1.5000000000000002,10.0,0.0,0.0,10.0,0.85,CORE,MAIN,1.2135728494355864,0.2612915791681423,0.6,0.174,-60357.74299170577,STRUCTURAL,-0.8630187521914784,-217073.39419838128,31200.0,0,0,0,0,0,0,0,inf,inf,NA,1,5,5,5,23,6,0,0,CONTINUE,0,A,1,1,0,KEEP_STRUCTURAL_IN_ON_CUT,2,3,0,0,"tail_cont_enabled=1 tail_active_dims=(1,) tail_delta=0.1 tail_start=(6, 6, 6) returned_y=(6, 0, 2) returned_b=(1, 0, 0) returned_u=(0, 0, 0) returned_zcap=(6, 0, 2) max_tail_u=0",NA
120,P1_no_rho,162,745.0088970001088,5.846348000108264,3.5036203000927344,0.17185740009881556,0.01,52087.08345822935,52087.08345822935,-77668.19743609,-58204.905301942104,0.0,-27163.020321375574,-74583.61751004541,-74583.60326435682,-60357.74299170577,-27163.020321375574,33194.72267033019,33194.7226703302,-26535.110838204477,37347.0,nan,nan,1.5000000000000002,10.0,0.0,0.0,10.0,0.85,CORE,MAIN,1.2134512637823498,0.2677774842874455,0.6,0.174,-60357.74299170577,STRUCTURAL,-0.857694815757666,-217073.39419838128,31200.0,0,0,0,0,0,0,0,inf,inf,NA,1,5,5,5,23,6,0,0,CONTINUE,0,A,1,1,0,KEEP_STRUCTURAL_IN_ON_CUT,2,3,0,0,"tail_cont_enabled=1 tail_active_dims=(1,) tail_delta=0.1 tail_start=(6, 6, 6) returned_y=(6, 0, 2) returned_b=(1, 0, 0) returned_u=(0, 0, 0) returned_zcap=(6, 0, 2) max_tail_u=0",NA
120,P1_no_rho,163,749.0973651000531,5.846348000108264,4.088020000024699,0.15063279995229095,0.01,44010.02088116297,44010.02088116297,-77668.19743609,-59416.46468850206,0.0,-27163.020321375574,-77196.34008314103,-77196.32565020048,-60357.74299170577,-27163.020321375574,33194.72267033019,33194.7226703302,-28855.621824679758,37665.0,nan,nan,1.5000000000000002,10.0,0.0,0.0,10.0,0.85,CORE,MAIN,1.213270108581646,0.2623451266197123,0.6,0.174,-60357.74299170577,STRUCTURAL,-0.8556255378648737,-217073.39419838128,31200.0,0,0,0,0,0,0,0,inf,inf,NA,1,5,5,5,23,6,0,0,CONTINUE,0,A,1,1,0,KEEP_STRUCTURAL_IN_ON_CUT,2,3,0,0,"tail_cont_enabled=1 tail_active_dims=(1,) tail_delta=0.1 tail_start=(6, 6, 6) returned_y=(6, 0, 2) returned_b=(1, 0, 0) returned_u=(0, 0, 0) returned_zcap=(6, 0, 2) max_tail_u=0",NA
120,P1_no_rho,164,752.6287562000798,5.846348000108264,3.5310232000192627,0.15297759999521077,0.01,45794.622335409375,45794.622335409375,-77668.19743609,-59148.774470365104,0.0,-27163.020321375574,-76981.45653468072,-76981.44192621013,-60357.74299170577,-27163.020321375574,33194.72267033019,33194.7226703302,-26993.03028040472,38101.5,nan,nan,1.5000000000000002,10.0,0.0,0.0,10.0,0.85,CORE,MAIN,1.2131853245971902,0.2765495989377521,0.6,0.174,-60357.74299170577,STRUCTURAL,-0.8746534326436038,-217073.39419838128,31200.0,0,0,0,0,0,0,0,inf,inf,NA,1,5,5,5,23,6,0,0,CONTINUE,0,A,1,1,0,KEEP_STRUCTURAL_IN_ON_CUT,2,3,0,0,"tail_cont_enabled=1 tail_active_dims=(1,) tail_delta=0.1 tail_start=(6, 6, 6) returned_y=(6, 0, 2) returned_b=(1, 0, 0) returned_u=(0, 0, 0) returned_zcap=(6, 0, 2) max_tail_u=0",NA
120,P1_no_rho,165,760.2160471000243,5.846348000108264,7.586042099981569,0.17195180000271648,0.01,53750.90718835428,53750.90718835428,-77668.19743609,-57955.33174242337,0.0,-27163.020321375574,-76470.87793217417,-76470.86341262807,-60357.74299170577,-27163.020321375574,33194.72267033019,33194.7226703302,-28556.766196660446,36483.5,nan,nan,1.5000000000000002,10.0,0.0,0.0,10.0,0.85,CORE,MAIN,1.2133694854606276,0.26284565514079905,0.6,0.174,-60357.74299170577,STRUCTURAL,-0.8755391198024245,-217073.39419838128,31200.0,0,0,0,0,0,0,0,inf,inf,NA,1,5,5,5,23,6,0,0,CONTINUE,0,A,1,1,0,KEEP_STRUCTURAL_IN_ON_CUT,2,3,0,0,"tail_cont_enabled=1 tail_active_dims=(1,) tail_delta=0.1 tail_start=(6, 6, 6) returned_y=(6, 0, 2) returned_b=(1, 0, 0) returned_u=(0, 0, 0) returned_zcap=(6, 0, 2) max_tail_u=0",NA
120,P1_no_rho,166,764.072452600114,5.846348000108264,3.8558595000067726,0.17722660000436008,0.01,48110.23684519287,48110.23684519287,-77668.19743609,-58801.432293897575,0.0,-27163.020321375574,-79296.7729689302,-79296.7580621554,-60357.74299170577,-27163.020321375574,33194.72267033019,33194.7226703302,-30334.50394984985,37762.5,nan,nan,1.5000000000000002,10.0,0.0,0.0,10.0,0.85,CORE,MAIN,1.213112131540576,0.25819994694284953,0.6,0.174,-60357.74299170577,STRUCTURAL,-0.8643893476739364,-217073.39419838128,31200.0,0,0,0,0,0,0,0,inf,inf,NA,1,5,5,5,23,6,0,0,CONTINUE,0,A,1,1,0,KEEP_STRUCTURAL_IN_ON_CUT,2,3,0,0,"tail_cont_enabled=1 tail_active_dims=(1,) tail_delta=0.1 tail_start=(6, 6, 6) returned_y=(6, 0, 2) returned_b=(1, 0, 0) returned_u=(0, 0, 0) returned_zcap=(6, 0, 2) max_tail_u=0",NA
120,P1_no_rho,167,768.0059527000412,5.846348000108264,3.9330173999769613,0.15875379997305572,0.01,44187.95341223931,44187.95341223931,-77668.19743609,-59389.774808840615,0.0,-27163.020321375574,-79437.35828636197,-79437.343403917,-60357.74299170577,-27163.020321375574,33194.72267033019,33194.7226703302,-30751.31996701783,38418.0,nan,nan,1.5000000000000002,10.0,0.0,0.0,10.0,0.85,CORE,MAIN,1.2126463865240544,0.25887678927016033,0.6,0.174,-60357.74299170577,STRUCTURAL,-0.8448474402085683,-217073.39419838128,31200.0,0,0,0,0,0,0,0,inf,inf,NA,1,5,5,5,23,6,0,0,CONTINUE,0,A,1,1,0,KEEP_STRUCTURAL_IN_ON_CUT,2,3,0,0,"tail_cont_enabled=1 tail_active_dims=(1,) tail_delta=0.1 tail_start=(6, 6, 6) returned_y=(6, 0, 2) returned_b=(1, 0, 0) returned_u=(0, 0, 0) returned_zcap=(6, 0, 2) max_tail_u=0",NA
120,P1_no_rho,168,771.6529902000912,5.846348000108264,3.6466423000674695,0.20194589998573065,0.01,46650.68085995885,46650.68085995885,-77668.19743609,-59020.36569168268,0.0,-27163.020321375574,-78329.70084250123,-78329.68606709351,-60357.74299170577,-27163.020321375574,33194.72267033019,33194.7226703302,-29654.44156356281,37672.0,nan,nan,1.5000000000000002,10.0,0.0,0.0,10.0,0.85,CORE,MAIN,1.2134304672534022,0.2612251445056608,0.6,0.174,-60357.74299170577,STRUCTURAL,-0.8613867860042949,-217073.39419838128,31200.0,0,0,0,0,0,0,0,inf,inf,NA,1,5,5,5,23,6,0,0,CONTINUE,0,A,1,1,0,KEEP_STRUCTURAL_IN_ON_CUT,2,3,0,0,"tail_cont_enabled=1 tail_active_dims=(1,) tail_delta=0.1 tail_start=(6, 6, 6) returned_y=(6, 0, 2) returned_b=(1, 0, 0) returned_u=(0, 0, 0) returned_zcap=(6, 0, 2) max_tail_u=0",NA
120,P1_no_rho,169,775.8682468000334,5.846348000108264,4.214691799948923,0.16755809995811433,0.01,54795.07596879855,54795.07596879855,-77668.19743609,-57798.70642535672,0.0,-27163.020321375574,-74935.4857544669,-74935.47151556045,-60357.74299170577,-27163.020321375574,33194.72267033019,33194.7226703302,-26795.059466879404,37284.5,nan,nan,1.5000000000000002,10.0,0.0,0.0,10.0,0.85,CORE,MAIN,1.213570278948607,0.2667907709969226,0.6,0.174,-60357.74299170577,STRUCTURAL,-0.8607761410895688,-217073.39419838128,31200.0,0,0,0,0,0,0,0,inf,inf,NA,1,5,5,5,23,6,0,0,CONTINUE,0,A,1,1,0,KEEP_STRUCTURAL_IN_ON_CUT,2,3,0,0,"tail_cont_enabled=1 tail_active_dims=(1,) tail_delta=0.1 tail_start=(6, 6, 6) returned_y=(6, 0, 2) returned_b=(1, 0, 0) returned_u=(0, 0, 0) returned_zcap=(6, 0, 2) max_tail_u=0",NA
120,P1_no_rho,170,783.8857055000262,5.846348000108264,8.016951199970208,0.1506115000229329,0.01,42554.146429270826,42554.146429270826,-77668.19743609,-59634.84585628589,0.0,-27163.020321375574,-76702.99994959198,-76702.98549256125,-60357.74299170577,-27163.020321375574,33194.72267033019,33194.7226703302,-28314.82851580289,37518.5,nan,nan,1.5000000000000002,10.0,0.0,0.0,10.0,0.85,CORE,MAIN,1.213698257756524,0.2628153399043286,0.6,0.174,-60357.74299170577,STRUCTURAL,-0.8598097290093926,-217073.39419838128,31200.0,0,0,0,0,0,0,0,inf,inf,NA,1,5,5,5,23,6,0,0,CONTINUE,0,A,1,1,0,KEEP_STRUCTURAL_IN_ON_CUT,2,3,0,0,"tail_cont_enabled=1 tail_active_dims=(1,) tail_delta=0.1 tail_start=(6, 6, 6) returned_y=(6, 0, 2) returned_b=(1, 0, 0) returned_u=(0, 0, 0) returned_zcap=(6, 0, 2) max_tail_u=0",NA
120,P1_no_rho,171,787.5137848000741,5.846348000108264,3.6275614000624046,0.16533770004753023,0.01,47676.03067270365,47676.03067270365,-77668.19743609,-58866.563219770964,0.0,-27163.020321375574,-77520.85949711743,-77520.84482714959,-60357.74299170577,-27163.020321375574,33194.72267033019,33194.7226703302,-27250.228134125973,38198.5,nan,nan,1.5000000000000002,10.0,0.0,0.0,10.0,0.85,CORE,MAIN,1.2136326060069282,0.2617881926695167,0.6,0.174,-60357.74299170577,STRUCTURAL,-0.8773576046707524,-217073.39419838128,31200.0,0,0,0,0,0,0,0,inf,inf,NA,1,5,5,5,23,6,0,0,CONTINUE,0,A,1,1,0,KEEP_STRUCTURAL_IN_ON_CUT,2,3,0,0,"tail_cont_enabled=1 tail_active_dims=(1,) tail_delta=0.1 tail_start=(6, 6, 6) returned_y=(6, 0, 2) returned_b=(1, 0, 0) returned_u=(0, 0, 0) returned_zcap=(6, 0, 2) max_tail_u=0",NA
120,P1_no_rho,172,791.3989765000297,5.846348000108264,3.884281300008297,0.18442010006401688,0.01,56098.56297181177,56098.56297181177,-77668.19743609,-57603.183374904744,0.0,-27163.020321375574,-76682.86822342749,-76682.85372599712,-60357.74299170577,-27163.020321375574,33194.72267033019,33194.7226703302,-28982.595789973388,36836.0,nan,nan,1.5000000000000002,10.0,0.0,0.0,10.0,0.85,CORE,MAIN,1.2138132422180368,0.262753157957061,0.6,0.174,-60357.74299170577,STRUCTURAL,-0.8632905841391345,-217073.39419838128,31200.0,0,0,0,0,0,0,0,inf,inf,NA,1,5,5,5,23,6,0,0,CONTINUE,0,A,1,1,0,KEEP_STRUCTURAL_IN_ON_CUT,2,3,0,0,"tail_cont_enabled=1 tail_active_dims=(1,) tail_delta=0.1 tail_start=(6, 6, 6) returned_y=(6, 0, 2) returned_b=(1, 0, 0) returned_u=(0, 0, 0) returned_zcap=(6, 0, 2) max_tail_u=0",NA
120,P1_no_rho,173,795.1604315000586,5.846348000108264,3.7610400000121444,0.16250009997747838,0.01,48087.63756334618,48087.63756334618,-77668.19743609,-58804.822186174584,0.0,-27163.020321375574,-79204.5462013543,-79204.53137039366,-60357.74299170577,-27163.020321375574,33194.72267033019,33194.7226703302,-30384.801624547246,37740.5,nan,nan,1.5000000000000002,10.0,0.0,0.0,10.0,0.85,CORE,MAIN,1.2135967960575766,0.2585926550740145,0.6,0.174,-60357.74299170577,STRUCTURAL,-0.8623756043833795,-217073.39419838128,31200.0,0,0,0,0,0,0,0,inf,inf,NA,1,5,5,5,23,6,0,0,CONTINUE,0,A,1,1,0,KEEP_STRUCTURAL_IN_ON_CUT,2,3,0,0,"tail_cont_enabled=1 tail_active_dims=(1,) tail_delta=0.1 tail_start=(6, 6, 6) returned_y=(6, 0, 2) returned_b=(1, 0, 0) returned_u=(0, 0, 0) returned_zcap=(6, 0, 2) max_tail_u=0",NA
120,P1_no_rho,174,798.7248504000017,5.846348000108264,3.5639317999593914,0.17025059997104108,0.01,42322.02888202708,42322.02888202708,-77668.19743609,-59669.66348837245,0.0,-27163.020321375574,-79023.03787992826,-79023.02297385267,-60357.74299170577,-27163.020321375574,33194.72267033019,33194.7226703302,-30692.576469606145,38159.0,nan,nan,1.5000000000000002,10.0,0.0,0.0,10.0,0.85,CORE,MAIN,1.2132447291932302,0.2597003206337145,0.6,0.174,-60357.74299170577,STRUCTURAL,-0.8443695502895169,-217073.39419838128,31200.0,0,0,0,0,0,0,0,inf,inf,NA,1,5,5,5,23,6,0,0,CONTINUE,0,A,1,1,0,KEEP_STRUCTURAL_IN_ON_CUT,2,3,0,0,"tail_cont_enabled=1 tail_active_dims=(1,) tail_delta=0.1 tail_start=(6, 6, 6) returned_y=(6, 0, 2) returned_b=(1, 0, 0) returned_u=(0, 0, 0) returned_zcap=(6, 0, 2) max_tail_u=0",NA
120,P1_no_rho,175,806.5751773000229,5.846348000108264,7.849678799975663,0.17103880003560334,0.01,48263.651666510836,48263.651666510836,-77668.19743609,-58778.42007069988,0.0,-27163.020321375574,-78434.09366072353,-78434.07881341335,-60357.74299170577,-27163.020321375574,33194.72267033019,33194.7226703302,-29646.838649534293,38705.0,nan,nan,1.5000000000000002,10.0,0.0,0.0,10.0,0.85,CORE,MAIN,1.2139763779559296,0.2612062877479435,0.6,0.174,-60357.74299170577,STRUCTURAL,-0.840326231130845,-217073.39419838128,31200.0,0,0,0,0,0,0,0,inf,inf,NA,1,5,5,5,23,6,0,0,CONTINUE,0,A,1,1,0,KEEP_STRUCTURAL_IN_ON_CUT,2,3,0,0,"tail_cont_enabled=1 tail_active_dims=(1,) tail_delta=0.1 tail_start=(6, 6, 6) returned_y=(0, 1, 6) returned_b=(0, 0, 1) returned_u=(0, 0, 0) returned_zcap=(0, 1, 6) max_tail_u=0",NA
120,P1_no_rho,176,809.6098268000642,5.846348000108264,3.0341457000467926,0.1601838000351563,0.01,53837.151623235564,53837.151623235564,-77668.19743609,-57942.39507719118,0.0,-27163.020321375574,-74948.8211601764,-74948.80691429584,-60357.74299170577,-27163.020321375574,33194.72267033019,33194.7226703302,-26710.518661836682,37810.5,nan,nan,1.5000000000000002,10.0,0.0,0.0,10.0,0.85,CORE,MAIN,1.2139197097329468,0.26586890466205737,0.6,0.174,-60357.74299170577,STRUCTURAL,-0.8505272036860864,-217073.39419838128,31200.0,0,0,0,0,0,0,0,inf,inf,NA,1,5,5,5,23,6,0,0,CONTINUE,0,A,1,1,0,KEEP_STRUCTURAL_IN_ON_CUT,2,3,0,0,"tail_cont_enabled=1 tail_active_dims=(1,) tail_delta=0.1 tail_start=(6, 6, 6) returned_y=(0, 1, 6) returned_b=(0, 0, 1) returned_u=(0, 0, 0) returned_zcap=(0, 1, 6) max_tail_u=0",NA
120,P1_no_rho,177,813.4454354000045,5.846348000108264,3.8351397999795154,0.1861927000572905,0.01,47814.573445062706,47814.573445062706,-77668.19743609,-58845.7818039171,0.0,-27163.020321375574,-76807.59639894307,-76807.5819265092,-60357.74299170577,-27163.020321375574,33194.72267033019,33194.7226703302,-28311.029132605723,38300.5,nan,nan,1.5000000000000002,10.0,0.0,0.0,10.0,0.85,CORE,MAIN,1.2139270628017307,0.2626518098281021,0.6,0.174,-60357.74299170577,STRUCTURAL,-0.8441413348633998,-217073.39419838128,31200.0,0,0,0,0,0,0,0,inf,inf,NA,1,5,5,5,23,6,0,0,CONTINUE,0,A,1,1,0,KEEP_STRUCTURAL_IN_ON_CUT,2,3,0,0,"tail_cont_enabled=1 tail_active_dims=(1,) tail_delta=0.1 tail_start=(6, 6, 6) returned_y=(0, 1, 6) returned_b=(0, 0, 1) returned_u=(0, 0, 0) returned_zcap=(0, 1, 6) max_tail_u=0",NA
120,P1_no_rho,178,817.2501677001128,5.846348000108264,3.804338499903679,0.17365919996518642,0.01,46748.77327864942,46748.77327864942,-77668.19743609,-59005.6518288791,0.0,-27163.020321375574,-77270.23897034611,-77270.22434506498,-60357.74299170577,-27163.020321375574,33194.72267033019,33194.7226703302,-27304.05719925639,39030.0,nan,nan,1.5000000000000002,10.0,0.0,0.0,10.0,0.85,CORE,MAIN,1.2138506389890042,0.2503608568107435,0.6,0.174,-60357.74299170577,STRUCTURAL,-0.853466003002965,-217073.39419838128,31200.0,0,0,0,0,0,0,0,inf,inf,NA,1,5,5,5,23,6,0,0,CONTINUE,0,A,1,1,0,KEEP_STRUCTURAL_IN_ON_CUT,2,3,0,0,"tail_cont_enabled=1 tail_active_dims=(1,) tail_delta=0.1 tail_start=(6, 6, 6) returned_y=(0, 1, 6) returned_b=(0, 0, 1) returned_u=(0, 0, 0) returned_zcap=(0, 1, 6) max_tail_u=0",NA
120,P1_no_rho,179,820.5115472000325,5.846348000108264,3.2608825999777764,0.16404160007368773,0.01,53603.86304376891,53603.86304376891,-77668.19743609,-57977.38836411117,0.0,-27163.020321375574,-76590.62816279201,-76590.61365938904,-60357.74299170577,-27163.020321375574,33194.72267033019,33194.7226703302,-28975.190942593566,37997.5,nan,nan,1.5000000000000002,10.0,0.0,0.0,10.0,0.85,CORE,MAIN,1.2140220219231268,0.26283341094643486,0.6,0.174,-60357.74299170577,STRUCTURAL,-0.8354132546754474,-217073.39419838128,31200.0,0,0,0,0,0,0,0,inf,inf,NA,1,5,5,5,23,6,0,0,CONTINUE,0,A,1,1,0,KEEP_STRUCTURAL_IN_ON_CUT,2,3,0,0,"tail_cont_enabled=1 tail_active_dims=(1,) tail_delta=0.1 tail_start=(6, 6, 6) returned_y=(0, 1, 6) returned_b=(0, 0, 1) returned_u=(0, 0, 0) returned_zcap=(0, 1, 6) max_tail_u=0",NA
120,P1_no_rho,180,828.4437957000919,5.846348000108264,7.931767100002617,0.16868729994166642,0.01,45067.13149076119,45067.13149076119,-77668.19743609,-59257.89809706233,0.0,-27163.020321375574,-79074.02639059216,-79074.0115472636,-60357.74299170577,-27163.020321375574,33194.72267033019,33194.7226703302,-30332.925620842263,39296.0,nan,nan,1.5000000000000002,10.0,0.0,0.0,10.0,0.85,CORE,MAIN,1.2137908368552746,0.2585759736612414,0.6,0.174,-60357.74299170577,STRUCTURAL,-0.8269049593923272,-217073.39419838128,31200.0,0,0,0,0,0,0,0,inf,inf,NA,1,5,5,5,23,6,0,0,CONTINUE,0,A,1,1,0,KEEP_STRUCTURAL_IN_ON_CUT,2,3,0,0,"tail_cont_enabled=1 tail_active_dims=(1,) tail_delta=0.1 tail_start=(6, 6, 6) returned_y=(0, 1, 6) returned_b=(0, 0, 1) returned_u=(0, 0, 0) returned_zcap=(0, 1, 6) max_tail_u=0",NA
120,P1_no_rho,181,832.6927611000137,5.846348000108264,4.248526899958961,0.1545990000013262,0.01,54181.34197820264,54181.34197820264,-77668.19743609,-57890.76652394611,0.0,-27163.020321375574,-85096.40797849456,-85096.3934508309,-60357.74299170577,-27163.020321375574,33194.72267033019,33194.7226703302,-29052.12387098929,40848.5,nan,nan,1.5000000000000002,10.0,0.0,0.0,10.0,0.85,CORE,MAIN,1.2122229144510752,0.2531590722294017,0.6,0.174,-60357.74299170577,STRUCTURAL,-0.9146687488294816,-217073.39419838128,31200.0,0,0,0,0,0,0,0,inf,inf,NA,1,5,5,5,23,6,0,0,CONTINUE,0,A,1,1,0,KEEP_STRUCTURAL_IN_ON_CUT,2,3,0,0,"tail_cont_enabled=1 tail_active_dims=(1,) tail_delta=0.1 tail_start=(6, 6, 6) returned_y=(6, 2, 0) returned_b=(1, 0, 0) returned_u=(0, 0, 0) returned_zcap=(6, 2, 0) max_tail_u=0",NA
120,P1_no_rho,182,835.7952846001135,5.846348000108264,3.1015326998895034,0.22467310004867613,0.01,46489.59221523066,46489.59221523066,-77668.19743609,-59044.52898839191,0.0,-27163.020321375574,-76524.70840731931,-76524.69397027115,-60357.74299170577,-27163.020321375574,33194.72267033019,33194.7226703302,-28832.016967918364,37958.0,nan,nan,1.5000000000000002,10.0,0.0,0.0,10.0,0.85,CORE,MAIN,1.2128504732649352,0.26593981384179743,0.6,0.174,-60357.74299170577,STRUCTURAL,-0.8376394436368755,-217073.39419838128,31200.0,0,0,0,0,0,0,0,inf,inf,NA,1,5,5,5,23,6,0,0,CONTINUE,0,A,1,1,0,KEEP_STRUCTURAL_IN_ON_CUT,2,3,0,0,"tail_cont_enabled=1 tail_active_dims=(1,) tail_delta=0.1 tail_start=(6, 6, 6) returned_y=(0, 6, 1) returned_b=(0, 1, 0) returned_u=(0, 0, 0) returned_zcap=(0, 6, 1) max_tail_u=0",NA
120,P1_no_rho,183,839.3183205000823,5.846348000108264,3.522641099989414,0.16708450007718056,0.01,48476.320131670655,48476.320131670655,-77668.19743609,-58746.51980092591,0.0,-27163.020321375574,-73837.92023462952,-73837.90617453103,-60357.74299170577,-27163.020321375574,33194.72267033019,33194.7226703302,-26658.298340450776,37291.5,nan,nan,1.5000000000000002,10.0,0.0,0.0,10.0,0.85,CORE,MAIN,1.2123689916425477,0.26977165755023425,0.6,0.174,-60357.74299170577,STRUCTURAL,-0.843438099550483,-217073.39419838128,31200.0,0,0,0,0,0,0,0,inf,inf,NA,1,5,5,5,23,6,0,0,CONTINUE,0,A,1,1,0,KEEP_STRUCTURAL_IN_ON_CUT,2,3,0,0,"tail_cont_enabled=1 tail_active_dims=(1,) tail_delta=0.1 tail_start=(6, 6, 6) returned_y=(0, 6, 1) returned_b=(0, 1, 0) returned_u=(0, 0, 0) returned_zcap=(0, 6, 1) max_tail_u=0",NA
120,P1_no_rho,184,843.1140323000727,5.846348000108264,3.795223099994473,0.20140869996976107,0.01,53022.975541473534,53022.975541473534,-77668.19743609,-58064.52148945548,0.0,-27163.020321375574,-79341.39101878901,-79341.37615212642,-60357.74299170577,-27163.020321375574,33194.72267033019,33194.7226703302,-29572.952712999842,37064.0,nan,nan,1.5000000000000002,10.0,0.0,0.0,10.0,0.85,CORE,MAIN,1.2115281297570526,0.2591385190906689,0.6,0.174,-60357.74299170577,STRUCTURAL,-0.8951799309145723,-217073.39419838128,31200.0,0,0,0,0,0,0,0,inf,inf,NA,1,5,5,5,23,6,0,0,CONTINUE,0,A,1,1,0,KEEP_STRUCTURAL_IN_ON_CUT,2,3,0,0,"tail_cont_enabled=1 tail_active_dims=(1,) tail_delta=0.1 tail_start=(6, 6, 6) returned_y=(6, 2, 0) returned_b=(1, 0, 0) returned_u=(0, 0, 0) returned_zcap=(6, 2, 0) max_tail_u=0",NA
120,P1_no_rho,185,850.4452482000925,5.846348000108264,7.33057380001992,0.16936990001704544,0.01,41571.928813918385,41571.928813918385,-77668.19743609,-59782.17849858875,0.0,-27163.020321375574,-75278.05485301268,-75278.04067444024,-60357.74299170577,-27163.020321375574,33194.72267033019,33194.7226703302,-27033.130072598506,35061.5,nan,nan,1.5000000000000002,10.0,0.0,0.0,10.0,0.85,CORE,MAIN,1.2114916598404117,0.2660582560152358,0.6,0.174,-60357.74299170577,STRUCTURAL,-0.9173387828404701,-217073.39419838128,31200.0,0,0,0,0,0,0,0,inf,inf,NA,1,5,5,5,23,6,0,0,CONTINUE,0,A,1,1,0,KEEP_STRUCTURAL_IN_ON_CUT,2,3,0,0,"tail_cont_enabled=1 tail_active_dims=(1,) tail_delta=0.1 tail_start=(6, 6, 6) returned_y=(6, 2, 0) returned_b=(1, 0, 0) returned_u=(0, 0, 0) returned_zcap=(6, 2, 0) max_tail_u=0",NA
120,P1_no_rho,186,854.1049717001151,5.846348000108264,3.659375499933958,0.17896960000507534,0.01,50818.93612593898,50818.93612593898,-77668.19743609,-58395.12740178566,0.0,-27163.020321375574,-75130.12128445326,-75130.10705047914,-60357.74299170577,-27163.020321375574,33194.72267033019,33194.7226703302,-28646.13049573232,38010.5,nan,nan,1.5000000000000002,10.0,0.0,0.0,10.0,0.85,CORE,MAIN,1.2119471832115765,0.26255820059270685,0.6,0.174,-60357.74299170577,STRUCTURAL,-0.8152830850203113,-217073.39419838128,31200.0,0,0,0,0,0,0,0,inf,inf,NA,1,5,5,5,23,6,0,0,CONTINUE,0,A,1,1,0,KEEP_STRUCTURAL_IN_ON_CUT,2,3,0,0,"tail_cont_enabled=1 tail_active_dims=(1,) tail_delta=0.1 tail_start=(6, 6, 6) returned_y=(0, 1, 6) returned_b=(0, 0, 1) returned_u=(0, 0, 0) returned_zcap=(0, 1, 6) max_tail_u=0",NA
120,P1_no_rho,187,858.0540180000244,5.846348000108264,3.948509700014256,0.22728400002233684,0.01,54387.21557736315,54387.21557736315,-77668.19743609,-57859.88548407204,0.0,-27163.020321375574,-81311.88979867732,-81311.87458517464,-60357.74299170577,-27163.020321375574,33194.72267033019,33194.7226703302,-31105.73244057126,40114.5,nan,nan,1.5000000000000002,10.0,0.0,0.0,10.0,0.85,CORE,MAIN,1.2116304646971914,0.2517837117236119,0.6,0.174,-60357.74299170577,STRUCTURAL,-0.834380621215161,-217073.39419838128,31200.0,0,0,0,0,0,0,0,inf,inf,NA,1,5,5,5,23,6,0,0,CONTINUE,0,A,1,1,0,KEEP_STRUCTURAL_IN_ON_CUT,2,3,0,0,"tail_cont_enabled=1 tail_active_dims=(1,) tail_delta=0.1 tail_start=(6, 6, 6) returned_y=(0, 1, 6) returned_b=(0, 0, 1) returned_u=(0, 0, 0) returned_zcap=(0, 1, 6) max_tail_u=0",NA
120,P1_no_rho,188,861.0872452000622,5.846348000108264,3.03268309996929,0.16629009996540844,0.01,39345.94250510662,39345.94250510662,-77668.19743609,-60116.07644491052,0.0,-27163.020321375574,-78934.12248413598,-78934.1076385007,-60357.74299170577,-27163.020321375574,33194.72267033019,33194.7226703302,-30810.813340655277,38987.5,nan,nan,1.5000000000000002,10.0,0.0,0.0,10.0,0.85,CORE,MAIN,1.2111840496554198,0.25753919583053975,0.6,0.174,-60357.74299170577,STRUCTURAL,-0.8228841602709491,-217073.39419838128,31200.0,0,0,0,0,0,0,0,inf,inf,NA,1,5,5,5,23,6,0,0,CONTINUE,0,A,1,1,0,KEEP_STRUCTURAL_IN_ON_CUT,2,3,0,0,"tail_cont_enabled=1 tail_active_dims=(1,) tail_delta=0.1 tail_start=(6, 6, 6) returned_y=(0, 1, 6) returned_b=(0, 0, 1) returned_u=(0, 0, 0) returned_zcap=(0, 1, 6) max_tail_u=0",NA
120,P1_no_rho,189,864.5733303000452,5.846348000108264,3.4856181000359356,0.16245309996884316,0.01,53748.557189351915,53748.557189351915,-77668.19743609,-57955.684242273725,0.0,-27163.020321375574,-76979.11418880025,-76979.0996500212,-60357.74299170577,-27163.020321375574,33194.72267033019,33194.7226703302,-29097.358161721313,38719.5,nan,nan,1.5000000000000002,10.0,0.0,0.0,10.0,0.85,CORE,MAIN,1.2118354697939426,0.2611109305168381,0.6,0.174,-60357.74299170577,STRUCTURAL,-0.8244207955216345,-217073.39419838128,31200.0,0,0,0,0,0,0,0,inf,inf,NA,1,5,5,5,23,6,0,0,CONTINUE,0,A,1,1,0,KEEP_STRUCTURAL_IN_ON_CUT,2,3,0,0,"tail_cont_enabled=1 tail_active_dims=(1,) tail_delta=0.1 tail_start=(6, 6, 6) returned_y=(0, 1, 6) returned_b=(0, 0, 1) returned_u=(0, 0, 0) returned_zcap=(0, 1, 6) max_tail_u=0",NA
120,P1_no_rho,190,872.4663229000289,5.846348000108264,7.892526799929328,0.1557995000621304,0.01,57723.476756045224,57723.476756045224,-77668.19743609,-57359.446307269725,0.0,-27163.020321375574,-82088.2994863033,-82088.28457746006,-60357.74299170577,-27163.020321375574,33194.72267033019,33194.7226703302,-29364.926964183418,39488.5,nan,nan,1.5000000000000002,10.0,0.0,0.0,10.0,0.85,CORE,MAIN,1.2114753790742936,0.25535176906297197,0.6,0.174,-60357.74299170577,STRUCTURAL,-0.890104842562208,-217073.39419838128,31200.0,0,0,0,0,0,0,0,inf,inf,NA,1,5,5,5,23,6,0,0,CONTINUE,0,A,1,1,0,KEEP_STRUCTURAL_IN_ON_CUT,2,3,0,0,"tail_cont_enabled=1 tail_active_dims=(1,) tail_delta=0.1 tail_start=(6, 6, 6) returned_y=(6, 2, 0) returned_b=(1, 0, 0) returned_u=(0, 0, 0) returned_zcap=(6, 2, 0) max_tail_u=0",NA
120,P1_no_rho,191,875.6548624000279,5.846348000108264,3.1879421999910846,0.1620338000357151,0.01,42634.75618414741,42634.75618414741,-77668.19743609,-59622.7543930544,0.0,-27163.020321375574,-76180.31445974414,-76180.30010741937,-60357.74299170577,-27163.020321375574,33194.72267033019,33194.7226703302,-28382.96823453741,36115.5,nan,nan,1.5000000000000002,10.0,0.0,0.0,10.0,0.85,CORE,MAIN,1.211733615214898,0.26274049231867747,0.6,0.174,-60357.74299170577,STRUCTURAL,-0.882305046732141,-217073.39419838128,31200.0,0,0,0,0,0,0,0,inf,inf,NA,1,5,5,5,23,6,0,0,CONTINUE,0,A,1,1,0,KEEP_STRUCTURAL_IN_ON_CUT,2,3,0,0,"tail_cont_enabled=1 tail_active_dims=(1,) tail_delta=0.1 tail_start=(6, 6, 6) returned_y=(6, 2, 0) returned_b=(1, 0, 0) returned_u=(0, 0, 0) returned_zcap=(6, 2, 0) max_tail_u=0",NA
120,P1_no_rho,192,879.3175280001014,5.846348000108264,3.6618253000779077,0.15780410007573664,0.01,48570.75070404836,48570.75070404836,-77668.19743609,-58732.355215069256,0.0,-27163.020321375574,-72728.36594287207,-72728.35215854275,-60357.74299170577,-27163.020321375574,33194.72267033019,33194.7226703302,-25487.47757213151,34377.0,nan,nan,1.5000000000000002,10.0,0.0,0.0,10.0,0.85,CORE,MAIN,1.2112208956805222,0.2435718963886767,0.6,0.174,-60357.74299170577,STRUCTURAL,-0.9161333563411822,-217073.39419838128,31200.0,0,0,0,0,0,0,0,inf,inf,NA,1,5,5,5,23,6,0,0,CONTINUE,0,A,1,1,0,KEEP_STRUCTURAL_IN_ON_CUT,2,3,0,0,"tail_cont_enabled=1 tail_active_dims=(1,) tail_delta=0.1 tail_start=(6, 6, 6) returned_y=(6, 2, 0) returned_b=(1, 0, 0) returned_u=(0, 0, 0) returned_zcap=(6, 2, 0) max_tail_u=0",NA
120,P1_no_rho,193,882.8201008000178,5.846348000108264,3.5020880999509245,0.20826830004807562,0.01,64315.329202927365,64315.329202927365,-77668.19743609,-56370.6684402374,0.0,-27163.020321375574,-81217.28007509687,-81217.26478649449,-60357.74299170577,-27163.020321375574,33194.72267033019,33194.7226703302,-30940.5805915822,37013.5,nan,nan,1.5000000000000002,10.0,0.0,0.0,10.0,0.85,CORE,MAIN,1.2100503067451167,0.2550458154270826,0.6,0.174,-60357.74299170577,STRUCTURAL,-0.9055557962169173,-217073.39419838128,31200.0,0,0,0,0,0,0,0,inf,inf,NA,1,5,5,5,23,6,0,0,CONTINUE,0,A,1,1,0,KEEP_STRUCTURAL_IN_ON_CUT,2,3,0,0,"tail_cont_enabled=1 tail_active_dims=(1,) tail_delta=0.1 tail_start=(6, 6, 6) returned_y=(6, 2, 0) returned_b=(1, 0, 0) returned_u=(0, 0, 0) returned_zcap=(6, 2, 0) max_tail_u=0",NA
120,P1_no_rho,194,887.1871272000717,5.846348000108264,4.366461400059052,0.17095120006706566,0.01,42874.393313551824,42874.393313551824,-77668.19743609,-59586.80882364373,0.0,-27163.020321375574,-76764.83285187618,-76764.8184565149,-60357.74299170577,-27163.020321375574,33194.72267033019,33194.7226703302,-28897.543740276564,36081.0,nan,nan,1.5000000000000004,10.000000000000002,0.0,0.0,10.0,0.85,CORE,MAIN,1.2096447943691095,0.2629386286477964,0.6,0.174,-60357.74299170577,STRUCTURAL,-0.884441020966498,-217073.39419838128,31200.0,0,0,0,0,0,0,0,inf,inf,NA,1,5,5,5,23,6,0,0,CONTINUE,0,A,1,1,0,KEEP_STRUCTURAL_IN_ON_CUT,2,3,0,0,"tail_cont_enabled=1 tail_active_dims=(1,) tail_delta=0.1 tail_start=(6, 6, 6) returned_y=(6, 2, 0) returned_b=(1, 0, 0) returned_u=(0, 0, 0) returned_zcap=(6, 2, 0) max_tail_u=0",NA
120,P1_no_rho,195,894.3712651000824,5.846348000108264,7.183609100058675,0.16581900010351092,0.01,49342.627923631706,49342.627923631706,-77668.19743609,-58616.57363213175,0.0,-27163.020321375574,-79221.29660599327,-79221.28166144705,-60357.74299170577,-27163.020321375574,33194.72267033019,33194.7226703302,-29952.748536352126,38751.5,nan,nan,1.5000000000000002,10.0,0.0,0.0,10.0,0.85,CORE,MAIN,1.2089843842778456,0.25885992344853637,0.6,0.174,-60357.74299170577,STRUCTURAL,-0.847597867180968,-217073.39419838128,31200.0,0,0,0,0,0,0,0,inf,inf,NA,1,5,5,5,23,6,0,0,CONTINUE,0,A,1,1,0,KEEP_STRUCTURAL_IN_ON_CUT,2,3,0,0,"tail_cont_enabled=1 tail_active_dims=(1,) tail_delta=0.1 tail_start=(6, 6, 6) returned_y=(0, 1, 6) returned_b=(0, 0, 1) returned_u=(0, 0, 0) returned_zcap=(0, 1, 6) max_tail_u=0",NA
120,P1_no_rho,196,897.8910584000405,5.846348000108264,3.5194019000045955,0.1645885999314487,0.01,58603.416929327264,58603.416929327264,-77668.19743609,-57227.45528127742,0.0,-27163.020321375574,-79740.36879360102,-79740.35379155233,-60357.74299170577,-27163.020321375574,33194.72267033019,33194.7226703302,-30115.235260747755,39433.0,nan,nan,1.5000000000000002,10.0,0.0,0.0,10.0,0.85,CORE,MAIN,1.208443438734917,0.2578946955450383,0.6,0.174,-60357.74299170577,STRUCTURAL,-0.8389778194372661,-217073.39419838128,31200.0,0,0,0,0,0,0,0,inf,inf,NA,1,5,5,5,23,6,0,0,CONTINUE,0,A,1,1,0,KEEP_STRUCTURAL_IN_ON_CUT,2,3,0,0,"tail_cont_enabled=1 tail_active_dims=(1,) tail_delta=0.1 tail_start=(6, 6, 6) returned_y=(0, 1, 6) returned_b=(0, 0, 1) returned_u=(0, 0, 0) returned_zcap=(0, 1, 6) max_tail_u=0",NA
120,P1_no_rho,197,901.6543979000999,5.846348000108264,3.7629283000715077,0.15170609997585416,0.01,36491.50141583144,36491.50141583144,-77668.19743609,-60544.24260830179,0.0,-27163.020321375574,-74278.18202632289,-74278.16797976085,-60357.74299170577,-27163.020321375574,33194.72267033019,33194.7226703302,-27379.34094458887,37209.0,nan,nan,1.5000000000000002,10.0,0.0,0.0,10.0,0.85,CORE,MAIN,1.2089135773298518,0.2769708984850806,0.6,0.174,-60357.74299170577,STRUCTURAL,-0.8402774783013428,-217073.39419838128,31200.0,0,0,0,0,0,0,0,inf,inf,NA,1,5,5,5,23,6,0,0,CONTINUE,0,A,1,1,0,KEEP_STRUCTURAL_IN_ON_CUT,2,3,0,0,"tail_cont_enabled=1 tail_active_dims=(1,) tail_delta=0.1 tail_start=(6, 6, 6) returned_y=(0, 1, 6) returned_b=(0, 0, 1) returned_u=(0, 0, 0) returned_zcap=(0, 1, 6) max_tail_u=0",NA
120,P1_no_rho,198,904.5799851000775,5.846348000108264,2.9249589999672025,0.15932019997853786,0.01,49625.021253291285,49625.021253291285,-77668.19743609,-58574.214632682815,0.0,-27163.020321375574,-77088.35608005365,-77088.34153721394,-60357.74299170577,-27163.020321375574,33194.72267033019,33194.7226703302,-28574.436807856022,38431.5,nan,nan,1.5000000000000018,10.00000000000001,0.0,0.0,10.0,0.85,CORE,MAIN,1.2100087999774003,0.26142854104213653,0.6,0.174,-60357.74299170577,STRUCTURAL,-0.8415649441969542,-217073.39419838128,31200.0,0,0,0,0,0,0,0,inf,inf,NA,1,5,5,5,23,6,0,0,CONTINUE,0,A,1,1,0,KEEP_STRUCTURAL_IN_ON_CUT,2,3,0,0,"tail_cont_enabled=1 tail_active_dims=(1,) tail_delta=0.1 tail_start=(6, 6, 6) returned_y=(0, 1, 6) returned_b=(0, 0, 1) returned_u=(0, 0, 0) returned_zcap=(0, 1, 6) max_tail_u=0",NA
120,P1_no_rho,199,907.882942300057,5.846348000108264,3.3026133000385016,0.18241000000853091,0.01,56603.39990314423,56603.39990314423,-77668.19743609,-57527.45783520487,0.0,-27163.020321375574,-74273.9269585771,-74273.91283362906,-60357.74299170577,-27163.020321375574,33194.72267033019,33194.7226703302,-26105.630606446568,38400.5,nan,nan,1.5000000000000002,10.0,0.0,0.0,10.0,0.85,CORE,MAIN,1.211531292621234,0.2650680693235641,0.6,0.174,-60357.74299170577,STRUCTURAL,-0.8362440111835779,-217073.39419838128,31200.0,0,0,0,0,0,0,0,inf,inf,NA,1,5,5,5,23,6,0,0,CONTINUE,0,A,1,1,0,KEEP_STRUCTURAL_IN_ON_CUT,2,3,0,0,"tail_cont_enabled=1 tail_active_dims=(1,) tail_delta=0.1 tail_start=(6, 6, 6) returned_y=(0, 1, 6) returned_b=(0, 0, 1) returned_u=(0, 0, 0) returned_zcap=(0, 1, 6) max_tail_u=0",NA
120,P1_no_rho,200,915.7173301000148,5.846348000108264,7.833834599936381,0.1663406000006944,0.01,41547.02274405654,41547.02274405654,-77668.19743609,-59785.91440906803,0.0,-27163.020321375574,-79157.66203329756,-79157.64715050907,-60357.74299170577,-27163.020321375574,33194.72267033019,33194.7226703302,-30375.114974494645,37403.0,nan,nan,1.5000000000000002,10.0,0.0,0.0,10.0,0.85,CORE,MAIN,1.2118788410769035,0.2348406606896507,0.6,0.174,-60357.74299170577,STRUCTURAL,-0.869494107888216,-217073.39419838128,31200.0,0,0,0,0,0,0,0,inf,inf,NA,1,5,5,5,23,6,0,0,CONTINUE,0,A,1,1,0,KEEP_STRUCTURAL_IN_ON_CUT,2,3,0,0,"tail_cont_enabled=1 tail_active_dims=(1,) tail_delta=0.1 tail_start=(6, 6, 6) returned_y=(6, 0, 2) returned_b=(1, 0, 0) returned_u=(0, 0, 0) returned_zcap=(6, 0, 2) max_tail_u=0",NA
120,P1_no_rho,201,919.4552680000197,5.846348000108264,3.7372508000116795,0.18926850007846951,0.01,50098.01814726658,50098.01814726658,-77668.19743609,-58503.26509858652,0.0,-27163.020321375574,-77350.16832532125,-77350.15379525232,-60357.74299170577,-27163.020321375574,33194.72267033019,33194.7226703302,-29154.561497426726,37306.5,nan,nan,1.5000000000000002,10.0,0.0,0.0,10.0,0.85,CORE,MAIN,1.2122035327912837,0.26082402560461015,0.6,0.174,-60357.74299170577,STRUCTURAL,-0.8612546034931462,-217073.39419838128,31200.0,0,0,0,0,0,0,0,inf,inf,NA,1,5,5,5,23,6,0,0,CONTINUE,0,A,1,1,0,KEEP_STRUCTURAL_IN_ON_CUT,2,3,0,0,"tail_cont_enabled=1 tail_active_dims=(1,) tail_delta=0.1 tail_start=(6, 6, 6) returned_y=(6, 0, 2) returned_b=(1, 0, 0) returned_u=(0, 0, 0) returned_zcap=(6, 0, 2) max_tail_u=0",NA
120,P1_no_rho,202,923.1763654000824,5.846348000108264,3.7205923000583425,0.16988310008309782,0.01,49020.9373642287,49020.9373642287,-77668.19743609,-58664.827216042206,0.0,-27163.020321375574,-79588.78370965719,-79588.76868596453,-60357.74299170577,-27163.020321375574,33194.72267033019,33194.7226703302,-30153.729156910438,39136.0,nan,nan,1.5000000000000002,10.0,0.0,0.0,10.0,0.85,CORE,MAIN,1.2120577215338941,0.2575335557292907,0.6,0.174,-60357.74299170577,STRUCTURAL,-0.8421068330787355,-217073.39419838128,31200.0,0,0,0,0,0,0,0,inf,inf,NA,1,5,5,5,23,6,0,0,CONTINUE,0,A,1,1,0,KEEP_STRUCTURAL_IN_ON_CUT,2,3,0,0,"tail_cont_enabled=1 tail_active_dims=(1,) tail_delta=0.1 tail_start=(6, 6, 6) returned_y=(0, 6, 1) returned_b=(0, 1, 0) returned_u=(0, 0, 0) returned_zcap=(0, 6, 1) max_tail_u=0",NA
120,P1_no_rho,203,926.2053452000255,5.846348000108264,3.028529000002891,0.15715529990848154,0.01,43449.41740984812,43449.41740984812,-77668.19743609,-59500.55520919929,0.0,-27163.020321375574,-79715.43199454478,-79715.41704121533,-60357.74299170577,-27163.020321375574,33194.72267033019,33194.7226703302,-30380.173613148552,39017.5,nan,nan,1.5000000000000002,10.0,0.0,0.0,10.0,0.85,CORE,MAIN,1.2114318104929553,0.25906091491395744,0.6,0.174,-60357.74299170577,STRUCTURAL,-0.8429592435542472,-217073.39419838128,31200.0,0,0,0,0,0,0,0,inf,inf,NA,1,5,5,5,23,6,0,0,CONTINUE,0,A,1,1,0,KEEP_STRUCTURAL_IN_ON_CUT,2,3,0,0,"tail_cont_enabled=1 tail_active_dims=(1,) tail_delta=0.1 tail_start=(6, 6, 6) returned_y=(0, 6, 1) returned_b=(0, 1, 0) returned_u=(0, 0, 0) returned_zcap=(0, 6, 1) max_tail_u=0",NA
120,P1_no_rho,204,929.8823157000588,5.846348000108264,3.6763776000589132,0.15332179993856698,0.01,54630.54540346411,54630.54540346411,-77668.19743609,-57823.38601015689,0.0,-27163.020321375574,-75284.69721155176,-75284.68298314905,-60357.74299170577,-27163.020321375574,33194.72267033019,33194.7226703302,-27669.098990586735,37130.0,nan,nan,1.5000000000000002,10.0,0.0,0.0,10.0,0.85,CORE,MAIN,1.21168117046632,0.26614635537847886,0.6,0.174,-60357.74299170577,STRUCTURAL,-0.8549346259549748,-217073.39419838128,31200.0,0,0,0,0,0,0,0,inf,inf,NA,1,5,5,5,23,6,0,0,CONTINUE,0,A,1,1,0,KEEP_STRUCTURAL_IN_ON_CUT,2,3,0,0,"tail_cont_enabled=1 tail_active_dims=(1,) tail_delta=0.1 tail_start=(6, 6, 6) returned_y=(0, 6, 1) returned_b=(0, 1, 0) returned_u=(0, 0, 0) returned_zcap=(0, 6, 1) max_tail_u=0",NA
120,P1_no_rho,205,937.9575518000638,5.846348000108264,8.074678200064227,0.1599382000276819,0.01,47819.16100742197,47819.16100742197,-77668.19743609,-58845.09366956321,0.0,-27163.020321375574,-76796.5333972632,-76796.51891116356,-60357.74299170577,-27163.020321375574,33194.72267033019,33194.7226703302,-28595.123226313885,38031.0,nan,nan,1.5000000000000002,10.0,0.0,0.0,10.0,0.85,CORE,MAIN,1.212460541911042,0.26291853039406177,0.6,0.174,-60357.74299170577,STRUCTURAL,-0.8449492201072752,-217073.39419838128,31200.0,0,0,0,0,0,0,0,inf,inf,NA,1,5,5,5,23,6,0,0,CONTINUE,0,A,1,1,0,KEEP_STRUCTURAL_IN_ON_CUT,2,3,0,0,"tail_cont_enabled=1 tail_active_dims=(1,) tail_delta=0.1 tail_start=(6, 6, 6) returned_y=(0, 6, 1) returned_b=(0, 1, 0) returned_u=(0, 0, 0) returned_zcap=(0, 6, 1) max_tail_u=0",NA
120,P1_no_rho,206,940.9948809000198,5.846348000108264,3.0367387000005692,0.15670949988998473,0.01,54078.85986781302,54078.85986781302,-77668.19743609,-57906.13884050456,0.0,-27163.020321375574,-74340.6315612412,-74340.61736630004,-60357.74299170577,-27163.020321375574,33194.72267033019,33194.7226703302,-25705.585708711933,37427.0,nan,nan,1.5000000000000002,10.0,0.0,0.0,10.0,0.85,CORE,MAIN,1.213032410126875,0.2662451624307157,0.6,0.174,-60357.74299170577,STRUCTURAL,-0.8663092002669747,-217073.39419838128,31200.0,0,0,0,0,0,0,0,inf,inf,NA,1,5,5,5,23,6,0,0,CONTINUE,0,A,1,1,0,KEEP_STRUCTURAL_IN_ON_CUT,2,3,0,0,"tail_cont_enabled=1 tail_active_dims=(1,) tail_delta=0.1 tail_start=(6, 6, 6) returned_y=(0, 6, 1) returned_b=(0, 1, 0) returned_u=(0, 0, 0) returned_zcap=(0, 6, 1) max_tail_u=0",NA
120,P1_no_rho,207,944.6164272000315,5.846348000108264,3.6209286999655887,0.16818070004228503,0.01,45268.9772086944,45268.9772086944,-77668.19743609,-59227.62123937235,0.0,-27163.020321375574,-79521.63500144547,-79521.62011480745,-60357.74299170577,-27163.020321375574,33194.72267033019,33194.7226703302,-30218.977817494233,39511.0,nan,nan,1.5000000000000002,10.0,0.0,0.0,10.0,0.85,CORE,MAIN,1.2127415764953304,0.25760100979907863,0.6,0.174,-60357.74299170577,STRUCTURAL,-0.8318804433754853,-217073.39419838128,31200.0,0,0,0,0,0,0,0,inf,inf,NA,1,5,5,5,23,6,0,0,CONTINUE,0,A,1,1,0,KEEP_STRUCTURAL_IN_ON_CUT,2,3,0,0,"tail_cont_enabled=1 tail_active_dims=(1,) tail_delta=0.1 tail_start=(6, 6, 6) returned_y=(0, 6, 1) returned_b=(0, 1, 0) returned_u=(0, 0, 0) returned_zcap=(0, 6, 1) max_tail_u=0",NA
120,P1_no_rho,208,948.2364647000795,5.846348000108264,3.61966119997669,0.161212999955751,0.01,54024.578529573846,54024.578529573846,-77668.19743609,-57914.28104124043,0.0,-27163.020321375574,-84816.22058679567,-84816.2054118386,-60357.74299170577,-27163.020321375574,33194.72267033019,33194.7226703302,-30746.316391240096,39797.5,nan,nan,1.5000000000000002,10.0,0.0,0.0,10.0,0.85,CORE,MAIN,1.211212547745755,0.25005116347767875,0.6,0.174,-60357.74299170577,STRUCTURAL,-0.9057501772824673,-217073.39419838128,31200.0,0,0,0,0,0,0,0,inf,inf,NA,1,5,5,5,23,6,0,0,CONTINUE,0,A,1,1,0,KEEP_STRUCTURAL_IN_ON_CUT,2,3,0,0,"tail_cont_enabled=1 tail_active_dims=(1,) tail_delta=0.1 tail_start=(6, 6, 6) returned_y=(6, 2, 0) returned_b=(1, 0, 0) returned_u=(0, 0, 0) returned_zcap=(6, 2, 0) max_tail_u=0",NA
120,P1_no_rho,209,951.7072416000301,5.846348000108264,3.470352499978617,0.16053999995347112,0.01,52191.27190288016,52191.27190288016,-77668.19743609,-58189.277035244486,0.0,-27163.020321375574,-78691.93446902854,-78691.91963424737,-60357.74299170577,-27163.020321375574,33194.72267033019,33194.7226703302,-29762.0190079043,37763.5,nan,nan,1.5000000000000002,10.0,0.0,0.0,10.0,0.85,CORE,MAIN,1.210562723080164,0.27164208836620374,0.6,0.174,-60357.74299170577,STRUCTURAL,-0.8637952983938295,-217073.39419838128,31200.0,0,0,0,0,0,0,0,inf,inf,NA,1,5,5,5,23,6,0,0,CONTINUE,0,A,1,1,0,KEEP_STRUCTURAL_IN_ON_CUT,2,3,0,0,"tail_cont_enabled=1 tail_active_dims=(1,) tail_delta=0.1 tail_start=(6, 6, 6) returned_y=(6, 0, 2) returned_b=(1, 0, 0) returned_u=(0, 0, 0) returned_zcap=(6, 0, 2) max_tail_u=0",NA
120,P1_no_rho,210,959.6144870000426,5.846348000108264,7.906376800034195,0.15958810003940016,0.01,45760.28125138932,45760.28125138932,-77668.19743609,-59153.92563296811,0.0,-27163.020321375574,-78068.23185094172,-78068.217199115,-60357.74299170577,-27163.020321375574,33194.72267033019,33194.7226703302,-29318.38520586855,36437.5,nan,nan,1.5000000000000002,10.0,0.0,0.0,10.0,0.85,CORE,MAIN,1.210203298720875,0.26317146041759454,0.6,0.174,-60357.74299170577,STRUCTURAL,-0.8919351765488199,-217073.39419838128,31200.0,0,0,0,0,0,0,0,inf,inf,NA,1,5,5,5,23,6,0,0,CONTINUE,0,A,1,1,0,KEEP_STRUCTURAL_IN_ON_CUT,2,3,0,0,"tail_cont_enabled=1 tail_active_dims=(1,) tail_delta=0.1 tail_start=(6, 6, 6) returned_y=(6, 2, 0) returned_b=(1, 0, 0) returned_u=(0, 0, 0) returned_zcap=(6, 2, 0) max_tail_u=0",NA
120,P1_no_rho,211,963.7837587000104,5.846348000108264,4.168863800005056,0.19145969999954104,0.01,56114.45232005417,56114.45232005417,-77668.19743609,-57600.799972668385,0.0,-27163.020321375574,-77301.56997193267,-77301.55544079925,-60357.74299170577,-27163.020321375574,33194.72267033019,33194.7226703302,-28522.769604842822,36446.5,nan,nan,1.5000000000000002,10.0,0.0,0.0,10.0,0.85,CORE,MAIN,1.210193058795203,0.2639121333115849,0.6,0.174,-60357.74299170577,STRUCTURAL,-0.8922445380847072,-217073.39419838128,31200.0,0,0,0,0,0,0,0,inf,inf,NA,1,5,5,5,23,6,0,0,CONTINUE,0,A,1,1,0,KEEP_STRUCTURAL_IN_ON_CUT,2,3,0,0,"tail_cont_enabled=1 tail_active_dims=(1,) tail_delta=0.1 tail_start=(6, 6, 6) returned_y=(6, 2, 0) returned_b=(1, 0, 0) returned_u=(0, 0, 0) returned_zcap=(6, 2, 0) max_tail_u=0",NA
120,P1_no_rho,212,967.1257368000224,5.846348000108264,3.3414880000054836,0.16187680000439286,0.01,49524.134264809974,49524.134264809974,-77668.19743609,-58589.34768095501,0.0,-27163.020321375574,-75962.75546501407,-75962.74110194833,-60357.74299170577,-27163.020321375574,33194.72267033019,33194.7226703302,-27906.710317109377,35871.5,nan,nan,1.5000000000000002,10.0,0.0,0.0,10.0,0.85,CORE,MAIN,1.21157045078338,0.25393531835421035,0.6,0.174,-60357.74299170577,STRUCTURAL,-0.893114418314241,-217073.39419838128,31200.0,0,0,0,0,0,0,0,inf,inf,NA,1,5,5,5,23,6,0,0,CONTINUE,0,A,1,1,0,KEEP_STRUCTURAL_IN_ON_CUT,2,3,0,0,"tail_cont_enabled=1 tail_active_dims=(1,) tail_delta=0.1 tail_start=(6, 6, 6) returned_y=(6, 2, 0) returned_b=(1, 0, 0) returned_u=(0, 0, 0) returned_zcap=(6, 2, 0) max_tail_u=0",NA
120,P1_no_rho,213,970.7455226000166,5.846348000108264,3.6192069000098854,0.1695985000114888,0.01,58049.86697273644,58049.86697273644,-77668.19743609,-57310.48777476604,0.0,-27163.020321375574,-74662.79115108398,-74662.77696142835,-60357.74299170577,-27163.020321375574,33194.72267033019,33194.7226703302,-26058.567142810723,34953.5,nan,nan,1.5000000000000002,10.0,0.0,0.0,10.0,0.85,CORE,MAIN,1.212284846225129,0.26658121666571577,0.6,0.174,-60357.74299170577,STRUCTURAL,-0.9270260931164285,-217073.39419838128,31200.0,0,0,0,0,0,0,0,inf,inf,NA,1,5,5,5,23,6,0,0,CONTINUE,0,A,1,1,0,KEEP_STRUCTURAL_IN_ON_CUT,2,3,0,0,"tail_cont_enabled=1 tail_active_dims=(1,) tail_delta=0.1 tail_start=(6, 6, 6) returned_y=(6, 2, 0) returned_b=(1, 0, 0) returned_u=(0, 0, 0) returned_zcap=(6, 2, 0) max_tail_u=0",NA
120,P1_no_rho,214,974.5871355000418,5.846348000108264,3.841038199956529,0.14842460001818836,0.01,52478.42344513623,52478.42344513623,-77668.19743609,-58146.20430390607,0.0,-27163.020321375574,-76452.05288763896,-76452.03837867989,-60357.74299170577,-27163.020321375574,33194.72267033019,33194.7226703302,-28625.87369169009,35817.5,nan,nan,1.5000000000000002,10.0,0.0,0.0,10.0,0.85,CORE,MAIN,1.2131379682766597,0.26137025530936575,0.6,0.174,-60357.74299170577,STRUCTURAL,-0.8901824468856434,-217073.39419838128,31200.0,0,0,0,0,0,0,0,inf,inf,NA,1,5,5,5,23,6,0,0,CONTINUE,0,A,1,1,0,KEEP_STRUCTURAL_IN_ON_CUT,2,3,0,0,"tail_cont_enabled=1 tail_active_dims=(1,) tail_delta=0.1 tail_start=(6, 6, 6) returned_y=(6, 2, 0) returned_b=(1, 0, 0) returned_u=(0, 0, 0) returned_zcap=(6, 2, 0) max_tail_u=0",NA
120,P1_no_rho,215,982.5544648000505,5.846348000108264,7.966839000000618,0.172136600012891,0.01,33758.65541446993,33758.65541446993,-77668.19743609,-60954.16950850602,0.0,-27163.020321375574,-80412.70877498966,-80412.69377998856,-60357.74299170577,-27163.020321375574,33194.72267033019,33194.7226703302,-31432.053304077494,36769.0,nan,nan,1.5000000000000002,10.0,0.0,0.0,10.0,0.85,CORE,MAIN,1.2129744140715297,0.25380872340691807,0.6,0.174,-60357.74299170577,STRUCTURAL,-0.8880785530548571,-217073.39419838128,31200.0,0,0,0,0,0,0,0,inf,inf,NA,1,5,5,5,23,6,0,0,CONTINUE,0,A,1,1,0,KEEP_STRUCTURAL_IN_ON_CUT,2,3,0,0,"tail_cont_enabled=1 tail_active_dims=(1,) tail_delta=0.1 tail_start=(6, 6, 6) returned_y=(6, 2, 0) returned_b=(1, 0, 0) returned_u=(0, 0, 0) returned_zcap=(6, 2, 0) max_tail_u=0",NA
120,P1_no_rho,216,985.5030949000502,5.846348000108264,2.9481102999998257,0.16245409997645766,0.01,54106.16764716575,54106.16764716575,-77668.19743609,-57902.042673601645,0.0,-27163.020321375574,-78747.90330532454,-78747.8884042555,-60357.74299170577,-27163.020321375574,33194.72267033019,33194.7226703302,-29165.768133466267,36481.5,nan,nan,1.5000000000000002,10.0,0.0,0.0,10.0,0.85,CORE,MAIN,1.2127226566354667,0.2598743670661696,0.6,0.174,-60357.74299170577,STRUCTURAL,-0.9060687429846034,-217073.39419838128,31200.0,0,0,0,0,0,0,0,inf,inf,NA,1,5,5,5,23,6,0,0,CONTINUE,0,A,1,1,0,KEEP_STRUCTURAL_IN_ON_CUT,2,3,0,0,"tail_cont_enabled=1 tail_active_dims=(1,) tail_delta=0.1 tail_start=(6, 6, 6) returned_y=(6, 2, 0) returned_b=(1, 0, 0) returned_u=(0, 0, 0) returned_zcap=(6, 2, 0) max_tail_u=0",NA
120,P1_no_rho,217,989.3230758000864,5.846348000108264,3.819482200080529,0.16232619993388653,0.01,51199.43534526169,51199.43534526169,-77668.19743609,-58338.052518887256,0.0,-27163.020321375574,-78310.41952518505,-78310.40479907615,-60357.74299170577,-27163.020321375574,33194.72267033019,33194.7226703302,-29300.758958440754,36526.5,nan,nan,1.5000000000000002,10.0,0.0,0.0,10.0,0.85,CORE,MAIN,1.2124870390592688,0.26098050168186937,0.6,0.174,-60357.74299170577,STRUCTURAL,-0.894503914338638,-217073.39419838128,31200.0,0,0,0,0,0,0,0,inf,inf,NA,1,5,5,5,23,6,0,0,CONTINUE,0,A,1,1,0,KEEP_STRUCTURAL_IN_ON_CUT,2,3,0,0,"tail_cont_enabled=1 tail_active_dims=(1,) tail_delta=0.1 tail_start=(6, 6, 6) returned_y=(6, 2, 0) returned_b=(1, 0, 0) returned_u=(0, 0, 0) returned_zcap=(6, 2, 0) max_tail_u=0",NA
120,P1_no_rho,218,993.0301155000925,5.846348000108264,3.706526800058782,0.16303449997212738,0.01,42902.608074257245,42902.608074257245,-77668.19743609,-59582.57660953792,0.0,-27163.020321375574,-76764.00997828764,-76763.9954896733,-60357.74299170577,-27163.020321375574,33194.72267033019,33194.7226703302,-28596.738682675805,37599.5,nan,nan,1.5000000000000002,10.0,0.0,0.0,10.0,0.85,CORE,MAIN,1.2125099494831713,0.26303966081438845,0.6,0.174,-60357.74299170577,STRUCTURAL,-0.8540407329352335,-217073.39419838128,31200.0,0,0,0,0,0,0,0,inf,inf,NA,1,5,5,5,23,6,0,0,CONTINUE,0,A,1,1,0,KEEP_STRUCTURAL_IN_ON_CUT,2,3,0,0,"tail_cont_enabled=1 tail_active_dims=(1,) tail_delta=0.1 tail_start=(6, 6, 6) returned_y=(0, 6, 1) returned_b=(0, 1, 0) returned_u=(0, 0, 0) returned_zcap=(0, 6, 1) max_tail_u=0",NA
120,P1_no_rho,219,997.0532359000063,5.846348000108264,4.02254059992265,0.16274090006481856,0.01,49645.66549184568,49645.66549184568,-77668.19743609,-58571.11799689966,0.0,-27163.020321375574,-76401.35031570848,-76401.33588380633,-60357.74299170577,-27163.020321375574,33194.72267033019,33194.7226703302,-28115.528705735866,37492.5,nan,nan,1.5000000000000002,10.0,0.0,0.0,10.0,0.85,CORE,MAIN,1.2137761794134294,0.26368038131017,0.6,0.174,-60357.74299170577,STRUCTURAL,-0.8585860670457729,-217073.39419838128,31200.0,0,0,0,0,0,0,0,inf,inf,NA,1,5,5,5,23,6,0,0,CONTINUE,0,A,1,1,0,KEEP_STRUCTURAL_IN_ON_CUT,2,3,0,0,"tail_cont_enabled=1 tail_active_dims=(1,) tail_delta=0.1 tail_start=(6, 6, 6) returned_y=(0, 6, 1) returned_b=(0, 1, 0) returned_u=(0, 0, 0) returned_zcap=(0, 6, 1) max_tail_u=0",NA
120,P1_no_rho,220,1003.9501374000683,5.846348000108264,6.895844100043178,0.2189166999887675,0.01,51102.930900431245,51102.930900431245,-77668.19743609,-58352.52818561182,0.0,-27163.020321375574,-75232.5015808713,-75232.48725953451,-60357.74299170577,-27163.020321375574,33194.72267033019,33194.7226703302,-26059.268923041593,37885.0,nan,nan,1.5000000000000002,10.0,0.0,0.0,10.0,0.85,CORE,MAIN,1.2141935937110826,0.25346241802243885,0.6,0.174,-60357.74299170577,STRUCTURAL,-0.8653067324181586,-217073.39419838128,31200.0,0,0,0,0,0,0,0,inf,inf,NA,1,5,5,5,23,6,0,0,CONTINUE,0,A,1,1,0,KEEP_STRUCTURAL_IN_ON_CUT,2,3,0,0,"tail_cont_enabled=1 tail_active_dims=(1,) tail_delta=0.1 tail_start=(6, 6, 6) returned_y=(0, 6, 1) returned_b=(0, 1, 0) returned_u=(0, 0, 0) returned_zcap=(0, 6, 1) max_tail_u=0",NA
120,P1_no_rho,221,1007.5865997000365,5.846348000108264,3.6357908999780193,0.16209229989908636,0.01,55134.708243530666,55134.708243530666,-77668.19743609,-57747.76158414691,0.0,-27163.020321375574,-76879.60038204759,-76879.58582457216,-60357.74299170577,-27163.020321375574,33194.72267033019,33194.7226703302,-28868.867165630087,38874.0,nan,nan,1.5000000000000004,10.000000000000002,0.0,0.0,10.0,0.85,CORE,MAIN,1.2145720050049307,0.26176355696667264,0.6,0.174,-60357.74299170577,STRUCTURAL,-0.8233561190674497,-217073.39419838128,31200.0,0,0,0,0,0,0,0,inf,inf,NA,1,5,5,5,23,6,0,0,CONTINUE,0,A,1,1,0,KEEP_STRUCTURAL_IN_ON_CUT,2,3,0,0,"tail_cont_enabled=1 tail_active_dims=(1,) tail_delta=0.1 tail_start=(6, 6, 6) returned_y=(0, 6, 1) returned_b=(0, 1, 0) returned_u=(0, 0, 0) returned_zcap=(0, 6, 1) max_tail_u=0",NA
120,P1_no_rho,222,1011.4182836000109,5.846348000108264,3.831165699986741,0.17285299999639392,0.01,37932.01710814346,37932.01710814346,-77668.19743609,-60328.16525445499,0.0,-27163.020321375574,-80041.96492793989,-80041.9499817089,-60357.74299170577,-27163.020321375574,33194.72267033019,33194.7226703302,-31556.150710682665,40003.0,nan,nan,1.5000000000000002,10.0,0.0,0.0,10.0,0.85,CORE,MAIN,1.2142333454269867,0.24291221114755757,0.6,0.174,-60357.74299170577,STRUCTURAL,-0.8080360518132178,-217073.39419838128,31200.0,0,0,0,0,0,0,0,inf,inf,NA,1,5,5,5,23,6,0,0,CONTINUE,0,A,1,1,0,KEEP_STRUCTURAL_IN_ON_CUT,2,3,0,0,"tail_cont_enabled=1 tail_active_dims=(1,) tail_delta=0.1 tail_start=(6, 6, 6) returned_y=(0, 6, 1) returned_b=(0, 1, 0) returned_u=(0, 0, 0) returned_zcap=(0, 6, 1) max_tail_u=0",NA
120,P1_no_rho,223,1014.7144527001074,5.846348000108264,3.2954125000396743,0.16012959997169673,0.01,54924.32656332771,54924.32656332771,-77668.19743609,-57779.31883617735,0.0,-27163.020321375574,-78733.55662864743,-78733.54175686876,-60357.74299170577,-27163.020321375574,33194.72267033019,33194.7226703302,-29810.057203023356,39137.5,nan,nan,1.5000000000000002,10.0,0.0,0.0,10.0,0.85,CORE,MAIN,1.2138890149411095,0.26036467426736865,0.6,0.174,-60357.74299170577,STRUCTURAL,-0.8333607504115045,-217073.39419838128,31200.0,0,0,0,0,0,0,0,inf,inf,NA,1,5,5,5,23,6,0,0,CONTINUE,0,A,1,1,0,KEEP_STRUCTURAL_IN_ON_CUT,2,3,0,0,"tail_cont_enabled=1 tail_active_dims=(1,) tail_delta=0.1 tail_start=(6, 6, 6) returned_y=(0, 6, 1) returned_b=(0, 1, 0) returned_u=(0, 0, 0) returned_zcap=(0, 6, 1) max_tail_u=0",NA
120,P1_no_rho,224,1018.3652951000258,5.846348000108264,3.650324699934572,0.1601912999758497,0.01,48501.6447073499,48501.6447073499,-77668.19743609,-58742.72111457402,0.0,-27163.020321375574,-78301.43946269149,-78301.42468724653,-60357.74299170577,-27163.020321375574,33194.72267033019,33194.7226703302,-29144.349731606024,38525.5,nan,nan,1.5000000000000002,10.0,0.0,0.0,10.0,0.85,CORE,MAIN,1.21357179336696,0.2615027891223729,0.6,0.174,-60357.74299170577,STRUCTURAL,-0.8506413493338267,-217073.39419838128,31200.0,0,0,0,0,0,0,0,inf,inf,NA,1,5,5,5,23,6,0,0,CONTINUE,0,A,1,1,0,KEEP_STRUCTURAL_IN_ON_CUT,2,3,0,0,"tail_cont_enabled=1 tail_active_dims=(1,) tail_delta=0.1 tail_start=(6, 6, 6) returned_y=(0, 6, 1) returned_b=(0, 1, 0) returned_u=(0, 0, 0) returned_zcap=(0, 6, 1) max_tail_u=0",NA
120,P1_no_rho,225,1026.367393200053,5.846348000108264,8.0016825000057,0.16347349993884563,0.01,52393.820677066564,52393.820677066564,-77668.19743609,-58158.89471911652,0.0,-27163.020321375574,-83913.19313500477,-83913.1786115798,-60357.74299170577,-27163.020321375574,33194.72267033019,33194.7226703302,-28757.000331497446,40365.0,nan,nan,1.5000000000000002,10.0,0.0,0.0,10.0,0.85,CORE,MAIN,1.2121327401560023,0.2520224338768948,0.6,0.174,-60357.74299170577,STRUCTURAL,-0.9109571539713837,-217073.39419838128,31200.0,0,0,0,0,0,0,0,inf,inf,NA,1,5,5,5,23,6,0,0,CONTINUE,0,A,1,1,0,KEEP_STRUCTURAL_IN_ON_CUT,2,3,0,0,"tail_cont_enabled=1 tail_active_dims=(1,) tail_delta=0.1 tail_start=(6, 6, 6) returned_y=(6, 2, 0) returned_b=(1, 0, 0) returned_u=(0, 0, 0) returned_zcap=(6, 2, 0) max_tail_u=0",NA
120,P1_no_rho,226,1029.104283300112,5.846348000108264,2.736197800026275,0.1593721000244841,0.01,47009.76929234788,47009.76929234788,-77668.19743609,-58966.50242682433,0.0,-27163.020321375574,-76088.21153689222,-76088.19719503891,-60357.74299170577,-27163.020321375574,33194.72267033019,33194.7226703302,-28088.00194463608,36313.0,nan,nan,1.5000000000000002,10.0,0.0,0.0,10.0,0.85,CORE,MAIN,1.2124514507850352,0.2558373424318683,0.6,0.174,-60357.74299170577,STRUCTURAL,-0.8812306933311823,-217073.39419838128,31200.0,0,0,0,0,0,0,0,inf,inf,NA,1,5,5,5,23,6,0,0,CONTINUE,0,A,1,1,0,KEEP_STRUCTURAL_IN_ON_CUT,2,3,0,0,"tail_cont_enabled=1 tail_active_dims=(1,) tail_delta=0.1 tail_start=(6, 6, 6) returned_y=(6, 2, 0) returned_b=(1, 0, 0) returned_u=(0, 0, 0) returned_zcap=(6, 2, 0) max_tail_u=0",NA
120,P1_no_rho,227,1032.7475595000433,5.846348000108264,3.6427725999383256,0.16639510006643832,0.01,50684.094183032306,50684.094183032306,-77668.19743609,-58415.35369322166,0.0,-27163.020321375574,-70907.27946392764,-70907.26591728607,-60357.74299170577,-27163.020321375574,33194.72267033019,33194.7226703302,-24407.57691592258,33788.5,nan,nan,1.5000000000000002,10.0,0.0,0.0,10.0,0.85,CORE,MAIN,1.2105872475277033,0.2572693619328784,0.6,0.174,-60357.74299170577,STRUCTURAL,-0.9174657847366903,-217073.39419838128,31200.0,0,0,0,0,0,0,0,inf,inf,NA,1,5,5,5,23,6,0,0,CONTINUE,0,A,1,1,0,KEEP_STRUCTURAL_IN_ON_CUT,2,3,0,0,"tail_cont_enabled=1 tail_active_dims=(1,) tail_delta=0.1 tail_start=(6, 6, 6) returned_y=(6, 2, 0) returned_b=(1, 0, 0) returned_u=(0, 0, 0) returned_zcap=(6, 2, 0) max_tail_u=0",NA
120,P1_no_rho,228,1036.4081383000594,5.846348000108264,3.660178799997084,0.1852233000099659,0.01,61654.71529714385,61654.71529714385,-77668.19743609,-56769.76052610493,0.0,-27163.020321375574,-82466.11154750058,-82466.09608384767,-60357.74299170577,-27163.020321375574,33194.72267033019,33194.7226703302,-31209.507400043334,37463.0,nan,nan,1.5000000000000002,10.0,0.0,0.0,10.0,0.85,CORE,MAIN,1.20809539920735,0.2526775213839082,0.6,0.174,-60357.74299170577,STRUCTURAL,-0.9121282097679366,-217073.39419838128,31200.0,0,0,0,0,0,0,0,inf,inf,NA,1,5,5,5,23,6,0,0,CONTINUE,0,A,1,1,0,KEEP_STRUCTURAL_IN_ON_CUT,2,3,0,0,"tail_cont_enabled=1 tail_active_dims=(1,) tail_delta=0.1 tail_start=(6, 6, 6) returned_y=(6, 2, 0) returned_b=(1, 0, 0) returned_u=(0, 0, 0) returned_zcap=(6, 2, 0) max_tail_u=0",NA
120,P1_no_rho,229,1040.4554933001054,5.846348000108264,4.046735700103454,0.15934929996728897,0.01,39220.5634799294,39220.5634799294,-77668.19743609,-60134.8832986871,0.0,-27163.020321375574,-75439.88265203378,-75439.86852478588,-60357.74299170577,-27163.020321375574,33194.72267033019,33194.7226703302,-29458.188923186186,35560.5,nan,nan,1.5000000000000002,10.0,0.0,0.0,10.0,0.85,CORE,MAIN,1.2071721442483048,0.26509956707651994,0.6,0.174,-60357.74299170577,STRUCTURAL,-0.8620366155631424,-217073.39419838128,31200.0,0,0,0,0,0,0,0,inf,inf,NA,1,5,5,5,23,6,0,0,CONTINUE,0,A,1,1,0,KEEP_STRUCTURAL_IN_ON_CUT,2,3,0,0,"tail_cont_enabled=1 tail_active_dims=(1,) tail_delta=0.1 tail_start=(6, 6, 6) returned_y=(6, 2, 0) returned_b=(1, 0, 0) returned_u=(0, 0, 0) returned_zcap=(6, 2, 0) max_tail_u=0",NA
120,P1_no_rho,230,1047.3680700000841,5.846348000108264,6.911916300072335,0.14983060001395643,0.01,49602.03812746177,49602.03812746177,-77668.19743609,-58577.662101557245,0.0,-27163.020321375574,-79832.19928153098,-79832.18433053506,-60357.74299170577,-27163.020321375574,33194.72267033019,33194.7226703302,-30618.028836133573,36683.0,nan,nan,1.5000000000000002,10.0,0.0,0.0,10.0,0.85,CORE,MAIN,1.2060364231428187,0.22996928209605394,0.6,0.174,-60357.74299170577,STRUCTURAL,-0.8944044106607323,-217073.39419838128,31200.0,0,0,0,0,0,0,0,inf,inf,NA,1,5,5,5,23,6,0,0,CONTINUE,0,A,1,1,0,KEEP_STRUCTURAL_IN_ON_CUT,2,3,0,0,"tail_cont_enabled=1 tail_active_dims=(1,) tail_delta=0.1 tail_start=(6, 6, 6) returned_y=(6, 2, 0) returned_b=(1, 0, 0) returned_u=(0, 0, 0) returned_zcap=(6, 2, 0) max_tail_u=0",NA
120,P1_no_rho,231,1050.6861342000775,5.846348000108264,3.317142500076443,0.1512947001028806,0.01,57347.88612429309,57347.88612429309,-77668.19743609,-57415.784902032545,0.0,-27163.020321375574,-81295.48835355806,-81295.47304756867,-60357.74299170577,-27163.020321375574,33194.72267033019,33194.7226703302,-30271.805493538897,39017.5,nan,nan,1.5000000000000002,10.0,0.0,0.0,10.0,0.85,CORE,MAIN,1.20495178103049,0.25472791898307845,0.6,0.174,-60357.74299170577,STRUCTURAL,-0.8718082493587024,-217073.39419838128,31200.0,0,0,0,0,0,0,0,inf,inf,NA,1,5,5,5,23,6,0,0,CONTINUE,0,A,1,1,0,KEEP_STRUCTURAL_IN_ON_CUT,2,3,0,0,"tail_cont_enabled=1 tail_active_dims=(1,) tail_delta=0.1 tail_start=(6, 6, 6) returned_y=(6, 0, 2) returned_b=(1, 0, 0) returned_u=(0, 0, 0) returned_zcap=(6, 0, 2) max_tail_u=0",NA
120,P1_no_rho,232,1054.1726734000258,5.846348000108264,3.4859769999748096,0.17539520002901554,0.01,40425.24739448313,40425.24739448313,-77668.19743609,-59954.18071150404,0.0,-27163.020321375574,-77863.92504695903,-77863.910494212,-60357.74299170577,-27163.020321375574,33194.72267033019,33194.7226703302,-29642.578869188514,37747.5,nan,nan,1.5000000000000002,10.0,0.0,0.0,10.0,0.85,CORE,MAIN,1.2043845271657445,0.26126875479509415,0.6,0.174,-60357.74299170577,STRUCTURAL,-0.8516472459548929,-217073.39419838128,31200.0,0,0,0,0,0,0,0,inf,inf,NA,1,5,5,5,23,6,0,0,CONTINUE,0,A,1,1,0,KEEP_STRUCTURAL_IN_ON_CUT,2,3,0,0,"tail_cont_enabled=1 tail_active_dims=(1,) tail_delta=0.1 tail_start=(6, 6, 6) returned_y=(6, 0, 2) returned_b=(1, 0, 0) returned_u=(0, 0, 0) returned_zcap=(6, 0, 2) max_tail_u=0",NA
120,P1_no_rho,233,1058.228069200064,5.846348000108264,4.054873800021596,0.1632689000107348,0.01,49186.61498737342,49186.61498737342,-77668.19743609,-58639.975572570496,0.0,-27163.020321375574,-79010.27538750284,-79010.2605043823,-60357.74299170577,-27163.020321375574,33194.72267033019,33194.7226703302,-29447.595886656847,37100.5,nan,nan,1.5000000000000002,10.0,0.0,0.0,10.0,0.85,CORE,MAIN,1.206775561426722,0.2593536822493441,0.6,0.174,-60357.74299170577,STRUCTURAL,-0.8906019167347331,-217073.39419838128,31200.0,0,0,0,0,0,0,0,inf,inf,NA,1,5,5,5,23,6,0,0,CONTINUE,0,A,1,1,0,KEEP_STRUCTURAL_IN_ON_CUT,2,3,0,0,"tail_cont_enabled=1 tail_active_dims=(1,) tail_delta=0.1 tail_start=(6, 6, 6) returned_y=(6, 2, 0) returned_b=(1, 0, 0) returned_u=(0, 0, 0) returned_zcap=(6, 2, 0) max_tail_u=0",NA
120,P1_no_rho,234,1061.5053479000926,5.846348000108264,3.276868400047533,0.15611109999008477,0.01,67309.0339066556,67309.0339066556,-77668.19743609,-55921.612734678165,0.0,-27163.020321375574,-74086.90050542341,-74086.88637047594,-60357.74299170577,-27163.020321375574,33194.72267033019,33194.7226703302,-25400.01647607999,34979.5,nan,nan,1.5000000000000002,10.0,0.0,0.0,10.0,0.85,CORE,MAIN,1.2086181584679645,0.27258404942679393,0.6,0.174,-60357.74299170577,STRUCTURAL,-0.9279124419425844,-217073.39419838128,31200.0,0,0,0,0,0,0,0,inf,inf,NA,1,5,5,5,23,6,0,0,CONTINUE,0,A,1,1,0,KEEP_STRUCTURAL_IN_ON_CUT,2,3,0,0,"tail_cont_enabled=1 tail_active_dims=(1,) tail_delta=0.1 tail_start=(6, 6, 6) returned_y=(6, 2, 0) returned_b=(1, 0, 0) returned_u=(0, 0, 0) returned_zcap=(6, 2, 0) max_tail_u=0",NA
120,P1_no_rho,235,1068.8136965000303,5.846348000108264,7.307812999933958,0.16154409991577268,0.01,43255.05367906781,43255.05367906781,-77668.19743609,-59529.709768816334,0.0,-27163.020321375574,-74636.3423843767,-74636.32822057241,-60357.74299170577,-27163.020321375574,33194.72267033019,33194.7226703302,-27852.788236355325,35123.0,nan,nan,1.5000000000000002,10.0,0.0,0.0,10.0,0.85,CORE,MAIN,1.2101885589061858,0.2517304482006868,0.6,0.174,-60357.74299170577,STRUCTURAL,-0.8879943813496773,-217073.39419838128,31200.0,0,0,0,0,0,0,0,inf,inf,NA,1,5,5,5,23,6,0,0,CONTINUE,0,A,1,1,0,KEEP_STRUCTURAL_IN_ON_CUT,2,3,0,0,"tail_cont_enabled=1 tail_active_dims=(1,) tail_delta=0.1 tail_start=(6, 6, 6) returned_y=(6, 2, 0) returned_b=(1, 0, 0) returned_u=(0, 0, 0) returned_zcap=(6, 2, 0) max_tail_u=0",NA
120,P1_no_rho,236,1072.5246432001004,5.846348000108264,3.710315400036052,0.15813670004718006,0.01,55265.186178418015,55265.186178418015,-77668.19743609,-57728.189893913805,0.0,-27163.020321375574,-76283.77800631036,-76283.7636423993,-60357.74299170577,-27163.020321375574,33194.72267033019,33194.7226703302,-29124.94576334362,35712.5,nan,nan,1.5000000000000002,10.0,0.0,0.0,10.0,0.85,CORE,MAIN,1.211348729150438,0.2613538223387679,0.6,0.174,-60357.74299170577,STRUCTURAL,-0.8803419508399144,-217073.39419838128,31200.0,0,0,0,0,0,0,0,inf,inf,NA,1,5,5,5,23,6,0,0,CONTINUE,0,A,1,1,0,KEEP_STRUCTURAL_IN_ON_CUT,2,3,0,0,"tail_cont_enabled=1 tail_active_dims=(1,) tail_delta=0.1 tail_start=(6, 6, 6) returned_y=(6, 2, 0) returned_b=(1, 0, 0) returned_u=(0, 0, 0) returned_zcap=(6, 2, 0) max_tail_u=0",NA
120,P1_no_rho,237,1076.252320800093,5.846348000108264,3.7271860000910237,0.16108089999761432,0.01,50109.68754722066,50109.68754722066,-77668.19743609,-58501.51468859341,0.0,-27163.020321375574,-79530.34674754183,-79530.33181990117,-60357.74299170577,-27163.020321375574,33194.72267033019,33194.7226703302,-30433.053489071463,36400.0,nan,nan,1.5000000000000002,10.0,0.0,0.0,10.0,0.85,CORE,MAIN,1.2116744733868317,0.25631192241073586,0.6,0.174,-60357.74299170577,STRUCTURAL,-0.8992175518466975,-217073.39419838128,31200.0,0,0,0,0,0,0,0,inf,inf,NA,1,5,5,5,23,6,0,0,CONTINUE,0,A,1,1,0,KEEP_STRUCTURAL_IN_ON_CUT,2,3,0,0,"tail_cont_enabled=1 tail_active_dims=(1,) tail_delta=0.1 tail_start=(6, 6, 6) returned_y=(6, 2, 0) returned_b=(1, 0, 0) returned_u=(0, 0, 0) returned_zcap=(6, 2, 0) max_tail_u=0",NA
120,P1_no_rho,238,1079.7663187000435,5.846348000108264,3.5134316999465227,0.17234109994024038,0.01,42007.70517727158,42007.70517727158,-77668.19743609,-59716.812044085775,0.0,-27163.020321375574,-80006.76079595019,-80006.74573929826,-60357.74299170577,-27163.020321375574,33194.72267033019,33194.7226703302,-30398.527081656757,36979.5,nan,nan,1.5000000000000002,10.0,0.0,0.0,10.0,0.85,CORE,MAIN,1.2113959221242476,0.2570755986507336,0.6,0.174,-60357.74299170577,STRUCTURAL,-0.8943372888157223,-217073.39419838128,31200.0,0,0,0,0,0,0,0,inf,inf,NA,1,5,5,5,23,6,0,0,CONTINUE,0,A,1,1,0,KEEP_STRUCTURAL_IN_ON_CUT,2,3,0,0,"tail_cont_enabled=1 tail_active_dims=(1,) tail_delta=0.1 tail_start=(6, 6, 6) returned_y=(6, 2, 0) returned_b=(1, 0, 0) returned_u=(0, 0, 0) returned_zcap=(6, 2, 0) max_tail_u=0",NA
120,P1_no_rho,239,1083.1781803000486,5.846348000108264,3.411282100016251,0.1698310999199748,0.01,46561.770224258624,46561.770224258624,-77668.19743609,-59033.70228703771,0.0,-27163.020321375574,-78836.65236010213,-78836.63760198755,-60357.74299170577,-27163.020321375574,33194.72267033019,33194.7226703302,-29818.58362197795,36654.5,nan,nan,1.5000000000000002,10.0,0.0,0.0,10.0,0.85,CORE,MAIN,1.211167549302353,0.25972307474278367,0.6,0.174,-60357.74299170577,STRUCTURAL,-0.8915331720072491,-217073.39419838128,31200.0,0,0,0,0,0,0,0,inf,inf,NA,1,5,5,5,23,6,0,0,CONTINUE,0,A,1,1,0,KEEP_STRUCTURAL_IN_ON_CUT,2,3,0,0,"tail_cont_enabled=1 tail_active_dims=(1,) tail_delta=0.1 tail_start=(6, 6, 6) returned_y=(6, 2, 0) returned_b=(1, 0, 0) returned_u=(0, 0, 0) returned_zcap=(6, 2, 0) max_tail_u=0",NA
120,P1_no_rho,240,1090.9819577001035,5.846348000108264,7.8033934000413865,0.16880439990200102,0.01,39677.608894473175,39677.608894473175,-77668.19743609,-60066.32648650553,0.0,-27163.020321375574,-78459.79315324509,-78459.7783842315,-60357.74299170577,-27163.020321375574,33194.72267033019,33194.7226703302,-29159.19806438792,37023.0,nan,nan,1.5000000000000002,10.0,0.0,0.0,10.0,0.85,CORE,MAIN,1.2111664224006953,0.2611669666764622,0.6,0.174,-60357.74299170577,STRUCTURAL,-0.8877469018329788,-217073.39419838128,31200.0,0,0,0,0,0,0,0,inf,inf,NA,1,5,5,5,23,6,0,0,CONTINUE,0,A,1,1,0,KEEP_STRUCTURAL_IN_ON_CUT,2,3,0,0,"tail_cont_enabled=1 tail_active_dims=(1,) tail_delta=0.1 tail_start=(6, 6, 6) returned_y=(6, 2, 0) returned_b=(1, 0, 0) returned_u=(0, 0, 0) returned_zcap=(6, 2, 0) max_tail_u=0",NA
120,P1_no_rho,241,1094.687844500062,5.846348000108264,3.705305299954489,0.17560650000814348,0.01,51050.29065566675,51050.29065566675,-77668.19743609,-58360.424222326496,0.0,-27163.020321375574,-76287.82376331177,-76287.80926312937,-60357.74299170577,-27163.020321375574,33194.72267033019,33194.7226703302,-26168.957565712655,35710.0,nan,nan,1.5000000000000002,10.0,0.0,0.0,10.0,0.85,CORE,MAIN,1.2125354268586899,0.2645442623360498,0.6,0.174,-60357.74299170577,STRUCTURAL,-0.9356641780531447,-217073.39419838128,31200.0,0,0,0,0,0,0,0,inf,inf,NA,1,5,5,5,23,6,0,0,CONTINUE,0,A,1,1,0,KEEP_STRUCTURAL_IN_ON_CUT,2,3,0,0,"tail_cont_enabled=1 tail_active_dims=(1,) tail_delta=0.1 tail_start=(6, 6, 6) returned_y=(6, 2, 0) returned_b=(1, 0, 0) returned_u=(0, 0, 0) returned_zcap=(6, 2, 0) max_tail_u=0",NA
120,P1_no_rho,242,1098.1297186000738,5.846348000108264,3.441481100046076,0.1562485999893397,0.01,62533.59162913053,62533.59162913053,-77668.19743609,-56637.92907630693,0.0,-27163.020321375574,-75467.61906733656,-75467.60470917619,-60357.74299170577,-27163.020321375574,33194.72267033019,33194.7226703302,-27960.667507319795,35561.0,nan,nan,1.5000000000000002,10.0,0.0,0.0,10.0,0.85,CORE,MAIN,1.2132617882476,0.26563694316729514,0.6,0.174,-60357.74299170577,STRUCTURAL,-0.8906186965468985,-217073.39419838128,31200.0,0,0,0,0,0,0,0,inf,inf,NA,1,5,5,5,23,6,0,0,CONTINUE,0,A,1,1,0,KEEP_STRUCTURAL_IN_ON_CUT,2,3,0,0,"tail_cont_enabled=1 tail_active_dims=(1,) tail_delta=0.1 tail_start=(6, 6, 6) returned_y=(6, 2, 0) returned_b=(1, 0, 0) returned_u=(0, 0, 0) returned_zcap=(6, 2, 0) max_tail_u=0",NA
120,P1_no_rho,243,1101.2240377000999,5.846348000108264,3.093854400096461,0.1683144000126049,0.01,56760.851246363876,56760.851246363876,-77668.19743609,-57503.840133721926,0.0,-27163.020321375574,-76355.19197801547,-76355.1775944148,-60357.74299170577,-27163.020321375574,33194.72267033019,33194.7226703302,-29124.50056969061,35996.5,nan,nan,1.5000000000000002,10.0,0.0,0.0,10.0,0.85,CORE,MAIN,1.2139655796748898,0.2630884719374639,0.6,0.174,-60357.74299170577,STRUCTURAL,-0.8747272100477206,-217073.39419838128,31200.0,0,0,0,0,0,0,0,inf,inf,NA,1,5,5,5,23,6,0,0,CONTINUE,0,A,1,1,0,KEEP_STRUCTURAL_IN_ON_CUT,2,3,0,0,"tail_cont_enabled=1 tail_active_dims=(1,) tail_delta=0.1 tail_start=(6, 6, 6) returned_y=(6, 2, 0) returned_b=(1, 0, 0) returned_u=(0, 0, 0) returned_zcap=(6, 2, 0) max_tail_u=0",NA
120,P1_no_rho,244,1104.894701900077,5.846348000108264,3.670048600062728,0.15973279997706413,0.01,48892.380054228204,48892.380054228204,-77668.19743609,-58684.110812542276,0.0,-27163.020321375574,-79780.07337853314,-79780.05836553505,-60357.74299170577,-27163.020321375574,33194.72267033019,33194.7226703302,-30445.8105980789,38939.0,nan,nan,1.5000000000000002,10.0,0.0,0.0,10.0,0.85,CORE,MAIN,1.21396038994067,0.25762024536602957,0.6,0.174,-60357.74299170577,STRUCTURAL,-0.8446415807195208,-217073.39419838128,31200.0,0,0,0,0,0,0,0,inf,inf,NA,1,5,5,5,23,6,0,0,CONTINUE,0,A,1,1,0,KEEP_STRUCTURAL_IN_ON_CUT,2,3,0,0,"tail_cont_enabled=1 tail_active_dims=(1,) tail_delta=0.1 tail_start=(6, 6, 6) returned_y=(0, 6, 1) returned_b=(0, 1, 0) returned_u=(0, 0, 0) returned_zcap=(0, 6, 1) max_tail_u=0",NA
120,P1_no_rho,245,1112.7001305000158,5.846348000108264,7.804966699914075,0.20914189994800836,0.01,46049.83445937651,46049.83445937651,-77668.19743609,-59110.49265177003,0.0,-27163.020321375574,-80225.9007234682,-80225.8856116403,-60357.74299170577,-27163.020321375574,33194.72267033019,33194.7226703302,-30651.612124613213,36956.0,nan,nan,1.5000000000000002,10.0,0.0,0.0,10.0,0.85,CORE,MAIN,1.2135481207869006,0.2581066920146815,0.6,0.174,-60357.74299170577,STRUCTURAL,-0.8942936372447793,-217073.39419838128,31200.0,0,0,0,0,0,0,0,inf,inf,NA,1,5,5,5,23,6,0,0,CONTINUE,0,A,1,1,0,KEEP_STRUCTURAL_IN_ON_CUT,2,3,0,0,"tail_cont_enabled=1 tail_active_dims=(1,) tail_delta=0.1 tail_start=(6, 6, 6) returned_y=(6, 2, 0) returned_b=(1, 0, 0) returned_u=(0, 0, 0) returned_zcap=(6, 2, 0) max_tail_u=0",NA
120,P1_no_rho,246,1115.5978453001007,5.846348000108264,2.8972510000457987,0.16417649993672967,0.01,44767.39294935869,44767.39294935869,-77668.19743609,-59302.8588782727,0.0,-27163.020321375574,-77020.96874210706,-77020.95429385772,-60357.74299170577,-27163.020321375574,33194.72267033019,33194.7226703302,-29443.11864008432,35780.5,nan,nan,1.5000000000000002,10.0,0.0,0.0,10.0,0.85,CORE,MAIN,1.213632482151427,0.2635500639386371,0.6,0.174,-60357.74299170577,STRUCTURAL,-0.8864760722325176,-217073.39419838128,31200.0,0,0,0,0,0,0,0,inf,inf,NA,1,5,5,5,23,6,0,0,CONTINUE,0,A,1,1,0,KEEP_STRUCTURAL_IN_ON_CUT,2,3,0,0,"tail_cont_enabled=1 tail_active_dims=(1,) tail_delta=0.1 tail_start=(6, 6, 6) returned_y=(6, 2, 0) returned_b=(1, 0, 0) returned_u=(0, 0, 0) returned_zcap=(6, 2, 0) max_tail_u=0",NA
120,P1_no_rho,247,1119.1242946001003,5.846348000108264,3.5258804000914097,0.16793860006146133,0.01,42988.26428986478,42988.26428986478,-77668.19743609,-59569.72817719679,0.0,-27163.020321375574,-77109.52780686406,-77109.51326578422,-60357.74299170577,-27163.020321375574,33194.72267033019,33194.7226703302,-28452.59151857368,36653.5,nan,nan,1.5000000000000002,10.0,0.0,0.0,10.0,0.85,CORE,MAIN,1.213764913069934,0.2632003902162301,0.6,0.174,-60357.74299170577,STRUCTURAL,-0.8849890960337672,-217073.39419838128,31200.0,0,0,0,0,0,0,0,inf,inf,NA,1,5,5,5,23,6,0,0,CONTINUE,0,A,1,1,0,KEEP_STRUCTURAL_IN_ON_CUT,2,3,0,0,"tail_cont_enabled=1 tail_active_dims=(1,) tail_delta=0.1 tail_start=(6, 6, 6) returned_y=(6, 2, 0) returned_b=(1, 0, 0) returned_u=(0, 0, 0) returned_zcap=(6, 2, 0) max_tail_u=0",NA
120,P1_no_rho,248,1122.6939369000029,5.846348000108264,3.5690724999876693,0.16613759996835142,0.01,47738.70748184436,47738.70748184436,-77668.19743609,-58857.161698399854,0.0,-27163.020321375574,-76731.96029571904,-76731.94573381805,-60357.74299170577,-27163.020321375574,33194.72267033019,33194.7226703302,-26553.41275469346,35613.5,nan,nan,1.5000000000000002,10.0,0.0,0.0,10.0,0.85,CORE,MAIN,1.21450759570186,0.26350354337105764,0.6,0.174,-60357.74299170577,STRUCTURAL,-0.939316700672958,-217073.39419838128,31200.0,0,0,0,0,0,0,0,inf,inf,NA,1,5,5,5,23,6,0,0,CONTINUE,0,A,1,1,0,KEEP_STRUCTURAL_IN_ON_CUT,2,3,0,0,"tail_cont_enabled=1 tail_active_dims=(1,) tail_delta=0.1 tail_start=(6, 6, 6) returned_y=(6, 2, 0) returned_b=(1, 0, 0) returned_u=(0, 0, 0) returned_zcap=(6, 2, 0) max_tail_u=0",NA
120,P1_no_rho,249,1126.4988762000576,5.846348000108264,3.804419200052507,0.15963260002899915,0.01,59175.37372657499,59175.37372657499,-77668.19743609,-57141.66176169026,0.0,-27163.020321375574,-76205.34953484367,-76205.33501674127,-60357.74299170577,-27163.020321375574,33194.72267033019,33194.7226703302,-28161.981475909608,35634.0,nan,nan,1.5000000000000002,10.0,0.0,0.0,10.0,0.85,CORE,MAIN,1.2150725072771345,0.26429191098339566,0.6,0.174,-60357.74299170577,STRUCTURAL,-0.8988298355658765,-217073.39419838128,31200.0,0,0,0,0,0,0,0,inf,inf,NA,1,5,5,5,23,6,0,0,CONTINUE,0,A,1,1,0,KEEP_STRUCTURAL_IN_ON_CUT,2,3,0,0,"tail_cont_enabled=1 tail_active_dims=(1,) tail_delta=0.1 tail_start=(6, 6, 6) returned_y=(6, 2, 0) returned_b=(1, 0, 0) returned_u=(0, 0, 0) returned_zcap=(6, 2, 0) max_tail_u=0",NA
120,P1_no_rho,250,1133.5512916001026,5.846348000108264,7.051965999999084,0.16388349991757423,0.01,54684.334122976135,54684.334122976135,-77668.19743609,-57815.31770223009,0.0,-27163.020321375574,-77236.92828769899,-77236.91375429707,-60357.74299170577,-27163.020321375574,33194.72267033019,33194.7226703302,-29454.33246633794,38573.0,nan,nan,1.5000000000000002,10.0,0.0,0.0,10.0,0.85,CORE,MAIN,1.2155200468064515,0.26206439110228996,0.6,0.174,-60357.74299170577,STRUCTURAL,-0.8258381300902894,-217073.39419838128,31200.0,0,0,0,0,0,0,0,inf,inf,NA,1,5,5,5,23,6,0,0,CONTINUE,0,A,1,1,0,KEEP_STRUCTURAL_IN_ON_CUT,2,3,0,0,"tail_cont_enabled=1 tail_active_dims=(1,) tail_delta=0.1 tail_start=(6, 6, 6) returned_y=(0, 1, 6) returned_b=(0, 0, 1) returned_u=(0, 0, 0) returned_zcap=(0, 1, 6) max_tail_u=0",NA
120,P1_no_rho,251,1137.2326684000436,5.846348000108264,3.680840100045316,0.17791099997702986,0.01,49971.88405869275,49971.88405869275,-77668.19743609,-58522.185211872595,0.0,-27163.020321375574,-80232.85964753597,-80232.84454138766,-60357.74299170577,-27163.020321375574,33194.72267033019,33194.7226703302,-30432.944642599738,39474.5,nan,nan,1.5000000000000002,10.0,0.0,0.0,10.0,0.85,CORE,MAIN,1.2153341558879276,0.2576370154475416,0.6,0.174,-60357.74299170577,STRUCTURAL,-0.8410475944181336,-217073.39419838128,31200.0,0,0,0,0,0,0,0,inf,inf,NA,1,5,5,5,23,6,0,0,CONTINUE,0,A,1,1,0,KEEP_STRUCTURAL_IN_ON_CUT,2,3,0,0,"tail_cont_enabled=1 tail_active_dims=(1,) tail_delta=0.1 tail_start=(6, 6, 6) returned_y=(0, 1, 6) returned_b=(0, 0, 1) returned_u=(0, 0, 0) returned_zcap=(0, 1, 6) max_tail_u=0",NA
120,P1_no_rho,252,1141.2094392001163,5.846348000108264,3.976352599915117,0.1569809999782592,0.01,44377.00755048119,44377.00755048119,-77668.19743609,-59361.41668810433,0.0,-27163.020321375574,-79821.51214530112,-79821.49713671197,-60357.74299170577,-27163.020321375574,33194.72267033019,33194.7226703302,-30199.060010969155,39421.0,nan,nan,1.5000000000000002,10.0,0.0,0.0,10.0,0.85,CORE,MAIN,1.2148505961723026,0.22860716575325835,0.6,0.174,-60357.74299170577,STRUCTURAL,-0.8391878630804701,-217073.39419838128,31200.0,0,0,0,0,0,0,0,inf,inf,NA,1,5,5,5,23,6,0,0,CONTINUE,0,A,1,1,0,KEEP_STRUCTURAL_IN_ON_CUT,2,3,0,0,"tail_cont_enabled=1 tail_active_dims=(1,) tail_delta=0.1 tail_start=(6, 6, 6) returned_y=(0, 1, 6) returned_b=(0, 0, 1) returned_u=(0, 0, 0) returned_zcap=(0, 1, 6) max_tail_u=0",NA
120,P1_no_rho,253,1144.3722970000235,5.846348000108264,3.1623845999129117,0.17472250002902,0.01,48439.77952181941,48439.77952181941,-77668.19743609,-58752.000892403594,0.0,-27163.020321375574,-77098.8894860979,-77098.87495424549,-60357.74299170577,-27163.020321375574,33194.72267033019,33194.7226703302,-28797.657997102713,38528.5,nan,nan,1.5000000000000002,10.0,0.0,0.0,10.0,0.85,CORE,MAIN,1.2148125668313259,0.2642969625680851,0.6,0.174,-60357.74299170577,STRUCTURAL,-0.8357660252738061,-217073.39419838128,31200.0,0,0,0,0,0,0,0,inf,inf,NA,1,5,5,5,23,6,0,0,CONTINUE,0,A,1,1,0,KEEP_STRUCTURAL_IN_ON_CUT,2,3,0,0,"tail_cont_enabled=1 tail_active_dims=(1,) tail_delta=0.1 tail_start=(6, 6, 6) returned_y=(0, 1, 6) returned_b=(0, 0, 1) returned_u=(0, 0, 0) returned_zcap=(0, 1, 6) max_tail_u=0",NA
120,P1_no_rho,254,1148.0714570001,5.846348000108264,3.6987182000884786,0.178298500017263,0.01,45018.82409303409,45018.82409303409,-77668.19743609,-59265.144206721394,0.0,-27163.020321375574,-76639.00859069989,-76638.99417671833,-60357.74299170577,-27163.020321375574,33194.72267033019,33194.7226703302,-28237.926780940965,38175.5,nan,nan,1.5000000000000002,10.0,0.0,0.0,10.0,0.85,CORE,MAIN,1.2150080365470783,0.26242062324633453,0.6,0.174,-60357.74299170577,STRUCTURAL,-0.8452378688910841,-217073.39419838128,31200.0,0,0,0,0,0,0,0,inf,inf,NA,1,5,5,5,23,6,0,0,CONTINUE,0,A,1,1,0,KEEP_STRUCTURAL_IN_ON_CUT,2,3,0,0,"tail_cont_enabled=1 tail_active_dims=(1,) tail_delta=0.1 tail_start=(6, 6, 6) returned_y=(0, 1, 6) returned_b=(0, 0, 1) returned_u=(0, 0, 0) returned_zcap=(0, 1, 6) max_tail_u=0",NA
120,P1_no_rho,255,1155.8532994000707,5.846348000108264,7.7813156000338495,0.17089049995411187,0.01,47586.84943768997,47586.84943768997,-77668.19743609,-58879.940405023015,0.0,-27163.020321375574,-75690.65803796874,-75690.64357818908,-60357.74299170577,-27163.020321375574,33194.72267033019,33194.7226703302,-26609.466125317136,38575.0,nan,nan,1.5000000000000002,10.0,0.0,0.0,10.0,0.85,CORE,MAIN,1.2150994196158642,0.23711258961713,0.6,0.174,-60357.74299170577,STRUCTURAL,-0.8482381067681475,-217073.39419838128,31200.0,0,0,0,0,0,0,0,inf,inf,NA,1,5,5,5,23,6,0,0,CONTINUE,0,A,1,1,0,KEEP_STRUCTURAL_IN_ON_CUT,2,3,0,0,"tail_cont_enabled=1 tail_active_dims=(1,) tail_delta=0.1 tail_start=(6, 6, 6) returned_y=(0, 1, 6) returned_b=(0, 0, 1) returned_u=(0, 0, 0) returned_zcap=(0, 1, 6) max_tail_u=0",NA
120,P1_no_rho,256,1158.8226023000898,5.846348000108264,2.9688191000605,0.1810553000541404,0.01,58146.111201630716,58146.111201630716,-77668.19743609,-57296.0511404319,0.0,-27163.020321375574,-76370.24803154539,-76370.23349186618,-60357.74299170577,-27163.020321375574,33194.72267033019,33194.7226703302,-28126.93935284936,38538.0,nan,nan,1.5000000000000002,10.0,0.0,0.0,10.0,0.85,CORE,MAIN,1.2152701795097864,0.2604802565391129,0.6,0.174,-60357.74299170577,STRUCTURAL,-0.8345579971113676,-217073.39419838128,31200.0,0,0,0,0,0,0,0,inf,inf,NA,1,5,5,5,23,6,0,0,CONTINUE,0,A,1,1,0,KEEP_STRUCTURAL_IN_ON_CUT,2,3,0,0,"tail_cont_enabled=1 tail_active_dims=(1,) tail_delta=0.1 tail_start=(6, 6, 6) returned_y=(0, 1, 6) returned_b=(0, 0, 1) returned_u=(0, 0, 0) returned_zcap=(0, 1, 6) max_tail_u=0",NA
120,P1_no_rho,257,1162.7001902000047,5.846348000108264,3.8771010999334976,0.1745875000488013,0.01,50912.19460385865,50912.19460385865,-77668.19743609,-58381.13863009771,0.0,-27163.020321375574,-77693.91929135068,-77693.90469675281,-60357.74299170577,-27163.020321375574,33194.72267033019,33194.7226703302,-29251.217763261026,38364.5,nan,nan,1.5000000000000002,10.0,0.0,0.0,10.0,0.85,CORE,MAIN,1.2153576498511525,0.261092330115001,0.6,0.174,-60357.74299170577,STRUCTURAL,-0.8417970942493148,-217073.39419838128,31200.0,0,0,0,0,0,0,0,inf,inf,NA,1,5,5,5,23,6,0,0,CONTINUE,0,A,1,1,0,KEEP_STRUCTURAL_IN_ON_CUT,2,3,0,0,"tail_cont_enabled=1 tail_active_dims=(1,) tail_delta=0.1 tail_start=(6, 6, 6) returned_y=(0, 1, 6) returned_b=(0, 0, 1) returned_u=(0, 0, 0) returned_zcap=(0, 1, 6) max_tail_u=0",NA
120,P1_no_rho,258,1166.549177100067,5.846348000108264,3.848516899975948,0.17837540002074093,0.01,47781.45532825994,47781.45532825994,-77668.19743609,-58850.749521437516,0.0,-27163.020321375574,-79808.9862645847,-79808.97121293742,-60357.74299170577,-27163.020321375574,33194.72267033019,33194.7226703302,-30474.84477813515,39427.5,nan,nan,1.5000000000000002,10.0,0.0,0.0,10.0,0.85,CORE,MAIN,1.2150056266057179,0.25813259069177974,0.6,0.174,-60357.74299170577,STRUCTURAL,-0.8341745640276841,-217073.39419838128,31200.0,0,0,0,0,0,0,0,inf,inf,NA,1,5,5,5,23,6,0,0,CONTINUE,0,A,1,1,0,KEEP_STRUCTURAL_IN_ON_CUT,2,3,0,0,"tail_cont_enabled=1 tail_active_dims=(1,) tail_delta=0.1 tail_start=(6, 6, 6) returned_y=(0, 1, 6) returned_b=(0, 0, 1) returned_u=(0, 0, 0) returned_zcap=(0, 1, 6) max_tail_u=0",NA
120,P1_no_rho,259,1169.9879336000886,5.846348000108264,3.438156499993056,0.17743009992409497,0.01,43738.560053240486,43738.560053240486,-77668.19743609,-59457.18381269043,0.0,-27163.020321375574,-79049.52429458973,-79049.50941877849,-60357.74299170577,-27163.020321375574,33194.72267033019,33194.7226703302,-30282.62015617893,37812.0,nan,nan,1.5000000000000002,10.0,0.0,0.0,10.0,0.85,CORE,MAIN,1.2145438796523969,0.2483615963815421,0.6,0.174,-60357.74299170577,STRUCTURAL,-0.8598132737860917,-217073.39419838128,31200.0,0,0,0,0,0,0,0,inf,inf,NA,1,5,5,5,23,6,0,0,CONTINUE,0,A,1,1,0,KEEP_STRUCTURAL_IN_ON_CUT,2,3,0,0,"tail_cont_enabled=1 tail_active_dims=(1,) tail_delta=0.1 tail_start=(6, 6, 6) returned_y=(6, 0, 2) returned_b=(1, 0, 0) returned_u=(0, 0, 0) returned_zcap=(6, 0, 2) max_tail_u=0",NA
120,P1_no_rho,260,1177.6901760000037,5.846348000108264,7.701802899944596,0.16775839996989816,0.01,49162.31022011956,49162.31022011956,-77668.19743609,-58643.62128765858,0.0,-27163.020321375574,-77681.5194251372,-77681.50478131065,-60357.74299170577,-27163.020321375574,33194.72267033019,33194.7226703302,-28685.630514564582,37887.5,nan,nan,1.5000000000000002,10.0,0.0,0.0,10.0,0.85,CORE,MAIN,1.2143090588598728,0.26285172849957683,0.6,0.174,-60357.74299170577,STRUCTURAL,-0.8621290974023282,-217073.39419838128,31200.0,0,0,0,0,0,0,0,inf,inf,NA,1,5,5,5,23,6,0,0,CONTINUE,0,A,1,1,0,KEEP_STRUCTURAL_IN_ON_CUT,2,3,0,0,"tail_cont_enabled=1 tail_active_dims=(1,) tail_delta=0.1 tail_start=(6, 6, 6) returned_y=(6, 0, 2) returned_b=(1, 0, 0) returned_u=(0, 0, 0) returned_zcap=(6, 0, 2) max_tail_u=0",NA
120,P1_no_rho,261,1181.9019094000105,5.846348000108264,4.21123049990274,0.19890189997386187,0.01,43880.550443823515,43880.550443823515,-77668.19743609,-59435.88525410298,0.0,-27163.020321375574,-76889.52549333501,-76889.51100472684,-60357.74299170577,-27163.020321375574,33194.72267033019,33194.7226703302,-27866.11926231046,37781.5,nan,nan,1.5000000000000004,10.000000000000002,0.0,0.0,10.0,0.85,CORE,MAIN,1.2147278303866154,0.2619450402011423,0.6,0.174,-60357.74299170577,STRUCTURAL,-0.8650334465706999,-217073.39419838128,31200.0,0,0,0,0,0,0,0,inf,inf,NA,1,5,5,5,23,6,0,0,CONTINUE,0,A,1,1,0,KEEP_STRUCTURAL_IN_ON_CUT,2,3,0,0,"tail_cont_enabled=1 tail_active_dims=(1,) tail_delta=0.1 tail_start=(6, 6, 6) returned_y=(6, 0, 2) returned_b=(1, 0, 0) returned_u=(0, 0, 0) returned_zcap=(6, 0, 2) max_tail_u=0",NA
120,P1_no_rho,262,1185.284605300054,5.846348000108264,3.382288199965842,0.1712739000795409,0.01,47290.20005760081,47290.20005760081,-77668.19743609,-58924.43781203638,0.0,-27163.020321375574,-76208.96221988309,-76208.94770438399,-60357.74299170577,-27163.020321375574,33194.72267033019,33194.7226703302,-26596.506192372828,35351.0,nan,nan,1.5000000000000002,10.0,0.0,0.0,10.0,0.85,CORE,MAIN,1.2151207146071028,0.2648134494969976,0.6,0.174,-60357.74299170577,STRUCTURAL,-0.9356159941163594,-217073.39419838128,31200.0,0,0,0,0,0,0,0,inf,inf,NA,1,5,5,5,23,6,0,0,CONTINUE,0,A,1,1,0,KEEP_STRUCTURAL_IN_ON_CUT,2,3,0,0,"tail_cont_enabled=1 tail_active_dims=(1,) tail_delta=0.1 tail_start=(6, 6, 6) returned_y=(6, 2, 0) returned_b=(1, 0, 0) returned_u=(0, 0, 0) returned_zcap=(6, 2, 0) max_tail_u=0",NA
120,P1_no_rho,263,1188.8306404000614,5.846348000108264,3.5453563999617472,0.17192150000482798,0.01,57834.21782611224,57834.21782611224,-77668.19743609,-57342.83514675967,0.0,-27163.020321375574,-76338.77712559926,-76338.76261360894,-60357.74299170577,-27163.020321375574,33194.72267033019,33194.7226703302,-28143.063821479267,35483.5,nan,nan,1.5000000000000002,10.0,0.0,0.0,10.0,0.85,CORE,MAIN,1.2155616758350483,0.2638289725864462,0.6,0.174,-60357.74299170577,STRUCTURAL,-0.9055044136406999,-217073.39419838128,31200.0,0,0,0,0,0,0,0,inf,inf,NA,1,5,5,5,23,6,0,0,CONTINUE,0,A,1,1,0,KEEP_STRUCTURAL_IN_ON_CUT,2,3,0,0,"tail_cont_enabled=1 tail_active_dims=(1,) tail_delta=0.1 tail_start=(6, 6, 6) returned_y=(6, 2, 0) returned_b=(1, 0, 0) returned_u=(0, 0, 0) returned_zcap=(6, 2, 0) max_tail_u=0",NA
120,P1_no_rho,264,1192.0575484000146,5.846348000108264,3.226412499905564,0.2224188999971375,0.01,49751.51163847876,49751.51163847876,-77668.19743609,-58555.2410749047,0.0,-27163.020321375574,-77491.65941417904,-77491.64487112957,-60357.74299170577,-27163.020321375574,33194.72267033019,33194.7226703302,-29744.382245739536,35947.0,nan,nan,1.5000000000000013,10.000000000000007,0.0,0.0,10.0,0.85,CORE,MAIN,1.2158634225321974,0.2616083258191031,0.6,0.174,-60357.74299170577,STRUCTURAL,-0.8855122379315844,-217073.39419838128,31200.0,0,0,0,0,0,0,0,inf,inf,NA,1,5,5,5,23,6,0,0,CONTINUE,0,A,1,1,0,KEEP_STRUCTURAL_IN_ON_CUT,2,3,0,0,"tail_cont_enabled=1 tail_active_dims=(1,) tail_delta=0.1 tail_start=(6, 6, 6) returned_y=(6, 2, 0) returned_b=(1, 0, 0) returned_u=(0, 0, 0) returned_zcap=(6, 2, 0) max_tail_u=0",NA
120,P1_no_rho,265,1200.094808200025,5.846348000108264,8.036678200005554,0.15150749997701496,0.01,48142.1129678924,48142.1129678924,-77668.19743609,-58796.65087549265,0.0,-27163.020321375574,-79561.9830285849,-79561.96802029829,-60357.74299170577,-27163.020321375574,33194.72267033019,33194.7226703302,-30177.056600901607,36672.5,nan,nan,1.5000000000000002,10.0,0.0,0.0,10.0,0.85,CORE,MAIN,1.2156633332347437,0.2567202833672575,0.6,0.174,-60357.74299170577,STRUCTURAL,-0.8977646541576876,-217073.39419838128,31200.0,0,0,0,0,0,0,0,inf,inf,NA,1,5,5,5,23,6,0,0,CONTINUE,0,A,1,1,0,KEEP_STRUCTURAL_IN_ON_CUT,2,3,0,0,"tail_cont_enabled=1 tail_active_dims=(1,) tail_delta=0.1 tail_start=(6, 6, 6) returned_y=(6, 2, 0) returned_b=(1, 0, 0) returned_u=(0, 0, 0) returned_zcap=(6, 2, 0) max_tail_u=0",NA
120,P1_no_rho,266,1203.6065812000306,5.846348000108264,3.5113818999379873,0.1783397999824956,0.01,45966.48668052419,45966.48668052419,-77668.19743609,-59122.99481859788,0.0,-27163.020321375574,-79136.27471961481,-79136.25980227963,-60357.74299170577,-27163.020321375574,33194.72267033019,33194.7226703302,-30106.419912353525,36606.0,nan,nan,1.5000000000000002,10.0,0.0,0.0,10.0,0.85,CORE,MAIN,1.2153043312872633,0.2604222410142417,0.6,0.174,-60357.74299170577,STRUCTURAL,-0.8929290260235317,-217073.39419838128,31200.0,0,0,0,0,0,0,0,inf,inf,NA,1,5,5,5,23,6,0,0,CONTINUE,0,A,1,1,0,KEEP_STRUCTURAL_IN_ON_CUT,2,3,0,0,"tail_cont_enabled=1 tail_active_dims=(1,) tail_delta=0.1 tail_start=(6, 6, 6) returned_y=(6, 2, 0) returned_b=(1, 0, 0) returned_u=(0, 0, 0) returned_zcap=(6, 2, 0) max_tail_u=0",NA
120,P1_no_rho,267,1207.462232900085,5.846348000108264,3.855241300072521,0.17513829993549734,0.01,47152.453309656004,47152.453309656004,-77668.19743609,-58945.099824228106,0.0,-27163.020321375574,-78563.65401676917,-78563.63926557702,-60357.74299170577,-27163.020321375574,33194.72267033019,33194.7226703302,-29403.460327694003,36465.5,nan,nan,1.5000000000000002,10.0,0.0,0.0,10.0,0.85,CORE,MAIN,1.214970053036439,0.25030055029117704,0.6,0.174,-60357.74299170577,STRUCTURAL,-0.8987523172657809,-217073.39419838128,31200.0,0,0,0,0,0,0,0,inf,inf,NA,1,5,5,5,23,6,0,0,CONTINUE,0,A,1,1,0,KEEP_STRUCTURAL_IN_ON_CUT,2,3,0,0,"tail_cont_enabled=1 tail_active_dims=(1,) tail_delta=0.1 tail_start=(6, 6, 6) returned_y=(6, 2, 0) returned_b=(1, 0, 0) returned_u=(0, 0, 0) returned_zcap=(6, 2, 0) max_tail_u=0",NA
120,P1_no_rho,268,1210.3451015000464,5.846348000108264,2.882339800009504,0.16937130002770573,0.01,44595.985625099434,44595.985625099434,-77668.19743609,-59328.569976911596,0.0,-27163.020321375574,-77349.19740871295,-77349.1828027092,-60357.74299170577,-27163.020321375574,33194.72267033019,33194.7226703302,-28261.091537991295,36575.0,nan,nan,1.5000000000000002,10.0,0.0,0.0,10.0,0.85,CORE,MAIN,1.2149505443505673,0.25073169236283954,0.6,0.174,-60357.74299170577,STRUCTURAL,-0.894747619315888,-217073.39419838128,31200.0,0,0,0,0,0,0,0,inf,inf,NA,1,5,5,5,23,6,0,0,CONTINUE,0,A,1,1,0,KEEP_STRUCTURAL_IN_ON_CUT,2,3,0,0,"tail_cont_enabled=1 tail_active_dims=(1,) tail_delta=0.1 tail_start=(6, 6, 6) returned_y=(6, 2, 0) returned_b=(1, 0, 0) returned_u=(0, 0, 0) returned_zcap=(6, 2, 0) max_tail_u=0",NA
120,P1_no_rho,269,1214.2643603000324,5.846348000108264,3.918888699961826,0.1616498000221327,0.01,47765.86188984765,47765.86188984765,-77668.19743609,-58853.088537199365,0.0,-27163.020321375574,-76335.33295293353,-76335.31840082728,-60357.74299170577,-27163.020321375574,33194.72267033019,33194.7226703302,-26731.19627958351,35296.5,nan,nan,1.5000000000000002,10.0,0.0,0.0,10.0,0.85,CORE,MAIN,1.2151922768847803,0.2621532380409952,0.6,0.174,-60357.74299170577,STRUCTURAL,-0.9369035101921106,-217073.39419838128,31200.0,0,0,0,0,0,0,0,inf,inf,NA,1,5,5,5,23,6,0,0,CONTINUE,0,A,1,1,0,KEEP_STRUCTURAL_IN_ON_CUT,2,3,0,0,"tail_cont_enabled=1 tail_active_dims=(1,) tail_delta=0.1 tail_start=(6, 6, 6) returned_y=(6, 2, 0) returned_b=(1, 0, 0) returned_u=(0, 0, 0) returned_zcap=(6, 2, 0) max_tail_u=0",NA
120,P1_no_rho,270,1221.8018076000735,5.846348000108264,7.537092800019309,0.1586028999881819,0.01,58697.34083937179,58697.34083937179,-77668.19743609,-57213.36669477074,0.0,-27163.020321375574,-76500.10648821238,-76500.09194013191,-60357.74299170577,-27163.020321375574,33194.72267033019,33194.7226703302,-27923.893468505452,35703.5,nan,nan,1.5000000000000002,10.0,0.0,0.0,10.0,0.85,CORE,MAIN,1.2155312622156995,0.26422058372018,0.6,0.174,-60357.74299170577,STRUCTURAL,-0.9070296277512748,-217073.39419838128,31200.0,0,0,0,0,0,0,0,inf,inf,NA,1,5,5,5,23,6,0,0,CONTINUE,0,A,1,1,0,KEEP_STRUCTURAL_IN_ON_CUT,2,3,0,0,"tail_cont_enabled=1 tail_active_dims=(1,) tail_delta=0.1 tail_start=(6, 6, 6) returned_y=(6, 2, 0) returned_b=(1, 0, 0) returned_u=(0, 0, 0) returned_zcap=(6, 2, 0) max_tail_u=0",NA
120,P1_no_rho,271,1225.6623198000016,5.846348000108264,3.8599669999675825,0.15138250007294118,0.01,48918.270234009084,48918.270234009084,-77668.19743609,-58680.22728557514,0.0,-27163.020321375574,-77493.28065840846,-77493.26609537422,-60357.74299170577,-27163.020321375574,33194.72267033019,33194.7226703302,-29731.343499946666,35965.0,nan,nan,1.5000000000000002,10.0,0.0,0.0,10.0,0.85,CORE,MAIN,1.215789846243387,0.2619166772675492,0.6,0.174,-60357.74299170577,STRUCTURAL,-0.8853407960596417,-217073.39419838128,31200.0,0,0,0,0,0,0,0,inf,inf,NA,1,5,5,5,23,6,0,0,CONTINUE,0,A,1,1,0,KEEP_STRUCTURAL_IN_ON_CUT,2,3,0,0,"tail_cont_enabled=1 tail_active_dims=(1,) tail_delta=0.1 tail_start=(6, 6, 6) returned_y=(6, 2, 0) returned_b=(1, 0, 0) returned_u=(0, 0, 0) returned_zcap=(6, 2, 0) max_tail_u=0",NA
120,P1_no_rho,272,1228.777893600054,5.846348000108264,3.1150187000166625,0.17852449999190867,0.01,51367.26582898758,51367.26582898758,-77668.19743609,-58312.87794632837,0.0,-27163.020321375574,-80000.06713800943,-80000.05203185996,-60357.74299170577,-27163.020321375574,33194.72267033019,33194.7226703302,-30227.612343195076,36826.5,nan,nan,1.5000000000000002,10.0,0.0,0.0,10.0,0.85,CORE,MAIN,1.2155026316772228,0.25852201301533007,0.6,0.174,-60357.74299170577,STRUCTURAL,-0.9010257955306616,-217073.39419838128,31200.0,0,0,0,0,0,0,0,inf,inf,NA,1,5,5,5,23,6,0,0,CONTINUE,0,A,1,1,0,KEEP_STRUCTURAL_IN_ON_CUT,2,3,0,0,"tail_cont_enabled=1 tail_active_dims=(1,) tail_delta=0.1 tail_start=(6, 6, 6) returned_y=(6, 2, 0) returned_b=(1, 0, 0) returned_u=(0, 0, 0) returned_zcap=(6, 2, 0) max_tail_u=0",NA
120,P1_no_rho,273,1232.7606842000969,5.846348000108264,3.9822115000570193,0.15799529990181327,0.01,47684.48945168354,47684.48945168354,-77668.19743609,-58865.29440292397,0.0,-27163.020321375574,-79405.0163902184,-79405.00144036389,-60357.74299170577,-27163.020321375574,33194.72267033019,33194.7226703302,-30005.889753282525,36731.5,nan,nan,1.5000000000000002,10.0,0.0,0.0,10.0,0.85,CORE,MAIN,1.2151225619171468,0.26035825795624745,0.6,0.174,-60357.74299170577,STRUCTURAL,-0.8965803499644965,-217073.39419838128,31200.0,0,0,0,0,0,0,0,inf,inf,NA,1,5,5,5,23,6,0,0,CONTINUE,0,A,1,1,0,KEEP_STRUCTURAL_IN_ON_CUT,2,3,0,0,"tail_cont_enabled=1 tail_active_dims=(1,) tail_delta=0.1 tail_start=(6, 6, 6) returned_y=(6, 2, 0) returned_b=(1, 0, 0) returned_u=(0, 0, 0) returned_zcap=(6, 2, 0) max_tail_u=0",NA
120,P1_no_rho,274,1236.2062761000125,5.846348000108264,3.445027499925345,0.19171729998197407,0.01,44549.82885291591,44549.82885291591,-77668.19743609,-59335.49349273912,0.0,-27163.020321375574,-77024.74374045529,-77024.72920724559,-60357.74299170577,-27163.020321375574,33194.72267033019,33194.7226703302,-28715.019685945314,38661.5,nan,nan,1.5000000000000002,10.0,0.0,0.0,10.0,0.85,CORE,MAIN,1.2151503634287095,0.246810515071598,0.6,0.174,-60357.74299170577,STRUCTURAL,-0.8330373372528271,-217073.39419838128,31200.0,0,0,0,0,0,0,0,inf,inf,NA,1,5,5,5,23,6,0,0,CONTINUE,0,A,1,1,0,KEEP_STRUCTURAL_IN_ON_CUT,2,3,0,0,"tail_cont_enabled=1 tail_active_dims=(1,) tail_delta=0.1 tail_start=(6, 6, 6) returned_y=(0, 1, 6) returned_b=(0, 0, 1) returned_u=(0, 0, 0) returned_zcap=(0, 1, 6) max_tail_u=0",NA
120,P1_no_rho,275,1243.441451300052,5.846348000108264,7.234490799950436,0.1620482999132946,0.01,44149.14001822245,44149.14001822245,-77668.19743609,-59395.59681794314,0.0,-27163.020321375574,-77613.08493831415,-77613.07036662336,-60357.74299170577,-27163.020321375574,33194.72267033019,33194.7226703302,-28319.97407239996,38191.0,nan,nan,1.5000000000000002,10.0,0.0,0.0,10.0,0.85,CORE,MAIN,1.2152571090362623,0.2627131310632429,0.6,0.174,-60357.74299170577,STRUCTURAL,-0.8604661882681502,-217073.39419838128,31200.0,0,0,0,0,0,0,0,inf,inf,NA,1,5,5,5,23,6,0,0,CONTINUE,0,A,1,1,0,KEEP_STRUCTURAL_IN_ON_CUT,2,3,0,0,"tail_cont_enabled=1 tail_active_dims=(1,) tail_delta=0.1 tail_start=(6, 6, 6) returned_y=(0, 1, 6) returned_b=(0, 0, 1) returned_u=(0, 0, 0) returned_zcap=(0, 1, 6) max_tail_u=0",NA
120,P1_no_rho,276,1247.3802542000776,5.846348000108264,3.938170599984005,0.16829719999805093,0.01,47233.05614903541,47233.05614903541,-77668.19743609,-58933.0093983212,0.0,-27163.020321375574,-75528.04126946509,-75528.02684647773,-60357.74299170577,-27163.020321375574,33194.72267033019,33194.7226703302,-26178.775215514812,37850.5,nan,nan,1.5000000000000002,10.0,0.0,0.0,10.0,0.85,CORE,MAIN,1.2150951272566182,0.2250671293844193,0.6,0.174,-60357.74299170577,STRUCTURAL,-0.8691959442361027,-217073.39419838128,31200.0,0,0,0,0,0,0,0,inf,inf,NA,1,5,5,5,23,6,0,0,CONTINUE,0,A,1,1,0,KEEP_STRUCTURAL_IN_ON_CUT,2,3,0,0,"tail_cont_enabled=1 tail_active_dims=(1,) tail_delta=0.1 tail_start=(6, 6, 6) returned_y=(6, 0, 2) returned_b=(1, 0, 0) returned_u=(0, 0, 0) returned_zcap=(6, 0, 2) max_tail_u=0",NA
120,P1_no_rho,277,1250.8857523000333,5.846348000108264,3.5050147000001743,0.16219709999859333,0.01,58530.43423605435,58530.43423605435,-77668.19743609,-57238.40268526835,0.0,-27163.020321375574,-76239.22906238108,-76239.21459137254,-60357.74299170577,-27163.020321375574,33194.72267033019,33194.7226703302,-28353.443278995313,38732.0,nan,nan,1.5000000000000002,10.0,0.0,0.0,10.0,0.85,CORE,MAIN,1.215156268889812,0.26413016214657736,0.6,0.174,-60357.74299170577,STRUCTURAL,-0.8242240922644017,-217073.39419838128,31200.0,0,0,0,0,0,0,0,inf,inf,NA,1,5,5,5,23,6,0,0,CONTINUE,0,A,1,1,0,KEEP_STRUCTURAL_IN_ON_CUT,2,3,0,0,"tail_cont_enabled=1 tail_active_dims=(1,) tail_delta=0.1 tail_start=(6, 6, 6) returned_y=(0, 1, 6) returned_b=(0, 0, 1) returned_u=(0, 0, 0) returned_zcap=(0, 1, 6) max_tail_u=0",NA
120,P1_no_rho,278,1254.085620500031,5.846348000108264,3.199287199997343,0.1549242000328377,0.01,48585.42574007119,48585.42574007119,-77668.19743609,-58730.15395966583,0.0,-27163.020321375574,-77533.97300136389,-77533.95838877521,-60357.74299170577,-27163.020321375574,33194.72267033019,33194.7226703302,-29319.01008249268,38663.5,nan,nan,1.5000000000000002,10.0,0.0,0.0,10.0,0.85,CORE,MAIN,1.2151921416442915,0.2612650964614849,0.6,0.174,-60357.74299170577,STRUCTURAL,-0.8313602977189082,-217073.39419838128,31200.0,0,0,0,0,0,0,0,inf,inf,NA,1,5,5,5,23,6,0,0,CONTINUE,0,A,1,1,0,KEEP_STRUCTURAL_IN_ON_CUT,2,3,0,0,"tail_cont_enabled=1 tail_active_dims=(1,) tail_delta=0.1 tail_start=(6, 6, 6) returned_y=(0, 1, 6) returned_b=(0, 0, 1) returned_u=(0, 0, 0) returned_zcap=(0, 1, 6) max_tail_u=0",NA
120,P1_no_rho,279,1258.0388334000017,5.846348000108264,3.9526295999530703,0.15577870002016425,0.01,48803.775024996656,48803.775024996656,-77668.19743609,-58697.40156692701,0.0,-27163.020321375574,-79858.08700579614,-79858.07192795706,-60357.74299170577,-27163.020321375574,33194.72267033019,33194.7226703302,-30575.81165698283,39708.5,nan,nan,1.5000000000000002,10.0,0.0,0.0,10.0,0.85,CORE,MAIN,1.2147661271699808,0.2580863065487059,0.6,0.174,-60357.74299170577,STRUCTURAL,-0.8274006870229165,-217073.39419838128,31200.0,0,0,0,0,0,0,0,inf,inf,NA,1,5,5,5,23,6,0,0,CONTINUE,0,A,1,1,0,KEEP_STRUCTURAL_IN_ON_CUT,2,3,0,0,"tail_cont_enabled=1 tail_active_dims=(1,) tail_delta=0.1 tail_start=(6, 6, 6) returned_y=(0, 1, 6) returned_b=(0, 0, 1) returned_u=(0, 0, 0) returned_zcap=(0, 1, 6) max_tail_u=0",NA
120,P1_no_rho,280,1265.4853830001084,5.846348000108264,7.446138100000098,0.14985099993646145,0.01,45730.812177942375,45730.812177942375,-77668.19743609,-59158.34599398515,0.0,-27163.020321375574,-79252.66765066492,-79252.65267892633,-60357.74299170577,-27163.020321375574,33194.72267033019,33194.7226703302,-30120.343732257454,39290.5,nan,nan,1.5000000000000002,10.0,0.0,0.0,10.0,0.85,CORE,MAIN,1.2142126583318016,0.25814079004517276,0.6,0.174,-60357.74299170577,STRUCTURAL,-0.8336588394424241,-217073.39419838128,31200.0,0,0,0,0,0,0,0,inf,inf,NA,1,5,5,5,23,6,0,0,CONTINUE,0,A,1,1,0,KEEP_STRUCTURAL_IN_ON_CUT,2,3,0,0,"tail_cont_enabled=1 tail_active_dims=(1,) tail_delta=0.1 tail_start=(6, 6, 6) returned_y=(0, 1, 6) returned_b=(0, 0, 1) returned_u=(0, 0, 0) returned_zcap=(0, 1, 6) max_tail_u=0",NA
120,P1_no_rho,281,1268.3392710000044,5.846348000108264,2.853242199984379,0.15156889997888356,0.01,48024.39616838882,48024.39616838882,-77668.19743609,-58814.308395418186,0.0,-27163.020321375574,-77686.74796304008,-77686.73331573932,-60357.74299170577,-27163.020321375574,33194.72267033019,33194.7226703302,-28652.679258831235,38823.5,nan,nan,1.5000000000000002,10.0,0.0,0.0,10.0,0.85,CORE,MAIN,1.2139834834765204,0.26076204677153814,0.6,0.174,-60357.74299170577,STRUCTURAL,-0.8419995459263604,-217073.39419838128,31200.0,0,0,0,0,0,0,0,inf,inf,NA,1,5,5,5,23,6,0,0,CONTINUE,0,A,1,1,0,KEEP_STRUCTURAL_IN_ON_CUT,2,3,0,0,"tail_cont_enabled=1 tail_active_dims=(1,) tail_delta=0.1 tail_start=(6, 6, 6) returned_y=(0, 1, 6) returned_b=(0, 0, 1) returned_u=(0, 0, 0) returned_zcap=(0, 1, 6) max_tail_u=0",NA
120,P1_no_rho,282,1271.9969364000717,5.846348000108264,3.6570898999925703,0.18457859999034554,0.01,40801.78359402985,40801.78359402985,-77668.19743609,-59897.70028157203,0.0,-27163.020321375574,-76873.76642479961,-76873.75246444394,-60357.74299170577,-27163.020321375574,33194.72267033019,33194.7226703302,-27541.189530409054,38435.0,nan,nan,1.5000000000000002,10.0,0.0,0.0,10.0,0.85,CORE,MAIN,1.2144270659756573,0.25235832649138334,0.6,0.174,-60357.74299170577,STRUCTURAL,-0.855688182369106,-217073.39419838128,31200.0,0,0,0,0,0,0,0,inf,inf,NA,2,6,6,6,23,6,0,0,CONTINUE,0,A,1,1,0,KEEP_STRUCTURAL_IN_ON_CUT,2,3,0,0,"tail_cont_enabled=1 tail_active_dims=(1,) tail_delta=0.1 tail_start=(6, 6, 6) returned_y=(1, 6, 0) returned_b=(0, 1, 0) returned_u=(0, 0.1, 0) returned_zcap=(1, 6.1, 0) max_tail_u=0.1",NA
120,P1_no_rho,283,1275.2820066000568,5.846348000108264,3.284604800050147,0.22651659999974072,0.01,47986.13816093081,47986.13816093081,-77668.19743609,-58820.04709653689,0.0,-27163.020321375574,-75301.33160535211,-75301.31728545376,-60357.74299170577,-27163.020321375574,33194.72267033019,33194.7226703302,-26242.369393535275,38327.0,nan,nan,1.5000000000000002,10.0,0.0,0.0,10.0,0.85,CORE,MAIN,1.214504072033544,0.265360962491204,0.6,0.174,-60357.74299170577,STRUCTURAL,-0.8533400803944735,-217073.39419838128,31200.0,0,0,0,0,0,0,0,inf,inf,NA,1,5,5,5,23,6,0,0,CONTINUE,0,A,1,1,0,KEEP_STRUCTURAL_IN_ON_CUT,2,3,0,0,"tail_cont_enabled=1 tail_active_dims=(1,) tail_delta=0.1 tail_start=(6, 6, 6) returned_y=(0, 1, 6) returned_b=(0, 0, 1) returned_u=(0, 0, 0) returned_zcap=(0, 1, 6) max_tail_u=0",NA
120,P1_no_rho,284,1278.3797094000038,5.846348000108264,3.097107999958098,0.1600847999798134,0.01,53569.88108855323,53569.88108855323,-77668.19743609,-57982.485657393525,0.0,-27163.020321375574,-76110.31533275222,-76110.30098291012,-60357.74299170577,-27163.020321375574,33194.72267033019,33194.7226703302,-28623.201116132226,38518.5,nan,nan,1.5000000000000002,10.0,0.0,0.0,10.0,0.85,CORE,MAIN,1.2147189545598536,0.2637979309024132,0.6,0.174,-60357.74299170577,STRUCTURAL,-0.821892508219477,-217073.39419838128,31200.0,0,0,0,0,0,0,0,inf,inf,NA,1,5,5,5,23,6,0,0,CONTINUE,0,A,1,1,0,KEEP_STRUCTURAL_IN_ON_CUT,2,3,0,0,"tail_cont_enabled=1 tail_active_dims=(1,) tail_delta=0.1 tail_start=(6, 6, 6) returned_y=(0, 1, 6) returned_b=(0, 0, 1) returned_u=(0, 0, 0) returned_zcap=(0, 1, 6) max_tail_u=0",NA
120,P1_no_rho,285,1285.272021300043,5.846348000108264,6.891770099988207,0.17606030008755624,0.01,51582.2182356278,51582.2182356278,-77668.19743609,-58280.63508533234,0.0,-27163.020321375574,-77206.57417302292,-77206.5596160132,-60357.74299170577,-27163.020321375574,33194.72267033019,33194.7226703302,-29331.682118714234,38720.0,nan,nan,1.5000000000000007,10.000000000000004,0.0,0.0,10.0,0.85,CORE,MAIN,1.2148891428104664,0.25935891878939776,0.6,0.174,-60357.74299170577,STRUCTURAL,-0.8242919679287006,-217073.39419838128,31200.0,0,0,0,0,0,0,0,inf,inf,NA,1,5,5,5,23,6,0,0,CONTINUE,0,A,1,1,0,KEEP_STRUCTURAL_IN_ON_CUT,2,3,0,0,"tail_cont_enabled=1 tail_active_dims=(1,) tail_delta=0.1 tail_start=(6, 6, 6) returned_y=(0, 1, 6) returned_b=(0, 0, 1) returned_u=(0, 0, 0) returned_zcap=(0, 1, 6) max_tail_u=0",NA
120,P1_no_rho,286,1288.338803700055,5.846348000108264,3.0661249000113457,0.17030320002231747,0.01,45367.38914168675,45367.38914168675,-77668.19743609,-59212.85944942349,0.0,-27163.020321375574,-78783.97740078114,-78783.9624460131,-60357.74299170577,-27163.020321375574,33194.72267033019,33194.7226703302,-30179.944188960155,39057.0,nan,nan,1.5000000000000002,10.0,0.0,0.0,10.0,0.85,CORE,MAIN,1.2147211223645409,0.23087835716427996,0.6,0.174,-60357.74299170577,STRUCTURAL,-0.8296253895085463,-217073.39419838128,31200.0,0,0,0,0,0,0,0,inf,inf,NA,1,5,5,5,23,6,0,0,CONTINUE,0,A,1,1,0,KEEP_STRUCTURAL_IN_ON_CUT,2,3,0,0,"tail_cont_enabled=1 tail_active_dims=(1,) tail_delta=0.1 tail_start=(6, 6, 6) returned_y=(0, 1, 6) returned_b=(0, 0, 1) returned_u=(0, 0, 0) returned_zcap=(0, 1, 6) max_tail_u=0",NA
120,P1_no_rho,287,1291.3741486000363,5.846348000108264,3.0344645000295714,0.16164160007610917,0.01,50681.017783204006,50681.017783204006,-77668.19743609,-58415.81515319591,0.0,-27163.020321375574,-85465.71621619277,-85465.7015576826,-60357.74299170577,-27163.020321375574,33194.72267033019,33194.7226703302,-29871.21553585764,40853.0,nan,nan,1.5000000000000002,10.0,0.0,0.0,10.0,0.85,CORE,MAIN,1.2130645928200345,0.25097284080869064,0.6,0.174,-60357.74299170577,STRUCTURAL,-0.9072281272175029,-217073.39419838128,31200.0,0,0,0,0,0,0,0,inf,inf,NA,1,5,5,5,23,6,0,0,CONTINUE,0,A,1,1,0,KEEP_STRUCTURAL_IN_ON_CUT,2,3,0,0,"tail_cont_enabled=1 tail_active_dims=(1,) tail_delta=0.1 tail_start=(6, 6, 6) returned_y=(6, 2, 0) returned_b=(1, 0, 0) returned_u=(0, 0, 0) returned_zcap=(6, 2, 0) max_tail_u=0",NA
120,P1_no_rho,288,1294.7700098000932,5.846348000108264,3.395435900078155,0.17563960002735257,0.01,44957.41699666331,44957.41699666331,-77668.19743609,-59274.35527117701,0.0,-27163.020321375574,-74210.47876136574,-74210.46478169254,-60357.74299170577,-27163.020321375574,33194.72267033019,33194.7226703302,-27428.98997355077,35123.5,nan,nan,1.5000000000000002,10.0,0.0,0.0,10.0,0.85,CORE,MAIN,1.2124266538069435,0.27014544412583497,0.6,0.174,-60357.74299170577,STRUCTURAL,-0.8879425419475423,-217073.39419838128,31200.0,0,0,0,0,0,0,0,inf,inf,NA,1,5,5,5,23,6,0,0,CONTINUE,0,A,1,1,0,KEEP_STRUCTURAL_IN_ON_CUT,2,3,0,0,"tail_cont_enabled=1 tail_active_dims=(1,) tail_delta=0.1 tail_start=(6, 6, 6) returned_y=(6, 2, 0) returned_b=(1, 0, 0) returned_u=(0, 0, 0) returned_zcap=(6, 2, 0) max_tail_u=0",NA
120,P1_no_rho,289,1298.2240808000788,5.846348000108264,3.453557000029832,0.1595280000474304,0.01,42143.897013922855,42143.897013922855,-77668.19743609,-59696.38326858808,0.0,-27163.020321375574,-75760.60569340977,-75760.59142626575,-60357.74299170577,-27163.020321375574,33194.72267033019,33194.7226703302,-27406.191267085767,36206.5,nan,nan,1.5000000000000002,10.0,0.0,0.0,10.0,0.85,CORE,MAIN,1.2122831570738652,0.2634322814740032,0.6,0.174,-60357.74299170577,STRUCTURAL,-0.8903447384526714,-217073.39419838128,31200.0,0,0,0,0,0,0,0,inf,inf,NA,1,5,5,5,23,6,0,0,CONTINUE,0,A,1,1,0,KEEP_STRUCTURAL_IN_ON_CUT,2,3,0,0,"tail_cont_enabled=1 tail_active_dims=(1,) tail_delta=0.1 tail_start=(6, 6, 6) returned_y=(6, 2, 0) returned_b=(1, 0, 0) returned_u=(0, 0, 0) returned_zcap=(6, 2, 0) max_tail_u=0",NA
120,P1_no_rho,290,1304.563503100071,5.846348000108264,6.338980600005016,0.1603156999917701,0.01,53747.61030662467,53747.61030662467,-77668.19743609,-57955.826274682804,0.0,-27163.020321375574,-79486.72862482356,-79486.71364243823,-60357.74299170577,-27163.020321375574,33194.72267033019,33194.7226703302,-28245.17525019147,36489.5,nan,nan,1.5000000000000002,10.0,0.0,0.0,10.0,0.85,CORE,MAIN,1.2116291997086186,0.25933969827889713,0.6,0.174,-60357.74299170577,STRUCTURAL,-0.9361878237528927,-217073.39419838128,31200.0,0,0,0,0,0,0,0,inf,inf,NA,1,5,5,5,23,6,0,0,CONTINUE,0,A,1,1,0,KEEP_STRUCTURAL_IN_ON_CUT,2,3,0,0,"tail_cont_enabled=1 tail_active_dims=(1,) tail_delta=0.1 tail_start=(6, 6, 6) returned_y=(6, 2, 0) returned_b=(1, 0, 0) returned_u=(0, 0, 0) returned_zcap=(6, 2, 0) max_tail_u=0",NA
120,P1_no_rho,291,1307.6838805000298,5.846348000108264,3.119776399922557,0.16167100006714463,0.01,52021.605279811076,52021.605279811076,-77668.19743609,-58214.727028704845,0.0,-27163.020321375574,-74542.54399423809,-74542.52995049674,-60357.74299170577,-27163.020321375574,33194.72267033019,33194.7226703302,-28106.61935424394,35327.0,nan,nan,1.5000000000000002,10.0,0.0,0.0,10.0,0.85,CORE,MAIN,1.2119388991265838,0.2651058642521218,0.6,0.174,-60357.74299170577,STRUCTURAL,-0.8763063303092588,-217073.39419838128,31200.0,0,0,0,0,0,0,0,inf,inf,NA,1,5,5,5,23,6,0,0,CONTINUE,0,A,1,1,0,KEEP_STRUCTURAL_IN_ON_CUT,2,3,0,0,"tail_cont_enabled=1 tail_active_dims=(1,) tail_delta=0.1 tail_start=(6, 6, 6) returned_y=(6, 2, 0) returned_b=(1, 0, 0) returned_u=(0, 0, 0) returned_zcap=(6, 2, 0) max_tail_u=0",NA
120,P1_no_rho,292,1311.486130000092,5.846348000108264,3.801641400088556,0.1746775999199599,0.01,47499.70343562027,47499.70343562027,-77668.19743609,-58893.01230533347,0.0,-27163.020321375574,-76023.92990129242,-76023.91553453129,-60357.74299170577,-27163.020321375574,33194.72267033019,33194.7226703302,-28694.902218953303,35612.5,nan,nan,1.5000000000000002,10.0,0.0,0.0,10.0,0.85,CORE,MAIN,1.2123747833862273,0.26312015240561293,0.6,0.174,-60357.74299170577,STRUCTURAL,-0.8860000152676352,-217073.39419838128,31200.0,0,0,0,0,0,0,0,inf,inf,NA,1,5,5,5,23,6,0,0,CONTINUE,0,A,1,1,0,KEEP_STRUCTURAL_IN_ON_CUT,2,3,0,0,"tail_cont_enabled=1 tail_active_dims=(1,) tail_delta=0.1 tail_start=(6, 6, 6) returned_y=(6, 2, 0) returned_b=(1, 0, 0) returned_u=(0, 0, 0) returned_zcap=(6, 2, 0) max_tail_u=0",NA
120,P1_no_rho,293,1314.3587534000399,5.846348000108264,2.87209169997368,0.155529799987562,0.01,59169.377627410526,59169.377627410526,-77668.19743609,-57142.56117656493,0.0,-27163.020321375574,-83010.9496648019,-83010.93403652996,-60357.74299170577,-27163.020321375574,33194.72267033019,33194.7226703302,-32199.2088315854,37520.0,nan,nan,1.5000000000000002,10.0,0.0,0.0,10.0,0.85,CORE,MAIN,1.2117772908358155,0.24970590657344605,0.6,0.174,-60357.74299170577,STRUCTURAL,-0.9028380455747073,-217073.39419838128,31200.0,0,0,0,0,0,0,0,inf,inf,NA,1,5,5,5,23,6,0,0,CONTINUE,0,A,1,1,0,KEEP_STRUCTURAL_IN_ON_CUT,2,3,0,0,"tail_cont_enabled=1 tail_active_dims=(1,) tail_delta=0.1 tail_start=(6, 6, 6) returned_y=(6, 2, 0) returned_b=(1, 0, 0) returned_u=(0, 0, 0) returned_zcap=(6, 2, 0) max_tail_u=0",NA
120,P1_no_rho,294,1317.1758396000369,5.846348000108264,2.8165094000287354,0.16763860010541975,0.01,39350.65241352151,39350.65241352151,-77668.19743609,-60115.36995864828,0.0,-27163.020321375574,-79365.10765872443,-79365.0927167356,-60357.74299170577,-27163.020321375574,33194.72267033019,33194.7226703302,-30503.384091248867,36367.5,nan,nan,1.5000000000000002,10.0,0.0,0.0,10.0,0.85,CORE,MAIN,1.2112975807172353,0.2581096153928777,0.6,0.174,-60357.74299170577,STRUCTURAL,-0.8957028230423083,-217073.39419838128,31200.0,0,0,0,0,0,0,0,inf,inf,NA,1,5,5,5,23,6,0,0,CONTINUE,0,A,1,1,0,KEEP_STRUCTURAL_IN_ON_CUT,2,3,0,0,"tail_cont_enabled=1 tail_active_dims=(1,) tail_delta=0.1 tail_start=(6, 6, 6) returned_y=(6, 2, 0) returned_b=(1, 0, 0) returned_u=(0, 0, 0) returned_zcap=(6, 2, 0) max_tail_u=0",NA
120,P1_no_rho,295,1323.7810801001033,5.846348000108264,6.604901600047015,0.16501940006855875,0.01,56872.92175314802,56872.92175314802,-77668.19743609,-57487.02955770431,0.0,-27163.020321375574,-77388.22968923625,-77388.21514231447,-60357.74299170577,-27163.020321375574,33194.72267033019,33194.7226703302,-28689.781641347457,38260.0,nan,nan,1.5000000000000002,10.0,0.0,0.0,10.0,0.85,CORE,MAIN,1.2111644909517552,0.2627991179870246,0.6,0.174,-60357.74299170577,STRUCTURAL,-0.8485525962879767,-217073.39419838128,31200.0,0,0,0,0,0,0,0,inf,inf,NA,1,5,5,5,23,6,0,0,CONTINUE,0,A,1,1,0,KEEP_STRUCTURAL_IN_ON_CUT,2,3,0,0,"tail_cont_enabled=1 tail_active_dims=(1,) tail_delta=0.1 tail_start=(6, 6, 6) returned_y=(0, 6, 1) returned_b=(0, 1, 0) returned_u=(0, 0, 0) returned_zcap=(0, 6, 1) max_tail_u=0",NA
120,P1_no_rho,296,1327.2399189000716,5.846348000108264,3.458185199997388,0.15893919998779893,0.01,48604.77291295409,48604.77291295409,-77668.19743609,-58727.25188373339,0.0,-27163.020321375574,-78932.37893539657,-78932.36416454474,-60357.74299170577,-27163.020321375574,33194.72267033019,33194.7226703302,-29450.775847128803,38395.0,nan,nan,1.5000000000000002,10.0,0.0,0.0,10.0,0.85,CORE,MAIN,1.2110149464414732,0.2599119518076237,0.6,0.174,-60357.74299170577,STRUCTURAL,-0.8591672234651377,-217073.39419838128,31200.0,0,0,0,0,0,0,0,inf,inf,NA,1,5,5,5,23,6,0,0,CONTINUE,0,A,1,1,0,KEEP_STRUCTURAL_IN_ON_CUT,2,3,0,0,"tail_cont_enabled=1 tail_active_dims=(1,) tail_delta=0.1 tail_start=(6, 6, 6) returned_y=(0, 6, 1) returned_b=(0, 1, 0) returned_u=(0, 0, 0) returned_zcap=(0, 6, 1) max_tail_u=0",NA
120,P1_no_rho,297,1330.4145477000857,5.846348000108264,3.1740245000692084,0.16104149993043393,0.01,39068.847836254,39068.847836254,-77668.19743609,-60157.64064523841,0.0,-27163.020321375574,-72838.55942753158,-72838.54553377401,-60357.74299170577,-27163.020321375574,33194.72267033019,33194.7226703302,-25386.72238953459,37188.0,nan,nan,1.5000000000000002,10.0,0.0,0.0,10.0,0.85,CORE,MAIN,1.210742735765471,0.25271719233932277,0.6,0.174,-60357.74299170577,STRUCTURAL,-0.8506655040019975,-217073.39419838128,31200.0,0,0,0,0,0,0,0,inf,inf,NA,1,5,5,5,23,6,0,0,CONTINUE,0,A,1,1,0,KEEP_STRUCTURAL_IN_ON_CUT,2,3,0,0,"tail_cont_enabled=1 tail_active_dims=(1,) tail_delta=0.1 tail_start=(6, 6, 6) returned_y=(0, 6, 1) returned_b=(0, 1, 0) returned_u=(0, 0, 0) returned_zcap=(0, 6, 1) max_tail_u=0",NA
120,P1_no_rho,298,1333.6712317001075,5.846348000108264,3.2561906001064926,0.17442150006536394,0.01,59928.338172738564,59928.338172738564,-77668.19743609,-57028.71709476572,0.0,-27163.020321375574,-76474.95989170393,-76474.94544891917,-60357.74299170577,-27163.020321375574,33194.72267033019,33194.7226703302,-28964.51690085435,38071.5,nan,nan,1.5000000000000002,10.0,0.0,0.0,10.0,0.85,CORE,MAIN,1.210482127502889,0.26298230495589336,0.6,0.174,-60357.74299170577,STRUCTURAL,-0.8319509090013057,-217073.39419838128,31200.0,0,0,0,0,0,0,0,inf,inf,NA,1,5,5,5,23,6,0,0,CONTINUE,0,A,1,1,0,KEEP_STRUCTURAL_IN_ON_CUT,2,3,0,0,"tail_cont_enabled=1 tail_active_dims=(1,) tail_delta=0.1 tail_start=(6, 6, 6) returned_y=(0, 6, 1) returned_b=(0, 1, 0) returned_u=(0, 0, 0) returned_zcap=(0, 6, 1) max_tail_u=0",NA
120,P1_no_rho,299,1336.9773479000432,5.846348000108264,3.3048939999425784,0.16301350004505366,0.01,58213.53045329257,58213.53045329257,-77668.19743609,-57285.93825268262,0.0,-27163.020321375574,-78134.2568692573,-78134.24215632465,-60357.74299170577,-27163.020321375574,33194.72267033019,33194.7226703302,-29146.045822372707,38486.5,nan,nan,1.5000000000000002,10.0,0.0,0.0,10.0,0.85,CORE,MAIN,1.2103044405135714,0.26472120555246526,0.6,0.174,-60357.74299170577,STRUCTURAL,-0.8485780093271134,-217073.39419838128,31200.0,0,0,0,0,0,0,0,inf,inf,NA,1,5,5,5,23,6,0,0,CONTINUE,0,A,1,1,0,KEEP_STRUCTURAL_IN_ON_CUT,2,3,0,0,"tail_cont_enabled=1 tail_active_dims=(1,) tail_delta=0.1 tail_start=(6, 6, 6) returned_y=(0, 6, 1) returned_b=(0, 1, 0) returned_u=(0, 0, 0) returned_zcap=(0, 6, 1) max_tail_u=0",NA
120,P1_no_rho,300,1343.9398575000232,5.846348000108264,6.9620719000231475,0.16104849998373538,0.01,41619.471121249946,41619.471121249946,-77668.19743609,-59775.047152489016,0.0,-27163.020321375574,-80180.31076703928,-80180.2957429555,-60357.74299170577,-27163.020321375574,33194.72267033019,33194.7226703302,-31609.402649195043,39465.0,nan,nan,1.5000000000000002,10.0,0.0,0.0,10.0,0.85,CORE,MAIN,1.209668320948644,0.25630931633492415,0.6,0.174,-60357.74299170577,STRUCTURAL,-0.8204889242579575,-217073.39419838128,31200.0,0,0,0,0,0,0,0,inf,inf,NA,1,5,5,5,23,6,0,0,CONTINUE,0,A,1,1,0,KEEP_STRUCTURAL_IN_ON_CUT,2,3,0,0,"tail_cont_enabled=1 tail_active_dims=(1,) tail_delta=0.1 tail_start=(6, 6, 6) returned_y=(0, 6, 1) returned_b=(0, 1, 0) returned_u=(0, 0, 0) returned_zcap=(0, 6, 1) max_tail_u=0",NA
120,P1_no_rho,301,1346.726729300106,5.846348000108264,2.7860646001063287,0.18409340002108365,0.01,58168.14453397785,58168.14453397785,-77668.19743609,-57292.74614057983,0.0,-27163.020321375574,-88419.27752226964,-88419.26207415402,-60357.74299170577,-27163.020321375574,33194.72267033019,33194.7226703302,-32223.9531565253,41448.5,nan,nan,1.5000000000000002,10.0,0.0,0.0,10.0,0.85,CORE,MAIN,1.2071821838084043,0.24667900409237054,0.6,0.174,-60357.74299170577,STRUCTURAL,-0.9038575407655076,-217073.39419838128,31200.0,0,0,0,0,0,0,0,inf,inf,NA,1,5,5,5,23,6,0,0,CONTINUE,0,A,1,1,0,KEEP_STRUCTURAL_IN_ON_CUT,2,3,0,0,"tail_cont_enabled=1 tail_active_dims=(1,) tail_delta=0.1 tail_start=(6, 6, 6) returned_y=(6, 2, 0) returned_b=(1, 0, 0) returned_u=(0, 0, 0) returned_zcap=(6, 2, 0) max_tail_u=0",NA
120,P1_no_rho,302,1350.2194171000738,5.846348000108264,3.4920773999765515,0.18214739998802543,0.01,49224.24582331518,49224.24582331518,-77668.19743609,-58634.33094717923,0.0,-27163.020321375574,-72269.92137126249,-72269.90771276926,-60357.74299170577,-27163.020321375574,33194.72267033019,33194.7226703302,-26533.339858814717,34672.0,nan,nan,1.5000000000000002,10.0,0.0,0.0,10.0,0.85,CORE,MAIN,1.2071980159095081,0.2725251992673108,0.6,0.174,-60357.74299170577,STRUCTURAL,-0.8794140873318439,-217073.39419838128,31200.0,0,0,0,0,0,0,0,inf,inf,NA,1,5,5,5,23,6,0,0,CONTINUE,0,A,1,1,0,KEEP_STRUCTURAL_IN_ON_CUT,2,3,0,0,"tail_cont_enabled=1 tail_active_dims=(1,) tail_delta=0.1 tail_start=(6, 6, 6) returned_y=(6, 2, 0) returned_b=(1, 0, 0) returned_u=(0, 0, 0) returned_zcap=(6, 2, 0) max_tail_u=0",NA
120,P1_no_rho,303,1353.3748346000211,5.846348000108264,3.1548354999395087,0.1737359999679029,0.01,35999.5774101103,35999.5774101103,-77668.19743609,-60618.03120915996,0.0,-27163.020321375574,-72884.95070291669,-72884.93705794442,-60357.74299170577,-27163.020321375574,33194.72267033019,33194.7226703302,-26624.31085913352,37271.5,nan,nan,1.5000000000000002,10.0,0.0,0.0,10.0,0.85,CORE,MAIN,1.2079593754567024,0.2682844414246227,0.6,0.174,-60357.74299170577,STRUCTURAL,-0.827453079856564,-217073.39419838128,31200.0,0,0,0,0,0,0,0,inf,inf,NA,1,5,5,5,23,6,0,0,CONTINUE,0,A,1,1,0,KEEP_STRUCTURAL_IN_ON_CUT,2,3,0,0,"tail_cont_enabled=1 tail_active_dims=(1,) tail_delta=0.1 tail_start=(6, 6, 6) returned_y=(0, 1, 6) returned_b=(0, 0, 1) returned_u=(0, 0, 0) returned_zcap=(0, 1, 6) max_tail_u=0",NA
120,P1_no_rho,304,1356.1646045000525,5.846348000108264,2.789101699949242,0.16111659992020577,0.01,61233.85210746555,61233.85210746555,-77668.19743609,-56832.89000455668,0.0,-27163.020321375574,-79824.77650276214,-79824.76148504189,-60357.74299170577,-27163.020321375574,33194.72267033019,33194.7226703302,-29033.427117926305,39986.0,nan,nan,1.5000000000000002,10.0,0.0,0.0,10.0,0.85,CORE,MAIN,1.2076324910726859,0.2568064149074727,0.6,0.174,-60357.74299170577,STRUCTURAL,-0.846818625971016,-217073.39419838128,31200.0,0,0,0,0,0,0,0,inf,inf,NA,1,5,5,5,23,6,0,0,CONTINUE,0,A,1,1,0,KEEP_STRUCTURAL_IN_ON_CUT,2,3,0,0,"tail_cont_enabled=1 tail_active_dims=(1,) tail_delta=0.1 tail_start=(6, 6, 6) returned_y=(0, 1, 6) returned_b=(0, 0, 1) returned_u=(0, 0, 0) returned_zcap=(0, 1, 6) max_tail_u=0",NA
120,P1_no_rho,305,1363.0519508001162,5.846348000108264,6.886807799921371,0.18206890008877963,0.01,54237.59766594863,54237.59766594863,-77668.19743609,-57882.32817078421,0.0,-27163.020321375574,-75012.33513545837,-75012.32091460878,-60357.74299170577,-27163.020321375574,33194.72267033019,33194.7226703302,-28357.133689578477,37787.5,nan,nan,1.5000000000000002,10.0,0.0,0.0,10.0,0.85,CORE,MAIN,1.2080473412650075,0.2617267833526046,0.6,0.174,-60357.74299170577,STRUCTURAL,-0.823115002316115,-217073.39419838128,31200.0,0,0,0,0,0,0,0,inf,inf,NA,1,5,5,5,23,6,0,0,CONTINUE,0,A,1,1,0,KEEP_STRUCTURAL_IN_ON_CUT,2,3,0,0,"tail_cont_enabled=1 tail_active_dims=(1,) tail_delta=0.1 tail_start=(6, 6, 6) returned_y=(0, 1, 6) returned_b=(0, 0, 1) returned_u=(0, 0, 0) returned_zcap=(0, 1, 6) max_tail_u=0",NA
120,P1_no_rho,306,1366.2493632000405,5.846348000108264,3.196996800019406,0.15619609993882477,0.01,47956.15882500124,47956.15882500124,-77668.19743609,-58824.543996926324,0.0,-27163.020321375574,-75796.42781105648,-75796.41344815474,-60357.74299170577,-27163.020321375574,33194.72267033019,33194.7226703302,-28372.94832369006,38273.0,nan,nan,1.5000000000000002,10.0,0.0,0.0,10.0,0.85,CORE,MAIN,1.2086675332211667,0.26194229547824,0.6,0.174,-60357.74299170577,STRUCTURAL,-0.8260560556086479,-217073.39419838128,31200.0,0,0,0,0,0,0,0,inf,inf,NA,1,5,5,5,23,6,0,0,CONTINUE,0,A,1,1,0,KEEP_STRUCTURAL_IN_ON_CUT,2,3,0,0,"tail_cont_enabled=1 tail_active_dims=(1,) tail_delta=0.1 tail_start=(6, 6, 6) returned_y=(0, 1, 6) returned_b=(0, 0, 1) returned_u=(0, 0, 0) returned_zcap=(0, 1, 6) max_tail_u=0",NA
120,P1_no_rho,307,1369.510978700011,5.846348000108264,3.261136499932036,0.1823516000295058,0.01,50140.88710385062,50140.88710385062,-77668.19743609,-58496.83475509891,0.0,-27163.020321375574,-80197.10589707203,-80197.09083557686,-60357.74299170577,-27163.020321375574,33194.72267033019,33194.7226703302,-31451.446447908216,38833.5,nan,nan,1.5000000000000002,10.0,0.0,0.0,10.0,0.85,CORE,MAIN,1.2088392670855979,0.2516900798857602,0.6,0.174,-60357.74299170577,STRUCTURAL,-0.8368315052324864,-217073.39419838128,31200.0,0,0,0,0,0,0,0,inf,inf,NA,1,5,5,5,23,6,0,0,CONTINUE,0,A,1,1,0,KEEP_STRUCTURAL_IN_ON_CUT,2,3,0,0,"tail_cont_enabled=1 tail_active_dims=(1,) tail_delta=0.1 tail_start=(6, 6, 6) returned_y=(0, 6, 1) returned_b=(0, 1, 0) returned_u=(0, 0, 0) returned_zcap=(0, 6, 1) max_tail_u=0",NA
120,P1_no_rho,308,1373.1862876000814,5.846348000108264,3.674915299983695,0.1811939999461174,0.01,31067.03910804831,31067.03910804831,-77668.19743609,-61357.911954469266,0.0,-27163.020321375574,-83276.83932884502,-83276.82387925629,-60357.74299170577,-27163.020321375574,33194.72267033019,33194.7226703302,-33378.404848852384,40377.5,nan,nan,1.5000000000000002,10.0,0.0,0.0,10.0,0.85,CORE,MAIN,1.2079359667303984,0.25219925441400504,0.6,0.174,-60357.74299170577,STRUCTURAL,-0.8238650903829093,-217073.39419838128,31200.0,0,0,0,0,0,0,0,inf,inf,NA,1,5,5,5,23,6,0,0,CONTINUE,0,A,1,1,0,KEEP_STRUCTURAL_IN_ON_CUT,2,3,0,0,"tail_cont_enabled=1 tail_active_dims=(1,) tail_delta=0.1 tail_start=(6, 6, 6) returned_y=(0, 6, 1) returned_b=(0, 1, 0) returned_u=(0, 0, 0) returned_zcap=(0, 6, 1) max_tail_u=0",NA
120,P1_no_rho,309,1376.2877741000848,5.846348000108264,3.1010375000769272,0.20544910000171512,0.01,60261.170537279555,60261.170537279555,-77668.19743609,-56978.79224008457,0.0,-27163.020321375574,-75087.2979139875,-75087.2837630196,-60357.74299170577,-27163.020321375574,33194.72267033019,33194.7226703302,-27805.167924156518,37590.0,nan,nan,1.5000000000000002,10.0,0.0,0.0,10.0,0.85,CORE,MAIN,1.2095171640628704,0.2666264342540223,0.6,0.174,-60357.74299170577,STRUCTURAL,-0.8385584080670935,-217073.39419838128,31200.0,0,0,0,0,0,0,0,inf,inf,NA,1,5,5,5,23,6,0,0,CONTINUE,0,A,1,1,0,KEEP_STRUCTURAL_IN_ON_CUT,2,3,0,0,"tail_cont_enabled=1 tail_active_dims=(1,) tail_delta=0.1 tail_start=(6, 6, 6) returned_y=(0, 6, 1) returned_b=(0, 1, 0) returned_u=(0, 0, 0) returned_zcap=(0, 6, 1) max_tail_u=0",NA
120,P1_no_rho,310,1383.0719528000336,5.846348000108264,6.783591900020838,0.16269419994205236,0.01,56539.93180701769,56539.93180701769,-77668.19743609,-57536.97804962385,0.0,-27163.020321375574,-75393.15092749386,-75393.13672423283,-60357.74299170577,-27163.020321375574,33194.72267033019,33194.7226703302,-27041.647744040674,36990.5,nan,nan,1.5000000000000002,10.0,0.0,0.0,10.0,0.85,CORE,MAIN,1.2111487341135496,0.264289239545352,0.6,0.174,-60357.74299170577,STRUCTURAL,-0.8714217430636179,-217073.39419838128,31200.0,0,0,0,0,0,0,0,inf,inf,NA,1,5,5,5,23,6,0,0,CONTINUE,0,A,1,1,0,KEEP_STRUCTURAL_IN_ON_CUT,2,3,0,0,"tail_cont_enabled=1 tail_active_dims=(1,) tail_delta=0.1 tail_start=(6, 6, 6) returned_y=(0, 6, 1) returned_b=(0, 1, 0) returned_u=(0, 0, 0) returned_zcap=(0, 6, 1) max_tail_u=0",NA
120,P1_no_rho,311,1386.6850475000683,5.846348000108264,3.612626999965869,0.15857499989215285,0.01,37650.95780456372,37650.95780456372,-77668.19743609,-60370.32414999195,0.0,-27163.020321375574,-73550.96413677782,-73550.95018601627,-60357.74299170577,-27163.020321375574,33194.72267033019,33194.7226703302,-25753.67548556626,37344.5,nan,nan,1.5000000000000002,10.0,0.0,0.0,10.0,0.85,CORE,MAIN,1.2117994896565898,0.2669596126147846,0.6,0.174,-60357.74299170577,STRUCTURAL,-0.8532675440908303,-217073.39419838128,31200.0,0,0,0,0,0,0,0,inf,inf,NA,1,5,5,5,23,6,0,0,CONTINUE,0,A,1,1,0,KEEP_STRUCTURAL_IN_ON_CUT,2,3,0,0,"tail_cont_enabled=1 tail_active_dims=(1,) tail_delta=0.1 tail_start=(6, 6, 6) returned_y=(0, 6, 1) returned_b=(0, 1, 0) returned_u=(0, 0, 0) returned_zcap=(0, 6, 1) max_tail_u=0",NA
120,P1_no_rho,312,1389.718499800074,5.846348000108264,3.0326304000336677,0.15730249998159707,0.01,59188.46589663864,59188.46589663864,-77668.19743609,-57139.69793618071,0.0,-27163.020321375574,-76380.34171779062,-76380.32722974438,-60357.74299170577,-27163.020321375574,33194.72267033019,33194.7226703302,-28594.22414470144,37899.5,nan,nan,1.5000000000000002,10.0,0.0,0.0,10.0,0.85,CORE,MAIN,1.2120526656359256,0.26172982485998686,0.6,0.174,-60357.74299170577,STRUCTURAL,-0.8405757874561746,-217073.39419838128,31200.0,0,0,0,0,0,0,0,inf,inf,NA,1,5,5,5,23,6,0,0,CONTINUE,0,A,1,1,0,KEEP_STRUCTURAL_IN_ON_CUT,2,3,0,0,"tail_cont_enabled=1 tail_active_dims=(1,) tail_delta=0.1 tail_start=(6, 6, 6) returned_y=(0, 6, 1) returned_b=(0, 1, 0) returned_u=(0, 0, 0) returned_zcap=(0, 6, 1) max_tail_u=0",NA
120,P1_no_rho,313,1392.662134900107,5.846348000108264,2.943121200078167,0.16460490005556494,0.01,56636.15025931129,56636.15025931129,-77668.19743609,-57522.545281779814,0.0,-27163.020321375574,-77198.73118354639,-77198.71652346723,-60357.74299170577,-27163.020321375574,33194.72267033019,33194.7226703302,-28604.701836478675,38361.5,nan,nan,1.5000000000000002,10.0,0.0,0.0,10.0,0.85,CORE,MAIN,1.212195196143081,0.26011246457993886,0.6,0.174,-60357.74299170577,STRUCTURAL,-0.844492780296018,-217073.39419838128,31200.0,0,0,0,0,0,0,0,inf,inf,NA,1,5,5,5,23,6,0,0,CONTINUE,0,A,1,1,0,KEEP_STRUCTURAL_IN_ON_CUT,2,3,0,0,"tail_cont_enabled=1 tail_active_dims=(1,) tail_delta=0.1 tail_start=(6, 6, 6) returned_y=(0, 6, 1) returned_b=(0, 1, 0) returned_u=(0, 0, 0) returned_zcap=(0, 6, 1) max_tail_u=0",NA
120,P1_no_rho,314,1396.175910900114,5.846348000108264,3.513283299980685,0.22212769999168813,0.01,47085.28812773347,47085.28812773347,-77668.19743609,-58955.17460151649,0.0,-27163.020321375574,-80456.29755474391,-80456.282504608,-60357.74299170577,-27163.020321375574,33194.72267033019,33194.7226703302,-31320.659189372487,39291.0,nan,nan,1.5000000000000002,10.0,0.0,0.0,10.0,0.85,CORE,MAIN,1.21181666703772,0.25490427219258804,0.6,0.174,-60357.74299170577,STRUCTURAL,-0.8337044669302639,-217073.39419838128,31200.0,0,0,0,0,0,0,0,inf,inf,NA,1,5,5,5,23,6,0,0,CONTINUE,0,A,1,1,0,KEEP_STRUCTURAL_IN_ON_CUT,2,3,0,0,"tail_cont_enabled=1 tail_active_dims=(1,) tail_delta=0.1 tail_start=(6, 6, 6) returned_y=(0, 6, 1) returned_b=(0, 1, 0) returned_u=(0, 0, 0) returned_zcap=(0, 6, 1) max_tail_u=0",NA
120,P1_no_rho,315,1402.9509587000357,5.846348000108264,6.774474199977703,0.1728995000012219,0.01,34440.054971137826,34440.054971137826,-77668.19743609,-60851.959575005836,0.0,-27163.020321375574,-82264.41897859528,-82264.40371991642,-60357.74299170577,-27163.020321375574,33194.72267033019,33194.7226703302,-32849.15682139413,37302.0,nan,nan,1.5000000000000002,10.0,0.0,0.0,10.0,0.85,CORE,MAIN,1.2105390595756018,0.24202817586673564,0.6,0.174,-60357.74299170577,STRUCTURAL,-0.883156343690638,-217073.39419838128,31200.0,0,0,0,0,0,0,0,inf,inf,NA,1,5,5,5,23,6,0,0,CONTINUE,0,A,1,1,0,KEEP_STRUCTURAL_IN_ON_CUT,2,3,0,0,"tail_cont_enabled=1 tail_active_dims=(1,) tail_delta=0.1 tail_start=(6, 6, 6) returned_y=(6, 2, 0) returned_b=(1, 0, 0) returned_u=(0, 0, 0) returned_zcap=(6, 2, 0) max_tail_u=0",NA
120,P1_no_rho,316,1405.924160100054,5.846348000108264,2.972640600055456,0.16564200003631413,0.01,55631.0603248847,55631.0603248847,-77668.19743609,-57673.308771943804,0.0,-27163.020321375574,-78475.57964437117,-78475.56576979872,-60357.74299170577,-27163.020321375574,33194.72267033019,33194.7226703302,-26484.17456554539,37978.0,nan,nan,1.5000000000000002,10.0,0.0,0.0,10.0,0.85,CORE,MAIN,1.2097389804407968,0.25749748172788456,0.6,0.174,-60357.74299170577,STRUCTURAL,-0.9126580512270845,-217073.39419838128,31200.0,0,0,0,0,0,0,0,inf,inf,NA,1,5,5,5,23,6,0,0,CONTINUE,0,A,1,1,0,KEEP_STRUCTURAL_IN_ON_CUT,2,3,0,0,"tail_cont_enabled=1 tail_active_dims=(1,) tail_delta=0.1 tail_start=(6, 6, 6) returned_y=(6, 2, 0) returned_b=(1, 0, 0) returned_u=(0, 0, 0) returned_zcap=(6, 2, 0) max_tail_u=0",NA
120,P1_no_rho,317,1408.9968782000942,5.846348000108264,3.0713554000249133,0.18073819996789098,0.01,46527.82544330732,46527.82544330732,-77668.19743609,-59038.79400418041,0.0,-27163.020321375574,-78800.82016477894,-78800.8053762677,-60357.74299170577,-27163.020321375574,33194.72267033019,33194.7226703302,-29400.701911608918,37084.5,nan,nan,1.5000000000000002,10.0,0.0,0.0,10.0,0.85,CORE,MAIN,1.2109330768584372,0.2613124536198096,0.6,0.174,-60357.74299170577,STRUCTURAL,-0.888063808593146,-217073.39419838128,31200.0,0,0,0,0,0,0,0,inf,inf,NA,1,5,5,5,23,6,0,0,CONTINUE,0,A,1,1,0,KEEP_STRUCTURAL_IN_ON_CUT,2,3,0,0,"tail_cont_enabled=1 tail_active_dims=(1,) tail_delta=0.1 tail_start=(6, 6, 6) returned_y=(6, 2, 0) returned_b=(1, 0, 0) returned_u=(0, 0, 0) returned_zcap=(6, 2, 0) max_tail_u=0",NA
120,P1_no_rho,318,1412.2452498000348,5.846348000108264,3.2478738999925554,0.2058858999516815,0.01,51585.69561793817,51585.69561793817,-77668.19743609,-58280.11347798578,0.0,-27163.020321375574,-72668.89745317386,-72668.8836574419,-60357.74299170577,-27163.020321375574,33194.72267033019,33194.7226703302,-25449.648968215417,34483.5,nan,nan,1.5000000000000002,10.0,0.0,0.0,10.0,0.85,CORE,MAIN,1.2103746430504883,0.26976308269933524,0.6,0.174,-60357.74299170577,STRUCTURAL,-0.9128855769518073,-217073.39419838128,31200.0,0,0,0,0,0,0,0,inf,inf,NA,1,5,5,5,23,6,0,0,CONTINUE,0,A,1,1,0,KEEP_STRUCTURAL_IN_ON_CUT,2,3,0,0,"tail_cont_enabled=1 tail_active_dims=(1,) tail_delta=0.1 tail_start=(6, 6, 6) returned_y=(6, 2, 0) returned_b=(1, 0, 0) returned_u=(0, 0, 0) returned_zcap=(6, 2, 0) max_tail_u=0",NA
120,P1_no_rho,319,1415.446953100036,5.846348000108264,3.2011096000205725,0.17105629993602633,0.01,64886.528852346106,64886.528852346106,-77668.19743609,-56284.98849282459,0.0,-27163.020321375574,-77021.80930820825,-77021.79472904322,-60357.74299170577,-27163.020321375574,33194.72267033019,33194.7226703302,-28649.030768102944,36195.5,nan,nan,1.5000000000000002,10.0,0.0,0.0,10.0,0.85,CORE,MAIN,1.2099027341328572,0.2621786354748279,0.6,0.174,-60357.74299170577,STRUCTURAL,-0.8909535524386598,-217073.39419838128,31200.0,0,0,0,0,0,0,0,inf,inf,NA,1,5,5,5,23,6,0,0,CONTINUE,0,A,1,1,0,KEEP_STRUCTURAL_IN_ON_CUT,2,3,0,0,"tail_cont_enabled=1 tail_active_dims=(1,) tail_delta=0.1 tail_start=(6, 6, 6) returned_y=(6, 2, 0) returned_b=(1, 0, 0) returned_u=(0, 0, 0) returned_zcap=(6, 2, 0) max_tail_u=0",NA
120,P1_no_rho,320,1422.068484700052,5.846348000108264,6.620991599978879,0.17025339999236166,0.01,50968.91445219111,50968.91445219111,-77668.19743609,-58372.630652847845,0.0,-27163.020321375574,-76617.02123489647,-76617.00671153341,-60357.74299170577,-27163.020321375574,33194.72267033019,33194.7226703302,-28751.27674671464,36045.5,nan,nan,1.5000000000000002,10.0,0.0,0.0,10.0,0.85,CORE,MAIN,1.209836380435832,0.2620462298199102,0.6,0.174,-60357.74299170577,STRUCTURAL,-0.8852835067681821,-217073.39419838128,31200.0,0,0,0,0,0,0,0,inf,inf,NA,1,5,5,5,23,6,0,0,CONTINUE,0,A,1,1,0,KEEP_STRUCTURAL_IN_ON_CUT,2,3,0,0,"tail_cont_enabled=1 tail_active_dims=(1,) tail_delta=0.1 tail_start=(6, 6, 6) returned_y=(6, 2, 0) returned_b=(1, 0, 0) returned_u=(0, 0, 0) returned_zcap=(6, 2, 0) max_tail_u=0",NA
120,P1_no_rho,321,1425.1745169000933,5.846348000108264,3.1055914000608027,0.17885450005996972,0.01,44789.336408803036,44789.336408803036,-77668.19743609,-59299.56735935605,0.0,-27163.020321375574,-76350.45082279587,-76350.43644005833,-60357.74299170577,-27163.020321375574,33194.72267033019,33194.7226703302,-29322.463039296323,38163.0,nan,nan,1.5000000000000002,10.0,0.0,0.0,10.0,0.85,CORE,MAIN,1.2101575094095998,0.26126511491779514,0.6,0.174,-60357.74299170577,STRUCTURAL,-0.8215282411543815,-217073.39419838128,31200.0,0,0,0,0,0,0,0,inf,inf,NA,1,5,5,5,23,6,0,0,CONTINUE,0,A,1,1,0,KEEP_STRUCTURAL_IN_ON_CUT,2,3,0,0,"tail_cont_enabled=1 tail_active_dims=(1,) tail_delta=0.1 tail_start=(6, 6, 6) returned_y=(0, 1, 6) returned_b=(0, 0, 1) returned_u=(0, 0, 0) returned_zcap=(0, 1, 6) max_tail_u=0",NA
120,P1_no_rho,322,1428.7524411000777,5.846348000108264,3.577390299993567,0.17659209994599223,0.01,41501.54458794728,41501.54458794728,-77668.19743609,-59792.73613248442,0.0,-27163.020321375574,-82873.42717713548,-82873.41180252701,-60357.74299170577,-27163.020321375574,33194.72267033019,33194.7226703302,-32946.74326471772,40716.0,nan,nan,1.5000000000000002,10.0,0.0,0.0,10.0,0.85,CORE,MAIN,1.209145909097845,0.2517961914076492,0.6,0.174,-60357.74299170577,STRUCTURAL,-0.8174782810657445,-217073.39419838128,31200.0,0,0,0,0,0,0,0,inf,inf,NA,1,5,5,5,23,6,0,0,CONTINUE,0,A,1,1,0,KEEP_STRUCTURAL_IN_ON_CUT,2,3,0,0,"tail_cont_enabled=1 tail_active_dims=(1,) tail_delta=0.1 tail_start=(6, 6, 6) returned_y=(0, 1, 6) returned_b=(0, 0, 1) returned_u=(0, 0, 0) returned_zcap=(0, 1, 6) max_tail_u=0",NA
120,P1_no_rho,323,1431.798536800081,5.846348000108264,3.0455527000594884,0.17437189992051572,0.01,50904.827738345324,50904.827738345324,-77668.19743609,-58382.24365992471,0.0,-27163.020321375574,-79140.40991152012,-79140.395075825,-60357.74299170577,-27163.020321375574,33194.72267033019,33194.7226703302,-29969.7847900077,36493.5,nan,nan,1.5000000000000002,10.0,0.0,0.0,10.0,0.85,CORE,MAIN,1.2084714251909603,0.25606653131460333,0.6,0.174,-60357.74299170577,STRUCTURAL,-0.8982533014704404,-217073.39419838128,31200.0,0,0,0,0,0,0,0,inf,inf,NA,1,5,5,5,23,6,0,0,CONTINUE,0,A,1,1,0,KEEP_STRUCTURAL_IN_ON_CUT,2,3,0,0,"tail_cont_enabled=1 tail_active_dims=(1,) tail_delta=0.1 tail_start=(6, 6, 6) returned_y=(6, 2, 0) returned_b=(1, 0, 0) returned_u=(0, 0, 0) returned_zcap=(6, 2, 0) max_tail_u=0",NA
120,P1_no_rho,324,1435.068198400084,5.846348000108264,3.269234100007452,0.19123679993208498,0.01,42697.08458476607,42697.08458476607,-77668.19743609,-59613.4051329616,0.0,-27163.020321375574,-78359.79732202855,-78359.78260752805,-60357.74299170577,-27163.020321375574,33194.72267033019,33194.7226703302,-28948.947145138318,36897.0,nan,nan,1.5000000000000002,10.0,0.0,0.0,10.0,0.85,CORE,MAIN,1.2103667452244153,0.25348741193015334,0.6,0.174,-60357.74299170577,STRUCTURAL,-0.8927706039766512,-217073.39419838128,31200.0,0,0,0,0,0,0,0,inf,inf,NA,1,5,5,5,23,6,0,0,CONTINUE,0,A,1,1,0,KEEP_STRUCTURAL_IN_ON_CUT,2,3,0,0,"tail_cont_enabled=1 tail_active_dims=(1,) tail_delta=0.1 tail_start=(6, 6, 6) returned_y=(6, 2, 0) returned_b=(1, 0, 0) returned_u=(0, 0, 0) returned_zcap=(6, 2, 0) max_tail_u=0",NA
120,P1_no_rho,325,1441.7504969000584,5.846348000108264,6.681762699969113,0.17176940001081675,0.01,54576.8536747053,54576.8536747053,-77668.19743609,-57831.439769470715,0.0,-27163.020321375574,-73108.12253813268,-73108.10867772174,-60357.74299170577,-27163.020321375574,33194.72267033019,33194.7226703302,-25726.873375129802,34616.5,nan,nan,1.5000000000000002,10.0,0.0,0.0,10.0,0.85,CORE,MAIN,1.2104854249605848,0.269871633438867,0.6,0.174,-60357.74299170577,STRUCTURAL,-0.9124980920002875,-217073.39419838128,31200.0,0,0,0,0,0,0,0,inf,inf,NA,1,5,5,5,23,6,0,0,CONTINUE,0,A,1,1,0,KEEP_STRUCTURAL_IN_ON_CUT,2,3,0,0,"tail_cont_enabled=1 tail_active_dims=(1,) tail_delta=0.1 tail_start=(6, 6, 6) returned_y=(6, 2, 0) returned_b=(1, 0, 0) returned_u=(0, 0, 0) returned_zcap=(6, 2, 0) max_tail_u=0",NA
120,P1_no_rho,326,1445.2817072001053,5.846348000108264,3.530726700089872,0.17362180002965033,0.01,56265.423279230235,56265.423279230235,-77668.19743609,-57578.15432879197,0.0,-27163.020321375574,-79128.62533020477,-79128.61036171611,-60357.74299170577,-27163.020321375574,33194.72267033019,33194.7226703302,-29631.366224049343,36567.0,nan,nan,1.5000000000000002,10.0,0.0,0.0,10.0,0.85,CORE,MAIN,1.2099768128863722,0.2586610862744436,0.6,0.174,-60357.74299170577,STRUCTURAL,-0.9024027882638583,-217073.39419838128,31200.0,0,0,0,0,0,0,0,inf,inf,NA,1,5,5,5,23,6,0,0,CONTINUE,0,A,1,1,0,KEEP_STRUCTURAL_IN_ON_CUT,2,3,0,0,"tail_cont_enabled=1 tail_active_dims=(1,) tail_delta=0.1 tail_start=(6, 6, 6) returned_y=(6, 2, 0) returned_b=(1, 0, 0) returned_u=(0, 0, 0) returned_zcap=(6, 2, 0) max_tail_u=0",NA
120,P1_no_rho,327,1448.2379173000809,5.846348000108264,2.955735099967569,0.1645784000866115,0.01,56499.12232691143,56499.12232691143,-77668.19743609,-57543.0994716398,0.0,-27163.020321375574,-77275.63194205874,-77275.61728638771,-60357.74299170577,-27163.020321375574,33194.72267033019,33194.7226703302,-29122.868929169428,36480.5,nan,nan,1.5000000000000002,10.0,0.0,0.0,10.0,0.85,CORE,MAIN,1.2096709025542574,0.26240728215328457,0.6,0.174,-60357.74299170577,STRUCTURAL,-0.879972375327792,-217073.39419838128,31200.0,0,0,0,0,0,0,0,inf,inf,NA,1,5,5,5,23,6,0,0,CONTINUE,0,A,1,1,0,KEEP_STRUCTURAL_IN_ON_CUT,2,3,0,0,"tail_cont_enabled=1 tail_active_dims=(1,) tail_delta=0.1 tail_start=(6, 6, 6) returned_y=(6, 2, 0) returned_b=(1, 0, 0) returned_u=(0, 0, 0) returned_zcap=(6, 2, 0) max_tail_u=0",NA
120,P1_no_rho,328,1451.3677487000823,5.846348000108264,3.129463199991733,0.1662967000156641,0.01,64132.37618104963,64132.37618104963,-77668.19743609,-56398.111393519066,0.0,-27163.020321375574,-80445.96723077826,-80445.95210783384,-60357.74299170577,-27163.020321375574,33194.72267033019,33194.7226703302,-30360.93378627643,36979.5,nan,nan,1.5000000000000002,10.0,0.0,0.0,10.0,0.85,CORE,MAIN,1.2091463067525174,0.25573429783109747,0.6,0.174,-60357.74299170577,STRUCTURAL,-0.9029330362598631,-217073.39419838128,31200.0,0,0,0,0,0,0,0,inf,inf,NA,1,5,5,5,23,6,0,0,CONTINUE,0,A,1,1,0,KEEP_STRUCTURAL_IN_ON_CUT,2,3,0,0,"tail_cont_enabled=1 tail_active_dims=(1,) tail_delta=0.1 tail_start=(6, 6, 6) returned_y=(6, 2, 0) returned_b=(1, 0, 0) returned_u=(0, 0, 0) returned_zcap=(6, 2, 0) max_tail_u=0",NA
120,P1_no_rho,329,1454.8181280000135,5.846348000108264,3.4499571999767795,0.18175210000481457,0.01,42234.498935318676,42234.498935318676,-77668.19743609,-59682.792980378705,0.0,-27163.020321375574,-82410.80688796623,-82410.7915707326,-60357.74299170577,-27163.020321375574,33194.72267033019,33194.7226703302,-32390.715484071137,37837.5,nan,nan,1.5000000000000002,10.0,0.0,0.0,10.0,0.85,CORE,MAIN,1.208061703800878,0.25495236893759254,0.6,0.174,-60357.74299170577,STRUCTURAL,-0.8813139713540173,-217073.39419838128,31200.0,0,0,0,0,0,0,0,inf,inf,NA,1,5,5,5,23,6,0,0,CONTINUE,0,A,1,1,0,KEEP_STRUCTURAL_IN_ON_CUT,2,3,0,0,"tail_cont_enabled=1 tail_active_dims=(1,) tail_delta=0.1 tail_start=(6, 6, 6) returned_y=(6, 2, 0) returned_b=(1, 0, 0) returned_u=(0, 0, 0) returned_zcap=(6, 2, 0) max_tail_u=0",NA
120,P1_no_rho,330,1461.841180800111,5.846348000108264,7.022501700092107,0.15181529999244958,0.01,44825.20963784816,44825.20963784816,-77668.19743609,-59294.186374999284,0.0,-27163.020321375574,-72241.88078812486,-72241.86705195057,-60357.74299170577,-27163.020321375574,33194.72267033019,33194.7226703302,-26465.525370928684,34303.5,nan,nan,1.5000000000000002,10.0,0.0,0.0,10.0,0.85,CORE,MAIN,1.2083620693057078,0.2730557457099493,0.6,0.174,-60357.74299170577,STRUCTURAL,-0.8896340350308644,-217073.39419838128,31200.0,0,0,0,0,0,0,0,inf,inf,NA,1,5,5,5,23,6,0,0,CONTINUE,0,A,1,1,0,KEEP_STRUCTURAL_IN_ON_CUT,2,3,0,0,"tail_cont_enabled=1 tail_active_dims=(1,) tail_delta=0.1 tail_start=(6, 6, 6) returned_y=(6, 2, 0) returned_b=(1, 0, 0) returned_u=(0, 0, 0) returned_zcap=(6, 2, 0) max_tail_u=0",NA
120,P1_no_rho,331,1464.8443791000172,5.846348000108264,3.00271759997122,0.16050330002326518,0.01,47135.505575236806,47135.505575236806,-77668.19743609,-58947.64198439099,0.0,-27163.020321375574,-78874.62708403105,-78874.61237351764,-60357.74299170577,-27163.020321375574,33194.72267033019,33194.7226703302,-29503.44009283412,36805.0,nan,nan,1.5000000000000002,10.0,0.0,0.0,10.0,0.85,CORE,MAIN,1.2078458917439612,0.2571338641181288,0.6,0.174,-60357.74299170577,STRUCTURAL,-0.8942837889903279,-217073.39419838128,31200.0,0,0,0,0,0,0,0,inf,inf,NA,1,5,5,5,23,6,0,0,CONTINUE,0,A,1,1,0,KEEP_STRUCTURAL_IN_ON_CUT,2,3,0,0,"tail_cont_enabled=1 tail_active_dims=(1,) tail_delta=0.1 tail_start=(6, 6, 6) returned_y=(6, 2, 0) returned_b=(1, 0, 0) returned_u=(0, 0, 0) returned_zcap=(6, 2, 0) max_tail_u=0",NA
120,P1_no_rho,332,1467.8824203000404,5.846348000108264,3.0295764999464154,0.15446009999141097,0.01,56143.44994318885,56143.44994318885,-77668.19743609,-57596.45032919818,0.0,-27163.020321375574,-73408.71420504573,-73408.7003223283,-60357.74299170577,-27163.020321375574,33194.72267033019,33194.7226703302,-26013.699494394074,34976.0,nan,nan,1.5000000000000002,10.0,0.0,0.0,10.0,0.85,CORE,MAIN,1.2085470855303397,0.2673942846437908,0.6,0.174,-60357.74299170577,STRUCTURAL,-0.9033813820512011,-217073.39419838128,31200.0,0,0,0,0,0,0,0,inf,inf,NA,1,5,5,5,23,6,0,0,CONTINUE,0,A,1,1,0,KEEP_STRUCTURAL_IN_ON_CUT,2,3,0,0,"tail_cont_enabled=1 tail_active_dims=(1,) tail_delta=0.1 tail_start=(6, 6, 6) returned_y=(6, 2, 0) returned_b=(1, 0, 0) returned_u=(0, 0, 0) returned_zcap=(6, 2, 0) max_tail_u=0",NA
120,P1_no_rho,333,1470.8741574001033,5.846348000108264,2.9910727000096813,0.16639500006567687,0.01,52420.832373454126,52420.832373454126,-77668.19743609,-58154.84296465839,0.0,-27163.020321375574,-75807.6545175486,-75807.64012050699,-60357.74299170577,-27163.020321375574,33194.72267033019,33194.7226703302,-28208.687054367154,35384.5,nan,nan,1.5000000000000002,10.0,0.0,0.0,10.0,0.85,CORE,MAIN,1.209082963343938,0.26190985600676764,0.6,0.174,-60357.74299170577,STRUCTURAL,-0.8967947936929035,-217073.39419838128,31200.0,0,0,0,0,0,0,0,inf,inf,NA,1,5,5,5,23,6,0,0,CONTINUE,0,A,1,1,0,KEEP_STRUCTURAL_IN_ON_CUT,2,3,0,0,"tail_cont_enabled=1 tail_active_dims=(1,) tail_delta=0.1 tail_start=(6, 6, 6) returned_y=(6, 2, 0) returned_b=(1, 0, 0) returned_u=(0, 0, 0) returned_zcap=(6, 2, 0) max_tail_u=0",NA
120,P1_no_rho,334,1474.1058042000514,5.846348000108264,3.2311059000203386,0.16070039989426732,0.01,51210.68957585376,51210.68957585376,-77668.19743609,-58336.364384298446,0.0,-27163.020321375574,-81826.33915731679,-81826.3237481224,-60357.74299170577,-27163.020321375574,33194.72267033019,33194.7226703302,-31437.690393255543,37609.5,nan,nan,1.5000000000000002,10.0,0.0,0.0,10.0,0.85,CORE,MAIN,1.2084439699753413,0.25260454763383455,0.6,0.174,-60357.74299170577,STRUCTURAL,-0.893189812057536,-217073.39419838128,31200.0,0,0,0,0,0,0,0,inf,inf,NA,1,5,5,5,23,6,0,0,CONTINUE,0,A,1,1,0,KEEP_STRUCTURAL_IN_ON_CUT,2,3,0,0,"tail_cont_enabled=1 tail_active_dims=(1,) tail_delta=0.1 tail_start=(6, 6, 6) returned_y=(6, 2, 0) returned_b=(1, 0, 0) returned_u=(0, 0, 0) returned_zcap=(6, 2, 0) max_tail_u=0",NA
120,P1_no_rho,335,1480.5051859000232,5.846348000108264,6.398956499993801,0.16427700000349432,0.01,49982.04232079438,49982.04232079438,-77668.19743609,-58520.66147255735,0.0,-27163.020321375574,-80782.8115126814,-80782.79637145193,-60357.74299170577,-27163.020321375574,33194.72267033019,33194.7226703302,-30919.811422424496,37306.5,nan,nan,1.5000000000000002,10.0,0.0,0.0,10.0,0.85,CORE,MAIN,1.2077429330754264,0.25637207694929554,0.6,0.174,-60357.74299170577,STRUCTURAL,-0.8910508883443441,-217073.39419838128,31200.0,0,0,0,0,0,0,0,inf,inf,NA,1,5,5,5,23,6,0,0,CONTINUE,0,A,1,1,0,KEEP_STRUCTURAL_IN_ON_CUT,2,3,0,0,"tail_cont_enabled=1 tail_active_dims=(1,) tail_delta=0.1 tail_start=(6, 6, 6) returned_y=(6, 2, 0) returned_b=(1, 0, 0) returned_u=(0, 0, 0) returned_zcap=(6, 2, 0) max_tail_u=0",NA
120,P1_no_rho,336,1483.6619590000482,5.846348000108264,3.1561557999812067,0.15294179995544255,0.01,37008.66126761135,37008.66126761135,-77668.19743609,-60466.668630534805,0.0,-27163.020321375574,-81003.00937681146,-81002.99422736248,-60357.74299170577,-27163.020321375574,33194.72267033019,33194.7226703302,-31775.326616537244,37134.5,nan,nan,1.5000000000000002,10.0,0.0,0.0,10.0,0.85,CORE,MAIN,1.2073633044925005,0.2573477983547823,0.6,0.174,-60357.74299170577,STRUCTURAL,-0.8837723700031909,-217073.39419838128,31200.0,0,0,0,0,0,0,0,inf,inf,NA,1,5,5,5,23,6,0,0,CONTINUE,0,A,1,1,0,KEEP_STRUCTURAL_IN_ON_CUT,2,3,0,0,"tail_cont_enabled=1 tail_active_dims=(1,) tail_delta=0.1 tail_start=(6, 6, 6) returned_y=(6, 2, 0) returned_b=(1, 0, 0) returned_u=(0, 0, 0) returned_zcap=(6, 2, 0) max_tail_u=0",NA
120,P1_no_rho,337,1486.929482400068,5.846348000108264,3.267141400021501,0.17447729990817606,0.01,67194.00728301816,67194.00728301816,-77668.19743609,-55938.86672822379,0.0,-27163.020321375574,-74278.33040367432,-74278.31634454342,-60357.74299170577,-27163.020321375574,33194.72267033019,33194.7226703302,-27462.65627928871,35015.5,nan,nan,1.5000000000000002,10.0,0.0,0.0,10.0,0.85,CORE,MAIN,1.2082809580411669,0.2677705452200084,0.6,0.174,-60357.74299170577,STRUCTURAL,-0.8913321255873295,-217073.39419838128,31200.0,0,0,0,0,0,0,0,inf,inf,NA,1,5,5,5,23,6,0,0,CONTINUE,0,A,1,1,0,KEEP_STRUCTURAL_IN_ON_CUT,2,3,0,0,"tail_cont_enabled=1 tail_active_dims=(1,) tail_delta=0.1 tail_start=(6, 6, 6) returned_y=(6, 2, 0) returned_b=(1, 0, 0) returned_u=(0, 0, 0) returned_zcap=(6, 2, 0) max_tail_u=0",NA
120,P1_no_rho,338,1490.5514826000435,5.846348000108264,3.6214885000372306,0.15548699989449233,0.01,43400.80429728611,43400.80429728611,-77668.19743609,-59507.84717608359,0.0,-27163.020321375574,-77491.65573434098,-77491.64118925089,-60357.74299170577,-27163.020321375574,33194.72267033019,33194.7226703302,-28437.188814227917,36517.5,nan,nan,1.5000000000000002,10.0,0.0,0.0,10.0,0.85,CORE,MAIN,1.2092351492489954,0.2616350661672665,0.6,0.174,-60357.74299170577,STRUCTURAL,-0.8955423632509159,-217073.39419838128,31200.0,0,0,0,0,0,0,0,inf,inf,NA,1,5,5,5,23,6,0,0,CONTINUE,0,A,1,1,0,KEEP_STRUCTURAL_IN_ON_CUT,2,3,0,0,"tail_cont_enabled=1 tail_active_dims=(1,) tail_delta=0.1 tail_start=(6, 6, 6) returned_y=(6, 2, 0) returned_b=(1, 0, 0) returned_u=(0, 0, 0) returned_zcap=(6, 2, 0) max_tail_u=0",NA
120,P1_no_rho,339,1493.5922043001046,5.846348000108264,3.0404098000144586,0.2169424999738112,0.01,54324.23462479839,54324.23462479839,-77668.19743609,-57869.33262695675,0.0,-27163.020321375574,-75121.53345794712,-75121.51922491821,-60357.74299170577,-27163.020321375574,33194.72267033019,33194.7226703302,-26420.16572180746,35382.5,nan,nan,1.5000000000000002,10.0,0.0,0.0,10.0,0.85,CORE,MAIN,1.2102998953772295,0.2655798589645586,0.6,0.174,-60357.74299170577,STRUCTURAL,-0.9176165901808476,-217073.39419838128,31200.0,0,0,0,0,0,0,0,inf,inf,NA,1,5,5,5,23,6,0,0,CONTINUE,0,A,1,1,0,KEEP_STRUCTURAL_IN_ON_CUT,2,3,0,0,"tail_cont_enabled=1 tail_active_dims=(1,) tail_delta=0.1 tail_start=(6, 6, 6) returned_y=(6, 2, 0) returned_b=(1, 0, 0) returned_u=(0, 0, 0) returned_zcap=(6, 2, 0) max_tail_u=0",NA
120,P1_no_rho,340,1500.367615000112,5.846348000108264,6.774642900098115,0.17636070004664361,0.01,64576.455305379095,64576.455305379095,-77668.19743609,-56331.49952486964,0.0,-27163.020321375574,-76184.51496976028,-76184.50049471797,-60357.74299170577,-27163.020321375574,33194.72267033019,33194.7226703302,-27873.62044410361,35589.5,nan,nan,1.5000000000000002,10.0,0.0,0.0,10.0,0.85,CORE,MAIN,1.2113585046725013,0.25550589590437944,0.6,0.174,-60357.74299170577,STRUCTURAL,-0.9049650421353554,-217073.39419838128,31200.0,0,0,0,0,0,0,0,inf,inf,NA,1,5,5,5,23,6,0,0,CONTINUE,0,A,1,1,0,KEEP_STRUCTURAL_IN_ON_CUT,2,3,0,0,"tail_cont_enabled=1 tail_active_dims=(1,) tail_delta=0.1 tail_start=(6, 6, 6) returned_y=(6, 2, 0) returned_b=(1, 0, 0) returned_u=(0, 0, 0) returned_zcap=(6, 2, 0) max_tail_u=0",NA
120,P1_no_rho,341,1503.622830600012,5.846348000108264,3.2547609999310225,0.17157569993287325,0.01,41969.26731293569,41969.26731293569,-77668.19743609,-59722.577723736154,0.0,-27163.020321375574,-77099.85972047031,-77099.84515129174,-60357.74299170577,-27163.020321375574,33194.72267033019,33194.7226703302,-29693.993298771613,38568.5,nan,nan,1.5000000000000002,10.0,0.0,0.0,10.0,0.85,CORE,MAIN,1.212132249074163,0.26033383623811557,0.6,0.174,-60357.74299170577,STRUCTURAL,-0.8194226178102183,-217073.39419838128,31200.0,0,0,0,0,0,0,0,inf,inf,NA,1,5,5,5,23,6,0,0,CONTINUE,0,A,1,1,0,KEEP_STRUCTURAL_IN_ON_CUT,2,3,0,0,"tail_cont_enabled=1 tail_active_dims=(1,) tail_delta=0.1 tail_start=(6, 6, 6) returned_y=(0, 6, 1) returned_b=(0, 1, 0) returned_u=(0, 0, 0) returned_zcap=(0, 6, 1) max_tail_u=0",NA
120,P1_no_rho,342,1507.1818685000762,5.846348000108264,3.5585511999670416,0.16132339998148382,0.01,45304.42963929093,45304.42963929093,-77668.19743609,-59222.30337478287,0.0,-27163.020321375574,-79126.76659983478,-79126.75171198708,-60357.74299170577,-27163.020321375574,33194.72267033019,33194.7226703302,-30797.9565762176,39063.0,nan,nan,1.5000000000000002,10.0,0.0,0.0,10.0,0.85,CORE,MAIN,1.2123494508230777,0.25729213113541194,0.6,0.174,-60357.74299170577,STRUCTURAL,-0.8248008795325409,-217073.39419838128,31200.0,0,0,0,0,0,0,0,inf,inf,NA,1,5,5,5,23,6,0,0,CONTINUE,0,A,1,1,0,KEEP_STRUCTURAL_IN_ON_CUT,2,3,0,0,"tail_cont_enabled=1 tail_active_dims=(1,) tail_delta=0.1 tail_start=(6, 6, 6) returned_y=(0, 6, 1) returned_b=(0, 1, 0) returned_u=(0, 0, 0) returned_zcap=(0, 6, 1) max_tail_u=0",NA
120,P1_no_rho,343,1510.2111787000904,5.846348000108264,3.0288098000455648,0.17100879992358387,0.01,41264.903144263844,41264.903144263844,-77668.19743609,-59828.23234903693,0.0,-27163.020321375574,-81420.4477216499,-81420.43239020607,-60357.74299170577,-27163.020321375574,33194.72267033019,33194.7226703302,-31085.624276336723,37510.0,nan,nan,1.5000000000000002,10.0,0.0,0.0,10.0,0.85,CORE,MAIN,1.2121170413270426,0.2557968897708328,0.6,0.174,-60357.74299170577,STRUCTURAL,-0.8946024724761278,-217073.39419838128,31200.0,0,0,0,0,0,0,0,inf,inf,NA,1,5,5,5,23,6,0,0,CONTINUE,0,A,1,1,0,KEEP_STRUCTURAL_IN_ON_CUT,2,3,0,0,"tail_cont_enabled=1 tail_active_dims=(1,) tail_delta=0.1 tail_start=(6, 6, 6) returned_y=(6, 2, 0) returned_b=(1, 0, 0) returned_u=(0, 0, 0) returned_zcap=(6, 2, 0) max_tail_u=0",NA
120,P1_no_rho,344,1513.9602580000646,5.846348000108264,3.748380700009875,0.15786770009435713,0.01,54753.50771075489,54753.50771075489,-77668.19743609,-57804.94166406327,0.0,-27163.020321375574,-74728.63807244012,-74728.6240026397,-60357.74299170577,-27163.020321375574,33194.72267033019,33194.7226703302,-27272.999122826554,35202.5,nan,nan,1.5000000000000002,10.0,0.0,0.0,10.0,0.85,CORE,MAIN,1.2125513708171751,0.26587292933482054,0.6,0.174,-60357.74299170577,STRUCTURAL,-0.8987169449104114,-217073.39419838128,31200.0,0,0,0,0,0,0,0,inf,inf,NA,1,5,5,5,23,6,0,0,CONTINUE,0,A,1,1,0,KEEP_STRUCTURAL_IN_ON_CUT,2,3,0,0,"tail_cont_enabled=1 tail_active_dims=(1,) tail_delta=0.1 tail_start=(6, 6, 6) returned_y=(6, 2, 0) returned_b=(1, 0, 0) returned_u=(0, 0, 0) returned_zcap=(6, 2, 0) max_tail_u=0",NA
120,P1_no_rho,345,1520.729305600049,5.846348000108264,6.7686573000391945,0.1596745999995619,0.01,43470.27342665607,43470.27342665607,-77668.19743609,-59497.4268066781,0.0,-27163.020321375574,-77570.12909372471,-77570.11446947504,-60357.74299170577,-27163.020321375574,33194.72267033019,33194.7226703302,-28147.379093736145,36526.5,nan,nan,1.5000000000000002,10.0,0.0,0.0,10.0,0.85,CORE,MAIN,1.2126284578591167,0.27901849541975365,0.6,0.174,-60357.74299170577,STRUCTURAL,-0.9020434547655156,-217073.39419838128,31200.0,0,0,0,0,0,0,0,inf,inf,NA,1,5,5,5,23,6,0,0,CONTINUE,0,A,1,1,0,KEEP_STRUCTURAL_IN_ON_CUT,2,3,0,0,"tail_cont_enabled=1 tail_active_dims=(1,) tail_delta=0.1 tail_start=(6, 6, 6) returned_y=(6, 2, 0) returned_b=(1, 0, 0) returned_u=(0, 0, 0) returned_zcap=(6, 2, 0) max_tail_u=0",NA
120,P1_no_rho,346,1524.0679900000105,5.846348000108264,3.3382049999199808,0.17179499997291714,0.01,48138.404531334636,48138.404531334636,-77668.19743609,-58797.207140976316,0.0,-27163.020321375574,-74970.38979847706,-74970.37556161828,-60357.74299170577,-27163.020321375574,33194.72267033019,33194.7226703302,-26288.821527506272,35012.5,nan,nan,1.5000000000000002,10.0,0.0,0.0,10.0,0.85,CORE,MAIN,1.213134997021442,0.2657142579477326,0.6,0.174,-60357.74299170577,STRUCTURAL,-0.926936647085317,-217073.39419838128,31200.0,0,0,0,0,0,0,0,inf,inf,NA,1,5,5,5,23,6,0,0,CONTINUE,0,A,1,1,0,KEEP_STRUCTURAL_IN_ON_CUT,2,3,0,0,"tail_cont_enabled=1 tail_active_dims=(1,) tail_delta=0.1 tail_start=(6, 6, 6) returned_y=(6, 2, 0) returned_b=(1, 0, 0) returned_u=(0, 0, 0) returned_zcap=(6, 2, 0) max_tail_u=0",NA
120,P1_no_rho,347,1527.2359194000019,5.846348000108264,3.167347399983555,0.16559810005128384,0.01,55344.12722404981,55344.12722404981,-77668.19743609,-57716.348737069035,0.0,-27163.020321375574,-77420.98712845752,-77420.97254815156,-60357.74299170577,-27163.020321375574,33194.72267033019,33194.7226703302,-28782.25092171786,38335.5,nan,nan,1.5000000000000002,10.0,0.0,0.0,10.0,0.85,CORE,MAIN,1.2132932886605818,0.26124800757321087,0.6,0.174,-60357.74299170577,STRUCTURAL,-0.8458430023769732,-217073.39419838128,31200.0,0,0,0,0,0,0,0,inf,inf,NA,1,5,5,5,23,6,0,0,CONTINUE,0,A,1,1,0,KEEP_STRUCTURAL_IN_ON_CUT,2,3,0,0,"tail_cont_enabled=1 tail_active_dims=(1,) tail_delta=0.1 tail_start=(6, 6, 6) returned_y=(0, 6, 1) returned_b=(0, 1, 0) returned_u=(0, 0, 0) returned_zcap=(0, 6, 1) max_tail_u=0",NA
120,P1_no_rho,348,1530.3925467000809,5.846348000108264,3.156213300069794,0.15878779999911785,0.01,49764.16141360981,49764.16141360981,-77668.19743609,-58553.34360863504,0.0,-27163.020321375574,-77297.97168442703,-77297.95700701406,-60357.74299170577,-27163.020321375574,33194.72267033019,33194.7226703302,-28809.71091366146,38194.5,nan,nan,1.5000000000000002,10.0,0.0,0.0,10.0,0.85,CORE,MAIN,1.2134388501631765,0.26141156616079375,0.6,0.174,-60357.74299170577,STRUCTURAL,-0.8463390644089699,-217073.39419838128,31200.0,0,0,0,0,0,0,0,inf,inf,NA,1,5,5,5,23,6,0,0,CONTINUE,0,A,1,1,0,KEEP_STRUCTURAL_IN_ON_CUT,2,3,0,0,"tail_cont_enabled=1 tail_active_dims=(1,) tail_delta=0.1 tail_start=(6, 6, 6) returned_y=(0, 6, 1) returned_b=(0, 1, 0) returned_u=(0, 0, 0) returned_zcap=(0, 6, 1) max_tail_u=0",NA
120,P1_no_rho,349,1533.975887000095,5.846348000108264,3.582907700096257,0.16594490001443774,0.01,46721.70235736917,46721.70235736917,-77668.19743609,-59009.712467071135,0.0,-27163.020321375574,-81010.67405045693,-81010.65875157206,-60357.74299170577,-27163.020321375574,33194.72267033019,33194.7226703302,-31354.920094515117,39484.0,nan,nan,1.5000000000000002,10.0,0.0,0.0,10.0,0.85,CORE,MAIN,1.2129535063068155,0.2556935871868933,0.6,0.174,-60357.74299170577,STRUCTURAL,-0.8384111480947039,-217073.39419838128,31200.0,0,0,0,0,0,0,0,inf,inf,NA,1,5,5,5,23,6,0,0,CONTINUE,0,A,1,1,0,KEEP_STRUCTURAL_IN_ON_CUT,2,3,0,0,"tail_cont_enabled=1 tail_active_dims=(1,) tail_delta=0.1 tail_start=(6, 6, 6) returned_y=(0, 6, 1) returned_b=(0, 1, 0) returned_u=(0, 0, 0) returned_zcap=(0, 6, 1) max_tail_u=0",NA
120,P1_no_rho,350,1540.32631090004,5.846348000108264,6.349912300007418,0.16380219999700785,0.01,42534.8197210061,42534.8197210061,-77668.19743609,-59637.74486252559,0.0,-27163.020321375574,-81389.64097174203,-81389.62563421283,-60357.74299170577,-27163.020321375574,33194.72267033019,33194.7226703302,-31107.7584128903,39920.5,nan,nan,1.5000000000000002,10.0,0.0,0.0,10.0,0.85,CORE,MAIN,1.2120384444135746,0.2573951081796877,0.6,0.174,-60357.74299170577,STRUCTURAL,-0.8397000241533803,-217073.39419838128,31200.0,0,0,0,0,0,0,0,inf,inf,NA,1,5,5,5,23,6,0,0,CONTINUE,0,A,1,1,0,KEEP_STRUCTURAL_IN_ON_CUT,2,3,0,0,"tail_cont_enabled=1 tail_active_dims=(1,) tail_delta=0.1 tail_start=(6, 6, 6) returned_y=(0, 6, 1) returned_b=(0, 1, 0) returned_u=(0, 0, 0) returned_zcap=(0, 6, 1) max_tail_u=0",NA
120,P1_no_rho,351,1543.5697664000327,5.846348000108264,3.243000500020571,0.1708531000185758,0.01,55147.35983932881,55147.35983932881,-77668.19743609,-57745.86384477719,0.0,-27163.020321375574,-74936.72775946399,-74936.71359048,-60357.74299170577,-27163.020321375574,33194.72267033019,33194.7226703302,-27619.359376696444,37810.5,nan,nan,1.5000000000000002,10.0,0.0,0.0,10.0,0.85,CORE,MAIN,1.2123204824995852,0.2677291153889936,0.6,0.174,-60357.74299170577,STRUCTURAL,-0.8342894912574289,-217073.39419838128,31200.0,0,0,0,0,0,0,0,inf,inf,NA,1,5,5,5,23,6,0,0,CONTINUE,0,A,1,1,0,KEEP_STRUCTURAL_IN_ON_CUT,2,3,0,0,"tail_cont_enabled=1 tail_active_dims=(1,) tail_delta=0.1 tail_start=(6, 6, 6) returned_y=(0, 6, 1) returned_b=(0, 1, 0) returned_u=(0, 0, 0) returned_zcap=(0, 6, 1) max_tail_u=0",NA
120,P1_no_rho,352,1547.2821380000096,5.846348000108264,3.7118380999891087,0.15429119998589158,0.01,51603.03831382898,51603.03831382898,-77668.19743609,-58277.51207360216,0.0,-27163.020321375574,-83634.71721623838,-83634.70270520262,-60357.74299170577,-27163.020321375574,33194.72267033019,33194.7226703302,-29481.018929499773,40220.5,nan,nan,1.5000000000000002,10.0,0.0,0.0,10.0,0.85,CORE,MAIN,1.211133716098858,0.25424504468812015,0.6,0.174,-60357.74299170577,STRUCTURAL,-0.8976133029293165,-217073.39419838128,31200.0,0,0,0,0,0,0,0,inf,inf,NA,1,5,5,5,23,6,0,0,CONTINUE,0,A,1,1,0,KEEP_STRUCTURAL_IN_ON_CUT,2,3,0,0,"tail_cont_enabled=1 tail_active_dims=(1,) tail_delta=0.1 tail_start=(6, 6, 6) returned_y=(6, 2, 0) returned_b=(1, 0, 0) returned_u=(0, 0, 0) returned_zcap=(6, 2, 0) max_tail_u=0",NA
120,P1_no_rho,353,1550.355459200102,5.846348000108264,3.0729413999943063,0.15926570002920926,0.01,49475.86495576709,49475.86495576709,-77668.19743609,-58596.58807731145,0.0,-27163.020321375574,-74037.52959296951,-74037.51555461239,-60357.74299170577,-27163.020321375574,33194.72267033019,33194.7226703302,-25723.62290813754,35187.0,nan,nan,1.5000000000000002,10.0,0.0,0.0,10.0,0.85,CORE,MAIN,1.2109270348523198,0.2703612075373154,0.6,0.174,-60357.74299170577,STRUCTURAL,-0.915373909805228,-217073.39419838128,31200.0,0,0,0,0,0,0,0,inf,inf,NA,1,5,5,5,23,6,0,0,CONTINUE,0,A,1,1,0,KEEP_STRUCTURAL_IN_ON_CUT,2,3,0,0,"tail_cont_enabled=1 tail_active_dims=(1,) tail_delta=0.1 tail_start=(6, 6, 6) returned_y=(6, 2, 0) returned_b=(1, 0, 0) returned_u=(0, 0, 0) returned_zcap=(6, 2, 0) max_tail_u=0",NA
120,P1_no_rho,354,1553.477102600038,5.846348000108264,3.121139399940148,0.17220989998895675,0.01,49363.70756343162,49363.70756343162,-77668.19743609,-58613.411686161766,0.0,-27163.020321375574,-74977.5190841779,-74977.50493227964,-60357.74299170577,-27163.020321375574,33194.72267033019,33194.7226703302,-28253.769446964896,38023.5,nan,nan,1.5000000000000002,10.0,0.0,0.0,10.0,0.85,CORE,MAIN,1.2113072488452459,0.26628659003975175,0.6,0.174,-60357.74299170577,STRUCTURAL,-0.8192080421373575,-217073.39419838128,31200.0,0,0,0,0,0,0,0,inf,inf,NA,1,5,5,5,23,6,0,0,CONTINUE,0,A,1,1,0,KEEP_STRUCTURAL_IN_ON_CUT,2,3,0,0,"tail_cont_enabled=1 tail_active_dims=(1,) tail_delta=0.1 tail_start=(6, 6, 6) returned_y=(0, 1, 6) returned_b=(0, 0, 1) returned_u=(0, 0, 0) returned_zcap=(0, 1, 6) max_tail_u=0",NA
120,P1_no_rho,355,1560.2290549000027,5.846348000108264,6.751332999905571,0.1736512000206858,0.01,63271.06832689406,63271.06832689406,-77668.19743609,-56527.3075716424,0.0,-27163.020321375574,-79240.43976946527,-79240.42482669614,-60357.74299170577,-27163.020321375574,33194.72267033019,33194.7226703302,-30552.77651243205,39685.0,nan,nan,1.5000000000000002,10.0,0.0,0.0,10.0,0.85,CORE,MAIN,1.2112225267207013,0.275560013392693,0.6,0.174,-60357.74299170577,STRUCTURAL,-0.8179017817691666,-217073.39419838128,31200.0,0,0,0,0,0,0,0,inf,inf,NA,1,5,5,5,23,6,0,0,CONTINUE,0,A,1,1,0,KEEP_STRUCTURAL_IN_ON_CUT,2,3,0,0,"tail_cont_enabled=1 tail_active_dims=(1,) tail_delta=0.1 tail_start=(6, 6, 6) returned_y=(0, 1, 6) returned_b=(0, 0, 1) returned_u=(0, 0, 0) returned_zcap=(0, 1, 6) max_tail_u=0",NA
120,P1_no_rho,356,1563.3242521000793,5.846348000108264,3.0946815999923274,0.1643649999750778,0.01,44153.749504231906,44153.749504231906,-77668.19743609,-59394.90539504172,0.0,-27163.020321375574,-75780.3308530393,-75780.31646469486,-60357.74299170577,-27163.020321375574,33194.72267033019,33194.7226703302,-27861.612087580477,37434.5,nan,nan,1.5000000000000002,10.0,0.0,0.0,10.0,0.85,CORE,MAIN,1.211766893021097,0.26363174571967485,0.6,0.174,-60357.74299170577,STRUCTURAL,-0.8533786458501178,-217073.39419838128,31200.0,0,0,0,0,0,0,0,inf,inf,NA,1,5,5,5,23,6,0,0,CONTINUE,0,A,1,1,0,KEEP_STRUCTURAL_IN_ON_CUT,2,3,0,0,"tail_cont_enabled=1 tail_active_dims=(1,) tail_delta=0.1 tail_start=(6, 6, 6) returned_y=(0, 6, 1) returned_b=(0, 1, 0) returned_u=(0, 0, 0) returned_zcap=(0, 6, 1) max_tail_u=0",NA
120,P1_no_rho,357,1566.4060327000916,5.846348000108264,3.081274800002575,0.15279069996904582,0.01,39302.16894960545,39302.16894960545,-77668.19743609,-60122.64247823569,0.0,-27163.020321375574,-81817.65880082836,-81817.64340375399,-60357.74299170577,-27163.020321375574,33194.72267033019,33194.7226703302,-30842.369300301867,40014.0,nan,nan,1.5000000000000002,10.0,0.0,0.0,10.0,0.85,CORE,MAIN,1.2109821319210397,0.24587499439237537,0.6,0.174,-60357.74299170577,STRUCTURAL,-0.849290649996703,-217073.39419838128,31200.0,0,0,0,0,0,0,0,inf,inf,NA,1,5,5,5,23,6,0,0,CONTINUE,0,A,1,1,0,KEEP_STRUCTURAL_IN_ON_CUT,2,3,0,0,"tail_cont_enabled=1 tail_active_dims=(1,) tail_delta=0.1 tail_start=(6, 6, 6) returned_y=(0, 6, 1) returned_b=(0, 1, 0) returned_u=(0, 0, 0) returned_zcap=(0, 6, 1) max_tail_u=0",NA
120,P1_no_rho,358,1569.8397987000644,5.846348000108264,3.4333568000001833,0.1536293999524787,0.01,60902.71608408765,60902.71608408765,-77668.19743609,-56882.560408063364,0.0,-27163.020321375574,-77188.92657763908,-77188.91213429565,-60357.74299170577,-27163.020321375574,33194.72267033019,33194.7226703302,-28635.153780258217,35990.5,nan,nan,1.5000000000000002,10.0,0.0,0.0,10.0,0.85,CORE,MAIN,1.2110887513751154,0.26210115925854005,0.6,0.174,-60357.74299170577,STRUCTURAL,-0.8993810098782998,-217073.39419838128,31200.0,0,0,0,0,0,0,0,inf,inf,NA,1,5,5,5,23,6,0,0,CONTINUE,0,A,1,1,0,KEEP_STRUCTURAL_IN_ON_CUT,2,3,0,0,"tail_cont_enabled=1 tail_active_dims=(1,) tail_delta=0.1 tail_start=(6, 6, 6) returned_y=(6, 2, 0) returned_b=(1, 0, 0) returned_u=(0, 0, 0) returned_zcap=(6, 2, 0) max_tail_u=0",NA
120,P1_no_rho,359,1573.2004313000944,5.846348000108264,3.3602288000984117,0.16072199994232506,0.01,39434.90660308696,39434.90660308696,-77668.19743609,-60102.731830213466,0.0,-27163.020321375574,-79703.57222654503,-79703.55741063469,-60357.74299170577,-27163.020321375574,33194.72267033019,33194.7226703302,-30806.164366013803,36911.5,nan,nan,1.5000000000000002,10.0,0.0,0.0,10.0,0.85,CORE,MAIN,1.21122951385426,0.2585677427635449,0.6,0.174,-60357.74299170577,STRUCTURAL,-0.8831464998644664,-217073.39419838128,31200.0,0,0,0,0,0,0,0,inf,inf,NA,1,5,5,5,23,6,0,0,CONTINUE,0,A,1,1,0,KEEP_STRUCTURAL_IN_ON_CUT,2,3,0,0,"tail_cont_enabled=1 tail_active_dims=(1,) tail_delta=0.1 tail_start=(6, 6, 6) returned_y=(6, 2, 0) returned_b=(1, 0, 0) returned_u=(0, 0, 0) returned_zcap=(6, 2, 0) max_tail_u=0",NA
120,P1_no_rho,360,1579.676336200093,5.846348000108264,6.4753896000329405,0.15835210005752742,0.01,48425.0340826609,48425.0340826609,-77668.19743609,-58754.21270827737,0.0,-27163.020321375574,-76205.2382309741,-76205.2238575377,-60357.74299170577,-27163.020321375574,33194.72267033019,33194.7226703302,-27045.144036046753,35719.0,nan,nan,1.5000000000000002,10.0,0.0,0.0,10.0,0.85,CORE,MAIN,1.2122021915606926,0.2650198238003162,0.6,0.174,-60357.74299170577,STRUCTURAL,-0.9175337088849245,-217073.39419838128,31200.0,0,0,0,0,0,0,0,inf,inf,NA,1,5,5,5,23,6,0,0,CONTINUE,0,A,1,1,0,KEEP_STRUCTURAL_IN_ON_CUT,2,3,0,0,"tail_cont_enabled=1 tail_active_dims=(1,) tail_delta=0.1 tail_start=(6, 6, 6) returned_y=(6, 2, 0) returned_b=(1, 0, 0) returned_u=(0, 0, 0) returned_zcap=(6, 2, 0) max_tail_u=0",NA
120,P1_no_rho,361,1582.6033155000769,5.846348000108264,2.9265756000531837,0.16932250000536442,0.01,57399.122509359724,57399.122509359724,-77668.19743609,-57408.09944427255,0.0,-27163.020321375574,-76029.89512025572,-76029.88071696155,-60357.74299170577,-27163.020321375574,33194.72267033019,33194.7226703302,-28322.703203389763,35719.5,nan,nan,1.5000000000000002,10.0,0.0,0.0,10.0,0.85,CORE,MAIN,1.213257018742916,0.26419739538741127,0.6,0.174,-60357.74299170577,STRUCTURAL,-0.8904039812720739,-217073.39419838128,31200.0,0,0,0,0,0,0,0,inf,inf,NA,1,5,5,5,23,6,0,0,CONTINUE,0,A,1,1,0,KEEP_STRUCTURAL_IN_ON_CUT,2,3,0,0,"tail_cont_enabled=1 tail_active_dims=(1,) tail_delta=0.1 tail_start=(6, 6, 6) returned_y=(6, 2, 0) returned_b=(1, 0, 0) returned_u=(0, 0, 0) returned_zcap=(6, 2, 0) max_tail_u=0",NA
120,P1_no_rho,362,1586.2459815000184,5.846348000108264,3.64226019999478,0.1740769000025466,0.01,44732.872830220964,44732.872830220964,-77668.19743609,-59308.03689614336,0.0,-27163.020321375574,-77257.14652805918,-77257.13193643623,-60357.74299170577,-27163.020321375574,33194.72267033019,33194.7226703302,-29467.245514052272,35557.0,nan,nan,1.5000000000000002,10.0,0.0,0.0,10.0,0.85,CORE,MAIN,1.2139917908093198,0.26226936865172634,0.6,0.174,-60357.74299170577,STRUCTURAL,-0.8960239694459402,-217073.39419838128,31200.0,0,0,0,0,0,0,0,inf,inf,NA,1,5,5,5,23,6,0,0,CONTINUE,0,A,1,1,0,KEEP_STRUCTURAL_IN_ON_CUT,2,3,0,0,"tail_cont_enabled=1 tail_active_dims=(1,) tail_delta=0.1 tail_start=(6, 6, 6) returned_y=(6, 2, 0) returned_b=(1, 0, 0) returned_u=(0, 0, 0) returned_zcap=(6, 2, 0) max_tail_u=0",NA
120,P1_no_rho,363,1589.257875500014,5.846348000108264,3.011358099989593,0.1768808999331668,0.01,62282.22942581477,62282.22942581477,-77668.19743609,-56675.63340680429,0.0,-27163.020321375574,-76270.51446051632,-76270.49994824106,-60357.74299170577,-27163.020321375574,33194.72267033019,33194.7226703302,-28204.37887454219,35326.0,nan,nan,1.5000000000000002,10.0,0.0,0.0,10.0,0.85,CORE,MAIN,1.2148963195177795,0.26310197903235,0.6,0.174,-60357.74299170577,STRUCTURAL,-0.9070962100379109,-217073.39419838128,31200.0,0,0,0,0,0,0,0,inf,inf,NA,1,5,5,5,23,6,0,0,CONTINUE,0,A,1,1,0,KEEP_STRUCTURAL_IN_ON_CUT,2,3,0,0,"tail_cont_enabled=1 tail_active_dims=(1,) tail_delta=0.1 tail_start=(6, 6, 6) returned_y=(6, 2, 0) returned_b=(1, 0, 0) returned_u=(0, 0, 0) returned_zcap=(6, 2, 0) max_tail_u=0",NA
120,P1_no_rho,364,1592.4420025000582,5.846348000108264,3.18348959996365,0.2401777000632137,0.01,46486.97961327055,46486.97961327055,-77668.19743609,-59044.92087868592,0.0,-27163.020321375574,-81684.3209058351,-81684.30559356391,-60357.74299170577,-27163.020321375574,33194.72267033019,33194.7226703302,-30967.06699993417,37545.0,nan,nan,1.5000000000000002,10.0,0.0,0.0,10.0,0.85,CORE,MAIN,1.2145185901341906,0.24734363635766166,0.6,0.174,-60357.74299170577,STRUCTURAL,-0.900559126268562,-217073.39419838128,31200.0,0,0,0,0,0,0,0,inf,inf,NA,1,5,5,5,23,6,0,0,CONTINUE,0,A,1,1,0,KEEP_STRUCTURAL_IN_ON_CUT,2,3,0,0,"tail_cont_enabled=1 tail_active_dims=(1,) tail_delta=0.1 tail_start=(6, 6, 6) returned_y=(6, 2, 0) returned_b=(1, 0, 0) returned_u=(0, 0, 0) returned_zcap=(6, 2, 0) max_tail_u=0",NA
120,P1_no_rho,365,1599.4754481000127,5.846348000108264,7.033026499906555,0.1690537000540644,0.01,49375.23551000736,49375.23551000736,-77668.19743609,-58611.6824941754,0.0,-27163.020321375574,-75129.48999332525,-75129.4758382754,-60357.74299170577,-27163.020321375574,33194.72267033019,33194.7226703302,-28320.11788512789,35291.0,nan,nan,1.5000000000000002,10.0,0.0,0.0,10.0,0.85,CORE,MAIN,1.214489062318585,0.2665575414970086,0.6,0.174,-60357.74299170577,STRUCTURAL,-0.8842548705174595,-217073.39419838128,31200.0,0,0,0,0,0,0,0,inf,inf,NA,1,5,5,5,23,6,0,0,CONTINUE,0,A,1,1,0,KEEP_STRUCTURAL_IN_ON_CUT,2,3,0,0,"tail_cont_enabled=1 tail_active_dims=(1,) tail_delta=0.1 tail_start=(6, 6, 6) returned_y=(6, 2, 0) returned_b=(1, 0, 0) returned_u=(0, 0, 0) returned_zcap=(6, 2, 0) max_tail_u=0",NA
120,P1_no_rho,366,1602.997452700045,5.846348000108264,3.521346800029278,0.1738232000498101,0.01,43050.74212536827,43050.74212536827,-77668.19743609,-59560.35650187127,0.0,-27163.020321375574,-79794.20287916588,-79794.18799438399,-60357.74299170577,-27163.020321375574,33194.72267033019,33194.7226703302,-30701.201478251387,36901.5,nan,nan,1.5000000000000002,10.0,0.0,0.0,10.0,0.85,CORE,MAIN,1.2138592068126635,0.2586964526081331,0.6,0.174,-60357.74299170577,STRUCTURAL,-0.8869194389773243,-217073.39419838128,31200.0,0,0,0,0,0,0,0,inf,inf,NA,1,5,5,5,23,6,0,0,CONTINUE,0,A,1,1,0,KEEP_STRUCTURAL_IN_ON_CUT,2,3,0,0,"tail_cont_enabled=1 tail_active_dims=(1,) tail_delta=0.1 tail_start=(6, 6, 6) returned_y=(6, 2, 0) returned_b=(1, 0, 0) returned_u=(0, 0, 0) returned_zcap=(6, 2, 0) max_tail_u=0",NA
120,P1_no_rho,367,1605.9464735001093,5.846348000108264,2.948458900093101,0.15721420000772923,0.01,43652.58407015961,43652.58407015961,-77668.19743609,-59470.08021015257,0.0,-27163.020321375574,-76539.75227135842,-76539.73788268269,-60357.74299170577,-27163.020321375574,33194.72267033019,33194.7226703302,-27375.947326458594,35789.0,nan,nan,1.5000000000000002,10.0,0.0,0.0,10.0,0.85,CORE,MAIN,1.2136989990503055,0.26454324197163914,0.6,0.174,-60357.74299170577,STRUCTURAL,-0.9158082195874723,-217073.39419838128,31200.0,0,0,0,0,0,0,0,inf,inf,NA,1,5,5,5,23,6,0,0,CONTINUE,0,A,1,1,0,KEEP_STRUCTURAL_IN_ON_CUT,2,3,0,0,"tail_cont_enabled=1 tail_active_dims=(1,) tail_delta=0.1 tail_start=(6, 6, 6) returned_y=(6, 2, 0) returned_b=(1, 0, 0) returned_u=(0, 0, 0) returned_zcap=(6, 2, 0) max_tail_u=0",NA
120,P1_no_rho,368,1609.3406192000257,5.846348000108264,3.393593200016767,0.15396600007079542,0.01,51163.940660554115,51163.940660554115,-77668.19743609,-58343.37672159339,0.0,-27163.020321375574,-74868.10062179447,-74868.08636842595,-60357.74299170577,-27163.020321375574,33194.72267033019,33194.7226703302,-27690.22570474544,37357.5,nan,nan,1.5000000000000002,10.0,0.0,0.0,10.0,0.85,CORE,MAIN,1.2139590960753912,0.2822585280168519,0.6,0.174,-60357.74299170577,STRUCTURAL,-0.8419168067756229,-217073.39419838128,31200.0,0,0,0,0,0,0,0,inf,inf,NA,1,5,5,5,23,6,0,0,CONTINUE,0,A,1,1,0,KEEP_STRUCTURAL_IN_ON_CUT,2,3,0,0,"tail_cont_enabled=1 tail_active_dims=(1,) tail_delta=0.1 tail_start=(6, 6, 6) returned_y=(0, 6, 1) returned_b=(0, 1, 0) returned_u=(0, 0, 0) returned_zcap=(0, 6, 1) max_tail_u=0",NA
120,P1_no_rho,369,1612.640335700009,5.846348000108264,3.2990828999318182,0.16430730000138283,0.01,52813.0223956841,52813.0223956841,-77668.19743609,-58096.014461323895,0.0,-27163.020321375574,-77356.41939782095,-77356.40479511768,-60357.74299170577,-27163.020321375574,33194.72267033019,33194.7226703302,-29633.89681385881,38253.5,nan,nan,1.5000000000000002,10.0,0.0,0.0,10.0,0.85,CORE,MAIN,1.213922192231504,0.2616502878376801,0.6,0.174,-60357.74299170577,STRUCTURAL,-0.8316887427513622,-217073.39419838128,31200.0,0,0,0,0,0,0,0,inf,inf,NA,1,5,5,5,23,6,0,0,CONTINUE,0,A,1,1,0,KEEP_STRUCTURAL_IN_ON_CUT,2,3,0,0,"tail_cont_enabled=1 tail_active_dims=(1,) tail_delta=0.1 tail_start=(6, 6, 6) returned_y=(0, 6, 1) returned_b=(0, 1, 0) returned_u=(0, 0, 0) returned_zcap=(0, 6, 1) max_tail_u=0",NA
120,P1_no_rho,370,1619.156324800104,5.846348000108264,6.515615100041032,0.20296980009879917,0.01,61809.13966885965,61809.13966885965,-77668.19743609,-56746.59687034756,0.0,-27163.020321375574,-78408.73996799179,-78408.72510067582,-60357.74299170577,-27163.020321375574,33194.72267033019,33194.7226703302,-29295.02819957128,38656.0,nan,nan,1.5000000000000002,10.0,0.0,0.0,10.0,0.85,CORE,MAIN,1.2138374822489817,0.2743947035530713,0.6,0.174,-60357.74299170577,STRUCTURAL,-0.8470215387193798,-217073.39419838128,31200.0,0,0,0,0,0,0,0,inf,inf,NA,1,5,5,5,23,6,0,0,CONTINUE,0,A,1,1,0,KEEP_STRUCTURAL_IN_ON_CUT,2,3,0,0,"tail_cont_enabled=1 tail_active_dims=(1,) tail_delta=0.1 tail_start=(6, 6, 6) returned_y=(0, 6, 1) returned_b=(0, 1, 0) returned_u=(0, 0, 0) returned_zcap=(0, 6, 1) max_tail_u=0",NA
120,P1_no_rho,371,1622.5950125000672,5.846348000108264,3.438228099956177,0.1701203000266105,0.01,42351.35926296143,42351.35926296143,-77668.19743609,-59665.26393123229,0.0,-27163.020321375574,-81831.05836129183,-81831.04296053566,-60357.74299170577,-27163.020321375574,33194.72267033019,33194.7226703302,-30912.51704457094,39813.5,nan,nan,1.5000000000000002,10.0,0.0,0.0,10.0,0.85,CORE,MAIN,1.2127767319235094,0.243872242617169,0.6,0.174,-60357.74299170577,STRUCTURAL,-0.852617427354452,-217073.39419838128,31200.0,0,0,0,0,0,0,0,inf,inf,NA,1,5,5,5,23,6,0,0,CONTINUE,0,A,1,1,0,KEEP_STRUCTURAL_IN_ON_CUT,2,3,0,0,"tail_cont_enabled=1 tail_active_dims=(1,) tail_delta=0.1 tail_start=(6, 6, 6) returned_y=(0, 6, 1) returned_b=(0, 1, 0) returned_u=(0, 0, 0) returned_zcap=(0, 6, 1) max_tail_u=0",NA
120,P1_no_rho,372,1626.237528800033,5.846348000108264,3.6421243000077084,0.17981549992691725,0.01,52143.79164817204,52143.79164817204,-77668.19743609,-58196.3990734507,0.0,-27163.020321375574,-74590.38667214697,-74590.37256807604,-60357.74299170577,-27163.020321375574,33194.72267033019,33194.7226703302,-27844.025162929534,37501.0,nan,nan,1.5000000000000002,10.0,0.0,0.0,10.0,0.85,CORE,MAIN,1.2129211749304765,0.2596807552463981,0.6,0.174,-60357.74299170577,STRUCTURAL,-0.8310240154510811,-217073.39419838128,31200.0,0,0,0,0,0,0,0,inf,inf,NA,1,5,5,5,23,6,0,0,CONTINUE,0,A,1,1,0,KEEP_STRUCTURAL_IN_ON_CUT,2,3,0,0,"tail_cont_enabled=1 tail_active_dims=(1,) tail_delta=0.1 tail_start=(6, 6, 6) returned_y=(0, 6, 1) returned_b=(0, 1, 0) returned_u=(0, 0, 0) returned_zcap=(0, 6, 1) max_tail_u=0",NA
120,P1_no_rho,373,1629.39919320005,5.846348000108264,3.161353599978611,0.1775144999846816,0.01,45151.652336226696,45151.652336226696,-77668.19743609,-59245.219970242506,0.0,-27163.020321375574,-79588.19615984552,-79588.18131469387,-60357.74299170577,-27163.020321375574,33194.72267033019,33194.7226703302,-30497.028521578653,39181.0,nan,nan,1.5000000000000002,10.0,0.0,0.0,10.0,0.85,CORE,MAIN,1.2124613908637465,0.25863235838768617,0.6,0.174,-60357.74299170577,STRUCTURAL,-0.835288410081676,-217073.39419838128,31200.0,0,0,0,0,0,0,0,inf,inf,NA,1,5,5,5,23,6,0,0,CONTINUE,0,A,1,1,0,KEEP_STRUCTURAL_IN_ON_CUT,2,3,0,0,"tail_cont_enabled=1 tail_active_dims=(1,) tail_delta=0.1 tail_start=(6, 6, 6) returned_y=(0, 6, 1) returned_b=(0, 1, 0) returned_u=(0, 0, 0) returned_zcap=(0, 6, 1) max_tail_u=0",NA
120,P1_no_rho,374,1632.753997300053,5.846348000108264,3.354431099956855,0.1722606000257656,0.01,41664.692726619505,41664.692726619505,-77668.19743609,-59768.263911683585,0.0,-27163.020321375574,-74847.98551149563,-74847.9714490944,-60357.74299170577,-27163.020321375574,33194.72267033019,33194.7226703302,-26704.932993968116,38052.5,nan,nan,1.5000000000000002,10.0,0.0,0.0,10.0,0.85,CORE,MAIN,1.2127018523230502,0.2668849535696609,0.6,0.174,-60357.74299170577,STRUCTURAL,-0.8434494177802823,-217073.39419838128,31200.0,0,0,0,0,0,0,0,inf,inf,NA,1,5,5,5,23,6,0,0,CONTINUE,0,A,1,1,0,KEEP_STRUCTURAL_IN_ON_CUT,2,3,0,0,"tail_cont_enabled=1 tail_active_dims=(1,) tail_delta=0.1 tail_start=(6, 6, 6) returned_y=(0, 1, 6) returned_b=(0, 0, 1) returned_u=(0, 0, 0) returned_zcap=(0, 1, 6) max_tail_u=0",NA
120,P1_no_rho,375,1639.1567528001033,5.846348000108264,6.401292100083083,0.16269190004095435,0.01,57129.04913316263,57129.04913316263,-77668.19743609,-57448.610450702115,0.0,-27163.020321375574,-75033.85659527889,-75033.84231193637,-60357.74299170577,-27163.020321375574,33194.72267033019,33194.7226703302,-27633.400100078667,38061.5,nan,nan,1.5000000000000002,10.0,0.0,0.0,10.0,0.85,CORE,MAIN,1.2132560396344536,0.26512495520096946,0.6,0.174,-60357.74299170577,STRUCTURAL,-0.8302430226844744,-217073.39419838128,31200.0,0,0,0,0,0,0,0,inf,inf,NA,1,5,5,5,23,6,0,0,CONTINUE,0,A,1,1,0,KEEP_STRUCTURAL_IN_ON_CUT,2,3,0,0,"tail_cont_enabled=1 tail_active_dims=(1,) tail_delta=0.1 tail_start=(6, 6, 6) returned_y=(0, 1, 6) returned_b=(0, 0, 1) returned_u=(0, 0, 0) returned_zcap=(0, 1, 6) max_tail_u=0",NA
120,P1_no_rho,376,1642.2885568001075,5.846348000108264,3.1310949000762776,0.24057549994904548,0.01,52677.24808630788,52677.24808630788,-77668.19743609,-58116.38060773032,0.0,-27163.020321375574,-77439.9297724185,-77439.91511714108,-60357.74299170577,-27163.020321375574,33194.72267033019,33194.7226703302,-29277.80217680118,38630.0,nan,nan,1.5000000000000004,10.000000000000002,0.0,0.0,10.0,0.85,CORE,MAIN,1.2134606609637288,0.260609221178004,0.6,0.174,-60357.74299170577,STRUCTURAL,-0.8311694355050456,-217073.39419838128,31200.0,0,0,0,0,0,0,0,inf,inf,NA,1,5,5,5,23,6,0,0,CONTINUE,0,A,1,1,0,KEEP_STRUCTURAL_IN_ON_CUT,2,3,0,0,"tail_cont_enabled=1 tail_active_dims=(1,) tail_delta=0.1 tail_start=(6, 6, 6) returned_y=(0, 1, 6) returned_b=(0, 0, 1) returned_u=(0, 0, 0) returned_zcap=(0, 1, 6) max_tail_u=0",NA
120,P1_no_rho,377,1645.89779670001,5.846348000108264,3.6088082999922335,0.16709400003310293,0.01,52167.549000012164,52167.549000012164,-77668.19743609,-58192.83547067468,0.0,-27163.020321375574,-78296.10042215692,-78296.08552696361,-60357.74299170577,-27163.020321375574,33194.72267033019,33194.7226703302,-28846.423839018906,38354.5,nan,nan,1.5000000000000002,10.0,0.0,0.0,10.0,0.85,CORE,MAIN,1.2135317146706763,0.27262391009117537,0.6,0.174,-60357.74299170577,STRUCTURAL,-0.8595195120597701,-217073.39419838128,31200.0,0,0,0,0,0,0,0,inf,inf,NA,1,5,5,5,23,6,0,0,CONTINUE,0,A,1,1,0,KEEP_STRUCTURAL_IN_ON_CUT,2,3,0,0,"tail_cont_enabled=1 tail_active_dims=(1,) tail_delta=0.1 tail_start=(6, 6, 6) returned_y=(0, 1, 6) returned_b=(0, 0, 1) returned_u=(0, 0, 0) returned_zcap=(0, 1, 6) max_tail_u=0",NA
120,P1_no_rho,378,1649.3395792000229,5.846348000108264,3.4413877999177203,0.1711175999371335,0.01,41531.570446906175,41531.570446906175,-77668.19743609,-59788.232253640585,0.0,-27163.020321375574,-82306.49388763485,-82306.47847108354,-60357.74299170577,-27163.020321375574,33194.72267033019,33194.7226703302,-31502.166262534498,40401.0,nan,nan,1.5000000000000002,10.0,0.0,0.0,10.0,0.85,CORE,MAIN,1.2125958367492138,0.24379597802960773,0.6,0.174,-60357.74299170577,STRUCTURAL,-0.8383342360923244,-217073.39419838128,31200.0,0,0,0,0,0,0,0,inf,inf,NA,1,5,5,5,23,6,0,0,CONTINUE,0,A,1,1,0,KEEP_STRUCTURAL_IN_ON_CUT,2,3,0,0,"tail_cont_enabled=1 tail_active_dims=(1,) tail_delta=0.1 tail_start=(6, 6, 6) returned_y=(0, 1, 6) returned_b=(0, 0, 1) returned_u=(0, 0, 0) returned_zcap=(0, 1, 6) max_tail_u=0",NA
120,P1_no_rho,379,1652.4345107000554,5.846348000108264,3.094444200047292,0.17010239989031106,0.01,52943.47613206614,52943.47613206614,-77668.19743609,-58076.44640086659,0.0,-27163.020321375574,-74534.56299212597,-74534.5489334024,-60357.74299170577,-27163.020321375574,33194.72267033019,33194.7226703302,-27898.52077001155,38361.0,nan,nan,1.5000000000000002,10.0,0.0,0.0,10.0,0.85,CORE,MAIN,1.2128109102583864,0.27090302067608985,0.6,0.174,-60357.74299170577,STRUCTURAL,-0.8104764068262186,-217073.39419838128,31200.0,0,0,0,0,0,0,0,inf,inf,NA,1,5,5,5,23,6,0,0,CONTINUE,0,A,1,1,0,KEEP_STRUCTURAL_IN_ON_CUT,2,3,0,0,"tail_cont_enabled=1 tail_active_dims=(1,) tail_delta=0.1 tail_start=(6, 6, 6) returned_y=(0, 1, 6) returned_b=(0, 0, 1) returned_u=(0, 0, 0) returned_zcap=(0, 1, 6) max_tail_u=0",NA
120,P1_no_rho,380,1659.65171320003,5.846348000108264,7.2168419000227,0.1649195000063628,0.01,43812.46588268046,43812.46588268046,-77668.19743609,-59446.09793827444,0.0,-27163.020321375574,-79820.5299101876,-79820.51504798603,-60357.74299170577,-27163.020321375574,33194.72267033019,33194.7226703302,-30700.48758904524,39981.5,nan,nan,1.5000000000000002,10.0,0.0,0.0,10.0,0.85,CORE,MAIN,1.212258716935816,0.2584342321900528,0.6,0.174,-60357.74299170577,STRUCTURAL,-0.81904593305972,-217073.39419838128,31200.0,0,0,0,0,0,0,0,inf,inf,NA,1,5,5,5,23,6,0,0,CONTINUE,0,A,1,1,0,KEEP_STRUCTURAL_IN_ON_CUT,2,3,0,0,"tail_cont_enabled=1 tail_active_dims=(1,) tail_delta=0.1 tail_start=(6, 6, 6) returned_y=(0, 1, 6) returned_b=(0, 0, 1) returned_u=(0, 0, 0) returned_zcap=(0, 1, 6) max_tail_u=0",NA
120,P1_no_rho,381,1662.626756300102,5.846348000108264,2.9745909000048414,0.15336090000346303,0.01,45306.03321041833,45306.03321041833,-77668.19743609,-59222.06283911376,0.0,-27163.020321375574,-74516.82990605675,-74516.81570900112,-60357.74299170577,-27163.020321375574,33194.72267033019,33194.7226703302,-26035.84985757366,37873.0,nan,nan,1.5000000000000002,10.0,0.0,0.0,10.0,0.85,CORE,MAIN,1.2125316175926284,0.2276145443013815,0.6,0.174,-60357.74299170577,STRUCTURAL,-0.8533953978019077,-217073.39419838128,31200.0,0,0,0,0,0,0,0,inf,inf,NA,1,5,5,5,23,6,0,0,CONTINUE,0,A,1,1,0,KEEP_STRUCTURAL_IN_ON_CUT,2,3,0,0,"tail_cont_enabled=1 tail_active_dims=(1,) tail_delta=0.1 tail_start=(6, 6, 6) returned_y=(0, 1, 6) returned_b=(0, 0, 1) returned_u=(0, 0, 0) returned_zcap=(0, 1, 6) max_tail_u=0",NA
120,P1_no_rho,382,1666.113157600048,5.846348000108264,3.4856912000104785,0.15954889997374266,0.01,55301.45825083583,55301.45825083583,-77668.19743609,-57722.74908305114,0.0,-27163.020321375574,-75499.39576033504,-75499.38147722986,-60357.74299170577,-27163.020321375574,33194.72267033019,33194.7226703302,-27794.901883832965,35649.5,nan,nan,1.5000000000000002,10.0,0.0,0.0,10.0,0.85,CORE,MAIN,1.213001765488956,0.2643935967204257,0.6,0.174,-60357.74299170577,STRUCTURAL,-0.8921018919086642,-217073.39419838128,31200.0,0,0,0,0,0,0,0,inf,inf,NA,1,5,5,5,23,6,0,0,CONTINUE,0,A,1,1,0,KEEP_STRUCTURAL_IN_ON_CUT,2,3,0,0,"tail_cont_enabled=1 tail_active_dims=(1,) tail_delta=0.1 tail_start=(6, 6, 6) returned_y=(6, 2, 0) returned_b=(1, 0, 0) returned_u=(0, 0, 0) returned_zcap=(6, 2, 0) max_tail_u=0",NA
120,P1_no_rho,383,1669.486543700099,5.846348000108264,3.37299860001076,0.1741722000297159,0.01,52602.77496633054,52602.77496633054,-77668.19743609,-58127.55157572693,0.0,-27163.020321375574,-77482.57974102165,-77482.56504707165,-60357.74299170577,-27163.020321375574,33194.72267033019,33194.7226703302,-28716.43440156417,38045.5,nan,nan,1.5000000000000002,10.0,0.0,0.0,10.0,0.85,CORE,MAIN,1.2131653250912469,0.26074367425563216,0.6,0.174,-60357.74299170577,STRUCTURAL,-0.8545229728528112,-217073.39419838128,31200.0,0,0,0,0,0,0,0,inf,inf,NA,1,5,5,5,23,6,0,0,CONTINUE,0,A,1,1,0,KEEP_STRUCTURAL_IN_ON_CUT,2,3,0,0,"tail_cont_enabled=1 tail_active_dims=(1,) tail_delta=0.1 tail_start=(6, 6, 6) returned_y=(0, 6, 1) returned_b=(0, 1, 0) returned_u=(0, 0, 0) returned_zcap=(0, 6, 1) max_tail_u=0",NA
120,P1_no_rho,384,1672.659844400012,5.846348000108264,3.172757099964656,0.16647409996949136,0.01,55016.049358144584,55016.049358144584,-77668.19743609,-57765.56041695482,0.0,-27163.020321375574,-78573.57017797086,-78573.55527546747,-60357.74299170577,-27163.020321375574,33194.72267033019,33194.7226703302,-29198.9839719207,38557.0,nan,nan,1.5000000000000002,10.0,0.0,0.0,10.0,0.85,CORE,MAIN,1.2131942281304553,0.25874285809680697,0.6,0.174,-60357.74299170577,STRUCTURAL,-0.8537070018163023,-217073.39419838128,31200.0,0,0,0,0,0,0,0,inf,inf,NA,1,5,5,5,23,6,0,0,CONTINUE,0,A,1,1,0,KEEP_STRUCTURAL_IN_ON_CUT,2,3,0,0,"tail_cont_enabled=1 tail_active_dims=(1,) tail_delta=0.1 tail_start=(6, 6, 6) returned_y=(0, 6, 1) returned_b=(0, 1, 0) returned_u=(0, 0, 0) returned_zcap=(0, 6, 1) max_tail_u=0",NA
120,P1_no_rho,385,1679.364567300072,5.846348000108264,6.704355800058693,0.16525650001130998,0.01,48011.228071543956,48011.228071543956,-77668.19743609,-58816.28360994491,0.0,-27163.020321375574,-88330.17949742594,-88330.16435623952,-60357.74299170577,-27163.020321375574,33194.72267033019,33194.7226703302,-31205.558509967752,41977.0,nan,nan,1.5000000000000002,10.0,0.0,0.0,10.0,0.85,CORE,MAIN,1.2109170200346788,0.24708416550486267,0.6,0.174,-60357.74299170577,STRUCTURAL,-0.9072365953779727,-217073.39419838128,31200.0,0,0,0,0,0,0,0,inf,inf,NA,1,5,5,5,23,6,0,0,CONTINUE,0,A,1,1,0,KEEP_STRUCTURAL_IN_ON_CUT,2,3,0,0,"tail_cont_enabled=1 tail_active_dims=(1,) tail_delta=0.1 tail_start=(6, 6, 6) returned_y=(6, 2, 0) returned_b=(1, 0, 0) returned_u=(0, 0, 0) returned_zcap=(6, 2, 0) max_tail_u=0",NA
120,P1_no_rho,386,1682.969848100096,5.846348000108264,3.6047938000410795,0.17673039995133877,0.01,50133.76253203756,50133.76253203756,-77668.19743609,-58497.903440870876,0.0,-27163.020321375574,-73960.48853501855,-73960.47462342113,-60357.74299170577,-27163.020321375574,33194.72267033019,33194.7226703302,-28024.02314077249,37393.0,nan,nan,1.5000000000000002,10.0,0.0,0.0,10.0,0.85,CORE,MAIN,1.2106492978549466,0.2707915395426701,0.6,0.174,-60357.74299170577,STRUCTURAL,-0.8189848631677701,-217073.39419838128,31200.0,0,0,0,0,0,0,0,inf,inf,NA,1,5,5,5,23,6,0,0,CONTINUE,0,A,1,1,0,KEEP_STRUCTURAL_IN_ON_CUT,2,3,0,0,"tail_cont_enabled=1 tail_active_dims=(1,) tail_delta=0.1 tail_start=(6, 6, 6) returned_y=(0, 6, 1) returned_b=(0, 1, 0) returned_u=(0, 0, 0) returned_zcap=(0, 6, 1) max_tail_u=0",NA
120,P1_no_rho,387,1686.2458020000486,5.846348000108264,3.275514099979773,0.1654173000715673,0.01,39389.40232451093,39389.40232451093,-77668.19743609,-60109.55747199987,0.0,-27163.020321375574,-76581.28893783921,-76581.27464449764,-60357.74299170577,-27163.020321375574,33194.72267033019,33194.7226703302,-28926.974890750276,38344.5,nan,nan,1.5000000000000002,10.0,0.0,0.0,10.0,0.85,CORE,MAIN,1.2105876092015115,0.26440696782270057,0.6,0.174,-60357.74299170577,STRUCTURAL,-0.8285290763777046,-217073.39419838128,31200.0,0,0,0,0,0,0,0,inf,inf,NA,1,5,5,5,23,6,0,0,CONTINUE,0,A,1,1,0,KEEP_STRUCTURAL_IN_ON_CUT,2,3,0,0,"tail_cont_enabled=1 tail_active_dims=(1,) tail_delta=0.1 tail_start=(6, 6, 6) returned_y=(0, 6, 1) returned_b=(0, 1, 0) returned_u=(0, 0, 0) returned_zcap=(0, 6, 1) max_tail_u=0",NA
120,P1_no_rho,388,1689.2590271000518,5.846348000108264,3.01274779997766,0.23055800003930926,0.01,54992.46049169476,54992.46049169476,-77668.19743609,-57769.0987469223,0.0,-27163.020321375574,-78026.28298000012,-78026.26827791746,-60357.74299170577,-27163.020321375574,33194.72267033019,33194.7226703302,-28548.84126577478,38770.0,nan,nan,1.5000000000000002,10.0,0.0,0.0,10.0,0.85,CORE,MAIN,1.2103499553019785,0.2618727929347294,0.6,0.174,-60357.74299170577,STRUCTURAL,-0.8507854356829628,-217073.39419838128,31200.0,0,0,0,0,0,0,0,inf,inf,NA,1,5,5,5,23,6,0,0,CONTINUE,0,A,1,1,0,KEEP_STRUCTURAL_IN_ON_CUT,2,3,0,0,"tail_cont_enabled=1 tail_active_dims=(1,) tail_delta=0.1 tail_start=(6, 6, 6) returned_y=(0, 6, 1) returned_b=(0, 1, 0) returned_u=(0, 0, 0) returned_zcap=(0, 6, 1) max_tail_u=0",NA
120,P1_no_rho,389,1692.7660141000524,5.846348000108264,3.50575580005534,0.17192450002767146,0.01,53009.541032383844,53009.541032383844,-77668.19743609,-58066.53666581893,0.0,-27163.020321375574,-71956.52721087982,-71956.51352660854,-60357.74299170577,-27163.020321375574,33194.72267033019,33194.7226703302,-26154.690117343103,36228.0,nan,nan,1.5000000000000002,10.0,0.0,0.0,10.0,0.85,CORE,MAIN,1.2100610016548703,0.27139819921983976,0.6,0.174,-60357.74299170577,STRUCTURAL,-0.8428439035969494,-217073.39419838128,31200.0,0,0,0,0,0,0,0,inf,inf,NA,1,5,5,5,23,6,0,0,CONTINUE,0,A,1,1,0,KEEP_STRUCTURAL_IN_ON_CUT,2,3,0,0,"tail_cont_enabled=1 tail_active_dims=(1,) tail_delta=0.1 tail_start=(6, 6, 6) returned_y=(0, 6, 1) returned_b=(0, 1, 0) returned_u=(0, 0, 0) returned_zcap=(0, 6, 1) max_tail_u=0",NA
120,P1_no_rho,390,1699.4618409000104,5.846348000108264,6.695427499944344,0.15710489999037236,0.01,52420.929365643475,52420.929365643475,-77668.19743609,-58154.82841582999,0.0,-27163.020321375574,-77090.07825355003,-77090.06367405172,-60357.74299170577,-27163.020321375574,33194.72267033019,33194.7226703302,-28807.741013295967,38165.0,nan,nan,1.5000000000000002,10.0,0.0,0.0,10.0,0.85,CORE,MAIN,1.209667268377172,0.26036237912231386,0.6,0.174,-60357.74299170577,STRUCTURAL,-0.84339617731352,-217073.39419838128,31200.0,0,0,0,0,0,0,0,inf,inf,NA,1,5,5,5,23,6,0,0,CONTINUE,0,A,1,1,0,KEEP_STRUCTURAL_IN_ON_CUT,2,3,0,0,"tail_cont_enabled=1 tail_active_dims=(1,) tail_delta=0.1 tail_start=(6, 6, 6) returned_y=(0, 6, 1) returned_b=(0, 1, 0) returned_u=(0, 0, 0) returned_zcap=(0, 6, 1) max_tail_u=0",NA
120,P1_no_rho,391,1702.2626028000377,5.846348000108264,2.800404099980369,0.16271930001676083,0.01,58534.13375865295,58534.13375865295,-77668.19743609,-57237.84775687857,0.0,-27163.020321375574,-84275.15170179133,-84275.13592590764,-60357.74299170577,-27163.020321375574,33194.72267033019,33194.7226703302,-32142.042223518874,38570.0,nan,nan,1.5000000000000002,10.0,0.0,0.0,10.0,0.85,CORE,MAIN,1.2083679751947125,0.24875281886963418,0.6,0.174,-60357.74299170577,STRUCTURAL,-0.9010991911224397,-217073.39419838128,31200.0,0,0,0,0,0,0,0,inf,inf,NA,1,5,5,5,23,6,0,0,CONTINUE,0,A,1,1,0,KEEP_STRUCTURAL_IN_ON_CUT,2,3,0,0,"tail_cont_enabled=1 tail_active_dims=(1,) tail_delta=0.1 tail_start=(6, 6, 6) returned_y=(6, 2, 0) returned_b=(1, 0, 0) returned_u=(0, 0, 0) returned_zcap=(6, 2, 0) max_tail_u=0",NA
120,P1_no_rho,392,1705.7882285000524,5.846348000108264,3.5249576000496745,0.17399789998307824,0.01,32358.695750357972,32358.695750357972,-77668.19743609,-61164.16345812281,0.0,-27163.020321375574,-79649.84413960147,-79649.82927259321,-60357.74299170577,-27163.020321375574,33194.72267033019,33194.7226703302,-30510.875540856483,36483.5,nan,nan,1.5000000000000002,10.0,0.0,0.0,10.0,0.85,CORE,MAIN,1.2071645809648905,0.2438914947697628,0.6,0.174,-60357.74299170577,STRUCTURAL,-0.8979210461667462,-217073.39419838128,31200.0,0,0,0,0,0,0,0,inf,inf,NA,1,5,5,5,23,6,0,0,CONTINUE,0,A,1,1,0,KEEP_STRUCTURAL_IN_ON_CUT,2,3,0,0,"tail_cont_enabled=1 tail_active_dims=(1,) tail_delta=0.1 tail_start=(6, 6, 6) returned_y=(6, 2, 0) returned_b=(1, 0, 0) returned_u=(0, 0, 0) returned_zcap=(6, 2, 0) max_tail_u=0",NA
120,P1_no_rho,393,1708.7101101001026,5.846348000108264,2.9214439000934362,0.17431379994377494,0.01,56083.71949030359,56083.71949030359,-77668.19743609,-57605.40989713097,0.0,-27163.020321375574,-75538.99149940503,-75538.97722160228,-60357.74299170577,-27163.020321375574,33194.72267033019,33194.7226703302,-28226.38913118574,38046.5,nan,nan,1.5000000000000002,10.0,0.0,0.0,10.0,0.85,CORE,MAIN,1.2070548034497752,0.2654101174344826,0.6,0.174,-60357.74299170577,STRUCTURAL,-0.8290309330322373,-217073.39419838128,31200.0,0,0,0,0,0,0,0,inf,inf,NA,1,5,5,5,23,6,0,0,CONTINUE,0,A,1,1,0,KEEP_STRUCTURAL_IN_ON_CUT,2,3,0,0,"tail_cont_enabled=1 tail_active_dims=(1,) tail_delta=0.1 tail_start=(6, 6, 6) returned_y=(0, 1, 6) returned_b=(0, 0, 1) returned_u=(0, 0, 0) returned_zcap=(0, 1, 6) max_tail_u=0",NA
120,P1_no_rho,394,1712.1583750001155,5.846348000108264,3.4477216999512166,0.23694630002137274,0.01,53683.99920981761,53683.99920981761,-77668.19743609,-57965.36793920387,0.0,-27163.020321375574,-77626.43870082784,-77626.42421032378,-60357.74299170577,-27163.020321375574,33194.72267033019,33194.7226703302,-29632.604020989565,38961.0,nan,nan,1.5000000000000002,10.0,0.0,0.0,10.0,0.85,CORE,MAIN,1.2069960503215287,0.2606752715718512,0.6,0.174,-60357.74299170577,STRUCTURAL,-0.8212284111347965,-217073.39419838128,31200.0,0,0,0,0,0,0,0,inf,inf,NA,1,5,5,5,23,6,0,0,CONTINUE,0,A,1,1,0,KEEP_STRUCTURAL_IN_ON_CUT,2,3,0,0,"tail_cont_enabled=1 tail_active_dims=(1,) tail_delta=0.1 tail_start=(6, 6, 6) returned_y=(0, 1, 6) returned_b=(0, 0, 1) returned_u=(0, 0, 0) returned_zcap=(0, 1, 6) max_tail_u=0",NA
120,P1_no_rho,395,1719.023296700092,5.846348000108264,6.864392300019972,0.16777629998978227,0.01,38452.54689851568,38452.54689851568,-77668.19743609,-60250.08578589916,0.0,-27163.020321375574,-75989.62851969051,-75989.61416232484,-60357.74299170577,-27163.020321375574,33194.72267033019,33194.7226703302,-27240.205023247596,35973.0,nan,nan,1.5000000000000002,10.0,0.0,0.0,10.0,0.85,CORE,MAIN,1.2095188211356434,0.26322859934040477,0.6,0.174,-60357.74299170577,STRUCTURAL,-0.9034444192232552,-217073.39419838128,31200.0,0,0,0,0,0,0,0,inf,inf,NA,1,5,5,5,23,6,0,0,CONTINUE,0,A,1,1,0,KEEP_STRUCTURAL_IN_ON_CUT,2,3,0,0,"tail_cont_enabled=1 tail_active_dims=(1,) tail_delta=0.1 tail_start=(6, 6, 6) returned_y=(6, 2, 0) returned_b=(1, 0, 0) returned_u=(0, 0, 0) returned_zcap=(6, 2, 0) max_tail_u=0",NA
120,P1_no_rho,396,1722.4668165000621,5.846348000108264,3.4429961000569165,0.1630955000873655,0.01,64268.56752124849,64268.56752124849,-77668.19743609,-56377.68269248924,0.0,-27163.020321375574,-74628.69951579913,-74628.68536999282,-60357.74299170577,-27163.020321375574,33194.72267033019,33194.7226703302,-26926.960059268637,37218.5,nan,nan,1.5000000000000002,10.0,0.0,0.0,10.0,0.85,CORE,MAIN,1.2110727858685453,0.26541263488468414,0.6,0.174,-60357.74299170577,STRUCTURAL,-0.8544447037669288,-217073.39419838128,31200.0,0,0,0,0,0,0,0,inf,inf,NA,1,5,5,5,23,6,0,0,CONTINUE,0,A,1,1,0,KEEP_STRUCTURAL_IN_ON_CUT,2,3,0,0,"tail_cont_enabled=1 tail_active_dims=(1,) tail_delta=0.1 tail_start=(6, 6, 6) returned_y=(0, 1, 6) returned_b=(0, 0, 1) returned_u=(0, 0, 0) returned_zcap=(0, 1, 6) max_tail_u=0",NA
120,P1_no_rho,397,1725.5189752000151,5.846348000108264,3.0517666999949142,0.1654246998950839,0.01,56457.545787875235,56457.545787875235,-77668.19743609,-57549.335952495225,0.0,-27163.020321375574,-77140.8370876432,-77140.82246729582,-60357.74299170577,-27163.020321375574,33194.72267033019,33194.7226703302,-28731.63473281044,38451.5,nan,nan,1.5000000000000002,10.0,0.0,0.0,10.0,0.85,CORE,MAIN,1.212279722408724,0.2597275855450877,0.6,0.174,-60357.74299170577,STRUCTURAL,-0.8393116477378058,-217073.39419838128,31200.0,0,0,0,0,0,0,0,inf,inf,NA,1,5,5,5,23,6,0,0,CONTINUE,0,A,1,1,0,KEEP_STRUCTURAL_IN_ON_CUT,2,3,0,0,"tail_cont_enabled=1 tail_active_dims=(1,) tail_delta=0.1 tail_start=(6, 6, 6) returned_y=(0, 1, 6) returned_b=(0, 0, 1) returned_u=(0, 0, 0) returned_zcap=(0, 1, 6) max_tail_u=0",NA
120,P1_no_rho,398,1728.986470200005,5.846348000108264,3.467003699974157,0.18156870000530034,0.01,38632.22191527359,38632.22191527359,-77668.19743609,-60223.13453338547,0.0,-27163.020321375574,-80529.87736352324,-80529.86219347939,-60357.74299170577,-27163.020321375574,33194.72267033019,33194.7226703302,-31482.60960502966,39233.0,nan,nan,1.5000000000000002,10.0,0.0,0.0,10.0,0.85,CORE,MAIN,1.2124039261501287,0.2532678243195582,0.6,0.174,-60357.74299170577,STRUCTURAL,-0.833435332304433,-217073.39419838128,31200.0,0,0,0,0,0,0,0,inf,inf,NA,1,5,5,5,23,6,0,0,CONTINUE,0,A,1,1,0,KEEP_STRUCTURAL_IN_ON_CUT,2,3,0,0,"tail_cont_enabled=1 tail_active_dims=(1,) tail_delta=0.1 tail_start=(6, 6, 6) returned_y=(0, 1, 6) returned_b=(0, 0, 1) returned_u=(0, 0, 0) returned_zcap=(0, 1, 6) max_tail_u=0",NA
120,P1_no_rho,399,1732.069407400093,5.846348000108264,3.082469900022261,0.1640956000192091,0.01,45169.463338381254,45169.463338381254,-77668.19743609,-59242.54831991932,0.0,-27163.020321375574,-79715.25131802194,-79715.23638312757,-60357.74299170577,-27163.020321375574,33194.72267033019,33194.7226703302,-30618.05296550848,40061.0,nan,nan,1.5000000000000002,10.0,0.0,0.0,10.0,0.85,CORE,MAIN,1.212025200291944,0.2587165422032407,0.6,0.174,-60357.74299170577,STRUCTURAL,-0.8170404036780422,-217073.39419838128,31200.0,0,0,0,0,0,0,0,inf,inf,NA,1,5,5,5,23,6,0,0,CONTINUE,0,A,1,1,0,KEEP_STRUCTURAL_IN_ON_CUT,2,3,0,0,"tail_cont_enabled=1 tail_active_dims=(1,) tail_delta=0.1 tail_start=(6, 6, 6) returned_y=(0, 1, 6) returned_b=(0, 0, 1) returned_u=(0, 0, 0) returned_zcap=(0, 1, 6) max_tail_u=0",NA
120,P1_no_rho,400,1738.7222771000816,5.846348000108264,6.652371800038964,0.2183473000768572,0.01,56248.85182078199,56248.85182078199,-77668.19743609,-57580.64004755921,0.0,-27163.020321375574,-74424.15401502473,-74424.13992227573,-60357.74299170577,-27163.020321375574,33194.72267033019,33194.7226703302,-27748.866500936703,37981.0,nan,nan,1.5000000000000002,10.0,0.0,0.0,10.0,0.85,CORE,MAIN,1.2124880351483531,0.26500491196409914,0.6,0.174,-60357.74299170577,STRUCTURAL,-0.819274083029919,-217073.39419838128,31200.0,0,0,0,0,0,0,0,inf,inf,NA,1,5,5,5,23,6,0,0,CONTINUE,0,A,1,1,0,KEEP_STRUCTURAL_IN_ON_CUT,2,3,0,0,"tail_cont_enabled=1 tail_active_dims=(1,) tail_delta=0.1 tail_start=(6, 6, 6) returned_y=(0, 1, 6) returned_b=(0, 0, 1) returned_u=(0, 0, 0) returned_zcap=(0, 1, 6) max_tail_u=0",NA
120,P1_no_rho,401,1742.4185712001054,5.846348000108264,3.6955322000430897,0.164697700063698,0.01,50047.278518866406,50047.278518866406,-77668.19743609,-58510.87604284655,0.0,-27163.020321375574,-77081.16817442325,-77081.15369265193,-60357.74299170577,-27163.020321375574,33194.72267033019,33194.7226703302,-29358.86952468215,35633.0,nan,nan,1.5000000000000002,10.0,0.0,0.0,10.0,0.85,CORE,MAIN,1.2126722709368407,0.2617977605204238,0.6,0.174,-60357.74299170577,STRUCTURAL,-0.8928480933960051,-217073.39419838128,31200.0,0,0,0,0,0,0,0,inf,inf,NA,1,5,5,5,23,6,0,0,CONTINUE,0,A,1,1,0,KEEP_STRUCTURAL_IN_ON_CUT,2,3,0,0,"tail_cont_enabled=1 tail_active_dims=(1,) tail_delta=0.1 tail_start=(6, 6, 6) returned_y=(6, 2, 0) returned_b=(1, 0, 0) returned_u=(0, 0, 0) returned_zcap=(6, 2, 0) max_tail_u=0",NA
120,P1_no_rho,402,1745.389446000103,5.846348000108264,2.9700295000802726,0.18259360000956804,0.01,43167.16776862732,43167.16776862732,-77668.19743609,-59542.89265538241,0.0,-27163.020321375574,-76304.3345029153,-76304.32001300885,-60357.74299170577,-27163.020321375574,33194.72267033019,33194.7226703302,-26742.54360773632,35709.0,nan,nan,1.5000000000000002,10.0,0.0,0.0,10.0,0.85,CORE,MAIN,1.2128136130979277,0.2634789226339742,0.6,0.174,-60357.74299170577,STRUCTURAL,-0.9252901025002574,-217073.39419838128,31200.0,0,0,0,0,0,0,0,inf,inf,NA,1,5,5,5,23,6,0,0,CONTINUE,0,A,1,1,0,KEEP_STRUCTURAL_IN_ON_CUT,2,3,0,0,"tail_cont_enabled=1 tail_active_dims=(1,) tail_delta=0.1 tail_start=(6, 6, 6) returned_y=(6, 2, 0) returned_b=(1, 0, 0) returned_u=(0, 0, 0) returned_zcap=(6, 2, 0) max_tail_u=0",NA
120,P1_no_rho,403,1748.7175629000412,5.846348000108264,3.3275587999960408,0.16589209996163845,0.01,54381.94406995953,54381.94406995953,-77668.19743609,-57860.67621018258,0.0,-27163.020321375574,-76228.80557334001,-76228.79120255803,-60357.74299170577,-27163.020321375574,33194.72267033019,33194.7226703302,-27663.549467094836,35881.5,nan,nan,1.5000000000000002,10.0,0.0,0.0,10.0,0.85,CORE,MAIN,1.2130456958129614,0.26747855911361673,0.6,0.174,-60357.74299170577,STRUCTURAL,-0.9023264864524094,-217073.39419838128,31200.0,0,0,0,0,0,0,0,inf,inf,NA,1,5,5,5,23,6,0,0,CONTINUE,0,A,1,1,0,KEEP_STRUCTURAL_IN_ON_CUT,2,3,0,0,"tail_cont_enabled=1 tail_active_dims=(1,) tail_delta=0.1 tail_start=(6, 6, 6) returned_y=(6, 2, 0) returned_b=(1, 0, 0) returned_u=(0, 0, 0) returned_zcap=(6, 2, 0) max_tail_u=0",NA
120,P1_no_rho,404,1751.6514864000492,5.846348000108264,2.933485500048846,0.17503060004673898,0.01,50615.084721501975,50615.084721501975,-77668.19743609,-58425.705112451215,0.0,-27163.020321375574,-76667.23973685411,-76667.22516423847,-60357.74299170577,-27163.020321375574,33194.72267033019,33194.7226703302,-28513.646647450725,35679.0,nan,nan,1.5000000000000002,10.0,0.0,0.0,10.0,0.85,CORE,MAIN,1.2133834925568818,0.2423494724100882,0.6,0.174,-60357.74299170577,STRUCTURAL,-0.8997557576686143,-217073.39419838128,31200.0,0,0,0,0,0,0,0,inf,inf,NA,1,5,5,5,23,6,0,0,CONTINUE,0,A,1,1,0,KEEP_STRUCTURAL_IN_ON_CUT,2,3,0,0,"tail_cont_enabled=1 tail_active_dims=(1,) tail_delta=0.1 tail_start=(6, 6, 6) returned_y=(6, 2, 0) returned_b=(1, 0, 0) returned_u=(0, 0, 0) returned_zcap=(6, 2, 0) max_tail_u=0",NA
120,P1_no_rho,405,1758.9098998000845,5.846348000108264,7.257783200009726,0.16803370008710772,0.01,46540.3494321874,46540.3494321874,-77668.19743609,-59036.9154058484,0.0,-27163.020321375574,-82606.982544923,-82606.96706845163,-60357.74299170577,-27163.020321375574,33194.72267033019,33194.7226703302,-32166.595563832987,39873.0,nan,nan,1.5000000000000002,10.0,0.0,0.0,10.0,0.85,CORE,MAIN,1.2125457042597279,0.2528963621414708,0.6,0.174,-60357.74299170577,STRUCTURAL,-0.8433504962358594,-217073.39419838128,31200.0,0,0,0,0,0,0,0,inf,inf,NA,1,5,5,5,23,6,0,0,CONTINUE,0,A,1,1,0,KEEP_STRUCTURAL_IN_ON_CUT,2,3,0,0,"tail_cont_enabled=1 tail_active_dims=(1,) tail_delta=0.1 tail_start=(6, 6, 6) returned_y=(0, 1, 6) returned_b=(0, 0, 1) returned_u=(0, 0, 0) returned_zcap=(0, 1, 6) max_tail_u=0",NA
120,P1_no_rho,406,1762.2422749000834,5.846348000108264,3.331933100009337,0.2635808000341058,0.01,42745.817124502515,42745.817124502515,-77668.19743609,-59606.095252001134,0.0,-27163.020321375574,-79945.07320872511,-79945.05830344271,-60357.74299170577,-27163.020321375574,33194.72267033019,33194.7226703302,-30825.858361283583,40342.5,nan,nan,1.5000000000000002,10.0,0.0,0.0,10.0,0.85,CORE,MAIN,1.212808215931882,0.2581096757449184,0.6,0.174,-60357.74299170577,STRUCTURAL,-0.8117031243669264,-217073.39419838128,31200.0,0,0,0,0,0,0,0,inf,inf,NA,1,5,5,5,23,6,0,0,CONTINUE,0,A,1,1,0,KEEP_STRUCTURAL_IN_ON_CUT,2,3,0,0,"tail_cont_enabled=1 tail_active_dims=(1,) tail_delta=0.1 tail_start=(6, 6, 6) returned_y=(0, 1, 6) returned_b=(0, 0, 1) returned_u=(0, 0, 0) returned_zcap=(0, 1, 6) max_tail_u=0",NA
120,P1_no_rho,407,1765.1701358000282,5.846348000108264,2.927430299925618,0.16139969998039305,0.01,57250.16209933559,57250.16209933559,-77668.19743609,-57430.44350577617,0.0,-27163.020321375574,-74734.08179908118,-74734.06771254932,-60357.74299170577,-27163.020321375574,33194.72267033019,33194.7226703302,-28057.44847552171,38095.0,nan,nan,1.5000000000000002,10.0,0.0,0.0,10.0,0.85,CORE,MAIN,1.2128158451871702,0.26799876438853276,0.6,0.174,-60357.74299170577,STRUCTURAL,-0.81684594193512,-217073.39419838128,31200.0,0,0,0,0,0,0,0,inf,inf,NA,1,5,5,5,23,6,0,0,CONTINUE,0,A,1,1,0,KEEP_STRUCTURAL_IN_ON_CUT,2,3,0,0,"tail_cont_enabled=1 tail_active_dims=(1,) tail_delta=0.1 tail_start=(6, 6, 6) returned_y=(0, 1, 6) returned_b=(0, 0, 1) returned_u=(0, 0, 0) returned_zcap=(0, 1, 6) max_tail_u=0",NA
120,P1_no_rho,408,1768.4914654000895,5.846348000108264,3.32085110002663,0.1613074999768287,0.01,53382.39387575282,53382.39387575282,-77668.19743609,-58010.60873931358,0.0,-27163.020321375574,-77521.81664195389,-77521.80207084455,-60357.74299170577,-27163.020321375574,33194.72267033019,33194.7226703302,-29501.11332593151,39088.5,nan,nan,1.5000000000000002,10.0,0.0,0.0,10.0,0.85,CORE,MAIN,1.2127115648634508,0.2622136989887305,0.6,0.174,-60357.74299170577,STRUCTURAL,-0.819007956217524,-217073.39419838128,31200.0,0,0,0,0,0,0,0,inf,inf,NA,1,5,5,5,23,6,0,0,CONTINUE,0,A,1,1,0,KEEP_STRUCTURAL_IN_ON_CUT,2,3,0,0,"tail_cont_enabled=1 tail_active_dims=(1,) tail_delta=0.1 tail_start=(6, 6, 6) returned_y=(0, 1, 6) returned_b=(0, 0, 1) returned_u=(0, 0, 0) returned_zcap=(0, 1, 6) max_tail_u=0",NA
120,P1_no_rho,409,1771.5101448000642,5.846348000108264,3.0181908999802545,0.16519649990368634,0.01,47170.80798370954,47170.80798370954,-77668.19743609,-58942.34662312007,0.0,-27163.020321375574,-76658.04969069349,-76658.03513926103,-60357.74299170577,-27163.020321375574,33194.72267033019,33194.7226703302,-26511.891003751756,38388.5,nan,nan,1.5000000000000002,10.0,0.0,0.0,10.0,0.85,CORE,MAIN,1.2127571724534636,0.26166801621333624,0.6,0.174,-60357.74299170577,STRUCTURAL,-0.8708535826355854,-217073.39419838128,31200.0,0,0,0,0,0,0,0,inf,inf,NA,1,5,5,5,23,6,0,0,CONTINUE,0,A,1,1,0,KEEP_STRUCTURAL_IN_ON_CUT,2,3,0,0,"tail_cont_enabled=1 tail_active_dims=(1,) tail_delta=0.1 tail_start=(6, 6, 6) returned_y=(0, 1, 6) returned_b=(0, 0, 1) returned_u=(0, 0, 0) returned_zcap=(0, 1, 6) max_tail_u=0",NA
120,P1_no_rho,410,1778.195077200071,5.846348000108264,6.684333099983633,0.19713969994336367,0.01,49724.74564803188,49724.74564803188,-77668.19743609,-58559.25597347173,0.0,-27163.020321375574,-74838.8275722674,-74838.81337920413,-60357.74299170577,-27163.020321375574,33194.72267033019,33194.7226703302,-26988.635178811855,37299.5,nan,nan,1.5000000000000002,10.0,0.0,0.0,10.0,0.85,CORE,MAIN,1.2132611102972026,0.26598266082613053,0.6,0.174,-60357.74299170577,STRUCTURAL,-0.8552425314082364,-217073.39419838128,31200.0,0,0,0,0,0,0,0,inf,inf,NA,1,5,5,5,23,6,0,0,CONTINUE,0,A,1,1,0,KEEP_STRUCTURAL_IN_ON_CUT,2,3,0,0,"tail_cont_enabled=1 tail_active_dims=(1,) tail_delta=0.1 tail_start=(6, 6, 6) returned_y=(0, 1, 6) returned_b=(0, 0, 1) returned_u=(0, 0, 0) returned_zcap=(0, 1, 6) max_tail_u=0",NA
120,P1_no_rho,411,1781.4828359000385,5.846348000108264,3.2874486999353394,0.17085949995089322,0.01,55293.585138045484,55293.585138045484,-77668.19743609,-57723.930049969684,0.0,-27163.020321375574,-77158.0295296682,-77158.014843815,-60357.74299170577,-27163.020321375574,33194.72267033019,33194.7226703302,-28242.285171308573,38464.0,nan,nan,1.5000000000000002,10.0,0.0,0.0,10.0,0.85,CORE,MAIN,1.2137191383858075,0.2606298236152087,0.6,0.174,-60357.74299170577,STRUCTURAL,-0.847818387279992,-217073.39419838128,31200.0,0,0,0,0,0,0,0,inf,inf,NA,1,5,5,5,23,6,0,0,CONTINUE,0,A,1,1,0,KEEP_STRUCTURAL_IN_ON_CUT,2,3,0,0,"tail_cont_enabled=1 tail_active_dims=(1,) tail_delta=0.1 tail_start=(6, 6, 6) returned_y=(0, 1, 6) returned_b=(0, 0, 1) returned_u=(0, 0, 0) returned_zcap=(0, 1, 6) max_tail_u=0",NA
120,P1_no_rho,412,1784.7656282000244,5.846348000108264,3.2823240000288934,0.21150710002984852,0.01,44462.12808056516,44462.12808056516,-77668.19743609,-59348.648608591735,0.0,-27163.020321375574,-81149.09124149471,-81149.07597210571,-60357.74299170577,-27163.020321375574,33194.72267033019,33194.7226703302,-31676.717024412985,39601.0,nan,nan,1.5000000000000002,10.0,0.0,0.0,10.0,0.85,CORE,MAIN,1.213264150167158,0.23213551235693308,0.6,0.174,-60357.74299170577,STRUCTURAL,-0.8328469642634061,-217073.39419838128,31200.0,0,0,0,0,0,0,0,inf,inf,NA,1,5,5,5,23,6,0,0,CONTINUE,0,A,1,1,0,KEEP_STRUCTURAL_IN_ON_CUT,2,3,0,0,"tail_cont_enabled=1 tail_active_dims=(1,) tail_delta=0.1 tail_start=(6, 6, 6) returned_y=(0, 1, 6) returned_b=(0, 0, 1) returned_u=(0, 0, 0) returned_zcap=(0, 1, 6) max_tail_u=0",NA
120,P1_no_rho,413,1788.0162640000926,5.846348000108264,3.2501550000160933,0.19703469995874912,0.01,53321.513338303004,53321.513338303004,-77668.19743609,-58019.74081993106,0.0,-27163.020321375574,-88645.92086869456,-88645.90602686605,-60357.74299170577,-27163.020321375574,33194.72267033019,33194.7226703302,-30622.58180240529,42260.5,nan,nan,1.5000000000000002,10.0,0.0,0.0,10.0,0.85,CORE,MAIN,1.2108486289328702,0.24761962558623152,0.6,0.174,-60357.74299170577,STRUCTURAL,-0.9153279338777467,-217073.39419838128,31200.0,0,0,0,0,0,0,0,inf,inf,NA,1,5,5,5,23,6,0,0,CONTINUE,0,A,1,1,0,KEEP_STRUCTURAL_IN_ON_CUT,2,3,0,0,"tail_cont_enabled=1 tail_active_dims=(1,) tail_delta=0.1 tail_start=(6, 6, 6) returned_y=(6, 2, 0) returned_b=(1, 0, 0) returned_u=(0, 0, 0) returned_zcap=(6, 2, 0) max_tail_u=0",NA
120,P1_no_rho,414,1791.6844089000951,5.846348000108264,3.6675775999901816,0.17694789997767657,0.01,54252.59596054695,54252.59596054695,-77668.19743609,-57880.07842659447,0.0,-27163.020321375574,-71593.89548254835,-71593.88198354452,-60357.74299170577,-27163.020321375574,33194.72267033019,33194.7226703302,-27040.999461467658,34087.0,nan,nan,1.5000000000000002,10.0,0.0,0.0,10.0,0.85,CORE,MAIN,1.2090727457620531,0.27553206019822385,0.6,0.174,-60357.74299170577,STRUCTURAL,-0.8713562848412758,-217073.39419838128,31200.0,0,0,0,0,0,0,0,inf,inf,NA,1,5,5,5,23,6,0,0,CONTINUE,0,A,1,1,0,KEEP_STRUCTURAL_IN_ON_CUT,2,3,0,0,"tail_cont_enabled=1 tail_active_dims=(1,) tail_delta=0.1 tail_start=(6, 6, 6) returned_y=(6, 2, 0) returned_b=(1, 0, 0) returned_u=(0, 0, 0) returned_zcap=(6, 2, 0) max_tail_u=0",NA
120,P1_no_rho,415,1798.563968100003,5.846348000108264,6.879074499942362,0.17450900003314018,0.01,45640.768565452854,45640.768565452854,-77668.19743609,-59171.85253585858,0.0,-27163.020321375574,-74395.28521139579,-74395.27117548867,-60357.74299170577,-27163.020321375574,33194.72267033019,33194.7226703302,-27687.54700045587,34695.0,nan,nan,1.5000000000000002,10.0,0.0,0.0,10.0,0.85,CORE,MAIN,1.2085216946256099,0.2670018695716234,0.6,0.174,-60357.74299170577,STRUCTURAL,-0.8974919378398961,-217073.39419838128,31200.0,0,0,0,0,0,0,0,inf,inf,NA,1,5,5,5,23,6,0,0,CONTINUE,0,A,1,1,0,KEEP_STRUCTURAL_IN_ON_CUT,2,3,0,0,"tail_cont_enabled=1 tail_active_dims=(1,) tail_delta=0.1 tail_start=(6, 6, 6) returned_y=(6, 2, 0) returned_b=(1, 0, 0) returned_u=(0, 0, 0) returned_zcap=(6, 2, 0) max_tail_u=0",NA
