S,algo,t,wall_time_sec,init_time_sec,outer_iter_time_sec,inner_time_sec,eps_in_t,eta_t_star,eta_out,eta_in,eta_sep,eta_cap,eta_bracket,inner_lb,inner_ub,global_lb,global_ub,outer_gap,objective_cert_gap,best_ub_primal_obj,best_ub_primal_residual,returned_primal_obj,returned_primal_residual,lambda_inf,lambda_out_inf,lambda_in_inf,rho,theta,alpha_eff,phase_label,phase_reason,center_inf,center_step,anchor_mix,directional_beta,dual_inc_eta,sep_anchor_reason,alpha_signal,best_feas_eta,best_feas_residual,close_signal_streak,close_lock_counter,close_bc_count,close_case_c_count,close_reset_count,close_feas_lock_count,close_shadow_active,close_repaired_gap,close_repaired_residual,close_repaired_tag,inner_rnc_iters,inner_eval_calls,num_rnc_samples,num_rnc_kept_cuts,num_master_cuts,cut_added,outer_gap_certified,final_solution_found,stop_reason,sep_ok,case_label,sep_cut,out_cut,mispricing_streak,in_update_reason,add_geo,add_sup,add_rep,cap_promoted,z_best_ub,returned_z
120,P1_no_rho,1,13.294197900104336,5.615981000009924,7.678079100092873,4.209651399985887,0.01,0.0,0.0,-66240.91618551052,0.0,0.0,-23428.26778232749,-66240.91618551052,-66240.90600615554,-66240.91618551052,-23428.26778232749,42812.64840318303,42812.64840318301,-66240.90600615552,75360.0,nan,nan,0.0,0.0,0.0,0.0,10.0,0.0,HEADING_IN,WARMUP,0.0,0.0,0.8,0.0,-66240.91618551052,BOOT_NONE,0.0,-66240.91618551052,75360.0,0,0,0,0,0,0,0,inf,inf,NA,1,2,2,2,2,5,0,0,CONTINUE,0,A,1,1,0,BOOT_VALID_FROM_CUT,2,2,0,0,"tail_cont_enabled=1 tail_active_dims=(1,) tail_delta=0.1 tail_start=(6, 6, 6) returned_y=(0, 0, 0) returned_b=(0, 0, 0) returned_u=(0, 0, 0) returned_zcap=(0, 0, 0) max_tail_u=0",NA
120,P1_no_rho,2,16.684928200091235,5.615981000009924,3.390149899991229,1.4438756000017747,0.01,459431.09399384446,459431.09399384446,-66240.91618551052,301729.49094003794,0.0,-23428.26778232749,-192068.22520485567,-192068.14550390153,-66240.91618551052,-23428.26778232749,42812.64840318303,42812.64840318301,1131.8544960984887,27600.0,nan,nan,7.0,10.0,0.0,0.0,10.0,0.3,HEADING_IN,WARMUP,0.2613079796064512,0.2613079796064512,0.8,0.0,-66240.91618551052,STRUCTURAL,-1.0,-192068.22520485567,27600.0,0,0,0,0,0,0,0,inf,inf,NA,1,2,2,2,4,5,0,0,CONTINUE,0,A,1,1,0,KEEP_STRUCTURAL_IN_ON_CUT,2,2,0,0,"tail_cont_enabled=1 tail_active_dims=(1,) tail_delta=0.1 tail_start=(6, 6, 6) returned_y=(0, 4, 4) returned_b=(0, 0, 0) returned_u=(0, 0, 0) returned_zcap=(0, 4, 4) max_tail_u=0",NA
120,P1_no_rho,3,19.73580710007809,5.615981000009924,3.0503777000121772,0.11735620000399649,0.01,49059.85449609849,49059.85449609849,-66240.91618551052,14469.623291615786,0.0,-23428.26778232749,-377332.14694778353,-377332.07035246084,-66240.91618551052,-23428.26778232749,42812.64840318303,42812.64840318301,-25583.414353062828,51288.0,nan,nan,7.0,10.0,0.0,0.0,10.0,0.3,HEADING_IN,WARMUP,0.4696058134595128,0.23948645989339087,0.8,0.0,-66240.91618551052,STRUCTURAL,-0.9797576041162455,-192068.22520485567,27600.0,0,0,0,0,0,0,0,inf,inf,NA,2,3,3,3,6,7,0,0,CONTINUE,0,A,1,1,0,KEEP_STRUCTURAL_IN_ON_CUT,2,3,1,0,"tail_cont_enabled=1 tail_active_dims=(1,) tail_delta=0.1 tail_start=(6, 6, 6) returned_y=(2, 0, 5) returned_b=(0, 0, 0) returned_u=(0, 0, 0) returned_zcap=(2, 0, 5) max_tail_u=0",NA
120,P1_no_rho,4,24.196182600106113,5.615981000009924,4.460072100046091,0.13681409996934235,0.01,49059.85449609849,49059.85449609849,-66240.91618551052,14469.623291615786,0.0,-23428.26778232749,-404054.0569699049,-404053.9815485469,-66240.91618551052,-23428.26778232749,42812.64840318303,42812.64840318301,-23094.32555002384,56970.0,nan,nan,7.0,10.0,0.0,0.0,10.0,0.3,HEADING_IN,WARMUP,0.9263561471123396,0.4567503336528268,0.8,0.0,-66240.91618551052,STRUCTURAL,-0.9552888888851853,-192068.22520485567,27600.0,0,0,0,0,0,0,0,inf,inf,NA,2,4,4,4,10,7,0,0,CONTINUE,0,A,1,1,0,KEEP_STRUCTURAL_IN_ON_CUT,2,3,1,0,"tail_cont_enabled=1 tail_active_dims=(1,) tail_delta=0.1 tail_start=(6, 6, 6) returned_y=(2, 6, 0) returned_b=(0, 1, 0) returned_u=(0, 0.1, 0) returned_zcap=(2, 6.1, 0) max_tail_u=0.1",NA
120,P1_no_rho,5,38.406911200028844,5.615981000009924,14.210078299976885,0.15509149990975857,0.01,-3867.511045010817,-3867.511045010817,-66240.91618551052,-22579.532587160727,0.0,-23486.602948644642,-140804.0863584563,-140804.05805985304,-66240.91618551052,-23486.602948644642,42754.31323686588,42764.344178431675,-55831.29674863777,56791.0,nan,nan,7.0,10.0,0.0,0.0,10.0,0.3,HEADING_IN,WARMUP,1.3130576246446357,0.5869262249669632,0.8,0.0,-66240.91618551052,STRUCTURAL,-0.21374805693863785,-192068.22520485567,27600.0,0,0,0,0,0,0,0,inf,inf,NA,2,5,5,5,14,7,0,0,CONTINUE,0,A,1,1,0,KEEP_STRUCTURAL_IN_ON_CUT,2,3,1,0,"tail_cont_enabled=1 tail_active_dims=(1,) tail_delta=0.1 tail_start=(6, 6, 6) returned_y=(6, 0, 0) returned_b=(1, 0, 0) returned_u=(0, 0, 0) returned_zcap=(6, 0, 0) max_tail_u=0",NA
120,P1_no_rho,6,41.81880250002723,5.615981000009924,3.411347199929878,0.15615399996750057,0.01,-5605.698783159259,-5605.698783159259,-66240.91618551052,-23796.264003864635,0.0,-23486.602948644642,-173783.56786563265,-173783.52864055522,-66240.91618551052,-23486.602948644642,42754.31323686588,42764.344178431675,-48839.34829461546,57322.0,nan,nan,7.0,10.0,0.0,0.0,10.0,0.3,HEADING_IN,WARMUP,1.2535260064679568,0.5292800638643363,0.8,0.0,-66240.91618551052,STRUCTURAL,-0.31138426120596874,-192068.22520485567,27600.0,0,0,0,0,0,0,0,inf,inf,NA,1,5,5,5,18,6,0,0,CONTINUE,0,A,1,1,0,KEEP_STRUCTURAL_IN_ON_CUT,2,3,0,0,"tail_cont_enabled=1 tail_active_dims=(1,) tail_delta=0.1 tail_start=(6, 6, 6) returned_y=(6, 0, 0) returned_b=(1, 0, 0) returned_u=(0, 0, 0) returned_zcap=(6, 0, 0) max_tail_u=0",NA
120,P1_no_rho,7,45.762834400055,5.615981000009924,3.9435137000400573,0.14825050008948892,0.01,-8837.476303959253,-8837.476303959253,-66240.91618551052,-26058.50826842463,0.0,-23486.602948644642,-228288.9006087264,-228288.846292822,-66240.91618551052,-23486.602948644642,42754.31323686588,42764.344178431675,-41390.39564142685,45741.0,nan,nan,7.0,10.0,0.0,0.0,10.0,0.3,HEADING_IN,WARMUP,1.6388677062652126,0.5140224792743204,0.8,0.0,-66240.91618551052,STRUCTURAL,-0.5837165489273306,-192068.22520485567,27600.0,0,0,0,0,0,0,0,inf,inf,NA,1,5,5,5,21,6,0,0,CONTINUE,0,A,1,1,0,KEEP_STRUCTURAL_IN_ON_CUT,2,3,0,0,"tail_cont_enabled=1 tail_active_dims=(1,) tail_delta=0.1 tail_start=(6, 6, 6) returned_y=(6, 0, 0) returned_b=(1, 0, 0) returned_u=(0, 0, 0) returned_zcap=(6, 0, 0) max_tail_u=0",NA
120,P1_no_rho,8,49.453390400041826,5.615981000009924,3.690099500003271,0.1528937000548467,0.01,-5908.1561979929065,-5908.1561979929065,-66240.91618551052,-24007.98419424819,0.0,-23486.602948644642,-286198.10437836393,-286198.0334852264,-66240.91618551052,-23486.602948644642,42754.31323686588,42764.344178431675,-35813.907069409055,47991.5,nan,nan,7.0,10.0,0.0,0.0,10.0,0.3,HEADING_IN,WARMUP,1.935286821384542,0.6963186872932401,0.8,0.0,-66240.91618551052,STRUCTURAL,-0.7453228366803566,-192068.22520485567,27600.0,0,0,0,0,0,0,0,inf,inf,NA,1,5,5,5,21,6,0,0,CONTINUE,0,A,1,1,0,KEEP_STRUCTURAL_IN_ON_CUT,2,3,0,0,"tail_cont_enabled=1 tail_active_dims=(1,) tail_delta=0.1 tail_start=(6, 6, 6) returned_y=(0, 0, 0) returned_b=(0, 0, 0) returned_u=(0, 0, 0) returned_zcap=(0, 0, 0) max_tail_u=0",NA
120,P1_no_rho,9,54.46682250010781,5.615981000009924,5.012889200006612,0.14931010000873357,0.01,166484.85556129986,166484.85556129986,-66240.91618551052,-31332.050423488956,0.0,-23486.602948644642,-70413.66936215445,-70413.65713458807,-66240.91618551052,-23486.602948644642,42754.31323686588,42764.344178431675,-15394.909199935217,39139.0,nan,nan,1.5000000000000002,10.0,0.0,0.0,10.0,0.85,CORE,FORCE_CORE,1.607306556765042,0.6936427360812834,0.6,0.174,-66240.91618551052,STRUCTURAL,-0.937151314284181,-192068.22520485567,27600.0,0,0,0,0,0,0,0,inf,inf,NA,1,5,5,5,21,6,0,0,CONTINUE,0,A,1,1,0,KEEP_STRUCTURAL_IN_ON_CUT,2,3,0,0,"tail_cont_enabled=1 tail_active_dims=(1,) tail_delta=0.1 tail_start=(6, 6, 6) returned_y=(0, 4, 4) returned_b=(0, 0, 0) returned_u=(0, 0, 0) returned_zcap=(0, 4, 4) max_tail_u=0",NA
120,P1_no_rho,10,66.00046110001858,5.615981000009924,11.533305699937046,0.17530270002316684,0.01,63162.05755330858,63162.05755330858,-66240.91618551052,-46830.47012468765,0.0,-23486.602948644642,-82102.17086264057,-82102.1562670138,-66240.91618551052,-23486.602948644642,42754.31323686588,42764.344178431675,-30055.83426948875,43164.5,nan,nan,1.5000000000000002,10.0,0.0,0.0,10.0,0.85,CORE,FORCE_CORE,1.2715818784911959,0.5297025142342751,0.6,0.174,-66240.91618551052,STRUCTURAL,-0.8038445481437297,-192068.22520485567,27600.0,0,0,0,0,0,0,0,inf,inf,NA,2,6,6,6,21,7,0,0,CONTINUE,0,A,1,1,0,KEEP_STRUCTURAL_IN_ON_CUT,2,3,1,0,"tail_cont_enabled=1 tail_active_dims=(1,) tail_delta=0.1 tail_start=(6, 6, 6) returned_y=(1, 0, 6) returned_b=(0, 0, 1) returned_u=(0, 0, 0) returned_zcap=(1, 0, 6) max_tail_u=0",NA
120,P1_no_rho,11,70.81239630002528,5.615981000009924,4.811410399968736,0.18009869998786598,0.01,71013.04802003385,71013.04802003385,-66240.91618551052,-45652.82155467886,0.0,-23486.602948644642,-78666.26748123897,-78666.25401656615,-66240.91618551052,-23486.602948644642,42754.31323686588,42764.344178431675,-24271.52096810716,41812.0,nan,nan,1.5000000000000002,10.0,0.0,0.0,10.0,0.85,CORE,FORCE_CORE,1.136476393099498,0.4785851321443507,0.6,0.174,-66240.91618551052,STRUCTURAL,-0.8672906190959371,-192068.22520485567,27600.0,0,0,0,0,0,0,0,inf,inf,NA,2,6,6,6,22,6,0,0,CONTINUE,0,A,1,1,0,KEEP_STRUCTURAL_IN_ON_CUT,2,3,0,0,"tail_cont_enabled=1 tail_active_dims=(1,) tail_delta=0.1 tail_start=(6, 6, 6) returned_y=(6, 0, 0) returned_b=(1, 0, 0) returned_u=(0, 0, 0) returned_zcap=(6, 0, 0) max_tail_u=0",NA
120,P1_no_rho,12,74.53539730003104,5.615981000009924,3.7225832999683917,0.15833630005363375,0.01,38834.09582078386,38834.09582078386,-66240.91618551052,-50479.66438456636,0.0,-23486.602948644642,-69633.01621753689,-69633.00384240969,-66240.91618551052,-23486.602948644642,42754.31323686588,42764.344178431675,-21076.604549915402,36568.5,nan,nan,1.5000000000000002,10.0,0.0,0.0,10.0,0.85,CORE,FORCE_CORE,1.0368830745957927,0.40246035215623965,0.6,0.174,-66240.91618551052,STRUCTURAL,-0.885213581679939,-192068.22520485567,27600.0,0,0,0,0,0,0,0,inf,inf,NA,1,5,5,5,22,6,0,0,CONTINUE,0,A,1,1,0,KEEP_STRUCTURAL_IN_ON_CUT,2,3,0,0,"tail_cont_enabled=1 tail_active_dims=(1,) tail_delta=0.1 tail_start=(6, 6, 6) returned_y=(6, 0, 0) returned_b=(1, 0, 0) returned_u=(0, 0, 0) returned_zcap=(6, 0, 0) max_tail_u=0",NA
120,P1_no_rho,13,79.53262680000626,5.615981000009924,4.996609399910085,0.17997699999250472,0.01,29642.994341647278,29642.994341647278,-66240.91618551052,-51858.32960643685,0.0,-23486.602948644642,-66204.25501408502,-66204.24258263198,-66204.25501408502,-23486.602948644642,42717.65206544038,42727.68300700618,-23083.57109705034,31148.0,nan,nan,1.5000000000000002,10.0,0.0,0.0,10.0,0.85,CORE,FORCE_CORE,1.095289818847606,0.4539192561045801,0.6,0.174,-66204.25501408502,STRUCTURAL,-0.9229200694658114,-192068.22520485567,27600.0,0,0,0,0,0,0,0,inf,inf,NA,2,6,6,6,22,7,0,0,CONTINUE,0,A,1,1,0,KEEP_STRUCTURAL_IN_ON_CUT,2,3,1,0,"tail_cont_enabled=1 tail_active_dims=(1,) tail_delta=0.1 tail_start=(6, 6, 6) returned_y=(4, 1, 2) returned_b=(0, 0, 0) returned_u=(0, 0, 0) returned_zcap=(4, 1, 2) max_tail_u=0",NA
120,P1_no_rho,14,85.76770040008705,5.615981000009924,6.234524999978021,0.1776031000772491,0.01,15201.478581877871,15201.478581877871,-66240.91618551052,-54024.55697040226,0.0,-23486.602948644642,-68452.61019541734,-68452.59697743965,-66204.25501408502,-23486.602948644642,42717.65206544038,42727.68300700618,-22653.359365629938,32803.5,nan,nan,1.5000000000000002,10.0,0.0,0.0,10.0,0.85,CORE,FORCE_CORE,1.1348263653514923,0.33215069589875923,0.6,0.174,-66204.25501408502,STRUCTURAL,-0.9307794922657582,-192068.22520485567,27600.0,0,0,0,0,0,0,0,inf,inf,NA,2,6,6,6,23,7,0,0,CONTINUE,0,A,1,1,0,KEEP_STRUCTURAL_IN_ON_CUT,2,3,1,0,"tail_cont_enabled=1 tail_active_dims=(1,) tail_delta=0.1 tail_start=(6, 6, 6) returned_y=(5, 2, 0) returned_b=(0, 0, 0) returned_u=(0, 0, 0) returned_zcap=(5, 2, 0) max_tail_u=0",NA
120,P1_no_rho,15,104.16606390010566,5.615981000009924,18.397985800052993,0.15102730004582554,0.01,14816.673433191128,14816.673433191128,-66240.91618551052,-54082.27774270527,0.0,-23486.602948644642,-89850.6747516639,-89850.65819957346,-66204.25501408502,-23486.602948644642,42717.65206544038,42727.68300700618,-34077.17173303299,40248.0,nan,nan,1.5000000000000002,10.0,0.0,0.0,10.0,0.85,CORE,MAIN,1.1563031529377001,0.2830412132753335,0.6,0.174,-66204.25501408502,STRUCTURAL,-0.9238303595464861,-192068.22520485567,27600.0,0,0,0,0,0,0,0,inf,inf,NA,1,5,5,5,24,6,0,0,CONTINUE,0,A,1,1,0,KEEP_STRUCTURAL_IN_ON_CUT,2,3,0,0,"tail_cont_enabled=1 tail_active_dims=(1,) tail_delta=0.1 tail_start=(6, 6, 6) returned_y=(5, 2, 0) returned_b=(0, 0, 0) returned_u=(0, 0, 0) returned_zcap=(5, 2, 0) max_tail_u=0",NA
120,P1_no_rho,16,110.43397900008131,5.615981000009924,6.2672068000538275,0.1799387999344617,0.01,123231.01839852767,123231.01839852767,-66240.91618551052,-37820.12599790479,0.0,-23486.602948644642,-88282.38466827352,-88282.3701017486,-66204.25501408502,-23486.602948644642,42717.65206544038,42727.68300700618,-25269.892867220773,46601.0,nan,nan,1.5000000000000002,10.0,0.0,0.0,10.0,0.85,CORE,MAIN,1.1683377530224126,0.2481898786789739,0.6,0.174,-66204.25501408502,STRUCTURAL,-0.9014467105073256,-192068.22520485567,27600.0,0,0,0,0,0,0,0,inf,inf,NA,2,6,6,6,24,7,0,0,CONTINUE,0,A,1,1,0,KEEP_STRUCTURAL_IN_ON_CUT,2,3,1,0,"tail_cont_enabled=1 tail_active_dims=(1,) tail_delta=0.1 tail_start=(6, 6, 6) returned_y=(0, 6, 2) returned_b=(0, 1, 0) returned_u=(0, 0.1, 0) returned_zcap=(0, 6.1, 2) max_tail_u=0.1",NA
120,P1_no_rho,17,115.4693883000873,5.615981000009924,5.03481230000034,0.1790857999585569,0.01,54994.1451829147,54994.1451829147,-66240.91618551052,-48055.656980246735,0.0,-23486.602948644642,-76842.63619263044,-76842.62211850777,-66204.25501408502,-23486.602948644642,42717.65206544038,42727.68300700618,-26649.59949673968,37225.5,nan,nan,1.5000000000000002,10.0,0.0,0.0,10.0,0.85,CORE,MAIN,1.1770990372012917,0.2508748716465554,0.6,0.174,-66204.25501408502,STRUCTURAL,-0.8989003527468731,-192068.22520485567,27600.0,0,0,0,0,0,0,0,inf,inf,NA,2,6,6,6,25,6,0,0,CONTINUE,0,A,1,1,0,KEEP_STRUCTURAL_IN_ON_CUT,2,3,0,0,"tail_cont_enabled=1 tail_active_dims=(1,) tail_delta=0.1 tail_start=(6, 6, 6) returned_y=(2, 6, 0) returned_b=(0, 1, 0) returned_u=(0, 0.1, 0) returned_zcap=(2, 6.1, 0) max_tail_u=0.1",NA
120,P1_no_rho,18,122.74267790000886,5.615981000009924,7.27267779991962,0.1493882000213489,0.01,51191.56819106205,51191.56819106205,-66240.91618551052,-48626.04352902463,0.0,-23486.602948644642,-64862.08814533933,-64862.075312048924,-64862.08814533933,-23486.602948644642,41375.48519669469,41385.516138260486,-21724.376260925073,34786.5,nan,nan,1.5000000000000002,10.0,0.0,0.0,10.0,0.85,CORE,MAIN,1.184587607471219,0.5201452632781769,0.6,0.174,-64862.08814533933,STRUCTURAL,-0.8267134099171394,-192068.22520485567,27600.0,0,0,0,0,0,0,0,inf,inf,NA,1,5,5,5,25,6,0,0,CONTINUE,0,A,1,1,0,KEEP_STRUCTURAL_IN_ON_CUT,2,3,0,0,"tail_cont_enabled=1 tail_active_dims=(1,) tail_delta=0.1 tail_start=(6, 6, 6) returned_y=(1, 0, 6) returned_b=(0, 0, 1) returned_u=(0, 0, 0) returned_zcap=(1, 0, 6) max_tail_u=0",NA
120,P1_no_rho,19,130.36598010000307,5.615981000009924,7.622663499903865,0.15864240005612373,0.01,58443.398218111375,58443.398218111375,-66240.91618551052,-47538.26902496723,0.0,-23486.602948644642,-66929.78242049749,-66929.76955087572,-64862.08814533933,-23486.602948644642,41375.48519669469,41385.516138260486,-21185.285703510643,35993.0,nan,nan,1.5000000000000002,10.0,0.0,0.0,10.0,0.85,CORE,MAIN,1.1904492219013882,0.40666153474842537,0.6,0.12,-64862.08814533933,STRUCTURAL,-0.847284821073821,-192068.22520485567,27600.0,0,0,0,0,0,0,0,inf,inf,NA,1,5,5,5,25,6,0,0,CONTINUE,0,A,1,1,0,KEEP_STRUCTURAL_IN_ON_CUT,2,3,0,0,"tail_cont_enabled=1 tail_active_dims=(1,) tail_delta=0.1 tail_start=(6, 6, 6) returned_y=(1, 0, 6) returned_b=(0, 0, 1) returned_u=(0, 0, 0) returned_zcap=(1, 0, 6) max_tail_u=0",NA
120,P1_no_rho,20,145.53719210007694,5.615981000009924,15.170576400007121,0.18715040001552552,0.01,54574.79186387412,54574.79186387412,-66240.91618551052,-48118.55997810282,0.0,-23486.602948644642,-67308.17958699558,-67308.16658136515,-64862.08814533933,-23486.602948644642,41375.48519669469,41385.516138260486,-21855.154361507542,35335.0,nan,nan,1.5000000000000002,10.0,0.0,0.0,10.0,0.85,CORE,MAIN,1.1949678216058954,0.34125414772719986,0.6,0.13799999999999998,-64862.08814533933,STRUCTURAL,-0.8575635530372645,-192068.22520485567,27600.0,0,0,0,0,0,0,0,inf,inf,NA,2,6,6,6,25,6,0,0,CONTINUE,0,A,1,1,0,KEEP_STRUCTURAL_IN_ON_CUT,2,3,0,0,"tail_cont_enabled=1 tail_active_dims=(1,) tail_delta=0.1 tail_start=(6, 6, 6) returned_y=(0, 4, 4) returned_b=(0, 0, 0) returned_u=(0, 0, 0) returned_zcap=(0, 4, 4) max_tail_u=0",NA
120,P1_no_rho,21,150.9597197000403,5.615981000009924,5.4219931999687105,0.17462450009770691,0.01,62693.47995552832,62693.47995552832,-66240.91618551052,-46900.75676435469,0.0,-23486.602948644642,-74259.49218204826,-74259.47788126553,-64862.08814533933,-23486.602948644642,41375.48519669469,41385.516138260486,-25825.648026674775,36905.0,nan,nan,1.5000000000000002,10.0,0.0,0.0,10.0,0.85,CORE,MAIN,1.1979000359273373,0.2757035512510676,0.6,0.156,-64862.08814533933,STRUCTURAL,-0.8749280559019236,-192068.22520485567,27600.0,0,0,0,0,0,0,0,inf,inf,NA,2,6,6,6,25,6,0,0,CONTINUE,0,A,1,1,0,KEEP_STRUCTURAL_IN_ON_CUT,2,3,0,0,"tail_cont_enabled=1 tail_active_dims=(1,) tail_delta=0.1 tail_start=(6, 6, 6) returned_y=(2, 0, 5) returned_b=(0, 0, 0) returned_u=(0, 0, 0) returned_zcap=(2, 0, 5) max_tail_u=0",NA
120,P1_no_rho,22,158.49360960000195,5.615981000009924,7.533287499914877,0.16191320004872978,0.01,28274.075540533046,28274.075540533046,-66240.91618551052,-52063.667426603984,0.0,-23486.602948644642,-60404.2825197189,-60404.27051190039,-60404.2825197189,-23486.602948644642,36917.67957107426,36927.71051264006,-18877.829083342825,33218.5,nan,nan,1.5000000000000002,10.0,0.0,0.0,10.0,0.85,CORE,MAIN,1.199714407513708,0.4881516383725908,0.6,0.174,-60404.2825197189,STRUCTURAL,-0.8333998911963223,-192068.22520485567,27600.0,0,0,0,0,0,0,0,inf,inf,NA,1,5,5,5,25,6,0,0,CONTINUE,0,A,1,1,0,KEEP_STRUCTURAL_IN_ON_CUT,2,3,0,0,"tail_cont_enabled=1 tail_active_dims=(1,) tail_delta=0.1 tail_start=(6, 6, 6) returned_y=(2, 0, 5) returned_b=(0, 0, 0) returned_u=(0, 0, 0) returned_zcap=(2, 0, 5) max_tail_u=0",NA
120,P1_no_rho,23,166.89706970006227,5.615981000009924,8.402924700058065,0.17364709998946637,0.01,42058.17813122918,42058.17813122918,-66240.91618551052,-49996.052037999565,0.0,-23486.602948644642,-90688.73351886812,-90688.71811799234,-60404.2825197189,-23486.602948644642,36917.67957107426,36927.71051264006,-29225.601004196942,43355.5,nan,nan,1.5000000000000002,10.0,0.0,0.0,10.0,0.85,CORE,MAIN,1.1960299878913698,0.375388728799031,0.6,0.12,-60404.2825197189,STRUCTURAL,-0.9451029606208423,-192068.22520485567,27600.0,0,0,0,0,0,0,0,inf,inf,NA,2,6,6,6,25,6,0,0,CONTINUE,0,A,1,1,0,KEEP_STRUCTURAL_IN_ON_CUT,2,3,0,0,"tail_cont_enabled=1 tail_active_dims=(1,) tail_delta=0.1 tail_start=(6, 6, 6) returned_y=(2, 6, 0) returned_b=(0, 1, 0) returned_u=(0, 0.1, 0) returned_zcap=(2, 6.1, 0) max_tail_u=0.1",NA
120,P1_no_rho,24,174.09929070004728,5.615981000009924,7.201763699995354,0.15525569999590516,0.01,41077.84686324676,41077.84686324676,-66240.91618551052,-50143.101728196925,0.0,-23486.602948644642,-83345.07291664986,-83345.05813507154,-60404.2825197189,-23486.602948644642,36917.67957107426,36927.71051264006,-28150.80149333851,40300.0,nan,nan,1.5000000000000002,10.0,0.0,0.0,10.0,0.85,CORE,MAIN,1.1911044219703009,0.3204528581822568,0.6,0.13799999999999998,-60404.2825197189,STRUCTURAL,-0.9130563547019523,-192068.22520485567,27600.0,0,0,0,0,0,0,0,inf,inf,NA,1,5,5,5,25,6,0,0,CONTINUE,0,A,1,1,0,KEEP_STRUCTURAL_IN_ON_CUT,2,3,0,0,"tail_cont_enabled=1 tail_active_dims=(1,) tail_delta=0.1 tail_start=(6, 6, 6) returned_y=(2, 6, 0) returned_b=(0, 1, 0) returned_u=(0, 0.1, 0) returned_zcap=(2, 6.1, 0) max_tail_u=0.1",NA
120,P1_no_rho,25,191.3863734001061,5.615981000009924,17.286631800001487,0.19462119997479022,0.01,64438.892871905606,64438.892871905606,-66240.91618551052,-46638.9448268981,0.0,-23486.602948644642,-71552.27129711161,-71552.25754661627,-60404.2825197189,-23486.602948644642,36917.67957107426,36927.71051264006,-23538.371036673383,33980.0,nan,nan,1.5000000000000002,10.0,0.0,0.0,10.0,0.85,CORE,MAIN,1.1888889106049518,0.2911945086992532,0.6,0.156,-60404.2825197189,STRUCTURAL,-0.9420028744348223,-192068.22520485567,27600.0,0,0,0,0,0,0,0,inf,inf,NA,2,6,6,6,25,6,0,0,CONTINUE,0,A,1,1,0,KEEP_STRUCTURAL_IN_ON_CUT,2,3,0,0,"tail_cont_enabled=1 tail_active_dims=(1,) tail_delta=0.1 tail_start=(6, 6, 6) returned_y=(5, 2, 0) returned_b=(0, 0, 0) returned_u=(0, 0, 0) returned_zcap=(5, 2, 0) max_tail_u=0",NA
120,P1_no_rho,26,199.43347720010206,5.615981000009924,8.046445900108665,0.17579570005182177,0.01,62186.84619390249,62186.84619390249,-66240.91618551052,-46976.751828598564,0.0,-23486.602948644642,-67379.79401452316,-67379.78077061682,-60404.2825197189,-23486.602948644642,36917.67957107426,36927.71051264006,-22265.02449321888,32205.5,nan,nan,1.5000000000000002,10.0,0.0,0.0,10.0,0.85,CORE,MAIN,1.1889699466863892,0.2702952199208728,0.6,0.174,-60404.2825197189,STRUCTURAL,-0.9338934090429265,-192068.22520485567,27600.0,0,0,0,0,0,0,0,inf,inf,NA,2,6,6,6,25,7,0,0,CONTINUE,0,A,1,1,0,KEEP_STRUCTURAL_IN_ON_CUT,2,3,1,0,"tail_cont_enabled=1 tail_active_dims=(1,) tail_delta=0.1 tail_start=(6, 6, 6) returned_y=(2, 5, 1) returned_b=(0, 0, 0) returned_u=(0, 0, 0) returned_zcap=(2, 5, 1) max_tail_u=0",NA
120,P1_no_rho,27,206.66790480003692,5.615981000009924,7.234115800005384,0.1701331000076607,0.01,51138.02343209342,51138.02343209342,-66240.91618551052,-48634.07524286993,0.0,-23486.602948644642,-66575.8049328611,-66575.7919198221,-60404.2825197189,-23486.602948644642,36917.67957107426,36927.71051264006,-20314.24688123471,35335.0,nan,nan,1.5000000000000002,10.0,0.0,0.0,10.0,0.85,CORE,MAIN,1.1905743257318337,0.267050048231697,0.6,0.174,-60404.2825197189,STRUCTURAL,-0.872818169682324,-192068.22520485567,27600.0,0,0,0,0,0,0,0,inf,inf,NA,1,5,5,5,26,6,0,0,CONTINUE,0,A,1,1,0,KEEP_STRUCTURAL_IN_ON_CUT,2,3,0,0,"tail_cont_enabled=1 tail_active_dims=(1,) tail_delta=0.1 tail_start=(6, 6, 6) returned_y=(1, 0, 6) returned_b=(0, 0, 1) returned_u=(0, 0, 0) returned_zcap=(1, 0, 6) max_tail_u=0",NA
120,P1_no_rho,28,214.81647860002704,5.615981000009924,8.147992099984549,0.18217859999276698,0.01,24804.821290628068,24804.821290628068,-66240.91618551052,-52584.05556408973,0.0,-23486.602948644642,-61132.482374671694,-61132.470203662946,-60404.2825197189,-23486.602948644642,36917.67957107426,36927.71051264006,-20171.96925939131,32463.0,nan,nan,1.5000000000000002,10.0,0.0,0.0,10.0,0.85,CORE,MAIN,1.1939882797584724,0.269277833793528,0.6,0.174,-60404.2825197189,STRUCTURAL,-0.8411730471464258,-192068.22520485567,27600.0,0,0,0,0,0,0,0,inf,inf,NA,2,6,6,6,26,6,0,0,CONTINUE,0,A,1,1,0,KEEP_STRUCTURAL_IN_ON_CUT,2,3,0,0,"tail_cont_enabled=1 tail_active_dims=(1,) tail_delta=0.1 tail_start=(6, 6, 6) returned_y=(2, 0, 5) returned_b=(0, 0, 0) returned_u=(0, 0, 0) returned_zcap=(2, 0, 5) max_tail_u=0",NA
120,P1_no_rho,29,219.63500280003063,5.615981000009924,4.818078299984336,0.15348149999044836,0.01,67301.48955989764,67301.48955989764,-66240.91618551052,-46209.55532369929,0.0,-23486.602948644642,-68926.60388554148,-68926.59049702625,-60404.2825197189,-23486.602948644642,36917.67957107426,36927.71051264006,-23883.00657949972,35930.0,nan,nan,1.5000000000000002,10.0,0.0,0.0,10.0,0.85,CORE,MAIN,1.196878764404373,0.2542214101863757,0.6,0.174,-60404.2825197189,STRUCTURAL,-0.8357655425832916,-192068.22520485567,27600.0,0,0,0,0,0,0,0,inf,inf,NA,1,5,5,5,26,6,0,0,CONTINUE,0,A,1,1,0,KEEP_STRUCTURAL_IN_ON_CUT,2,3,0,0,"tail_cont_enabled=1 tail_active_dims=(1,) tail_delta=0.1 tail_start=(6, 6, 6) returned_y=(0, 4, 4) returned_b=(0, 0, 0) returned_u=(0, 0, 0) returned_zcap=(0, 4, 4) max_tail_u=0",NA
120,P1_no_rho,30,235.80504520004615,5.615981000009924,16.169597500003874,0.15658820001408458,0.01,39107.70881510175,39107.70881510175,-66240.91618551052,-50438.62243541868,0.0,-23486.602948644642,-84301.17691277439,-84301.1616611299,-60404.2825197189,-23486.602948644642,36917.67957107426,36927.71051264006,-29422.81884333476,39159.5,nan,nan,1.5000000000000002,10.0,0.0,0.0,10.0,0.85,CORE,MAIN,1.1958143200388398,0.23388020191830838,0.6,0.174,-60404.2825197189,STRUCTURAL,-0.9342704038235958,-192068.22520485567,27600.0,0,0,0,0,0,0,0,inf,inf,NA,1,5,5,5,26,6,0,0,CONTINUE,0,A,1,1,0,KEEP_STRUCTURAL_IN_ON_CUT,2,3,0,0,"tail_cont_enabled=1 tail_active_dims=(1,) tail_delta=0.1 tail_start=(6, 6, 6) returned_y=(5, 2, 0) returned_b=(0, 0, 0) returned_u=(0, 0, 0) returned_zcap=(5, 2, 0) max_tail_u=0",NA
120,P1_no_rho,31,243.7269827000564,5.615981000009924,7.921450500027277,0.15557379997335374,0.01,33405.72690049067,33405.72690049067,-66240.91618551052,-51293.91972261034,0.0,-23486.602948644642,-76121.28207753152,-76121.26752786382,-60404.2825197189,-23486.602948644642,36917.67957107426,36927.71051264006,-27218.0977968562,35770.0,nan,nan,1.5000000000000002,10.0,0.0,0.0,10.0,0.85,CORE,MAIN,1.1944389759010612,0.24972302205271013,0.6,0.174,-60404.2825197189,STRUCTURAL,-0.9114373260834518,-192068.22520485567,27600.0,0,0,0,0,0,0,0,inf,inf,NA,1,5,5,5,26,6,0,0,CONTINUE,0,A,1,1,0,KEEP_STRUCTURAL_IN_ON_CUT,2,3,0,0,"tail_cont_enabled=1 tail_active_dims=(1,) tail_delta=0.1 tail_start=(6, 6, 6) returned_y=(5, 2, 0) returned_b=(0, 0, 0) returned_u=(0, 0, 0) returned_zcap=(5, 2, 0) max_tail_u=0",NA
120,P1_no_rho,32,250.84161820006557,5.615981000009924,7.114045000053011,0.16390649997629225,0.01,47912.76867879757,47912.76867879757,-66240.91618551052,-49117.8634558643,0.0,-23486.602948644642,-73469.37397764147,-73469.35992902229,-60404.2825197189,-23486.602948644642,36917.67957107426,36927.71051264006,-23871.07827895914,35181.0,nan,nan,1.5000000000000002,10.0,0.0,0.0,10.0,0.85,CORE,MAIN,1.1932876399628307,0.2563332025397045,0.6,0.174,-60404.2825197189,STRUCTURAL,-0.9398687103846421,-192068.22520485567,27600.0,0,0,0,0,0,0,0,inf,inf,NA,1,5,5,5,26,6,0,0,CONTINUE,0,A,1,1,0,KEEP_STRUCTURAL_IN_ON_CUT,2,3,0,0,"tail_cont_enabled=1 tail_active_dims=(1,) tail_delta=0.1 tail_start=(6, 6, 6) returned_y=(5, 2, 0) returned_b=(0, 0, 0) returned_u=(0, 0, 0) returned_zcap=(5, 2, 0) max_tail_u=0",NA
120,P1_no_rho,33,256.2686384000117,5.615981000009924,5.426379399956204,0.1510270000435412,0.01,54440.46523083915,54440.46523083915,-66240.91618551052,-48138.70897305806,0.0,-23486.602948644642,-70611.53719715793,-70611.5235803553,-60404.2825197189,-23486.602948644642,36917.67957107426,36927.71051264006,-23317.05178446643,33697.5,nan,nan,1.5000000000000002,10.0,0.0,0.0,10.0,0.85,CORE,MAIN,1.1928608055677559,0.2620293696835231,0.6,0.174,-60404.2825197189,STRUCTURAL,-0.935667270982296,-192068.22520485567,27600.0,0,0,0,0,0,0,0,inf,inf,NA,1,5,5,5,26,6,0,0,CONTINUE,0,A,1,1,0,KEEP_STRUCTURAL_IN_ON_CUT,2,3,0,0,"tail_cont_enabled=1 tail_active_dims=(1,) tail_delta=0.1 tail_start=(6, 6, 6) returned_y=(5, 2, 0) returned_b=(0, 0, 0) returned_u=(0, 0, 0) returned_zcap=(5, 2, 0) max_tail_u=0",NA
120,P1_no_rho,34,264.8327554001007,5.615981000009924,8.563423600047827,0.15157630003523082,0.01,51535.069193697185,51535.069193697185,-66240.91618551052,-48574.518378629364,0.0,-23486.602948644642,-66100.09526459663,-66100.08209667756,-60404.2825197189,-23486.602948644642,36917.67957107426,36927.71051264006,-20307.763681260803,32599.0,nan,nan,1.5000000000000002,10.0,0.0,0.0,10.0,0.85,CORE,MAIN,1.1977623620674187,0.2686255797288286,0.6,0.174,-60404.2825197189,STRUCTURAL,-0.9364769556411084,-192068.22520485567,27600.0,0,0,0,0,0,0,0,inf,inf,NA,1,5,5,5,26,6,0,0,CONTINUE,0,A,1,1,0,KEEP_STRUCTURAL_IN_ON_CUT,2,3,0,0,"tail_cont_enabled=1 tail_active_dims=(1,) tail_delta=0.1 tail_start=(6, 6, 6) returned_y=(2, 5, 1) returned_b=(0, 0, 0) returned_u=(0, 0, 0) returned_zcap=(2, 5, 1) max_tail_u=0",NA
120,P1_no_rho,35,288.3116727001034,5.615981000009924,23.47838840004988,0.19418650004081428,0.01,69257.08158324091,69257.08158324091,-66240.91618551052,-45916.216520197806,0.0,-23486.602948644642,-65767.38382839094,-65767.37083012905,-60404.2825197189,-23486.602948644642,36917.67957107426,36927.71051264006,-21545.487038446554,33700.5,nan,nan,1.5000000000000002,10.0,0.0,0.0,10.0,0.85,CORE,MAIN,1.2016684038076118,0.26776630902303544,0.6,0.174,-60404.2825197189,STRUCTURAL,-0.8748017347256468,-192068.22520485567,27600.0,0,0,0,0,0,0,0,inf,inf,NA,2,6,6,6,26,6,0,0,CONTINUE,0,A,1,1,0,KEEP_STRUCTURAL_IN_ON_CUT,2,3,0,0,"tail_cont_enabled=1 tail_active_dims=(1,) tail_delta=0.1 tail_start=(6, 6, 6) returned_y=(2, 0, 5) returned_b=(0, 0, 0) returned_u=(0, 0, 0) returned_zcap=(2, 0, 5) max_tail_u=0",NA
120,P1_no_rho,36,298.45408300007693,5.615981000009924,10.141789700021036,0.15266020002309233,0.01,47614.60871078024,47614.60871078024,-66240.91618551052,-49162.5874510669,0.0,-23486.602948644642,-71573.66166688844,-71573.64780363235,-60404.2825197189,-23486.602948644642,36917.67957107426,36927.71051264006,-24458.29970682024,35740.5,nan,nan,1.5000000000000002,10.0,0.0,0.0,10.0,0.85,CORE,MAIN,1.2043375086765136,0.25431142500660087,0.6,0.174,-60404.2825197189,STRUCTURAL,-0.8788414281988614,-192068.22520485567,27600.0,0,0,0,0,0,0,0,inf,inf,NA,1,5,5,5,26,6,0,0,CONTINUE,0,A,1,1,0,KEEP_STRUCTURAL_IN_ON_CUT,2,3,0,0,"tail_cont_enabled=1 tail_active_dims=(1,) tail_delta=0.1 tail_start=(6, 6, 6) returned_y=(2, 0, 5) returned_b=(0, 0, 0) returned_u=(0, 0, 0) returned_zcap=(2, 0, 5) max_tail_u=0",NA
120,P1_no_rho,37,306.40992800006643,5.615981000009924,7.95520069997292,0.1568031000206247,0.01,31824.897057064332,31824.897057064332,-66240.91618551052,-51531.04419912429,0.0,-23486.602948644642,-69216.58029306214,-69216.56678611037,-60404.2825197189,-23486.602948644642,36917.67957107426,36927.71051264006,-23260.668008371355,32624.5,nan,nan,1.5000000000000002,10.0,0.0,0.0,10.0,0.85,CORE,MAIN,1.2065498798392773,0.26051262159997746,0.6,0.174,-60404.2825197189,STRUCTURAL,-0.9390876749628653,-192068.22520485567,27600.0,0,0,0,0,0,0,0,inf,inf,NA,1,5,5,5,26,6,0,0,CONTINUE,0,A,1,1,0,KEEP_STRUCTURAL_IN_ON_CUT,2,3,0,0,"tail_cont_enabled=1 tail_active_dims=(1,) tail_delta=0.1 tail_start=(6, 6, 6) returned_y=(4, 1, 2) returned_b=(0, 0, 0) returned_u=(0, 0, 0) returned_zcap=(4, 1, 2) max_tail_u=0",NA
120,P1_no_rho,38,316.7232327000238,5.615981000009924,10.312624000012875,0.17465960001572967,0.01,34115.46835745168,34115.46835745168,-66240.91618551052,-51187.458504066184,0.0,-23486.602948644642,-75668.85994474334,-75668.84549411257,-60404.2825197189,-23486.602948644642,36917.67957107426,36927.71051264006,-25503.07741579153,35809.0,nan,nan,1.5000000000000002,10.0,0.0,0.0,10.0,0.85,CORE,MAIN,1.2067794650767532,0.24916598051463812,0.6,0.174,-60404.2825197189,STRUCTURAL,-0.9339508331857174,-192068.22520485567,27600.0,0,0,0,0,0,0,0,inf,inf,NA,2,6,6,6,26,6,0,0,CONTINUE,0,A,1,1,0,KEEP_STRUCTURAL_IN_ON_CUT,2,3,0,0,"tail_cont_enabled=1 tail_active_dims=(1,) tail_delta=0.1 tail_start=(6, 6, 6) returned_y=(2, 6, 0) returned_b=(0, 1, 0) returned_u=(0, 0.1, 0) returned_zcap=(2, 6.1, 0) max_tail_u=0.1",NA
120,P1_no_rho,39,326.94857540004887,5.615981000009924,10.224853100022301,0.15366039995569736,0.01,46363.29655239515,46363.29655239515,-66240.91618551052,-49350.28427482467,0.0,-23486.602948644642,-76871.85608658436,-76871.84104448327,-60404.2825197189,-23486.602948644642,36917.67957107426,36927.71051264006,-25911.39309882529,35867.0,nan,nan,1.5000000000000002,10.0,0.0,0.0,10.0,0.85,CORE,MAIN,1.2057266211931792,0.2572847094478711,0.6,0.174,-60404.2825197189,STRUCTURAL,-0.9472114189581506,-192068.22520485567,27600.0,0,0,0,0,0,0,0,inf,inf,NA,1,5,5,5,26,6,0,0,CONTINUE,0,A,1,1,0,KEEP_STRUCTURAL_IN_ON_CUT,2,3,0,0,"tail_cont_enabled=1 tail_active_dims=(1,) tail_delta=0.1 tail_start=(6, 6, 6) returned_y=(2, 5, 1) returned_b=(0, 0, 0) returned_u=(0, 0, 0) returned_zcap=(2, 5, 1) max_tail_u=0",NA
120,P1_no_rho,40,346.7910868000472,5.615981000009924,19.84171609999612,0.15303829999174923,0.01,50488.17884267613,50488.17884267613,-66240.91618551052,-48731.55193128252,0.0,-23486.602948644642,-72914.51660219418,-72914.50237587662,-60404.2825197189,-23486.602948644642,36917.67957107426,36927.71051264006,-24333.1419220923,34213.5,nan,nan,1.5000000000000002,10.0,0.0,0.0,10.0,0.85,CORE,MAIN,1.204773513756894,0.2603064533343812,0.6,0.174,-60404.2825197189,STRUCTURAL,-0.946631406779669,-192068.22520485567,27600.0,0,0,0,0,0,0,0,inf,inf,NA,1,5,5,5,26,6,0,0,CONTINUE,0,A,1,1,0,KEEP_STRUCTURAL_IN_ON_CUT,2,3,0,0,"tail_cont_enabled=1 tail_active_dims=(1,) tail_delta=0.1 tail_start=(6, 6, 6) returned_y=(2, 5, 1) returned_b=(0, 0, 0) returned_u=(0, 0, 0) returned_zcap=(2, 5, 1) max_tail_u=0",NA
120,P1_no_rho,41,355.54320510011166,5.615981000009924,8.751699299900793,0.17413669999223202,0.01,60405.360850530524,60405.360850530524,-66240.91618551052,-47243.97463010436,0.0,-23486.602948644642,-67397.00741700627,-67396.99398620002,-60404.2825197189,-23486.602948644642,36917.67957107426,36927.71051264006,-20717.079320140336,32807.0,nan,nan,1.5000000000000002,10.0,0.0,0.0,10.0,0.85,CORE,MAIN,1.2064159074425587,0.27814787445500544,0.6,0.174,-60404.2825197189,STRUCTURAL,-0.948576313308332,-192068.22520485567,27600.0,0,0,0,0,0,0,0,inf,inf,NA,2,6,6,6,26,6,0,0,CONTINUE,0,A,1,1,0,KEEP_STRUCTURAL_IN_ON_CUT,2,3,0,0,"tail_cont_enabled=1 tail_active_dims=(1,) tail_delta=0.1 tail_start=(6, 6, 6) returned_y=(2, 5, 1) returned_b=(0, 0, 0) returned_u=(0, 0, 0) returned_zcap=(2, 5, 1) max_tail_u=0",NA
120,P1_no_rho,42,364.5595399000449,5.615981000009924,9.015223299968056,0.16109720000531524,0.01,60783.60006510133,60783.60006510133,-66240.91618551052,-47187.23874791874,0.0,-23486.602948644642,-68212.97203057124,-68212.9586612536,-60404.2825197189,-23486.602948644642,36917.67957107426,36927.71051264006,-22201.086179243946,32740.5,nan,nan,1.5000000000000002,10.0,0.0,0.0,10.0,0.85,CORE,MAIN,1.2081409365978992,0.26566042592578665,0.6,0.174,-60404.2825197189,STRUCTURAL,-0.9369002200538509,-192068.22520485567,27600.0,0,0,0,0,0,0,0,inf,inf,NA,1,5,5,5,26,6,0,0,CONTINUE,0,A,1,1,0,KEEP_STRUCTURAL_IN_ON_CUT,2,3,0,0,"tail_cont_enabled=1 tail_active_dims=(1,) tail_delta=0.1 tail_start=(6, 6, 6) returned_y=(5, 2, 0) returned_b=(0, 0, 0) returned_u=(0, 0, 0) returned_zcap=(5, 2, 0) max_tail_u=0",NA
120,P1_no_rho,43,372.7947591000702,5.615981000009924,8.234546800027601,0.15857030008919537,0.01,48956.978847340295,48956.978847340295,-66240.91618551052,-48961.23193058289,0.0,-23486.602948644642,-70684.80360144202,-70684.78981218545,-60404.2825197189,-23486.602948644642,36917.67957107426,36927.71051264006,-24022.152787474202,33258.0,nan,nan,1.5000000000000002,10.0,0.0,0.0,10.0,0.85,CORE,MAIN,1.2090367237831545,0.2610823653343617,0.6,0.174,-60404.2825197189,STRUCTURAL,-0.9353666691665411,-192068.22520485567,27600.0,0,0,0,0,0,0,0,inf,inf,NA,1,5,5,5,26,6,0,0,CONTINUE,0,A,1,1,0,KEEP_STRUCTURAL_IN_ON_CUT,2,3,0,0,"tail_cont_enabled=1 tail_active_dims=(1,) tail_delta=0.1 tail_start=(6, 6, 6) returned_y=(5, 2, 0) returned_b=(0, 0, 0) returned_u=(0, 0, 0) returned_zcap=(5, 2, 0) max_tail_u=0",NA
120,P1_no_rho,44,378.98820920009166,5.615981000009924,6.192928100004792,0.15972469991538674,0.01,55500.91194761499,55500.91194761499,-66240.91618551052,-47979.64196554169,0.0,-23486.602948644642,-71948.43385049605,-71948.41988271235,-60404.2825197189,-23486.602948644642,36917.67957107426,36927.71051264006,-24288.63559952941,36212.5,nan,nan,1.5000000000000002,10.0,0.0,0.0,10.0,0.85,CORE,MAIN,1.2095711174774637,0.2585808610513528,0.6,0.174,-60404.2825197189,STRUCTURAL,-0.8774094448635678,-192068.22520485567,27600.0,0,0,0,0,0,0,0,inf,inf,NA,1,5,5,5,26,6,0,0,CONTINUE,0,A,1,1,0,KEEP_STRUCTURAL_IN_ON_CUT,2,3,0,0,"tail_cont_enabled=1 tail_active_dims=(1,) tail_delta=0.1 tail_start=(6, 6, 6) returned_y=(2, 0, 5) returned_b=(0, 0, 0) returned_u=(0, 0, 0) returned_zcap=(2, 0, 5) max_tail_u=0",NA
120,P1_no_rho,45,395.03695790003985,5.615981000009924,16.048114300007,0.17446929996367544,0.01,42654.18563189883,42654.18563189883,-66240.91618551052,-49906.65091289912,0.0,-23486.602948644642,-75447.53997738479,-75447.52541569881,-60404.2825197189,-23486.602948644642,36917.67957107426,36927.71051264006,-25740.948196146976,34821.0,nan,nan,1.5000000000000002,10.0,0.0,0.0,10.0,0.85,CORE,MAIN,1.2092549084803197,0.25004677950102205,0.6,0.174,-60404.2825197189,STRUCTURAL,-0.9516590030834237,-192068.22520485567,27600.0,0,0,0,0,0,0,0,inf,inf,NA,2,6,6,6,26,6,0,0,CONTINUE,0,A,1,1,0,KEEP_STRUCTURAL_IN_ON_CUT,2,3,0,0,"tail_cont_enabled=1 tail_active_dims=(1,) tail_delta=0.1 tail_start=(6, 6, 6) returned_y=(4, 1, 2) returned_b=(0, 0, 0) returned_u=(0, 0, 0) returned_zcap=(4, 1, 2) max_tail_u=0",NA
120,P1_no_rho,46,402.7777168001048,5.615981000009924,7.740141600021161,0.15344649995677173,0.01,37947.685807662165,37947.685807662165,-66240.91618551052,-50612.62588653462,0.0,-23486.602948644642,-73160.91540038954,-73160.90103537285,-60404.2825197189,-23486.602948644642,36917.67957107426,36927.71051264006,-24436.72126787337,34720.5,nan,nan,1.5000000000000002,10.0,0.0,0.0,10.0,0.85,CORE,MAIN,1.208958011173793,0.23405859893965597,0.6,0.174,-60404.2825197189,STRUCTURAL,-0.9355506548484704,-192068.22520485567,27600.0,0,0,0,0,0,0,0,inf,inf,NA,1,5,5,5,26,6,0,0,CONTINUE,0,A,1,1,0,KEEP_STRUCTURAL_IN_ON_CUT,2,3,0,0,"tail_cont_enabled=1 tail_active_dims=(1,) tail_delta=0.1 tail_start=(6, 6, 6) returned_y=(5, 2, 0) returned_b=(0, 0, 0) returned_u=(0, 0, 0) returned_zcap=(5, 2, 0) max_tail_u=0",NA
120,P1_no_rho,47,411.04079270001967,5.615981000009924,8.26230729999952,0.15001129999291152,0.01,46780.642879239254,46780.642879239254,-66240.91618551052,-49287.68232579805,0.0,-23486.602948644642,-72307.63968940957,-72307.62551777175,-60404.2825197189,-23486.602948644642,36917.67957107426,36927.71051264006,-23839.918797939357,34229.5,nan,nan,1.5000000000000002,10.0,0.0,0.0,10.0,0.85,CORE,MAIN,1.2091657744751574,0.2610060925821923,0.6,0.174,-60404.2825197189,STRUCTURAL,-0.9439753569257002,-192068.22520485567,27600.0,0,0,0,0,0,0,0,inf,inf,NA,1,5,5,5,26,6,0,0,CONTINUE,0,A,1,1,0,KEEP_STRUCTURAL_IN_ON_CUT,2,3,0,0,"tail_cont_enabled=1 tail_active_dims=(1,) tail_delta=0.1 tail_start=(6, 6, 6) returned_y=(5, 2, 0) returned_b=(0, 0, 0) returned_u=(0, 0, 0) returned_zcap=(5, 2, 0) max_tail_u=0",NA
120,P1_no_rho,48,416.77859090000857,5.615981000009924,5.73696479992941,0.1842044999357313,0.01,60422.20518194053,60422.20518194053,-66240.91618551052,-47241.447980392855,0.0,-23486.602948644642,-71040.69158185115,-71040.67772164667,-60404.2825197189,-23486.602948644642,36917.67957107426,36927.71051264006,-21339.233801304,37156.0,nan,nan,1.5000000000000002,10.0,0.0,0.0,10.0,0.85,CORE,MAIN,1.2112170572373544,0.26308904335810235,0.6,0.174,-60404.2825197189,STRUCTURAL,-0.8917616521394959,-192068.22520485567,27600.0,0,0,0,0,0,0,0,inf,inf,NA,2,6,6,6,26,6,0,0,CONTINUE,0,A,1,1,0,KEEP_STRUCTURAL_IN_ON_CUT,2,3,0,0,"tail_cont_enabled=1 tail_active_dims=(1,) tail_delta=0.1 tail_start=(6, 6, 6) returned_y=(1, 0, 6) returned_b=(0, 0, 1) returned_u=(0, 0, 0) returned_zcap=(1, 0, 6) max_tail_u=0",NA
120,P1_no_rho,49,424.6515578000108,5.615981000009924,7.872379399952479,0.1556849000044167,0.01,62042.885542239404,62042.885542239404,-66240.91618551052,-46998.345926348025,0.0,-23486.602948644642,-68077.78475659409,-68077.77120403381,-60404.2825197189,-23486.602948644642,36917.67957107426,36927.71051264006,-21677.459652426005,32635.0,nan,nan,1.5000000000000002,10.0,0.0,0.0,10.0,0.85,CORE,MAIN,1.2114657615644568,0.26861417186973646,0.6,0.174,-60404.2825197189,STRUCTURAL,-0.9478639814433951,-192068.22520485567,27600.0,0,0,0,0,0,0,0,inf,inf,NA,1,5,5,5,26,6,0,0,CONTINUE,0,A,1,1,0,KEEP_STRUCTURAL_IN_ON_CUT,2,3,0,0,"tail_cont_enabled=1 tail_active_dims=(1,) tail_delta=0.1 tail_start=(6, 6, 6) returned_y=(5, 2, 0) returned_b=(0, 0, 0) returned_u=(0, 0, 0) returned_zcap=(5, 2, 0) max_tail_u=0",NA
120,P1_no_rho,50,444.0371792000951,5.615981000009924,19.38502570008859,0.17658930004108697,0.01,52943.454814724595,52943.454814724595,-66240.91618551052,-48363.26053547525,0.0,-23486.602948644642,-71657.57775842602,-71657.56379834401,-60404.2825197189,-23486.602948644642,36917.67957107426,36927.71051264006,-23889.2744504354,33766.5,nan,nan,1.5000000000000002,10.0,0.0,0.0,10.0,0.85,CORE,MAIN,1.2114232203993054,0.26082912847866724,0.6,0.174,-60404.2825197189,STRUCTURAL,-0.943110071578016,-192068.22520485567,27600.0,0,0,0,0,0,0,0,inf,inf,NA,2,6,6,6,26,6,0,0,CONTINUE,0,A,1,1,0,KEEP_STRUCTURAL_IN_ON_CUT,2,3,0,0,"tail_cont_enabled=1 tail_active_dims=(1,) tail_delta=0.1 tail_start=(6, 6, 6) returned_y=(2, 5, 1) returned_b=(0, 0, 0) returned_u=(0, 0, 0) returned_zcap=(2, 5, 1) max_tail_u=0",NA
120,P1_no_rho,51,453.78848260000814,5.615981000009924,9.750726399943233,0.1747349000070244,0.01,54099.07203586978,54099.07203586978,-66240.91618551052,-48189.91795230347,0.0,-23486.602948644642,-74711.89205990848,-74711.87835255182,-60404.2825197189,-23486.602948644642,36917.67957107426,36927.71051264006,-23604.633356054637,38614.0,nan,nan,1.5000000000000002,10.0,0.0,0.0,10.0,0.85,CORE,MAIN,1.2108292373693126,0.2557940548933251,0.6,0.174,-60404.2825197189,STRUCTURAL,-0.8823612333436434,-192068.22520485567,27600.0,0,0,0,0,0,0,0,inf,inf,NA,2,6,6,6,26,6,0,0,CONTINUE,0,A,1,1,0,KEEP_STRUCTURAL_IN_ON_CUT,2,3,0,0,"tail_cont_enabled=1 tail_active_dims=(1,) tail_delta=0.1 tail_start=(6, 6, 6) returned_y=(0, 6, 2) returned_b=(0, 1, 0) returned_u=(0, 0.1, 0) returned_zcap=(0, 6.1, 2) max_tail_u=0.1",NA
120,P1_no_rho,52,461.009952200111,5.615981000009924,7.2209999999031425,0.1568244999507442,0.01,39828.374994464124,39828.374994464124,-66240.91618551052,-50330.52250851432,0.0,-23486.602948644642,-73622.63695168064,-73622.62270534529,-60404.2825197189,-23486.602948644642,36917.67957107426,36927.71051264006,-25471.99289105243,34206.0,nan,nan,1.5000000000000002,10.0,0.0,0.0,10.0,0.85,CORE,MAIN,1.2102384673328683,0.25878049151550986,0.6,0.174,-60404.2825197189,STRUCTURAL,-0.9384441289889269,-192068.22520485567,27600.0,0,0,0,0,0,0,0,inf,inf,NA,1,5,5,5,26,6,0,0,CONTINUE,0,A,1,1,0,KEEP_STRUCTURAL_IN_ON_CUT,2,3,0,0,"tail_cont_enabled=1 tail_active_dims=(1,) tail_delta=0.1 tail_start=(6, 6, 6) returned_y=(5, 2, 0) returned_b=(0, 0, 0) returned_u=(0, 0, 0) returned_zcap=(5, 2, 0) max_tail_u=0",NA
120,P1_no_rho,53,467.62756050005555,5.615981000009924,6.617007900029421,0.15560629998799413,0.01,40570.39474744164,40570.39474744164,-66240.91618551052,-50219.21954556769,0.0,-23486.602948644642,-73311.8009506064,-73311.7865978793,-60404.2825197189,-23486.602948644642,36917.67957107426,36927.71051264006,-24622.13269153922,34286.0,nan,nan,1.5000000000000002,10.0,0.0,0.0,10.0,0.85,CORE,MAIN,1.209721203989593,0.24683306072748523,0.6,0.174,-60404.2825197189,STRUCTURAL,-0.9467353809395489,-192068.22520485567,27600.0,0,0,0,0,0,0,0,inf,inf,NA,1,5,5,5,26,6,0,0,CONTINUE,0,A,1,1,0,KEEP_STRUCTURAL_IN_ON_CUT,2,3,0,0,"tail_cont_enabled=1 tail_active_dims=(1,) tail_delta=0.1 tail_start=(6, 6, 6) returned_y=(4, 1, 2) returned_b=(0, 0, 0) returned_u=(0, 0, 0) returned_zcap=(4, 1, 2) max_tail_u=0",NA
120,P1_no_rho,54,477.09385880001355,5.615981000009924,9.465669899946079,0.15199690009467304,0.01,48134.97490475423,48134.97490475423,-66240.91618551052,-49084.5325219708,0.0,-23486.602948644642,-72505.23296992538,-72505.2187720243,-60404.2825197189,-23486.602948644642,36917.67957107426,36927.71051264006,-23919.370959034528,33955.0,nan,nan,1.5000000000000002,10.0,0.0,0.0,10.0,0.85,CORE,MAIN,1.2093784981746762,0.24756547690920416,0.6,0.174,-60404.2825197189,STRUCTURAL,-0.9539262320323911,-192068.22520485567,27600.0,0,0,0,0,0,0,0,inf,inf,NA,1,5,5,5,26,6,0,0,CONTINUE,0,A,1,1,0,KEEP_STRUCTURAL_IN_ON_CUT,2,3,0,0,"tail_cont_enabled=1 tail_active_dims=(1,) tail_delta=0.1 tail_start=(6, 6, 6) returned_y=(4, 1, 2) returned_b=(0, 0, 0) returned_u=(0, 0, 0) returned_zcap=(4, 1, 2) max_tail_u=0",NA
120,P1_no_rho,55,497.73180960002355,5.615981000009924,20.637325100018643,0.18354899995028973,0.01,55782.8231702097,55782.8231702097,-66240.91618551052,-47937.355282152486,0.0,-23486.602948644642,-72026.40189937242,-72026.38776484996,-60404.2825197189,-23486.602948644642,36917.67957107426,36927.71051264006,-21798.69531046327,36981.5,nan,nan,1.5000000000000002,10.0,0.0,0.0,10.0,0.85,CORE,MAIN,1.2116736351257869,0.26198053196691484,0.6,0.174,-60404.2825197189,STRUCTURAL,-0.905456195744479,-192068.22520485567,27600.0,0,0,0,0,0,0,0,inf,inf,NA,2,6,6,6,26,6,0,0,CONTINUE,0,A,1,1,0,KEEP_STRUCTURAL_IN_ON_CUT,2,3,0,0,"tail_cont_enabled=1 tail_active_dims=(1,) tail_delta=0.1 tail_start=(6, 6, 6) returned_y=(0, 4, 4) returned_b=(0, 0, 0) returned_u=(0, 0, 0) returned_zcap=(0, 4, 4) max_tail_u=0",NA
120,P1_no_rho,56,508.2617456000298,5.615981000009924,10.52953980001621,0.17786539997905493,0.01,61053.78727270561,61053.78727270561,-66240.91618551052,-47146.7106667781,0.0,-23486.602948644642,-68665.26204352632,-68665.24842249187,-60404.2825197189,-23486.602948644642,36917.67957107426,36927.71051264006,-22109.372993703688,35145.5,nan,nan,1.5000000000000002,10.0,0.0,0.0,10.0,0.85,CORE,MAIN,1.2118394391352834,0.268496654181101,0.6,0.174,-60404.2825197189,STRUCTURAL,-0.8831073760754231,-192068.22520485567,27600.0,0,0,0,0,0,0,0,inf,inf,NA,2,6,6,6,26,6,0,0,CONTINUE,0,A,1,1,0,KEEP_STRUCTURAL_IN_ON_CUT,2,3,0,0,"tail_cont_enabled=1 tail_active_dims=(1,) tail_delta=0.1 tail_start=(6, 6, 6) returned_y=(2, 0, 5) returned_b=(0, 0, 0) returned_u=(0, 0, 0) returned_zcap=(2, 0, 5) max_tail_u=0",NA
120,P1_no_rho,57,516.4225334000075,5.615981000009924,8.160173399955966,0.1640433999709785,0.01,52636.20413029192,52636.20413029192,-66240.91618551052,-48409.34813814015,0.0,-23486.602948644642,-71794.16548880722,-71794.15145092888,-60404.2825197189,-23486.602948644642,36917.67957107426,36927.71051264006,-24200.924944630915,35887.5,nan,nan,1.5000000000000002,10.0,0.0,0.0,10.0,0.85,CORE,MAIN,1.2119571746429105,0.2610387478563917,0.6,0.174,-60404.2825197189,STRUCTURAL,-0.8841189180317746,-192068.22520485567,27600.0,0,0,0,0,0,0,0,inf,inf,NA,1,5,5,5,26,6,0,0,CONTINUE,0,A,1,1,0,KEEP_STRUCTURAL_IN_ON_CUT,2,3,0,0,"tail_cont_enabled=1 tail_active_dims=(1,) tail_delta=0.1 tail_start=(6, 6, 6) returned_y=(2, 0, 5) returned_b=(0, 0, 0) returned_u=(0, 0, 0) returned_zcap=(2, 0, 5) max_tail_u=0",NA
120,P1_no_rho,58,524.2291618000017,5.615981000009924,7.806090999976732,0.18226020003203303,0.01,52164.18289385467,52164.18289385467,-66240.91618551052,-48480.151323605736,0.0,-23486.602948644642,-70574.20217852425,-70574.18872258367,-60404.2825197189,-23486.602948644642,36917.67957107426,36927.71051264006,-21969.147478291077,36499.0,nan,nan,1.5000000000000002,10.0,0.0,0.0,10.0,0.85,CORE,MAIN,1.2123364272524841,0.2628598349751491,0.6,0.174,-60404.2825197189,STRUCTURAL,-0.8877876333468968,-192068.22520485567,27600.0,0,0,0,0,0,0,0,inf,inf,NA,2,6,6,6,26,6,0,0,CONTINUE,0,A,1,1,0,KEEP_STRUCTURAL_IN_ON_CUT,2,3,0,0,"tail_cont_enabled=1 tail_active_dims=(1,) tail_delta=0.1 tail_start=(6, 6, 6) returned_y=(0, 6, 2) returned_b=(0, 1, 0) returned_u=(0, 0.1, 0) returned_zcap=(0, 6.1, 2) max_tail_u=0.1",NA
120,P1_no_rho,59,529.8769663000712,5.615981000009924,5.647283700061962,0.15711710008326918,0.01,43353.322627005145,43353.322627005145,-66240.91618551052,-49801.78036363317,0.0,-23486.602948644642,-73584.56041216408,-73584.54622180185,-60404.2825197189,-23486.602948644642,36917.67957107426,36927.71051264006,-26133.20777205667,34282.5,nan,nan,1.5000000000000002,10.0,0.0,0.0,10.0,0.85,CORE,MAIN,1.2121309386152261,0.24755704695585878,0.6,0.174,-60404.2825197189,STRUCTURAL,-0.922751422246436,-192068.22520485567,27600.0,0,0,0,0,0,0,0,inf,inf,NA,1,5,5,5,26,6,0,0,CONTINUE,0,A,1,1,0,KEEP_STRUCTURAL_IN_ON_CUT,2,3,0,0,"tail_cont_enabled=1 tail_active_dims=(1,) tail_delta=0.1 tail_start=(6, 6, 6) returned_y=(5, 2, 0) returned_b=(0, 0, 0) returned_u=(0, 0, 0) returned_zcap=(5, 2, 0) max_tail_u=0",NA
120,P1_no_rho,60,549.097971900017,5.615981000009924,19.220576099934988,0.1610277999425307,0.01,38730.15828643575,38730.15828643575,-66240.91618551052,-50495.255014718576,0.0,-23486.602948644642,-72404.2801509583,-72404.26594494701,-60404.2825197189,-23486.602948644642,36917.67957107426,36927.71051264006,-23654.614570470287,34289.0,nan,nan,1.5000000000000002,10.0,0.0,0.0,10.0,0.85,CORE,MAIN,1.21194704843333,0.2604363926418417,0.6,0.174,-60404.2825197189,STRUCTURAL,-0.9478190551775928,-192068.22520485567,27600.0,0,0,0,0,0,0,0,inf,inf,NA,1,5,5,5,26,6,0,0,CONTINUE,0,A,1,1,0,KEEP_STRUCTURAL_IN_ON_CUT,2,3,0,0,"tail_cont_enabled=1 tail_active_dims=(1,) tail_delta=0.1 tail_start=(6, 6, 6) returned_y=(2, 5, 1) returned_b=(0, 0, 0) returned_u=(0, 0, 0) returned_zcap=(2, 5, 1) max_tail_u=0",NA
120,P1_no_rho,61,559.254462400102,5.615981000009924,10.156054700026289,0.1799163999967277,0.01,49211.69271661641,49211.69271661641,-66240.91618551052,-48923.024850191476,0.0,-23486.602948644642,-71917.1327267528,-71917.1186303227,-60404.2825197189,-23486.602948644642,36917.67957107426,36927.71051264006,-23851.046648674146,36180.5,nan,nan,1.5000000000000002,10.0,0.0,0.0,10.0,0.85,CORE,MAIN,1.211864606708764,0.26136500888098935,0.6,0.174,-60404.2825197189,STRUCTURAL,-0.8856717841866669,-192068.22520485567,27600.0,0,0,0,0,0,0,0,inf,inf,NA,2,6,6,6,26,6,0,0,CONTINUE,0,A,1,1,0,KEEP_STRUCTURAL_IN_ON_CUT,2,3,0,0,"tail_cont_enabled=1 tail_active_dims=(1,) tail_delta=0.1 tail_start=(6, 6, 6) returned_y=(2, 0, 5) returned_b=(0, 0, 0) returned_u=(0, 0, 0) returned_zcap=(2, 0, 5) max_tail_u=0",NA
120,P1_no_rho,62,569.6638717000606,5.615981000009924,10.408829199965112,0.1514719999395311,0.01,49894.07255797701,49894.07255797701,-66240.91618551052,-48820.66787398739,0.0,-23486.602948644642,-69993.25581663243,-69993.24196732117,-60404.2825197189,-23486.602948644642,36917.67957107426,36927.71051264006,-21701.59812025631,33640.5,nan,nan,1.5000000000000002,10.0,0.0,0.0,10.0,0.85,CORE,MAIN,1.2130393404266488,0.26461900972914787,0.6,0.174,-60404.2825197189,STRUCTURAL,-0.9570139929958406,-192068.22520485567,27600.0,0,0,0,0,0,0,0,inf,inf,NA,1,5,5,5,26,6,0,0,CONTINUE,0,A,1,1,0,KEEP_STRUCTURAL_IN_ON_CUT,2,3,0,0,"tail_cont_enabled=1 tail_active_dims=(1,) tail_delta=0.1 tail_start=(6, 6, 6) returned_y=(4, 1, 2) returned_b=(0, 0, 0) returned_u=(0, 0, 0) returned_zcap=(4, 1, 2) max_tail_u=0",NA
120,P1_no_rho,63,580.7216321000597,5.615981000009924,11.057234100066125,0.15213139995466918,0.01,54830.78267670921,54830.78267670921,-66240.91618551052,-48080.16135617756,0.0,-23486.602948644642,-67769.11287376712,-67769.09940452753,-60404.2825197189,-23486.602948644642,36917.67957107426,36927.71051264006,-21801.7554272459,32787.5,nan,nan,1.5000000000000002,10.0,0.0,0.0,10.0,0.85,CORE,MAIN,1.2129820923245807,0.26803985849313827,0.6,0.174,-60404.2825197189,STRUCTURAL,-0.9346518028167571,-192068.22520485567,27600.0,0,0,0,0,0,0,0,inf,inf,NA,1,5,5,5,26,6,0,0,CONTINUE,0,A,1,1,0,KEEP_STRUCTURAL_IN_ON_CUT,2,3,0,0,"tail_cont_enabled=1 tail_active_dims=(1,) tail_delta=0.1 tail_start=(6, 6, 6) returned_y=(4, 1, 2) returned_b=(0, 0, 0) returned_u=(0, 0, 0) returned_zcap=(4, 1, 2) max_tail_u=0",NA
120,P1_no_rho,64,590.9292243000818,5.615981000009924,10.20724700007122,0.1537543999729678,0.01,49561.536134645765,49561.536134645765,-66240.91618551052,-48870.548337487075,0.0,-23486.602948644642,-72833.69909935043,-72833.68481709935,-60404.2825197189,-23486.602948644642,36917.67957107426,36927.71051264006,-24349.139975879843,35941.5,nan,nan,1.5000000000000002,10.0,0.0,0.0,10.0,0.85,CORE,MAIN,1.2122868574331032,0.2763720668819961,0.6,0.174,-60404.2825197189,STRUCTURAL,-0.8993233419347084,-192068.22520485567,27600.0,0,0,0,0,0,0,0,inf,inf,NA,1,5,5,5,26,6,0,0,CONTINUE,0,A,1,1,0,KEEP_STRUCTURAL_IN_ON_CUT,2,3,0,0,"tail_cont_enabled=1 tail_active_dims=(1,) tail_delta=0.1 tail_start=(6, 6, 6) returned_y=(2, 0, 5) returned_b=(0, 0, 0) returned_u=(0, 0, 0) returned_zcap=(2, 0, 5) max_tail_u=0",NA
120,P1_no_rho,65,609.3203785000369,5.615981000009924,18.390733400010504,0.15164779999759048,0.01,58074.2601706186,58074.2601706186,-66240.91618551052,-47593.63973209115,0.0,-23486.602948644642,-71670.02835190913,-71670.01437457901,-60404.2825197189,-23486.602948644642,36917.67957107426,36927.71051264006,-23538.586709174582,36408.0,nan,nan,1.5000000000000002,10.0,0.0,0.0,10.0,0.85,CORE,MAIN,1.2118657494355267,0.2606490980382947,0.6,0.174,-60404.2825197189,STRUCTURAL,-0.8813342793782396,-192068.22520485567,27600.0,0,0,0,0,0,0,0,inf,inf,NA,1,5,5,5,26,6,0,0,CONTINUE,0,A,1,1,0,KEEP_STRUCTURAL_IN_ON_CUT,2,3,0,0,"tail_cont_enabled=1 tail_active_dims=(1,) tail_delta=0.1 tail_start=(6, 6, 6) returned_y=(0, 4, 4) returned_b=(0, 0, 0) returned_u=(0, 0, 0) returned_zcap=(0, 4, 4) max_tail_u=0",NA
120,P1_no_rho,66,617.5702766000759,5.615981000009924,8.249279899988323,0.18508159997873008,0.01,38681.938582716975,38681.938582716975,-66240.91618551052,-50502.487970276394,0.0,-23486.602948644642,-70091.31247102265,-70091.29893665378,-60404.2825197189,-23486.602948644642,36917.67957107426,36927.71051264006,-23195.543988627214,34107.5,nan,nan,1.5000000000000002,10.0,0.0,0.0,10.0,0.85,CORE,MAIN,1.2119289786315308,0.26303514080864865,0.6,0.174,-60404.2825197189,STRUCTURAL,-0.9166264496670146,-192068.22520485567,27600.0,0,0,0,0,0,0,0,inf,inf,NA,2,6,6,6,26,6,0,0,CONTINUE,0,A,1,1,0,KEEP_STRUCTURAL_IN_ON_CUT,2,3,0,0,"tail_cont_enabled=1 tail_active_dims=(1,) tail_delta=0.1 tail_start=(6, 6, 6) returned_y=(2, 6, 0) returned_b=(0, 1, 0) returned_u=(0, 0.1, 0) returned_zcap=(2, 6.1, 0) max_tail_u=0.1",NA
120,P1_no_rho,67,626.3056453000754,5.615981000009924,8.734983999980614,0.17275530006736517,0.01,44396.77367457488,44396.77367457488,-66240.91618551052,-49645.262706497706,0.0,-23486.602948644642,-72807.92617656106,-72807.91190654902,-60404.2825197189,-23486.602948644642,36917.67957107426,36927.71051264006,-24033.604450324914,34268.0,nan,nan,1.5000000000000002,10.0,0.0,0.0,10.0,0.85,CORE,MAIN,1.2115588478688546,0.25813803100188015,0.6,0.174,-60404.2825197189,STRUCTURAL,-0.9488795660912823,-192068.22520485567,27600.0,0,0,0,0,0,0,0,inf,inf,NA,2,6,6,6,26,6,0,0,CONTINUE,0,A,1,1,0,KEEP_STRUCTURAL_IN_ON_CUT,2,3,0,0,"tail_cont_enabled=1 tail_active_dims=(1,) tail_delta=0.1 tail_start=(6, 6, 6) returned_y=(2, 5, 1) returned_b=(0, 0, 0) returned_u=(0, 0, 0) returned_zcap=(2, 5, 1) max_tail_u=0",NA
120,P1_no_rho,68,637.0898916000733,5.615981000009924,10.783460700069554,0.1568413000786677,0.01,49967.90852586909,49967.90852586909,-66240.91618551052,-48809.59247880358,0.0,-23486.602948644642,-71815.88211214561,-71815.86799738476,-60404.2825197189,-23486.602948644642,36917.67957107426,36927.71051264006,-23215.42104437956,33997.0,nan,nan,1.5000000000000002,10.0,0.0,0.0,10.0,0.85,CORE,MAIN,1.2111742440385238,0.2738243541314399,0.6,0.174,-60404.2825197189,STRUCTURAL,-0.9530340314930766,-192068.22520485567,27600.0,0,0,0,0,0,0,0,inf,inf,NA,1,5,5,5,26,6,0,0,CONTINUE,0,A,1,1,0,KEEP_STRUCTURAL_IN_ON_CUT,2,3,0,0,"tail_cont_enabled=1 tail_active_dims=(1,) tail_delta=0.1 tail_start=(6, 6, 6) returned_y=(2, 5, 1) returned_b=(0, 0, 0) returned_u=(0, 0, 0) returned_zcap=(2, 5, 1) max_tail_u=0",NA
120,P1_no_rho,69,647.643399600056,5.615981000009924,10.553132200031541,0.1563345999456942,0.01,49963.39530369731,49963.39530369731,-66240.91618551052,-48810.26946212934,0.0,-23486.602948644642,-70679.5129795053,-70679.49900914353,-60404.2825197189,-23486.602948644642,36917.67957107426,36927.71051264006,-21386.35734292418,34121.0,nan,nan,1.5000000000000002,10.0,0.0,0.0,10.0,0.85,CORE,MAIN,1.2126389726802909,0.26081567097697556,0.6,0.174,-60404.2825197189,STRUCTURAL,-0.963104669972927,-192068.22520485567,27600.0,0,0,0,0,0,0,0,inf,inf,NA,1,5,5,5,26,6,0,0,CONTINUE,0,A,1,1,0,KEEP_STRUCTURAL_IN_ON_CUT,2,3,0,0,"tail_cont_enabled=1 tail_active_dims=(1,) tail_delta=0.1 tail_start=(6, 6, 6) returned_y=(2, 5, 1) returned_b=(0, 0, 0) returned_u=(0, 0, 0) returned_zcap=(2, 5, 1) max_tail_u=0",NA
120,P1_no_rho,70,668.2510560000082,5.615981000009924,20.607094299979508,0.15398250008001924,0.01,56660.69638002617,56660.69638002617,-66240.91618551052,-47805.67430068001,0.0,-23486.602948644642,-69865.54814796637,-69865.5343363706,-60404.2825197189,-23486.602948644642,36917.67957107426,36927.71051264006,-22452.8472824153,33420.0,nan,nan,1.5000000000000002,10.0,0.0,0.0,10.0,0.85,CORE,MAIN,1.213836390473114,0.26381305545586964,0.6,0.174,-60404.2825197189,STRUCTURAL,-0.9457946749243028,-192068.22520485567,27600.0,0,0,0,0,0,0,0,inf,inf,NA,1,5,5,5,26,6,0,0,CONTINUE,0,A,1,1,0,KEEP_STRUCTURAL_IN_ON_CUT,2,3,0,0,"tail_cont_enabled=1 tail_active_dims=(1,) tail_delta=0.1 tail_start=(6, 6, 6) returned_y=(2, 5, 1) returned_b=(0, 0, 0) returned_u=(0, 0, 0) returned_zcap=(2, 5, 1) max_tail_u=0",NA
120,P1_no_rho,71,676.8922840000596,5.615981000009924,8.64049719995819,0.15458219998981804,0.01,47026.67030576764,47026.67030576764,-66240.91618551052,-49250.77821181879,0.0,-23486.602948644642,-71479.92904089057,-71479.91492020374,-60404.2825197189,-23486.602948644642,36917.67957107426,36927.71051264006,-23416.19570549476,33879.5,nan,nan,1.5000000000000002,10.0,0.0,0.0,10.0,0.85,CORE,MAIN,1.2144896020137643,0.2608995407778062,0.6,0.174,-60404.2825197189,STRUCTURAL,-0.9457778147987025,-192068.22520485567,27600.0,0,0,0,0,0,0,0,inf,inf,NA,1,5,5,5,26,6,0,0,CONTINUE,0,A,1,1,0,KEEP_STRUCTURAL_IN_ON_CUT,2,3,0,0,"tail_cont_enabled=1 tail_active_dims=(1,) tail_delta=0.1 tail_start=(6, 6, 6) returned_y=(2, 5, 1) returned_b=(0, 0, 0) returned_u=(0, 0, 0) returned_zcap=(2, 5, 1) max_tail_u=0",NA
120,P1_no_rho,72,687.7242356000934,5.615981000009924,10.831402000039816,0.1556657999753952,0.01,50855.003655457775,50855.003655457775,-66240.91618551052,-48676.52820936527,0.0,-23486.602948644642,-71247.64933200003,-71247.63526038999,-60404.2825197189,-23486.602948644642,36917.67957107426,36927.71051264006,-23509.777474419192,33329.5,nan,nan,1.5000000000000002,10.0,0.0,0.0,10.0,0.85,CORE,MAIN,1.2148183128635668,0.2620195056114213,0.6,0.174,-60404.2825197189,STRUCTURAL,-0.9548669654204391,-192068.22520485567,27600.0,0,0,0,0,0,0,0,inf,inf,NA,1,5,5,5,26,6,0,0,CONTINUE,0,A,1,1,0,KEEP_STRUCTURAL_IN_ON_CUT,2,3,0,0,"tail_cont_enabled=1 tail_active_dims=(1,) tail_delta=0.1 tail_start=(6, 6, 6) returned_y=(2, 5, 1) returned_b=(0, 0, 0) returned_u=(0, 0, 0) returned_zcap=(2, 5, 1) max_tail_u=0",NA
120,P1_no_rho,73,698.0504943000851,5.615981000009924,10.325700900051743,0.15226730005815625,0.01,46050.50315371072,46050.50315371072,-66240.91618551052,-49397.20328462733,0.0,-23486.602948644642,-71526.25481145925,-71526.24082311156,-60404.2825197189,-23486.602948644642,36917.67957107426,36927.71051264006,-23732.341500150706,36405.5,nan,nan,1.5000000000000002,10.0,0.0,0.0,10.0,0.85,CORE,MAIN,1.2150431949560172,0.261446149747392,0.6,0.174,-60404.2825197189,STRUCTURAL,-0.875213897588017,-192068.22520485567,27600.0,0,0,0,0,0,0,0,inf,inf,NA,1,5,5,5,26,6,0,0,CONTINUE,0,A,1,1,0,KEEP_STRUCTURAL_IN_ON_CUT,2,3,0,0,"tail_cont_enabled=1 tail_active_dims=(1,) tail_delta=0.1 tail_start=(6, 6, 6) returned_y=(0, 4, 4) returned_b=(0, 0, 0) returned_u=(0, 0, 0) returned_zcap=(0, 4, 4) max_tail_u=0",NA
120,P1_no_rho,74,707.0144196000183,5.615981000009924,8.963365399977192,0.15317880001384765,0.01,42117.75068244346,42117.75068244346,-66240.91618551052,-49987.11615531742,0.0,-23486.602948644642,-73412.94599167451,-73412.93157398037,-60404.2825197189,-23486.602948644642,36917.67957107426,36927.71051264006,-24001.374522933085,36967.5,nan,nan,1.5000000000000002,10.0,0.0,0.0,10.0,0.85,CORE,MAIN,1.214751198753393,0.2587769284216974,0.6,0.174,-60404.2825197189,STRUCTURAL,-0.8910810315555966,-192068.22520485567,27600.0,0,0,0,0,0,0,0,inf,inf,NA,1,5,5,5,26,6,0,0,CONTINUE,0,A,1,1,0,KEEP_STRUCTURAL_IN_ON_CUT,2,3,0,0,"tail_cont_enabled=1 tail_active_dims=(1,) tail_delta=0.1 tail_start=(6, 6, 6) returned_y=(0, 4, 4) returned_b=(0, 0, 0) returned_u=(0, 0, 0) returned_zcap=(0, 4, 4) max_tail_u=0",NA
120,P1_no_rho,75,728.5716185000492,5.615981000009924,21.556681800051592,0.16678610001690686,0.01,50517.762203592,50517.762203592,-66240.91618551052,-48727.11442714514,0.0,-23486.602948644642,-71434.01056803092,-71433.9965922667,-60404.2825197189,-23486.602948644642,36917.67957107426,36927.71051264006,-23229.05896223413,33728.5,nan,nan,1.5000000000000002,10.0,0.0,0.0,10.0,0.85,CORE,MAIN,1.2146408841457246,0.26293871326169516,0.6,0.174,-60404.2825197189,STRUCTURAL,-0.9528032698367365,-192068.22520485567,27600.0,0,0,0,0,0,0,0,inf,inf,NA,1,5,5,5,26,6,0,0,CONTINUE,0,A,1,1,0,KEEP_STRUCTURAL_IN_ON_CUT,2,3,0,0,"tail_cont_enabled=1 tail_active_dims=(1,) tail_delta=0.1 tail_start=(6, 6, 6) returned_y=(2, 5, 1) returned_b=(0, 0, 0) returned_u=(0, 0, 0) returned_zcap=(2, 5, 1) max_tail_u=0",NA
120,P1_no_rho,76,739.4531219000928,5.615981000009924,10.880951800034381,0.17107719997875392,0.01,50345.437505283306,50345.437505283306,-66240.91618551052,-48752.96313189145,0.0,-23486.602948644642,-70476.63647817449,-70476.62276631975,-60404.2825197189,-23486.602948644642,36917.67957107426,36927.71051264006,-21313.107531936235,34026.0,nan,nan,1.5000000000000002,10.0,0.0,0.0,10.0,0.85,CORE,MAIN,1.2151903702329894,0.26432039114513295,0.6,0.174,-60404.2825197189,STRUCTURAL,-0.9632538888768101,-192068.22520485567,27600.0,0,0,0,0,0,0,0,inf,inf,NA,2,6,6,6,26,6,0,0,CONTINUE,0,A,1,1,0,KEEP_STRUCTURAL_IN_ON_CUT,2,3,0,0,"tail_cont_enabled=1 tail_active_dims=(1,) tail_delta=0.1 tail_start=(6, 6, 6) returned_y=(5, 2, 0) returned_b=(0, 0, 0) returned_u=(0, 0, 0) returned_zcap=(5, 2, 0) max_tail_u=0",NA
120,P1_no_rho,77,750.0612954000244,5.615981000009924,10.607643599971198,0.15638169995509088,0.01,55302.64707782206,55302.64707782206,-66240.91618551052,-48009.381696010634,0.0,-23486.602948644642,-70978.64901380865,-70978.6349891343,-60404.2825197189,-23486.602948644642,36917.67957107426,36927.71051264006,-22790.803532601483,33590.5,nan,nan,1.5000000000000002,10.0,0.0,0.0,10.0,0.85,CORE,MAIN,1.2156222383382973,0.26306469310714165,0.6,0.174,-60404.2825197189,STRUCTURAL,-0.9563781715372461,-192068.22520485567,27600.0,0,0,0,0,0,0,0,inf,inf,NA,1,5,5,5,26,6,0,0,CONTINUE,0,A,1,1,0,KEEP_STRUCTURAL_IN_ON_CUT,2,3,0,0,"tail_cont_enabled=1 tail_active_dims=(1,) tail_delta=0.1 tail_start=(6, 6, 6) returned_y=(5, 2, 0) returned_b=(0, 0, 0) returned_u=(0, 0, 0) returned_zcap=(5, 2, 0) max_tail_u=0",NA
120,P1_no_rho,78,758.8911373000592,5.615981000009924,8.829234299948439,0.15615259995684028,0.01,51156.21998315801,51156.21998315801,-66240.91618551052,-48631.345760210235,0.0,-23486.602948644642,-72849.60140723658,-72849.58708262003,-60404.2825197189,-23486.602948644642,36917.67957107426,36927.71051264006,-23400.552054660628,34593.5,nan,nan,1.5000000000000002,10.0,0.0,0.0,10.0,0.85,CORE,MAIN,1.215544192982967,0.2704420346787846,0.6,0.174,-60404.2825197189,STRUCTURAL,-0.9529542645864953,-192068.22520485567,27600.0,0,0,0,0,0,0,0,inf,inf,NA,1,5,5,5,26,6,0,0,CONTINUE,0,A,1,1,0,KEEP_STRUCTURAL_IN_ON_CUT,2,3,0,0,"tail_cont_enabled=1 tail_active_dims=(1,) tail_delta=0.1 tail_start=(6, 6, 6) returned_y=(5, 2, 0) returned_b=(0, 0, 0) returned_u=(0, 0, 0) returned_zcap=(5, 2, 0) max_tail_u=0",NA
120,P1_no_rho,79,769.1985080000013,5.615981000009924,10.306858399999328,0.154048900003545,0.01,55440.35897984475,55440.35897984475,-66240.91618551052,-47988.72491070723,0.0,-23486.602948644642,-72049.13613961621,-72049.12190853857,-60404.2825197189,-23486.602948644642,36917.67957107426,36927.71051264006,-23188.34562805649,33808.5,nan,nan,1.5000000000000002,10.0,0.0,0.0,10.0,0.85,CORE,MAIN,1.2154496704082016,0.26017557111044265,0.6,0.174,-60404.2825197189,STRUCTURAL,-0.9634811024935954,-192068.22520485567,27600.0,0,0,0,0,0,0,0,inf,inf,NA,1,5,5,5,26,6,0,0,CONTINUE,0,A,1,1,0,KEEP_STRUCTURAL_IN_ON_CUT,2,3,0,0,"tail_cont_enabled=1 tail_active_dims=(1,) tail_delta=0.1 tail_start=(6, 6, 6) returned_y=(2, 5, 1) returned_b=(0, 0, 0) returned_u=(0, 0, 0) returned_zcap=(2, 5, 1) max_tail_u=0",NA
120,P1_no_rho,80,789.642297500046,5.615981000009924,20.443083100020885,0.17048970004543662,0.01,46204.422590892624,46204.422590892624,-66240.91618551052,-49374.11536905004,0.0,-23486.602948644642,-70512.31096758095,-70512.29718070586,-60404.2825197189,-23486.602948644642,36917.67957107426,36927.71051264006,-23446.819701296492,35748.5,nan,nan,1.5000000000000002,10.0,0.0,0.0,10.0,0.85,CORE,MAIN,1.2157866884649677,0.26426078819832954,0.6,0.174,-60404.2825197189,STRUCTURAL,-0.8777147289053503,-192068.22520485567,27600.0,0,0,0,0,0,0,0,inf,inf,NA,2,6,6,6,26,6,0,0,CONTINUE,0,A,1,1,0,KEEP_STRUCTURAL_IN_ON_CUT,2,3,0,0,"tail_cont_enabled=1 tail_active_dims=(1,) tail_delta=0.1 tail_start=(6, 6, 6) returned_y=(2, 0, 5) returned_b=(0, 0, 0) returned_u=(0, 0, 0) returned_zcap=(2, 0, 5) max_tail_u=0",NA
120,P1_no_rho,81,799.9634789000265,5.615981000009924,10.320587399997748,0.14727980003226548,0.01,40490.255801906125,40490.255801906125,-66240.91618551052,-50231.24038739802,0.0,-23486.602948644642,-73378.90214083268,-73378.88770873737,-60404.2825197189,-23486.602948644642,36917.67957107426,36927.71051264006,-23920.907033092266,36747.5,nan,nan,1.5000000000000002,10.0,0.0,0.0,10.0,0.85,CORE,MAIN,1.2155524077686972,0.259420334597948,0.6,0.174,-60404.2825197189,STRUCTURAL,-0.8972579663132652,-192068.22520485567,27600.0,0,0,0,0,0,0,0,inf,inf,NA,1,5,5,5,26,6,0,0,CONTINUE,0,A,1,1,0,KEEP_STRUCTURAL_IN_ON_CUT,2,3,0,0,"tail_cont_enabled=1 tail_active_dims=(1,) tail_delta=0.1 tail_start=(6, 6, 6) returned_y=(2, 0, 5) returned_b=(0, 0, 0) returned_u=(0, 0, 0) returned_zcap=(2, 0, 5) max_tail_u=0",NA
120,P1_no_rho,82,808.6150136000942,5.615981000009924,8.65079720003996,0.14674620004370809,0.01,53154.910753059405,53154.910753059405,-66240.91618551052,-48331.54214472503,0.0,-23486.602948644642,-71732.63415905354,-71732.61998573625,-60404.2825197189,-23486.602948644642,36917.67957107426,36927.71051264006,-23229.202329162068,36135.0,nan,nan,1.5000000000000002,10.0,0.0,0.0,10.0,0.85,CORE,MAIN,1.2154353398845448,0.2630633936689999,0.6,0.174,-60404.2825197189,STRUCTURAL,-0.8948557291005799,-192068.22520485567,27600.0,0,0,0,0,0,0,0,inf,inf,NA,1,5,5,5,26,6,0,0,CONTINUE,0,A,1,1,0,KEEP_STRUCTURAL_IN_ON_CUT,2,3,0,0,"tail_cont_enabled=1 tail_active_dims=(1,) tail_delta=0.1 tail_start=(6, 6, 6) returned_y=(2, 0, 5) returned_b=(0, 0, 0) returned_u=(0, 0, 0) returned_zcap=(2, 0, 5) max_tail_u=0",NA
120,P1_no_rho,83,818.6410595000489,5.615981000009924,10.025492100045085,0.14862619992345572,0.01,51054.47361003864,51054.47361003864,-66240.91618551052,-48646.60771617814,0.0,-23486.602948644642,-68000.556653445,-68000.54325793314,-60404.2825197189,-23486.602948644642,36917.67957107426,36927.71051264006,-20858.283545834438,32817.0,nan,nan,1.5000000000000002,10.0,0.0,0.0,10.0,0.85,CORE,MAIN,1.2143723209288253,0.269491418934346,0.6,0.174,-60404.2825197189,STRUCTURAL,-0.9576796520522634,-192068.22520485567,27600.0,0,0,0,0,0,0,0,inf,inf,NA,1,5,5,5,26,6,0,0,CONTINUE,0,A,1,1,0,KEEP_STRUCTURAL_IN_ON_CUT,2,3,0,0,"tail_cont_enabled=1 tail_active_dims=(1,) tail_delta=0.1 tail_start=(6, 6, 6) returned_y=(2, 5, 1) returned_b=(0, 0, 0) returned_u=(0, 0, 0) returned_zcap=(2, 5, 1) max_tail_u=0",NA
120,P1_no_rho,84,829.4921321000438,5.615981000009924,10.850478800013661,0.1509855999611318,0.01,52163.56316480438,52163.56316480438,-66240.91618551052,-48480.24428296328,0.0,-23486.602948644642,-71718.28276185997,-71718.26862200833,-60404.2825197189,-23486.602948644642,36917.67957107426,36927.71051264006,-23266.892466067544,34093.0,nan,nan,1.5000000000000002,10.0,0.0,0.0,10.0,0.85,CORE,MAIN,1.2134901718403104,0.25948576061116524,0.6,0.174,-60404.2825197189,STRUCTURAL,-0.9474354687852008,-192068.22520485567,27600.0,0,0,0,0,0,0,0,inf,inf,NA,1,5,5,5,26,6,0,0,CONTINUE,0,A,1,1,0,KEEP_STRUCTURAL_IN_ON_CUT,2,3,0,0,"tail_cont_enabled=1 tail_active_dims=(1,) tail_delta=0.1 tail_start=(6, 6, 6) returned_y=(5, 2, 0) returned_b=(0, 0, 0) returned_u=(0, 0, 0) returned_zcap=(5, 2, 0) max_tail_u=0",NA
120,P1_no_rho,85,848.0112569000339,5.615981000009924,18.518628099933267,0.15107899997383356,0.01,47515.07902933,47515.07902933,-66240.91618551052,-49177.51690328444,0.0,-23486.602948644642,-73953.65108604619,-73953.63657231064,-60404.2825197189,-23486.602948644642,36917.67957107426,36927.71051264006,-24202.428653542418,34851.5,nan,nan,1.5000000000000002,10.0,0.0,0.0,10.0,0.85,CORE,MAIN,1.2123087387013938,0.27239912362735486,0.6,0.174,-60404.2825197189,STRUCTURAL,-0.9516798974461781,-192068.22520485567,27600.0,0,0,0,0,0,0,0,inf,inf,NA,1,5,5,5,26,6,0,0,CONTINUE,0,A,1,1,0,KEEP_STRUCTURAL_IN_ON_CUT,2,3,0,0,"tail_cont_enabled=1 tail_active_dims=(1,) tail_delta=0.1 tail_start=(6, 6, 6) returned_y=(2, 5, 1) returned_b=(0, 0, 0) returned_u=(0, 0, 0) returned_zcap=(2, 5, 1) max_tail_u=0",NA
120,P1_no_rho,86,858.2019125000807,5.615981000009924,10.190000000060536,0.15738680004142225,0.01,52815.99754326634,52815.99754326634,-66240.91618551052,-48382.37912619399,0.0,-23486.602948644642,-71710.38472788194,-71710.37058851848,-60404.2825197189,-23486.602948644642,36917.67957107426,36927.71051264006,-23136.167314520044,33666.0,nan,nan,1.5000000000000002,10.0,0.0,0.0,10.0,0.85,CORE,MAIN,1.2115613292885024,0.2622100992669085,0.6,0.174,-60404.2825197189,STRUCTURAL,-0.9618844585833073,-192068.22520485567,27600.0,0,0,0,0,0,0,0,inf,inf,NA,1,5,5,5,26,6,0,0,CONTINUE,0,A,1,1,0,KEEP_STRUCTURAL_IN_ON_CUT,2,3,0,0,"tail_cont_enabled=1 tail_active_dims=(1,) tail_delta=0.1 tail_start=(6, 6, 6) returned_y=(2, 5, 1) returned_b=(0, 0, 0) returned_u=(0, 0, 0) returned_zcap=(2, 5, 1) max_tail_u=0",NA
120,P1_no_rho,87,868.2712764000753,5.615981000009924,10.06883970007766,0.1524587000021711,0.01,49402.82827509521,49402.82827509521,-66240.91618551052,-48894.354516419655,0.0,-23486.602948644642,-72529.04021807326,-72529.02611059326,-60404.2825197189,-23486.602948644642,36917.67957107426,36927.71051264006,-24344.365257379253,33967.0,nan,nan,1.5000000000000002,10.0,0.0,0.0,10.0,0.85,CORE,MAIN,1.2110237681806608,0.2602825915821321,0.6,0.174,-60404.2825197189,STRUCTURAL,-0.9457151716511906,-192068.22520485567,27600.0,0,0,0,0,0,0,0,inf,inf,NA,1,5,5,5,26,6,0,0,CONTINUE,0,A,1,1,0,KEEP_STRUCTURAL_IN_ON_CUT,2,3,0,0,"tail_cont_enabled=1 tail_active_dims=(1,) tail_delta=0.1 tail_start=(6, 6, 6) returned_y=(4, 1, 2) returned_b=(0, 0, 0) returned_u=(0, 0, 0) returned_zcap=(4, 1, 2) max_tail_u=0",NA
120,P1_no_rho,88,878.7841694001108,5.615981000009924,10.511327899992466,0.14885270001832396,0.01,42137.665550073696,42137.665550073696,-66240.91618551052,-49984.12892517289,0.0,-23486.602948644642,-73147.2288534527,-73147.21451908733,-60404.2825197189,-23486.602948644642,36917.67957107426,36927.71051264006,-23654.862486506354,34798.0,nan,nan,1.5000000000000002,10.0,0.0,0.0,10.0,0.85,CORE,MAIN,1.210422256455697,0.25210444893514294,0.6,0.174,-60404.2825197189,STRUCTURAL,-0.9481838426074476,-192068.22520485567,27600.0,0,0,0,0,0,0,0,inf,inf,NA,1,5,5,5,26,6,0,0,CONTINUE,0,A,1,1,0,KEEP_STRUCTURAL_IN_ON_CUT,2,3,0,0,"tail_cont_enabled=1 tail_active_dims=(1,) tail_delta=0.1 tail_start=(6, 6, 6) returned_y=(4, 1, 2) returned_b=(0, 0, 0) returned_u=(0, 0, 0) returned_zcap=(4, 1, 2) max_tail_u=0",NA
120,P1_no_rho,89,886.9137111000018,5.615981000009924,8.128830199944787,0.14600950002204627,0.01,54021.41575766593,54021.41575766593,-66240.91618551052,-48201.56639403405,0.0,-23486.602948644642,-72216.3930427225,-72216.37874290014,-60404.2825197189,-23486.602948644642,36917.67957107426,36927.71051264006,-23291.525074473422,33795.5,nan,nan,1.5000000000000002,10.0,0.0,0.0,10.0,0.85,CORE,MAIN,1.2125538186682634,0.26129405920507487,0.6,0.174,-60404.2825197189,STRUCTURAL,-0.9651157435837454,-192068.22520485567,27600.0,0,0,0,0,0,0,0,inf,inf,NA,1,5,5,5,26,6,0,0,CONTINUE,0,A,1,1,0,KEEP_STRUCTURAL_IN_ON_CUT,2,3,0,0,"tail_cont_enabled=1 tail_active_dims=(1,) tail_delta=0.1 tail_start=(6, 6, 6) returned_y=(4, 1, 2) returned_b=(0, 0, 0) returned_u=(0, 0, 0) returned_zcap=(4, 1, 2) max_tail_u=0",NA
120,P1_no_rho,90,908.3697443000274,5.615981000009924,21.45492579997517,0.15118669997900724,0.01,57847.79649158853,57847.79649158853,-66240.91618551052,-47627.60928394566,0.0,-23486.602948644642,-67945.40763899585,-67945.3941539219,-60404.2825197189,-23486.602948644642,36917.67957107426,36927.71051264006,-20694.88075973966,32546.0,nan,nan,1.5000000000000002,10.0,0.0,0.0,10.0,0.85,CORE,MAIN,1.2121985226459964,0.2695858546579315,0.6,0.174,-60404.2825197189,STRUCTURAL,-0.9678713901182372,-192068.22520485567,27600.0,0,0,0,0,0,0,0,inf,inf,NA,1,5,5,5,26,6,0,0,CONTINUE,0,A,1,1,0,KEEP_STRUCTURAL_IN_ON_CUT,2,3,0,0,"tail_cont_enabled=1 tail_active_dims=(1,) tail_delta=0.1 tail_start=(6, 6, 6) returned_y=(4, 1, 2) returned_b=(0, 0, 0) returned_u=(0, 0, 0) returned_zcap=(4, 1, 2) max_tail_u=0",NA
120,P1_no_rho,91,916.5818678000942,5.615981000009924,8.211487399996258,0.15605590003542602,0.01,50865.786811672246,50865.786811672246,-66240.91618551052,-48674.9107359331,0.0,-23486.602948644642,-71741.83520721424,-71741.82099703938,-60404.2825197189,-23486.602948644642,36917.67957107426,36927.71051264006,-23137.657774402127,36114.0,nan,nan,1.5000000000000002,10.0,0.0,0.0,10.0,0.85,CORE,MAIN,1.211874913279023,0.2606487475216024,0.6,0.174,-60404.2825197189,STRUCTURAL,-0.8972358498576221,-192068.22520485567,27600.0,0,0,0,0,0,0,0,inf,inf,NA,1,5,5,5,26,6,0,0,CONTINUE,0,A,1,1,0,KEEP_STRUCTURAL_IN_ON_CUT,2,3,0,0,"tail_cont_enabled=1 tail_active_dims=(1,) tail_delta=0.1 tail_start=(6, 6, 6) returned_y=(2, 0, 5) returned_b=(0, 0, 0) returned_u=(0, 0, 0) returned_zcap=(2, 0, 5) max_tail_u=0",NA
120,P1_no_rho,92,924.9827869000146,5.615981000009924,8.400152400019579,0.17551370000001043,0.01,46507.110165405786,46507.110165405786,-66240.91618551052,-49328.71223287307,0.0,-23486.602948644642,-74335.95816876685,-74335.94382393989,-60404.2825197189,-23486.602948644642,36917.67957107426,36927.71051264006,-23762.199510337457,35698.0,nan,nan,1.5000000000000002,10.0,0.0,0.0,10.0,0.85,CORE,MAIN,1.2109768724817436,0.24611239225003617,0.6,0.174,-60404.2825197189,STRUCTURAL,-0.944473907288969,-192068.22520485567,27600.0,0,0,0,0,0,0,0,inf,inf,NA,2,6,6,6,26,6,0,0,CONTINUE,0,A,1,1,0,KEEP_STRUCTURAL_IN_ON_CUT,2,3,0,0,"tail_cont_enabled=1 tail_active_dims=(1,) tail_delta=0.1 tail_start=(6, 6, 6) returned_y=(2, 6, 0) returned_b=(0, 1, 0) returned_u=(0, 0.1, 0) returned_zcap=(2, 6.1, 0) max_tail_u=0.1",NA
120,P1_no_rho,93,932.9538837000728,5.615981000009924,7.970130600035191,0.147610199986957,0.01,56867.84837001203,56867.84837001203,-66240.91618551052,-47774.60150218214,0.0,-23486.602948644642,-71338.0600165312,-71338.04593214663,-60404.2825197189,-23486.602948644642,36917.67957107426,36927.71051264006,-22967.799908902893,33604.5,nan,nan,1.5000000000000002,10.0,0.0,0.0,10.0,0.85,CORE,MAIN,1.2106632592465818,0.262667712351105,0.6,0.174,-60404.2825197189,STRUCTURAL,-0.9595985859680247,-192068.22520485567,27600.0,0,0,0,0,0,0,0,inf,inf,NA,1,5,5,5,26,6,0,0,CONTINUE,0,A,1,1,0,KEEP_STRUCTURAL_IN_ON_CUT,2,3,0,0,"tail_cont_enabled=1 tail_active_dims=(1,) tail_delta=0.1 tail_start=(6, 6, 6) returned_y=(5, 2, 0) returned_b=(0, 0, 0) returned_u=(0, 0, 0) returned_zcap=(5, 2, 0) max_tail_u=0",NA
120,P1_no_rho,94,943.2627336001024,5.615981000009924,10.308248599991202,0.15215830004308373,0.01,47397.66282534243,47397.66282534243,-66240.91618551052,-49195.12933388258,0.0,-23486.602948644642,-71780.5433722462,-71780.52946064962,-60404.2825197189,-23486.602948644642,36917.67957107426,36927.71051264006,-23941.078991412458,33669.0,nan,nan,1.5000000000000002,10.0,0.0,0.0,10.0,0.85,CORE,MAIN,1.210552621850637,0.2717949733100258,0.6,0.174,-60404.2825197189,STRUCTURAL,-0.9472501998720317,-192068.22520485567,27600.0,0,0,0,0,0,0,0,inf,inf,NA,1,5,5,5,26,6,0,0,CONTINUE,0,A,1,1,0,KEEP_STRUCTURAL_IN_ON_CUT,2,3,0,0,"tail_cont_enabled=1 tail_active_dims=(1,) tail_delta=0.1 tail_start=(6, 6, 6) returned_y=(5, 2, 0) returned_b=(0, 0, 0) returned_u=(0, 0, 0) returned_zcap=(5, 2, 0) max_tail_u=0",NA
120,P1_no_rho,95,965.2689518000698,5.615981000009924,22.00564290001057,0.14701129996683449,0.01,43407.27257802209,43407.27257802209,-66240.91618551052,-49793.687870980626,0.0,-23486.602948644642,-71584.1478217224,-71584.13391447184,-60404.2825197189,-23486.602948644642,36917.67957107426,36927.71051264006,-22916.440593163785,34516.0,nan,nan,1.5000000000000002,10.0,0.0,0.0,10.0,0.85,CORE,MAIN,1.2105503607590997,0.26125754342246177,0.6,0.174,-60404.2825197189,STRUCTURAL,-0.9400025750629275,-192068.22520485567,27600.0,0,0,0,0,0,0,0,inf,inf,NA,1,5,5,5,26,6,0,0,CONTINUE,0,A,1,1,0,KEEP_STRUCTURAL_IN_ON_CUT,2,3,0,0,"tail_cont_enabled=1 tail_active_dims=(1,) tail_delta=0.1 tail_start=(6, 6, 6) returned_y=(5, 2, 0) returned_b=(0, 0, 0) returned_u=(0, 0, 0) returned_zcap=(5, 2, 0) max_tail_u=0",NA
120,P1_no_rho,96,973.443671300076,5.615981000009924,8.174102799966931,0.14787780004553497,0.01,49131.92577448604,49131.92577448604,-66240.91618551052,-48934.98989151103,0.0,-23486.602948644642,-71819.83046317963,-71819.81623450495,-60404.2825197189,-23486.602948644642,36917.67957107426,36927.71051264006,-22944.639009028848,34168.0,nan,nan,1.5000000000000002,10.0,0.0,0.0,10.0,0.85,CORE,MAIN,1.2127741154416216,0.260887743891561,0.6,0.174,-60404.2825197189,STRUCTURAL,-0.9536247800178742,-192068.22520485567,27600.0,0,0,0,0,0,0,0,inf,inf,NA,1,5,5,5,26,6,0,0,CONTINUE,0,A,1,1,0,KEEP_STRUCTURAL_IN_ON_CUT,2,3,0,0,"tail_cont_enabled=1 tail_active_dims=(1,) tail_delta=0.1 tail_start=(6, 6, 6) returned_y=(5, 2, 0) returned_b=(0, 0, 0) returned_u=(0, 0, 0) returned_zcap=(5, 2, 0) max_tail_u=0",NA
120,P1_no_rho,97,978.6471061001066,5.615981000009924,5.20290010003373,0.17450950003694743,0.01,54003.24980745924,54003.24980745924,-66240.91618551052,-48204.29128656505,0.0,-23486.602948644642,-71510.73707099402,-71510.72313243465,-60404.2825197189,-23486.602948644642,36917.67957107426,36927.71051264006,-21770.024145956148,37409.0,nan,nan,1.5000000000000002,10.0,0.0,0.0,10.0,0.85,CORE,MAIN,1.2142910393407582,0.2621164532159326,0.6,0.174,-60404.2825197189,STRUCTURAL,-0.8864301636233438,-192068.22520485567,27600.0,0,0,0,0,0,0,0,inf,inf,NA,2,6,6,6,26,6,0,0,CONTINUE,0,A,1,1,0,KEEP_STRUCTURAL_IN_ON_CUT,2,3,0,0,"tail_cont_enabled=1 tail_active_dims=(1,) tail_delta=0.1 tail_start=(6, 6, 6) returned_y=(1, 0, 6) returned_b=(0, 0, 1) returned_u=(0, 0, 0) returned_zcap=(1, 0, 6) max_tail_u=0",NA
120,P1_no_rho,98,984.510782700032,5.615981000009924,5.863173799938522,0.1801808999152854,0.01,49802.24290615387,49802.24290615387,-66240.91618551052,-48834.44232176086,0.0,-23486.602948644642,-71919.36274022797,-71919.3486239625,-60404.2825197189,-23486.602948644642,36917.67957107426,36927.71051264006,-23102.895349066268,36620.5,nan,nan,1.5000000000000002,10.0,0.0,0.0,10.0,0.85,CORE,MAIN,1.2153753930935747,0.26110415639388795,0.6,0.174,-60404.2825197189,STRUCTURAL,-0.8886908202581657,-192068.22520485567,27600.0,0,0,0,0,0,0,0,inf,inf,NA,2,6,6,6,26,6,0,0,CONTINUE,0,A,1,1,0,KEEP_STRUCTURAL_IN_ON_CUT,2,3,0,0,"tail_cont_enabled=1 tail_active_dims=(1,) tail_delta=0.1 tail_start=(6, 6, 6) returned_y=(0, 4, 4) returned_b=(0, 0, 0) returned_u=(0, 0, 0) returned_zcap=(0, 4, 4) max_tail_u=0",NA
120,P1_no_rho,99,990.1717128000455,5.615981000009924,5.66023659997154,0.15864569996483624,0.01,45926.98788224582,45926.98788224582,-66240.91618551052,-49415.730575347065,0.0,-23486.602948644642,-71722.03801582806,-71722.02401687043,-60404.2825197189,-23486.602948644642,36917.67957107426,36927.71051264006,-22666.147219012444,34829.5,nan,nan,1.5000000000000002,10.0,0.0,0.0,10.0,0.85,CORE,MAIN,1.2161832179159513,0.26220148328546156,0.6,0.174,-60404.2825197189,STRUCTURAL,-0.9389717872848782,-192068.22520485567,27600.0,0,0,0,0,0,0,0,inf,inf,NA,1,5,5,5,26,6,0,0,CONTINUE,0,A,1,1,0,KEEP_STRUCTURAL_IN_ON_CUT,2,3,0,0,"tail_cont_enabled=1 tail_active_dims=(1,) tail_delta=0.1 tail_start=(6, 6, 6) returned_y=(2, 6, 0) returned_b=(0, 1, 0) returned_u=(0, 0.1, 0) returned_zcap=(2, 6.1, 0) max_tail_u=0.1",NA
120,P1_no_rho,100,1005.9328244000208,5.615981000009924,15.760657400009222,0.1725114999571815,0.01,53756.32332638157,53756.32332638157,-66240.91618551052,-48241.3302587267,0.0,-23486.602948644642,-71661.73778866832,-71661.7236643635,-60404.2825197189,-23486.602948644642,36917.67957107426,36927.71051264006,-23271.060555428736,33298.0,nan,nan,1.5000000000000002,10.0,0.0,0.0,10.0,0.85,CORE,MAIN,1.2167274575007623,0.262552805993982,0.6,0.174,-60404.2825197189,STRUCTURAL,-0.9688402328254904,-192068.22520485567,27600.0,0,0,0,0,0,0,0,inf,inf,NA,2,6,6,6,26,6,0,0,CONTINUE,0,A,1,1,0,KEEP_STRUCTURAL_IN_ON_CUT,2,3,0,0,"tail_cont_enabled=1 tail_active_dims=(1,) tail_delta=0.1 tail_start=(6, 6, 6) returned_y=(4, 1, 2) returned_b=(0, 0, 0) returned_u=(0, 0, 0) returned_zcap=(4, 1, 2) max_tail_u=0",NA
120,P1_no_rho,101,1012.9282297000755,5.615981000009924,6.99492480000481,0.14770850003696978,0.01,45298.679915927016,45298.679915927016,-66240.91618551052,-49509.97677029489,0.0,-23486.602948644642,-70829.8768748216,-70829.8630125739,-60404.2825197189,-23486.602948644642,36917.67957107426,36927.71051264006,-23816.697460678955,33264.5,nan,nan,1.5000000000000002,10.0,0.0,0.0,10.0,0.85,CORE,MAIN,1.216791504894908,0.2594609779650823,0.6,0.174,-60404.2825197189,STRUCTURAL,-0.942208972566248,-192068.22520485567,27600.0,0,0,0,0,0,0,0,inf,inf,NA,1,5,5,5,26,6,0,0,CONTINUE,0,A,1,1,0,KEEP_STRUCTURAL_IN_ON_CUT,2,3,0,0,"tail_cont_enabled=1 tail_active_dims=(1,) tail_delta=0.1 tail_start=(6, 6, 6) returned_y=(4, 1, 2) returned_b=(0, 0, 0) returned_u=(0, 0, 0) returned_zcap=(4, 1, 2) max_tail_u=0",NA
120,P1_no_rho,102,1020.8190470000263,5.615981000009924,7.890195499989204,0.1601284999633208,0.01,47103.916198522355,47103.916198522355,-66240.91618551052,-49239.19132790559,0.0,-23486.602948644642,-70444.64667137325,-70444.6328642181,-60404.2825197189,-23486.602948644642,36917.67957107426,36927.71051264006,-22847.192142719163,33182.0,nan,nan,1.5000000000000002,10.0,0.0,0.0,10.0,0.85,CORE,MAIN,1.216781953757631,0.2643581816493109,0.6,0.174,-60404.2825197189,STRUCTURAL,-0.9562903727221369,-192068.22520485567,27600.0,0,0,0,0,0,0,0,inf,inf,NA,1,5,5,5,26,6,0,0,CONTINUE,0,A,1,1,0,KEEP_STRUCTURAL_IN_ON_CUT,2,3,0,0,"tail_cont_enabled=1 tail_active_dims=(1,) tail_delta=0.1 tail_start=(6, 6, 6) returned_y=(4, 1, 2) returned_b=(0, 0, 0) returned_u=(0, 0, 0) returned_zcap=(4, 1, 2) max_tail_u=0",NA
120,P1_no_rho,103,1030.6056841000682,5.615981000009924,9.786270100041293,0.17668170004617423,0.01,53572.75368559498,53572.75368559498,-66240.91618551052,-48268.86570484469,0.0,-23486.602948644642,-71655.47498543939,-71655.46085629624,-60404.2825197189,-23486.602948644642,36917.67957107426,36927.71051264006,-23223.81183186189,34054.5,nan,nan,1.5000000000000002,10.0,0.0,0.0,10.0,0.85,CORE,MAIN,1.216651676673202,0.261990510640284,0.6,0.174,-60404.2825197189,STRUCTURAL,-0.94812039572713,-192068.22520485567,27600.0,0,0,0,0,0,0,0,inf,inf,NA,2,6,6,6,26,6,0,0,CONTINUE,0,A,1,1,0,KEEP_STRUCTURAL_IN_ON_CUT,2,3,0,0,"tail_cont_enabled=1 tail_active_dims=(1,) tail_delta=0.1 tail_start=(6, 6, 6) returned_y=(2, 5, 1) returned_b=(0, 0, 0) returned_u=(0, 0, 0) returned_zcap=(2, 5, 1) max_tail_u=0",NA
120,P1_no_rho,104,1041.387228100095,5.615981000009924,10.780923600075766,0.15909759991336614,0.01,44110.80269699555,44110.80269699555,-66240.91618551052,-49688.158353134604,0.0,-23486.602948644642,-70076.45458457206,-70076.4407622851,-60404.2825197189,-23486.602948644642,36917.67957107426,36927.71051264006,-21483.48758580996,33956.5,nan,nan,1.5000000000000002,10.0,0.0,0.0,10.0,0.85,CORE,MAIN,1.2166090447362248,0.2504424120334966,0.6,0.174,-60404.2825197189,STRUCTURAL,-0.9540235924683078,-192068.22520485567,27600.0,0,0,0,0,0,0,0,inf,inf,NA,1,5,5,5,26,6,0,0,CONTINUE,0,A,1,1,0,KEEP_STRUCTURAL_IN_ON_CUT,2,3,0,0,"tail_cont_enabled=1 tail_active_dims=(1,) tail_delta=0.1 tail_start=(6, 6, 6) returned_y=(2, 5, 1) returned_b=(0, 0, 0) returned_u=(0, 0, 0) returned_zcap=(2, 5, 1) max_tail_u=0",NA
120,P1_no_rho,105,1061.2230468000052,5.615981000009924,19.83526510000229,0.15371919993776828,0.01,47925.97528794069,47925.97528794069,-66240.91618551052,-49115.88246449284,0.0,-23486.602948644642,-72771.3368441463,-72771.32255713882,-60404.2825197189,-23486.602948644642,36917.67957107426,36927.71051264006,-23440.25666481073,34197.5,nan,nan,1.5000000000000002,10.0,0.0,0.0,10.0,0.85,CORE,MAIN,1.2161879219674434,0.259675780592324,0.6,0.174,-60404.2825197189,STRUCTURAL,-0.9616895171153466,-192068.22520485567,27600.0,0,0,0,0,0,0,0,inf,inf,NA,1,5,5,5,26,6,0,0,CONTINUE,0,A,1,1,0,KEEP_STRUCTURAL_IN_ON_CUT,2,3,0,0,"tail_cont_enabled=1 tail_active_dims=(1,) tail_delta=0.1 tail_start=(6, 6, 6) returned_y=(2, 5, 1) returned_b=(0, 0, 0) returned_u=(0, 0, 0) returned_zcap=(2, 5, 1) max_tail_u=0",NA
120,P1_no_rho,106,1069.2904300000519,5.615981000009924,8.066795999999158,0.14752670004963875,0.01,50041.32505914457,50041.32505914457,-66240.91618551052,-48798.57999881225,0.0,-23486.602948644642,-72897.75846655782,-72897.74410634072,-60404.2825197189,-23486.602948644642,36917.67957107426,36927.71051264006,-23717.36674195799,34458.0,nan,nan,1.5000000000000002,10.0,0.0,0.0,10.0,0.85,CORE,MAIN,1.2156392855989901,0.25831872989319793,0.6,0.174,-60404.2825197189,STRUCTURAL,-0.9515038087794362,-192068.22520485567,27600.0,0,0,0,0,0,0,0,inf,inf,NA,1,5,5,5,26,6,0,0,CONTINUE,0,A,1,1,0,KEEP_STRUCTURAL_IN_ON_CUT,2,3,0,0,"tail_cont_enabled=1 tail_active_dims=(1,) tail_delta=0.1 tail_start=(6, 6, 6) returned_y=(2, 5, 1) returned_b=(0, 0, 0) returned_u=(0, 0, 0) returned_zcap=(2, 5, 1) max_tail_u=0",NA
120,P1_no_rho,107,1075.9969345000573,5.615981000009924,6.7059312999481335,0.18103870004415512,0.01,54734.27856664948,54734.27856664948,-66240.91618551052,-48094.636972686516,0.0,-23486.602948644642,-81565.69677688532,-81565.68176267666,-60404.2825197189,-23486.602948644642,36917.67957107426,36927.71051264006,-27076.231315697478,40081.0,nan,nan,1.5000000000000002,10.0,0.0,0.0,10.0,0.85,CORE,MAIN,1.2132304151292583,0.24854009436325475,0.6,0.174,-60404.2825197189,STRUCTURAL,-0.9063222049845587,-192068.22520485567,27600.0,0,0,0,0,0,0,0,inf,inf,NA,2,6,6,6,26,6,0,0,CONTINUE,0,A,1,1,0,KEEP_STRUCTURAL_IN_ON_CUT,2,3,0,0,"tail_cont_enabled=1 tail_active_dims=(1,) tail_delta=0.1 tail_start=(6, 6, 6) returned_y=(6, 0, 0) returned_b=(1, 0, 0) returned_u=(0, 0, 0) returned_zcap=(6, 0, 0) max_tail_u=0",NA
120,P1_no_rho,108,1083.5222785000224,5.615981000009924,7.524976899963804,0.17458969994913787,0.01,58410.96985316388,58410.96985316388,-66240.91618551052,-47543.13327970936,0.0,-23486.602948644642,-75329.23176203619,-75329.21726452818,-60404.2825197189,-23486.602948644642,36917.67957107426,36927.71051264006,-25366.715325319743,37537.5,nan,nan,1.5000000000000002,10.0,0.0,0.0,10.0,0.85,CORE,MAIN,1.2115175862123586,0.2615810213755335,0.6,0.174,-60404.2825197189,STRUCTURAL,-0.8873349217752635,-192068.22520485567,27600.0,0,0,0,0,0,0,0,inf,inf,NA,2,6,6,6,26,6,0,0,CONTINUE,0,A,1,1,0,KEEP_STRUCTURAL_IN_ON_CUT,2,3,0,0,"tail_cont_enabled=1 tail_active_dims=(1,) tail_delta=0.1 tail_start=(6, 6, 6) returned_y=(2, 0, 5) returned_b=(0, 0, 0) returned_u=(0, 0, 0) returned_zcap=(2, 0, 5) max_tail_u=0",NA
120,P1_no_rho,109,1089.8855803000042,5.615981000009924,6.362827399978414,0.15344469994306564,0.01,60876.96392789981,60876.96392789981,-66240.91618551052,-47173.234168498966,0.0,-23486.602948644642,-73648.48214443219,-73648.46797431269,-60404.2825197189,-23486.602948644642,36917.67957107426,36927.71051264006,-23987.189022710198,36958.0,nan,nan,1.5000000000000002,10.0,0.0,0.0,10.0,0.85,CORE,MAIN,1.210609052572638,0.26414338790940295,0.6,0.174,-60404.2825197189,STRUCTURAL,-0.8958146896766145,-192068.22520485567,27600.0,0,0,0,0,0,0,0,inf,inf,NA,1,5,5,5,26,6,0,0,CONTINUE,0,A,1,1,0,KEEP_STRUCTURAL_IN_ON_CUT,2,3,0,0,"tail_cont_enabled=1 tail_active_dims=(1,) tail_delta=0.1 tail_start=(6, 6, 6) returned_y=(2, 0, 5) returned_b=(0, 0, 0) returned_u=(0, 0, 0) returned_zcap=(2, 0, 5) max_tail_u=0",NA
120,P1_no_rho,110,1101.7155907000415,5.615981000009924,11.829487400013022,0.17111469991505146,0.01,57927.470471412904,57927.470471412904,-66240.91618551052,-47615.658186972,0.0,-23486.602948644642,-72033.72230238307,-72033.70839106466,-60404.2825197189,-23486.602948644642,36917.67957107426,36927.71051264006,-22583.76401662196,35326.0,nan,nan,1.5000000000000002,10.0,0.0,0.0,10.0,0.85,CORE,MAIN,1.2117705439872073,0.2658393860661532,0.6,0.174,-60404.2825197189,STRUCTURAL,-0.9332115037921586,-192068.22520485567,27600.0,0,0,0,0,0,0,0,inf,inf,NA,2,6,6,6,26,6,0,0,CONTINUE,0,A,1,1,0,KEEP_STRUCTURAL_IN_ON_CUT,2,3,0,0,"tail_cont_enabled=1 tail_active_dims=(1,) tail_delta=0.1 tail_start=(6, 6, 6) returned_y=(2, 6, 0) returned_b=(0, 1, 0) returned_u=(0, 0.1, 0) returned_zcap=(2, 6.1, 0) max_tail_u=0.1",NA
120,P1_no_rho,111,1106.7421061000787,5.615981000009924,5.025765500031412,0.17343419999815524,0.01,55494.83164230546,55494.83164230546,-66240.91618551052,-47980.55401133812,0.0,-23486.602948644642,-68351.79082167719,-68351.77729872741,-60404.2825197189,-23486.602948644642,36917.67957107426,36927.71051264006,-20936.972022856226,33199.0,nan,nan,1.5000000000000002,10.0,0.0,0.0,10.0,0.85,CORE,MAIN,1.2109998127685353,0.26977770544089863,0.6,0.174,-60404.2825197189,STRUCTURAL,-0.9521332023227844,-192068.22520485567,27600.0,0,0,0,0,0,0,0,inf,inf,NA,2,6,6,6,26,6,0,0,CONTINUE,0,A,1,1,0,KEEP_STRUCTURAL_IN_ON_CUT,2,3,0,0,"tail_cont_enabled=1 tail_active_dims=(1,) tail_delta=0.1 tail_start=(6, 6, 6) returned_y=(5, 2, 0) returned_b=(0, 0, 0) returned_u=(0, 0, 0) returned_zcap=(5, 2, 0) max_tail_u=0",NA
120,P1_no_rho,112,1115.3903359000105,5.615981000009924,8.647579399985261,0.1777517000446096,0.01,54141.031185575084,54141.031185575084,-66240.91618551052,-48183.62407984768,0.0,-23486.602948644642,-71511.7632539735,-71511.74919980025,-60404.2825197189,-23486.602948644642,36917.67957107426,36927.71051264006,-23028.727416175152,33894.0,nan,nan,1.5000000000000002,10.0,0.0,0.0,10.0,0.85,CORE,MAIN,1.2105683773815654,0.26154700494388705,0.6,0.174,-60404.2825197189,STRUCTURAL,-0.9536205382196473,-192068.22520485567,27600.0,0,0,0,0,0,0,0,inf,inf,NA,2,6,6,6,26,6,0,0,CONTINUE,0,A,1,1,0,KEEP_STRUCTURAL_IN_ON_CUT,2,3,0,0,"tail_cont_enabled=1 tail_active_dims=(1,) tail_delta=0.1 tail_start=(6, 6, 6) returned_y=(2, 5, 1) returned_b=(0, 0, 0) returned_u=(0, 0, 0) returned_zcap=(2, 5, 1) max_tail_u=0",NA
120,P1_no_rho,113,1123.1329477000982,5.615981000009924,7.742010400048457,0.16168310004286468,0.01,53702.85493395461,53702.85493395461,-66240.91618551052,-48249.35051759075,0.0,-23486.602948644642,-73938.6669832993,-73938.65255613369,-60404.2825197189,-23486.602948644642,36917.67957107426,36927.71051264006,-24224.33177755008,35045.5,nan,nan,1.5000000000000002,10.0,0.0,0.0,10.0,0.85,CORE,MAIN,1.2103147003499002,0.2577819889482429,0.6,0.174,-60404.2825197189,STRUCTURAL,-0.9457100203751045,-192068.22520485567,27600.0,0,0,0,0,0,0,0,inf,inf,NA,1,5,5,5,26,6,0,0,CONTINUE,0,A,1,1,0,KEEP_STRUCTURAL_IN_ON_CUT,2,3,0,0,"tail_cont_enabled=1 tail_active_dims=(1,) tail_delta=0.1 tail_start=(6, 6, 6) returned_y=(2, 5, 1) returned_b=(0, 0, 0) returned_u=(0, 0, 0) returned_zcap=(2, 5, 1) max_tail_u=0",NA
120,P1_no_rho,114,1132.679463700042,5.615981000009924,9.545800799969584,0.17845610005315393,0.01,41221.16683219788,41221.16683219788,-66240.91618551052,-50121.60373285426,0.0,-23486.602948644642,-70800.72019275645,-70800.70629834675,-60404.2825197189,-23486.602948644642,36917.67957107426,36927.71051264006,-22987.57077176131,33453.0,nan,nan,1.5000000000000002,10.0,0.0,0.0,10.0,0.85,CORE,MAIN,1.2106915703076342,0.26744604123927207,0.6,0.174,-60404.2825197189,STRUCTURAL,-0.9528420077239794,-192068.22520485567,27600.0,0,0,0,0,0,0,0,inf,inf,NA,2,6,6,6,26,6,0,0,CONTINUE,0,A,1,1,0,KEEP_STRUCTURAL_IN_ON_CUT,2,3,0,0,"tail_cont_enabled=1 tail_active_dims=(1,) tail_delta=0.1 tail_start=(6, 6, 6) returned_y=(4, 1, 2) returned_b=(0, 0, 0) returned_u=(0, 0, 0) returned_zcap=(4, 1, 2) max_tail_u=0",NA
120,P1_no_rho,115,1152.20456740004,5.615981000009924,19.524506799993105,0.17223509994801134,0.01,44380.00495505131,44380.00495505131,-66240.91618551052,-49647.77801442624,0.0,-23486.602948644642,-74537.9596334779,-74537.945087425,-60404.2825197189,-23486.602948644642,36917.67957107426,36927.71051264006,-24991.419758339576,37256.0,nan,nan,1.5000000000000002,10.0,0.0,0.0,10.0,0.85,CORE,MAIN,1.2103926968568997,0.25637117388676134,0.6,0.174,-60404.2825197189,STRUCTURAL,-0.8865959009570792,-192068.22520485567,27600.0,0,0,0,0,0,0,0,inf,inf,NA,2,6,6,6,26,6,0,0,CONTINUE,0,A,1,1,0,KEEP_STRUCTURAL_IN_ON_CUT,2,3,0,0,"tail_cont_enabled=1 tail_active_dims=(1,) tail_delta=0.1 tail_start=(6, 6, 6) returned_y=(0, 4, 4) returned_b=(0, 0, 0) returned_u=(0, 0, 0) returned_zcap=(0, 4, 4) max_tail_u=0",NA
120,P1_no_rho,116,1162.4082994000055,5.615981000009924,10.203088099951856,0.17910340009257197,0.01,45183.131076749974,45183.131076749974,-66240.91618551052,-49527.30909617144,0.0,-23486.602948644642,-72373.77483115916,-72373.76071259471,-60404.2825197189,-23486.602948644642,36917.67957107426,36927.71051264006,-24319.304522805895,36414.0,nan,nan,1.5000000000000002,10.0,0.0,0.0,10.0,0.85,CORE,MAIN,1.2102541972528336,0.26114090927863964,0.6,0.174,-60404.2825197189,STRUCTURAL,-0.8797798683617803,-192068.22520485567,27600.0,0,0,0,0,0,0,0,inf,inf,NA,2,6,6,6,26,6,0,0,CONTINUE,0,A,1,1,0,KEEP_STRUCTURAL_IN_ON_CUT,2,3,0,0,"tail_cont_enabled=1 tail_active_dims=(1,) tail_delta=0.1 tail_start=(6, 6, 6) returned_y=(2, 0, 5) returned_b=(0, 0, 0) returned_u=(0, 0, 0) returned_zcap=(2, 0, 5) max_tail_u=0",NA
120,P1_no_rho,117,1169.7165330999997,5.615981000009924,7.307695599971339,0.1550295000197366,0.01,57086.35678451263,57086.35678451263,-66240.91618551052,-47741.82524000705,0.0,-23486.602948644642,-73973.03861559062,-73973.02410597111,-60404.2825197189,-23486.602948644642,36917.67957107426,36927.71051264006,-24129.606822460602,36961.0,nan,nan,1.5000000000000002,10.0,0.0,0.0,10.0,0.85,CORE,MAIN,1.2114143468673675,0.25860780231607516,0.6,0.174,-60404.2825197189,STRUCTURAL,-0.8990272139734767,-192068.22520485567,27600.0,0,0,0,0,0,0,0,inf,inf,NA,1,5,5,5,26,6,0,0,CONTINUE,0,A,1,1,0,KEEP_STRUCTURAL_IN_ON_CUT,2,3,0,0,"tail_cont_enabled=1 tail_active_dims=(1,) tail_delta=0.1 tail_start=(6, 6, 6) returned_y=(2, 0, 5) returned_b=(0, 0, 0) returned_u=(0, 0, 0) returned_zcap=(2, 0, 5) max_tail_u=0",NA
120,P1_no_rho,118,1177.8192944000475,5.615981000009924,8.102184499963187,0.15224759990815073,0.01,58492.86643723811,58492.86643723811,-66240.91618551052,-47530.84879209822,0.0,-23486.602948644642,-68652.18485968486,-68652.17125401688,-60404.2825197189,-23486.602948644642,36917.67957107426,36927.71051264006,-20740.999873392597,35199.5,nan,nan,1.5000000000000002,10.0,0.0,0.0,10.0,0.85,CORE,MAIN,1.2115435139380764,0.26887299699785827,0.6,0.174,-60404.2825197189,STRUCTURAL,-0.9074214383845278,-192068.22520485567,27600.0,0,0,0,0,0,0,0,inf,inf,NA,1,5,5,5,26,6,0,0,CONTINUE,0,A,1,1,0,KEEP_STRUCTURAL_IN_ON_CUT,2,3,0,0,"tail_cont_enabled=1 tail_active_dims=(1,) tail_delta=0.1 tail_start=(6, 6, 6) returned_y=(2, 0, 5) returned_b=(0, 0, 0) returned_u=(0, 0, 0) returned_zcap=(2, 0, 5) max_tail_u=0",NA
120,P1_no_rho,119,1186.1270902000833,5.615981000009924,8.307256300002337,0.17745979991741478,0.01,54537.93612014573,54537.93612014573,-66240.91618551052,-48124.08833966208,0.0,-23486.602948644642,-70519.7988687327,-70519.78497947344,-60404.2825197189,-23486.602948644642,36917.67957107426,36927.71051264006,-22176.870130929525,33645.5,nan,nan,1.5000000000000002,10.0,0.0,0.0,10.0,0.85,CORE,MAIN,1.211933254831859,0.2624291874157276,0.6,0.174,-60404.2825197189,STRUCTURAL,-0.9578876788583695,-192068.22520485567,27600.0,0,0,0,0,0,0,0,inf,inf,NA,2,6,6,6,26,6,0,0,CONTINUE,0,A,1,1,0,KEEP_STRUCTURAL_IN_ON_CUT,2,3,0,0,"tail_cont_enabled=1 tail_active_dims=(1,) tail_delta=0.1 tail_start=(6, 6, 6) returned_y=(5, 2, 0) returned_b=(0, 0, 0) returned_u=(0, 0, 0) returned_zcap=(5, 2, 0) max_tail_u=0",NA
120,P1_no_rho,120,1200.8692697000224,5.615981000009924,14.741577200009488,0.15128470002673566,0.01,45672.23618810453,45672.23618810453,-66240.91618551052,-49453.94332946826,0.0,-23486.602948644642,-72625.0484829379,-72625.03437669326,-60404.2825197189,-23486.602948644642,36917.67957107426,36927.71051264006,-23392.906848831437,34585.0,nan,nan,1.5000000000000002,10.0,0.0,0.0,10.0,0.85,CORE,MAIN,1.2118064300094664,0.2598236640903562,0.6,0.174,-60404.2825197189,STRUCTURAL,-0.949007325485265,-192068.22520485567,27600.0,0,0,0,0,0,0,0,inf,inf,NA,1,5,5,5,26,6,0,0,CONTINUE,0,A,1,1,0,KEEP_STRUCTURAL_IN_ON_CUT,2,3,0,0,"tail_cont_enabled=1 tail_active_dims=(1,) tail_delta=0.1 tail_start=(6, 6, 6) returned_y=(5, 2, 0) returned_b=(0, 0, 0) returned_u=(0, 0, 0) returned_zcap=(5, 2, 0) max_tail_u=0",NA
120,P1_no_rho,121,1206.1676086001098,5.615981000009924,5.297693600063212,0.153760900022462,0.01,55947.712603595966,55947.712603595966,-66240.91618551052,-47912.621867144546,0.0,-23486.602948644642,-70915.55781933611,-70915.54392374678,-60404.2825197189,-23486.602948644642,36917.67957107426,36927.71051264006,-22919.553424675632,33560.5,nan,nan,1.5000000000000002,10.0,0.0,0.0,10.0,0.85,CORE,MAIN,1.2120744905585086,0.26256017031013934,0.6,0.174,-60404.2825197189,STRUCTURAL,-0.9534222374333146,-192068.22520485567,27600.0,0,0,0,0,0,0,0,inf,inf,NA,1,5,5,5,26,6,0,0,CONTINUE,0,A,1,1,0,KEEP_STRUCTURAL_IN_ON_CUT,2,3,0,0,"tail_cont_enabled=1 tail_active_dims=(1,) tail_delta=0.1 tail_start=(6, 6, 6) returned_y=(5, 2, 0) returned_b=(0, 0, 0) returned_u=(0, 0, 0) returned_zcap=(5, 2, 0) max_tail_u=0",NA
120,P1_no_rho,122,1213.9761003000895,5.615981000009924,7.807897199993022,0.1493190999608487,0.01,43723.704105672114,43723.704105672114,-66240.91618551052,-49746.22314183312,0.0,-23486.602948644642,-73415.55110053583,-73415.53683696677,-60404.2825197189,-23486.602948644642,36917.67957107426,36927.71051264006,-24740.805943980427,34506.5,nan,nan,1.5000000000000002,10.0,0.0,0.0,10.0,0.85,CORE,MAIN,1.2118367910805332,0.25743757563623126,0.6,0.174,-60404.2825197189,STRUCTURAL,-0.9403973337001497,-192068.22520485567,27600.0,0,0,0,0,0,0,0,inf,inf,NA,1,5,5,5,26,6,0,0,CONTINUE,0,A,1,1,0,KEEP_STRUCTURAL_IN_ON_CUT,2,3,0,0,"tail_cont_enabled=1 tail_active_dims=(1,) tail_delta=0.1 tail_start=(6, 6, 6) returned_y=(5, 2, 0) returned_b=(0, 0, 0) returned_u=(0, 0, 0) returned_zcap=(5, 2, 0) max_tail_u=0",NA
120,P1_no_rho,123,1224.1887171000708,5.615981000009924,10.212030400056392,0.17162349994760007,0.01,46751.94365146041,46751.94365146041,-66240.91618551052,-49291.98720996488,0.0,-23486.602948644642,-71886.19519913729,-71886.18104003477,-60404.2825197189,-23486.602948644642,36917.67957107426,36927.71051264006,-23949.08452480867,36174.0,nan,nan,1.5000000000000002,10.0,0.0,0.0,10.0,0.85,CORE,MAIN,1.2118513112249993,0.24897538875041358,0.6,0.174,-60404.2825197189,STRUCTURAL,-0.8834539819617422,-192068.22520485567,27600.0,0,0,0,0,0,0,0,inf,inf,NA,2,6,6,6,26,6,0,0,CONTINUE,0,A,1,1,0,KEEP_STRUCTURAL_IN_ON_CUT,2,3,0,0,"tail_cont_enabled=1 tail_active_dims=(1,) tail_delta=0.1 tail_start=(6, 6, 6) returned_y=(2, 0, 5) returned_b=(0, 0, 0) returned_u=(0, 0, 0) returned_zcap=(2, 0, 5) max_tail_u=0",NA
120,P1_no_rho,124,1232.2217808000278,5.615981000009924,8.032473100000061,0.15020529995672405,0.01,45883.61171433763,45883.61171433763,-66240.91618551052,-49422.23700053329,0.0,-23486.602948644642,-73622.62510107804,-73622.6106942933,-60404.2825197189,-23486.602948644642,36917.67957107426,36927.71051264006,-24255.265318801296,37230.0,nan,nan,1.5000000000000002,10.0,0.0,0.0,10.0,0.85,CORE,MAIN,1.2126671106479519,0.258762912729384,0.6,0.174,-60404.2825197189,STRUCTURAL,-0.8840065426715371,-192068.22520485567,27600.0,0,0,0,0,0,0,0,inf,inf,NA,1,5,5,5,26,6,0,0,CONTINUE,0,A,1,1,0,KEEP_STRUCTURAL_IN_ON_CUT,2,3,0,0,"tail_cont_enabled=1 tail_active_dims=(1,) tail_delta=0.1 tail_start=(6, 6, 6) returned_y=(2, 0, 5) returned_b=(0, 0, 0) returned_u=(0, 0, 0) returned_zcap=(2, 0, 5) max_tail_u=0",NA
120,P1_no_rho,125,1253.5617499001091,5.615981000009924,21.3393879000796,0.15411079989280552,0.01,55599.982573295296,55599.982573295296,-66240.91618551052,-47964.78137168965,0.0,-23486.602948644642,-68562.88988094246,-68562.87630970898,-60404.2825197189,-23486.602948644642,36917.67957107426,36927.71051264006,-21012.259592508184,35345.0,nan,nan,1.5000000000000002,10.0,0.0,0.0,10.0,0.85,CORE,MAIN,1.2125885056349694,0.26846042983178187,0.6,0.174,-60404.2825197189,STRUCTURAL,-0.8968853061196922,-192068.22520485567,27600.0,0,0,0,0,0,0,0,inf,inf,NA,1,5,5,5,26,6,0,0,CONTINUE,0,A,1,1,0,KEEP_STRUCTURAL_IN_ON_CUT,2,3,0,0,"tail_cont_enabled=1 tail_active_dims=(1,) tail_delta=0.1 tail_start=(6, 6, 6) returned_y=(2, 0, 5) returned_b=(0, 0, 0) returned_u=(0, 0, 0) returned_zcap=(2, 0, 5) max_tail_u=0",NA
120,P1_no_rho,126,1264.1404360000743,5.615981000009924,10.578103400068358,0.1477069000247866,0.01,56532.77048371186,56532.77048371186,-66240.91618551052,-47824.863185127164,0.0,-23486.602948644642,-70575.00809616182,-70574.99413351304,-60404.2825197189,-23486.602948644642,36917.67957107426,36927.71051264006,-22215.902115875568,33517.5,nan,nan,1.5000000000000002,10.0,0.0,0.0,10.0,0.85,CORE,MAIN,1.212702191137087,0.26299061588062767,0.6,0.174,-60404.2825197189,STRUCTURAL,-0.9618675222920858,-192068.22520485567,27600.0,0,0,0,0,0,0,0,inf,inf,NA,1,5,5,5,26,6,0,0,CONTINUE,0,A,1,1,0,KEEP_STRUCTURAL_IN_ON_CUT,2,3,0,0,"tail_cont_enabled=1 tail_active_dims=(1,) tail_delta=0.1 tail_start=(6, 6, 6) returned_y=(2, 5, 1) returned_b=(0, 0, 0) returned_u=(0, 0, 0) returned_zcap=(2, 5, 1) max_tail_u=0",NA
120,P1_no_rho,127,1272.7901583000785,5.615981000009924,8.649205700028688,0.16104879998601973,0.01,48442.472284449446,48442.472284449446,-66240.91618551052,-49038.40791501652,0.0,-23486.602948644642,-73134.64621560744,-73134.63187422584,-60404.2825197189,-23486.602948644642,36917.67957107426,36927.71051264006,-23531.299979830663,34589.5,nan,nan,1.5000000000000002,10.0,0.0,0.0,10.0,0.85,CORE,MAIN,1.212265400466936,0.25851889616577306,0.6,0.174,-60404.2825197189,STRUCTURAL,-0.956038333297584,-192068.22520485567,27600.0,0,0,0,0,0,0,0,inf,inf,NA,1,5,5,5,26,6,0,0,CONTINUE,0,A,1,1,0,KEEP_STRUCTURAL_IN_ON_CUT,2,3,0,0,"tail_cont_enabled=1 tail_active_dims=(1,) tail_delta=0.1 tail_start=(6, 6, 6) returned_y=(2, 5, 1) returned_b=(0, 0, 0) returned_u=(0, 0, 0) returned_zcap=(2, 5, 1) max_tail_u=0",NA
120,P1_no_rho,128,1283.2668967000209,5.615981000009924,10.476110699935816,0.16218780004419386,0.01,52358.37274278741,52358.37274278741,-66240.91618551052,-48451.02284626583,0.0,-23486.602948644642,-71197.50694036299,-71197.49306001262,-60404.2825197189,-23486.602948644642,36917.67957107426,36927.71051264006,-22978.90375748183,33620.0,nan,nan,1.5000000000000002,10.0,0.0,0.0,10.0,0.85,CORE,MAIN,1.2122260479786293,0.2592407064694917,0.6,0.174,-60404.2825197189,STRUCTURAL,-0.9561489054636289,-192068.22520485567,27600.0,0,0,0,0,0,0,0,inf,inf,NA,1,5,5,5,26,6,0,0,CONTINUE,0,A,1,1,0,KEEP_STRUCTURAL_IN_ON_CUT,2,3,0,0,"tail_cont_enabled=1 tail_active_dims=(1,) tail_delta=0.1 tail_start=(6, 6, 6) returned_y=(2, 5, 1) returned_b=(0, 0, 0) returned_u=(0, 0, 0) returned_zcap=(2, 5, 1) max_tail_u=0",NA
120,P1_no_rho,129,1293.6221507000737,5.615981000009924,10.354780100053176,0.15064300002995878,0.01,41093.03568487242,41093.03568487242,-66240.91618551052,-50140.82340495307,0.0,-23486.602948644642,-73520.08413325323,-73520.06980610108,-60404.2825197189,-23486.602948644642,36917.67957107426,36927.71051264006,-24201.065933823356,34655.5,nan,nan,1.5000000000000002,10.0,0.0,0.0,10.0,0.85,CORE,MAIN,1.2117695257998107,0.2457467369983043,0.6,0.174,-60404.2825197189,STRUCTURAL,-0.9487479884823993,-192068.22520485567,27600.0,0,0,0,0,0,0,0,inf,inf,NA,1,5,5,5,26,6,0,0,CONTINUE,0,A,1,1,0,KEEP_STRUCTURAL_IN_ON_CUT,2,3,0,0,"tail_cont_enabled=1 tail_active_dims=(1,) tail_delta=0.1 tail_start=(6, 6, 6) returned_y=(2, 5, 1) returned_b=(0, 0, 0) returned_u=(0, 0, 0) returned_zcap=(2, 5, 1) max_tail_u=0",NA
120,P1_no_rho,130,1314.4103591000894,5.615981000009924,20.78755640005693,0.16058090003207326,0.01,50394.248342803294,50394.248342803294,-66240.91618551052,-48745.64150626345,0.0,-23486.602948644642,-72180.82319543636,-72180.80893163025,-60404.2825197189,-23486.602948644642,36917.67957107426,36927.71051264006,-23952.570310623352,33833.0,nan,nan,1.5000000000000002,10.0,0.0,0.0,10.0,0.85,CORE,MAIN,1.2115837576440331,0.23216508648797746,0.6,0.174,-60404.2825197189,STRUCTURAL,-0.9503194833645037,-192068.22520485567,27600.0,0,0,0,0,0,0,0,inf,inf,NA,1,5,5,5,26,6,0,0,CONTINUE,0,A,1,1,0,KEEP_STRUCTURAL_IN_ON_CUT,2,3,0,0,"tail_cont_enabled=1 tail_active_dims=(1,) tail_delta=0.1 tail_start=(6, 6, 6) returned_y=(2, 5, 1) returned_b=(0, 0, 0) returned_u=(0, 0, 0) returned_zcap=(2, 5, 1) max_tail_u=0",NA
120,P1_no_rho,131,1322.9823642000556,5.615981000009924,8.571439599967562,0.16881910001393408,0.01,47275.127204364326,47275.127204364326,-66240.91618551052,-49213.50967702929,0.0,-23486.602948644642,-72678.97082733791,-72678.95653014701,-60404.2825197189,-23486.602948644642,36917.67957107426,36927.71051264006,-23296.443457817888,34195.5,nan,nan,1.5000000000000002,10.0,0.0,0.0,10.0,0.85,CORE,MAIN,1.2126170473564355,0.25542464286516375,0.6,0.174,-60404.2825197189,STRUCTURAL,-0.9627487646489379,-192068.22520485567,27600.0,0,0,0,0,0,0,0,inf,inf,NA,1,5,5,5,26,6,0,0,CONTINUE,0,A,1,1,0,KEEP_STRUCTURAL_IN_ON_CUT,2,3,0,0,"tail_cont_enabled=1 tail_active_dims=(1,) tail_delta=0.1 tail_start=(6, 6, 6) returned_y=(2, 5, 1) returned_b=(0, 0, 0) returned_u=(0, 0, 0) returned_zcap=(2, 5, 1) max_tail_u=0",NA
120,P1_no_rho,132,1333.8272130000405,5.615981000009924,10.844195500016212,0.1669359999941662,0.01,55670.415138494434,55670.415138494434,-66240.91618551052,-47954.216486909776,0.0,-23486.602948644642,-69072.34586778925,-69072.33217050596,-60404.2825197189,-23486.602948644642,36917.67957107426,36927.71051264006,-21183.32072641672,33139.0,nan,nan,1.5000000000000002,10.0,0.0,0.0,10.0,0.85,CORE,MAIN,1.212857537317102,0.26734019747516446,0.6,0.174,-60404.2825197189,STRUCTURAL,-0.9633968324147628,-192068.22520485567,27600.0,0,0,0,0,0,0,0,inf,inf,NA,1,5,5,5,26,6,0,0,CONTINUE,0,A,1,1,0,KEEP_STRUCTURAL_IN_ON_CUT,2,3,0,0,"tail_cont_enabled=1 tail_active_dims=(1,) tail_delta=0.1 tail_start=(6, 6, 6) returned_y=(4, 1, 2) returned_b=(0, 0, 0) returned_u=(0, 0, 0) returned_zcap=(4, 1, 2) max_tail_u=0",NA
120,P1_no_rho,133,1344.1611421999987,5.615981000009924,10.333342399913818,0.1534640999743715,0.01,56288.37579316529,56288.37579316529,-66240.91618551052,-47861.52238870914,0.0,-23486.602948644642,-70288.86210471092,-70288.84815525055,-60404.2825197189,-23486.602948644642,36917.67957107426,36927.71051264006,-22261.357382058584,33219.0,nan,nan,1.5000000000000002,10.0,0.0,0.0,10.0,0.85,CORE,MAIN,1.2132902413052526,0.26350142682053157,0.6,0.174,-60404.2825197189,STRUCTURAL,-0.9638558409984641,-192068.22520485567,27600.0,0,0,0,0,0,0,0,inf,inf,NA,1,5,5,5,26,6,0,0,CONTINUE,0,A,1,1,0,KEEP_STRUCTURAL_IN_ON_CUT,2,3,0,0,"tail_cont_enabled=1 tail_active_dims=(1,) tail_delta=0.1 tail_start=(6, 6, 6) returned_y=(4, 1, 2) returned_b=(0, 0, 0) returned_u=(0, 0, 0) returned_zcap=(4, 1, 2) max_tail_u=0",NA
120,P1_no_rho,134,1354.0897447000025,5.615981000009924,9.928051499999128,0.149027599953115,0.01,45795.138990007676,45795.138990007676,-66240.91618551052,-49435.50790918279,0.0,-23486.602948644642,-73083.2409184315,-73083.2265370107,-60404.2825197189,-23486.602948644642,36917.67957107426,36927.71051264006,-24072.169943689692,34278.0,nan,nan,1.5000000000000002,10.0,0.0,0.0,10.0,0.85,CORE,MAIN,1.2130771832120213,0.2589218096542476,0.6,0.174,-60404.2825197189,STRUCTURAL,-0.9532072387210652,-192068.22520485567,27600.0,0,0,0,0,0,0,0,inf,inf,NA,1,5,5,5,26,6,0,0,CONTINUE,0,A,1,1,0,KEEP_STRUCTURAL_IN_ON_CUT,2,3,0,0,"tail_cont_enabled=1 tail_active_dims=(1,) tail_delta=0.1 tail_start=(6, 6, 6) returned_y=(4, 1, 2) returned_b=(0, 0, 0) returned_u=(0, 0, 0) returned_zcap=(4, 1, 2) max_tail_u=0",NA
120,P1_no_rho,135,1375.004722700105,5.615981000009924,20.91431890008971,0.15278209990356117,0.01,51042.914794704106,51042.914794704106,-66240.91618551052,-48648.34153847832,0.0,-23486.602948644642,-71203.78216818711,-71203.76816696019,-60404.2825197189,-23486.602948644642,36917.67957107426,36927.71051264006,-23023.929649986734,33824.0,nan,nan,1.5000000000000002,10.0,0.0,0.0,10.0,0.85,CORE,MAIN,1.2131730311933653,0.27695586433387975,0.6,0.174,-60404.2825197189,STRUCTURAL,-0.9496183876729234,-192068.22520485567,27600.0,0,0,0,0,0,0,0,inf,inf,NA,1,5,5,5,26,6,0,0,CONTINUE,0,A,1,1,0,KEEP_STRUCTURAL_IN_ON_CUT,2,3,0,0,"tail_cont_enabled=1 tail_active_dims=(1,) tail_delta=0.1 tail_start=(6, 6, 6) returned_y=(5, 2, 0) returned_b=(0, 0, 0) returned_u=(0, 0, 0) returned_zcap=(5, 2, 0) max_tail_u=0",NA
120,P1_no_rho,136,1383.5923200000543,5.615981000009924,8.587111499975435,0.14852619997691363,0.01,40472.6176033992,40472.6176033992,-66240.91618551052,-50233.88611717406,0.0,-23486.602948644642,-72489.76882264645,-72489.75465284969,-60404.2825197189,-23486.602948644642,36917.67957107426,36927.71051264006,-23855.366759439385,34202.0,nan,nan,1.5000000000000002,10.0,0.0,0.0,10.0,0.85,CORE,MAIN,1.2130432531709374,0.2580358266055057,0.6,0.174,-60404.2825197189,STRUCTURAL,-0.947983312738247,-192068.22520485567,27600.0,0,0,0,0,0,0,0,inf,inf,NA,1,5,5,5,26,6,0,0,CONTINUE,0,A,1,1,0,KEEP_STRUCTURAL_IN_ON_CUT,2,3,0,0,"tail_cont_enabled=1 tail_active_dims=(1,) tail_delta=0.1 tail_start=(6, 6, 6) returned_y=(2, 5, 1) returned_b=(0, 0, 0) returned_u=(0, 0, 0) returned_zcap=(2, 5, 1) max_tail_u=0",NA
120,P1_no_rho,137,1393.5544292000122,5.615981000009924,9.96149409993086,0.15292510006111115,0.01,49109.61338845555,49109.61338845555,-66240.91618551052,-48938.336749415605,0.0,-23486.602948644642,-72947.52453454326,-72947.51019388867,-60404.2825197189,-23486.602948644642,36917.67957107426,36927.71051264006,-24257.058527297093,34060.5,nan,nan,1.5000000000000002,10.0,0.0,0.0,10.0,0.85,CORE,MAIN,1.2127650678586877,0.2596884002355636,0.6,0.174,-60404.2825197189,STRUCTURAL,-0.9530189254726452,-192068.22520485567,27600.0,0,0,0,0,0,0,0,inf,inf,NA,1,5,5,5,26,6,0,0,CONTINUE,0,A,1,1,0,KEEP_STRUCTURAL_IN_ON_CUT,2,3,0,0,"tail_cont_enabled=1 tail_active_dims=(1,) tail_delta=0.1 tail_start=(6, 6, 6) returned_y=(4, 1, 2) returned_b=(0, 0, 0) returned_u=(0, 0, 0) returned_zcap=(4, 1, 2) max_tail_u=0",NA
120,P1_no_rho,138,1404.2158485000255,5.615981000009924,10.660881499992684,0.1571450000628829,0.01,50340.38054120839,50340.38054120839,-66240.91618551052,-48753.72167650268,0.0,-23486.602948644642,-73231.51929457227,-73231.50496116166,-60404.2825197189,-23486.602948644642,36917.67957107426,36927.71051264006,-23808.313107256767,34625.0,nan,nan,1.5000000000000002,10.0,0.0,0.0,10.0,0.85,CORE,MAIN,1.2130807844197682,0.26006281510404294,0.6,0.174,-60404.2825197189,STRUCTURAL,-0.9515897348525612,-192068.22520485567,27600.0,0,0,0,0,0,0,0,inf,inf,NA,1,5,5,5,26,6,0,0,CONTINUE,0,A,1,1,0,KEEP_STRUCTURAL_IN_ON_CUT,2,3,0,0,"tail_cont_enabled=1 tail_active_dims=(1,) tail_delta=0.1 tail_start=(6, 6, 6) returned_y=(5, 2, 0) returned_b=(0, 0, 0) returned_u=(0, 0, 0) returned_zcap=(5, 2, 0) max_tail_u=0",NA
120,P1_no_rho,139,1412.0858783000149,5.615981000009924,7.869684299919754,0.1511016000295058,0.01,56346.428754174594,56346.428754174594,-66240.91618551052,-47852.81444455775,0.0,-23486.602948644642,-69533.44853985516,-69533.4348086656,-60404.2825197189,-23486.602948644642,36917.67957107426,36927.71051264006,-21292.682209426763,33519.0,nan,nan,1.5000000000000002,10.0,0.0,0.0,10.0,0.85,CORE,MAIN,1.2133187681029654,0.24883346587891653,0.6,0.174,-60404.2825197189,STRUCTURAL,-0.9594707996308328,-192068.22520485567,27600.0,0,0,0,0,0,0,0,inf,inf,NA,1,5,5,5,26,6,0,0,CONTINUE,0,A,1,1,0,KEEP_STRUCTURAL_IN_ON_CUT,2,3,0,0,"tail_cont_enabled=1 tail_active_dims=(1,) tail_delta=0.1 tail_start=(6, 6, 6) returned_y=(5, 2, 0) returned_b=(0, 0, 0) returned_u=(0, 0, 0) returned_zcap=(5, 2, 0) max_tail_u=0",NA
120,P1_no_rho,140,1430.99938760011,5.615981000009924,18.912924500065856,0.167600900051184,0.01,56871.56788110947,56871.56788110947,-66240.91618551052,-47774.04357551752,0.0,-23486.602948644642,-70322.90871876189,-70322.89473100682,-60404.2825197189,-23486.602948644642,36917.67957107426,36927.71051264006,-22277.79618213628,36234.0,nan,nan,1.5000000000000002,10.0,0.0,0.0,10.0,0.85,CORE,MAIN,1.2137951869872217,0.2639432971271293,0.6,0.174,-60404.2825197189,STRUCTURAL,-0.8839781889729816,-192068.22520485567,27600.0,0,0,0,0,0,0,0,inf,inf,NA,1,5,5,5,26,6,0,0,CONTINUE,0,A,1,1,0,KEEP_STRUCTURAL_IN_ON_CUT,2,3,0,0,"tail_cont_enabled=1 tail_active_dims=(1,) tail_delta=0.1 tail_start=(6, 6, 6) returned_y=(0, 4, 4) returned_b=(0, 0, 0) returned_u=(0, 0, 0) returned_zcap=(0, 4, 4) max_tail_u=0",NA
120,P1_no_rho,141,1441.7607513000257,5.615981000009924,10.76075849996414,0.1476916999090463,0.01,44373.623742224314,44373.623742224314,-66240.91618551052,-49648.735196350295,0.0,-23486.602948644642,-72109.60785002519,-72109.59364180153,-60404.2825197189,-23486.602948644642,36917.67957107426,36927.71051264006,-23512.547560258616,36771.0,nan,nan,1.5000000000000002,10.0,0.0,0.0,10.0,0.85,CORE,MAIN,1.21385936928697,0.24959144963681545,0.6,0.174,-60404.2825197189,STRUCTURAL,-0.881075595470034,-192068.22520485567,27600.0,0,0,0,0,0,0,0,inf,inf,NA,1,5,5,5,26,6,0,0,CONTINUE,0,A,1,1,0,KEEP_STRUCTURAL_IN_ON_CUT,2,3,0,0,"tail_cont_enabled=1 tail_active_dims=(1,) tail_delta=0.1 tail_start=(6, 6, 6) returned_y=(0, 4, 4) returned_b=(0, 0, 0) returned_u=(0, 0, 0) returned_zcap=(0, 4, 4) max_tail_u=0",NA
120,P1_no_rho,142,1450.1853799000382,5.615981000009924,8.423898500041105,0.14760039991233498,0.01,52871.05652437476,52871.05652437476,-66240.91618551052,-48374.120279027724,0.0,-23486.602948644642,-71462.2894486748,-71462.2753849584,-60404.2825197189,-23486.602948644642,36917.67957107426,36927.71051264006,-22917.055468166614,34029.5,nan,nan,1.5000000000000002,10.0,0.0,0.0,10.0,0.85,CORE,MAIN,1.213969034252424,0.261481514983535,0.6,0.174,-60404.2825197189,STRUCTURAL,-0.9510418884946252,-192068.22520485567,27600.0,0,0,0,0,0,0,0,inf,inf,NA,1,5,5,5,26,6,0,0,CONTINUE,0,A,1,1,0,KEEP_STRUCTURAL_IN_ON_CUT,2,3,0,0,"tail_cont_enabled=1 tail_active_dims=(1,) tail_delta=0.1 tail_start=(6, 6, 6) returned_y=(5, 2, 0) returned_b=(0, 0, 0) returned_u=(0, 0, 0) returned_zcap=(5, 2, 0) max_tail_u=0",NA
120,P1_no_rho,143,1458.1851166000124,5.615981000009924,7.999317799927667,0.15919089992530644,0.01,43456.69553468069,43456.69553468069,-66240.91618551052,-49786.27442748183,0.0,-23486.602948644642,-73600.53290755674,-73600.51851694829,-60404.2825197189,-23486.602948644642,36917.67957107426,36927.71051264006,-24085.867192477755,36573.5,nan,nan,1.5000000000000002,10.0,0.0,0.0,10.0,0.85,CORE,MAIN,1.2136520509455442,0.25861302115764406,0.6,0.174,-60404.2825197189,STRUCTURAL,-0.9025597098895926,-192068.22520485567,27600.0,0,0,0,0,0,0,0,inf,inf,NA,1,5,5,5,26,6,0,0,CONTINUE,0,A,1,1,0,KEEP_STRUCTURAL_IN_ON_CUT,2,3,0,0,"tail_cont_enabled=1 tail_active_dims=(1,) tail_delta=0.1 tail_start=(6, 6, 6) returned_y=(2, 0, 5) returned_b=(0, 0, 0) returned_u=(0, 0, 0) returned_zcap=(2, 0, 5) max_tail_u=0",NA
120,P1_no_rho,144,1468.485406700056,5.615981000009924,10.29957499995362,0.150559899979271,0.01,48226.456380046184,48226.456380046184,-66240.91618551052,-49070.81030067701,0.0,-23486.602948644642,-72104.46712272392,-72104.45288625814,-60404.2825197189,-23486.602948644642,36917.67957107426,36927.71051264006,-24066.367321563084,36393.5,nan,nan,1.5000000000000002,10.0,0.0,0.0,10.0,0.85,CORE,MAIN,1.213548137049317,0.2614664517393136,0.6,0.174,-60404.2825197189,STRUCTURAL,-0.8799755554278472,-192068.22520485567,27600.0,0,0,0,0,0,0,0,inf,inf,NA,1,5,5,5,26,6,0,0,CONTINUE,0,A,1,1,0,KEEP_STRUCTURAL_IN_ON_CUT,2,3,0,0,"tail_cont_enabled=1 tail_active_dims=(1,) tail_delta=0.1 tail_start=(6, 6, 6) returned_y=(2, 0, 5) returned_b=(0, 0, 0) returned_u=(0, 0, 0) returned_zcap=(2, 0, 5) max_tail_u=0",NA
120,P1_no_rho,145,1487.144273300073,5.615981000009924,18.658368300064467,0.15394869993906468,0.01,49466.41080111861,49466.41080111861,-66240.91618551052,-48884.81713751615,0.0,-23486.602948644642,-73001.71995523477,-73001.70560222444,-60404.2825197189,-23486.602948644642,36917.67957107426,36927.71051264006,-23796.328219147133,34558.0,nan,nan,1.5000000000000002,10.0,0.0,0.0,10.0,0.85,CORE,MAIN,1.2137125534423425,0.2605169400046732,0.6,0.174,-60404.2825197189,STRUCTURAL,-0.9492327369075624,-192068.22520485567,27600.0,0,0,0,0,0,0,0,inf,inf,NA,1,5,5,5,26,6,0,0,CONTINUE,0,A,1,1,0,KEEP_STRUCTURAL_IN_ON_CUT,2,3,0,0,"tail_cont_enabled=1 tail_active_dims=(1,) tail_delta=0.1 tail_start=(6, 6, 6) returned_y=(5, 2, 0) returned_b=(0, 0, 0) returned_u=(0, 0, 0) returned_zcap=(5, 2, 0) max_tail_u=0",NA
120,P1_no_rho,146,1497.2254792000167,5.615981000009924,10.080760199925862,0.14966510003432631,0.01,53959.36767604175,53959.36767604175,-66240.91618551052,-48210.87360627767,0.0,-23486.602948644642,-69637.402676688,-69637.38890610746,-60404.2825197189,-23486.602948644642,36917.67957107426,36927.71051264006,-21212.529214723945,33578.0,nan,nan,1.5000000000000002,10.0,0.0,0.0,10.0,0.85,CORE,MAIN,1.2138520547907086,0.2665864131454102,0.6,0.174,-60404.2825197189,STRUCTURAL,-0.9614402225938318,-192068.22520485567,27600.0,0,0,0,0,0,0,0,inf,inf,NA,1,5,5,5,26,6,0,0,CONTINUE,0,A,1,1,0,KEEP_STRUCTURAL_IN_ON_CUT,2,3,0,0,"tail_cont_enabled=1 tail_active_dims=(1,) tail_delta=0.1 tail_start=(6, 6, 6) returned_y=(5, 2, 0) returned_b=(0, 0, 0) returned_u=(0, 0, 0) returned_zcap=(5, 2, 0) max_tail_u=0",NA
120,P1_no_rho,147,1505.5866735000163,5.615981000009924,8.360611899988726,0.14536510000471026,0.01,54567.488971233994,54567.488971233994,-66240.91618551052,-48119.65541199884,0.0,-23486.602948644642,-70479.33057058635,-70479.31658494446,-60404.2825197189,-23486.602948644642,36917.67957107426,36927.71051264006,-22375.588404080037,33227.0,nan,nan,1.5000000000000002,10.0,0.0,0.0,10.0,0.85,CORE,MAIN,1.2141680367652334,0.2637595575041969,0.6,0.174,-60404.2825197189,STRUCTURAL,-0.9651534029727714,-192068.22520485567,27600.0,0,0,0,0,0,0,0,inf,inf,NA,1,5,5,5,26,6,0,0,CONTINUE,0,A,1,1,0,KEEP_STRUCTURAL_IN_ON_CUT,2,3,0,0,"tail_cont_enabled=1 tail_active_dims=(1,) tail_delta=0.1 tail_start=(6, 6, 6) returned_y=(4, 1, 2) returned_b=(0, 0, 0) returned_u=(0, 0, 0) returned_zcap=(4, 1, 2) max_tail_u=0",NA
120,P1_no_rho,148,1515.7573930000653,5.615981000009924,10.170107600046322,0.14884730009362102,0.01,48330.22921515875,48330.22921515875,-66240.91618551052,-49055.244375410126,0.0,-23486.602948644642,-72762.48053252665,-72762.46624497586,-60404.2825197189,-23486.602948644642,36917.67957107426,36927.71051264006,-23552.1123873721,34001.5,nan,nan,1.5000000000000002,10.0,0.0,0.0,10.0,0.85,CORE,MAIN,1.2140111233887334,0.25794360218823886,0.6,0.174,-60404.2825197189,STRUCTURAL,-0.9648663315364276,-192068.22520485567,27600.0,0,0,0,0,0,0,0,inf,inf,NA,1,5,5,5,26,6,0,0,CONTINUE,0,A,1,1,0,KEEP_STRUCTURAL_IN_ON_CUT,2,3,0,0,"tail_cont_enabled=1 tail_active_dims=(1,) tail_delta=0.1 tail_start=(6, 6, 6) returned_y=(4, 1, 2) returned_b=(0, 0, 0) returned_u=(0, 0, 0) returned_zcap=(4, 1, 2) max_tail_u=0",NA
120,P1_no_rho,149,1525.757933300105,5.615981000009924,9.99988120002672,0.16124130005482584,0.01,53185.204700065224,53185.204700065224,-66240.91618551052,-48326.99805267416,0.0,-23486.602948644642,-72105.54983269345,-72105.53564780539,-60404.2825197189,-23486.602948644642,36917.67957107426,36927.71051264006,-23117.873142877237,34071.0,nan,nan,1.5000000000000002,10.0,0.0,0.0,10.0,0.85,CORE,MAIN,1.2139476300182261,0.2604755549318305,0.6,0.174,-60404.2825197189,STRUCTURAL,-0.9585407434461005,-192068.22520485567,27600.0,0,0,0,0,0,0,0,inf,inf,NA,1,5,5,5,26,6,0,0,CONTINUE,0,A,1,1,0,KEEP_STRUCTURAL_IN_ON_CUT,2,3,0,0,"tail_cont_enabled=1 tail_active_dims=(1,) tail_delta=0.1 tail_start=(6, 6, 6) returned_y=(5, 2, 0) returned_b=(0, 0, 0) returned_u=(0, 0, 0) returned_zcap=(5, 2, 0) max_tail_u=0",NA
120,P1_no_rho,150,1546.812430400052,5.615981000009924,21.05387860001065,0.1487665999447927,0.01,41844.76244059497,41844.76244059497,-66240.91618551052,-50028.06439159469,0.0,-23486.602948644642,-72147.53927831542,-72147.52515744546,-60404.2825197189,-23486.602948644642,36917.67957107426,36927.71051264006,-23595.713325736444,34655.0,nan,nan,1.5000000000000002,10.0,0.0,0.0,10.0,0.85,CORE,MAIN,1.21385713134755,0.2613990551811135,0.6,0.174,-60404.2825197189,STRUCTURAL,-0.9340030170097436,-192068.22520485567,27600.0,0,0,0,0,0,0,0,inf,inf,NA,1,5,5,5,26,6,0,0,CONTINUE,0,A,1,1,0,KEEP_STRUCTURAL_IN_ON_CUT,2,3,0,0,"tail_cont_enabled=1 tail_active_dims=(1,) tail_delta=0.1 tail_start=(6, 6, 6) returned_y=(5, 2, 0) returned_b=(0, 0, 0) returned_u=(0, 0, 0) returned_zcap=(5, 2, 0) max_tail_u=0",NA
120,P1_no_rho,151,1554.7263609000947,5.615981000009924,7.913281699991785,0.14929580001626164,0.01,49438.190859796254,49438.190859796254,-66240.91618551052,-48889.0501287145,0.0,-23486.602948644642,-72824.50101191144,-72824.48666292345,-60404.2825197189,-23486.602948644642,36917.67957107426,36927.71051264006,-24167.44397121983,34167.0,nan,nan,1.5000000000000002,10.0,0.0,0.0,10.0,0.85,CORE,MAIN,1.2136631876328323,0.26029608964787043,0.6,0.174,-60404.2825197189,STRUCTURAL,-0.9493964486532539,-192068.22520485567,27600.0,0,0,0,0,0,0,0,inf,inf,NA,1,5,5,5,26,6,0,0,CONTINUE,0,A,1,1,0,KEEP_STRUCTURAL_IN_ON_CUT,2,3,0,0,"tail_cont_enabled=1 tail_active_dims=(1,) tail_delta=0.1 tail_start=(6, 6, 6) returned_y=(4, 1, 2) returned_b=(0, 0, 0) returned_u=(0, 0, 0) returned_zcap=(4, 1, 2) max_tail_u=0",NA
120,P1_no_rho,152,1565.5067075000843,5.615981000009924,10.779836400062777,0.16754529997706413,0.01,49619.34409729851,49619.34409729851,-66240.91618551052,-48861.877143089165,0.0,-23486.602948644642,-71834.19707174103,-71834.18294082665,-60404.2825197189,-23486.602948644642,36917.67957107426,36927.71051264006,-23183.172743081388,34200.0,nan,nan,1.5000000000000002,10.0,0.0,0.0,10.0,0.85,CORE,MAIN,1.2140935001502031,0.27538478869069105,0.6,0.174,-60404.2825197189,STRUCTURAL,-0.9483627718858726,-192068.22520485567,27600.0,0,0,0,0,0,0,0,inf,inf,NA,1,5,5,5,26,6,0,0,CONTINUE,0,A,1,1,0,KEEP_STRUCTURAL_IN_ON_CUT,2,3,0,0,"tail_cont_enabled=1 tail_active_dims=(1,) tail_delta=0.1 tail_start=(6, 6, 6) returned_y=(5, 2, 0) returned_b=(0, 0, 0) returned_u=(0, 0, 0) returned_zcap=(5, 2, 0) max_tail_u=0",NA
120,P1_no_rho,153,1573.7447185000638,5.615981000009924,8.237471100059338,0.14944589999504387,0.01,54021.37023913904,54021.37023913904,-66240.91618551052,-48201.57322181308,0.0,-23486.602948644642,-69760.65570764754,-69760.64195930358,-60404.2825197189,-23486.602948644642,36917.67957107426,36927.71051264006,-21604.877440912267,33646.0,nan,nan,1.5000000000000002,10.0,0.0,0.0,10.0,0.85,CORE,MAIN,1.214290751268868,0.26612280736493854,0.6,0.174,-60404.2825197189,STRUCTURAL,-0.9541652205986111,-192068.22520485567,27600.0,0,0,0,0,0,0,0,inf,inf,NA,1,5,5,5,26,6,0,0,CONTINUE,0,A,1,1,0,KEEP_STRUCTURAL_IN_ON_CUT,2,3,0,0,"tail_cont_enabled=1 tail_active_dims=(1,) tail_delta=0.1 tail_start=(6, 6, 6) returned_y=(5, 2, 0) returned_b=(0, 0, 0) returned_u=(0, 0, 0) returned_zcap=(5, 2, 0) max_tail_u=0",NA
120,P1_no_rho,154,1582.1934357000282,5.615981000009924,8.448203800013289,0.1555316000012681,0.01,55612.29660413256,55612.29660413256,-66240.91618551052,-47962.934267064054,0.0,-23486.602948644642,-70543.45407233253,-70543.44010102749,-60404.2825197189,-23486.602948644642,36917.67957107426,36927.71051264006,-22223.44831231009,33644.5,nan,nan,1.5000000000000002,10.0,0.0,0.0,10.0,0.85,CORE,MAIN,1.214638062445725,0.2629629747913558,0.6,0.174,-60404.2825197189,STRUCTURAL,-0.9574619286702113,-192068.22520485567,27600.0,0,0,0,0,0,0,0,inf,inf,NA,1,5,5,5,26,6,0,0,CONTINUE,0,A,1,1,0,KEEP_STRUCTURAL_IN_ON_CUT,2,3,0,0,"tail_cont_enabled=1 tail_active_dims=(1,) tail_delta=0.1 tail_start=(6, 6, 6) returned_y=(2, 5, 1) returned_b=(0, 0, 0) returned_u=(0, 0, 0) returned_zcap=(2, 5, 1) max_tail_u=0",NA
120,P1_no_rho,155,1599.0800660001114,5.615981000009924,16.886095999972895,0.18232669995632023,0.01,45029.802010387255,45029.802010387255,-66240.91618551052,-49550.30845612585,0.0,-23486.602948644642,-71466.69032844633,-71466.67649345791,-60404.2825197189,-23486.602948644642,36917.67957107426,36927.71051264006,-22401.50752095571,35015.5,nan,nan,1.5000000000000002,10.0,0.0,0.0,10.0,0.85,CORE,MAIN,1.2148070337340264,0.2617035281700746,0.6,0.174,-60404.2825197189,STRUCTURAL,-0.9341609472472133,-192068.22520485567,27600.0,0,0,0,0,0,0,0,inf,inf,NA,2,6,6,6,26,6,0,0,CONTINUE,0,A,1,1,0,KEEP_STRUCTURAL_IN_ON_CUT,2,3,0,0,"tail_cont_enabled=1 tail_active_dims=(1,) tail_delta=0.1 tail_start=(6, 6, 6) returned_y=(2, 6, 0) returned_b=(0, 1, 0) returned_u=(0, 0.1, 0) returned_zcap=(2, 6.1, 0) max_tail_u=0.1",NA
120,P1_no_rho,156,1608.0250136000104,5.615981000009924,8.944326999946497,0.15333000000100583,0.01,50234.88647418534,50234.88647418534,-66240.91618551052,-48769.54578655614,0.0,-23486.602948644642,-72892.5537258037,-72892.53945701299,-60404.2825197189,-23486.602948644642,36917.67957107426,36927.71051264006,-23373.081082261044,34371.5,nan,nan,1.5000000000000002,10.0,0.0,0.0,10.0,0.85,CORE,MAIN,1.2145942157603846,0.25465078971033817,0.6,0.174,-60404.2825197189,STRUCTURAL,-0.9604751683759691,-192068.22520485567,27600.0,0,0,0,0,0,0,0,inf,inf,NA,1,5,5,5,26,6,0,0,CONTINUE,0,A,1,1,0,KEEP_STRUCTURAL_IN_ON_CUT,2,3,0,0,"tail_cont_enabled=1 tail_active_dims=(1,) tail_delta=0.1 tail_start=(6, 6, 6) returned_y=(2, 5, 1) returned_b=(0, 0, 0) returned_u=(0, 0, 0) returned_zcap=(2, 5, 1) max_tail_u=0",NA
120,P1_no_rho,157,1618.8211140000494,5.615981000009924,10.795667900005355,0.18056939996313304,0.01,43217.839488209946,43217.839488209946,-66240.91618551052,-49822.102834452446,0.0,-23486.602948644642,-72093.20381434768,-72093.18962834889,-60404.2825197189,-23486.602948644642,36917.67957107426,36927.71051264006,-23269.58349401094,36211.0,nan,nan,1.5000000000000002,10.0,0.0,0.0,10.0,0.85,CORE,MAIN,1.214464843290611,0.24884383741954763,0.6,0.174,-60404.2825197189,STRUCTURAL,-0.8988724629594681,-192068.22520485567,27600.0,0,0,0,0,0,0,0,inf,inf,NA,2,6,6,6,26,6,0,0,CONTINUE,0,A,1,1,0,KEEP_STRUCTURAL_IN_ON_CUT,2,3,0,0,"tail_cont_enabled=1 tail_active_dims=(1,) tail_delta=0.1 tail_start=(6, 6, 6) returned_y=(2, 0, 5) returned_b=(0, 0, 0) returned_u=(0, 0, 0) returned_zcap=(2, 0, 5) max_tail_u=0",NA
120,P1_no_rho,158,1629.6725779001135,5.615981000009924,10.851010099984705,0.1569015000713989,0.01,45323.4259306715,45323.4259306715,-66240.91618551052,-49506.26486808321,0.0,-23486.602948644642,-73489.11922773455,-73489.10477452294,-60404.2825197189,-23486.602948644642,36917.67957107426,36927.71051264006,-24355.376012372577,36532.5,nan,nan,1.5000000000000002,10.0,0.0,0.0,10.0,0.85,CORE,MAIN,1.2140263672205938,0.2593883011616006,0.6,0.174,-60404.2825197189,STRUCTURAL,-0.8966213419494122,-192068.22520485567,27600.0,0,0,0,0,0,0,0,inf,inf,NA,1,5,5,5,26,6,0,0,CONTINUE,0,A,1,1,0,KEEP_STRUCTURAL_IN_ON_CUT,2,3,0,0,"tail_cont_enabled=1 tail_active_dims=(1,) tail_delta=0.1 tail_start=(6, 6, 6) returned_y=(2, 0, 5) returned_b=(0, 0, 0) returned_u=(0, 0, 0) returned_zcap=(2, 0, 5) max_tail_u=0",NA
120,P1_no_rho,159,1638.0134221001063,5.615981000009924,8.340480700018816,0.15318850008770823,0.01,53056.1082282501,53056.1082282501,-66240.91618551052,-48346.36252344643,0.0,-23486.602948644642,-71164.57322238469,-71164.5591679616,-60404.2825197189,-23486.602948644642,36917.67957107426,36927.71051264006,-23074.647145126324,36078.0,nan,nan,1.5000000000000002,10.0,0.0,0.0,10.0,0.85,CORE,MAIN,1.2144554221600958,0.26387779159983815,0.6,0.174,-60404.2825197189,STRUCTURAL,-0.8886285644591401,-192068.22520485567,27600.0,0,0,0,0,0,0,0,inf,inf,NA,1,5,5,5,26,6,0,0,CONTINUE,0,A,1,1,0,KEEP_STRUCTURAL_IN_ON_CUT,2,3,0,0,"tail_cont_enabled=1 tail_active_dims=(1,) tail_delta=0.1 tail_start=(6, 6, 6) returned_y=(2, 0, 5) returned_b=(0, 0, 0) returned_u=(0, 0, 0) returned_zcap=(2, 0, 5) max_tail_u=0",NA
120,P1_no_rho,160,1657.1337707000785,5.615981000009924,19.119859499973245,0.15232889994513243,0.01,47856.58920437739,47856.58920437739,-66240.91618551052,-49126.290377027326,0.0,-23486.602948644642,-70685.7667936286,-70685.7529427835,-60404.2825197189,-23486.602948644642,36917.67957107426,36927.71051264006,-21908.459883323012,35864.0,nan,nan,1.5000000000000002,10.0,0.0,0.0,10.0,0.85,CORE,MAIN,1.2150347983012635,0.2643838934658975,0.6,0.174,-60404.2825197189,STRUCTURAL,-0.9067085482091692,-192068.22520485567,27600.0,0,0,0,0,0,0,0,inf,inf,NA,1,5,5,5,26,6,0,0,CONTINUE,0,A,1,1,0,KEEP_STRUCTURAL_IN_ON_CUT,2,3,0,0,"tail_cont_enabled=1 tail_active_dims=(1,) tail_delta=0.1 tail_start=(6, 6, 6) returned_y=(2, 0, 5) returned_b=(0, 0, 0) returned_u=(0, 0, 0) returned_zcap=(2, 0, 5) max_tail_u=0",NA
120,P1_no_rho,161,1665.2150829000166,5.615981000009924,8.080750599969178,0.21458829997573048,0.01,54403.8272636948,54403.8272636948,-66240.91618551052,-48144.20466812972,0.0,-23486.602948644642,-70702.49100625236,-70702.47700870216,-60404.2825197189,-23486.602948644642,36917.67957107426,36927.71051264006,-22433.899431758895,33737.5,nan,nan,1.5000000000000002,10.0,0.0,0.0,10.0,0.85,CORE,MAIN,1.2155786951033083,0.26393412256050763,0.6,0.174,-60404.2825197189,STRUCTURAL,-0.9538066459566411,-192068.22520485567,27600.0,0,0,0,0,0,0,0,inf,inf,NA,2,6,6,6,26,6,0,0,CONTINUE,0,A,1,1,0,KEEP_STRUCTURAL_IN_ON_CUT,2,3,0,0,"tail_cont_enabled=1 tail_active_dims=(1,) tail_delta=0.1 tail_start=(6, 6, 6) returned_y=(5, 2, 0) returned_b=(0, 0, 0) returned_u=(0, 0, 0) returned_zcap=(5, 2, 0) max_tail_u=0",NA
120,P1_no_rho,162,1675.052393900114,5.615981000009924,9.836679199943319,0.15435430000070482,0.01,49585.15880716278,49585.15880716278,-66240.91618551052,-48867.00493660952,0.0,-23486.602948644642,-71394.20112689101,-71394.18709556512,-60404.2825197189,-23486.602948644642,36917.67957107426,36927.71051264006,-23301.100178214725,33767.0,nan,nan,1.5000000000000002,10.0,0.0,0.0,10.0,0.85,CORE,MAIN,1.2159805393613308,0.26233837001597893,0.6,0.174,-60404.2825197189,STRUCTURAL,-0.9495086310569569,-192068.22520485567,27600.0,0,0,0,0,0,0,0,inf,inf,NA,1,5,5,5,26,6,0,0,CONTINUE,0,A,1,1,0,KEEP_STRUCTURAL_IN_ON_CUT,2,3,0,0,"tail_cont_enabled=1 tail_active_dims=(1,) tail_delta=0.1 tail_start=(6, 6, 6) returned_y=(2, 5, 1) returned_b=(0, 0, 0) returned_u=(0, 0, 0) returned_zcap=(2, 5, 1) max_tail_u=0",NA
120,P1_no_rho,163,1683.5645838000346,5.615981000009924,8.5116097999271,0.15229719993658364,0.01,48836.134155210995,48836.134155210995,-66240.91618551052,-48979.35863440229,0.0,-23486.602948644642,-72276.90867054192,-72276.89489739254,-60404.2825197189,-23486.602948644642,36917.67957107426,36927.71051264006,-22268.342641683594,35047.0,nan,nan,1.5000000000000002,10.0,0.0,0.0,10.0,0.85,CORE,MAIN,1.216070421641352,0.25896339312713645,0.6,0.174,-60404.2825197189,STRUCTURAL,-0.951266437559257,-192068.22520485567,27600.0,0,0,0,0,0,0,0,inf,inf,NA,1,5,5,5,26,6,0,0,CONTINUE,0,A,1,1,0,KEEP_STRUCTURAL_IN_ON_CUT,2,3,0,0,"tail_cont_enabled=1 tail_active_dims=(1,) tail_delta=0.1 tail_start=(6, 6, 6) returned_y=(2, 6, 0) returned_b=(0, 1, 0) returned_u=(0, 0.1, 0) returned_zcap=(2, 6.1, 0) max_tail_u=0.1",NA
120,P1_no_rho,164,1694.1629729000852,5.615981000009924,10.597844299976714,0.15045350010041147,0.01,46894.89010557447,46894.89010557447,-66240.91618551052,-49270.545241847765,0.0,-23486.602948644642,-71237.15760725057,-71237.14352922673,-60404.2825197189,-23486.602948644642,36917.67957107426,36927.71051264006,-22719.408527118616,34232.5,nan,nan,1.5000000000000002,10.0,0.0,0.0,10.0,0.85,CORE,MAIN,1.216328319016783,0.262759891756293,0.6,0.174,-60404.2825197189,STRUCTURAL,-0.9448669150097735,-192068.22520485567,27600.0,0,0,0,0,0,0,0,inf,inf,NA,1,5,5,5,26,6,0,0,CONTINUE,0,A,1,1,0,KEEP_STRUCTURAL_IN_ON_CUT,2,3,0,0,"tail_cont_enabled=1 tail_active_dims=(1,) tail_delta=0.1 tail_start=(6, 6, 6) returned_y=(5, 2, 0) returned_b=(0, 0, 0) returned_u=(0, 0, 0) returned_zcap=(5, 2, 0) max_tail_u=0",NA
120,P1_no_rho,165,1713.9704096000642,5.615981000009924,19.806899999966845,0.15838869998697191,0.01,44346.715339007445,44346.715339007445,-66240.91618551052,-49652.77145683282,0.0,-23486.602948644642,-72517.85472129735,-72517.84051058054,-60404.2825197189,-23486.602948644642,36917.67957107426,36927.71051264006,-24031.127000305623,34241.5,nan,nan,1.5000000000000002,10.0,0.0,0.0,10.0,0.85,CORE,MAIN,1.2162404240556153,0.2604592447767402,0.6,0.174,-60404.2825197189,STRUCTURAL,-0.9440145926293122,-192068.22520485567,27600.0,0,0,0,0,0,0,0,inf,inf,NA,1,5,5,5,26,6,0,0,CONTINUE,0,A,1,1,0,KEEP_STRUCTURAL_IN_ON_CUT,2,3,0,0,"tail_cont_enabled=1 tail_active_dims=(1,) tail_delta=0.1 tail_start=(6, 6, 6) returned_y=(5, 2, 0) returned_b=(0, 0, 0) returned_u=(0, 0, 0) returned_zcap=(5, 2, 0) max_tail_u=0",NA
120,P1_no_rho,166,1722.2425919000525,5.615981000009924,8.27158599998802,0.16766570007894188,0.01,50805.83188560506,50805.83188560506,-66240.91618551052,-48683.90397484318,0.0,-23486.602948644642,-72634.59458841554,-72634.58036067938,-60404.2825197189,-23486.602948644642,36917.67957107426,36927.71051264006,-23497.866291940485,36538.5,nan,nan,1.5000000000000002,10.0,0.0,0.0,10.0,0.85,CORE,MAIN,1.2159678546758104,0.26136731280102965,0.6,0.174,-60404.2825197189,STRUCTURAL,-0.8965285761363839,-192068.22520485567,27600.0,0,0,0,0,0,0,0,inf,inf,NA,2,6,6,6,26,6,0,0,CONTINUE,0,A,1,1,0,KEEP_STRUCTURAL_IN_ON_CUT,2,3,0,0,"tail_cont_enabled=1 tail_active_dims=(1,) tail_delta=0.1 tail_start=(6, 6, 6) returned_y=(0, 4, 4) returned_b=(0, 0, 0) returned_u=(0, 0, 0) returned_zcap=(0, 4, 4) max_tail_u=0",NA
120,P1_no_rho,167,1731.173651500023,5.615981000009924,8.930527799995616,0.16584000003058463,0.01,46005.25000898594,46005.25000898594,-66240.91618551052,-49403.99125633605,0.0,-23486.602948644642,-70791.1128554843,-70791.09906915485,-60404.2825197189,-23486.602948644642,36917.67957107426,36927.71051264006,-22059.494241581393,34008.5,nan,nan,1.5000000000000002,10.0,0.0,0.0,10.0,0.85,CORE,MAIN,1.216083156780153,0.26467389455601764,0.6,0.174,-60404.2825197189,STRUCTURAL,-0.9552828425751104,-192068.22520485567,27600.0,0,0,0,0,0,0,0,inf,inf,NA,2,6,6,6,26,6,0,0,CONTINUE,0,A,1,1,0,KEEP_STRUCTURAL_IN_ON_CUT,2,3,0,0,"tail_cont_enabled=1 tail_active_dims=(1,) tail_delta=0.1 tail_start=(6, 6, 6) returned_y=(2, 5, 1) returned_b=(0, 0, 0) returned_u=(0, 0, 0) returned_zcap=(2, 5, 1) max_tail_u=0",NA
120,P1_no_rho,168,1741.8030572000425,5.615981000009924,10.628877399954945,0.15426590002607554,0.01,52924.73826539427,52924.73826539427,-66240.91618551052,-48366.0680178748,0.0,-23486.602948644642,-71642.58324209016,-71642.56912821815,-60404.2825197189,-23486.602948644642,36917.67957107426,36927.71051264006,-22662.390077000484,34038.5,nan,nan,1.5000000000000002,10.0,0.0,0.0,10.0,0.85,CORE,MAIN,1.216135710233197,0.2628172259439512,0.6,0.174,-60404.2825197189,STRUCTURAL,-0.9593093908606952,-192068.22520485567,27600.0,0,0,0,0,0,0,0,inf,inf,NA,1,5,5,5,26,6,0,0,CONTINUE,0,A,1,1,0,KEEP_STRUCTURAL_IN_ON_CUT,2,3,0,0,"tail_cont_enabled=1 tail_active_dims=(1,) tail_delta=0.1 tail_start=(6, 6, 6) returned_y=(2, 5, 1) returned_b=(0, 0, 0) returned_u=(0, 0, 0) returned_zcap=(2, 5, 1) max_tail_u=0",NA
120,P1_no_rho,169,1752.2135924000759,5.615981000009924,10.409642999991775,0.1532588000409305,0.01,48964.46557376534,48964.46557376534,-66240.91618551052,-48960.10892161914,0.0,-23486.602948644642,-71505.62841779814,-71505.61425487246,-60404.2825197189,-23486.602948644642,36917.67957107426,36927.71051264006,-22979.563790787353,33858.5,nan,nan,1.5000000000000002,10.0,0.0,0.0,10.0,0.85,CORE,MAIN,1.216237980270766,0.2629015979449236,0.6,0.174,-60404.2825197189,STRUCTURAL,-0.9554676169762414,-192068.22520485567,27600.0,0,0,0,0,0,0,0,inf,inf,NA,1,5,5,5,26,6,0,0,CONTINUE,0,A,1,1,0,KEEP_STRUCTURAL_IN_ON_CUT,2,3,0,0,"tail_cont_enabled=1 tail_active_dims=(1,) tail_delta=0.1 tail_start=(6, 6, 6) returned_y=(2, 5, 1) returned_b=(0, 0, 0) returned_u=(0, 0, 0) returned_zcap=(2, 5, 1) max_tail_u=0",NA
120,P1_no_rho,170,1772.6525988000212,5.615981000009924,20.43853849999141,0.14865670003928244,0.01,52412.58056743323,52412.58056743323,-66240.91618551052,-48442.891672568956,0.0,-23486.602948644642,-70947.00054043144,-70946.98655379389,-60404.2825197189,-23486.602948644642,36917.67957107426,36927.71051264006,-23374.929669233927,33536.0,nan,nan,1.5000000000000002,10.0,0.0,0.0,10.0,0.85,CORE,MAIN,1.2164262071786522,0.2637790077300567,0.6,0.174,-60404.2825197189,STRUCTURAL,-0.9456913343781795,-192068.22520485567,27600.0,0,0,0,0,0,0,0,inf,inf,NA,1,5,5,5,26,6,0,0,CONTINUE,0,A,1,1,0,KEEP_STRUCTURAL_IN_ON_CUT,2,3,0,0,"tail_cont_enabled=1 tail_active_dims=(1,) tail_delta=0.1 tail_start=(6, 6, 6) returned_y=(2, 5, 1) returned_b=(0, 0, 0) returned_u=(0, 0, 0) returned_zcap=(2, 5, 1) max_tail_u=0",NA
120,P1_no_rho,171,1781.0413227000972,5.615981000009924,8.388204300077632,0.15136069990694523,0.01,50611.30852522882,50611.30852522882,-66240.91618551052,-48713.08247889962,0.0,-23486.602948644642,-71706.49691759184,-71706.48273714792,-60404.2825197189,-23486.602948644642,36917.67957107426,36927.71051264006,-22684.85671421081,34091.0,nan,nan,1.5000000000000002,10.0,0.0,0.0,10.0,0.85,CORE,MAIN,1.2165308315964065,0.2600820713533418,0.6,0.174,-60404.2825197189,STRUCTURAL,-0.9586425747350152,-192068.22520485567,27600.0,0,0,0,0,0,0,0,inf,inf,NA,1,5,5,5,26,6,0,0,CONTINUE,0,A,1,1,0,KEEP_STRUCTURAL_IN_ON_CUT,2,3,0,0,"tail_cont_enabled=1 tail_active_dims=(1,) tail_delta=0.1 tail_start=(6, 6, 6) returned_y=(2, 5, 1) returned_b=(0, 0, 0) returned_u=(0, 0, 0) returned_zcap=(2, 5, 1) max_tail_u=0",NA
120,P1_no_rho,172,1791.5984781000298,5.615981000009924,10.556564299971797,0.15749739995226264,0.01,47048.29801735574,47048.29801735574,-66240.91618551052,-49247.53405508058,0.0,-23486.602948644642,-72843.29159483689,-72843.27722724128,-60404.2825197189,-23486.602948644642,36917.67957107426,36927.71051264006,-23829.99743684604,34445.5,nan,nan,1.5000000000000002,10.0,0.0,0.0,10.0,0.85,CORE,MAIN,1.2163677116207816,0.23278546001969258,0.6,0.174,-60404.2825197189,STRUCTURAL,-0.9486150545140435,-192068.22520485567,27600.0,0,0,0,0,0,0,0,inf,inf,NA,1,5,5,5,26,6,0,0,CONTINUE,0,A,1,1,0,KEEP_STRUCTURAL_IN_ON_CUT,2,3,0,0,"tail_cont_enabled=1 tail_active_dims=(1,) tail_delta=0.1 tail_start=(6, 6, 6) returned_y=(2, 5, 1) returned_b=(0, 0, 0) returned_u=(0, 0, 0) returned_zcap=(2, 5, 1) max_tail_u=0",NA
