S,algo,t,wall_time_sec,init_time_sec,outer_iter_time_sec,inner_time_sec,eps_in_t,eta_t_star,eta_out,eta_in,eta_sep,eta_cap,eta_bracket,inner_lb,inner_ub,global_lb,global_ub,outer_gap,objective_cert_gap,best_ub_primal_obj,best_ub_primal_residual,returned_primal_obj,returned_primal_residual,lambda_inf,lambda_out_inf,lambda_in_inf,rho,theta,alpha_eff,phase_label,phase_reason,center_inf,center_step,anchor_mix,directional_beta,dual_inc_eta,sep_anchor_reason,alpha_signal,best_feas_eta,best_feas_residual,close_signal_streak,close_lock_counter,close_bc_count,close_case_c_count,close_reset_count,close_feas_lock_count,close_shadow_active,close_repaired_gap,close_repaired_residual,close_repaired_tag,inner_rnc_iters,inner_eval_calls,num_rnc_samples,num_rnc_kept_cuts,num_master_cuts,cut_added,outer_gap_certified,final_solution_found,stop_reason,sep_ok,case_label,sep_cut,out_cut,mispricing_streak,in_update_reason,add_geo,add_sup,add_rep,cap_promoted,z_best_ub,returned_z
120,P1_no_rho,1,14.152570499922149,5.71030559996143,8.442124599940144,4.170342199970037,0.01,0.0,0.0,-70396.79569855072,0.0,0.0,-22216.599211142893,-70396.79569855072,-70396.7848816839,-70396.79569855072,-22216.599211142893,48180.196487407826,48180.19648740781,-70396.7848816839,78720.0,nan,nan,0.0,0.0,0.0,0.0,10.0,0.0,HEADING_IN,WARMUP,0.0,0.0,0.8,0.0,-70396.79569855072,BOOT_NONE,0.0,-70396.79569855072,78720.0,0,0,0,0,0,0,0,inf,inf,NA,1,2,2,2,2,5,0,0,CONTINUE,0,A,1,1,0,BOOT_VALID_FROM_CUT,2,2,0,0,"tail_cont_enabled=1 tail_active_dims=(1,) tail_delta=0.1 tail_start=(6, 6, 6) returned_y=(0, 0, 0) returned_b=(0, 0, 0) returned_u=(0, 0, 0) returned_zcap=(0, 0, 0) max_tail_u=0",NA
120,P1_no_rho,2,20.99923169997055,5.71030559996143,6.846064600045793,1.444551800028421,0.01,509868.2151183161,509868.2151183161,-70396.79569855072,335788.711873256,0.0,-22216.599211142893,-196200.73404162377,-196200.65144189307,-70396.79569855072,-22216.599211142893,48180.196487407826,48180.19648740781,1199.3485581069422,28200.0,nan,nan,7.0,10.0,0.0,0.0,10.0,0.3,HEADING_IN,WARMUP,0.2663359418350813,0.2663359418350813,0.8,0.0,-70396.79569855072,STRUCTURAL,-1.0,-196200.73404162377,28200.0,0,0,0,0,0,0,0,inf,inf,NA,2,3,3,3,4,7,0,0,CONTINUE,0,A,1,1,0,KEEP_STRUCTURAL_IN_ON_CUT,2,3,1,0,"tail_cont_enabled=1 tail_active_dims=(1,) tail_delta=0.1 tail_start=(6, 6, 6) returned_y=(0, 3, 5) returned_b=(0, 0, 0) returned_u=(0, 0, 0) returned_zcap=(0, 3, 5) max_tail_u=0",NA
120,P1_no_rho,3,26.817276799934916,5.71030559996143,5.817599799949676,0.14276870002504438,0.01,49126.34855810694,49126.34855810694,-70396.79569855072,13269.405281109644,0.0,-24203.570296493082,-395209.86860854574,-395209.79512885516,-70396.79569855072,-24203.570296493082,46193.22540205764,48180.19648740781,-33971.15499905828,62142.0,nan,nan,7.0,10.0,0.0,0.0,10.0,0.3,HEADING_IN,WARMUP,0.47740249683459957,0.235808425486209,0.8,0.0,-70396.79569855072,STRUCTURAL,-0.8304451098861063,-196200.73404162377,28200.0,0,0,0,0,0,0,0,inf,inf,NA,2,4,4,4,8,7,0,0,CONTINUE,0,A,1,1,0,KEEP_STRUCTURAL_IN_ON_CUT,2,3,1,0,"tail_cont_enabled=1 tail_active_dims=(1,) tail_delta=0.1 tail_start=(6, 6, 6) returned_y=(6, 0, 1) returned_b=(1, 0, 0) returned_u=(0, 0, 0) returned_zcap=(6, 0, 1) max_tail_u=0",NA
120,P1_no_rho,4,31.278709499980323,5.71030559996143,4.460959400050342,0.1728562000207603,0.01,23483.958204178605,23483.958204178605,-70396.79569855072,-4680.267966640193,0.0,-24203.570296493082,-274404.96056256315,-274404.89905353193,-70396.79569855072,-24203.570296493082,46193.22540205764,48180.19648740781,-41832.23801310736,51674.5,nan,nan,7.0,10.0,0.0,0.0,10.0,0.3,HEADING_IN,WARMUP,0.9928530014190713,0.5154505045844717,0.8,0.0,-70396.79569855072,STRUCTURAL,-0.6429605678413494,-196200.73404162377,28200.0,0,0,0,0,0,0,0,inf,inf,NA,2,5,5,5,12,7,0,0,CONTINUE,0,A,1,1,0,KEEP_STRUCTURAL_IN_ON_CUT,2,3,1,0,"tail_cont_enabled=1 tail_active_dims=(1,) tail_delta=0.1 tail_start=(6, 6, 6) returned_y=(6, 0, 0) returned_b=(1, 0, 0) returned_u=(0, 0, 0) returned_zcap=(6, 0, 0) max_tail_u=0",NA
120,P1_no_rho,5,48.731647999957204,5.71030559996143,17.45235669997055,0.16689360002055764,0.01,12258.480746188121,12258.480746188121,-70396.79569855072,-12538.102187233531,0.0,-24203.570296493082,-320227.4290377951,-320227.3563151059,-70396.79569855072,-24203.570296493082,46193.22540205764,46193.22540205763,-36561.61466659419,52143.0,nan,nan,7.0,10.0,0.0,0.0,10.0,0.3,HEADING_IN,WARMUP,1.4713165481993595,0.6204299639703059,0.8,0.0,-70396.79569855072,STRUCTURAL,-0.777164286258152,-196200.73404162377,28200.0,0,0,0,0,0,0,0,inf,inf,NA,1,5,5,5,16,6,0,0,CONTINUE,0,A,1,1,0,KEEP_STRUCTURAL_IN_ON_CUT,2,3,0,0,"tail_cont_enabled=1 tail_active_dims=(1,) tail_delta=0.1 tail_start=(6, 6, 6) returned_y=(6, 0, 0) returned_b=(1, 0, 0) returned_u=(0, 0, 0) returned_zcap=(6, 0, 0) max_tail_u=0",NA
120,P1_no_rho,6,52.200354899978265,5.71030559996143,3.468170000007376,0.20443849998991936,0.01,-7654.910310498275,-7654.910310498275,-70396.79569855072,-26477.475926914005,0.0,-24203.570296493082,-247448.2936092768,-247448.2370334042,-70396.79569855072,-24203.570296493082,46193.22540205764,46193.22540205763,-43472.71433608491,48130.0,nan,nan,7.0,10.0,0.0,0.0,10.0,0.3,HEADING_IN,WARMUP,1.415303126276894,0.6283397085027493,0.8,0.0,-70396.79569855072,STRUCTURAL,-0.6054303009626288,-196200.73404162377,28200.0,0,0,0,0,0,0,0,inf,inf,NA,2,6,6,6,19,7,0,0,CONTINUE,0,A,1,1,0,KEEP_STRUCTURAL_IN_ON_CUT,2,3,1,0,"tail_cont_enabled=1 tail_active_dims=(1,) tail_delta=0.1 tail_start=(6, 6, 6) returned_y=(0, 6, 0) returned_b=(0, 1, 0) returned_u=(0, 0.1, 0) returned_zcap=(0, 6.1, 0) max_tail_u=0.1",NA
120,P1_no_rho,7,58.88262329995632,5.71030559996143,6.681809299974702,0.17600350000429899,0.01,-8536.64329376093,-8536.64329376093,-70396.79569855072,-27094.689015197866,0.0,-24203.570296493082,-302363.18313119817,-302363.1146245345,-70396.79569855072,-24203.570296493082,46193.22540205764,46193.22540205763,-35870.386318163444,53596.5,nan,nan,7.0,10.0,0.0,0.0,10.0,0.3,HEADING_IN,WARMUP,1.8100541539062462,0.6706003855351417,0.8,0.0,-70396.79569855072,STRUCTURAL,-0.7103148481347292,-196200.73404162377,28200.0,0,0,0,0,0,0,0,inf,inf,NA,1,5,5,5,22,6,0,0,CONTINUE,0,A,1,1,0,KEEP_STRUCTURAL_IN_ON_CUT,2,3,0,0,"tail_cont_enabled=1 tail_active_dims=(1,) tail_delta=0.1 tail_start=(6, 6, 6) returned_y=(0, 6, 0) returned_b=(0, 1, 0) returned_u=(0, 0.1, 0) returned_zcap=(0, 6.1, 0) max_tail_u=0.1",NA
120,P1_no_rho,8,63.56174949998967,5.71030559996143,4.678651100024581,0.20485660003032535,0.01,-2621.465295904398,-2621.465295904398,-70396.79569855072,-22954.064416698293,0.0,-24203.570296493082,-321402.75451285375,-321402.6789805,-70396.79569855072,-24203.570296493082,46193.22540205764,46193.22540205763,-42182.051970824126,52923.5,nan,nan,7.0,10.0,0.0,0.0,10.0,0.3,HEADING_IN,WARMUP,2.1164792645016446,0.7340915928898,0.8,0.0,-70396.79569855072,STRUCTURAL,-0.753704139019193,-196200.73404162377,28200.0,0,0,0,0,0,0,0,inf,inf,NA,2,6,6,6,22,6,0,0,CONTINUE,0,A,1,1,0,KEEP_STRUCTURAL_IN_ON_CUT,2,3,0,0,"tail_cont_enabled=1 tail_active_dims=(1,) tail_delta=0.1 tail_start=(6, 6, 6) returned_y=(0, 0, 0) returned_b=(0, 0, 0) returned_u=(0, 0, 0) returned_zcap=(0, 0, 0) max_tail_u=0",NA
120,P1_no_rho,9,69.46700189996045,5.71030559996143,5.9048479000339285,0.16466719994787127,0.01,229645.3079780225,229645.3079780225,-70396.79569855072,-25390.48014706473,0.0,-24203.570296493082,-50413.12664293174,-50413.11638833207,-50413.12664293174,-24203.570296493082,26209.556346438658,26209.55634643865,-11481.871607568777,31757.5,nan,nan,1.5000000000000002,10.0,0.0,0.0,10.0,0.85,CORE,FORCE_CORE,1.7554177007042788,1.1027582834418488,0.6,0.174,-50413.12664293174,STRUCTURAL,-0.8172609048941359,-196200.73404162377,28200.0,0,0,0,0,0,0,0,inf,inf,NA,1,5,5,5,22,6,0,0,CONTINUE,0,A,1,1,0,KEEP_STRUCTURAL_IN_ON_CUT,2,3,0,0,"tail_cont_enabled=1 tail_active_dims=(1,) tail_delta=0.1 tail_start=(6, 6, 6) returned_y=(0, 3, 5) returned_b=(0, 0, 0) returned_u=(0, 0, 0) returned_zcap=(0, 3, 5) max_tail_u=0",NA
120,P1_no_rho,10,85.43649320001714,5.71030559996143,15.968702100100927,0.18192769994493574,0.01,77648.46507161783,77648.46507161783,-70396.79569855072,-48190.00658302543,0.0,-24203.570296493082,-97772.55957445108,-97772.54309381143,-50413.12664293174,-24203.570296493082,26209.556346438658,26209.55634643865,-34732.16439738047,48321.0,nan,nan,1.5000000000000002,10.0,0.0,0.0,10.0,0.85,CORE,FORCE_CORE,1.5243876890182664,0.7231830287839525,0.6,0.12,-50413.12664293174,STRUCTURAL,-0.8697443995561757,-196200.73404162377,28200.0,0,0,0,0,0,0,0,inf,inf,NA,2,6,6,6,22,6,0,0,CONTINUE,0,A,1,1,0,KEEP_STRUCTURAL_IN_ON_CUT,2,3,0,0,"tail_cont_enabled=1 tail_active_dims=(1,) tail_delta=0.1 tail_start=(6, 6, 6) returned_y=(6, 0, 1) returned_b=(1, 0, 0) returned_u=(0, 0, 0) returned_zcap=(6, 0, 1) max_tail_u=0",NA
120,P1_no_rho,11,92.57800380000845,5.71030559996143,7.141018800088204,0.16578020004089922,0.01,50194.38599290191,50194.38599290191,-70396.79569855072,-52308.11844483282,0.0,-24203.570296493082,-94005.10241777005,-94005.08604042885,-50413.12664293174,-24203.570296493082,26209.556346438658,26209.55634643865,-33747.70964045266,47646.0,nan,nan,1.5000000000000002,10.0,0.0,0.0,10.0,0.85,CORE,FORCE_CORE,1.3767081151799574,0.4765677075327678,0.6,0.13799999999999998,-50413.12664293174,STRUCTURAL,-0.8431260602495654,-196200.73404162377,28200.0,0,0,0,0,0,0,0,inf,inf,NA,1,5,5,5,22,6,0,0,CONTINUE,0,A,1,1,0,KEEP_STRUCTURAL_IN_ON_CUT,2,3,0,0,"tail_cont_enabled=1 tail_active_dims=(1,) tail_delta=0.1 tail_start=(6, 6, 6) returned_y=(6, 0, 1) returned_b=(1, 0, 0) returned_u=(0, 0, 0) returned_zcap=(6, 0, 1) max_tail_u=0",NA
120,P1_no_rho,12,98.2828219999792,5.71030559996143,5.704427000018768,0.16139970009680837,0.01,52333.57213037805,52333.57213037805,-70396.79569855072,-51987.2405242114,0.0,-24203.570296493082,-90037.83873348004,-90037.82311829398,-50413.12664293174,-24203.570296493082,26209.556346438658,26209.55634643865,-32002.822334154345,44318.0,nan,nan,1.5000000000000002,10.0,0.0,0.0,10.0,0.85,CORE,FORCE_CORE,1.2824253761774682,0.3347560014517178,0.6,0.156,-50413.12664293174,STRUCTURAL,-0.873008721574975,-196200.73404162377,28200.0,0,0,0,0,0,0,0,inf,inf,NA,1,5,5,5,22,6,0,0,CONTINUE,0,A,1,1,0,KEEP_STRUCTURAL_IN_ON_CUT,2,3,0,0,"tail_cont_enabled=1 tail_active_dims=(1,) tail_delta=0.1 tail_start=(6, 6, 6) returned_y=(6, 0, 1) returned_b=(1, 0, 0) returned_u=(0, 0, 0) returned_zcap=(6, 0, 1) max_tail_u=0",NA
120,P1_no_rho,13,100.22839179995935,5.71030559996143,1.9451317000202835,0.18024170002900064,0.01,27843.112637914084,27843.112637914084,-70396.79569855072,-55660.809448080996,0.0,-24203.570296493082,-87918.47457583676,-87918.45836788182,-50413.12664293174,-24203.570296493082,26209.556346438658,26209.55634643865,-35689.40083874447,41655.0,nan,nan,1.5000000000000002,10.0,0.0,0.0,10.0,0.85,CORE,FORCE_CORE,1.2245220622019328,0.261355122828388,0.6,0.174,-50413.12664293174,STRUCTURAL,-0.8358989721784074,-196200.73404162377,28200.0,0,0,0,0,0,0,0,inf,inf,NA,2,6,6,6,22,7,0,0,CONTINUE,0,A,1,1,0,KEEP_STRUCTURAL_IN_ON_CUT,2,3,1,0,"tail_cont_enabled=1 tail_active_dims=(1,) tail_delta=0.1 tail_start=(6, 6, 6) returned_y=(0, 6, 1) returned_b=(0, 1, 0) returned_u=(0, 0, 0) returned_zcap=(0, 6, 1) max_tail_u=0",NA
120,P1_no_rho,14,105.47754039999563,5.71030559996143,5.248662600060925,0.16073410003446043,0.01,24360.96258902847,24360.96258902847,-70396.79569855072,-56183.13195541383,0.0,-24203.570296493082,-85495.30272374781,-85495.28712112899,-50413.12664293174,-24203.570296493082,26209.556346438658,26209.55634643865,-32102.145085059554,41974.5,nan,nan,1.5000000000000002,10.0,0.0,0.0,10.0,0.85,CORE,FORCE_CORE,1.1904437593673745,0.2195357141186685,0.6,0.174,-50413.12664293174,STRUCTURAL,-0.848025063408648,-196200.73404162377,28200.0,0,0,0,0,0,0,0,inf,inf,NA,1,5,5,5,23,6,0,0,CONTINUE,0,A,1,1,0,KEEP_STRUCTURAL_IN_ON_CUT,2,3,0,0,"tail_cont_enabled=1 tail_active_dims=(1,) tail_delta=0.1 tail_start=(6, 6, 6) returned_y=(0, 6, 1) returned_b=(0, 1, 0) returned_u=(0, 0, 0) returned_zcap=(0, 6, 1) max_tail_u=0",NA
120,P1_no_rho,15,119.4760721999919,5.71030559996143,13.997901999973692,0.17443899996578693,0.01,11651.519511258008,11651.519511258008,-70396.79569855072,-58089.54841707941,0.0,-24203.570296493082,-82565.62322718748,-82565.60802720964,-50413.12664293174,-24203.570296493082,26209.556346438658,26209.55634643865,-30253.89632899913,41134.0,nan,nan,1.5000000000000002,10.0,0.0,0.0,10.0,0.85,CORE,MAIN,1.1972621336794824,0.2590890832374052,0.6,0.174,-50413.12664293174,STRUCTURAL,-0.8478259946874523,-196200.73404162377,28200.0,0,0,0,0,0,0,0,inf,inf,NA,1,5,5,5,23,6,0,0,CONTINUE,0,A,1,1,0,KEEP_STRUCTURAL_IN_ON_CUT,2,3,0,0,"tail_cont_enabled=1 tail_active_dims=(1,) tail_delta=0.1 tail_start=(6, 6, 6) returned_y=(0, 6, 1) returned_b=(0, 1, 0) returned_u=(0, 0, 0) returned_zcap=(0, 6, 1) max_tail_u=0",NA
120,P1_no_rho,16,125.72447459993418,5.71030559996143,6.2478119999868795,0.18088110000826418,0.01,150943.84111806712,150943.84111806712,-70396.79569855072,-37195.70017605803,0.0,-24203.570296493082,-59437.67961978234,-59437.66777019734,-50413.12664293174,-24203.570296493082,26209.556346438658,26209.55634643865,-14037.97768070815,34009.0,nan,nan,1.5000000000000002,10.0,0.0,0.0,10.0,0.85,CORE,MAIN,1.190336264884094,0.29648784036762854,0.6,0.174,-50413.12664293174,STRUCTURAL,-0.8899544255832121,-196200.73404162377,28200.0,0,0,0,0,0,0,0,inf,inf,NA,2,6,6,6,23,7,0,0,CONTINUE,0,A,1,1,0,KEEP_STRUCTURAL_IN_ON_CUT,2,3,1,0,"tail_cont_enabled=1 tail_active_dims=(1,) tail_delta=0.1 tail_start=(6, 6, 6) returned_y=(0, 2, 6) returned_b=(0, 0, 1) returned_u=(0, 0, 0) returned_zcap=(0, 2, 6) max_tail_u=0",NA
120,P1_no_rho,17,129.46618799993303,5.71030559996143,3.7413549999473616,0.16036710003390908,0.01,65020.75181580381,65020.75181580381,-70396.79569855072,-50084.163571397534,0.0,-24203.570296493082,-87929.44600370026,-87929.42966849358,-50413.12664293174,-24203.570296493082,26209.556346438658,26209.55634643865,-32483.126600401294,43651.5,nan,nan,1.5000000000000002,10.0,0.0,0.0,10.0,0.85,CORE,MAIN,1.1833314362664542,0.2274794767419842,0.6,0.174,-50413.12664293174,STRUCTURAL,-0.8468025622348567,-196200.73404162377,28200.0,0,0,0,0,0,0,0,inf,inf,NA,1,5,5,5,24,6,0,0,CONTINUE,0,A,1,1,0,KEEP_STRUCTURAL_IN_ON_CUT,2,3,0,0,"tail_cont_enabled=1 tail_active_dims=(1,) tail_delta=0.1 tail_start=(6, 6, 6) returned_y=(6, 0, 1) returned_b=(1, 0, 0) returned_u=(0, 0, 0) returned_zcap=(6, 0, 1) max_tail_u=0",NA
120,P1_no_rho,18,136.34329270001035,5.71030559996143,6.876477500074543,0.16248950001318008,0.01,52257.881866893054,52257.881866893054,-70396.79569855072,-51998.59406373415,0.0,-24203.570296493082,-83742.63093667057,-83742.61558966977,-50413.12664293174,-24203.570296493082,26209.556346438658,26209.55634643865,-29532.960863757507,42568.5,nan,nan,1.5000000000000002,10.0,0.0,0.0,10.0,0.85,CORE,MAIN,1.178360575460083,0.23839436596226338,0.6,0.174,-50413.12664293174,STRUCTURAL,-0.84897917044939,-196200.73404162377,28200.0,0,0,0,0,0,0,0,inf,inf,NA,1,5,5,5,24,6,0,0,CONTINUE,0,A,1,1,0,KEEP_STRUCTURAL_IN_ON_CUT,2,3,0,0,"tail_cont_enabled=1 tail_active_dims=(1,) tail_delta=0.1 tail_start=(6, 6, 6) returned_y=(6, 0, 1) returned_b=(1, 0, 0) returned_u=(0, 0, 0) returned_zcap=(6, 0, 1) max_tail_u=0",NA
120,P1_no_rho,19,143.11299359996337,5.71030559996143,6.7691514999605715,0.1774714000057429,0.01,50712.33195294819,50712.33195294819,-70396.79569855072,-52230.426550825876,0.0,-24203.570296493082,-86788.47924617573,-86788.46290074634,-50413.12664293174,-24203.570296493082,26209.556346438658,26209.55634643865,-31691.09708634324,42252.5,nan,nan,1.5000000000000002,10.0,0.0,0.0,10.0,0.85,CORE,MAIN,1.1741353093879614,0.2396100688168472,0.6,0.174,-50413.12664293174,STRUCTURAL,-0.8693350028898189,-196200.73404162377,28200.0,0,0,0,0,0,0,0,inf,inf,NA,1,5,5,5,24,6,0,0,CONTINUE,0,A,1,1,0,KEEP_STRUCTURAL_IN_ON_CUT,2,3,0,0,"tail_cont_enabled=1 tail_active_dims=(1,) tail_delta=0.1 tail_start=(6, 6, 6) returned_y=(6, 0, 1) returned_b=(1, 0, 0) returned_u=(0, 0, 0) returned_zcap=(6, 0, 1) max_tail_u=0",NA
120,P1_no_rho,20,164.08073099993635,5.71030559996143,20.967142799985595,0.1864206000464037,0.01,33302.82776375592,33302.82776375592,-70396.79569855072,-54841.85217920472,0.0,-24203.570296493082,-77862.95849795427,-77862.94352949296,-50413.12664293174,-24203.570296493082,26209.556346438658,26209.55634643865,-29144.15783476847,38040.5,nan,nan,1.5000000000000002,10.0,0.0,0.0,10.0,0.85,CORE,MAIN,1.1728254984032296,0.24511258896583055,0.6,0.174,-50413.12664293174,STRUCTURAL,-0.8538055615238932,-196200.73404162377,28200.0,0,0,0,0,0,0,0,inf,inf,NA,2,6,6,6,24,7,0,0,CONTINUE,0,A,1,1,0,KEEP_STRUCTURAL_IN_ON_CUT,2,3,1,0,"tail_cont_enabled=1 tail_active_dims=(1,) tail_delta=0.1 tail_start=(6, 6, 6) returned_y=(0, 3, 5) returned_b=(0, 0, 0) returned_u=(0, 0, 0) returned_zcap=(0, 3, 5) max_tail_u=0",NA
120,P1_no_rho,21,170.5429146999959,5.71030559996143,6.461749300011434,0.19259039999451488,0.01,35488.25000094871,35488.25000094871,-70396.79569855072,-54514.0388436258,0.0,-24203.570296493082,-79296.63743773811,-79296.6226028238,-50413.12664293174,-24203.570296493082,26209.556346438658,26209.55634643865,-29773.21682390445,39488.5,nan,nan,1.5000000000000002,10.0,0.0,0.0,10.0,0.85,CORE,MAIN,1.1723392518683098,0.2453413145561596,0.6,0.174,-50413.12664293174,STRUCTURAL,-0.8360814883475669,-196200.73404162377,28200.0,0,0,0,0,0,0,0,inf,inf,NA,2,6,6,6,25,6,0,0,CONTINUE,0,A,1,1,0,KEEP_STRUCTURAL_IN_ON_CUT,2,3,0,0,"tail_cont_enabled=1 tail_active_dims=(1,) tail_delta=0.1 tail_start=(6, 6, 6) returned_y=(0, 6, 1) returned_b=(0, 1, 0) returned_u=(0, 0, 0) returned_zcap=(0, 6, 1) max_tail_u=0",NA
120,P1_no_rho,22,177.28228679997846,5.71030559996143,6.738987899967469,0.15664160007145256,0.01,37079.82441146128,37079.82441146128,-70396.79569855072,-54275.30268204891,0.0,-24203.570296493082,-80765.83176778592,-80765.8167487679,-50413.12664293174,-24203.570296493082,26209.556346438658,26209.55634643865,-28790.792761894754,41084.5,nan,nan,1.5000000000000002,10.0,0.0,0.0,10.0,0.85,CORE,MAIN,1.1859737893973337,0.266819747095278,0.6,0.174,-50413.12664293174,STRUCTURAL,-0.843384147093156,-196200.73404162377,28200.0,0,0,0,0,0,0,0,inf,inf,NA,1,5,5,5,25,6,0,0,CONTINUE,0,A,1,1,0,KEEP_STRUCTURAL_IN_ON_CUT,2,3,0,0,"tail_cont_enabled=1 tail_active_dims=(1,) tail_delta=0.1 tail_start=(6, 6, 6) returned_y=(0, 6, 1) returned_b=(0, 1, 0) returned_u=(0, 0, 0) returned_zcap=(0, 6, 1) max_tail_u=0",NA
120,P1_no_rho,23,181.8454202999128,5.71030559996143,4.562618099967949,0.15637650003191084,0.01,122016.19925119822,122016.19925119822,-70396.79569855072,-41534.84645608837,0.0,-24203.570296493082,-63344.40568279035,-63344.39276323345,-50413.12664293174,-24203.570296493082,26209.556346438658,26209.55634643865,-18100.304294623107,34133.5,nan,nan,1.5000000000000002,10.0,0.0,0.0,10.0,0.85,CORE,MAIN,1.188197935640563,0.2837048245721714,0.6,0.174,-50413.12664293174,STRUCTURAL,-0.8836692881111,-196200.73404162377,28200.0,0,0,0,0,0,0,0,inf,inf,NA,1,5,5,5,25,6,0,0,CONTINUE,0,A,1,1,0,KEEP_STRUCTURAL_IN_ON_CUT,2,3,0,0,"tail_cont_enabled=1 tail_active_dims=(1,) tail_delta=0.1 tail_start=(6, 6, 6) returned_y=(0, 3, 5) returned_b=(0, 0, 0) returned_u=(0, 0, 0) returned_zcap=(0, 3, 5) max_tail_u=0",NA
120,P1_no_rho,24,188.86397639999632,5.71030559996143,7.018004300072789,0.15741280000656843,0.01,49003.645244340616,49003.645244340616,-70396.79569855072,-52486.72955711701,0.0,-24203.570296493082,-71897.18999114366,-71897.17618529228,-50413.12664293174,-24203.570296493082,26209.556346438658,26209.55634643865,-24697.103257410592,35949.5,nan,nan,1.5000000000000002,10.0,0.0,0.0,10.0,0.85,CORE,MAIN,1.190430842372634,0.2370377594984696,0.6,0.174,-50413.12664293174,STRUCTURAL,-0.8753032805812169,-196200.73404162377,28200.0,0,0,0,0,0,0,0,inf,inf,NA,1,5,5,5,25,6,0,0,CONTINUE,0,A,1,1,0,KEEP_STRUCTURAL_IN_ON_CUT,2,3,0,0,"tail_cont_enabled=1 tail_active_dims=(1,) tail_delta=0.1 tail_start=(6, 6, 6) returned_y=(0, 3, 5) returned_b=(0, 0, 0) returned_u=(0, 0, 0) returned_zcap=(0, 3, 5) max_tail_u=0",NA
120,P1_no_rho,25,203.76562800002284,5.71030559996143,14.901253399904817,0.17828970006667078,0.01,55224.872061982336,55224.872061982336,-70396.79569855072,-51553.54553447076,0.0,-24203.570296493082,-74244.78573934022,-74244.77186111527,-50413.12664293174,-24203.570296493082,26209.556346438658,26209.55634643865,-24061.88242900249,39285.0,nan,nan,1.5000000000000002,10.0,0.0,0.0,10.0,0.85,CORE,MAIN,1.192262399387124,0.23286352260894716,0.6,0.174,-50413.12664293174,STRUCTURAL,-0.8516039104342246,-196200.73404162377,28200.0,0,0,0,0,0,0,0,inf,inf,NA,1,5,5,5,25,6,0,0,CONTINUE,0,A,1,1,0,KEEP_STRUCTURAL_IN_ON_CUT,2,3,0,0,"tail_cont_enabled=1 tail_active_dims=(1,) tail_delta=0.1 tail_start=(6, 6, 6) returned_y=(6, 0, 1) returned_b=(1, 0, 0) returned_u=(0, 0, 0) returned_zcap=(6, 0, 1) max_tail_u=0",NA
120,P1_no_rho,26,209.21329430001788,5.71030559996143,5.446993700112216,0.17994100006762892,0.01,34326.360116646654,34326.360116646654,-70396.79569855072,-54688.32232627111,0.0,-24203.570296493082,-92233.01706565623,-92233.00142326036,-50413.12664293174,-24203.570296493082,26209.556346438658,26209.55634643865,-30656.587275398848,46448.5,nan,nan,1.5000000000000002,10.0,0.0,0.0,10.0,0.85,CORE,MAIN,1.1895835239244579,0.22718564537404862,0.6,0.174,-50413.12664293174,STRUCTURAL,-0.883794799944907,-196200.73404162377,28200.0,0,0,0,0,0,0,0,inf,inf,NA,1,5,5,5,25,6,0,0,CONTINUE,0,A,1,1,0,KEEP_STRUCTURAL_IN_ON_CUT,2,3,0,0,"tail_cont_enabled=1 tail_active_dims=(1,) tail_delta=0.1 tail_start=(6, 6, 6) returned_y=(6, 0, 1) returned_b=(1, 0, 0) returned_u=(0, 0, 0) returned_zcap=(6, 0, 1) max_tail_u=0",NA
120,P1_no_rho,27,216.20286069996655,5.71030559996143,6.988943299977109,0.16745380009524524,0.01,54558.68000543484,54558.68000543484,-70396.79569855072,-51653.474342952875,0.0,-24203.570296493082,-76841.71373059423,-76841.69884381154,-50413.12664293174,-24203.570296493082,26209.556346438658,26209.55634643865,-27768.158432820306,37609.0,nan,nan,1.5000000000000002,10.0,0.0,0.0,10.0,0.85,CORE,MAIN,1.1886906389570757,0.257740804847461,0.6,0.174,-50413.12664293174,STRUCTURAL,-0.8698900158825676,-196200.73404162377,28200.0,0,0,0,0,0,0,0,inf,inf,NA,1,5,5,5,25,6,0,0,CONTINUE,0,A,1,1,0,KEEP_STRUCTURAL_IN_ON_CUT,2,3,0,0,"tail_cont_enabled=1 tail_active_dims=(1,) tail_delta=0.1 tail_start=(6, 6, 6) returned_y=(0, 3, 5) returned_b=(0, 0, 0) returned_u=(0, 0, 0) returned_zcap=(0, 3, 5) max_tail_u=0",NA
120,P1_no_rho,28,223.07350269996095,5.71030559996143,6.870001300005242,0.1670083999633789,0.01,33553.984897156726,33553.984897156726,-70396.79569855072,-54804.1786091946,0.0,-24203.570296493082,-71862.37676182088,-71862.3627895206,-50413.12664293174,-24203.570296493082,26209.556346438658,26209.55634643865,-26034.6511672719,36035.5,nan,nan,1.5000000000000002,10.0,0.0,0.0,10.0,0.85,CORE,MAIN,1.1898369549915409,0.27028514743577603,0.6,0.174,-50413.12664293174,STRUCTURAL,-0.8478252764125872,-196200.73404162377,28200.0,0,0,0,0,0,0,0,inf,inf,NA,1,5,5,5,25,6,0,0,CONTINUE,0,A,1,1,0,KEEP_STRUCTURAL_IN_ON_CUT,2,3,0,0,"tail_cont_enabled=1 tail_active_dims=(1,) tail_delta=0.1 tail_start=(6, 6, 6) returned_y=(0, 3, 5) returned_b=(0, 0, 0) returned_u=(0, 0, 0) returned_zcap=(0, 3, 5) max_tail_u=0",NA
120,P1_no_rho,29,229.992393399938,5.71030559996143,6.9182857000269,0.17720219993498176,0.01,30244.724786529245,30244.724786529245,-70396.79569855072,-55300.56762578872,0.0,-24203.570296493082,-72199.70599472013,-72199.69220751408,-50413.12664293174,-24203.570296493082,26209.556346438658,26209.55634643865,-26250.922723369647,37279.5,nan,nan,1.5000000000000002,10.0,0.0,0.0,10.0,0.85,CORE,MAIN,1.197397171122467,0.28039075354117005,0.6,0.174,-50413.12664293174,STRUCTURAL,-0.8216986008243033,-196200.73404162377,28200.0,0,0,0,0,0,0,0,inf,inf,NA,1,5,5,5,25,6,0,0,CONTINUE,0,A,1,1,0,KEEP_STRUCTURAL_IN_ON_CUT,2,3,0,0,"tail_cont_enabled=1 tail_active_dims=(1,) tail_delta=0.1 tail_start=(6, 6, 6) returned_y=(0, 3, 5) returned_b=(0, 0, 0) returned_u=(0, 0, 0) returned_zcap=(0, 3, 5) max_tail_u=0",NA
120,P1_no_rho,30,243.9309800999472,5.71030559996143,13.938005800009705,0.1635470000328496,0.01,73989.76200602694,73989.76200602694,-70396.79569855072,-48738.81204286406,0.0,-24203.570296493082,-64252.56179902692,-64252.54876009977,-50413.12664293174,-24203.570296493082,26209.556346438658,26209.55634643865,-19537.379325836846,33790.0,nan,nan,1.5000000000000002,10.0,0.0,0.0,10.0,0.85,CORE,MAIN,1.1986970119556528,0.2825504849688084,0.6,0.174,-50413.12664293174,STRUCTURAL,-0.8822170155719233,-196200.73404162377,28200.0,0,0,0,0,0,0,0,inf,inf,NA,1,5,5,5,25,6,0,0,CONTINUE,0,A,1,1,0,KEEP_STRUCTURAL_IN_ON_CUT,2,3,0,0,"tail_cont_enabled=1 tail_active_dims=(1,) tail_delta=0.1 tail_start=(6, 6, 6) returned_y=(3, 0, 5) returned_b=(0, 0, 0) returned_u=(0, 0, 0) returned_zcap=(3, 0, 5) max_tail_u=0",NA
120,P1_no_rho,31,250.88640039996244,5.71030559996143,6.954731000005268,0.1956223000306636,0.01,53888.180224064614,53888.180224064614,-70396.79569855072,-51754.049310158414,0.0,-24203.570296493082,-70094.2213579255,-70094.20777704439,-50413.12664293174,-24203.570296493082,26209.556346438658,26209.55634643865,-23642.305965290223,36963.5,nan,nan,1.5000000000000002,10.0,0.0,0.0,10.0,0.85,CORE,MAIN,1.1997754871110482,0.2550217438741954,0.6,0.174,-50413.12664293174,STRUCTURAL,-0.8377976799050263,-196200.73404162377,28200.0,0,0,0,0,0,0,0,inf,inf,NA,1,5,5,5,25,6,0,0,CONTINUE,0,A,1,1,0,KEEP_STRUCTURAL_IN_ON_CUT,2,3,0,0,"tail_cont_enabled=1 tail_active_dims=(1,) tail_delta=0.1 tail_start=(6, 6, 6) returned_y=(3, 0, 5) returned_b=(0, 0, 0) returned_u=(0, 0, 0) returned_zcap=(3, 0, 5) max_tail_u=0",NA
120,P1_no_rho,32,256.7465170000214,5.71030559996143,5.859462899970822,0.17849989992100745,0.01,66919.74161528473,66919.74161528473,-70396.79569855072,-49799.3151014754,0.0,-24203.570296493082,-78570.98050450206,-78570.96593661689,-50413.12664293174,-24203.570296493082,26209.556346438658,26209.55634643865,-26971.297910760408,40777.5,nan,nan,1.5000000000000002,10.0,0.0,0.0,10.0,0.85,CORE,MAIN,1.1997386044862557,0.23212703638450116,0.6,0.174,-50413.12664293174,STRUCTURAL,-0.843597049448944,-196200.73404162377,28200.0,0,0,0,0,0,0,0,inf,inf,NA,2,6,6,6,25,7,0,0,CONTINUE,0,A,1,1,0,KEEP_STRUCTURAL_IN_ON_CUT,2,3,1,0,"tail_cont_enabled=1 tail_active_dims=(1,) tail_delta=0.1 tail_start=(6, 6, 6) returned_y=(6, 0, 1) returned_b=(1, 0, 0) returned_u=(0, 0, 0) returned_zcap=(6, 0, 1) max_tail_u=0",NA
120,P1_no_rho,33,264.1619054999901,5.71030559996143,7.414892100030556,0.20749709999654442,0.01,46322.45732039986,46322.45732039986,-70396.79569855072,-52888.90774570813,0.0,-24203.570296493082,-87724.04352724049,-87724.02843707528,-50413.12664293174,-24203.570296493082,26209.556346438658,26209.55634643865,-29631.588168653485,44732.5,nan,nan,1.5000000000000002,10.0,0.0,0.0,10.0,0.85,CORE,MAIN,1.1968124747054403,0.22266939132144947,0.6,0.174,-50413.12664293174,STRUCTURAL,-0.8657752978769618,-196200.73404162377,28200.0,0,0,0,0,0,0,0,inf,inf,NA,1,5,5,5,26,6,0,0,CONTINUE,0,A,1,1,0,KEEP_STRUCTURAL_IN_ON_CUT,2,3,0,0,"tail_cont_enabled=1 tail_active_dims=(1,) tail_delta=0.1 tail_start=(6, 6, 6) returned_y=(0, 6, 0) returned_b=(0, 1, 0) returned_u=(0, 0.1, 0) returned_zcap=(0, 6.1, 0) max_tail_u=0.1",NA
120,P1_no_rho,34,271.0231396999443,5.71030559996143,6.860924999928102,0.1728692000033334,0.01,41292.084924938696,41292.084924938696,-70396.79569855072,-53643.463605027304,0.0,-24203.570296493082,-78324.23370750592,-78324.2187135026,-50413.12664293174,-24203.570296493082,26209.556346438658,26209.55634643865,-28390.195167304144,38631.5,nan,nan,1.5000000000000002,10.0,0.0,0.0,10.0,0.85,CORE,MAIN,1.194627452301946,0.25540623306730637,0.6,0.174,-50413.12664293174,STRUCTURAL,-0.8617151555284926,-196200.73404162377,28200.0,0,0,0,0,0,0,0,inf,inf,NA,1,5,5,5,26,6,0,0,CONTINUE,0,A,1,1,0,KEEP_STRUCTURAL_IN_ON_CUT,2,3,0,0,"tail_cont_enabled=1 tail_active_dims=(1,) tail_delta=0.1 tail_start=(6, 6, 6) returned_y=(6, 0, 1) returned_b=(1, 0, 0) returned_u=(0, 0, 0) returned_zcap=(6, 0, 1) max_tail_u=0",NA
120,P1_no_rho,35,291.75031909998506,5.71030559996143,20.726879699970596,0.18229440005961806,0.01,44853.12397071327,44853.12397071327,-70396.79569855072,-53109.30774816111,0.0,-24203.570296493082,-74003.63284140755,-74003.61852323086,-50413.12664293174,-24203.570296493082,26209.556346438658,26209.55634643865,-25562.68414245556,37071.5,nan,nan,1.5000000000000002,10.0,0.0,0.0,10.0,0.85,CORE,MAIN,1.1938506124339054,0.26998360273527944,0.6,0.174,-50413.12664293174,STRUCTURAL,-0.8711262358914582,-196200.73404162377,28200.0,0,0,0,0,0,0,0,inf,inf,NA,1,5,5,5,26,6,0,0,CONTINUE,0,A,1,1,0,KEEP_STRUCTURAL_IN_ON_CUT,2,3,0,0,"tail_cont_enabled=1 tail_active_dims=(1,) tail_delta=0.1 tail_start=(6, 6, 6) returned_y=(3, 0, 5) returned_b=(0, 0, 0) returned_u=(0, 0, 0) returned_zcap=(3, 0, 5) max_tail_u=0",NA
120,P1_no_rho,36,298.04203669994604,5.71030559996143,6.2911747000180185,0.1578270000172779,0.01,41677.44146436881,41677.44146436881,-70396.79569855072,-53585.66012411279,0.0,-24203.570296493082,-72807.10464951233,-72807.09068269754,-50413.12664293174,-24203.570296493082,26209.556346438658,26209.55634643865,-25556.585053744006,36346.5,nan,nan,1.5000000000000002,10.0,0.0,0.0,10.0,0.85,CORE,MAIN,1.198217473603822,0.2528919810249596,0.6,0.174,-50413.12664293174,STRUCTURAL,-0.8666676870116524,-196200.73404162377,28200.0,0,0,0,0,0,0,0,inf,inf,NA,1,5,5,5,26,6,0,0,CONTINUE,0,A,1,1,0,KEEP_STRUCTURAL_IN_ON_CUT,2,3,0,0,"tail_cont_enabled=1 tail_active_dims=(1,) tail_delta=0.1 tail_start=(6, 6, 6) returned_y=(3, 0, 5) returned_b=(0, 0, 0) returned_u=(0, 0, 0) returned_zcap=(3, 0, 5) max_tail_u=0",NA
120,P1_no_rho,37,304.3532465000171,5.71030559996143,6.310447300085798,0.20952519995626062,0.01,72858.70208865879,72858.70208865879,-70396.79569855072,-48908.471030469285,0.0,-24203.570296493082,-64769.663545397234,-64769.65068244559,-50413.12664293174,-24203.570296493082,26209.556346438658,26209.55634643865,-19081.944229546833,34443.5,nan,nan,1.5000000000000002,10.0,0.0,0.0,10.0,0.85,CORE,MAIN,1.1990447857456246,0.273936785807797,0.6,0.174,-50413.12664293174,STRUCTURAL,-0.8843024364132326,-196200.73404162377,28200.0,0,0,0,0,0,0,0,inf,inf,NA,2,6,6,6,26,6,0,0,CONTINUE,0,A,1,1,0,KEEP_STRUCTURAL_IN_ON_CUT,2,3,0,0,"tail_cont_enabled=1 tail_active_dims=(1,) tail_delta=0.1 tail_start=(6, 6, 6) returned_y=(0, 6, 1) returned_b=(0, 1, 0) returned_u=(0, 0, 0) returned_zcap=(0, 6, 1) max_tail_u=0",NA
120,P1_no_rho,38,307.9045461999485,5.71030559996143,3.550801199977286,0.1615000000456348,0.01,58211.10188436218,58211.10188436218,-70396.79569855072,-51105.61106111378,0.0,-24203.570296493082,-72492.72846249331,-72492.71447929138,-50413.12664293174,-24203.570296493082,26209.556346438658,26209.55634643865,-25457.16329170341,38469.0,nan,nan,1.5000000000000002,10.0,0.0,0.0,10.0,0.85,CORE,MAIN,1.199616746739253,0.2590810651365536,0.6,0.174,-50413.12664293174,STRUCTURAL,-0.815124753049433,-196200.73404162377,28200.0,0,0,0,0,0,0,0,inf,inf,NA,1,5,5,5,26,6,0,0,CONTINUE,0,A,1,1,0,KEEP_STRUCTURAL_IN_ON_CUT,2,3,0,0,"tail_cont_enabled=1 tail_active_dims=(1,) tail_delta=0.1 tail_start=(6, 6, 6) returned_y=(3, 0, 5) returned_b=(0, 0, 0) returned_u=(0, 0, 0) returned_zcap=(3, 0, 5) max_tail_u=0",NA
120,P1_no_rho,39,314.53104109992273,5.71030559996143,6.626029399922118,0.17374889994971454,0.01,45772.1741271818,45772.1741271818,-70396.79569855072,-52971.45022469084,0.0,-24203.570296493082,-74089.48396711556,-74089.46955120043,-50413.12664293174,-24203.570296493082,26209.556346438658,26209.55634643865,-25224.760110465755,38218.5,nan,nan,1.5000000000000002,10.0,0.0,0.0,10.0,0.85,CORE,MAIN,1.2003051152996485,0.26521684689007463,0.6,0.174,-50413.12664293174,STRUCTURAL,-0.852374451129421,-196200.73404162377,28200.0,0,0,0,0,0,0,0,inf,inf,NA,1,5,5,5,26,6,0,0,CONTINUE,0,A,1,1,0,KEEP_STRUCTURAL_IN_ON_CUT,2,3,0,0,"tail_cont_enabled=1 tail_active_dims=(1,) tail_delta=0.1 tail_start=(6, 6, 6) returned_y=(3, 0, 5) returned_b=(0, 0, 0) returned_u=(0, 0, 0) returned_zcap=(3, 0, 5) max_tail_u=0",NA
120,P1_no_rho,40,328.7953949000221,5.71030559996143,14.263607599888928,0.17939259996637702,0.01,27206.570744953173,27206.570744953173,-70396.79569855072,-55756.29073202513,0.0,-24203.570296493082,-66729.21749795608,-66729.20453412917,-50413.12664293174,-24203.570296493082,26209.556346438658,26209.55634643865,-22270.578521687024,35054.5,nan,nan,1.5000000000000002,10.0,0.0,0.0,10.0,0.85,CORE,MAIN,1.2024837555808903,0.2600596757923639,0.6,0.174,-50413.12664293174,STRUCTURAL,-0.8455143849803809,-196200.73404162377,28200.0,0,0,0,0,0,0,0,inf,inf,NA,1,5,5,5,26,6,0,0,CONTINUE,0,A,1,1,0,KEEP_STRUCTURAL_IN_ON_CUT,2,3,0,0,"tail_cont_enabled=1 tail_active_dims=(1,) tail_delta=0.1 tail_start=(6, 6, 6) returned_y=(3, 0, 5) returned_b=(0, 0, 0) returned_u=(0, 0, 0) returned_zcap=(3, 0, 5) max_tail_u=0",NA
120,P1_no_rho,41,335.4292401999701,5.71030559996143,6.633353600045666,0.1691813999786973,0.01,31570.596468910444,31570.596468910444,-70396.79569855072,-55101.686873431536,0.0,-24203.570296493082,-70434.68394139322,-70434.67016941859,-50413.12664293174,-24203.570296493082,26209.556346438658,26209.55634643865,-24725.83684052654,36787.0,nan,nan,1.5000000000000002,10.0,0.0,0.0,10.0,0.85,CORE,MAIN,1.203954810825172,0.2561176519145284,0.6,0.174,-50413.12664293174,STRUCTURAL,-0.8283511988635853,-196200.73404162377,28200.0,0,0,0,0,0,0,0,inf,inf,NA,1,5,5,5,26,6,0,0,CONTINUE,0,A,1,1,0,KEEP_STRUCTURAL_IN_ON_CUT,2,3,0,0,"tail_cont_enabled=1 tail_active_dims=(1,) tail_delta=0.1 tail_start=(6, 6, 6) returned_y=(3, 0, 5) returned_b=(0, 0, 0) returned_u=(0, 0, 0) returned_zcap=(3, 0, 5) max_tail_u=0",NA
120,P1_no_rho,42,338.7600106999744,5.71030559996143,3.330285600037314,0.1594060999341309,0.01,39247.073424983006,39247.073424983006,-70396.79569855072,-53950.215330020656,0.0,-24203.570296493082,-79428.66650400952,-79428.65124179267,-50413.12664293174,-24203.570296493082,26209.556346438658,26209.55634643865,-28382.333669532047,38974.0,nan,nan,1.5000000000000002,10.0,0.0,0.0,10.0,0.85,CORE,MAIN,1.2029431851690622,0.25921885777364195,0.6,0.174,-50413.12664293174,STRUCTURAL,-0.8731687376586207,-196200.73404162377,28200.0,0,0,0,0,0,0,0,inf,inf,NA,1,5,5,5,26,6,0,0,CONTINUE,0,A,1,1,0,KEEP_STRUCTURAL_IN_ON_CUT,2,3,0,0,"tail_cont_enabled=1 tail_active_dims=(1,) tail_delta=0.1 tail_start=(6, 6, 6) returned_y=(6, 0, 1) returned_b=(1, 0, 0) returned_u=(0, 0, 0) returned_zcap=(6, 0, 1) max_tail_u=0",NA
120,P1_no_rho,43,345.49245379993226,5.71030559996143,6.731941799982451,0.15441840002313256,0.01,36661.8945689818,36661.8945689818,-70396.79569855072,-54337.992158420835,0.0,-24203.570296493082,-75030.45301776956,-75030.43863644227,-50413.12664293174,-24203.570296493082,26209.556346438658,26209.55634643865,-26719.2591437625,36945.5,nan,nan,1.5000000000000002,10.0,0.0,0.0,10.0,0.85,CORE,MAIN,1.2030853599947697,0.2391401310436968,0.6,0.174,-50413.12664293174,STRUCTURAL,-0.8717557752668075,-196200.73404162377,28200.0,0,0,0,0,0,0,0,inf,inf,NA,1,5,5,5,26,6,0,0,CONTINUE,0,A,1,1,0,KEEP_STRUCTURAL_IN_ON_CUT,2,3,0,0,"tail_cont_enabled=1 tail_active_dims=(1,) tail_delta=0.1 tail_start=(6, 6, 6) returned_y=(3, 0, 5) returned_b=(0, 0, 0) returned_u=(0, 0, 0) returned_zcap=(3, 0, 5) max_tail_u=0",NA
120,P1_no_rho,44,353.65393059991766,5.71030559996143,8.160999299958348,0.17534560000058264,0.01,75323.27438776725,75323.27438776725,-70396.79569855072,-48538.78518560302,0.0,-24203.570296493082,-69380.43356561806,-69380.41995686776,-50413.12664293174,-24203.570296493082,26209.556346438658,26209.55634643865,-21951.502688642395,36294.0,nan,nan,1.5000000000000002,10.0,0.0,0.0,10.0,0.85,CORE,MAIN,1.2042437024423642,0.24450506968877828,0.6,0.174,-50413.12664293174,STRUCTURAL,-0.8711984950354581,-196200.73404162377,28200.0,0,0,0,0,0,0,0,inf,inf,NA,2,6,6,6,26,6,0,0,CONTINUE,0,A,1,1,0,KEEP_STRUCTURAL_IN_ON_CUT,2,3,0,0,"tail_cont_enabled=1 tail_active_dims=(1,) tail_delta=0.1 tail_start=(6, 6, 6) returned_y=(6, 0, 1) returned_b=(1, 0, 0) returned_u=(0, 0, 0) returned_zcap=(6, 0, 1) max_tail_u=0",NA
120,P1_no_rho,45,369.2266133999219,5.71030559996143,15.571552700013854,0.17095229995902628,0.01,46765.46723442744,46765.46723442744,-70396.79569855072,-52822.45625860399,0.0,-24203.570296493082,-80826.22911201054,-80826.21465636058,-50413.12664293174,-24203.570296493082,26209.556346438658,26209.55634643865,-27132.484080672457,40629.5,nan,nan,1.5000000000000002,10.0,0.0,0.0,10.0,0.85,CORE,MAIN,1.203168041959291,0.23142945504264656,0.6,0.174,-50413.12664293174,STRUCTURAL,-0.8810302953221695,-196200.73404162377,28200.0,0,0,0,0,0,0,0,inf,inf,NA,1,5,5,5,26,6,0,0,CONTINUE,0,A,1,1,0,KEEP_STRUCTURAL_IN_ON_CUT,2,3,0,0,"tail_cont_enabled=1 tail_active_dims=(1,) tail_delta=0.1 tail_start=(6, 6, 6) returned_y=(0, 6, 1) returned_b=(0, 1, 0) returned_u=(0, 0, 0) returned_zcap=(0, 6, 1) max_tail_u=0",NA
120,P1_no_rho,46,375.97209749999456,5.71030559996143,6.744969299994409,0.17080319998785853,0.01,37360.87171991434,37360.87171991434,-70396.79569855072,-54233.145585780956,0.0,-24203.570296493082,-69304.13865508308,-69304.12500715195,-50413.12664293174,-24203.570296493082,26209.556346438658,26209.55634643865,-23068.059156666008,36520.0,nan,nan,1.5000000000000002,10.0,0.0,0.0,10.0,0.85,CORE,MAIN,1.2054692730330445,0.2510681764819216,0.6,0.174,-50413.12664293174,STRUCTURAL,-0.8440318702169757,-196200.73404162377,28200.0,0,0,0,0,0,0,0,inf,inf,NA,1,5,5,5,26,6,0,0,CONTINUE,0,A,1,1,0,KEEP_STRUCTURAL_IN_ON_CUT,2,3,0,0,"tail_cont_enabled=1 tail_active_dims=(1,) tail_delta=0.1 tail_start=(6, 6, 6) returned_y=(3, 0, 5) returned_b=(0, 0, 0) returned_u=(0, 0, 0) returned_zcap=(3, 0, 5) max_tail_u=0",NA
120,P1_no_rho,47,384.81198809994385,5.71030559996143,8.839248899952509,0.1654229999985546,0.01,56340.66884991646,56340.66884991646,-70396.79569855072,-51386.17601628064,0.0,-24203.570296493082,-70817.80722874828,-70817.79346000223,-50413.12664293174,-24203.570296493082,26209.556346438658,26209.55634643865,-24489.977532527868,36689.5,nan,nan,1.5000000000000002,10.0,0.0,0.0,10.0,0.85,CORE,MAIN,1.2072984306762662,0.2557709871204956,0.6,0.174,-50413.12664293174,STRUCTURAL,-0.8417997143138017,-196200.73404162377,28200.0,0,0,0,0,0,0,0,inf,inf,NA,1,5,5,5,26,6,0,0,CONTINUE,0,A,1,1,0,KEEP_STRUCTURAL_IN_ON_CUT,2,3,0,0,"tail_cont_enabled=1 tail_active_dims=(1,) tail_delta=0.1 tail_start=(6, 6, 6) returned_y=(3, 0, 5) returned_b=(0, 0, 0) returned_u=(0, 0, 0) returned_zcap=(3, 0, 5) max_tail_u=0",NA
120,P1_no_rho,48,393.3362617000239,5.71030559996143,8.523822899907827,0.16478970006573945,0.01,54300.85817099082,54300.85817099082,-70396.79569855072,-51692.14761811948,0.0,-24203.570296493082,-71285.7211087119,-71285.70708577902,-50413.12664293174,-24203.570296493082,26209.556346438658,26209.55634643865,-23918.070595692636,35856.5,nan,nan,1.5000000000000002,10.0,0.0,0.0,10.0,0.85,CORE,MAIN,1.2090862073381416,0.2714062536274672,0.6,0.174,-50413.12664293174,STRUCTURAL,-0.8806889776393192,-196200.73404162377,28200.0,0,0,0,0,0,0,0,inf,inf,NA,1,5,5,5,26,6,0,0,CONTINUE,0,A,1,1,0,KEEP_STRUCTURAL_IN_ON_CUT,2,3,0,0,"tail_cont_enabled=1 tail_active_dims=(1,) tail_delta=0.1 tail_start=(6, 6, 6) returned_y=(0, 3, 5) returned_b=(0, 0, 0) returned_u=(0, 0, 0) returned_zcap=(0, 3, 5) max_tail_u=0",NA
120,P1_no_rho,49,400.32413059996907,5.71030559996143,6.9875448000384495,0.17927459999918938,0.01,37983.612319676824,37983.612319676824,-70396.79569855072,-54139.73449581658,0.0,-24203.570296493082,-74068.3711836451,-74068.3567779575,-50413.12664293174,-24203.570296493082,26209.556346438658,26209.55634643865,-25783.074939182894,36781.5,nan,nan,1.5000000000000002,10.0,0.0,0.0,10.0,0.85,CORE,MAIN,1.209917235236616,0.23724645402408145,0.6,0.174,-50413.12664293174,STRUCTURAL,-0.8751733314986173,-196200.73404162377,28200.0,0,0,0,0,0,0,0,inf,inf,NA,1,5,5,5,26,6,0,0,CONTINUE,0,A,1,1,0,KEEP_STRUCTURAL_IN_ON_CUT,2,3,0,0,"tail_cont_enabled=1 tail_active_dims=(1,) tail_delta=0.1 tail_start=(6, 6, 6) returned_y=(0, 3, 5) returned_b=(0, 0, 0) returned_u=(0, 0, 0) returned_zcap=(0, 3, 5) max_tail_u=0",NA
120,P1_no_rho,50,418.2356893999968,5.71030559996143,17.911164000048302,0.18613129993900657,0.01,35706.985985691324,35706.985985691324,-70396.79569855072,-54481.22844591441,0.0,-24203.570296493082,-76012.68653262779,-76012.67194894401,-50413.12664293174,-24203.570296493082,26209.556346438658,26209.55634643865,-27237.34432340672,37951.0,nan,nan,1.5000000000000002,10.0,0.0,0.0,10.0,0.85,CORE,MAIN,1.2095484054106815,0.2431399274232593,0.6,0.174,-50413.12664293174,STRUCTURAL,-0.8568123391660698,-196200.73404162377,28200.0,0,0,0,0,0,0,0,inf,inf,NA,1,5,5,5,26,6,0,0,CONTINUE,0,A,1,1,0,KEEP_STRUCTURAL_IN_ON_CUT,2,3,0,0,"tail_cont_enabled=1 tail_active_dims=(1,) tail_delta=0.1 tail_start=(6, 6, 6) returned_y=(0, 3, 5) returned_b=(0, 0, 0) returned_u=(0, 0, 0) returned_zcap=(0, 3, 5) max_tail_u=0",NA
120,P1_no_rho,51,426.535486400011,5.71030559996143,8.29931580007542,0.16456470009870827,0.01,71257.03282005539,71257.03282005539,-70396.79569855072,-49148.72142075979,0.0,-24203.570296493082,-75639.65802570799,-75639.64382167181,-50413.12664293174,-24203.570296493082,26209.556346438658,26209.55634643865,-24750.75641901549,37242.5,nan,nan,1.5000000000000002,10.0,0.0,0.0,10.0,0.85,CORE,MAIN,1.2093496138516837,0.2358382358258354,0.6,0.174,-50413.12664293174,STRUCTURAL,-0.9109464975526406,-196200.73404162377,28200.0,0,0,0,0,0,0,0,inf,inf,NA,1,5,5,5,26,6,0,0,CONTINUE,0,A,1,1,0,KEEP_STRUCTURAL_IN_ON_CUT,2,3,0,0,"tail_cont_enabled=1 tail_active_dims=(1,) tail_delta=0.1 tail_start=(6, 6, 6) returned_y=(5, 1, 1) returned_b=(0, 0, 0) returned_u=(0, 0, 0) returned_zcap=(5, 1, 1) max_tail_u=0",NA
120,P1_no_rho,52,433.51013419998344,5.71030559996143,6.973143200040795,0.1928146000718698,0.01,56377.00466521589,56377.00466521589,-70396.79569855072,-51380.72564398572,0.0,-24203.570296493082,-90330.04448589424,-90330.02914027576,-50413.12664293174,-24203.570296493082,26209.556346438658,26209.55634643865,-30236.209083211543,45666.0,nan,nan,1.5000000000000002,10.0,0.0,0.0,10.0,0.85,CORE,MAIN,1.206867500071768,0.20676771072427802,0.6,0.174,-50413.12664293174,STRUCTURAL,-0.8772948518527892,-196200.73404162377,28200.0,0,0,0,0,0,0,0,inf,inf,NA,2,6,6,6,26,6,0,0,CONTINUE,0,A,1,1,0,KEEP_STRUCTURAL_IN_ON_CUT,2,3,0,0,"tail_cont_enabled=1 tail_active_dims=(1,) tail_delta=0.1 tail_start=(6, 6, 6) returned_y=(0, 6, 0) returned_b=(0, 1, 0) returned_u=(0, 0.1, 0) returned_zcap=(0, 6.1, 0) max_tail_u=0.1",NA
120,P1_no_rho,53,441.9439821999986,5.71030559996143,8.433110499987379,0.18632859992794693,0.01,58031.52308565881,58031.52308565881,-70396.79569855072,-51132.54788091929,0.0,-24203.570296493082,-70420.59738135358,-70420.58349895656,-50413.12664293174,-24203.570296493082,26209.556346438658,26209.55634643865,-22933.715501941628,35722.0,nan,nan,1.5000000000000002,10.0,0.0,0.0,10.0,0.85,CORE,MAIN,1.2067738245076411,0.2502198728865044,0.6,0.174,-50413.12664293174,STRUCTURAL,-0.8862301102404668,-196200.73404162377,28200.0,0,0,0,0,0,0,0,inf,inf,NA,1,5,5,5,26,6,0,0,CONTINUE,0,A,1,1,0,KEEP_STRUCTURAL_IN_ON_CUT,2,3,0,0,"tail_cont_enabled=1 tail_active_dims=(1,) tail_delta=0.1 tail_start=(6, 6, 6) returned_y=(0, 3, 5) returned_b=(0, 0, 0) returned_u=(0, 0, 0) returned_zcap=(0, 3, 5) max_tail_u=0",NA
120,P1_no_rho,54,448.3307113000192,5.71030559996143,6.3863186000380665,0.16446170001290739,0.01,51482.001987956624,51482.001987956624,-70396.79569855072,-52114.976045574615,0.0,-24203.570296493082,-71503.86606965507,-71503.85212236216,-50413.12664293174,-24203.570296493082,26209.556346438658,26209.55634643865,-24049.701294249728,36166.0,nan,nan,1.5000000000000002,10.0,0.0,0.0,10.0,0.85,CORE,MAIN,1.2074426156796898,0.2463508951085306,0.6,0.174,-50413.12664293174,STRUCTURAL,-0.874747015209726,-196200.73404162377,28200.0,0,0,0,0,0,0,0,inf,inf,NA,1,5,5,5,26,6,0,0,CONTINUE,0,A,1,1,0,KEEP_STRUCTURAL_IN_ON_CUT,2,3,0,0,"tail_cont_enabled=1 tail_active_dims=(1,) tail_delta=0.1 tail_start=(6, 6, 6) returned_y=(0, 3, 5) returned_b=(0, 0, 0) returned_u=(0, 0, 0) returned_zcap=(0, 3, 5) max_tail_u=0",NA
120,P1_no_rho,55,466.4132865999127,5.71030559996143,18.082021199981682,0.21437880001030862,0.01,57310.84307942003,57310.84307942003,-70396.79569855072,-51240.649881855104,0.0,-24203.570296493082,-71250.25127971216,-71250.2372583382,-50413.12664293174,-24203.570296493082,26209.556346438658,26209.55634643865,-23705.33118208776,35963.5,nan,nan,1.5000000000000007,10.000000000000004,0.0,0.0,10.0,0.85,CORE,MAIN,1.2085465588017512,0.2362627741457557,0.6,0.174,-50413.12664293174,STRUCTURAL,-0.8813548194929197,-196200.73404162377,28200.0,0,0,0,0,0,0,0,inf,inf,NA,1,5,5,5,26,6,0,0,CONTINUE,0,A,1,1,0,KEEP_STRUCTURAL_IN_ON_CUT,2,3,0,0,"tail_cont_enabled=1 tail_active_dims=(1,) tail_delta=0.1 tail_start=(6, 6, 6) returned_y=(0, 3, 5) returned_b=(0, 0, 0) returned_u=(0, 0, 0) returned_zcap=(0, 3, 5) max_tail_u=0",NA
120,P1_no_rho,56,474.790914400015,5.71030559996143,8.377199800102971,0.1864449999993667,0.01,42078.797461747665,42078.797461747665,-70396.79569855072,-53525.45672450596,0.0,-24203.570296493082,-72758.02390555982,-72758.00995553356,-50413.12664293174,-24203.570296493082,26209.556346438658,26209.55634643865,-24448.370677247105,37399.0,nan,nan,1.5000000000000002,10.0,0.0,0.0,10.0,0.85,CORE,MAIN,1.2095148088065717,0.24884442944091945,0.6,0.174,-50413.12664293174,STRUCTURAL,-0.8611574155866277,-196200.73404162377,28200.0,0,0,0,0,0,0,0,inf,inf,NA,2,6,6,6,26,6,0,0,CONTINUE,0,A,1,1,0,KEEP_STRUCTURAL_IN_ON_CUT,2,3,0,0,"tail_cont_enabled=1 tail_active_dims=(1,) tail_delta=0.1 tail_start=(6, 6, 6) returned_y=(0, 6, 1) returned_b=(0, 1, 0) returned_u=(0, 0, 0) returned_zcap=(0, 6, 1) max_tail_u=0",NA
120,P1_no_rho,57,481.0878910999745,5.71030559996143,6.296476499992423,0.1646580999949947,0.01,40235.88348466472,40235.88348466472,-70396.79569855072,-53801.8938210684,0.0,-24203.570296493082,-78049.4402454258,-78049.42530088362,-50413.12664293174,-24203.570296493082,26209.556346438658,26209.55634643865,-27886.86948340504,38608.0,nan,nan,1.5000000000000002,10.0,0.0,0.0,10.0,0.85,CORE,MAIN,1.209225607150055,0.2627570156184392,0.6,0.174,-50413.12664293174,STRUCTURAL,-0.8661858650621388,-196200.73404162377,28200.0,0,0,0,0,0,0,0,inf,inf,NA,1,5,5,5,26,6,0,0,CONTINUE,0,A,1,1,0,KEEP_STRUCTURAL_IN_ON_CUT,2,3,0,0,"tail_cont_enabled=1 tail_active_dims=(1,) tail_delta=0.1 tail_start=(6, 6, 6) returned_y=(0, 3, 5) returned_b=(0, 0, 0) returned_u=(0, 0, 0) returned_zcap=(0, 3, 5) max_tail_u=0",NA
120,P1_no_rho,58,487.653436099994,5.71030559996143,6.5650312000652775,0.16275760007556528,0.01,60633.10126620589,60633.10126620589,-70396.79569855072,-50742.31115383722,0.0,-24203.570296493082,-80710.39252772575,-80710.37759454621,-50413.12664293174,-24203.570296493082,26209.556346438658,26209.55634643865,-27277.932198412786,41671.5,nan,nan,1.5000000000000002,10.0,0.0,0.0,10.0,0.85,CORE,MAIN,1.2086445739485931,0.2553402893314122,0.6,0.174,-50413.12664293174,STRUCTURAL,-0.8548199672219369,-196200.73404162377,28200.0,0,0,0,0,0,0,0,inf,inf,NA,1,5,5,5,26,6,0,0,CONTINUE,0,A,1,1,0,KEEP_STRUCTURAL_IN_ON_CUT,2,3,0,0,"tail_cont_enabled=1 tail_active_dims=(1,) tail_delta=0.1 tail_start=(6, 6, 6) returned_y=(6, 0, 1) returned_b=(1, 0, 0) returned_u=(0, 0, 0) returned_zcap=(6, 0, 1) max_tail_u=0",NA
120,P1_no_rho,59,495.96000359999016,5.71030559996143,8.305769499973394,0.1581494000274688,0.01,37116.34966054588,37116.34966054588,-70396.79569855072,-54269.823894686226,0.0,-24203.570296493082,-64455.10968670532,-64455.09714398567,-50413.12664293174,-24203.570296493082,26209.556346438658,26209.55634643865,-20247.028140717466,34692.5,nan,nan,1.5000000000000002,10.0,0.0,0.0,10.0,0.85,CORE,MAIN,1.2061541150703727,0.262819950127793,0.6,0.174,-50413.12664293174,STRUCTURAL,-0.8495221157938689,-196200.73404162377,28200.0,0,0,0,0,0,0,0,inf,inf,NA,1,5,5,5,26,6,0,0,CONTINUE,0,A,1,1,0,KEEP_STRUCTURAL_IN_ON_CUT,2,3,0,0,"tail_cont_enabled=1 tail_active_dims=(1,) tail_delta=0.1 tail_start=(6, 6, 6) returned_y=(6, 0, 1) returned_b=(1, 0, 0) returned_u=(0, 0, 0) returned_zcap=(6, 0, 1) max_tail_u=0",NA
120,P1_no_rho,60,511.4083612000104,5.71030559996143,15.44716080010403,0.17060359998140484,0.01,53985.664857097,53985.664857097,-70396.79569855072,-51739.426615203556,0.0,-24203.570296493082,-75860.68564730037,-75860.67098529723,-50413.12664293174,-24203.570296493082,26209.556346438658,26209.55634643865,-26254.468100568723,38408.5,nan,nan,1.5000000000000002,10.0,0.0,0.0,10.0,0.85,CORE,MAIN,1.2034219799144306,0.26368625805506396,0.6,0.174,-50413.12664293174,STRUCTURAL,-0.8610282079006557,-196200.73404162377,28200.0,0,0,0,0,0,0,0,inf,inf,NA,1,5,5,5,26,6,0,0,CONTINUE,0,A,1,1,0,KEEP_STRUCTURAL_IN_ON_CUT,2,3,0,0,"tail_cont_enabled=1 tail_active_dims=(1,) tail_delta=0.1 tail_start=(6, 6, 6) returned_y=(3, 0, 5) returned_b=(0, 0, 0) returned_u=(0, 0, 0) returned_zcap=(3, 0, 5) max_tail_u=0",NA
120,P1_no_rho,61,516.4526638999814,5.71030559996143,5.043766399961896,0.1929550999775529,0.01,53654.39483037844,53654.39483037844,-70396.79569855072,-51789.11711921134,0.0,-24203.570296493082,-75772.23761563869,-75772.22328454937,-50413.12664293174,-24203.570296493082,26209.556346438658,26209.55634643865,-25672.86894018707,39618.5,nan,nan,1.5000000000000002,10.0,0.0,0.0,10.0,0.85,CORE,MAIN,1.2009755405110898,0.252240530993904,0.6,0.174,-50413.12664293174,STRUCTURAL,-0.8430296342089729,-196200.73404162377,28200.0,0,0,0,0,0,0,0,inf,inf,NA,2,6,6,6,26,7,0,0,CONTINUE,0,A,1,1,0,KEEP_STRUCTURAL_IN_ON_CUT,2,3,1,0,"tail_cont_enabled=1 tail_active_dims=(1,) tail_delta=0.1 tail_start=(6, 6, 6) returned_y=(2, 0, 6) returned_b=(0, 0, 1) returned_u=(0, 0, 0) returned_zcap=(2, 0, 6) max_tail_u=0",NA
120,P1_no_rho,62,522.8442678999854,5.71030559996143,6.391048000077717,0.17201090010348707,0.01,58274.27380038205,58274.27380038205,-70396.79569855072,-51096.135273710795,0.0,-24203.570296493082,-72747.22148382917,-72747.20748322723,-50413.12664293174,-24203.570296493082,26209.556346438658,26209.55634643865,-23813.70110745322,38158.5,nan,nan,1.5000000000000002,10.0,0.0,0.0,10.0,0.85,CORE,MAIN,1.1997147123853644,0.24398978847993358,0.6,0.174,-50413.12664293174,STRUCTURAL,-0.8549166655882527,-196200.73404162377,28200.0,0,0,0,0,0,0,0,inf,inf,NA,1,5,5,5,27,6,0,0,CONTINUE,0,A,1,1,0,KEEP_STRUCTURAL_IN_ON_CUT,2,3,0,0,"tail_cont_enabled=1 tail_active_dims=(1,) tail_delta=0.1 tail_start=(6, 6, 6) returned_y=(2, 0, 6) returned_b=(0, 0, 1) returned_u=(0, 0, 0) returned_zcap=(2, 0, 6) max_tail_u=0",NA
120,P1_no_rho,63,532.2147678999463,5.71030559996143,9.370015099993907,0.18189719994552433,0.01,50301.793735707986,50301.793735707986,-70396.79569855072,-52292.007283411906,0.0,-24203.570296493082,-75261.87258908481,-75261.85823577119,-50413.12664293174,-24203.570296493082,26209.556346438658,26209.55634643865,-25683.37362104727,37666.5,nan,nan,1.5000000000000002,10.0,0.0,0.0,10.0,0.85,CORE,MAIN,1.1987860565703112,0.2563678550052274,0.6,0.174,-50413.12664293174,STRUCTURAL,-0.8774991856552268,-196200.73404162377,28200.0,0,0,0,0,0,0,0,inf,inf,NA,2,6,6,6,27,6,0,0,CONTINUE,0,A,1,1,0,KEEP_STRUCTURAL_IN_ON_CUT,2,3,0,0,"tail_cont_enabled=1 tail_active_dims=(1,) tail_delta=0.1 tail_start=(6, 6, 6) returned_y=(0, 3, 5) returned_b=(0, 0, 0) returned_u=(0, 0, 0) returned_zcap=(0, 3, 5) max_tail_u=0",NA
120,P1_no_rho,64,540.0594670999562,5.71030559996143,7.843989999964833,0.15120560000650585,0.01,41055.83539654786,41055.83539654786,-70396.79569855072,-53678.901034285926,0.0,-24203.570296493082,-78547.72289510742,-78547.70811583649,-50413.12664293174,-24203.570296493082,26209.556346438658,26209.55634643865,-28005.552415262428,36867.5,nan,nan,1.5000000000000002,10.0,0.0,0.0,10.0,0.85,CORE,MAIN,1.19756835434857,0.22696888958522743,0.6,0.174,-50413.12664293174,STRUCTURAL,-0.913942373826524,-196200.73404162377,28200.0,0,0,0,0,0,0,0,inf,inf,NA,1,5,5,5,27,6,0,0,CONTINUE,0,A,1,1,0,KEEP_STRUCTURAL_IN_ON_CUT,2,3,0,0,"tail_cont_enabled=1 tail_active_dims=(1,) tail_delta=0.1 tail_start=(6, 6, 6) returned_y=(5, 1, 1) returned_b=(0, 0, 0) returned_u=(0, 0, 0) returned_zcap=(5, 1, 1) max_tail_u=0",NA
120,P1_no_rho,65,560.2433955000015,5.71030559996143,20.183225200045854,0.16777489997912198,0.01,26682.09733085976,26682.09733085976,-70396.79569855072,-55834.96174413914,0.0,-24203.570296493082,-68359.96660732913,-68359.95334767638,-50413.12664293174,-24203.570296493082,26209.556346438658,26209.55634643865,-21932.240407516438,35586.0,nan,nan,1.5000000000000002,10.0,0.0,0.0,10.0,0.85,CORE,MAIN,1.2010899421587764,0.2467119937180946,0.6,0.174,-50413.12664293174,STRUCTURAL,-0.8697748728930839,-196200.73404162377,28200.0,0,0,0,0,0,0,0,inf,inf,NA,1,5,5,5,27,6,0,0,CONTINUE,0,A,1,1,0,KEEP_STRUCTURAL_IN_ON_CUT,2,3,0,0,"tail_cont_enabled=1 tail_active_dims=(1,) tail_delta=0.1 tail_start=(6, 6, 6) returned_y=(0, 6, 1) returned_b=(0, 1, 0) returned_u=(0, 0, 0) returned_zcap=(0, 6, 1) max_tail_u=0",NA
120,P1_no_rho,66,567.3052202999825,5.71030559996143,7.06126139999833,0.18172260001301765,0.01,66447.6540770074,66447.6540770074,-70396.79569855072,-49870.12823221699,0.0,-24203.570296493082,-68569.78225166007,-68569.76892427483,-50413.12664293174,-24203.570296493082,26209.556346438658,26209.55634643865,-21710.178520145128,35542.0,nan,nan,1.5000000000000002,10.0,0.0,0.0,10.0,0.85,CORE,MAIN,1.20450245129083,0.26592886898751467,0.6,0.174,-50413.12664293174,STRUCTURAL,-0.8789524206878191,-196200.73404162377,28200.0,0,0,0,0,0,0,0,inf,inf,NA,1,5,5,5,27,6,0,0,CONTINUE,0,A,1,1,0,KEEP_STRUCTURAL_IN_ON_CUT,2,3,0,0,"tail_cont_enabled=1 tail_active_dims=(1,) tail_delta=0.1 tail_start=(6, 6, 6) returned_y=(0, 6, 1) returned_b=(0, 1, 0) returned_u=(0, 0, 0) returned_zcap=(0, 6, 1) max_tail_u=0",NA
120,P1_no_rho,67,575.7524685999379,5.71030559996143,8.446440699975938,0.1848755000391975,0.01,51389.17636777539,51389.17636777539,-70396.79569855072,-52128.899888601794,0.0,-24203.570296493082,-79140.40578283131,-79140.39069543488,-50413.12664293174,-24203.570296493082,26209.556346438658,26209.55634643865,-28044.175477857407,38771.0,nan,nan,1.5000000000000002,10.0,0.0,0.0,10.0,0.85,CORE,MAIN,1.205197270766516,0.24045455441487285,0.6,0.174,-50413.12664293174,STRUCTURAL,-0.8785985266922437,-196200.73404162377,28200.0,0,0,0,0,0,0,0,inf,inf,NA,1,5,5,5,27,6,0,0,CONTINUE,0,A,1,1,0,KEEP_STRUCTURAL_IN_ON_CUT,2,3,0,0,"tail_cont_enabled=1 tail_active_dims=(1,) tail_delta=0.1 tail_start=(6, 6, 6) returned_y=(0, 6, 1) returned_b=(0, 1, 0) returned_u=(0, 0, 0) returned_zcap=(0, 6, 1) max_tail_u=0",NA
120,P1_no_rho,68,583.9996883999556,5.71030559996143,8.246560100000352,0.16294740000739694,0.01,46058.816711114196,46058.816711114196,-70396.79569855072,-52928.45383710098,0.0,-24203.570296493082,-73218.71975200324,-73218.70559739604,-50413.12664293174,-24203.570296493082,26209.556346438658,26209.55634643865,-25218.440285137756,37153.5,nan,nan,1.5000000000000002,10.0,0.0,0.0,10.0,0.85,CORE,MAIN,1.205851158850327,0.2448622533406173,0.6,0.174,-50413.12664293174,STRUCTURAL,-0.8612964289996595,-196200.73404162377,28200.0,0,0,0,0,0,0,0,inf,inf,NA,1,5,5,5,27,6,0,0,CONTINUE,0,A,1,1,0,KEEP_STRUCTURAL_IN_ON_CUT,2,3,0,0,"tail_cont_enabled=1 tail_active_dims=(1,) tail_delta=0.1 tail_start=(6, 6, 6) returned_y=(0, 3, 5) returned_b=(0, 0, 0) returned_u=(0, 0, 0) returned_zcap=(0, 3, 5) max_tail_u=0",NA
120,P1_no_rho,69,591.2853484000079,5.71030559996143,7.285201600054279,0.16093600005842745,0.01,60484.33243402396,60484.33243402396,-70396.79569855072,-50764.62647866451,0.0,-24203.570296493082,-78593.29863151888,-78593.28390598847,-50413.12664293174,-24203.570296493082,26209.556346438658,26209.55634643865,-25523.786909921873,40047.5,nan,nan,1.5000000000000002,10.0,0.0,0.0,10.0,0.85,CORE,MAIN,1.205307573075736,0.22428253267310183,0.6,0.174,-50413.12664293174,STRUCTURAL,-0.8834425285983992,-196200.73404162377,28200.0,0,0,0,0,0,0,0,inf,inf,NA,1,5,5,5,27,6,0,0,CONTINUE,0,A,1,1,0,KEEP_STRUCTURAL_IN_ON_CUT,2,3,0,0,"tail_cont_enabled=1 tail_active_dims=(1,) tail_delta=0.1 tail_start=(6, 6, 6) returned_y=(2, 0, 6) returned_b=(0, 0, 1) returned_u=(0, 0, 0) returned_zcap=(2, 0, 6) max_tail_u=0",NA
120,P1_no_rho,70,614.0902519000228,5.71030559996143,22.80459659988992,0.16288590000476688,0.01,47086.86044556365,47086.86044556365,-70396.79569855072,-52774.24727693356,0.0,-24203.570296493082,-78538.62974586524,-78538.61496665668,-50413.12664293174,-24203.570296493082,26209.556346438658,26209.55634643865,-26493.151347856314,39434.0,nan,nan,1.5000000000000002,10.0,0.0,0.0,10.0,0.85,CORE,MAIN,1.2045066693682949,0.23477673154447753,0.6,0.174,-50413.12664293174,STRUCTURAL,-0.8798746195127787,-196200.73404162377,28200.0,0,0,0,0,0,0,0,inf,inf,NA,1,5,5,5,27,6,0,0,CONTINUE,0,A,1,1,0,KEEP_STRUCTURAL_IN_ON_CUT,2,3,0,0,"tail_cont_enabled=1 tail_active_dims=(1,) tail_delta=0.1 tail_start=(6, 6, 6) returned_y=(2, 0, 6) returned_b=(0, 0, 1) returned_u=(0, 0, 0) returned_zcap=(2, 0, 6) max_tail_u=0",NA
120,P1_no_rho,71,622.4289784999564,5.71030559996143,8.33818630001042,0.1631869999691844,0.01,32406.301525060433,32406.301525060433,-70396.79569855072,-54976.33111500904,0.0,-24203.570296493082,-76004.80220924596,-76004.78768375822,-50413.12664293174,-24203.570296493082,26209.556346438658,26209.55634643865,-27075.519355011533,35944.0,nan,nan,1.5000000000000002,10.0,0.0,0.0,10.0,0.85,CORE,MAIN,1.203812757736499,0.24667121640557244,0.6,0.174,-50413.12664293174,STRUCTURAL,-0.9075092426876376,-196200.73404162377,28200.0,0,0,0,0,0,0,0,inf,inf,NA,1,5,5,5,27,6,0,0,CONTINUE,0,A,1,1,0,KEEP_STRUCTURAL_IN_ON_CUT,2,3,0,0,"tail_cont_enabled=1 tail_active_dims=(1,) tail_delta=0.1 tail_start=(6, 6, 6) returned_y=(5, 1, 1) returned_b=(0, 0, 0) returned_u=(0, 0, 0) returned_zcap=(5, 1, 1) max_tail_u=0",NA
120,P1_no_rho,72,629.1994116000133,5.71030559996143,6.769756200024858,0.1714909999864176,0.01,66537.3487301412,66537.3487301412,-70396.79569855072,-49856.67403424693,0.0,-24203.570296493082,-71736.6121908067,-71736.5982330037,-50413.12664293174,-24203.570296493082,26209.556346438658,26209.55634643865,-23146.44970384034,34885.0,nan,nan,1.5000000000000002,10.0,0.0,0.0,10.0,0.85,CORE,MAIN,1.2063657129977372,0.24964180422904902,0.6,0.174,-50413.12664293174,STRUCTURAL,-0.928577679597981,-196200.73404162377,28200.0,0,0,0,0,0,0,0,inf,inf,NA,1,5,5,5,27,6,0,0,CONTINUE,0,A,1,1,0,KEEP_STRUCTURAL_IN_ON_CUT,2,3,0,0,"tail_cont_enabled=1 tail_active_dims=(1,) tail_delta=0.1 tail_start=(6, 6, 6) returned_y=(5, 1, 1) returned_b=(0, 0, 0) returned_u=(0, 0, 0) returned_zcap=(5, 1, 1) max_tail_u=0",NA
120,P1_no_rho,73,638.2458916999167,5.71030559996143,9.044113999931142,0.16305550001561642,0.01,68935.66181863287,68935.66181863287,-70396.79569855072,-49496.92707097317,0.0,-24203.570296493082,-70761.38652557296,-70761.37283768924,-50413.12664293174,-24203.570296493082,26209.556346438658,26209.55634643865,-22439.613798299724,34832.0,nan,nan,1.5000000000000002,10.0,0.0,0.0,10.0,0.85,CORE,MAIN,1.20841134220638,0.25318602209047014,0.6,0.174,-50413.12664293174,STRUCTURAL,-0.9248537559215574,-196200.73404162377,28200.0,0,0,0,0,0,0,0,inf,inf,NA,1,5,5,5,27,6,0,0,CONTINUE,0,A,1,1,0,KEEP_STRUCTURAL_IN_ON_CUT,2,3,0,0,"tail_cont_enabled=1 tail_active_dims=(1,) tail_delta=0.1 tail_start=(6, 6, 6) returned_y=(5, 1, 1) returned_b=(0, 0, 0) returned_u=(0, 0, 0) returned_zcap=(5, 1, 1) max_tail_u=0",NA
120,P1_no_rho,74,647.858614299912,5.71030559996143,9.612119299941696,0.1581163000082597,0.01,41081.29763342507,41081.29763342507,-70396.79569855072,-53675.081698754344,0.0,-24203.570296493082,-72118.95183215509,-72118.93797320151,-50413.12664293174,-24203.570296493082,26209.556346438658,26209.55634643865,-24095.851348381566,35172.0,nan,nan,1.5000000000000002,10.0,0.0,0.0,10.0,0.85,CORE,MAIN,1.2099355046829892,0.2508609517879844,0.6,0.174,-50413.12664293174,STRUCTURAL,-0.9102522200390448,-196200.73404162377,28200.0,0,0,0,0,0,0,0,inf,inf,NA,1,5,5,5,27,6,0,0,CONTINUE,0,A,1,1,0,KEEP_STRUCTURAL_IN_ON_CUT,2,3,0,0,"tail_cont_enabled=1 tail_active_dims=(1,) tail_delta=0.1 tail_start=(6, 6, 6) returned_y=(5, 1, 1) returned_b=(0, 0, 0) returned_u=(0, 0, 0) returned_zcap=(5, 1, 1) max_tail_u=0",NA
120,P1_no_rho,75,666.5909252999118,5.71030559996143,18.731656699907035,0.19334579992573708,0.01,52499.67443711708,52499.67443711708,-70396.79569855072,-51962.32517820054,0.0,-24203.570296493082,-74441.42644703557,-74441.41200957043,-50413.12664293174,-24203.570296493082,26209.556346438658,26209.55634643865,-25325.33284141171,37429.0,nan,nan,1.5000000000000002,10.0,0.0,0.0,10.0,0.85,CORE,MAIN,1.2108729096578477,0.2560575557615036,0.6,0.174,-50413.12664293174,STRUCTURAL,-0.8748310876265055,-196200.73404162377,28200.0,0,0,0,0,0,0,0,inf,inf,NA,1,5,5,5,27,6,0,0,CONTINUE,0,A,1,1,0,KEEP_STRUCTURAL_IN_ON_CUT,2,3,0,0,"tail_cont_enabled=1 tail_active_dims=(1,) tail_delta=0.1 tail_start=(6, 6, 6) returned_y=(0, 3, 5) returned_b=(0, 0, 0) returned_u=(0, 0, 0) returned_zcap=(0, 3, 5) max_tail_u=0",NA
120,P1_no_rho,76,674.6039163999958,5.71030559996143,8.012557800044306,0.17562979995273054,0.01,50118.766525288025,50118.766525288025,-70396.79569855072,-52319.4613649749,0.0,-24203.570296493082,-74288.32127870283,-74288.30691172932,-50413.12664293174,-24203.570296493082,26209.556346438658,26209.55634643865,-24554.39657096938,38035.5,nan,nan,1.5000000000000002,10.0,0.0,0.0,10.0,0.85,CORE,MAIN,1.2115703140176293,0.2453127509678139,0.6,0.174,-50413.12664293174,STRUCTURAL,-0.8717103818057681,-196200.73404162377,28200.0,0,0,0,0,0,0,0,inf,inf,NA,1,5,5,5,27,6,0,0,CONTINUE,0,A,1,1,0,KEEP_STRUCTURAL_IN_ON_CUT,2,3,0,0,"tail_cont_enabled=1 tail_active_dims=(1,) tail_delta=0.1 tail_start=(6, 6, 6) returned_y=(2, 0, 6) returned_b=(0, 0, 1) returned_u=(0, 0, 0) returned_zcap=(2, 0, 6) max_tail_u=0",NA
120,P1_no_rho,77,684.3254783999873,5.71030559996143,9.721071599982679,0.195146800018847,0.01,39825.63398450525,39825.63398450525,-70396.79569855072,-53863.43124609232,0.0,-24203.570296493082,-71239.23690363987,-71239.22317653048,-50413.12664293174,-24203.570296493082,26209.556346438658,26209.55634643865,-23426.709780440004,36234.0,nan,nan,1.5000000000000002,10.0,0.0,0.0,10.0,0.85,CORE,MAIN,1.2126747519460361,0.2521572385619568,0.6,0.174,-50413.12664293174,STRUCTURAL,-0.8796988720739356,-196200.73404162377,28200.0,0,0,0,0,0,0,0,inf,inf,NA,1,5,5,5,27,6,0,0,CONTINUE,0,A,1,1,0,KEEP_STRUCTURAL_IN_ON_CUT,2,3,0,0,"tail_cont_enabled=1 tail_active_dims=(1,) tail_delta=0.1 tail_start=(6, 6, 6) returned_y=(0, 3, 5) returned_b=(0, 0, 0) returned_u=(0, 0, 0) returned_zcap=(0, 3, 5) max_tail_u=0",NA
120,P1_no_rho,78,693.2317670999328,5.71030559996143,8.905855800025165,0.1835424000164494,0.01,39717.84798008648,39717.84798008648,-70396.79569855072,-53879.599146755136,0.0,-24203.570296493082,-76503.7362072019,-76503.72155815005,-50413.12664293174,-24203.570296493082,26209.556346438658,26209.55634643865,-26710.984748047933,36332.0,nan,nan,1.5000000000000002,10.0,0.0,0.0,10.0,0.85,CORE,MAIN,1.212476743353907,0.2581693530466108,0.6,0.174,-50413.12664293174,STRUCTURAL,-0.913661727221221,-196200.73404162377,28200.0,0,0,0,0,0,0,0,inf,inf,NA,1,5,5,5,27,6,0,0,CONTINUE,0,A,1,1,0,KEEP_STRUCTURAL_IN_ON_CUT,2,3,0,0,"tail_cont_enabled=1 tail_active_dims=(1,) tail_delta=0.1 tail_start=(6, 6, 6) returned_y=(5, 1, 1) returned_b=(0, 0, 0) returned_u=(0, 0, 0) returned_zcap=(5, 1, 1) max_tail_u=0",NA
120,P1_no_rho,79,701.3544283999363,5.71030559996143,8.122241399949417,0.1585484000388533,0.01,54965.28759256898,54965.28759256898,-70396.79569855072,-51592.48320488276,0.0,-24203.570296493082,-74062.79217113375,-74062.77790620975,-50413.12664293174,-24203.570296493082,26209.556346438658,26209.55634643865,-24408.437666810136,35919.5,nan,nan,1.5000000000000002,10.0,0.0,0.0,10.0,0.85,CORE,MAIN,1.2125423626920486,0.25695864890502684,0.6,0.174,-50413.12664293174,STRUCTURAL,-0.921585587019114,-196200.73404162377,28200.0,0,0,0,0,0,0,0,inf,inf,NA,1,5,5,5,27,6,0,0,CONTINUE,0,A,1,1,0,KEEP_STRUCTURAL_IN_ON_CUT,2,3,0,0,"tail_cont_enabled=1 tail_active_dims=(1,) tail_delta=0.1 tail_start=(6, 6, 6) returned_y=(5, 1, 1) returned_b=(0, 0, 0) returned_u=(0, 0, 0) returned_zcap=(5, 1, 1) max_tail_u=0",NA
120,P1_no_rho,80,718.3592725999188,5.71030559996143,17.004284899914637,0.22349230002146214,0.01,53982.91034278516,53982.91034278516,-70396.79569855072,-51739.83979235033,0.0,-24203.570296493082,-73550.42311364561,-73550.40894081688,-50413.12664293174,-24203.570296493082,26209.556346438658,26209.55634643865,-23729.328359478557,36014.5,nan,nan,1.5000000000000002,10.0,0.0,0.0,10.0,0.85,CORE,MAIN,1.2126058228304888,0.25021845853531344,0.6,0.174,-50413.12664293174,STRUCTURAL,-0.9222411451191103,-196200.73404162377,28200.0,0,0,0,0,0,0,0,inf,inf,NA,1,5,5,5,27,6,0,0,CONTINUE,0,A,1,1,0,KEEP_STRUCTURAL_IN_ON_CUT,2,3,0,0,"tail_cont_enabled=1 tail_active_dims=(1,) tail_delta=0.1 tail_start=(6, 6, 6) returned_y=(5, 1, 1) returned_b=(0, 0, 0) returned_u=(0, 0, 0) returned_zcap=(5, 1, 1) max_tail_u=0",NA
120,P1_no_rho,81,727.9533576999092,5.71030559996143,9.59345459996257,0.16606119996868074,0.01,58260.64608629487,58260.64608629487,-70396.79569855072,-51098.179430823875,0.0,-24203.570296493082,-73730.68829231734,-73730.67406559734,-50413.12664293174,-24203.570296493082,26209.556346438658,26209.55634643865,-24393.98846691785,35890.5,nan,nan,1.5000000000000002,10.0,0.0,0.0,10.0,0.85,CORE,MAIN,1.212718041805952,0.2556471498852533,0.6,0.174,-50413.12664293174,STRUCTURAL,-0.916429799876095,-196200.73404162377,28200.0,0,0,0,0,0,0,0,inf,inf,NA,1,5,5,5,27,6,0,0,CONTINUE,0,A,1,1,0,KEEP_STRUCTURAL_IN_ON_CUT,2,3,0,0,"tail_cont_enabled=1 tail_active_dims=(1,) tail_delta=0.1 tail_start=(6, 6, 6) returned_y=(5, 1, 1) returned_b=(0, 0, 0) returned_u=(0, 0, 0) returned_zcap=(5, 1, 1) max_tail_u=0",NA
120,P1_no_rho,82,736.3705739999423,5.71030559996143,8.41660629992839,0.1572244999697432,0.01,44371.65276711678,44371.65276711678,-70396.79569855072,-53181.528428700585,0.0,-24203.570296493082,-72913.4658138834,-72913.45164197753,-50413.12664293174,-24203.570296493082,26209.556346438658,26209.55634643865,-24807.23401639171,36843.5,nan,nan,1.5000000000000002,10.0,0.0,0.0,10.0,0.85,CORE,MAIN,1.213017293724014,0.24850475317833587,0.6,0.174,-50413.12664293174,STRUCTURAL,-0.8704605086484875,-196200.73404162377,28200.0,0,0,0,0,0,0,0,inf,inf,NA,1,5,5,5,27,6,0,0,CONTINUE,0,A,1,1,0,KEEP_STRUCTURAL_IN_ON_CUT,2,3,0,0,"tail_cont_enabled=1 tail_active_dims=(1,) tail_delta=0.1 tail_start=(6, 6, 6) returned_y=(0, 3, 5) returned_b=(0, 0, 0) returned_u=(0, 0, 0) returned_zcap=(0, 3, 5) max_tail_u=0",NA
120,P1_no_rho,83,743.6386509999866,5.71030559996143,7.267771800048649,0.16279719991143793,0.01,49385.1626675115,49385.1626675115,-70396.79569855072,-52429.50194364138,0.0,-24203.570296493082,-73777.61947129502,-73777.60509550961,-50413.12664293174,-24203.570296493082,26209.556346438658,26209.55634643865,-24758.8700316719,37209.0,nan,nan,1.5000000000000002,10.0,0.0,0.0,10.0,0.85,CORE,MAIN,1.214185162726087,0.24228263286088914,0.6,0.174,-50413.12664293174,STRUCTURAL,-0.8782594724186387,-196200.73404162377,28200.0,0,0,0,0,0,0,0,inf,inf,NA,1,5,5,5,27,6,0,0,CONTINUE,0,A,1,1,0,KEEP_STRUCTURAL_IN_ON_CUT,2,3,0,0,"tail_cont_enabled=1 tail_active_dims=(1,) tail_delta=0.1 tail_start=(6, 6, 6) returned_y=(0, 3, 5) returned_b=(0, 0, 0) returned_u=(0, 0, 0) returned_zcap=(0, 3, 5) max_tail_u=0",NA
120,P1_no_rho,84,753.021052600001,5.71030559996143,9.381310300086625,0.1505959000205621,0.01,54576.657822930094,54576.657822930094,-70396.79569855072,-51650.77767032859,0.0,-24203.570296493082,-72489.35032109487,-72489.33636040126,-50413.12664293174,-24203.570296493082,26209.556346438658,26209.55634643865,-23868.24072513843,36659.0,nan,nan,1.5000000000000002,10.0,0.0,0.0,10.0,0.85,CORE,MAIN,1.2150590441246503,0.2464751091817563,0.6,0.174,-50413.12664293174,STRUCTURAL,-0.8842047998265606,-196200.73404162377,28200.0,0,0,0,0,0,0,0,inf,inf,NA,1,5,5,5,27,6,0,0,CONTINUE,0,A,1,1,0,KEEP_STRUCTURAL_IN_ON_CUT,2,3,0,0,"tail_cont_enabled=1 tail_active_dims=(1,) tail_delta=0.1 tail_start=(6, 6, 6) returned_y=(0, 3, 5) returned_b=(0, 0, 0) returned_u=(0, 0, 0) returned_zcap=(0, 3, 5) max_tail_u=0",NA
120,P1_no_rho,85,771.8140760000097,5.71030559996143,18.792541000060737,0.14895270008128136,0.01,42981.160303092765,42981.160303092765,-70396.79569855072,-53390.10229830419,0.0,-24203.570296493082,-73353.82204466066,-73353.80767225246,-50413.12664293174,-24203.570296493082,26209.556346438658,26209.55634643865,-25190.81475159908,36877.5,nan,nan,1.5000000000000002,10.0,0.0,0.0,10.0,0.85,CORE,MAIN,1.2156211857615669,0.2619243817359098,0.6,0.174,-50413.12664293174,STRUCTURAL,-0.8706843453895262,-196200.73404162377,28200.0,0,0,0,0,0,0,0,inf,inf,NA,1,5,5,5,27,6,0,0,CONTINUE,0,A,1,1,0,KEEP_STRUCTURAL_IN_ON_CUT,2,3,0,0,"tail_cont_enabled=1 tail_active_dims=(1,) tail_delta=0.1 tail_start=(6, 6, 6) returned_y=(3, 0, 5) returned_b=(0, 0, 0) returned_u=(0, 0, 0) returned_zcap=(3, 0, 5) max_tail_u=0",NA
120,P1_no_rho,86,779.2703933999874,5.71030559996143,7.456004700041376,0.1966281000059098,0.01,48696.43580155116,48696.43580155116,-70396.79569855072,-52532.81097353543,0.0,-24203.570296493082,-72598.87043716176,-72598.85650873413,-50413.12664293174,-24203.570296493082,26209.556346438658,26209.55634643865,-23364.149127599627,36768.0,nan,nan,1.5000000000000002,10.0,0.0,0.0,10.0,0.85,CORE,MAIN,1.2161354655791494,0.2541193112164861,0.6,0.174,-50413.12664293174,STRUCTURAL,-0.8927093737513504,-196200.73404162377,28200.0,0,0,0,0,0,0,0,inf,inf,NA,1,5,5,5,27,6,0,0,CONTINUE,0,A,1,1,0,KEEP_STRUCTURAL_IN_ON_CUT,2,3,0,0,"tail_cont_enabled=1 tail_active_dims=(1,) tail_delta=0.1 tail_start=(6, 6, 6) returned_y=(0, 6, 1) returned_b=(0, 1, 0) returned_u=(0, 0, 0) returned_zcap=(0, 6, 1) max_tail_u=0",NA
120,P1_no_rho,87,787.3264148000162,5.71030559996143,8.055309700081125,0.1540875000646338,0.01,53094.64135412967,53094.64135412967,-70396.79569855072,-51873.08014064866,0.0,-24203.570296493082,-73525.98763553778,-73525.97351855303,-50413.12664293174,-24203.570296493082,26209.556346438658,26209.55634643865,-23704.783647155808,37792.5,nan,nan,1.5000000000000002,10.0,0.0,0.0,10.0,0.85,CORE,MAIN,1.2163853774470996,0.2507732751811661,0.6,0.174,-50413.12664293174,STRUCTURAL,-0.8788549733659186,-196200.73404162377,28200.0,0,0,0,0,0,0,0,inf,inf,NA,1,5,5,5,27,6,0,0,CONTINUE,0,A,1,1,0,KEEP_STRUCTURAL_IN_ON_CUT,2,3,0,0,"tail_cont_enabled=1 tail_active_dims=(1,) tail_delta=0.1 tail_start=(6, 6, 6) returned_y=(0, 6, 1) returned_b=(0, 1, 0) returned_u=(0, 0, 0) returned_zcap=(0, 6, 1) max_tail_u=0",NA
120,P1_no_rho,88,796.0140591999516,5.71030559996143,8.686914299963973,0.16951089992653579,0.01,57108.64751238788,57108.64751238788,-70396.79569855072,-51270.979216909924,0.0,-24203.570296493082,-74664.68060532077,-74664.66635916158,-50413.12664293174,-24203.570296493082,26209.556346438658,26209.55634643865,-24966.702075185764,37697.5,nan,nan,1.5000000000000002,10.0,0.0,0.0,10.0,0.85,CORE,MAIN,1.2162211210228782,0.25442826161190346,0.6,0.174,-50413.12664293174,STRUCTURAL,-0.8788905415297356,-196200.73404162377,28200.0,0,0,0,0,0,0,0,inf,inf,NA,1,5,5,5,27,6,0,0,CONTINUE,0,A,1,1,0,KEEP_STRUCTURAL_IN_ON_CUT,2,3,0,0,"tail_cont_enabled=1 tail_active_dims=(1,) tail_delta=0.1 tail_start=(6, 6, 6) returned_y=(0, 6, 1) returned_b=(0, 1, 0) returned_u=(0, 0, 0) returned_zcap=(0, 6, 1) max_tail_u=0",NA
120,P1_no_rho,89,802.7651190999895,5.71030559996143,6.749691299977712,0.21868219994939864,0.01,47796.275196924675,47796.275196924675,-70396.79569855072,-52667.8350642294,0.0,-24203.570296493082,-72117.73519413281,-72117.72108887478,-50413.12664293174,-24203.570296493082,26209.556346438658,26209.55634643865,-24462.40461511546,36738.0,nan,nan,1.5000000000000002,10.0,0.0,0.0,10.0,0.85,CORE,MAIN,1.2162235079033994,0.25201634574678766,0.6,0.174,-50413.12664293174,STRUCTURAL,-0.8647779134004631,-196200.73404162377,28200.0,0,0,0,0,0,0,0,inf,inf,NA,1,5,5,5,27,6,0,0,CONTINUE,0,A,1,1,0,KEEP_STRUCTURAL_IN_ON_CUT,2,3,0,0,"tail_cont_enabled=1 tail_active_dims=(1,) tail_delta=0.1 tail_start=(6, 6, 6) returned_y=(3, 0, 5) returned_b=(0, 0, 0) returned_u=(0, 0, 0) returned_zcap=(3, 0, 5) max_tail_u=0",NA
120,P1_no_rho,90,821.2046319999499,5.71030559996143,18.43912510003429,0.1603754999814555,0.01,47605.00074096698,47605.00074096698,-70396.79569855072,-52696.52623262306,0.0,-24203.570296493082,-74984.25901684769,-74984.24441069827,-50413.12664293174,-24203.570296493082,26209.556346438658,26209.55634643865,-25731.79226658177,37562.0,nan,nan,1.5000000000000002,10.0,0.0,0.0,10.0,0.85,CORE,MAIN,1.2157763176294263,0.24771950256502517,0.6,0.174,-50413.12664293174,STRUCTURAL,-0.8741538814780272,-196200.73404162377,28200.0,0,0,0,0,0,0,0,inf,inf,NA,1,5,5,5,27,6,0,0,CONTINUE,0,A,1,1,0,KEEP_STRUCTURAL_IN_ON_CUT,2,3,0,0,"tail_cont_enabled=1 tail_active_dims=(1,) tail_delta=0.1 tail_start=(6, 6, 6) returned_y=(3, 0, 5) returned_b=(0, 0, 0) returned_u=(0, 0, 0) returned_zcap=(3, 0, 5) max_tail_u=0",NA
120,P1_no_rho,91,830.8627499999711,5.71030559996143,9.65742219996173,0.1547128000529483,0.01,46623.24032688848,46623.24032688848,-70396.79569855072,-52843.790294734834,0.0,-24203.570296493082,-73265.64404239194,-73265.6298307901,-50413.12664293174,-24203.570296493082,26209.556346438658,26209.55634643865,-24722.138080886078,37127.5,nan,nan,1.5000000000000002,10.0,0.0,0.0,10.0,0.85,CORE,MAIN,1.2155981608642181,0.2514031623574433,0.6,0.174,-50413.12664293174,STRUCTURAL,-0.8716538370013965,-196200.73404162377,28200.0,0,0,0,0,0,0,0,inf,inf,NA,1,5,5,5,27,6,0,0,CONTINUE,0,A,1,1,0,KEEP_STRUCTURAL_IN_ON_CUT,2,3,0,0,"tail_cont_enabled=1 tail_active_dims=(1,) tail_delta=0.1 tail_start=(6, 6, 6) returned_y=(3, 0, 5) returned_b=(0, 0, 0) returned_u=(0, 0, 0) returned_zcap=(3, 0, 5) max_tail_u=0",NA
120,P1_no_rho,92,839.3960451999446,5.71030559996143,8.532660800032318,0.17509279993828386,0.01,39074.93799793446,39074.93799793446,-70396.79569855072,-53976.035644077936,0.0,-24203.570296493082,-68692.63282244225,-68692.61926672608,-50413.12664293174,-24203.570296493082,26209.556346438658,26209.55634643865,-22065.761072519843,35397.0,nan,nan,1.5000000000000002,10.0,0.0,0.0,10.0,0.85,CORE,MAIN,1.214054046128983,0.25343427279369213,0.6,0.174,-50413.12664293174,STRUCTURAL,-0.8781696790538978,-196200.73404162377,28200.0,0,0,0,0,0,0,0,inf,inf,NA,1,5,5,5,27,6,0,0,CONTINUE,0,A,1,1,0,KEEP_STRUCTURAL_IN_ON_CUT,2,3,0,0,"tail_cont_enabled=1 tail_active_dims=(1,) tail_delta=0.1 tail_start=(6, 6, 6) returned_y=(3, 0, 5) returned_b=(0, 0, 0) returned_u=(0, 0, 0) returned_zcap=(3, 0, 5) max_tail_u=0",NA
120,P1_no_rho,93,845.9076996999793,5.71030559996143,6.509060400072485,0.16593490005470812,0.01,54033.67126446006,54033.67126446006,-70396.79569855072,-51732.22565409909,0.0,-24203.570296493082,-79195.62316396949,-79195.60788159046,-50413.12664293174,-24203.570296493082,26209.556346438658,26209.55634643865,-27056.339826895746,39452.5,nan,nan,1.5000000000000002,10.0,0.0,0.0,10.0,0.85,CORE,MAIN,1.2114743739968334,0.2520255548724113,0.6,0.174,-50413.12664293174,STRUCTURAL,-0.8810471335520722,-196200.73404162377,28200.0,0,0,0,0,0,0,0,inf,inf,NA,1,5,5,5,27,6,0,0,CONTINUE,0,A,1,1,0,KEEP_STRUCTURAL_IN_ON_CUT,2,3,0,0,"tail_cont_enabled=1 tail_active_dims=(1,) tail_delta=0.1 tail_start=(6, 6, 6) returned_y=(3, 0, 5) returned_b=(0, 0, 0) returned_u=(0, 0, 0) returned_zcap=(3, 0, 5) max_tail_u=0",NA
120,P1_no_rho,94,853.6037540999241,5.71030559996143,7.695493099978194,0.15427769999951124,0.01,53257.86713310284,53257.86713310284,-70396.79569855072,-51848.59627380268,0.0,-24203.570296493082,-75416.29609404232,-75416.28171674628,-50413.12664293174,-24203.570296493082,26209.556346438658,26209.55634643865,-25158.334826062826,37737.0,nan,nan,1.5000000000000002,10.0,0.0,0.0,10.0,0.85,CORE,MAIN,1.2096702927764487,0.24426186234482683,0.6,0.174,-50413.12664293174,STRUCTURAL,-0.8878633152376261,-196200.73404162377,28200.0,0,0,0,0,0,0,0,inf,inf,NA,1,5,5,5,27,6,0,0,CONTINUE,0,A,1,1,0,KEEP_STRUCTURAL_IN_ON_CUT,2,3,0,0,"tail_cont_enabled=1 tail_active_dims=(1,) tail_delta=0.1 tail_start=(6, 6, 6) returned_y=(0, 6, 1) returned_b=(0, 1, 0) returned_u=(0, 0, 0) returned_zcap=(0, 6, 1) max_tail_u=0",NA
120,P1_no_rho,95,869.7790839999216,5.71030559996143,16.174847599933855,0.1746718999929726,0.01,53476.42446717838,53476.42446717838,-70396.79569855072,-51815.81267369135,0.0,-24203.570296493082,-73778.37053480759,-73778.35659398607,-50413.12664293174,-24203.570296493082,26209.556346438658,26209.55634643865,-24816.95398271877,39067.0,nan,nan,1.5000000000000002,10.0,0.0,0.0,10.0,0.85,CORE,MAIN,1.2085932700322277,0.24780782776969856,0.6,0.174,-50413.12664293174,STRUCTURAL,-0.835511686952625,-196200.73404162377,28200.0,0,0,0,0,0,0,0,inf,inf,NA,2,6,6,6,27,6,0,0,CONTINUE,0,A,1,1,0,KEEP_STRUCTURAL_IN_ON_CUT,2,3,0,0,"tail_cont_enabled=1 tail_active_dims=(1,) tail_delta=0.1 tail_start=(6, 6, 6) returned_y=(6, 0, 1) returned_b=(1, 0, 0) returned_u=(0, 0, 0) returned_zcap=(6, 0, 1) max_tail_u=0",NA
120,P1_no_rho,96,875.4366248999722,5.71030559996143,5.657116999966092,0.16058020002674311,0.01,58255.31753182513,58255.31753182513,-70396.79569855072,-51098.97871399434,0.0,-24203.570296493082,-73186.78040836637,-73186.76607557823,-50413.12664293174,-24203.570296493082,26209.556346438658,26209.55634643865,-24792.16187194809,37167.5,nan,nan,1.5000000000000002,10.0,0.0,0.0,10.0,0.85,CORE,MAIN,1.208197779755558,0.2491795895332911,0.6,0.174,-50413.12664293174,STRUCTURAL,-0.8680451864959106,-196200.73404162377,28200.0,0,0,0,0,0,0,0,inf,inf,NA,1,5,5,5,27,6,0,0,CONTINUE,0,A,1,1,0,KEEP_STRUCTURAL_IN_ON_CUT,2,3,0,0,"tail_cont_enabled=1 tail_active_dims=(1,) tail_delta=0.1 tail_start=(6, 6, 6) returned_y=(3, 0, 5) returned_b=(0, 0, 0) returned_u=(0, 0, 0) returned_zcap=(3, 0, 5) max_tail_u=0",NA
120,P1_no_rho,97,882.0069310999243,5.71030559996143,6.569578299997374,0.16592030005995184,0.01,47603.96660596555,47603.96660596555,-70396.79569855072,-52696.681352873275,0.0,-24203.570296493082,-72603.11409314857,-72603.09989897905,-50413.12664293174,-24203.570296493082,26209.556346438658,26209.55634643865,-25246.24248896711,37018.5,nan,nan,1.5000000000000002,10.0,0.0,0.0,10.0,0.85,CORE,MAIN,1.2081871248348104,0.24215085081336768,0.6,0.174,-50413.12664293174,STRUCTURAL,-0.8528502849478311,-196200.73404162377,28200.0,0,0,0,0,0,0,0,inf,inf,NA,1,5,5,5,27,6,0,0,CONTINUE,0,A,1,1,0,KEEP_STRUCTURAL_IN_ON_CUT,2,3,0,0,"tail_cont_enabled=1 tail_active_dims=(1,) tail_delta=0.1 tail_start=(6, 6, 6) returned_y=(3, 0, 5) returned_b=(0, 0, 0) returned_u=(0, 0, 0) returned_zcap=(3, 0, 5) max_tail_u=0",NA
120,P1_no_rho,98,890.6466906999703,5.71030559996143,8.639290599967353,0.23504239995963871,0.01,50097.15243731554,50097.15243731554,-70396.79569855072,-52322.70347817078,0.0,-24203.570296493082,-73865.46393320076,-73865.4495889364,-50413.12664293174,-24203.570296493082,26209.556346438658,26209.55634643865,-25476.650547507063,36814.5,nan,nan,1.5000000000000002,10.0,0.0,0.0,10.0,0.85,CORE,MAIN,1.210647266897582,0.25136186045531606,0.6,0.174,-50413.12664293174,STRUCTURAL,-0.8762634114534457,-196200.73404162377,28200.0,0,0,0,0,0,0,0,inf,inf,NA,1,5,5,5,27,6,0,0,CONTINUE,0,A,1,1,0,KEEP_STRUCTURAL_IN_ON_CUT,2,3,0,0,"tail_cont_enabled=1 tail_active_dims=(1,) tail_delta=0.1 tail_start=(6, 6, 6) returned_y=(0, 3, 5) returned_b=(0, 0, 0) returned_u=(0, 0, 0) returned_zcap=(0, 3, 5) max_tail_u=0",NA
120,P1_no_rho,99,898.777169900015,5.71030559996143,8.12983540003188,0.16389720002189279,0.01,66703.23986899349,66703.23986899349,-70396.79569855072,-49831.79036341908,0.0,-24203.570296493082,-71557.42980425931,-71557.41566547852,-50413.12664293174,-24203.570296493082,26209.556346438658,26209.55634643865,-24011.34325443974,36777.5,nan,nan,1.5000000000000002,10.0,0.0,0.0,10.0,0.85,CORE,MAIN,1.2122862016610014,0.2520779867446128,0.6,0.174,-50413.12664293174,STRUCTURAL,-0.8618688493605926,-196200.73404162377,28200.0,0,0,0,0,0,0,0,inf,inf,NA,1,5,5,5,27,6,0,0,CONTINUE,0,A,1,1,0,KEEP_STRUCTURAL_IN_ON_CUT,2,3,0,0,"tail_cont_enabled=1 tail_active_dims=(1,) tail_delta=0.1 tail_start=(6, 6, 6) returned_y=(0, 3, 5) returned_b=(0, 0, 0) returned_u=(0, 0, 0) returned_zcap=(0, 3, 5) max_tail_u=0",NA
120,P1_no_rho,100,915.4925156999379,5.71030559996143,16.714804799994454,0.16089080006349832,0.01,32298.981032595464,32298.981032595464,-70396.79569855072,-54992.429188878785,0.0,-24203.570296493082,-63099.278135186636,-63099.265569732015,-50413.12664293174,-24203.570296493082,26209.556346438658,26209.55634643865,-19818.346042028945,33371.5,nan,nan,1.5000000000000002,10.0,0.0,0.0,10.0,0.85,CORE,MAIN,1.209265075807118,0.25305992716631764,0.6,0.174,-50413.12664293174,STRUCTURAL,-0.8646283910463135,-196200.73404162377,28200.0,0,0,0,0,0,0,0,inf,inf,NA,1,5,5,5,27,6,0,0,CONTINUE,0,A,1,1,0,KEEP_STRUCTURAL_IN_ON_CUT,2,3,0,0,"tail_cont_enabled=1 tail_active_dims=(1,) tail_delta=0.1 tail_start=(6, 6, 6) returned_y=(0, 3, 5) returned_b=(0, 0, 0) returned_u=(0, 0, 0) returned_zcap=(0, 3, 5) max_tail_u=0",NA
120,P1_no_rho,101,925.0084261000156,5.71030559996143,9.515552500030026,0.16921299998648465,0.01,46954.77443117292,46954.77443117292,-70396.79569855072,-52794.060179092165,0.0,-24203.570296493082,-78294.33673990822,-78294.32251996807,-50413.12664293174,-24203.570296493082,26209.556346438658,26209.55634643865,-24887.521884083515,40271.0,nan,nan,1.5000000000000002,10.0,0.0,0.0,10.0,0.85,CORE,MAIN,1.2052717310831638,0.2428701383635773,0.6,0.174,-50413.12664293174,STRUCTURAL,-0.884123407843271,-196200.73404162377,28200.0,0,0,0,0,0,0,0,inf,inf,NA,1,5,5,5,27,6,0,0,CONTINUE,0,A,1,1,0,KEEP_STRUCTURAL_IN_ON_CUT,2,3,0,0,"tail_cont_enabled=1 tail_active_dims=(1,) tail_delta=0.1 tail_start=(6, 6, 6) returned_y=(0, 6, 1) returned_b=(0, 1, 0) returned_u=(0, 0, 0) returned_zcap=(0, 6, 1) max_tail_u=0",NA
120,P1_no_rho,102,932.3278415999375,5.71030559996143,7.3188397999620065,0.16964869992807508,0.01,54642.75279527941,54642.75279527941,-70396.79569855072,-51640.86342447619,0.0,-24203.570296493082,-80790.05724096368,-80790.0422700214,-50413.12664293174,-24203.570296493082,26209.556346438658,26209.55634643865,-27074.643206316614,39776.0,nan,nan,1.5000000000000004,10.000000000000002,0.0,0.0,10.0,0.85,CORE,MAIN,1.2008471017846525,0.2408903060031981,0.6,0.174,-50413.12664293174,STRUCTURAL,-0.9002983216630592,-196200.73404162377,28200.0,0,0,0,0,0,0,0,inf,inf,NA,1,5,5,5,27,6,0,0,CONTINUE,0,A,1,1,0,KEEP_STRUCTURAL_IN_ON_CUT,2,3,0,0,"tail_cont_enabled=1 tail_active_dims=(1,) tail_delta=0.1 tail_start=(6, 6, 6) returned_y=(0, 6, 1) returned_b=(0, 1, 0) returned_u=(0, 0, 0) returned_zcap=(0, 6, 1) max_tail_u=0",NA
120,P1_no_rho,103,937.8157210999634,5.71030559996143,5.487233299994841,0.1918687999714166,0.01,52659.678352224226,52659.678352224226,-70396.79569855072,-51938.32459093447,0.0,-24203.570296493082,-78429.64265850208,-78429.62776505417,-50413.12664293174,-24203.570296493082,26209.556346438658,26209.55634643865,-27259.3984944814,39729.5,nan,nan,1.5000000000000002,10.0,0.0,0.0,10.0,0.85,CORE,MAIN,1.1971800518815303,0.23393796512900544,0.6,0.174,-50413.12664293174,STRUCTURAL,-0.8586437327522836,-196200.73404162377,28200.0,0,0,0,0,0,0,0,inf,inf,NA,1,5,5,5,27,6,0,0,CONTINUE,0,A,1,1,0,KEEP_STRUCTURAL_IN_ON_CUT,2,3,0,0,"tail_cont_enabled=1 tail_active_dims=(1,) tail_delta=0.1 tail_start=(6, 6, 6) returned_y=(0, 6, 1) returned_b=(0, 1, 0) returned_u=(0, 0, 0) returned_zcap=(0, 6, 1) max_tail_u=0",NA
120,P1_no_rho,104,946.0678862999193,5.71030559996143,8.25160620000679,0.19442020007409155,0.01,45284.6869001045,45284.6869001045,-70396.79569855072,-53044.57330875243,0.0,-24203.570296493082,-70877.18916732138,-70877.1752563963,-50413.12664293174,-24203.570296493082,26209.556346438658,26209.55634643865,-23142.11916007874,36186.0,nan,nan,1.5000000000000002,10.0,0.0,0.0,10.0,0.85,CORE,MAIN,1.1960652537608092,0.2590997016975386,0.6,0.174,-50413.12664293174,STRUCTURAL,-0.8794387534095606,-196200.73404162377,28200.0,0,0,0,0,0,0,0,inf,inf,NA,1,5,5,5,27,6,0,0,CONTINUE,0,A,1,1,0,KEEP_STRUCTURAL_IN_ON_CUT,2,3,0,0,"tail_cont_enabled=1 tail_active_dims=(1,) tail_delta=0.1 tail_start=(6, 6, 6) returned_y=(0, 3, 5) returned_b=(0, 0, 0) returned_u=(0, 0, 0) returned_zcap=(0, 3, 5) max_tail_u=0",NA
120,P1_no_rho,105,962.1049826999661,5.71030559996143,16.036520199966617,0.16718779993243515,0.01,35797.977942531914,35797.977942531914,-70396.79569855072,-54467.57965238832,0.0,-24203.570296493082,-73383.7743898702,-73383.76006977426,-50413.12664293174,-24203.570296493082,26209.556346438658,26209.55634643865,-25716.894645382992,36503.5,nan,nan,1.5000000000000002,10.0,0.0,0.0,10.0,0.85,CORE,MAIN,1.1953181519256988,0.24190269731615643,0.6,0.174,-50413.12664293174,STRUCTURAL,-0.8705442021430141,-196200.73404162377,28200.0,0,0,0,0,0,0,0,inf,inf,NA,1,5,5,5,27,6,0,0,CONTINUE,0,A,1,1,0,KEEP_STRUCTURAL_IN_ON_CUT,2,3,0,0,"tail_cont_enabled=1 tail_active_dims=(1,) tail_delta=0.1 tail_start=(6, 6, 6) returned_y=(0, 3, 5) returned_b=(0, 0, 0) returned_u=(0, 0, 0) returned_zcap=(0, 3, 5) max_tail_u=0",NA
120,P1_no_rho,106,970.6965078000212,5.71030559996143,8.590873399982229,0.17510110000148416,0.01,39611.946623239346,39611.946623239346,-70396.79569855072,-53895.484350282204,0.0,-24203.570296493082,-71594.05257147405,-71594.03853659536,-50413.12664293174,-24203.570296493082,26209.556346438658,26209.55634643865,-24741.324628340288,36493.5,nan,nan,1.5000000000000002,10.0,0.0,0.0,10.0,0.85,CORE,MAIN,1.2009978677681798,0.2528916084449736,0.6,0.174,-50413.12664293174,STRUCTURAL,-0.8559097539425755,-196200.73404162377,28200.0,0,0,0,0,0,0,0,inf,inf,NA,1,5,5,5,27,6,0,0,CONTINUE,0,A,1,1,0,KEEP_STRUCTURAL_IN_ON_CUT,2,3,0,0,"tail_cont_enabled=1 tail_active_dims=(1,) tail_delta=0.1 tail_start=(6, 6, 6) returned_y=(0, 3, 5) returned_b=(0, 0, 0) returned_u=(0, 0, 0) returned_zcap=(0, 3, 5) max_tail_u=0",NA
120,P1_no_rho,107,979.7084741999861,5.71030559996143,9.011448099976406,0.1768906000070274,0.01,73991.99041232018,73991.99041232018,-70396.79569855072,-48738.477781920075,0.0,-24203.570296493082,-65956.4251860392,-65956.4120674738,-50413.12664293174,-24203.570296493082,26209.556346438658,26209.55634643865,-20636.54505339638,34263.5,nan,nan,1.5000000000000002,10.0,0.0,0.0,10.0,0.85,CORE,MAIN,1.2029442558506385,0.2708495800137253,0.6,0.174,-50413.12664293174,STRUCTURAL,-0.8817909634465715,-196200.73404162377,28200.0,0,0,0,0,0,0,0,inf,inf,NA,1,5,5,5,27,6,0,0,CONTINUE,0,A,1,1,0,KEEP_STRUCTURAL_IN_ON_CUT,2,3,0,0,"tail_cont_enabled=1 tail_active_dims=(1,) tail_delta=0.1 tail_start=(6, 6, 6) returned_y=(0, 3, 5) returned_b=(0, 0, 0) returned_u=(0, 0, 0) returned_zcap=(0, 3, 5) max_tail_u=0",NA
120,P1_no_rho,108,986.7018745000241,5.71030559996143,6.9929422999266535,0.1722776999231428,0.01,50438.70142779392,50438.70142779392,-70396.79569855072,-52271.47112959901,0.0,-24203.570296493082,-76929.67260532819,-76929.6578807693,-50413.12664293174,-24203.570296493082,26209.556346438658,26209.55634643865,-27109.437727721248,38176.0,nan,nan,1.5000000000000002,10.0,0.0,0.0,10.0,0.85,CORE,MAIN,1.2032218323572574,0.2376661529236611,0.6,0.174,-50413.12664293174,STRUCTURAL,-0.8700094326810569,-196200.73404162377,28200.0,0,0,0,0,0,0,0,inf,inf,NA,1,5,5,5,27,6,0,0,CONTINUE,0,A,1,1,0,KEEP_STRUCTURAL_IN_ON_CUT,2,3,0,0,"tail_cont_enabled=1 tail_active_dims=(1,) tail_delta=0.1 tail_start=(6, 6, 6) returned_y=(0, 6, 1) returned_b=(0, 1, 0) returned_u=(0, 0, 0) returned_zcap=(0, 6, 1) max_tail_u=0",NA
120,P1_no_rho,109,991.0662168000126,5.71030559996143,4.363759000087157,0.20103850006125867,0.01,45612.48083178995,45612.48083178995,-70396.79569855072,-52995.40421899961,0.0,-24203.570296493082,-81537.68937420168,-81537.67477659215,-50413.12664293174,-24203.570296493082,26209.556346438658,26209.55634643865,-27245.918670206735,41973.0,nan,nan,1.5000000000000002,10.0,0.0,0.0,10.0,0.85,CORE,MAIN,1.201819069692806,0.22405393030797638,0.6,0.174,-50413.12664293174,STRUCTURAL,-0.8623282603322042,-196200.73404162377,28200.0,0,0,0,0,0,0,0,inf,inf,NA,2,6,6,6,27,6,0,0,CONTINUE,0,A,1,1,0,KEEP_STRUCTURAL_IN_ON_CUT,2,3,0,0,"tail_cont_enabled=1 tail_active_dims=(1,) tail_delta=0.1 tail_start=(6, 6, 6) returned_y=(0, 6, 0) returned_b=(0, 1, 0) returned_u=(0, 0.1, 0) returned_zcap=(0, 6.1, 0) max_tail_u=0.1",NA
120,P1_no_rho,110,1004.5068093999289,5.71030559996143,13.43999410001561,0.167090900009498,0.01,44716.37227013935,44716.37227013935,-70396.79569855072,-53129.8205032472,0.0,-24203.570296493082,-77462.13741612798,-77462.12286759817,-50413.12664293174,-24203.570296493082,26209.556346438658,26209.55634643865,-25695.846683652497,39339.5,nan,nan,1.5000000000000002,10.0,0.0,0.0,10.0,0.85,CORE,MAIN,1.2003177791887019,0.22644247611061313,0.6,0.174,-50413.12664293174,STRUCTURAL,-0.8772569755410492,-196200.73404162377,28200.0,0,0,0,0,0,0,0,inf,inf,NA,1,5,5,5,27,6,0,0,CONTINUE,0,A,1,1,0,KEEP_STRUCTURAL_IN_ON_CUT,2,3,0,0,"tail_cont_enabled=1 tail_active_dims=(1,) tail_delta=0.1 tail_start=(6, 6, 6) returned_y=(6, 0, 1) returned_b=(1, 0, 0) returned_u=(0, 0, 0) returned_zcap=(6, 0, 1) max_tail_u=0",NA
120,P1_no_rho,111,1012.3320515999803,5.71030559996143,7.824516499997117,0.1893800999969244,0.01,55851.97761974224,55851.97761974224,-70396.79569855072,-51459.47970080677,0.0,-24203.570296493082,-73670.24143826214,-73670.22721358604,-50413.12664293174,-24203.570296493082,26209.556346438658,26209.55634643865,-24366.175516654297,38198.5,nan,nan,1.5000000000000002,10.0,0.0,0.0,10.0,0.85,CORE,MAIN,1.1998325981363684,0.24618670458870784,0.6,0.174,-50413.12664293174,STRUCTURAL,-0.8604884432099293,-196200.73404162377,28200.0,0,0,0,0,0,0,0,inf,inf,NA,2,6,6,6,27,6,0,0,CONTINUE,0,A,1,1,0,KEEP_STRUCTURAL_IN_ON_CUT,2,3,0,0,"tail_cont_enabled=1 tail_active_dims=(1,) tail_delta=0.1 tail_start=(6, 6, 6) returned_y=(2, 0, 6) returned_b=(0, 0, 1) returned_u=(0, 0, 0) returned_zcap=(2, 0, 6) max_tail_u=0",NA
120,P1_no_rho,112,1019.7930299999425,5.71030559996143,7.460466800024733,0.19121740001719445,0.01,42496.01253641625,42496.01253641625,-70396.79569855072,-53462.87446330567,0.0,-24203.570296493082,-72848.22392551127,-72848.20979883196,-50413.12664293174,-24203.570296493082,26209.556346438658,26209.55634643865,-24099.47240962489,36816.5,nan,nan,1.5000000000000002,10.0,0.0,0.0,10.0,0.85,CORE,MAIN,1.1998496295528907,0.24670153163395225,0.6,0.174,-50413.12664293174,STRUCTURAL,-0.8827335096891712,-196200.73404162377,28200.0,0,0,0,0,0,0,0,inf,inf,NA,2,6,6,6,27,6,0,0,CONTINUE,0,A,1,1,0,KEEP_STRUCTURAL_IN_ON_CUT,2,3,0,0,"tail_cont_enabled=1 tail_active_dims=(1,) tail_delta=0.1 tail_start=(6, 6, 6) returned_y=(0, 3, 5) returned_b=(0, 0, 0) returned_u=(0, 0, 0) returned_zcap=(0, 3, 5) max_tail_u=0",NA
120,P1_no_rho,113,1029.0970557999099,5.71030559996143,9.303448399994522,0.17415540001820773,0.01,48852.936628342,48852.936628342,-70396.79569855072,-52509.33584951681,0.0,-24203.570296493082,-71549.0899637612,-71549.07592827457,-50413.12664293174,-24203.570296493082,26209.556346438658,26209.55634643865,-23833.457910873105,36740.5,nan,nan,1.5000000000000002,10.0,0.0,0.0,10.0,0.85,CORE,MAIN,1.204315571399892,0.24492140726476674,0.6,0.174,-50413.12664293174,STRUCTURAL,-0.8658132581647221,-196200.73404162377,28200.0,0,0,0,0,0,0,0,inf,inf,NA,1,5,5,5,27,6,0,0,CONTINUE,0,A,1,1,0,KEEP_STRUCTURAL_IN_ON_CUT,2,3,0,0,"tail_cont_enabled=1 tail_active_dims=(1,) tail_delta=0.1 tail_start=(6, 6, 6) returned_y=(0, 3, 5) returned_b=(0, 0, 0) returned_u=(0, 0, 0) returned_zcap=(0, 3, 5) max_tail_u=0",NA
120,P1_no_rho,114,1037.556691100006,5.71030559996143,8.459011200000532,0.15991499996744096,0.01,66687.26636289121,66687.26636289121,-70396.79569855072,-49834.18638933443,0.0,-24203.570296493082,-70821.36640165928,-70821.35249932567,-50413.12664293174,-24203.570296493082,26209.556346438658,26209.55634643865,-22546.81059497149,35714.5,nan,nan,1.5000000000000002,10.0,0.0,0.0,10.0,0.85,CORE,MAIN,1.207471710456682,0.26017711147602984,0.6,0.174,-50413.12664293174,STRUCTURAL,-0.9011193754983582,-196200.73404162377,28200.0,0,0,0,0,0,0,0,inf,inf,NA,1,5,5,5,27,6,0,0,CONTINUE,0,A,1,1,0,KEEP_STRUCTURAL_IN_ON_CUT,2,3,0,0,"tail_cont_enabled=1 tail_active_dims=(1,) tail_delta=0.1 tail_start=(6, 6, 6) returned_y=(0, 3, 5) returned_b=(0, 0, 0) returned_u=(0, 0, 0) returned_zcap=(0, 3, 5) max_tail_u=0",NA
120,P1_no_rho,115,1055.546851699939,5.71030559996143,17.989563999930397,0.17408030002843589,0.01,44444.908304674005,44444.908304674005,-70396.79569855072,-53170.540098067,0.0,-24203.570296493082,-72430.60893459109,-72430.59491878252,-50413.12664293174,-24203.570296493082,26209.556346438658,26209.55634643865,-25309.060765684455,36982.0,nan,nan,1.5000000000000002,10.0,0.0,0.0,10.0,0.85,CORE,MAIN,1.2099855770202943,0.2520004334950391,0.6,0.174,-50413.12664293174,STRUCTURAL,-0.8494498973031578,-196200.73404162377,28200.0,0,0,0,0,0,0,0,inf,inf,NA,1,5,5,5,27,6,0,0,CONTINUE,0,A,1,1,0,KEEP_STRUCTURAL_IN_ON_CUT,2,3,0,0,"tail_cont_enabled=1 tail_active_dims=(1,) tail_delta=0.1 tail_start=(6, 6, 6) returned_y=(0, 3, 5) returned_b=(0, 0, 0) returned_u=(0, 0, 0) returned_zcap=(0, 3, 5) max_tail_u=0",NA
120,P1_no_rho,116,1063.7970453000162,5.71030559996143,8.249588600010611,0.1682552999118343,0.01,47238.53439041046,47238.53439041046,-70396.79569855072,-52751.49618520654,0.0,-24203.570296493082,-74625.09491328312,-74625.08117382097,-50413.12664293174,-24203.570296493082,26209.556346438658,26209.55634643865,-23832.130437482057,39148.0,nan,nan,1.5000000000000002,10.0,0.0,0.0,10.0,0.85,CORE,MAIN,1.2113903021138837,0.26838031741088564,0.6,0.174,-50413.12664293174,STRUCTURAL,-0.8649731060988881,-196200.73404162377,28200.0,0,0,0,0,0,0,0,inf,inf,NA,1,5,5,5,27,6,0,0,CONTINUE,0,A,1,1,0,KEEP_STRUCTURAL_IN_ON_CUT,2,3,0,0,"tail_cont_enabled=1 tail_active_dims=(1,) tail_delta=0.1 tail_start=(6, 6, 6) returned_y=(6, 0, 1) returned_b=(1, 0, 0) returned_u=(0, 0, 0) returned_zcap=(6, 0, 1) max_tail_u=0",NA
120,P1_no_rho,117,1070.7778512999648,5.71030559996143,6.98023570002988,0.18956009997054935,0.01,65833.34878286121,65833.34878286121,-70396.79569855072,-49962.27402633892,0.0,-24203.570296493082,-95681.14627546225,-95681.13001549947,-50413.12664293174,-24203.570296493082,26209.556346438658,26209.55634643865,-31742.69010939132,48153.5,nan,nan,1.5000000000000002,10.0,0.0,0.0,10.0,0.85,CORE,MAIN,1.2079628067809938,0.22920693772295608,0.6,0.174,-50413.12664293174,STRUCTURAL,-0.885203081895856,-196200.73404162377,28200.0,0,0,0,0,0,0,0,inf,inf,NA,2,6,6,6,27,6,0,0,CONTINUE,0,A,1,1,0,KEEP_STRUCTURAL_IN_ON_CUT,2,3,0,0,"tail_cont_enabled=1 tail_active_dims=(1,) tail_delta=0.1 tail_start=(6, 6, 6) returned_y=(0, 6, 0) returned_b=(0, 1, 0) returned_u=(0, 0.1, 0) returned_zcap=(0, 6.1, 0) max_tail_u=0.1",NA
120,P1_no_rho,118,1075.440429499955,5.71030559996143,4.662075600004755,0.1853530000662431,0.01,46869.04544294153,46869.04544294153,-70396.79569855072,-52806.91952732688,0.0,-24203.570296493082,-73541.67254608404,-73541.65832948335,-50413.12664293174,-24203.570296493082,26209.556346438658,26209.55634643865,-25325.24413808024,37428.0,nan,nan,1.5000000000000002,10.0,0.0,0.0,10.0,0.85,CORE,MAIN,1.2071104392838303,0.2431211781815208,0.6,0.174,-50413.12664293174,STRUCTURAL,-0.8588296496634089,-196200.73404162377,28200.0,0,0,0,0,0,0,0,inf,inf,NA,2,6,6,6,27,6,0,0,CONTINUE,0,A,1,1,0,KEEP_STRUCTURAL_IN_ON_CUT,2,3,0,0,"tail_cont_enabled=1 tail_active_dims=(1,) tail_delta=0.1 tail_start=(6, 6, 6) returned_y=(2, 0, 6) returned_b=(0, 0, 1) returned_u=(0, 0, 0) returned_zcap=(2, 0, 6) max_tail_u=0",NA
120,P1_no_rho,119,1078.4863430999685,5.71030559996143,3.045410600025207,0.19103969994466752,0.01,49418.18339051837,49418.18339051837,-70396.79569855072,-52424.54883519035,0.0,-24203.570296493082,-73076.4478303423,-73076.43360639646,-50413.12664293174,-24203.570296493082,26209.556346438658,26209.55634643865,-24649.43745120954,37165.5,nan,nan,1.5000000000000002,10.0,0.0,0.0,10.0,0.85,CORE,MAIN,1.2072299012517045,0.267249627576409,0.6,0.174,-50413.12664293174,STRUCTURAL,-0.8686729387054647,-196200.73404162377,28200.0,0,0,0,0,0,0,0,inf,inf,NA,2,6,6,6,27,6,0,0,CONTINUE,0,A,1,1,0,KEEP_STRUCTURAL_IN_ON_CUT,2,3,0,0,"tail_cont_enabled=1 tail_active_dims=(1,) tail_delta=0.1 tail_start=(6, 6, 6) returned_y=(0, 6, 1) returned_b=(0, 1, 0) returned_u=(0, 0, 0) returned_zcap=(0, 6, 1) max_tail_u=0",NA
120,P1_no_rho,120,1091.19844009995,5.71030559996143,12.7116049999604,0.1987157000694424,0.01,53337.02258745814,53337.02258745814,-70396.79569855072,-51836.722955649384,0.0,-24203.570296493082,-75224.07127668623,-75224.05674423269,-50413.12664293174,-24203.570296493082,26209.556346438658,26209.55634643865,-25604.360453849997,37928.5,nan,nan,1.5000000000000002,10.0,0.0,0.0,10.0,0.85,CORE,MAIN,1.20832479614612,0.2523487091656059,0.6,0.174,-50413.12664293174,STRUCTURAL,-0.87216202926353,-196200.73404162377,28200.0,0,0,0,0,0,0,0,inf,inf,NA,2,6,6,6,27,6,0,0,CONTINUE,0,A,1,1,0,KEEP_STRUCTURAL_IN_ON_CUT,2,3,0,0,"tail_cont_enabled=1 tail_active_dims=(1,) tail_delta=0.1 tail_start=(6, 6, 6) returned_y=(0, 3, 5) returned_b=(0, 0, 0) returned_u=(0, 0, 0) returned_zcap=(0, 3, 5) max_tail_u=0",NA
120,P1_no_rho,121,1097.2813737000106,5.71030559996143,6.082464900100604,0.1651498000137508,0.01,55323.57548509036,55323.57548509036,-70396.79569855072,-51538.74002100455,0.0,-24203.570296493082,-70672.37087719783,-70672.35703112253,-50413.12664293174,-24203.570296493082,26209.556346438658,26209.55634643865,-22834.50899667017,35975.5,nan,nan,1.5000000000000002,10.0,0.0,0.0,10.0,0.85,CORE,MAIN,1.2087425839349002,0.24983885015959006,0.6,0.174,-50413.12664293174,STRUCTURAL,-0.8864893799845703,-196200.73404162377,28200.0,0,0,0,0,0,0,0,inf,inf,NA,1,5,5,5,27,6,0,0,CONTINUE,0,A,1,1,0,KEEP_STRUCTURAL_IN_ON_CUT,2,3,0,0,"tail_cont_enabled=1 tail_active_dims=(1,) tail_delta=0.1 tail_start=(6, 6, 6) returned_y=(0, 3, 5) returned_b=(0, 0, 0) returned_u=(0, 0, 0) returned_zcap=(0, 3, 5) max_tail_u=0",NA
120,P1_no_rho,122,1102.1764626000077,5.71030559996143,4.894582100096159,0.1731895999982953,0.01,58956.145880583754,58956.145880583754,-70396.79569855072,-50993.854461680545,0.0,-24203.570296493082,-72528.8484867566,-72528.83443523743,-50413.12664293174,-24203.570296493082,26209.556346438658,26209.55634643865,-24925.522250359594,36603.0,nan,nan,1.5000000000000002,10.0,0.0,0.0,10.0,0.85,CORE,MAIN,1.2093444862013107,0.2533334110984088,0.6,0.174,-50413.12664293174,STRUCTURAL,-0.8670202293960936,-196200.73404162377,28200.0,0,0,0,0,0,0,0,inf,inf,NA,1,5,5,5,27,6,0,0,CONTINUE,0,A,1,1,0,KEEP_STRUCTURAL_IN_ON_CUT,2,3,0,0,"tail_cont_enabled=1 tail_active_dims=(1,) tail_delta=0.1 tail_start=(6, 6, 6) returned_y=(0, 3, 5) returned_b=(0, 0, 0) returned_u=(0, 0, 0) returned_zcap=(0, 3, 5) max_tail_u=0",NA
120,P1_no_rho,123,1108.974607400014,5.71030559996143,6.797620200086385,0.17377379990648478,0.01,57917.455307961936,57917.455307961936,-70396.79569855072,-51149.658047573816,0.0,-24203.570296493082,-83898.03769371273,-83898.02178303731,-50413.12664293174,-24203.570296493082,26209.556346438658,26209.55634643865,-30488.535203374,40460.5,nan,nan,1.5000000000000002,10.0,0.0,0.0,10.0,0.85,CORE,MAIN,1.2086397335094323,0.24472403118365182,0.6,0.174,-50413.12664293174,STRUCTURAL,-0.8800268011132389,-196200.73404162377,28200.0,0,0,0,0,0,0,0,inf,inf,NA,2,6,6,6,27,6,0,0,CONTINUE,0,A,1,1,0,KEEP_STRUCTURAL_IN_ON_CUT,2,3,0,0,"tail_cont_enabled=1 tail_active_dims=(1,) tail_delta=0.1 tail_start=(6, 6, 6) returned_y=(6, 0, 1) returned_b=(1, 0, 0) returned_u=(0, 0, 0) returned_zcap=(6, 0, 1) max_tail_u=0",NA
120,P1_no_rho,124,1116.0586525999242,5.71030559996143,7.083136499975808,0.15423420001752675,0.01,35417.55111130728,35417.55111130728,-70396.79569855072,-54524.64367707202,0.0,-24203.570296493082,-62410.363617048984,-62410.35185206411,-50413.12664293174,-24203.570296493082,26209.556346438658,26209.55634643865,-16793.844621667467,34914.5,nan,nan,1.5000000000000002,10.0,0.0,0.0,10.0,0.85,CORE,MAIN,1.2049171815463697,0.28240712353148767,0.6,0.174,-50413.12664293174,STRUCTURAL,-0.8710136138356391,-196200.73404162377,28200.0,0,0,0,0,0,0,0,inf,inf,NA,1,5,5,5,27,6,0,0,CONTINUE,0,A,1,1,0,KEEP_STRUCTURAL_IN_ON_CUT,2,3,0,0,"tail_cont_enabled=1 tail_active_dims=(1,) tail_delta=0.1 tail_start=(6, 6, 6) returned_y=(6, 0, 1) returned_b=(1, 0, 0) returned_u=(0, 0, 0) returned_zcap=(6, 0, 1) max_tail_u=0",NA
120,P1_no_rho,125,1131.4666309999302,5.71030559996143,15.407385899918154,0.19078240008093417,0.01,54868.03626512607,54868.03626512607,-70396.79569855072,-51607.07090399919,0.0,-24203.570296493082,-77284.19734334314,-77284.182388561,-50413.12664293174,-24203.570296493082,26209.556346438658,26209.55634643865,-27446.0049327575,38504.5,nan,nan,1.5000000000000002,10.0,0.0,0.0,10.0,0.85,CORE,MAIN,1.2009400783996926,0.2543326935437308,0.6,0.174,-50413.12664293174,STRUCTURAL,-0.8628978856290135,-196200.73404162377,28200.0,0,0,0,0,0,0,0,inf,inf,NA,2,6,6,6,27,6,0,0,CONTINUE,0,A,1,1,0,KEEP_STRUCTURAL_IN_ON_CUT,2,3,0,0,"tail_cont_enabled=1 tail_active_dims=(1,) tail_delta=0.1 tail_start=(6, 6, 6) returned_y=(3, 0, 5) returned_b=(0, 0, 0) returned_u=(0, 0, 0) returned_zcap=(3, 0, 5) max_tail_u=0",NA
120,P1_no_rho,126,1138.2015605999622,5.71030559996143,6.7341980000492185,0.17277599999215454,0.01,52897.41590374953,52897.41590374953,-70396.79569855072,-51902.663958205674,0.0,-24203.570296493082,-79196.92982612402,-79196.91488493125,-50413.12664293174,-24203.570296493082,26209.556346438658,26209.55634643865,-26733.003470141928,39000.0,nan,nan,1.5000000000000002,10.0,0.0,0.0,10.0,0.85,CORE,MAIN,1.197115379971072,0.2468508336042342,0.6,0.174,-50413.12664293174,STRUCTURAL,-0.8968189985434071,-196200.73404162377,28200.0,0,0,0,0,0,0,0,inf,inf,NA,1,5,5,5,27,6,0,0,CONTINUE,0,A,1,1,0,KEEP_STRUCTURAL_IN_ON_CUT,2,3,0,0,"tail_cont_enabled=1 tail_active_dims=(1,) tail_delta=0.1 tail_start=(6, 6, 6) returned_y=(0, 6, 1) returned_b=(0, 1, 0) returned_u=(0, 0, 0) returned_zcap=(0, 6, 1) max_tail_u=0",NA
120,P1_no_rho,127,1146.8566034999676,5.71030559996143,8.654517699964345,0.1749391999328509,0.01,40425.510798501746,40425.510798501746,-70396.79569855072,-53773.449723992846,0.0,-24203.570296493082,-78097.76358053971,-78097.74862827419,-50413.12664293174,-24203.570296493082,26209.556346438658,26209.55634643865,-28087.78963600733,37850.0,nan,nan,1.5000000000000002,10.0,0.0,0.0,10.0,0.85,CORE,MAIN,1.193756690507724,0.2408980711891623,0.6,0.174,-50413.12664293174,STRUCTURAL,-0.8808447202512877,-196200.73404162377,28200.0,0,0,0,0,0,0,0,inf,inf,NA,1,5,5,5,27,6,0,0,CONTINUE,0,A,1,1,0,KEEP_STRUCTURAL_IN_ON_CUT,2,3,0,0,"tail_cont_enabled=1 tail_active_dims=(1,) tail_delta=0.1 tail_start=(6, 6, 6) returned_y=(0, 3, 5) returned_b=(0, 0, 0) returned_u=(0, 0, 0) returned_zcap=(0, 3, 5) max_tail_u=0",NA
120,P1_no_rho,128,1155.4088149999734,5.71030559996143,8.551765099982731,0.16355649998877198,0.01,53445.42657713126,53445.42657713126,-70396.79569855072,-51820.46235719842,0.0,-24203.570296493082,-76318.6286870454,-76318.61416376824,-50413.12664293174,-24203.570296493082,26209.556346438658,26209.55634643865,-25773.87386509025,38223.0,nan,nan,1.5000000000000002,10.0,0.0,0.0,10.0,0.85,CORE,MAIN,1.1914112096745502,0.24080727672952446,0.6,0.174,-50413.12664293174,STRUCTURAL,-0.8815763684810717,-196200.73404162377,28200.0,0,0,0,0,0,0,0,inf,inf,NA,1,5,5,5,27,6,0,0,CONTINUE,0,A,1,1,0,KEEP_STRUCTURAL_IN_ON_CUT,2,3,0,0,"tail_cont_enabled=1 tail_active_dims=(1,) tail_delta=0.1 tail_start=(6, 6, 6) returned_y=(0, 3, 5) returned_b=(0, 0, 0) returned_u=(0, 0, 0) returned_zcap=(0, 3, 5) max_tail_u=0",NA
120,P1_no_rho,129,1161.8595187999308,5.71030559996143,6.450083600007929,0.1622882999945432,0.01,53417.10788296529,53417.10788296529,-70396.79569855072,-51824.71016132331,0.0,-24203.570296493082,-74330.01161392374,-74329.99724275297,-50413.12664293174,-24203.570296493082,26209.556346438658,26209.55634643865,-25650.360560698366,36855.0,nan,nan,1.5000000000000002,10.0,0.0,0.0,10.0,0.85,CORE,MAIN,1.1908440066736046,0.256460158549461,0.6,0.174,-50413.12664293174,STRUCTURAL,-0.8805614196545852,-196200.73404162377,28200.0,0,0,0,0,0,0,0,inf,inf,NA,1,5,5,5,27,6,0,0,CONTINUE,0,A,1,1,0,KEEP_STRUCTURAL_IN_ON_CUT,2,3,0,0,"tail_cont_enabled=1 tail_active_dims=(1,) tail_delta=0.1 tail_start=(6, 6, 6) returned_y=(0, 3, 5) returned_b=(0, 0, 0) returned_u=(0, 0, 0) returned_zcap=(0, 3, 5) max_tail_u=0",NA
120,P1_no_rho,130,1180.3974186999258,5.71030559996143,18.537349399994127,0.16526560008060187,0.01,15738.28204913367,15738.28204913367,-70396.79569855072,-57476.53403639806,0.0,-24203.570296493082,-61803.460328067216,-61803.448088532554,-50413.12664293174,-24203.570296493082,26209.556346438658,26209.55634643865,-20791.604747045978,33691.0,nan,nan,1.5000000000000002,10.0,0.0,0.0,10.0,0.85,CORE,MAIN,1.1926471308982358,0.25132192619071136,0.6,0.174,-50413.12664293174,STRUCTURAL,-0.8115291589541533,-196200.73404162377,28200.0,0,0,0,0,0,0,0,inf,inf,NA,1,5,5,5,27,6,0,0,CONTINUE,0,A,1,1,0,KEEP_STRUCTURAL_IN_ON_CUT,2,3,0,0,"tail_cont_enabled=1 tail_active_dims=(1,) tail_delta=0.1 tail_start=(6, 6, 6) returned_y=(3, 0, 5) returned_b=(0, 0, 0) returned_u=(0, 0, 0) returned_zcap=(3, 0, 5) max_tail_u=0",NA
120,P1_no_rho,131,1189.1813602999318,5.71030559996143,8.783332000020891,0.17767859995365143,0.01,75400.9014930798,75400.9014930798,-70396.79569855072,-48527.14111980613,0.0,-24203.570296493082,-70663.09074438458,-70663.07776525995,-50413.12664293174,-24203.570296493082,26209.556346438658,26209.55634643865,-21327.110089497728,37759.0,nan,nan,1.5000000000000002,10.0,0.0,0.0,10.0,0.85,CORE,MAIN,1.1939698426353376,0.25836295434701584,0.6,0.174,-50413.12664293174,STRUCTURAL,-0.8710676955738982,-196200.73404162377,28200.0,0,0,0,0,0,0,0,inf,inf,NA,1,5,5,5,27,6,0,0,CONTINUE,0,A,1,1,0,KEEP_STRUCTURAL_IN_ON_CUT,2,3,0,0,"tail_cont_enabled=1 tail_active_dims=(1,) tail_delta=0.1 tail_start=(6, 6, 6) returned_y=(6, 0, 1) returned_b=(1, 0, 0) returned_u=(0, 0, 0) returned_zcap=(6, 0, 1) max_tail_u=0",NA
120,P1_no_rho,132,1194.841262999922,5.71030559996143,5.659235599916428,0.17331910005304962,0.01,53862.5287539628,53862.5287539628,-70396.79569855072,-51757.89703067369,0.0,-24203.570296493082,-76696.6158433104,-76696.60082227993,-50413.12664293174,-24203.570296493082,26209.556346438658,26209.55634643865,-27183.596267400822,38302.5,nan,nan,1.5000000000000002,10.0,0.0,0.0,10.0,0.85,CORE,MAIN,1.1938128845704057,0.22431631566796073,0.6,0.174,-50413.12664293174,STRUCTURAL,-0.8617889094250435,-196200.73404162377,28200.0,0,0,0,0,0,0,0,inf,inf,NA,1,5,5,5,27,6,0,0,CONTINUE,0,A,1,1,0,KEEP_STRUCTURAL_IN_ON_CUT,2,3,0,0,"tail_cont_enabled=1 tail_active_dims=(1,) tail_delta=0.1 tail_start=(6, 6, 6) returned_y=(3, 0, 5) returned_b=(0, 0, 0) returned_u=(0, 0, 0) returned_zcap=(3, 0, 5) max_tail_u=0",NA
120,P1_no_rho,133,1201.4341874999227,5.71030559996143,6.592315499903634,0.15502409997861832,0.01,41070.897658370675,41070.897658370675,-70396.79569855072,-53676.641695012506,0.0,-24203.570296493082,-76299.37413938096,-76299.35946619076,-50413.12664293174,-24203.570296493082,26209.556346438658,26209.55634643865,-26274.772694323496,38279.0,nan,nan,1.5000000000000002,10.0,0.0,0.0,10.0,0.85,CORE,MAIN,1.193215095045588,0.23763454711483445,0.6,0.174,-50413.12664293174,STRUCTURAL,-0.8712276839671403,-196200.73404162377,28200.0,0,0,0,0,0,0,0,inf,inf,NA,1,5,5,5,27,6,0,0,CONTINUE,0,A,1,1,0,KEEP_STRUCTURAL_IN_ON_CUT,2,3,0,0,"tail_cont_enabled=1 tail_active_dims=(1,) tail_delta=0.1 tail_start=(6, 6, 6) returned_y=(3, 0, 5) returned_b=(0, 0, 0) returned_u=(0, 0, 0) returned_zcap=(3, 0, 5) max_tail_u=0",NA
120,P1_no_rho,134,1210.14704969991,5.71030559996143,8.711953899939544,0.17257890000473708,0.01,37758.00552838565,37758.00552838565,-70396.79569855072,-54173.57551451026,0.0,-24203.570296493082,-79399.18254013671,-79399.1673578619,-50413.12664293174,-24203.570296493082,26209.556346438658,26209.55634643865,-28559.68462130326,38904.5,nan,nan,1.5000000000000002,10.0,0.0,0.0,10.0,0.85,CORE,MAIN,1.1916999225830065,0.24692331389224698,0.6,0.174,-50413.12664293174,STRUCTURAL,-0.8711842715120126,-196200.73404162377,28200.0,0,0,0,0,0,0,0,inf,inf,NA,1,5,5,5,27,6,0,0,CONTINUE,0,A,1,1,0,KEEP_STRUCTURAL_IN_ON_CUT,2,3,0,0,"tail_cont_enabled=1 tail_active_dims=(1,) tail_delta=0.1 tail_start=(6, 6, 6) returned_y=(3, 0, 5) returned_b=(0, 0, 0) returned_u=(0, 0, 0) returned_zcap=(3, 0, 5) max_tail_u=0",NA
120,P1_no_rho,135,1228.1022573999362,5.71030559996143,17.95450290001463,0.17094219999853522,0.01,35241.12739844233,35241.12739844233,-70396.79569855072,-54551.107234001756,0.0,-24203.570296493082,-74806.69864871891,-74806.68405208825,-50413.12664293174,-24203.570296493082,26209.556346438658,26209.55634643865,-25713.24027793669,37709.0,nan,nan,1.5000000000000002,10.0,0.0,0.0,10.0,0.85,CORE,MAIN,1.190911034670763,0.23925673676394732,0.6,0.174,-50413.12664293174,STRUCTURAL,-0.8679350424593878,-196200.73404162377,28200.0,0,0,0,0,0,0,0,inf,inf,NA,1,5,5,5,27,6,0,0,CONTINUE,0,A,1,1,0,KEEP_STRUCTURAL_IN_ON_CUT,2,3,0,0,"tail_cont_enabled=1 tail_active_dims=(1,) tail_delta=0.1 tail_start=(6, 6, 6) returned_y=(3, 0, 5) returned_b=(0, 0, 0) returned_u=(0, 0, 0) returned_zcap=(3, 0, 5) max_tail_u=0",NA
120,P1_no_rho,136,1233.9102753999177,5.71030559996143,5.80748419999145,0.1597575000487268,0.01,42533.35068500948,42533.35068500948,-70396.79569855072,-53457.27374101668,0.0,-24203.570296493082,-80042.3430009612,-80042.3291890022,-50413.12664293174,-24203.570296493082,26209.556346438658,26209.55634643865,-24788.079494233072,41555.5,nan,nan,1.5000000000000002,10.0,0.0,0.0,10.0,0.85,CORE,MAIN,1.1959378225830979,0.24288616329985768,0.6,0.174,-50413.12664293174,STRUCTURAL,-0.8864329983559196,-196200.73404162377,28200.0,0,0,0,0,0,0,0,inf,inf,NA,1,5,5,5,27,6,0,0,CONTINUE,0,A,1,1,0,KEEP_STRUCTURAL_IN_ON_CUT,2,3,0,0,"tail_cont_enabled=1 tail_active_dims=(1,) tail_delta=0.1 tail_start=(6, 6, 6) returned_y=(0, 6, 1) returned_b=(0, 1, 0) returned_u=(0, 0, 0) returned_zcap=(0, 6, 1) max_tail_u=0",NA
120,P1_no_rho,137,1240.8903970000101,5.71030559996143,6.979490100056864,0.16321049991529435,0.01,74192.88846622931,74192.88846622931,-70396.79569855072,-48708.343073833705,0.0,-24203.570296493082,-66686.9660200205,-66686.95292014914,-50413.12664293174,-24203.570296493082,26209.556346438658,26209.55634643865,-21418.692155515473,35149.0,nan,nan,1.5000000000000002,10.0,0.0,0.0,10.0,0.85,CORE,MAIN,1.1982860394582429,0.27482425414906275,0.6,0.174,-50413.12664293174,STRUCTURAL,-0.8585974141442368,-196200.73404162377,28200.0,0,0,0,0,0,0,0,inf,inf,NA,1,5,5,5,27,6,0,0,CONTINUE,0,A,1,1,0,KEEP_STRUCTURAL_IN_ON_CUT,2,3,0,0,"tail_cont_enabled=1 tail_active_dims=(1,) tail_delta=0.1 tail_start=(6, 6, 6) returned_y=(3, 0, 5) returned_b=(0, 0, 0) returned_u=(0, 0, 0) returned_zcap=(3, 0, 5) max_tail_u=0",NA
120,P1_no_rho,138,1249.6273864000104,5.71030559996143,8.736285999999382,0.16117480001412332,0.01,63224.46367159464,63224.46367159464,-70396.79569855072,-50353.60679302891,0.0,-24203.570296493082,-76287.0931187553,-76287.07883816409,-50413.12664293174,-24203.570296493082,26209.556346438658,26209.55634643865,-25702.821427764233,39064.5,nan,nan,1.5000000000000002,10.0,0.0,0.0,10.0,0.85,CORE,MAIN,1.1992144632924684,0.2548055971333192,0.6,0.174,-50413.12664293174,STRUCTURAL,-0.8632604608685611,-196200.73404162377,28200.0,0,0,0,0,0,0,0,inf,inf,NA,1,5,5,5,27,6,0,0,CONTINUE,0,A,1,1,0,KEEP_STRUCTURAL_IN_ON_CUT,2,3,0,0,"tail_cont_enabled=1 tail_active_dims=(1,) tail_delta=0.1 tail_start=(6, 6, 6) returned_y=(0, 6, 1) returned_b=(0, 1, 0) returned_u=(0, 0, 0) returned_zcap=(0, 6, 1) max_tail_u=0",NA
120,P1_no_rho,139,1255.1131726999301,5.71030559996143,5.485188899911009,0.16521900007501245,0.01,51857.32548372438,51857.32548372438,-70396.79569855072,-52058.67752120945,0.0,-24203.570296493082,-73072.89674502125,-73072.88234914825,-50413.12664293174,-24203.570296493082,26209.556346438658,26209.55634643865,-25794.17046696404,37030.0,nan,nan,1.5000000000000002,10.0,0.0,0.0,10.0,0.85,CORE,MAIN,1.2002644166177623,0.2500482104563382,0.6,0.174,-50413.12664293174,STRUCTURAL,-0.851178537801498,-196200.73404162377,28200.0,0,0,0,0,0,0,0,inf,inf,NA,1,5,5,5,27,6,0,0,CONTINUE,0,A,1,1,0,KEEP_STRUCTURAL_IN_ON_CUT,2,3,0,0,"tail_cont_enabled=1 tail_active_dims=(1,) tail_delta=0.1 tail_start=(6, 6, 6) returned_y=(3, 0, 5) returned_b=(0, 0, 0) returned_u=(0, 0, 0) returned_zcap=(3, 0, 5) max_tail_u=0",NA
120,P1_no_rho,140,1271.8989720999962,5.71030559996143,16.785263000056148,0.166001700097695,0.01,43113.94207362302,43113.94207362302,-70396.79569855072,-53370.18503272465,0.0,-24203.570296493082,-70430.22370258212,-70430.2099870081,-50413.12664293174,-24203.570296493082,26209.556346438658,26209.55634643865,-23469.75865753144,36446.5,nan,nan,1.5000000000000002,10.0,0.0,0.0,10.0,0.85,CORE,MAIN,1.2020615718326273,0.24198871955473944,0.6,0.174,-50413.12664293174,STRUCTURAL,-0.8589841974670939,-196200.73404162377,28200.0,0,0,0,0,0,0,0,inf,inf,NA,1,5,5,5,27,6,0,0,CONTINUE,0,A,1,1,0,KEEP_STRUCTURAL_IN_ON_CUT,2,3,0,0,"tail_cont_enabled=1 tail_active_dims=(1,) tail_delta=0.1 tail_start=(6, 6, 6) returned_y=(3, 0, 5) returned_b=(0, 0, 0) returned_u=(0, 0, 0) returned_zcap=(3, 0, 5) max_tail_u=0",NA
120,P1_no_rho,141,1280.880494599929,5.71030559996143,8.981011199997738,0.1702979999827221,0.01,32806.59733220131,32806.59733220131,-70396.79569855072,-54916.28674393791,0.0,-24203.570296493082,-70568.0291070573,-70568.01532422146,-50413.12664293174,-24203.570296493082,26209.556346438658,26209.55634643865,-24067.369961676464,36147.0,nan,nan,1.5000000000000002,10.0,0.0,0.0,10.0,0.85,CORE,MAIN,1.2037616133222737,0.2628117089165214,0.6,0.174,-50413.12664293174,STRUCTURAL,-0.8576211094059442,-196200.73404162377,28200.0,0,0,0,0,0,0,0,inf,inf,NA,1,5,5,5,27,6,0,0,CONTINUE,0,A,1,1,0,KEEP_STRUCTURAL_IN_ON_CUT,2,3,0,0,"tail_cont_enabled=1 tail_active_dims=(1,) tail_delta=0.1 tail_start=(6, 6, 6) returned_y=(3, 0, 5) returned_b=(0, 0, 0) returned_u=(0, 0, 0) returned_zcap=(3, 0, 5) max_tail_u=0",NA
120,P1_no_rho,142,1290.0316408999497,5.71030559996143,9.150595200015232,0.17197959998156875,0.01,40532.723166881064,40532.723166881064,-70396.79569855072,-53757.36786873594,0.0,-24203.570296493082,-78184.02850242257,-78184.0134032607,-50413.12664293174,-24203.570296493082,26209.556346438658,26209.55634643865,-27153.56529362926,38122.0,nan,nan,1.5000000000000002,10.0,0.0,0.0,10.0,0.85,CORE,MAIN,1.203846233628838,0.24235331303964602,0.6,0.174,-50413.12664293174,STRUCTURAL,-0.8924059267550047,-196200.73404162377,28200.0,0,0,0,0,0,0,0,inf,inf,NA,1,5,5,5,27,6,0,0,CONTINUE,0,A,1,1,0,KEEP_STRUCTURAL_IN_ON_CUT,2,3,0,0,"tail_cont_enabled=1 tail_active_dims=(1,) tail_delta=0.1 tail_start=(6, 6, 6) returned_y=(0, 3, 5) returned_b=(0, 0, 0) returned_u=(0, 0, 0) returned_zcap=(0, 3, 5) max_tail_u=0",NA
120,P1_no_rho,143,1298.8195709999418,5.71030559996143,8.787447499926202,0.16610609996132553,0.01,56139.00086069464,56139.00086069464,-70396.79569855072,-51416.42621466391,0.0,-24203.570296493082,-80839.68339831768,-80839.66823580614,-50413.12664293174,-24203.570296493082,26209.556346438658,26209.55634643865,-28166.54496237837,38284.5,nan,nan,1.5000000000000002,10.0,0.0,0.0,10.0,0.85,CORE,MAIN,1.2049404444557026,0.2596527120506362,0.6,0.174,-50413.12664293174,STRUCTURAL,-0.9172227798617847,-196200.73404162377,28200.0,0,0,0,0,0,0,0,inf,inf,NA,1,5,5,5,27,6,0,0,CONTINUE,0,A,1,1,0,KEEP_STRUCTURAL_IN_ON_CUT,2,3,0,0,"tail_cont_enabled=1 tail_active_dims=(1,) tail_delta=0.1 tail_start=(6, 6, 6) returned_y=(5, 1, 1) returned_b=(0, 0, 0) returned_u=(0, 0, 0) returned_zcap=(5, 1, 1) max_tail_u=0",NA
120,P1_no_rho,144,1305.8069472999778,5.71030559996143,6.986487600021064,0.16589499998372048,0.01,64608.112976610806,64608.112976610806,-70396.79569855072,-50146.059397276484,0.0,-24203.570296493082,-70221.16929179862,-70221.15566473192,-50413.12664293174,-24203.570296493082,26209.556346438658,26209.55634643865,-23343.257450301404,34353.0,nan,nan,1.5000000000000002,10.0,0.0,0.0,10.0,0.85,CORE,MAIN,1.2069938152680229,0.2642770136807667,0.6,0.174,-50413.12664293174,STRUCTURAL,-0.9097293436658712,-196200.73404162377,28200.0,0,0,0,0,0,0,0,inf,inf,NA,1,5,5,5,27,6,0,0,CONTINUE,0,A,1,1,0,KEEP_STRUCTURAL_IN_ON_CUT,2,3,0,0,"tail_cont_enabled=1 tail_active_dims=(1,) tail_delta=0.1 tail_start=(6, 6, 6) returned_y=(5, 1, 1) returned_b=(0, 0, 0) returned_u=(0, 0, 0) returned_zcap=(5, 1, 1) max_tail_u=0",NA
120,P1_no_rho,145,1323.3673189999536,5.71030559996143,17.55983030004427,0.16832330008037388,0.01,47034.16086136471,47034.16086136471,-70396.79569855072,-52782.1522145634,0.0,-24203.570296493082,-69394.90445967719,-69394.89083091282,-50413.12664293174,-24203.570296493082,26209.556346438658,26209.55634643865,-22629.923107799317,35974.5,nan,nan,1.5000000000000002,10.0,0.0,0.0,10.0,0.85,CORE,MAIN,1.208655583640908,0.2530851031935385,0.6,0.174,-50413.12664293174,STRUCTURAL,-0.8666317849794251,-196200.73404162377,28200.0,0,0,0,0,0,0,0,inf,inf,NA,1,5,5,5,27,6,0,0,CONTINUE,0,A,1,1,0,KEEP_STRUCTURAL_IN_ON_CUT,2,3,0,0,"tail_cont_enabled=1 tail_active_dims=(1,) tail_delta=0.1 tail_start=(6, 6, 6) returned_y=(0, 3, 5) returned_b=(0, 0, 0) returned_u=(0, 0, 0) returned_zcap=(0, 3, 5) max_tail_u=0",NA
120,P1_no_rho,146,1331.742306399974,5.71030559996143,8.374396700062789,0.17819050000980496,0.01,54208.685767522344,54208.685767522344,-70396.79569855072,-51705.97347863975,0.0,-24203.570296493082,-74971.35795908427,-74971.34337689057,-50413.12664293174,-24203.570296493082,26209.556346438658,26209.55634643865,-25873.680735913695,37093.5,nan,nan,1.5000000000000002,10.0,0.0,0.0,10.0,0.85,CORE,MAIN,1.2089693254368301,0.24701979024266707,0.6,0.174,-50413.12664293174,STRUCTURAL,-0.8824126893926046,-196200.73404162377,28200.0,0,0,0,0,0,0,0,inf,inf,NA,1,5,5,5,27,6,0,0,CONTINUE,0,A,1,1,0,KEEP_STRUCTURAL_IN_ON_CUT,2,3,0,0,"tail_cont_enabled=1 tail_active_dims=(1,) tail_delta=0.1 tail_start=(6, 6, 6) returned_y=(0, 3, 5) returned_b=(0, 0, 0) returned_u=(0, 0, 0) returned_zcap=(0, 3, 5) max_tail_u=0",NA
120,P1_no_rho,147,1338.71332729992,5.71030559996143,6.969718799926341,0.18484760005958378,0.01,53559.44990894214,53559.44990894214,-70396.79569855072,-51803.358857426785,0.0,-24203.570296493082,-70651.928143669,-70651.91429467818,-50413.12664293174,-24203.570296493082,26209.556346438658,26209.55634643865,-23290.033373013106,36135.0,nan,nan,1.5000000000000002,10.0,0.0,0.0,10.0,0.85,CORE,MAIN,1.2096558548881946,0.26561213405435347,0.6,0.174,-50413.12664293174,STRUCTURAL,-0.8737951371553909,-196200.73404162377,28200.0,0,0,0,0,0,0,0,inf,inf,NA,1,5,5,5,27,6,0,0,CONTINUE,0,A,1,1,0,KEEP_STRUCTURAL_IN_ON_CUT,2,3,0,0,"tail_cont_enabled=1 tail_active_dims=(1,) tail_delta=0.1 tail_start=(6, 6, 6) returned_y=(0, 3, 5) returned_b=(0, 0, 0) returned_u=(0, 0, 0) returned_zcap=(0, 3, 5) max_tail_u=0",NA
120,P1_no_rho,148,1347.6148375999182,5.71030559996143,8.900975600001402,0.16732920007780194,0.01,58897.56262122031,58897.56262122031,-70396.79569855072,-51002.64195058506,0.0,-24203.570296493082,-73426.60119129391,-73426.58683029887,-50413.12664293174,-24203.570296493082,26209.556346438658,26209.55634643865,-24249.77197313733,36484.0,nan,nan,1.5000000000000002,10.0,0.0,0.0,10.0,0.85,CORE,MAIN,1.2101739995698464,0.26824750076369963,0.6,0.174,-50413.12664293174,STRUCTURAL,-0.8986005711574304,-196200.73404162377,28200.0,0,0,0,0,0,0,0,inf,inf,NA,1,5,5,5,27,6,0,0,CONTINUE,0,A,1,1,0,KEEP_STRUCTURAL_IN_ON_CUT,2,3,0,0,"tail_cont_enabled=1 tail_active_dims=(1,) tail_delta=0.1 tail_start=(6, 6, 6) returned_y=(0, 6, 1) returned_b=(0, 1, 0) returned_u=(0, 0, 0) returned_zcap=(0, 6, 1) max_tail_u=0",NA
120,P1_no_rho,149,1355.0075243000174,5.71030559996143,7.392013400094584,0.17897900007665157,0.01,41398.60415508166,41398.60415508166,-70396.79569855072,-53627.48572050586,0.0,-24203.570296493082,-74674.80465873441,-74674.79019439618,-50413.12664293174,-24203.570296493082,26209.556346438658,26209.55634643865,-26603.262577084883,37561.0,nan,nan,1.5000000000000002,10.0,0.0,0.0,10.0,0.85,CORE,MAIN,1.210515154034641,0.23775219318743201,0.6,0.174,-50413.12664293174,STRUCTURAL,-0.8532170357074498,-196200.73404162377,28200.0,0,0,0,0,0,0,0,inf,inf,NA,1,5,5,5,27,6,0,0,CONTINUE,0,A,1,1,0,KEEP_STRUCTURAL_IN_ON_CUT,2,3,0,0,"tail_cont_enabled=1 tail_active_dims=(1,) tail_delta=0.1 tail_start=(6, 6, 6) returned_y=(0, 6, 1) returned_b=(0, 1, 0) returned_u=(0, 0, 0) returned_zcap=(0, 6, 1) max_tail_u=0",NA
120,P1_no_rho,150,1370.4836021999363,5.71030559996143,15.47546829993371,0.16592299996409565,0.01,36975.57144191146,36975.57144191146,-70396.79569855072,-54290.94062748139,0.0,-24203.570296493082,-72825.57504803316,-72825.56100572506,-50413.12664293174,-24203.570296493082,26209.556346438658,26209.55634643865,-25486.243949843385,37217.5,nan,nan,1.5000000000000002,10.0,0.0,0.0,10.0,0.85,CORE,MAIN,1.2106706291157583,0.2487160026404912,0.6,0.174,-50413.12664293174,STRUCTURAL,-0.8479759442176692,-196200.73404162377,28200.0,0,0,0,0,0,0,0,inf,inf,NA,1,5,5,5,27,6,0,0,CONTINUE,0,A,1,1,0,KEEP_STRUCTURAL_IN_ON_CUT,2,3,0,0,"tail_cont_enabled=1 tail_active_dims=(1,) tail_delta=0.1 tail_start=(6, 6, 6) returned_y=(0, 6, 1) returned_b=(0, 1, 0) returned_u=(0, 0, 0) returned_zcap=(0, 6, 1) max_tail_u=0",NA
120,P1_no_rho,151,1378.918758600019,5.71030559996143,8.434655399993062,0.15944369998760521,0.01,53206.825951125975,53206.825951125975,-70396.79569855072,-51856.25245109921,0.0,-24203.570296493082,-70759.33762189739,-70759.32392882978,-50413.12664293174,-24203.570296493082,26209.556346438658,26209.55634643865,-23560.740898446627,35776.0,nan,nan,1.5000000000000002,10.0,0.0,0.0,10.0,0.85,CORE,MAIN,1.2119989461706886,0.2542966939181608,0.6,0.174,-50413.12664293174,STRUCTURAL,-0.8795204053067818,-196200.73404162377,28200.0,0,0,0,0,0,0,0,inf,inf,NA,1,5,5,5,27,6,0,0,CONTINUE,0,A,1,1,0,KEEP_STRUCTURAL_IN_ON_CUT,2,3,0,0,"tail_cont_enabled=1 tail_active_dims=(1,) tail_delta=0.1 tail_start=(6, 6, 6) returned_y=(0, 6, 1) returned_b=(0, 1, 0) returned_u=(0, 0, 0) returned_zcap=(0, 6, 1) max_tail_u=0",NA
120,P1_no_rho,152,1384.6218756999588,5.71030559996143,5.702426900039427,0.17733350000344217,0.01,57025.5434738869,57025.5434738869,-70396.79569855072,-51283.444822685065,0.0,-24203.570296493082,-71183.47531184295,-71183.46133735141,-50413.12664293174,-24203.570296493082,26209.556346438658,26209.55634643865,-23274.56974903452,36564.5,nan,nan,1.5000000000000002,10.0,0.0,0.0,10.0,0.85,CORE,MAIN,1.2132273354034844,0.25204485244937147,0.6,0.174,-50413.12664293174,STRUCTURAL,-0.8735046577658087,-196200.73404162377,28200.0,0,0,0,0,0,0,0,inf,inf,NA,1,5,5,5,27,6,0,0,CONTINUE,0,A,1,1,0,KEEP_STRUCTURAL_IN_ON_CUT,2,3,0,0,"tail_cont_enabled=1 tail_active_dims=(1,) tail_delta=0.1 tail_start=(6, 6, 6) returned_y=(3, 0, 5) returned_b=(0, 0, 0) returned_u=(0, 0, 0) returned_zcap=(3, 0, 5) max_tail_u=0",NA
120,P1_no_rho,153,1389.3883961000247,5.71030559996143,4.766034199972637,0.1949669000459835,0.01,46348.90924296594,46348.90924296594,-70396.79569855072,-52884.939957323215,0.0,-24203.570296493082,-80542.18314566904,-80542.1681783055,-50413.12664293174,-24203.570296493082,26209.556346438658,26209.55634643865,-27249.297273631153,40761.5,nan,nan,1.5000000000000002,10.0,0.0,0.0,10.0,0.85,CORE,MAIN,1.2121906505082736,0.23899773102354005,0.6,0.174,-50413.12664293174,STRUCTURAL,-0.8716210297245249,-196200.73404162377,28200.0,0,0,0,0,0,0,0,inf,inf,NA,2,6,6,6,27,6,0,0,CONTINUE,0,A,1,1,0,KEEP_STRUCTURAL_IN_ON_CUT,2,3,0,0,"tail_cont_enabled=1 tail_active_dims=(1,) tail_delta=0.1 tail_start=(6, 6, 6) returned_y=(2, 0, 6) returned_b=(0, 0, 1) returned_u=(0, 0, 0) returned_zcap=(2, 0, 6) max_tail_u=0",NA
120,P1_no_rho,154,1395.8902261999901,5.71030559996143,6.501447800081223,0.17852499999571592,0.01,55716.861555705465,55716.861555705465,-70396.79569855072,-51479.74711041228,0.0,-24203.570296493082,-75577.66544641143,-75577.650894582,-50413.12664293174,-24203.570296493082,26209.556346438658,26209.55634643865,-24564.475317855755,38510.0,nan,nan,1.5000000000000002,10.0,0.0,0.0,10.0,0.85,CORE,MAIN,1.2114066833225459,0.2602225398868878,0.6,0.174,-50413.12664293174,STRUCTURAL,-0.8831156509430662,-196200.73404162377,28200.0,0,0,0,0,0,0,0,inf,inf,NA,1,5,5,5,27,6,0,0,CONTINUE,0,A,1,1,0,KEEP_STRUCTURAL_IN_ON_CUT,2,3,0,0,"tail_cont_enabled=1 tail_active_dims=(1,) tail_delta=0.1 tail_start=(6, 6, 6) returned_y=(3, 0, 5) returned_b=(0, 0, 0) returned_u=(0, 0, 0) returned_zcap=(3, 0, 5) max_tail_u=0",NA
120,P1_no_rho,155,1410.144149199943,5.71030559996143,14.25349949998781,0.17449859995394945,0.01,55739.5747367398,55739.5747367398,-70396.79569855072,-51476.34013325714,0.0,-24203.570296493082,-74011.04772591384,-74011.03320566271,-50413.12664293174,-24203.570296493082,26209.556346438658,26209.55634643865,-24693.107673493312,37507.5,nan,nan,1.5000000000000002,10.0,0.0,0.0,10.0,0.85,CORE,MAIN,1.2111564919294115,0.25040492019512206,0.6,0.174,-50413.12664293174,STRUCTURAL,-0.8765878030112979,-196200.73404162377,28200.0,0,0,0,0,0,0,0,inf,inf,NA,1,5,5,5,27,6,0,0,CONTINUE,0,A,1,1,0,KEEP_STRUCTURAL_IN_ON_CUT,2,3,0,0,"tail_cont_enabled=1 tail_active_dims=(1,) tail_delta=0.1 tail_start=(6, 6, 6) returned_y=(3, 0, 5) returned_b=(0, 0, 0) returned_u=(0, 0, 0) returned_zcap=(3, 0, 5) max_tail_u=0",NA
120,P1_no_rho,156,1415.9013075999683,5.71030559996143,5.756622800021432,0.16487959993537515,0.01,40855.52114589668,40855.52114589668,-70396.79569855072,-53708.9481718836,0.0,-24203.570296493082,-72805.56304209297,-72805.5487510158,-50413.12664293174,-24203.570296493082,26209.556346438658,26209.55634643865,-24550.011277023412,37253.0,nan,nan,1.5000000000000002,10.0,0.0,0.0,10.0,0.85,CORE,MAIN,1.2113016972155373,0.26391990512389474,0.6,0.174,-50413.12664293174,STRUCTURAL,-0.8635642314979985,-196200.73404162377,28200.0,0,0,0,0,0,0,0,inf,inf,NA,1,5,5,5,27,6,0,0,CONTINUE,0,A,1,1,0,KEEP_STRUCTURAL_IN_ON_CUT,2,3,0,0,"tail_cont_enabled=1 tail_active_dims=(1,) tail_delta=0.1 tail_start=(6, 6, 6) returned_y=(3, 0, 5) returned_b=(0, 0, 0) returned_u=(0, 0, 0) returned_zcap=(3, 0, 5) max_tail_u=0",NA
120,P1_no_rho,157,1420.7746349999215,5.71030559996143,4.872995699988678,0.17316890007350594,0.01,47108.60555044206,47108.60555044206,-70396.79569855072,-52770.9855112018,0.0,-24203.570296493082,-75857.51903366183,-75857.50438681986,-50413.12664293174,-24203.570296493082,26209.556346438658,26209.55634643865,-25567.588477301233,38229.5,nan,nan,1.5000000000000002,10.0,0.0,0.0,10.0,0.85,CORE,MAIN,1.2111032067384109,0.2594557995421759,0.6,0.174,-50413.12664293174,STRUCTURAL,-0.876982712469317,-196200.73404162377,28200.0,0,0,0,0,0,0,0,inf,inf,NA,1,5,5,5,27,6,0,0,CONTINUE,0,A,1,1,0,KEEP_STRUCTURAL_IN_ON_CUT,2,3,0,0,"tail_cont_enabled=1 tail_active_dims=(1,) tail_delta=0.1 tail_start=(6, 6, 6) returned_y=(6, 0, 1) returned_b=(1, 0, 0) returned_u=(0, 0, 0) returned_zcap=(6, 0, 1) max_tail_u=0",NA
120,P1_no_rho,158,1426.0037155000027,5.71030559996143,5.22833900002297,0.1712851000484079,0.01,55111.46834947948,55111.46834947948,-70396.79569855072,-51570.55609134618,0.0,-24203.570296493082,-73091.50994069262,-73091.49564970842,-50413.12664293174,-24203.570296493082,26209.556346438658,26209.55634643865,-24271.10605221534,37801.0,nan,nan,1.5000000000000002,10.0,0.0,0.0,10.0,0.85,CORE,MAIN,1.2123217445445413,0.2645164123093813,0.6,0.174,-50413.12664293174,STRUCTURAL,-0.8610070209340682,-196200.73404162377,28200.0,0,0,0,0,0,0,0,inf,inf,NA,1,5,5,5,27,6,0,0,CONTINUE,0,A,1,1,0,KEEP_STRUCTURAL_IN_ON_CUT,2,3,0,0,"tail_cont_enabled=1 tail_active_dims=(1,) tail_delta=0.1 tail_start=(6, 6, 6) returned_y=(6, 0, 1) returned_b=(1, 0, 0) returned_u=(0, 0, 0) returned_zcap=(6, 0, 1) max_tail_u=0",NA
120,P1_no_rho,159,1431.5398115999997,5.71030559996143,5.535500400001183,0.15936420008074492,0.01,65513.901930402804,65513.901930402804,-70396.79569855072,-50010.19105420768,0.0,-24203.570296493082,-72715.03404660238,-72715.01981722398,-50413.12664293174,-24203.570296493082,26209.556346438658,26209.55634643865,-24171.413507876197,37172.5,nan,nan,1.5000000000000002,10.0,0.0,0.0,10.0,0.85,CORE,MAIN,1.213698133234442,0.23573862867658046,0.6,0.174,-50413.12664293174,STRUCTURAL,-0.8706006915389564,-196200.73404162377,28200.0,0,0,0,0,0,0,0,inf,inf,NA,1,5,5,5,27,6,0,0,CONTINUE,0,A,1,1,0,KEEP_STRUCTURAL_IN_ON_CUT,2,3,0,0,"tail_cont_enabled=1 tail_active_dims=(1,) tail_delta=0.1 tail_start=(6, 6, 6) returned_y=(3, 0, 5) returned_b=(0, 0, 0) returned_u=(0, 0, 0) returned_zcap=(3, 0, 5) max_tail_u=0",NA
120,P1_no_rho,160,1450.3639779000077,5.71030559996143,18.823615800007246,0.2039734999416396,0.01,48532.14279037975,48532.14279037975,-70396.79569855072,-52557.45492521114,0.0,-24203.570296493082,-76155.40719386483,-76155.39275556273,-50413.12664293174,-24203.570296493082,26209.556346438658,26209.55634643865,-26217.36278967779,38214.5,nan,nan,1.5000000000000002,10.0,0.0,0.0,10.0,0.85,CORE,MAIN,1.2141340593162053,0.24370888074615782,0.6,0.174,-50413.12664293174,STRUCTURAL,-0.8711881609665602,-196200.73404162377,28200.0,0,0,0,0,0,0,0,inf,inf,NA,2,6,6,6,27,6,0,0,CONTINUE,0,A,1,1,0,KEEP_STRUCTURAL_IN_ON_CUT,2,3,0,0,"tail_cont_enabled=1 tail_active_dims=(1,) tail_delta=0.1 tail_start=(6, 6, 6) returned_y=(0, 3, 5) returned_b=(0, 0, 0) returned_u=(0, 0, 0) returned_zcap=(0, 3, 5) max_tail_u=0",NA
120,P1_no_rho,161,1457.2510586999124,5.71030559996143,6.886484799906611,0.15672229998745024,0.01,50716.854298927254,50716.854298927254,-70396.79569855072,-52229.74819892902,0.0,-24203.570296493082,-71801.24782921633,-71801.23377797971,-50413.12664293174,-24203.570296493082,26209.556346438658,26209.55634643865,-23344.372710056417,36488.0,nan,nan,1.5000000000000002,10.0,0.0,0.0,10.0,0.85,CORE,MAIN,1.2143576960396938,0.2667034601044428,0.6,0.174,-50413.12664293174,STRUCTURAL,-0.8853478964394371,-196200.73404162377,28200.0,0,0,0,0,0,0,0,inf,inf,NA,1,5,5,5,27,6,0,0,CONTINUE,0,A,1,1,0,KEEP_STRUCTURAL_IN_ON_CUT,2,3,0,0,"tail_cont_enabled=1 tail_active_dims=(1,) tail_delta=0.1 tail_start=(6, 6, 6) returned_y=(0, 3, 5) returned_b=(0, 0, 0) returned_u=(0, 0, 0) returned_zcap=(0, 3, 5) max_tail_u=0",NA
120,P1_no_rho,162,1466.1430272000143,5.71030559996143,8.891415000078268,0.17141259997151792,0.01,55424.53898813463,55424.53898813463,-70396.79569855072,-51523.59549554791,0.0,-24203.570296493082,-74144.17978090643,-74144.16523491396,-50413.12664293174,-24203.570296493082,26209.556346438658,26209.55634643865,-24648.047617171997,36794.5,nan,nan,1.5000000000000002,10.0,0.0,0.0,10.0,0.85,CORE,MAIN,1.2142928358088354,0.2601369777727356,0.6,0.174,-50413.12664293174,STRUCTURAL,-0.896802830454587,-196200.73404162377,28200.0,0,0,0,0,0,0,0,inf,inf,NA,1,5,5,5,27,6,0,0,CONTINUE,0,A,1,1,0,KEEP_STRUCTURAL_IN_ON_CUT,2,3,0,0,"tail_cont_enabled=1 tail_active_dims=(1,) tail_delta=0.1 tail_start=(6, 6, 6) returned_y=(0, 3, 5) returned_b=(0, 0, 0) returned_u=(0, 0, 0) returned_zcap=(0, 3, 5) max_tail_u=0",NA
120,P1_no_rho,163,1474.7676415999886,5.71030559996143,8.624001300078817,0.1893234000308439,0.01,55784.574266056894,55784.574266056894,-70396.79569855072,-51469.59020385957,0.0,-24203.570296493082,-73485.98688031231,-73485.97245272281,-50413.12664293174,-24203.570296493082,26209.556346438658,26209.55634643865,-24412.263226827337,36426.0,nan,nan,1.5000000000000002,10.0,0.0,0.0,10.0,0.85,CORE,MAIN,1.2144216169067645,0.2692462587493285,0.6,0.174,-50413.12664293174,STRUCTURAL,-0.8981443515784601,-196200.73404162377,28200.0,0,0,0,0,0,0,0,inf,inf,NA,1,5,5,5,27,6,0,0,CONTINUE,0,A,1,1,0,KEEP_STRUCTURAL_IN_ON_CUT,2,3,0,0,"tail_cont_enabled=1 tail_active_dims=(1,) tail_delta=0.1 tail_start=(6, 6, 6) returned_y=(0, 3, 5) returned_b=(0, 0, 0) returned_u=(0, 0, 0) returned_zcap=(0, 3, 5) max_tail_u=0",NA
120,P1_no_rho,164,1481.5264967000112,5.71030559996143,6.758404500083998,0.17003359994851053,0.01,53445.34647088514,53445.34647088514,-70396.79569855072,-51820.47437313534,0.0,-24203.570296493082,-76039.96541810982,-76039.95076320457,-50413.12664293174,-24203.570296493082,26209.556346438658,26209.55634643865,-25441.84134716468,37687.5,nan,nan,1.5000000000000002,10.0,0.0,0.0,10.0,0.85,CORE,MAIN,1.2139540401283775,0.23549331612449698,0.6,0.174,-50413.12664293174,STRUCTURAL,-0.8950467116159623,-196200.73404162377,28200.0,0,0,0,0,0,0,0,inf,inf,NA,1,5,5,5,27,6,0,0,CONTINUE,0,A,1,1,0,KEEP_STRUCTURAL_IN_ON_CUT,2,3,0,0,"tail_cont_enabled=1 tail_active_dims=(1,) tail_delta=0.1 tail_start=(6, 6, 6) returned_y=(0, 6, 1) returned_b=(0, 1, 0) returned_u=(0, 0, 0) returned_zcap=(0, 6, 1) max_tail_u=0",NA
120,P1_no_rho,165,1498.1209832999157,5.71030559996143,16.59392819995992,0.16029000002890825,0.01,51236.09863791901,51236.09863791901,-70396.79569855072,-52151.861548080255,0.0,-24203.570296493082,-71334.68977792774,-71334.6763008206,-50413.12664293174,-24203.570296493082,26209.556346438658,26209.55634643865,-22994.675195790114,37037.5,nan,nan,1.5000000000000002,10.0,0.0,0.0,10.0,0.85,CORE,MAIN,1.2139432148522022,0.23906585788972934,0.6,0.174,-50413.12664293174,STRUCTURAL,-0.8701091435262546,-196200.73404162377,28200.0,0,0,0,0,0,0,0,inf,inf,NA,1,5,5,5,27,6,0,0,CONTINUE,0,A,1,1,0,KEEP_STRUCTURAL_IN_ON_CUT,2,3,0,0,"tail_cont_enabled=1 tail_active_dims=(1,) tail_delta=0.1 tail_start=(6, 6, 6) returned_y=(0, 6, 1) returned_b=(0, 1, 0) returned_u=(0, 0, 0) returned_zcap=(0, 6, 1) max_tail_u=0",NA
120,P1_no_rho,166,1503.8075823999243,5.71030559996143,5.686059799976647,0.1724215999711305,0.01,56049.58219867833,56049.58219867833,-70396.79569855072,-51429.83901396635,0.0,-24203.570296493082,-73565.09132918448,-73565.0771185825,-50413.12664293174,-24203.570296493082,26209.556346438658,26209.55634643865,-24442.248433205063,37950.5,nan,nan,1.5000000000000002,10.0,0.0,0.0,10.0,0.85,CORE,MAIN,1.2140058591980945,0.24590458622312605,0.6,0.174,-50413.12664293174,STRUCTURAL,-0.8629280894037837,-196200.73404162377,28200.0,0,0,0,0,0,0,0,inf,inf,NA,1,5,5,5,27,6,0,0,CONTINUE,0,A,1,1,0,KEEP_STRUCTURAL_IN_ON_CUT,2,3,0,0,"tail_cont_enabled=1 tail_active_dims=(1,) tail_delta=0.1 tail_start=(6, 6, 6) returned_y=(0, 6, 1) returned_b=(0, 1, 0) returned_u=(0, 0, 0) returned_zcap=(0, 6, 1) max_tail_u=0",NA
120,P1_no_rho,167,1510.7335039000027,5.71030559996143,6.925069299992174,0.1966352000599727,0.01,44320.77816536366,44320.77816536366,-70396.79569855072,-53189.15961896355,0.0,-24203.570296493082,-76214.19235633104,-76214.17815188461,-50413.12664293174,-24203.570296493082,26209.556346438658,26209.55634643865,-25280.462750116807,39685.5,nan,nan,1.5000000000000002,10.0,0.0,0.0,10.0,0.85,CORE,MAIN,1.21334583590323,0.25733335253681244,0.6,0.174,-50413.12664293174,STRUCTURAL,-0.855622589304537,-196200.73404162377,28200.0,0,0,0,0,0,0,0,inf,inf,NA,2,6,6,6,27,6,0,0,CONTINUE,0,A,1,1,0,KEEP_STRUCTURAL_IN_ON_CUT,2,3,0,0,"tail_cont_enabled=1 tail_active_dims=(1,) tail_delta=0.1 tail_start=(6, 6, 6) returned_y=(2, 0, 6) returned_b=(0, 0, 1) returned_u=(0, 0, 0) returned_zcap=(2, 0, 6) max_tail_u=0",NA
120,P1_no_rho,168,1515.4236487000016,5.71030559996143,4.689559900085442,0.17813700006809086,0.01,53775.44613545188,53775.44613545188,-70396.79569855072,-51770.959423450324,0.0,-24203.570296493082,-74384.73271412755,-74384.71836731631,-50413.12664293174,-24203.570296493082,26209.556346438658,26209.55634643865,-24430.478126633516,38079.0,nan,nan,1.5000000000000002,10.0,0.0,0.0,10.0,0.85,CORE,MAIN,1.2129493242633556,0.2502111035121831,0.6,0.174,-50413.12664293174,STRUCTURAL,-0.8745719905229091,-196200.73404162377,28200.0,0,0,0,0,0,0,0,inf,inf,NA,1,5,5,5,27,6,0,0,CONTINUE,0,A,1,1,0,KEEP_STRUCTURAL_IN_ON_CUT,2,3,0,0,"tail_cont_enabled=1 tail_active_dims=(1,) tail_delta=0.1 tail_start=(6, 6, 6) returned_y=(3, 0, 5) returned_b=(0, 0, 0) returned_u=(0, 0, 0) returned_zcap=(3, 0, 5) max_tail_u=0",NA
120,P1_no_rho,169,1521.8815570999868,5.71030559996143,6.457498700008728,0.1701488000107929,0.01,50415.1542705495,50415.1542705495,-70396.79569855072,-52275.00320318568,0.0,-24203.570296493082,-73321.27693939845,-73321.2626811784,-50413.12664293174,-24203.570296493082,26209.556346438658,26209.55634643865,-24576.081016316115,37601.5,nan,nan,1.5000000000000002,10.0,0.0,0.0,10.0,0.85,CORE,MAIN,1.212886274338047,0.25028446972677565,0.6,0.174,-50413.12664293174,STRUCTURAL,-0.8642417929224856,-196200.73404162377,28200.0,0,0,0,0,0,0,0,inf,inf,NA,1,5,5,5,27,6,0,0,CONTINUE,0,A,1,1,0,KEEP_STRUCTURAL_IN_ON_CUT,2,3,0,0,"tail_cont_enabled=1 tail_active_dims=(1,) tail_delta=0.1 tail_start=(6, 6, 6) returned_y=(3, 0, 5) returned_b=(0, 0, 0) returned_u=(0, 0, 0) returned_zcap=(3, 0, 5) max_tail_u=0",NA
120,P1_no_rho,170,1541.0657274000114,5.71030559996143,19.183375400025398,0.19370810000691563,0.01,50404.60937600133,50404.60937600133,-70396.79569855072,-52276.58493736791,0.0,-24203.570296493082,-76282.7873991907,-76282.77263891551,-50413.12664293174,-24203.570296493082,26209.556346438658,26209.55634643865,-25156.223431268303,37880.5,nan,nan,1.5000000000000002,10.0,0.0,0.0,10.0,0.85,CORE,MAIN,1.2124591097812647,0.2574196041519542,0.6,0.174,-50413.12664293174,STRUCTURAL,-0.8997865957004653,-196200.73404162377,28200.0,0,0,0,0,0,0,0,inf,inf,NA,2,6,6,6,27,6,0,0,CONTINUE,0,A,1,1,0,KEEP_STRUCTURAL_IN_ON_CUT,2,3,0,0,"tail_cont_enabled=1 tail_active_dims=(1,) tail_delta=0.1 tail_start=(6, 6, 6) returned_y=(0, 3, 5) returned_b=(0, 0, 0) returned_u=(0, 0, 0) returned_zcap=(0, 3, 5) max_tail_u=0",NA
120,P1_no_rho,171,1550.118926999974,5.71030559996143,9.052642700029537,0.1981548999901861,0.01,52299.75467321612,52299.75467321612,-70396.79569855072,-51992.313142785686,0.0,-24203.570296493082,-75436.48390020312,-75436.47006014329,-50413.12664293174,-24203.570296493082,26209.556346438658,26209.55634643865,-23647.564392312626,38598.0,nan,nan,1.5000000000000002,10.0,0.0,0.0,10.0,0.85,CORE,MAIN,1.2132772012883715,0.25201329369795544,0.6,0.174,-50413.12664293174,STRUCTURAL,-0.8945006765088116,-196200.73404162377,28200.0,0,0,0,0,0,0,0,inf,inf,NA,2,6,6,6,27,6,0,0,CONTINUE,0,A,1,1,0,KEEP_STRUCTURAL_IN_ON_CUT,2,3,0,0,"tail_cont_enabled=1 tail_active_dims=(1,) tail_delta=0.1 tail_start=(6, 6, 6) returned_y=(0, 6, 1) returned_b=(0, 1, 0) returned_u=(0, 0, 0) returned_zcap=(0, 6, 1) max_tail_u=0",NA
120,P1_no_rho,172,1556.856229799916,5.71030559996143,6.736746000009589,0.15889660001266748,0.01,61257.466451710745,61257.466451710745,-70396.79569855072,-50648.656376011495,0.0,-24203.570296493082,-74783.16636391805,-74783.15227841196,-50413.12664293174,-24203.570296493082,26209.556346438658,26209.55634643865,-24292.384270335348,38323.0,nan,nan,1.5000000000000002,10.0,0.0,0.0,10.0,0.85,CORE,MAIN,1.2138103284126585,0.25904671614732966,0.6,0.174,-50413.12664293174,STRUCTURAL,-0.8783370823104766,-196200.73404162377,28200.0,0,0,0,0,0,0,0,inf,inf,NA,1,5,5,5,27,6,0,0,CONTINUE,0,A,1,1,0,KEEP_STRUCTURAL_IN_ON_CUT,2,3,0,0,"tail_cont_enabled=1 tail_active_dims=(1,) tail_delta=0.1 tail_start=(6, 6, 6) returned_y=(0, 6, 1) returned_b=(0, 1, 0) returned_u=(0, 0, 0) returned_zcap=(0, 6, 1) max_tail_u=0",NA
120,P1_no_rho,173,1562.5754361000145,5.71030559996143,5.718583900015801,0.15714669995941222,0.01,61044.097960926156,61044.097960926156,-70396.79569855072,-50680.66164962918,0.0,-24203.570296493082,-75311.17531427497,-75311.16100318046,-50413.12664293174,-24203.570296493082,26209.556346438658,26209.55634643865,-25296.418747755568,38587.0,nan,nan,1.5000000000000002,10.0,0.0,0.0,10.0,0.85,CORE,MAIN,1.2141607024069978,0.23760525511547803,0.6,0.174,-50413.12664293174,STRUCTURAL,-0.8641034934982397,-196200.73404162377,28200.0,0,0,0,0,0,0,0,inf,inf,NA,1,5,5,5,27,6,0,0,CONTINUE,0,A,1,1,0,KEEP_STRUCTURAL_IN_ON_CUT,2,3,0,0,"tail_cont_enabled=1 tail_active_dims=(1,) tail_delta=0.1 tail_start=(6, 6, 6) returned_y=(6, 0, 1) returned_b=(1, 0, 0) returned_u=(0, 0, 0) returned_zcap=(6, 0, 1) max_tail_u=0",NA
120,P1_no_rho,174,1568.987355499994,5.71030559996143,6.41136979998555,0.19076509994920343,0.01,45011.7706410351,45011.7706410351,-70396.79569855072,-53085.51074761284,0.0,-24203.570296493082,-73432.49346393296,-73432.47932600076,-50413.12664293174,-24203.570296493082,26209.556346438658,26209.55634643865,-24765.387360677356,37851.0,nan,nan,1.5000000000000002,10.0,0.0,0.0,10.0,0.85,CORE,MAIN,1.2147083919557395,0.24294705290078966,0.6,0.174,-50413.12664293174,STRUCTURAL,-0.8571696382363021,-196200.73404162377,28200.0,0,0,0,0,0,0,0,inf,inf,NA,2,6,6,6,27,6,0,0,CONTINUE,0,A,1,1,0,KEEP_STRUCTURAL_IN_ON_CUT,2,3,0,0,"tail_cont_enabled=1 tail_active_dims=(1,) tail_delta=0.1 tail_start=(6, 6, 6) returned_y=(2, 0, 6) returned_b=(0, 0, 1) returned_u=(0, 0, 0) returned_zcap=(2, 0, 6) max_tail_u=0",NA
120,P1_no_rho,175,1581.29365519993,5.71030559996143,12.305121499928646,0.17701290000695735,0.01,43320.42948793472,43320.42948793472,-70396.79569855072,-53339.211920577894,0.0,-24203.570296493082,-71361.89026055805,-71361.87653719523,-50413.12664293174,-24203.570296493082,26209.556346438658,26209.55634643865,-24270.41296719042,36828.5,nan,nan,1.5000000000000002,10.0,0.0,0.0,10.0,0.85,CORE,MAIN,1.2142973425877008,0.23551777223095371,0.6,0.174,-50413.12664293174,STRUCTURAL,-0.8524460416978666,-196200.73404162377,28200.0,0,0,0,0,0,0,0,inf,inf,NA,1,5,5,5,27,6,0,0,CONTINUE,0,A,1,1,0,KEEP_STRUCTURAL_IN_ON_CUT,2,3,0,0,"tail_cont_enabled=1 tail_active_dims=(1,) tail_delta=0.1 tail_start=(6, 6, 6) returned_y=(3, 0, 5) returned_b=(0, 0, 0) returned_u=(0, 0, 0) returned_zcap=(3, 0, 5) max_tail_u=0",NA
120,P1_no_rho,176,1587.8618769999593,5.71030559996143,6.567781400051899,0.1623988999053836,0.01,45995.89603541017,45995.89603541017,-70396.79569855072,-52937.89193845658,0.0,-24203.570296493082,-71682.08106903857,-71682.06696695685,-50413.12664293174,-24203.570296493082,26209.556346438658,26209.55634643865,-24416.9324412941,36797.0,nan,nan,1.5000000000000002,10.0,0.0,0.0,10.0,0.85,CORE,MAIN,1.2145140926919367,0.24958140603924717,0.6,0.174,-50413.12664293174,STRUCTURAL,-0.8563222459378526,-196200.73404162377,28200.0,0,0,0,0,0,0,0,inf,inf,NA,1,5,5,5,27,6,0,0,CONTINUE,0,A,1,1,0,KEEP_STRUCTURAL_IN_ON_CUT,2,3,0,0,"tail_cont_enabled=1 tail_active_dims=(1,) tail_delta=0.1 tail_start=(6, 6, 6) returned_y=(3, 0, 5) returned_b=(0, 0, 0) returned_u=(0, 0, 0) returned_zcap=(3, 0, 5) max_tail_u=0",NA
120,P1_no_rho,177,1593.444165199995,5.71030559996143,5.581682000076398,0.18692100001499057,0.01,40056.40295305247,40056.40295305247,-70396.79569855072,-53828.81590081024,0.0,-24203.570296493082,-70865.26275727508,-70865.24879828288,-50413.12664293174,-24203.570296493082,26209.556346438658,26209.55634643865,-24216.53527948461,36369.5,nan,nan,1.5000000000000002,10.0,0.0,0.0,10.0,0.85,CORE,MAIN,1.2148249046854185,0.2416182421960935,0.6,0.174,-50413.12664293174,STRUCTURAL,-0.8550885314855993,-196200.73404162377,28200.0,0,0,0,0,0,0,0,inf,inf,NA,1,5,5,5,27,6,0,0,CONTINUE,0,A,1,1,0,KEEP_STRUCTURAL_IN_ON_CUT,2,3,0,0,"tail_cont_enabled=1 tail_active_dims=(1,) tail_delta=0.1 tail_start=(6, 6, 6) returned_y=(3, 0, 5) returned_b=(0, 0, 0) returned_u=(0, 0, 0) returned_zcap=(3, 0, 5) max_tail_u=0",NA
120,P1_no_rho,178,1599.925094599952,5.71030559996143,6.480512500042096,0.1622316000284627,0.01,59289.15219467572,59289.15219467572,-70396.79569855072,-50943.903514566744,0.0,-24203.570296493082,-79828.22326295402,-79828.20799099909,-50413.12664293174,-24203.570296493082,26209.556346438658,26209.55634643865,-27228.572704501836,39584.0,nan,nan,1.5000000000000002,10.0,0.0,0.0,10.0,0.85,CORE,MAIN,1.2134987885525155,0.25099941962575534,0.6,0.174,-50413.12664293174,STRUCTURAL,-0.8858736743212278,-196200.73404162377,28200.0,0,0,0,0,0,0,0,inf,inf,NA,1,5,5,5,27,6,0,0,CONTINUE,0,A,1,1,0,KEEP_STRUCTURAL_IN_ON_CUT,2,3,0,0,"tail_cont_enabled=1 tail_active_dims=(1,) tail_delta=0.1 tail_start=(6, 6, 6) returned_y=(6, 0, 1) returned_b=(1, 0, 0) returned_u=(0, 0, 0) returned_zcap=(6, 0, 1) max_tail_u=0",NA
120,P1_no_rho,179,1605.4869998999638,5.71030559996143,5.561367899994366,0.1720622000284493,0.01,52920.15212568574,52920.15212568574,-70396.79569855072,-51899.25352491524,0.0,-24203.570296493082,-76471.18609947192,-76471.17139642422,-50413.12664293174,-24203.570296493082,26209.556346438658,26209.55634643865,-25946.63107791612,39037.0,nan,nan,1.5000000000000002,10.0,0.0,0.0,10.0,0.85,CORE,MAIN,1.2123800176892443,0.25860758576637066,0.6,0.174,-50413.12664293174,STRUCTURAL,-0.8628487557703048,-196200.73404162377,28200.0,0,0,0,0,0,0,0,inf,inf,NA,1,5,5,5,27,6,0,0,CONTINUE,0,A,1,1,0,KEEP_STRUCTURAL_IN_ON_CUT,2,3,0,0,"tail_cont_enabled=1 tail_active_dims=(1,) tail_delta=0.1 tail_start=(6, 6, 6) returned_y=(6, 0, 1) returned_b=(1, 0, 0) returned_u=(0, 0, 0) returned_zcap=(6, 0, 1) max_tail_u=0",NA
120,P1_no_rho,180,1618.7179309999337,5.71030559996143,13.230380499968305,0.16800800000783056,0.01,49529.53679556828,49529.53679556828,-70396.79569855072,-52407.845824432865,0.0,-24203.570296493082,-70355.98556454245,-70355.9718383979,-50413.12664293174,-24203.570296493082,26209.556346438658,26209.55634643865,-23242.044000059137,36634.0,nan,nan,1.5000000000000002,10.0,0.0,0.0,10.0,0.85,CORE,MAIN,1.2123125983659042,0.2533660983926017,0.6,0.174,-50413.12664293174,STRUCTURAL,-0.8573807180640713,-196200.73404162377,28200.0,0,0,0,0,0,0,0,inf,inf,NA,1,5,5,5,27,6,0,0,CONTINUE,0,A,1,1,0,KEEP_STRUCTURAL_IN_ON_CUT,2,3,0,0,"tail_cont_enabled=1 tail_active_dims=(1,) tail_delta=0.1 tail_start=(6, 6, 6) returned_y=(3, 0, 5) returned_b=(0, 0, 0) returned_u=(0, 0, 0) returned_zcap=(3, 0, 5) max_tail_u=0",NA
120,P1_no_rho,181,1627.246862799977,5.71030559996143,8.52845189999789,0.17626580002252012,0.01,56517.64478647473,56517.64478647473,-70396.79569855072,-51359.62962579689,0.0,-24203.570296493082,-74815.41649252306,-74815.40219689219,-50413.12664293174,-24203.570296493082,26209.556346438658,26209.55634643865,-25146.60447972709,38212.0,nan,nan,1.5000000000000002,10.0,0.0,0.0,10.0,0.85,CORE,MAIN,1.2117910413002841,0.2503885868592147,0.6,0.174,-50413.12664293174,STRUCTURAL,-0.8665479904596307,-196200.73404162377,28200.0,0,0,0,0,0,0,0,inf,inf,NA,2,6,6,6,27,6,0,0,CONTINUE,0,A,1,1,0,KEEP_STRUCTURAL_IN_ON_CUT,2,3,0,0,"tail_cont_enabled=1 tail_active_dims=(1,) tail_delta=0.1 tail_start=(6, 6, 6) returned_y=(0, 3, 5) returned_b=(0, 0, 0) returned_u=(0, 0, 0) returned_zcap=(0, 3, 5) max_tail_u=0",NA
120,P1_no_rho,182,1634.0064030999783,5.71030559996143,6.75888900004793,0.16511559998616576,0.01,55434.69203368385,55434.69203368385,-70396.79569855072,-51522.072538715525,0.0,-24203.570296493082,-72352.1068631184,-72352.09264306584,-50413.12664293174,-24203.570296493082,26209.556346438658,26209.55634643865,-23573.64556415343,36836.0,nan,nan,1.5000000000000002,10.0,0.0,0.0,10.0,0.85,CORE,MAIN,1.2116937243643389,0.25971942387646785,0.6,0.174,-50413.12664293174,STRUCTURAL,-0.8828039070277697,-196200.73404162377,28200.0,0,0,0,0,0,0,0,inf,inf,NA,1,5,5,5,27,6,0,0,CONTINUE,0,A,1,1,0,KEEP_STRUCTURAL_IN_ON_CUT,2,3,0,0,"tail_cont_enabled=1 tail_active_dims=(1,) tail_delta=0.1 tail_start=(6, 6, 6) returned_y=(0, 3, 5) returned_b=(0, 0, 0) returned_u=(0, 0, 0) returned_zcap=(0, 3, 5) max_tail_u=0",NA
120,P1_no_rho,183,1642.6632080000127,5.71030559996143,8.65639960009139,0.18088020000141114,0.01,59541.17298939838,59541.17298939838,-70396.79569855072,-50906.10039535835,0.0,-24203.570296493082,-75898.24059536702,-75898.22574867992,-50413.12664293174,-24203.570296493082,26209.556346438658,26209.55634643865,-25976.39982016003,37573.0,nan,nan,1.5000000000000002,10.0,0.0,0.0,10.0,0.85,CORE,MAIN,1.21093664026648,0.24505410467557592,0.6,0.174,-50413.12664293174,STRUCTURAL,-0.8857748193032204,-196200.73404162377,28200.0,0,0,0,0,0,0,0,inf,inf,NA,1,5,5,5,27,6,0,0,CONTINUE,0,A,1,1,0,KEEP_STRUCTURAL_IN_ON_CUT,2,3,0,0,"tail_cont_enabled=1 tail_active_dims=(1,) tail_delta=0.1 tail_start=(6, 6, 6) returned_y=(0, 3, 5) returned_b=(0, 0, 0) returned_u=(0, 0, 0) returned_zcap=(0, 3, 5) max_tail_u=0",NA
120,P1_no_rho,184,1651.409672699985,5.71030559996143,8.745886399992742,0.17990839993581176,0.01,61571.717021131524,61571.717021131524,-70396.79569855072,-50601.51879059838,0.0,-24203.570296493082,-76071.02132429434,-76071.0065125755,-50413.12664293174,-24203.570296493082,26209.556346438658,26209.55634643865,-26640.723268851583,38331.0,nan,nan,1.5000000000000002,10.0,0.0,0.0,10.0,0.85,CORE,MAIN,1.2104115408233547,0.24885651458544933,0.6,0.174,-50413.12664293174,STRUCTURAL,-0.8597094300300698,-196200.73404162377,28200.0,0,0,0,0,0,0,0,inf,inf,NA,1,5,5,5,27,6,0,0,CONTINUE,0,A,1,1,0,KEEP_STRUCTURAL_IN_ON_CUT,2,3,0,0,"tail_cont_enabled=1 tail_active_dims=(1,) tail_delta=0.1 tail_start=(6, 6, 6) returned_y=(0, 3, 5) returned_b=(0, 0, 0) returned_u=(0, 0, 0) returned_zcap=(0, 3, 5) max_tail_u=0",NA
120,P1_no_rho,185,1668.1267533999635,5.71030559996143,16.71670190000441,0.17594270000699908,0.01,42479.24407846503,42479.24407846503,-70396.79569855072,-53465.38973199835,0.0,-24203.570296493082,-70806.82177708422,-70806.80919821371,-50413.12664293174,-24203.570296493082,26209.556346438658,26209.55634643865,-20758.21367739944,38535.5,nan,nan,1.5000000000000002,10.0,0.0,0.0,10.0,0.85,CORE,MAIN,1.211092774712442,0.24099448635659404,0.6,0.174,-50413.12664293174,STRUCTURAL,-0.8658439710710775,-196200.73404162377,28200.0,0,0,0,0,0,0,0,inf,inf,NA,1,5,5,5,27,6,0,0,CONTINUE,0,A,1,1,0,KEEP_STRUCTURAL_IN_ON_CUT,2,3,0,0,"tail_cont_enabled=1 tail_active_dims=(1,) tail_delta=0.1 tail_start=(6, 6, 6) returned_y=(0, 6, 1) returned_b=(0, 1, 0) returned_u=(0, 0, 0) returned_zcap=(0, 6, 1) max_tail_u=0",NA
120,P1_no_rho,186,1675.5560807000147,5.71030559996143,7.428795500076376,0.16751240007579327,0.01,43924.473084140685,43924.473084140685,-70396.79569855072,-53248.605381147005,0.0,-24203.570296493082,-74194.55913230588,-74194.54521705932,-50413.12664293174,-24203.570296493082,26209.556346438658,26209.55634643865,-24977.50418371589,38795.5,nan,nan,1.5000000000000002,10.0,0.0,0.0,10.0,0.85,CORE,MAIN,1.2114505594674547,0.25369111777450304,0.6,0.174,-50413.12664293174,STRUCTURAL,-0.8457517157633129,-196200.73404162377,28200.0,0,0,0,0,0,0,0,inf,inf,NA,1,5,5,5,27,6,0,0,CONTINUE,0,A,1,1,0,KEEP_STRUCTURAL_IN_ON_CUT,2,3,0,0,"tail_cont_enabled=1 tail_active_dims=(1,) tail_delta=0.1 tail_start=(6, 6, 6) returned_y=(6, 0, 1) returned_b=(1, 0, 0) returned_u=(0, 0, 0) returned_zcap=(6, 0, 1) max_tail_u=0",NA
120,P1_no_rho,187,1680.9454380999086,5.71030559996143,5.388732599909417,0.15501869993750006,0.01,53082.33892193308,53082.33892193308,-70396.79569855072,-51874.925505478146,0.0,-24203.570296493082,-77389.73705458552,-77389.7224470428,-50413.12664293174,-24203.570296493082,26209.556346438658,26209.55634643865,-26709.579864861757,39109.0,nan,nan,1.5000000000000002,10.0,0.0,0.0,10.0,0.85,CORE,MAIN,1.210958203275124,0.2678793183570347,0.6,0.174,-50413.12664293174,STRUCTURAL,-0.8639126983930563,-196200.73404162377,28200.0,0,0,0,0,0,0,0,inf,inf,NA,1,5,5,5,27,6,0,0,CONTINUE,0,A,1,1,0,KEEP_STRUCTURAL_IN_ON_CUT,2,3,0,0,"tail_cont_enabled=1 tail_active_dims=(1,) tail_delta=0.1 tail_start=(6, 6, 6) returned_y=(6, 0, 1) returned_b=(1, 0, 0) returned_u=(0, 0, 0) returned_zcap=(6, 0, 1) max_tail_u=0",NA
120,P1_no_rho,188,1689.6146535999142,5.71030559996143,8.668678099988028,0.16310759994667023,0.01,48052.12456608323,48052.12456608323,-70396.79569855072,-52629.45765885562,0.0,-24203.570296493082,-72778.09741023461,-72778.08325680181,-50413.12664293174,-24203.570296493082,26209.556346438658,26209.55634643865,-25724.80173160395,36823.5,nan,nan,1.5000000000000002,10.0,0.0,0.0,10.0,0.85,CORE,MAIN,1.2110317925263012,0.2486377195520355,0.6,0.174,-50413.12664293174,STRUCTURAL,-0.8518705269768461,-196200.73404162377,28200.0,0,0,0,0,0,0,0,inf,inf,NA,1,5,5,5,27,6,0,0,CONTINUE,0,A,1,1,0,KEEP_STRUCTURAL_IN_ON_CUT,2,3,0,0,"tail_cont_enabled=1 tail_active_dims=(1,) tail_delta=0.1 tail_start=(6, 6, 6) returned_y=(3, 0, 5) returned_b=(0, 0, 0) returned_u=(0, 0, 0) returned_zcap=(3, 0, 5) max_tail_u=0",NA
120,P1_no_rho,189,1696.409585300018,5.71030559996143,6.794117500074208,0.16724320000503212,0.01,53560.24612419285,53560.24612419285,-70396.79569855072,-51803.23942513918,0.0,-24203.570296493082,-75688.76644347879,-75688.75176544106,-50413.12664293174,-24203.570296493082,26209.556346438658,26209.55634643865,-25660.48308346903,37927.0,nan,nan,1.5000000000000002,10.0,0.0,0.0,10.0,0.85,CORE,MAIN,1.2108394907047952,0.24811533183003376,0.6,0.174,-50413.12664293174,STRUCTURAL,-0.8793782561582693,-196200.73404162377,28200.0,0,0,0,0,0,0,0,inf,inf,NA,1,5,5,5,27,6,0,0,CONTINUE,0,A,1,1,0,KEEP_STRUCTURAL_IN_ON_CUT,2,3,0,0,"tail_cont_enabled=1 tail_active_dims=(1,) tail_delta=0.1 tail_start=(6, 6, 6) returned_y=(3, 0, 5) returned_b=(0, 0, 0) returned_u=(0, 0, 0) returned_zcap=(3, 0, 5) max_tail_u=0",NA
120,P1_no_rho,190,1715.7524803999113,5.71030559996143,19.34247539995704,0.17951240006368607,0.01,40593.107430793105,40593.107430793105,-70396.79569855072,-53748.31022914914,0.0,-24203.570296493082,-72643.61042864659,-72643.59619344352,-50413.12664293174,-24203.570296493082,26209.556346438658,26209.55634643865,-24298.72149882086,36507.0,nan,nan,1.5000000000000002,10.0,0.0,0.0,10.0,0.85,CORE,MAIN,1.2112598325117316,0.25065432716614033,0.6,0.174,-50413.12664293174,STRUCTURAL,-0.8828420977643126,-196200.73404162377,28200.0,0,0,0,0,0,0,0,inf,inf,NA,1,5,5,5,27,6,0,0,CONTINUE,0,A,1,1,0,KEEP_STRUCTURAL_IN_ON_CUT,2,3,0,0,"tail_cont_enabled=1 tail_active_dims=(1,) tail_delta=0.1 tail_start=(6, 6, 6) returned_y=(0, 3, 5) returned_b=(0, 0, 0) returned_u=(0, 0, 0) returned_zcap=(0, 3, 5) max_tail_u=0",NA
120,P1_no_rho,191,1724.4116279999726,5.71030559996143,8.658478499972261,0.16688569996040314,0.01,31588.263426643174,31588.263426643174,-70396.79569855072,-55099.03682977163,0.0,-24203.570296493082,-71158.59880978665,-71158.58481806988,-50413.12664293174,-24203.570296493082,26209.556346438658,26209.55634643865,-23670.88314266581,36066.0,nan,nan,1.5000000000000002,10.0,0.0,0.0,10.0,0.85,CORE,MAIN,1.2121953189175083,0.2534718832056079,0.6,0.174,-50413.12664293174,STRUCTURAL,-0.8777925964510266,-196200.73404162377,28200.0,0,0,0,0,0,0,0,inf,inf,NA,1,5,5,5,27,6,0,0,CONTINUE,0,A,1,1,0,KEEP_STRUCTURAL_IN_ON_CUT,2,3,0,0,"tail_cont_enabled=1 tail_active_dims=(1,) tail_delta=0.1 tail_start=(6, 6, 6) returned_y=(0, 3, 5) returned_b=(0, 0, 0) returned_u=(0, 0, 0) returned_zcap=(0, 3, 5) max_tail_u=0",NA
120,P1_no_rho,192,1731.0264931999845,5.71030559996143,6.61451240000315,0.16376679996028543,0.01,68300.19513219871,68300.19513219871,-70396.79569855072,-49592.2470739383,0.0,-24203.570296493082,-73915.16007641364,-73915.14601675526,-50413.12664293174,-24203.570296493082,26209.556346438658,26209.55634643865,-24724.60209225184,38713.5,nan,nan,1.5000000000000002,10.0,0.0,0.0,10.0,0.85,CORE,MAIN,1.2126286604577157,0.2589691573980657,0.6,0.174,-50413.12664293174,STRUCTURAL,-0.8470868288754294,-196200.73404162377,28200.0,0,0,0,0,0,0,0,inf,inf,NA,1,5,5,5,27,6,0,0,CONTINUE,0,A,1,1,0,KEEP_STRUCTURAL_IN_ON_CUT,2,3,0,0,"tail_cont_enabled=1 tail_active_dims=(1,) tail_delta=0.1 tail_start=(6, 6, 6) returned_y=(6, 0, 1) returned_b=(1, 0, 0) returned_u=(0, 0, 0) returned_zcap=(6, 0, 1) max_tail_u=0",NA
120,P1_no_rho,193,1736.8973098999122,5.71030559996143,5.86985639994964,0.1536987000145018,0.01,62915.82724856381,62915.82724856381,-70396.79569855072,-50399.90225648353,0.0,-24203.570296493082,-75417.42490524537,-75417.41061400046,-50413.12664293174,-24203.570296493082,26209.556346438658,26209.55634643865,-24849.855979314325,38084.0,nan,nan,1.5000000000000002,10.0,0.0,0.0,10.0,0.85,CORE,MAIN,1.2126826832872881,0.2667237713912506,0.6,0.174,-50413.12664293174,STRUCTURAL,-0.8851933381417592,-196200.73404162377,28200.0,0,0,0,0,0,0,0,inf,inf,NA,1,5,5,5,27,6,0,0,CONTINUE,0,A,1,1,0,KEEP_STRUCTURAL_IN_ON_CUT,2,3,0,0,"tail_cont_enabled=1 tail_active_dims=(1,) tail_delta=0.1 tail_start=(6, 6, 6) returned_y=(6, 0, 1) returned_b=(1, 0, 0) returned_u=(0, 0, 0) returned_zcap=(6, 0, 1) max_tail_u=0",NA
120,P1_no_rho,194,1746.1829500999302,5.71030559996143,9.285015899920836,0.202496699988842,0.01,48385.34293897289,48385.34293897289,-70396.79569855072,-52579.47490292217,0.0,-24203.570296493082,-77273.88856922949,-77273.87391846237,-50413.12664293174,-24203.570296493082,26209.556346438658,26209.55634643865,-27077.58808650756,38696.5,nan,nan,1.5000000000000002,10.0,0.0,0.0,10.0,0.85,CORE,MAIN,1.2119759637699308,0.22659346820551107,0.6,0.174,-50413.12664293174,STRUCTURAL,-0.8647859768877428,-196200.73404162377,28200.0,0,0,0,0,0,0,0,inf,inf,NA,1,5,5,5,27,6,0,0,CONTINUE,0,A,1,1,0,KEEP_STRUCTURAL_IN_ON_CUT,2,3,0,0,"tail_cont_enabled=1 tail_active_dims=(1,) tail_delta=0.1 tail_start=(6, 6, 6) returned_y=(6, 0, 1) returned_b=(1, 0, 0) returned_u=(0, 0, 0) returned_zcap=(6, 0, 1) max_tail_u=0",NA
120,P1_no_rho,195,1762.6936589999823,5.71030559996143,16.510133699979633,0.16894229990430176,0.01,47449.00325107292,47449.00325107292,-70396.79569855072,-52719.92585610717,0.0,-24203.570296493082,-70331.68690330455,-70331.67317032567,-50413.12664293174,-24203.570296493082,26209.556346438658,26209.55634643865,-23408.40071331842,36188.5,nan,nan,1.5000000000000002,10.0,0.0,0.0,10.0,0.85,CORE,MAIN,1.212067670764403,0.2584119193957267,0.6,0.174,-50413.12664293174,STRUCTURAL,-0.864423273636786,-196200.73404162377,28200.0,0,0,0,0,0,0,0,inf,inf,NA,1,5,5,5,27,6,0,0,CONTINUE,0,A,1,1,0,KEEP_STRUCTURAL_IN_ON_CUT,2,3,0,0,"tail_cont_enabled=1 tail_active_dims=(1,) tail_delta=0.1 tail_start=(6, 6, 6) returned_y=(0, 3, 5) returned_b=(0, 0, 0) returned_u=(0, 0, 0) returned_zcap=(0, 3, 5) max_tail_u=0",NA
120,P1_no_rho,196,1770.2117781999987,5.71030559996143,7.517584500019439,0.17741510004270822,0.01,40632.299722991476,40632.299722991476,-70396.79569855072,-53742.43138531938,0.0,-24203.570296493082,-72601.6197335795,-72601.6059912013,-50413.12664293174,-24203.570296493082,26209.556346438658,26209.55634643865,-24538.67217964501,37914.0,nan,nan,1.5000000000000002,10.0,0.0,0.0,10.0,0.85,CORE,MAIN,1.2121914699927907,0.26871403648277403,0.6,0.174,-50413.12664293174,STRUCTURAL,-0.8451220096632075,-196200.73404162377,28200.0,0,0,0,0,0,0,0,inf,inf,NA,2,6,6,6,27,6,0,0,CONTINUE,0,A,1,1,0,KEEP_STRUCTURAL_IN_ON_CUT,2,3,0,0,"tail_cont_enabled=1 tail_active_dims=(1,) tail_delta=0.1 tail_start=(6, 6, 6) returned_y=(2, 0, 6) returned_b=(0, 0, 1) returned_u=(0, 0, 0) returned_zcap=(2, 0, 6) max_tail_u=0",NA
120,P1_no_rho,197,1777.9119471999584,5.71030559996143,7.699735000031069,0.16301370004657656,0.01,53201.46414463806,53201.46414463806,-70396.79569855072,-51857.0567220724,0.0,-24203.570296493082,-73439.01302935385,-73438.99873065835,-50413.12664293174,-24203.570296493082,26209.556346438658,26209.55634643865,-24449.888499963283,36917.5,nan,nan,1.5000000000000002,10.0,0.0,0.0,10.0,0.85,CORE,MAIN,1.212064422505949,0.2597618206345875,0.6,0.174,-50413.12664293174,STRUCTURAL,-0.8846592217908406,-196200.73404162377,28200.0,0,0,0,0,0,0,0,inf,inf,NA,1,5,5,5,27,6,0,0,CONTINUE,0,A,1,1,0,KEEP_STRUCTURAL_IN_ON_CUT,2,3,0,0,"tail_cont_enabled=1 tail_active_dims=(1,) tail_delta=0.1 tail_start=(6, 6, 6) returned_y=(0, 3, 5) returned_b=(0, 0, 0) returned_u=(0, 0, 0) returned_zcap=(0, 3, 5) max_tail_u=0",NA
120,P1_no_rho,198,1784.7106711999513,5.71030559996143,6.798096899990924,0.15446550003252923,0.01,57656.58055604311,57656.58055604311,-70396.79569855072,-51188.789260361635,0.0,-24203.570296493082,-73938.38646797898,-73938.3720144011,-50413.12664293174,-24203.570296493082,26209.556346438658,26209.55634643865,-24896.01113007104,37249.5,nan,nan,1.5000000000000002,10.0,0.0,0.0,10.0,0.85,CORE,MAIN,1.2118766424758416,0.2445106893928784,0.6,0.174,-50413.12664293174,STRUCTURAL,-0.877727412615472,-196200.73404162377,28200.0,0,0,0,0,0,0,0,inf,inf,NA,1,5,5,5,27,6,0,0,CONTINUE,0,A,1,1,0,KEEP_STRUCTURAL_IN_ON_CUT,2,3,0,0,"tail_cont_enabled=1 tail_active_dims=(1,) tail_delta=0.1 tail_start=(6, 6, 6) returned_y=(3, 0, 5) returned_b=(0, 0, 0) returned_u=(0, 0, 0) returned_zcap=(3, 0, 5) max_tail_u=0",NA
120,P1_no_rho,199,1792.21654579998,5.71030559996143,7.505293500027619,0.15958259999752045,0.01,50002.00918373905,50002.00918373905,-70396.79569855072,-52336.97496620725,0.0,-24203.570296493082,-73191.50988553389,-73191.49561121372,-50413.12664293174,-24203.570296493082,26209.556346438658,26209.55634643865,-24893.514969774154,37932.0,nan,nan,1.5000000000000002,10.0,0.0,0.0,10.0,0.85,CORE,MAIN,1.2119419743251445,0.26183471843362294,0.6,0.174,-50413.12664293174,STRUCTURAL,-0.848851992010959,-196200.73404162377,28200.0,0,0,0,0,0,0,0,inf,inf,NA,1,5,5,5,27,6,0,0,CONTINUE,0,A,1,1,0,KEEP_STRUCTURAL_IN_ON_CUT,2,3,0,0,"tail_cont_enabled=1 tail_active_dims=(1,) tail_delta=0.1 tail_start=(6, 6, 6) returned_y=(3, 0, 5) returned_b=(0, 0, 0) returned_u=(0, 0, 0) returned_zcap=(3, 0, 5) max_tail_u=0",NA
