S,algo,t,wall_time_sec,init_time_sec,outer_iter_time_sec,inner_time_sec,eps_in_t,eta_t_star,eta_out,eta_in,eta_sep,eta_cap,eta_bracket,inner_lb,inner_ub,global_lb,global_ub,outer_gap,objective_cert_gap,best_ub_primal_obj,best_ub_primal_residual,returned_primal_obj,returned_primal_residual,lambda_inf,lambda_out_inf,lambda_in_inf,rho,theta,alpha_eff,phase_label,phase_reason,center_inf,center_step,anchor_mix,directional_beta,dual_inc_eta,sep_anchor_reason,alpha_signal,best_feas_eta,best_feas_residual,close_signal_streak,close_lock_counter,close_bc_count,close_case_c_count,close_reset_count,close_feas_lock_count,close_shadow_active,close_repaired_gap,close_repaired_residual,close_repaired_tag,inner_rnc_iters,inner_eval_calls,num_rnc_samples,num_rnc_kept_cuts,num_master_cuts,cut_added,outer_gap_certified,final_solution_found,stop_reason,sep_ok,case_label,sep_cut,out_cut,mispricing_streak,in_update_reason,add_geo,add_sup,add_rep,cap_promoted,z_best_ub,returned_z
120,P1_no_rho,1,14.636160900001414,5.595026399940252,9.041024500038475,4.1877697999589145,0.01,0.0,0.0,-69516.0103330139,0.0,0.0,-25442.868183585862,-69516.0103330139,-69515.99965125954,-69516.0103330139,-25442.868183585862,44073.14214942804,44073.14214942802,-69515.99965125952,73080.0,nan,nan,0.0,0.0,0.0,0.0,10.0,0.0,HEADING_IN,WARMUP,0.0,0.0,0.8,0.0,-69516.0103330139,BOOT_NONE,0.0,-69516.0103330139,73080.0,0,0,0,0,0,0,0,inf,inf,NA,1,2,2,2,2,5,0,0,CONTINUE,0,A,1,1,0,BOOT_VALID_FROM_CUT,2,2,0,0,"tail_cont_enabled=1 tail_active_dims=(1,) tail_delta=0.1 tail_start=(6, 6, 6) returned_y=(0, 0, 0) returned_b=(0, 0, 0) returned_u=(0, 0, 0) returned_zcap=(0, 0, 0) max_tail_u=0",NA
120,P1_no_rho,2,19.83487659995444,5.595026399940252,5.198179599945433,1.4890509999822825,0.01,445364.0003487405,445364.0003487405,-69516.0103330139,290899.99714421417,0.0,-25442.868183585862,-183607.82080494933,-183607.74400557985,-69516.0103330139,-25442.868183585862,44073.14214942804,44073.14214942802,1192.255994420153,26400.0,nan,nan,7.0,10.0,0.0,0.0,10.0,0.3,HEADING_IN,WARMUP,0.2736764400091941,0.2736764400091941,0.8,0.0,-69516.0103330139,STRUCTURAL,-1.0,-183607.82080494933,26400.0,0,0,0,0,0,0,0,inf,inf,NA,2,3,3,3,4,7,0,0,CONTINUE,0,A,1,1,0,KEEP_STRUCTURAL_IN_ON_CUT,2,3,1,0,"tail_cont_enabled=1 tail_active_dims=(1,) tail_delta=0.1 tail_start=(6, 6, 6) returned_y=(4, 0, 4) returned_b=(0, 0, 0) returned_u=(0, 0, 0) returned_zcap=(4, 0, 4) max_tail_u=0",NA
120,P1_no_rho,3,24.16199069994036,5.595026399940252,4.326603599940427,0.14767179999034852,0.01,49112.25599442015,49112.25599442015,-69516.0103330139,13523.776096189937,0.0,-25442.868183585862,-396359.25776324945,-396359.18480196694,-69516.0103330139,-25442.868183585862,44073.14214942804,44073.14214942802,-28519.252377468983,55453.0,nan,nan,7.0,10.0,0.0,0.0,10.0,0.3,HEADING_IN,WARMUP,0.4882148114926808,0.2297859069921402,0.8,0.0,-69516.0103330139,STRUCTURAL,-0.9476234247908731,-183607.82080494933,26400.0,0,0,0,0,0,0,0,inf,inf,NA,2,4,4,4,8,7,0,0,CONTINUE,0,A,1,1,0,KEEP_STRUCTURAL_IN_ON_CUT,2,3,1,0,"tail_cont_enabled=1 tail_active_dims=(1,) tail_delta=0.1 tail_start=(6, 6, 6) returned_y=(1, 6, 0) returned_b=(0, 1, 0) returned_u=(0, 0.1, 0) returned_zcap=(1, 6.1, 0) max_tail_u=0.1",NA
120,P1_no_rho,4,28.87049180001486,5.595026399940252,4.708216400002129,0.16278949996922165,0.01,-6148.584260755504,-6148.584260755504,-69516.0103330139,-25158.81208243302,0.0,-25442.868183585862,-136235.44977301243,-136235.4220372416,-69516.0103330139,-25442.868183585862,44073.14214942804,44073.14214942802,-56823.05586294397,52676.0,nan,nan,7.0,10.0,0.0,0.0,10.0,0.3,HEADING_IN,WARMUP,1.0081008042408335,0.5492935679459714,0.8,0.0,-69516.0103330139,STRUCTURAL,-0.2153660820712541,-183607.82080494933,26400.0,0,0,0,0,0,0,0,inf,inf,NA,2,5,5,5,12,7,0,0,CONTINUE,0,A,1,1,0,KEEP_STRUCTURAL_IN_ON_CUT,2,3,1,0,"tail_cont_enabled=1 tail_active_dims=(1,) tail_delta=0.1 tail_start=(6, 6, 6) returned_y=(0, 6, 0) returned_b=(0, 1, 0) returned_u=(0, 0.1, 0) returned_zcap=(0, 6.1, 0) max_tail_u=0.1",NA
120,P1_no_rho,5,42.66165159991942,5.595026399940252,13.790678399964236,0.1664558999473229,0.01,-9249.967032179955,-9249.967032179955,-69516.0103330139,-27329.78002243014,0.0,-25442.868183585862,-212872.5118186052,-212872.4608401356,-69516.0103330139,-25442.868183585862,44073.14214942804,44073.14214942802,-44428.89002981506,45910.0,nan,nan,7.0,10.0,0.0,0.0,10.0,0.3,HEADING_IN,WARMUP,1.211549916249953,0.5190257393425035,0.8,0.0,-69516.0103330139,STRUCTURAL,-0.5241421750951256,-183607.82080494933,26400.0,0,0,0,0,0,0,0,inf,inf,NA,1,5,5,5,16,6,0,0,CONTINUE,0,A,1,1,0,KEEP_STRUCTURAL_IN_ON_CUT,2,3,0,0,"tail_cont_enabled=1 tail_active_dims=(1,) tail_delta=0.1 tail_start=(6, 6, 6) returned_y=(1, 6, 0) returned_b=(0, 1, 0) returned_u=(0, 0.1, 0) returned_zcap=(1, 6.1, 0) max_tail_u=0.1",NA
120,P1_no_rho,6,45.45051989995409,5.595026399940252,2.788373799994588,0.1923166000051424,0.01,-9746.668088851255,-9746.668088851255,-69516.0103330139,-27677.47076210005,0.0,-25442.868183585862,-278333.8041504518,-278333.7350770873,-69516.0103330139,-25442.868183585862,44073.14214942804,44073.14214942802,-35737.49819204099,39124.5,nan,nan,7.0,10.0,0.0,0.0,10.0,0.3,HEADING_IN,WARMUP,1.5479821486788936,0.400965630783759,0.8,0.0,-69516.0103330139,STRUCTURAL,-0.8858031481371602,-183607.82080494933,26400.0,0,0,0,0,0,0,0,inf,inf,NA,1,5,5,5,19,6,0,0,CONTINUE,0,A,1,1,0,KEEP_STRUCTURAL_IN_ON_CUT,2,3,0,0,"tail_cont_enabled=1 tail_active_dims=(1,) tail_delta=0.1 tail_start=(6, 6, 6) returned_y=(1, 6, 0) returned_b=(0, 1, 0) returned_u=(0, 0.1, 0) returned_zcap=(1, 6.1, 0) max_tail_u=0.1",NA
120,P1_no_rho,7,50.84088339994196,5.595026399940252,5.389878700021654,0.15872990002389997,0.01,-11254.390882036929,-11254.390882036929,-69516.0103330139,-28732.87671733002,0.0,-25442.868183585862,-264356.9062702494,-264356.83979258465,-69516.0103330139,-25442.868183585862,44073.14214942804,44073.14214942802,-35757.804721802735,45103.0,nan,nan,7.0,10.0,0.0,0.0,10.0,0.3,HEADING_IN,WARMUP,1.9067790860632,0.7235501346299029,0.8,0.0,-69516.0103330139,STRUCTURAL,-0.7240539434208745,-183607.82080494933,26400.0,0,0,0,0,0,0,0,inf,inf,NA,1,5,5,5,21,6,0,0,CONTINUE,0,A,1,1,0,KEEP_STRUCTURAL_IN_ON_CUT,2,3,0,0,"tail_cont_enabled=1 tail_active_dims=(1,) tail_delta=0.1 tail_start=(6, 6, 6) returned_y=(1, 6, 0) returned_b=(0, 1, 0) returned_u=(0, 0.1, 0) returned_zcap=(1, 6.1, 0) max_tail_u=0.1",NA
120,P1_no_rho,8,56.94604609999806,5.595026399940252,6.104668000014499,0.18796820007264614,0.01,-4844.275451468096,-4844.275451468096,-69516.0103330139,-24245.795915931838,0.0,-25442.868183585862,-346990.10962586856,-346990.037036996,-69516.0103330139,-25442.868183585862,44073.14214942804,44073.14214942802,-41440.20726299471,48970.0,nan,nan,7.0,10.0,0.0,0.0,10.0,0.3,HEADING_IN,WARMUP,2.207824625172161,0.7320927996151083,0.8,0.0,-69516.0103330139,STRUCTURAL,-0.8913615618133589,-183607.82080494933,26400.0,0,0,0,0,0,0,0,inf,inf,NA,2,6,6,6,21,7,0,0,CONTINUE,0,A,1,1,0,KEEP_STRUCTURAL_IN_ON_CUT,2,3,1,0,"tail_cont_enabled=1 tail_active_dims=(1,) tail_delta=0.1 tail_start=(6, 6, 6) returned_y=(4, 0, 4) returned_b=(0, 0, 0) returned_u=(0, 0, 0) returned_zcap=(4, 0, 4) max_tail_u=0",NA
120,P1_no_rho,9,61.56049179995898,5.595026399940252,4.613853299990296,0.17145010002423078,0.01,177935.8444134848,177935.8444134848,-69516.0103330139,-32398.23212103909,0.0,-25442.868183585862,-44583.67635645706,-44583.66763554859,-44583.67635645706,-25442.868183585862,19140.808172871195,19140.808172871188,-11345.613184026835,28789.0,nan,nan,1.5000000000000002,10.0,0.0,0.0,10.0,0.85,CORE,FORCE_CORE,1.8348373994960736,1.05621901407517,0.6,0.174,-44583.67635645706,STRUCTURAL,-0.7696933887137856,-183607.82080494933,26400.0,0,0,0,0,0,0,0,inf,inf,NA,1,5,5,5,22,6,0,0,CONTINUE,0,A,1,1,0,KEEP_STRUCTURAL_IN_ON_CUT,2,3,0,0,"tail_cont_enabled=1 tail_active_dims=(1,) tail_delta=0.1 tail_start=(6, 6, 6) returned_y=(4, 0, 4) returned_b=(0, 0, 0) returned_u=(0, 0, 0) returned_zcap=(4, 0, 4) max_tail_u=0",NA
120,P1_no_rho,10,74.16476800001692,5.595026399940252,12.603769000037573,0.16443150001578033,0.01,46919.18866692869,46919.18866692869,-69516.0103330139,-52050.730483022504,0.0,-25442.868183585862,-89652.62459153603,-89652.60862679563,-44583.67635645706,-25442.868183585862,19140.808172871195,19140.808172871188,-41892.86827938858,40046.0,nan,nan,1.5000000000000002,10.0,0.0,0.0,10.0,0.85,CORE,FORCE_CORE,1.5333846807538796,0.7134791210673854,0.6,0.12,-44583.67635645706,STRUCTURAL,-0.7950813289285159,-183607.82080494933,26400.0,0,0,0,0,0,0,0,inf,inf,NA,1,5,5,5,22,6,0,0,CONTINUE,0,A,1,1,0,KEEP_STRUCTURAL_IN_ON_CUT,2,3,0,0,"tail_cont_enabled=1 tail_active_dims=(1,) tail_delta=0.1 tail_start=(6, 6, 6) returned_y=(2, 0, 6) returned_b=(0, 0, 1) returned_u=(0, 0, 0) returned_zcap=(2, 0, 6) max_tail_u=0",NA
120,P1_no_rho,11,80.12933849997353,5.595026399940252,5.964045900036581,0.18496959994081408,0.01,33244.385200287004,33244.385200287004,-69516.0103330139,-54101.95100301876,0.0,-25442.868183585862,-88780.19195517193,-88780.1766862447,-44583.67635645706,-25442.868183585862,19140.808172871195,19140.808172871188,-36372.522465530186,42739.5,nan,nan,1.5000000000000002,10.0,0.0,0.0,10.0,0.85,CORE,FORCE_CORE,1.3777507608507555,0.47161045134338164,0.6,0.13799999999999998,-44583.67635645706,STRUCTURAL,-0.8174741432900015,-183607.82080494933,26400.0,0,0,0,0,0,0,0,inf,inf,NA,2,6,6,6,22,7,0,0,CONTINUE,0,A,1,1,0,KEEP_STRUCTURAL_IN_ON_CUT,2,3,1,0,"tail_cont_enabled=1 tail_active_dims=(1,) tail_delta=0.1 tail_start=(6, 6, 6) returned_y=(0, 6, 1) returned_b=(0, 1, 0) returned_u=(0, 0.1, 0) returned_zcap=(0, 6.1, 1) max_tail_u=0.1",NA
120,P1_no_rho,12,83.74041760002729,5.595026399940252,3.610684600076638,0.1537633000407368,0.01,17557.36555363659,17557.36555363659,-69516.0103330139,-56455.003950016326,0.0,-25442.868183585862,-84133.17141858189,-84133.15659184253,-44583.67635645706,-25442.868183585862,19140.808172871195,19140.808172871188,-35810.59246136134,39583.5,nan,nan,1.5000000000000002,10.0,0.0,0.0,10.0,0.85,CORE,FORCE_CORE,1.2798208254666283,0.33623715785489394,0.6,0.156,-44583.67635645706,STRUCTURAL,-0.8138502849332196,-183607.82080494933,26400.0,0,0,0,0,0,0,0,inf,inf,NA,1,5,5,5,23,6,0,0,CONTINUE,0,A,1,1,0,KEEP_STRUCTURAL_IN_ON_CUT,2,3,0,0,"tail_cont_enabled=1 tail_active_dims=(1,) tail_delta=0.1 tail_start=(6, 6, 6) returned_y=(0, 6, 1) returned_b=(0, 1, 0) returned_u=(0, 0.1, 0) returned_zcap=(0, 6.1, 1) max_tail_u=0.1",NA
120,P1_no_rho,13,89.3674443999771,5.595026399940252,5.626049599959515,0.1665699000004679,0.01,29326.28780265981,29326.28780265981,-69516.0103330139,-54689.66561266284,0.0,-25442.868183585862,-87210.97282945226,-87210.95738159702,-44583.67635645706,-25442.868183585862,19140.808172871195,19140.808172871188,-34659.98354273275,40391.0,nan,nan,1.5000000000000002,10.0,0.0,0.0,10.0,0.85,CORE,FORCE_CORE,1.2177551096429104,0.26059002044053037,0.6,0.174,-44583.67635645706,STRUCTURAL,-0.8673710123354913,-183607.82080494933,26400.0,0,0,0,0,0,0,0,inf,inf,NA,1,5,5,5,23,6,0,0,CONTINUE,0,A,1,1,0,KEEP_STRUCTURAL_IN_ON_CUT,2,3,0,0,"tail_cont_enabled=1 tail_active_dims=(1,) tail_delta=0.1 tail_start=(6, 6, 6) returned_y=(0, 6, 1) returned_b=(0, 1, 0) returned_u=(0, 0.1, 0) returned_zcap=(0, 6.1, 1) max_tail_u=0.1",NA
120,P1_no_rho,14,94.1955781999277,5.595026399940252,4.827442199923098,0.17258900008164346,0.01,24403.92542850249,24403.92542850249,-69516.0103330139,-55428.01996878644,0.0,-25442.868183585862,-87793.35403445821,-87793.33839198374,-44583.67635645706,-25442.868183585862,19140.808172871195,19140.808172871188,-37702.68479375365,40647.5,nan,nan,1.5000000000000002,10.0,0.0,0.0,10.0,0.85,CORE,FORCE_CORE,1.1794956305910267,0.23640690180121904,0.6,0.174,-44583.67635645706,STRUCTURAL,-0.8215454595113281,-183607.82080494933,26400.0,0,0,0,0,0,0,0,inf,inf,NA,1,5,5,5,23,6,0,0,CONTINUE,0,A,1,1,0,KEEP_STRUCTURAL_IN_ON_CUT,2,3,0,0,"tail_cont_enabled=1 tail_active_dims=(1,) tail_delta=0.1 tail_start=(6, 6, 6) returned_y=(0, 6, 1) returned_b=(0, 1, 0) returned_u=(0, 0.1, 0) returned_zcap=(0, 6.1, 1) max_tail_u=0.1",NA
120,P1_no_rho,15,107.03807260002941,5.595026399940252,12.84189989999868,0.15458470000885427,0.01,13724.440784907012,13724.440784907012,-69516.0103330139,-57029.94266532576,0.0,-25442.868183585862,-80500.2804224335,-80500.265984189,-44583.67635645706,-25442.868183585862,19140.808172871195,19140.808172871188,-35079.80672972537,38337.0,nan,nan,1.5000000000000002,10.0,0.0,0.0,10.0,0.85,CORE,MAIN,1.190174569118017,0.27037400146105706,0.6,0.174,-44583.67635645706,STRUCTURAL,-0.789845480075186,-183607.82080494933,26400.0,0,0,0,0,0,0,0,inf,inf,NA,1,5,5,5,23,6,0,0,CONTINUE,0,A,1,1,0,KEEP_STRUCTURAL_IN_ON_CUT,2,3,0,0,"tail_cont_enabled=1 tail_active_dims=(1,) tail_delta=0.1 tail_start=(6, 6, 6) returned_y=(0, 6, 1) returned_b=(0, 1, 0) returned_u=(0, 0.1, 0) returned_zcap=(0, 6.1, 1) max_tail_u=0.1",NA
120,P1_no_rho,16,110.74419559992384,5.595026399940252,3.705747399944812,0.1778462000656873,0.01,169726.0663920576,169726.0663920576,-69516.0103330139,-33629.698824253166,0.0,-25442.868183585862,-63328.1020526986,-63328.09087538964,-44583.67635645706,-25442.868183585862,19140.808172871195,19140.808172871188,-16414.6154034351,34497.0,nan,nan,1.5000000000000002,10.0,0.0,0.0,10.0,0.85,CORE,MAIN,1.1891164910676206,0.28026517815840424,0.6,0.174,-44583.67635645706,STRUCTURAL,-0.9066194253018046,-183607.82080494933,26400.0,0,0,0,0,0,0,0,inf,inf,NA,2,6,6,6,23,6,0,0,CONTINUE,0,A,1,1,0,KEEP_STRUCTURAL_IN_ON_CUT,2,3,0,0,"tail_cont_enabled=1 tail_active_dims=(1,) tail_delta=0.1 tail_start=(6, 6, 6) returned_y=(6, 0, 2) returned_b=(1, 0, 0) returned_u=(0, 0, 0) returned_zcap=(6, 0, 2) max_tail_u=0",NA
120,P1_no_rho,17,116.19736510002986,5.595026399940252,5.45262300001923,0.16149319999385625,0.01,55570.638329625144,55570.638329625144,-69516.0103330139,-50753.01303361804,0.0,-25442.868183585862,-77260.09279432333,-77260.0784619553,-44583.67635645706,-25442.868183585862,19140.808172871195,19140.808172871188,-31866.799833429952,35695.5,nan,nan,1.5000000000000002,10.0,0.0,0.0,10.0,0.85,CORE,MAIN,1.1884855984887543,0.2279135697677135,0.6,0.174,-44583.67635645706,STRUCTURAL,-0.8477871370999209,-183607.82080494933,26400.0,0,0,0,0,0,0,0,inf,inf,NA,1,5,5,5,23,6,0,0,CONTINUE,0,A,1,1,0,KEEP_STRUCTURAL_IN_ON_CUT,2,3,0,0,"tail_cont_enabled=1 tail_active_dims=(1,) tail_delta=0.1 tail_start=(6, 6, 6) returned_y=(6, 0, 2) returned_b=(1, 0, 0) returned_u=(0, 0, 0) returned_zcap=(6, 0, 2) max_tail_u=0",NA
120,P1_no_rho,18,120.91396609996445,5.595026399940252,4.716062500025146,0.1512858000351116,0.01,40297.63964810286,40297.63964810286,-69516.0103330139,-53043.96283584638,0.0,-25442.868183585862,-72485.32483499288,-72485.31158114928,-44583.67635645706,-25442.868183585862,19140.808172871195,19140.808172871188,-29221.827562299728,36112.0,nan,nan,1.5000000000000002,10.0,0.0,0.0,10.0,0.85,CORE,MAIN,1.1894139707842606,0.2576846916445641,0.6,0.174,-44583.67635645706,STRUCTURAL,-0.7986908141125674,-183607.82080494933,26400.0,0,0,0,0,0,0,0,inf,inf,NA,1,5,5,5,23,6,0,0,CONTINUE,0,A,1,1,0,KEEP_STRUCTURAL_IN_ON_CUT,2,3,0,0,"tail_cont_enabled=1 tail_active_dims=(1,) tail_delta=0.1 tail_start=(6, 6, 6) returned_y=(0, 6, 1) returned_b=(0, 1, 0) returned_u=(0, 0.1, 0) returned_zcap=(0, 6.1, 1) max_tail_u=0.1",NA
120,P1_no_rho,19,126.53250329999719,5.595026399940252,5.617993299965747,0.16129219997674227,0.01,38422.86875801828,38422.86875801828,-69516.0103330139,-53325.17846935907,0.0,-25442.868183585862,-72604.56813015333,-72604.55494953733,-44583.67635645706,-25442.868183585862,19140.808172871195,19140.808172871188,-29592.435810533596,35450.5,nan,nan,1.5000000000000002,10.0,0.0,0.0,10.0,0.85,CORE,MAIN,1.1911623989374998,0.26610455943479083,0.6,0.174,-44583.67635645706,STRUCTURAL,-0.8088671836129012,-183607.82080494933,26400.0,0,0,0,0,0,0,0,inf,inf,NA,1,5,5,5,23,6,0,0,CONTINUE,0,A,1,1,0,KEEP_STRUCTURAL_IN_ON_CUT,2,3,0,0,"tail_cont_enabled=1 tail_active_dims=(1,) tail_delta=0.1 tail_start=(6, 6, 6) returned_y=(0, 6, 1) returned_b=(0, 1, 0) returned_u=(0, 0.1, 0) returned_zcap=(0, 6.1, 1) max_tail_u=0.1",NA
120,P1_no_rho,20,137.2732119000284,5.595026399940252,10.740279800025746,0.15055860008578748,0.01,42461.67050054361,42461.67050054361,-69516.0103330139,-52719.35820798027,0.0,-25442.868183585862,-73642.90732543945,-73642.8938550919,-44583.67635645706,-25442.868183585862,19140.808172871195,19140.808172871188,-29772.805407024694,35281.5,nan,nan,1.5000000000000002,10.0,0.0,0.0,10.0,0.85,CORE,MAIN,1.1930233112944073,0.26315822227722263,0.6,0.174,-44583.67635645706,STRUCTURAL,-0.8289535771450985,-183607.82080494933,26400.0,0,0,0,0,0,0,0,inf,inf,NA,1,5,5,5,23,6,0,0,CONTINUE,0,A,1,1,0,KEEP_STRUCTURAL_IN_ON_CUT,2,3,0,0,"tail_cont_enabled=1 tail_active_dims=(1,) tail_delta=0.1 tail_start=(6, 6, 6) returned_y=(0, 6, 1) returned_b=(0, 1, 0) returned_u=(0, 0.1, 0) returned_zcap=(0, 6.1, 1) max_tail_u=0.1",NA
120,P1_no_rho,21,141.66167880001012,5.595026399940252,4.387921700021252,0.15793440002016723,0.01,21700.154833940116,21700.154833940116,-69516.0103330139,-55833.58555797079,0.0,-25442.868183585862,-69255.98007444991,-69255.96737681101,-44583.67635645706,-25442.868183585862,19140.808172871195,19140.808172871188,-26548.81897808158,33809.5,nan,nan,1.5000000000000002,10.0,0.0,0.0,10.0,0.85,CORE,MAIN,1.1956109631886718,0.25905552590141645,0.6,0.174,-44583.67635645706,STRUCTURAL,-0.8421133783646496,-183607.82080494933,26400.0,0,0,0,0,0,0,0,inf,inf,NA,1,5,5,5,23,6,0,0,CONTINUE,0,A,1,1,0,KEEP_STRUCTURAL_IN_ON_CUT,2,3,0,0,"tail_cont_enabled=1 tail_active_dims=(1,) tail_delta=0.1 tail_start=(6, 6, 6) returned_y=(0, 6, 1) returned_b=(0, 1, 0) returned_u=(0, 0.1, 0) returned_zcap=(0, 6.1, 1) max_tail_u=0.1",NA
120,P1_no_rho,22,147.82085409993306,5.595026399940252,6.1585824999492615,0.1612398000434041,0.01,32724.924585281442,32724.924585281442,-69516.0103330139,-54179.870095269594,0.0,-25442.868183585862,-77089.10531940577,-77089.09130490363,-44583.67635645706,-25442.868183585862,19140.808172871195,19140.808172871188,-31772.832768328473,36722.5,nan,nan,1.5000000000000002,10.0,0.0,0.0,10.0,0.85,CORE,MAIN,1.2002520715794673,0.2596905684071579,0.6,0.174,-44583.67635645706,STRUCTURAL,-0.822679257250553,-183607.82080494933,26400.0,0,0,0,0,0,0,0,inf,inf,NA,1,5,5,5,23,6,0,0,CONTINUE,0,A,1,1,0,KEEP_STRUCTURAL_IN_ON_CUT,2,3,0,0,"tail_cont_enabled=1 tail_active_dims=(1,) tail_delta=0.1 tail_start=(6, 6, 6) returned_y=(6, 0, 2) returned_b=(1, 0, 0) returned_u=(0, 0, 0) returned_zcap=(6, 0, 2) max_tail_u=0",NA
120,P1_no_rho,23,153.72790749999695,5.595026399940252,5.905022499966435,0.15007309999782592,0.01,112093.6549032503,112093.6549032503,-69516.0103330139,-42274.56054757426,0.0,-25442.868183585862,-65187.71434225433,-65187.70243504549,-44583.67635645706,-25442.868183585862,19140.808172871195,19140.808172871188,-20396.25941702199,33241.0,nan,nan,1.5000000000000002,10.0,0.0,0.0,10.0,0.85,CORE,MAIN,1.202381352329053,0.27195737044401647,0.6,0.174,-44583.67635645706,STRUCTURAL,-0.8983171990017047,-183607.82080494933,26400.0,0,0,0,0,0,0,0,inf,inf,NA,1,5,5,5,23,6,0,0,CONTINUE,0,A,1,1,0,KEEP_STRUCTURAL_IN_ON_CUT,2,3,0,0,"tail_cont_enabled=1 tail_active_dims=(1,) tail_delta=0.1 tail_start=(6, 6, 6) returned_y=(6, 0, 2) returned_b=(1, 0, 0) returned_u=(0, 0, 0) returned_zcap=(6, 0, 2) max_tail_u=0",NA
120,P1_no_rho,24,157.94771500001661,5.595026399940252,4.219188800081611,0.16553210001438856,0.01,58452.94890587499,58452.94890587499,-69516.0103330139,-50320.66644718056,0.0,-25442.868183585862,-81206.98814236504,-81206.97359108331,-44583.67635645706,-25442.868183585862,19140.808172871195,19140.808172871188,-31414.572321372114,38080.0,nan,nan,1.5000000000000002,10.0,0.0,0.0,10.0,0.85,CORE,MAIN,1.2013537343052452,0.24293933326756578,0.6,0.174,-44583.67635645706,STRUCTURAL,-0.8717157085033475,-183607.82080494933,26400.0,0,0,0,0,0,0,0,inf,inf,NA,1,5,5,5,23,6,0,0,CONTINUE,0,A,1,1,0,KEEP_STRUCTURAL_IN_ON_CUT,2,3,0,0,"tail_cont_enabled=1 tail_active_dims=(1,) tail_delta=0.1 tail_start=(6, 6, 6) returned_y=(6, 0, 2) returned_b=(1, 0, 0) returned_u=(0, 0, 0) returned_zcap=(6, 0, 2) max_tail_u=0",NA
120,P1_no_rho,25,173.04345270001795,5.595026399940252,15.095404600026086,0.16263839998282492,0.01,42298.25677935901,42298.25677935901,-69516.0103330139,-52743.87026615796,0.0,-25442.868183585862,-64262.69562183126,-64262.68358118958,-44583.67635645706,-25442.868183585862,19140.808172871195,19140.808172871188,-23375.123658818746,32907.0,nan,nan,1.5000000000000002,10.0,0.0,0.0,10.0,0.85,CORE,MAIN,1.2023968869749895,0.2746468229614879,0.6,0.174,-44583.67635645706,STRUCTURAL,-0.8283457404680025,-183607.82080494933,26400.0,0,0,0,0,0,0,0,inf,inf,NA,1,5,5,5,23,6,0,0,CONTINUE,0,A,1,1,0,KEEP_STRUCTURAL_IN_ON_CUT,2,3,0,0,"tail_cont_enabled=1 tail_active_dims=(1,) tail_delta=0.1 tail_start=(6, 6, 6) returned_y=(0, 6, 1) returned_b=(0, 1, 0) returned_u=(0, 0.1, 0) returned_zcap=(0, 6.1, 1) max_tail_u=0.1",NA
120,P1_no_rho,26,178.64321629994083,5.595026399940252,5.599119400023483,0.15266370004974306,0.01,32378.10170445889,32378.10170445889,-69516.0103330139,-54231.89352739298,0.0,-25442.868183585862,-64939.53766958349,-64939.52574272168,-44583.67635645706,-25442.868183585862,19140.808172871195,19140.808172871188,-23632.357128492342,32783.0,nan,nan,1.5000000000000002,10.0,0.0,0.0,10.0,0.85,CORE,MAIN,1.2044834565933145,0.2683297328445946,0.6,0.174,-44583.67635645706,STRUCTURAL,-0.8400119699077634,-183607.82080494933,26400.0,0,0,0,0,0,0,0,inf,inf,NA,1,5,5,5,23,6,0,0,CONTINUE,0,A,1,1,0,KEEP_STRUCTURAL_IN_ON_CUT,2,3,0,0,"tail_cont_enabled=1 tail_active_dims=(1,) tail_delta=0.1 tail_start=(6, 6, 6) returned_y=(0, 6, 1) returned_b=(0, 1, 0) returned_u=(0, 0.1, 0) returned_zcap=(0, 6.1, 1) max_tail_u=0.1",NA
120,P1_no_rho,27,183.15040969999973,5.595026399940252,4.506638600025326,0.15160260000266135,0.01,23299.071086492317,23299.071086492317,-69516.0103330139,-55593.74812008796,0.0,-25442.868183585862,-65061.78747012792,-65061.775345042624,-44583.67635645706,-25442.868183585862,19140.808172871195,19140.808172871188,-24790.065658062056,32596.0,nan,nan,1.5000000000000002,10.0,0.0,0.0,10.0,0.85,CORE,MAIN,1.2065824903875864,0.28223584949327907,0.6,0.174,-44583.67635645706,STRUCTURAL,-0.8236534071047688,-183607.82080494933,26400.0,0,0,0,0,0,0,0,inf,inf,NA,1,5,5,5,23,6,0,0,CONTINUE,0,A,1,1,0,KEEP_STRUCTURAL_IN_ON_CUT,2,3,0,0,"tail_cont_enabled=1 tail_active_dims=(1,) tail_delta=0.1 tail_start=(6, 6, 6) returned_y=(0, 6, 1) returned_b=(0, 1, 0) returned_u=(0, 0.1, 0) returned_zcap=(0, 6.1, 1) max_tail_u=0.1",NA
120,P1_no_rho,28,188.6751677999273,5.595026399940252,5.524222999927588,0.15407120005693287,0.01,28634.44826975693,28634.44826975693,-69516.0103330139,-54793.44154259827,0.0,-25442.868183585862,-69371.81946320404,-69371.80674588813,-44583.67635645706,-25442.868183585862,19140.808172871195,19140.808172871188,-27304.675741686726,34081.5,nan,nan,1.5000000000000002,10.0,0.0,0.0,10.0,0.85,CORE,MAIN,1.2079023197688914,0.2557816448321153,0.6,0.174,-44583.67635645706,STRUCTURAL,-0.8228732304270916,-183607.82080494933,26400.0,0,0,0,0,0,0,0,inf,inf,NA,1,5,5,5,23,6,0,0,CONTINUE,0,A,1,1,0,KEEP_STRUCTURAL_IN_ON_CUT,2,3,0,0,"tail_cont_enabled=1 tail_active_dims=(1,) tail_delta=0.1 tail_start=(6, 6, 6) returned_y=(0, 6, 1) returned_b=(0, 1, 0) returned_u=(0, 0.1, 0) returned_zcap=(0, 6.1, 1) max_tail_u=0.1",NA
120,P1_no_rho,29,194.35892979998607,5.595026399940252,5.683265600004233,0.14915519999340177,0.01,29445.45704129006,29445.45704129006,-69516.0103330139,-54671.7902268683,0.0,-25442.868183585862,-79829.67237524207,-79829.65774757013,-44583.67635645706,-25442.868183585862,19140.808172871195,19140.808172871188,-33169.18054157304,37824.0,nan,nan,1.5000000000000002,10.0,0.0,0.0,10.0,0.85,CORE,MAIN,1.205884359080537,0.24259646957066083,0.6,0.174,-44583.67635645706,STRUCTURAL,-0.8224139383459724,-183607.82080494933,26400.0,0,0,0,0,0,0,0,inf,inf,NA,1,5,5,5,23,6,0,0,CONTINUE,0,A,1,1,0,KEEP_STRUCTURAL_IN_ON_CUT,2,3,0,0,"tail_cont_enabled=1 tail_active_dims=(1,) tail_delta=0.1 tail_start=(6, 6, 6) returned_y=(0, 6, 1) returned_b=(0, 1, 0) returned_u=(0, 0.1, 0) returned_zcap=(0, 6.1, 1) max_tail_u=0.1",NA
120,P1_no_rho,30,203.81378959992435,5.595026399940252,9.454391399980523,0.15671860007569194,0.01,76415.12461112693,76415.12461112693,-69516.0103330139,-47626.34009139277,0.0,-25442.868183585862,-74618.87866389568,-74618.86536685601,-44583.67635645706,-25442.868183585862,19140.808172871195,19140.808172871188,-25425.776744702693,35886.0,nan,nan,1.5000000000000002,10.0,0.0,0.0,10.0,0.85,CORE,MAIN,1.204637595186382,0.25309797258333533,0.6,0.174,-44583.67635645706,STRUCTURAL,-0.9138770666769458,-183607.82080494933,26400.0,0,0,0,0,0,0,0,inf,inf,NA,1,5,5,5,23,6,0,0,CONTINUE,0,A,1,1,0,KEEP_STRUCTURAL_IN_ON_CUT,2,3,0,0,"tail_cont_enabled=1 tail_active_dims=(1,) tail_delta=0.1 tail_start=(6, 6, 6) returned_y=(2, 0, 6) returned_b=(0, 0, 1) returned_u=(0, 0, 0) returned_zcap=(2, 0, 6) max_tail_u=0",NA
120,P1_no_rho,31,209.94965450000018,5.595026399940252,6.135265400051139,0.16334119997918606,0.01,44520.68182568387,44520.68182568387,-69516.0103330139,-52410.50650920923,0.0,-25442.868183585862,-77108.0693482104,-77108.05612671636,-44583.67635645706,-25442.868183585862,19140.808172871195,19140.808172871188,-27201.00526544822,37300.5,nan,nan,1.5000000000000002,10.0,0.0,0.0,10.0,0.85,CORE,MAIN,1.2028927577203188,0.24746028058573533,0.6,0.174,-44583.67635645706,STRUCTURAL,-0.891981802947559,-183607.82080494933,26400.0,0,0,0,0,0,0,0,inf,inf,NA,1,5,5,5,23,6,0,0,CONTINUE,0,A,1,1,0,KEEP_STRUCTURAL_IN_ON_CUT,2,3,0,0,"tail_cont_enabled=1 tail_active_dims=(1,) tail_delta=0.1 tail_start=(6, 6, 6) returned_y=(2, 0, 6) returned_b=(0, 0, 1) returned_u=(0, 0, 0) returned_zcap=(2, 0, 6) max_tail_u=0",NA
120,P1_no_rho,32,216.25499689998105,5.595026399940252,6.304692700039595,0.15290689992252737,0.01,75490.59218773758,75490.59218773758,-69516.0103330139,-47765.019954901174,0.0,-25442.868183585862,-70395.42514455842,-70395.41242350667,-44583.67635645706,-25442.868183585862,19140.808172871195,19140.808172871188,-25480.324031801487,33644.0,nan,nan,1.5000000000000002,10.0,0.0,0.0,10.0,0.85,CORE,MAIN,1.2022886619217812,0.265737255547978,0.6,0.174,-44583.67635645706,STRUCTURAL,-0.8900069034935438,-183607.82080494933,26400.0,0,0,0,0,0,0,0,inf,inf,NA,1,5,5,5,23,6,0,0,CONTINUE,0,A,1,1,0,KEEP_STRUCTURAL_IN_ON_CUT,2,3,0,0,"tail_cont_enabled=1 tail_active_dims=(1,) tail_delta=0.1 tail_start=(6, 6, 6) returned_y=(2, 0, 6) returned_b=(0, 0, 1) returned_u=(0, 0, 0) returned_zcap=(2, 0, 6) max_tail_u=0",NA
120,P1_no_rho,33,221.73592929996084,5.595026399940252,5.480444199987687,0.15347590006422251,0.01,47350.25433595441,47350.25433595441,-69516.0103330139,-51986.07063266865,0.0,-25442.868183585862,-69413.18816801494,-69413.17591061792,-44583.67635645706,-25442.868183585862,19140.808172871195,19140.808172871188,-23475.295177493183,36207.0,nan,nan,1.5000000000000002,10.0,0.0,0.0,10.0,0.85,CORE,MAIN,1.2056360911190154,0.2654898031968157,0.6,0.174,-44583.67635645706,STRUCTURAL,-0.8458379269777432,-183607.82080494933,26400.0,0,0,0,0,0,0,0,inf,inf,NA,1,5,5,5,23,6,0,0,CONTINUE,0,A,1,1,0,KEEP_STRUCTURAL_IN_ON_CUT,2,3,0,0,"tail_cont_enabled=1 tail_active_dims=(1,) tail_delta=0.1 tail_start=(6, 6, 6) returned_y=(1, 6, 0) returned_b=(0, 1, 0) returned_u=(0, 0.1, 0) returned_zcap=(1, 6.1, 0) max_tail_u=0.1",NA
120,P1_no_rho,34,226.013421199983,5.595026399940252,4.2769720000214875,0.15825960005167872,0.01,49251.80918896031,49251.80918896031,-69516.0103330139,-51700.837404717764,0.0,-25442.868183585862,-68202.91592165099,-68202.90359596208,-44583.67635645706,-25442.868183585862,19140.808172871195,19140.808172871188,-24552.005020738507,34755.5,nan,nan,1.5000000000000002,10.0,0.0,0.0,10.0,0.85,CORE,MAIN,1.2076128628806175,0.2674914851630448,0.6,0.174,-44583.67635645706,STRUCTURAL,-0.8372947893182103,-183607.82080494933,26400.0,0,0,0,0,0,0,0,inf,inf,NA,1,5,5,5,23,6,0,0,CONTINUE,0,A,1,1,0,KEEP_STRUCTURAL_IN_ON_CUT,2,3,0,0,"tail_cont_enabled=1 tail_active_dims=(1,) tail_delta=0.1 tail_start=(6, 6, 6) returned_y=(1, 6, 0) returned_b=(0, 1, 0) returned_u=(0, 0.1, 0) returned_zcap=(1, 6.1, 0) max_tail_u=0.1",NA
120,P1_no_rho,35,237.07382009993307,5.595026399940252,11.059712899965234,0.1624553999863565,0.01,31642.848523761782,31642.848523761782,-69516.0103330139,-54342.181504497545,0.0,-25442.868183585862,-70843.66238009966,-70843.64956389257,-44583.67635645706,-25442.868183585862,19140.808172871195,19140.808172871188,-26156.73832508956,35830.5,nan,nan,1.5000000000000002,10.0,0.0,0.0,10.0,0.85,CORE,MAIN,1.2093067045940271,0.26030989949189753,0.6,0.174,-44583.67635645706,STRUCTURAL,-0.8314501377095496,-183607.82080494933,26400.0,0,0,0,0,0,0,0,inf,inf,NA,1,5,5,5,23,6,0,0,CONTINUE,0,A,1,1,0,KEEP_STRUCTURAL_IN_ON_CUT,2,3,0,0,"tail_cont_enabled=1 tail_active_dims=(1,) tail_delta=0.1 tail_start=(6, 6, 6) returned_y=(1, 6, 0) returned_b=(0, 1, 0) returned_u=(0, 0.1, 0) returned_zcap=(1, 6.1, 0) max_tail_u=0.1",NA
120,P1_no_rho,36,243.32984349993058,5.595026399940252,6.255562399979681,0.18469440005719662,0.01,25995.505999692352,25995.505999692352,-69516.0103330139,-55189.28288310796,0.0,-25442.868183585862,-73004.0720167517,-73004.05842465124,-44583.67635645706,-25442.868183585862,19140.808172871195,19140.808172871188,-28038.793978580165,35651.0,nan,nan,1.5000000000000002,10.0,0.0,0.0,10.0,0.85,CORE,MAIN,1.2100856719098472,0.256847919517905,0.6,0.174,-44583.67635645706,STRUCTURAL,-0.8408415742629205,-183607.82080494933,26400.0,0,0,0,0,0,0,0,inf,inf,NA,1,5,5,5,23,6,0,0,CONTINUE,0,A,1,1,0,KEEP_STRUCTURAL_IN_ON_CUT,2,3,0,0,"tail_cont_enabled=1 tail_active_dims=(1,) tail_delta=0.1 tail_start=(6, 6, 6) returned_y=(1, 6, 0) returned_b=(0, 1, 0) returned_u=(0, 0.1, 0) returned_zcap=(1, 6.1, 0) max_tail_u=0.1",NA
120,P1_no_rho,37,248.57976699993014,5.595026399940252,5.249360099900514,0.15251559996977448,0.01,57921.95631296593,57921.95631296593,-69516.0103330139,-50400.315336116924,0.0,-25442.868183585862,-76978.48895896827,-76978.47515270418,-44583.67635645706,-25442.868183585862,19140.808172871195,19140.808172871188,-27390.07062328208,36513.0,nan,nan,1.5000000000000002,10.0,0.0,0.0,10.0,0.85,CORE,MAIN,1.2097090636212813,0.2514683976229988,0.6,0.174,-44583.67635645706,STRUCTURAL,-0.9054018117642499,-183607.82080494933,26400.0,0,0,0,0,0,0,0,inf,inf,NA,1,5,5,5,23,6,0,0,CONTINUE,0,A,1,1,0,KEEP_STRUCTURAL_IN_ON_CUT,2,3,0,0,"tail_cont_enabled=1 tail_active_dims=(1,) tail_delta=0.1 tail_start=(6, 6, 6) returned_y=(2, 0, 6) returned_b=(0, 0, 1) returned_u=(0, 0, 0) returned_zcap=(2, 0, 6) max_tail_u=0",NA
120,P1_no_rho,38,252.8789993999526,5.595026399940252,4.298620700021274,0.15599440003279597,0.01,49340.65991943474,49340.65991943474,-69516.0103330139,-51687.5097951466,0.0,-25442.868183585862,-73304.58136540045,-73304.56822863745,-44583.67635645706,-25442.868183585862,19140.808172871195,19140.808172871188,-25984.40518403871,35704.0,nan,nan,1.5000000000000002,10.0,0.0,0.0,10.0,0.85,CORE,MAIN,1.209351790309821,0.26644860759704647,0.6,0.174,-44583.67635645706,STRUCTURAL,-0.883564176648718,-183607.82080494933,26400.0,0,0,0,0,0,0,0,inf,inf,NA,1,5,5,5,23,6,0,0,CONTINUE,0,A,1,1,0,KEEP_STRUCTURAL_IN_ON_CUT,2,3,0,0,"tail_cont_enabled=1 tail_active_dims=(1,) tail_delta=0.1 tail_start=(6, 6, 6) returned_y=(2, 0, 6) returned_b=(0, 0, 1) returned_u=(0, 0, 0) returned_zcap=(2, 0, 6) max_tail_u=0",NA
120,P1_no_rho,39,258.93224360002205,5.595026399940252,6.052803500089794,0.151948899962008,0.01,49988.71626436775,49988.71626436775,-69516.0103330139,-51590.30134340665,0.0,-25442.868183585862,-71341.96425196898,-71341.95136506928,-44583.67635645706,-25442.868183585862,19140.808172871195,19140.808172871188,-25691.25694397145,34040.0,nan,nan,1.5000000000000002,10.0,0.0,0.0,10.0,0.85,CORE,MAIN,1.209342156027084,0.26367697344057217,0.6,0.174,-44583.67635645706,STRUCTURAL,-0.8940598202330168,-183607.82080494933,26400.0,0,0,0,0,0,0,0,inf,inf,NA,1,5,5,5,23,6,0,0,CONTINUE,0,A,1,1,0,KEEP_STRUCTURAL_IN_ON_CUT,2,3,0,0,"tail_cont_enabled=1 tail_active_dims=(1,) tail_delta=0.1 tail_start=(6, 6, 6) returned_y=(4, 0, 4) returned_b=(0, 0, 0) returned_u=(0, 0, 0) returned_zcap=(4, 0, 4) max_tail_u=0",NA
120,P1_no_rho,40,269.2893465999514,5.595026399940252,10.35654169996269,0.16204209998250008,0.01,49178.42944179193,49178.42944179193,-69516.0103330139,-51711.844366793026,0.0,-25442.868183585862,-70844.71957806897,-70844.70691522172,-44583.67635645706,-25442.868183585862,19140.808172871195,19140.808172871188,-24709.952675690987,35983.5,nan,nan,1.5000000000000002,10.0,0.0,0.0,10.0,0.85,CORE,MAIN,1.211400893048577,0.2647084356497892,0.6,0.174,-44583.67635645706,STRUCTURAL,-0.8547390561327781,-183607.82080494933,26400.0,0,0,0,0,0,0,0,inf,inf,NA,1,5,5,5,23,6,0,0,CONTINUE,0,A,1,1,0,KEEP_STRUCTURAL_IN_ON_CUT,2,3,0,0,"tail_cont_enabled=1 tail_active_dims=(1,) tail_delta=0.1 tail_start=(6, 6, 6) returned_y=(0, 6, 1) returned_b=(0, 1, 0) returned_u=(0, 0.1, 0) returned_zcap=(0, 6.1, 1) max_tail_u=0.1",NA
120,P1_no_rho,41,274.9440324000316,5.595026399940252,5.65412630001083,0.16628080001100898,0.01,42365.90578002803,42365.90578002803,-69516.0103330139,-52733.72291605761,0.0,-25442.868183585862,-64868.05019228125,-64868.037958833826,-44583.67635645706,-25442.868183585862,19140.808172871195,19140.808172871188,-23637.308016075676,32545.0,nan,nan,1.5000000000000002,10.0,0.0,0.0,10.0,0.85,CORE,MAIN,1.2098099883658524,0.28390209096574925,0.6,0.174,-44583.67635645706,STRUCTURAL,-0.8445891318227712,-183607.82080494933,26400.0,0,0,0,0,0,0,0,inf,inf,NA,1,5,5,5,23,6,0,0,CONTINUE,0,A,1,1,0,KEEP_STRUCTURAL_IN_ON_CUT,2,3,0,0,"tail_cont_enabled=1 tail_active_dims=(1,) tail_delta=0.1 tail_start=(6, 6, 6) returned_y=(0, 6, 1) returned_b=(0, 1, 0) returned_u=(0, 0.1, 0) returned_zcap=(0, 6.1, 1) max_tail_u=0.1",NA
120,P1_no_rho,42,279.2970418999903,5.595026399940252,4.352254700032063,0.15572969999630004,0.01,28995.0492687718,28995.0492687718,-69516.0103330139,-54739.351392746044,0.0,-25442.868183585862,-61466.866943512316,-61466.85534585546,-44583.67635645706,-25442.868183585862,19140.808172871195,19140.808172871188,-21988.975540533535,31334.0,nan,nan,1.5000000000000002,10.0,0.0,0.0,10.0,0.85,CORE,MAIN,1.2080570699365067,0.27727060353680655,0.6,0.174,-44583.67635645706,STRUCTURAL,-0.839937018474541,-183607.82080494933,26400.0,0,0,0,0,0,0,0,inf,inf,NA,1,5,5,5,23,6,0,0,CONTINUE,0,A,1,1,0,KEEP_STRUCTURAL_IN_ON_CUT,2,3,0,0,"tail_cont_enabled=1 tail_active_dims=(1,) tail_delta=0.1 tail_start=(6, 6, 6) returned_y=(0, 6, 1) returned_b=(0, 1, 0) returned_u=(0, 0.1, 0) returned_zcap=(0, 6.1, 1) max_tail_u=0.1",NA
120,P1_no_rho,43,284.5358475999674,5.595026399940252,5.23815220000688,0.15596839995123446,0.01,41454.77311025674,41454.77311025674,-69516.0103330139,-52870.3928165233,0.0,-25442.868183585862,-80587.16583031547,-80587.15097974485,-44583.67635645706,-25442.868183585862,19140.808172871195,19140.808172871188,-31805.345203462366,37899.0,nan,nan,1.5000000000000002,10.0,0.0,0.0,10.0,0.85,CORE,MAIN,1.2040932470181258,0.25507421773139705,0.6,0.174,-44583.67635645706,STRUCTURAL,-0.8581018984895376,-183607.82080494933,26400.0,0,0,0,0,0,0,0,inf,inf,NA,1,5,5,5,23,6,0,0,CONTINUE,0,A,1,1,0,KEEP_STRUCTURAL_IN_ON_CUT,2,3,0,0,"tail_cont_enabled=1 tail_active_dims=(1,) tail_delta=0.1 tail_start=(6, 6, 6) returned_y=(0, 6, 1) returned_b=(0, 1, 0) returned_u=(0, 0.1, 0) returned_zcap=(0, 6.1, 1) max_tail_u=0.1",NA
120,P1_no_rho,44,289.81332389998715,5.595026399940252,5.276875699986704,0.1657226999523118,0.01,46916.29271695884,46916.29271695884,-69516.0103330139,-52051.164875517985,0.0,-25442.868183585862,-78827.4795577726,-78827.46544567327,-44583.67635645706,-25442.868183585862,19140.808172871195,19140.808172871188,-27915.78033264899,37054.0,nan,nan,1.5000000000000004,10.000000000000002,0.0,0.0,10.0,0.85,CORE,MAIN,1.1999743903856228,0.23959606874137218,0.6,0.174,-44583.67635645706,STRUCTURAL,-0.915990808244261,-183607.82080494933,26400.0,0,0,0,0,0,0,0,inf,inf,NA,1,5,5,5,23,6,0,0,CONTINUE,0,A,1,1,0,KEEP_STRUCTURAL_IN_ON_CUT,2,3,0,0,"tail_cont_enabled=1 tail_active_dims=(1,) tail_delta=0.1 tail_start=(6, 6, 6) returned_y=(4, 0, 4) returned_b=(0, 0, 0) returned_u=(0, 0, 0) returned_zcap=(4, 0, 4) max_tail_u=0",NA
120,P1_no_rho,45,301.2953275999753,5.595026399940252,11.481358699966222,0.15168659994378686,0.01,69043.96277335711,69043.96277335711,-69516.0103330139,-48732.01436705825,0.0,-25442.868183585862,-82239.66342967529,-82239.64912937231,-44583.67635645706,-25442.868183585862,19140.808172871195,19140.808172871188,-29842.192353129005,38698.5,nan,nan,1.5000000000000002,10.0,0.0,0.0,10.0,0.85,CORE,MAIN,1.19528205056631,0.24404970140128335,0.6,0.174,-44583.67635645706,STRUCTURAL,-0.9026612879266345,-183607.82080494933,26400.0,0,0,0,0,0,0,0,inf,inf,NA,1,5,5,5,23,6,0,0,CONTINUE,0,A,1,1,0,KEEP_STRUCTURAL_IN_ON_CUT,2,3,0,0,"tail_cont_enabled=1 tail_active_dims=(1,) tail_delta=0.1 tail_start=(6, 6, 6) returned_y=(4, 0, 4) returned_b=(0, 0, 0) returned_u=(0, 0, 0) returned_zcap=(4, 0, 4) max_tail_u=0",NA
120,P1_no_rho,46,306.62797389994375,5.595026399940252,5.332049799966626,0.15888800006359816,0.01,76332.86918361652,76332.86918361652,-69516.0103330139,-47638.678405519335,0.0,-25442.868183585862,-78661.66479874603,-78661.65088634938,-44583.67635645706,-25442.868183585862,19140.808172871195,19140.808172871188,-28218.8007401844,36807.0,nan,nan,1.5000000000000002,10.0,0.0,0.0,10.0,0.85,CORE,MAIN,1.1915072002490343,0.2533341511174314,0.6,0.174,-44583.67635645706,STRUCTURAL,-0.9136459576740834,-183607.82080494933,26400.0,0,0,0,0,0,0,0,inf,inf,NA,1,5,5,5,23,6,0,0,CONTINUE,0,A,1,1,0,KEEP_STRUCTURAL_IN_ON_CUT,2,3,0,0,"tail_cont_enabled=1 tail_active_dims=(1,) tail_delta=0.1 tail_start=(6, 6, 6) returned_y=(4, 0, 4) returned_b=(0, 0, 0) returned_u=(0, 0, 0) returned_zcap=(4, 0, 4) max_tail_u=0",NA
120,P1_no_rho,47,312.29732299991883,5.595026399940252,5.6688488998916,0.15697699994780123,0.01,40510.51498917574,40510.51498917574,-69516.0103330139,-53012.03153468545,0.0,-25442.868183585862,-69656.02532505635,-69656.01229301514,-44583.67635645706,-25442.868183585862,19140.808172871195,19140.808172871188,-26616.962064439223,34448.0,nan,nan,1.5000000000000002,10.0,0.0,0.0,10.0,0.85,CORE,MAIN,1.1902446257489103,0.26984500799529054,0.6,0.174,-44583.67635645706,STRUCTURAL,-0.8329278957380382,-183607.82080494933,26400.0,0,0,0,0,0,0,0,inf,inf,NA,1,5,5,5,23,6,0,0,CONTINUE,0,A,1,1,0,KEEP_STRUCTURAL_IN_ON_CUT,2,3,0,0,"tail_cont_enabled=1 tail_active_dims=(1,) tail_delta=0.1 tail_start=(6, 6, 6) returned_y=(0, 6, 1) returned_b=(0, 1, 0) returned_u=(0, 0.1, 0) returned_zcap=(0, 6.1, 1) max_tail_u=0.1",NA
120,P1_no_rho,48,316.31581339996774,5.595026399940252,4.017733599990606,0.17080510000232607,0.01,50828.01052949901,50828.01052949901,-69516.0103330139,-51464.40720363696,0.0,-25442.868183585862,-68516.96523533441,-68516.95281339678,-44583.67635645706,-25442.868183585862,19140.808172871195,19140.808172871188,-24361.12925677749,34858.0,nan,nan,1.5000000000000002,10.0,0.0,0.0,10.0,0.85,CORE,MAIN,1.1960630870494484,0.267769391150517,0.6,0.174,-44583.67635645706,STRUCTURAL,-0.8444895204662592,-183607.82080494933,26400.0,0,0,0,0,0,0,0,inf,inf,NA,1,5,5,5,23,6,0,0,CONTINUE,0,A,1,1,0,KEEP_STRUCTURAL_IN_ON_CUT,2,3,0,0,"tail_cont_enabled=1 tail_active_dims=(1,) tail_delta=0.1 tail_start=(6, 6, 6) returned_y=(0, 6, 1) returned_b=(0, 1, 0) returned_u=(0, 0.1, 0) returned_zcap=(0, 6.1, 1) max_tail_u=0.1",NA
120,P1_no_rho,49,321.54012909997255,5.595026399940252,5.223630600026809,0.1608974999981001,0.01,55783.93022047555,55783.93022047555,-69516.0103330139,-50721.01924999048,0.0,-25442.868183585862,-61713.58966897461,-61713.578355365345,-44583.67635645706,-25442.868183585862,19140.808172871195,19140.808172871188,-21448.741099771414,32283.0,nan,nan,1.5000000000000002,10.0,0.0,0.0,10.0,0.85,CORE,MAIN,1.197374101036055,0.27886732377609813,0.6,0.174,-44583.67635645706,STRUCTURAL,-0.8314972225958748,-183607.82080494933,26400.0,0,0,0,0,0,0,0,inf,inf,NA,1,5,5,5,23,6,0,0,CONTINUE,0,A,1,1,0,KEEP_STRUCTURAL_IN_ON_CUT,2,3,0,0,"tail_cont_enabled=1 tail_active_dims=(1,) tail_delta=0.1 tail_start=(6, 6, 6) returned_y=(0, 6, 1) returned_b=(0, 1, 0) returned_u=(0, 0.1, 0) returned_zcap=(0, 6.1, 1) max_tail_u=0.1",NA
120,P1_no_rho,50,332.30416189995594,5.595026399940252,10.763456500018947,0.16018699994310737,0.01,25469.434941288706,25469.434941288706,-69516.0103330139,-55268.1935418685,0.0,-25442.868183585862,-65562.05423810304,-65562.04208055555,-44583.67635645706,-25442.868183585862,19140.808172871195,19140.808172871188,-23444.833216905936,33106.5,nan,nan,1.5000000000000002,10.0,0.0,0.0,10.0,0.85,CORE,MAIN,1.1993991974401008,0.2634009677177923,0.6,0.174,-44583.67635645706,STRUCTURAL,-0.8481156039579257,-183607.82080494933,26400.0,0,0,0,0,0,0,0,inf,inf,NA,1,5,5,5,23,6,0,0,CONTINUE,0,A,1,1,0,KEEP_STRUCTURAL_IN_ON_CUT,2,3,0,0,"tail_cont_enabled=1 tail_active_dims=(1,) tail_delta=0.1 tail_start=(6, 6, 6) returned_y=(0, 6, 1) returned_b=(0, 1, 0) returned_u=(0, 0.1, 0) returned_zcap=(0, 6.1, 1) max_tail_u=0.1",NA
120,P1_no_rho,51,336.38338130002376,5.595026399940252,4.07851710007526,0.1564661000156775,0.01,45358.87645044111,45358.87645044111,-69516.0103330139,-52284.777315495645,0.0,-25442.868183585862,-81667.58813576003,-81667.57371018267,-44583.67635645706,-25442.868183585862,19140.808172871195,19140.808172871188,-29479.078771031393,38769.5,nan,nan,1.5000000000000002,10.0,0.0,0.0,10.0,0.85,CORE,MAIN,1.1981640445193016,0.23607741599709842,0.6,0.174,-44583.67635645706,STRUCTURAL,-0.8974149772226667,-183607.82080494933,26400.0,0,0,0,0,0,0,0,inf,inf,NA,1,5,5,5,23,6,0,0,CONTINUE,0,A,1,1,0,KEEP_STRUCTURAL_IN_ON_CUT,2,3,0,0,"tail_cont_enabled=1 tail_active_dims=(1,) tail_delta=0.1 tail_start=(6, 6, 6) returned_y=(2, 0, 6) returned_b=(0, 0, 1) returned_u=(0, 0, 0) returned_zcap=(2, 0, 6) max_tail_u=0",NA
120,P1_no_rho,52,341.6571682000067,5.595026399940252,5.273305400041863,0.15222429996356368,0.01,45259.177489059075,45259.177489059075,-69516.0103330139,-52299.73215970295,0.0,-25442.868183585862,-79593.81729274857,-79593.80347111098,-44583.67635645706,-25442.868183585862,19140.808172871195,19140.808172871188,-28577.60578338313,38137.0,nan,nan,1.5000000000000002,10.0,0.0,0.0,10.0,0.85,CORE,MAIN,1.1961231188756085,0.24405318189046166,0.6,0.174,-44583.67635645706,STRUCTURAL,-0.891805817407904,-183607.82080494933,26400.0,0,0,0,0,0,0,0,inf,inf,NA,1,5,5,5,23,6,0,0,CONTINUE,0,A,1,1,0,KEEP_STRUCTURAL_IN_ON_CUT,2,3,0,0,"tail_cont_enabled=1 tail_active_dims=(1,) tail_delta=0.1 tail_start=(6, 6, 6) returned_y=(2, 0, 6) returned_b=(0, 0, 1) returned_u=(0, 0, 0) returned_zcap=(2, 0, 6) max_tail_u=0",NA
120,P1_no_rho,53,347.5603477000259,5.595026399940252,5.902699800091796,0.14960100001189858,0.01,44077.00060692913,44077.00060692913,-69516.0103330139,-52477.058692022445,0.0,-25442.868183585862,-75810.37560262163,-75810.36189838879,-44583.67635645706,-25442.868183585862,19140.808172871195,19140.808172871188,-27651.528050444223,36113.5,nan,nan,1.5000000000000002,10.0,0.0,0.0,10.0,0.85,CORE,MAIN,1.1942637302923944,0.2535019084651332,0.6,0.174,-44583.67635645706,STRUCTURAL,-0.8890273507680796,-183607.82080494933,26400.0,0,0,0,0,0,0,0,inf,inf,NA,1,5,5,5,23,6,0,0,CONTINUE,0,A,1,1,0,KEEP_STRUCTURAL_IN_ON_CUT,2,3,0,0,"tail_cont_enabled=1 tail_active_dims=(1,) tail_delta=0.1 tail_start=(6, 6, 6) returned_y=(2, 0, 6) returned_b=(0, 0, 1) returned_u=(0, 0, 0) returned_zcap=(2, 0, 6) max_tail_u=0",NA
120,P1_no_rho,54,353.5311918000225,5.595026399940252,5.970402000006288,0.15401299996301532,0.01,60919.32480555202,60919.32480555202,-69516.0103330139,-49950.71006222901,0.0,-25442.868183585862,-74839.79220866086,-74839.77856344702,-44583.67635645706,-25442.868183585862,19140.808172871195,19140.808172871188,-27716.274640286483,35178.0,nan,nan,1.5000000000000002,10.0,0.0,0.0,10.0,0.85,CORE,MAIN,1.1926797493816934,0.2564852460235687,0.6,0.174,-44583.67635645706,STRUCTURAL,-0.8930487600803635,-183607.82080494933,26400.0,0,0,0,0,0,0,0,inf,inf,NA,1,5,5,5,23,6,0,0,CONTINUE,0,A,1,1,0,KEEP_STRUCTURAL_IN_ON_CUT,2,3,0,0,"tail_cont_enabled=1 tail_active_dims=(1,) tail_delta=0.1 tail_start=(6, 6, 6) returned_y=(2, 0, 6) returned_b=(0, 0, 1) returned_u=(0, 0, 0) returned_zcap=(2, 0, 6) max_tail_u=0",NA
120,P1_no_rho,55,363.006722799968,5.595026399940252,9.474965299945325,0.15430900000501424,0.01,48664.29168906636,48664.29168906636,-69516.0103330139,-51788.96502970186,0.0,-25442.868183585862,-72903.76187288709,-72903.74877598193,-44583.67635645706,-25442.868183585862,19140.808172871195,19140.808172871188,-25910.17421918379,36232.0,nan,nan,1.5000000000000002,10.0,0.0,0.0,10.0,0.85,CORE,MAIN,1.1947103241973538,0.27300009449864526,0.6,0.174,-44583.67635645706,STRUCTURAL,-0.8646790048722701,-183607.82080494933,26400.0,0,0,0,0,0,0,0,inf,inf,NA,1,5,5,5,23,6,0,0,CONTINUE,0,A,1,1,0,KEEP_STRUCTURAL_IN_ON_CUT,2,3,0,0,"tail_cont_enabled=1 tail_active_dims=(1,) tail_delta=0.1 tail_start=(6, 6, 6) returned_y=(0, 6, 1) returned_b=(0, 1, 0) returned_u=(0, 0.1, 0) returned_zcap=(0, 6.1, 1) max_tail_u=0.1",NA
120,P1_no_rho,56,368.13638979999814,5.595026399940252,5.1289881999837235,0.15977450006175786,0.01,59592.004219387934,59592.004219387934,-69516.0103330139,-50149.80815015362,0.0,-25442.868183585862,-66340.79166882322,-66340.77959714536,-44583.67635645706,-25442.868183585862,19140.808172871195,19140.808172871188,-23015.856102916274,34097.0,nan,nan,1.5000000000000002,10.0,0.0,0.0,10.0,0.85,CORE,MAIN,1.198118344106805,0.2720003021485351,0.6,0.174,-44583.67635645706,STRUCTURAL,-0.8470916012988257,-183607.82080494933,26400.0,0,0,0,0,0,0,0,inf,inf,NA,1,5,5,5,23,6,0,0,CONTINUE,0,A,1,1,0,KEEP_STRUCTURAL_IN_ON_CUT,2,3,0,0,"tail_cont_enabled=1 tail_active_dims=(1,) tail_delta=0.1 tail_start=(6, 6, 6) returned_y=(0, 6, 1) returned_b=(0, 1, 0) returned_u=(0, 0.1, 0) returned_zcap=(0, 6.1, 1) max_tail_u=0.1",NA
120,P1_no_rho,57,373.89052369992714,5.595026399940252,5.753533799899742,0.15913370007183403,0.01,47640.952298112374,47640.952298112374,-69516.0103330139,-51942.465938344954,0.0,-25442.868183585862,-63706.03434195165,-63706.0227060521,-44583.67635645706,-25442.868183585862,19140.808172871195,19140.808172871188,-22232.04270726772,33310.0,nan,nan,1.5000000000000002,10.0,0.0,0.0,10.0,0.85,CORE,MAIN,1.2006098627631532,0.27262064282291887,0.6,0.174,-44583.67635645706,STRUCTURAL,-0.8300606424253852,-183607.82080494933,26400.0,0,0,0,0,0,0,0,inf,inf,NA,1,5,5,5,23,6,0,0,CONTINUE,0,A,1,1,0,KEEP_STRUCTURAL_IN_ON_CUT,2,3,0,0,"tail_cont_enabled=1 tail_active_dims=(1,) tail_delta=0.1 tail_start=(6, 6, 6) returned_y=(0, 6, 1) returned_b=(0, 1, 0) returned_u=(0, 0.1, 0) returned_zcap=(0, 6.1, 1) max_tail_u=0.1",NA
120,P1_no_rho,58,378.0582482999889,5.595026399940252,4.167073099990375,0.15326209994964302,0.01,33806.89852990595,33806.89852990595,-69516.0103330139,-54017.57400357592,0.0,-25442.868183585862,-75704.71620688718,-75704.70223552026,-44583.67635645706,-25442.868183585862,19140.808172871195,19140.808172871188,-29359.129341226286,36471.5,nan,nan,1.5000000000000002,10.0,0.0,0.0,10.0,0.85,CORE,MAIN,1.2010420230602588,0.23748543880192685,0.6,0.174,-44583.67635645706,STRUCTURAL,-0.8471559600289537,-183607.82080494933,26400.0,0,0,0,0,0,0,0,inf,inf,NA,1,5,5,5,23,6,0,0,CONTINUE,0,A,1,1,0,KEEP_STRUCTURAL_IN_ON_CUT,2,3,0,0,"tail_cont_enabled=1 tail_active_dims=(1,) tail_delta=0.1 tail_start=(6, 6, 6) returned_y=(6, 0, 2) returned_b=(1, 0, 0) returned_u=(0, 0, 0) returned_zcap=(6, 0, 2) max_tail_u=0",NA
120,P1_no_rho,59,384.038862699992,5.595026399940252,5.979967899969779,0.15708159992936999,0.01,49249.056370631326,49249.056370631326,-69516.0103330139,-51701.25032746711,0.0,-25442.868183585862,-79311.81682125256,-79311.80307775577,-44583.67635645706,-25442.868183585862,19140.808172871195,19140.808172871188,-27868.492699657007,38604.0,nan,nan,1.5000000000000002,10.0,0.0,0.0,10.0,0.85,CORE,MAIN,1.199744507883323,0.23301757812246449,0.6,0.174,-44583.67635645706,STRUCTURAL,-0.8883934372620929,-183607.82080494933,26400.0,0,0,0,0,0,0,0,inf,inf,NA,1,5,5,5,23,6,0,0,CONTINUE,0,A,1,1,0,KEEP_STRUCTURAL_IN_ON_CUT,2,3,0,0,"tail_cont_enabled=1 tail_active_dims=(1,) tail_delta=0.1 tail_start=(6, 6, 6) returned_y=(6, 0, 2) returned_b=(1, 0, 0) returned_u=(0, 0, 0) returned_zcap=(6, 0, 2) max_tail_u=0",NA
120,P1_no_rho,60,395.4250844999915,5.595026399940252,11.385477900039405,0.14538030000403523,0.01,56897.69567356675,56897.69567356675,-69516.0103330139,-50553.9544320268,0.0,-25442.868183585862,-75713.66004978912,-75713.64654677763,-44583.67635645706,-25442.868183585862,19140.808172871195,19140.808172871188,-26260.979254904538,36740.0,nan,nan,1.5000000000000002,10.0,0.0,0.0,10.0,0.85,CORE,MAIN,1.1986182968053867,0.25222626253333047,0.6,0.174,-44583.67635645706,STRUCTURAL,-0.8973447158750335,-183607.82080494933,26400.0,0,0,0,0,0,0,0,inf,inf,NA,1,5,5,5,23,6,0,0,CONTINUE,0,A,1,1,0,KEEP_STRUCTURAL_IN_ON_CUT,2,3,0,0,"tail_cont_enabled=1 tail_active_dims=(1,) tail_delta=0.1 tail_start=(6, 6, 6) returned_y=(6, 0, 2) returned_b=(1, 0, 0) returned_u=(0, 0, 0) returned_zcap=(6, 0, 2) max_tail_u=0",NA
120,P1_no_rho,61,399.98045509995427,5.595026399940252,4.554679499939084,0.17991189996246248,0.01,50962.12287755315,50962.12287755315,-69516.0103330139,-51444.29035142884,0.0,-25442.868183585862,-77323.3053827582,-77323.29146073374,-44583.67635645706,-25442.868183585862,19140.808172871195,19140.808172871188,-28364.674474605985,37002.0,nan,nan,1.5000000000000002,10.0,0.0,0.0,10.0,0.85,CORE,MAIN,1.1971384076436282,0.2524071158914607,0.6,0.174,-44583.67635645706,STRUCTURAL,-0.8820895624764024,-183607.82080494933,26400.0,0,0,0,0,0,0,0,inf,inf,NA,1,5,5,5,23,6,0,0,CONTINUE,0,A,1,1,0,KEEP_STRUCTURAL_IN_ON_CUT,2,3,0,0,"tail_cont_enabled=1 tail_active_dims=(1,) tail_delta=0.1 tail_start=(6, 6, 6) returned_y=(6, 0, 2) returned_b=(1, 0, 0) returned_u=(0, 0, 0) returned_zcap=(6, 0, 2) max_tail_u=0",NA
120,P1_no_rho,62,405.90758589992765,5.595026399940252,5.926466699922457,0.15185009990818799,0.01,36800.50451629414,36800.50451629414,-69516.0103330139,-53568.533105617695,0.0,-25442.868183585862,-63472.651372548215,-63472.639309857754,-44583.67635645706,-25442.868183585862,19140.808172871195,19140.808172871188,-22969.738935358055,32371.5,nan,nan,1.5000000000000002,10.0,0.0,0.0,10.0,0.85,CORE,MAIN,1.198480174783881,0.27755165957940797,0.6,0.174,-44583.67635645706,STRUCTURAL,-0.834126734411436,-183607.82080494933,26400.0,0,0,0,0,0,0,0,inf,inf,NA,1,5,5,5,23,6,0,0,CONTINUE,0,A,1,1,0,KEEP_STRUCTURAL_IN_ON_CUT,2,3,0,0,"tail_cont_enabled=1 tail_active_dims=(1,) tail_delta=0.1 tail_start=(6, 6, 6) returned_y=(0, 6, 1) returned_b=(0, 1, 0) returned_u=(0, 0.1, 0) returned_zcap=(0, 6.1, 1) max_tail_u=0.1",NA
120,P1_no_rho,63,411.3816738999449,5.595026399940252,5.473482599947602,0.1503431999590248,0.01,47206.25993100731,47206.25993100731,-69516.0103330139,-52007.669793410714,0.0,-25442.868183585862,-77514.2347198296,-77514.2212454013,-44583.67635645706,-25442.868183585862,19140.808172871195,19140.808172871188,-27119.96396836298,37787.5,nan,nan,1.5000000000000002,10.0,0.0,0.0,10.0,0.85,CORE,MAIN,1.197148675784719,0.2556481399216578,0.6,0.174,-44583.67635645706,STRUCTURAL,-0.8890816147674642,-183607.82080494933,26400.0,0,0,0,0,0,0,0,inf,inf,NA,1,5,5,5,23,6,0,0,CONTINUE,0,A,1,1,0,KEEP_STRUCTURAL_IN_ON_CUT,2,3,0,0,"tail_cont_enabled=1 tail_active_dims=(1,) tail_delta=0.1 tail_start=(6, 6, 6) returned_y=(0, 6, 1) returned_b=(0, 1, 0) returned_u=(0, 0.1, 0) returned_zcap=(0, 6.1, 1) max_tail_u=0.1",NA
120,P1_no_rho,64,415.62459259992465,5.595026399940252,4.242398899979889,0.1573977000080049,0.01,53020.28575744198,53020.28575744198,-69516.0103330139,-51135.565919445515,0.0,-25442.868183585862,-67702.0440579248,-67702.03211993264,-44583.67635645706,-25442.868183585862,19140.808172871195,19140.808172871188,-24267.73361114183,36223.0,nan,nan,1.5000000000000002,10.0,0.0,0.0,10.0,0.85,CORE,MAIN,1.1979531116355862,0.2682712419164579,0.6,0.174,-44583.67635645706,STRUCTURAL,-0.7993871022792296,-183607.82080494933,26400.0,0,0,0,0,0,0,0,inf,inf,NA,1,5,5,5,23,6,0,0,CONTINUE,0,A,1,1,0,KEEP_STRUCTURAL_IN_ON_CUT,2,3,0,0,"tail_cont_enabled=1 tail_active_dims=(1,) tail_delta=0.1 tail_start=(6, 6, 6) returned_y=(0, 6, 1) returned_b=(0, 1, 0) returned_u=(0, 0.1, 0) returned_zcap=(0, 6.1, 1) max_tail_u=0.1",NA
120,P1_no_rho,65,426.5683308999287,5.595026399940252,10.943088399944827,0.15790089999791235,0.01,33188.67153565805,33188.67153565805,-69516.0103330139,-54110.3080527131,0.0,-25442.868183585862,-72067.90231409778,-72067.88899925353,-44583.67635645706,-25442.868183585862,19140.808172871195,19140.808172871188,-27708.489499980617,35016.0,nan,nan,1.5000000000000002,10.0,0.0,0.0,10.0,0.85,CORE,MAIN,1.1986939826518233,0.25534413072891105,0.6,0.174,-44583.67635645706,STRUCTURAL,-0.844554860621295,-183607.82080494933,26400.0,0,0,0,0,0,0,0,inf,inf,NA,1,5,5,5,23,6,0,0,CONTINUE,0,A,1,1,0,KEEP_STRUCTURAL_IN_ON_CUT,2,3,0,0,"tail_cont_enabled=1 tail_active_dims=(1,) tail_delta=0.1 tail_start=(6, 6, 6) returned_y=(0, 6, 1) returned_b=(0, 1, 0) returned_u=(0, 0.1, 0) returned_zcap=(0, 6.1, 1) max_tail_u=0.1",NA
120,P1_no_rho,66,431.8121418999508,5.595026399940252,5.243411300005391,0.1594755999976769,0.01,34362.7624260629,34362.7624260629,-69516.0103330139,-53934.19441915238,0.0,-25442.868183585862,-75611.59303608543,-75611.57974359093,-44583.67635645706,-25442.868183585862,19140.808172871195,19140.808172871188,-26973.357343354102,37027.5,nan,nan,1.5000000000000002,10.0,0.0,0.0,10.0,0.85,CORE,MAIN,1.1984389760402532,0.2503824896452761,0.6,0.174,-44583.67635645706,STRUCTURAL,-0.8757134994303661,-183607.82080494933,26400.0,0,0,0,0,0,0,0,inf,inf,NA,1,5,5,5,23,6,0,0,CONTINUE,0,A,1,1,0,KEEP_STRUCTURAL_IN_ON_CUT,2,3,0,0,"tail_cont_enabled=1 tail_active_dims=(1,) tail_delta=0.1 tail_start=(6, 6, 6) returned_y=(2, 0, 6) returned_b=(0, 0, 1) returned_u=(0, 0, 0) returned_zcap=(2, 0, 6) max_tail_u=0",NA
120,P1_no_rho,67,436.0371781999711,5.595026399940252,4.224590500001796,0.15383089997339994,0.01,46794.85683792523,46794.85683792523,-69516.0103330139,-52069.38025737303,0.0,-25442.868183585862,-77314.30956915572,-77314.29614450443,-44583.67635645706,-25442.868183585862,19140.808172871195,19140.808172871188,-27147.195452405584,37386.0,nan,nan,1.5000000000000002,10.0,0.0,0.0,10.0,0.85,CORE,MAIN,1.1975389235262206,0.24990710609109934,0.6,0.174,-44583.67635645706,STRUCTURAL,-0.8945790882879304,-183607.82080494933,26400.0,0,0,0,0,0,0,0,inf,inf,NA,1,5,5,5,23,6,0,0,CONTINUE,0,A,1,1,0,KEEP_STRUCTURAL_IN_ON_CUT,2,3,0,0,"tail_cont_enabled=1 tail_active_dims=(1,) tail_delta=0.1 tail_start=(6, 6, 6) returned_y=(2, 0, 6) returned_b=(0, 0, 1) returned_u=(0, 0, 0) returned_zcap=(2, 0, 6) max_tail_u=0",NA
120,P1_no_rho,68,442.3213902999414,5.595026399940252,6.283512099995278,0.162467599962838,0.01,33091.03048665936,33091.03048665936,-69516.0103330139,-54124.954210062904,0.0,-25442.868183585862,-71229.08715615886,-71229.0743851289,-44583.67635645706,-25442.868183585862,19140.808172871195,19140.808172871188,-24950.34899613993,34920.0,nan,nan,1.5000000000000002,10.0,0.0,0.0,10.0,0.85,CORE,MAIN,1.2005943713878646,0.2605336841872241,0.6,0.174,-44583.67635645706,STRUCTURAL,-0.8835190032262118,-183607.82080494933,26400.0,0,0,0,0,0,0,0,inf,inf,NA,1,5,5,5,23,6,0,0,CONTINUE,0,A,1,1,0,KEEP_STRUCTURAL_IN_ON_CUT,2,3,0,0,"tail_cont_enabled=1 tail_active_dims=(1,) tail_delta=0.1 tail_start=(6, 6, 6) returned_y=(2, 0, 6) returned_b=(0, 0, 1) returned_u=(0, 0, 0) returned_zcap=(2, 0, 6) max_tail_u=0",NA
120,P1_no_rho,69,448.3420170999598,5.595026399940252,6.019972700043581,0.15194959996733814,0.01,79692.00197827865,79692.00197827865,-69516.0103330139,-47134.80848632001,0.0,-25442.868183585862,-67620.40754628814,-67620.39480892314,-44583.67635645706,-25442.868183585862,19140.808172871195,19140.808172871188,-25030.644068845002,32455.0,nan,nan,1.5000000000000002,10.0,0.0,0.0,10.0,0.85,CORE,MAIN,1.204069928342399,0.26660338840185394,0.6,0.174,-44583.67635645706,STRUCTURAL,-0.8748472395640763,-183607.82080494933,26400.0,0,0,0,0,0,0,0,inf,inf,NA,1,5,5,5,23,6,0,0,CONTINUE,0,A,1,1,0,KEEP_STRUCTURAL_IN_ON_CUT,2,3,0,0,"tail_cont_enabled=1 tail_active_dims=(1,) tail_delta=0.1 tail_start=(6, 6, 6) returned_y=(2, 0, 6) returned_b=(0, 0, 1) returned_u=(0, 0, 0) returned_zcap=(2, 0, 6) max_tail_u=0",NA
120,P1_no_rho,70,458.8459571999265,5.595026399940252,10.503440200001933,0.1603594000916928,0.01,39143.86651944922,39143.86651944922,-69516.0103330139,-53217.02880514443,0.0,-25442.868183585862,-79099.31272233893,-79099.29915056197,-44583.67635645706,-25442.868183585862,19140.808172871195,19140.808172871188,-27513.596448416847,38883.5,nan,nan,1.5000000000000002,10.0,0.0,0.0,10.0,0.85,CORE,MAIN,1.2042793036860004,0.24853098214968916,0.6,0.174,-44583.67635645706,STRUCTURAL,-0.8844488913831506,-183607.82080494933,26400.0,0,0,0,0,0,0,0,inf,inf,NA,1,5,5,5,23,6,0,0,CONTINUE,0,A,1,1,0,KEEP_STRUCTURAL_IN_ON_CUT,2,3,0,0,"tail_cont_enabled=1 tail_active_dims=(1,) tail_delta=0.1 tail_start=(6, 6, 6) returned_y=(0, 6, 1) returned_b=(0, 1, 0) returned_u=(0, 0.1, 0) returned_zcap=(0, 6.1, 1) max_tail_u=0.1",NA
120,P1_no_rho,71,463.05206110002473,5.595026399940252,4.205631100106984,0.16385220002848655,0.01,59736.011841066575,59736.011841066575,-69516.0103330139,-50128.20700690182,0.0,-25442.868183585862,-78147.92044874687,-78147.90702761007,-44583.67635645706,-25442.868183585862,19140.808172871195,19140.808172871188,-26001.230887385922,38943.0,nan,nan,1.5000000000000002,10.0,0.0,0.0,10.0,0.85,CORE,MAIN,1.203482181391582,0.2531390857118424,0.6,0.174,-44583.67635645706,STRUCTURAL,-0.8927008900225823,-183607.82080494933,26400.0,0,0,0,0,0,0,0,inf,inf,NA,1,5,5,5,23,6,0,0,CONTINUE,0,A,1,1,0,KEEP_STRUCTURAL_IN_ON_CUT,2,3,0,0,"tail_cont_enabled=1 tail_active_dims=(1,) tail_delta=0.1 tail_start=(6, 6, 6) returned_y=(1, 6, 0) returned_b=(0, 1, 0) returned_u=(0, 0.1, 0) returned_zcap=(1, 6.1, 0) max_tail_u=0.1",NA
120,P1_no_rho,72,468.1366247999249,5.595026399940252,5.083661799901165,0.14961040008347481,0.01,46307.54961915089,46307.54961915089,-69516.0103330139,-52142.476340189176,0.0,-25442.868183585862,-67674.64598704582,-67674.63410207129,-44583.67635645706,-25442.868183585862,19140.808172871195,19140.808172871188,-22800.74427068014,35670.0,nan,nan,1.5000000000000002,10.0,0.0,0.0,10.0,0.85,CORE,MAIN,1.2049118074340641,0.2668187622901057,0.6,0.174,-44583.67635645706,STRUCTURAL,-0.8386859140527267,-183607.82080494933,26400.0,0,0,0,0,0,0,0,inf,inf,NA,1,5,5,5,23,6,0,0,CONTINUE,0,A,1,1,0,KEEP_STRUCTURAL_IN_ON_CUT,2,3,0,0,"tail_cont_enabled=1 tail_active_dims=(1,) tail_delta=0.1 tail_start=(6, 6, 6) returned_y=(1, 6, 0) returned_b=(0, 1, 0) returned_u=(0, 0.1, 0) returned_zcap=(1, 6.1, 0) max_tail_u=0.1",NA
120,P1_no_rho,73,474.2282794000348,5.595026399940252,6.090882599935867,0.15468919998966157,0.01,41159.27708129289,41159.27708129289,-69516.0103330139,-52914.71722086788,0.0,-25442.868183585862,-70381.22509645541,-70381.21216873247,-44583.67635645706,-25442.868183585862,19140.808172871195,19140.808172871188,-26314.214268261745,33879.0,nan,nan,1.5000000000000002,10.0,0.0,0.0,10.0,0.85,CORE,MAIN,1.2065107049058517,0.2627731981961512,0.6,0.174,-44583.67635645706,STRUCTURAL,-0.8671447976715311,-183607.82080494933,26400.0,0,0,0,0,0,0,0,inf,inf,NA,1,5,5,5,23,6,0,0,CONTINUE,0,A,1,1,0,KEEP_STRUCTURAL_IN_ON_CUT,2,3,0,0,"tail_cont_enabled=1 tail_active_dims=(1,) tail_delta=0.1 tail_start=(6, 6, 6) returned_y=(4, 0, 4) returned_b=(0, 0, 0) returned_u=(0, 0, 0) returned_zcap=(4, 0, 4) max_tail_u=0",NA
120,P1_no_rho,74,479.5125574999256,5.595026399940252,5.283819899894297,0.14751180005259812,0.01,41888.85608435135,41888.85608435135,-69516.0103330139,-52805.280370409106,0.0,-25442.868183585862,-76949.323915664,-76949.310377528,-44583.67635645706,-25442.868183585862,19140.808172871195,19140.808172871188,-27776.572474947076,36342.0,nan,nan,1.5000000000000002,10.0,0.0,0.0,10.0,0.85,CORE,MAIN,1.206291870995077,0.2526165138314673,0.6,0.174,-44583.67635645706,STRUCTURAL,-0.9020369068402203,-183607.82080494933,26400.0,0,0,0,0,0,0,0,inf,inf,NA,1,5,5,5,23,6,0,0,CONTINUE,0,A,1,1,0,KEEP_STRUCTURAL_IN_ON_CUT,2,3,0,0,"tail_cont_enabled=1 tail_active_dims=(1,) tail_delta=0.1 tail_start=(6, 6, 6) returned_y=(4, 0, 4) returned_b=(0, 0, 0) returned_u=(0, 0, 0) returned_zcap=(4, 0, 4) max_tail_u=0",NA
120,P1_no_rho,75,490.762340700021,5.595026399940252,11.249322700081393,0.15224089997354895,0.01,54314.50658828461,54314.50658828461,-69516.0103330139,-50941.43279481912,0.0,-25442.868183585862,-71351.14704541132,-71351.13416501963,-44583.67635645706,-25442.868183585862,19140.808172871195,19140.808172871188,-25401.143242142738,34748.5,nan,nan,1.5000000000000002,10.0,0.0,0.0,10.0,0.85,CORE,MAIN,1.206411595392603,0.26463977653326354,0.6,0.174,-44583.67635645706,STRUCTURAL,-0.8815726515365535,-183607.82080494933,26400.0,0,0,0,0,0,0,0,inf,inf,NA,1,5,5,5,23,6,0,0,CONTINUE,0,A,1,1,0,KEEP_STRUCTURAL_IN_ON_CUT,2,3,0,0,"tail_cont_enabled=1 tail_active_dims=(1,) tail_delta=0.1 tail_start=(6, 6, 6) returned_y=(2, 0, 6) returned_b=(0, 0, 1) returned_u=(0, 0, 0) returned_zcap=(2, 0, 6) max_tail_u=0",NA
120,P1_no_rho,76,496.76331339997705,5.595026399940252,6.000450300052762,0.15227219997905195,0.01,60505.99785289141,60505.99785289141,-69516.0103330139,-50012.7091051281,0.0,-25442.868183585862,-74188.47349571151,-74188.45995741115,-44583.67635645706,-25442.868183585862,19140.808172871195,19140.808172871188,-27209.64902952538,35473.0,nan,nan,1.5000000000000002,10.0,0.0,0.0,10.0,0.85,CORE,MAIN,1.2065284921005797,0.2578894384207071,0.6,0.174,-44583.67635645706,STRUCTURAL,-0.8829026945918634,-183607.82080494933,26400.0,0,0,0,0,0,0,0,inf,inf,NA,1,5,5,5,23,6,0,0,CONTINUE,0,A,1,1,0,KEEP_STRUCTURAL_IN_ON_CUT,2,3,0,0,"tail_cont_enabled=1 tail_active_dims=(1,) tail_delta=0.1 tail_start=(6, 6, 6) returned_y=(2, 0, 6) returned_b=(0, 0, 1) returned_u=(0, 0, 0) returned_zcap=(2, 0, 6) max_tail_u=0",NA
120,P1_no_rho,77,500.68797770002857,5.595026399940252,3.9240845000604168,0.14935989992227405,0.01,38219.49975352146,38219.49975352146,-69516.0103330139,-53355.68382003359,0.0,-25442.868183585862,-74905.28998889773,-74905.27689010034,-44583.67635645706,-25442.868183585862,19140.808172871195,19140.808172871188,-25358.15991360948,38349.0,nan,nan,1.5000000000000002,10.0,0.0,0.0,10.0,0.85,CORE,MAIN,1.2065116336549173,0.2565783343214163,0.6,0.174,-44583.67635645706,STRUCTURAL,-0.8613369662223413,-183607.82080494933,26400.0,0,0,0,0,0,0,0,inf,inf,NA,1,5,5,5,23,6,0,0,CONTINUE,0,A,1,1,0,KEEP_STRUCTURAL_IN_ON_CUT,2,3,0,0,"tail_cont_enabled=1 tail_active_dims=(1,) tail_delta=0.1 tail_start=(6, 6, 6) returned_y=(1, 6, 0) returned_b=(0, 1, 0) returned_u=(0, 0.1, 0) returned_zcap=(1, 6.1, 0) max_tail_u=0.1",NA
120,P1_no_rho,78,505.86726209998596,5.595026399940252,5.178650400019251,0.16666390001773834,0.01,33633.038459632,33633.038459632,-69516.0103330139,-54043.65301411701,0.0,-25442.868183585862,-68947.10151095665,-68947.08930496107,-44583.67635645706,-25442.868183585862,19140.808172871195,19140.808172871188,-22762.489309747947,35595.5,nan,nan,1.5000000000000002,10.0,0.0,0.0,10.0,0.85,CORE,MAIN,1.2082355044788116,0.2623757002169951,0.6,0.174,-44583.67635645706,STRUCTURAL,-0.8649894882820042,-183607.82080494933,26400.0,0,0,0,0,0,0,0,inf,inf,NA,1,5,5,5,23,6,0,0,CONTINUE,0,A,1,1,0,KEEP_STRUCTURAL_IN_ON_CUT,2,3,0,0,"tail_cont_enabled=1 tail_active_dims=(1,) tail_delta=0.1 tail_start=(6, 6, 6) returned_y=(1, 6, 0) returned_b=(0, 1, 0) returned_u=(0, 0.1, 0) returned_zcap=(1, 6.1, 0) max_tail_u=0.1",NA
120,P1_no_rho,79,511.6833616999211,5.595026399940252,5.815349499927834,0.15329689998179674,0.01,57405.263489590434,57405.263489590434,-69516.0103330139,-50477.81925962325,0.0,-25442.868183585862,-72941.72222192254,-72941.70936234751,-44583.67635645706,-25442.868183585862,19140.808172871195,19140.808172871188,-25551.41530787464,36823.0,nan,nan,1.5000000000000002,10.0,0.0,0.0,10.0,0.85,CORE,MAIN,1.209002002479902,0.25997763620065184,0.6,0.174,-44583.67635645706,STRUCTURAL,-0.8579835800898508,-183607.82080494933,26400.0,0,0,0,0,0,0,0,inf,inf,NA,1,5,5,5,23,6,0,0,CONTINUE,0,A,1,1,0,KEEP_STRUCTURAL_IN_ON_CUT,2,3,0,0,"tail_cont_enabled=1 tail_active_dims=(1,) tail_delta=0.1 tail_start=(6, 6, 6) returned_y=(1, 6, 0) returned_b=(0, 1, 0) returned_u=(0, 0.1, 0) returned_zcap=(1, 6.1, 0) max_tail_u=0.1",NA
120,P1_no_rho,80,523.5600640999619,5.595026399940252,11.876171899959445,0.17545320000499487,0.01,45323.49591303104,45323.49591303104,-69516.0103330139,-52290.08439610716,0.0,-25442.868183585862,-73678.12470024296,-73678.1112789443,-44583.67635645706,-25442.868183585862,19140.808172871195,19140.808172871188,-28703.53342748735,36598.0,nan,nan,1.5000000000000002,10.0,0.0,0.0,10.0,0.85,CORE,MAIN,1.2094765205464824,0.2586223292779274,0.6,0.174,-44583.67635645706,STRUCTURAL,-0.8192538363017458,-183607.82080494933,26400.0,0,0,0,0,0,0,0,inf,inf,NA,1,5,5,5,23,6,0,0,CONTINUE,0,A,1,1,0,KEEP_STRUCTURAL_IN_ON_CUT,2,3,0,0,"tail_cont_enabled=1 tail_active_dims=(1,) tail_delta=0.1 tail_start=(6, 6, 6) returned_y=(6, 0, 2) returned_b=(1, 0, 0) returned_u=(0, 0, 0) returned_zcap=(6, 0, 2) max_tail_u=0",NA
120,P1_no_rho,81,527.756791700027,5.595026399940252,4.196110100019723,0.15551090007647872,0.01,46519.89879381256,46519.89879381256,-69516.0103330139,-52110.62396398993,0.0,-25442.868183585862,-73467.51165958654,-73467.49853332882,-44583.67635645706,-25442.868183585862,19140.808172871195,19140.808172871188,-25490.725039590303,35917.0,nan,nan,1.5000000000000002,10.0,0.0,0.0,10.0,0.85,CORE,MAIN,1.2095695467835843,0.2600690267826663,0.6,0.174,-44583.67635645706,STRUCTURAL,-0.8905118930448627,-183607.82080494933,26400.0,0,0,0,0,0,0,0,inf,inf,NA,1,5,5,5,23,6,0,0,CONTINUE,0,A,1,1,0,KEEP_STRUCTURAL_IN_ON_CUT,2,3,0,0,"tail_cont_enabled=1 tail_active_dims=(1,) tail_delta=0.1 tail_start=(6, 6, 6) returned_y=(6, 0, 2) returned_b=(1, 0, 0) returned_u=(0, 0, 0) returned_zcap=(6, 0, 2) max_tail_u=0",NA
120,P1_no_rho,82,534.1221219999716,5.595026399940252,6.364838600042276,0.16373650007881224,0.01,57125.9543357681,57125.9543357681,-69516.0103330139,-50519.71563269659,0.0,-25442.868183585862,-74501.3740292004,-74501.3606717064,-44583.67635645706,-25442.868183585862,19140.808172871195,19140.808172871188,-26134.49762304487,36261.0,nan,nan,1.5000000000000002,10.0,0.0,0.0,10.0,0.85,CORE,MAIN,1.2093885236764388,0.25857022844487276,0.6,0.174,-44583.67635645706,STRUCTURAL,-0.8892356902946508,-183607.82080494933,26400.0,0,0,0,0,0,0,0,inf,inf,NA,1,5,5,5,23,6,0,0,CONTINUE,0,A,1,1,0,KEEP_STRUCTURAL_IN_ON_CUT,2,3,0,0,"tail_cont_enabled=1 tail_active_dims=(1,) tail_delta=0.1 tail_start=(6, 6, 6) returned_y=(6, 0, 2) returned_b=(1, 0, 0) returned_u=(0, 0, 0) returned_zcap=(6, 0, 2) max_tail_u=0",NA
120,P1_no_rho,83,540.4434757999843,5.595026399940252,6.3208328000037,0.16468480008188635,0.01,51533.63975342645,51533.63975342645,-69516.0103330139,-51358.562820047846,0.0,-25442.868183585862,-75548.67130510807,-75548.65769924552,-44583.67635645706,-25442.868183585862,19140.808172871195,19140.808172871188,-27517.039563767517,36710.0,nan,nan,1.5000000000000002,10.0,0.0,0.0,10.0,0.85,CORE,MAIN,1.2089258026188927,0.24928150944518424,0.6,0.174,-44583.67635645706,STRUCTURAL,-0.8722712818574048,-183607.82080494933,26400.0,0,0,0,0,0,0,0,inf,inf,NA,1,5,5,5,23,6,0,0,CONTINUE,0,A,1,1,0,KEEP_STRUCTURAL_IN_ON_CUT,2,3,0,0,"tail_cont_enabled=1 tail_active_dims=(1,) tail_delta=0.1 tail_start=(6, 6, 6) returned_y=(6, 0, 2) returned_b=(1, 0, 0) returned_u=(0, 0, 0) returned_zcap=(6, 0, 2) max_tail_u=0",NA
120,P1_no_rho,84,544.4468508999562,5.595026399940252,4.002927399938926,0.16117779992055148,0.01,39312.79781131238,39312.79781131238,-69516.0103330139,-53191.689111364954,0.0,-25442.868183585862,-70817.88160971687,-70817.86904804464,-44583.67635645706,-25442.868183585862,19140.808172871195,19140.808172871188,-23386.950782003765,36697.5,nan,nan,1.5000000000000002,10.0,0.0,0.0,10.0,0.85,CORE,MAIN,1.2104987447317292,0.252861227613405,0.6,0.174,-44583.67635645706,STRUCTURAL,-0.8616557579497396,-183607.82080494933,26400.0,0,0,0,0,0,0,0,inf,inf,NA,1,5,5,5,23,6,0,0,CONTINUE,0,A,1,1,0,KEEP_STRUCTURAL_IN_ON_CUT,2,3,0,0,"tail_cont_enabled=1 tail_active_dims=(1,) tail_delta=0.1 tail_start=(6, 6, 6) returned_y=(1, 6, 0) returned_b=(0, 1, 0) returned_u=(0, 0.1, 0) returned_zcap=(1, 6.1, 0) max_tail_u=0.1",NA
120,P1_no_rho,85,555.4184454999631,5.595026399940252,10.97096770000644,0.16887509997468442,0.01,54314.68336186287,54314.68336186287,-69516.0103330139,-50941.40627878238,0.0,-25442.868183585862,-72048.81163225674,-72048.7990793562,-44583.67635645706,-25442.868183585862,19140.808172871195,19140.808172871188,-23858.023184814025,37169.0,nan,nan,1.5000000000000002,10.0,0.0,0.0,10.0,0.85,CORE,MAIN,1.211702583914402,0.2629097275397241,0.6,0.174,-44583.67635645706,STRUCTURAL,-0.8643542718312245,-183607.82080494933,26400.0,0,0,0,0,0,0,0,inf,inf,NA,1,5,5,5,23,6,0,0,CONTINUE,0,A,1,1,0,KEEP_STRUCTURAL_IN_ON_CUT,2,3,0,0,"tail_cont_enabled=1 tail_active_dims=(1,) tail_delta=0.1 tail_start=(6, 6, 6) returned_y=(1, 6, 0) returned_b=(0, 1, 0) returned_u=(0, 0.1, 0) returned_zcap=(1, 6.1, 0) max_tail_u=0.1",NA
120,P1_no_rho,86,561.0185723999748,5.595026399940252,5.599501200020313,0.18107149994466454,0.01,45760.46998044764,45760.46998044764,-69516.0103330139,-52224.53828599467,0.0,-25442.868183585862,-74378.70990451082,-74378.69692505692,-44583.67635645706,-25442.868183585862,19140.808172871195,19140.808172871188,-26414.562722738585,37061.5,nan,nan,1.5000000000000002,10.0,0.0,0.0,10.0,0.85,CORE,MAIN,1.212159504082521,0.2518127185796277,0.6,0.174,-44583.67635645706,STRUCTURAL,-0.8627845464488005,-183607.82080494933,26400.0,0,0,0,0,0,0,0,inf,inf,NA,1,5,5,5,23,6,0,0,CONTINUE,0,A,1,1,0,KEEP_STRUCTURAL_IN_ON_CUT,2,3,0,0,"tail_cont_enabled=1 tail_active_dims=(1,) tail_delta=0.1 tail_start=(6, 6, 6) returned_y=(1, 6, 0) returned_b=(0, 1, 0) returned_u=(0, 0.1, 0) returned_zcap=(1, 6.1, 0) max_tail_u=0.1",NA
120,P1_no_rho,87,567.1493414000142,5.595026399940252,6.1294850000413135,0.1500507000600919,0.01,37677.54369556328,37677.54369556328,-69516.0103330139,-53436.97722872732,0.0,-25442.868183585862,-72430.43321600601,-72430.4201579131,-44583.67635645706,-25442.868183585862,19140.808172871195,19140.808172871188,-27174.760011740585,35562.0,nan,nan,1.5000000000000002,10.0,0.0,0.0,10.0,0.85,CORE,MAIN,1.212678922424565,0.2629836605747031,0.6,0.174,-44583.67635645706,STRUCTURAL,-0.8483898570791392,-183607.82080494933,26400.0,0,0,0,0,0,0,0,inf,inf,NA,1,5,5,5,23,6,0,0,CONTINUE,0,A,1,1,0,KEEP_STRUCTURAL_IN_ON_CUT,2,3,0,0,"tail_cont_enabled=1 tail_active_dims=(1,) tail_delta=0.1 tail_start=(6, 6, 6) returned_y=(2, 0, 6) returned_b=(0, 0, 1) returned_u=(0, 0, 0) returned_zcap=(2, 0, 6) max_tail_u=0",NA
120,P1_no_rho,88,571.2264540999895,5.595026399940252,4.0764168000314385,0.14997340005356818,0.01,56072.8077084086,56072.8077084086,-69516.0103330139,-50677.68762680052,0.0,-25442.868183585862,-73873.97458358998,-73873.96137361987,-44583.67635645706,-25442.868183585862,19140.808172871195,19140.808172871188,-25603.413436530114,35512.0,nan,nan,1.5000000000000004,10.000000000000002,0.0,0.0,10.0,0.85,CORE,MAIN,1.212900373949754,0.2593521893700228,0.6,0.174,-44583.67635645706,STRUCTURAL,-0.9061828478089986,-183607.82080494933,26400.0,0,0,0,0,0,0,0,inf,inf,NA,1,5,5,5,23,6,0,0,CONTINUE,0,A,1,1,0,KEEP_STRUCTURAL_IN_ON_CUT,2,3,0,0,"tail_cont_enabled=1 tail_active_dims=(1,) tail_delta=0.1 tail_start=(6, 6, 6) returned_y=(2, 0, 6) returned_b=(0, 0, 1) returned_u=(0, 0, 0) returned_zcap=(2, 0, 6) max_tail_u=0",NA
120,P1_no_rho,89,577.6006183000281,5.595026399940252,6.373608599998988,0.15539940004236996,0.01,52680.55676000016,52680.55676000016,-69516.0103330139,-51186.525269061785,0.0,-25442.868183585862,-75630.5826734635,-75630.56912095491,-44583.67635645706,-25442.868183585862,19140.808172871195,19140.808172871188,-26384.19296938368,36386.0,nan,nan,1.5000000000000002,10.0,0.0,0.0,10.0,0.85,CORE,MAIN,1.2126696822334921,0.2577666556785627,0.6,0.174,-44583.67635645706,STRUCTURAL,-0.9022953178250102,-183607.82080494933,26400.0,0,0,0,0,0,0,0,inf,inf,NA,1,5,5,5,23,6,0,0,CONTINUE,0,A,1,1,0,KEEP_STRUCTURAL_IN_ON_CUT,2,3,0,0,"tail_cont_enabled=1 tail_active_dims=(1,) tail_delta=0.1 tail_start=(6, 6, 6) returned_y=(2, 0, 6) returned_b=(0, 0, 1) returned_u=(0, 0, 0) returned_zcap=(2, 0, 6) max_tail_u=0",NA
120,P1_no_rho,90,588.6306039999472,5.595026399940252,11.029427899979055,0.15045079996343702,0.01,48384.6464401093,48384.6464401093,-69516.0103330139,-51830.91181704542,0.0,-25442.868183585862,-75463.3688915939,-75463.35533515972,-44583.67635645706,-25442.868183585862,19140.808172871195,19140.808172871188,-26726.38169528358,36103.0,nan,nan,1.5000000000000002,10.0,0.0,0.0,10.0,0.85,CORE,MAIN,1.212946665008117,0.2621176171719739,0.6,0.174,-44583.67635645706,STRUCTURAL,-0.8999616585856419,-183607.82080494933,26400.0,0,0,0,0,0,0,0,inf,inf,NA,1,5,5,5,23,6,0,0,CONTINUE,0,A,1,1,0,KEEP_STRUCTURAL_IN_ON_CUT,2,3,0,0,"tail_cont_enabled=1 tail_active_dims=(1,) tail_delta=0.1 tail_start=(6, 6, 6) returned_y=(2, 0, 6) returned_b=(0, 0, 1) returned_u=(0, 0, 0) returned_zcap=(2, 0, 6) max_tail_u=0",NA
120,P1_no_rho,91,594.6454060999677,5.595026399940252,6.014384799986146,0.16395509999711066,0.01,39106.60319129735,39106.60319129735,-69516.0103330139,-53222.618304367206,0.0,-25442.868183585862,-71540.79838881483,-71540.78546494833,-44583.67635645706,-25442.868183585862,19140.808172871195,19140.808172871188,-25278.66689265904,36609.5,nan,nan,1.5000000000000002,10.0,0.0,0.0,10.0,0.85,CORE,MAIN,1.213324724753137,0.2665301676835161,0.6,0.174,-44583.67635645706,STRUCTURAL,-0.8424428736127563,-183607.82080494933,26400.0,0,0,0,0,0,0,0,inf,inf,NA,1,5,5,5,23,6,0,0,CONTINUE,0,A,1,1,0,KEEP_STRUCTURAL_IN_ON_CUT,2,3,0,0,"tail_cont_enabled=1 tail_active_dims=(1,) tail_delta=0.1 tail_start=(6, 6, 6) returned_y=(1, 6, 0) returned_b=(0, 1, 0) returned_u=(0, 0.1, 0) returned_zcap=(1, 6.1, 0) max_tail_u=0.1",NA
120,P1_no_rho,92,598.9364890999859,5.595026399940252,4.29078409995418,0.16100520000327379,0.01,53455.70819634462,53455.70819634462,-69516.0103330139,-51070.25255361012,0.0,-25442.868183585862,-75983.1875893627,-75983.17473845178,-44583.67635645706,-25442.868183585862,19140.808172871195,19140.808172871188,-23994.13641443828,39071.0,nan,nan,1.5000000000000002,10.0,0.0,0.0,10.0,0.85,CORE,MAIN,1.2130603083111229,0.25819018269173777,0.6,0.174,-44583.67635645706,STRUCTURAL,-0.8870865573616149,-183607.82080494933,26400.0,0,0,0,0,0,0,0,inf,inf,NA,1,5,5,5,23,6,0,0,CONTINUE,0,A,1,1,0,KEEP_STRUCTURAL_IN_ON_CUT,2,3,0,0,"tail_cont_enabled=1 tail_active_dims=(1,) tail_delta=0.1 tail_start=(6, 6, 6) returned_y=(1, 6, 0) returned_b=(0, 1, 0) returned_u=(0, 0.1, 0) returned_zcap=(1, 6.1, 0) max_tail_u=0.1",NA
120,P1_no_rho,93,604.7893125999253,5.595026399940252,5.852313399896957,0.14461920002941042,0.01,40003.62276645804,40003.62276645804,-69516.0103330139,-53088.06536809311,0.0,-25442.868183585862,-71413.70773619125,-71413.69554311202,-44583.67635645706,-25442.868183585862,19140.808172871195,19140.808172871188,-23975.049746825887,36643.0,nan,nan,1.5000000000000002,10.0,0.0,0.0,10.0,0.85,CORE,MAIN,1.2133726175193127,0.25517544942606885,0.6,0.174,-44583.67635645706,STRUCTURAL,-0.8630779102199807,-183607.82080494933,26400.0,0,0,0,0,0,0,0,inf,inf,NA,1,5,5,5,23,6,0,0,CONTINUE,0,A,1,1,0,KEEP_STRUCTURAL_IN_ON_CUT,2,3,0,0,"tail_cont_enabled=1 tail_active_dims=(1,) tail_delta=0.1 tail_start=(6, 6, 6) returned_y=(1, 6, 0) returned_b=(0, 1, 0) returned_u=(0, 0.1, 0) returned_zcap=(1, 6.1, 0) max_tail_u=0.1",NA
120,P1_no_rho,94,610.0934340999229,5.595026399940252,5.303810499957763,0.14870679995510727,0.01,38837.08556886029,38837.08556886029,-69516.0103330139,-53263.04594773277,0.0,-25442.868183585862,-68878.74812130693,-68878.73531581205,-44583.67635645706,-25442.868183585862,19140.808172871195,19140.808172871188,-26411.698837128846,33766.0,nan,nan,1.5000000000000002,10.0,0.0,0.0,10.0,0.85,CORE,MAIN,1.2127369831937058,0.2698490512200742,0.6,0.174,-44583.67635645706,STRUCTURAL,-0.8384575505673006,-183607.82080494933,26400.0,0,0,0,0,0,0,0,inf,inf,NA,1,5,5,5,23,6,0,0,CONTINUE,0,A,1,1,0,KEEP_STRUCTURAL_IN_ON_CUT,2,3,0,0,"tail_cont_enabled=1 tail_active_dims=(1,) tail_delta=0.1 tail_start=(6, 6, 6) returned_y=(1, 6, 0) returned_b=(0, 1, 0) returned_u=(0, 0.1, 0) returned_zcap=(1, 6.1, 0) max_tail_u=0.1",NA
120,P1_no_rho,95,621.3379119000165,5.595026399940252,11.244004999985918,0.157334899995476,0.01,41372.479748370744,41372.479748370744,-69516.0103330139,-52882.736820806196,0.0,-25442.868183585862,-73202.62569273946,-73202.61272638605,-44583.67635645706,-25442.868183585862,19140.808172871195,19140.808172871188,-26204.82318794154,36352.5,nan,nan,1.5000000000000002,10.0,0.0,0.0,10.0,0.85,CORE,MAIN,1.2121378279073305,0.25998722275644426,0.6,0.174,-44583.67635645706,STRUCTURAL,-0.8618900953798594,-183607.82080494933,26400.0,0,0,0,0,0,0,0,inf,inf,NA,1,5,5,5,23,6,0,0,CONTINUE,0,A,1,1,0,KEEP_STRUCTURAL_IN_ON_CUT,2,3,0,0,"tail_cont_enabled=1 tail_active_dims=(1,) tail_delta=0.1 tail_start=(6, 6, 6) returned_y=(6, 0, 2) returned_b=(1, 0, 0) returned_u=(0, 0, 0) returned_zcap=(6, 0, 2) max_tail_u=0",NA
120,P1_no_rho,96,625.3737868999597,5.595026399940252,4.035203199950047,0.14563599997200072,0.01,40439.145218741556,40439.145218741556,-69516.0103330139,-53022.73700025058,0.0,-25442.868183585862,-80597.0933250192,-80597.07928232924,-44583.67635645706,-25442.868183585862,19140.808172871195,19140.808172871188,-28692.79553397327,38870.0,nan,nan,1.5000000000000002,10.0,0.0,0.0,10.0,0.85,CORE,MAIN,1.2101289592515867,0.24924325200025788,0.6,0.174,-44583.67635645706,STRUCTURAL,-0.8902201140272015,-183607.82080494933,26400.0,0,0,0,0,0,0,0,inf,inf,NA,1,5,5,5,23,6,0,0,CONTINUE,0,A,1,1,0,KEEP_STRUCTURAL_IN_ON_CUT,2,3,0,0,"tail_cont_enabled=1 tail_active_dims=(1,) tail_delta=0.1 tail_start=(6, 6, 6) returned_y=(6, 0, 2) returned_b=(1, 0, 0) returned_u=(0, 0, 0) returned_zcap=(6, 0, 2) max_tail_u=0",NA
120,P1_no_rho,97,631.5833922999445,5.595026399940252,6.209041399997659,0.14676400006283075,0.01,48120.111300117635,48120.111300117635,-69516.0103330139,-51870.59208804417,0.0,-25442.868183585862,-69787.62238026127,-69787.60987319256,-44583.67635645706,-25442.868183585862,19140.808172871195,19140.808172871188,-23755.828334906582,35266.0,nan,nan,1.5000000000000002,10.0,0.0,0.0,10.0,0.85,CORE,MAIN,1.209935519751722,0.2690347744646523,0.6,0.174,-44583.67635645706,STRUCTURAL,-0.8701824521878668,-183607.82080494933,26400.0,0,0,0,0,0,0,0,inf,inf,NA,1,5,5,5,23,6,0,0,CONTINUE,0,A,1,1,0,KEEP_STRUCTURAL_IN_ON_CUT,2,3,0,0,"tail_cont_enabled=1 tail_active_dims=(1,) tail_delta=0.1 tail_start=(6, 6, 6) returned_y=(6, 0, 2) returned_b=(1, 0, 0) returned_u=(0, 0, 0) returned_zcap=(6, 0, 2) max_tail_u=0",NA
120,P1_no_rho,98,637.472827999969,5.595026399940252,5.888730700011365,0.1539399999892339,0.01,63932.79765657811,63932.79765657811,-69516.0103330139,-49498.68913457509,0.0,-25442.868183585862,-75122.41797597527,-75122.40406283882,-44583.67635645706,-25442.868183585862,19140.808172871195,19140.808172871188,-28512.777871289745,35802.0,nan,nan,1.5000000000000002,10.0,0.0,0.0,10.0,0.85,CORE,MAIN,1.2094739352987682,0.25768937888624643,0.6,0.174,-44583.67635645706,STRUCTURAL,-0.8679147569325562,-183607.82080494933,26400.0,0,0,0,0,0,0,0,inf,inf,NA,1,5,5,5,23,6,0,0,CONTINUE,0,A,1,1,0,KEEP_STRUCTURAL_IN_ON_CUT,2,3,0,0,"tail_cont_enabled=1 tail_active_dims=(1,) tail_delta=0.1 tail_start=(6, 6, 6) returned_y=(6, 0, 2) returned_b=(1, 0, 0) returned_u=(0, 0, 0) returned_zcap=(6, 0, 2) max_tail_u=0",NA
120,P1_no_rho,99,641.7676795999287,5.595026399940252,4.29406859993469,0.14742189995013177,0.01,46577.25432522828,46577.25432522828,-69516.0103330139,-52102.02063427757,0.0,-25442.868183585862,-81696.3204625694,-81696.30668558017,-44583.67635645706,-25442.868183585862,19140.808172871195,19140.808172871188,-27069.960528031894,40849.0,nan,nan,1.5000000000000002,10.0,0.0,0.0,10.0,0.85,CORE,MAIN,1.2073471518020822,0.24449832624589174,0.6,0.174,-44583.67635645706,STRUCTURAL,-0.8915166614857695,-183607.82080494933,26400.0,0,0,0,0,0,0,0,inf,inf,NA,1,5,5,5,23,6,0,0,CONTINUE,0,A,1,1,0,KEEP_STRUCTURAL_IN_ON_CUT,2,3,0,0,"tail_cont_enabled=1 tail_active_dims=(1,) tail_delta=0.1 tail_start=(6, 6, 6) returned_y=(1, 6, 0) returned_b=(0, 1, 0) returned_u=(0, 0.1, 0) returned_zcap=(1, 6.1, 0) max_tail_u=0.1",NA
120,P1_no_rho,100,652.5658325999975,5.595026399940252,10.797743699979037,0.16712460003327578,0.01,44654.09653516235,44654.09653516235,-69516.0103330139,-52390.49430278746,0.0,-25442.868183585862,-72666.59275561562,-72666.58046314478,-44583.67635645706,-25442.868183585862,19140.808172871195,19140.808172871188,-24299.87422459621,37596.5,nan,nan,1.5000000000000002,10.0,0.0,0.0,10.0,0.85,CORE,MAIN,1.2072106027752374,0.2665771906641471,0.6,0.174,-44583.67635645706,STRUCTURAL,-0.8576455474764684,-183607.82080494933,26400.0,0,0,0,0,0,0,0,inf,inf,NA,1,5,5,5,23,6,0,0,CONTINUE,0,A,1,1,0,KEEP_STRUCTURAL_IN_ON_CUT,2,3,0,0,"tail_cont_enabled=1 tail_active_dims=(1,) tail_delta=0.1 tail_start=(6, 6, 6) returned_y=(1, 6, 0) returned_b=(0, 1, 0) returned_u=(0, 0.1, 0) returned_zcap=(1, 6.1, 0) max_tail_u=0.1",NA
120,P1_no_rho,101,657.727630599984,5.595026399940252,5.161125899991021,0.16234839998651296,0.01,58548.79442758462,58548.79442758462,-69516.0103330139,-50306.289618924115,0.0,-25442.868183585862,-74512.03360997653,-74512.02064264203,-44583.67635645706,-25442.868183585862,19140.808172871195,19140.808172871188,-27042.237995255084,37719.0,nan,nan,1.5000000000000002,10.0,0.0,0.0,10.0,0.85,CORE,MAIN,1.2071551982754882,0.2622876384765246,0.6,0.174,-44583.67635645706,STRUCTURAL,-0.8390074435940672,-183607.82080494933,26400.0,0,0,0,0,0,0,0,inf,inf,NA,1,5,5,5,23,6,0,0,CONTINUE,0,A,1,1,0,KEEP_STRUCTURAL_IN_ON_CUT,2,3,0,0,"tail_cont_enabled=1 tail_active_dims=(1,) tail_delta=0.1 tail_start=(6, 6, 6) returned_y=(1, 6, 0) returned_b=(0, 1, 0) returned_u=(0, 0.1, 0) returned_zcap=(1, 6.1, 0) max_tail_u=0.1",NA
120,P1_no_rho,102,663.6373105000239,5.595026399940252,5.909235400031321,0.1452491000527516,0.01,54495.46774333697,54495.46774333697,-69516.0103330139,-50914.28862156127,0.0,-25442.868183585862,-72848.61007628615,-72848.59685285803,-44583.67635645706,-25442.868183585862,19140.808172871195,19140.808172871188,-27477.887991945514,34786.0,nan,nan,1.5000000000000002,10.0,0.0,0.0,10.0,0.85,CORE,MAIN,1.2079013371151015,0.26321066797667736,0.6,0.174,-44583.67635645706,STRUCTURAL,-0.869520474921185,-183607.82080494933,26400.0,0,0,0,0,0,0,0,inf,inf,NA,1,5,5,5,23,6,0,0,CONTINUE,0,A,1,1,0,KEEP_STRUCTURAL_IN_ON_CUT,2,3,0,0,"tail_cont_enabled=1 tail_active_dims=(1,) tail_delta=0.1 tail_start=(6, 6, 6) returned_y=(2, 0, 6) returned_b=(0, 0, 1) returned_u=(0, 0, 0) returned_zcap=(2, 0, 6) max_tail_u=0",NA
120,P1_no_rho,103,667.6459673999343,5.595026399940252,4.007550199981779,0.16818020003847778,0.01,42536.43645016043,42536.43645016043,-69516.0103330139,-52708.143315537745,0.0,-25442.868183585862,-74096.95592984655,-74096.94278390109,-44583.67635645706,-25442.868183585862,19140.808172871195,19140.808172871188,-26242.762713061384,36229.0,nan,nan,1.5000000000000002,10.0,0.0,0.0,10.0,0.85,CORE,MAIN,1.2101925301370686,0.24751762243827413,0.6,0.174,-44583.67635645706,STRUCTURAL,-0.8805870080292897,-183607.82080494933,26400.0,0,0,0,0,0,0,0,inf,inf,NA,1,5,5,5,23,6,0,0,CONTINUE,0,A,1,1,0,KEEP_STRUCTURAL_IN_ON_CUT,2,3,0,0,"tail_cont_enabled=1 tail_active_dims=(1,) tail_delta=0.1 tail_start=(6, 6, 6) returned_y=(2, 0, 6) returned_b=(0, 0, 1) returned_u=(0, 0, 0) returned_zcap=(2, 0, 6) max_tail_u=0",NA
120,P1_no_rho,104,673.4136782999849,5.595026399940252,5.767183999996632,0.15817059995606542,0.01,72313.16309620821,72313.16309620821,-69516.0103330139,-48241.634318630575,0.0,-25442.868183585862,-71366.31573462131,-71366.30283605374,-44583.67635645706,-25442.868183585862,19140.808172871195,19140.808172871188,-24862.07925128692,34923.5,nan,nan,1.5000000000000002,10.0,0.0,0.0,10.0,0.85,CORE,MAIN,1.211444515213698,0.26589635284935387,0.6,0.174,-44583.67635645706,STRUCTURAL,-0.8877350701727457,-183607.82080494933,26400.0,0,0,0,0,0,0,0,inf,inf,NA,1,5,5,5,23,6,0,0,CONTINUE,0,A,1,1,0,KEEP_STRUCTURAL_IN_ON_CUT,2,3,0,0,"tail_cont_enabled=1 tail_active_dims=(1,) tail_delta=0.1 tail_start=(6, 6, 6) returned_y=(2, 0, 6) returned_b=(0, 0, 1) returned_u=(0, 0, 0) returned_zcap=(2, 0, 6) max_tail_u=0",NA
120,P1_no_rho,105,683.8277306000236,5.595026399940252,10.413515000022016,0.14766070002224296,0.01,41552.50113805699,41552.50113805699,-69516.0103330139,-52855.733612353266,0.0,-25442.868183585862,-69798.88175192526,-69798.86899379166,-44583.67635645706,-25442.868183585862,19140.808172871195,19140.808172871188,-24403.408895681885,33971.0,nan,nan,1.5000000000000002,10.0,0.0,0.0,10.0,0.85,CORE,MAIN,1.2122908291431358,0.26621529951081113,0.6,0.174,-44583.67635645706,STRUCTURAL,-0.8908669178242182,-183607.82080494933,26400.0,0,0,0,0,0,0,0,inf,inf,NA,1,5,5,5,23,6,0,0,CONTINUE,0,A,1,1,0,KEEP_STRUCTURAL_IN_ON_CUT,2,3,0,0,"tail_cont_enabled=1 tail_active_dims=(1,) tail_delta=0.1 tail_start=(6, 6, 6) returned_y=(2, 0, 6) returned_b=(0, 0, 1) returned_u=(0, 0, 0) returned_zcap=(2, 0, 6) max_tail_u=0",NA
120,P1_no_rho,106,687.8466552000027,5.595026399940252,4.018428300041705,0.1483633000170812,0.01,26933.44180037355,26933.44180037355,-69516.0103330139,-55048.59251300578,0.0,-25442.868183585862,-69011.27152177735,-69011.25886126731,-44583.67635645706,-25442.868183585862,19140.808172871195,19140.808172871188,-23994.55797247221,34865.0,nan,nan,1.5000000000000002,10.0,0.0,0.0,10.0,0.85,CORE,MAIN,1.212878407721565,0.2824460202489095,0.6,0.174,-44583.67635645706,STRUCTURAL,-0.8607811250785427,-183607.82080494933,26400.0,0,0,0,0,0,0,0,inf,inf,NA,1,5,5,5,23,6,0,0,CONTINUE,0,A,1,1,0,KEEP_STRUCTURAL_IN_ON_CUT,2,3,0,0,"tail_cont_enabled=1 tail_active_dims=(1,) tail_delta=0.1 tail_start=(6, 6, 6) returned_y=(0, 6, 1) returned_b=(0, 1, 0) returned_u=(0, 0.1, 0) returned_zcap=(0, 6.1, 1) max_tail_u=0.1",NA
120,P1_no_rho,107,693.7671976999845,5.595026399940252,5.9199647000059485,0.1554163999389857,0.01,44815.669393294585,44815.669393294585,-69516.0103330139,-52366.25837406762,0.0,-25442.868183585862,-79799.73734573348,-79799.7241671234,-44583.67635645706,-25442.868183585862,19140.808172871195,19140.808172871188,-26090.822237994136,40104.0,nan,nan,1.5000000000000002,10.0,0.0,0.0,10.0,0.85,CORE,MAIN,1.2114747828386232,0.2484827168881033,0.6,0.174,-44583.67635645706,STRUCTURAL,-0.8928270152458481,-183607.82080494933,26400.0,0,0,0,0,0,0,0,inf,inf,NA,1,5,5,5,23,6,0,0,CONTINUE,0,A,1,1,0,KEEP_STRUCTURAL_IN_ON_CUT,2,3,0,0,"tail_cont_enabled=1 tail_active_dims=(1,) tail_delta=0.1 tail_start=(6, 6, 6) returned_y=(1, 6, 0) returned_b=(0, 1, 0) returned_u=(0, 0.1, 0) returned_zcap=(1, 6.1, 0) max_tail_u=0.1",NA
120,P1_no_rho,108,699.1886895999778,5.595026399940252,5.420949700055644,0.1474233000772074,0.01,47245.07104702864,47245.07104702864,-69516.0103330139,-52001.84812600751,0.0,-25442.868183585862,-75791.4545754356,-75791.44144077058,-44583.67635645706,-25442.868183585862,19140.808172871195,19140.808172871188,-26715.994614632593,38073.0,nan,nan,1.5000000000000002,10.0,0.0,0.0,10.0,0.85,CORE,MAIN,1.2101798497379672,0.26739154304815693,0.6,0.174,-44583.67635645706,STRUCTURAL,-0.8593219486449363,-183607.82080494933,26400.0,0,0,0,0,0,0,0,inf,inf,NA,1,5,5,5,23,6,0,0,CONTINUE,0,A,1,1,0,KEEP_STRUCTURAL_IN_ON_CUT,2,3,0,0,"tail_cont_enabled=1 tail_active_dims=(1,) tail_delta=0.1 tail_start=(6, 6, 6) returned_y=(1, 6, 0) returned_b=(0, 1, 0) returned_u=(0, 0.1, 0) returned_zcap=(1, 6.1, 0) max_tail_u=0.1",NA
120,P1_no_rho,109,705.3200655999826,5.595026399940252,6.1309305999893695,0.14358799997717142,0.01,40499.637245796854,40499.637245796854,-69516.0103330139,-53013.66319619228,0.0,-25442.868183585862,-71710.26976094964,-71710.25673997612,-44583.67635645706,-25442.868183585862,19140.808172871195,19140.808172871188,-27154.405535058802,34405.0,nan,nan,1.5000000000000002,10.0,0.0,0.0,10.0,0.85,CORE,MAIN,1.2099916501523058,0.2643274980143746,0.6,0.174,-44583.67635645706,STRUCTURAL,-0.8633600000952828,-183607.82080494933,26400.0,0,0,0,0,0,0,0,inf,inf,NA,1,5,5,5,23,6,0,0,CONTINUE,0,A,1,1,0,KEEP_STRUCTURAL_IN_ON_CUT,2,3,0,0,"tail_cont_enabled=1 tail_active_dims=(1,) tail_delta=0.1 tail_start=(6, 6, 6) returned_y=(2, 0, 6) returned_b=(0, 0, 1) returned_u=(0, 0, 0) returned_zcap=(2, 0, 6) max_tail_u=0",NA
120,P1_no_rho,110,714.7131446999265,5.595026399940252,9.39258979994338,0.14607879996765405,0.01,47914.623612102965,47914.623612102965,-69516.0103330139,-51901.415241246366,0.0,-25442.868183585862,-76712.13296475346,-76712.11942198378,-44583.67635645706,-25442.868183585862,19140.808172871195,19140.808172871188,-26891.575119387664,37871.5,nan,nan,1.5000000000000002,10.0,0.0,0.0,10.0,0.85,CORE,MAIN,1.2089995162233813,0.2514971785350598,0.6,0.174,-44583.67635645706,STRUCTURAL,-0.8770103165105879,-183607.82080494933,26400.0,0,0,0,0,0,0,0,inf,inf,NA,1,5,5,5,23,6,0,0,CONTINUE,0,A,1,1,0,KEEP_STRUCTURAL_IN_ON_CUT,2,3,0,0,"tail_cont_enabled=1 tail_active_dims=(1,) tail_delta=0.1 tail_start=(6, 6, 6) returned_y=(6, 0, 2) returned_b=(1, 0, 0) returned_u=(0, 0, 0) returned_zcap=(6, 0, 2) max_tail_u=0",NA
120,P1_no_rho,111,720.7084411999676,5.595026399940252,5.994885000050999,0.1560422999318689,0.01,55737.209040710964,55737.209040710964,-69516.0103330139,-50728.02742695517,0.0,-25442.868183585862,-73655.10130710033,-73655.0880881955,-44583.67635645706,-25442.868183585862,19140.808172871195,19140.808172871188,-25916.645831962116,36507.0,nan,nan,1.5000000000000002,10.0,0.0,0.0,10.0,0.85,CORE,MAIN,1.2083339397352442,0.263741478161424,0.6,0.174,-44583.67635645706,STRUCTURAL,-0.871767830027728,-183607.82080494933,26400.0,0,0,0,0,0,0,0,inf,inf,NA,1,5,5,5,23,6,0,0,CONTINUE,0,A,1,1,0,KEEP_STRUCTURAL_IN_ON_CUT,2,3,0,0,"tail_cont_enabled=1 tail_active_dims=(1,) tail_delta=0.1 tail_start=(6, 6, 6) returned_y=(6, 0, 2) returned_b=(1, 0, 0) returned_u=(0, 0, 0) returned_zcap=(6, 0, 2) max_tail_u=0",NA
120,P1_no_rho,112,726.5803506999509,5.595026399940252,5.871503200032748,0.1481469999998808,0.01,54211.31101776514,54211.31101776514,-69516.0103330139,-50956.91213039704,0.0,-25442.868183585862,-72062.51328048085,-72062.50028348785,-44583.67635645706,-25442.868183585862,19140.808172871195,19140.808172871188,-25341.642386555573,35591.0,nan,nan,1.5000000000000002,10.0,0.0,0.0,10.0,0.85,CORE,MAIN,1.2101044923712823,0.26491041178105335,0.6,0.174,-44583.67635645706,STRUCTURAL,-0.8751436767147551,-183607.82080494933,26400.0,0,0,0,0,0,0,0,inf,inf,NA,1,5,5,5,23,6,0,0,CONTINUE,0,A,1,1,0,KEEP_STRUCTURAL_IN_ON_CUT,2,3,0,0,"tail_cont_enabled=1 tail_active_dims=(1,) tail_delta=0.1 tail_start=(6, 6, 6) returned_y=(6, 0, 2) returned_b=(1, 0, 0) returned_u=(0, 0, 0) returned_zcap=(6, 0, 2) max_tail_u=0",NA
120,P1_no_rho,113,730.5853862999938,5.595026399940252,4.004369799979031,0.15151320002041757,0.01,56851.53940458661,56851.53940458661,-69516.0103330139,-50560.87787237382,0.0,-25442.868183585862,-74602.4725951006,-74602.45969520576,-44583.67635645706,-25442.868183585862,19140.808172871195,19140.808172871188,-24963.220051101514,38629.0,nan,nan,1.5000000000000002,10.0,0.0,0.0,10.0,0.85,CORE,MAIN,1.2113577026632636,0.25874740713352884,0.6,0.174,-44583.67635645706,STRUCTURAL,-0.8566834872609396,-183607.82080494933,26400.0,0,0,0,0,0,0,0,inf,inf,NA,1,5,5,5,23,6,0,0,CONTINUE,0,A,1,1,0,KEEP_STRUCTURAL_IN_ON_CUT,2,3,0,0,"tail_cont_enabled=1 tail_active_dims=(1,) tail_delta=0.1 tail_start=(6, 6, 6) returned_y=(1, 6, 0) returned_b=(0, 1, 0) returned_u=(0, 0.1, 0) returned_zcap=(1, 6.1, 0) max_tail_u=0.1",NA
120,P1_no_rho,114,736.114103000029,5.595026399940252,5.528181800036691,0.15024390001781285,0.01,39693.14611340163,39693.14611340163,-69516.0103330139,-53134.636866051565,0.0,-25442.868183585862,-73051.81048123224,-73051.79792914749,-44583.67635645706,-25442.868183585862,19140.808172871195,19140.808172871188,-23223.427852120192,37663.5,nan,nan,1.5000000000000002,10.0,0.0,0.0,10.0,0.85,CORE,MAIN,1.2124652487928738,0.2619093109125139,0.6,0.174,-44583.67635645706,STRUCTURAL,-0.8819922042477427,-183607.82080494933,26400.0,0,0,0,0,0,0,0,inf,inf,NA,1,5,5,5,23,6,0,0,CONTINUE,0,A,1,1,0,KEEP_STRUCTURAL_IN_ON_CUT,2,3,0,0,"tail_cont_enabled=1 tail_active_dims=(1,) tail_delta=0.1 tail_start=(6, 6, 6) returned_y=(1, 6, 0) returned_b=(0, 1, 0) returned_u=(0, 0.1, 0) returned_zcap=(1, 6.1, 0) max_tail_u=0.1",NA
120,P1_no_rho,115,746.9098130000057,5.595026399940252,10.795135300024413,0.1498669000575319,0.01,49583.079561581435,49583.079561581435,-69516.0103330139,-51651.146848824596,0.0,-25442.868183585862,-74594.54694642621,-74594.53403610978,-44583.67635645706,-25442.868183585862,19140.808172871195,19140.808172871188,-26402.460045933927,37231.0,nan,nan,1.5000000000000002,10.0,0.0,0.0,10.0,0.85,CORE,MAIN,1.2130967470794154,0.25704874017457724,0.6,0.174,-44583.67635645706,STRUCTURAL,-0.8629381248632562,-183607.82080494933,26400.0,0,0,0,0,0,0,0,inf,inf,NA,1,5,5,5,23,6,0,0,CONTINUE,0,A,1,1,0,KEEP_STRUCTURAL_IN_ON_CUT,2,3,0,0,"tail_cont_enabled=1 tail_active_dims=(1,) tail_delta=0.1 tail_start=(6, 6, 6) returned_y=(1, 6, 0) returned_b=(0, 1, 0) returned_u=(0, 0.1, 0) returned_zcap=(1, 6.1, 0) max_tail_u=0.1",NA
120,P1_no_rho,116,752.8915334999328,5.595026399940252,5.98112809995655,0.1471483000786975,0.01,46174.09786810812,46174.09786810812,-69516.0103330139,-52162.494102845594,0.0,-25442.868183585862,-75445.51593398003,-75445.5022458316,-44583.67635645706,-25442.868183585862,19140.808172871195,19140.808172871188,-28682.295135094024,35915.0,nan,nan,1.5000000000000002,10.0,0.0,0.0,10.0,0.85,CORE,MAIN,1.2133526409863162,0.2599613122578709,0.6,0.174,-44583.67635645706,STRUCTURAL,-0.8680348435795178,-183607.82080494933,26400.0,0,0,0,0,0,0,0,inf,inf,NA,1,5,5,5,23,6,0,0,CONTINUE,0,A,1,1,0,KEEP_STRUCTURAL_IN_ON_CUT,2,3,0,0,"tail_cont_enabled=1 tail_active_dims=(1,) tail_delta=0.1 tail_start=(6, 6, 6) returned_y=(2, 0, 6) returned_b=(0, 0, 1) returned_u=(0, 0, 0) returned_zcap=(2, 0, 6) max_tail_u=0",NA
120,P1_no_rho,117,757.3090507999295,5.595026399940252,4.416325099999085,0.15466270002070814,0.01,47622.28710144079,47622.28710144079,-69516.0103330139,-51945.265717845694,0.0,-25442.868183585862,-71725.34110466542,-71725.32843033502,-44583.67635645706,-25442.868183585862,19140.808172871195,19140.808172871188,-23853.819430987936,35826.0,nan,nan,1.5000000000000002,10.0,0.0,0.0,10.0,0.85,CORE,MAIN,1.213847746014126,0.26549284399981776,0.6,0.174,-44583.67635645706,STRUCTURAL,-0.8908150319013582,-183607.82080494933,26400.0,0,0,0,0,0,0,0,inf,inf,NA,1,5,5,5,23,6,0,0,CONTINUE,0,A,1,1,0,KEEP_STRUCTURAL_IN_ON_CUT,2,3,0,0,"tail_cont_enabled=1 tail_active_dims=(1,) tail_delta=0.1 tail_start=(6, 6, 6) returned_y=(6, 0, 2) returned_b=(1, 0, 0) returned_u=(0, 0, 0) returned_zcap=(6, 0, 2) max_tail_u=0",NA
120,P1_no_rho,118,763.3406961000292,5.595026399940252,6.031090600066818,0.16034480009693652,0.01,56075.94948743246,56075.94948743246,-69516.0103330139,-50677.21635994694,0.0,-25442.868183585862,-73656.35512088674,-73656.34184128384,-44583.67635645706,-25442.868183585862,19140.808172871195,19140.808172871188,-25743.34635231099,36471.0,nan,nan,1.5000000000000002,10.0,0.0,0.0,10.0,0.85,CORE,MAIN,1.2140145481399478,0.26200875012839764,0.6,0.174,-44583.67635645706,STRUCTURAL,-0.8758190615187015,-183607.82080494933,26400.0,0,0,0,0,0,0,0,inf,inf,NA,1,5,5,5,23,6,0,0,CONTINUE,0,A,1,1,0,KEEP_STRUCTURAL_IN_ON_CUT,2,3,0,0,"tail_cont_enabled=1 tail_active_dims=(1,) tail_delta=0.1 tail_start=(6, 6, 6) returned_y=(6, 0, 2) returned_b=(1, 0, 0) returned_u=(0, 0, 0) returned_zcap=(6, 0, 2) max_tail_u=0",NA
120,P1_no_rho,119,769.4898338000057,5.595026399940252,6.148564900038764,0.1620354000478983,0.01,50758.50086008734,50758.50086008734,-69516.0103330139,-51474.83365404871,0.0,-25442.868183585862,-72577.76541438772,-72577.75232719765,-44583.67635645706,-25442.868183585862,19140.808172871195,19140.808172871188,-25607.206935905517,35849.0,nan,nan,1.5000000000000002,10.0,0.0,0.0,10.0,0.85,CORE,MAIN,1.2143890999142184,0.24707095007357838,0.6,0.174,-44583.67635645706,STRUCTURAL,-0.8734887145395431,-183607.82080494933,26400.0,0,0,0,0,0,0,0,inf,inf,NA,1,5,5,5,23,6,0,0,CONTINUE,0,A,1,1,0,KEEP_STRUCTURAL_IN_ON_CUT,2,3,0,0,"tail_cont_enabled=1 tail_active_dims=(1,) tail_delta=0.1 tail_start=(6, 6, 6) returned_y=(6, 0, 2) returned_b=(1, 0, 0) returned_u=(0, 0, 0) returned_zcap=(6, 0, 2) max_tail_u=0",NA
120,P1_no_rho,120,778.9125470999861,5.595026399940252,9.42206879996229,0.17233959992881864,0.01,49046.389875119334,49046.389875119334,-69516.0103330139,-51731.65030179391,0.0,-25442.868183585862,-76010.6229096267,-76010.60987559656,-44583.67635645706,-25442.868183585862,19140.808172871195,19140.808172871188,-25158.216146591145,39084.5,nan,nan,1.5000000000000002,10.0,0.0,0.0,10.0,0.85,CORE,MAIN,1.214010613450867,0.247161253239906,0.6,0.174,-44583.67635645706,STRUCTURAL,-0.8673923376104835,-183607.82080494933,26400.0,0,0,0,0,0,0,0,inf,inf,NA,1,5,5,5,23,6,0,0,CONTINUE,0,A,1,1,0,KEEP_STRUCTURAL_IN_ON_CUT,2,3,0,0,"tail_cont_enabled=1 tail_active_dims=(1,) tail_delta=0.1 tail_start=(6, 6, 6) returned_y=(1, 6, 0) returned_b=(0, 1, 0) returned_u=(0, 0.1, 0) returned_zcap=(1, 6.1, 0) max_tail_u=0.1",NA
120,P1_no_rho,121,784.4645470000105,5.595026399940252,5.55149350001011,0.14818210003431886,0.01,47189.215825476866,47189.215825476866,-69516.0103330139,-52010.226409240284,0.0,-25442.868183585862,-72104.44925042897,-72104.43677597224,-44583.67635645706,-25442.868183585862,19140.808172871195,19140.808172871188,-22463.209663415448,37211.0,nan,nan,1.5000000000000002,10.0,0.0,0.0,10.0,0.85,CORE,MAIN,1.2142781122481359,0.2561495570130691,0.6,0.174,-44583.67635645706,STRUCTURAL,-0.8893647418336296,-183607.82080494933,26400.0,0,0,0,0,0,0,0,inf,inf,NA,1,5,5,5,23,6,0,0,CONTINUE,0,A,1,1,0,KEEP_STRUCTURAL_IN_ON_CUT,2,3,0,0,"tail_cont_enabled=1 tail_active_dims=(1,) tail_delta=0.1 tail_start=(6, 6, 6) returned_y=(1, 6, 0) returned_b=(0, 1, 0) returned_u=(0, 0.1, 0) returned_zcap=(1, 6.1, 0) max_tail_u=0.1",NA
120,P1_no_rho,122,789.9354278999381,5.595026399940252,5.470265700016171,0.15773979993537068,0.01,47077.46462228095,47077.46462228095,-69516.0103330139,-52026.98908971967,0.0,-25442.868183585862,-78282.0992136243,-78282.08572543338,-44583.67635645706,-25442.868183585862,19140.808172871195,19140.808172871188,-28233.548029338184,38581.0,nan,nan,1.5000000000000002,10.0,0.0,0.0,10.0,0.85,CORE,MAIN,1.2135172233752614,0.2547923564402593,0.6,0.174,-44583.67635645706,STRUCTURAL,-0.8648218500660114,-183607.82080494933,26400.0,0,0,0,0,0,0,0,inf,inf,NA,1,5,5,5,23,6,0,0,CONTINUE,0,A,1,1,0,KEEP_STRUCTURAL_IN_ON_CUT,2,3,0,0,"tail_cont_enabled=1 tail_active_dims=(1,) tail_delta=0.1 tail_start=(6, 6, 6) returned_y=(1, 6, 0) returned_b=(0, 1, 0) returned_u=(0, 0.1, 0) returned_zcap=(1, 6.1, 0) max_tail_u=0.1",NA
120,P1_no_rho,123,795.9541003999766,5.595026399940252,6.01810700003989,0.15616190002765507,0.01,38748.41059059521,38748.41059059521,-69516.0103330139,-53276.34719447253,0.0,-25442.868183585862,-70506.84423415906,-70506.83132645226,-44583.67635645706,-25442.868183585862,19140.808172871195,19140.808172871188,-26107.99838063007,34466.0,nan,nan,1.5000000000000002,10.0,0.0,0.0,10.0,0.85,CORE,MAIN,1.2130303106633085,0.26837453445126536,0.6,0.174,-44583.67635645706,STRUCTURAL,-0.8587948112308205,-183607.82080494933,26400.0,0,0,0,0,0,0,0,inf,inf,NA,1,5,5,5,23,6,0,0,CONTINUE,0,A,1,1,0,KEEP_STRUCTURAL_IN_ON_CUT,2,3,0,0,"tail_cont_enabled=1 tail_active_dims=(1,) tail_delta=0.1 tail_start=(6, 6, 6) returned_y=(2, 0, 6) returned_b=(0, 0, 1) returned_u=(0, 0, 0) returned_zcap=(2, 0, 6) max_tail_u=0",NA
120,P1_no_rho,124,800.2099792999215,5.595026399940252,4.255216499906965,0.14741800003685057,0.01,54639.036205441815,54639.036205441815,-69516.0103330139,-50892.75335224554,0.0,-25442.868183585862,-75044.19432802282,-75044.18104516153,-44583.67635645706,-25442.868183585862,19140.808172871195,19140.808172871188,-26025.997265485035,36173.0,nan,nan,1.5000000000000002,10.0,0.0,0.0,10.0,0.85,CORE,MAIN,1.2123285590040518,0.2599051565405224,0.6,0.174,-44583.67635645706,STRUCTURAL,-0.9034027917632212,-183607.82080494933,26400.0,0,0,0,0,0,0,0,inf,inf,NA,1,5,5,5,23,6,0,0,CONTINUE,0,A,1,1,0,KEEP_STRUCTURAL_IN_ON_CUT,2,3,0,0,"tail_cont_enabled=1 tail_active_dims=(1,) tail_delta=0.1 tail_start=(6, 6, 6) returned_y=(2, 0, 6) returned_b=(0, 0, 1) returned_u=(0, 0, 0) returned_zcap=(2, 0, 6) max_tail_u=0",NA
120,P1_no_rho,125,811.5971260999795,5.595026399940252,11.386056400020607,0.15207140007987618,0.01,54203.240574535965,54203.240574535965,-69516.0103330139,-50958.122696881415,0.0,-25442.868183585862,-72944.01421001721,-72944.00117905397,-44583.67635645706,-25442.868183585862,19140.808172871195,19140.808172871188,-26127.782658896165,36620.0,nan,nan,1.5000000000000002,10.0,0.0,0.0,10.0,0.85,CORE,MAIN,1.212043924986997,0.2535429188670798,0.6,0.174,-44583.67635645706,STRUCTURAL,-0.8522887041718151,-183607.82080494933,26400.0,0,0,0,0,0,0,0,inf,inf,NA,1,5,5,5,23,6,0,0,CONTINUE,0,A,1,1,0,KEEP_STRUCTURAL_IN_ON_CUT,2,3,0,0,"tail_cont_enabled=1 tail_active_dims=(1,) tail_delta=0.1 tail_start=(6, 6, 6) returned_y=(6, 0, 2) returned_b=(1, 0, 0) returned_u=(0, 0, 0) returned_zcap=(6, 0, 2) max_tail_u=0",NA
120,P1_no_rho,126,817.6127699000062,5.595026399940252,6.015165099990554,0.1466313999844715,0.01,45239.65230373205,45239.65230373205,-69516.0103330139,-52302.660937502005,0.0,-25442.868183585862,-74181.35330693645,-74181.33997802559,-44583.67635645706,-25442.868183585862,19140.808172871195,19140.808172871188,-26503.37886075551,36459.0,nan,nan,1.5000000000000002,10.0,0.0,0.0,10.0,0.85,CORE,MAIN,1.2118656202746036,0.26086592469874825,0.6,0.174,-44583.67635645706,STRUCTURAL,-0.8718096330539341,-183607.82080494933,26400.0,0,0,0,0,0,0,0,inf,inf,NA,1,5,5,5,23,6,0,0,CONTINUE,0,A,1,1,0,KEEP_STRUCTURAL_IN_ON_CUT,2,3,0,0,"tail_cont_enabled=1 tail_active_dims=(1,) tail_delta=0.1 tail_start=(6, 6, 6) returned_y=(6, 0, 2) returned_b=(1, 0, 0) returned_u=(0, 0, 0) returned_zcap=(6, 0, 2) max_tail_u=0",NA
120,P1_no_rho,127,821.8783672000282,5.595026399940252,4.265048500034027,0.16034800000488758,0.01,49512.67885939965,49512.67885939965,-69516.0103330139,-51661.706954151865,0.0,-25442.868183585862,-78748.938963313,-78748.92550331829,-44583.67635645706,-25442.868183585862,19140.808172871195,19140.808172871188,-26446.77865319527,40170.5,nan,nan,1.5000000000000002,10.0,0.0,0.0,10.0,0.85,CORE,MAIN,1.2106021347582527,0.2545566247616995,0.6,0.174,-44583.67635645706,STRUCTURAL,-0.8680025864771912,-183607.82080494933,26400.0,0,0,0,0,0,0,0,inf,inf,NA,1,5,5,5,23,6,0,0,CONTINUE,0,A,1,1,0,KEEP_STRUCTURAL_IN_ON_CUT,2,3,0,0,"tail_cont_enabled=1 tail_active_dims=(1,) tail_delta=0.1 tail_start=(6, 6, 6) returned_y=(1, 6, 0) returned_b=(0, 1, 0) returned_u=(0, 0.1, 0) returned_zcap=(1, 6.1, 0) max_tail_u=0.1",NA
120,P1_no_rho,128,827.3724334000144,5.595026399940252,5.493508900050074,0.16030700004193932,0.01,54831.00971341947,54831.00971341947,-69516.0103330139,-50863.95732604889,0.0,-25442.868183585862,-72892.48361384656,-72892.47121972959,-44583.67635645706,-25442.868183585862,19140.808172871195,19140.808172871188,-22524.46943006117,38143.5,nan,nan,1.5000000000000002,10.0,0.0,0.0,10.0,0.85,CORE,MAIN,1.2105911954088684,0.2525637850101775,0.6,0.174,-44583.67635645706,STRUCTURAL,-0.88032476987636,-183607.82080494933,26400.0,0,0,0,0,0,0,0,inf,inf,NA,1,5,5,5,23,6,0,0,CONTINUE,0,A,1,1,0,KEEP_STRUCTURAL_IN_ON_CUT,2,3,0,0,"tail_cont_enabled=1 tail_active_dims=(1,) tail_delta=0.1 tail_start=(6, 6, 6) returned_y=(1, 6, 0) returned_b=(0, 1, 0) returned_u=(0, 0.1, 0) returned_zcap=(1, 6.1, 0) max_tail_u=0.1",NA
120,P1_no_rho,129,832.9730849999469,5.595026399940252,5.6000794999999925,0.15211839997209609,0.01,42866.350037837314,42866.350037837314,-69516.0103330139,-52658.65627738622,0.0,-25442.868183585862,-74914.94007148618,-74914.92714957283,-44583.67635645706,-25442.868183585862,19140.808172871195,19140.808172871188,-26165.983420346398,37897.5,nan,nan,1.5000000000000002,10.0,0.0,0.0,10.0,0.85,CORE,MAIN,1.2119507821895805,0.2605720375824152,0.6,0.174,-44583.67635645706,STRUCTURAL,-0.857557776092995,-183607.82080494933,26400.0,0,0,0,0,0,0,0,inf,inf,NA,1,5,5,5,23,6,0,0,CONTINUE,0,A,1,1,0,KEEP_STRUCTURAL_IN_ON_CUT,2,3,0,0,"tail_cont_enabled=1 tail_active_dims=(1,) tail_delta=0.1 tail_start=(6, 6, 6) returned_y=(1, 6, 0) returned_b=(0, 1, 0) returned_u=(0, 0.1, 0) returned_zcap=(1, 6.1, 0) max_tail_u=0.1",NA
120,P1_no_rho,130,844.4527896000072,5.595026399940252,11.4790952000767,0.14373520005028695,0.01,48914.70942942806,48914.70942942806,-69516.0103330139,-51751.4023686476,0.0,-25442.868183585862,-74436.90297830214,-74436.88950562823,-44583.67635645706,-25442.868183585862,19140.808172871195,19140.808172871188,-27389.175606521912,36008.0,nan,nan,1.5000000000000002,10.0,0.0,0.0,10.0,0.85,CORE,MAIN,1.2129198760176627,0.25692051742716615,0.6,0.174,-44583.67635645706,STRUCTURAL,-0.8710603921185348,-183607.82080494933,26400.0,0,0,0,0,0,0,0,inf,inf,NA,1,5,5,5,23,6,0,0,CONTINUE,0,A,1,1,0,KEEP_STRUCTURAL_IN_ON_CUT,2,3,0,0,"tail_cont_enabled=1 tail_active_dims=(1,) tail_delta=0.1 tail_start=(6, 6, 6) returned_y=(2, 0, 6) returned_b=(0, 0, 1) returned_u=(0, 0, 0) returned_zcap=(2, 0, 6) max_tail_u=0",NA
120,P1_no_rho,131,848.578387400019,5.595026399940252,4.125039799953811,0.15102710004430264,0.01,53296.72423620296,53296.72423620296,-69516.0103330139,-51094.10014763137,0.0,-25442.868183585862,-74086.31635432116,-74086.30321002516,-44583.67635645706,-25442.868183585862,19140.808172871195,19140.808172871188,-25185.351433234144,36097.0,nan,nan,1.5000000000000002,10.0,0.0,0.0,10.0,0.85,CORE,MAIN,1.2135733225514036,0.23709017502974994,0.6,0.174,-44583.67635645706,STRUCTURAL,-0.9031397212472139,-183607.82080494933,26400.0,0,0,0,0,0,0,0,inf,inf,NA,1,5,5,5,23,6,0,0,CONTINUE,0,A,1,1,0,KEEP_STRUCTURAL_IN_ON_CUT,2,3,0,0,"tail_cont_enabled=1 tail_active_dims=(1,) tail_delta=0.1 tail_start=(6, 6, 6) returned_y=(2, 0, 6) returned_b=(0, 0, 1) returned_u=(0, 0, 0) returned_zcap=(2, 0, 6) max_tail_u=0",NA
120,P1_no_rho,132,854.7252355000237,5.595026399940252,6.146222900017165,0.14770029997453094,0.01,57483.89320166179,57483.89320166179,-69516.0103330139,-50466.02480281254,0.0,-25442.868183585862,-72552.82757802549,-72552.81453157355,-44583.67635645706,-25442.868183585862,19140.808172871195,19140.808172871188,-25222.427188834867,35473.0,nan,nan,1.5000000000000002,10.0,0.0,0.0,10.0,0.85,CORE,MAIN,1.2141579891515402,0.26517167249100015,0.6,0.174,-44583.67635645706,STRUCTURAL,-0.889510093925684,-183607.82080494933,26400.0,0,0,0,0,0,0,0,inf,inf,NA,1,5,5,5,23,6,0,0,CONTINUE,0,A,1,1,0,KEEP_STRUCTURAL_IN_ON_CUT,2,3,0,0,"tail_cont_enabled=1 tail_active_dims=(1,) tail_delta=0.1 tail_start=(6, 6, 6) returned_y=(2, 0, 6) returned_b=(0, 0, 1) returned_u=(0, 0, 0) returned_zcap=(2, 0, 6) max_tail_u=0",NA
120,P1_no_rho,133,860.3222255000146,5.595026399940252,5.596452300087549,0.15397059998940676,0.01,44230.20280407878,44230.20280407878,-69516.0103330139,-52454.078362449996,0.0,-25442.868183585862,-76466.31766026407,-76466.30403901903,-44583.67635645706,-25442.868183585862,19140.808172871195,19140.808172871188,-27336.238991680886,36413.5,nan,nan,1.5000000000000002,10.0,0.0,0.0,10.0,0.85,CORE,MAIN,1.214210319288718,0.2578428464684115,0.6,0.174,-44583.67635645706,STRUCTURAL,-0.8994844411612569,-183607.82080494933,26400.0,0,0,0,0,0,0,0,inf,inf,NA,1,5,5,5,23,6,0,0,CONTINUE,0,A,1,1,0,KEEP_STRUCTURAL_IN_ON_CUT,2,3,0,0,"tail_cont_enabled=1 tail_active_dims=(1,) tail_delta=0.1 tail_start=(6, 6, 6) returned_y=(2, 0, 6) returned_b=(0, 0, 1) returned_u=(0, 0, 0) returned_zcap=(2, 0, 6) max_tail_u=0",NA
120,P1_no_rho,134,866.6859093999956,5.595026399940252,6.363051100051962,0.14406710001640022,0.01,33216.35245001386,33216.35245001386,-69516.0103330139,-54106.155915559735,0.0,-25442.868183585862,-70478.09529472089,-70478.08272939028,-44583.67635645706,-25442.868183585862,19140.808172871195,19140.808172871188,-23417.62647704042,36608.0,nan,nan,1.5000000000000002,10.0,0.0,0.0,10.0,0.85,CORE,MAIN,1.2136186705907965,0.2531845445347709,0.6,0.174,-44583.67635645706,STRUCTURAL,-0.8570158845489122,-183607.82080494933,26400.0,0,0,0,0,0,0,0,inf,inf,NA,1,5,5,5,23,6,0,0,CONTINUE,0,A,1,1,0,KEEP_STRUCTURAL_IN_ON_CUT,2,3,0,0,"tail_cont_enabled=1 tail_active_dims=(1,) tail_delta=0.1 tail_start=(6, 6, 6) returned_y=(1, 6, 0) returned_b=(0, 1, 0) returned_u=(0, 0.1, 0) returned_zcap=(1, 6.1, 0) max_tail_u=0.1",NA
120,P1_no_rho,135,876.5166558999335,5.595026399940252,9.830210199928842,0.15015810006298125,0.01,45294.028180500245,45294.028180500245,-69516.0103330139,-52294.50455598677,0.0,-25442.868183585862,-77428.65559081895,-77428.64252147905,-44583.67635645706,-25442.868183585862,19140.808172871195,19140.808172871188,-25342.073420848672,39561.5,nan,nan,1.5000000000000002,10.0,0.0,0.0,10.0,0.85,CORE,MAIN,1.2123575408703893,0.2487945591175068,0.6,0.174,-44583.67635645706,STRUCTURAL,-0.8777316178714216,-183607.82080494933,26400.0,0,0,0,0,0,0,0,inf,inf,NA,1,5,5,5,23,6,0,0,CONTINUE,0,A,1,1,0,KEEP_STRUCTURAL_IN_ON_CUT,2,3,0,0,"tail_cont_enabled=1 tail_active_dims=(1,) tail_delta=0.1 tail_start=(6, 6, 6) returned_y=(1, 6, 0) returned_b=(0, 1, 0) returned_u=(0, 0.1, 0) returned_zcap=(1, 6.1, 0) max_tail_u=0.1",NA
120,P1_no_rho,136,881.9418873999966,5.595026399940252,5.4246629000408575,0.1661162000382319,0.01,46526.486494794335,46526.486494794335,-69516.0103330139,-52109.635808842664,0.0,-25442.868183585862,-75146.14276625226,-75146.12974829927,-44583.67635645706,-25442.868183585862,19140.808172871195,19140.808172871188,-26617.531148036964,37461.0,nan,nan,1.5000000000000002,10.0,0.0,0.0,10.0,0.85,CORE,MAIN,1.2114605496402124,0.25752545072849164,0.6,0.174,-44583.67635645706,STRUCTURAL,-0.8636288157508214,-183607.82080494933,26400.0,0,0,0,0,0,0,0,inf,inf,NA,1,5,5,5,23,6,0,0,CONTINUE,0,A,1,1,0,KEEP_STRUCTURAL_IN_ON_CUT,2,3,0,0,"tail_cont_enabled=1 tail_active_dims=(1,) tail_delta=0.1 tail_start=(6, 6, 6) returned_y=(1, 6, 0) returned_b=(0, 1, 0) returned_u=(0, 0.1, 0) returned_zcap=(1, 6.1, 0) max_tail_u=0.1",NA
120,P1_no_rho,137,887.3637388999341,5.595026399940252,5.421408299938776,0.16677250002976507,0.01,38411.99245186237,38411.99245186237,-69516.0103330139,-53326.80991528246,0.0,-25442.868183585862,-74950.76539153184,-74950.75150316098,-44583.67635645706,-25442.868183585862,19140.808172871195,19140.808172871188,-29212.560736730433,35945.0,nan,nan,1.5000000000000002,10.0,0.0,0.0,10.0,0.85,CORE,MAIN,1.2108217316926817,0.2612306690532994,0.6,0.174,-44583.67635645706,STRUCTURAL,-0.8482995459068116,-183607.82080494933,26400.0,0,0,0,0,0,0,0,inf,inf,NA,1,5,5,5,23,6,0,0,CONTINUE,0,A,1,1,0,KEEP_STRUCTURAL_IN_ON_CUT,2,3,0,0,"tail_cont_enabled=1 tail_active_dims=(1,) tail_delta=0.1 tail_start=(6, 6, 6) returned_y=(1, 6, 0) returned_b=(0, 1, 0) returned_u=(0, 0.1, 0) returned_zcap=(1, 6.1, 0) max_tail_u=0.1",NA
120,P1_no_rho,138,893.6462964999955,5.595026399940252,6.282128000049852,0.15247380000073463,0.01,38354.97223520166,38354.97223520166,-69516.0103330139,-53335.36294778156,0.0,-25442.868183585862,-70366.20868995122,-70366.19580626677,-44583.67635645706,-25442.868183585862,19140.808172871195,19140.808172871188,-25691.714941071663,34455.0,nan,nan,1.5000000000000002,10.0,0.0,0.0,10.0,0.85,CORE,MAIN,1.2112078946919114,0.26848378608965195,0.6,0.174,-44583.67635645706,STRUCTURAL,-0.8644024740520505,-183607.82080494933,26400.0,0,0,0,0,0,0,0,inf,inf,NA,1,5,5,5,23,6,0,0,CONTINUE,0,A,1,1,0,KEEP_STRUCTURAL_IN_ON_CUT,2,3,0,0,"tail_cont_enabled=1 tail_active_dims=(1,) tail_delta=0.1 tail_start=(6, 6, 6) returned_y=(2, 0, 6) returned_b=(0, 0, 1) returned_u=(0, 0, 0) returned_zcap=(2, 0, 6) max_tail_u=0",NA
120,P1_no_rho,139,898.2184128999943,5.595026399940252,4.571506000007503,0.15656019991729409,0.01,45530.25982679059,45530.25982679059,-69516.0103330139,-52259.06980904322,0.0,-25442.868183585862,-75222.61340760354,-75222.60025537686,-44583.67635645706,-25442.868183585862,19140.808172871195,19140.808172871188,-26767.37620001381,36411.5,nan,nan,1.5000000000000002,10.0,0.0,0.0,10.0,0.85,CORE,MAIN,1.2111442158674828,0.25814668655687456,0.6,0.174,-44583.67635645706,STRUCTURAL,-0.887178026271243,-183607.82080494933,26400.0,0,0,0,0,0,0,0,inf,inf,NA,1,5,5,5,23,6,0,0,CONTINUE,0,A,1,1,0,KEEP_STRUCTURAL_IN_ON_CUT,2,3,0,0,"tail_cont_enabled=1 tail_active_dims=(1,) tail_delta=0.1 tail_start=(6, 6, 6) returned_y=(2, 0, 6) returned_b=(0, 0, 1) returned_u=(0, 0, 0) returned_zcap=(2, 0, 6) max_tail_u=0",NA
120,P1_no_rho,140,909.6718213999411,5.595026399940252,11.452837899909355,0.1720313000259921,0.01,37395.27002417567,37395.27002417567,-69516.0103330139,-53479.318279435465,0.0,-25442.868183585862,-69880.49766805668,-69880.4852033767,-44583.67635645706,-25442.868183585862,19140.808172871195,19140.808172871188,-24689.235524923304,35220.0,nan,nan,1.5000000000000002,10.0,0.0,0.0,10.0,0.85,CORE,MAIN,1.2114718576842143,0.2663758729209167,0.6,0.174,-44583.67635645706,STRUCTURAL,-0.8554088525166265,-183607.82080494933,26400.0,0,0,0,0,0,0,0,inf,inf,NA,1,5,5,5,23,6,0,0,CONTINUE,0,A,1,1,0,KEEP_STRUCTURAL_IN_ON_CUT,2,3,0,0,"tail_cont_enabled=1 tail_active_dims=(1,) tail_delta=0.1 tail_start=(6, 6, 6) returned_y=(6, 0, 2) returned_b=(1, 0, 0) returned_u=(0, 0, 0) returned_zcap=(6, 0, 2) max_tail_u=0",NA
120,P1_no_rho,141,913.490702399984,5.595026399940252,3.818245399976149,0.15494510007556528,0.01,79060.38305841059,79060.38305841059,-69516.0103330139,-47229.55132430022,0.0,-25442.868183585862,-71811.24099494095,-71811.2277091475,-44583.67635645706,-25442.868183585862,19140.808172871195,19140.808172871188,-26389.010660922824,35711.5,nan,nan,1.5000000000000002,10.0,0.0,0.0,10.0,0.85,CORE,MAIN,1.2120555335175056,0.2781182220520405,0.6,0.174,-44583.67635645706,STRUCTURAL,-0.8479475248071286,-183607.82080494933,26400.0,0,0,0,0,0,0,0,inf,inf,NA,1,5,5,5,23,6,0,0,CONTINUE,0,A,1,1,0,KEEP_STRUCTURAL_IN_ON_CUT,2,3,0,0,"tail_cont_enabled=1 tail_active_dims=(1,) tail_delta=0.1 tail_start=(6, 6, 6) returned_y=(0, 6, 1) returned_b=(0, 1, 0) returned_u=(0, 0.1, 0) returned_zcap=(0, 6.1, 1) max_tail_u=0.1",NA
120,P1_no_rho,142,918.8160303999903,5.595026399940252,5.324815500061959,0.1501828000182286,0.01,35124.441103712044,35124.441103712044,-69516.0103330139,-53819.942617505,0.0,-25442.868183585862,-69221.23436617955,-69221.22174711578,-44583.67635645706,-25442.868183585862,19140.808172871195,19140.808172871188,-25699.21804455084,34123.0,nan,nan,1.5000000000000002,10.0,0.0,0.0,10.0,0.85,CORE,MAIN,1.2127583860123456,0.25659429439109904,0.6,0.174,-44583.67635645706,STRUCTURAL,-0.8502965488099897,-183607.82080494933,26400.0,0,0,0,0,0,0,0,inf,inf,NA,1,5,5,5,23,6,0,0,CONTINUE,0,A,1,1,0,KEEP_STRUCTURAL_IN_ON_CUT,2,3,0,0,"tail_cont_enabled=1 tail_active_dims=(1,) tail_delta=0.1 tail_start=(6, 6, 6) returned_y=(0, 6, 1) returned_b=(0, 1, 0) returned_u=(0, 0.1, 0) returned_zcap=(0, 6.1, 1) max_tail_u=0.1",NA
120,P1_no_rho,143,924.2402136999881,5.595026399940252,5.423610800062306,0.15167890000157058,0.01,30825.795385091646,30825.795385091646,-69516.0103330139,-54464.73947529806,0.0,-25442.868183585862,-69767.37081931354,-69767.35830637376,-44583.67635645706,-25442.868183585862,19140.808172871195,19140.808172871188,-24476.82986674558,35895.0,nan,nan,1.5000000000000002,10.0,0.0,0.0,10.0,0.85,CORE,MAIN,1.213661938893852,0.2618912780024415,0.6,0.174,-44583.67635645706,STRUCTURAL,-0.8411668930608378,-183607.82080494933,26400.0,0,0,0,0,0,0,0,inf,inf,NA,1,5,5,5,23,6,0,0,CONTINUE,0,A,1,1,0,KEEP_STRUCTURAL_IN_ON_CUT,2,3,0,0,"tail_cont_enabled=1 tail_active_dims=(1,) tail_delta=0.1 tail_start=(6, 6, 6) returned_y=(0, 6, 1) returned_b=(0, 1, 0) returned_u=(0, 0.1, 0) returned_zcap=(0, 6.1, 1) max_tail_u=0.1",NA
120,P1_no_rho,144,928.3516656999709,5.595026399940252,4.11110280000139,0.14840220008045435,0.01,22892.889541172168,22892.889541172168,-69516.0103330139,-55654.675351885984,0.0,-25442.868183585862,-63192.71718982953,-63192.70523465228,-44583.67635645706,-25442.868183585862,19140.808172871195,19140.808172871188,-22682.489672046955,32064.0,nan,nan,1.5000000000000002,10.0,0.0,0.0,10.0,0.85,CORE,MAIN,1.211280172942962,0.272735192366679,0.6,0.174,-44583.67635645706,STRUCTURAL,-0.8422782676855729,-183607.82080494933,26400.0,0,0,0,0,0,0,0,inf,inf,NA,1,5,5,5,23,6,0,0,CONTINUE,0,A,1,1,0,KEEP_STRUCTURAL_IN_ON_CUT,2,3,0,0,"tail_cont_enabled=1 tail_active_dims=(1,) tail_delta=0.1 tail_start=(6, 6, 6) returned_y=(0, 6, 1) returned_b=(0, 1, 0) returned_u=(0, 0.1, 0) returned_zcap=(0, 6.1, 1) max_tail_u=0.1",NA
120,P1_no_rho,145,939.3725710000144,5.595026399940252,11.02005030005239,0.14657340000849217,0.01,50644.65050159206,50644.65050159206,-69516.0103330139,-51491.911207823,0.0,-25442.868183585862,-79281.90029050753,-79281.88598164845,-44583.67635645706,-25442.868183585862,19140.808172871195,19140.808172871188,-28800.456621159825,38023.0,nan,nan,1.5000000000000002,10.0,0.0,0.0,10.0,0.85,CORE,MAIN,1.2074011013877932,0.2442875949296146,0.6,0.174,-44583.67635645706,STRUCTURAL,-0.8851033911139505,-183607.82080494933,26400.0,0,0,0,0,0,0,0,inf,inf,NA,1,5,5,5,23,6,0,0,CONTINUE,0,A,1,1,0,KEEP_STRUCTURAL_IN_ON_CUT,2,3,0,0,"tail_cont_enabled=1 tail_active_dims=(1,) tail_delta=0.1 tail_start=(6, 6, 6) returned_y=(6, 0, 2) returned_b=(1, 0, 0) returned_u=(0, 0, 0) returned_zcap=(6, 0, 2) max_tail_u=0",NA
120,P1_no_rho,146,945.9630745999748,5.595026399940252,6.589784299954772,0.160792600014247,0.01,68224.12189741556,68224.12189741556,-69516.0103330139,-48854.99049844948,0.0,-25442.868183585862,-90588.25408845539,-90588.23857578181,-44583.67635645706,-25442.868183585862,19140.808172871195,19140.808172871188,-33994.599244797166,42106.0,nan,nan,1.5000000000000002,10.0,0.0,0.0,10.0,0.85,CORE,MAIN,1.20077271841246,0.23346732332000197,0.6,0.174,-44583.67635645706,STRUCTURAL,-0.8960502751941074,-183607.82080494933,26400.0,0,0,0,0,0,0,0,inf,inf,NA,1,5,5,5,23,6,0,0,CONTINUE,0,A,1,1,0,KEEP_STRUCTURAL_IN_ON_CUT,2,3,0,0,"tail_cont_enabled=1 tail_active_dims=(1,) tail_delta=0.1 tail_start=(6, 6, 6) returned_y=(6, 0, 2) returned_b=(1, 0, 0) returned_u=(0, 0, 0) returned_zcap=(6, 0, 2) max_tail_u=0",NA
120,P1_no_rho,147,950.4809394000331,5.595026399940252,4.5172998999478295,0.15916180005297065,0.01,83824.28607967308,83824.28607967308,-69516.0103330139,-46514.96587111085,0.0,-25442.868183585862,-76338.3892752698,-76338.37601964691,-44583.67635645706,-25442.868183585862,19140.808172871195,19140.808172871188,-26726.449821295926,37461.0,nan,nan,1.5000000000000002,10.0,0.0,0.0,10.0,0.85,CORE,MAIN,1.196732647322299,0.2600039623677334,0.6,0.174,-44583.67635645706,STRUCTURAL,-0.8829080234261585,-183607.82080494933,26400.0,0,0,0,0,0,0,0,inf,inf,NA,1,5,5,5,23,6,0,0,CONTINUE,0,A,1,1,0,KEEP_STRUCTURAL_IN_ON_CUT,2,3,0,0,"tail_cont_enabled=1 tail_active_dims=(1,) tail_delta=0.1 tail_start=(6, 6, 6) returned_y=(6, 0, 2) returned_b=(1, 0, 0) returned_u=(0, 0, 0) returned_zcap=(6, 0, 2) max_tail_u=0",NA
120,P1_no_rho,148,956.4745580999879,5.595026399940252,5.993047800031491,0.15316280000843108,0.01,40622.8325949844,40622.8325949844,-69516.0103330139,-52995.18389381415,0.0,-25442.868183585862,-64663.47358251503,-64663.46131522939,-44583.67635645706,-25442.868183585862,19140.808172871195,19140.808172871188,-23176.019327420858,32299.0,nan,nan,1.5000000000000002,10.0,0.0,0.0,10.0,0.85,CORE,MAIN,1.196877492687678,0.2557084509367642,0.6,0.174,-44583.67635645706,STRUCTURAL,-0.8563204637462156,-183607.82080494933,26400.0,0,0,0,0,0,0,0,inf,inf,NA,1,5,5,5,23,6,0,0,CONTINUE,0,A,1,1,0,KEEP_STRUCTURAL_IN_ON_CUT,2,3,0,0,"tail_cont_enabled=1 tail_active_dims=(1,) tail_delta=0.1 tail_start=(6, 6, 6) returned_y=(6, 0, 2) returned_b=(1, 0, 0) returned_u=(0, 0, 0) returned_zcap=(6, 0, 2) max_tail_u=0",NA
120,P1_no_rho,149,960.7532316999277,5.595026399940252,4.2781154999975115,0.1471659999806434,0.01,42679.903324892664,42679.903324892664,-69516.0103330139,-52686.623284327914,0.0,-25442.868183585862,-73637.86630062034,-73637.85349583034,-44583.67635645706,-25442.868183585862,19140.808172871195,19140.808172871188,-25045.099024510386,37222.0,nan,nan,1.5000000000000007,10.000000000000004,0.0,0.0,10.0,0.85,CORE,MAIN,1.1963439764358306,0.24664548848513235,0.6,0.174,-44583.67635645706,STRUCTURAL,-0.8703231864904254,-183607.82080494933,26400.0,0,0,0,0,0,0,0,inf,inf,NA,1,5,5,5,23,6,0,0,CONTINUE,0,A,1,1,0,KEEP_STRUCTURAL_IN_ON_CUT,2,3,0,0,"tail_cont_enabled=1 tail_active_dims=(1,) tail_delta=0.1 tail_start=(6, 6, 6) returned_y=(0, 6, 1) returned_b=(0, 1, 0) returned_u=(0, 0.1, 0) returned_zcap=(0, 6.1, 1) max_tail_u=0.1",NA
120,P1_no_rho,150,971.6045086999657,5.595026399940252,10.850628199987113,0.14921169995795935,0.01,51352.8972618835,51352.8972618835,-69516.0103330139,-51385.67419377928,0.0,-25442.868183585862,-73569.28036632427,-73569.26720692606,-44583.67635645706,-25442.868183585862,19140.808172871195,19140.808172871188,-26819.216510956096,36541.0,nan,nan,1.5000000000000002,10.0,0.0,0.0,10.0,0.85,CORE,MAIN,1.1965036175065211,0.2600708845440025,0.6,0.174,-44583.67635645706,STRUCTURAL,-0.8529241253381127,-183607.82080494933,26400.0,0,0,0,0,0,0,0,inf,inf,NA,1,5,5,5,23,6,0,0,CONTINUE,0,A,1,1,0,KEEP_STRUCTURAL_IN_ON_CUT,2,3,0,0,"tail_cont_enabled=1 tail_active_dims=(1,) tail_delta=0.1 tail_start=(6, 6, 6) returned_y=(0, 6, 1) returned_b=(0, 1, 0) returned_u=(0, 0.1, 0) returned_zcap=(0, 6.1, 1) max_tail_u=0.1",NA
120,P1_no_rho,151,976.7407535000239,5.595026399940252,5.135575900087133,0.14560390007682145,0.01,66190.63970261232,66190.63970261232,-69516.0103330139,-49160.01282766996,0.0,-25442.868183585862,-69543.37086687943,-69543.35826900572,-44583.67635645706,-25442.868183585862,19140.808172871195,19140.808172871188,-25643.076890318294,35321.0,nan,nan,1.5000000000000002,10.0,0.0,0.0,10.0,0.85,CORE,MAIN,1.197954795693918,0.2649452757437615,0.6,0.174,-44583.67635645706,STRUCTURAL,-0.8285964228775594,-183607.82080494933,26400.0,0,0,0,0,0,0,0,inf,inf,NA,1,5,5,5,23,6,0,0,CONTINUE,0,A,1,1,0,KEEP_STRUCTURAL_IN_ON_CUT,2,3,0,0,"tail_cont_enabled=1 tail_active_dims=(1,) tail_delta=0.1 tail_start=(6, 6, 6) returned_y=(0, 6, 1) returned_b=(0, 1, 0) returned_u=(0, 0.1, 0) returned_zcap=(0, 6.1, 1) max_tail_u=0.1",NA
120,P1_no_rho,152,981.1474177999189,5.595026399940252,4.406175599899143,0.1502336000557989,0.01,36547.45682942924,36547.45682942924,-69516.0103330139,-53606.49025864743,0.0,-25442.868183585862,-73968.2534880913,-73968.23998238261,-44583.67635645706,-25442.868183585862,19140.808172871195,19140.808172871188,-27928.9117959376,35528.5,nan,nan,1.5000000000000002,10.0,0.0,0.0,10.0,0.85,CORE,MAIN,1.1993637601490423,0.24820574955599517,0.6,0.174,-44583.67635645706,STRUCTURAL,-0.8638947734249965,-183607.82080494933,26400.0,0,0,0,0,0,0,0,inf,inf,NA,1,5,5,5,23,6,0,0,CONTINUE,0,A,1,1,0,KEEP_STRUCTURAL_IN_ON_CUT,2,3,0,0,"tail_cont_enabled=1 tail_active_dims=(1,) tail_delta=0.1 tail_start=(6, 6, 6) returned_y=(2, 0, 6) returned_b=(0, 0, 1) returned_u=(0, 0, 0) returned_zcap=(2, 0, 6) max_tail_u=0",NA
120,P1_no_rho,153,987.6421654999722,5.595026399940252,6.494213699945249,0.1451732999412343,0.01,37555.49395786086,37555.49395786086,-69516.0103330139,-53455.28468938268,0.0,-25442.868183585862,-77644.06623222824,-77644.0528484802,-44583.67635645706,-25442.868183585862,19140.808172871195,19140.808172871188,-26814.306765741727,37679.0,nan,nan,1.5000000000000002,10.0,0.0,0.0,10.0,0.85,CORE,MAIN,1.1992966597621761,0.24635733144550898,0.6,0.174,-44583.67635645706,STRUCTURAL,-0.8993470471215352,-183607.82080494933,26400.0,0,0,0,0,0,0,0,inf,inf,NA,1,5,5,5,23,6,0,0,CONTINUE,0,A,1,1,0,KEEP_STRUCTURAL_IN_ON_CUT,2,3,0,0,"tail_cont_enabled=1 tail_active_dims=(1,) tail_delta=0.1 tail_start=(6, 6, 6) returned_y=(2, 0, 6) returned_b=(0, 0, 1) returned_u=(0, 0, 0) returned_zcap=(2, 0, 6) max_tail_u=0",NA
120,P1_no_rho,154,993.8597825999605,5.595026399940252,6.217026900034398,0.15377970004919916,0.01,45602.725164462405,45602.725164462405,-69516.0103330139,-52248.20000839245,0.0,-25442.868183585862,-78487.93949052966,-78487.92572099519,-44583.67635645706,-25442.868183585862,19140.808172871195,19140.808172871188,-28230.58996610245,37224.0,nan,nan,1.5000000000000002,10.0,0.0,0.0,10.0,0.85,CORE,MAIN,1.2016993142102133,0.2510768299496927,0.6,0.174,-44583.67635645706,STRUCTURAL,-0.9000883973582048,-183607.82080494933,26400.0,0,0,0,0,0,0,0,inf,inf,NA,1,5,5,5,23,6,0,0,CONTINUE,0,A,1,1,0,KEEP_STRUCTURAL_IN_ON_CUT,2,3,0,0,"tail_cont_enabled=1 tail_active_dims=(1,) tail_delta=0.1 tail_start=(6, 6, 6) returned_y=(4, 0, 4) returned_b=(0, 0, 0) returned_u=(0, 0, 0) returned_zcap=(4, 0, 4) max_tail_u=0",NA
120,P1_no_rho,155,1004.5084653999656,5.595026399940252,10.648186899954453,0.1505391999380663,0.01,75454.04854583638,75454.04854583638,-69516.0103330139,-47770.50150118635,0.0,-25442.868183585862,-72428.1576594914,-72428.14446790818,-44583.67635645706,-25442.868183585862,19140.808172871195,19140.808172871188,-25515.302768100297,34595.0,nan,nan,1.5000000000000004,10.000000000000002,0.0,0.0,10.0,0.85,CORE,MAIN,1.2039796082776182,0.2634942493199264,0.6,0.174,-44583.67635645706,STRUCTURAL,-0.9040389593834921,-183607.82080494933,26400.0,0,0,0,0,0,0,0,inf,inf,NA,1,5,5,5,23,6,0,0,CONTINUE,0,A,1,1,0,KEEP_STRUCTURAL_IN_ON_CUT,2,3,0,0,"tail_cont_enabled=1 tail_active_dims=(1,) tail_delta=0.1 tail_start=(6, 6, 6) returned_y=(4, 0, 4) returned_b=(0, 0, 0) returned_u=(0, 0, 0) returned_zcap=(4, 0, 4) max_tail_u=0",NA
120,P1_no_rho,156,1010.3981089999434,5.595026399940252,5.889300799928606,0.14951829996425658,0.01,41039.865511757394,41039.865511757394,-69516.0103330139,-52932.628956298206,0.0,-25442.868183585862,-63010.62645575523,-63010.61454891123,-44583.67635645706,-25442.868183585862,19140.808172871195,19140.808172871188,-22822.097465920124,32583.0,nan,nan,1.5000000000000002,10.0,0.0,0.0,10.0,0.85,CORE,MAIN,1.2029360549930144,0.27935639805096524,0.6,0.174,-44583.67635645706,STRUCTURAL,-0.8222798613385531,-183607.82080494933,26400.0,0,0,0,0,0,0,0,inf,inf,NA,1,5,5,5,23,6,0,0,CONTINUE,0,A,1,1,0,KEEP_STRUCTURAL_IN_ON_CUT,2,3,0,0,"tail_cont_enabled=1 tail_active_dims=(1,) tail_delta=0.1 tail_start=(6, 6, 6) returned_y=(0, 6, 1) returned_b=(0, 1, 0) returned_u=(0, 0.1, 0) returned_zcap=(0, 6.1, 1) max_tail_u=0.1",NA
120,P1_no_rho,157,1014.9759056000039,5.595026399940252,4.577257700031623,0.15667229995597154,0.01,48857.88051201641,48857.88051201641,-69516.0103330139,-51759.92670625935,0.0,-25442.868183585862,-82332.01386537333,-82332.00001073844,-44583.67635645706,-25442.868183585862,19140.808172871195,19140.808172871188,-29057.171083365713,40429.0,nan,nan,1.5000000000000002,10.0,0.0,0.0,10.0,0.85,CORE,MAIN,1.1992237994713677,0.24345645864391352,0.6,0.174,-44583.67635645706,STRUCTURAL,-0.878491988875522,-183607.82080494933,26400.0,0,0,0,0,0,0,0,inf,inf,NA,1,5,5,5,23,6,0,0,CONTINUE,0,A,1,1,0,KEEP_STRUCTURAL_IN_ON_CUT,2,3,0,0,"tail_cont_enabled=1 tail_active_dims=(1,) tail_delta=0.1 tail_start=(6, 6, 6) returned_y=(0, 6, 1) returned_b=(0, 1, 0) returned_u=(0, 0.1, 0) returned_zcap=(0, 6.1, 1) max_tail_u=0.1",NA
120,P1_no_rho,158,1020.3551191999577,5.595026399940252,5.378738999948837,0.1589994999812916,0.01,42766.65470606441,42766.65470606441,-69516.0103330139,-52673.610577152154,0.0,-25442.868183585862,-69768.2161308494,-69768.20379176529,-44583.67635645706,-25442.868183585862,19140.808172871195,19140.808172871188,-24116.252711897672,35501.5,nan,nan,1.5000000000000002,10.0,0.0,0.0,10.0,0.85,CORE,MAIN,1.198087800052417,0.2663176678203023,0.6,0.174,-44583.67635645706,STRUCTURAL,-0.8572774123134254,-183607.82080494933,26400.0,0,0,0,0,0,0,0,inf,inf,NA,1,5,5,5,23,6,0,0,CONTINUE,0,A,1,1,0,KEEP_STRUCTURAL_IN_ON_CUT,2,3,0,0,"tail_cont_enabled=1 tail_active_dims=(1,) tail_delta=0.1 tail_start=(6, 6, 6) returned_y=(0, 6, 1) returned_b=(0, 1, 0) returned_u=(0, 0.1, 0) returned_zcap=(0, 6.1, 1) max_tail_u=0.1",NA
120,P1_no_rho,159,1025.7899097999325,5.595026399940252,5.434186499915086,0.152425599982962,0.01,33377.33975482556,33377.33975482556,-69516.0103330139,-54082.00781983798,0.0,-25442.868183585862,-65107.98955082888,-65107.977427091755,-44583.67635645706,-25442.868183585862,19140.808172871195,19140.808172871188,-24263.898458764317,32522.5,nan,nan,1.5000000000000002,10.0,0.0,0.0,10.0,0.85,CORE,MAIN,1.1995324642855465,0.2683415836898806,0.6,0.174,-44583.67635645706,STRUCTURAL,-0.8372476279155955,-183607.82080494933,26400.0,0,0,0,0,0,0,0,inf,inf,NA,1,5,5,5,23,6,0,0,CONTINUE,0,A,1,1,0,KEEP_STRUCTURAL_IN_ON_CUT,2,3,0,0,"tail_cont_enabled=1 tail_active_dims=(1,) tail_delta=0.1 tail_start=(6, 6, 6) returned_y=(0, 6, 1) returned_b=(0, 1, 0) returned_u=(0, 0.1, 0) returned_zcap=(0, 6.1, 1) max_tail_u=0.1",NA
120,P1_no_rho,160,1035.2314290999202,5.595026399940252,9.440916099934839,0.15359760005958378,0.01,33297.92188337833,33297.92188337833,-69516.0103330139,-54093.92050055506,0.0,-25442.868183585862,-71033.63336534926,-71033.62097930688,-44583.67635645706,-25442.868183585862,19140.808172871195,19140.808172871188,-25790.408953395003,36070.5,nan,nan,1.5000000000000002,10.0,0.0,0.0,10.0,0.85,CORE,MAIN,1.200532689487734,0.2560120610118849,0.6,0.174,-44583.67635645706,STRUCTURAL,-0.8361997019893794,-183607.82080494933,26400.0,0,0,0,0,0,0,0,inf,inf,NA,1,5,5,5,23,6,0,0,CONTINUE,0,A,1,1,0,KEEP_STRUCTURAL_IN_ON_CUT,2,3,0,0,"tail_cont_enabled=1 tail_active_dims=(1,) tail_delta=0.1 tail_start=(6, 6, 6) returned_y=(2, 0, 6) returned_b=(0, 0, 1) returned_u=(0, 0, 0) returned_zcap=(2, 0, 6) max_tail_u=0",NA
120,P1_no_rho,161,1040.5900767999701,5.595026399940252,5.357959300046787,0.16354620002675802,0.01,33568.14953086452,33568.14953086452,-69516.0103330139,-54053.386353432135,0.0,-25442.868183585862,-77156.18591730067,-77156.1726149753,-44583.67635645706,-25442.868183585862,19140.808172871195,19140.808172871188,-26906.320257950378,37096.0,nan,nan,1.5000000000000002,10.0,0.0,0.0,10.0,0.85,CORE,MAIN,1.1996390027410873,0.2463743326545258,0.6,0.174,-44583.67635645706,STRUCTURAL,-0.9030596714295324,-183607.82080494933,26400.0,0,0,0,0,0,0,0,inf,inf,NA,1,5,5,5,23,6,0,0,CONTINUE,0,A,1,1,0,KEEP_STRUCTURAL_IN_ON_CUT,2,3,0,0,"tail_cont_enabled=1 tail_active_dims=(1,) tail_delta=0.1 tail_start=(6, 6, 6) returned_y=(2, 0, 6) returned_b=(0, 0, 1) returned_u=(0, 0, 0) returned_zcap=(2, 0, 6) max_tail_u=0",NA
120,P1_no_rho,162,1046.7036394999595,5.595026399940252,6.112844199989922,0.15195880003739148,0.01,43271.34042132427,43271.34042132427,-69516.0103330139,-52597.90771986317,0.0,-25442.868183585862,-73321.38405699306,-73321.3708234595,-44583.67635645706,-25442.868183585862,19140.808172871195,19140.808172871188,-25730.185035468912,35341.0,nan,nan,1.5000000000000002,10.0,0.0,0.0,10.0,0.85,CORE,MAIN,1.2001426417824155,0.2577281643449749,0.6,0.174,-44583.67635645706,STRUCTURAL,-0.8977521063918315,-183607.82080494933,26400.0,0,0,0,0,0,0,0,inf,inf,NA,1,5,5,5,23,6,0,0,CONTINUE,0,A,1,1,0,KEEP_STRUCTURAL_IN_ON_CUT,2,3,0,0,"tail_cont_enabled=1 tail_active_dims=(1,) tail_delta=0.1 tail_start=(6, 6, 6) returned_y=(2, 0, 6) returned_b=(0, 0, 1) returned_u=(0, 0, 0) returned_zcap=(2, 0, 6) max_tail_u=0",NA
120,P1_no_rho,163,1052.7211774999741,5.595026399940252,6.016942600021139,0.1602903000311926,0.01,70398.44028305632,70398.44028305632,-69516.0103330139,-48528.84274060336,0.0,-25442.868183585862,-72180.94493183667,-72180.93171563745,-44583.67635645706,-25442.868183585862,19140.808172871195,19140.808172871188,-27008.884048000004,34696.5,nan,nan,1.5000000000000002,10.0,0.0,0.0,10.0,0.85,CORE,MAIN,1.2012139036032652,0.2679682649759991,0.6,0.174,-44583.67635645706,STRUCTURAL,-0.8679462898301457,-183607.82080494933,26400.0,0,0,0,0,0,0,0,inf,inf,NA,1,5,5,5,23,6,0,0,CONTINUE,0,A,1,1,0,KEEP_STRUCTURAL_IN_ON_CUT,2,3,0,0,"tail_cont_enabled=1 tail_active_dims=(1,) tail_delta=0.1 tail_start=(6, 6, 6) returned_y=(6, 0, 2) returned_b=(1, 0, 0) returned_u=(0, 0, 0) returned_zcap=(6, 0, 2) max_tail_u=0",NA
120,P1_no_rho,164,1056.8327142000198,5.595026399940252,4.110874700010754,0.16083749989047647,0.01,29159.51870303925,29159.51870303925,-69516.0103330139,-54714.68097760592,0.0,-25442.868183585862,-74035.57242623871,-74035.55865427385,-44583.67635645706,-25442.868183585862,19140.808172871195,19140.808172871188,-28916.92329289154,36208.0,nan,nan,1.5000000000000002,10.0,0.0,0.0,10.0,0.85,CORE,MAIN,1.201365473941698,0.25598231847028585,0.6,0.174,-44583.67635645706,STRUCTURAL,-0.8307305082004397,-183607.82080494933,26400.0,0,0,0,0,0,0,0,inf,inf,NA,1,5,5,5,23,6,0,0,CONTINUE,0,A,1,1,0,KEEP_STRUCTURAL_IN_ON_CUT,2,3,0,0,"tail_cont_enabled=1 tail_active_dims=(1,) tail_delta=0.1 tail_start=(6, 6, 6) returned_y=(1, 6, 0) returned_b=(0, 1, 0) returned_u=(0, 0.1, 0) returned_zcap=(1, 6.1, 0) max_tail_u=0.1",NA
120,P1_no_rho,165,1067.6154018000234,5.595026399940252,10.782134400098585,0.16211810009554029,0.01,34641.07708952226,34641.07708952226,-69516.0103330139,-53892.447219633475,0.0,-25442.868183585862,-68398.274717024,-68398.26219716707,-44583.67635645706,-25442.868183585862,19140.808172871195,19140.808172871188,-23845.51361101276,35419.0,nan,nan,1.5000000000000002,10.0,0.0,0.0,10.0,0.85,CORE,MAIN,1.2047222475878618,0.26426503714124405,0.6,0.174,-44583.67635645706,STRUCTURAL,-0.8385847254515808,-183607.82080494933,26400.0,0,0,0,0,0,0,0,inf,inf,NA,1,5,5,5,23,6,0,0,CONTINUE,0,A,1,1,0,KEEP_STRUCTURAL_IN_ON_CUT,2,3,0,0,"tail_cont_enabled=1 tail_active_dims=(1,) tail_delta=0.1 tail_start=(6, 6, 6) returned_y=(1, 6, 0) returned_b=(0, 1, 0) returned_u=(0, 0.1, 0) returned_zcap=(1, 6.1, 0) max_tail_u=0.1",NA
120,P1_no_rho,166,1072.7825056000147,5.595026399940252,5.166804800042883,0.14800789998844266,0.01,31453.372208966,31453.372208966,-69516.0103330139,-54370.60295171691,0.0,-25442.868183585862,-63586.0167890627,-63586.00482693952,-44583.67635645706,-25442.868183585862,19140.808172871195,19140.808172871188,-22678.085764392283,33208.5,nan,nan,1.5000000000000002,10.0,0.0,0.0,10.0,0.85,CORE,MAIN,1.204935304580302,0.27479421939432536,0.6,0.174,-44583.67635645706,STRUCTURAL,-0.8212339022147388,-183607.82080494933,26400.0,0,0,0,0,0,0,0,inf,inf,NA,1,5,5,5,23,6,0,0,CONTINUE,0,A,1,1,0,KEEP_STRUCTURAL_IN_ON_CUT,2,3,0,0,"tail_cont_enabled=1 tail_active_dims=(1,) tail_delta=0.1 tail_start=(6, 6, 6) returned_y=(1, 6, 0) returned_b=(0, 1, 0) returned_u=(0, 0.1, 0) returned_zcap=(1, 6.1, 0) max_tail_u=0.1",NA
120,P1_no_rho,167,1078.8808863000013,5.595026399940252,6.097749100066721,0.15174130001105368,0.01,57509.529857238704,57509.529857238704,-69516.0103330139,-50462.179304476005,0.0,-25442.868183585862,-77662.98287958774,-77662.96864697098,-44583.67635645706,-25442.868183585862,19140.808172871195,19140.808172871188,-30007.63852311602,36160.5,nan,nan,1.5000000000000002,10.0,0.0,0.0,10.0,0.85,CORE,MAIN,1.2033365281005992,0.24654492160482722,0.6,0.174,-44583.67635645706,STRUCTURAL,-0.8785890704655627,-183607.82080494933,26400.0,0,0,0,0,0,0,0,inf,inf,NA,1,5,5,5,23,6,0,0,CONTINUE,0,A,1,1,0,KEEP_STRUCTURAL_IN_ON_CUT,2,3,0,0,"tail_cont_enabled=1 tail_active_dims=(1,) tail_delta=0.1 tail_start=(6, 6, 6) returned_y=(1, 6, 0) returned_b=(0, 1, 0) returned_u=(0, 0.1, 0) returned_zcap=(1, 6.1, 0) max_tail_u=0.1",NA
120,P1_no_rho,168,1083.028649099986,5.595026399940252,4.14709009998478,0.14659890008624643,0.01,51302.288700624136,51302.288700624136,-69516.0103330139,-51393.26547796819,0.0,-25442.868183585862,-74999.17253306539,-74999.15906294118,-44583.67635645706,-25442.868183585862,19140.808172871195,19140.808172871188,-27744.117912005822,37073.5,nan,nan,1.5000000000000002,10.0,0.0,0.0,10.0,0.85,CORE,MAIN,1.2016980135994255,0.25400667632475393,0.6,0.174,-44583.67635645706,STRUCTURAL,-0.8497541577485326,-183607.82080494933,26400.0,0,0,0,0,0,0,0,inf,inf,NA,1,5,5,5,23,6,0,0,CONTINUE,0,A,1,1,0,KEEP_STRUCTURAL_IN_ON_CUT,2,3,0,0,"tail_cont_enabled=1 tail_active_dims=(1,) tail_delta=0.1 tail_start=(6, 6, 6) returned_y=(6, 0, 2) returned_b=(1, 0, 0) returned_u=(0, 0, 0) returned_zcap=(6, 0, 2) max_tail_u=0",NA
120,P1_no_rho,169,1089.1742627000203,5.595026399940252,6.1450190000468865,0.1703961999155581,0.01,63858.834733107455,63858.834733107455,-69516.0103330139,-49509.783573095694,0.0,-25442.868183585862,-76452.15413661239,-76452.14043132911,-44583.67635645706,-25442.868183585862,19140.808172871195,19140.808172871188,-26988.51471421656,37180.5,nan,nan,1.5000000000000002,10.0,0.0,0.0,10.0,0.85,CORE,MAIN,1.199794380449906,0.2529061892218748,0.6,0.174,-44583.67635645706,STRUCTURAL,-0.8869098177290524,-183607.82080494933,26400.0,0,0,0,0,0,0,0,inf,inf,NA,1,5,5,5,23,6,0,0,CONTINUE,0,A,1,1,0,KEEP_STRUCTURAL_IN_ON_CUT,2,3,0,0,"tail_cont_enabled=1 tail_active_dims=(1,) tail_delta=0.1 tail_start=(6, 6, 6) returned_y=(6, 0, 2) returned_b=(1, 0, 0) returned_u=(0, 0, 0) returned_zcap=(6, 0, 2) max_tail_u=0",NA
120,P1_no_rho,170,1100.3801520999987,5.595026399940252,11.205256500048563,0.14679070003330708,0.01,52653.486316453644,52653.486316453644,-69516.0103330139,-51190.58583559377,0.0,-25442.868183585862,-75679.27316707319,-75679.25950628596,-44583.67635645706,-25442.868183585862,19140.808172871195,19140.808172871188,-28190.459706302954,36060.0,nan,nan,1.5000000000000002,10.0,0.0,0.0,10.0,0.85,CORE,MAIN,1.198230933934545,0.2551432082632761,0.6,0.174,-44583.67635645706,STRUCTURAL,-0.8779589535955447,-183607.82080494933,26400.0,0,0,0,0,0,0,0,inf,inf,NA,1,5,5,5,23,6,0,0,CONTINUE,0,A,1,1,0,KEEP_STRUCTURAL_IN_ON_CUT,2,3,0,0,"tail_cont_enabled=1 tail_active_dims=(1,) tail_delta=0.1 tail_start=(6, 6, 6) returned_y=(6, 0, 2) returned_b=(1, 0, 0) returned_u=(0, 0, 0) returned_zcap=(6, 0, 2) max_tail_u=0",NA
120,P1_no_rho,171,1104.5763824000023,5.595026399940252,4.195817900006659,0.16215180000290275,0.01,36880.99668833071,36880.99668833071,-69516.0103330139,-53556.4592798122,0.0,-25442.868183585862,-60832.67154131671,-60832.66008201851,-44583.67635645706,-25442.868183585862,19140.808172871195,19140.808172871188,-21388.355377324264,31743.0,nan,nan,1.5000000000000002,10.0,0.0,0.0,10.0,0.85,CORE,MAIN,1.1980000031881346,0.2608804718148834,0.6,0.174,-44583.67635645706,STRUCTURAL,-0.828409511906966,-183607.82080494933,26400.0,0,0,0,0,0,0,0,inf,inf,NA,1,5,5,5,23,6,0,0,CONTINUE,0,A,1,1,0,KEEP_STRUCTURAL_IN_ON_CUT,2,3,0,0,"tail_cont_enabled=1 tail_active_dims=(1,) tail_delta=0.1 tail_start=(6, 6, 6) returned_y=(0, 6, 1) returned_b=(0, 1, 0) returned_u=(0, 0.1, 0) returned_zcap=(0, 6.1, 1) max_tail_u=0.1",NA
120,P1_no_rho,172,1109.8094911000226,5.595026399940252,5.2326071000425145,0.15941730001941323,0.01,44956.75010302078,44956.75010302078,-69516.0103330139,-52345.09626760869,0.0,-25442.868183585862,-71227.06678648684,-71227.05339679017,-44583.67635645706,-25442.868183585862,19140.808172871195,19140.808172871188,-26535.9873868403,34893.0,nan,nan,1.5000000000000002,10.0,0.0,0.0,10.0,0.85,CORE,MAIN,1.1967660121674628,0.2562988141586846,0.6,0.174,-44583.67635645706,STRUCTURAL,-0.8538687990895956,-183607.82080494933,26400.0,0,0,0,0,0,0,0,inf,inf,NA,1,5,5,5,23,6,0,0,CONTINUE,0,A,1,1,0,KEEP_STRUCTURAL_IN_ON_CUT,2,3,0,0,"tail_cont_enabled=1 tail_active_dims=(1,) tail_delta=0.1 tail_start=(6, 6, 6) returned_y=(0, 6, 1) returned_b=(0, 1, 0) returned_u=(0, 0.1, 0) returned_zcap=(0, 6.1, 1) max_tail_u=0.1",NA
120,P1_no_rho,173,1114.9602387999184,5.595026399940252,5.150248699937947,0.15640700003132224,0.01,54039.224219332886,54039.224219332886,-69516.0103330139,-50982.72515016188,0.0,-25442.868183585862,-68940.75497459064,-68940.74202881806,-44583.67635645706,-25442.868183585862,19140.808172871195,19140.808172871188,-25806.031168696245,34622.0,nan,nan,1.5000000000000002,10.0,0.0,0.0,10.0,0.85,CORE,MAIN,1.196743591532484,0.2610232422386334,0.6,0.174,-44583.67635645706,STRUCTURAL,-0.8305838457266437,-183607.82080494933,26400.0,0,0,0,0,0,0,0,inf,inf,NA,1,5,5,5,23,6,0,0,CONTINUE,0,A,1,1,0,KEEP_STRUCTURAL_IN_ON_CUT,2,3,0,0,"tail_cont_enabled=1 tail_active_dims=(1,) tail_delta=0.1 tail_start=(6, 6, 6) returned_y=(0, 6, 1) returned_b=(0, 1, 0) returned_u=(0, 0.1, 0) returned_zcap=(0, 6.1, 1) max_tail_u=0.1",NA
120,P1_no_rho,174,1119.4032625999535,5.595026399940252,4.442566999932751,0.14798800006974488,0.01,28218.93631415969,28218.93631415969,-69516.0103330139,-54855.76833593786,0.0,-25442.868183585862,-65716.51837938454,-65716.50610492835,-44583.67635645706,-25442.868183585862,19140.808172871195,19140.808172871188,-24625.36144075969,32364.5,nan,nan,1.5000000000000002,10.0,0.0,0.0,10.0,0.85,CORE,MAIN,1.1980573629539268,0.2645230638330679,0.6,0.174,-44583.67635645706,STRUCTURAL,-0.8464242130352424,-183607.82080494933,26400.0,0,0,0,0,0,0,0,inf,inf,NA,1,5,5,5,23,6,0,0,CONTINUE,0,A,1,1,0,KEEP_STRUCTURAL_IN_ON_CUT,2,3,0,0,"tail_cont_enabled=1 tail_active_dims=(1,) tail_delta=0.1 tail_start=(6, 6, 6) returned_y=(0, 6, 1) returned_b=(0, 1, 0) returned_u=(0, 0.1, 0) returned_zcap=(0, 6.1, 1) max_tail_u=0.1",NA
120,P1_no_rho,175,1130.2888455999782,5.595026399940252,10.884731600061059,0.15170569997280836,0.01,50338.70149292837,50338.70149292837,-69516.0103330139,-51537.803559122556,0.0,-25442.868183585862,-79472.56507738042,-79472.55114018945,-44583.67635645706,-25442.868183585862,19140.808172871195,19140.808172871188,-29641.28951782724,38652.0,nan,nan,1.5000000000000002,10.0,0.0,0.0,10.0,0.85,CORE,MAIN,1.1966540625408812,0.23982687842537775,0.6,0.174,-44583.67635645706,STRUCTURAL,-0.8594856949595052,-183607.82080494933,26400.0,0,0,0,0,0,0,0,inf,inf,NA,1,5,5,5,23,6,0,0,CONTINUE,0,A,1,1,0,KEEP_STRUCTURAL_IN_ON_CUT,2,3,0,0,"tail_cont_enabled=1 tail_active_dims=(1,) tail_delta=0.1 tail_start=(6, 6, 6) returned_y=(6, 0, 2) returned_b=(1, 0, 0) returned_u=(0, 0, 0) returned_zcap=(6, 0, 2) max_tail_u=0",NA
120,P1_no_rho,176,1136.4573774000164,5.595026399940252,6.1680654000956565,0.16405410005245358,0.01,68836.1594374534,68836.1594374534,-69516.0103330139,-48763.1848674438,0.0,-25442.868183585862,-84173.35045126693,-84173.33593111025,-44583.67635645706,-25442.868183585862,19140.808172871195,19140.808172871188,-30191.97584901893,39754.0,nan,nan,1.5000000000000002,10.0,0.0,0.0,10.0,0.85,CORE,MAIN,1.1932651112372703,0.23618774194788528,0.6,0.174,-44583.67635645706,STRUCTURAL,-0.9052566631800795,-183607.82080494933,26400.0,0,0,0,0,0,0,0,inf,inf,NA,1,5,5,5,23,6,0,0,CONTINUE,0,A,1,1,0,KEEP_STRUCTURAL_IN_ON_CUT,2,3,0,0,"tail_cont_enabled=1 tail_active_dims=(1,) tail_delta=0.1 tail_start=(6, 6, 6) returned_y=(6, 0, 2) returned_b=(1, 0, 0) returned_u=(0, 0, 0) returned_zcap=(6, 0, 2) max_tail_u=0",NA
120,P1_no_rho,177,1140.6051464999327,5.595026399940252,4.147308300016448,0.17143139999825507,0.01,68068.0533330796,68068.0533330796,-69516.0103330139,-48878.400783099874,0.0,-25442.868183585862,-77834.72308278168,-77834.70940797256,-44583.67635645706,-25442.868183585862,19140.808172871195,19140.808172871188,-27641.140626762404,37583.0,nan,nan,1.5000000000000002,10.0,0.0,0.0,10.0,0.85,CORE,MAIN,1.1942159906553393,0.25293500021274273,0.6,0.174,-44583.67635645706,STRUCTURAL,-0.8903594494179132,-183607.82080494933,26400.0,0,0,0,0,0,0,0,inf,inf,NA,1,5,5,5,23,6,0,0,CONTINUE,0,A,1,1,0,KEEP_STRUCTURAL_IN_ON_CUT,2,3,0,0,"tail_cont_enabled=1 tail_active_dims=(1,) tail_delta=0.1 tail_start=(6, 6, 6) returned_y=(6, 0, 2) returned_b=(1, 0, 0) returned_u=(0, 0, 0) returned_zcap=(6, 0, 2) max_tail_u=0",NA
120,P1_no_rho,178,1146.802097399952,5.595026399940252,6.196381999994628,0.15471189992967993,0.01,55270.96878597245,55270.96878597245,-69516.0103330139,-50797.96346516594,0.0,-25442.868183585862,-61740.52984018325,-61740.518136053404,-44583.67635645706,-25442.868183585862,19140.808172871195,19140.808172871188,-21411.45773880657,31965.0,nan,nan,1.5000000000000002,10.0,0.0,0.0,10.0,0.85,CORE,MAIN,1.1949707177379212,0.2817858521496953,0.6,0.174,-44583.67635645706,STRUCTURAL,-0.8411087209395033,-183607.82080494933,26400.0,0,0,0,0,0,0,0,inf,inf,NA,1,5,5,5,23,6,0,0,CONTINUE,0,A,1,1,0,KEEP_STRUCTURAL_IN_ON_CUT,2,3,0,0,"tail_cont_enabled=1 tail_active_dims=(1,) tail_delta=0.1 tail_start=(6, 6, 6) returned_y=(0, 6, 1) returned_b=(0, 1, 0) returned_u=(0, 0.1, 0) returned_zcap=(0, 6.1, 1) max_tail_u=0.1",NA
120,P1_no_rho,179,1151.9296860999893,5.595026399940252,5.126917000045069,0.1533011000137776,0.01,34786.47908658728,34786.47908658728,-69516.0103330139,-53870.63692007372,0.0,-25442.868183585862,-72878.40952016634,-72878.39658977221,-44583.67635645706,-25442.868183585862,19140.808172871195,19140.808172871188,-26191.881907044935,36409.0,nan,nan,1.5000000000000002,10.0,0.0,0.0,10.0,0.85,CORE,MAIN,1.1946431948673446,0.256429741475791,0.6,0.174,-44583.67635645706,STRUCTURAL,-0.8548530067241118,-183607.82080494933,26400.0,0,0,0,0,0,0,0,inf,inf,NA,1,5,5,5,23,6,0,0,CONTINUE,0,A,1,1,0,KEEP_STRUCTURAL_IN_ON_CUT,2,3,0,0,"tail_cont_enabled=1 tail_active_dims=(1,) tail_delta=0.1 tail_start=(6, 6, 6) returned_y=(0, 6, 1) returned_b=(0, 1, 0) returned_u=(0, 0.1, 0) returned_zcap=(0, 6.1, 1) max_tail_u=0.1",NA
120,P1_no_rho,180,1161.2582215999719,5.595026399940252,9.32781409996096,0.15272190002724528,0.01,33273.3583804914,33273.3583804914,-69516.0103330139,-54097.6050259881,0.0,-25442.868183585862,-67740.85608212303,-67740.84365687578,-44583.67635645706,-25442.868183585862,19140.808172871195,19140.808172871188,-23935.037970845617,34366.0,nan,nan,1.5000000000000002,10.0,0.0,0.0,10.0,0.85,CORE,MAIN,1.1950703261846245,0.26432010904175274,0.6,0.174,-44583.67635645706,STRUCTURAL,-0.8497896309536592,-183607.82080494933,26400.0,0,0,0,0,0,0,0,inf,inf,NA,1,5,5,5,23,6,0,0,CONTINUE,0,A,1,1,0,KEEP_STRUCTURAL_IN_ON_CUT,2,3,0,0,"tail_cont_enabled=1 tail_active_dims=(1,) tail_delta=0.1 tail_start=(6, 6, 6) returned_y=(0, 6, 1) returned_b=(0, 1, 0) returned_u=(0, 0.1, 0) returned_zcap=(0, 6.1, 1) max_tail_u=0.1",NA
120,P1_no_rho,181,1166.7424083999358,5.595026399940252,5.4837315999902785,0.16228109993971884,0.01,43245.07908688496,43245.07908688496,-69516.0103330139,-52601.84692002907,0.0,-25442.868183585862,-64009.85237809422,-64009.840306409824,-44583.67635645706,-25442.868183585862,19140.808172871195,19140.808172871188,-23634.971187983738,32045.0,nan,nan,1.5000000000000002,10.0,0.0,0.0,10.0,0.85,CORE,MAIN,1.1975225007170645,0.2693379207467077,0.6,0.174,-44583.67635645706,STRUCTURAL,-0.8399619101976613,-183607.82080494933,26400.0,0,0,0,0,0,0,0,inf,inf,NA,1,5,5,5,23,6,0,0,CONTINUE,0,A,1,1,0,KEEP_STRUCTURAL_IN_ON_CUT,2,3,0,0,"tail_cont_enabled=1 tail_active_dims=(1,) tail_delta=0.1 tail_start=(6, 6, 6) returned_y=(0, 6, 1) returned_b=(0, 1, 0) returned_u=(0, 0.1, 0) returned_zcap=(0, 6.1, 1) max_tail_u=0.1",NA
120,P1_no_rho,182,1172.1197963999584,5.595026399940252,5.376986199989915,0.1569779000710696,0.01,34417.106638930134,34417.106638930134,-69516.0103330139,-53926.04278722229,0.0,-25442.868183585862,-78226.65132951834,-78226.63765245135,-44583.67635645706,-25442.868183585862,19140.808172871195,19140.808172871188,-31017.810574413827,37881.0,nan,nan,1.5000000000000002,10.0,0.0,0.0,10.0,0.85,CORE,MAIN,1.1974968999318558,0.24121052856809033,0.6,0.174,-44583.67635645706,STRUCTURAL,-0.830826836286221,-183607.82080494933,26400.0,0,0,0,0,0,0,0,inf,inf,NA,1,5,5,5,23,6,0,0,CONTINUE,0,A,1,1,0,KEEP_STRUCTURAL_IN_ON_CUT,2,3,0,0,"tail_cont_enabled=1 tail_active_dims=(1,) tail_delta=0.1 tail_start=(6, 6, 6) returned_y=(2, 0, 6) returned_b=(0, 0, 1) returned_u=(0, 0, 0) returned_zcap=(2, 0, 6) max_tail_u=0",NA
120,P1_no_rho,183,1176.5107246999396,5.595026399940252,4.390395299997181,0.15260239993222058,0.01,34601.92060163159,34601.92060163159,-69516.0103330139,-53898.32069281708,0.0,-25442.868183585862,-77608.2344170518,-77608.2212008122,-44583.67635645706,-25442.868183585862,19140.808172871195,19140.808172871188,-27142.760191333564,37630.0,nan,nan,1.5000000000000002,10.0,0.0,0.0,10.0,0.85,CORE,MAIN,1.1964617307418888,0.244968820676168,0.6,0.174,-44583.67635645706,STRUCTURAL,-0.8940643282749339,-183607.82080494933,26400.0,0,0,0,0,0,0,0,inf,inf,NA,1,5,5,5,23,6,0,0,CONTINUE,0,A,1,1,0,KEEP_STRUCTURAL_IN_ON_CUT,2,3,0,0,"tail_cont_enabled=1 tail_active_dims=(1,) tail_delta=0.1 tail_start=(6, 6, 6) returned_y=(2, 0, 6) returned_b=(0, 0, 1) returned_u=(0, 0, 0) returned_zcap=(2, 0, 6) max_tail_u=0",NA
120,P1_no_rho,184,1182.5739577999339,5.595026399940252,6.0625819999258965,0.15504270000383258,0.01,37394.67721968731,37394.67721968731,-69516.0103330139,-53479.40720010871,0.0,-25442.868183585862,-74535.25837228389,-74535.24516814532,-44583.67635645706,-25442.868183585862,19140.808172871195,19140.808172871188,-26317.643822285867,35975.0,nan,nan,1.5000000000000002,10.0,0.0,0.0,10.0,0.85,CORE,MAIN,1.196836797973225,0.2491397226899399,0.6,0.174,-44583.67635645706,STRUCTURAL,-0.8935390566756443,-183607.82080494933,26400.0,0,0,0,0,0,0,0,inf,inf,NA,1,5,5,5,23,6,0,0,CONTINUE,0,A,1,1,0,KEEP_STRUCTURAL_IN_ON_CUT,2,3,0,0,"tail_cont_enabled=1 tail_active_dims=(1,) tail_delta=0.1 tail_start=(6, 6, 6) returned_y=(2, 0, 6) returned_b=(0, 0, 1) returned_u=(0, 0, 0) returned_zcap=(2, 0, 6) max_tail_u=0",NA
120,P1_no_rho,185,1193.8566128999228,5.595026399940252,11.282060700003058,0.16335559997241944,0.01,76896.48171304169,76896.48171304169,-69516.0103330139,-47554.136526105554,0.0,-25442.868183585862,-67864.32571714678,-67864.31321107992,-44583.67635645706,-25442.868183585862,19140.808172871195,19140.808172871188,-24113.476660821998,32635.0,nan,nan,1.5000000000000002,10.0,0.0,0.0,10.0,0.85,CORE,MAIN,1.1985468008082505,0.2665140860913797,0.6,0.174,-44583.67635645706,STRUCTURAL,-0.8937405965018728,-183607.82080494933,26400.0,0,0,0,0,0,0,0,inf,inf,NA,1,5,5,5,23,6,0,0,CONTINUE,0,A,1,1,0,KEEP_STRUCTURAL_IN_ON_CUT,2,3,0,0,"tail_cont_enabled=1 tail_active_dims=(1,) tail_delta=0.1 tail_start=(6, 6, 6) returned_y=(2, 0, 6) returned_b=(0, 0, 1) returned_u=(0, 0, 0) returned_zcap=(2, 0, 6) max_tail_u=0",NA
120,P1_no_rho,186,1199.0496719999937,5.595026399940252,5.1924020000733435,0.145663799950853,0.01,38737.34908110395,38737.34908110395,-69516.0103330139,-53278.00642089622,0.0,-25442.868183585862,-76837.9874927931,-76837.97435262008,-44583.67635645706,-25442.868183585862,19140.808172871195,19140.808172871188,-25894.442508873035,39287.0,nan,nan,1.5000000000000002,10.0,0.0,0.0,10.0,0.85,CORE,MAIN,1.1981088090678458,0.2508442748674353,0.6,0.174,-44583.67635645706,STRUCTURAL,-0.8644680062742897,-183607.82080494933,26400.0,0,0,0,0,0,0,0,inf,inf,NA,1,5,5,5,23,6,0,0,CONTINUE,0,A,1,1,0,KEEP_STRUCTURAL_IN_ON_CUT,2,3,0,0,"tail_cont_enabled=1 tail_active_dims=(1,) tail_delta=0.1 tail_start=(6, 6, 6) returned_y=(1, 6, 0) returned_b=(0, 1, 0) returned_u=(0, 0.1, 0) returned_zcap=(1, 6.1, 0) max_tail_u=0.1",NA
120,P1_no_rho,187,1203.2412581000244,5.595026399940252,4.190877000102773,0.15481859992723912,0.01,49897.19926038499,49897.19926038499,-69516.0103330139,-51604.02889400406,0.0,-25442.868183585862,-74295.316542085,-74295.30353706829,-44583.67635645706,-25442.868183585862,19140.808172871195,19140.808172871188,-25092.048867238565,38212.0,nan,nan,1.5000000000000002,10.0,0.0,0.0,10.0,0.85,CORE,MAIN,1.2003265259797817,0.2580459880032373,0.6,0.174,-44583.67635645706,STRUCTURAL,-0.8584258813955428,-183607.82080494933,26400.0,0,0,0,0,0,0,0,inf,inf,NA,1,5,5,5,23,6,0,0,CONTINUE,0,A,1,1,0,KEEP_STRUCTURAL_IN_ON_CUT,2,3,0,0,"tail_cont_enabled=1 tail_active_dims=(1,) tail_delta=0.1 tail_start=(6, 6, 6) returned_y=(1, 6, 0) returned_b=(0, 1, 0) returned_u=(0, 0.1, 0) returned_zcap=(1, 6.1, 0) max_tail_u=0.1",NA
120,P1_no_rho,188,1208.6438037999906,5.595026399940252,5.402024800074287,0.15228699997533113,0.01,53494.93863758252,53494.93863758252,-69516.0103330139,-51064.36798742443,0.0,-25442.868183585862,-74281.60858196583,-74281.59557531458,-44583.67635645706,-25442.868183585862,19140.808172871195,19140.808172871188,-25509.205571957165,36490.0,nan,nan,1.5000000000000002,10.0,0.0,0.0,10.0,0.85,CORE,MAIN,1.2019989023066326,0.2580420967999235,0.6,0.174,-44583.67635645706,STRUCTURAL,-0.8910640358702369,-183607.82080494933,26400.0,0,0,0,0,0,0,0,inf,inf,NA,1,5,5,5,23,6,0,0,CONTINUE,0,A,1,1,0,KEEP_STRUCTURAL_IN_ON_CUT,2,3,0,0,"tail_cont_enabled=1 tail_active_dims=(1,) tail_delta=0.1 tail_start=(6, 6, 6) returned_y=(1, 6, 0) returned_b=(0, 1, 0) returned_u=(0, 0.1, 0) returned_zcap=(1, 6.1, 0) max_tail_u=0.1",NA
120,P1_no_rho,189,1214.7549326999579,5.595026399940252,6.110346599947661,0.1537722999928519,0.01,35465.461633000516,35465.461633000516,-69516.0103330139,-53768.789538111734,0.0,-25442.868183585862,-67435.88661974836,-67435.87409663989,-44583.67635645706,-25442.868183585862,19140.808172871195,19140.808172871188,-26372.281449750448,33085.0,nan,nan,1.5000000000000002,10.0,0.0,0.0,10.0,0.85,CORE,MAIN,1.2045269162380317,0.26840255095041354,0.6,0.174,-44583.67635645706,STRUCTURAL,-0.8274362530228089,-183607.82080494933,26400.0,0,0,0,0,0,0,0,inf,inf,NA,1,5,5,5,23,6,0,0,CONTINUE,0,A,1,1,0,KEEP_STRUCTURAL_IN_ON_CUT,2,3,0,0,"tail_cont_enabled=1 tail_active_dims=(1,) tail_delta=0.1 tail_start=(6, 6, 6) returned_y=(1, 6, 0) returned_b=(0, 1, 0) returned_u=(0, 0.1, 0) returned_zcap=(1, 6.1, 0) max_tail_u=0.1",NA
120,P1_no_rho,190,1225.2660093000159,5.595026399940252,10.510475000017323,0.15210060006938875,0.01,47949.99217574655,47949.99217574655,-69516.0103330139,-51896.10995669983,0.0,-25442.868183585862,-74636.47904313888,-74636.4659033322,-44583.67635645706,-25442.868183585862,19140.808172871195,19140.808172871188,-26004.36808038281,35964.0,nan,nan,1.5000000000000002,10.0,0.0,0.0,10.0,0.85,CORE,MAIN,1.205541748386722,0.2547695724713972,0.6,0.174,-44583.67635645706,STRUCTURAL,-0.9014959000287207,-183607.82080494933,26400.0,0,0,0,0,0,0,0,inf,inf,NA,1,5,5,5,23,6,0,0,CONTINUE,0,A,1,1,0,KEEP_STRUCTURAL_IN_ON_CUT,2,3,0,0,"tail_cont_enabled=1 tail_active_dims=(1,) tail_delta=0.1 tail_start=(6, 6, 6) returned_y=(2, 0, 6) returned_b=(0, 0, 1) returned_u=(0, 0, 0) returned_zcap=(2, 0, 6) max_tail_u=0",NA
120,P1_no_rho,191,1229.2920496999286,5.595026399940252,4.025473399902694,0.15160280000418425,0.01,50520.84151633355,50520.84151633355,-69516.0103330139,-51510.48255561178,0.0,-25442.868183585862,-74579.35986399419,-74579.34655300072,-44583.67635645706,-25442.868183585862,19140.808172871195,19140.808172871188,-26734.767526202304,36286.5,nan,nan,1.5000000000000002,10.0,0.0,0.0,10.0,0.85,CORE,MAIN,1.2054866078945652,0.2577550046157947,0.6,0.174,-44583.67635645706,STRUCTURAL,-0.8790152265406036,-183607.82080494933,26400.0,0,0,0,0,0,0,0,inf,inf,NA,1,5,5,5,23,6,0,0,CONTINUE,0,A,1,1,0,KEEP_STRUCTURAL_IN_ON_CUT,2,3,0,0,"tail_cont_enabled=1 tail_active_dims=(1,) tail_delta=0.1 tail_start=(6, 6, 6) returned_y=(2, 0, 6) returned_b=(0, 0, 1) returned_u=(0, 0, 0) returned_zcap=(2, 0, 6) max_tail_u=0",NA
120,P1_no_rho,192,1235.5863211000105,5.595026399940252,6.293655600049533,0.17617920006159693,0.01,55147.55550008591,55147.55550008591,-69516.0103330139,-50816.475458048924,0.0,-25442.868183585862,-70807.66375071071,-70807.65091480807,-44583.67635645706,-25442.868183585862,19140.808172871195,19140.808172871188,-24807.334342828188,34044.0,nan,nan,1.5000000000000002,10.0,0.0,0.0,10.0,0.85,CORE,MAIN,1.2062850755707577,0.2636376359432647,0.6,0.174,-44583.67635645706,STRUCTURAL,-0.9008012488148648,-183607.82080494933,26400.0,0,0,0,0,0,0,0,inf,inf,NA,1,5,5,5,23,6,0,0,CONTINUE,0,A,1,1,0,KEEP_STRUCTURAL_IN_ON_CUT,2,3,0,0,"tail_cont_enabled=1 tail_active_dims=(1,) tail_delta=0.1 tail_start=(6, 6, 6) returned_y=(2, 0, 6) returned_b=(0, 0, 1) returned_u=(0, 0, 0) returned_zcap=(2, 0, 6) max_tail_u=0",NA
120,P1_no_rho,193,1241.4787094999338,5.595026399940252,5.891829499974847,0.1540141999721527,0.01,35004.75800395811,35004.75800395811,-69516.0103330139,-53837.895082468094,0.0,-25442.868183585862,-71703.13130570108,-71703.11830804058,-44583.67635645706,-25442.868183585862,19140.808172871195,19140.808172871188,-26224.02263898259,35711.0,nan,nan,1.5000000000000002,10.0,0.0,0.0,10.0,0.85,CORE,MAIN,1.2070368216853542,0.2609479558983009,0.6,0.174,-44583.67635645706,STRUCTURAL,-0.8490212291088268,-183607.82080494933,26400.0,0,0,0,0,0,0,0,inf,inf,NA,1,5,5,5,23,6,0,0,CONTINUE,0,A,1,1,0,KEEP_STRUCTURAL_IN_ON_CUT,2,3,0,0,"tail_cont_enabled=1 tail_active_dims=(1,) tail_delta=0.1 tail_start=(6, 6, 6) returned_y=(0, 6, 1) returned_b=(0, 1, 0) returned_u=(0, 0.1, 0) returned_zcap=(0, 6.1, 1) max_tail_u=0.1",NA
120,P1_no_rho,194,1245.7647807999747,5.595026399940252,4.28550019999966,0.15309660008642823,0.01,34986.78772918834,34986.78772918834,-69516.0103330139,-53840.59062368356,0.0,-25442.868183585862,-72916.78745137568,-72916.77432678296,-44583.67635645706,-25442.868183585862,19140.808172871195,19140.808172871188,-25954.114810081504,36403.0,nan,nan,1.5000000000000002,10.0,0.0,0.0,10.0,0.85,CORE,MAIN,1.2074409275592266,0.2586626215785892,0.6,0.174,-44583.67635645706,STRUCTURAL,-0.8600510858391062,-183607.82080494933,26400.0,0,0,0,0,0,0,0,inf,inf,NA,1,5,5,5,23,6,0,0,CONTINUE,0,A,1,1,0,KEEP_STRUCTURAL_IN_ON_CUT,2,3,0,0,"tail_cont_enabled=1 tail_active_dims=(1,) tail_delta=0.1 tail_start=(6, 6, 6) returned_y=(0, 6, 1) returned_b=(0, 1, 0) returned_u=(0, 0.1, 0) returned_zcap=(0, 6.1, 1) max_tail_u=0.1",NA
120,P1_no_rho,195,1256.7115010999842,5.595026399940252,10.946099000051618,0.16522069997154176,0.01,23315.54525029097,23315.54525029097,-69516.0103330139,-55591.276995518165,0.0,-25442.868183585862,-61222.58778108719,-61222.57639172638,-44583.67635645706,-25442.868183585862,19140.808172871195,19140.808172871188,-20109.922975974336,32224.0,nan,nan,1.5000000000000002,10.0,0.0,0.0,10.0,0.85,CORE,MAIN,1.2050393292938817,0.278915742910824,0.6,0.174,-44583.67635645706,STRUCTURAL,-0.8505596949634237,-183607.82080494933,26400.0,0,0,0,0,0,0,0,inf,inf,NA,1,5,5,5,23,6,0,0,CONTINUE,0,A,1,1,0,KEEP_STRUCTURAL_IN_ON_CUT,2,3,0,0,"tail_cont_enabled=1 tail_active_dims=(1,) tail_delta=0.1 tail_start=(6, 6, 6) returned_y=(0, 6, 1) returned_b=(0, 1, 0) returned_u=(0, 0.1, 0) returned_zcap=(0, 6.1, 1) max_tail_u=0.1",NA
120,P1_no_rho,196,1262.1853803999256,5.595026399940252,5.4733492999803275,0.17091500002425164,0.01,52144.648018513355,52144.648018513355,-69516.0103330139,-51266.91158028481,0.0,-25442.868183585862,-73781.5172686254,-73781.50379156094,-44583.67635645706,-25442.868183585862,19140.808172871195,19140.808172871188,-29584.14539151616,35078.0,nan,nan,1.5000000000000002,10.0,0.0,0.0,10.0,0.85,CORE,MAIN,1.2023232066736123,0.2525053202746004,0.6,0.174,-44583.67635645706,STRUCTURAL,-0.839982484749126,-183607.82080494933,26400.0,0,0,0,0,0,0,0,inf,inf,NA,1,5,5,5,23,6,0,0,CONTINUE,0,A,1,1,0,KEEP_STRUCTURAL_IN_ON_CUT,2,3,0,0,"tail_cont_enabled=1 tail_active_dims=(1,) tail_delta=0.1 tail_start=(6, 6, 6) returned_y=(0, 6, 1) returned_b=(0, 1, 0) returned_u=(0, 0.1, 0) returned_zcap=(0, 6.1, 1) max_tail_u=0.1",NA
120,P1_no_rho,197,1266.2309555999236,5.595026399940252,4.044973299955018,0.15451579994987696,0.01,51586.04499380573,51586.04499380573,-69516.0103330139,-51350.70203399095,0.0,-25442.868183585862,-74377.57448559711,-74377.56121400435,-44583.67635645706,-25442.868183585862,19140.808172871195,19140.808172871188,-26681.18857807194,36112.0,nan,nan,1.5000000000000002,10.0,0.0,0.0,10.0,0.85,CORE,MAIN,1.1998265336352638,0.252606499887872,0.6,0.174,-44583.67635645706,STRUCTURAL,-0.8805267433896841,-183607.82080494933,26400.0,0,0,0,0,0,0,0,inf,inf,NA,1,5,5,5,23,6,0,0,CONTINUE,0,A,1,1,0,KEEP_STRUCTURAL_IN_ON_CUT,2,3,0,0,"tail_cont_enabled=1 tail_active_dims=(1,) tail_delta=0.1 tail_start=(6, 6, 6) returned_y=(2, 0, 6) returned_b=(0, 0, 1) returned_u=(0, 0, 0) returned_zcap=(2, 0, 6) max_tail_u=0",NA
120,P1_no_rho,198,1272.3850637000287,5.595026399940252,6.1535750000039116,0.1530672999797389,0.01,61623.41670356678,61623.41670356678,-69516.0103330139,-49845.0962775268,0.0,-25442.868183585862,-87538.0723122946,-87538.05721539822,-44583.67635645706,-25442.868183585862,19140.808172871195,19140.808172871188,-32415.31532768218,40221.0,nan,nan,1.5000000000000002,10.0,0.0,0.0,10.0,0.85,CORE,MAIN,1.194588979509017,0.23513917821227137,0.6,0.174,-44583.67635645706,STRUCTURAL,-0.9136643691556822,-183607.82080494933,26400.0,0,0,0,0,0,0,0,inf,inf,NA,1,5,5,5,23,6,0,0,CONTINUE,0,A,1,1,0,KEEP_STRUCTURAL_IN_ON_CUT,2,3,0,0,"tail_cont_enabled=1 tail_active_dims=(1,) tail_delta=0.1 tail_start=(6, 6, 6) returned_y=(2, 0, 6) returned_b=(0, 0, 1) returned_u=(0, 0, 0) returned_zcap=(2, 0, 6) max_tail_u=0",NA
120,P1_no_rho,199,1278.242337499978,5.595026399940252,5.85685049998574,0.15562580002006143,0.01,74624.7673070333,74624.7673070333,-69516.0103330139,-47894.893687006814,0.0,-25442.868183585862,-79838.05503796933,-79838.04097981667,-44583.67635645706,-25442.868183585862,19140.808172871195,19140.808172871188,-28107.555174112484,37478.5,nan,nan,1.5000000000000002,10.0,0.0,0.0,10.0,0.85,CORE,MAIN,1.1903730217051969,0.24981831384303277,0.6,0.174,-44583.67635645706,STRUCTURAL,-0.9201806512303352,-183607.82080494933,26400.0,0,0,0,0,0,0,0,inf,inf,NA,1,5,5,5,23,6,0,0,CONTINUE,0,A,1,1,0,KEEP_STRUCTURAL_IN_ON_CUT,2,3,0,0,"tail_cont_enabled=1 tail_active_dims=(1,) tail_delta=0.1 tail_start=(6, 6, 6) returned_y=(2, 0, 6) returned_b=(0, 0, 1) returned_u=(0, 0, 0) returned_zcap=(2, 0, 6) max_tail_u=0",NA
120,P1_no_rho,200,1287.704524599947,5.595026399940252,9.461660799919628,0.16505249997135252,0.01,42510.263233878075,42510.263233878075,-69516.0103330139,-52712.0692979801,0.0,-25442.868183585862,-72258.68508004538,-72258.67200843008,-44583.67635645706,-25442.868183585862,19140.808172871195,19140.808172871188,-25815.464985854192,36273.0,nan,nan,1.5000000000000002,10.0,0.0,0.0,10.0,0.85,CORE,MAIN,1.188835517379193,0.2643851532167433,0.6,0.174,-44583.67635645706,STRUCTURAL,-0.8535863594147325,-183607.82080494933,26400.0,0,0,0,0,0,0,0,inf,inf,NA,1,5,5,5,23,6,0,0,CONTINUE,0,A,1,1,0,KEEP_STRUCTURAL_IN_ON_CUT,2,3,0,0,"tail_cont_enabled=1 tail_active_dims=(1,) tail_delta=0.1 tail_start=(6, 6, 6) returned_y=(1, 6, 0) returned_b=(0, 1, 0) returned_u=(0, 0.1, 0) returned_zcap=(1, 6.1, 0) max_tail_u=0.1",NA
120,P1_no_rho,201,1293.1672088999767,5.595026399940252,5.462035399978049,0.15717780007980764,0.01,35731.97965148221,35731.97965148221,-69516.0103330139,-53728.81183533948,0.0,-25442.868183585862,-70657.51415749868,-70657.5011707242,-44583.67635645706,-25442.868183585862,19140.808172871195,19140.808172871188,-25528.47892372898,36090.5,nan,nan,1.5000000000000002,10.0,0.0,0.0,10.0,0.85,CORE,MAIN,1.1960546976641429,0.2637273371885559,0.6,0.174,-44583.67635645706,STRUCTURAL,-0.833626988579547,-183607.82080494933,26400.0,0,0,0,0,0,0,0,inf,inf,NA,1,5,5,5,23,6,0,0,CONTINUE,0,A,1,1,0,KEEP_STRUCTURAL_IN_ON_CUT,2,3,0,0,"tail_cont_enabled=1 tail_active_dims=(1,) tail_delta=0.1 tail_start=(6, 6, 6) returned_y=(1, 6, 0) returned_b=(0, 1, 0) returned_u=(0, 0.1, 0) returned_zcap=(1, 6.1, 0) max_tail_u=0.1",NA
120,P1_no_rho,202,1298.8375473000342,5.595026399940252,5.669756899937056,0.1470915999962017,0.01,60461.71743505615,60461.71743505615,-69516.0103330139,-50019.35116780339,0.0,-25442.868183585862,-60827.38879309358,-60827.377493554945,-44583.67635645706,-25442.868183585862,19140.808172871195,19140.808172871188,-20358.921100179465,33055.5,nan,nan,1.5000000000000002,10.0,0.0,0.0,10.0,0.85,CORE,MAIN,1.1959749399924782,0.28386574882631854,0.6,0.174,-44583.67635645706,STRUCTURAL,-0.8161719208276076,-183607.82080494933,26400.0,0,0,0,0,0,0,0,inf,inf,NA,1,5,5,5,23,6,0,0,CONTINUE,0,A,1,1,0,KEEP_STRUCTURAL_IN_ON_CUT,2,3,0,0,"tail_cont_enabled=1 tail_active_dims=(1,) tail_delta=0.1 tail_start=(6, 6, 6) returned_y=(1, 6, 0) returned_b=(0, 1, 0) returned_u=(0, 0.1, 0) returned_zcap=(1, 6.1, 0) max_tail_u=0.1",NA
120,P1_no_rho,203,1305.1482711000135,5.595026399940252,6.310246300068684,0.1565851999912411,0.01,32386.293032397676,32386.293032397676,-69516.0103330139,-54230.66482820216,0.0,-25442.868183585862,-67940.66298275602,-67940.65033109566,-44583.67635645706,-25442.868183585862,19140.808172871195,19140.808172871188,-25972.49121106441,33998.0,nan,nan,1.5000000000000002,10.0,0.0,0.0,10.0,0.85,CORE,MAIN,1.196344450038132,0.2582823248182573,0.6,0.174,-44583.67635645706,STRUCTURAL,-0.8229534898137386,-183607.82080494933,26400.0,0,0,0,0,0,0,0,inf,inf,NA,1,5,5,5,23,6,0,0,CONTINUE,0,A,1,1,0,KEEP_STRUCTURAL_IN_ON_CUT,2,3,0,0,"tail_cont_enabled=1 tail_active_dims=(1,) tail_delta=0.1 tail_start=(6, 6, 6) returned_y=(1, 6, 0) returned_b=(0, 1, 0) returned_u=(0, 0.1, 0) returned_zcap=(1, 6.1, 0) max_tail_u=0.1",NA
120,P1_no_rho,204,1309.5421969000017,5.595026399940252,4.393461500061676,0.15806289995089173,0.01,61725.081512933546,61725.081512933546,-69516.0103330139,-49829.84655612178,0.0,-25442.868183585862,-75309.8613115897,-75309.84809861549,-44583.67635645706,-25442.868183585862,19140.808172871195,19140.808172871188,-26969.890637393924,37242.5,nan,nan,1.5000000000000002,10.0,0.0,0.0,10.0,0.85,CORE,MAIN,1.1959668362377465,0.24713417054191367,0.6,0.174,-44583.67635645706,STRUCTURAL,-0.8653188778272414,-183607.82080494933,26400.0,0,0,0,0,0,0,0,inf,inf,NA,1,5,5,5,23,6,0,0,CONTINUE,0,A,1,1,0,KEEP_STRUCTURAL_IN_ON_CUT,2,3,0,0,"tail_cont_enabled=1 tail_active_dims=(1,) tail_delta=0.1 tail_start=(6, 6, 6) returned_y=(6, 0, 2) returned_b=(1, 0, 0) returned_u=(0, 0, 0) returned_zcap=(6, 0, 2) max_tail_u=0",NA
120,P1_no_rho,205,1321.2251286000246,5.595026399940252,11.68237370008137,0.16129049996379763,0.01,36179.871072036876,36179.871072036876,-69516.0103330139,-53661.62812225628,0.0,-25442.868183585862,-80533.07387541959,-80533.05976772483,-44583.67635645706,-25442.868183585862,19140.808172871195,19140.808172871188,-29575.76780238821,38407.0,nan,nan,1.5000000000000002,10.0,0.0,0.0,10.0,0.85,CORE,MAIN,1.1940169437108805,0.24093732407999435,0.6,0.174,-44583.67635645706,STRUCTURAL,-0.8845139682060839,-183607.82080494933,26400.0,0,0,0,0,0,0,0,inf,inf,NA,1,5,5,5,23,6,0,0,CONTINUE,0,A,1,1,0,KEEP_STRUCTURAL_IN_ON_CUT,2,3,0,0,"tail_cont_enabled=1 tail_active_dims=(1,) tail_delta=0.1 tail_start=(6, 6, 6) returned_y=(2, 0, 6) returned_b=(0, 0, 1) returned_u=(0, 0, 0) returned_zcap=(2, 0, 6) max_tail_u=0",NA
120,P1_no_rho,206,1327.1217145000119,5.595026399940252,5.89604500005953,0.15158009994775057,0.01,40051.033638301,40051.033638301,-69516.0103330139,-53080.95373731666,0.0,-25442.868183585862,-75975.05911854477,-75975.04539026579,-44583.67635645706,-25442.868183585862,19140.808172871195,19140.808172871188,-27441.309405680957,35841.0,nan,nan,1.5000000000000002,10.0,0.0,0.0,10.0,0.85,CORE,MAIN,1.1922665686528877,0.2500378829610751,0.6,0.174,-44583.67635645706,STRUCTURAL,-0.9027600789521275,-183607.82080494933,26400.0,0,0,0,0,0,0,0,inf,inf,NA,1,5,5,5,23,6,0,0,CONTINUE,0,A,1,1,0,KEEP_STRUCTURAL_IN_ON_CUT,2,3,0,0,"tail_cont_enabled=1 tail_active_dims=(1,) tail_delta=0.1 tail_start=(6, 6, 6) returned_y=(2, 0, 6) returned_b=(0, 0, 1) returned_u=(0, 0, 0) returned_zcap=(2, 0, 6) max_tail_u=0",NA
120,P1_no_rho,207,1332.4951167999534,5.595026399940252,5.372726800036617,0.1509747999953106,0.01,29337.942135500285,29337.942135500285,-69516.0103330139,-54687.91746273677,0.0,-25442.868183585862,-65360.196867410305,-65360.184523792304,-44583.67635645706,-25442.868183585862,19140.808172871195,19140.808172871188,-23144.808464652797,33492.0,nan,nan,1.5000000000000002,10.0,0.0,0.0,10.0,0.85,CORE,MAIN,1.1933209956162214,0.26754182569099993,0.6,0.174,-44583.67635645706,STRUCTURAL,-0.8403076567367234,-183607.82080494933,26400.0,0,0,0,0,0,0,0,inf,inf,NA,1,5,5,5,23,6,0,0,CONTINUE,0,A,1,1,0,KEEP_STRUCTURAL_IN_ON_CUT,2,3,0,0,"tail_cont_enabled=1 tail_active_dims=(1,) tail_delta=0.1 tail_start=(6, 6, 6) returned_y=(1, 6, 0) returned_b=(0, 1, 0) returned_u=(0, 0.1, 0) returned_zcap=(1, 6.1, 0) max_tail_u=0.1",NA
120,P1_no_rho,208,1336.9061187999323,5.595026399940252,4.410443799919449,0.1502803999464959,0.01,28621.704835699744,28621.704835699744,-69516.0103330139,-54795.35305770685,0.0,-25442.868183585862,-71343.28187944756,-71343.26859650726,-44583.67635645706,-25442.868183585862,19140.808172871195,19140.808172871188,-26821.800216654065,35904.0,nan,nan,1.5000000000000002,10.0,0.0,0.0,10.0,0.85,CORE,MAIN,1.1970792505719667,0.27085974094052134,0.6,0.174,-44583.67635645706,STRUCTURAL,-0.8266761062806965,-183607.82080494933,26400.0,0,0,0,0,0,0,0,inf,inf,NA,1,5,5,5,23,6,0,0,CONTINUE,0,A,1,1,0,KEEP_STRUCTURAL_IN_ON_CUT,2,3,0,0,"tail_cont_enabled=1 tail_active_dims=(1,) tail_delta=0.1 tail_start=(6, 6, 6) returned_y=(1, 6, 0) returned_b=(0, 1, 0) returned_u=(0, 0.1, 0) returned_zcap=(1, 6.1, 0) max_tail_u=0.1",NA
120,P1_no_rho,209,1342.1228509999346,5.595026399940252,5.216188699938357,0.14418169995769858,0.01,49843.29741591444,49843.29741591444,-69516.0103330139,-51612.11417067464,0.0,-25442.868183585862,-61764.89029477437,-61764.878644078985,-44583.67635645706,-25442.868183585862,19140.808172871195,19140.808172871188,-21714.56979691593,32996.0,nan,nan,1.5000000000000002,10.0,0.0,0.0,10.0,0.85,CORE,MAIN,1.1987252521679443,0.2814547345397391,0.6,0.174,-44583.67635645706,STRUCTURAL,-0.8091952326981663,-183607.82080494933,26400.0,0,0,0,0,0,0,0,inf,inf,NA,1,5,5,5,23,6,0,0,CONTINUE,0,A,1,1,0,KEEP_STRUCTURAL_IN_ON_CUT,2,3,0,0,"tail_cont_enabled=1 tail_active_dims=(1,) tail_delta=0.1 tail_start=(6, 6, 6) returned_y=(1, 6, 0) returned_b=(0, 1, 0) returned_u=(0, 0.1, 0) returned_zcap=(1, 6.1, 0) max_tail_u=0.1",NA
120,P1_no_rho,210,1353.7313006999902,5.595026399940252,11.607831900008023,0.1508830999955535,0.01,50524.87093813967,50524.87093813967,-69516.0103330139,-51509.87814234086,0.0,-25442.868183585862,-72854.38444933135,-72854.3709548587,-44583.67635645706,-25442.868183585862,19140.808172871195,19140.808172871188,-28154.323536350617,35626.5,nan,nan,1.5000000000000002,10.0,0.0,0.0,10.0,0.85,CORE,MAIN,1.1988826649794309,0.2517724835794233,0.6,0.174,-44583.67635645706,STRUCTURAL,-0.8364568961963346,-183607.82080494933,26400.0,0,0,0,0,0,0,0,inf,inf,NA,1,5,5,5,23,6,0,0,CONTINUE,0,A,1,1,0,KEEP_STRUCTURAL_IN_ON_CUT,2,3,0,0,"tail_cont_enabled=1 tail_active_dims=(1,) tail_delta=0.1 tail_start=(6, 6, 6) returned_y=(1, 6, 0) returned_b=(0, 1, 0) returned_u=(0, 0.1, 0) returned_zcap=(1, 6.1, 0) max_tail_u=0.1",NA
120,P1_no_rho,211,1358.9707684000023,5.595026399940252,5.239074200042523,0.1520854999544099,0.01,53305.437852611205,53305.437852611205,-69516.0103330139,-51092.79310517013,0.0,-25442.868183585862,-75925.10660966035,-75925.09322807535,-44583.67635645706,-25442.868183585862,19140.808172871195,19140.808172871188,-26873.88313885964,36449.0,nan,nan,1.5000000000000002,10.0,0.0,0.0,10.0,0.85,CORE,MAIN,1.198145949922233,0.2310489997422155,0.6,0.174,-44583.67635645706,STRUCTURAL,-0.8971660875783638,-183607.82080494933,26400.0,0,0,0,0,0,0,0,inf,inf,NA,1,5,5,5,23,6,0,0,CONTINUE,0,A,1,1,0,KEEP_STRUCTURAL_IN_ON_CUT,2,3,0,0,"tail_cont_enabled=1 tail_active_dims=(1,) tail_delta=0.1 tail_start=(6, 6, 6) returned_y=(2, 0, 6) returned_b=(0, 0, 1) returned_u=(0, 0, 0) returned_zcap=(2, 0, 6) max_tail_u=0",NA
120,P1_no_rho,212,1363.0596036999486,5.595026399940252,4.0884023000253364,0.15369820001069456,0.01,38627.02682815116,38627.02682815116,-69516.0103330139,-53294.554758839135,0.0,-25442.868183585862,-77811.41398997097,-77811.40013420707,-44583.67635645706,-25442.868183585862,19140.808172871195,19140.808172871188,-28335.792485945043,37265.5,nan,nan,1.5000000000000002,10.0,0.0,0.0,10.0,0.85,CORE,MAIN,1.1965447574703922,0.24664185250445025,0.6,0.174,-44583.67635645706,STRUCTURAL,-0.8851011909722042,-183607.82080494933,26400.0,0,0,0,0,0,0,0,inf,inf,NA,1,5,5,5,23,6,0,0,CONTINUE,0,A,1,1,0,KEEP_STRUCTURAL_IN_ON_CUT,2,3,0,0,"tail_cont_enabled=1 tail_active_dims=(1,) tail_delta=0.1 tail_start=(6, 6, 6) returned_y=(2, 0, 6) returned_b=(0, 0, 1) returned_u=(0, 0, 0) returned_zcap=(2, 0, 6) max_tail_u=0",NA
120,P1_no_rho,213,1368.999489699956,5.595026399940252,5.939298399956897,0.1575650000013411,0.01,48546.48564826902,48546.48564826902,-69516.0103330139,-51806.635935821454,0.0,-25442.868183585862,-77293.57071399664,-77293.55666826695,-44583.67635645706,-25442.868183585862,19140.808172871195,19140.808172871188,-27939.497084566578,36251.5,nan,nan,1.5000000000000002,10.0,0.0,0.0,10.0,0.85,CORE,MAIN,1.1941645134002934,0.2517197978505247,0.6,0.174,-44583.67635645706,STRUCTURAL,-0.9076233090805501,-183607.82080494933,26400.0,0,0,0,0,0,0,0,inf,inf,NA,1,5,5,5,23,6,0,0,CONTINUE,0,A,1,1,0,KEEP_STRUCTURAL_IN_ON_CUT,2,3,0,0,"tail_cont_enabled=1 tail_active_dims=(1,) tail_delta=0.1 tail_start=(6, 6, 6) returned_y=(2, 0, 6) returned_b=(0, 0, 1) returned_u=(0, 0, 0) returned_zcap=(2, 0, 6) max_tail_u=0",NA
120,P1_no_rho,214,1374.1294417999452,5.595026399940252,5.128637199988589,0.1580142000457272,0.01,43453.3218775467,43453.3218775467,-69516.0103330139,-52570.61050142981,0.0,-25442.868183585862,-67399.45467152746,-67399.44209600287,-44583.67635645706,-25442.868183585862,19140.808172871195,19140.808172871188,-24103.432746427618,33978.5,nan,nan,1.5000000000000002,10.0,0.0,0.0,10.0,0.85,CORE,MAIN,1.1944126766545229,0.26130715336392796,0.6,0.174,-44583.67635645706,STRUCTURAL,-0.8494785300425317,-183607.82080494933,26400.0,0,0,0,0,0,0,0,inf,inf,NA,1,5,5,5,23,6,0,0,CONTINUE,0,A,1,1,0,KEEP_STRUCTURAL_IN_ON_CUT,2,3,0,0,"tail_cont_enabled=1 tail_active_dims=(1,) tail_delta=0.1 tail_start=(6, 6, 6) returned_y=(0, 6, 1) returned_b=(0, 1, 0) returned_u=(0, 0.1, 0) returned_zcap=(0, 6.1, 1) max_tail_u=0.1",NA
120,P1_no_rho,215,1383.5681639999384,5.595026399940252,9.438208399922587,0.156791300047189,0.01,26972.76761879329,26972.76761879329,-69516.0103330139,-55042.69364024282,0.0,-25442.868183585862,-63160.622890149854,-63160.61102235195,-44583.67635645706,-25442.868183585862,19140.808172871195,19140.808172871188,-21808.89569766143,32444.5,nan,nan,1.5000000000000002,10.0,0.0,0.0,10.0,0.85,CORE,MAIN,1.1973690407055066,0.27437477747475636,0.6,0.174,-44583.67635645706,STRUCTURAL,-0.8496913256934254,-183607.82080494933,26400.0,0,0,0,0,0,0,0,inf,inf,NA,1,5,5,5,23,6,0,0,CONTINUE,0,A,1,1,0,KEEP_STRUCTURAL_IN_ON_CUT,2,3,0,0,"tail_cont_enabled=1 tail_active_dims=(1,) tail_delta=0.1 tail_start=(6, 6, 6) returned_y=(0, 6, 1) returned_b=(0, 1, 0) returned_u=(0, 0.1, 0) returned_zcap=(0, 6.1, 1) max_tail_u=0.1",NA
120,P1_no_rho,216,1388.8534260999877,5.595026399940252,5.2846087999641895,0.16243859997484833,0.01,49783.99528895733,49783.99528895733,-69516.0103330139,-51621.00948971821,0.0,-25442.868183585862,-67180.65554097945,-67180.64295587406,-44583.67635645706,-25442.868183585862,19140.808172871195,19140.808172871188,-24067.149873263632,34141.0,nan,nan,1.5000000000000002,10.0,0.0,0.0,10.0,0.85,CORE,MAIN,1.199843445979726,0.2627507694381037,0.6,0.174,-44583.67635645706,STRUCTURAL,-0.8418713195788138,-183607.82080494933,26400.0,0,0,0,0,0,0,0,inf,inf,NA,1,5,5,5,23,6,0,0,CONTINUE,0,A,1,1,0,KEEP_STRUCTURAL_IN_ON_CUT,2,3,0,0,"tail_cont_enabled=1 tail_active_dims=(1,) tail_delta=0.1 tail_start=(6, 6, 6) returned_y=(0, 6, 1) returned_b=(0, 1, 0) returned_u=(0, 0.1, 0) returned_zcap=(0, 6.1, 1) max_tail_u=0.1",NA
120,P1_no_rho,217,1394.4673780000303,5.595026399940252,5.613126000040211,0.16144150006584823,0.01,43401.638845276815,43401.638845276815,-69516.0103330139,-52578.36295627029,0.0,-25442.868183585862,-72704.29030170616,-72704.27684014908,-44583.67635645706,-25442.868183585862,19140.808172871195,19140.808172871188,-27982.163391052694,35341.0,nan,nan,1.5000000000000002,10.0,0.0,0.0,10.0,0.85,CORE,MAIN,1.2008076494582558,0.2522783171287374,0.6,0.174,-44583.67635645706,STRUCTURAL,-0.8436304094224156,-183607.82080494933,26400.0,0,0,0,0,0,0,0,inf,inf,NA,1,5,5,5,23,6,0,0,CONTINUE,0,A,1,1,0,KEEP_STRUCTURAL_IN_ON_CUT,2,3,0,0,"tail_cont_enabled=1 tail_active_dims=(1,) tail_delta=0.1 tail_start=(6, 6, 6) returned_y=(0, 6, 1) returned_b=(0, 1, 0) returned_u=(0, 0.1, 0) returned_zcap=(0, 6.1, 1) max_tail_u=0.1",NA
120,P1_no_rho,218,1398.434278999921,5.595026399940252,3.966246399912052,0.15912820002995431,0.01,56488.9618348092,56488.9618348092,-69516.0103330139,-50615.26450784043,0.0,-25442.868183585862,-76932.2847294413,-76932.2711376742,-44583.67635645706,-25442.868183585862,19140.808172871195,19140.808172871188,-26597.65729064951,37165.0,nan,nan,1.5000000000000002,10.0,0.0,0.0,10.0,0.85,CORE,MAIN,1.2002892446244071,0.2508791818956895,0.6,0.174,-44583.67635645706,STRUCTURAL,-0.9029035175931593,-183607.82080494933,26400.0,0,0,0,0,0,0,0,inf,inf,NA,1,5,5,5,23,6,0,0,CONTINUE,0,A,1,1,0,KEEP_STRUCTURAL_IN_ON_CUT,2,3,0,0,"tail_cont_enabled=1 tail_active_dims=(1,) tail_delta=0.1 tail_start=(6, 6, 6) returned_y=(2, 0, 6) returned_b=(0, 0, 1) returned_u=(0, 0, 0) returned_zcap=(2, 0, 6) max_tail_u=0",NA
120,P1_no_rho,219,1404.391586599988,5.595026399940252,5.956841100007296,0.14681140007451177,0.01,58248.970263289484,58248.970263289484,-69516.0103330139,-50351.26324356839,0.0,-25442.868183585862,-83940.33087609448,-83940.31621960955,-44583.67635645706,-25442.868183585862,19140.808172871195,19140.808172871188,-30932.731123618712,39625.5,nan,nan,1.5000000000000002,10.0,0.0,0.0,10.0,0.85,CORE,MAIN,1.1977055617897898,0.23894191432389256,0.6,0.174,-44583.67635645706,STRUCTURAL,-0.8918093163239295,-183607.82080494933,26400.0,0,0,0,0,0,0,0,inf,inf,NA,1,5,5,5,23,6,0,0,CONTINUE,0,A,1,1,0,KEEP_STRUCTURAL_IN_ON_CUT,2,3,0,0,"tail_cont_enabled=1 tail_active_dims=(1,) tail_delta=0.1 tail_start=(6, 6, 6) returned_y=(2, 0, 6) returned_b=(0, 0, 1) returned_u=(0, 0, 0) returned_zcap=(2, 0, 6) max_tail_u=0",NA
120,P1_no_rho,220,1415.8337791999802,5.595026399940252,11.44161650002934,0.1521370999980718,0.01,67613.56146422566,67613.56146422566,-69516.0103330139,-48946.57456342796,0.0,-25442.868183585862,-80950.09107274371,-80950.07673174153,-44583.67635645706,-25442.868183585862,19140.808172871195,19140.808172871188,-29130.34145575244,37894.0,nan,nan,1.5000000000000002,10.0,0.0,0.0,10.0,0.85,CORE,MAIN,1.1944883144686598,0.24931033434705696,0.6,0.174,-44583.67635645706,STRUCTURAL,-0.9116612177123746,-183607.82080494933,26400.0,0,0,0,0,0,0,0,inf,inf,NA,1,5,5,5,23,6,0,0,CONTINUE,0,A,1,1,0,KEEP_STRUCTURAL_IN_ON_CUT,2,3,0,0,"tail_cont_enabled=1 tail_active_dims=(1,) tail_delta=0.1 tail_start=(6, 6, 6) returned_y=(2, 0, 6) returned_b=(0, 0, 1) returned_u=(0, 0, 0) returned_zcap=(2, 0, 6) max_tail_u=0",NA
120,P1_no_rho,221,1420.0218448999804,5.595026399940252,4.187398400041275,0.14612539997324347,0.01,45218.26891317701,45218.26891317701,-69516.0103330139,-52305.86844608526,0.0,-25442.868183585862,-71792.70033456082,-71792.68728944744,-44583.67635645706,-25442.868183585862,19140.808172871195,19140.808172871188,-25542.990402653042,36644.5,nan,nan,1.5000000000000002,10.0,0.0,0.0,10.0,0.85,CORE,MAIN,1.1965060520558866,0.2661442232305852,0.6,0.174,-44583.67635645706,STRUCTURAL,-0.8414122517120693,-183607.82080494933,26400.0,0,0,0,0,0,0,0,inf,inf,NA,1,5,5,5,23,6,0,0,CONTINUE,0,A,1,1,0,KEEP_STRUCTURAL_IN_ON_CUT,2,3,0,0,"tail_cont_enabled=1 tail_active_dims=(1,) tail_delta=0.1 tail_start=(6, 6, 6) returned_y=(1, 6, 0) returned_b=(0, 1, 0) returned_u=(0, 0.1, 0) returned_zcap=(1, 6.1, 0) max_tail_u=0.1",NA
120,P1_no_rho,222,1425.3995360999834,5.595026399940252,5.377040000050329,0.15626820002216846,0.01,48743.90920223307,48743.90920223307,-69516.0103330139,-51777.02240272685,0.0,-25442.868183585862,-57759.21459465347,-57759.2035829674,-44583.67635645706,-25442.868183585862,19140.808172871195,19140.808172871188,-19097.848432321036,31106.5,nan,nan,1.5000000000000002,10.0,0.0,0.0,10.0,0.85,CORE,MAIN,1.193571633151074,0.29402055131308236,0.6,0.174,-44583.67635645706,STRUCTURAL,-0.8285804178257784,-183607.82080494933,26400.0,0,0,0,0,0,0,0,inf,inf,NA,1,5,5,5,23,6,0,0,CONTINUE,0,A,1,1,0,KEEP_STRUCTURAL_IN_ON_CUT,2,3,0,0,"tail_cont_enabled=1 tail_active_dims=(1,) tail_delta=0.1 tail_start=(6, 6, 6) returned_y=(0, 6, 1) returned_b=(0, 1, 0) returned_u=(0, 0.1, 0) returned_zcap=(0, 6.1, 1) max_tail_u=0.1",NA
120,P1_no_rho,223,1430.9233123000013,5.595026399940252,5.523373199976049,0.15490779990796,0.01,40970.761254212266,40970.761254212266,-69516.0103330139,-52942.99459492997,0.0,-25442.868183585862,-65780.82194258424,-65780.8096229986,-44583.67635645706,-25442.868183585862,19140.808172871195,19140.808172871188,-23862.142536763215,33688.0,nan,nan,1.5000000000000002,10.0,0.0,0.0,10.0,0.85,CORE,MAIN,1.192457313591813,0.2664510757306705,0.6,0.174,-44583.67635645706,STRUCTURAL,-0.8295469620485111,-183607.82080494933,26400.0,0,0,0,0,0,0,0,inf,inf,NA,1,5,5,5,23,6,0,0,CONTINUE,0,A,1,1,0,KEEP_STRUCTURAL_IN_ON_CUT,2,3,0,0,"tail_cont_enabled=1 tail_active_dims=(1,) tail_delta=0.1 tail_start=(6, 6, 6) returned_y=(0, 6, 1) returned_b=(0, 1, 0) returned_u=(0, 0.1, 0) returned_zcap=(0, 6.1, 1) max_tail_u=0.1",NA
120,P1_no_rho,224,1435.163452400011,5.595026399940252,4.239555299980566,0.16270049999002367,0.01,30727.987347392653,30727.987347392653,-69516.0103330139,-54479.41068095291,0.0,-25442.868183585862,-71169.24389699833,-71169.23068605186,-44583.67635645706,-25442.868183585862,19140.808172871195,19140.808172871188,-27454.73964827585,34994.5,nan,nan,1.5000000000000002,10.0,0.0,0.0,10.0,0.85,CORE,MAIN,1.1913159656192822,0.25077630701015574,0.6,0.174,-44583.67635645706,STRUCTURAL,-0.8327878388084986,-183607.82080494933,26400.0,0,0,0,0,0,0,0,inf,inf,NA,1,5,5,5,23,6,0,0,CONTINUE,0,A,1,1,0,KEEP_STRUCTURAL_IN_ON_CUT,2,3,0,0,"tail_cont_enabled=1 tail_active_dims=(1,) tail_delta=0.1 tail_start=(6, 6, 6) returned_y=(0, 6, 1) returned_b=(0, 1, 0) returned_u=(0, 0.1, 0) returned_zcap=(0, 6.1, 1) max_tail_u=0.1",NA
120,P1_no_rho,225,1445.6341901000123,5.595026399940252,10.470166700077243,0.1570130999898538,0.01,60403.265242614434,60403.265242614434,-69516.0103330139,-50028.11899666965,0.0,-25442.868183585862,-80913.97192783296,-80913.95782185171,-44583.67635645706,-25442.868183585862,19140.808172871195,19140.808172871188,-28066.557162499048,38644.5,nan,nan,1.5000000000000002,10.0,0.0,0.0,10.0,0.85,CORE,MAIN,1.1885588354889893,0.23722610676936184,0.6,0.174,-44583.67635645706,STRUCTURAL,-0.9116847271815766,-183607.82080494933,26400.0,0,0,0,0,0,0,0,inf,inf,NA,1,5,5,5,23,6,0,0,CONTINUE,0,A,1,1,0,KEEP_STRUCTURAL_IN_ON_CUT,2,3,0,0,"tail_cont_enabled=1 tail_active_dims=(1,) tail_delta=0.1 tail_start=(6, 6, 6) returned_y=(2, 0, 6) returned_b=(0, 0, 1) returned_u=(0, 0, 0) returned_zcap=(2, 0, 6) max_tail_u=0",NA
120,P1_no_rho,226,1451.907474000007,5.595026399940252,6.272395799984224,0.15099049999844283,0.01,58480.32348940974,58480.32348940974,-69516.0103330139,-50316.56025965035,0.0,-25442.868183585862,-89821.0378099355,-89821.02237702938,-44583.67635645706,-25442.868183585862,19140.808172871195,19140.808172871188,-33248.727228990676,40961.5,nan,nan,1.5000000000000002,10.0,0.0,0.0,10.0,0.85,CORE,MAIN,1.1834836452706963,0.22655360611439213,0.6,0.174,-44583.67635645706,STRUCTURAL,-0.9207393145276852,-183607.82080494933,26400.0,0,0,0,0,0,0,0,inf,inf,NA,1,5,5,5,23,6,0,0,CONTINUE,0,A,1,1,0,KEEP_STRUCTURAL_IN_ON_CUT,2,3,0,0,"tail_cont_enabled=1 tail_active_dims=(1,) tail_delta=0.1 tail_start=(6, 6, 6) returned_y=(2, 0, 6) returned_b=(0, 0, 1) returned_u=(0, 0, 0) returned_zcap=(2, 0, 6) max_tail_u=0",NA
120,P1_no_rho,227,1457.9303671999369,5.595026399940252,6.0224244999699295,0.1486153999576345,0.01,70641.12726313753,70641.12726313753,-69516.0103330139,-48492.43969359118,0.0,-25442.868183585862,-80750.28673983976,-80750.2725755842,-44583.67635645706,-25442.868183585862,19140.808172871195,19140.808172871188,-28515.822132686768,38143.0,nan,nan,1.5000000000000002,10.0,0.0,0.0,10.0,0.85,CORE,MAIN,1.1793453219434822,0.24769311084370416,0.6,0.174,-44583.67635645706,STRUCTURAL,-0.9129582613305616,-183607.82080494933,26400.0,0,0,0,0,0,0,0,inf,inf,NA,1,5,5,5,23,6,0,0,CONTINUE,0,A,1,1,0,KEEP_STRUCTURAL_IN_ON_CUT,2,3,0,0,"tail_cont_enabled=1 tail_active_dims=(1,) tail_delta=0.1 tail_start=(6, 6, 6) returned_y=(2, 0, 6) returned_b=(0, 0, 1) returned_u=(0, 0, 0) returned_zcap=(2, 0, 6) max_tail_u=0",NA
120,P1_no_rho,228,1461.9136766999727,5.595026399940252,3.982621100032702,0.15388260001782328,0.01,31530.567376711115,31530.567376711115,-69516.0103330139,-54359.023676555145,0.0,-25442.868183585862,-66795.37051506141,-66795.35791979202,-44583.67635645706,-25442.868183585862,19140.808172871195,19140.808172871188,-24272.93833456249,32534.0,nan,nan,1.5000000000000002,10.0,0.0,0.0,10.0,0.85,CORE,MAIN,1.186104086797959,0.2461327011215052,0.6,0.174,-44583.67635645706,STRUCTURAL,-0.8713432016808986,-183607.82080494933,26400.0,0,0,0,0,0,0,0,inf,inf,NA,1,5,5,5,23,6,0,0,CONTINUE,0,A,1,1,0,KEEP_STRUCTURAL_IN_ON_CUT,2,3,0,0,"tail_cont_enabled=1 tail_active_dims=(1,) tail_delta=0.1 tail_start=(6, 6, 6) returned_y=(2, 0, 6) returned_b=(0, 0, 1) returned_u=(0, 0, 0) returned_zcap=(2, 0, 6) max_tail_u=0",NA
120,P1_no_rho,229,1467.1753770000068,5.595026399940252,5.26117409998551,0.16520259995013475,0.01,62253.53533778022,62253.53533778022,-69516.0103330139,-49750.578482394776,0.0,-25442.868183585862,-59474.96479323585,-59474.95356873701,-44583.67635645706,-25442.868183585862,19140.808172871195,19140.808172871188,-19985.281446350436,31861.0,nan,nan,1.5000000000000002,10.0,0.0,0.0,10.0,0.85,CORE,MAIN,1.188209033993865,0.2852513792702438,0.6,0.174,-44583.67635645706,STRUCTURAL,-0.8262907027899641,-183607.82080494933,26400.0,0,0,0,0,0,0,0,inf,inf,NA,1,5,5,5,23,6,0,0,CONTINUE,0,A,1,1,0,KEEP_STRUCTURAL_IN_ON_CUT,2,3,0,0,"tail_cont_enabled=1 tail_active_dims=(1,) tail_delta=0.1 tail_start=(6, 6, 6) returned_y=(0, 6, 1) returned_b=(0, 1, 0) returned_u=(0, 0.1, 0) returned_zcap=(0, 6.1, 1) max_tail_u=0.1",NA
120,P1_no_rho,230,1478.0177865999285,5.595026399940252,10.841892199940048,0.15803420008160174,0.01,44996.21724887798,44996.21724887798,-69516.0103330139,-52339.17619573011,0.0,-25442.868183585862,-73642.59436870128,-73642.58136661878,-44583.67635645706,-25442.868183585862,19140.808172871195,19140.808172871188,-26178.171200111334,37055.0,nan,nan,1.5000000000000002,10.0,0.0,0.0,10.0,0.85,CORE,MAIN,1.188261319027712,0.2520622408853219,0.6,0.174,-44583.67635645706,STRUCTURAL,-0.8539452195656442,-183607.82080494933,26400.0,0,0,0,0,0,0,0,inf,inf,NA,1,5,5,5,23,6,0,0,CONTINUE,0,A,1,1,0,KEEP_STRUCTURAL_IN_ON_CUT,2,3,0,0,"tail_cont_enabled=1 tail_active_dims=(1,) tail_delta=0.1 tail_start=(6, 6, 6) returned_y=(0, 6, 1) returned_b=(0, 1, 0) returned_u=(0, 0.1, 0) returned_zcap=(0, 6.1, 1) max_tail_u=0.1",NA
120,P1_no_rho,231,1482.4826343000168,5.595026399940252,4.464244800037704,0.1529077000450343,0.01,35972.57932204493,35972.57932204493,-69516.0103330139,-53692.721884755076,0.0,-25442.868183585862,-71364.00702544047,-71363.99392786235,-44583.67635645706,-25442.868183585862,19140.808172871195,19140.808172871188,-27542.511061294437,35050.0,nan,nan,1.5000000000000002,10.0,0.0,0.0,10.0,0.85,CORE,MAIN,1.1887953278377212,0.2601325301310372,0.6,0.174,-44583.67635645706,STRUCTURAL,-0.833504191470621,-183607.82080494933,26400.0,0,0,0,0,0,0,0,inf,inf,NA,1,5,5,5,23,6,0,0,CONTINUE,0,A,1,1,0,KEEP_STRUCTURAL_IN_ON_CUT,2,3,0,0,"tail_cont_enabled=1 tail_active_dims=(1,) tail_delta=0.1 tail_start=(6, 6, 6) returned_y=(0, 6, 1) returned_b=(0, 1, 0) returned_u=(0, 0.1, 0) returned_zcap=(0, 6.1, 1) max_tail_u=0.1",NA
120,P1_no_rho,232,1487.7940231999382,5.595026399940252,5.310988900018856,0.15001990005839616,0.01,40204.22748611965,40204.22748611965,-69516.0103330139,-53057.97466014387,0.0,-25442.868183585862,-84249.11753475208,-84249.10246906943,-44583.67635645706,-25442.868183585862,19140.808172871195,19140.808172871188,-32160.091800198858,38861.5,nan,nan,1.5000000000000002,10.0,0.0,0.0,10.0,0.85,CORE,MAIN,1.1870689997079342,0.2337548021915017,0.6,0.174,-44583.67635645706,STRUCTURAL,-0.89358380691894,-183607.82080494933,26400.0,0,0,0,0,0,0,0,inf,inf,NA,1,5,5,5,23,6,0,0,CONTINUE,0,A,1,1,0,KEEP_STRUCTURAL_IN_ON_CUT,2,3,0,0,"tail_cont_enabled=1 tail_active_dims=(1,) tail_delta=0.1 tail_start=(6, 6, 6) returned_y=(2, 0, 6) returned_b=(0, 0, 1) returned_u=(0, 0, 0) returned_zcap=(2, 0, 6) max_tail_u=0",NA
120,P1_no_rho,233,1493.7368512999965,5.595026399940252,5.942198200034909,0.1577095000538975,0.01,35988.49539148018,35988.49539148018,-69516.0103330139,-53690.33447433978,0.0,-25442.868183585862,-74577.40660499941,-74577.39367730328,-44583.67635645706,-25442.868183585862,19140.808172871195,19140.808172871188,-25439.426857520844,36196.5,nan,nan,1.5000000000000002,10.0,0.0,0.0,10.0,0.85,CORE,MAIN,1.18656794566743,0.2522040426039541,0.6,0.174,-44583.67635645706,STRUCTURAL,-0.9050224343934256,-183607.82080494933,26400.0,0,0,0,0,0,0,0,inf,inf,NA,1,5,5,5,23,6,0,0,CONTINUE,0,A,1,1,0,KEEP_STRUCTURAL_IN_ON_CUT,2,3,0,0,"tail_cont_enabled=1 tail_active_dims=(1,) tail_delta=0.1 tail_start=(6, 6, 6) returned_y=(2, 0, 6) returned_b=(0, 0, 1) returned_u=(0, 0, 0) returned_zcap=(2, 0, 6) max_tail_u=0",NA
120,P1_no_rho,234,1499.7651137999492,5.595026399940252,6.026469499920495,0.1459809000371024,0.01,44109.80647535089,44109.80647535089,-69516.0103330139,-52472.13781175918,0.0,-25442.868183585862,-78806.84855291621,-78806.8345199815,-44583.67635645706,-25442.868183585862,19140.808172871195,19140.808172871188,-28977.507637369534,37041.5,nan,nan,1.5000000000000002,10.0,0.0,0.0,10.0,0.85,CORE,MAIN,1.1846706944563397,0.2478782719807443,0.6,0.174,-44583.67635645706,STRUCTURAL,-0.896819817099055,-183607.82080494933,26400.0,0,0,0,0,0,0,0,inf,inf,NA,1,5,5,5,23,6,0,0,CONTINUE,0,A,1,1,0,KEEP_STRUCTURAL_IN_ON_CUT,2,3,0,0,"tail_cont_enabled=1 tail_active_dims=(1,) tail_delta=0.1 tail_start=(6, 6, 6) returned_y=(2, 0, 6) returned_b=(0, 0, 1) returned_u=(0, 0, 0) returned_zcap=(2, 0, 6) max_tail_u=0",NA
120,P1_no_rho,235,1509.0887409999268,5.595026399940252,9.322954899980687,0.1524284000042826,0.01,69420.64230338,69420.64230338,-69516.0103330139,-48675.51243755481,0.0,-25442.868183585862,-72505.64607728797,-72505.63281840153,-44583.67635645706,-25442.868183585862,19140.808172871195,19140.808172871188,-26342.570470582963,34857.0,nan,nan,1.5000000000000002,10.0,0.0,0.0,10.0,0.85,CORE,MAIN,1.1935335093546895,0.25963565733038074,0.6,0.174,-44583.67635645706,STRUCTURAL,-0.8829037180063029,-183607.82080494933,26400.0,0,0,0,0,0,0,0,inf,inf,NA,1,5,5,5,23,6,0,0,CONTINUE,0,A,1,1,0,KEEP_STRUCTURAL_IN_ON_CUT,2,3,0,0,"tail_cont_enabled=1 tail_active_dims=(1,) tail_delta=0.1 tail_start=(6, 6, 6) returned_y=(2, 0, 6) returned_b=(0, 0, 1) returned_u=(0, 0, 0) returned_zcap=(2, 0, 6) max_tail_u=0",NA
120,P1_no_rho,236,1514.5163161000237,5.595026399940252,5.427041100105271,0.15981250000186265,0.01,60891.0895630846,60891.0895630846,-69516.0103330139,-49954.945348599125,0.0,-25442.868183585862,-66370.72200242619,-66370.7098958274,-44583.67635645706,-25442.868183585862,19140.808172871195,19140.808172871188,-22538.938970488118,34177.0,nan,nan,1.5000000000000002,10.0,0.0,0.0,10.0,0.85,CORE,MAIN,1.1974414484298475,0.28215997196762277,0.6,0.174,-44583.67635645706,STRUCTURAL,-0.854995482836201,-183607.82080494933,26400.0,0,0,0,0,0,0,0,inf,inf,NA,1,5,5,5,23,6,0,0,CONTINUE,0,A,1,1,0,KEEP_STRUCTURAL_IN_ON_CUT,2,3,0,0,"tail_cont_enabled=1 tail_active_dims=(1,) tail_delta=0.1 tail_start=(6, 6, 6) returned_y=(0, 6, 1) returned_b=(0, 1, 0) returned_u=(0, 0.1, 0) returned_zcap=(0, 6.1, 1) max_tail_u=0.1",NA
120,P1_no_rho,237,1520.039592099958,5.595026399940252,5.522737600025721,0.14784220000728965,0.01,41624.51337810474,41624.51337810474,-69516.0103330139,-52844.9317763461,0.0,-25442.868183585862,-73561.35478666241,-73561.34218110147,-44583.67635645706,-25442.868183585862,19140.808172871195,19140.808172871188,-24529.911112457885,37775.5,nan,nan,1.5000000000000002,10.0,0.0,0.0,10.0,0.85,CORE,MAIN,1.1994503571757484,0.2572438488944845,0.6,0.174,-44583.67635645706,STRUCTURAL,-0.8653127215372146,-183607.82080494933,26400.0,0,0,0,0,0,0,0,inf,inf,NA,1,5,5,5,23,6,0,0,CONTINUE,0,A,1,1,0,KEEP_STRUCTURAL_IN_ON_CUT,2,3,0,0,"tail_cont_enabled=1 tail_active_dims=(1,) tail_delta=0.1 tail_start=(6, 6, 6) returned_y=(1, 6, 0) returned_b=(0, 1, 0) returned_u=(0, 0.1, 0) returned_zcap=(1, 6.1, 0) max_tail_u=0.1",NA
120,P1_no_rho,238,1524.147620499949,5.595026399940252,4.107522499980405,0.160631199949421,0.01,39310.50522678006,39310.50522678006,-69516.0103330139,-53192.0329990448,0.0,-25442.868183585862,-77559.71027792395,-77559.69671268124,-44583.67635645706,-25442.868183585862,19140.808172871195,19140.808172871188,-29183.557730877084,38708.0,nan,nan,1.5000000000000002,10.0,0.0,0.0,10.0,0.85,CORE,MAIN,1.2002796966298792,0.25048745573957754,0.6,0.174,-44583.67635645706,STRUCTURAL,-0.8331807202956175,-183607.82080494933,26400.0,0,0,0,0,0,0,0,inf,inf,NA,1,5,5,5,23,6,0,0,CONTINUE,0,A,1,1,0,KEEP_STRUCTURAL_IN_ON_CUT,2,3,0,0,"tail_cont_enabled=1 tail_active_dims=(1,) tail_delta=0.1 tail_start=(6, 6, 6) returned_y=(1, 6, 0) returned_b=(0, 1, 0) returned_u=(0, 0.1, 0) returned_zcap=(1, 6.1, 0) max_tail_u=0.1",NA
120,P1_no_rho,239,1530.1681816999335,5.595026399940252,6.020171499927528,0.15748709999024868,0.01,20613.958607687433,20613.958607687433,-69516.0103330139,-55996.5149919087,0.0,-25442.868183585862,-58978.962921391496,-58978.95189797465,-44583.67635645706,-25442.868183585862,19140.808172871195,19140.808172871188,-20211.244772092887,31016.0,nan,nan,1.5000000000000002,10.0,0.0,0.0,10.0,0.85,CORE,MAIN,1.1983844081995918,0.2695053367758521,0.6,0.174,-44583.67635645706,STRUCTURAL,-0.8332840496492513,-183607.82080494933,26400.0,0,0,0,0,0,0,0,inf,inf,NA,1,5,5,5,23,6,0,0,CONTINUE,0,A,1,1,0,KEEP_STRUCTURAL_IN_ON_CUT,2,3,0,0,"tail_cont_enabled=1 tail_active_dims=(1,) tail_delta=0.1 tail_start=(6, 6, 6) returned_y=(2, 0, 6) returned_b=(0, 0, 1) returned_u=(0, 0, 0) returned_zcap=(2, 0, 6) max_tail_u=0",NA
120,P1_no_rho,240,1540.8993421000196,5.595026399940252,10.730598599999212,0.1503869000589475,0.01,50955.562901894235,50955.562901894235,-69516.0103330139,-51445.274347777675,0.0,-25442.868183585862,-85228.4599202018,-85228.44505993494,-44583.67635645706,-25442.868183585862,19140.808172871195,19140.808172871188,-32591.951408672103,38807.5,nan,nan,1.5000000000000002,10.0,0.0,0.0,10.0,0.85,CORE,MAIN,1.1935385027049894,0.23317335613940904,0.6,0.174,-44583.67635645706,STRUCTURAL,-0.9042323202347111,-183607.82080494933,26400.0,0,0,0,0,0,0,0,inf,inf,NA,1,5,5,5,23,6,0,0,CONTINUE,0,A,1,1,0,KEEP_STRUCTURAL_IN_ON_CUT,2,3,0,0,"tail_cont_enabled=1 tail_active_dims=(1,) tail_delta=0.1 tail_start=(6, 6, 6) returned_y=(2, 0, 6) returned_b=(0, 0, 1) returned_u=(0, 0, 0) returned_zcap=(2, 0, 6) max_tail_u=0",NA
120,P1_no_rho,241,1547.1924917999422,5.595026399940252,6.292849399964325,0.1476492000510916,0.01,44256.87949395071,44256.87949395071,-69516.0103330139,-52450.0768589692,0.0,-25442.868183585862,-78231.99010461273,-78231.97610148287,-44583.67635645706,-25442.868183585862,19140.808172871195,19140.808172871188,-28410.31697162567,36818.0,nan,nan,1.5000000000000002,10.0,0.0,0.0,10.0,0.85,CORE,MAIN,1.1893538978144058,0.24963006904843432,0.6,0.174,-44583.67635645706,STRUCTURAL,-0.9021250317753489,-183607.82080494933,26400.0,0,0,0,0,0,0,0,inf,inf,NA,1,5,5,5,23,6,0,0,CONTINUE,0,A,1,1,0,KEEP_STRUCTURAL_IN_ON_CUT,2,3,0,0,"tail_cont_enabled=1 tail_active_dims=(1,) tail_delta=0.1 tail_start=(6, 6, 6) returned_y=(2, 0, 6) returned_b=(0, 0, 1) returned_u=(0, 0, 0) returned_zcap=(2, 0, 6) max_tail_u=0",NA
120,P1_no_rho,242,1551.5532875999343,5.595026399940252,4.360414099995978,0.1586742999497801,0.01,46260.876896959184,46260.876896959184,-69516.0103330139,-52149.477248517935,0.0,-25442.868183585862,-75207.96165603494,-75207.94803501615,-44583.67635645706,-25442.868183585862,19140.808172871195,19140.808172871188,-28279.665576030402,35422.5,nan,nan,1.5000000000000002,10.0,0.0,0.0,10.0,0.85,CORE,MAIN,1.1861240326124116,0.2568934521649078,0.6,0.174,-44583.67635645706,STRUCTURAL,-0.8832104351562942,-183607.82080494933,26400.0,0,0,0,0,0,0,0,inf,inf,NA,1,5,5,5,23,6,0,0,CONTINUE,0,A,1,1,0,KEEP_STRUCTURAL_IN_ON_CUT,2,3,0,0,"tail_cont_enabled=1 tail_active_dims=(1,) tail_delta=0.1 tail_start=(6, 6, 6) returned_y=(2, 0, 6) returned_b=(0, 0, 1) returned_u=(0, 0, 0) returned_zcap=(2, 0, 6) max_tail_u=0",NA
120,P1_no_rho,243,1557.6290382000152,5.595026399940252,6.075165500049479,0.16129800002090633,0.01,49879.35208608508,49879.35208608508,-69516.0103330139,-51606.70597014905,0.0,-25442.868183585862,-69913.26147481921,-69913.24907408717,-44583.67635645706,-25442.868183585862,19140.808172871195,19140.808172871188,-23506.423980566382,36093.5,nan,nan,1.5000000000000002,10.0,0.0,0.0,10.0,0.85,CORE,MAIN,1.1853760711221804,0.264477411429075,0.6,0.174,-44583.67635645706,STRUCTURAL,-0.8571594163957641,-183607.82080494933,26400.0,0,0,0,0,0,0,0,inf,inf,NA,1,5,5,5,23,6,0,0,CONTINUE,0,A,1,1,0,KEEP_STRUCTURAL_IN_ON_CUT,2,3,0,0,"tail_cont_enabled=1 tail_active_dims=(1,) tail_delta=0.1 tail_start=(6, 6, 6) returned_y=(1, 6, 0) returned_b=(0, 1, 0) returned_u=(0, 0.1, 0) returned_zcap=(1, 6.1, 0) max_tail_u=0.1",NA
120,P1_no_rho,244,1562.9535295999376,5.595026399940252,5.32400989998132,0.1529053000267595,0.01,42614.64693078651,42614.64693078651,-69516.0103330139,-52696.41174344384,0.0,-25442.868183585862,-82019.78019594462,-82019.76640066957,-44583.67635645706,-25442.868183585862,19140.808172871195,19140.808172871188,-27998.862797401227,40762.0,nan,nan,1.5000000000000002,10.0,0.0,0.0,10.0,0.85,CORE,MAIN,1.1829560149107716,0.23909455290683224,0.6,0.174,-44583.67635645706,STRUCTURAL,-0.8835173871623627,-183607.82080494933,26400.0,0,0,0,0,0,0,0,inf,inf,NA,1,5,5,5,23,6,0,0,CONTINUE,0,A,1,1,0,KEEP_STRUCTURAL_IN_ON_CUT,2,3,0,0,"tail_cont_enabled=1 tail_active_dims=(1,) tail_delta=0.1 tail_start=(6, 6, 6) returned_y=(1, 6, 0) returned_b=(0, 1, 0) returned_u=(0, 0.1, 0) returned_zcap=(1, 6.1, 0) max_tail_u=0.1",NA
120,P1_no_rho,245,1573.9606345000211,5.595026399940252,11.006523600080982,0.16080610000062734,0.01,34231.063341428446,34231.063341428446,-69516.0103330139,-53953.94928184754,0.0,-25442.868183585862,-75653.15696842833,-75653.14397628518,-44583.67635645706,-25442.868183585862,19140.808172871195,19140.808172871188,-26593.90784779745,38243.0,nan,nan,1.5000000000000002,10.0,0.0,0.0,10.0,0.85,CORE,MAIN,1.1902709041916897,0.26671814481096157,0.6,0.174,-44583.67635645706,STRUCTURAL,-0.855219449807594,-183607.82080494933,26400.0,0,0,0,0,0,0,0,inf,inf,NA,1,5,5,5,23,6,0,0,CONTINUE,0,A,1,1,0,KEEP_STRUCTURAL_IN_ON_CUT,2,3,0,0,"tail_cont_enabled=1 tail_active_dims=(1,) tail_delta=0.1 tail_start=(6, 6, 6) returned_y=(1, 6, 0) returned_b=(0, 1, 0) returned_u=(0, 0.1, 0) returned_zcap=(1, 6.1, 0) max_tail_u=0.1",NA
120,P1_no_rho,246,1577.9057022000197,5.595026399940252,3.9444775000447407,0.16341309994459152,0.01,65661.05261477793,65661.05261477793,-69516.0103330139,-49239.450890845124,0.0,-25442.868183585862,-69328.17338156626,-69328.16094932976,-44583.67635645706,-25442.868183585862,19140.808172871195,19140.808172871188,-24998.634068386633,35168.0,nan,nan,1.5000000000000002,10.0,0.0,0.0,10.0,0.85,CORE,MAIN,1.196718492365767,0.2654393326861617,0.6,0.174,-44583.67635645706,STRUCTURAL,-0.8403383166693801,-183607.82080494933,26400.0,0,0,0,0,0,0,0,inf,inf,NA,1,5,5,5,23,6,0,0,CONTINUE,0,A,1,1,0,KEEP_STRUCTURAL_IN_ON_CUT,2,3,0,0,"tail_cont_enabled=1 tail_active_dims=(1,) tail_delta=0.1 tail_start=(6, 6, 6) returned_y=(2, 0, 6) returned_b=(0, 0, 1) returned_u=(0, 0, 0) returned_zcap=(2, 0, 6) max_tail_u=0",NA
120,P1_no_rho,247,1583.8361465999624,5.595026399940252,5.929875700036064,0.15689289988949895,0.01,29576.76314805218,29576.76314805218,-69516.0103330139,-54652.09431085399,0.0,-25442.868183585862,-66722.38290896402,-66722.37047658688,-44583.67635645706,-25442.868183585862,19140.808172871195,19140.808172871188,-25689.249985221762,33739.0,nan,nan,1.5000000000000002,10.0,0.0,0.0,10.0,0.85,CORE,MAIN,1.2006921525521876,0.2500433582019289,0.6,0.174,-44583.67635645706,STRUCTURAL,-0.8107950342603537,-183607.82080494933,26400.0,0,0,0,0,0,0,0,inf,inf,NA,1,5,5,5,23,6,0,0,CONTINUE,0,A,1,1,0,KEEP_STRUCTURAL_IN_ON_CUT,2,3,0,0,"tail_cont_enabled=1 tail_active_dims=(1,) tail_delta=0.1 tail_start=(6, 6, 6) returned_y=(1, 6, 0) returned_b=(0, 1, 0) returned_u=(0, 0.1, 0) returned_zcap=(1, 6.1, 0) max_tail_u=0.1",NA
120,P1_no_rho,248,1589.024726799922,5.595026399940252,5.18809979991056,0.14968960010446608,0.01,26103.61492394335,26103.61492394335,-69516.0103330139,-55173.06654447031,0.0,-25442.868183585862,-69237.92092837158,-69237.90819916516,-44583.67635645706,-25442.868183585862,19140.808172871195,19140.808172871188,-25192.590707257175,34024.0,nan,nan,1.5000000000000002,10.0,0.0,0.0,10.0,0.85,CORE,MAIN,1.2038011736006566,0.2613466971953947,0.6,0.174,-44583.67635645706,STRUCTURAL,-0.8630244825595262,-183607.82080494933,26400.0,0,0,0,0,0,0,0,inf,inf,NA,1,5,5,5,23,6,0,0,CONTINUE,0,A,1,1,0,KEEP_STRUCTURAL_IN_ON_CUT,2,3,0,0,"tail_cont_enabled=1 tail_active_dims=(1,) tail_delta=0.1 tail_start=(6, 6, 6) returned_y=(4, 0, 4) returned_b=(0, 0, 0) returned_u=(0, 0, 0) returned_zcap=(4, 0, 4) max_tail_u=0",NA
120,P1_no_rho,249,1595.2059687,5.595026399940252,6.180674000061117,0.15246470004785806,0.01,30659.03633421407,30659.03633421407,-69516.0103330139,-54489.7533329297,0.0,-25442.868183585862,-67015.33840428556,-67015.32620511664,-44583.67635645706,-25442.868183585862,19140.808172871195,19140.808172871188,-24065.616948430852,33008.5,nan,nan,1.5000000000000002,10.0,0.0,0.0,10.0,0.85,CORE,MAIN,1.2065261769074243,0.26569699088054854,0.6,0.174,-44583.67635645706,STRUCTURAL,-0.8674474606376289,-183607.82080494933,26400.0,0,0,0,0,0,0,0,inf,inf,NA,1,5,5,5,23,6,0,0,CONTINUE,0,A,1,1,0,KEEP_STRUCTURAL_IN_ON_CUT,2,3,0,0,"tail_cont_enabled=1 tail_active_dims=(1,) tail_delta=0.1 tail_start=(6, 6, 6) returned_y=(2, 0, 6) returned_b=(0, 0, 1) returned_u=(0, 0, 0) returned_zcap=(2, 0, 6) max_tail_u=0",NA
120,P1_no_rho,250,1604.997649100027,5.595026399940252,9.790855700033717,0.15972080000210553,0.01,59081.32658479346,59081.32658479346,-69516.0103330139,-50226.40979534279,0.0,-25442.868183585862,-76337.34217637779,-76337.32802220713,-44583.67635645706,-25442.868183585862,19140.808172871195,19140.808172871188,-29434.54878888722,36988.0,nan,nan,1.5000000000000002,10.0,0.0,0.0,10.0,0.85,CORE,MAIN,1.2073255069928608,0.2480708579803056,0.6,0.174,-44583.67635645706,STRUCTURAL,-0.8453692951465325,-183607.82080494933,26400.0,0,0,0,0,0,0,0,inf,inf,NA,1,5,5,5,23,6,0,0,CONTINUE,0,A,1,1,0,KEEP_STRUCTURAL_IN_ON_CUT,2,3,0,0,"tail_cont_enabled=1 tail_active_dims=(1,) tail_delta=0.1 tail_start=(6, 6, 6) returned_y=(0, 6, 1) returned_b=(0, 1, 0) returned_u=(0, 0.1, 0) returned_zcap=(0, 6.1, 1) max_tail_u=0.1",NA
120,P1_no_rho,251,1610.6507757999934,5.595026399940252,5.652472399990074,0.16978990007191896,0.01,40346.13585227206,40346.13585227206,-69516.0103330139,-53036.688405221,0.0,-25442.868183585862,-62494.025238512695,-62494.013504862036,-44583.67635645706,-25442.868183585862,19140.808172871195,19140.808172871188,-22645.364680331528,31488.0,nan,nan,1.5000000000000002,10.0,0.0,0.0,10.0,0.85,CORE,MAIN,1.2069217690258784,0.27464323268559676,0.6,0.174,-44583.67635645706,STRUCTURAL,-0.8436790486223431,-183607.82080494933,26400.0,0,0,0,0,0,0,0,inf,inf,NA,1,5,5,5,23,6,0,0,CONTINUE,0,A,1,1,0,KEEP_STRUCTURAL_IN_ON_CUT,2,3,0,0,"tail_cont_enabled=1 tail_active_dims=(1,) tail_delta=0.1 tail_start=(6, 6, 6) returned_y=(0, 6, 1) returned_b=(0, 1, 0) returned_u=(0, 0.1, 0) returned_zcap=(0, 6.1, 1) max_tail_u=0.1",NA
120,P1_no_rho,252,1616.5839067000197,5.595026399940252,5.932733100024052,0.16228250006679446,0.01,34346.00876563393,34346.00876563393,-69516.0103330139,-53936.70746821672,0.0,-25442.868183585862,-70230.88836200486,-70230.87539084253,-44583.67635645706,-25442.868183585862,19140.808172871195,19140.808172871188,-27437.400865113934,34509.0,nan,nan,1.5000000000000002,10.0,0.0,0.0,10.0,0.85,CORE,MAIN,1.206037529337911,0.25670227775569854,0.6,0.174,-44583.67635645706,STRUCTURAL,-0.826711380137135,-183607.82080494933,26400.0,0,0,0,0,0,0,0,inf,inf,NA,1,5,5,5,23,6,0,0,CONTINUE,0,A,1,1,0,KEEP_STRUCTURAL_IN_ON_CUT,2,3,0,0,"tail_cont_enabled=1 tail_active_dims=(1,) tail_delta=0.1 tail_start=(6, 6, 6) returned_y=(0, 6, 1) returned_b=(0, 1, 0) returned_u=(0, 0.1, 0) returned_zcap=(0, 6.1, 1) max_tail_u=0.1",NA
120,P1_no_rho,253,1620.8371734999819,5.595026399940252,4.2527163999620825,0.17438640003092587,0.01,37878.2751881927,37878.2751881927,-69516.0103330139,-53406.8675048329,0.0,-25442.868183585862,-69659.37357330095,-69659.36058894779,-44583.67635645706,-25442.868183585862,19140.808172871195,19140.808172871188,-26471.759864612595,33353.0,nan,nan,1.5000000000000002,10.0,0.0,0.0,10.0,0.85,CORE,MAIN,1.205097420319944,0.25668924026070417,0.6,0.174,-44583.67635645706,STRUCTURAL,-0.8632427012929416,-183607.82080494933,26400.0,0,0,0,0,0,0,0,inf,inf,NA,1,5,5,5,23,6,0,0,CONTINUE,0,A,1,1,0,KEEP_STRUCTURAL_IN_ON_CUT,2,3,0,0,"tail_cont_enabled=1 tail_active_dims=(1,) tail_delta=0.1 tail_start=(6, 6, 6) returned_y=(0, 6, 1) returned_b=(0, 1, 0) returned_u=(0, 0.1, 0) returned_zcap=(0, 6.1, 1) max_tail_u=0.1",NA
120,P1_no_rho,254,1626.1487916000187,5.595026399940252,5.31104270007927,0.1478600000264123,0.01,44344.04975619313,44344.04975619313,-69516.0103330139,-52437.001319632844,0.0,-25442.868183585862,-75587.44016925253,-75587.42637250257,-44583.67635645706,-25442.868183585862,19140.808172871195,19140.808172871188,-28644.621002891803,35506.0,nan,nan,1.5000000000000002,10.0,0.0,0.0,10.0,0.85,CORE,MAIN,1.2029635356586583,0.24985713436989154,0.6,0.174,-44583.67635645706,STRUCTURAL,-0.8814060603768521,-183607.82080494933,26400.0,0,0,0,0,0,0,0,inf,inf,NA,1,5,5,5,23,6,0,0,CONTINUE,0,A,1,1,0,KEEP_STRUCTURAL_IN_ON_CUT,2,3,0,0,"tail_cont_enabled=1 tail_active_dims=(1,) tail_delta=0.1 tail_start=(6, 6, 6) returned_y=(2, 0, 6) returned_b=(0, 0, 1) returned_u=(0, 0, 0) returned_zcap=(2, 0, 6) max_tail_u=0",NA
120,P1_no_rho,255,1637.6522662999341,5.595026399940252,11.502855899976566,0.15135609998833388,0.01,56136.57146984652,56136.57146984652,-69516.0103330139,-50668.12306258483,0.0,-25442.868183585862,-81508.77358020953,-81508.75945275427,-44583.67635645706,-25442.868183585862,19140.808172871195,19140.808172871188,-30189.611798634163,38300.5,nan,nan,1.5000000000000002,10.0,0.0,0.0,10.0,0.85,CORE,MAIN,1.199046867249064,0.2444274977431593,0.6,0.174,-44583.67635645706,STRUCTURAL,-0.8932720226301673,-183607.82080494933,26400.0,0,0,0,0,0,0,0,inf,inf,NA,1,5,5,5,23,6,0,0,CONTINUE,0,A,1,1,0,KEEP_STRUCTURAL_IN_ON_CUT,2,3,0,0,"tail_cont_enabled=1 tail_active_dims=(1,) tail_delta=0.1 tail_start=(6, 6, 6) returned_y=(2, 0, 6) returned_b=(0, 0, 1) returned_u=(0, 0, 0) returned_zcap=(2, 0, 6) max_tail_u=0",NA
120,P1_no_rho,256,1643.369762599934,5.595026399940252,5.716988899977878,0.1572336999233812,0.01,84149.63878153404,84149.63878153404,-69516.0103330139,-46466.1629658317,0.0,-25442.868183585862,-71548.58067907259,-71548.56790335994,-44583.67635645706,-25442.868183585862,19140.808172871195,19140.808172871188,-25762.97426294231,34751.0,nan,nan,1.5000000000000002,10.0,0.0,0.0,10.0,0.85,CORE,MAIN,1.197587908092064,0.26223218958181216,0.6,0.174,-44583.67635645706,STRUCTURAL,-0.8783554169264698,-183607.82080494933,26400.0,0,0,0,0,0,0,0,inf,inf,NA,1,5,5,5,23,6,0,0,CONTINUE,0,A,1,1,0,KEEP_STRUCTURAL_IN_ON_CUT,2,3,0,0,"tail_cont_enabled=1 tail_active_dims=(1,) tail_delta=0.1 tail_start=(6, 6, 6) returned_y=(2, 0, 6) returned_b=(0, 0, 1) returned_u=(0, 0, 0) returned_zcap=(2, 0, 6) max_tail_u=0",NA
120,P1_no_rho,257,1647.36908460001,5.595026399940252,3.998724800068885,0.1617638999596238,0.01,33166.28214141387,33166.28214141387,-69516.0103330139,-54113.66646184973,0.0,-25442.868183585862,-64681.57681771515,-64681.56487078041,-44583.67635645706,-25442.868183585862,19140.808172871195,19140.808172871188,-22488.740599384346,33711.0,nan,nan,1.5000000000000002,10.0,0.0,0.0,10.0,0.85,CORE,MAIN,1.200048123858672,0.2570380701017638,0.6,0.174,-44583.67635645706,STRUCTURAL,-0.8344027028051387,-183607.82080494933,26400.0,0,0,0,0,0,0,0,inf,inf,NA,1,5,5,5,23,6,0,0,CONTINUE,0,A,1,1,0,KEEP_STRUCTURAL_IN_ON_CUT,2,3,0,0,"tail_cont_enabled=1 tail_active_dims=(1,) tail_delta=0.1 tail_start=(6, 6, 6) returned_y=(1, 6, 0) returned_b=(0, 1, 0) returned_u=(0, 0.1, 0) returned_zcap=(1, 6.1, 0) max_tail_u=0.1",NA
120,P1_no_rho,258,1652.8256312999874,5.595026399940252,5.455989500042051,0.15438409999478608,0.01,50899.02799107696,50899.02799107696,-69516.0103330139,-51453.75458440027,0.0,-25442.868183585862,-64412.44893661073,-64412.43688572767,-44583.67635645706,-25442.868183585862,19140.808172871195,19140.808172871188,-23499.999052109168,33153.5,nan,nan,1.5000000000000002,10.0,0.0,0.0,10.0,0.85,CORE,MAIN,1.2027885886393581,0.2693881360483772,0.6,0.174,-44583.67635645706,STRUCTURAL,-0.8226871538674848,-183607.82080494933,26400.0,0,0,0,0,0,0,0,inf,inf,NA,1,5,5,5,23,6,0,0,CONTINUE,0,A,1,1,0,KEEP_STRUCTURAL_IN_ON_CUT,2,3,0,0,"tail_cont_enabled=1 tail_active_dims=(1,) tail_delta=0.1 tail_start=(6, 6, 6) returned_y=(0, 6, 1) returned_b=(0, 1, 0) returned_u=(0, 0.1, 0) returned_zcap=(0, 6.1, 1) max_tail_u=0.1",NA
120,P1_no_rho,259,1658.2792840999318,5.595026399940252,5.453115199925378,0.15897969994693995,0.01,32247.92070244204,32247.92070244204,-69516.0103330139,-54251.4206776955,0.0,-25442.868183585862,-66036.69919619737,-66036.6868388285,-44583.67635645706,-25442.868183585862,19140.808172871195,19140.808172871188,-24679.953354613106,33298.0,nan,nan,1.5000000000000002,10.0,0.0,0.0,10.0,0.85,CORE,MAIN,1.205094142094363,0.2647218906644784,0.6,0.174,-44583.67635645706,STRUCTURAL,-0.8280123627888638,-183607.82080494933,26400.0,0,0,0,0,0,0,0,inf,inf,NA,1,5,5,5,23,6,0,0,CONTINUE,0,A,1,1,0,KEEP_STRUCTURAL_IN_ON_CUT,2,3,0,0,"tail_cont_enabled=1 tail_active_dims=(1,) tail_delta=0.1 tail_start=(6, 6, 6) returned_y=(0, 6, 1) returned_b=(0, 1, 0) returned_u=(0, 0.1, 0) returned_zcap=(0, 6.1, 1) max_tail_u=0.1",NA
120,P1_no_rho,260,1668.2256323000183,5.595026399940252,9.945809200056829,0.1512681000167504,0.01,32996.93550311711,32996.93550311711,-69516.0103330139,-54139.06845759424,0.0,-25442.868183585862,-68638.13182465159,-68638.11901403777,-44583.67635645706,-25442.868183585862,19140.808172871195,19140.808172871188,-25268.815758757,33997.0,nan,nan,1.5000000000000002,10.0,0.0,0.0,10.0,0.85,CORE,MAIN,1.2067373805666595,0.2727735890284506,0.6,0.174,-44583.67635645706,STRUCTURAL,-0.8504535352193977,-183607.82080494933,26400.0,0,0,0,0,0,0,0,inf,inf,NA,1,5,5,5,23,6,0,0,CONTINUE,0,A,1,1,0,KEEP_STRUCTURAL_IN_ON_CUT,2,3,0,0,"tail_cont_enabled=1 tail_active_dims=(1,) tail_delta=0.1 tail_start=(6, 6, 6) returned_y=(0, 6, 1) returned_b=(0, 1, 0) returned_u=(0, 0.1, 0) returned_zcap=(0, 6.1, 1) max_tail_u=0.1",NA
120,P1_no_rho,261,1673.430734399939,5.595026399940252,5.204646099940874,0.16027539991773665,0.01,48122.457110755335,48122.457110755335,-69516.0103330139,-51870.24021644851,0.0,-25442.868183585862,-83603.10171477978,-83603.08694668034,-44583.67635645706,-25442.868183585862,19140.808172871195,19140.808172871188,-31771.86391145123,38673.0,nan,nan,1.5000000000000002,10.0,0.0,0.0,10.0,0.85,CORE,MAIN,1.2051079638074291,0.23461059005013185,0.6,0.174,-44583.67635645706,STRUCTURAL,-0.893495428080385,-183607.82080494933,26400.0,0,0,0,0,0,0,0,inf,inf,NA,1,5,5,5,23,6,0,0,CONTINUE,0,A,1,1,0,KEEP_STRUCTURAL_IN_ON_CUT,2,3,0,0,"tail_cont_enabled=1 tail_active_dims=(1,) tail_delta=0.1 tail_start=(6, 6, 6) returned_y=(2, 0, 6) returned_b=(0, 0, 1) returned_u=(0, 0, 0) returned_zcap=(2, 0, 6) max_tail_u=0",NA
120,P1_no_rho,262,1680.0261581999948,5.595026399940252,6.594879699987359,0.15455430001020432,0.01,57528.08477330716,57528.08477330716,-69516.0103330139,-50459.39606706574,0.0,-25442.868183585862,-83787.31960230548,-83787.30513833821,-44583.67635645706,-25442.868183585862,19140.808172871195,19140.808172871188,-30741.642140558368,39019.0,nan,nan,1.5000000000000004,10.000000000000002,0.0,0.0,10.0,0.85,CORE,MAIN,1.2017442297331873,0.2377339631056553,0.6,0.174,-44583.67635645706,STRUCTURAL,-0.906321928595126,-183607.82080494933,26400.0,0,0,0,0,0,0,0,inf,inf,NA,1,5,5,5,23,6,0,0,CONTINUE,0,A,1,1,0,KEEP_STRUCTURAL_IN_ON_CUT,2,3,0,0,"tail_cont_enabled=1 tail_active_dims=(1,) tail_delta=0.1 tail_start=(6, 6, 6) returned_y=(2, 0, 6) returned_b=(0, 0, 1) returned_u=(0, 0, 0) returned_zcap=(2, 0, 6) max_tail_u=0",NA
120,P1_no_rho,263,1685.8400134999538,5.595026399940252,5.813383199973032,0.15251869999337941,0.01,78706.91944559982,78706.91944559982,-69516.0103330139,-47282.57086622184,0.0,-25442.868183585862,-75629.41062935372,-75629.39731148214,-44583.67635645706,-25442.868183585862,19140.808172871195,19140.808172871188,-26544.884720346927,36511.0,nan,nan,1.5000000000000002,10.0,0.0,0.0,10.0,0.85,CORE,MAIN,1.1991761964480054,0.25929764965124213,0.6,0.174,-44583.67635645706,STRUCTURAL,-0.8962506749771338,-183607.82080494933,26400.0,0,0,0,0,0,0,0,inf,inf,NA,1,5,5,5,23,6,0,0,CONTINUE,0,A,1,1,0,KEEP_STRUCTURAL_IN_ON_CUT,2,3,0,0,"tail_cont_enabled=1 tail_active_dims=(1,) tail_delta=0.1 tail_start=(6, 6, 6) returned_y=(2, 0, 6) returned_b=(0, 0, 1) returned_u=(0, 0, 0) returned_zcap=(2, 0, 6) max_tail_u=0",NA
120,P1_no_rho,264,1689.8441911999835,5.595026399940252,4.003583500045352,0.14503430004697293,0.01,54213.1081832826,54213.1081832826,-69516.0103330139,-50956.64255556942,0.0,-25442.868183585862,-67047.06351318769,-67047.05108867389,-44583.67635645706,-25442.868183585862,19140.808172871195,19140.808172871188,-23177.77569997575,34498.0,nan,nan,1.5000000000000002,10.0,0.0,0.0,10.0,0.85,CORE,MAIN,1.2004395663324807,0.2717257594612478,0.6,0.174,-44583.67635645706,STRUCTURAL,-0.8477646122228946,-183607.82080494933,26400.0,0,0,0,0,0,0,0,inf,inf,NA,1,5,5,5,23,6,0,0,CONTINUE,0,A,1,1,0,KEEP_STRUCTURAL_IN_ON_CUT,2,3,0,0,"tail_cont_enabled=1 tail_active_dims=(1,) tail_delta=0.1 tail_start=(6, 6, 6) returned_y=(1, 6, 0) returned_b=(0, 1, 0) returned_u=(0, 0.1, 0) returned_zcap=(1, 6.1, 0) max_tail_u=0.1",NA
120,P1_no_rho,265,1700.381287300028,5.595026399940252,10.536385500105098,0.15008249995298684,0.01,44562.2249342007,44562.2249342007,-69516.0103330139,-52404.27504293171,0.0,-25442.868183585862,-63696.125580061685,-63696.11346024783,-44583.67635645706,-25442.868183585862,19140.808172871195,19140.808172871188,-22761.735891826378,32797.0,nan,nan,1.5000000000000002,10.0,0.0,0.0,10.0,0.85,CORE,MAIN,1.2011038995693593,0.2747456506141964,0.6,0.174,-44583.67635645706,STRUCTURAL,-0.8320756485536575,-183607.82080494933,26400.0,0,0,0,0,0,0,0,inf,inf,NA,1,5,5,5,23,6,0,0,CONTINUE,0,A,1,1,0,KEEP_STRUCTURAL_IN_ON_CUT,2,3,0,0,"tail_cont_enabled=1 tail_active_dims=(1,) tail_delta=0.1 tail_start=(6, 6, 6) returned_y=(1, 6, 0) returned_b=(0, 1, 0) returned_u=(0, 0.1, 0) returned_zcap=(1, 6.1, 0) max_tail_u=0.1",NA
120,P1_no_rho,266,1705.9003439999651,5.595026399940252,5.5185341000324115,0.14781070000026375,0.01,41057.010687468624,41057.010687468624,-69516.0103330139,-52930.05717994152,0.0,-25442.868183585862,-64224.655895428274,-64224.64377898995,-44583.67635645706,-25442.868183585862,19140.808172871195,19140.808172871188,-22958.925190678736,33049.0,nan,nan,1.5000000000000002,10.0,0.0,0.0,10.0,0.85,CORE,MAIN,1.2027196146469263,0.269386932900338,0.6,0.174,-44583.67635645706,STRUCTURAL,-0.8324148706125493,-183607.82080494933,26400.0,0,0,0,0,0,0,0,inf,inf,NA,1,5,5,5,23,6,0,0,CONTINUE,0,A,1,1,0,KEEP_STRUCTURAL_IN_ON_CUT,2,3,0,0,"tail_cont_enabled=1 tail_active_dims=(1,) tail_delta=0.1 tail_start=(6, 6, 6) returned_y=(0, 6, 1) returned_b=(0, 1, 0) returned_u=(0, 0.1, 0) returned_zcap=(0, 6.1, 1) max_tail_u=0.1",NA
120,P1_no_rho,267,1710.2163585999515,5.595026399940252,4.315400899969973,0.1594420000910759,0.01,32790.23835264691,32790.23835264691,-69516.0103330139,-54170.07303016477,0.0,-25442.868183585862,-66479.66759867477,-66479.65526861712,-44583.67635645706,-25442.868183585862,19140.808172871195,19140.808172871188,-24174.856381809503,32900.5,nan,nan,1.5000000000000002,10.0,0.0,0.0,10.0,0.85,CORE,MAIN,1.204870643949958,0.26230695594260633,0.6,0.174,-44583.67635645706,STRUCTURAL,-0.857227071256417,-183607.82080494933,26400.0,0,0,0,0,0,0,0,inf,inf,NA,1,5,5,5,23,6,0,0,CONTINUE,0,A,1,1,0,KEEP_STRUCTURAL_IN_ON_CUT,2,3,0,0,"tail_cont_enabled=1 tail_active_dims=(1,) tail_delta=0.1 tail_start=(6, 6, 6) returned_y=(0, 6, 1) returned_b=(0, 1, 0) returned_u=(0, 0.1, 0) returned_zcap=(0, 6.1, 1) max_tail_u=0.1",NA
120,P1_no_rho,268,1715.4609514999902,5.595026399940252,5.24399440002162,0.1512226000195369,0.01,39487.17561605894,39487.17561605894,-69516.0103330139,-53165.53244065297,0.0,-25442.868183585862,-87036.40105493012,-87036.38611014799,-44583.67635645706,-25442.868183585862,19140.808172871195,19140.808172871188,-32518.816673773996,39837.5,nan,nan,1.5000000000000002,10.0,0.0,0.0,10.0,0.85,CORE,MAIN,1.2028215230775547,0.22910074741702768,0.6,0.174,-44583.67635645706,STRUCTURAL,-0.9123325080870027,-183607.82080494933,26400.0,0,0,0,0,0,0,0,inf,inf,NA,1,5,5,5,23,6,0,0,CONTINUE,0,A,1,1,0,KEEP_STRUCTURAL_IN_ON_CUT,2,3,0,0,"tail_cont_enabled=1 tail_active_dims=(1,) tail_delta=0.1 tail_start=(6, 6, 6) returned_y=(2, 0, 6) returned_b=(0, 0, 1) returned_u=(0, 0, 0) returned_zcap=(2, 0, 6) max_tail_u=0",NA
120,P1_no_rho,269,1721.6064744000323,5.595026399940252,6.145064499927685,0.15230039996095002,0.01,62419.79421848774,62419.79421848774,-69516.0103330139,-49725.63965028865,0.0,-25442.868183585862,-85696.93759504221,-85696.92278565117,-44583.67635645706,-25442.868183585862,19140.808172871195,19140.808172871188,-31227.846128331366,39751.0,nan,nan,1.5000000000000002,10.0,0.0,0.0,10.0,0.85,CORE,MAIN,1.1991378382752365,0.2384496697432772,0.6,0.174,-44583.67635645706,STRUCTURAL,-0.9135045098625577,-183607.82080494933,26400.0,0,0,0,0,0,0,0,inf,inf,NA,1,5,5,5,23,6,0,0,CONTINUE,0,A,1,1,0,KEEP_STRUCTURAL_IN_ON_CUT,2,3,0,0,"tail_cont_enabled=1 tail_active_dims=(1,) tail_delta=0.1 tail_start=(6, 6, 6) returned_y=(2, 0, 6) returned_b=(0, 0, 1) returned_u=(0, 0, 0) returned_zcap=(2, 0, 6) max_tail_u=0",NA
120,P1_no_rho,270,1733.1108867999865,5.595026399940252,11.503806799999438,0.15325440000742674,0.01,77288.70922520377,77288.70922520377,-69516.0103330139,-47495.302399281245,0.0,-25442.868183585862,-77981.93422592945,-77981.92052681369,-44583.67635645706,-25442.868183585862,19140.808172871195,19140.808172871188,-26891.340386310396,37130.0,nan,nan,1.5000000000000002,10.0,0.0,0.0,10.0,0.85,CORE,MAIN,1.1961333461363581,0.25555495857635124,0.6,0.174,-44583.67635645706,STRUCTURAL,-0.9173279493761252,-183607.82080494933,26400.0,0,0,0,0,0,0,0,inf,inf,NA,1,5,5,5,23,6,0,0,CONTINUE,0,A,1,1,0,KEEP_STRUCTURAL_IN_ON_CUT,2,3,0,0,"tail_cont_enabled=1 tail_active_dims=(1,) tail_delta=0.1 tail_start=(6, 6, 6) returned_y=(2, 0, 6) returned_b=(0, 0, 1) returned_u=(0, 0, 0) returned_zcap=(2, 0, 6) max_tail_u=0",NA
120,P1_no_rho,271,1737.1657646999229,5.595026399940252,4.0543119999347255,0.14748289994895458,0.01,44116.107628373735,44116.107628373735,-69516.0103330139,-52471.192638805755,0.0,-25442.868183585862,-66532.19783999292,-66532.18529802834,-44583.67635645706,-25442.868183585862,19140.808172871195,19140.808172871188,-23368.6985736712,34092.0,nan,nan,1.5000000000000002,10.0,0.0,0.0,10.0,0.85,CORE,MAIN,1.1965812295746092,0.2757342731934178,0.6,0.174,-44583.67635645706,STRUCTURAL,-0.8440589527231636,-183607.82080494933,26400.0,0,0,0,0,0,0,0,inf,inf,NA,1,5,5,5,23,6,0,0,CONTINUE,0,A,1,1,0,KEEP_STRUCTURAL_IN_ON_CUT,2,3,0,0,"tail_cont_enabled=1 tail_active_dims=(1,) tail_delta=0.1 tail_start=(6, 6, 6) returned_y=(1, 6, 0) returned_b=(0, 1, 0) returned_u=(0, 0.1, 0) returned_zcap=(1, 6.1, 0) max_tail_u=0.1",NA
120,P1_no_rho,272,1742.4119420999195,5.595026399940252,5.245571599924006,0.169338500010781,0.01,47011.70647663871,47011.70647663871,-69516.0103330139,-52036.852811566,0.0,-25442.868183585862,-63740.31822612982,-63740.306066191755,-44583.67635645706,-25442.868183585862,19140.808172871195,19140.808172871188,-22596.34105520373,33078.0,nan,nan,1.5000000000000002,10.0,0.0,0.0,10.0,0.85,CORE,MAIN,1.1982378036923564,0.27228400551589205,0.6,0.174,-44583.67635645706,STRUCTURAL,-0.8292312112983056,-183607.82080494933,26400.0,0,0,0,0,0,0,0,inf,inf,NA,1,5,5,5,23,6,0,0,CONTINUE,0,A,1,1,0,KEEP_STRUCTURAL_IN_ON_CUT,2,3,0,0,"tail_cont_enabled=1 tail_active_dims=(1,) tail_delta=0.1 tail_start=(6, 6, 6) returned_y=(1, 6, 0) returned_b=(0, 1, 0) returned_u=(0, 0.1, 0) returned_zcap=(1, 6.1, 0) max_tail_u=0.1",NA
120,P1_no_rho,273,1747.84138420003,5.595026399940252,5.4289126000367105,0.15485440008342266,0.01,44897.329696895824,44897.329696895824,-69516.0103330139,-52354.009328527434,0.0,-25442.868183585862,-64134.72162794448,-64134.70952145643,-44583.67635645706,-25442.868183585862,19140.808172871195,19140.808172871188,-22640.90365067326,33365.0,nan,nan,1.5000000000000002,10.0,0.0,0.0,10.0,0.85,CORE,MAIN,1.2004644032354979,0.2724173686236695,0.6,0.174,-44583.67635645706,STRUCTURAL,-0.8290884833564746,-183607.82080494933,26400.0,0,0,0,0,0,0,0,inf,inf,NA,1,5,5,5,23,6,0,0,CONTINUE,0,A,1,1,0,KEEP_STRUCTURAL_IN_ON_CUT,2,3,0,0,"tail_cont_enabled=1 tail_active_dims=(1,) tail_delta=0.1 tail_start=(6, 6, 6) returned_y=(1, 6, 0) returned_b=(0, 1, 0) returned_u=(0, 0.1, 0) returned_zcap=(1, 6.1, 0) max_tail_u=0.1",NA
120,P1_no_rho,274,1754.0870945999632,5.595026399940252,6.245109900017269,0.15167009993456304,0.01,38425.944981419896,38425.944981419896,-69516.0103330139,-53324.71703584883,0.0,-25442.868183585862,-69260.9375607675,-69260.92475776312,-44583.67635645706,-25442.868183585862,19140.808172871195,19140.808172871188,-25707.24396948831,34428.0,nan,nan,1.5000000000000002,10.0,0.0,0.0,10.0,0.85,CORE,MAIN,1.2025536164866681,0.25769836011646896,0.6,0.174,-44583.67635645706,STRUCTURAL,-0.8433771114262578,-183607.82080494933,26400.0,0,0,0,0,0,0,0,inf,inf,NA,1,5,5,5,23,6,0,0,CONTINUE,0,A,1,1,0,KEEP_STRUCTURAL_IN_ON_CUT,2,3,0,0,"tail_cont_enabled=1 tail_active_dims=(1,) tail_delta=0.1 tail_start=(6, 6, 6) returned_y=(1, 6, 0) returned_b=(0, 1, 0) returned_u=(0, 0.1, 0) returned_zcap=(1, 6.1, 0) max_tail_u=0.1",NA
120,P1_no_rho,275,1770.0082571000094,5.595026399940252,15.920656200032681,0.1777425000909716,0.01,40231.36041177079,40231.36041177079,-69516.0103330139,-53053.904721296196,0.0,-25442.868183585862,-83330.5789276586,-83330.5645140429,-44583.67635645706,-25442.868183585862,19140.808172871195,19140.808172871188,-30745.19161432203,38805.0,nan,nan,1.5000000000000002,10.0,0.0,0.0,10.0,0.85,CORE,MAIN,1.2015060134018316,0.23508426821978423,0.6,0.174,-44583.67635645706,STRUCTURAL,-0.9034123248674288,-183607.82080494933,26400.0,0,0,0,0,0,0,0,inf,inf,NA,2,6,6,6,23,7,0,0,CONTINUE,0,A,1,1,0,KEEP_STRUCTURAL_IN_ON_CUT,2,3,1,0,"tail_cont_enabled=1 tail_active_dims=(1,) tail_delta=0.1 tail_start=(6, 6, 6) returned_y=(2, 0, 6) returned_b=(0, 0, 1) returned_u=(0, 0, 0) returned_zcap=(2, 0, 6) max_tail_u=0",NA
120,P1_no_rho,276,1776.8543872999726,5.595026399940252,6.845512600033544,0.149870999972336,0.01,42661.61509883633,42661.61509883633,-69516.0103330139,-52689.36651823636,0.0,-25442.868183585862,-80730.8413739392,-80730.82720052678,-44583.67635645706,-25442.868183585862,19140.808172871195,19140.808172871188,-29375.098342621375,38447.0,nan,nan,1.5000000000000002,10.0,0.0,0.0,10.0,0.85,CORE,MAIN,1.199544320015151,0.24427975977522087,0.6,0.174,-44583.67635645706,STRUCTURAL,-0.8905025768444074,-183607.82080494933,26400.0,0,0,0,0,0,0,0,inf,inf,NA,1,5,5,5,24,6,0,0,CONTINUE,0,A,1,1,0,KEEP_STRUCTURAL_IN_ON_CUT,2,3,0,0,"tail_cont_enabled=1 tail_active_dims=(1,) tail_delta=0.1 tail_start=(6, 6, 6) returned_y=(2, 0, 6) returned_b=(0, 0, 1) returned_u=(0, 0, 0) returned_zcap=(2, 0, 6) max_tail_u=0",NA
120,P1_no_rho,277,1784.3660970999626,5.595026399940252,7.511101000010967,0.16454639995936304,0.01,48893.27561518284,48893.27561518284,-69516.0103330139,-51754.61744078439,0.0,-25442.868183585862,-76200.46590352725,-76200.45239299358,-44583.67635645706,-25442.868183585862,19140.808172871195,19140.808172871188,-26582.671601557806,36492.5,nan,nan,1.5000000000000002,10.0,0.0,0.0,10.0,0.85,CORE,MAIN,1.1976449743906443,0.25570625521039636,0.6,0.174,-44583.67635645706,STRUCTURAL,-0.9064470926251658,-183607.82080494933,26400.0,0,0,0,0,0,0,0,inf,inf,NA,1,5,5,5,24,6,0,0,CONTINUE,0,A,1,1,0,KEEP_STRUCTURAL_IN_ON_CUT,2,3,0,0,"tail_cont_enabled=1 tail_active_dims=(1,) tail_delta=0.1 tail_start=(6, 6, 6) returned_y=(2, 0, 6) returned_b=(0, 0, 1) returned_u=(0, 0, 0) returned_zcap=(2, 0, 6) max_tail_u=0",NA
120,P1_no_rho,278,1790.3791565999854,5.595026399940252,6.012400100007653,0.15043829998467118,0.01,41484.07312389765,41484.07312389765,-69516.0103330139,-52865.99781447717,0.0,-25442.868183585862,-68719.24550292433,-68719.23260904626,-44583.67635645706,-25442.868183585862,19140.808172871195,19140.808172871188,-24264.70423966908,34747.0,nan,nan,1.5000000000000002,10.0,0.0,0.0,10.0,0.85,CORE,MAIN,1.197752561792032,0.2696479702025181,0.6,0.174,-44583.67635645706,STRUCTURAL,-0.8529183021915974,-183607.82080494933,26400.0,0,0,0,0,0,0,0,inf,inf,NA,1,5,5,5,24,6,0,0,CONTINUE,0,A,1,1,0,KEEP_STRUCTURAL_IN_ON_CUT,2,3,0,0,"tail_cont_enabled=1 tail_active_dims=(1,) tail_delta=0.1 tail_start=(6, 6, 6) returned_y=(1, 6, 0) returned_b=(0, 1, 0) returned_u=(0, 0.1, 0) returned_zcap=(1, 6.1, 0) max_tail_u=0.1",NA
120,P1_no_rho,279,1796.0410289999563,5.595026399940252,5.66102979995776,0.17043480009306222,0.01,43256.72836451027,43256.72836451027,-69516.0103330139,-52600.09952838527,0.0,-25442.868183585862,-63299.49088013965,-63299.47879258622,-44583.67635645706,-25442.868183585862,19140.808172871195,19140.808172871188,-22144.591003381476,32649.0,nan,nan,1.5000000000000002,10.0,0.0,0.0,10.0,0.85,CORE,MAIN,1.1989996526566982,0.2686664932188536,0.6,0.174,-44583.67635645706,STRUCTURAL,-0.840350144245454,-183607.82080494933,26400.0,0,0,0,0,0,0,0,inf,inf,NA,1,5,5,5,24,6,0,0,CONTINUE,0,A,1,1,0,KEEP_STRUCTURAL_IN_ON_CUT,2,3,0,0,"tail_cont_enabled=1 tail_active_dims=(1,) tail_delta=0.1 tail_start=(6, 6, 6) returned_y=(1, 6, 0) returned_b=(0, 1, 0) returned_u=(0, 0.1, 0) returned_zcap=(1, 6.1, 0) max_tail_u=0.1",NA
