stage,time_limit_sec,family_seed,candidate_index,candidate_seed,output_dir,return_code,result_available,homogeneous_A0_verified,target_met,runtime_sec,mip_gap,mip_gap_percent,incumbent_obj,best_bound,node_count,status,instance_label,first_120_blocks_hash,block_data_hash,first_stage_hash,final_block_hash,error,rank_hardest_first,selected_for_next_stage
stage1_60s,60,8,39,813017037,[MACHINE_SPECIFIC_PATH_REMOVED],0,1,1,0,60.009000062942505,0.04460606953442952,4.4606069534429515,-24283.421032472997,-25366.608999581316,3196.0,TIME_LIMIT,dcap_like_sun_nestedB60_n10_m3_P120_pool360_seed8_tailcont_d0p1_homogeneousA0,e65c1a4e06b8926a8ec76fa2dc0d84694cd24e8709b309161069e9b612317103,e65c1a4e06b8926a8ec76fa2dc0d84694cd24e8709b309161069e9b612317103,12ed24cc8ea69d79de72380b1625062ade4b236acb8240c94c82a1a7bc0d0da6,,,1,1
stage1_60s,60,8,9,1373808879,[MACHINE_SPECIFIC_PATH_REMOVED],0,1,1,0,60.03200006484985,0.04381841989007898,4.381841989007898,-27506.620135125017,-28711.916765962826,2927.0,TIME_LIMIT,dcap_like_sun_nestedB60_n10_m3_P120_pool360_seed8_tailcont_d0p1_homogeneousA0,8b26f69027b9a7bf1a9ac661c03fd7fbe5e39551ac42ea37555e71ab1f9a98a1,8b26f69027b9a7bf1a9ac661c03fd7fbe5e39551ac42ea37555e71ab1f9a98a1,39280af30af981c5c4cab0d68da2f36eaaa4c004dee06bc10d9e5a9403a0305e,,,2,1
stage1_60s,60,1,24,1155653964,[MACHINE_SPECIFIC_PATH_REMOVED],0,1,1,0,60.0220000743866,0.04337143478075375,4.337143478075375,-27266.64412182145,-28449.23759904105,1131.0,TIME_LIMIT,dcap_like_sun_nestedB60_n10_m3_P120_pool360_seed1_tailcont_d0p1_homogeneousA0,0a100f2f2bb94c456ca3e93941f37accd5c3fb4a268aa525e6f1ee3439e7fc0a,0a100f2f2bb94c456ca3e93941f37accd5c3fb4a268aa525e6f1ee3439e7fc0a,99585fb62593be6fbd1c9f9277733671cfdc1975c8c2c154dc6432e3f766d3d1,,,3,1
stage1_60s,60,5,8,613753789,[MACHINE_SPECIFIC_PATH_REMOVED],0,1,1,0,60.01200008392334,0.04264449706200558,4.2644497062005575,-23249.827610223016,-24241.304815439307,67931.0,TIME_LIMIT,dcap_like_sun_nestedB60_n10_m3_P120_pool360_seed5_tailcont_d0p1_homogeneousA0,218c3792c3f10ad016b601115bafe9f7d9758b1b031f7c74682e5d77f15591fe,218c3792c3f10ad016b601115bafe9f7d9758b1b031f7c74682e5d77f15591fe,1165503d2db95e1661367a3dce0386b7e1c02c0b3d985fb8cd3e0fce24d63d38,,,4,1
stage1_60s,60,6,37,1177541701,[MACHINE_SPECIFIC_PATH_REMOVED],0,1,1,0,60.01699995994568,0.040788586118159983,4.078858611815998,-26440.230729152263,-27518.69035723231,1199.0,TIME_LIMIT,dcap_like_sun_nestedB60_n10_m3_P120_pool360_seed6_tailcont_d0p1_homogeneousA0,0e2975e1b4528dde112c1c603bf4005aba0142fc37afe921f8360f3a97b0ba2f,0e2975e1b4528dde112c1c603bf4005aba0142fc37afe921f8360f3a97b0ba2f,d20c036c59414defe6e5f7df346a08f7ae7ff3069cde3396c25859ab629b331c,,,5,1
stage1_60s,60,6,30,1775975473,[MACHINE_SPECIFIC_PATH_REMOVED],0,1,1,0,60.00800013542175,0.040358334683358345,4.035833468335834,-24329.41697124461,-25311.311724021078,2244.0,TIME_LIMIT,dcap_like_sun_nestedB60_n10_m3_P120_pool360_seed6_tailcont_d0p1_homogeneousA0,6d12500ecbb4a8c96e4ed60cd9069bf80531d7cde48939985de9922660a9c36e,6d12500ecbb4a8c96e4ed60cd9069bf80531d7cde48939985de9922660a9c36e,3cc174a9385a7f08dafd0999c68f5718e3e288185c3588a635bce69532a01bd0,,,6,1
stage1_60s,60,2,18,590492220,[MACHINE_SPECIFIC_PATH_REMOVED],0,1,1,0,60.08400011062622,0.03831864830691256,3.831864830691256,-23809.29578577445,-24721.635817424798,1307.0,TIME_LIMIT,dcap_like_sun_nestedB60_n10_m3_P120_pool360_seed2_tailcont_d0p1_homogeneousA0,54cb79929aff7ffd0cb40fed1160fa969ee83470e47d3bf6fad46157e9cb527a,54cb79929aff7ffd0cb40fed1160fa969ee83470e47d3bf6fad46157e9cb527a,a70c603d3303011909dbef91961fafabec828e24f51e92d85804d8b3f868e8d4,,,7,1
stage1_60s,60,3,33,1688352591,[MACHINE_SPECIFIC_PATH_REMOVED],0,1,1,0,60.019999980926514,0.03670672583635091,3.6706725836350906,-24438.24272473206,-25335.290600350996,33826.0,TIME_LIMIT,dcap_like_sun_nestedB60_n10_m3_P120_pool360_seed3_tailcont_d0p1_homogeneousA0,bffac7c83523a228deec5979e5e58f62f76ab57e33da076d214d5d8f566466a3,bffac7c83523a228deec5979e5e58f62f76ab57e33da076d214d5d8f566466a3,3bb149d09d9ee6bc79674b8fe955cc959ae5da0f058e0e10c8aedf9f77adf10f,,,8,1
stage1_60s,60,5,22,1400951998,[MACHINE_SPECIFIC_PATH_REMOVED],0,1,1,0,60.00999999046326,0.035034154795526865,3.5034154795526864,-27037.913679393307,-27985.164132585265,2909.0,TIME_LIMIT,dcap_like_sun_nestedB60_n10_m3_P120_pool360_seed5_tailcont_d0p1_homogeneousA0,67b38596d97e4ff91df53fefb835d3315cbed25e18511b7076b4ba4fe93892ed,67b38596d97e4ff91df53fefb835d3315cbed25e18511b7076b4ba4fe93892ed,3bb149d09d9ee6bc79674b8fe955cc959ae5da0f058e0e10c8aedf9f77adf10f,,,9,1
stage1_60s,60,7,19,255728784,[MACHINE_SPECIFIC_PATH_REMOVED],0,1,1,0,60.00800013542175,0.03425809809623971,3.425809809623971,-23108.948816037566,-23900.617451478363,2095.0,TIME_LIMIT,dcap_like_sun_nestedB60_n10_m3_P120_pool360_seed7_tailcont_d0p1_homogeneousA0,1268278e789ce8e3288602b5481177d46115c98b41d5839494ef96403f6e84e5,1268278e789ce8e3288602b5481177d46115c98b41d5839494ef96403f6e84e5,87756151f3fa21cd9490a906890bf48cefef0191a8755d54cfe3bc054126e755,,,10,1
stage1_60s,60,7,15,1073283950,[MACHINE_SPECIFIC_PATH_REMOVED],0,1,1,0,60.008999824523926,0.033347258920587215,3.3347258920587217,-21666.548248360134,-22389.068242713594,2201.0,TIME_LIMIT,dcap_like_sun_nestedB60_n10_m3_P120_pool360_seed7_tailcont_d0p1_homogeneousA0,1a98e68f70248f1cf1dbac97fd03939cfeba3fad47b47b821211638f3a88bee8,1a98e68f70248f1cf1dbac97fd03939cfeba3fad47b47b821211638f3a88bee8,a3af64e0b66f05cad54e98b275607bd9a0fb453bea1863fc33343c419768ab76,,,11,1
stage1_60s,60,3,16,343036706,[MACHINE_SPECIFIC_PATH_REMOVED],0,1,1,0,60.19700002670288,0.03299532765304258,3.2995327653042583,-24044.2969018397,-24837.64635630294,2112.0,TIME_LIMIT,dcap_like_sun_nestedB60_n10_m3_P120_pool360_seed3_tailcont_d0p1_homogeneousA0,dc55449cc25a7886d115c387b62d97c9539688256e8ec0776bc941360b07c643,dc55449cc25a7886d115c387b62d97c9539688256e8ec0776bc941360b07c643,290b11eacc620e0a91e14051a3b371cbe91e84ad64b4abdcbd0b6a5690b5bf6b,,,12,1
stage1_60s,60,4,25,1927500810,[MACHINE_SPECIFIC_PATH_REMOVED],0,1,1,0,60.18299984931946,0.0315414691080592,3.1541469108059204,-23809.840750258376,-24560.83810675046,1158.0,TIME_LIMIT,dcap_like_sun_nestedB60_n10_m3_P120_pool360_seed4_tailcont_d0p1_homogeneousA0,796fcb945b3f78f96033dd3d92d59e77ff3fbf4826d915a104512e21621b6de9,796fcb945b3f78f96033dd3d92d59e77ff3fbf4826d915a104512e21621b6de9,1dc91434d0fdecb5e9f1a2b31c706fc1e3b91d5c26a76846459cd815b11641d7,,,13,1
stage1_60s,60,8,8,1693395944,[MACHINE_SPECIFIC_PATH_REMOVED],0,1,1,0,60.121999979019165,0.031172362202571184,3.1172362202571184,-24203.57030059365,-24958.05276059915,1128.0,TIME_LIMIT,dcap_like_sun_nestedB60_n10_m3_P120_pool360_seed8_tailcont_d0p1_homogeneousA0,ef629a548d36310a17bc9ba57aa7ec2ad18e331e317025c584f55810e349b24b,ef629a548d36310a17bc9ba57aa7ec2ad18e331e317025c584f55810e349b24b,c31c5821387b95bb20b6b9fbe385931e04ded2e2481332fd41bf5abb581b134b,,,14,1
stage1_60s,60,1,34,287852352,[MACHINE_SPECIFIC_PATH_REMOVED],0,1,1,0,60.03699994087219,0.030760933826554603,3.0760933826554604,-23746.817604156193,-24477.291889068903,2563.0,TIME_LIMIT,dcap_like_sun_nestedB60_n10_m3_P120_pool360_seed1_tailcont_d0p1_homogeneousA0,48d7aec06b408961c24eecf45db14948059c26fd7de2558b6b31c58255b2a962,48d7aec06b408961c24eecf45db14948059c26fd7de2558b6b31c58255b2a962,7e746f79da823b7a844ec346f46ba0ce1c3e3b833aa8f589a555647ffc74a505,,,15,1
stage1_60s,60,6,4,737168579,[MACHINE_SPECIFIC_PATH_REMOVED],0,1,1,0,60.008999824523926,0.030094233932194653,3.0094233932194654,-26889.682194982168,-27698.90658132033,131412.0,TIME_LIMIT,dcap_like_sun_nestedB60_n10_m3_P120_pool360_seed6_tailcont_d0p1_homogeneousA0,7b324efe8c42974003b0965b0b3669e714c070a44d011015475f6e418e61ca33,7b324efe8c42974003b0965b0b3669e714c070a44d011015475f6e418e61ca33,1da436c582994afc4b66be33e0104236188a5b9bfd431072fa59153a83c672c4,,,16,1
stage1_60s,60,3,15,568628368,[MACHINE_SPECIFIC_PATH_REMOVED],0,1,1,0,60.037999868392944,0.029773682644530296,2.9773682644530295,-28132.231508532983,-28969.8316415505,2401.0,TIME_LIMIT,dcap_like_sun_nestedB60_n10_m3_P120_pool360_seed3_tailcont_d0p1_homogeneousA0,ae20293c2e530fec6051b1ef31c500e0be79f619a335f3ea5935f51c65e81399,ae20293c2e530fec6051b1ef31c500e0be79f619a335f3ea5935f51c65e81399,286cbd81c91de2905c1bc8be0f6c9e3630fbe58641d716e94e9f98114d38e2e2,,,17,1
stage1_60s,60,6,22,111087679,[MACHINE_SPECIFIC_PATH_REMOVED],0,1,1,0,60.007999897003174,0.029496390491578667,2.9496390491578666,-25077.335255715556,-25817.026128906375,7066.0,TIME_LIMIT,dcap_like_sun_nestedB60_n10_m3_P120_pool360_seed6_tailcont_d0p1_homogeneousA0,85a4ac98737b01eac5bfa3435de41a81cfeb0bd6d60a304fbf828b958feeb870,85a4ac98737b01eac5bfa3435de41a81cfeb0bd6d60a304fbf828b958feeb870,03722e58d17dbc5c19d28d5f177b9519a6c5024f2ea519d9b75b1bb475f23592,,,18,1
stage1_60s,60,9,24,139917572,[MACHINE_SPECIFIC_PATH_REMOVED],0,1,1,0,60.01699995994568,0.028641787596531455,2.8641787596531456,-26072.479294055996,-26819.241708111313,34855.0,TIME_LIMIT,dcap_like_sun_nestedB60_n10_m3_P120_pool360_seed9_tailcont_d0p1_homogeneousA0,d4a75adb898d910ef4614359abad9e6dcf76d2f39e9de064a4d94a0a6b02c5e0,d4a75adb898d910ef4614359abad9e6dcf76d2f39e9de064a4d94a0a6b02c5e0,2b9ec164d0c6d878961362b57c4d69fa20b22b97eb720dc047b1a67f5f97ad0e,,,19,1
stage1_60s,60,8,35,956872797,[MACHINE_SPECIFIC_PATH_REMOVED],0,1,1,0,60.020999908447266,0.028249768842165637,2.824976884216564,-25331.092777096423,-26046.69029256885,121773.0,TIME_LIMIT,dcap_like_sun_nestedB60_n10_m3_P120_pool360_seed8_tailcont_d0p1_homogeneousA0,2282bf6fa39ad2ab8dce2efed8cbf1af63b5cff881ebf6e368007ebf067d0e25,2282bf6fa39ad2ab8dce2efed8cbf1af63b5cff881ebf6e368007ebf067d0e25,a2e9a9567651cccde6676f04181c05714941f3c2aba2356563bfd562ca8e5cfb,,,20,1
stage1_60s,60,1,29,266112162,[MACHINE_SPECIFIC_PATH_REMOVED],0,1,1,0,60.01300001144409,0.027997097176004616,2.7997097176004617,-30150.732507064615,-30994.865494992624,8468.0,TIME_LIMIT,dcap_like_sun_nestedB60_n10_m3_P120_pool360_seed1_tailcont_d0p1_homogeneousA0,67de08b39958ce9fa42cf710e0ae6469028e238bb243dacf8168142e3ac2248e,67de08b39958ce9fa42cf710e0ae6469028e238bb243dacf8168142e3ac2248e,97fcf9b7a6b719e35e8a16ed9e42175b5f9d1a47b7c80b2989c1587d93d4e0cf,,,21,1
stage1_60s,60,10,12,291885126,[MACHINE_SPECIFIC_PATH_REMOVED],0,1,1,0,60.01900005340576,0.027425632859381217,2.7425632859381217,-25965.93286516119,-26678.065006772442,128725.0,TIME_LIMIT,dcap_like_sun_nestedB60_n10_m3_P120_pool360_seed10_tailcont_d0p1_homogeneousA0,b5a85398e64ebabf2b19d6f1909933d2e8283033948fe81bb5e3c50bbf9b1be9,b5a85398e64ebabf2b19d6f1909933d2e8283033948fe81bb5e3c50bbf9b1be9,2324cac036f1b1762beea8eb2ad9b2cc055f88cfc94c078612c25680d9526378,,,22,1
stage1_60s,60,3,28,1260140335,[MACHINE_SPECIFIC_PATH_REMOVED],0,1,1,0,60.02000021934509,0.02722147028181058,2.722147028181058,-21724.131126514712,-22315.49391637329,45366.0,TIME_LIMIT,dcap_like_sun_nestedB60_n10_m3_P120_pool360_seed3_tailcont_d0p1_homogeneousA0,386c107ba3519312b616187965917ed4a0c38c01d3fa194f082eeabc743e3763,386c107ba3519312b616187965917ed4a0c38c01d3fa194f082eeabc743e3763,52457a96f65822f22af24a19476a0745a55420cfcbebd8edad4dcebeaddb2431,,,23,1
stage1_60s,60,8,5,378027506,[MACHINE_SPECIFIC_PATH_REMOVED],0,1,1,0,60.01200008392334,0.026929235171156772,2.6929235171156773,-25289.47722338249,-25970.50350288657,3469.0,TIME_LIMIT,dcap_like_sun_nestedB60_n10_m3_P120_pool360_seed8_tailcont_d0p1_homogeneousA0,7bed5fa36269187a81dbab283f2af30224fc68dbc718dd1dd862ca4fdc3e91f8,7bed5fa36269187a81dbab283f2af30224fc68dbc718dd1dd862ca4fdc3e91f8,51a11896086bd0e6effa6a3eef5c8c3c0f8166b39d5e90418827a24138418310,,,24,1
stage1_60s,60,5,28,2092048919,[MACHINE_SPECIFIC_PATH_REMOVED],0,1,1,0,60.01300001144409,0.025286078302331677,2.5286078302331676,-29170.44358667895,-29908.049707325463,11924.0,TIME_LIMIT,dcap_like_sun_nestedB60_n10_m3_P120_pool360_seed5_tailcont_d0p1_homogeneousA0,3d993cb65b402063f2e978d0cc36c87ef05aa1f8fa0fd1ea3210d34d5f7f380e,3d993cb65b402063f2e978d0cc36c87ef05aa1f8fa0fd1ea3210d34d5f7f380e,afe5f9c694f4687ec07cec4399eaa67c8e571d5f3875e37b17c1ac92ab96128b,,,25,1
stage1_60s,60,6,39,1606396927,[MACHINE_SPECIFIC_PATH_REMOVED],0,1,1,0,60.01099991798401,0.024360262850462597,2.4360262850462595,-22304.554246399555,-22847.89905060425,45773.0,TIME_LIMIT,dcap_like_sun_nestedB60_n10_m3_P120_pool360_seed6_tailcont_d0p1_homogeneousA0,7dfce4fcc9fb342fe6eaea203af919a490eb0bd58baafbe2b42fd703a7ef1eb6,7dfce4fcc9fb342fe6eaea203af919a490eb0bd58baafbe2b42fd703a7ef1eb6,39280af30af981c5c4cab0d68da2f36eaaa4c004dee06bc10d9e5a9403a0305e,,,26,1
stage1_60s,60,10,16,1807639472,[MACHINE_SPECIFIC_PATH_REMOVED],0,1,1,0,60.01100015640259,0.024272519781816694,2.4272519781816695,-29224.21281630148,-29933.558099993177,5615.0,TIME_LIMIT,dcap_like_sun_nestedB60_n10_m3_P120_pool360_seed10_tailcont_d0p1_homogeneousA0,c02fe70c5d2b7966afe3df2277b3bcf2dc53bf0d077e294fd88e9b6caacf4edf,c02fe70c5d2b7966afe3df2277b3bcf2dc53bf0d077e294fd88e9b6caacf4edf,0218466b7bf25bb498f0a931367b531a62ab218700e1d3d322f75bc612f0bdd0,,,27,1
stage1_60s,60,6,38,1825072544,[MACHINE_SPECIFIC_PATH_REMOVED],0,1,1,0,60.009000062942505,0.023818035547114157,2.3818035547114156,-26090.475931140045,-26711.899814309065,2261.0,TIME_LIMIT,dcap_like_sun_nestedB60_n10_m3_P120_pool360_seed6_tailcont_d0p1_homogeneousA0,cd9c6308570cd242e1b9787f20a65c00c29144c82a7217c70ed22efe1d42b74e,cd9c6308570cd242e1b9787f20a65c00c29144c82a7217c70ed22efe1d42b74e,f4434d13bf5186944c78ba34f5c6f83adeb6b0e30f95d262114bda0d6b6bc8f3,,,28,1
stage1_60s,60,6,36,445472431,[MACHINE_SPECIFIC_PATH_REMOVED],0,1,1,0,60.049999952316284,0.023570233987528492,2.3570233987528493,-25013.120435583525,-25602.68553700846,1215.0,TIME_LIMIT,dcap_like_sun_nestedB60_n10_m3_P120_pool360_seed6_tailcont_d0p1_homogeneousA0,5d7aff56a05d1a05fd09fc6536dd104437af1e10235b92b209a19277d36c70b7,5d7aff56a05d1a05fd09fc6536dd104437af1e10235b92b209a19277d36c70b7,5c81a36cd3901512e8f3fb3c1448c0c59f3b7d2d7c62705f9b24cec91e4f12cd,,,29,1
stage1_60s,60,5,37,1429937342,[MACHINE_SPECIFIC_PATH_REMOVED],0,1,1,0,60.07799983024597,0.023427705602214344,2.3427705602214344,-23511.415313224566,-24062.233829474186,1152.0,TIME_LIMIT,dcap_like_sun_nestedB60_n10_m3_P120_pool360_seed5_tailcont_d0p1_homogeneousA0,7ad29c201b9100540e696f2819b327e589d27e1cf3d3df68583bf453371e5c01,7ad29c201b9100540e696f2819b327e589d27e1cf3d3df68583bf453371e5c01,59ef6d1c6c7d00eee77dd9bc7ed95ccfd1cdf8f1f8a554590a9158a3f18c71b7,,,30,1
stage1_60s,60,10,21,505385130,[MACHINE_SPECIFIC_PATH_REMOVED],0,1,1,0,60.01700019836426,0.023233021414614207,2.3233021414614208,-26735.436728217104,-27356.581702252835,18678.0,TIME_LIMIT,dcap_like_sun_nestedB60_n10_m3_P120_pool360_seed10_tailcont_d0p1_homogeneousA0,a773aca2fed087cd186979807f6a293ba9dbc0aaedfc7c15d116f323f4a07791,a773aca2fed087cd186979807f6a293ba9dbc0aaedfc7c15d116f323f4a07791,1787fd130f290bdf8f573a28de6a703143992e6c977139bd1062f35a0d26ed7c,,,31,1
stage1_60s,60,3,1,1742692731,[MACHINE_SPECIFIC_PATH_REMOVED],0,1,1,0,60.36899995803833,0.02307400763784123,2.307400763784123,-26598.664287830303,-27212.402070764074,1086.0,TIME_LIMIT,dcap_like_sun_nestedB60_n10_m3_P120_pool360_seed3_tailcont_d0p1_homogeneousA0,894a56099c857f041de6056397e38aff751d22ccc10e3f85cbdf9691b927a3e5,894a56099c857f041de6056397e38aff751d22ccc10e3f85cbdf9691b927a3e5,c9dbac511ef4d4436c419a3d8770c7d22f818ff90060d52b352aad44faf45cba,,,32,1
stage1_60s,60,5,36,1058758870,[MACHINE_SPECIFIC_PATH_REMOVED],0,1,1,0,60.019999980926514,0.022275054045156777,2.2275054045156777,-27608.63939916739,-28223.62333389709,17513.0,TIME_LIMIT,dcap_like_sun_nestedB60_n10_m3_P120_pool360_seed5_tailcont_d0p1_homogeneousA0,c076dfc8c46791a56d3f4d4858443fb9fd9891ecfec18d8c83590178243d31ee,c076dfc8c46791a56d3f4d4858443fb9fd9891ecfec18d8c83590178243d31ee,c09ec1869c91ff1dec59679ee88a83cf7d5a6d69aebf6cee843eed52d6feb885,,,33,1
stage1_60s,60,3,37,1396642889,[MACHINE_SPECIFIC_PATH_REMOVED],0,1,1,0,60.013999938964844,0.02203541949257505,2.203541949257505,-26676.87539044241,-27264.71153042196,39848.0,TIME_LIMIT,dcap_like_sun_nestedB60_n10_m3_P120_pool360_seed3_tailcont_d0p1_homogeneousA0,0c96506de1e302ffa5d3395ea4e5c9880dad34712a6af647e68acc057d4dc617,0c96506de1e302ffa5d3395ea4e5c9880dad34712a6af647e68acc057d4dc617,1c050df679cde03bd78ac9426729c710ab037817926e5a870d3dc2ea11ed8adb,,,34,1
stage1_60s,60,2,13,2132147591,[MACHINE_SPECIFIC_PATH_REMOVED],0,1,1,0,60.212000131607056,0.021509012084536056,2.1509012084536057,-26345.178219715024,-26911.83697641213,1124.0,TIME_LIMIT,dcap_like_sun_nestedB60_n10_m3_P120_pool360_seed2_tailcont_d0p1_homogeneousA0,50ae942cc8e5823659cc2181314aa16fb5396fd80aa366f9bda2798ad3aa0b8d,50ae942cc8e5823659cc2181314aa16fb5396fd80aa366f9bda2798ad3aa0b8d,87756151f3fa21cd9490a906890bf48cefef0191a8755d54cfe3bc054126e755,,,35,1
stage1_60s,60,8,23,1822985620,[MACHINE_SPECIFIC_PATH_REMOVED],0,1,1,0,60.03399991989136,0.02102852472563201,2.102852472563201,-24309.18690881366,-24820.373246785657,1303.0,TIME_LIMIT,dcap_like_sun_nestedB60_n10_m3_P120_pool360_seed8_tailcont_d0p1_homogeneousA0,39358b9f596ebcd39fe7d71b02a1b881b70ab56204fa59ab23d14bf7ae1c37b6,39358b9f596ebcd39fe7d71b02a1b881b70ab56204fa59ab23d14bf7ae1c37b6,67e482cddf3710f0ebb49da207c5077562eb6a6f5d1b50c23df69460db9ee1b4,,,36,1
stage1_60s,60,1,18,1180243456,[MACHINE_SPECIFIC_PATH_REMOVED],0,1,1,0,60.46300005912781,0.020690395259066435,2.0690395259066436,-24174.33123894688,-24674.50770740429,1136.0,TIME_LIMIT,dcap_like_sun_nestedB60_n10_m3_P120_pool360_seed1_tailcont_d0p1_homogeneousA0,69d3b25f08d5e543b8f231359bd1a8cd78aa8174ac0eb278bef92561b28571bf,69d3b25f08d5e543b8f231359bd1a8cd78aa8174ac0eb278bef92561b28571bf,fd142ba51145baac572263afcf77871cd72b2ea01bd9925353fa399fb520f7d8,,,37,1
stage1_60s,60,1,39,1078591221,[MACHINE_SPECIFIC_PATH_REMOVED],0,1,1,0,60.00999999046326,0.020414884122295956,2.0414884122295955,-27472.51518914052,-28033.363403274838,1221.0,TIME_LIMIT,dcap_like_sun_nestedB60_n10_m3_P120_pool360_seed1_tailcont_d0p1_homogeneousA0,cc301146a9ad45a01dec44ece15b709856f3081a165c957ec513f10b8d486f5f,cc301146a9ad45a01dec44ece15b709856f3081a165c957ec513f10b8d486f5f,bc6526823c4eb39859362f0996f4be179f8e303b9afe1715f7545667ec6fd429,,,38,1
stage1_60s,60,3,22,840156141,[MACHINE_SPECIFIC_PATH_REMOVED],0,1,1,0,60.03499984741211,0.020345862924154863,2.0345862924154865,-24611.043935595455,-25111.776861929433,1178.0,TIME_LIMIT,dcap_like_sun_nestedB60_n10_m3_P120_pool360_seed3_tailcont_d0p1_homogeneousA0,2bf36883f1f7570557e60ff837b1cbf262e2270eed2bcd593573d4a7b566ab8a,2bf36883f1f7570557e60ff837b1cbf262e2270eed2bcd593573d4a7b566ab8a,1c050df679cde03bd78ac9426729c710ab037817926e5a870d3dc2ea11ed8adb,,,39,1
stage1_60s,60,9,26,12081851,[MACHINE_SPECIFIC_PATH_REMOVED],0,1,1,0,60.043999910354614,0.020200940336272233,2.020094033627223,-27595.689001587412,-28153.147868646804,1198.0,TIME_LIMIT,dcap_like_sun_nestedB60_n10_m3_P120_pool360_seed9_tailcont_d0p1_homogeneousA0,d3ba0cc30bf71ef20c077c0700567091beb5d565a879e6f58f8de03767845ae2,d3ba0cc30bf71ef20c077c0700567091beb5d565a879e6f58f8de03767845ae2,e61ffd4766b6fda4dbced079a4bda14c6306663f557dead7e0ffc0b828423de4,,,40,1
stage1_60s,60,8,36,1268954210,[MACHINE_SPECIFIC_PATH_REMOVED],0,1,1,0,60.04400014877319,0.020005920568021317,2.0005920568021316,-26247.586449014278,-26772.69357861553,1163.0,TIME_LIMIT,dcap_like_sun_nestedB60_n10_m3_P120_pool360_seed8_tailcont_d0p1_homogeneousA0,ee61d713de93ee8f3ccfa43451352d3be7313f71b3492fe628206fe7c003661c,ee61d713de93ee8f3ccfa43451352d3be7313f71b3492fe628206fe7c003661c,844a999e88a42726a3f774fa8e2097ff20768b323d9cf2b6408147bf34aa9829,,,41,1
stage1_60s,60,4,36,1995068975,[MACHINE_SPECIFIC_PATH_REMOVED],0,1,1,0,60.026000022888184,0.019916733845825624,1.9916733845825623,-23479.785448906572,-23947.426086449534,1181.0,TIME_LIMIT,dcap_like_sun_nestedB60_n10_m3_P120_pool360_seed4_tailcont_d0p1_homogeneousA0,1f8e6955c1d42adc14238b17e19577f202dfd76258c0329a6c62b8c5ff245e99,1f8e6955c1d42adc14238b17e19577f202dfd76258c0329a6c62b8c5ff245e99,8a0c47eeff8d8ab1c455065047e613eb84573833f27406cdf2336df38f668596,,,42,1
stage1_60s,60,1,10,669652943,[MACHINE_SPECIFIC_PATH_REMOVED],0,1,1,0,60.01299977302551,0.019779819123915326,1.9779819123915328,-26226.136580362705,-26744.88481824138,2234.0,TIME_LIMIT,dcap_like_sun_nestedB60_n10_m3_P120_pool360_seed1_tailcont_d0p1_homogeneousA0,90af38d654e315fd13e3ca0045fbc4d8c7e06b20478985c065a17aba7a6875b9,90af38d654e315fd13e3ca0045fbc4d8c7e06b20478985c065a17aba7a6875b9,2171b91b3c01d229dd36b0a74e21d5713966267c15e4e1ac1875841114df2e37,,,43,1
stage1_60s,60,3,18,1577492419,[MACHINE_SPECIFIC_PATH_REMOVED],0,1,1,0,60.23199987411499,0.019624325895145185,1.9624325895145185,-25999.17013702331,-26509.38632479558,1150.0,TIME_LIMIT,dcap_like_sun_nestedB60_n10_m3_P120_pool360_seed3_tailcont_d0p1_homogeneousA0,b3607b504a65d9c283d907c28554cba75bc718990db5888f386ff37926f56b2c,b3607b504a65d9c283d907c28554cba75bc718990db5888f386ff37926f56b2c,043cf73ce66877fac92eabff546b6875592416366544ab833943dd297d9cca1f,,,44,1
stage1_60s,60,4,18,1871822497,[MACHINE_SPECIFIC_PATH_REMOVED],0,1,1,0,60.00499987602234,0.01946373772387578,1.946373772387578,-25406.943039959937,-25901.45711565517,106236.0,TIME_LIMIT,dcap_like_sun_nestedB60_n10_m3_P120_pool360_seed4_tailcont_d0p1_homogeneousA0,a83d4ca183e63228e07772a7a9d3ec5f6ed12dddf3df4a17263cbe065cda5b27,a83d4ca183e63228e07772a7a9d3ec5f6ed12dddf3df4a17263cbe065cda5b27,bfd7b2d3a517f0b39cfd4c2c04266a44446fdaf0bdcf4979f4d36b14cf314821,,,45,1
stage1_60s,60,6,28,2101887333,[MACHINE_SPECIFIC_PATH_REMOVED],0,1,1,0,60.00600004196167,0.0190005417859776,1.9000541785977603,-24613.15492904972,-25080.81820776387,1229.0,TIME_LIMIT,dcap_like_sun_nestedB60_n10_m3_P120_pool360_seed6_tailcont_d0p1_homogeneousA0,021596b068935e450cd1a0dbbfc298d03817c1f8f6557557c4a3e401ba901c00,021596b068935e450cd1a0dbbfc298d03817c1f8f6557557c4a3e401ba901c00,1e4f6de0f62d701a028dae6cea3520f5ceb8255615cb7dccdea9c5adba89fff0,,,46,1
stage1_60s,60,8,18,229681099,[MACHINE_SPECIFIC_PATH_REMOVED],0,1,1,0,60.02900004386902,0.01898593213103191,1.898593213103191,-25538.01839321563,-26022.881477190265,6835.0,TIME_LIMIT,dcap_like_sun_nestedB60_n10_m3_P120_pool360_seed8_tailcont_d0p1_homogeneousA0,0c910b26389bd7510f37b19faf73eb78d649e37e39c9dde9c3c29cedb6241501,0c910b26389bd7510f37b19faf73eb78d649e37e39c9dde9c3c29cedb6241501,11e205f38c136066460db739c3031dd544654a85e86eee648e52fd6b55d776df,,,47,1
stage1_60s,60,1,11,1866217507,[MACHINE_SPECIFIC_PATH_REMOVED],0,1,1,0,60.01100015640259,0.018910219207001453,1.8910219207001453,-22752.883167692395,-23183.14517598475,3224.0,TIME_LIMIT,dcap_like_sun_nestedB60_n10_m3_P120_pool360_seed1_tailcont_d0p1_homogeneousA0,eefe04b34193efca5cb9f77e339dab33dc4a4e4a5364c9c05ba6d92bc2164840,eefe04b34193efca5cb9f77e339dab33dc4a4e4a5364c9c05ba6d92bc2164840,844a999e88a42726a3f774fa8e2097ff20768b323d9cf2b6408147bf34aa9829,,,48,1
stage1_60s,60,3,23,1906589685,[MACHINE_SPECIFIC_PATH_REMOVED],0,1,1,0,60.020999908447266,0.018773324970556355,1.8773324970556355,-23700.995941342248,-24145.942440274903,75469.0,TIME_LIMIT,dcap_like_sun_nestedB60_n10_m3_P120_pool360_seed3_tailcont_d0p1_homogeneousA0,253ea6b31262a23044f9db7fdffe6e729b8fff6fac76dbe1babf6309fd1044cc,253ea6b31262a23044f9db7fdffe6e729b8fff6fac76dbe1babf6309fd1044cc,8bcc7c027d6de3d0a483f3d60be5482aa178b0dd2f067d694f34d77ec340ff52,,,49,1
stage1_60s,60,10,22,1772388919,[MACHINE_SPECIFIC_PATH_REMOVED],0,1,1,0,60.021000146865845,0.018636065964500462,1.8636065964500463,-22446.868722249535,-22865.19004845386,50058.0,TIME_LIMIT,dcap_like_sun_nestedB60_n10_m3_P120_pool360_seed10_tailcont_d0p1_homogeneousA0,2112393039b04d7a31ca25ba52bf2de9b0555b18358adca4e4d2d88f828b5b58,2112393039b04d7a31ca25ba52bf2de9b0555b18358adca4e4d2d88f828b5b58,7e3111d97c0532275c83794ce3d6d2fa24c3376f61e4f0955eff94bb6094eceb,,,50,1
stage1_60s,60,4,21,726285598,[MACHINE_SPECIFIC_PATH_REMOVED],0,1,1,0,60.01900005340576,0.018552392261737494,1.8552392261737494,-26357.91719598493,-26846.91961500724,63338.0,TIME_LIMIT,dcap_like_sun_nestedB60_n10_m3_P120_pool360_seed4_tailcont_d0p1_homogeneousA0,bd4fe2a255424070a7637eb2f02f2493ed21f861dca0a2563b975b9d67151fc3,bd4fe2a255424070a7637eb2f02f2493ed21f861dca0a2563b975b9d67151fc3,faee0bf3c155a9fcaccf74958cd578c9a671f5ea4e3bc4254c4b83173e9c7bb4,,,51,1
stage1_60s,60,4,5,2019575648,[MACHINE_SPECIFIC_PATH_REMOVED],0,1,1,0,60.031999826431274,0.018394030829231172,1.8394030829231172,-25363.639139701714,-25830.178699978882,1153.0,TIME_LIMIT,dcap_like_sun_nestedB60_n10_m3_P120_pool360_seed4_tailcont_d0p1_homogeneousA0,438f6b0cb08c20683d983fbfa7b8442d0402a3dc8e4c2663e1d4a216d61b0970,438f6b0cb08c20683d983fbfa7b8442d0402a3dc8e4c2663e1d4a216d61b0970,eb8c916a6c8a2ce26e4a1a4972b3b237c10a64fc247a44294072bfcd3b5e5627,,,52,1
stage1_60s,60,3,35,687170219,[MACHINE_SPECIFIC_PATH_REMOVED],0,1,1,0,60.01799988746643,0.018375151130971257,1.8375151130971257,-26924.063195162067,-27418.79692543299,63758.0,TIME_LIMIT,dcap_like_sun_nestedB60_n10_m3_P120_pool360_seed3_tailcont_d0p1_homogeneousA0,35e44b133370f93a87cc9eb03b9b59b1f31c9f95c3c70eaf9b57428f39affca2,35e44b133370f93a87cc9eb03b9b59b1f31c9f95c3c70eaf9b57428f39affca2,1e6db2543fc29803d2ebc78ee45592183603a923efd68ea8b2bdbb4d53b7ce81,,,53,1
stage1_60s,60,10,30,1776192178,[MACHINE_SPECIFIC_PATH_REMOVED],0,1,1,0,60.055999994277954,0.018180289134345187,1.8180289134345187,-24095.068172473788,-24533.12347856112,1446.0,TIME_LIMIT,dcap_like_sun_nestedB60_n10_m3_P120_pool360_seed10_tailcont_d0p1_homogeneousA0,1f89a64fd79cf4591c160d5ffe891c6d47e7052e04426dca995ee21253122932,1f89a64fd79cf4591c160d5ffe891c6d47e7052e04426dca995ee21253122932,bd07b631a55e14a79b4187e53fc3bea9938e3f2ad4f206628bd1ed251e80193c,,,54,1
stage1_60s,60,7,31,1251001413,[MACHINE_SPECIFIC_PATH_REMOVED],0,1,1,0,60.01900005340576,0.018176474854783197,1.8176474854783198,-27849.030898857072,-28355.22810872023,121903.0,TIME_LIMIT,dcap_like_sun_nestedB60_n10_m3_P120_pool360_seed7_tailcont_d0p1_homogeneousA0,14b2dba5796eb637d0852ace30a832cd616914bbcac93c19d17bbf2ea9337509,14b2dba5796eb637d0852ace30a832cd616914bbcac93c19d17bbf2ea9337509,4a296f0636008778fb022650cbb365dce19bba67ca690bfcbfd040ae93f2d9f7,,,55,1
stage1_60s,60,2,9,719155818,[MACHINE_SPECIFIC_PATH_REMOVED],0,1,1,0,60.007999897003174,0.01781928842276039,1.7819288422760389,-24072.835168195303,-24501.795961210944,2162.0,TIME_LIMIT,dcap_like_sun_nestedB60_n10_m3_P120_pool360_seed2_tailcont_d0p1_homogeneousA0,0c724f8040b3ff1a401d645810887db560f4dd02843f74d1a69fc52480a70a67,0c724f8040b3ff1a401d645810887db560f4dd02843f74d1a69fc52480a70a67,51d0aa77b4f5aeb461ae7a1722696e020d0fb2455bfe2a20d73fc4d00783c6ca,,,56,1
stage1_60s,60,3,10,202139719,[MACHINE_SPECIFIC_PATH_REMOVED],0,1,1,0,60.014999866485596,0.017505754271666823,1.7505754271666822,-26885.73691739112,-27356.39202127965,154324.0,TIME_LIMIT,dcap_like_sun_nestedB60_n10_m3_P120_pool360_seed3_tailcont_d0p1_homogeneousA0,9ff4bbde9191e620d31426099a6aa32573abe9bc9d4f269d3a7ffae52afa532d,9ff4bbde9191e620d31426099a6aa32573abe9bc9d4f269d3a7ffae52afa532d,a3916ea8a5ffd7d03b31e13de5aba46d3ed3c28a509005146c491c6d340a116f,,,57,1
stage1_60s,60,6,16,708591124,[MACHINE_SPECIFIC_PATH_REMOVED],0,1,1,0,60.54200005531311,0.017493966008893018,1.7493966008893018,-24802.088215540505,-25235.975103732737,2087.0,TIME_LIMIT,dcap_like_sun_nestedB60_n10_m3_P120_pool360_seed6_tailcont_d0p1_homogeneousA0,242cceb73e32f4865e97b65ce05958ef3268b16ed2af28b0e375757ca683b3b2,242cceb73e32f4865e97b65ce05958ef3268b16ed2af28b0e375757ca683b3b2,bd07b631a55e14a79b4187e53fc3bea9938e3f2ad4f206628bd1ed251e80193c,,,58,1
stage1_60s,60,5,21,410131242,[MACHINE_SPECIFIC_PATH_REMOVED],0,1,1,0,60.01200008392334,0.017395777134219675,1.7395777134219674,-25061.834158698184,-25497.80424029767,3281.0,TIME_LIMIT,dcap_like_sun_nestedB60_n10_m3_P120_pool360_seed5_tailcont_d0p1_homogeneousA0,adffb9b60cf4b7d4a6d7db08e6000bf4452ce5ab21c4968637e8bd4507ec5770,adffb9b60cf4b7d4a6d7db08e6000bf4452ce5ab21c4968637e8bd4507ec5770,28d719c2fc68624ed554ae95079f6c0d2e21507c9ad000ca25e6d4c7988d6b2b,,,59,1
stage1_60s,60,9,39,1101566026,[MACHINE_SPECIFIC_PATH_REMOVED],0,1,1,0,60.009000062942505,0.01738156514833205,1.738156514833205,-23428.97995302457,-23836.21229443703,16233.0,TIME_LIMIT,dcap_like_sun_nestedB60_n10_m3_P120_pool360_seed9_tailcont_d0p1_homogeneousA0,5befe6eb5a9ebcac9e4f48ab433567e3ee4ba6219e3e2fd2bd253ebc6467df6d,5befe6eb5a9ebcac9e4f48ab433567e3ee4ba6219e3e2fd2bd253ebc6467df6d,cb1d0d63dc4b44b0673c2696f871137acc9fb2de3b9e8203ab5e5138df4467a0,,,60,1
stage1_60s,60,10,4,445993290,[MACHINE_SPECIFIC_PATH_REMOVED],0,1,1,0,60.013999938964844,0.017259176190841687,1.7259176190841687,-28453.05829492598,-28944.134641206398,6844.0,TIME_LIMIT,dcap_like_sun_nestedB60_n10_m3_P120_pool360_seed10_tailcont_d0p1_homogeneousA0,2069db87a60835aa74546a61e9218e46f72bce56b0eeecbfcedd594850c2a7a9,2069db87a60835aa74546a61e9218e46f72bce56b0eeecbfcedd594850c2a7a9,48a9910489a00ffa9cd1432d8d5cd434bd49706cd01c171cce2d72136bc9298f,,,61,0
stage1_60s,60,6,1,955728254,[MACHINE_SPECIFIC_PATH_REMOVED],0,1,1,0,60.008999824523926,0.016606415762616882,1.6606415762616882,-23872.454909223736,-24268.89082072063,140626.0,TIME_LIMIT,dcap_like_sun_nestedB60_n10_m3_P120_pool360_seed6_tailcont_d0p1_homogeneousA0,8c9e4b7ae0b0c448e32d48a5e5883e806c9c10db68375f388a4857407ee7e162,8c9e4b7ae0b0c448e32d48a5e5883e806c9c10db68375f388a4857407ee7e162,28d719c2fc68624ed554ae95079f6c0d2e21507c9ad000ca25e6d4c7988d6b2b,,,62,0
stage1_60s,60,8,38,1297664873,[MACHINE_SPECIFIC_PATH_REMOVED],0,1,1,0,60.020999908447266,0.016546021774707678,1.6546021774707678,-27963.341801084272,-28426.023863418606,152143.0,TIME_LIMIT,dcap_like_sun_nestedB60_n10_m3_P120_pool360_seed8_tailcont_d0p1_homogeneousA0,0649b6d0c09d5975c9df8a80b4883b30fe12b76fdb14fa310f29c4beb62d2124,0649b6d0c09d5975c9df8a80b4883b30fe12b76fdb14fa310f29c4beb62d2124,21de369e02a4933103f08a3a9853ac388d8872fae4316df0191f30b6858cb0b1,,,63,0
stage1_60s,60,3,40,628613021,[MACHINE_SPECIFIC_PATH_REMOVED],0,1,1,0,60.02300000190735,0.016490882267609416,1.6490882267609415,-27368.590948638674,-27819.923159803035,32184.0,TIME_LIMIT,dcap_like_sun_nestedB60_n10_m3_P120_pool360_seed3_tailcont_d0p1_homogeneousA0,ad44472b7f82609e4f914bca467ce1b617d914fe5a69f78f549960762c9c7ba7,ad44472b7f82609e4f914bca467ce1b617d914fe5a69f78f549960762c9c7ba7,2a7d93b74647d756fe963bab1da0443b4ed8d0225ea634f4e50ab87bf3f30d97,,,64,0
stage1_60s,60,6,24,1825772013,[MACHINE_SPECIFIC_PATH_REMOVED],0,1,1,0,60.01300001144409,0.016420496312884336,1.6420496312884336,-23596.726637024713,-23984.196599764116,29384.0,TIME_LIMIT,dcap_like_sun_nestedB60_n10_m3_P120_pool360_seed6_tailcont_d0p1_homogeneousA0,425d19d88c6bb1b1a64b773c6a44d7fc142e07bb16755506800b498cbc560b28,425d19d88c6bb1b1a64b773c6a44d7fc142e07bb16755506800b498cbc560b28,a2e9a9567651cccde6676f04181c05714941f3c2aba2356563bfd562ca8e5cfb,,,65,0
stage1_60s,60,4,22,1937492129,[MACHINE_SPECIFIC_PATH_REMOVED],0,1,1,0,60.0220000743866,0.016393582163692074,1.6393582163692073,-28576.122635755346,-29044.587650104342,1170.0,TIME_LIMIT,dcap_like_sun_nestedB60_n10_m3_P120_pool360_seed4_tailcont_d0p1_homogeneousA0,fe9dd784b65b0fc2dcc716f37c6d4397e3b1ab10f821b6592476b21f747478d2,fe9dd784b65b0fc2dcc716f37c6d4397e3b1ab10f821b6592476b21f747478d2,1e4f6de0f62d701a028dae6cea3520f5ceb8255615cb7dccdea9c5adba89fff0,,,66,0
stage1_60s,60,8,1,1545220601,[MACHINE_SPECIFIC_PATH_REMOVED],0,1,1,0,60.03999996185303,0.016355922480687606,1.6355922480687606,-27773.329884533934,-28227.588315155936,1549.0,TIME_LIMIT,dcap_like_sun_nestedB60_n10_m3_P120_pool360_seed8_tailcont_d0p1_homogeneousA0,2f1f3edb5054ac1533d7f5afe72d3d71324698a254fa7f4d961cd6a2f8ac6c00,2f1f3edb5054ac1533d7f5afe72d3d71324698a254fa7f4d961cd6a2f8ac6c00,3780483e6652ba2980cd5b45ee5a578cc4c74c3b29713ce1e82efe94a4bac19d,,,67,0
stage1_60s,60,4,40,1307498890,[MACHINE_SPECIFIC_PATH_REMOVED],0,1,1,0,60.01199984550476,0.016338816692955487,1.6338816692955487,-25190.426291238746,-25602.008048828702,4676.0,TIME_LIMIT,dcap_like_sun_nestedB60_n10_m3_P120_pool360_seed4_tailcont_d0p1_homogeneousA0,15a1b8195a960273f0b596d8b1f29cf5d64ef88a7b6cd4bcc19ff87c9357d2ec,15a1b8195a960273f0b596d8b1f29cf5d64ef88a7b6cd4bcc19ff87c9357d2ec,2a647c8b0a6a1582e433fcf59303bcb925524edf27ea82ed996ed477c05cc1fd,,,68,0
stage1_60s,60,1,31,267191830,[MACHINE_SPECIFIC_PATH_REMOVED],0,1,1,0,60.00699996948242,0.016260046496190513,1.6260046496190512,-25732.984265773608,-26151.403786420826,1243.0,TIME_LIMIT,dcap_like_sun_nestedB60_n10_m3_P120_pool360_seed1_tailcont_d0p1_homogeneousA0,d7ddad6c5d3eb8ae664587ccc6e30153635c5d5118df2e1c1306a17fdba62ff7,d7ddad6c5d3eb8ae664587ccc6e30153635c5d5118df2e1c1306a17fdba62ff7,772b24e8e8e862dfb3f7e330ad1c948713ad567754b68b3ee64d6ccb7b63173b,,,69,0
stage1_60s,60,5,4,1735039633,[MACHINE_SPECIFIC_PATH_REMOVED],0,1,1,0,60.01899981498718,0.016231282721620208,1.6231282721620208,-26322.0807712053,-26749.321906024055,17219.0,TIME_LIMIT,dcap_like_sun_nestedB60_n10_m3_P120_pool360_seed5_tailcont_d0p1_homogeneousA0,dc11c804489743071953eee46a3f9ed0c9c88a1b898b79de7e5e701e107e11a2,dc11c804489743071953eee46a3f9ed0c9c88a1b898b79de7e5e701e107e11a2,52457a96f65822f22af24a19476a0745a55420cfcbebd8edad4dcebeaddb2431,,,70,0
stage1_60s,60,7,37,1503827930,[MACHINE_SPECIFIC_PATH_REMOVED],0,1,1,0,60.019999980926514,0.01619624612929794,1.6196246129297942,-26424.22945079348,-26852.202774755573,112452.0,TIME_LIMIT,dcap_like_sun_nestedB60_n10_m3_P120_pool360_seed7_tailcont_d0p1_homogeneousA0,919a53a89d4a5764154b8f73e13d4be8fe9226068028dffecbd87c94caa72aab,919a53a89d4a5764154b8f73e13d4be8fe9226068028dffecbd87c94caa72aab,046a86f3768be150faaa6f2ae3fc440fe2b761ac3b2f3945eda84db0b787b7a4,,,71,0
stage1_60s,60,8,4,2120160876,[MACHINE_SPECIFIC_PATH_REMOVED],0,1,1,0,60.01300001144409,0.016190526766493157,1.6190526766493156,-26151.72095063409,-26575.131088675193,6032.0,TIME_LIMIT,dcap_like_sun_nestedB60_n10_m3_P120_pool360_seed8_tailcont_d0p1_homogeneousA0,e1f47358b9a7f16d83eb4c9bb624e32b0f8835759eb77be13fd36459792af9ec,e1f47358b9a7f16d83eb4c9bb624e32b0f8835759eb77be13fd36459792af9ec,97fcf9b7a6b719e35e8a16ed9e42175b5f9d1a47b7c80b2989c1587d93d4e0cf,,,72,0
stage1_60s,60,3,24,1109691091,[MACHINE_SPECIFIC_PATH_REMOVED],0,1,1,0,60.01799988746643,0.016183793917045507,1.6183793917045508,-29526.177264293154,-30004.02283229663,82391.0,TIME_LIMIT,dcap_like_sun_nestedB60_n10_m3_P120_pool360_seed3_tailcont_d0p1_homogeneousA0,204162ac95fe9c00cca536401ffef301376e8e08565bf280f51794282dd598a4,204162ac95fe9c00cca536401ffef301376e8e08565bf280f51794282dd598a4,3dca314c0021756a1256ee7427dd40071a4e7a8a58a9390985bee56e91e156cb,,,73,0
stage1_60s,60,8,31,1727786563,[MACHINE_SPECIFIC_PATH_REMOVED],0,1,1,0,60.020999908447266,0.01610359113672438,1.6103591136724378,-29172.185992088056,-29641.96294786912,156306.0,TIME_LIMIT,dcap_like_sun_nestedB60_n10_m3_P120_pool360_seed8_tailcont_d0p1_homogeneousA0,a3810a2fd9752b76adad96a45b3578731e97a843290abd1acb7f3bd543f66553,a3810a2fd9752b76adad96a45b3578731e97a843290abd1acb7f3bd543f66553,7a55199b6ae9157cd399941b319d3f3d5f69eed179b6b165f66292c7f6005efc,,,74,0
stage1_60s,60,3,12,930133021,[MACHINE_SPECIFIC_PATH_REMOVED],0,1,1,0,60.01799988746643,0.015943638004147203,1.5943638004147203,-28792.811179456432,-29251.873338023448,40116.0,TIME_LIMIT,dcap_like_sun_nestedB60_n10_m3_P120_pool360_seed3_tailcont_d0p1_homogeneousA0,98fde5c4b03b37699efde74bfed4312a27abcfc85210f6ad2e2c2e58242a93ec,98fde5c4b03b37699efde74bfed4312a27abcfc85210f6ad2e2c2e58242a93ec,7bb423470f115c769f21a1360948c9a19678ff44f5a0ea6b8cdd339009c03d0e,,,75,0
stage1_60s,60,8,15,834608148,[MACHINE_SPECIFIC_PATH_REMOVED],0,1,1,0,60.02999997138977,0.01592760863478453,1.592760863478453,-29996.97308575097,-30474.753133288978,6005.0,TIME_LIMIT,dcap_like_sun_nestedB60_n10_m3_P120_pool360_seed8_tailcont_d0p1_homogeneousA0,507717cb39ac331e607ea73c4f2b9a4babef0bcc541ad22223cd329cb18fae4c,507717cb39ac331e607ea73c4f2b9a4babef0bcc541ad22223cd329cb18fae4c,72876897e7a1e9b0258ac160dadf11b045d6d357fe9866d5efadcb97d2e52bf9,,,76,0
stage1_60s,60,1,25,1755663523,[MACHINE_SPECIFIC_PATH_REMOVED],0,1,1,0,60.257999897003174,0.015790292066418257,1.5790292066418257,-25461.213556037677,-25863.25355445296,1310.0,TIME_LIMIT,dcap_like_sun_nestedB60_n10_m3_P120_pool360_seed1_tailcont_d0p1_homogeneousA0,6913d8f1c934ab05ea8f5039997b16b1ccc8c53b411a205ef3bec38219d7a7bf,6913d8f1c934ab05ea8f5039997b16b1ccc8c53b411a205ef3bec38219d7a7bf,06686b1893f1fd82188334fe6355559c0e889bf46aa77285baa4abf0e36d5ec2,,,77,0
stage1_60s,60,4,24,1024679389,[MACHINE_SPECIFIC_PATH_REMOVED],0,1,1,0,60.007000207901,0.015747405346887133,1.5747405346887133,-28753.690395234997,-29206.486413107657,114876.0,TIME_LIMIT,dcap_like_sun_nestedB60_n10_m3_P120_pool360_seed4_tailcont_d0p1_homogeneousA0,6737df6d86cd993630435fbe9538a0d4973a28fb9c76f0898fb662ca69740b6c,6737df6d86cd993630435fbe9538a0d4973a28fb9c76f0898fb662ca69740b6c,00523ccc02974560966dfe5d5366e5794445cfce9b5431f71daf6deeebff95ab,,,78,0
stage1_60s,60,5,10,115815300,[MACHINE_SPECIFIC_PATH_REMOVED],0,1,1,0,60.01200008392334,0.01561067592755914,1.561067592755914,-25277.466799277267,-25672.06514175042,8747.0,TIME_LIMIT,dcap_like_sun_nestedB60_n10_m3_P120_pool360_seed5_tailcont_d0p1_homogeneousA0,477124d878f2eeae32664793efde8f5ec25d387c1a59446c3e50af84664fd2db,477124d878f2eeae32664793efde8f5ec25d387c1a59446c3e50af84664fd2db,8a0c47eeff8d8ab1c455065047e613eb84573833f27406cdf2336df38f668596,,,79,0
stage1_60s,60,3,31,1625089670,[MACHINE_SPECIFIC_PATH_REMOVED],0,1,1,0,60.01800012588501,0.015448774327535131,1.544877432753513,-28517.31163492922,-28957.869146805235,146971.0,TIME_LIMIT,dcap_like_sun_nestedB60_n10_m3_P120_pool360_seed3_tailcont_d0p1_homogeneousA0,243cd1cc4737926a3b6f79cf5683f882dec697f5e60d0c63232d66e9bfb4e488,243cd1cc4737926a3b6f79cf5683f882dec697f5e60d0c63232d66e9bfb4e488,3780483e6652ba2980cd5b45ee5a578cc4c74c3b29713ce1e82efe94a4bac19d,,,80,0
stage1_60s,60,5,7,1353417274,[MACHINE_SPECIFIC_PATH_REMOVED],0,1,1,0,60.01900005340576,0.015044255347952881,1.5044255347952882,-25826.72221018242,-26215.26601391305,22439.0,TIME_LIMIT,dcap_like_sun_nestedB60_n10_m3_P120_pool360_seed5_tailcont_d0p1_homogeneousA0,98cd4b595890981a736e9aa7828eedbb27f3970d53c75b87e56e82a7c99cf3ca,98cd4b595890981a736e9aa7828eedbb27f3970d53c75b87e56e82a7c99cf3ca,2b9ec164d0c6d878961362b57c4d69fa20b22b97eb720dc047b1a67f5f97ad0e,,,81,0
stage1_60s,60,10,3,566977183,[MACHINE_SPECIFIC_PATH_REMOVED],0,1,1,0,60.01300001144409,0.014873368734305824,1.4873368734305825,-28479.72921007526,-28903.31872406989,26033.0,TIME_LIMIT,dcap_like_sun_nestedB60_n10_m3_P120_pool360_seed10_tailcont_d0p1_homogeneousA0,fb4be519c3208bc29af809892689920ea8218779606e739507527350e5b07f5a,fb4be519c3208bc29af809892689920ea8218779606e739507527350e5b07f5a,11e205f38c136066460db739c3031dd544654a85e86eee648e52fd6b55d776df,,,82,0
stage1_60s,60,3,21,970934606,[MACHINE_SPECIFIC_PATH_REMOVED],0,1,1,0,60.01599979400635,0.01466345659049497,1.466345659049497,-28472.593401743597,-28890.10003910888,135102.0,TIME_LIMIT,dcap_like_sun_nestedB60_n10_m3_P120_pool360_seed3_tailcont_d0p1_homogeneousA0,0263a6e042a254b72f001efbe5dcf3af22b8a5a8322b24d04fb83c03e4212b91,0263a6e042a254b72f001efbe5dcf3af22b8a5a8322b24d04fb83c03e4212b91,72876897e7a1e9b0258ac160dadf11b045d6d357fe9866d5efadcb97d2e52bf9,,,83,0
stage1_60s,60,9,16,1971900292,[MACHINE_SPECIFIC_PATH_REMOVED],0,1,1,0,60.01099991798401,0.01465897382475899,1.4658973824758992,-27210.220568541525,-27609.094479621694,3412.0,TIME_LIMIT,dcap_like_sun_nestedB60_n10_m3_P120_pool360_seed9_tailcont_d0p1_homogeneousA0,268bcb5f222e36d1dafa549b976961835ddf9e01ec0688cbb65e3b74be231bf1,268bcb5f222e36d1dafa549b976961835ddf9e01ec0688cbb65e3b74be231bf1,8bcc7c027d6de3d0a483f3d60be5482aa178b0dd2f067d694f34d77ec340ff52,,,84,0
stage1_60s,60,5,6,1106653214,[MACHINE_SPECIFIC_PATH_REMOVED],0,1,1,0,60.009000062942505,0.014613300828916528,1.461330082891653,-24599.070555436843,-24958.544173575185,15754.0,TIME_LIMIT,dcap_like_sun_nestedB60_n10_m3_P120_pool360_seed5_tailcont_d0p1_homogeneousA0,36c467c23371496e8f78ae759c1dd43ab044d3fb5e23d66da86119e7da0c9f98,36c467c23371496e8f78ae759c1dd43ab044d3fb5e23d66da86119e7da0c9f98,587c21ea515e1082116123bab7ee95dfe718557ef34864a4c94b52c7c0aa3c2c,,,85,0
stage1_60s,60,10,27,2015896794,[MACHINE_SPECIFIC_PATH_REMOVED],0,1,1,0,60.013999938964844,0.014322202567339933,1.4322202567339932,-30907.226118268347,-31349.885671528766,2667.0,TIME_LIMIT,dcap_like_sun_nestedB60_n10_m3_P120_pool360_seed10_tailcont_d0p1_homogeneousA0,050dacc3bea029633f01b7f40339b16b083514aa46af4e9ec8d561fbce4e1c65,050dacc3bea029633f01b7f40339b16b083514aa46af4e9ec8d561fbce4e1c65,b626095de098337eb0ad372c0a9d83adbc6fbd49bde3c2e0760f8c61074c51fa,,,86,0
stage1_60s,60,5,2,1728730614,[MACHINE_SPECIFIC_PATH_REMOVED],0,1,1,0,60.026000022888184,0.014223926579732208,1.422392657973221,-23651.08506114125,-23987.496358581924,141191.0,TIME_LIMIT,dcap_like_sun_nestedB60_n10_m3_P120_pool360_seed5_tailcont_d0p1_homogeneousA0,8f49cbf5aba7eb33304aee6ecaacc541e9cb282315f8393c3fafe0eaa4a7392b,8f49cbf5aba7eb33304aee6ecaacc541e9cb282315f8393c3fafe0eaa4a7392b,28d719c2fc68624ed554ae95079f6c0d2e21507c9ad000ca25e6d4c7988d6b2b,,,87,0
stage1_60s,60,1,32,973879301,[MACHINE_SPECIFIC_PATH_REMOVED],0,1,1,0,60.00999999046326,0.014131937527856893,1.4131937527856893,-28482.370271406904,-28884.881348727715,2832.0,TIME_LIMIT,dcap_like_sun_nestedB60_n10_m3_P120_pool360_seed1_tailcont_d0p1_homogeneousA0,63bb6e9410938929fd4ecb04914b0c13701608302a6bea09ee93f5a939a23a35,63bb6e9410938929fd4ecb04914b0c13701608302a6bea09ee93f5a939a23a35,8cfd13c68a156345b8163593cd36cba9116589ae1d31d4e19f8282c133e89a0d,,,88,0
stage1_60s,60,6,19,970518846,[MACHINE_SPECIFIC_PATH_REMOVED],0,1,1,0,60.021000146865845,0.014126967076914004,1.4126967076914003,-31762.018828955188,-32210.71982324816,126809.0,TIME_LIMIT,dcap_like_sun_nestedB60_n10_m3_P120_pool360_seed6_tailcont_d0p1_homogeneousA0,1b773027c6817d22647b6704eb1c1d7c04a2b87f837f654fa567b9457e60f5fc,1b773027c6817d22647b6704eb1c1d7c04a2b87f837f654fa567b9457e60f5fc,39280af30af981c5c4cab0d68da2f36eaaa4c004dee06bc10d9e5a9403a0305e,,,89,0
stage1_60s,60,8,13,1231888088,[MACHINE_SPECIFIC_PATH_REMOVED],0,1,1,0,60.00699996948242,0.014070365104876985,1.4070365104876985,-26328.63301570565,-26699.086494948948,115453.0,TIME_LIMIT,dcap_like_sun_nestedB60_n10_m3_P120_pool360_seed8_tailcont_d0p1_homogeneousA0,218084dbe129b7163ee0a1a39dfc6ae13d130b563652cc4dc178e91d1d089c57,218084dbe129b7163ee0a1a39dfc6ae13d130b563652cc4dc178e91d1d089c57,bd3969c4b6d4aa34dd0e93f5934a07147c97b59932e53cd9fed2ec0e1faa4dbd,,,90,0
stage1_60s,60,6,6,792565861,[MACHINE_SPECIFIC_PATH_REMOVED],0,1,1,0,60.01699995994568,0.013907967317308829,1.390796731730883,-26813.745618508146,-27186.67031622499,33844.0,TIME_LIMIT,dcap_like_sun_nestedB60_n10_m3_P120_pool360_seed6_tailcont_d0p1_homogeneousA0,04566254da10580b67696c70e9ddeab07f0b2fae2938219cfd80cda5f263efd2,04566254da10580b67696c70e9ddeab07f0b2fae2938219cfd80cda5f263efd2,51d0aa77b4f5aeb461ae7a1722696e020d0fb2455bfe2a20d73fc4d00783c6ca,,,91,0
stage1_60s,60,5,38,1453179316,[MACHINE_SPECIFIC_PATH_REMOVED],0,1,1,0,60.044999837875366,0.013870036705134195,1.3870036705134194,-27611.66864834998,-27994.643505992597,1546.0,TIME_LIMIT,dcap_like_sun_nestedB60_n10_m3_P120_pool360_seed5_tailcont_d0p1_homogeneousA0,afeaed4342beb310b65195faa0758ad09f49e876132963474f0ad6d2edea0efe,afeaed4342beb310b65195faa0758ad09f49e876132963474f0ad6d2edea0efe,d8ef785129d3c406ded9deedfb42674a303ede3303963564b1e1d9af1b5dd5e8,,,92,0
stage1_60s,60,6,23,1902530057,[MACHINE_SPECIFIC_PATH_REMOVED],0,1,1,0,60.01799988746643,0.013854825928329517,1.3854825928329517,-29348.57013772518,-29755.18946822873,40752.0,TIME_LIMIT,dcap_like_sun_nestedB60_n10_m3_P120_pool360_seed6_tailcont_d0p1_homogeneousA0,8d1f49ef036d0dc08e6882f731c0235404c0a3c9ec46103bc3999e90ce804737,8d1f49ef036d0dc08e6882f731c0235404c0a3c9ec46103bc3999e90ce804737,03722e58d17dbc5c19d28d5f177b9519a6c5024f2ea519d9b75b1bb475f23592,,,93,0
stage1_60s,60,2,2,561807779,[MACHINE_SPECIFIC_PATH_REMOVED],0,1,1,0,60.01699995994568,0.013751272704141415,1.3751272704141415,-29046.2455723363,-29445.668416232955,38423.0,TIME_LIMIT,dcap_like_sun_nestedB60_n10_m3_P120_pool360_seed2_tailcont_d0p1_homogeneousA0,088205f34c2ad79cc069892e07acbde34f0a5dc81501c17804adb5bc5f7b4bd9,088205f34c2ad79cc069892e07acbde34f0a5dc81501c17804adb5bc5f7b4bd9,2e5a2dae9cb7cd6e33cb80628456d27c7881e3133c3af5f521f2340d0e8b4caf,,,94,0
stage1_60s,60,4,26,924483716,[MACHINE_SPECIFIC_PATH_REMOVED],0,1,1,0,60.01600003242493,0.013612777924912951,1.361277792491295,-26205.178170524763,-26561.903441442893,32852.0,TIME_LIMIT,dcap_like_sun_nestedB60_n10_m3_P120_pool360_seed4_tailcont_d0p1_homogeneousA0,1ef72632f6025e1ff6cea563a2791066134d6f90478293b87387bc294ae21cf8,1ef72632f6025e1ff6cea563a2791066134d6f90478293b87387bc294ae21cf8,14dd4e86d21a73d19c2205b6afd46077b83ff9df07bf0ea4cad98869c2a36d5e,,,95,0
stage1_60s,60,5,32,1812972347,[MACHINE_SPECIFIC_PATH_REMOVED],0,1,1,0,60.0220000743866,0.01356123538520757,1.356123538520757,-22807.870441440373,-23117.173341132064,121105.0,TIME_LIMIT,dcap_like_sun_nestedB60_n10_m3_P120_pool360_seed5_tailcont_d0p1_homogeneousA0,da1dd98e06bf8fa7a27853d0431f97ecbe99321704465230596b65430518f8d4,da1dd98e06bf8fa7a27853d0431f97ecbe99321704465230596b65430518f8d4,2a7d93b74647d756fe963bab1da0443b4ed8d0225ea634f4e50ab87bf3f30d97,,,96,0
stage1_60s,60,2,27,1457523177,[MACHINE_SPECIFIC_PATH_REMOVED],0,1,1,0,60.01699995994568,0.013509793120891544,1.3509793120891544,-25377.62341717636,-25720.469859442306,162837.0,TIME_LIMIT,dcap_like_sun_nestedB60_n10_m3_P120_pool360_seed2_tailcont_d0p1_homogeneousA0,42d450c68e22a1568fdae499b2cc97aa27b7e10777cbe4c47a927ac9b6c22720,42d450c68e22a1568fdae499b2cc97aa27b7e10777cbe4c47a927ac9b6c22720,924f2ed48a644db90809430f928ae300901eee66fba8928f534714b9ef4bbab1,,,97,0
stage1_60s,60,6,17,1443721275,[MACHINE_SPECIFIC_PATH_REMOVED],0,1,1,0,60.01899981498718,0.013402840212460935,1.3402840212460936,-23266.704078975738,-23578.543996016862,23979.0,TIME_LIMIT,dcap_like_sun_nestedB60_n10_m3_P120_pool360_seed6_tailcont_d0p1_homogeneousA0,53f343d191fd84dd24a67029dde39aa5ed340ca96e4653f5e5d08ccbfc07b643,53f343d191fd84dd24a67029dde39aa5ed340ca96e4653f5e5d08ccbfc07b643,68a7e63c54164ce81364edd636227596b673b9e029e570c958e84b2f6d70446d,,,98,0
stage1_60s,60,7,40,2123775744,[MACHINE_SPECIFIC_PATH_REMOVED],0,1,1,0,60.01699995994568,0.013391747907739497,1.3391747907739497,-27384.245607179222,-27750.96852099419,126087.0,TIME_LIMIT,dcap_like_sun_nestedB60_n10_m3_P120_pool360_seed7_tailcont_d0p1_homogeneousA0,077609c96984e3a9ec103b38c2530e7df01c9d85de34c1f8f33675fa4754faa5,077609c96984e3a9ec103b38c2530e7df01c9d85de34c1f8f33675fa4754faa5,dc5886bfa7a6f1dc17cc3065fc671d5743262cbb12038c1b6326d72f034ad762,,,99,0
stage1_60s,60,7,29,1026816910,[MACHINE_SPECIFIC_PATH_REMOVED],0,1,1,0,60.021000146865845,0.013284283162202567,1.3284283162202566,-28047.837430590225,-28420.43284510561,42781.0,TIME_LIMIT,dcap_like_sun_nestedB60_n10_m3_P120_pool360_seed7_tailcont_d0p1_homogeneousA0,dd69905be8e852f50359ff3f5236172c50ea7926550c4fb24bb8945c7336aea1,dd69905be8e852f50359ff3f5236172c50ea7926550c4fb24bb8945c7336aea1,ab68e67a3f9a83a09638edd31ca697db5a34a51016db1f6600c539d340b5e24a,,,100,0
stage1_60s,60,10,7,1105361715,[MACHINE_SPECIFIC_PATH_REMOVED],0,1,1,0,60.41100001335144,0.01326148825541965,1.3261488255419651,-29737.598114343917,-30131.962922481678,1098.0,TIME_LIMIT,dcap_like_sun_nestedB60_n10_m3_P120_pool360_seed10_tailcont_d0p1_homogeneousA0,e206e03c105d976b593e0e4d36dcce3261b10649cfd4d8bc7d1d875d556c4dd6,e206e03c105d976b593e0e4d36dcce3261b10649cfd4d8bc7d1d875d556c4dd6,72eb46c1ef00183853a8a8142895c713da6ab7ffe8a700e4dfb4b11dbeba3aa3,,,101,0
stage1_60s,60,4,33,1573398771,[MACHINE_SPECIFIC_PATH_REMOVED],0,1,1,0,60.01600003242493,0.013014587523398704,1.3014587523398704,-28674.821998928826,-29048.012979551764,51644.0,TIME_LIMIT,dcap_like_sun_nestedB60_n10_m3_P120_pool360_seed4_tailcont_d0p1_homogeneousA0,1dfcf3f969bc8df64b767d47771c4b8adc63a69bf171d3ab740f5de0889e43b3,1dfcf3f969bc8df64b767d47771c4b8adc63a69bf171d3ab740f5de0889e43b3,37f75f205fe69142673f640598b6098b9396a58dd884aa0e71de07e61a9f1828,,,102,0
stage1_60s,60,5,15,281451238,[MACHINE_SPECIFIC_PATH_REMOVED],0,1,1,0,60.021000146865845,0.012816201919071292,1.2816201919071293,-24862.052826961437,-25180.689916114392,1150.0,TIME_LIMIT,dcap_like_sun_nestedB60_n10_m3_P120_pool360_seed5_tailcont_d0p1_homogeneousA0,faee554a3e094b2ea1dd495ea7f96ef096317e6e199c0454c5127f4a03acaa43,faee554a3e094b2ea1dd495ea7f96ef096317e6e199c0454c5127f4a03acaa43,888b3e6c05c9a39168c023b223032e01ff40d9853141cf609884c39a4acce55c,,,103,0
stage1_60s,60,2,22,1207456315,[MACHINE_SPECIFIC_PATH_REMOVED],0,1,1,0,60.01699995994568,0.012778250871047376,1.2778250871047376,-25764.171604746705,-26093.392652996874,107366.0,TIME_LIMIT,dcap_like_sun_nestedB60_n10_m3_P120_pool360_seed2_tailcont_d0p1_homogeneousA0,f4175e21f6cdcca4b44adc83d8dfe9248bfbc398df0521b380665b8f7b94542c,f4175e21f6cdcca4b44adc83d8dfe9248bfbc398df0521b380665b8f7b94542c,a2e9a9567651cccde6676f04181c05714941f3c2aba2356563bfd562ca8e5cfb,,,104,0
stage1_60s,60,4,14,1722069728,[MACHINE_SPECIFIC_PATH_REMOVED],0,1,1,0,60.01099991798401,0.012738321835003763,1.2738321835003763,-27505.16210526743,-27855.531712288277,38368.0,TIME_LIMIT,dcap_like_sun_nestedB60_n10_m3_P120_pool360_seed4_tailcont_d0p1_homogeneousA0,456391c5c94ee73a127e68aedef8c037865f844c73b7bfa3c1763fb661dff954,456391c5c94ee73a127e68aedef8c037865f844c73b7bfa3c1763fb661dff954,c4fcd1102df2392820bcd1194212f592d65c6361d6d2255bd513989766e7a2e1,,,105,0
stage1_60s,60,2,10,1288706065,[MACHINE_SPECIFIC_PATH_REMOVED],0,1,1,0,60.00699996948242,0.01272728705105328,1.272728705105328,-25085.621194344694,-25404.893096139105,40313.0,TIME_LIMIT,dcap_like_sun_nestedB60_n10_m3_P120_pool360_seed2_tailcont_d0p1_homogeneousA0,107a35188c7dcfe827ffddb00524da481fc6474bd1ffc1a5b08a2ea5b4e4ffa9,107a35188c7dcfe827ffddb00524da481fc6474bd1ffc1a5b08a2ea5b4e4ffa9,9e161b70448e33d8e61baf376c9f8fe37f872445670bc1d84e8c2a0f5a3d4e54,,,106,0
stage1_60s,60,5,18,104706386,[MACHINE_SPECIFIC_PATH_REMOVED],0,1,1,0,60.01099991798401,0.012635358452578313,1.2635358452578314,-27700.34016672824,-28050.343893993206,6848.0,TIME_LIMIT,dcap_like_sun_nestedB60_n10_m3_P120_pool360_seed5_tailcont_d0p1_homogeneousA0,a7e8ca8827e2ea26b6dd67369618bea78577d241c659d2a1c45b3e4657c8d54b,a7e8ca8827e2ea26b6dd67369618bea78577d241c659d2a1c45b3e4657c8d54b,b712e9145e98766894e7236481f2d368bb80d5fbd047d9ca27d6b5a0048666d3,,,107,0
stage1_60s,60,10,11,329308217,[MACHINE_SPECIFIC_PATH_REMOVED],0,1,1,0,60.009000062942505,0.012508673824263315,1.2508673824263314,-27214.69139780849,-27555.11109573166,1181.0,TIME_LIMIT,dcap_like_sun_nestedB60_n10_m3_P120_pool360_seed10_tailcont_d0p1_homogeneousA0,abeac0bc9e21f34b77fc5f6992ea6c58f21cb6bd503ae25a432987ba512e14ba,abeac0bc9e21f34b77fc5f6992ea6c58f21cb6bd503ae25a432987ba512e14ba,bd07b631a55e14a79b4187e53fc3bea9938e3f2ad4f206628bd1ed251e80193c,,,108,0
stage1_60s,60,3,14,1028754828,[MACHINE_SPECIFIC_PATH_REMOVED],0,1,1,0,60.013999938964844,0.012493880175167725,1.2493880175167724,-28677.772084130724,-29036.068732240623,6544.0,TIME_LIMIT,dcap_like_sun_nestedB60_n10_m3_P120_pool360_seed3_tailcont_d0p1_homogeneousA0,3e842905a09c448a8dcb448cc6700a303b7de357eff062c273d860800b817aa3,3e842905a09c448a8dcb448cc6700a303b7de357eff062c273d860800b817aa3,0fe689944d2b38597d3fca410e2f692d0722cf13e6fc99cf47ce39b68ac56a1d,,,109,0
stage1_60s,60,1,16,878748453,[MACHINE_SPECIFIC_PATH_REMOVED],0,1,1,0,60.014999866485596,0.01241483850859629,1.2414838508596289,-24768.98482658309,-25076.487773226992,70249.0,TIME_LIMIT,dcap_like_sun_nestedB60_n10_m3_P120_pool360_seed1_tailcont_d0p1_homogeneousA0,da7ec8e5a9fc6e38b6c9716451150e5a7372d67161e775e10ee577aac539222e,da7ec8e5a9fc6e38b6c9716451150e5a7372d67161e775e10ee577aac539222e,4026ebf29ec5b1ecebcde86b3deb724ba0874d374286a96a18d6b5b6659f12bd,,,110,0
stage1_60s,60,7,24,597914448,[MACHINE_SPECIFIC_PATH_REMOVED],0,1,1,0,60.01400017738342,0.01239450601367724,1.239450601367724,-28056.355488377998,-28404.100155200565,35104.0,TIME_LIMIT,dcap_like_sun_nestedB60_n10_m3_P120_pool360_seed7_tailcont_d0p1_homogeneousA0,1c19fa0a167cd2c0364da1756bd8caeb5a127b206f68d0c3b93efb40c1bd782a,1c19fa0a167cd2c0364da1756bd8caeb5a127b206f68d0c3b93efb40c1bd782a,ea5608985ca97cecf96af9217217c865a3a4aa5339dfe7e1ddaeffcf3220e485,,,111,0
stage1_60s,60,1,1,1016164991,[MACHINE_SPECIFIC_PATH_REMOVED],0,1,1,0,60.015000104904175,0.012366960130460238,1.2366960130460238,-25023.43724854561,-25332.90109932545,5647.0,TIME_LIMIT,dcap_like_sun_nestedB60_n10_m3_P120_pool360_seed1_tailcont_d0p1_homogeneousA0,b539074212f54d48c9ff4c6f072d3a36b54657a1c57cc0b4a3631d5f9c3bbf3d,b539074212f54d48c9ff4c6f072d3a36b54657a1c57cc0b4a3631d5f9c3bbf3d,67e482cddf3710f0ebb49da207c5077562eb6a6f5d1b50c23df69460db9ee1b4,,,112,0
stage1_60s,60,9,13,1989829891,[MACHINE_SPECIFIC_PATH_REMOVED],0,1,1,0,60.019999980926514,0.012304839500336607,1.2304839500336606,-27599.090982800088,-27938.69336769863,73139.0,TIME_LIMIT,dcap_like_sun_nestedB60_n10_m3_P120_pool360_seed9_tailcont_d0p1_homogeneousA0,a205e1e59ffeb6bfc21720b07828e4b8b2e7c76a7fe49e54aefed04e0c3e3c66,a205e1e59ffeb6bfc21720b07828e4b8b2e7c76a7fe49e54aefed04e0c3e3c66,6a9bdc406d3af8356b09cec084ab5329702721a62589ba43d3c488bcc109b656,,,113,0
stage1_60s,60,9,22,1041410011,[MACHINE_SPECIFIC_PATH_REMOVED],0,1,1,0,60.019999980926514,0.012271922781265425,1.2271922781265425,-29697.365642412376,-30061.809420383066,123041.0,TIME_LIMIT,dcap_like_sun_nestedB60_n10_m3_P120_pool360_seed9_tailcont_d0p1_homogeneousA0,d414beb30a9da4af6355ffde0fda5d9004998e877caf605f7160d06a7cba4177,d414beb30a9da4af6355ffde0fda5d9004998e877caf605f7160d06a7cba4177,0c9678241688677ad51e12ffa282d38c6f0d57e7d4f934ce85237213402fcc2e,,,114,0
stage1_60s,60,9,31,748477721,[MACHINE_SPECIFIC_PATH_REMOVED],0,1,1,0,60.01099991798401,0.012135033065304383,1.2135033065304384,-25225.598094276917,-25531.711561243046,3047.0,TIME_LIMIT,dcap_like_sun_nestedB60_n10_m3_P120_pool360_seed9_tailcont_d0p1_homogeneousA0,44e645b7ba49b1c0e45d7555b48fdf0532be8d2051a0fecc9648f63cf3302b66,44e645b7ba49b1c0e45d7555b48fdf0532be8d2051a0fecc9648f63cf3302b66,b6be082e27951e008813be9de83ba5bfc011f9a99a143d069528f38dbcccbc4b,,,115,0
stage1_60s,60,1,28,1693137747,[MACHINE_SPECIFIC_PATH_REMOVED],0,1,1,0,60.014999866485596,0.012084587723586868,1.2084587723586868,-30203.395405236548,-30568.39098656131,98340.0,TIME_LIMIT,dcap_like_sun_nestedB60_n10_m3_P120_pool360_seed1_tailcont_d0p1_homogeneousA0,314596e8efbd8ea7ed2d74a2860a6d27ff75b0cfe5d65c9eff86376c47499147,314596e8efbd8ea7ed2d74a2860a6d27ff75b0cfe5d65c9eff86376c47499147,6de05e85ab239583b750c7078fdc25b1589bfec043ec6e620f96246b6eb9f459,,,116,0
stage1_60s,60,6,21,1326097161,[MACHINE_SPECIFIC_PATH_REMOVED],0,1,1,0,60.01799988746643,0.01197383532480887,1.197383532480887,-29154.74434083153,-29503.83844850555,75939.0,TIME_LIMIT,dcap_like_sun_nestedB60_n10_m3_P120_pool360_seed6_tailcont_d0p1_homogeneousA0,9b3d56a9375bc5d4cbc3d7b72b1641bd5bfc565aec0c6cb52395275d0c4a55ba,9b3d56a9375bc5d4cbc3d7b72b1641bd5bfc565aec0c6cb52395275d0c4a55ba,e8902d0a56025fb02712eea594d3c070f1380358ca63333ece0ac94be558c040,,,117,0
stage1_60s,60,7,32,1188626511,[MACHINE_SPECIFIC_PATH_REMOVED],0,1,1,0,60.01600003242493,0.011952628600230733,1.1952628600230732,-24627.52558862957,-24921.88925533314,25534.0,TIME_LIMIT,dcap_like_sun_nestedB60_n10_m3_P120_pool360_seed7_tailcont_d0p1_homogeneousA0,17d7866eb515e8429b5913444b13940c54f01c69de94a311e90ea884ce464f8c,17d7866eb515e8429b5913444b13940c54f01c69de94a311e90ea884ce464f8c,52457a96f65822f22af24a19476a0745a55420cfcbebd8edad4dcebeaddb2431,,,118,0
stage1_60s,60,6,9,966185142,[MACHINE_SPECIFIC_PATH_REMOVED],0,1,1,0,60.00800013542175,0.011861149107497306,1.1861149107497306,-28590.974903546274,-28930.09672000595,139426.0,TIME_LIMIT,dcap_like_sun_nestedB60_n10_m3_P120_pool360_seed6_tailcont_d0p1_homogeneousA0,9cf7844a3b3fa21d8fd7d5d51855daed3908e5b5230a0675b7fe35f23fffe064,9cf7844a3b3fa21d8fd7d5d51855daed3908e5b5230a0675b7fe35f23fffe064,4e21cd0f4ac1d5376715d50dd6a5a4ed4cc21d8a0ca4def8f85d111d877ded9c,,,119,0
stage1_60s,60,10,5,1702056617,[MACHINE_SPECIFIC_PATH_REMOVED],0,1,1,0,60.01799988746643,0.011788288403241276,1.1788288403241276,-24686.21669508442,-24977.224937070983,111016.0,TIME_LIMIT,dcap_like_sun_nestedB60_n10_m3_P120_pool360_seed10_tailcont_d0p1_homogeneousA0,2edb766c09f559e042446c1b0246fdf665759a68e6fa94ba8de6f9138ec39d29,2edb766c09f559e042446c1b0246fdf665759a68e6fa94ba8de6f9138ec39d29,460d9f3d9b7a085978f489ec74fd856dca8b235cb983c9c778c0a0102191d83f,,,120,0
stage1_60s,60,2,24,322256256,[MACHINE_SPECIFIC_PATH_REMOVED],0,1,1,0,60.919999837875366,0.011742825561354775,1.1742825561354775,-25864.427300099702,-26168.148758129115,1104.0,TIME_LIMIT,dcap_like_sun_nestedB60_n10_m3_P120_pool360_seed2_tailcont_d0p1_homogeneousA0,89d70282d59daf427d5527d75a3bef4f52327f8e79929a359d6b30a8fa74c96f,89d70282d59daf427d5527d75a3bef4f52327f8e79929a359d6b30a8fa74c96f,12ed24cc8ea69d79de72380b1625062ade4b236acb8240c94c82a1a7bc0d0da6,,,121,0
stage1_60s,60,7,13,1959843383,[MACHINE_SPECIFIC_PATH_REMOVED],0,1,1,0,60.063000202178955,0.011703045593504139,1.1703045593504138,-27561.04734977609,-27883.595543515246,2168.0,TIME_LIMIT,dcap_like_sun_nestedB60_n10_m3_P120_pool360_seed7_tailcont_d0p1_homogeneousA0,6983eb942bf3534b9f7759713b20067932320b3b72a921dd9480286db5484915,6983eb942bf3534b9f7759713b20067932320b3b72a921dd9480286db5484915,296ce339278d267df006b34a7d4767e85f191a837a59f8933f0e4034d8ab07d6,,,122,0
stage1_60s,60,7,16,1763574598,[MACHINE_SPECIFIC_PATH_REMOVED],0,1,1,0,60.00600004196167,0.011580747152469826,1.1580747152469826,-25848.500377557168,-26147.845324700178,119975.0,TIME_LIMIT,dcap_like_sun_nestedB60_n10_m3_P120_pool360_seed7_tailcont_d0p1_homogeneousA0,0032a258401df7f5c5a041c58da849241db780c0fdc85dbc0955e8cff4f0c2b7,0032a258401df7f5c5a041c58da849241db780c0fdc85dbc0955e8cff4f0c2b7,3ffc3b194dae564ef5b455aca52463ab6aeb519025268e97b3ea3b5b1ef5b3ba,,,123,0
stage1_60s,60,6,34,103258501,[MACHINE_SPECIFIC_PATH_REMOVED],0,1,1,0,60.01099991798401,0.011460576621995486,1.1460576621995486,-25148.49163849757,-25436.707853848184,62959.0,TIME_LIMIT,dcap_like_sun_nestedB60_n10_m3_P120_pool360_seed6_tailcont_d0p1_homogeneousA0,3ce165c587c17b725ed82f245cfdda1650035489e7975f2591e5303f355d09e9,3ce165c587c17b725ed82f245cfdda1650035489e7975f2591e5303f355d09e9,50a90e24919085b826fc1431d5b010e69c5578b428d2ec26465390f94f11ff73,,,124,0
stage1_60s,60,8,40,1389117034,[MACHINE_SPECIFIC_PATH_REMOVED],0,1,1,0,60.02500009536743,0.011374629237033897,1.1374629237033897,-31983.754937104546,-32347.558291122263,1496.0,TIME_LIMIT,dcap_like_sun_nestedB60_n10_m3_P120_pool360_seed8_tailcont_d0p1_homogeneousA0,33f4e699eadad8df84623436be20111cbcf2d34ee45e3e0084470c657c6933bd,33f4e699eadad8df84623436be20111cbcf2d34ee45e3e0084470c657c6933bd,2f7cf50a34149ee8838225551c1b3889f025ac13f506dce767475d7f57ec5b1d,,,125,0
stage1_60s,60,8,21,2057627919,[MACHINE_SPECIFIC_PATH_REMOVED],0,1,1,0,60.126999855041504,0.011325261716192064,1.1325261716192063,-25527.3451514044,-25816.44901616362,1140.0,TIME_LIMIT,dcap_like_sun_nestedB60_n10_m3_P120_pool360_seed8_tailcont_d0p1_homogeneousA0,cc12f7ba1100dae1dbf12c1c6b5b330659cba2dce55fb4e08912ed808ae27cef,cc12f7ba1100dae1dbf12c1c6b5b330659cba2dce55fb4e08912ed808ae27cef,460d9f3d9b7a085978f489ec74fd856dca8b235cb983c9c778c0a0102191d83f,,,126,0
stage1_60s,60,9,35,2100731750,[MACHINE_SPECIFIC_PATH_REMOVED],0,1,1,0,60.02500009536743,0.011324011353793663,1.1324011353793664,-27213.892237486125,-27522.062662164335,133384.0,TIME_LIMIT,dcap_like_sun_nestedB60_n10_m3_P120_pool360_seed9_tailcont_d0p1_homogeneousA0,130f4e7ac55f823cfb28191640a3a9a324508b311ca8393806ee0a004b934a85,130f4e7ac55f823cfb28191640a3a9a324508b311ca8393806ee0a004b934a85,8f39f01be297e9133c83357d273f0d009d9ee66de53006c41e0bed7c3f089187,,,127,0
stage1_60s,60,8,29,1923481260,[MACHINE_SPECIFIC_PATH_REMOVED],0,1,1,0,60.02499985694885,0.011235035546579225,1.1235035546579226,-28437.160077804347,-28756.652582122242,91926.0,TIME_LIMIT,dcap_like_sun_nestedB60_n10_m3_P120_pool360_seed8_tailcont_d0p1_homogeneousA0,32c12b0e5c8a6cd87992dbfe283ef062cd18a85bc2a647a270070153b669a7e4,32c12b0e5c8a6cd87992dbfe283ef062cd18a85bc2a647a270070153b669a7e4,9ebd67d14f017f67177a93a6016db27a96a0bff1d2e99a8c0714a592d45893e7,,,128,0
stage1_60s,60,8,28,416320948,[MACHINE_SPECIFIC_PATH_REMOVED],0,1,1,0,60.020999908447266,0.011175862535244326,1.1175862535244325,-28943.601813902667,-29267.071529049692,35441.0,TIME_LIMIT,dcap_like_sun_nestedB60_n10_m3_P120_pool360_seed8_tailcont_d0p1_homogeneousA0,223c6d044055e6bf9b96f756142e58f67a7f4267804e6df3fffeb1409986022d,223c6d044055e6bf9b96f756142e58f67a7f4267804e6df3fffeb1409986022d,3ffc3b194dae564ef5b455aca52463ab6aeb519025268e97b3ea3b5b1ef5b3ba,,,129,0
stage1_60s,60,1,14,1777477784,[MACHINE_SPECIFIC_PATH_REMOVED],0,1,1,0,60.02900004386902,0.011157254515816234,1.1157254515816233,-26066.55749019877,-26357.388706468075,126747.0,TIME_LIMIT,dcap_like_sun_nestedB60_n10_m3_P120_pool360_seed1_tailcont_d0p1_homogeneousA0,d8eb232708a54c28687394567977a64b0da5115b5a4b54f1adbba7695c924e3a,d8eb232708a54c28687394567977a64b0da5115b5a4b54f1adbba7695c924e3a,6de05e85ab239583b750c7078fdc25b1589bfec043ec6e620f96246b6eb9f459,,,130,0
stage1_60s,60,8,24,552215215,[MACHINE_SPECIFIC_PATH_REMOVED],0,1,1,0,60.01699995994568,0.01115033494172735,1.1150334941727351,-28783.314799326476,-29104.258400072144,24179.0,TIME_LIMIT,dcap_like_sun_nestedB60_n10_m3_P120_pool360_seed8_tailcont_d0p1_homogeneousA0,70ef8cadd7c36611ea1a8f6aaf8b6935e031c1e7603aa7e0c5744292f2b211f7,70ef8cadd7c36611ea1a8f6aaf8b6935e031c1e7603aa7e0c5744292f2b211f7,a3af64e0b66f05cad54e98b275607bd9a0fb453bea1863fc33343c419768ab76,,,131,0
stage1_60s,60,6,10,2120521968,[MACHINE_SPECIFIC_PATH_REMOVED],0,1,1,0,60.013999938964844,0.010704526854450423,1.0704526854450422,-26185.422426898218,-26465.72498446208,9796.0,TIME_LIMIT,dcap_like_sun_nestedB60_n10_m3_P120_pool360_seed6_tailcont_d0p1_homogeneousA0,fefc4ae5abe2c1f71516e9e032f90799ae1820d60a3287fcab3af4a90bdf3343,fefc4ae5abe2c1f71516e9e032f90799ae1820d60a3287fcab3af4a90bdf3343,3c17c0382582a19e1553ea3c8b0dbef14a2a2fd6dd4450fdc4b68378d8f01222,,,132,0
stage1_60s,60,3,26,924766631,[MACHINE_SPECIFIC_PATH_REMOVED],0,1,1,0,60.01600003242493,0.010623418643055714,1.0623418643055713,-27962.226725538534,-28259.28116623597,124034.0,TIME_LIMIT,dcap_like_sun_nestedB60_n10_m3_P120_pool360_seed3_tailcont_d0p1_homogeneousA0,42065a97746143dfa110a2ea4d92727995ce43f124b383b0e8585487b2f321fc,42065a97746143dfa110a2ea4d92727995ce43f124b383b0e8585487b2f321fc,3c17c0382582a19e1553ea3c8b0dbef14a2a2fd6dd4450fdc4b68378d8f01222,,,133,0
stage1_60s,60,5,29,381654049,[MACHINE_SPECIFIC_PATH_REMOVED],0,1,1,0,60.014999866485596,0.010582118861248626,1.0582118861248626,-25999.38907800488,-26274.517703548176,3076.0,TIME_LIMIT,dcap_like_sun_nestedB60_n10_m3_P120_pool360_seed5_tailcont_d0p1_homogeneousA0,108f85e471ccae99981b45d6f048062890adcedf1a0dec24b6068d2e0621d02d,108f85e471ccae99981b45d6f048062890adcedf1a0dec24b6068d2e0621d02d,4a9459f0e40fd025ab3e98fb02bd6e16d7d45e9fa2f98767b389a55f2d29a1fb,,,134,0
stage1_60s,60,1,9,535214420,[MACHINE_SPECIFIC_PATH_REMOVED],0,1,1,0,60.00999999046326,0.010508383350790601,1.0508383350790602,-27132.28976293031,-27417.406264943915,7032.0,TIME_LIMIT,dcap_like_sun_nestedB60_n10_m3_P120_pool360_seed1_tailcont_d0p1_homogeneousA0,a025ac20f864e81c2c89cd80287d6f8b1a7f405deb78172f51038699704a1b4c,a025ac20f864e81c2c89cd80287d6f8b1a7f405deb78172f51038699704a1b4c,460d9f3d9b7a085978f489ec74fd856dca8b235cb983c9c778c0a0102191d83f,,,135,0
stage1_60s,60,10,31,291610352,[MACHINE_SPECIFIC_PATH_REMOVED],0,1,1,0,60.01600003242493,0.010296604653619583,1.0296604653619583,-25952.510696717218,-26219.73343913015,9250.0,TIME_LIMIT,dcap_like_sun_nestedB60_n10_m3_P120_pool360_seed10_tailcont_d0p1_homogeneousA0,a6cd338fa8b3d4b05c54f06ee3c7c18a983fe312a5c4493b28aa4194ce316dd1,a6cd338fa8b3d4b05c54f06ee3c7c18a983fe312a5c4493b28aa4194ce316dd1,81533c0a04f4a291d0692a886a784f580046470e060a11929c003fb91d1490c6,,,136,0
stage1_60s,60,2,6,1748536462,[MACHINE_SPECIFIC_PATH_REMOVED],0,1,1,0,60.019999980926514,0.010290857259058546,1.0290857259058546,-27554.40004721132,-27837.958444956166,88452.0,TIME_LIMIT,dcap_like_sun_nestedB60_n10_m3_P120_pool360_seed2_tailcont_d0p1_homogeneousA0,b806651dfe46a8beaab9609e485eddad3ee74fe2567a0688f898842999af61ac,b806651dfe46a8beaab9609e485eddad3ee74fe2567a0688f898842999af61ac,4acf1670b3a331884bfd0171d8d94244db81f7fb39408d414419972c4dcc6f60,,,137,0
stage1_60s,60,2,19,432399589,[MACHINE_SPECIFIC_PATH_REMOVED],0,1,1,0,60.02400016784668,0.010228740232044467,1.0228740232044466,-31274.959902208084,-31594.863342815377,61903.0,TIME_LIMIT,dcap_like_sun_nestedB60_n10_m3_P120_pool360_seed2_tailcont_d0p1_homogeneousA0,b412d765497b521ae53415cff035c452725f7287a14a348a6f78345cc6e2b31b,b412d765497b521ae53415cff035c452725f7287a14a348a6f78345cc6e2b31b,bfd7b2d3a517f0b39cfd4c2c04266a44446fdaf0bdcf4979f4d36b14cf314821,,,138,0
stage1_60s,60,7,8,483628757,[MACHINE_SPECIFIC_PATH_REMOVED],0,1,1,0,60.013999938964844,0.010198762139605865,1.0198762139605866,-27375.40796457332,-27654.603238878677,120969.0,TIME_LIMIT,dcap_like_sun_nestedB60_n10_m3_P120_pool360_seed7_tailcont_d0p1_homogeneousA0,f3f057e04f83ea44484720dfdc0dc297593ac9db175cc9ac5dc6c09b915f74ac,f3f057e04f83ea44484720dfdc0dc297593ac9db175cc9ac5dc6c09b915f74ac,1e6db2543fc29803d2ebc78ee45592183603a923efd68ea8b2bdbb4d53b7ce81,,,139,0
stage1_60s,60,4,10,1304286716,[MACHINE_SPECIFIC_PATH_REMOVED],0,1,1,0,60.01800012588501,0.01015973253292225,1.015973253292225,-26412.579758843945,-26680.924504698276,33628.0,TIME_LIMIT,dcap_like_sun_nestedB60_n10_m3_P120_pool360_seed4_tailcont_d0p1_homogeneousA0,cbf2ea481be748e7c8a797ca4df24822b0720ebdc4651377476d6b1b0e089362,cbf2ea481be748e7c8a797ca4df24822b0720ebdc4651377476d6b1b0e089362,043cf73ce66877fac92eabff546b6875592416366544ab833943dd297d9cca1f,,,140,0
stage1_60s,60,10,24,726311852,[MACHINE_SPECIFIC_PATH_REMOVED],0,1,1,0,60.0220000743866,0.010121428120452455,1.0121428120452456,-26265.856930169884,-26531.704913110687,122868.0,TIME_LIMIT,dcap_like_sun_nestedB60_n10_m3_P120_pool360_seed10_tailcont_d0p1_homogeneousA0,e5c9fda7262ce27b4397069bffa83e3f84d23ccbe1498d8d964769a867c72c8a,e5c9fda7262ce27b4397069bffa83e3f84d23ccbe1498d8d964769a867c72c8a,5c3497ab95468d2a6e038203e188f35508482a7c58a1e39fe4388455e90cfbc2,,,141,0
stage1_60s,60,7,11,612176793,[MACHINE_SPECIFIC_PATH_REMOVED],0,1,1,0,60.00999999046326,0.010104097137690862,1.0104097137690862,-27622.079083548557,-27901.17525375371,30448.0,TIME_LIMIT,dcap_like_sun_nestedB60_n10_m3_P120_pool360_seed7_tailcont_d0p1_homogeneousA0,517af1132d5aa6cf33a01d16fc094dbddb1c9334dede1fe19e7caf2b255dc408,517af1132d5aa6cf33a01d16fc094dbddb1c9334dede1fe19e7caf2b255dc408,e891b8292ce8a5aa028e4e37014569750212635761229ac84197ddd56a600fea,,,142,0
stage1_60s,60,5,39,1423623577,[MACHINE_SPECIFIC_PATH_REMOVED],0,1,1,0,60.01799988746643,0.010014562511535463,1.0014562511535463,-28253.57163153134,-28536.518790809456,120434.0,TIME_LIMIT,dcap_like_sun_nestedB60_n10_m3_P120_pool360_seed5_tailcont_d0p1_homogeneousA0,1959d5ce509b9d59c412e066116914b7a487579ffaaab7de015dca5aa34327c7,1959d5ce509b9d59c412e066116914b7a487579ffaaab7de015dca5aa34327c7,faee0bf3c155a9fcaccf74958cd578c9a671f5ea4e3bc4254c4b83173e9c7bb4,,,143,0
stage1_60s,60,6,3,1111885934,[MACHINE_SPECIFIC_PATH_REMOVED],0,1,1,0,60.019999980926514,0.010011945408866216,1.0011945408866216,-25387.49988924643,-25641.67815220516,24191.0,TIME_LIMIT,dcap_like_sun_nestedB60_n10_m3_P120_pool360_seed6_tailcont_d0p1_homogeneousA0,3bac5fca04c2e4d57b6c2d4c16eb1fbdcca98d4e2d98ca1097ffff7083f0a7ee,3bac5fca04c2e4d57b6c2d4c16eb1fbdcca98d4e2d98ca1097ffff7083f0a7ee,f4434d13bf5186944c78ba34f5c6f83adeb6b0e30f95d262114bda0d6b6bc8f3,,,144,0
stage1_60s,60,5,31,1713023723,[MACHINE_SPECIFIC_PATH_REMOVED],0,1,1,0,60.015000104904175,0.009929886709062292,0.9929886709062292,-27418.867439189937,-27691.13368655189,6691.0,TIME_LIMIT,dcap_like_sun_nestedB60_n10_m3_P120_pool360_seed5_tailcont_d0p1_homogeneousA0,8c6f30e8556435909c2d8cba4ffc0a23dc563b789e8efffa585d2a9dae6f677d,8c6f30e8556435909c2d8cba4ffc0a23dc563b789e8efffa585d2a9dae6f677d,e8902d0a56025fb02712eea594d3c070f1380358ca63333ece0ac94be558c040,,,145,0
stage1_60s,60,5,30,1927747983,[MACHINE_SPECIFIC_PATH_REMOVED],0,1,1,0,60.01799988746643,0.009921463217249014,0.9921463217249014,-28517.94294751668,-28800.882669502073,142463.0,TIME_LIMIT,dcap_like_sun_nestedB60_n10_m3_P120_pool360_seed5_tailcont_d0p1_homogeneousA0,ce5ec95a26ad69ea87a65c76a0f82db9d1ed9b11f1af800f72d1f981c146487a,ce5ec95a26ad69ea87a65c76a0f82db9d1ed9b11f1af800f72d1f981c146487a,11094c1a3d31d170468d22e4d7aabdf8072e1d02461a31bee6d7499cd708cf61,,,146,0
stage1_60s,60,2,34,2077552887,[MACHINE_SPECIFIC_PATH_REMOVED],0,1,1,0,60.01300001144409,0.00980918817518213,0.9809188175182129,-22667.207858610127,-22889.5547659012,29846.0,TIME_LIMIT,dcap_like_sun_nestedB60_n10_m3_P120_pool360_seed2_tailcont_d0p1_homogeneousA0,66ec304f20f962b9b0524bf72e3e0797f17e2eb32b45fa732cc768fd7546adff,66ec304f20f962b9b0524bf72e3e0797f17e2eb32b45fa732cc768fd7546adff,a3af64e0b66f05cad54e98b275607bd9a0fb453bea1863fc33343c419768ab76,,,147,0
stage1_60s,60,9,34,677753333,[MACHINE_SPECIFIC_PATH_REMOVED],0,1,1,0,60.01699995994568,0.009798345353956659,0.9798345353956659,-27214.189323178754,-27480.84334869522,43846.0,TIME_LIMIT,dcap_like_sun_nestedB60_n10_m3_P120_pool360_seed9_tailcont_d0p1_homogeneousA0,83239eeaa9d479e40e17758ba2329fed0be070da33724f0d89442de238d5a856,83239eeaa9d479e40e17758ba2329fed0be070da33724f0d89442de238d5a856,2a647c8b0a6a1582e433fcf59303bcb925524edf27ea82ed996ed477c05cc1fd,,,148,0
stage1_60s,60,9,15,1548366090,[MACHINE_SPECIFIC_PATH_REMOVED],0,1,1,0,60.01600003242493,0.009775939256430426,0.9775939256430426,-27612.552847118506,-27882.49148646691,118292.0,TIME_LIMIT,dcap_like_sun_nestedB60_n10_m3_P120_pool360_seed9_tailcont_d0p1_homogeneousA0,8b9a9258fe45c1adfcb267de0f1222e25f777c37b08f51284591fbc55c6b0f3f,8b9a9258fe45c1adfcb267de0f1222e25f777c37b08f51284591fbc55c6b0f3f,4935237589c96147cd211c3e94d4cbc02b1e5ad0cd9b357943062a58c3784ad1,,,149,0
stage1_60s,60,4,23,130025050,[MACHINE_SPECIFIC_PATH_REMOVED],0,1,1,0,60.29100012779236,0.009748548453407859,0.9748548453407859,-25697.326361510535,-25947.837992668756,1509.0,TIME_LIMIT,dcap_like_sun_nestedB60_n10_m3_P120_pool360_seed4_tailcont_d0p1_homogeneousA0,5a4baad46fccd1b5909fdfe328f3c975a18a56bf44440055fcb8510db41197b1,5a4baad46fccd1b5909fdfe328f3c975a18a56bf44440055fcb8510db41197b1,772b24e8e8e862dfb3f7e330ad1c948713ad567754b68b3ee64d6ccb7b63173b,,,150,0
stage1_60s,60,1,22,1618157078,[MACHINE_SPECIFIC_PATH_REMOVED],0,1,1,0,60.03999996185303,0.009744693402508307,0.9744693402508307,-27267.445645659634,-27533.158543346148,1135.0,TIME_LIMIT,dcap_like_sun_nestedB60_n10_m3_P120_pool360_seed1_tailcont_d0p1_homogeneousA0,7d8df0ab18804dd8a2c535d9007ab03bf7e37defc45495064acea99c2eeab695,7d8df0ab18804dd8a2c535d9007ab03bf7e37defc45495064acea99c2eeab695,b7940d6aa42ff11ebae83d0634c72729d9afa023179f5098b7feb8bc48842484,,,151,0
stage1_60s,60,9,40,1590745253,[MACHINE_SPECIFIC_PATH_REMOVED],0,1,1,0,60.019999980926514,0.009723463104373482,0.9723463104373482,-31348.558879100623,-31653.375434736838,83075.0,TIME_LIMIT,dcap_like_sun_nestedB60_n10_m3_P120_pool360_seed9_tailcont_d0p1_homogeneousA0,672e78606ba4ab8a0a8de09c8b09e4ca1d892713f8b223b89e84580ead5b0e41,672e78606ba4ab8a0a8de09c8b09e4ca1d892713f8b223b89e84580ead5b0e41,c093dc6bb87d14e2f38558010d8be7d8c99891a8cd565c80e11c23dfe9b74d3a,,,152,0
stage1_60s,60,9,30,2111625489,[MACHINE_SPECIFIC_PATH_REMOVED],0,1,1,0,60.01300001144409,0.009655130209324476,0.9655130209324476,-25139.508157951263,-25382.233382614657,87651.0,TIME_LIMIT,dcap_like_sun_nestedB60_n10_m3_P120_pool360_seed9_tailcont_d0p1_homogeneousA0,3124b0ebf0bcf2e66c4b8b593424b0067bf672809747fb7f77c5d0017c40f603,3124b0ebf0bcf2e66c4b8b593424b0067bf672809747fb7f77c5d0017c40f603,772b24e8e8e862dfb3f7e330ad1c948713ad567754b68b3ee64d6ccb7b63173b,,,153,0
stage1_60s,60,2,5,888658062,[MACHINE_SPECIFIC_PATH_REMOVED],0,1,1,0,60.01400017738342,0.009596276470913228,0.9596276470913228,-25564.223310910103,-25809.54466556576,8038.0,TIME_LIMIT,dcap_like_sun_nestedB60_n10_m3_P120_pool360_seed2_tailcont_d0p1_homogeneousA0,bc2541badba0a3ed178e582175bd3a076e6657c4050233595502f8a8f1647d6c,bc2541badba0a3ed178e582175bd3a076e6657c4050233595502f8a8f1647d6c,1bf48b95d4fa91ac92c9ce9bf7c9e5c38c979bcd561a5edaf1202fc9291a6cf7,,,154,0
stage1_60s,60,10,18,913773613,[MACHINE_SPECIFIC_PATH_REMOVED],0,1,1,0,60.013999938964844,0.009569268041623294,0.9569268041623293,-30160.742521861343,-30449.35875138742,16871.0,TIME_LIMIT,dcap_like_sun_nestedB60_n10_m3_P120_pool360_seed10_tailcont_d0p1_homogeneousA0,2acfe794c422a89ee610b0d210be3b26f20a71113b10088a5b0adeb5e7622b47,2acfe794c422a89ee610b0d210be3b26f20a71113b10088a5b0adeb5e7622b47,866bfde5f982bae176d2bf65a3fd34b29fe1952e8106999db6b48470b6e2b904,,,155,0
stage1_60s,60,9,10,1537758556,[MACHINE_SPECIFIC_PATH_REMOVED],0,1,1,0,60.02199983596802,0.00954202914378615,0.954202914378615,-24708.493102153338,-24944.262263433124,146933.0,TIME_LIMIT,dcap_like_sun_nestedB60_n10_m3_P120_pool360_seed9_tailcont_d0p1_homogeneousA0,ead5355e1a48a045e6e7783dbe08a11d8f34755a894ab7592e0307b91291fe65,ead5355e1a48a045e6e7783dbe08a11d8f34755a894ab7592e0307b91291fe65,6cbbca48322f208edf05743cebf49ce34d93834aad23e5cb7c95dc55f4b9547b,,,156,0
stage1_60s,60,1,21,1858836761,[MACHINE_SPECIFIC_PATH_REMOVED],0,1,1,0,60.03099989891052,0.009535383189582544,0.9535383189582544,-27631.334593730226,-27894.80995712101,98473.0,TIME_LIMIT,dcap_like_sun_nestedB60_n10_m3_P120_pool360_seed1_tailcont_d0p1_homogeneousA0,7482cbe5cbbcc806d9f44c1ff70784f7f09199bd71a1fcb968977eb84328565d,7482cbe5cbbcc806d9f44c1ff70784f7f09199bd71a1fcb968977eb84328565d,81533c0a04f4a291d0692a886a784f580046470e060a11929c003fb91d1490c6,,,157,0
stage1_60s,60,3,30,1584494582,[MACHINE_SPECIFIC_PATH_REMOVED],0,1,1,0,60.01199984550476,0.00946786620244329,0.9467866202443289,-25996.636726443452,-26242.769404682942,9335.0,TIME_LIMIT,dcap_like_sun_nestedB60_n10_m3_P120_pool360_seed3_tailcont_d0p1_homogeneousA0,1633b01a56a86124ac5c8b93e7363ac32e26268c7fb2583ba3c46d38e58485ea,1633b01a56a86124ac5c8b93e7363ac32e26268c7fb2583ba3c46d38e58485ea,1e4f6de0f62d701a028dae6cea3520f5ceb8255615cb7dccdea9c5adba89fff0,,,158,0
stage1_60s,60,9,38,642486461,[MACHINE_SPECIFIC_PATH_REMOVED],0,1,1,0,60.01299977302551,0.009257580614926368,0.9257580614926368,-26262.75112002607,-26505.88065568946,12191.0,TIME_LIMIT,dcap_like_sun_nestedB60_n10_m3_P120_pool360_seed9_tailcont_d0p1_homogeneousA0,fa778724d1ae32bf09549f0fe522b973123b63bc398307f674b8f88765adb348,fa778724d1ae32bf09549f0fe522b973123b63bc398307f674b8f88765adb348,52457a96f65822f22af24a19476a0745a55420cfcbebd8edad4dcebeaddb2431,,,159,0
stage1_60s,60,4,17,1451650247,[MACHINE_SPECIFIC_PATH_REMOVED],0,1,1,0,60.01900005340576,0.009174407621917166,0.9174407621917167,-27103.976507169136,-27352.639435820773,121823.0,TIME_LIMIT,dcap_like_sun_nestedB60_n10_m3_P120_pool360_seed4_tailcont_d0p1_homogeneousA0,4a4181b58319cbd49e77a10f41a2ba713a7cf6e384c760bdaf26a16f06c84cce,4a4181b58319cbd49e77a10f41a2ba713a7cf6e384c760bdaf26a16f06c84cce,286cbd81c91de2905c1bc8be0f6c9e3630fbe58641d716e94e9f98114d38e2e2,,,160,0
stage1_60s,60,6,11,400620265,[MACHINE_SPECIFIC_PATH_REMOVED],0,1,1,0,60.01200008392334,0.009086764888297502,0.9086764888297503,-26627.645989571974,-26869.605148208033,105258.0,TIME_LIMIT,dcap_like_sun_nestedB60_n10_m3_P120_pool360_seed6_tailcont_d0p1_homogeneousA0,40a58f2c57ffbf3d920cd68ff9c63355a7f38d705046b62bd09d1536a53acea9,40a58f2c57ffbf3d920cd68ff9c63355a7f38d705046b62bd09d1536a53acea9,f11a0e9f93d7e79d9bb65657892f96eebe9b415d13897e7bad90a4eac7f3d3db,,,161,0
stage1_60s,60,2,29,2029896997,[MACHINE_SPECIFIC_PATH_REMOVED],0,1,1,0,60.24500012397766,0.009078723272288099,0.9078723272288098,-26671.669449273006,-26913.814155412896,1175.0,TIME_LIMIT,dcap_like_sun_nestedB60_n10_m3_P120_pool360_seed2_tailcont_d0p1_homogeneousA0,64b361c2a244571b809d7dd47f38ee062b1a6468160e3ba4087da1dda1339ada,64b361c2a244571b809d7dd47f38ee062b1a6468160e3ba4087da1dda1339ada,1b02f5a08f3adf7abb8a12678da5559e9d721533e505f7014ef1c84bfa8bc6f0,,,162,0
stage1_60s,60,2,17,1198780981,[MACHINE_SPECIFIC_PATH_REMOVED],0,1,1,0,60.03600001335144,0.009076593513825875,0.9076593513825875,-27749.47289512855,-28001.34358082056,1061.0,TIME_LIMIT,dcap_like_sun_nestedB60_n10_m3_P120_pool360_seed2_tailcont_d0p1_homogeneousA0,005eb57bcc0903ffdc19179bb4c521204896929dea33257a44ed8fd5ee4fa12c,005eb57bcc0903ffdc19179bb4c521204896929dea33257a44ed8fd5ee4fa12c,902d139e6a3600c5346681c8f16c20f48cd0271fd6fb38cf3eab5ce4e1fc27c1,,,163,0
stage1_60s,60,2,30,907923171,[MACHINE_SPECIFIC_PATH_REMOVED],0,1,1,0,60.01200008392334,0.00906907225850859,0.906907225850859,-23385.74420094386,-23597.831204921218,143523.0,TIME_LIMIT,dcap_like_sun_nestedB60_n10_m3_P120_pool360_seed2_tailcont_d0p1_homogeneousA0,7ec1ebd332a8c034492fd12617e82556f1c73473e12f1ceed2fa3722eb0d1c01,7ec1ebd332a8c034492fd12617e82556f1c73473e12f1ceed2fa3722eb0d1c01,cb1d0d63dc4b44b0673c2696f871137acc9fb2de3b9e8203ab5e5138df4467a0,,,164,0
stage1_60s,60,8,25,307041362,[MACHINE_SPECIFIC_PATH_REMOVED],0,1,1,0,60.01699995994568,0.008982843364304532,0.8982843364304531,-27988.146440334243,-28239.559575864983,122936.0,TIME_LIMIT,dcap_like_sun_nestedB60_n10_m3_P120_pool360_seed8_tailcont_d0p1_homogeneousA0,6018f1d57de41daf0ae15d2d6e07b60d41c55e80a90f55d94a6cead9411eac61,6018f1d57de41daf0ae15d2d6e07b60d41c55e80a90f55d94a6cead9411eac61,39280af30af981c5c4cab0d68da2f36eaaa4c004dee06bc10d9e5a9403a0305e,,,165,0
stage1_60s,60,8,10,1868088533,[MACHINE_SPECIFIC_PATH_REMOVED],0,1,1,0,60.02800011634827,0.008885757784177424,0.8885757784177424,-27745.27874293331,-27991.816569497503,139917.0,TIME_LIMIT,dcap_like_sun_nestedB60_n10_m3_P120_pool360_seed8_tailcont_d0p1_homogeneousA0,3409e77ce8da94ee1041e5ffd5dae6cd135b576fef0a63fab3eeeec01fcf416b,3409e77ce8da94ee1041e5ffd5dae6cd135b576fef0a63fab3eeeec01fcf416b,faee0bf3c155a9fcaccf74958cd578c9a671f5ea4e3bc4254c4b83173e9c7bb4,,,166,0
stage1_60s,60,6,14,1448099613,[MACHINE_SPECIFIC_PATH_REMOVED],0,1,1,0,60.013999938964844,0.00886845012508904,0.886845012508904,-28708.43973731949,-28963.039103299034,5342.0,TIME_LIMIT,dcap_like_sun_nestedB60_n10_m3_P120_pool360_seed6_tailcont_d0p1_homogeneousA0,351d72b674c9bd7fa224bb46e358ded044e53b8bd5c72fdef21bfc545e8dd72a,351d72b674c9bd7fa224bb46e358ded044e53b8bd5c72fdef21bfc545e8dd72a,d7a24db2f636e1580dc77b43abbb97816359372978d55ff676be3e176de85c2c,,,167,0
stage1_60s,60,7,27,2126996168,[MACHINE_SPECIFIC_PATH_REMOVED],0,1,1,0,60.371999979019165,0.008853476884841316,0.8853476884841316,-31710.341380131566,-31991.088154550987,1594.0,TIME_LIMIT,dcap_like_sun_nestedB60_n10_m3_P120_pool360_seed7_tailcont_d0p1_homogeneousA0,d706e9ac45b3967c5c0d4053e0773ed9034d36bd8d920f4ab48cf53f20316922,d706e9ac45b3967c5c0d4053e0773ed9034d36bd8d920f4ab48cf53f20316922,bd07b631a55e14a79b4187e53fc3bea9938e3f2ad4f206628bd1ed251e80193c,,,168,0
stage1_60s,60,2,28,1437305003,[MACHINE_SPECIFIC_PATH_REMOVED],0,1,1,0,60.019999980926514,0.008800079400211488,0.8800079400211488,-29502.92026041754,-29762.548301247323,49405.0,TIME_LIMIT,dcap_like_sun_nestedB60_n10_m3_P120_pool360_seed2_tailcont_d0p1_homogeneousA0,6697a2799b78bc095ae21430d9aa28868a3c3f2c48e3870638299eba535d5c28,6697a2799b78bc095ae21430d9aa28868a3c3f2c48e3870638299eba535d5c28,4641669e160e8f4bbf5a9c228fa02f594777921e1b93af78766186e0c7ed1312,,,169,0
stage1_60s,60,1,36,865678546,[MACHINE_SPECIFIC_PATH_REMOVED],0,1,1,0,60.01400017738342,0.008725741451466056,0.8725741451466056,-27920.076293866092,-28163.699660911574,19938.0,TIME_LIMIT,dcap_like_sun_nestedB60_n10_m3_P120_pool360_seed1_tailcont_d0p1_homogeneousA0,bf64639c87bee5dacea878993e08e4942c7b2511081acf2662cbe920d947eab5,bf64639c87bee5dacea878993e08e4942c7b2511081acf2662cbe920d947eab5,bbaf61ab2aa94f9aee7328ba86089ed0d850d8336f5dea288dfe98a10913f638,,,170,0
stage1_60s,60,7,20,1004882659,[MACHINE_SPECIFIC_PATH_REMOVED],0,1,1,0,60.00999999046326,0.008587932564663866,0.8587932564663866,-24425.72948967314,-24635.496007373175,15465.0,TIME_LIMIT,dcap_like_sun_nestedB60_n10_m3_P120_pool360_seed7_tailcont_d0p1_homogeneousA0,bdf8d8b857102f9609c9a8f08586d4c96e49b9e149e92f6dd484eae41f12cef1,bdf8d8b857102f9609c9a8f08586d4c96e49b9e149e92f6dd484eae41f12cef1,52457a96f65822f22af24a19476a0745a55420cfcbebd8edad4dcebeaddb2431,,,171,0
stage1_60s,60,4,16,374795630,[MACHINE_SPECIFIC_PATH_REMOVED],0,1,1,0,60.03999996185303,0.008579709177674472,0.8579709177674472,-29958.035337697147,-30215.066568429083,1133.0,TIME_LIMIT,dcap_like_sun_nestedB60_n10_m3_P120_pool360_seed4_tailcont_d0p1_homogeneousA0,3bc3a8545289c74767707750fc1e09b9c29e4cc161f653f32d165598428687ba,3bc3a8545289c74767707750fc1e09b9c29e4cc161f653f32d165598428687ba,1e4f6de0f62d701a028dae6cea3520f5ceb8255615cb7dccdea9c5adba89fff0,,,172,0
stage1_60s,60,2,23,558688960,[MACHINE_SPECIFIC_PATH_REMOVED],0,1,1,0,60.009000062942505,0.008570098393858971,0.8570098393858971,-24817.38342694148,-25030.070844788494,1273.0,TIME_LIMIT,dcap_like_sun_nestedB60_n10_m3_P120_pool360_seed2_tailcont_d0p1_homogeneousA0,05eea7f0a3b584d1c3efa0b73e68d05327b2f28ff86a8cdd6a0ec572e47fa395,05eea7f0a3b584d1c3efa0b73e68d05327b2f28ff86a8cdd6a0ec572e47fa395,8500f248ba2fd8c5dc72910056efbdff417c667013da8c09acaa446e5390f45e,,,173,0
stage1_60s,60,4,6,2096467393,[MACHINE_SPECIFIC_PATH_REMOVED],0,1,1,0,60.01300001144409,0.008476440089357377,0.8476440089357378,-26933.332855164892,-27161.631637518418,3061.0,TIME_LIMIT,dcap_like_sun_nestedB60_n10_m3_P120_pool360_seed4_tailcont_d0p1_homogeneousA0,0d2cdbee3f0c665463d417f4386b7bd0ee236a19efbcef6f80fb8d3a2be8a1c5,0d2cdbee3f0c665463d417f4386b7bd0ee236a19efbcef6f80fb8d3a2be8a1c5,1e4f6de0f62d701a028dae6cea3520f5ceb8255615cb7dccdea9c5adba89fff0,,,174,0
stage1_60s,60,8,32,908351626,[MACHINE_SPECIFIC_PATH_REMOVED],0,1,1,0,60.014999866485596,0.008440615256056687,0.8440615256056686,-28531.130866558473,-28771.951165023296,7640.0,TIME_LIMIT,dcap_like_sun_nestedB60_n10_m3_P120_pool360_seed8_tailcont_d0p1_homogeneousA0,c8837917d25fd07015862eb51ba439a19ef50ef80e8e3ba65052fee8b44aa37d,c8837917d25fd07015862eb51ba439a19ef50ef80e8e3ba65052fee8b44aa37d,772b24e8e8e862dfb3f7e330ad1c948713ad567754b68b3ee64d6ccb7b63173b,,,175,0
stage1_60s,60,4,4,1098067557,[MACHINE_SPECIFIC_PATH_REMOVED],0,1,1,0,60.009000062942505,0.008426636841740028,0.8426636841740028,-29955.729167031164,-30208.155218051255,3628.0,TIME_LIMIT,dcap_like_sun_nestedB60_n10_m3_P120_pool360_seed4_tailcont_d0p1_homogeneousA0,90edcf7ef81d6dad9218185c349b81fda9911b0973045a0cb9c92bf694369aa2,90edcf7ef81d6dad9218185c349b81fda9911b0973045a0cb9c92bf694369aa2,e2a26a2b0202fc29ca8e58e51f59bc9a4c477244080e48a08f2eff38c9f339d1,,,176,0
stage1_60s,60,4,39,996549786,[MACHINE_SPECIFIC_PATH_REMOVED],0,1,1,0,60.008999824523926,0.008351825782354978,0.8351825782354978,-27291.220537076777,-27519.15205639027,58254.0,TIME_LIMIT,dcap_like_sun_nestedB60_n10_m3_P120_pool360_seed4_tailcont_d0p1_homogeneousA0,8c9ddc7d989debbe7e45fab0d57df5a7d5d0fbbca4171a233166e3607721ad90,8c9ddc7d989debbe7e45fab0d57df5a7d5d0fbbca4171a233166e3607721ad90,b7940d6aa42ff11ebae83d0634c72729d9afa023179f5098b7feb8bc48842484,,,177,0
stage1_60s,60,10,29,1963530690,[MACHINE_SPECIFIC_PATH_REMOVED],0,1,1,0,60.02799987792969,0.008349115937446664,0.8349115937446664,-29258.11445450502,-29502.393844196766,1183.0,TIME_LIMIT,dcap_like_sun_nestedB60_n10_m3_P120_pool360_seed10_tailcont_d0p1_homogeneousA0,a40f0dde8a81261a81e7608d0c3e230006345e1714b7458fc8fbf1b46001b6bf,a40f0dde8a81261a81e7608d0c3e230006345e1714b7458fc8fbf1b46001b6bf,c25d51f9b6b389d11ee2a604927cddc34f6fecedc38f73ceaba01907bc94870d,,,178,0
stage1_60s,60,9,4,615935265,[MACHINE_SPECIFIC_PATH_REMOVED],0,1,1,0,60.02999997138977,0.008317283011450773,0.8317283011450772,-25529.813144036227,-25742.151825184632,137544.0,TIME_LIMIT,dcap_like_sun_nestedB60_n10_m3_P120_pool360_seed9_tailcont_d0p1_homogeneousA0,64243318e75cd79fa41bc9c734245da6631100a8b100c7b8f3a99d6975f0f3af,64243318e75cd79fa41bc9c734245da6631100a8b100c7b8f3a99d6975f0f3af,4e21cd0f4ac1d5376715d50dd6a5a4ed4cc21d8a0ca4def8f85d111d877ded9c,,,179,0
stage1_60s,60,4,37,1265693069,[MACHINE_SPECIFIC_PATH_REMOVED],0,1,1,0,60.01700019836426,0.00829037852188358,0.8290378521883581,-27699.318946244148,-27928.956785106893,47921.0,TIME_LIMIT,dcap_like_sun_nestedB60_n10_m3_P120_pool360_seed4_tailcont_d0p1_homogeneousA0,2ac416a9d241fb26c7dc438eb17dc17b4d4b4abc0e13c189021c2dc88cd7b6c5,2ac416a9d241fb26c7dc438eb17dc17b4d4b4abc0e13c189021c2dc88cd7b6c5,092481b6c07ad35a49825f4525e6bc035acd0990cd320f30193a8b92cb1cd372,,,180,0
stage1_60s,60,3,20,244108803,[MACHINE_SPECIFIC_PATH_REMOVED],0,1,1,0,60.01800012588501,0.008274839014697888,0.8274839014697888,-27825.130442532245,-28055.37891750717,43042.0,TIME_LIMIT,dcap_like_sun_nestedB60_n10_m3_P120_pool360_seed3_tailcont_d0p1_homogeneousA0,45d5cdb16db178ed651a3821db603cda35837779e17976ad9ffb34fe81a13450,45d5cdb16db178ed651a3821db603cda35837779e17976ad9ffb34fe81a13450,fc2c7febe6a838d147379ed243aa58248922e33d36944a571b4ccd8a9d4434a0,,,181,0
stage1_60s,60,6,12,1358833747,[MACHINE_SPECIFIC_PATH_REMOVED],0,1,1,0,60.021000146865845,0.008255654789186707,0.8255654789186707,-29888.446849552096,-30135.195548926953,127395.0,TIME_LIMIT,dcap_like_sun_nestedB60_n10_m3_P120_pool360_seed6_tailcont_d0p1_homogeneousA0,24f5eeecc9be5ebc4ca8e76db405b86707ce560f5ef770542c011ce5ba10e619,24f5eeecc9be5ebc4ca8e76db405b86707ce560f5ef770542c011ce5ba10e619,092481b6c07ad35a49825f4525e6bc035acd0990cd320f30193a8b92cb1cd372,,,182,0
stage1_60s,60,9,5,245584350,[MACHINE_SPECIFIC_PATH_REMOVED],0,1,1,0,60.009000062942505,0.008218792072000618,0.8218792072000618,-26547.521955474236,-26765.71051845315,3493.0,TIME_LIMIT,dcap_like_sun_nestedB60_n10_m3_P120_pool360_seed9_tailcont_d0p1_homogeneousA0,ecdbb87b888531072e4ff29cbbf538709752075e075e8c4112f61cd7226c5ea1,ecdbb87b888531072e4ff29cbbf538709752075e075e8c4112f61cd7226c5ea1,5c81a36cd3901512e8f3fb3c1448c0c59f3b7d2d7c62705f9b24cec91e4f12cd,,,183,0
stage1_60s,60,2,12,1564571816,[MACHINE_SPECIFIC_PATH_REMOVED],0,1,1,0,60.015000104904175,0.00815160175457521,0.815160175457521,-27062.86845169869,-27283.474177653396,136437.0,TIME_LIMIT,dcap_like_sun_nestedB60_n10_m3_P120_pool360_seed2_tailcont_d0p1_homogeneousA0,bf483746db667e5f843b69e90aa662176a375b73d6c5b1767caa339af3e70fd8,bf483746db667e5f843b69e90aa662176a375b73d6c5b1767caa339af3e70fd8,2b9ec164d0c6d878961362b57c4d69fa20b22b97eb720dc047b1a67f5f97ad0e,,,184,0
stage1_60s,60,10,25,1607876997,[MACHINE_SPECIFIC_PATH_REMOVED],0,1,1,0,60.01799988746643,0.008049339341257674,0.8049339341257674,-26692.036746643702,-26906.890008126757,48273.0,TIME_LIMIT,dcap_like_sun_nestedB60_n10_m3_P120_pool360_seed10_tailcont_d0p1_homogeneousA0,847e3a9d5c3ed870cac410c05cfc28eee12fc4ae76fa52cb717ee0d8bea35036,847e3a9d5c3ed870cac410c05cfc28eee12fc4ae76fa52cb717ee0d8bea35036,af5d4479670bef0adea8c6adb567a68822d431886c4d5f2913a19cdcaced884e,,,185,0
stage1_60s,60,3,17,1484806552,[MACHINE_SPECIFIC_PATH_REMOVED],0,1,1,0,60.01799988746643,0.008032727551125328,0.8032727551125327,-30184.763136472695,-30427.22911494323,143943.0,TIME_LIMIT,dcap_like_sun_nestedB60_n10_m3_P120_pool360_seed3_tailcont_d0p1_homogeneousA0,c4fe51a5978bf9b3e6a990c5ea5afdfedff651d18ea7f050055a1315a41edb74,c4fe51a5978bf9b3e6a990c5ea5afdfedff651d18ea7f050055a1315a41edb74,150de5e515d3328168f21086504ac99c379794e5ab03cde59cc39ff58c464429,,,186,0
stage1_60s,60,1,12,909086626,[MACHINE_SPECIFIC_PATH_REMOVED],0,1,1,0,60.00999999046326,0.007945378836356239,0.7945378836356239,-25291.743617333872,-25492.696101805584,3322.0,TIME_LIMIT,dcap_like_sun_nestedB60_n10_m3_P120_pool360_seed1_tailcont_d0p1_homogeneousA0,741c288daf4142858c54a6e628a6e9572c79c9d1d34b606072c2267d265a4278,741c288daf4142858c54a6e628a6e9572c79c9d1d34b606072c2267d265a4278,21afc19eee31f4e9c25414bc31a8617b33065eddb74231976cffa50793fc2cea,,,187,0
stage1_60s,60,4,12,808498783,[MACHINE_SPECIFIC_PATH_REMOVED],0,1,1,0,60.01799988746643,0.007910140139764033,0.7910140139764034,-24903.864931763615,-25100.85799339562,103117.0,TIME_LIMIT,dcap_like_sun_nestedB60_n10_m3_P120_pool360_seed4_tailcont_d0p1_homogeneousA0,9e9ac0d4a6831528b4f28c477e578b0e95940cf4385dcbde304ac26ccc6029d5,9e9ac0d4a6831528b4f28c477e578b0e95940cf4385dcbde304ac26ccc6029d5,39fb5b101fa7d434470c61f850b9fa27bc818ff38e9e335b5a5385e528d06025,,,188,0
stage1_60s,60,7,28,955794088,[MACHINE_SPECIFIC_PATH_REMOVED],0,1,1,0,60.01100015640259,0.007837608241285666,0.7837608241285666,-29216.276858714806,-29445.262591002353,2945.0,TIME_LIMIT,dcap_like_sun_nestedB60_n10_m3_P120_pool360_seed7_tailcont_d0p1_homogeneousA0,d600cb9e6d9228ec704c353713606eec12b5b9fcbd5869ba9c9063bf022ccecb,d600cb9e6d9228ec704c353713606eec12b5b9fcbd5869ba9c9063bf022ccecb,49cfe39a8cf4905ca38784b69fe92657ca27d6abfee4681fc7763980a88fe6cf,,,189,0
stage1_60s,60,7,25,1545052023,[MACHINE_SPECIFIC_PATH_REMOVED],0,1,1,0,60.008999824523926,0.007761368969435801,0.7761368969435801,-27110.713169144445,-27321.129417074717,4855.0,TIME_LIMIT,dcap_like_sun_nestedB60_n10_m3_P120_pool360_seed7_tailcont_d0p1_homogeneousA0,4a5b62206ec05d6861312e8b5bda22e911f2e17dedbf278548cf7d274aa723b5,4a5b62206ec05d6861312e8b5bda22e911f2e17dedbf278548cf7d274aa723b5,250f1bbb8d44acc3bd8e8b0922e1b8fe3a94dc319fd4f630bd9dd8a606afa792,,,190,0
stage1_60s,60,1,19,184123696,[MACHINE_SPECIFIC_PATH_REMOVED],0,1,1,0,60.01300001144409,0.0077075071639142664,0.7707507163914267,-21781.856670503723,-21949.740486834984,16735.0,TIME_LIMIT,dcap_like_sun_nestedB60_n10_m3_P120_pool360_seed1_tailcont_d0p1_homogeneousA0,c905b07c32aa3a437082cd69302fdab2656b4e04700d9648d7b0326d91502fd2,c905b07c32aa3a437082cd69302fdab2656b4e04700d9648d7b0326d91502fd2,68a7e63c54164ce81364edd636227596b673b9e029e570c958e84b2f6d70446d,,,191,0
stage1_60s,60,1,6,309580410,[MACHINE_SPECIFIC_PATH_REMOVED],0,1,1,0,60.00800013542175,0.007627526077703472,0.7627526077703473,-27477.22574281333,-27686.808998709585,136788.0,TIME_LIMIT,dcap_like_sun_nestedB60_n10_m3_P120_pool360_seed1_tailcont_d0p1_homogeneousA0,225c47914a8d9c62660a2b9b9907363886addc74b4e128d69dc48249a6733dc5,225c47914a8d9c62660a2b9b9907363886addc74b4e128d69dc48249a6733dc5,1a36ed161a60df6f16cbc73ada9e44ad2d8c1ae06f7966bd1073317f54af4728,,,192,0
stage1_60s,60,7,35,1734444720,[MACHINE_SPECIFIC_PATH_REMOVED],0,1,1,0,60.01900005340576,0.007591073379505514,0.7591073379505514,-28457.07562985068,-28673.095379123013,35465.0,TIME_LIMIT,dcap_like_sun_nestedB60_n10_m3_P120_pool360_seed7_tailcont_d0p1_homogeneousA0,cdc5e365ca931e11d11d9d596e9066d9054e4028a6b13b0f53ace6fda7398159,cdc5e365ca931e11d11d9d596e9066d9054e4028a6b13b0f53ace6fda7398159,2a647c8b0a6a1582e433fcf59303bcb925524edf27ea82ed996ed477c05cc1fd,,,193,0
stage1_60s,60,5,5,1006851807,[MACHINE_SPECIFIC_PATH_REMOVED],0,1,1,0,60.01099991798401,0.007534451694609866,0.7534451694609866,-27796.523112162744,-28005.95467282944,77834.0,TIME_LIMIT,dcap_like_sun_nestedB60_n10_m3_P120_pool360_seed5_tailcont_d0p1_homogeneousA0,57019a0fb38a4b34eea26a69538fd7f673dea10c7b564f8094bc632107ed7eaa,57019a0fb38a4b34eea26a69538fd7f673dea10c7b564f8094bc632107ed7eaa,28f814eaa1aa7b0fde63789483b84ecf4eb99fd01d9ede762d5b6c687bb3ded3,,,194,0
stage1_60s,60,5,35,1348684712,[MACHINE_SPECIFIC_PATH_REMOVED],0,1,1,0,60.01199984550476,0.00749239901738496,0.749239901738496,-32262.449119843175,-32504.17226192712,10676.0,TIME_LIMIT,dcap_like_sun_nestedB60_n10_m3_P120_pool360_seed5_tailcont_d0p1_homogeneousA0,2ecce5f4ffede9adbd4780d727dd0cc3f8e29286e68fe56f9643d59cb02cf17b,2ecce5f4ffede9adbd4780d727dd0cc3f8e29286e68fe56f9643d59cb02cf17b,ff196504dd994c9d317e188d82b1edacab301aca38211066d2917112bb7fb867,,,195,0
stage1_60s,60,10,35,2101290457,[MACHINE_SPECIFIC_PATH_REMOVED],0,1,1,0,60.01800012588501,0.007385094982329449,0.7385094982329449,-22329.10234117305,-22494.004882832767,37177.0,TIME_LIMIT,dcap_like_sun_nestedB60_n10_m3_P120_pool360_seed10_tailcont_d0p1_homogeneousA0,2dded67e6f9530d1c32737552967fea6ad0e45842d6a62ab9abd6febe82587fd,2dded67e6f9530d1c32737552967fea6ad0e45842d6a62ab9abd6febe82587fd,772b24e8e8e862dfb3f7e330ad1c948713ad567754b68b3ee64d6ccb7b63173b,,,196,0
stage1_60s,60,10,39,834470986,[MACHINE_SPECIFIC_PATH_REMOVED],0,1,1,0,60.00800013542175,0.007343070656326895,0.7343070656326894,-28688.951837669152,-28899.616838069116,71833.0,TIME_LIMIT,dcap_like_sun_nestedB60_n10_m3_P120_pool360_seed10_tailcont_d0p1_homogeneousA0,741c2d2ca909edcfc9dbb006f8af391b2fcbcbb6384f6bc0606ac79c822f75da,741c2d2ca909edcfc9dbb006f8af391b2fcbcbb6384f6bc0606ac79c822f75da,00523ccc02974560966dfe5d5366e5794445cfce9b5431f71daf6deeebff95ab,,,197,0
stage1_60s,60,1,20,59182744,[MACHINE_SPECIFIC_PATH_REMOVED],0,1,1,0,60.01099991798401,0.007338355976893073,0.7338355976893073,-27369.219372026244,-27570.06444658785,36345.0,TIME_LIMIT,dcap_like_sun_nestedB60_n10_m3_P120_pool360_seed1_tailcont_d0p1_homogeneousA0,72c092ff3159539183fed43a1420e8743e5a97853e4cfc1de9f44b98370f376d,72c092ff3159539183fed43a1420e8743e5a97853e4cfc1de9f44b98370f376d,03722e58d17dbc5c19d28d5f177b9519a6c5024f2ea519d9b75b1bb475f23592,,,198,0
stage1_60s,60,2,4,641004849,[MACHINE_SPECIFIC_PATH_REMOVED],0,1,1,0,60.013999938964844,0.00727392235845596,0.727392235845596,-26606.62670493939,-26800.16124181154,1678.0,TIME_LIMIT,dcap_like_sun_nestedB60_n10_m3_P120_pool360_seed2_tailcont_d0p1_homogeneousA0,eb28a6da8e569d92a624e1e580dbfe22f5500dd72da23cb719ce28d409dc3653,eb28a6da8e569d92a624e1e580dbfe22f5500dd72da23cb719ce28d409dc3653,2a647c8b0a6a1582e433fcf59303bcb925524edf27ea82ed996ed477c05cc1fd,,,199,0
stage1_60s,60,4,9,973933017,[MACHINE_SPECIFIC_PATH_REMOVED],0,1,1,0,60.009000062942505,0.007154463026031954,0.7154463026031954,-28427.18964788773,-28630.570925157543,119414.0,TIME_LIMIT,dcap_like_sun_nestedB60_n10_m3_P120_pool360_seed4_tailcont_d0p1_homogeneousA0,cc88427b88a3bb6b84f673840ee163b23974ce5e6c578b0c861d5e410dc54acb,cc88427b88a3bb6b84f673840ee163b23974ce5e6c578b0c861d5e410dc54acb,c09ec1869c91ff1dec59679ee88a83cf7d5a6d69aebf6cee843eed52d6feb885,,,200,0
stage1_60s,60,5,25,606100190,[MACHINE_SPECIFIC_PATH_REMOVED],0,1,1,0,60.01099991798401,0.007107882886648785,0.7107882886648785,-25508.272999611323,-25689.582816733226,13124.0,TIME_LIMIT,dcap_like_sun_nestedB60_n10_m3_P120_pool360_seed5_tailcont_d0p1_homogeneousA0,eff27f5a12f1f817e008659782e605e46b2762088a244dc9e85c23eb81cc07d4,eff27f5a12f1f817e008659782e605e46b2762088a244dc9e85c23eb81cc07d4,d728018b24d57314b6dc9eed36ca60c22cd0c4cbaad55123cc21cf466403c1bf,,,201,0
stage1_60s,60,4,8,173594038,[MACHINE_SPECIFIC_PATH_REMOVED],0,1,1,0,60.00500011444092,0.007085484448251467,0.7085484448251467,-26173.8139546155,-26359.268106342355,22266.0,TIME_LIMIT,dcap_like_sun_nestedB60_n10_m3_P120_pool360_seed4_tailcont_d0p1_homogeneousA0,494c2bc524daf25d0d8e51485314b38067d4f0cf5c99315768bd11f8ea55fea7,494c2bc524daf25d0d8e51485314b38067d4f0cf5c99315768bd11f8ea55fea7,655ff797a7d0f1c504a44bd1de2dae3f23e38474078d4f338273fbbd275bac39,,,202,0
stage1_60s,60,5,24,503606822,[MACHINE_SPECIFIC_PATH_REMOVED],0,1,1,0,60.01799988746643,0.007036916800304733,0.7036916800304733,-22148.11427779392,-22303.968715250398,129262.0,TIME_LIMIT,dcap_like_sun_nestedB60_n10_m3_P120_pool360_seed5_tailcont_d0p1_homogeneousA0,b511d1490da7e1fe307eee8034f7c90f7eb5ad4e6973c191bacc283f23ab5c89,b511d1490da7e1fe307eee8034f7c90f7eb5ad4e6973c191bacc283f23ab5c89,3479c9299c34babd3eaa3fa4c33683df806b0d72c9f55ad24a11cae4a73cede8,,,203,0
stage1_60s,60,2,35,1863784366,[MACHINE_SPECIFIC_PATH_REMOVED],0,1,1,0,60.021000146865845,0.006991068397520885,0.6991068397520884,-29252.6839892992,-29457.191503879454,139414.0,TIME_LIMIT,dcap_like_sun_nestedB60_n10_m3_P120_pool360_seed2_tailcont_d0p1_homogeneousA0,ddeef0b5141ddbda222f02f80a1469ffb768afd653645e24ae46090378c9f6ee,ddeef0b5141ddbda222f02f80a1469ffb768afd653645e24ae46090378c9f6ee,a2e9a9567651cccde6676f04181c05714941f3c2aba2356563bfd562ca8e5cfb,,,204,0
stage1_60s,60,9,27,317986815,[MACHINE_SPECIFIC_PATH_REMOVED],0,1,1,0,60.02199983596802,0.006951431202434352,0.6951431202434353,-27112.012421745658,-27300.47971085497,133802.0,TIME_LIMIT,dcap_like_sun_nestedB60_n10_m3_P120_pool360_seed9_tailcont_d0p1_homogeneousA0,a8e7bbbfadec2607145dbaf8126f26f81a14e8422e81d8ed15a7b0378750cb2e,a8e7bbbfadec2607145dbaf8126f26f81a14e8422e81d8ed15a7b0378750cb2e,1dc91434d0fdecb5e9f1a2b31c706fc1e3b91d5c26a76846459cd815b11641d7,,,205,0
stage1_60s,60,10,15,866858020,[MACHINE_SPECIFIC_PATH_REMOVED],0,1,1,0,60.03200006484985,0.00695095080634197,0.695095080634197,-32341.64517410008,-32566.450358701415,1116.0,TIME_LIMIT,dcap_like_sun_nestedB60_n10_m3_P120_pool360_seed10_tailcont_d0p1_homogeneousA0,8a886995a8c5aa175078d702e3ddb2dda087a4e71dac33e75358c5e1fa63123a,8a886995a8c5aa175078d702e3ddb2dda087a4e71dac33e75358c5e1fa63123a,0aa06ca6923cc58b13a41925aea6e5b820f8bb380aa783cf902ea52032b056cd,,,206,0
stage1_60s,60,9,3,2063827471,[MACHINE_SPECIFIC_PATH_REMOVED],0,1,1,0,60.004000186920166,0.006938408360331226,0.6938408360331226,-26801.828894292685,-26987.790927965012,86846.0,TIME_LIMIT,dcap_like_sun_nestedB60_n10_m3_P120_pool360_seed9_tailcont_d0p1_homogeneousA0,edb2a21fc0ffcdcd47a4af2a13c58adab21dd8c4e50e6675832057cecf3cde9b,edb2a21fc0ffcdcd47a4af2a13c58adab21dd8c4e50e6675832057cecf3cde9b,bfd7b2d3a517f0b39cfd4c2c04266a44446fdaf0bdcf4979f4d36b14cf314821,,,207,0
stage1_60s,60,7,6,1665772334,[MACHINE_SPECIFIC_PATH_REMOVED],0,1,1,0,60.01099991798401,0.006934531558302676,0.6934531558302676,-25879.35261819862,-26058.81380563796,7237.0,TIME_LIMIT,dcap_like_sun_nestedB60_n10_m3_P120_pool360_seed7_tailcont_d0p1_homogeneousA0,25eb851da0dbd16bd8c1ff9188a92617357cd2a41b7b3d703d3a7cb54206b7fc,25eb851da0dbd16bd8c1ff9188a92617357cd2a41b7b3d703d3a7cb54206b7fc,eeab17edfa708e485dcae78bb03dac0f414290ae181f98b4d456974c18e0a58d,,,208,0
stage1_60s,60,7,18,1711693563,[MACHINE_SPECIFIC_PATH_REMOVED],0,1,1,0,60.00600004196167,0.006925167201140264,0.6925167201140263,-28614.235235305572,-28812.393598642822,65293.0,TIME_LIMIT,dcap_like_sun_nestedB60_n10_m3_P120_pool360_seed7_tailcont_d0p1_homogeneousA0,84fec3dc19ce4e83b9c9170595830bab432db19b292a6d86e9f2e789647f28af,84fec3dc19ce4e83b9c9170595830bab432db19b292a6d86e9f2e789647f28af,41031659be5c2743e642e88887d78abbef63c7b3841c7257b409e9b62b8ddd9e,,,209,0
stage1_60s,60,7,7,1790251936,[MACHINE_SPECIFIC_PATH_REMOVED],0,1,1,0,60.01199984550476,0.006900315102979338,0.6900315102979339,-26199.88295385628,-26380.670401899064,43125.0,TIME_LIMIT,dcap_like_sun_nestedB60_n10_m3_P120_pool360_seed7_tailcont_d0p1_homogeneousA0,3e2b6bd5066b2fb7f6d84b819a5007de2c8d449db7b76edaafda100d67319704,3e2b6bd5066b2fb7f6d84b819a5007de2c8d449db7b76edaafda100d67319704,59ef6d1c6c7d00eee77dd9bc7ed95ccfd1cdf8f1f8a554590a9158a3f18c71b7,,,210,0
stage1_60s,60,5,19,319577159,[MACHINE_SPECIFIC_PATH_REMOVED],0,1,1,0,60.009000062942505,0.006878118990232543,0.6878118990232542,-25564.164450508204,-25739.997815484672,1207.0,TIME_LIMIT,dcap_like_sun_nestedB60_n10_m3_P120_pool360_seed5_tailcont_d0p1_homogeneousA0,ece42873f61b55c9aeacaca611aa948fc2d5985eead2db41c90110ef68c9dd4a,ece42873f61b55c9aeacaca611aa948fc2d5985eead2db41c90110ef68c9dd4a,bd07b631a55e14a79b4187e53fc3bea9938e3f2ad4f206628bd1ed251e80193c,,,211,0
stage1_60s,60,4,1,1560023974,[MACHINE_SPECIFIC_PATH_REMOVED],0,1,1,0,60.01799988746643,0.006860017876404261,0.6860017876404261,-26315.39895733647,-26495.92306460851,135299.0,TIME_LIMIT,dcap_like_sun_nestedB60_n10_m3_P120_pool360_seed4_tailcont_d0p1_homogeneousA0,d5df479d48e20aa3fde865bd7cb1347e77cb292c896a7ebb2e95743478e13bec,d5df479d48e20aa3fde865bd7cb1347e77cb292c896a7ebb2e95743478e13bec,c19832364811eb213aa400a8b11a36ba76d0c4579a0345e1044034639827e05c,,,212,0
stage1_60s,60,1,8,2037209174,[MACHINE_SPECIFIC_PATH_REMOVED],0,1,1,0,60.515000104904175,0.006798584143955992,0.6798584143955992,-25010.64107895227,-25180.67802682181,1405.0,TIME_LIMIT,dcap_like_sun_nestedB60_n10_m3_P120_pool360_seed1_tailcont_d0p1_homogeneousA0,2132ea04ce44a5eab835fe9e236fffb26c0032271a4c6329f86bdc968b6d3891,2132ea04ce44a5eab835fe9e236fffb26c0032271a4c6329f86bdc968b6d3891,fd142ba51145baac572263afcf77871cd72b2ea01bd9925353fa399fb520f7d8,,,213,0
stage1_60s,60,1,35,823155374,[MACHINE_SPECIFIC_PATH_REMOVED],0,1,1,0,60.007999897003174,0.006745723223431535,0.6745723223431535,-25392.438038781176,-25563.72839775893,44955.0,TIME_LIMIT,dcap_like_sun_nestedB60_n10_m3_P120_pool360_seed1_tailcont_d0p1_homogeneousA0,3884a6356a43c167cba261be245990aca55c97755d55991d4f79877b9812c96a,3884a6356a43c167cba261be245990aca55c97755d55991d4f79877b9812c96a,866bfde5f982bae176d2bf65a3fd34b29fe1952e8106999db6b48470b6e2b904,,,214,0
stage1_60s,60,1,37,1941050025,[MACHINE_SPECIFIC_PATH_REMOVED],0,1,1,0,60.020999908447266,0.006714509744537277,0.6714509744537277,-26601.554347426096,-26780.170743311726,46343.0,TIME_LIMIT,dcap_like_sun_nestedB60_n10_m3_P120_pool360_seed1_tailcont_d0p1_homogeneousA0,9ec60f103037564eaed070a7bfbf419c9f102d82d131d9ee5ff2eb2acd146059,9ec60f103037564eaed070a7bfbf419c9f102d82d131d9ee5ff2eb2acd146059,2171b91b3c01d229dd36b0a74e21d5713966267c15e4e1ac1875841114df2e37,,,215,0
stage1_60s,60,8,7,1380032418,[MACHINE_SPECIFIC_PATH_REMOVED],0,1,1,0,60.01800012588501,0.006664174519937067,0.6664174519937066,-26093.779227618554,-26267.672726276112,138235.0,TIME_LIMIT,dcap_like_sun_nestedB60_n10_m3_P120_pool360_seed8_tailcont_d0p1_homogeneousA0,e3c930205c82d24d99b6b914c41199abe07fa09eb694e81a991b0e636569c33d,e3c930205c82d24d99b6b914c41199abe07fa09eb694e81a991b0e636569c33d,8fe1f824c27b55b19800f30b587900e4166e3de4f8577421800baae71b9eae3b,,,216,0
stage1_60s,60,1,26,708093468,[MACHINE_SPECIFIC_PATH_REMOVED],0,1,1,0,60.01599979400635,0.006660149230973571,0.6660149230973571,-28475.5004354018,-28665.151517728227,23718.0,TIME_LIMIT,dcap_like_sun_nestedB60_n10_m3_P120_pool360_seed1_tailcont_d0p1_homogeneousA0,15aec33ef0c5b89c4f47fb1c140b7c3364d72f1e8035b55860e5f23e3dcd6229,15aec33ef0c5b89c4f47fb1c140b7c3364d72f1e8035b55860e5f23e3dcd6229,b6be082e27951e008813be9de83ba5bfc011f9a99a143d069528f38dbcccbc4b,,,217,0
stage1_60s,60,3,6,1720723810,[MACHINE_SPECIFIC_PATH_REMOVED],0,1,1,0,60.00499987602234,0.00661623833835972,0.661623833835972,-26176.251433428057,-26349.439751716447,97526.0,TIME_LIMIT,dcap_like_sun_nestedB60_n10_m3_P120_pool360_seed3_tailcont_d0p1_homogeneousA0,5da9df4507e8797ff40584c181b91fffdc4775afb1bb2446291ca709b18cc14a,5da9df4507e8797ff40584c181b91fffdc4775afb1bb2446291ca709b18cc14a,772b24e8e8e862dfb3f7e330ad1c948713ad567754b68b3ee64d6ccb7b63173b,,,218,0
stage1_60s,60,10,38,299254839,[MACHINE_SPECIFIC_PATH_REMOVED],0,1,1,0,60.00999999046326,0.006588137870731794,0.6588137870731794,-27797.694225430063,-27980.82926747564,119185.0,TIME_LIMIT,dcap_like_sun_nestedB60_n10_m3_P120_pool360_seed10_tailcont_d0p1_homogeneousA0,6991e9a8f5e1d20b261e559db87d5b8da4ba2915b57cccae179a003ea4de0e75,6991e9a8f5e1d20b261e559db87d5b8da4ba2915b57cccae179a003ea4de0e75,3780483e6652ba2980cd5b45ee5a578cc4c74c3b29713ce1e82efe94a4bac19d,,,219,0
stage1_60s,60,4,38,381591921,[MACHINE_SPECIFIC_PATH_REMOVED],0,1,1,0,60.0220000743866,0.00646116773762238,0.646116773762238,-27476.33316418923,-27653.862361577852,128192.0,TIME_LIMIT,dcap_like_sun_nestedB60_n10_m3_P120_pool360_seed4_tailcont_d0p1_homogeneousA0,f4bec3afec60567e20f9e9624da830d9f18943f9f1abf24326544c580c244d5d,f4bec3afec60567e20f9e9624da830d9f18943f9f1abf24326544c580c244d5d,2a7d93b74647d756fe963bab1da0443b4ed8d0225ea634f4e50ab87bf3f30d97,,,220,0
stage1_60s,60,4,32,793980093,[MACHINE_SPECIFIC_PATH_REMOVED],0,1,1,0,60.02300000190735,0.006420352596419555,0.6420352596419555,-25620.304942049806,-25784.796333405557,108525.0,TIME_LIMIT,dcap_like_sun_nestedB60_n10_m3_P120_pool360_seed4_tailcont_d0p1_homogeneousA0,74f6104bb9b19a762d970823cbda707e09839a67a046ef8345fbdc0950a6d3e8,74f6104bb9b19a762d970823cbda707e09839a67a046ef8345fbdc0950a6d3e8,2e5a2dae9cb7cd6e33cb80628456d27c7881e3133c3af5f521f2340d0e8b4caf,,,221,0
stage1_60s,60,8,12,839848226,[MACHINE_SPECIFIC_PATH_REMOVED],0,1,1,0,60.00699996948242,0.006385877363191975,0.6385877363191974,-29845.677582126664,-30036.268418987493,75604.0,TIME_LIMIT,dcap_like_sun_nestedB60_n10_m3_P120_pool360_seed8_tailcont_d0p1_homogeneousA0,c77db93606c6e90577ba148265211f46da450a5c6401ff86edb79d23ea475c1e,c77db93606c6e90577ba148265211f46da450a5c6401ff86edb79d23ea475c1e,21de369e02a4933103f08a3a9853ac388d8872fae4316df0191f30b6858cb0b1,,,222,0
stage1_60s,60,2,7,969095166,[MACHINE_SPECIFIC_PATH_REMOVED],0,1,1,0,60.01099991798401,0.006368760550242953,0.6368760550242953,-20771.96917053937,-20904.260868343565,121915.0,TIME_LIMIT,dcap_like_sun_nestedB60_n10_m3_P120_pool360_seed2_tailcont_d0p1_homogeneousA0,8062d77f21ef07e7c3426cb95341dc3115e631b7d21591a5cedee5bb3c018957,8062d77f21ef07e7c3426cb95341dc3115e631b7d21591a5cedee5bb3c018957,1e4f6de0f62d701a028dae6cea3520f5ceb8255615cb7dccdea9c5adba89fff0,,,223,0
stage1_60s,60,6,33,329807037,[MACHINE_SPECIFIC_PATH_REMOVED],0,1,1,0,60.01099991798401,0.006187410771959218,0.6187410771959218,-25720.89999101055,-25880.045764679413,42350.0,TIME_LIMIT,dcap_like_sun_nestedB60_n10_m3_P120_pool360_seed6_tailcont_d0p1_homogeneousA0,5a54c29c4c195981b001331fbe09596fb0fa6408d9f2fdd334351ead0d834752,5a54c29c4c195981b001331fbe09596fb0fa6408d9f2fdd334351ead0d834752,f63a122f5e2b699ac7cc938e741e188e59247e9ae591789b5a2d4bc8fff909c0,,,224,0
stage1_60s,60,8,6,684426313,[MACHINE_SPECIFIC_PATH_REMOVED],0,1,1,0,60.01800012588501,0.006181501731705434,0.6181501731705434,-26878.235429178083,-27044.383288028734,139908.0,TIME_LIMIT,dcap_like_sun_nestedB60_n10_m3_P120_pool360_seed8_tailcont_d0p1_homogeneousA0,b93cdcb37a55c626aed3df1697817553dd3a938a73ab684623a7d7c751f6866d,b93cdcb37a55c626aed3df1697817553dd3a938a73ab684623a7d7c751f6866d,5ed53f35e0cfbf8725a5af1ee976cae03d2b6bae221fe1468de0889aed96659d,,,225,0
stage1_60s,60,1,27,972122756,[MACHINE_SPECIFIC_PATH_REMOVED],0,1,1,0,60.02499985694885,0.006167227342203068,0.6167227342203068,-28599.375722844918,-28775.754574772785,73952.0,TIME_LIMIT,dcap_like_sun_nestedB60_n10_m3_P120_pool360_seed1_tailcont_d0p1_homogeneousA0,7023621a8a5d5ea2cb2cc1a780258ba399a30bf87fd793796c8459a6e771ede4,7023621a8a5d5ea2cb2cc1a780258ba399a30bf87fd793796c8459a6e771ede4,11fb33b4edc39b0111e2a157e87ac9357aef69624d0339f0760a76730c814c3f,,,226,0
stage1_60s,60,8,19,1165346121,[MACHINE_SPECIFIC_PATH_REMOVED],0,1,1,0,60.013999938964844,0.005962025144603814,0.5962025144603814,-27827.248696953946,-27993.15545339033,30613.0,TIME_LIMIT,dcap_like_sun_nestedB60_n10_m3_P120_pool360_seed8_tailcont_d0p1_homogeneousA0,58593ffd379d51d84e2222597529dce5b79c3bf55201035468e0c72ca28b7475,58593ffd379d51d84e2222597529dce5b79c3bf55201035468e0c72ca28b7475,0fe689944d2b38597d3fca410e2f692d0722cf13e6fc99cf47ce39b68ac56a1d,,,227,0
stage1_60s,60,9,21,1606711276,[MACHINE_SPECIFIC_PATH_REMOVED],0,1,1,0,60.01699995994568,0.005892143100092766,0.5892143100092766,-25895.869587512014,-26048.451756822975,128635.0,TIME_LIMIT,dcap_like_sun_nestedB60_n10_m3_P120_pool360_seed9_tailcont_d0p1_homogeneousA0,dafae8f362fd34c8e97a6a684941d54af4c6de132401b3510e121a77e11aef23,dafae8f362fd34c8e97a6a684941d54af4c6de132401b3510e121a77e11aef23,5ed53f35e0cfbf8725a5af1ee976cae03d2b6bae221fe1468de0889aed96659d,,,228,0
stage1_60s,60,10,1,1667601611,[MACHINE_SPECIFIC_PATH_REMOVED],0,1,1,0,60.01900005340576,0.005873458125215578,0.5873458125215578,-29669.47770070982,-29843.740135581957,87177.0,TIME_LIMIT,dcap_like_sun_nestedB60_n10_m3_P120_pool360_seed10_tailcont_d0p1_homogeneousA0,f90a85c886fa0a33e1d4d84027112bcb03d8a9cca9f2449aa6b29cbfedef78bf,f90a85c886fa0a33e1d4d84027112bcb03d8a9cca9f2449aa6b29cbfedef78bf,0be185c9c2426959c3fbe0fb980090dc04786749f517cce8661b84153306a01e,,,229,0
stage1_60s,60,9,18,57096724,[MACHINE_SPECIFIC_PATH_REMOVED],0,1,1,0,60.01900005340576,0.005810210528288115,0.5810210528288116,-29490.395533944647,-29661.740940559353,32929.0,TIME_LIMIT,dcap_like_sun_nestedB60_n10_m3_P120_pool360_seed9_tailcont_d0p1_homogeneousA0,cb8fab8b21891434f93d33c35155e614fdb9ad994cace4b7fa6d233c545d303c,cb8fab8b21891434f93d33c35155e614fdb9ad994cace4b7fa6d233c545d303c,e0e3d1abcd1847a40f00e02f586e0332cc43496c8ac76b05c37beeccb261cd00,,,230,0
stage1_60s,60,8,22,518299784,[MACHINE_SPECIFIC_PATH_REMOVED],0,1,1,0,60.01699995994568,0.005757358861066186,0.5757358861066186,-27877.13319415752,-28037.631853974024,139473.0,TIME_LIMIT,dcap_like_sun_nestedB60_n10_m3_P120_pool360_seed8_tailcont_d0p1_homogeneousA0,dc8961d847176eee5f2afa4e8ba8c0e09d55a446dd70aedfdfbfb2e603ba13b6,dc8961d847176eee5f2afa4e8ba8c0e09d55a446dd70aedfdfbfb2e603ba13b6,46b8f1944d6709a0e5dc9131b515115799bad2966b7e72579b497cee9839e038,,,231,0
stage1_60s,60,6,5,2031819254,[MACHINE_SPECIFIC_PATH_REMOVED],0,1,1,0,60.00599980354309,0.005682775821482884,0.5682775821482884,-24743.550064467592,-24884.1621125116,119617.0,TIME_LIMIT,dcap_like_sun_nestedB60_n10_m3_P120_pool360_seed6_tailcont_d0p1_homogeneousA0,b6107a62cdda0325c3d2b22f850ebaf8f184eac10d0b81a6ca704b33b1105abd,b6107a62cdda0325c3d2b22f850ebaf8f184eac10d0b81a6ca704b33b1105abd,a2e9a9567651cccde6676f04181c05714941f3c2aba2356563bfd562ca8e5cfb,,,232,0
stage1_60s,60,1,33,2097889540,[MACHINE_SPECIFIC_PATH_REMOVED],0,1,1,0,60.01200008392334,0.005680275389639026,0.5680275389639026,-25984.63390482962,-26132.233781308005,6316.0,TIME_LIMIT,dcap_like_sun_nestedB60_n10_m3_P120_pool360_seed1_tailcont_d0p1_homogeneousA0,41b933e9be5f4eb4ee20d7d1f3ef8a408b97960e28053a1a544b0ae8a144e02b,41b933e9be5f4eb4ee20d7d1f3ef8a408b97960e28053a1a544b0ae8a144e02b,be1f93cd065a987e0fd5d94c5e178239a65ea3af9c47cd3bbd15bb9c5807845d,,,233,0
stage1_60s,60,3,25,902188167,[MACHINE_SPECIFIC_PATH_REMOVED],0,1,1,0,60.019999980926514,0.00553016023303221,0.553016023303221,-24928.51882766077,-25066.377531149894,107001.0,TIME_LIMIT,dcap_like_sun_nestedB60_n10_m3_P120_pool360_seed3_tailcont_d0p1_homogeneousA0,d64cb3d845174db3d745ce35dca14e5f07498b07aa497470fd438ee850dc65ab,d64cb3d845174db3d745ce35dca14e5f07498b07aa497470fd438ee850dc65ab,5c81a36cd3901512e8f3fb3c1448c0c59f3b7d2d7c62705f9b24cec91e4f12cd,,,234,0
stage1_60s,60,8,16,800472173,[MACHINE_SPECIFIC_PATH_REMOVED],0,1,1,0,60.019999980926514,0.005453288607098451,0.5453288607098451,-28694.331418031485,-28850.809888641743,121283.0,TIME_LIMIT,dcap_like_sun_nestedB60_n10_m3_P120_pool360_seed8_tailcont_d0p1_homogeneousA0,87181998d698d0e5ffefdef550e6fc8dba35dba927c507f827c78e5615147786,87181998d698d0e5ffefdef550e6fc8dba35dba927c507f827c78e5615147786,39fb5b101fa7d434470c61f850b9fa27bc818ff38e9e335b5a5385e528d06025,,,235,0
stage1_60s,60,1,38,436916801,[MACHINE_SPECIFIC_PATH_REMOVED],0,1,1,0,60.0239999294281,0.005389424727656328,0.5389424727656328,-26466.873048541333,-26609.514268612882,168777.0,TIME_LIMIT,dcap_like_sun_nestedB60_n10_m3_P120_pool360_seed1_tailcont_d0p1_homogeneousA0,dd43df70c187d040aef411bf9c720f5f724f17133cd59af69177b014989d3f97,dd43df70c187d040aef411bf9c720f5f724f17133cd59af69177b014989d3f97,18ec9eca44f13c4dd2a41b3ea95b05615535dca6002ab4fe8e1143995b3cd519,,,236,0
stage1_60s,60,4,31,1996857197,[MACHINE_SPECIFIC_PATH_REMOVED],0,1,1,0,60.02199983596802,0.005349526408776695,0.5349526408776695,-26946.36194078029,-27090.51221560295,89431.0,TIME_LIMIT,dcap_like_sun_nestedB60_n10_m3_P120_pool360_seed4_tailcont_d0p1_homogeneousA0,9341fafe6e9c0965075361169844c17d14aea2c98374533fb0fdc7dc84d7abba,9341fafe6e9c0965075361169844c17d14aea2c98374533fb0fdc7dc84d7abba,d20c036c59414defe6e5f7df346a08f7ae7ff3069cde3396c25859ab629b331c,,,237,0
stage1_60s,60,8,26,396707997,[MACHINE_SPECIFIC_PATH_REMOVED],0,1,1,0,60.00999999046326,0.005266229975525135,0.5266229975525135,-31231.426561491888,-31395.89843622843,134364.0,TIME_LIMIT,dcap_like_sun_nestedB60_n10_m3_P120_pool360_seed8_tailcont_d0p1_homogeneousA0,31890f0a8daba55dc5ce58f1b6fa46beb6c2a847cca54d9f5c3b333e34f9072d,31890f0a8daba55dc5ce58f1b6fa46beb6c2a847cca54d9f5c3b333e34f9072d,6de05e85ab239583b750c7078fdc25b1589bfec043ec6e620f96246b6eb9f459,,,238,0
stage1_60s,60,1,2,1099128568,[MACHINE_SPECIFIC_PATH_REMOVED],0,1,1,0,60.038999795913696,0.005257370393052904,0.5257370393052905,-23752.0210373782,-23876.89420955528,1281.0,TIME_LIMIT,dcap_like_sun_nestedB60_n10_m3_P120_pool360_seed1_tailcont_d0p1_homogeneousA0,fcca8af51b1b9981c48d3bd2bafdd9ca32e404c57024bfadcd5a7d9dccbd6bf6,fcca8af51b1b9981c48d3bd2bafdd9ca32e404c57024bfadcd5a7d9dccbd6bf6,0419f830eaff14a1243c63aa6a91bd9ae2f5263882f88d23443b1fb5e73ff892,,,239,0
stage1_60s,60,3,19,70197375,[MACHINE_SPECIFIC_PATH_REMOVED],0,1,1,0,60.00600004196167,0.005201130918303774,0.5201130918303775,-24816.094266858472,-24945.16602202137,18985.0,TIME_LIMIT,dcap_like_sun_nestedB60_n10_m3_P120_pool360_seed3_tailcont_d0p1_homogeneousA0,698f3eecc4affec1e8d29ecf87985537dd65ccab5881841e4b8ea3cb4ce5fa30,698f3eecc4affec1e8d29ecf87985537dd65ccab5881841e4b8ea3cb4ce5fa30,68a7e63c54164ce81364edd636227596b673b9e029e570c958e84b2f6d70446d,,,240,0
stage1_60s,60,5,27,565298527,[MACHINE_SPECIFIC_PATH_REMOVED],0,1,1,0,60.019999980926514,0.005096339841465028,0.5096339841465027,-26087.016556752005,-26219.96485857514,50379.0,TIME_LIMIT,dcap_like_sun_nestedB60_n10_m3_P120_pool360_seed5_tailcont_d0p1_homogeneousA0,75ed08ebfe607291caef6c631693bbe0dea7d5744f2929e4cf953484f3e1aa29,75ed08ebfe607291caef6c631693bbe0dea7d5744f2929e4cf953484f3e1aa29,99585fb62593be6fbd1c9f9277733671cfdc1975c8c2c154dc6432e3f766d3d1,,,241,0
stage1_60s,60,4,2,2025197564,[MACHINE_SPECIFIC_PATH_REMOVED],0,1,1,0,60.00999999046326,0.005087611677207535,0.5087611677207535,-25352.6116165922,-25481.59585950048,95896.0,TIME_LIMIT,dcap_like_sun_nestedB60_n10_m3_P120_pool360_seed4_tailcont_d0p1_homogeneousA0,39e5df1e5a258d273c028c79e754cec3ea7eab87a7682ba9e11940a2366b4249,39e5df1e5a258d273c028c79e754cec3ea7eab87a7682ba9e11940a2366b4249,6de05e85ab239583b750c7078fdc25b1589bfec043ec6e620f96246b6eb9f459,,,242,0
stage1_60s,60,7,14,11307154,[MACHINE_SPECIFIC_PATH_REMOVED],0,1,1,0,60.009000062942505,0.005075026060140574,0.5075026060140574,-29732.654525263693,-29883.548521816563,50594.0,TIME_LIMIT,dcap_like_sun_nestedB60_n10_m3_P120_pool360_seed7_tailcont_d0p1_homogeneousA0,1a3f27b0828983e2876be8ff4ca95b343ee579614fa8f63240fd56ac4a3fc7bb,1a3f27b0828983e2876be8ff4ca95b343ee579614fa8f63240fd56ac4a3fc7bb,290b11eacc620e0a91e14051a3b371cbe91e84ad64b4abdcbd0b6a5690b5bf6b,,,243,0
stage1_60s,60,5,20,2145714367,[MACHINE_SPECIFIC_PATH_REMOVED],0,1,1,0,60.01099991798401,0.005043343969403141,0.5043343969403141,-26834.22488195703,-26969.559108189056,5199.0,TIME_LIMIT,dcap_like_sun_nestedB60_n10_m3_P120_pool360_seed5_tailcont_d0p1_homogeneousA0,0011a9df052bae08cf5269b6f1b6b7b89bd30538f6d3458143ec95a53433c53b,0011a9df052bae08cf5269b6f1b6b7b89bd30538f6d3458143ec95a53433c53b,fd142ba51145baac572263afcf77871cd72b2ea01bd9925353fa399fb520f7d8,,,244,0
stage1_60s,60,3,34,610317351,[MACHINE_SPECIFIC_PATH_REMOVED],0,1,1,0,60.01900005340576,0.0050419401209392265,0.5041940120939227,-27114.43598651306,-27251.1453491701,38241.0,TIME_LIMIT,dcap_like_sun_nestedB60_n10_m3_P120_pool360_seed3_tailcont_d0p1_homogeneousA0,8f77a5cdbf42a63182092672ddc48274798288cfca173f8ce0fa26a4b8ff5710,8f77a5cdbf42a63182092672ddc48274798288cfca173f8ce0fa26a4b8ff5710,bbaf61ab2aa94f9aee7328ba86089ed0d850d8336f5dea288dfe98a10913f638,,,245,0
stage1_60s,60,1,3,1621709874,[MACHINE_SPECIFIC_PATH_REMOVED],0,1,1,0,60.02499985694885,0.005024862442878872,0.5024862442878872,-31026.875893821616,-31182.781677220344,66352.0,TIME_LIMIT,dcap_like_sun_nestedB60_n10_m3_P120_pool360_seed1_tailcont_d0p1_homogeneousA0,2c66b598dd93c2c495289ed232ce6b0ec4f60bf83ded2846254e827dd49ae05e,2c66b598dd93c2c495289ed232ce6b0ec4f60bf83ded2846254e827dd49ae05e,302a6ed5fcbdc78a0cc6bb1f773c3d32164c0fe7b4dbf091f228e1ec2d558400,,,246,0
stage1_60s,60,9,9,1380029761,[MACHINE_SPECIFIC_PATH_REMOVED],0,1,1,0,60.02199983596802,0.004973080945549653,0.4973080945549653,-26142.836111579018,-26272.84655170814,121657.0,TIME_LIMIT,dcap_like_sun_nestedB60_n10_m3_P120_pool360_seed9_tailcont_d0p1_homogeneousA0,add8c92a90fd8c736561c8795b457f0ddae21eff22193bf1c70856f4715857f2,add8c92a90fd8c736561c8795b457f0ddae21eff22193bf1c70856f4715857f2,460d9f3d9b7a085978f489ec74fd856dca8b235cb983c9c778c0a0102191d83f,,,247,0
stage1_60s,60,10,40,1946755679,[MACHINE_SPECIFIC_PATH_REMOVED],0,1,1,0,60.013999938964844,0.004904641951456491,0.4904641951456491,-30592.167287424014,-30742.21091448789,7273.0,TIME_LIMIT,dcap_like_sun_nestedB60_n10_m3_P120_pool360_seed10_tailcont_d0p1_homogeneousA0,2c6a5d773912f33cd26f8dd525fca6968c8fe9250d78e3a36a55023f2df6fda1,2c6a5d773912f33cd26f8dd525fca6968c8fe9250d78e3a36a55023f2df6fda1,d1332e7e1f7f636ed996c18486088bb8e7ba8a752e5eca03b6e5a50d45cc686b,,,248,0
stage1_60s,60,10,8,320580917,[MACHINE_SPECIFIC_PATH_REMOVED],0,1,1,0,60.50999999046326,0.004856935647583834,0.48569356475838343,-30640.997516339976,-30789.818869454615,1353.0,TIME_LIMIT,dcap_like_sun_nestedB60_n10_m3_P120_pool360_seed10_tailcont_d0p1_homogeneousA0,87b3de05c6b1ad006bca021b598dd133d801adb248164e49a2e03052b11b7641,87b3de05c6b1ad006bca021b598dd133d801adb248164e49a2e03052b11b7641,97fcf9b7a6b719e35e8a16ed9e42175b5f9d1a47b7c80b2989c1587d93d4e0cf,,,249,0
stage1_60s,60,6,31,1648304177,[MACHINE_SPECIFIC_PATH_REMOVED],0,1,1,0,60.02300000190735,0.00484861544018914,0.484861544018914,-29370.568849886356,-29512.975443499054,158578.0,TIME_LIMIT,dcap_like_sun_nestedB60_n10_m3_P120_pool360_seed6_tailcont_d0p1_homogeneousA0,89efa762ae18b24a22b118eb7058759d64a3eafca3665fcce5a79f3c03d182bb,89efa762ae18b24a22b118eb7058759d64a3eafca3665fcce5a79f3c03d182bb,b148ec8fe642384577f7c47d8798e6a32be20cd1df1383cdd72f98f5daed37b1,,,250,0
stage1_60s,60,5,17,2180441,[MACHINE_SPECIFIC_PATH_REMOVED],0,1,1,0,60.01300001144409,0.004848296214999011,0.4848296214999011,-30574.403758584867,-30722.637524603466,18150.0,TIME_LIMIT,dcap_like_sun_nestedB60_n10_m3_P120_pool360_seed5_tailcont_d0p1_homogeneousA0,44e468953647fe1bfdafd32e6f5fa66acd1695cd73fa188cbbbb47c54949f42e,44e468953647fe1bfdafd32e6f5fa66acd1695cd73fa188cbbbb47c54949f42e,d8ef785129d3c406ded9deedfb42674a303ede3303963564b1e1d9af1b5dd5e8,,,251,0
stage1_60s,60,10,13,882452039,[MACHINE_SPECIFIC_PATH_REMOVED],0,1,1,0,60.00699996948242,0.004827131113705459,0.4827131113705459,-24581.34969263944,-24700.007090557654,13339.0,TIME_LIMIT,dcap_like_sun_nestedB60_n10_m3_P120_pool360_seed10_tailcont_d0p1_homogeneousA0,44b12f141cdb41ec586347f47191e5e2723e1ec691a587537c2f10dca39cf9ae,44b12f141cdb41ec586347f47191e5e2723e1ec691a587537c2f10dca39cf9ae,81533c0a04f4a291d0692a886a784f580046470e060a11929c003fb91d1490c6,,,252,0
stage1_60s,60,2,1,1798679647,[MACHINE_SPECIFIC_PATH_REMOVED],0,1,1,0,60.01300001144409,0.004769519489402362,0.47695194894023624,-29296.84988216647,-29436.581778657557,12953.0,TIME_LIMIT,dcap_like_sun_nestedB60_n10_m3_P120_pool360_seed2_tailcont_d0p1_homogeneousA0,2d414d32eebb7e19f6266c1dc4b5b6b04dfa5c29ac44cee928448dc769f32236,2d414d32eebb7e19f6266c1dc4b5b6b04dfa5c29ac44cee928448dc769f32236,d20c036c59414defe6e5f7df346a08f7ae7ff3069cde3396c25859ab629b331c,,,253,0
stage1_60s,60,10,10,1101239527,[MACHINE_SPECIFIC_PATH_REMOVED],0,1,1,0,60.02799987792969,0.004734745360312646,0.47347453603126466,-27907.068805959978,-28039.201670508923,39272.0,TIME_LIMIT,dcap_like_sun_nestedB60_n10_m3_P120_pool360_seed10_tailcont_d0p1_homogeneousA0,53accde0682911bbf63f0774b4aec49d8570db3750d4f45b4fa76e782b3e5352,53accde0682911bbf63f0774b4aec49d8570db3750d4f45b4fa76e782b3e5352,772b24e8e8e862dfb3f7e330ad1c948713ad567754b68b3ee64d6ccb7b63173b,,,254,0
stage1_60s,60,1,7,1767258088,[MACHINE_SPECIFIC_PATH_REMOVED],0,1,1,0,60.015000104904175,0.004712747425044436,0.4712747425044436,-27195.701665889344,-27323.86813888754,40982.0,TIME_LIMIT,dcap_like_sun_nestedB60_n10_m3_P120_pool360_seed1_tailcont_d0p1_homogeneousA0,70e2fa2de34309415e9896d5167c2567933c43c22e50431f9658d58ea4a372ab,70e2fa2de34309415e9896d5167c2567933c43c22e50431f9658d58ea4a372ab,2021048c6faa3bc21479936373f6543fcad0e78056d381e0504f8a573a42245c,,,255,0
stage1_60s,60,2,32,1359753142,[MACHINE_SPECIFIC_PATH_REMOVED],0,1,1,0,60.01900005340576,0.004708871015794294,0.47088710157942937,-29743.79499530564,-29883.854689458763,45897.0,TIME_LIMIT,dcap_like_sun_nestedB60_n10_m3_P120_pool360_seed2_tailcont_d0p1_homogeneousA0,ea3ced4abd3f5c9c2bf5e7bc42ebc31c7c801b2f2b548edf6725e9a749e8ba7b,ea3ced4abd3f5c9c2bf5e7bc42ebc31c7c801b2f2b548edf6725e9a749e8ba7b,043cf73ce66877fac92eabff546b6875592416366544ab833943dd297d9cca1f,,,256,0
stage1_60s,60,7,5,1241873584,[MACHINE_SPECIFIC_PATH_REMOVED],0,1,1,0,60.01300001144409,0.004686991466934919,0.46869914669349194,-23759.1940386244,-23870.553178344682,28594.0,TIME_LIMIT,dcap_like_sun_nestedB60_n10_m3_P120_pool360_seed7_tailcont_d0p1_homogeneousA0,f569f88fc345d72831815ef4c101d65c5bf33bdeda921f43e822c3fad474606c,f569f88fc345d72831815ef4c101d65c5bf33bdeda921f43e822c3fad474606c,11fb33b4edc39b0111e2a157e87ac9357aef69624d0339f0760a76730c814c3f,,,257,0
stage1_60s,60,9,8,1669741727,[MACHINE_SPECIFIC_PATH_REMOVED],0,1,1,0,60.007999897003174,0.0045688065399260465,0.45688065399260464,-25736.54187244155,-25854.127153263442,136598.0,TIME_LIMIT,dcap_like_sun_nestedB60_n10_m3_P120_pool360_seed9_tailcont_d0p1_homogeneousA0,d5f33b61a0e462b7d5487b295f17bf5449c22ab0f441fccf5e10cfe8cf5cd1ec,d5f33b61a0e462b7d5487b295f17bf5449c22ab0f441fccf5e10cfe8cf5cd1ec,bf2eaed05ebff8bb8bb97692da1b4160f8bb61d1174115a62aa1dfee843457c3,,,258,0
stage1_60s,60,2,38,841007924,[MACHINE_SPECIFIC_PATH_REMOVED],0,1,1,0,60.01699995994568,0.004462570236450141,0.4462570236450141,-29545.80036607437,-29677.650575400112,26120.0,TIME_LIMIT,dcap_like_sun_nestedB60_n10_m3_P120_pool360_seed2_tailcont_d0p1_homogeneousA0,78f98a65c59a6401029f14da5bbc2cdf6935cab676176ea0bbdae2c17a71670c,78f98a65c59a6401029f14da5bbc2cdf6935cab676176ea0bbdae2c17a71670c,c093dc6bb87d14e2f38558010d8be7d8c99891a8cd565c80e11c23dfe9b74d3a,,,259,0
stage1_60s,60,8,27,854285176,[MACHINE_SPECIFIC_PATH_REMOVED],0,1,1,0,60.01899981498718,0.004454925938797716,0.4454925938797716,-26348.98006512454,-26466.362819877526,48229.0,TIME_LIMIT,dcap_like_sun_nestedB60_n10_m3_P120_pool360_seed8_tailcont_d0p1_homogeneousA0,cc63c565ebfd5cc464e89142c9f26627f550366b05e1f0f96cd595d44f81cde2,cc63c565ebfd5cc464e89142c9f26627f550366b05e1f0f96cd595d44f81cde2,e891b8292ce8a5aa028e4e37014569750212635761229ac84197ddd56a600fea,,,260,0
stage1_60s,60,8,34,549585099,[MACHINE_SPECIFIC_PATH_REMOVED],0,1,1,0,60.01900005340576,0.0044119896896702175,0.44119896896702177,-25214.878964624186,-25326.12675064239,154617.0,TIME_LIMIT,dcap_like_sun_nestedB60_n10_m3_P120_pool360_seed8_tailcont_d0p1_homogeneousA0,8a928621f85ba92f84c6fa43e1eb23db8f592669159d5cfb1a45a256fe2e497e,8a928621f85ba92f84c6fa43e1eb23db8f592669159d5cfb1a45a256fe2e497e,8500f248ba2fd8c5dc72910056efbdff417c667013da8c09acaa446e5390f45e,,,261,0
stage1_60s,60,3,36,1392744521,[MACHINE_SPECIFIC_PATH_REMOVED],0,1,1,0,60.19599986076355,0.004311052031710879,0.43110520317108786,-26926.725198475273,-27042.80771184948,1154.0,TIME_LIMIT,dcap_like_sun_nestedB60_n10_m3_P120_pool360_seed3_tailcont_d0p1_homogeneousA0,d10799cf78681f94997efc318c29b2f8f4af2d5b1892f5e6a97d0c11b098568a,d10799cf78681f94997efc318c29b2f8f4af2d5b1892f5e6a97d0c11b098568a,388ccd32f6474dd74fe78e148c7cb54596296ccec280fbe190465cac051b0261,,,262,0
stage1_60s,60,7,36,1702228508,[MACHINE_SPECIFIC_PATH_REMOVED],0,1,1,0,60.015000104904175,0.004270476884510424,0.42704768845104235,-25775.595035031663,-25885.669117813268,37331.0,TIME_LIMIT,dcap_like_sun_nestedB60_n10_m3_P120_pool360_seed7_tailcont_d0p1_homogeneousA0,2396fd3b29a6eaa81150770181ad2d125147584fb0ea25a0708a7a972955fc47,2396fd3b29a6eaa81150770181ad2d125147584fb0ea25a0708a7a972955fc47,2e5a2dae9cb7cd6e33cb80628456d27c7881e3133c3af5f521f2340d0e8b4caf,,,263,0
stage1_60s,60,2,39,85429457,[MACHINE_SPECIFIC_PATH_REMOVED],0,1,1,0,60.01900005340576,0.004243542524012855,0.4243542524012855,-30504.50937337621,-30633.956556076282,26997.0,TIME_LIMIT,dcap_like_sun_nestedB60_n10_m3_P120_pool360_seed2_tailcont_d0p1_homogeneousA0,616b02f59fd512d5396e2bd41bcd644cf0af78818a2cc0f91e804334739ac426,616b02f59fd512d5396e2bd41bcd644cf0af78818a2cc0f91e804334739ac426,86188dc3cee8686d93a890e94a3a9b2497eddb99368a725f5a884a47b4d3aedf,,,264,0
stage1_60s,60,7,4,1926751965,[MACHINE_SPECIFIC_PATH_REMOVED],0,1,1,0,60.01799988746643,0.004198950098922163,0.4198950098922163,-26336.59617820581,-26447.18223133356,79549.0,TIME_LIMIT,dcap_like_sun_nestedB60_n10_m3_P120_pool360_seed7_tailcont_d0p1_homogeneousA0,e8212a1c2cc13a387d89d9b959c4c6363565c8a725b11e04b938ca61930a9017,e8212a1c2cc13a387d89d9b959c4c6363565c8a725b11e04b938ca61930a9017,4a9459f0e40fd025ab3e98fb02bd6e16d7d45e9fa2f98767b389a55f2d29a1fb,,,265,0
stage1_60s,60,4,11,608018050,[MACHINE_SPECIFIC_PATH_REMOVED],0,1,1,0,60.01600003242493,0.004195334753698618,0.41953347536986174,-29080.535026299578,-29202.537605551563,41458.0,TIME_LIMIT,dcap_like_sun_nestedB60_n10_m3_P120_pool360_seed4_tailcont_d0p1_homogeneousA0,cec552958a72f8f011b8ceacabcabe437373b2b619eeb62da60cb6dee9af7218,cec552958a72f8f011b8ceacabcabe437373b2b619eeb62da60cb6dee9af7218,8a138565a76cd17f3dbf504831c7ce6a8ac0384fb44ea8170ad47d71a5040387,,,266,0
stage1_60s,60,4,13,1346405564,[MACHINE_SPECIFIC_PATH_REMOVED],0,1,1,0,60.01100015640259,0.004184926647489921,0.41849266474899216,-28194.58824659634,-28312.580530264528,157813.0,TIME_LIMIT,dcap_like_sun_nestedB60_n10_m3_P120_pool360_seed4_tailcont_d0p1_homogeneousA0,347f9a909c703ceb3c27b3774a5a5545877cbce93350594ba74ca7f30eed4747,347f9a909c703ceb3c27b3774a5a5545877cbce93350594ba74ca7f30eed4747,2e5a2dae9cb7cd6e33cb80628456d27c7881e3133c3af5f521f2340d0e8b4caf,,,267,0
stage1_60s,60,5,1,1440510675,[MACHINE_SPECIFIC_PATH_REMOVED],0,1,1,0,60.02499985694885,0.004057974639078671,0.4057974639078671,-28520.590687696582,-28636.326521398798,73812.0,TIME_LIMIT,dcap_like_sun_nestedB60_n10_m3_P120_pool360_seed5_tailcont_d0p1_homogeneousA0,000f89108031eb318c855015b49195302489c80d871b7a7752135f2839e4b414,000f89108031eb318c855015b49195302489c80d871b7a7752135f2839e4b414,f11a0e9f93d7e79d9bb65657892f96eebe9b415d13897e7bad90a4eac7f3d3db,,,268,0
stage1_60s,60,9,1,905266064,[MACHINE_SPECIFIC_PATH_REMOVED],0,1,1,0,60.01799988746643,0.003994714618514653,0.39947146185146526,-29711.88597690822,-29830.576482163815,149290.0,TIME_LIMIT,dcap_like_sun_nestedB60_n10_m3_P120_pool360_seed9_tailcont_d0p1_homogeneousA0,68b60fca49eb7bc079701533402b5032851046d082130f72d4851cf8318d48c7,68b60fca49eb7bc079701533402b5032851046d082130f72d4851cf8318d48c7,44dcc303a6fa4a8ebd6fae2c3e9ac07ab33c9b7527badbe35518a4ce7181dddf,,,269,0
stage1_60s,60,7,23,733587778,[MACHINE_SPECIFIC_PATH_REMOVED],0,1,1,0,60.01100015640259,0.003967764144974325,0.39677641449743245,-29154.38956690398,-29270.067308496156,23911.0,TIME_LIMIT,dcap_like_sun_nestedB60_n10_m3_P120_pool360_seed7_tailcont_d0p1_homogeneousA0,5ce3ef64206dcb3847f71933ca72399c344305a2be63644fea0293af15248e02,5ce3ef64206dcb3847f71933ca72399c344305a2be63644fea0293af15248e02,9dc17ed14328c0dde8d865fbc4783e4822756388a6c93f89ef906d4f886af2b8,,,270,0
stage1_60s,60,10,37,674980032,[MACHINE_SPECIFIC_PATH_REMOVED],0,1,1,0,60.019999980926514,0.003936051309753393,0.39360513097533933,-25544.71700921271,-25645.2623260541,125308.0,TIME_LIMIT,dcap_like_sun_nestedB60_n10_m3_P120_pool360_seed10_tailcont_d0p1_homogeneousA0,e6ff49c2993e84a5dca4aa34bc351d2656665b4b1a26814fe562e2bb8c1324d7,e6ff49c2993e84a5dca4aa34bc351d2656665b4b1a26814fe562e2bb8c1324d7,8bcc7c027d6de3d0a483f3d60be5482aa178b0dd2f067d694f34d77ec340ff52,,,271,0
stage1_60s,60,4,34,2080767491,[MACHINE_SPECIFIC_PATH_REMOVED],0,1,1,0,60.01900005340576,0.0039263563754196075,0.39263563754196074,-31298.858734574835,-31421.74920811069,36074.0,TIME_LIMIT,dcap_like_sun_nestedB60_n10_m3_P120_pool360_seed4_tailcont_d0p1_homogeneousA0,3542892f06fdf3f03b77c52498e4f49dcbc263d1ae987501dea6ffd69a3524ab,3542892f06fdf3f03b77c52498e4f49dcbc263d1ae987501dea6ffd69a3524ab,20247299d502a644da1f36cdb1149f97b2bf69267997ba1396e118ca75e6893b,,,272,0
stage1_60s,60,4,7,2083673626,[MACHINE_SPECIFIC_PATH_REMOVED],0,1,1,0,60.013999938964844,0.0038956326595118132,0.38956326595118135,-26913.635781046603,-27018.481419581454,121993.0,TIME_LIMIT,dcap_like_sun_nestedB60_n10_m3_P120_pool360_seed4_tailcont_d0p1_homogeneousA0,107ce0a4c8b71c6c3a1e12b5ac8deb0367201b4bf1a6efdc3ed8e5a1fbb1011f,107ce0a4c8b71c6c3a1e12b5ac8deb0367201b4bf1a6efdc3ed8e5a1fbb1011f,2171b91b3c01d229dd36b0a74e21d5713966267c15e4e1ac1875841114df2e37,,,273,0
stage1_60s,60,7,34,2137820579,[MACHINE_SPECIFIC_PATH_REMOVED],0,1,1,0,60.01300001144409,0.003850367092642579,0.38503670926425787,-27043.537134873615,-27147.66468032639,51664.0,TIME_LIMIT,dcap_like_sun_nestedB60_n10_m3_P120_pool360_seed7_tailcont_d0p1_homogeneousA0,6595fc003965138bb4a16c85ec5800d3d5745068030a18ee3f87caa5f69adbca,6595fc003965138bb4a16c85ec5800d3d5745068030a18ee3f87caa5f69adbca,866bfde5f982bae176d2bf65a3fd34b29fe1952e8106999db6b48470b6e2b904,,,274,0
stage1_60s,60,2,16,118426479,[MACHINE_SPECIFIC_PATH_REMOVED],0,1,1,0,60.01800012588501,0.0038469248772743567,0.3846924877274357,-29450.439739137262,-29563.73336841642,8065.0,TIME_LIMIT,dcap_like_sun_nestedB60_n10_m3_P120_pool360_seed2_tailcont_d0p1_homogeneousA0,54c2ce9063eb02065fb192fb02be9940e21bbe122dce248ebc7ab4134d9d02f8,54c2ce9063eb02065fb192fb02be9940e21bbe122dce248ebc7ab4134d9d02f8,c19832364811eb213aa400a8b11a36ba76d0c4579a0345e1044034639827e05c,,,275,0
stage1_60s,60,2,26,929067548,[MACHINE_SPECIFIC_PATH_REMOVED],0,1,1,0,60.01899981498718,0.0038124091166451776,0.38124091166451773,-27795.48456871073,-27901.452327482053,91728.0,TIME_LIMIT,dcap_like_sun_nestedB60_n10_m3_P120_pool360_seed2_tailcont_d0p1_homogeneousA0,cffcb507988d69db7d8d14d9f2e566fbc52e4fcb0d7198224eadd84fe2f36846,cffcb507988d69db7d8d14d9f2e566fbc52e4fcb0d7198224eadd84fe2f36846,48a9910489a00ffa9cd1432d8d5cd434bd49706cd01c171cce2d72136bc9298f,,,276,0
stage1_60s,60,10,34,311373735,[MACHINE_SPECIFIC_PATH_REMOVED],0,1,1,0,60.00600004196167,0.0038120162493605657,0.3812016249360566,-27014.436124808144,-27117.415594283226,41371.0,TIME_LIMIT,dcap_like_sun_nestedB60_n10_m3_P120_pool360_seed10_tailcont_d0p1_homogeneousA0,3104eb711674615d73d17d90b42fca7a8dc44c17a1afacee88aa19fe8297975a,3104eb711674615d73d17d90b42fca7a8dc44c17a1afacee88aa19fe8297975a,8bc4926c7d9ed18e7b449c1082d280260a74c2598778295b4567754e4b8c9b44,,,277,0
stage1_60s,60,5,33,248528774,[MACHINE_SPECIFIC_PATH_REMOVED],0,1,1,0,60.01699995994568,0.0037985660636395604,0.379856606363956,-28257.671076665152,-28365.00970705446,113441.0,TIME_LIMIT,dcap_like_sun_nestedB60_n10_m3_P120_pool360_seed5_tailcont_d0p1_homogeneousA0,61c03d74072d1010ff37861f32f9f4507554aeb00d80b94fc4463e54f295cda0,61c03d74072d1010ff37861f32f9f4507554aeb00d80b94fc4463e54f295cda0,250f1bbb8d44acc3bd8e8b0922e1b8fe3a94dc319fd4f630bd9dd8a606afa792,,,278,0
stage1_60s,60,9,23,1936474743,[MACHINE_SPECIFIC_PATH_REMOVED],0,1,1,0,60.01100015640259,0.003794174376818115,0.37941743768181146,-26842.360048809016,-26944.204643519533,37532.0,TIME_LIMIT,dcap_like_sun_nestedB60_n10_m3_P120_pool360_seed9_tailcont_d0p1_homogeneousA0,ed5353f52bdd7048a6be912040b7068aa53a13c9566d116a36d17938fcc5bbec,ed5353f52bdd7048a6be912040b7068aa53a13c9566d116a36d17938fcc5bbec,52457a96f65822f22af24a19476a0745a55420cfcbebd8edad4dcebeaddb2431,,,279,0
stage1_60s,60,4,27,299455047,[MACHINE_SPECIFIC_PATH_REMOVED],0,1,1,0,60.02300000190735,0.0036937995623543027,0.36937995623543024,-29205.980187799127,-29313.861224634948,140664.0,TIME_LIMIT,dcap_like_sun_nestedB60_n10_m3_P120_pool360_seed4_tailcont_d0p1_homogeneousA0,236f797f72e7d67f91e70c3c392980cd1fba0b3b59116e17698f7fda6f803a7a,236f797f72e7d67f91e70c3c392980cd1fba0b3b59116e17698f7fda6f803a7a,f3da01d193418a1dbedea974864f06e1891aef67154628c9bfe21f6f491297db,,,280,0
stage1_60s,60,3,27,1430942358,[MACHINE_SPECIFIC_PATH_REMOVED],0,1,1,0,60.019999980926514,0.003575860346609943,0.3575860346609943,-29202.12004607718,-29306.54274918689,104494.0,TIME_LIMIT,dcap_like_sun_nestedB60_n10_m3_P120_pool360_seed3_tailcont_d0p1_homogeneousA0,a262e202534f64bc780600796556b07a9aab6dbc5038e5ab6cfc35548e1cc122,a262e202534f64bc780600796556b07a9aab6dbc5038e5ab6cfc35548e1cc122,00523ccc02974560966dfe5d5366e5794445cfce9b5431f71daf6deeebff95ab,,,281,0
stage1_60s,60,3,38,1495112467,[MACHINE_SPECIFIC_PATH_REMOVED],0,1,1,0,60.0239999294281,0.0035572471561195382,0.35572471561195385,-26411.562800079504,-26505.51525673876,122538.0,TIME_LIMIT,dcap_like_sun_nestedB60_n10_m3_P120_pool360_seed3_tailcont_d0p1_homogeneousA0,81373f20da452a488c7f63d561883726fac002b916239216dcf19dd70d83ee55,81373f20da452a488c7f63d561883726fac002b916239216dcf19dd70d83ee55,b6be082e27951e008813be9de83ba5bfc011f9a99a143d069528f38dbcccbc4b,,,282,0
stage1_60s,60,2,21,656492380,[MACHINE_SPECIFIC_PATH_REMOVED],0,1,1,0,60.01100015640259,0.0035130546822116603,0.35130546822116604,-27998.65219023093,-28097.012986403435,4396.0,TIME_LIMIT,dcap_like_sun_nestedB60_n10_m3_P120_pool360_seed2_tailcont_d0p1_homogeneousA0,85efd3cf28cee67620e9567dd135a777cb64456c938d32bcf6a0dbfa4df9b0ae,85efd3cf28cee67620e9567dd135a777cb64456c938d32bcf6a0dbfa4df9b0ae,faee0bf3c155a9fcaccf74958cd578c9a671f5ea4e3bc4254c4b83173e9c7bb4,,,283,0
stage1_60s,60,3,5,389477914,[MACHINE_SPECIFIC_PATH_REMOVED],0,1,1,0,60.01699995994568,0.003498445296511054,0.3498445296511054,-28048.872878137103,-28147.000325530058,74015.0,TIME_LIMIT,dcap_like_sun_nestedB60_n10_m3_P120_pool360_seed3_tailcont_d0p1_homogeneousA0,f6630e53120376cf3a22f2cc24c7996de1b1b0f4a4da010a269de90f81179204,f6630e53120376cf3a22f2cc24c7996de1b1b0f4a4da010a269de90f81179204,3479c9299c34babd3eaa3fa4c33683df806b0d72c9f55ad24a11cae4a73cede8,,,284,0
stage1_60s,60,4,35,1231563123,[MACHINE_SPECIFIC_PATH_REMOVED],0,1,1,0,60.026000022888184,0.0034782219757355432,0.3478221975735543,-27541.85821699186,-27637.654913494793,133189.0,TIME_LIMIT,dcap_like_sun_nestedB60_n10_m3_P120_pool360_seed4_tailcont_d0p1_homogeneousA0,e22d932e4340188e460bd90e8f3b869b88ecee831ab0d78b9be1c713633eee0a,e22d932e4340188e460bd90e8f3b869b88ecee831ab0d78b9be1c713633eee0a,c093dc6bb87d14e2f38558010d8be7d8c99891a8cd565c80e11c23dfe9b74d3a,,,285,0
stage1_60s,60,6,18,1460112058,[MACHINE_SPECIFIC_PATH_REMOVED],0,1,1,0,60.01100015640259,0.003424844435566498,0.3424844435566498,-27262.554851473804,-27355.9248607562,69046.0,TIME_LIMIT,dcap_like_sun_nestedB60_n10_m3_P120_pool360_seed6_tailcont_d0p1_homogeneousA0,c0c1f0914f8f1984ac21950c18e43c89bff9e80c3de750f36a69852c00509e15,c0c1f0914f8f1984ac21950c18e43c89bff9e80c3de750f36a69852c00509e15,52457a96f65822f22af24a19476a0745a55420cfcbebd8edad4dcebeaddb2431,,,286,0
stage1_60s,60,3,2,183930185,[MACHINE_SPECIFIC_PATH_REMOVED],0,1,1,0,60.031999826431274,0.003351253609054651,0.33512536090546513,-27720.025685131404,-27812.92252125179,49457.0,TIME_LIMIT,dcap_like_sun_nestedB60_n10_m3_P120_pool360_seed3_tailcont_d0p1_homogeneousA0,66436edbebcd2d5c810a7e1c83b080e0752de90dd8e971bfb6616e0c440f6c2e,66436edbebcd2d5c810a7e1c83b080e0752de90dd8e971bfb6616e0c440f6c2e,be1f93cd065a987e0fd5d94c5e178239a65ea3af9c47cd3bbd15bb9c5807845d,,,287,0
stage1_60s,60,5,26,934042755,[MACHINE_SPECIFIC_PATH_REMOVED],0,1,1,0,60.021000146865845,0.00332360501265338,0.332360501265338,-31064.44076374534,-31167.686694783,50119.0,TIME_LIMIT,dcap_like_sun_nestedB60_n10_m3_P120_pool360_seed5_tailcont_d0p1_homogeneousA0,9f7239ee579ef9c961c2efedf1efbba98892a682ffa93f3de4d200fd2c2c0029,9f7239ee579ef9c961c2efedf1efbba98892a682ffa93f3de4d200fd2c2c0029,40463e9423cd923a5cb2f5ebc009403bc3718c855c29a615c93c8b4b990e6844,,,288,0
stage1_60s,60,4,28,1694250174,[MACHINE_SPECIFIC_PATH_REMOVED],0,1,1,0,60.05299997329712,0.0031718733241898533,0.31718733241898533,-30984.168210217045,-31082.446066835244,1193.0,TIME_LIMIT,dcap_like_sun_nestedB60_n10_m3_P120_pool360_seed4_tailcont_d0p1_homogeneousA0,07dc8f5d1cecd3f39b4c8080dd45a68d4dffcf2376de5c8999e94527502bbe20,07dc8f5d1cecd3f39b4c8080dd45a68d4dffcf2376de5c8999e94527502bbe20,0fd8e08e72ed4f8802d2bc89f6077786da92da66986974372eecf9687d0b4718,,,289,0
stage1_60s,60,3,7,1866662801,[MACHINE_SPECIFIC_PATH_REMOVED],0,1,1,0,60.01300001144409,0.0030829758226679853,0.30829758226679854,-28914.077176881452,-29003.218577752534,47167.0,TIME_LIMIT,dcap_like_sun_nestedB60_n10_m3_P120_pool360_seed3_tailcont_d0p1_homogeneousA0,97171dfcda14a249f6080fa8541a10485025f951c4999507ef2ff3424417f402,97171dfcda14a249f6080fa8541a10485025f951c4999507ef2ff3424417f402,11e205f38c136066460db739c3031dd544654a85e86eee648e52fd6b55d776df,,,290,0
stage1_60s,60,6,32,1686227694,[MACHINE_SPECIFIC_PATH_REMOVED],0,1,1,0,60.01600003242493,0.00307130739428528,0.307130739428528,-30688.940252706136,-30783.19542182705,53108.0,TIME_LIMIT,dcap_like_sun_nestedB60_n10_m3_P120_pool360_seed6_tailcont_d0p1_homogeneousA0,1d2ffe357695625e44720f618ceffb006eb299076d767da388ad6120e03dfd64,1d2ffe357695625e44720f618ceffb006eb299076d767da388ad6120e03dfd64,b7940d6aa42ff11ebae83d0634c72729d9afa023179f5098b7feb8bc48842484,,,291,0
stage1_60s,60,10,9,1788575728,[MACHINE_SPECIFIC_PATH_REMOVED],0,1,1,0,60.01799988746643,0.003037829687299154,0.3037829687299154,-25724.936934615584,-25803.084911739457,21111.0,TIME_LIMIT,dcap_like_sun_nestedB60_n10_m3_P120_pool360_seed10_tailcont_d0p1_homogeneousA0,6e1bec11e2e30b4d3601aef7dd177c53b12bc3c41d6632d24d9a919a45c70b42,6e1bec11e2e30b4d3601aef7dd177c53b12bc3c41d6632d24d9a919a45c70b42,844a999e88a42726a3f774fa8e2097ff20768b323d9cf2b6408147bf34aa9829,,,292,0
stage1_60s,60,2,20,1411826648,[MACHINE_SPECIFIC_PATH_REMOVED],0,1,1,0,60.03600001335144,0.00302447071532297,0.302447071532297,-28202.161099950503,-28287.457710306124,51962.0,TIME_LIMIT,dcap_like_sun_nestedB60_n10_m3_P120_pool360_seed2_tailcont_d0p1_homogeneousA0,1ff4ed75c148c8aa8a8d16de70e2cd4acefa7a3367f86ccc798ad7f4885d4d40,1ff4ed75c148c8aa8a8d16de70e2cd4acefa7a3367f86ccc798ad7f4885d4d40,f3da01d193418a1dbedea974864f06e1891aef67154628c9bfe21f6f491297db,,,293,0
stage1_60s,60,10,28,1617703435,[MACHINE_SPECIFIC_PATH_REMOVED],0,1,1,0,60.013999938964844,0.002918516715940757,0.2918516715940757,-27462.19308184498,-27542.341951410737,6879.0,TIME_LIMIT,dcap_like_sun_nestedB60_n10_m3_P120_pool360_seed10_tailcont_d0p1_homogeneousA0,ee0c19f83340496b9564f33316f1c4da8f2d01e18d7bfdeda85a2ed32f3edf5a,ee0c19f83340496b9564f33316f1c4da8f2d01e18d7bfdeda85a2ed32f3edf5a,4e21cd0f4ac1d5376715d50dd6a5a4ed4cc21d8a0ca4def8f85d111d877ded9c,,,294,0
stage1_60s,60,8,33,65241235,[MACHINE_SPECIFIC_PATH_REMOVED],0,1,1,0,60.00599980354309,0.00283846940078043,0.283846940078043,-28708.43755268892,-28789.925574226443,14850.0,TIME_LIMIT,dcap_like_sun_nestedB60_n10_m3_P120_pool360_seed8_tailcont_d0p1_homogeneousA0,c27daf41678eadf1320696d2a5c12f40767d743f76569ff18683a5ba48e43cf7,c27daf41678eadf1320696d2a5c12f40767d743f76569ff18683a5ba48e43cf7,ffbbec5a8c4ee8518531bf56ef2a4c501bd215ed7d9bb545856693e8ba15fdbb,,,295,0
stage1_60s,60,6,8,804225679,[MACHINE_SPECIFIC_PATH_REMOVED],0,1,1,0,60.01199984550476,0.002674162768290743,0.2674162768290743,-25533.125589754705,-25601.40532356492,20498.0,TIME_LIMIT,dcap_like_sun_nestedB60_n10_m3_P120_pool360_seed6_tailcont_d0p1_homogeneousA0,6e7b7db5aa37f7622ac389ecd5e218aa52fde519b1c85a89d3a2554027ffdfcf,6e7b7db5aa37f7622ac389ecd5e218aa52fde519b1c85a89d3a2554027ffdfcf,1e4f6de0f62d701a028dae6cea3520f5ceb8255615cb7dccdea9c5adba89fff0,,,296,0
stage1_60s,60,1,30,651105937,[MACHINE_SPECIFIC_PATH_REMOVED],0,1,1,0,60.026000022888184,0.0026293328468899877,0.2629332846889988,-26034.572258992604,-26103.025814987905,116320.0,TIME_LIMIT,dcap_like_sun_nestedB60_n10_m3_P120_pool360_seed1_tailcont_d0p1_homogeneousA0,8b86570eb2afca713a8fae4d8909fc9de1443bb6906aec628fde763c71e5078b,8b86570eb2afca713a8fae4d8909fc9de1443bb6906aec628fde763c71e5078b,51d0aa77b4f5aeb461ae7a1722696e020d0fb2455bfe2a20d73fc4d00783c6ca,,,297,0
stage1_60s,60,5,13,1226609121,[MACHINE_SPECIFIC_PATH_REMOVED],0,1,1,0,60.009000062942505,0.00258048414340668,0.258048414340668,-25008.788650137965,-25073.323432695455,6628.0,TIME_LIMIT,dcap_like_sun_nestedB60_n10_m3_P120_pool360_seed5_tailcont_d0p1_homogeneousA0,f1ae723032409068853c21cbfd7783f65a0dc75b5090a39de1bdeb8d99a96e4d,f1ae723032409068853c21cbfd7783f65a0dc75b5090a39de1bdeb8d99a96e4d,21afc19eee31f4e9c25414bc31a8617b33065eddb74231976cffa50793fc2cea,,,298,0
stage1_60s,60,6,29,1258165683,[MACHINE_SPECIFIC_PATH_REMOVED],0,1,1,0,60.01300001144409,0.0025167018200690093,0.25167018200690094,-28709.590315153284,-28781.843793352866,10087.0,TIME_LIMIT,dcap_like_sun_nestedB60_n10_m3_P120_pool360_seed6_tailcont_d0p1_homogeneousA0,84eb1d0ac05b4e2f4478a96a74df9a469d518ae94c6b67ed62c1eef5ce41b176,84eb1d0ac05b4e2f4478a96a74df9a469d518ae94c6b67ed62c1eef5ce41b176,6a5be72b98d483abf9b64f831907871795d5125c01152b51133a856658b170bf,,,299,0
stage1_60s,60,6,15,1622851427,[MACHINE_SPECIFIC_PATH_REMOVED],0,1,1,0,60.00600004196167,0.0024974623824418137,0.24974623824418138,-32159.653669734827,-32239.971195007347,63876.0,TIME_LIMIT,dcap_like_sun_nestedB60_n10_m3_P120_pool360_seed6_tailcont_d0p1_homogeneousA0,542bac2f9f90886bf7be3dd5ffd915a28d7c98bbe49d8472d5cfbab11f5dbed2,542bac2f9f90886bf7be3dd5ffd915a28d7c98bbe49d8472d5cfbab11f5dbed2,ea5608985ca97cecf96af9217217c865a3a4aa5339dfe7e1ddaeffcf3220e485,,,300,0
stage1_60s,60,7,21,1753345571,[MACHINE_SPECIFIC_PATH_REMOVED],0,1,1,0,60.02199983596802,0.0024823973954253486,0.24823973954253487,-28746.379623755776,-28817.739561661696,82235.0,TIME_LIMIT,dcap_like_sun_nestedB60_n10_m3_P120_pool360_seed7_tailcont_d0p1_homogeneousA0,0068d301e86fec81bf39570917124d5c6aa635daedadba372eb77fe4a484d096,0068d301e86fec81bf39570917124d5c6aa635daedadba372eb77fe4a484d096,51d0aa77b4f5aeb461ae7a1722696e020d0fb2455bfe2a20d73fc4d00783c6ca,,,301,0
stage1_60s,60,6,7,1412471217,[MACHINE_SPECIFIC_PATH_REMOVED],0,1,1,0,60.013999938964844,0.002414643027681855,0.24146430276818548,-27059.36606402228,-27124.704773622263,6013.0,TIME_LIMIT,dcap_like_sun_nestedB60_n10_m3_P120_pool360_seed6_tailcont_d0p1_homogeneousA0,a434c8c315929c2f481c8dbeee4698e3596e71dfd7e8d912d814b373e357ab9a,a434c8c315929c2f481c8dbeee4698e3596e71dfd7e8d912d814b373e357ab9a,ef74c52d06d2b65ee80a9c8cc4fd817dfad0348db26431b770af8da320d94089,,,302,0
stage1_60s,60,1,23,1799343697,[MACHINE_SPECIFIC_PATH_REMOVED],0,1,1,0,60.020999908447266,0.0024022482001134914,0.24022482001134915,-28663.31981256512,-28732.176220994133,147793.0,TIME_LIMIT,dcap_like_sun_nestedB60_n10_m3_P120_pool360_seed1_tailcont_d0p1_homogeneousA0,423619dfea1936158e8faa134b0ca56f827967b963ac45c281c066a5194d0bf0,423619dfea1936158e8faa134b0ca56f827967b963ac45c281c066a5194d0bf0,e8902d0a56025fb02712eea594d3c070f1380358ca63333ece0ac94be558c040,,,303,0
stage1_60s,60,2,31,471880638,[MACHINE_SPECIFIC_PATH_REMOVED],0,1,1,0,60.01600003242493,0.0023751669302115477,0.23751669302115477,-26135.506545945907,-26197.582736798166,59574.0,TIME_LIMIT,dcap_like_sun_nestedB60_n10_m3_P120_pool360_seed2_tailcont_d0p1_homogeneousA0,57db983ec6ee5c90b8c63bcaf3991da631fea73f0e75a99e0f00dc24dbc6a27a,57db983ec6ee5c90b8c63bcaf3991da631fea73f0e75a99e0f00dc24dbc6a27a,1c050df679cde03bd78ac9426729c710ab037817926e5a870d3dc2ea11ed8adb,,,304,0
stage1_60s,60,10,33,1813750616,[MACHINE_SPECIFIC_PATH_REMOVED],0,1,1,0,60.01799988746643,0.00237135736397382,0.237135736397382,-31905.530465281,-31981.189879901336,37576.0,TIME_LIMIT,dcap_like_sun_nestedB60_n10_m3_P120_pool360_seed10_tailcont_d0p1_homogeneousA0,2f99556b28ae087dd61a329d2a6d1131320cfbf305240d5b44c982f478f90a37,2f99556b28ae087dd61a329d2a6d1131320cfbf305240d5b44c982f478f90a37,dc5886bfa7a6f1dc17cc3065fc671d5743262cbb12038c1b6326d72f034ad762,,,305,0
stage1_60s,60,10,14,1479694572,[MACHINE_SPECIFIC_PATH_REMOVED],0,1,1,0,60.00600004196167,0.002364374704621534,0.2364374704621534,-28546.56827725572,-28614.063061194214,61213.0,TIME_LIMIT,dcap_like_sun_nestedB60_n10_m3_P120_pool360_seed10_tailcont_d0p1_homogeneousA0,a10c15d0be2df87eba07d1d5e83a2ca5143cae5bd12e23cdd07de419c2bcd241,a10c15d0be2df87eba07d1d5e83a2ca5143cae5bd12e23cdd07de419c2bcd241,e891b8292ce8a5aa028e4e37014569750212635761229ac84197ddd56a600fea,,,306,0
stage1_60s,60,8,3,503597500,[MACHINE_SPECIFIC_PATH_REMOVED],0,1,1,0,60.020999908447266,0.0023064412000814503,0.23064412000814502,-28893.512251674605,-28960.153438746926,110197.0,TIME_LIMIT,dcap_like_sun_nestedB60_n10_m3_P120_pool360_seed8_tailcont_d0p1_homogeneousA0,c40cc16cef3232258a29dd6bc8fc47be4ee5d671eb713898908dab92beb9dcfe,c40cc16cef3232258a29dd6bc8fc47be4ee5d671eb713898908dab92beb9dcfe,2a7d93b74647d756fe963bab1da0443b4ed8d0225ea634f4e50ab87bf3f30d97,,,307,0
stage1_60s,60,9,12,1965763839,[MACHINE_SPECIFIC_PATH_REMOVED],0,1,1,0,60.01300001144409,0.0023058996430223066,0.23058996430223067,-26633.866717323766,-26695.281741079547,19514.0,TIME_LIMIT,dcap_like_sun_nestedB60_n10_m3_P120_pool360_seed9_tailcont_d0p1_homogeneousA0,7d23ac5c265eee22e4f1f34a7c8b58ee3763cc51e597628b5bcd063f221257cd,7d23ac5c265eee22e4f1f34a7c8b58ee3763cc51e597628b5bcd063f221257cd,4935237589c96147cd211c3e94d4cbc02b1e5ad0cd9b357943062a58c3784ad1,,,308,0
stage1_60s,60,7,3,1469265225,[MACHINE_SPECIFIC_PATH_REMOVED],0,1,1,0,60.026000022888184,0.002250259505138315,0.2250259505138315,-27370.383463631482,-27431.9739291798,70604.0,TIME_LIMIT,dcap_like_sun_nestedB60_n10_m3_P120_pool360_seed7_tailcont_d0p1_homogeneousA0,c720ea2ab888247f9bf2ede02bc7e26940d3fd302be643b66f0fadfa13a4b468,c720ea2ab888247f9bf2ede02bc7e26940d3fd302be643b66f0fadfa13a4b468,3c17c0382582a19e1553ea3c8b0dbef14a2a2fd6dd4450fdc4b68378d8f01222,,,309,0
stage1_60s,60,4,30,2113452473,[MACHINE_SPECIFIC_PATH_REMOVED],0,1,1,0,60.02400016784668,0.0022137512342921347,0.22137512342921348,-30611.429852647376,-30679.19594326712,31158.0,TIME_LIMIT,dcap_like_sun_nestedB60_n10_m3_P120_pool360_seed4_tailcont_d0p1_homogeneousA0,3cf4566e14a2840ca9d3feba5032b79b0a3902fe79cab16e0a2fc9c7c1637a85,3cf4566e14a2840ca9d3feba5032b79b0a3902fe79cab16e0a2fc9c7c1637a85,784cb982bbfa3c8de5906e0aaab20b991922bdf88f30145ada37fcc5f344cd4d,,,310,0
stage1_60s,60,9,28,1783745952,[MACHINE_SPECIFIC_PATH_REMOVED],0,1,1,0,60.01099991798401,0.002184708251250076,0.2184708251250076,-23886.37073288289,-23938.555484115437,20656.0,TIME_LIMIT,dcap_like_sun_nestedB60_n10_m3_P120_pool360_seed9_tailcont_d0p1_homogeneousA0,d6a014c881bf305e34328b42236215d414ceb64d62695403faf2cb548e9fe81f,d6a014c881bf305e34328b42236215d414ceb64d62695403faf2cb548e9fe81f,c8777bf2420254cce51d1402911fb234a505997fbd27be5851f201be2dc2bde8,,,311,0
stage1_60s,60,5,9,2103511157,[MACHINE_SPECIFIC_PATH_REMOVED],0,1,1,0,60.015000104904175,0.0021087813923055805,0.21087813923055804,-30392.480488262663,-30456.571585582322,23750.0,TIME_LIMIT,dcap_like_sun_nestedB60_n10_m3_P120_pool360_seed5_tailcont_d0p1_homogeneousA0,5b12f974abf8f0e5ea5a483dc941c5df5bae1362a0c68043ba71194719d67dd0,5b12f974abf8f0e5ea5a483dc941c5df5bae1362a0c68043ba71194719d67dd0,46b8f1944d6709a0e5dc9131b515115799bad2966b7e72579b497cee9839e038,,,312,0
stage1_60s,60,10,17,17445413,[MACHINE_SPECIFIC_PATH_REMOVED],0,1,1,0,60.01800012588501,0.0020222309235012857,0.20222309235012859,-27812.319082947943,-27868.562014651765,35346.0,TIME_LIMIT,dcap_like_sun_nestedB60_n10_m3_P120_pool360_seed10_tailcont_d0p1_homogeneousA0,1145ba96cbedd2ae012e3277c248badccffa547410d01e4952a47ca293a3b7c8,1145ba96cbedd2ae012e3277c248badccffa547410d01e4952a47ca293a3b7c8,28d719c2fc68624ed554ae95079f6c0d2e21507c9ad000ca25e6d4c7988d6b2b,,,313,0
stage1_60s,60,9,37,2080164268,[MACHINE_SPECIFIC_PATH_REMOVED],0,1,1,0,60.007999897003174,0.0020202391467460776,0.20202391467460776,-25738.498423214416,-25790.496345307456,3492.0,TIME_LIMIT,dcap_like_sun_nestedB60_n10_m3_P120_pool360_seed9_tailcont_d0p1_homogeneousA0,8e0760a6ac1228c30e9947358337c8ee3b1cceaa2e6c71439cb67cdcc60e0311,8e0760a6ac1228c30e9947358337c8ee3b1cceaa2e6c71439cb67cdcc60e0311,772b24e8e8e862dfb3f7e330ad1c948713ad567754b68b3ee64d6ccb7b63173b,,,314,0
stage1_60s,60,2,11,1746310707,[MACHINE_SPECIFIC_PATH_REMOVED],0,1,1,0,60.026000022888184,0.001973275137725622,0.19732751377256222,-26332.172062829202,-26384.132683283096,10221.0,TIME_LIMIT,dcap_like_sun_nestedB60_n10_m3_P120_pool360_seed2_tailcont_d0p1_homogeneousA0,7aa19fb942819d5b72e2d02f0a435b4863f2fa2616a9159387797f63bf4b301e,7aa19fb942819d5b72e2d02f0a435b4863f2fa2616a9159387797f63bf4b301e,ae80316e707eaf2157fc4a4ad041d8f78aaf203c8e2a2d18e11afb21595d1878,,,315,0
stage1_60s,60,3,39,1866714245,[MACHINE_SPECIFIC_PATH_REMOVED],0,1,1,0,60.01200008392334,0.0018588256504192846,0.18588256504192846,-26046.984830668614,-26095.401634187943,8624.0,TIME_LIMIT,dcap_like_sun_nestedB60_n10_m3_P120_pool360_seed3_tailcont_d0p1_homogeneousA0,5e9bf6df47d4bb420e03bd8524759081816ead8c81384ea3e76f19b491bd7fff,5e9bf6df47d4bb420e03bd8524759081816ead8c81384ea3e76f19b491bd7fff,94c916ec4c9f53b0585532e83f9339ee583def068e4cef3de0377ec613a4f2f6,,,316,0
stage1_60s,60,3,3,385346042,[MACHINE_SPECIFIC_PATH_REMOVED],0,1,1,0,60.12299990653992,0.0018397539579421826,0.18397539579421826,-27631.424119165873,-27682.259141052687,1195.0,TIME_LIMIT,dcap_like_sun_nestedB60_n10_m3_P120_pool360_seed3_tailcont_d0p1_homogeneousA0,183c4d886ac89b4e4a7be07c3fac1fbdbbfb41d0b12765ad5a4252c164ace17d,183c4d886ac89b4e4a7be07c3fac1fbdbbfb41d0b12765ad5a4252c164ace17d,f3fcce46e401ca0190e1b549d322bdd4dfebdfbe7900e6a6d9712260caae0eda,,,317,0
stage1_60s,60,1,40,563313608,[MACHINE_SPECIFIC_PATH_REMOVED],0,1,1,0,60.01699995994568,0.0017839754009287645,0.17839754009287645,-26011.247157745594,-26057.65058282249,110852.0,TIME_LIMIT,dcap_like_sun_nestedB60_n10_m3_P120_pool360_seed1_tailcont_d0p1_homogeneousA0,bdb37033c58e2e3bc153a3ef0d17a657078169fafc1e748fbae55df2fa9cbc28,bdb37033c58e2e3bc153a3ef0d17a657078169fafc1e748fbae55df2fa9cbc28,965065ebd4a3b0a4367ae19203191340deadf3820c42db663b48e4bdb8ca0e23,,,318,0
stage1_60s,60,5,3,48647418,[MACHINE_SPECIFIC_PATH_REMOVED],0,1,1,0,60.01599979400635,0.0017362362308471389,0.17362362308471388,-25124.695987629777,-25168.31839509252,135639.0,TIME_LIMIT,dcap_like_sun_nestedB60_n10_m3_P120_pool360_seed5_tailcont_d0p1_homogeneousA0,1ab351878f71c2e36c0d0459e1352e0abab47858708e1a3db838af5074e4dcd2,1ab351878f71c2e36c0d0459e1352e0abab47858708e1a3db838af5074e4dcd2,418700b9b2e844a832b618780146eccfb162aea90a483cc0e2b9a81411e1f63e,,,319,0
stage1_60s,60,6,27,2086271661,[MACHINE_SPECIFIC_PATH_REMOVED],0,1,1,0,60.01100015640259,0.0016787334384525295,0.16787334384525293,-31142.193258828964,-31194.47269999931,3518.0,TIME_LIMIT,dcap_like_sun_nestedB60_n10_m3_P120_pool360_seed6_tailcont_d0p1_homogeneousA0,108b8496474d3adf1ca77834156b8cef572e1f1baa834966f4dca181ce2f7bf5,108b8496474d3adf1ca77834156b8cef572e1f1baa834966f4dca181ce2f7bf5,e61ffd4766b6fda4dbced079a4bda14c6306663f557dead7e0ffc0b828423de4,,,320,0
stage1_60s,60,7,33,1094029748,[MACHINE_SPECIFIC_PATH_REMOVED],0,1,1,0,60.00699996948242,0.0015458438242278055,0.15458438242278055,-25842.88577242125,-25882.834837792772,5626.0,TIME_LIMIT,dcap_like_sun_nestedB60_n10_m3_P120_pool360_seed7_tailcont_d0p1_homogeneousA0,dbfdb452b5b694028e2dbb8f54a25f53aaee47614544a7272e9531281e6352a2,dbfdb452b5b694028e2dbb8f54a25f53aaee47614544a7272e9531281e6352a2,c1e5f0242bef50f8e1dcbd6b01a7b6ff6887398313fc4b2536909918cb8d1126,,,321,0
stage1_60s,60,3,4,508546690,[MACHINE_SPECIFIC_PATH_REMOVED],0,1,1,0,60.015000104904175,0.001512096818441842,0.1512096818441842,-28328.854048806432,-28371.690018883735,80997.0,TIME_LIMIT,dcap_like_sun_nestedB60_n10_m3_P120_pool360_seed3_tailcont_d0p1_homogeneousA0,733df9893f9715b5ba142bf8e58b6ec0df1c7ce3d6aed26c7bd96a8610c56229,733df9893f9715b5ba142bf8e58b6ec0df1c7ce3d6aed26c7bd96a8610c56229,a6ddeb67bcf9dba31009af78daa3b85a10f910b53599afad445afe1f70e3b7fd,,,322,0
stage1_60s,60,6,26,19103596,[MACHINE_SPECIFIC_PATH_REMOVED],0,1,1,0,60.01099991798401,0.0014703077031022326,0.14703077031022327,-29290.918695949815,-29333.98535933941,30838.0,TIME_LIMIT,dcap_like_sun_nestedB60_n10_m3_P120_pool360_seed6_tailcont_d0p1_homogeneousA0,a71a93b7f4da212002eaa856c1b45697d321fb33441efecf8aa0290cdfe65c03,a71a93b7f4da212002eaa856c1b45697d321fb33441efecf8aa0290cdfe65c03,f63a122f5e2b699ac7cc938e741e188e59247e9ae591789b5a2d4bc8fff909c0,,,323,0
stage1_60s,60,9,33,2061899946,[MACHINE_SPECIFIC_PATH_REMOVED],0,1,1,0,60.00699996948242,0.0014375604372045133,0.14375604372045134,-28459.689139260565,-28500.601662422305,27317.0,TIME_LIMIT,dcap_like_sun_nestedB60_n10_m3_P120_pool360_seed9_tailcont_d0p1_homogeneousA0,4694eb2bae0f0d3414d1052e85386290aaaab6fb946b74b873f008c306428bb6,4694eb2bae0f0d3414d1052e85386290aaaab6fb946b74b873f008c306428bb6,51d0aa77b4f5aeb461ae7a1722696e020d0fb2455bfe2a20d73fc4d00783c6ca,,,324,0
stage1_60s,60,7,39,732347574,[MACHINE_SPECIFIC_PATH_REMOVED],0,1,1,0,60.008999824523926,0.0014238008129451593,0.14238008129451593,-28081.14546901025,-28121.12742675746,5290.0,TIME_LIMIT,dcap_like_sun_nestedB60_n10_m3_P120_pool360_seed7_tailcont_d0p1_homogeneousA0,4bf2401788bb5f24e509cfb4db592f657b31e6f9cf29e2926c5cb71b068529e5,4bf2401788bb5f24e509cfb4db592f657b31e6f9cf29e2926c5cb71b068529e5,41031659be5c2743e642e88887d78abbef63c7b3841c7257b409e9b62b8ddd9e,,,325,0
stage1_60s,60,5,14,877189528,[MACHINE_SPECIFIC_PATH_REMOVED],0,1,1,0,60.01100015640259,0.0013688251327445315,0.13688251327445314,-28416.567045466443,-28455.464356624598,84224.0,TIME_LIMIT,dcap_like_sun_nestedB60_n10_m3_P120_pool360_seed5_tailcont_d0p1_homogeneousA0,fbfb4c777872df26d5a5bb2d500cfdf68c94b6f033971a900888a11f02d7b76e,fbfb4c777872df26d5a5bb2d500cfdf68c94b6f033971a900888a11f02d7b76e,3baa760f8bfdd45bf6fe90a034bfb4a8d36481bab8be3742f479f875a19aaed2,,,326,0
stage1_60s,60,9,20,938982929,[MACHINE_SPECIFIC_PATH_REMOVED],0,1,1,0,60.015000104904175,0.001324731455984474,0.1324731455984474,-26063.807874267914,-26098.335420421692,12997.0,TIME_LIMIT,dcap_like_sun_nestedB60_n10_m3_P120_pool360_seed9_tailcont_d0p1_homogeneousA0,0f2a89b2fe7abfb23471c692e54bdd48f8db0496eef7f576152e0bedb508206f,0f2a89b2fe7abfb23471c692e54bdd48f8db0496eef7f576152e0bedb508206f,965065ebd4a3b0a4367ae19203191340deadf3820c42db663b48e4bdb8ca0e23,,,327,0
stage1_60s,60,7,30,1083509134,[MACHINE_SPECIFIC_PATH_REMOVED],0,1,1,0,60.01799988746643,0.0013111980242295459,0.1311198024229546,-29490.087141459448,-29528.754485453686,20505.0,TIME_LIMIT,dcap_like_sun_nestedB60_n10_m3_P120_pool360_seed7_tailcont_d0p1_homogeneousA0,72e61975b62ba737d9e5a9535c587156f7e68757ca6713f25bf38b77b307eadd,72e61975b62ba737d9e5a9535c587156f7e68757ca6713f25bf38b77b307eadd,7e746f79da823b7a844ec346f46ba0ce1c3e3b833aa8f589a555647ffc74a505,,,328,0
stage1_60s,60,10,32,2004543851,[MACHINE_SPECIFIC_PATH_REMOVED],0,1,1,0,60.01300001144409,0.0010689623508631399,0.10689623508631399,-24220.245697842474,-24246.136228622123,104658.0,TIME_LIMIT,dcap_like_sun_nestedB60_n10_m3_P120_pool360_seed10_tailcont_d0p1_homogeneousA0,06c73c19ddbd561b57b0ffca93e2cf416e8a798994ae4c882cfe2436e81a8548,06c73c19ddbd561b57b0ffca93e2cf416e8a798994ae4c882cfe2436e81a8548,418700b9b2e844a832b618780146eccfb162aea90a483cc0e2b9a81411e1f63e,,,329,0
stage1_60s,60,2,8,197387982,[MACHINE_SPECIFIC_PATH_REMOVED],0,1,1,0,60.00999999046326,0.0010304248872123369,0.10304248872123369,-25782.5477002959,-25809.114679102026,9261.0,TIME_LIMIT,dcap_like_sun_nestedB60_n10_m3_P120_pool360_seed2_tailcont_d0p1_homogeneousA0,9df178adb2851bdff7be1be602d37e278d1c76b353118b4d33cf21ec35501a95,9df178adb2851bdff7be1be602d37e278d1c76b353118b4d33cf21ec35501a95,8bcc7c027d6de3d0a483f3d60be5482aa178b0dd2f067d694f34d77ec340ff52,,,330,0
stage1_60s,60,2,25,1608849034,[MACHINE_SPECIFIC_PATH_REMOVED],0,1,1,0,60.01600003242493,0.0009853494131030125,0.09853494131030124,-27905.163124747065,-27932.65946085458,62140.0,TIME_LIMIT,dcap_like_sun_nestedB60_n10_m3_P120_pool360_seed2_tailcont_d0p1_homogeneousA0,865c620502ce31ff89e2b4636f6df4b85b53f12d8921c68c587f39b666e2394a,865c620502ce31ff89e2b4636f6df4b85b53f12d8921c68c587f39b666e2394a,f2f6c4ee0d71523ce69d03fcecd29264b534a5edded3dbf198e28820f94cc1d4,,,331,0
stage1_60s,60,10,20,2054982943,[MACHINE_SPECIFIC_PATH_REMOVED],0,1,1,0,60.01799988746643,0.0009436646922844218,0.09436646922844218,-28379.871935474577,-28406.653018591638,39781.0,TIME_LIMIT,dcap_like_sun_nestedB60_n10_m3_P120_pool360_seed10_tailcont_d0p1_homogeneousA0,df66271472701a198672eb56487349aa3a9d62a6c38266c65b157a02a69ffeaf,df66271472701a198672eb56487349aa3a9d62a6c38266c65b157a02a69ffeaf,b1882ace5cd21fed0a078a2a2680decded13eb02b9b46fdba334681e65bdda15,,,332,0
stage1_60s,60,5,12,823278402,[MACHINE_SPECIFIC_PATH_REMOVED],0,1,1,0,60.01300001144409,0.0009024232229660507,0.09024232229660507,-28464.65511197016,-28490.342277776923,108105.0,TIME_LIMIT,dcap_like_sun_nestedB60_n10_m3_P120_pool360_seed5_tailcont_d0p1_homogeneousA0,ef6b851aedd0dfc83091fe83d47750b69c705815ec674e91a91c1dd08b86dc74,ef6b851aedd0dfc83091fe83d47750b69c705815ec674e91a91c1dd08b86dc74,3b9ab388a4bced48eff9cdd3592d25858c5469ca9b9db10af6b16522223029a4,,,333,0
stage1_60s,60,2,40,402121831,[MACHINE_SPECIFIC_PATH_REMOVED],0,1,1,0,60.245999813079834,0.0008700557899225976,0.08700557899225976,-28980.52710343873,-29005.741778840085,1225.0,TIME_LIMIT,dcap_like_sun_nestedB60_n10_m3_P120_pool360_seed2_tailcont_d0p1_homogeneousA0,71b691ed137b21f21bd3fb8ab508dc636d5cd201ebfb796f945711b47ece9a22,71b691ed137b21f21bd3fb8ab508dc636d5cd201ebfb796f945711b47ece9a22,f058d9d2487bfbdcee5639054a58a1f30a17e990ce899e38b532cbd9be916ff5,,,334,0
stage1_60s,60,5,23,1611168693,[MACHINE_SPECIFIC_PATH_REMOVED],0,1,1,0,60.00999999046326,0.000797513697582607,0.0797513697582607,-23525.443033949683,-23544.204897010957,70189.0,TIME_LIMIT,dcap_like_sun_nestedB60_n10_m3_P120_pool360_seed5_tailcont_d0p1_homogeneousA0,08b6767011531f6227f7943ddc5424ed560fa203d62fe19ec46a142486a2fdf9,08b6767011531f6227f7943ddc5424ed560fa203d62fe19ec46a142486a2fdf9,2a7d93b74647d756fe963bab1da0443b4ed8d0225ea634f4e50ab87bf3f30d97,,,335,0
stage1_60s,60,4,19,471704329,[MACHINE_SPECIFIC_PATH_REMOVED],0,1,1,0,60.00999999046326,0.0006890778230690957,0.06890778230690957,-27641.99989710737,-27661.047386221744,68577.0,TIME_LIMIT,dcap_like_sun_nestedB60_n10_m3_P120_pool360_seed4_tailcont_d0p1_homogeneousA0,022602c143745710a778e1dbb8b2572ee723d5a8b136a4b53ab12bff20c7f1f0,022602c143745710a778e1dbb8b2572ee723d5a8b136a4b53ab12bff20c7f1f0,a70c603d3303011909dbef91961fafabec828e24f51e92d85804d8b3f868e8d4,,,336,0
stage1_60s,60,5,16,97227738,[MACHINE_SPECIFIC_PATH_REMOVED],0,1,1,0,60.01600003242493,0.0006615803540516363,0.06615803540516363,-24371.30613344597,-24387.429710786437,21174.0,TIME_LIMIT,dcap_like_sun_nestedB60_n10_m3_P120_pool360_seed5_tailcont_d0p1_homogeneousA0,c389f27044247e7df2facc96548897f3371528354b1ebe9581b75f6c22efcf92,c389f27044247e7df2facc96548897f3371528354b1ebe9581b75f6c22efcf92,1e6db2543fc29803d2ebc78ee45592183603a923efd68ea8b2bdbb4d53b7ce81,,,337,0
stage1_60s,60,6,25,1817346418,[MACHINE_SPECIFIC_PATH_REMOVED],0,1,1,0,60.01900005340576,0.0006462689970943728,0.06462689970943727,-30830.916736569805,-30850.841802208648,80771.0,TIME_LIMIT,dcap_like_sun_nestedB60_n10_m3_P120_pool360_seed6_tailcont_d0p1_homogeneousA0,5b762f6a2f64474a1c75b4eb4a4180a6c6977c63f492d24d8789a8d3d1b30a71,5b762f6a2f64474a1c75b4eb4a4180a6c6977c63f492d24d8789a8d3d1b30a71,0be185c9c2426959c3fbe0fb980090dc04786749f517cce8661b84153306a01e,,,338,0
stage1_60s,60,9,19,1712926925,[MACHINE_SPECIFIC_PATH_REMOVED],0,1,1,0,60.01099991798401,0.0006254863757268324,0.06254863757268324,-29979.459654495316,-29998.211398060856,12899.0,TIME_LIMIT,dcap_like_sun_nestedB60_n10_m3_P120_pool360_seed9_tailcont_d0p1_homogeneousA0,18e56e317246d5b2748a899d9d62aa4bcaed1a9017665f5a3b765dc0be4f9762,18e56e317246d5b2748a899d9d62aa4bcaed1a9017665f5a3b765dc0be4f9762,db390c9331b9754598f46423c723b4c01be434bdaba4da110579bb52fe982a08,,,339,0
stage1_60s,60,9,7,1433488763,[MACHINE_SPECIFIC_PATH_REMOVED],0,1,1,0,60.01600003242493,0.0006154235268150763,0.06154235268150763,-25190.446134289003,-25205.948927491012,124110.0,TIME_LIMIT,dcap_like_sun_nestedB60_n10_m3_P120_pool360_seed9_tailcont_d0p1_homogeneousA0,5a0b8dfbcba89ae8000672155d260fd26c2912b30b648c4c4cfb96f02ac3ef37,5a0b8dfbcba89ae8000672155d260fd26c2912b30b648c4c4cfb96f02ac3ef37,460d9f3d9b7a085978f489ec74fd856dca8b235cb983c9c778c0a0102191d83f,,,340,0
stage1_60s,60,3,13,1334076656,[MACHINE_SPECIFIC_PATH_REMOVED],0,1,1,0,60.01199984550476,0.0005596660454592944,0.055966604545929444,-26806.343555407282,-26821.34615569816,53037.0,TIME_LIMIT,dcap_like_sun_nestedB60_n10_m3_P120_pool360_seed3_tailcont_d0p1_homogeneousA0,9841876c5e211238f226198848b832c8faa8ec7661b791d15921f76695e50fe4,9841876c5e211238f226198848b832c8faa8ec7661b791d15921f76695e50fe4,55d80086a252dac24b79d4ea02af1183ec350adaf27f23489f33329870c8c3db,,,341,0
stage1_60s,60,4,29,2071155659,[MACHINE_SPECIFIC_PATH_REMOVED],0,1,1,1,50.354000091552734,0.0004990419679712086,0.04990419679712086,-25681.643206910237,-25694.45942467695,75928.0,OPTIMAL,dcap_like_sun_nestedB60_n10_m3_P120_pool360_seed4_tailcont_d0p1_homogeneousA0,cee5393dbed27979b395f8fb39b45eb1305ca469d54eea6913425b21010729e1,cee5393dbed27979b395f8fb39b45eb1305ca469d54eea6913425b21010729e1,2171b91b3c01d229dd36b0a74e21d5713966267c15e4e1ac1875841114df2e37,,,342,0
stage1_60s,60,10,2,2052998037,[MACHINE_SPECIFIC_PATH_REMOVED],0,1,1,1,3.9079999923706055,0.0004989918713692449,0.0498991871369245,-29293.929333126394,-29308.54676574409,1122.0,OPTIMAL,dcap_like_sun_nestedB60_n10_m3_P120_pool360_seed10_tailcont_d0p1_homogeneousA0,104d6bcf3e61e5aac0a3bc410a093d44aad99bf86e03d451246061dbcf6b97e0,104d6bcf3e61e5aac0a3bc410a093d44aad99bf86e03d451246061dbcf6b97e0,888b3e6c05c9a39168c023b223032e01ff40d9853141cf609884c39a4acce55c,,,343,0
stage1_60s,60,1,17,1382612244,[MACHINE_SPECIFIC_PATH_REMOVED],0,1,1,1,2.9619998931884766,0.0004989774792380179,0.04989774792380179,-30349.875622856292,-30365.019527289773,1.0,OPTIMAL,dcap_like_sun_nestedB60_n10_m3_P120_pool360_seed1_tailcont_d0p1_homogeneousA0,4c0e7296aac3c063e334f907dd67d1e3473dd16d709e7b0037daa2306af2a8e6,4c0e7296aac3c063e334f907dd67d1e3473dd16d709e7b0037daa2306af2a8e6,2f865717107615e66dd28ff14b06d1227362d67397d2313bba3e37eda24c2858,,,344,0
stage1_60s,60,3,32,2053568291,[MACHINE_SPECIFIC_PATH_REMOVED],0,1,1,1,31.532999992370605,0.0004989661562270496,0.04989661562270496,-31843.436401896168,-31859.325198958682,6827.0,OPTIMAL,dcap_like_sun_nestedB60_n10_m3_P120_pool360_seed3_tailcont_d0p1_homogeneousA0,dd60480751cee7beacc80b3b06d814b08c7c044d6ef3d656eeb6367b5e5d4fd5,dd60480751cee7beacc80b3b06d814b08c7c044d6ef3d656eeb6367b5e5d4fd5,460d9f3d9b7a085978f489ec74fd856dca8b235cb983c9c778c0a0102191d83f,,,345,0
stage1_60s,60,1,13,586626705,[MACHINE_SPECIFIC_PATH_REMOVED],0,1,1,1,4.68500018119812,0.0004988038664307499,0.04988038664307499,-32671.836457242593,-32688.13329559086,1481.0,OPTIMAL,dcap_like_sun_nestedB60_n10_m3_P120_pool360_seed1_tailcont_d0p1_homogeneousA0,6f56df28d5824a320bffaa9540b6ae457b4e661602407adb5dd3d8ac8fee9d9e,6f56df28d5824a320bffaa9540b6ae457b4e661602407adb5dd3d8ac8fee9d9e,0fe689944d2b38597d3fca410e2f692d0722cf13e6fc99cf47ce39b68ac56a1d,,,346,0
stage1_60s,60,2,33,2007792139,[MACHINE_SPECIFIC_PATH_REMOVED],0,1,1,1,19.22599983215332,0.0004986715436957491,0.049867154369574916,-30781.56117647189,-30796.911065101125,1643.0,OPTIMAL,dcap_like_sun_nestedB60_n10_m3_P120_pool360_seed2_tailcont_d0p1_homogeneousA0,472fe7a1e9e1941ea46638791c7745c08f7b2738022600618fcae559d7bcd8c5,472fe7a1e9e1941ea46638791c7745c08f7b2738022600618fcae559d7bcd8c5,619c467a942c2652ea069937d89a2dca513c0acecd11e058e2a8130ff844e147,,,347,0
stage1_60s,60,10,6,1779071843,[MACHINE_SPECIFIC_PATH_REMOVED],0,1,1,1,9.832000017166138,0.0004986176199018028,0.049861761990180276,-26981.85035550403,-26995.303981508838,1106.0,OPTIMAL,dcap_like_sun_nestedB60_n10_m3_P120_pool360_seed10_tailcont_d0p1_homogeneousA0,d82192a4c20d0415274f6dd642f222f39f4851b1a2513afb2606f7678f3216a5,d82192a4c20d0415274f6dd642f222f39f4851b1a2513afb2606f7678f3216a5,ff06940876b9ac0ffa04554201b80649d144c8ddfe2563d1718384bef5a1f550,,,348,0
stage1_60s,60,3,11,713397379,[MACHINE_SPECIFIC_PATH_REMOVED],0,1,1,1,5.392999887466431,0.0004983131276504898,0.04983131276504898,-30241.521543652787,-30256.591290838114,1479.0,OPTIMAL,dcap_like_sun_nestedB60_n10_m3_P120_pool360_seed3_tailcont_d0p1_homogeneousA0,d592a125955a0b6a80661b40bb50d6d4b8ef850e0947853b70da295d6be291a9,d592a125955a0b6a80661b40bb50d6d4b8ef850e0947853b70da295d6be291a9,16df25e6b432f62f823a60bb2e227d6b5f986764891125f41426f2f0b5cc2735,,,349,0
stage1_60s,60,6,35,569500762,[MACHINE_SPECIFIC_PATH_REMOVED],0,1,1,1,22.394999980926514,0.0004981843466503625,0.04981843466503626,-28281.78449045875,-28295.874032787237,9211.0,OPTIMAL,dcap_like_sun_nestedB60_n10_m3_P120_pool360_seed6_tailcont_d0p1_homogeneousA0,41e8096e575a63acf304bd239b165927959556eb4bc8a75805918c8e18dc50c7,41e8096e575a63acf304bd239b165927959556eb4bc8a75805918c8e18dc50c7,a3af64e0b66f05cad54e98b275607bd9a0fb453bea1863fc33343c419768ab76,,,350,0
stage1_60s,60,6,40,928775535,[MACHINE_SPECIFIC_PATH_REMOVED],0,1,1,1,17.581000089645386,0.0004981458428823864,0.049814584288238636,-26812.169914156824,-26825.526285138218,1400.0,OPTIMAL,dcap_like_sun_nestedB60_n10_m3_P120_pool360_seed6_tailcont_d0p1_homogeneousA0,efdc64b471a47f2adcdd5364a3b95ec279f6cb7064a11f4a682215ad35066240,efdc64b471a47f2adcdd5364a3b95ec279f6cb7064a11f4a682215ad35066240,88248ed59d622be4274fef2901e527c62b035599addbad24e6b1cbaca0d8292d,,,351,0
stage1_60s,60,7,1,2029167940,[MACHINE_SPECIFIC_PATH_REMOVED],0,1,1,1,46.032999992370605,0.0004979113510587379,0.049791135105873796,-26611.844314103982,-26625.094653460583,10224.0,OPTIMAL,dcap_like_sun_nestedB60_n10_m3_P120_pool360_seed7_tailcont_d0p1_homogeneousA0,3a318d52e25d1607fb00c263dc46150b91c8d1abedf770a06804d542f22c5194,3a318d52e25d1607fb00c263dc46150b91c8d1abedf770a06804d542f22c5194,8fe1f824c27b55b19800f30b587900e4166e3de4f8577421800baae71b9eae3b,,,352,0
stage1_60s,60,2,15,1890275150,[MACHINE_SPECIFIC_PATH_REMOVED],0,1,1,1,56.848999977111816,0.0004975536741126877,0.04975536741126877,-28314.706512406032,-28328.794598662702,1689.0,OPTIMAL,dcap_like_sun_nestedB60_n10_m3_P120_pool360_seed2_tailcont_d0p1_homogeneousA0,23896872b443e8ce7e047961a227c429eca98393c38e8e2a467ea64d6c1ca1f6,23896872b443e8ce7e047961a227c429eca98393c38e8e2a467ea64d6c1ca1f6,52457a96f65822f22af24a19476a0745a55420cfcbebd8edad4dcebeaddb2431,,,353,0
stage1_60s,60,6,13,916926068,[MACHINE_SPECIFIC_PATH_REMOVED],0,1,1,1,11.39299988746643,0.000497494783128313,0.049749478312831295,-27245.980410341603,-27259.535143456964,9221.0,OPTIMAL,dcap_like_sun_nestedB60_n10_m3_P120_pool360_seed6_tailcont_d0p1_homogeneousA0,1971ec829f4599cd379f70fc99a6507d82b7c90f111ac88c16702ab6b2cf0ce3,1971ec829f4599cd379f70fc99a6507d82b7c90f111ac88c16702ab6b2cf0ce3,b36696aa3caea772a290571f2d4709e7ab5196c2ebcf64d94ebc51f4fc73a594,,,354,0
stage1_60s,60,3,8,1250183451,[MACHINE_SPECIFIC_PATH_REMOVED],0,1,1,1,10.141999959945679,0.000497334044554014,0.0497334044554014,-26526.6760204768,-26539.868639550637,1.0,OPTIMAL,dcap_like_sun_nestedB60_n10_m3_P120_pool360_seed3_tailcont_d0p1_homogeneousA0,254becfcca8c3290fc65036dbc7a30a230e395bb99d9ae5dfdbc723f2b018682,254becfcca8c3290fc65036dbc7a30a230e395bb99d9ae5dfdbc723f2b018682,3591b5cbf2f46f4f99140254c2ee58588267effcd15759c41af5d7cf3cb0a900,,,355,0
stage1_60s,60,10,26,1236436360,[MACHINE_SPECIFIC_PATH_REMOVED],0,1,1,1,42.730000019073486,0.0004968427221544966,0.04968427221544966,-27098.085018847134,-27111.548505173072,2218.0,OPTIMAL,dcap_like_sun_nestedB60_n10_m3_P120_pool360_seed10_tailcont_d0p1_homogeneousA0,e6e01975b2188ab2610c21fc1dbc0cc03e0a1ad90432c3a15a3c569896a74729,e6e01975b2188ab2610c21fc1dbc0cc03e0a1ad90432c3a15a3c569896a74729,963dc3424dcbeca75fca209e97e905ad81bf4f8324a6f41ff7d3ebad3db75b74,,,356,0
stage1_60s,60,8,30,1747681612,[MACHINE_SPECIFIC_PATH_REMOVED],0,1,1,1,6.811999797821045,0.000496019038070127,0.0496019038070127,-32839.28837294295,-32855.57728517261,1242.0,OPTIMAL,dcap_like_sun_nestedB60_n10_m3_P120_pool360_seed8_tailcont_d0p1_homogeneousA0,8eabbb0dbca058f775e706fd8fa17e47b78edc24c8b73323a06da18286371966,8eabbb0dbca058f775e706fd8fa17e47b78edc24c8b73323a06da18286371966,460d9f3d9b7a085978f489ec74fd856dca8b235cb983c9c778c0a0102191d83f,,,357,0
stage1_60s,60,9,17,28050645,[MACHINE_SPECIFIC_PATH_REMOVED],0,1,1,1,31.93400001525879,0.0004947211788524751,0.04947211788524751,-29087.48953097764,-29101.879728088265,3161.0,OPTIMAL,dcap_like_sun_nestedB60_n10_m3_P120_pool360_seed9_tailcont_d0p1_homogeneousA0,b1de6eb28830d7ddc6d8898e146e45cd7764ce0c15c93c39d41f14c3a96b6269,b1de6eb28830d7ddc6d8898e146e45cd7764ce0c15c93c39d41f14c3a96b6269,30e9c5090037ed9cb49b77b624a38c02803442de038db9214153132e050b7f49,,,358,0
stage1_60s,60,2,37,816411670,[MACHINE_SPECIFIC_PATH_REMOVED],0,1,1,1,28.01800012588501,0.0004943474506022516,0.04943474506022516,-30452.416066808513,-30467.47014105582,3853.0,OPTIMAL,dcap_like_sun_nestedB60_n10_m3_P120_pool360_seed2_tailcont_d0p1_homogeneousA0,fe58bea2eba7391af45949fff47c8504c2b7cfa5380f984c69da526e84a9772b,fe58bea2eba7391af45949fff47c8504c2b7cfa5380f984c69da526e84a9772b,c6eb8f535a59cba637672132ea0bc52df681bf2d0c95352e4d1dc13016fd5d9b,,,359,0
stage1_60s,60,2,36,1466870535,[MACHINE_SPECIFIC_PATH_REMOVED],0,1,1,1,51.634000062942505,0.0004919448254978108,0.04919448254978107,-29802.40526409018,-29817.066403147237,3753.0,OPTIMAL,dcap_like_sun_nestedB60_n10_m3_P120_pool360_seed2_tailcont_d0p1_homogeneousA0,957b44a61a53f2fbeb4357563e539581610ec2ea5bf2f3a67f27d322c2cb1198,957b44a61a53f2fbeb4357563e539581610ec2ea5bf2f3a67f27d322c2cb1198,ad76143817c71ca5a320a0aafc8fcded2f9fa32b1ecee1d6546d0541cab39a1d,,,360,0
stage1_60s,60,7,38,1336119720,[MACHINE_SPECIFIC_PATH_REMOVED],0,1,1,1,23.163000106811523,0.0004914006830573587,0.049140068305735876,-27888.689796486167,-27902.394317701735,1131.0,OPTIMAL,dcap_like_sun_nestedB60_n10_m3_P120_pool360_seed7_tailcont_d0p1_homogeneousA0,5c7d24cc974d9ef19e93beb1ed5a04ae991f9104f6be3f813a6e02e44c257e51,5c7d24cc974d9ef19e93beb1ed5a04ae991f9104f6be3f813a6e02e44c257e51,bbaf61ab2aa94f9aee7328ba86089ed0d850d8336f5dea288dfe98a10913f638,,,361,0
stage1_60s,60,8,17,86214689,[MACHINE_SPECIFIC_PATH_REMOVED],0,1,1,1,5.428999900817871,0.0004872231447317003,0.048722314473170034,-29998.169144977273,-30012.784947284283,5264.0,OPTIMAL,dcap_like_sun_nestedB60_n10_m3_P120_pool360_seed8_tailcont_d0p1_homogeneousA0,9f623661587435d5ea44ffa54ea09e369708c38f005e80c7a647dae84f690b93,9f623661587435d5ea44ffa54ea09e369708c38f005e80c7a647dae84f690b93,7bb423470f115c769f21a1360948c9a19678ff44f5a0ea6b8cdd339009c03d0e,,,362,0
stage1_60s,60,1,4,2041105244,[MACHINE_SPECIFIC_PATH_REMOVED],0,1,1,1,5.581000089645386,0.00048186060338694476,0.04818606033869448,-32023.10352073629,-32038.534192721116,1085.0,OPTIMAL,dcap_like_sun_nestedB60_n10_m3_P120_pool360_seed1_tailcont_d0p1_homogeneousA0,db7b654749d277ec6e8a71d6af39dd79885055d397aae57bce4c851d848ad2e8,db7b654749d277ec6e8a71d6af39dd79885055d397aae57bce4c851d848ad2e8,72876897e7a1e9b0258ac160dadf11b045d6d357fe9866d5efadcb97d2e52bf9,,,363,0
stage1_60s,60,8,20,1028570480,[MACHINE_SPECIFIC_PATH_REMOVED],0,1,1,1,2.123000144958496,0.0004814937465681697,0.04814937465681697,-25066.17619809847,-25078.24540518823,619.0,OPTIMAL,dcap_like_sun_nestedB60_n10_m3_P120_pool360_seed8_tailcont_d0p1_homogeneousA0,741c64d0eafe00848e34496f9822a28459e9cb1c1c3acca0f1418ef9fb8a2973,741c64d0eafe00848e34496f9822a28459e9cb1c1c3acca0f1418ef9fb8a2973,b7940d6aa42ff11ebae83d0634c72729d9afa023179f5098b7feb8bc48842484,,,364,0
stage1_60s,60,4,20,1168105262,[MACHINE_SPECIFIC_PATH_REMOVED],0,1,1,1,2.888000011444092,0.0004808947418363803,0.04808947418363803,-27314.51725644822,-27327.652664172645,907.0,OPTIMAL,dcap_like_sun_nestedB60_n10_m3_P120_pool360_seed4_tailcont_d0p1_homogeneousA0,b34007b5cd6ae5bdca5cbec8c35e959a1ad221d104cd03d6709a89c53d7a04ba,b34007b5cd6ae5bdca5cbec8c35e959a1ad221d104cd03d6709a89c53d7a04ba,2a7d93b74647d756fe963bab1da0443b4ed8d0225ea634f4e50ab87bf3f30d97,,,365,0
stage1_60s,60,8,2,702167616,[MACHINE_SPECIFIC_PATH_REMOVED],0,1,1,1,1.6140000820159912,0.0004785435482207306,0.04785435482207306,-28525.5688804622,-28539.21960740927,89.0,OPTIMAL,dcap_like_sun_nestedB60_n10_m3_P120_pool360_seed8_tailcont_d0p1_homogeneousA0,295ee046d4cad50689d37fbcf9cecbbaaec95d8e9a3182507e79f5faa0796508,295ee046d4cad50689d37fbcf9cecbbaaec95d8e9a3182507e79f5faa0796508,286cbd81c91de2905c1bc8be0f6c9e3630fbe58641d716e94e9f98114d38e2e2,,,366,0
stage1_60s,60,7,22,650757180,[MACHINE_SPECIFIC_PATH_REMOVED],0,1,1,1,10.517000198364258,0.0004772774731341664,0.04772774731341664,-29671.866541315896,-29686.02825480191,1614.0,OPTIMAL,dcap_like_sun_nestedB60_n10_m3_P120_pool360_seed7_tailcont_d0p1_homogeneousA0,b346eb96794942b2d980690821827a08cf42ebca1bbd059eea344751f7d83e20,b346eb96794942b2d980690821827a08cf42ebca1bbd059eea344751f7d83e20,e5fc8f7948b66a9819d413235b768a204714e9ee98647a649326d18d07d5c866,,,367,0
stage1_60s,60,7,12,1875941738,[MACHINE_SPECIFIC_PATH_REMOVED],0,1,1,1,57.13100004196167,0.00047618138049230574,0.047618138049230575,-29417.898737292184,-29431.90699292409,9200.0,OPTIMAL,dcap_like_sun_nestedB60_n10_m3_P120_pool360_seed7_tailcont_d0p1_homogeneousA0,c72c3141619c5352b88cb6a193a142c5a5c03e818a83ddce2439467e9bbf4520,c72c3141619c5352b88cb6a193a142c5a5c03e818a83ddce2439467e9bbf4520,c4fcd1102df2392820bcd1194212f592d65c6361d6d2255bd513989766e7a2e1,,,368,0
stage1_60s,60,10,36,1601121310,[MACHINE_SPECIFIC_PATH_REMOVED],0,1,1,1,5.759999990463257,0.00046668605677820595,0.04666860567782059,-29612.96816355594,-29626.788122897688,806.0,OPTIMAL,dcap_like_sun_nestedB60_n10_m3_P120_pool360_seed10_tailcont_d0p1_homogeneousA0,ef94819853d073fb39a719826f07becb181ba050a621464dd98d60381063ec4a,ef94819853d073fb39a719826f07becb181ba050a621464dd98d60381063ec4a,4641669e160e8f4bbf5a9c228fa02f594777921e1b93af78766186e0c7ed1312,,,369,0
stage1_60s,60,10,23,154274979,[MACHINE_SPECIFIC_PATH_REMOVED],0,1,1,1,25.58899998664856,0.0004657082711072058,0.04657082711072058,-27382.058462701392,-27394.810513807413,1352.0,OPTIMAL,dcap_like_sun_nestedB60_n10_m3_P120_pool360_seed10_tailcont_d0p1_homogeneousA0,4b6fe4c1fdb30eaacb793218bc853dabcae6e121e917480c542e74559249584c,4b6fe4c1fdb30eaacb793218bc853dabcae6e121e917480c542e74559249584c,29ca2d16827473b6834c6e736053489a769b0ddccb550848aabcab0480593682,,,370,0
stage1_60s,60,9,32,1684936827,[MACHINE_SPECIFIC_PATH_REMOVED],0,1,1,1,48.699000120162964,0.000458166331601501,0.045816633160150104,-29285.24082265052,-29298.6583340083,1481.0,OPTIMAL,dcap_like_sun_nestedB60_n10_m3_P120_pool360_seed9_tailcont_d0p1_homogeneousA0,209e12f55e74008491d699c8e7a88233bc6352cff7359cb26d784593acd5d0ac,209e12f55e74008491d699c8e7a88233bc6352cff7359cb26d784593acd5d0ac,fb6cca5d3e8da0e65c81709de1269c1aaa186bc13b0d978d27860c2820141798,,,371,0
stage1_60s,60,8,37,966147481,[MACHINE_SPECIFIC_PATH_REMOVED],0,1,1,1,2.072999954223633,0.00045001967911590453,0.04500196791159045,-25941.5534420759,-25953.22765163167,462.0,OPTIMAL,dcap_like_sun_nestedB60_n10_m3_P120_pool360_seed8_tailcont_d0p1_homogeneousA0,08155ebd9b3b1b9210494a990fedf538e555f3d71760e2b5bb4ce16d2a100e1a,08155ebd9b3b1b9210494a990fedf538e555f3d71760e2b5bb4ce16d2a100e1a,5c3497ab95468d2a6e038203e188f35508482a7c58a1e39fe4388455e90cfbc2,,,372,0
stage1_60s,60,9,11,1965526453,[MACHINE_SPECIFIC_PATH_REMOVED],0,1,1,1,12.265999794006348,0.000447242950832833,0.0447242950832833,-31216.483148114487,-31230.444500152273,1531.0,OPTIMAL,dcap_like_sun_nestedB60_n10_m3_P120_pool360_seed9_tailcont_d0p1_homogeneousA0,89123b9551cdde80b3719c550c2bae1cdffd0488190dc6325629378b508da335,89123b9551cdde80b3719c550c2bae1cdffd0488190dc6325629378b508da335,52457a96f65822f22af24a19476a0745a55420cfcbebd8edad4dcebeaddb2431,,,373,0
stage1_60s,60,9,14,1847681291,[MACHINE_SPECIFIC_PATH_REMOVED],0,1,1,1,17.97699999809265,0.0004239307963925471,0.04239307963925471,-28175.527186351992,-28187.471660030882,3417.0,OPTIMAL,dcap_like_sun_nestedB60_n10_m3_P120_pool360_seed9_tailcont_d0p1_homogeneousA0,75641be9e3be101444030a9f55267056b12866afe248284307fa9643a3691b9c,75641be9e3be101444030a9f55267056b12866afe248284307fa9643a3691b9c,52457a96f65822f22af24a19476a0745a55420cfcbebd8edad4dcebeaddb2431,,,374,0
stage1_60s,60,9,25,1446612636,[MACHINE_SPECIFIC_PATH_REMOVED],0,1,1,1,20.552000045776367,0.0004224681540224338,0.042246815402243384,-27051.39096728099,-27062.819318486676,2328.0,OPTIMAL,dcap_like_sun_nestedB60_n10_m3_P120_pool360_seed9_tailcont_d0p1_homogeneousA0,2ed64fc8430e74279c75b759919333a4b2da502fbb5fc44f0d805318d1705727,2ed64fc8430e74279c75b759919333a4b2da502fbb5fc44f0d805318d1705727,99585fb62593be6fbd1c9f9277733671cfdc1975c8c2c154dc6432e3f766d3d1,,,375,0
stage1_60s,60,3,29,371155108,[MACHINE_SPECIFIC_PATH_REMOVED],0,1,1,1,4.322000026702881,0.00042120918825976544,0.042120918825976544,-31875.053370897163,-31888.479436253256,728.0,OPTIMAL,dcap_like_sun_nestedB60_n10_m3_P120_pool360_seed3_tailcont_d0p1_homogeneousA0,a84717da387759b5df1ff5bb469ec81b184397d66a432d179cc40684c368cffd,a84717da387759b5df1ff5bb469ec81b184397d66a432d179cc40684c368cffd,2a7d93b74647d756fe963bab1da0443b4ed8d0225ea634f4e50ab87bf3f30d97,,,376,0
stage1_60s,60,2,14,403514481,[MACHINE_SPECIFIC_PATH_REMOVED],0,1,1,1,4.683000087738037,0.00042080688601305586,0.04208068860130559,-29050.54099218665,-29062.765659878565,402.0,OPTIMAL,dcap_like_sun_nestedB60_n10_m3_P120_pool360_seed2_tailcont_d0p1_homogeneousA0,294697d70cbe305ea738f694f7f1a1932ad014c423f7ce13796b6279a9817a0b,294697d70cbe305ea738f694f7f1a1932ad014c423f7ce13796b6279a9817a0b,2a647c8b0a6a1582e433fcf59303bcb925524edf27ea82ed996ed477c05cc1fd,,,377,0
stage1_60s,60,7,26,547328271,[MACHINE_SPECIFIC_PATH_REMOVED],0,1,1,1,46.575000047683716,0.0004005028105913876,0.040050281059138756,-25121.054068032667,-25131.115120791932,1267.0,OPTIMAL,dcap_like_sun_nestedB60_n10_m3_P120_pool360_seed7_tailcont_d0p1_homogeneousA0,16e43e194d93eb46695f3d51097805bb92b034e7efbbab4e9dfd3126e7b6abfc,16e43e194d93eb46695f3d51097805bb92b034e7efbbab4e9dfd3126e7b6abfc,81533c0a04f4a291d0692a886a784f580046470e060a11929c003fb91d1490c6,,,378,0
stage1_60s,60,9,6,1295250788,[MACHINE_SPECIFIC_PATH_REMOVED],0,1,1,1,2.3299999237060547,0.0003987121001292846,0.03987121001292846,-29862.914745589114,-29874.82145104331,5.0,OPTIMAL,dcap_like_sun_nestedB60_n10_m3_P120_pool360_seed9_tailcont_d0p1_homogeneousA0,0b30736d43663b908cf4460bf7e6cc17fb05e3ac9d0dba1a0cfbcad47091287a,0b30736d43663b908cf4460bf7e6cc17fb05e3ac9d0dba1a0cfbcad47091287a,4a9459f0e40fd025ab3e98fb02bd6e16d7d45e9fa2f98767b389a55f2d29a1fb,,,379,0
stage1_60s,60,1,15,551886180,[MACHINE_SPECIFIC_PATH_REMOVED],0,1,1,1,1.7430000305175781,0.00039727871865579713,0.03972787186557971,-26722.95126040115,-26733.567720236584,317.0,OPTIMAL,dcap_like_sun_nestedB60_n10_m3_P120_pool360_seed1_tailcont_d0p1_homogeneousA0,705478ebc8cfad5d7b8dbd08f3c87a6850c2e297ad2b8df84ebd0c46d9ddfe64,705478ebc8cfad5d7b8dbd08f3c87a6850c2e297ad2b8df84ebd0c46d9ddfe64,888b3e6c05c9a39168c023b223032e01ff40d9853141cf609884c39a4acce55c,,,380,0
stage1_60s,60,9,36,1514692595,[MACHINE_SPECIFIC_PATH_REMOVED],0,1,1,1,28.05399990081787,0.00039016728906048504,0.0390167289060485,-28675.809107754278,-28686.997470455466,2499.0,OPTIMAL,dcap_like_sun_nestedB60_n10_m3_P120_pool360_seed9_tailcont_d0p1_homogeneousA0,6bcbdd3258845a9f5c47fb1bbde46425a5f81f054616e060bb2568018bee4fda,6bcbdd3258845a9f5c47fb1bbde46425a5f81f054616e060bb2568018bee4fda,49cfe39a8cf4905ca38784b69fe92657ca27d6abfee4681fc7763980a88fe6cf,,,381,0
stage1_60s,60,6,20,264081163,[MACHINE_SPECIFIC_PATH_REMOVED],0,1,1,1,26.967000007629395,0.0003795651129671946,0.03795651129671946,-30189.62172515489,-30201.080652335437,1652.0,OPTIMAL,dcap_like_sun_nestedB60_n10_m3_P120_pool360_seed6_tailcont_d0p1_homogeneousA0,5b7de1df7902a773db383d9e6539d845d4f1da80809f3753dca5178489be25a8,5b7de1df7902a773db383d9e6539d845d4f1da80809f3753dca5178489be25a8,4e21cd0f4ac1d5376715d50dd6a5a4ed4cc21d8a0ca4def8f85d111d877ded9c,,,382,0
stage1_60s,60,9,2,1868845934,[MACHINE_SPECIFIC_PATH_REMOVED],0,1,1,1,23.33300018310547,0.0003762437142142155,0.03762437142142155,-29095.843919516392,-29106.791047900868,1247.0,OPTIMAL,dcap_like_sun_nestedB60_n10_m3_P120_pool360_seed9_tailcont_d0p1_homogeneousA0,a543473766702aa2e52c2f833c8c1381a607a1326150493e5f1b412bbf1e6308,a543473766702aa2e52c2f833c8c1381a607a1326150493e5f1b412bbf1e6308,99585fb62593be6fbd1c9f9277733671cfdc1975c8c2c154dc6432e3f766d3d1,,,383,0
stage1_60s,60,5,40,130572831,[MACHINE_SPECIFIC_PATH_REMOVED],0,1,1,1,3.6549999713897705,0.00035300703054810974,0.03530070305481097,-31439.78465263719,-31450.88311765849,1344.0,OPTIMAL,dcap_like_sun_nestedB60_n10_m3_P120_pool360_seed5_tailcont_d0p1_homogeneousA0,45feb48b243f1a7120ba1cfe2b598815712864016191097167bc2f8031e714a0,45feb48b243f1a7120ba1cfe2b598815712864016191097167bc2f8031e714a0,40ea635cd0eecd5e87726a85db5c915fea1657def8a9d7d8fcc2352965050b7a,,,384,0
stage1_60s,60,10,19,1125691529,[MACHINE_SPECIFIC_PATH_REMOVED],0,1,1,1,32.36199998855591,0.00034138100343874183,0.034138100343874184,-30030.05897993319,-30040.310671601084,1526.0,OPTIMAL,dcap_like_sun_nestedB60_n10_m3_P120_pool360_seed10_tailcont_d0p1_homogeneousA0,eaea738ed9e80daceb3399eae86a13dd55ec38fa9494d6a149dd48d505642aa1,eaea738ed9e80daceb3399eae86a13dd55ec38fa9494d6a149dd48d505642aa1,d7a24db2f636e1580dc77b43abbb97816359372978d55ff676be3e176de85c2c,,,385,0
stage1_60s,60,7,2,1342382291,[MACHINE_SPECIFIC_PATH_REMOVED],0,1,1,1,23.211999893188477,0.0003410024367342337,0.03410024367342337,-28655.97516789833,-28665.74692525758,2053.0,OPTIMAL,dcap_like_sun_nestedB60_n10_m3_P120_pool360_seed7_tailcont_d0p1_homogeneousA0,dbbaf0f98567f6f3bd9ddef1f38979b1c5558b950372a483764f28f686296233,dbbaf0f98567f6f3bd9ddef1f38979b1c5558b950372a483764f28f686296233,9e161b70448e33d8e61baf376c9f8fe37f872445670bc1d84e8c2a0f5a3d4e54,,,386,0
stage1_60s,60,6,2,1155699143,[MACHINE_SPECIFIC_PATH_REMOVED],0,1,1,1,51.11300015449524,0.00019021313455706946,0.019021313455706946,-27720.2987991686,-27725.571564094047,1242.0,OPTIMAL,dcap_like_sun_nestedB60_n10_m3_P120_pool360_seed6_tailcont_d0p1_homogeneousA0,dc80647c54de256bf167467a8fcc3af126f0b98ace74da9925e264f55c3ae05d,dc80647c54de256bf167467a8fcc3af126f0b98ace74da9925e264f55c3ae05d,0bc193238cc9636cf4373caa70fdd210d8c9a1c6cff4f05dc2d08bf5b7373ade,,,387,0
stage1_60s,60,4,3,1892783321,[MACHINE_SPECIFIC_PATH_REMOVED],0,1,1,1,1.8010001182556152,0.00014019491728627494,0.014019491728627494,-31325.51760578939,-31329.909284139085,1.0,OPTIMAL,dcap_like_sun_nestedB60_n10_m3_P120_pool360_seed4_tailcont_d0p1_homogeneousA0,e63a036ff2a866419a7ee3a8eb928f4c1e0b12f3f12c281ae1da8290205c9a9a,e63a036ff2a866419a7ee3a8eb928f4c1e0b12f3f12c281ae1da8290205c9a9a,2a7d93b74647d756fe963bab1da0443b4ed8d0225ea634f4e50ab87bf3f30d97,,,388,0
stage1_60s,60,7,17,282266798,[MACHINE_SPECIFIC_PATH_REMOVED],0,1,1,1,0.7619998455047607,0.0001392231069967146,0.01392231069967146,-30100.062759459826,-30104.253383717994,1.0,OPTIMAL,dcap_like_sun_nestedB60_n10_m3_P120_pool360_seed7_tailcont_d0p1_homogeneousA0,f0e9bf7ac19dd4d9de8ea8e1dc5e5a216bcf97549329e63826a3eab922cdb276,f0e9bf7ac19dd4d9de8ea8e1dc5e5a216bcf97549329e63826a3eab922cdb276,11e205f38c136066460db739c3031dd544654a85e86eee648e52fd6b55d776df,,,389,0
stage1_60s,60,9,29,628196374,[MACHINE_SPECIFIC_PATH_REMOVED],0,1,1,1,10.983999967575073,0.00013083438093159264,0.013083438093159264,-25094.76915203096,-25098.052410617587,1203.0,OPTIMAL,dcap_like_sun_nestedB60_n10_m3_P120_pool360_seed9_tailcont_d0p1_homogeneousA0,21f543ed4722ebca8f23005160772e9c186e245233ac80466db6ea44455a6a07,21f543ed4722ebca8f23005160772e9c186e245233ac80466db6ea44455a6a07,c19832364811eb213aa400a8b11a36ba76d0c4579a0345e1044034639827e05c,,,390,0
stage1_60s,60,4,15,1247479809,[MACHINE_SPECIFIC_PATH_REMOVED],0,1,1,1,1.616999864578247,0.00012081025443043498,0.012081025443043498,-26969.95859101656,-26973.216838575918,204.0,OPTIMAL,dcap_like_sun_nestedB60_n10_m3_P120_pool360_seed4_tailcont_d0p1_homogeneousA0,db8a293fe890a27abc506cb8f9aa1aa5f27aafb620d253ba5f88d6b93f10be79,db8a293fe890a27abc506cb8f9aa1aa5f27aafb620d253ba5f88d6b93f10be79,5ed53f35e0cfbf8725a5af1ee976cae03d2b6bae221fe1468de0889aed96659d,,,391,0
stage1_60s,60,2,3,234731697,[MACHINE_SPECIFIC_PATH_REMOVED],0,1,1,1,6.855999946594238,9.370062177280127e-05,0.009370062177280127,-25262.37268100408,-25264.739781031745,1.0,OPTIMAL,dcap_like_sun_nestedB60_n10_m3_P120_pool360_seed2_tailcont_d0p1_homogeneousA0,adec6ce1721d8b5ea7398fd8a6757804861558c25c0833d0191e69b91224767b,adec6ce1721d8b5ea7398fd8a6757804861558c25c0833d0191e69b91224767b,7e3111d97c0532275c83794ce3d6d2fa24c3376f61e4f0955eff94bb6094eceb,,,392,0
stage1_60s,60,8,11,103777466,[MACHINE_SPECIFIC_PATH_REMOVED],0,1,1,1,1.930999994277954,9.21479967805074e-05,0.00921479967805074,-28301.232929637375,-28303.84083155826,147.0,OPTIMAL,dcap_like_sun_nestedB60_n10_m3_P120_pool360_seed8_tailcont_d0p1_homogeneousA0,791bd74abd99488178dc4239831c7f0dfd62cfbad930f50f94bbce7fb784b81d,791bd74abd99488178dc4239831c7f0dfd62cfbad930f50f94bbce7fb784b81d,3c17c0382582a19e1553ea3c8b0dbef14a2a2fd6dd4450fdc4b68378d8f01222,,,393,0
stage1_60s,60,8,14,940344161,[MACHINE_SPECIFIC_PATH_REMOVED],0,1,1,1,0.8320000171661377,8.225780612394892e-05,0.008225780612394892,-29809.392680245965,-29811.84473548973,1.0,OPTIMAL,dcap_like_sun_nestedB60_n10_m3_P120_pool360_seed8_tailcont_d0p1_homogeneousA0,ae8bcb635015b18fb36edf9d53f9747c5ec8498d435f4eda18cd49e6f2686d29,ae8bcb635015b18fb36edf9d53f9747c5ec8498d435f4eda18cd49e6f2686d29,9b84fcece06a6befb885679b3093622509f442b7f6c98ac282f6cf7301808cfa,,,394,0
stage1_60s,60,5,34,842682599,[MACHINE_SPECIFIC_PATH_REMOVED],0,1,1,1,2.19599986076355,8.20543443138035e-05,0.00820543443138035,-29457.076468225045,-29459.493549320046,35.0,OPTIMAL,dcap_like_sun_nestedB60_n10_m3_P120_pool360_seed5_tailcont_d0p1_homogeneousA0,cd224d1cd01dd5bff93ae948e89b6394a1478f52dd2695b86c7f714406912c1e,cd224d1cd01dd5bff93ae948e89b6394a1478f52dd2695b86c7f714406912c1e,c19832364811eb213aa400a8b11a36ba76d0c4579a0345e1044034639827e05c,,,395,0
stage1_60s,60,3,9,84608902,[MACHINE_SPECIFIC_PATH_REMOVED],0,1,1,1,0.5829999446868896,7.169691134429509e-05,0.007169691134429509,-31986.96934181251,-31989.262708717582,1.0,OPTIMAL,dcap_like_sun_nestedB60_n10_m3_P120_pool360_seed3_tailcont_d0p1_homogeneousA0,d290a93c87756f97a9f4b21420f8ae5420ebb1a007b5da3912fc2d164f605938,d290a93c87756f97a9f4b21420f8ae5420ebb1a007b5da3912fc2d164f605938,2ec46d1437a722047e874fdb30e08411b13784725c25f53cdd351fb5f1e42dd2,,,396,0
stage1_60s,60,5,11,596836679,[MACHINE_SPECIFIC_PATH_REMOVED],0,1,1,1,0.3399999141693115,3.570936990385614e-05,0.003570936990385614,-32104.36079800611,-32105.507224501373,1.0,OPTIMAL,dcap_like_sun_nestedB60_n10_m3_P120_pool360_seed5_tailcont_d0p1_homogeneousA0,0c8c5545e972e7fd6633c7dd64e68c68ff2c29c82abe4e1777d8d572475333cf,0c8c5545e972e7fd6633c7dd64e68c68ff2c29c82abe4e1777d8d572475333cf,2f865717107615e66dd28ff14b06d1227362d67397d2313bba3e37eda24c2858,,,397,0
stage1_60s,60,7,9,119253154,[MACHINE_SPECIFIC_PATH_REMOVED],0,1,1,1,1.9179999828338623,0.0,0.0,-27427.756277758435,-27427.756277758435,65.0,OPTIMAL,dcap_like_sun_nestedB60_n10_m3_P120_pool360_seed7_tailcont_d0p1_homogeneousA0,164aacd2b7db505f10ab41f6e55f5a29522cd3bcc527a3f36a147b1f5855724c,164aacd2b7db505f10ab41f6e55f5a29522cd3bcc527a3f36a147b1f5855724c,0c9678241688677ad51e12ffa282d38c6f0d57e7d4f934ce85237213402fcc2e,,,398,0
stage1_60s,60,7,10,644602188,[MACHINE_SPECIFIC_PATH_REMOVED],0,1,1,1,0.9509999752044678,0.0,0.0,-31109.63810856551,-31109.63810856553,1.0,OPTIMAL,dcap_like_sun_nestedB60_n10_m3_P120_pool360_seed7_tailcont_d0p1_homogeneousA0,78b2734bd94715416285f0de5648fcb00d4ff9d6eff3c5a362a25e98d6f5ea38,78b2734bd94715416285f0de5648fcb00d4ff9d6eff3c5a362a25e98d6f5ea38,f68df430850989573d85870a03588398d8bca01b5c008a8d3096dc1dedac489e,,,399,0
stage1_60s,60,1,5,74845286,[MACHINE_SPECIFIC_PATH_REMOVED],0,1,1,1,0.22499990463256836,0.0,0.0,-31882.81576211048,-31882.815762110484,1.0,OPTIMAL,dcap_like_sun_nestedB60_n10_m3_P120_pool360_seed1_tailcont_d0p1_homogeneousA0,9875c5975613eaec167f8adf37b8022aaae2a7f2ec5ea73feb5327709dc613e4,9875c5975613eaec167f8adf37b8022aaae2a7f2ec5ea73feb5327709dc613e4,4935237589c96147cd211c3e94d4cbc02b1e5ad0cd9b357943062a58c3784ad1,,,400,0
