S,algo,t,wall_time_sec,init_time_sec,outer_iter_time_sec,inner_time_sec,eps_in_t,eta_t_star,eta_out,eta_in,eta_sep,eta_cap,eta_bracket,inner_lb,inner_ub,global_lb,global_ub,outer_gap,objective_cert_gap,best_ub_primal_obj,best_ub_primal_residual,returned_primal_obj,returned_primal_residual,lambda_inf,lambda_out_inf,lambda_in_inf,rho,theta,alpha_eff,phase_label,phase_reason,center_inf,center_step,anchor_mix,directional_beta,dual_inc_eta,sep_anchor_reason,alpha_signal,best_feas_eta,best_feas_residual,close_signal_streak,close_lock_counter,close_bc_count,close_case_c_count,close_reset_count,close_feas_lock_count,close_shadow_active,close_repaired_gap,close_repaired_residual,close_repaired_tag,inner_rnc_iters,inner_eval_calls,num_rnc_samples,num_rnc_kept_cuts,num_master_cuts,cut_added,outer_gap_certified,final_solution_found,stop_reason,sep_ok,case_label,sep_cut,out_cut,mispricing_streak,in_update_reason,add_geo,add_sup,add_rep,cap_promoted,z_best_ub,returned_z
120,P1_no_rho,1,14.115518799982965,5.724496999988332,8.390889600035734,4.3087452000472695,0.01,0.0,0.0,-77800.92565293108,0.0,0.0,-26519.785769108326,-77800.92565293108,-77800.9137002709,-77800.92565293108,-26519.785769108326,51281.139883822754,51281.13988382275,-77800.91370027096,86880.0,nan,nan,0.0,0.0,0.0,0.0,10.0,0.0,HEADING_IN,WARMUP,0.0,0.0,0.8,0.0,-77800.92565293108,BOOT_NONE,0.0,-77800.92565293108,86880.0,0,0,0,0,0,0,0,inf,inf,NA,1,2,2,2,2,5,0,0,CONTINUE,0,A,1,1,0,BOOT_VALID_FROM_CUT,2,2,0,0,"tail_cont_enabled=1 tail_active_dims=(1,) tail_delta=0.1 tail_start=(6, 6, 6) returned_y=(0, 0, 0) returned_b=(0, 0, 0) returned_u=(0, 0, 0) returned_zcap=(0, 0, 0) max_tail_u=0",NA
120,P1_no_rho,2,19.079098199959844,5.724496999988332,4.963043299969286,1.5122740999795496,0.01,551075.0862997291,551075.0862997291,-77800.92565293108,362412.282713931,0.0,-26519.785769108326,-204475.2754284117,-204475.18538079568,-77800.92565293108,-26519.785769108326,51281.139883822754,51281.13988382275,1324.8146192043343,29400.0,nan,nan,7.0,10.0,0.0,0.0,10.0,0.3,HEADING_IN,WARMUP,0.2743816623163345,0.2743816623163345,0.8,0.0,-77800.92565293108,STRUCTURAL,-1.0,-204475.2754284117,29400.0,0,0,0,0,0,0,0,inf,inf,NA,2,3,3,3,4,7,0,0,CONTINUE,0,A,1,1,0,KEEP_STRUCTURAL_IN_ON_CUT,2,3,1,0,"tail_cont_enabled=1 tail_active_dims=(1,) tail_delta=0.1 tail_start=(6, 6, 6) returned_y=(2, 0, 6) returned_b=(0, 0, 1) returned_u=(0, 0, 0) returned_zcap=(2, 0, 6) max_tail_u=0",NA
120,P1_no_rho,3,24.381350499927066,5.724496999988332,5.301757499924861,0.16300269996281713,0.01,49244.814619204335,49244.814619204335,-77800.92565293108,11131.092537563713,0.0,-26519.785769108326,-441775.41547833866,-441775.3272096799,-77800.92565293108,-26519.785769108326,51281.139883822754,51281.13988382275,-25555.327209679952,59460.0,nan,nan,7.0,10.0,0.0,0.0,10.0,0.3,HEADING_IN,WARMUP,0.48934170659286746,0.22929997769862273,0.8,0.0,-77800.92565293108,STRUCTURAL,-1.0,-204475.2754284117,29400.0,0,0,0,0,0,0,0,inf,inf,NA,2,4,4,4,8,7,0,0,CONTINUE,0,A,1,1,0,KEEP_STRUCTURAL_IN_ON_CUT,2,3,1,0,"tail_cont_enabled=1 tail_active_dims=(1,) tail_delta=0.1 tail_start=(6, 6, 6) returned_y=(3, 4, 0) returned_b=(0, 0, 0) returned_u=(0, 0, 0) returned_zcap=(3, 4, 0) max_tail_u=0",NA
120,P1_no_rho,4,28.11095070000738,5.724496999988332,3.7289528000401333,0.17343199998140335,0.01,-16107.121494791118,-16107.121494791118,-77800.92565293108,-34615.262742233106,0.0,-26519.785769108326,-101247.70914514732,-101247.68616917742,-77800.92565293108,-26519.785769108326,51281.139883822754,51281.13988382275,-68194.3699630414,62322.0,nan,nan,7.0,10.0,0.0,0.0,10.0,0.3,HEADING_IN,WARMUP,0.9648502978455351,0.5496846950645963,0.8,0.0,-77800.92565293108,STRUCTURAL,-0.07576621923497788,-204475.2754284117,29400.0,0,0,0,0,0,0,0,inf,inf,NA,2,5,5,5,12,7,0,0,CONTINUE,0,A,1,1,0,KEEP_STRUCTURAL_IN_ON_CUT,2,3,1,0,"tail_cont_enabled=1 tail_active_dims=(1,) tail_delta=0.1 tail_start=(6, 6, 6) returned_y=(6, 0, 0) returned_b=(1, 0, 0) returned_u=(0, 0, 0) returned_zcap=(6, 0, 0) max_tail_u=0",NA
120,P1_no_rho,5,44.55350149993319,5.724496999988332,16.44207330001518,0.16925949999131262,0.01,-16107.121494791121,-16107.121494791121,-77800.92565293108,-34615.262742233106,0.0,-26519.785769108326,-202321.58537614593,-202321.53506511272,-77800.92565293108,-26519.785769108326,51281.139883822754,51281.13988382275,-57897.423659661385,55656.0,nan,nan,7.0,10.0,0.0,0.0,10.0,0.3,HEADING_IN,WARMUP,1.0084460144457865,0.45950742674473183,0.8,0.0,-77800.92565293108,STRUCTURAL,-0.37070604993288203,-204475.2754284117,29400.0,0,0,0,0,0,0,0,inf,inf,NA,1,5,5,5,16,6,0,0,CONTINUE,0,A,1,1,0,KEEP_STRUCTURAL_IN_ON_CUT,2,3,0,0,"tail_cont_enabled=1 tail_active_dims=(1,) tail_delta=0.1 tail_start=(6, 6, 6) returned_y=(6, 0, 0) returned_b=(1, 0, 0) returned_u=(0, 0, 0) returned_zcap=(6, 0, 0) max_tail_u=0",NA
120,P1_no_rho,6,49.996908899978735,5.724496999988332,5.442898500012234,0.16674399992916733,0.01,-16107.121494791114,-16107.121494791114,-77800.92565293108,-34615.2627422331,0.0,-26519.785769108326,-292244.811841918,-292244.7375120355,-77800.92565293108,-26519.785769108326,51281.139883822754,51281.13988382275,-44573.01423892189,52162.0,nan,nan,7.0,10.0,0.0,0.0,10.0,0.3,HEADING_IN,WARMUP,1.3183638431369369,0.33518237480074364,0.8,0.0,-77800.92565293108,STRUCTURAL,-0.6783036454373291,-204475.2754284117,29400.0,0,0,0,0,0,0,0,inf,inf,NA,1,5,5,5,19,7,0,0,CONTINUE,0,A,1,1,0,KEEP_STRUCTURAL_IN_ON_CUT,2,3,0,1,"tail_cont_enabled=1 tail_active_dims=(1,) tail_delta=0.1 tail_start=(6, 6, 6) returned_y=(6, 0, 0) returned_b=(1, 0, 0) returned_u=(0, 0, 0) returned_zcap=(6, 0, 0) max_tail_u=0",NA
120,P1_no_rho,7,54.63486120000016,5.724496999988332,4.637483700062148,0.18582249991595745,0.01,-16107.121494791114,-16107.121494791114,-77800.92565293108,-34615.2627422331,-20686.402125262215,-26519.785769108326,-292063.19526012446,-292063.1209514396,-77800.92565293108,-26519.785769108326,51281.139883822754,51281.13988382275,-45451.753142352034,50219.5,nan,nan,7.0,10.0,0.0,0.0,10.0,0.3,HEADING_IN,WARMUP,1.6914597799995144,0.7112981790501915,0.8,0.0,-77800.92565293108,STRUCTURAL,-0.7015242167145875,-204475.2754284117,29400.0,0,0,0,0,0,0,0,inf,inf,NA,1,5,5,5,21,6,0,0,CONTINUE,0,A,1,1,0,KEEP_STRUCTURAL_IN_ON_CUT,2,3,0,0,"tail_cont_enabled=1 tail_active_dims=(1,) tail_delta=0.1 tail_start=(6, 6, 6) returned_y=(6, 0, 0) returned_b=(1, 0, 0) returned_u=(0, 0, 0) returned_zcap=(6, 0, 0) max_tail_u=0",NA
120,P1_no_rho,8,57.90074029995594,5.724496999988332,3.2646668000379577,0.18829759990330786,0.01,-3789.2727024963647,-3789.2727024963647,-77800.92565293108,-25992.76858762678,-20686.402125262215,-26519.785769108326,-326955.97006104223,-326955.8956427153,-77800.92565293108,-26519.785769108326,51281.139883822754,51281.13988382275,-45835.924463864845,58150.5,nan,nan,7.0,10.0,0.0,0.0,10.0,0.3,HEADING_IN,WARMUP,1.9956516781007876,0.7001632254397607,0.8,0.0,-77800.92565293108,STRUCTURAL,-0.6906216779338599,-204475.2754284117,29400.0,0,0,0,0,0,0,0,inf,inf,NA,2,6,6,6,21,7,0,0,CONTINUE,0,A,1,1,0,KEEP_STRUCTURAL_IN_ON_CUT,2,3,1,0,"tail_cont_enabled=1 tail_active_dims=(1,) tail_delta=0.1 tail_start=(6, 6, 6) returned_y=(0, 2, 6) returned_b=(0, 0, 1) returned_u=(0, 0, 0) returned_zcap=(0, 2, 6) max_tail_u=0",NA
120,P1_no_rho,9,63.12851830001455,5.724496999988332,5.227163700037636,0.16857919993344694,0.01,240404.34320239324,240404.34320239324,-77800.92565293108,-30070.13532463242,-20686.402125262215,-26519.785769108326,-69051.37403096062,-69051.36116405073,-69051.37403096062,-26519.785769108326,42531.588261852296,42531.58826185229,-18929.344013029862,40441.0,nan,nan,1.5000000000000002,10.0,0.0,0.0,10.0,0.85,CORE,FORCE_CORE,1.3108424092879907,0.8974414692901542,0.6,0.174,-69051.37403096062,STRUCTURAL,-0.8262574639766714,-204475.2754284117,29400.0,0,0,0,0,0,0,0,inf,inf,NA,1,5,5,5,22,6,0,0,CONTINUE,0,A,1,1,0,KEEP_STRUCTURAL_IN_ON_CUT,2,3,0,0,"tail_cont_enabled=1 tail_active_dims=(1,) tail_delta=0.1 tail_start=(6, 6, 6) returned_y=(2, 0, 6) returned_b=(0, 0, 1) returned_u=(0, 0, 0) returned_zcap=(2, 0, 6) max_tail_u=0",NA
120,P1_no_rho,10,77.46858049998991,5.724496999988332,14.339519300032407,0.177965399925597,0.01,116975.96956649893,116975.96956649893,-77800.92565293108,-48584.39137001657,-20686.402125262215,-26519.785769108326,-91488.26361660022,-91488.24803125998,-69051.37403096062,-26519.785769108326,42531.588261852296,42531.58826185229,-30118.220528245627,47668.5,nan,nan,1.5000000000000002,10.0,0.0,0.0,10.0,0.85,CORE,FORCE_CORE,1.2636210422059255,0.7220484133710559,0.6,0.12,-69051.37403096062,STRUCTURAL,-0.8582890518618423,-204475.2754284117,29400.0,0,0,0,0,0,0,0,inf,inf,NA,1,5,5,5,22,6,0,0,CONTINUE,0,A,1,1,0,KEEP_STRUCTURAL_IN_ON_CUT,2,3,0,0,"tail_cont_enabled=1 tail_active_dims=(1,) tail_delta=0.1 tail_start=(6, 6, 6) returned_y=(6, 0, 0) returned_b=(1, 0, 0) returned_u=(0, 0, 0) returned_zcap=(6, 0, 0) max_tail_u=0",NA
120,P1_no_rho,11,80.65769779996481,5.724496999988332,3.188453200040385,0.19753540004603565,0.01,100331.87083275159,100331.87083275159,-77800.92565293108,-51081.00618007867,-20686.402125262215,-26519.785769108326,-81207.45893276091,-81207.44426589808,-69051.37403096062,-26519.785769108326,42531.588261852296,42531.58826185229,-25806.837224705843,42526.0,nan,nan,1.5000000000000002,10.0,0.0,0.0,10.0,0.85,CORE,FORCE_CORE,1.2254052884590407,0.5119884168820263,0.6,0.13799999999999998,-69051.37403096062,STRUCTURAL,-0.8684978137483302,-204475.2754284117,29400.0,0,0,0,0,0,0,0,inf,inf,NA,2,6,6,6,22,7,0,0,CONTINUE,0,A,1,1,0,KEEP_STRUCTURAL_IN_ON_CUT,2,3,1,0,"tail_cont_enabled=1 tail_active_dims=(1,) tail_delta=0.1 tail_start=(6, 6, 6) returned_y=(1, 6, 0) returned_b=(0, 1, 0) returned_u=(0, 0.1, 0) returned_zcap=(1, 6.1, 0) max_tail_u=0.1",NA
120,P1_no_rho,12,83.78473640000448,5.724496999988332,3.12658130005002,0.19111750007141382,0.01,59520.43918936908,59520.43918936908,-77800.92565293108,-57202.720926586044,-20686.402125262215,-26519.785769108326,-74050.61609631995,-74050.60229170312,-69051.37403096062,-26519.785769108326,42531.588261852296,42531.58826185229,-25654.056357195856,40592.0,nan,nan,1.5000000000000002,10.0,0.0,0.0,10.0,0.85,CORE,FORCE_CORE,1.2059855147629686,0.3518043856101869,0.6,0.156,-69051.37403096062,STRUCTURAL,-0.794845387178217,-204475.2754284117,29400.0,0,0,0,0,0,0,0,inf,inf,NA,2,6,6,6,23,7,0,0,CONTINUE,0,A,1,1,0,KEEP_STRUCTURAL_IN_ON_CUT,2,3,1,0,"tail_cont_enabled=1 tail_active_dims=(1,) tail_delta=0.1 tail_start=(6, 6, 6) returned_y=(0, 6, 2) returned_b=(0, 1, 0) returned_u=(0, 0.1, 0) returned_zcap=(0, 6.1, 2) max_tail_u=0.1",NA
120,P1_no_rho,13,87.62689980003051,5.724496999988332,3.8416646999539807,0.1713511000853032,0.01,43841.94024985401,43841.94024985401,-77800.92565293108,-59554.495767513305,-20686.402125262215,-26519.785769108326,-75990.0703355571,-75990.05594678901,-69051.37403096062,-26519.785769108326,42531.588261852296,42531.58826185229,-28130.783844908914,39749.0,nan,nan,1.5000000000000002,10.0,0.0,0.0,10.0,0.85,CORE,FORCE_CORE,1.1962463648088386,0.2933401715509788,0.6,0.174,-69051.37403096062,STRUCTURAL,-0.8026914237151476,-204475.2754284117,29400.0,0,0,0,0,0,0,0,inf,inf,NA,1,5,5,5,24,6,0,0,CONTINUE,0,A,1,1,0,KEEP_STRUCTURAL_IN_ON_CUT,2,3,0,0,"tail_cont_enabled=1 tail_active_dims=(1,) tail_delta=0.1 tail_start=(6, 6, 6) returned_y=(0, 6, 2) returned_b=(0, 1, 0) returned_u=(0, 0.1, 0) returned_zcap=(0, 6.1, 2) max_tail_u=0.1",NA
120,P1_no_rho,14,96.40943370002788,5.724496999988332,8.781978800077923,0.24988540005870163,0.01,35617.953115178076,35617.953115178076,-77800.92565293108,-60788.093837714696,-20686.402125262215,-26519.785769108326,-80457.64934741694,-80457.63397985783,-69051.37403096062,-26519.785769108326,42531.588261852296,42531.58826185229,-28561.217787213674,38224.5,nan,nan,1.5000000000000002,10.0,0.0,0.0,10.0,0.85,CORE,FORCE_CORE,1.1971693873404794,0.2635115505800163,0.6,0.174,-69051.37403096062,STRUCTURAL,-0.9051161112662325,-204475.2754284117,29400.0,0,0,0,0,0,0,0,inf,inf,NA,2,6,6,6,24,7,0,0,CONTINUE,0,A,1,1,0,KEEP_STRUCTURAL_IN_ON_CUT,2,3,1,0,"tail_cont_enabled=1 tail_active_dims=(1,) tail_delta=0.1 tail_start=(6, 6, 6) returned_y=(1, 4, 3) returned_b=(0, 0, 0) returned_u=(0, 0, 0) returned_zcap=(1, 4, 3) max_tail_u=0",NA
120,P1_no_rho,15,119.43755029991735,5.724496999988332,23.02777609997429,0.1741933999583125,0.01,17007.86765988938,17007.86765988938,-77800.92565293108,-63579.606656008,-20686.402125262215,-26519.785769108326,-68425.41736311071,-68425.40373138928,-68425.41736311071,-26519.785769108326,41905.631594002385,41905.63159400238,-22693.25757843277,33852.0,nan,nan,1.5000000000000002,10.0,0.0,0.0,10.0,0.85,CORE,MAIN,1.1991270208717264,0.5261567817862687,0.6,0.174,-68425.41736311071,STRUCTURAL,-0.9006291337381642,-204475.2754284117,29400.0,0,0,0,0,0,0,0,inf,inf,NA,1,5,5,5,25,6,0,0,CONTINUE,0,A,1,1,0,KEEP_STRUCTURAL_IN_ON_CUT,2,3,0,0,"tail_cont_enabled=1 tail_active_dims=(1,) tail_delta=0.1 tail_start=(6, 6, 6) returned_y=(1, 4, 3) returned_b=(0, 0, 0) returned_u=(0, 0, 0) returned_zcap=(1, 4, 3) max_tail_u=0",NA
120,P1_no_rho,16,126.68844129994977,5.724496999988332,7.250233700033277,0.1620683999499306,0.01,80262.04157601969,80262.04157601969,-77800.92565293108,-54091.48056858846,-20686.402125262215,-26519.785769108326,-78142.36755249253,-78142.3526075991,-68425.41736311071,-26519.785769108326,41905.631594002385,41905.63159400238,-26654.750528684424,38643.0,nan,nan,1.5000000000000002,10.0,0.0,0.0,10.0,0.85,CORE,MAIN,1.200400888154249,0.4294635419840408,0.6,0.174,-68425.41736311071,STRUCTURAL,-0.8882609541860044,-204475.2754284117,29400.0,0,0,0,0,0,0,0,inf,inf,NA,1,5,5,5,25,6,0,0,CONTINUE,0,A,1,1,0,KEEP_STRUCTURAL_IN_ON_CUT,2,3,0,0,"tail_cont_enabled=1 tail_active_dims=(1,) tail_delta=0.1 tail_start=(6, 6, 6) returned_y=(2, 0, 6) returned_b=(0, 0, 1) returned_u=(0, 0, 0) returned_zcap=(2, 0, 6) max_tail_u=0",NA
120,P1_no_rho,17,130.78897310001776,5.724496999988332,4.099315300001763,0.18768179998733103,0.01,59107.54723422395,59107.54723422395,-77800.92565293108,-57264.65471985782,-20686.402125262215,-26519.785769108326,-78125.06815904558,-78125.05320733887,-68425.41736311071,-26519.785769108326,41905.631594002385,41905.63159400238,-25201.246778879122,41019.5,nan,nan,1.5000000000000002,10.0,0.0,0.0,10.0,0.85,CORE,MAIN,1.2010138374059012,0.31395677677127487,0.6,0.174,-68425.41736311071,STRUCTURAL,-0.8601406067595453,-204475.2754284117,29400.0,0,0,0,0,0,0,0,inf,inf,NA,1,5,5,5,25,6,0,0,CONTINUE,0,A,1,1,0,KEEP_STRUCTURAL_IN_ON_CUT,2,3,0,0,"tail_cont_enabled=1 tail_active_dims=(1,) tail_delta=0.1 tail_start=(6, 6, 6) returned_y=(6, 0, 0) returned_b=(1, 0, 0) returned_u=(0, 0, 0) returned_zcap=(6, 0, 0) max_tail_u=0",NA
120,P1_no_rho,18,138.23075320001226,5.724496999988332,7.44130760000553,0.19565510004758835,0.01,52243.66220644763,52243.66220644763,-77800.92565293108,-58294.23747402427,-20686.402125262215,-26519.785769108326,-73242.67812759145,-73242.66404253169,-68425.41736311071,-26519.785769108326,41905.631594002385,41905.63159400238,-24831.896969036392,34771.0,nan,nan,1.5000000000000002,10.0,0.0,0.0,10.0,0.85,CORE,MAIN,1.202036760978513,0.30044926009238554,0.6,0.174,-68425.41736311071,STRUCTURAL,-0.9281828165903635,-204475.2754284117,29400.0,0,0,0,0,0,0,0,inf,inf,NA,2,6,6,6,25,7,0,0,CONTINUE,0,A,1,1,0,KEEP_STRUCTURAL_IN_ON_CUT,2,3,1,0,"tail_cont_enabled=1 tail_active_dims=(1,) tail_delta=0.1 tail_start=(6, 6, 6) returned_y=(4, 1, 2) returned_b=(0, 0, 0) returned_u=(0, 0, 0) returned_zcap=(4, 1, 2) max_tail_u=0",NA
120,P1_no_rho,19,144.8707757999655,5.724496999988332,6.639570700004697,0.16216760000679642,0.01,47767.16589239941,47767.16589239941,-77800.92565293108,-58965.7119211315,-20686.402125262215,-26519.785769108326,-83129.84371172394,-83129.8278884298,-68425.41736311071,-26519.785769108326,41905.631594002385,41905.63159400238,-30702.04488043555,38091.0,nan,nan,1.5000000000000002,10.0,0.0,0.0,10.0,0.85,CORE,MAIN,1.2010063459355818,0.2643936746305092,0.6,0.174,-68425.41736311071,STRUCTURAL,-0.9175882843365317,-204475.2754284117,29400.0,0,0,0,0,0,0,0,inf,inf,NA,1,5,5,5,26,6,0,0,CONTINUE,0,A,1,1,0,KEEP_STRUCTURAL_IN_ON_CUT,2,3,0,0,"tail_cont_enabled=1 tail_active_dims=(1,) tail_delta=0.1 tail_start=(6, 6, 6) returned_y=(4, 1, 2) returned_b=(0, 0, 0) returned_u=(0, 0, 0) returned_zcap=(4, 1, 2) max_tail_u=0",NA
120,P1_no_rho,20,166.00960049999412,5.724496999988332,21.138272600015625,0.18098009994719177,0.01,37565.916849930974,37565.916849930974,-77800.92565293108,-60495.89927750176,-20686.402125262215,-26519.785769108326,-76553.88478340344,-76553.86998765879,-68425.41736311071,-26519.785769108326,41905.631594002385,41905.63159400238,-27871.577308480413,36243.0,nan,nan,1.5000000000000002,10.0,0.0,0.0,10.0,0.85,CORE,MAIN,1.2008951302196027,0.2673859161223596,0.6,0.174,-68425.41736311071,STRUCTURAL,-0.8954794522009467,-204475.2754284117,29400.0,0,0,0,0,0,0,0,inf,inf,NA,2,6,6,6,26,6,0,0,CONTINUE,0,A,1,1,0,KEEP_STRUCTURAL_IN_ON_CUT,2,3,0,0,"tail_cont_enabled=1 tail_active_dims=(1,) tail_delta=0.1 tail_start=(6, 6, 6) returned_y=(3, 4, 0) returned_b=(0, 0, 0) returned_u=(0, 0, 0) returned_zcap=(3, 4, 0) max_tail_u=0",NA
120,P1_no_rho,21,174.06548069999553,5.724496999988332,8.055320200044662,0.1683243999723345,0.01,32886.05470564744,32886.05470564744,-77800.92565293108,-61197.87859914429,-20686.402125262215,-26519.785769108326,-78372.77453843027,-78372.75963019356,-68425.41736311071,-26519.785769108326,41905.631594002385,41905.63159400238,-28237.64677711146,41701.5,nan,nan,1.5000000000000002,10.0,0.0,0.0,10.0,0.85,CORE,MAIN,1.2037303731836309,0.2504842877462251,0.6,0.174,-68425.41736311071,STRUCTURAL,-0.801491758539175,-204475.2754284117,29400.0,0,0,0,0,0,0,0,inf,inf,NA,1,5,5,5,26,6,0,0,CONTINUE,0,A,1,1,0,KEEP_STRUCTURAL_IN_ON_CUT,2,3,0,0,"tail_cont_enabled=1 tail_active_dims=(1,) tail_delta=0.1 tail_start=(6, 6, 6) returned_y=(0, 6, 2) returned_b=(0, 1, 0) returned_u=(0, 0.1, 0) returned_zcap=(0, 6.1, 2) max_tail_u=0.1",NA
120,P1_no_rho,22,181.3081181999296,5.724496999988332,7.241966799949296,0.17456600000150502,0.01,87902.40472996997,87902.40472996997,-77800.92565293108,-52945.42609549591,-20686.402125262215,-26519.785769108326,-76276.10032734057,-76276.08568065666,-68425.41736311071,-26519.785769108326,41905.631594002385,41905.63159400238,-24551.954301245838,39022.0,nan,nan,1.5000000000000002,10.0,0.0,0.0,10.0,0.85,CORE,MAIN,1.2059592960947316,0.2581349416684179,0.6,0.174,-68425.41736311071,STRUCTURAL,-0.8836747028071489,-204475.2754284117,29400.0,0,0,0,0,0,0,0,inf,inf,NA,1,5,5,5,26,6,0,0,CONTINUE,0,A,1,1,0,KEEP_STRUCTURAL_IN_ON_CUT,2,3,0,0,"tail_cont_enabled=1 tail_active_dims=(1,) tail_delta=0.1 tail_start=(6, 6, 6) returned_y=(0, 6, 2) returned_b=(0, 1, 0) returned_u=(0, 0.1, 0) returned_zcap=(0, 6.1, 2) max_tail_u=0.1",NA
120,P1_no_rho,23,186.58948399999645,5.724496999988332,5.280701200012118,0.2167893999721855,0.01,55963.20952496584,55963.20952496584,-77800.92565293108,-57736.305376246535,-20686.402125262215,-26519.785769108326,-88492.60089241277,-88492.58420133028,-68425.41736311071,-26519.785769108326,41905.631594002385,41905.63159400238,-29675.866580673555,42510.5,nan,nan,1.5000000000000002,10.0,0.0,0.0,10.0,0.85,CORE,MAIN,1.2052057990803413,0.2447244339905046,0.6,0.174,-68425.41736311071,STRUCTURAL,-0.922387294443439,-204475.2754284117,29400.0,0,0,0,0,0,0,0,inf,inf,NA,2,6,6,6,26,6,0,0,CONTINUE,0,A,1,1,0,KEEP_STRUCTURAL_IN_ON_CUT,2,3,0,0,"tail_cont_enabled=1 tail_active_dims=(1,) tail_delta=0.1 tail_start=(6, 6, 6) returned_y=(2, 0, 6) returned_b=(0, 0, 1) returned_u=(0, 0, 0) returned_zcap=(2, 0, 6) max_tail_u=0",NA
120,P1_no_rho,24,193.74022679997142,5.724496999988332,7.149735199986026,0.15731419995427132,0.01,82139.99007928347,82139.99007928347,-77800.92565293108,-53809.788293098885,-20686.402125262215,-26519.785769108326,-82546.67441799767,-82546.65875310515,-68425.41736311071,-26519.785769108326,41905.631594002385,41905.63159400238,-26809.843915872832,40445.5,nan,nan,1.5000000000000002,10.0,0.0,0.0,10.0,0.85,CORE,MAIN,1.2063019645708208,0.2576891855008657,0.6,0.174,-68425.41736311071,STRUCTURAL,-0.9187147286633836,-204475.2754284117,29400.0,0,0,0,0,0,0,0,inf,inf,NA,1,5,5,5,26,6,0,0,CONTINUE,0,A,1,1,0,KEEP_STRUCTURAL_IN_ON_CUT,2,3,0,0,"tail_cont_enabled=1 tail_active_dims=(1,) tail_delta=0.1 tail_start=(6, 6, 6) returned_y=(2, 0, 6) returned_b=(0, 0, 1) returned_u=(0, 0, 0) returned_zcap=(2, 0, 6) max_tail_u=0",NA
120,P1_no_rho,25,211.91015419992618,5.724496999988332,18.16949639993254,0.18062879994977266,0.01,71051.35390808716,71051.35390808716,-77800.92565293108,-55473.08371877833,-20686.402125262215,-26519.785769108326,-74634.72235086942,-74634.7077628857,-68425.41736311071,-26519.785769108326,41905.631594002385,41905.63159400238,-24477.793748964148,37240.0,nan,nan,1.5000000000000002,10.0,0.0,0.0,10.0,0.85,CORE,MAIN,1.2075111003176433,0.2685503423992145,0.6,0.174,-68425.41736311071,STRUCTURAL,-0.8979039386666938,-204475.2754284117,29400.0,0,0,0,0,0,0,0,inf,inf,NA,1,5,5,5,26,6,0,0,CONTINUE,0,A,1,1,0,KEEP_STRUCTURAL_IN_ON_CUT,2,3,0,0,"tail_cont_enabled=1 tail_active_dims=(1,) tail_delta=0.1 tail_start=(6, 6, 6) returned_y=(2, 0, 6) returned_b=(0, 0, 1) returned_u=(0, 0, 0) returned_zcap=(2, 0, 6) max_tail_u=0",NA
120,P1_no_rho,26,219.76739719999023,5.724496999988332,7.856678800075315,0.16263889998663217,0.01,42910.63648590528,42910.63648590528,-77800.92565293108,-59694.19133210562,-20686.402125262215,-26519.785769108326,-77134.05034223432,-77134.03538486977,-68425.41736311071,-26519.785769108326,41905.631594002385,41905.63159400238,-26020.294350087122,38772.0,nan,nan,1.5000000000000002,10.0,0.0,0.0,10.0,0.85,CORE,MAIN,1.2084900606784519,0.2532594371048963,0.6,0.174,-68425.41736311071,STRUCTURAL,-0.8788772143949696,-204475.2754284117,29400.0,0,0,0,0,0,0,0,inf,inf,NA,1,5,5,5,26,6,0,0,CONTINUE,0,A,1,1,0,KEEP_STRUCTURAL_IN_ON_CUT,2,3,0,0,"tail_cont_enabled=1 tail_active_dims=(1,) tail_delta=0.1 tail_start=(6, 6, 6) returned_y=(2, 0, 6) returned_b=(0, 0, 1) returned_u=(0, 0, 0) returned_zcap=(2, 0, 6) max_tail_u=0",NA
120,P1_no_rho,27,225.37790479999967,5.724496999988332,5.6099900000263005,0.15203800005838275,0.01,56417.5967231948,56417.5967231948,-77800.92565293108,-57668.14729651219,-20686.402125262215,-26519.785769108326,-78672.26475827121,-78672.24944961684,-68425.41736311071,-26519.785769108326,41905.631594002385,41905.63159400238,-26504.634837042573,39835.0,nan,nan,1.5000000000000002,10.0,0.0,0.0,10.0,0.85,CORE,MAIN,1.2090392742303453,0.26856499884897156,0.6,0.174,-68425.41736311071,STRUCTURAL,-0.8730616227366934,-204475.2754284117,29400.0,0,0,0,0,0,0,0,inf,inf,NA,1,5,5,5,26,6,0,0,CONTINUE,0,A,1,1,0,KEEP_STRUCTURAL_IN_ON_CUT,2,3,0,0,"tail_cont_enabled=1 tail_active_dims=(1,) tail_delta=0.1 tail_start=(6, 6, 6) returned_y=(2, 0, 6) returned_b=(0, 0, 1) returned_u=(0, 0, 0) returned_zcap=(2, 0, 6) max_tail_u=0",NA
120,P1_no_rho,28,233.31776110001374,5.724496999988332,7.939393200096674,0.20496540004387498,0.01,55591.74299157969,55591.74299157969,-77800.92565293108,-57792.02535625445,-20686.402125262215,-26519.785769108326,-83117.5536817863,-83117.53770154696,-68425.41736311071,-26519.785769108326,41905.631594002385,41905.63159400238,-29010.34008751668,39792.5,nan,nan,1.5000000000000002,10.0,0.0,0.0,10.0,0.85,CORE,MAIN,1.2083491482912654,0.2483754831880305,0.6,0.174,-68425.41736311071,STRUCTURAL,-0.9064890387892237,-204475.2754284117,29400.0,0,0,0,0,0,0,0,inf,inf,NA,2,6,6,6,26,6,0,0,CONTINUE,0,A,1,1,0,KEEP_STRUCTURAL_IN_ON_CUT,2,3,0,0,"tail_cont_enabled=1 tail_active_dims=(1,) tail_delta=0.1 tail_start=(6, 6, 6) returned_y=(1, 4, 3) returned_b=(0, 0, 0) returned_u=(0, 0, 0) returned_zcap=(1, 4, 3) max_tail_u=0",NA
120,P1_no_rho,29,242.65829529997427,5.724496999988332,9.339971899986267,0.16329569998197258,0.01,74578.1549873263,74578.1549873263,-77800.92565293108,-54944.06355689246,-20686.402125262215,-26519.785769108326,-78815.39192880252,-78815.37685983317,-68425.41736311071,-26519.785769108326,41905.631594002385,41905.63159400238,-25863.37852818697,40497.5,nan,nan,1.5000000000000002,10.0,0.0,0.0,10.0,0.85,CORE,MAIN,1.2086724605992603,0.2510920016474629,0.6,0.174,-68425.41736311071,STRUCTURAL,-0.8716916407456622,-204475.2754284117,29400.0,0,0,0,0,0,0,0,inf,inf,NA,1,5,5,5,26,6,0,0,CONTINUE,0,A,1,1,0,KEEP_STRUCTURAL_IN_ON_CUT,2,3,0,0,"tail_cont_enabled=1 tail_active_dims=(1,) tail_delta=0.1 tail_start=(6, 6, 6) returned_y=(0, 6, 2) returned_b=(0, 1, 0) returned_u=(0, 0.1, 0) returned_zcap=(0, 6.1, 2) max_tail_u=0.1",NA
120,P1_no_rho,30,260.9946548999287,5.724496999988332,18.335853099939413,0.17221439990680665,0.01,49887.184432009155,49887.184432009155,-77800.92565293108,-58647.70914019004,-20686.402125262215,-26519.785769108326,-78372.29251250364,-78372.27725742047,-68425.41736311071,-26519.785769108326,41905.631594002385,41905.63159400238,-25231.645770256255,39920.5,nan,nan,1.5000000000000002,10.0,0.0,0.0,10.0,0.85,CORE,MAIN,1.2092660558568111,0.24597267015979746,0.6,0.174,-68425.41736311071,STRUCTURAL,-0.8874409804012842,-204475.2754284117,29400.0,0,0,0,0,0,0,0,inf,inf,NA,1,5,5,5,26,6,0,0,CONTINUE,0,A,1,1,0,KEEP_STRUCTURAL_IN_ON_CUT,2,3,0,0,"tail_cont_enabled=1 tail_active_dims=(1,) tail_delta=0.1 tail_start=(6, 6, 6) returned_y=(0, 6, 2) returned_b=(0, 1, 0) returned_u=(0, 0.1, 0) returned_zcap=(0, 6.1, 2) max_tail_u=0.1",NA
120,P1_no_rho,31,266.3664590999251,5.724496999988332,5.371238599997014,0.16305570001713932,0.01,63410.19742951643,63410.19742951643,-77800.92565293108,-56619.25719056394,-20686.402125262215,-26519.785769108326,-83859.28983661307,-83859.27356243797,-68425.41736311071,-26519.785769108326,41905.631594002385,41905.63159400238,-30075.08951547128,43120.5,nan,nan,1.5000000000000002,10.0,0.0,0.0,10.0,0.85,CORE,MAIN,1.2101322632905702,0.25321537191222543,0.6,0.174,-68425.41736311071,STRUCTURAL,-0.8315330921018492,-204475.2754284117,29400.0,0,0,0,0,0,0,0,inf,inf,NA,1,5,5,5,26,6,0,0,CONTINUE,0,A,1,1,0,KEEP_STRUCTURAL_IN_ON_CUT,2,3,0,0,"tail_cont_enabled=1 tail_active_dims=(1,) tail_delta=0.1 tail_start=(6, 6, 6) returned_y=(6, 0, 0) returned_b=(1, 0, 0) returned_u=(0, 0, 0) returned_zcap=(6, 0, 0) max_tail_u=0",NA
120,P1_no_rho,32,274.439434699947,5.724496999988332,8.072299399995245,0.1967663000104949,0.01,67920.25844558982,67920.25844558982,-77800.92565293108,-55942.74803815294,-20686.402125262215,-26519.785769108326,-74507.4990170204,-74507.48432608176,-68425.41736311071,-26519.785769108326,41905.631594002385,41905.63159400238,-24526.547641152065,35519.5,nan,nan,1.5000000000000002,10.0,0.0,0.0,10.0,0.85,CORE,MAIN,1.210094534950445,0.25426268398371876,0.6,0.174,-68425.41736311071,STRUCTURAL,-0.9380938486358137,-204475.2754284117,29400.0,0,0,0,0,0,0,0,inf,inf,NA,2,6,6,6,26,6,0,0,CONTINUE,0,A,1,1,0,KEEP_STRUCTURAL_IN_ON_CUT,2,3,0,0,"tail_cont_enabled=1 tail_active_dims=(1,) tail_delta=0.1 tail_start=(6, 6, 6) returned_y=(4, 1, 2) returned_b=(0, 0, 0) returned_u=(0, 0, 0) returned_zcap=(4, 1, 2) max_tail_u=0",NA
120,P1_no_rho,33,282.5166379000293,5.724496999988332,8.076612400007434,0.16597860003821552,0.01,58686.020336071924,58686.020336071924,-77800.92565293108,-57327.88375458062,-20686.402125262215,-26519.785769108326,-73845.79723979578,-73845.78273223099,-68425.41736311071,-26519.785769108326,41905.631594002385,41905.63159400238,-24280.891413602363,35474.5,nan,nan,1.5000000000000002,10.0,0.0,0.0,10.0,0.85,CORE,MAIN,1.2105541699174978,0.25988935646358446,0.6,0.174,-68425.41736311071,STRUCTURAL,-0.9314651617101231,-204475.2754284117,29400.0,0,0,0,0,0,0,0,inf,inf,NA,1,5,5,5,26,6,0,0,CONTINUE,0,A,1,1,0,KEEP_STRUCTURAL_IN_ON_CUT,2,3,0,0,"tail_cont_enabled=1 tail_active_dims=(1,) tail_delta=0.1 tail_start=(6, 6, 6) returned_y=(4, 1, 2) returned_b=(0, 0, 0) returned_u=(0, 0, 0) returned_zcap=(4, 1, 2) max_tail_u=0",NA
120,P1_no_rho,34,294.3963860999793,5.724496999988332,11.879165000049397,0.18895430001430213,0.01,58606.851695388905,58606.851695388905,-77800.92565293108,-57339.759050683075,-20686.402125262215,-26519.785769108326,-82021.6589917231,-82021.64315556358,-68425.41736311071,-26519.785769108326,41905.631594002385,41905.63159400238,-27207.226760184556,39252.0,nan,nan,1.5000000000000002,10.0,0.0,0.0,10.0,0.85,CORE,MAIN,1.2100389136902852,0.26916108821115303,0.6,0.174,-68425.41736311071,STRUCTURAL,-0.9309829884741164,-204475.2754284117,29400.0,0,0,0,0,0,0,0,inf,inf,NA,2,6,6,6,26,6,0,0,CONTINUE,0,A,1,1,0,KEEP_STRUCTURAL_IN_ON_CUT,2,3,0,0,"tail_cont_enabled=1 tail_active_dims=(1,) tail_delta=0.1 tail_start=(6, 6, 6) returned_y=(1, 4, 3) returned_b=(0, 0, 0) returned_u=(0, 0, 0) returned_zcap=(1, 4, 3) max_tail_u=0",NA
120,P1_no_rho,35,319.6076926999958,5.724496999988332,25.210673100082204,0.1825154999969527,0.01,45626.58671477292,45626.58671477292,-77800.92565293108,-59286.79879777547,-20686.402125262215,-26519.785769108326,-81260.18918915304,-81260.17349224976,-68425.41736311071,-26519.785769108326,41905.631594002385,41905.63159400238,-27353.959946251292,41292.0,nan,nan,1.5000000000000002,10.0,0.0,0.0,10.0,0.85,CORE,MAIN,1.209210885774381,0.25316454699948787,0.6,0.174,-68425.41736311071,STRUCTURAL,-0.8703253825760998,-204475.2754284117,29400.0,0,0,0,0,0,0,0,inf,inf,NA,2,6,6,6,26,6,0,0,CONTINUE,0,A,1,1,0,KEEP_STRUCTURAL_IN_ON_CUT,2,3,0,0,"tail_cont_enabled=1 tail_active_dims=(1,) tail_delta=0.1 tail_start=(6, 6, 6) returned_y=(0, 6, 2) returned_b=(0, 1, 0) returned_u=(0, 0.1, 0) returned_zcap=(0, 6.1, 2) max_tail_u=0.1",NA
120,P1_no_rho,36,329.49794219993055,5.724496999988332,9.889739500009455,0.15427729999646544,0.01,65637.81140057182,65637.81140057182,-77800.92565293108,-56285.11509490563,-20686.402125262215,-26519.785769108326,-78973.43874750882,-78973.42316948871,-68425.41736311071,-26519.785769108326,41905.631594002385,41905.63159400238,-27676.460429411673,40188.5,nan,nan,1.5000000000000002,10.0,0.0,0.0,10.0,0.85,CORE,MAIN,1.208769774751001,0.2595237868912219,0.6,0.174,-68425.41736311071,STRUCTURAL,-0.8509393274208138,-204475.2754284117,29400.0,0,0,0,0,0,0,0,inf,inf,NA,1,5,5,5,26,6,0,0,CONTINUE,0,A,1,1,0,KEEP_STRUCTURAL_IN_ON_CUT,2,3,0,0,"tail_cont_enabled=1 tail_active_dims=(1,) tail_delta=0.1 tail_start=(6, 6, 6) returned_y=(0, 6, 2) returned_b=(0, 1, 0) returned_u=(0, 0.1, 0) returned_zcap=(0, 6.1, 2) max_tail_u=0.1",NA
120,P1_no_rho,37,337.4742952999659,5.724496999988332,7.97587119997479,0.2070610000519082,0.01,64993.07093503861,64993.07093503861,-77800.92565293108,-56381.82616473562,-20686.402125262215,-26519.785769108326,-79784.78973225612,-79784.7742469548,-68425.41736311071,-26519.785769108326,41905.631594002385,41905.63159400238,-25641.4872608152,39871.5,nan,nan,1.5000000000000002,10.0,0.0,0.0,10.0,0.85,CORE,MAIN,1.208617921456053,0.2461912460620943,0.6,0.174,-68425.41736311071,STRUCTURAL,-0.9052963810598146,-204475.2754284117,29400.0,0,0,0,0,0,0,0,inf,inf,NA,2,6,6,6,26,6,0,0,CONTINUE,0,A,1,1,0,KEEP_STRUCTURAL_IN_ON_CUT,2,3,0,0,"tail_cont_enabled=1 tail_active_dims=(1,) tail_delta=0.1 tail_start=(6, 6, 6) returned_y=(2, 0, 6) returned_b=(0, 0, 1) returned_u=(0, 0, 0) returned_zcap=(2, 0, 6) max_tail_u=0",NA
120,P1_no_rho,38,344.56615999992937,5.724496999988332,7.091336999903433,0.15565760002937168,0.01,53707.72088105562,53707.72088105562,-77800.92565293108,-58074.62867283307,-20686.402125262215,-26519.785769108326,-80487.14838837502,-80487.13268364227,-68425.41736311071,-26519.785769108326,41905.631594002385,41905.63159400238,-27568.594890540757,39244.5,nan,nan,1.5000000000000002,10.0,0.0,0.0,10.0,0.85,CORE,MAIN,1.2080208545022,0.24267981556157803,0.6,0.174,-68425.41736311071,STRUCTURAL,-0.8989546355642449,-204475.2754284117,29400.0,0,0,0,0,0,0,0,inf,inf,NA,1,5,5,5,26,6,0,0,CONTINUE,0,A,1,1,0,KEEP_STRUCTURAL_IN_ON_CUT,2,3,0,0,"tail_cont_enabled=1 tail_active_dims=(1,) tail_delta=0.1 tail_start=(6, 6, 6) returned_y=(2, 0, 6) returned_b=(0, 0, 1) returned_u=(0, 0, 0) returned_zcap=(2, 0, 6) max_tail_u=0",NA
120,P1_no_rho,39,355.33176510001067,5.724496999988332,10.765157800051384,0.1565656999591738,0.01,67563.09704142115,67563.09704142115,-77800.92565293108,-55996.32224877823,-20686.402125262215,-26519.785769108326,-78015.43780524906,-78015.42249558488,-68425.41736311071,-26519.785769108326,41905.631594002385,41905.63159400238,-25221.466239847545,37109.5,nan,nan,1.5000000000000002,10.0,0.0,0.0,10.0,0.85,CORE,MAIN,1.2105449763852076,0.2515425348468149,0.6,0.174,-68425.41736311071,STRUCTURAL,-0.9484355983550896,-204475.2754284117,29400.0,0,0,0,0,0,0,0,inf,inf,NA,1,5,5,5,26,6,0,0,CONTINUE,0,A,1,1,0,KEEP_STRUCTURAL_IN_ON_CUT,2,3,0,0,"tail_cont_enabled=1 tail_active_dims=(1,) tail_delta=0.1 tail_start=(6, 6, 6) returned_y=(4, 1, 2) returned_b=(0, 0, 0) returned_u=(0, 0, 0) returned_zcap=(4, 1, 2) max_tail_u=0",NA
120,P1_no_rho,40,374.97021479997784,5.724496999988332,19.637811199994758,0.16781859996262938,0.01,69007.01827158187,69007.01827158187,-77800.92565293108,-55779.73406425413,-20686.402125262215,-26519.785769108326,-77333.13007382299,-77333.11506776692,-68425.41736311071,-26519.785769108326,41905.631594002385,41905.63159400238,-24904.29282203617,40080.0,nan,nan,1.5000000000000002,10.0,0.0,0.0,10.0,0.85,CORE,MAIN,1.2122691942486004,0.2637940272114119,0.6,0.174,-68425.41736311071,STRUCTURAL,-0.872069564965582,-204475.2754284117,29400.0,0,0,0,0,0,0,0,inf,inf,NA,1,5,5,5,26,6,0,0,CONTINUE,0,A,1,1,0,KEEP_STRUCTURAL_IN_ON_CUT,2,3,0,0,"tail_cont_enabled=1 tail_active_dims=(1,) tail_delta=0.1 tail_start=(6, 6, 6) returned_y=(6, 0, 0) returned_b=(1, 0, 0) returned_u=(0, 0, 0) returned_zcap=(6, 0, 0) max_tail_u=0",NA
120,P1_no_rho,41,385.48795460001566,5.724496999988332,10.51724810001906,0.1805183000396937,0.01,56862.765103495156,56862.765103495156,-77800.92565293108,-57601.37203946714,-20686.402125262215,-26519.785769108326,-79158.66621484689,-79158.65081852538,-68425.41736311071,-26519.785769108326,41905.631594002385,41905.63159400238,-25928.57284316097,40041.5,nan,nan,1.5000000000000002,10.0,0.0,0.0,10.0,0.85,CORE,MAIN,1.2133798158486484,0.24680840301435025,0.6,0.174,-68425.41736311071,STRUCTURAL,-0.8862484834544893,-204475.2754284117,29400.0,0,0,0,0,0,0,0,inf,inf,NA,1,5,5,5,26,6,0,0,CONTINUE,0,A,1,1,0,KEEP_STRUCTURAL_IN_ON_CUT,2,3,0,0,"tail_cont_enabled=1 tail_active_dims=(1,) tail_delta=0.1 tail_start=(6, 6, 6) returned_y=(6, 0, 0) returned_b=(1, 0, 0) returned_u=(0, 0, 0) returned_zcap=(6, 0, 0) max_tail_u=0",NA
120,P1_no_rho,42,393.7296817000024,5.724496999988332,8.241191199980676,0.1593338999664411,0.01,50187.044600479145,50187.044600479145,-77800.92565293108,-58602.73011491954,-20686.402125262215,-26519.785769108326,-78824.05731144105,-78824.04190354525,-68425.41736311071,-26519.785769108326,41905.631594002385,41905.63159400238,-26491.937026784177,38403.0,nan,nan,1.5000000000000002,10.0,0.0,0.0,10.0,0.85,CORE,MAIN,1.214097107379633,0.2550950416841578,0.6,0.174,-68425.41736311071,STRUCTURAL,-0.908472513028688,-204475.2754284117,29400.0,0,0,0,0,0,0,0,inf,inf,NA,1,5,5,5,26,6,0,0,CONTINUE,0,A,1,1,0,KEEP_STRUCTURAL_IN_ON_CUT,2,3,0,0,"tail_cont_enabled=1 tail_active_dims=(1,) tail_delta=0.1 tail_start=(6, 6, 6) returned_y=(1, 4, 3) returned_b=(0, 0, 0) returned_u=(0, 0, 0) returned_zcap=(1, 4, 3) max_tail_u=0",NA
120,P1_no_rho,43,405.1236094000051,5.724496999988332,11.393483099993318,0.17393289995379746,0.01,57399.41453073573,57399.41453073573,-77800.92565293108,-57520.87462538105,-20686.402125262215,-26519.785769108326,-77163.98402422346,-77163.96877560388,-68425.41736311071,-26519.785769108326,41905.631594002385,41905.63159400238,-26766.965723770765,40171.5,nan,nan,1.5000000000000002,10.0,0.0,0.0,10.0,0.85,CORE,MAIN,1.2148283246598979,0.26328699380470444,0.6,0.174,-68425.41736311071,STRUCTURAL,-0.8363641396152846,-204475.2754284117,29400.0,0,0,0,0,0,0,0,inf,inf,NA,1,5,5,5,26,6,0,0,CONTINUE,0,A,1,1,0,KEEP_STRUCTURAL_IN_ON_CUT,2,3,0,0,"tail_cont_enabled=1 tail_active_dims=(1,) tail_delta=0.1 tail_start=(6, 6, 6) returned_y=(0, 6, 2) returned_b=(0, 1, 0) returned_u=(0, 0.1, 0) returned_zcap=(0, 6.1, 2) max_tail_u=0.1",NA
120,P1_no_rho,44,415.4307192999404,5.724496999988332,10.30657519993838,0.17432769993320107,0.01,60714.16623247543,60714.16623247543,-77800.92565293108,-57023.66187012009,-20686.402125262215,-26519.785769108326,-79261.97545294062,-79261.96002094986,-68425.41736311071,-26519.785769108326,41905.631594002385,41905.63159400238,-25851.174232663772,40473.0,nan,nan,1.5000000000000002,10.0,0.0,0.0,10.0,0.85,CORE,MAIN,1.2151779798584768,0.26042726462014776,0.6,0.174,-68425.41736311071,STRUCTURAL,-0.8797764071238618,-204475.2754284117,29400.0,0,0,0,0,0,0,0,inf,inf,NA,1,5,5,5,26,6,0,0,CONTINUE,0,A,1,1,0,KEEP_STRUCTURAL_IN_ON_CUT,2,3,0,0,"tail_cont_enabled=1 tail_active_dims=(1,) tail_delta=0.1 tail_start=(6, 6, 6) returned_y=(0, 6, 2) returned_b=(0, 1, 0) returned_u=(0, 0.1, 0) returned_zcap=(0, 6.1, 2) max_tail_u=0.1",NA
120,P1_no_rho,45,435.8861603999976,5.724496999988332,20.454863400082104,0.19146350002847612,0.01,64374.72086169427,64374.72086169427,-77800.92565293108,-56474.57867573727,-20686.402125262215,-26519.785769108326,-83073.35972514094,-83073.3434688744,-68425.41736311071,-26519.785769108326,41905.631594002385,41905.63159400238,-27884.694562450724,39037.5,nan,nan,1.5000000000000002,10.0,0.0,0.0,10.0,0.85,CORE,MAIN,1.214490702069769,0.27328043018530135,0.6,0.174,-68425.41736311071,STRUCTURAL,-0.9424894679291053,-204475.2754284117,29400.0,0,0,0,0,0,0,0,inf,inf,NA,1,5,5,5,26,6,0,0,CONTINUE,0,A,1,1,0,KEEP_STRUCTURAL_IN_ON_CUT,2,3,0,0,"tail_cont_enabled=1 tail_active_dims=(1,) tail_delta=0.1 tail_start=(6, 6, 6) returned_y=(1, 4, 3) returned_b=(0, 0, 0) returned_u=(0, 0, 0) returned_zcap=(1, 4, 3) max_tail_u=0",NA
120,P1_no_rho,46,446.8526276999619,5.724496999988332,10.965902799973264,0.15807509992737323,0.01,63587.184494732865,63587.184494732865,-77800.92565293108,-56592.70913078148,-20686.402125262215,-26519.785769108326,-79350.80633257866,-79350.79085247053,-68425.41736311071,-26519.785769108326,41905.631594002385,41905.63159400238,-26022.458064007755,40452.0,nan,nan,1.5000000000000002,10.0,0.0,0.0,10.0,0.85,CORE,MAIN,1.2141136869667477,0.25974379567149886,0.6,0.174,-68425.41736311071,STRUCTURAL,-0.8788742672544047,-204475.2754284117,29400.0,0,0,0,0,0,0,0,inf,inf,NA,1,5,5,5,26,6,0,0,CONTINUE,0,A,1,1,0,KEEP_STRUCTURAL_IN_ON_CUT,2,3,0,0,"tail_cont_enabled=1 tail_active_dims=(1,) tail_delta=0.1 tail_start=(6, 6, 6) returned_y=(6, 0, 0) returned_b=(1, 0, 0) returned_u=(0, 0, 0) returned_zcap=(6, 0, 0) max_tail_u=0",NA
120,P1_no_rho,47,457.3074646999594,5.724496999988332,10.45423060003668,0.16864220006391406,0.01,60329.566920075216,60329.566920075216,-77800.92565293108,-57081.35176698012,-20686.402125262215,-26519.785769108326,-75170.74130096793,-75170.72650407275,-68425.41736311071,-26519.785769108326,41905.631594002385,41905.63159400238,-23701.83773446447,36314.0,nan,nan,1.5000000000000002,10.0,0.0,0.0,10.0,0.85,CORE,MAIN,1.2134753010613197,0.2691678869552029,0.6,0.174,-68425.41736311071,STRUCTURAL,-0.9448860635862805,-204475.2754284117,29400.0,0,0,0,0,0,0,0,inf,inf,NA,1,5,5,5,26,6,0,0,CONTINUE,0,A,1,1,0,KEEP_STRUCTURAL_IN_ON_CUT,2,3,0,0,"tail_cont_enabled=1 tail_active_dims=(1,) tail_delta=0.1 tail_start=(6, 6, 6) returned_y=(4, 1, 2) returned_b=(0, 0, 0) returned_u=(0, 0, 0) returned_zcap=(4, 1, 2) max_tail_u=0",NA
120,P1_no_rho,48,465.0027007999597,5.724496999988332,7.6948124000336975,0.17394349991809577,0.01,53866.64598827165,53866.64598827165,-77800.92565293108,-58050.78990675066,-20686.402125262215,-26519.785769108326,-77930.339295489,-77930.32406491955,-68425.41736311071,-26519.785769108326,41905.631594002385,41905.63159400238,-25543.68915818312,37194.5,nan,nan,1.5000000000000002,10.0,0.0,0.0,10.0,0.85,CORE,MAIN,1.2130809481718676,0.23746171722455278,0.6,0.174,-68425.41736311071,STRUCTURAL,-0.9389674083845089,-204475.2754284117,29400.0,0,0,0,0,0,0,0,inf,inf,NA,1,5,5,5,26,6,0,0,CONTINUE,0,A,1,1,0,KEEP_STRUCTURAL_IN_ON_CUT,2,3,0,0,"tail_cont_enabled=1 tail_active_dims=(1,) tail_delta=0.1 tail_start=(6, 6, 6) returned_y=(4, 1, 2) returned_b=(0, 0, 0) returned_u=(0, 0, 0) returned_zcap=(4, 1, 2) max_tail_u=0",NA
120,P1_no_rho,49,476.66454489994794,5.724496999988332,11.661270199925639,0.15825949993450195,0.01,54834.90877871809,54834.90877871809,-77800.92565293108,-57905.5504881837,-20686.402125262215,-26519.785769108326,-79949.81116691728,-79949.79553932374,-68425.41736311071,-26519.785769108326,41905.631594002385,41905.63159400238,-25731.591927927075,38787.5,nan,nan,1.5000000000000002,10.0,0.0,0.0,10.0,0.85,CORE,MAIN,1.212379868602257,0.25419166491778,0.6,0.174,-68425.41736311071,STRUCTURAL,-0.9318844750052063,-204475.2754284117,29400.0,0,0,0,0,0,0,0,inf,inf,NA,1,5,5,5,26,6,0,0,CONTINUE,0,A,1,1,0,KEEP_STRUCTURAL_IN_ON_CUT,2,3,0,0,"tail_cont_enabled=1 tail_active_dims=(1,) tail_delta=0.1 tail_start=(6, 6, 6) returned_y=(1, 4, 3) returned_b=(0, 0, 0) returned_u=(0, 0, 0) returned_zcap=(1, 4, 3) max_tail_u=0",NA
120,P1_no_rho,50,499.1679475000128,5.724496999988332,22.502861100016162,0.1644792000297457,0.01,61569.91906801879,61569.91906801879,-77800.92565293108,-56895.29894478859,-20686.402125262215,-26519.785769108326,-79142.34166778828,-79142.32605075683,-68425.41736311071,-26519.785769108326,41905.631594002385,41905.63159400238,-27433.022662117684,40112.5,nan,nan,1.5000000000000002,10.0,0.0,0.0,10.0,0.85,CORE,MAIN,1.2119009462494301,0.25398633174519336,0.6,0.174,-68425.41736311071,STRUCTURAL,-0.8594046475726874,-204475.2754284117,29400.0,0,0,0,0,0,0,0,inf,inf,NA,1,5,5,5,26,6,0,0,CONTINUE,0,A,1,1,0,KEEP_STRUCTURAL_IN_ON_CUT,2,3,0,0,"tail_cont_enabled=1 tail_active_dims=(1,) tail_delta=0.1 tail_start=(6, 6, 6) returned_y=(0, 6, 2) returned_b=(0, 1, 0) returned_u=(0, 0.1, 0) returned_zcap=(0, 6.1, 2) max_tail_u=0.1",NA
120,P1_no_rho,51,507.0563540000003,5.724496999988332,7.887983500026166,0.1744218000676483,0.01,60844.77274541153,60844.77274541153,-77800.92565293108,-57004.07089317968,-20686.402125262215,-26519.785769108326,-78332.4550195787,-78332.43970828177,-68425.41736311071,-26519.785769108326,41905.631594002385,41905.63159400238,-25923.23024662854,40490.0,nan,nan,1.5000000000000002,10.0,0.0,0.0,10.0,0.85,CORE,MAIN,1.2119282996220404,0.2461597146148301,0.6,0.174,-68425.41736311071,STRUCTURAL,-0.8629161021100394,-204475.2754284117,29400.0,0,0,0,0,0,0,0,inf,inf,NA,1,5,5,5,26,6,0,0,CONTINUE,0,A,1,1,0,KEEP_STRUCTURAL_IN_ON_CUT,2,3,0,0,"tail_cont_enabled=1 tail_active_dims=(1,) tail_delta=0.1 tail_start=(6, 6, 6) returned_y=(0, 6, 2) returned_b=(0, 1, 0) returned_u=(0, 0.1, 0) returned_zcap=(0, 6.1, 2) max_tail_u=0.1",NA
120,P1_no_rho,52,514.0448996999767,5.724496999988332,6.9881337999831885,0.1688415000680834,0.01,55917.495388444346,55917.495388444346,-77800.92565293108,-57743.162496724755,-20686.402125262215,-26519.785769108326,-81052.51647124362,-81052.50058293491,-68425.41736311071,-26519.785769108326,41905.631594002385,41905.63159400238,-26922.747644843825,40680.5,nan,nan,1.5000000000000002,10.0,0.0,0.0,10.0,0.85,CORE,MAIN,1.2114771095606525,0.2343749524713361,0.6,0.174,-68425.41736311071,STRUCTURAL,-0.8870712493388081,-204475.2754284117,29400.0,0,0,0,0,0,0,0,inf,inf,NA,1,5,5,5,26,6,0,0,CONTINUE,0,A,1,1,0,KEEP_STRUCTURAL_IN_ON_CUT,2,3,0,0,"tail_cont_enabled=1 tail_active_dims=(1,) tail_delta=0.1 tail_start=(6, 6, 6) returned_y=(0, 6, 2) returned_b=(0, 1, 0) returned_u=(0, 0.1, 0) returned_zcap=(0, 6.1, 2) max_tail_u=0.1",NA
120,P1_no_rho,53,525.6732616999652,5.724496999988332,11.627931899973191,0.2186068999581039,0.01,52666.981877236474,52666.981877236474,-77800.92565293108,-58230.73952340594,-20686.402125262215,-26519.785769108326,-78296.7536312723,-78296.73819795542,-68425.41736311071,-26519.785769108326,41905.631594002385,41905.63159400238,-25222.58578937824,37312.0,nan,nan,1.5000000000000002,10.0,0.0,0.0,10.0,0.85,CORE,MAIN,1.213052922733741,0.2605827766195,0.6,0.174,-68425.41736311071,STRUCTURAL,-0.9482946042127137,-204475.2754284117,29400.0,0,0,0,0,0,0,0,inf,inf,NA,1,5,5,5,26,6,0,0,CONTINUE,0,A,1,1,0,KEEP_STRUCTURAL_IN_ON_CUT,2,3,0,0,"tail_cont_enabled=1 tail_active_dims=(1,) tail_delta=0.1 tail_start=(6, 6, 6) returned_y=(4, 1, 2) returned_b=(0, 0, 0) returned_u=(0, 0, 0) returned_zcap=(4, 1, 2) max_tail_u=0",NA
120,P1_no_rho,54,536.3944863999495,5.724496999988332,10.720702399965376,0.1675147000933066,0.01,61666.34280601844,61666.34280601844,-77800.92565293108,-56880.83538408864,-20686.402125262215,-26519.785769108326,-75938.1077443369,-75938.09274181798,-68425.41736311071,-26519.785769108326,41905.631594002385,41905.63159400238,-23794.075612306548,36481.5,nan,nan,1.5000000000000002,10.0,0.0,0.0,10.0,0.85,CORE,MAIN,1.2133551849346906,0.25912650896242706,0.6,0.174,-68425.41736311071,STRUCTURAL,-0.9528851085163977,-204475.2754284117,29400.0,0,0,0,0,0,0,0,inf,inf,NA,1,5,5,5,26,6,0,0,CONTINUE,0,A,1,1,0,KEEP_STRUCTURAL_IN_ON_CUT,2,3,0,0,"tail_cont_enabled=1 tail_active_dims=(1,) tail_delta=0.1 tail_start=(6, 6, 6) returned_y=(4, 1, 2) returned_b=(0, 0, 0) returned_u=(0, 0, 0) returned_zcap=(4, 1, 2) max_tail_u=0",NA
120,P1_no_rho,55,556.0877190999454,5.724496999988332,19.692652099998668,0.16467790002934635,0.01,59590.35337394203,59590.35337394203,-77800.92565293108,-57192.2337989001,-20686.402125262215,-26519.785769108326,-79570.00420079016,-79569.98870433966,-68425.41736311071,-26519.785769108326,41905.631594002385,41905.63159400238,-25721.277611457568,37513.5,nan,nan,1.5000000000000002,10.0,0.0,0.0,10.0,0.85,CORE,MAIN,1.2132907469016627,0.2598552284935882,0.6,0.174,-68425.41736311071,STRUCTURAL,-0.9569659117008021,-204475.2754284117,29400.0,0,0,0,0,0,0,0,inf,inf,NA,1,5,5,5,26,6,0,0,CONTINUE,0,A,1,1,0,KEEP_STRUCTURAL_IN_ON_CUT,2,3,0,0,"tail_cont_enabled=1 tail_active_dims=(1,) tail_delta=0.1 tail_start=(6, 6, 6) returned_y=(4, 1, 2) returned_b=(0, 0, 0) returned_u=(0, 0, 0) returned_zcap=(4, 1, 2) max_tail_u=0",NA
120,P1_no_rho,56,566.911163099925,5.724496999988332,10.82304839999415,0.15908989997114986,0.01,56055.370777087905,56055.370777087905,-77800.92565293108,-57722.481188428224,-20686.402125262215,-26519.785769108326,-79782.69244113762,-79782.67687189954,-68425.41736311071,-26519.785769108326,41905.631594002385,41905.63159400238,-26004.604893999203,38850.0,nan,nan,1.5000000000000002,10.0,0.0,0.0,10.0,0.85,CORE,MAIN,1.2130385868637532,0.23826580056105132,0.6,0.174,-68425.41736311071,STRUCTURAL,-0.9228326379734079,-204475.2754284117,29400.0,0,0,0,0,0,0,0,inf,inf,NA,1,5,5,5,26,6,0,0,CONTINUE,0,A,1,1,0,KEEP_STRUCTURAL_IN_ON_CUT,2,3,0,0,"tail_cont_enabled=1 tail_active_dims=(1,) tail_delta=0.1 tail_start=(6, 6, 6) returned_y=(1, 4, 3) returned_b=(0, 0, 0) returned_u=(0, 0, 0) returned_zcap=(1, 4, 3) max_tail_u=0",NA
120,P1_no_rho,57,578.4163458999246,5.724496999988332,11.504639099934138,0.1655443999916315,0.01,56450.39146493691,56450.39146493691,-77800.92565293108,-57663.22808525087,-20686.402125262215,-26519.785769108326,-78745.15255680466,-78745.13696706577,-68425.41736311071,-26519.785769108326,41905.631594002385,41905.63159400238,-26451.73391015463,38034.0,nan,nan,1.5000000000000002,10.0,0.0,0.0,10.0,0.85,CORE,MAIN,1.2129061244118806,0.24957160991274566,0.6,0.174,-68425.41736311071,STRUCTURAL,-0.9166080008573229,-204475.2754284117,29400.0,0,0,0,0,0,0,0,inf,inf,NA,1,5,5,5,26,6,0,0,CONTINUE,0,A,1,1,0,KEEP_STRUCTURAL_IN_ON_CUT,2,3,0,0,"tail_cont_enabled=1 tail_active_dims=(1,) tail_delta=0.1 tail_start=(6, 6, 6) returned_y=(1, 4, 3) returned_b=(0, 0, 0) returned_u=(0, 0, 0) returned_zcap=(1, 4, 3) max_tail_u=0",NA
120,P1_no_rho,58,588.8184417999582,5.724496999988332,10.401333199930377,0.1685973999556154,0.01,57250.345370223295,57250.345370223295,-77800.92565293108,-57543.23499945791,-20686.402125262215,-26519.785769108326,-78425.21620898476,-78425.20085827855,-68425.41736311071,-26519.785769108326,41905.631594002385,41905.63159400238,-25612.05563169592,37745.5,nan,nan,1.5000000000000002,10.0,0.0,0.0,10.0,0.85,CORE,MAIN,1.2130257199393137,0.2311709967264014,0.6,0.174,-68425.41736311071,STRUCTURAL,-0.9327936703551,-204475.2754284117,29400.0,0,0,0,0,0,0,0,inf,inf,NA,1,5,5,5,26,6,0,0,CONTINUE,0,A,1,1,0,KEEP_STRUCTURAL_IN_ON_CUT,2,3,0,0,"tail_cont_enabled=1 tail_active_dims=(1,) tail_delta=0.1 tail_start=(6, 6, 6) returned_y=(1, 4, 3) returned_b=(0, 0, 0) returned_u=(0, 0, 0) returned_zcap=(1, 4, 3) max_tail_u=0",NA
120,P1_no_rho,59,596.6259469999932,5.724496999988332,7.8068026000401005,0.17755750007927418,0.01,58865.89585667279,58865.89585667279,-77800.92565293108,-57300.90242649049,-20686.402125262215,-26519.785769108326,-81466.95228657094,-81466.93637004319,-68425.41736311071,-26519.785769108326,41905.631594002385,41905.63159400238,-27040.784151799886,38385.0,nan,nan,1.5000000000000002,10.0,0.0,0.0,10.0,0.85,CORE,MAIN,1.2125141468862237,0.25790361806348694,0.6,0.174,-68425.41736311071,STRUCTURAL,-0.9452677212147678,-204475.2754284117,29400.0,0,0,0,0,0,0,0,inf,inf,NA,1,5,5,5,26,6,0,0,CONTINUE,0,A,1,1,0,KEEP_STRUCTURAL_IN_ON_CUT,2,3,0,0,"tail_cont_enabled=1 tail_active_dims=(1,) tail_delta=0.1 tail_start=(6, 6, 6) returned_y=(1, 4, 3) returned_b=(0, 0, 0) returned_u=(0, 0, 0) returned_zcap=(1, 4, 3) max_tail_u=0",NA
120,P1_no_rho,60,618.6170644999947,5.724496999988332,21.990518599981442,0.16516309999860823,0.01,57937.317274686095,57937.317274686095,-77800.92565293108,-57440.18921378849,-20686.402125262215,-26519.785769108326,-78513.01235418158,-78512.99685979926,-68425.41736311071,-26519.785769108326,41905.631594002385,41905.63159400238,-25323.482381712853,38279.5,nan,nan,1.5000000000000002,10.0,0.0,0.0,10.0,0.85,CORE,MAIN,1.2138863484968958,0.24986875635068728,0.6,0.174,-68425.41736311071,STRUCTURAL,-0.9263359322541898,-204475.2754284117,29400.0,0,0,0,0,0,0,0,inf,inf,NA,1,5,5,5,26,6,0,0,CONTINUE,0,A,1,1,0,KEEP_STRUCTURAL_IN_ON_CUT,2,3,0,0,"tail_cont_enabled=1 tail_active_dims=(1,) tail_delta=0.1 tail_start=(6, 6, 6) returned_y=(1, 4, 3) returned_b=(0, 0, 0) returned_u=(0, 0, 0) returned_zcap=(1, 4, 3) max_tail_u=0",NA
120,P1_no_rho,61,629.3245543999365,5.724496999988332,10.70695539994631,0.1760202000150457,0.01,61798.399987121855,61798.399987121855,-77800.92565293108,-56861.02680692313,-20686.402125262215,-26519.785769108326,-76750.36035642227,-76750.34517910436,-68425.41736311071,-26519.785769108326,41905.631594002385,41905.63159400238,-24240.35077357503,37511.0,nan,nan,1.5000000000000002,10.0,0.0,0.0,10.0,0.85,CORE,MAIN,1.21422449223889,0.26108034023337234,0.6,0.174,-68425.41736311071,STRUCTURAL,-0.9332372620569848,-204475.2754284117,29400.0,0,0,0,0,0,0,0,inf,inf,NA,1,5,5,5,26,6,0,0,CONTINUE,0,A,1,1,0,KEEP_STRUCTURAL_IN_ON_CUT,2,3,0,0,"tail_cont_enabled=1 tail_active_dims=(1,) tail_delta=0.1 tail_start=(6, 6, 6) returned_y=(1, 4, 3) returned_b=(0, 0, 0) returned_u=(0, 0, 0) returned_zcap=(1, 4, 3) max_tail_u=0",NA
120,P1_no_rho,62,637.4753048999701,5.724496999988332,8.150176399969496,0.1587193999439478,0.01,57276.52834587405,57276.52834587405,-77800.92565293108,-57539.3075531103,-20686.402125262215,-26519.785769108326,-78800.43351305336,-78800.41808856705,-68425.41736311071,-26519.785769108326,41905.631594002385,41905.63159400238,-25312.2115492238,38020.5,nan,nan,1.5000000000000002,10.0,0.0,0.0,10.0,0.85,CORE,MAIN,1.2143986688334127,0.25709259521148575,0.6,0.174,-68425.41736311071,STRUCTURAL,-0.9378836248750585,-204475.2754284117,29400.0,0,0,0,0,0,0,0,inf,inf,NA,1,5,5,5,26,6,0,0,CONTINUE,0,A,1,1,0,KEEP_STRUCTURAL_IN_ON_CUT,2,3,0,0,"tail_cont_enabled=1 tail_active_dims=(1,) tail_delta=0.1 tail_start=(6, 6, 6) returned_y=(1, 4, 3) returned_b=(0, 0, 0) returned_u=(0, 0, 0) returned_zcap=(1, 4, 3) max_tail_u=0",NA
120,P1_no_rho,63,649.2129157999298,5.724496999988332,11.737083000014536,0.15007209999021143,0.01,53958.371292614,53958.371292614,-77800.92565293108,-58037.031111099306,-20686.402125262215,-26519.785769108326,-79840.83781705872,-79840.82213756656,-68425.41736311071,-26519.785769108326,41905.631594002385,41905.63159400238,-25979.82331639558,38821.0,nan,nan,1.5000000000000002,10.0,0.0,0.0,10.0,0.85,CORE,MAIN,1.2142567938232542,0.23167956942770795,0.6,0.174,-68425.41736311071,STRUCTURAL,-0.9249460999831871,-204475.2754284117,29400.0,0,0,0,0,0,0,0,inf,inf,NA,1,5,5,5,26,6,0,0,CONTINUE,0,A,1,1,0,KEEP_STRUCTURAL_IN_ON_CUT,2,3,0,0,"tail_cont_enabled=1 tail_active_dims=(1,) tail_delta=0.1 tail_start=(6, 6, 6) returned_y=(1, 4, 3) returned_b=(0, 0, 0) returned_u=(0, 0, 0) returned_zcap=(1, 4, 3) max_tail_u=0",NA
120,P1_no_rho,64,659.952408400015,5.724496999988332,10.73902320000343,0.16231000004336238,0.01,57313.16991138736,57313.16991138736,-77800.92565293108,-57533.811318283304,-20686.402125262215,-26519.785769108326,-77394.9607736118,-77394.94539091937,-68425.41736311071,-26519.785769108326,41905.631594002385,41905.63159400238,-25623.443647544605,37816.5,nan,nan,1.5000000000000002,10.0,0.0,0.0,10.0,0.85,CORE,MAIN,1.214477002488127,0.25203383610420094,0.6,0.174,-68425.41736311071,STRUCTURAL,-0.9126792404263526,-204475.2754284117,29400.0,0,0,0,0,0,0,0,inf,inf,NA,1,5,5,5,26,6,0,0,CONTINUE,0,A,1,1,0,KEEP_STRUCTURAL_IN_ON_CUT,2,3,0,0,"tail_cont_enabled=1 tail_active_dims=(1,) tail_delta=0.1 tail_start=(6, 6, 6) returned_y=(1, 4, 3) returned_b=(0, 0, 0) returned_u=(0, 0, 0) returned_zcap=(1, 4, 3) max_tail_u=0",NA
120,P1_no_rho,65,680.2469542999752,5.724496999988332,20.2941073999973,0.14609260007273406,0.01,58316.52762917153,58316.52762917153,-77800.92565293108,-57383.30766061568,-20686.402125262215,-26519.785769108326,-79102.80426840743,-79102.78885021035,-68425.41736311071,-26519.785769108326,41905.631594002385,41905.63159400238,-26126.04106265524,38114.5,nan,nan,1.5000000000000002,10.0,0.0,0.0,10.0,0.85,CORE,MAIN,1.2146189755640753,0.26557411496238215,0.6,0.174,-68425.41736311071,STRUCTURAL,-0.9266245617381854,-204475.2754284117,29400.0,0,0,0,0,0,0,0,inf,inf,NA,1,5,5,5,26,6,0,0,CONTINUE,0,A,1,1,0,KEEP_STRUCTURAL_IN_ON_CUT,2,3,0,0,"tail_cont_enabled=1 tail_active_dims=(1,) tail_delta=0.1 tail_start=(6, 6, 6) returned_y=(1, 4, 3) returned_b=(0, 0, 0) returned_u=(0, 0, 0) returned_zcap=(1, 4, 3) max_tail_u=0",NA
120,P1_no_rho,66,691.5602900999365,5.724496999988332,11.312923399964347,0.17584120004903525,0.01,58903.46685250778,58903.46685250778,-77800.92565293108,-57295.26677711524,-20686.402125262215,-26519.785769108326,-82650.8950165051,-82650.87883194145,-68425.41736311071,-26519.785769108326,41905.631594002385,41905.63159400238,-27857.36455910413,40060.0,nan,nan,1.5000000000000002,10.0,0.0,0.0,10.0,0.85,CORE,MAIN,1.2139089561003398,0.2565525089481051,0.6,0.174,-68425.41736311071,STRUCTURAL,-0.911857451703067,-204475.2754284117,29400.0,0,0,0,0,0,0,0,inf,inf,NA,1,5,5,5,26,6,0,0,CONTINUE,0,A,1,1,0,KEEP_STRUCTURAL_IN_ON_CUT,2,3,0,0,"tail_cont_enabled=1 tail_active_dims=(1,) tail_delta=0.1 tail_start=(6, 6, 6) returned_y=(2, 0, 6) returned_b=(0, 0, 1) returned_u=(0, 0, 0) returned_zcap=(2, 0, 6) max_tail_u=0",NA
120,P1_no_rho,67,702.4124729000032,5.724496999988332,10.850736299995333,0.15655310009606183,0.01,58978.02749556927,58978.02749556927,-77800.92565293108,-57284.08268065602,-20686.402125262215,-26519.785769108326,-79938.71339625485,-79938.69769059304,-68425.41736311071,-26519.785769108326,41905.631594002385,41905.63159400238,-26146.739238869388,39013.0,nan,nan,1.5000000000000002,10.0,0.0,0.0,10.0,0.85,CORE,MAIN,1.2137732367888523,0.2573767172079837,0.6,0.174,-68425.41736311071,STRUCTURAL,-0.9192142525435731,-204475.2754284117,29400.0,0,0,0,0,0,0,0,inf,inf,NA,1,5,5,5,26,6,0,0,CONTINUE,0,A,1,1,0,KEEP_STRUCTURAL_IN_ON_CUT,2,3,0,0,"tail_cont_enabled=1 tail_active_dims=(1,) tail_delta=0.1 tail_start=(6, 6, 6) returned_y=(1, 4, 3) returned_b=(0, 0, 0) returned_u=(0, 0, 0) returned_zcap=(1, 4, 3) max_tail_u=0",NA
120,P1_no_rho,68,710.4005852999398,5.724496999988332,7.9875358999706805,0.15099009999539703,0.01,58468.58772408935,58468.58772408935,-77800.92565293108,-57360.49864637801,-20686.402125262215,-26519.785769108326,-76101.14010415436,-76101.12506340144,-68425.41736311071,-26519.785769108326,41905.631594002385,41905.63159400238,-24366.282605446006,37987.0,nan,nan,1.5000000000000002,10.0,0.0,0.0,10.0,0.85,CORE,MAIN,1.213584684135511,0.2517661575505621,0.6,0.174,-68425.41736311071,STRUCTURAL,-0.9079394259080813,-204475.2754284117,29400.0,0,0,0,0,0,0,0,inf,inf,NA,1,5,5,5,26,6,0,0,CONTINUE,0,A,1,1,0,KEEP_STRUCTURAL_IN_ON_CUT,2,3,0,0,"tail_cont_enabled=1 tail_active_dims=(1,) tail_delta=0.1 tail_start=(6, 6, 6) returned_y=(2, 0, 6) returned_b=(0, 0, 1) returned_u=(0, 0, 0) returned_zcap=(2, 0, 6) max_tail_u=0",NA
120,P1_no_rho,69,722.4673931000289,5.724496999988332,12.066315000061877,0.1640915999887511,0.01,59943.209514625596,59943.209514625596,-77800.92565293108,-57139.30537779757,-20686.402125262215,-26519.785769108326,-80164.52276866541,-80164.50708465462,-68425.41736311071,-26519.785769108326,41905.631594002385,41905.63159400238,-26115.414959383488,39862.5,nan,nan,1.5000000000000002,10.0,0.0,0.0,10.0,0.85,CORE,MAIN,1.213165930425097,0.2601326035382434,0.6,0.174,-68425.41736311071,STRUCTURAL,-0.9039254458078162,-204475.2754284117,29400.0,0,0,0,0,0,0,0,inf,inf,NA,1,5,5,5,26,6,0,0,CONTINUE,0,A,1,1,0,KEEP_STRUCTURAL_IN_ON_CUT,2,3,0,0,"tail_cont_enabled=1 tail_active_dims=(1,) tail_delta=0.1 tail_start=(6, 6, 6) returned_y=(2, 0, 6) returned_b=(0, 0, 1) returned_u=(0, 0, 0) returned_zcap=(2, 0, 6) max_tail_u=0",NA
120,P1_no_rho,70,741.8308043000288,5.724496999988332,19.363003200036474,0.15296310000121593,0.01,57562.067461763225,57562.067461763225,-77800.92565293108,-57496.47668572693,-20686.402125262215,-26519.785769108326,-81078.86864015738,-81078.85279374127,-68425.41736311071,-26519.785769108326,41905.631594002385,41905.63159400238,-26388.59908050517,39996.5,nan,nan,1.5000000000000002,10.0,0.0,0.0,10.0,0.85,CORE,MAIN,1.212426560392152,0.24627498331358433,0.6,0.174,-68425.41736311071,STRUCTURAL,-0.9115839921532484,-204475.2754284117,29400.0,0,0,0,0,0,0,0,inf,inf,NA,1,5,5,5,26,6,0,0,CONTINUE,0,A,1,1,0,KEEP_STRUCTURAL_IN_ON_CUT,2,3,0,0,"tail_cont_enabled=1 tail_active_dims=(1,) tail_delta=0.1 tail_start=(6, 6, 6) returned_y=(2, 0, 6) returned_b=(0, 0, 1) returned_u=(0, 0, 0) returned_zcap=(2, 0, 6) max_tail_u=0",NA
120,P1_no_rho,71,752.3892217000248,5.724496999988332,10.557665900094435,0.16849439998622984,0.01,66450.17353475088,66450.17353475088,-77800.92565293108,-56163.26077477878,-20686.402125262215,-26519.785769108326,-77619.38460652581,-77619.3691537193,-68425.41736311071,-26519.785769108326,41905.631594002385,41905.63159400238,-25803.435129487083,37935.5,nan,nan,1.5000000000000002,10.0,0.0,0.0,10.0,0.85,CORE,MAIN,1.212402900158722,0.251471831620259,0.6,0.174,-68425.41736311071,STRUCTURAL,-0.9105970928590578,-204475.2754284117,29400.0,0,0,0,0,0,0,0,inf,inf,NA,1,5,5,5,26,6,0,0,CONTINUE,0,A,1,1,0,KEEP_STRUCTURAL_IN_ON_CUT,2,3,0,0,"tail_cont_enabled=1 tail_active_dims=(1,) tail_delta=0.1 tail_start=(6, 6, 6) returned_y=(1, 4, 3) returned_b=(0, 0, 0) returned_u=(0, 0, 0) returned_zcap=(1, 4, 3) max_tail_u=0",NA
120,P1_no_rho,72,760.27120930003,5.724496999988332,7.881376799894497,0.1631574999773875,0.01,60909.894263232025,60909.894263232025,-77800.92565293108,-56994.302665506606,-20686.402125262215,-26519.785769108326,-78472.60914050115,-78472.59394681187,-68425.41736311071,-26519.785769108326,41905.631594002385,41905.63159400238,-25860.19267614519,40714.0,nan,nan,1.5000000000000002,10.0,0.0,0.0,10.0,0.85,CORE,MAIN,1.2126692078821808,0.23559247241696135,0.6,0.174,-68425.41736311071,STRUCTURAL,-0.8614956570330711,-204475.2754284117,29400.0,0,0,0,0,0,0,0,inf,inf,NA,1,5,5,5,26,6,0,0,CONTINUE,0,A,1,1,0,KEEP_STRUCTURAL_IN_ON_CUT,2,3,0,0,"tail_cont_enabled=1 tail_active_dims=(1,) tail_delta=0.1 tail_start=(6, 6, 6) returned_y=(0, 6, 2) returned_b=(0, 1, 0) returned_u=(0, 0.1, 0) returned_zcap=(0, 6.1, 2) max_tail_u=0.1",NA
120,P1_no_rho,73,771.8361652999884,5.724496999988332,11.564466600073501,0.15367969998624176,0.01,57454.5029201226,57454.5029201226,-77800.92565293108,-57512.61136697302,-20686.402125262215,-26519.785769108326,-81910.00831039157,-81909.99225114117,-68425.41736311071,-26519.785769108326,41905.631594002385,41905.63159400238,-27741.985207673933,38965.5,nan,nan,1.5000000000000002,10.0,0.0,0.0,10.0,0.85,CORE,MAIN,1.2122610740141044,0.2459203214306508,0.6,0.174,-68425.41736311071,STRUCTURAL,-0.926768672175253,-204475.2754284117,29400.0,0,0,0,0,0,0,0,inf,inf,NA,1,5,5,5,26,6,0,0,CONTINUE,0,A,1,1,0,KEEP_STRUCTURAL_IN_ON_CUT,2,3,0,0,"tail_cont_enabled=1 tail_active_dims=(1,) tail_delta=0.1 tail_start=(6, 6, 6) returned_y=(1, 4, 3) returned_b=(0, 0, 0) returned_u=(0, 0, 0) returned_zcap=(1, 4, 3) max_tail_u=0",NA
120,P1_no_rho,74,782.6426011000294,5.724496999988332,10.805985300103202,0.17012779996730387,0.01,55441.445849197975,55441.445849197975,-77800.92565293108,-57814.569927611716,-20686.402125262215,-26519.785769108326,-78993.21998335994,-78993.20442500582,-68425.41736311071,-26519.785769108326,41905.631594002385,41905.63159400238,-25526.080608432458,38497.5,nan,nan,1.5000000000000002,10.0,0.0,0.0,10.0,0.85,CORE,MAIN,1.2130189662939082,0.2442564444746328,0.6,0.174,-68425.41736311071,STRUCTURAL,-0.9258977650769246,-204475.2754284117,29400.0,0,0,0,0,0,0,0,inf,inf,NA,1,5,5,5,26,6,0,0,CONTINUE,0,A,1,1,0,KEEP_STRUCTURAL_IN_ON_CUT,2,3,0,0,"tail_cont_enabled=1 tail_active_dims=(1,) tail_delta=0.1 tail_start=(6, 6, 6) returned_y=(1, 4, 3) returned_b=(0, 0, 0) returned_u=(0, 0, 0) returned_zcap=(1, 4, 3) max_tail_u=0",NA
120,P1_no_rho,75,803.0619943999918,5.724496999988332,20.418876599986106,0.1574924000306055,0.01,63457.97482581877,63457.97482581877,-77800.92565293108,-56612.090581118595,-20686.402125262215,-26519.785769108326,-75906.896663902,-75906.88166021816,-68425.41736311071,-26519.785769108326,41905.631594002385,41905.63159400238,-24313.329179246553,37414.0,nan,nan,1.5000000000000002,10.0,0.0,0.0,10.0,0.85,CORE,MAIN,1.2131691390897854,0.23818690151977823,0.6,0.174,-68425.41736311071,STRUCTURAL,-0.9193270341043746,-204475.2754284117,29400.0,0,0,0,0,0,0,0,inf,inf,NA,1,5,5,5,26,6,0,0,CONTINUE,0,A,1,1,0,KEEP_STRUCTURAL_IN_ON_CUT,2,3,0,0,"tail_cont_enabled=1 tail_active_dims=(1,) tail_delta=0.1 tail_start=(6, 6, 6) returned_y=(1, 4, 3) returned_b=(0, 0, 0) returned_u=(0, 0, 0) returned_zcap=(1, 4, 3) max_tail_u=0",NA
120,P1_no_rho,76,813.8370352999773,5.724496999988332,10.774485699948855,0.16511170007288456,0.01,56186.951786012454,56186.951786012454,-77800.92565293108,-57702.74403708954,-20686.402125262215,-26519.785769108326,-83112.93849844098,-83112.92283821944,-68425.41736311071,-26519.785769108326,41905.631594002385,41905.63159400238,-26405.894715371527,42334.0,nan,nan,1.5000000000000002,10.0,0.0,0.0,10.0,0.85,CORE,MAIN,1.2123934547895154,0.24499531836113764,0.6,0.174,-68425.41736311071,STRUCTURAL,-0.8930100017771044,-204475.2754284117,29400.0,0,0,0,0,0,0,0,inf,inf,NA,1,5,5,5,26,6,0,0,CONTINUE,0,A,1,1,0,KEEP_STRUCTURAL_IN_ON_CUT,2,3,0,0,"tail_cont_enabled=1 tail_active_dims=(1,) tail_delta=0.1 tail_start=(6, 6, 6) returned_y=(6, 0, 0) returned_b=(1, 0, 0) returned_u=(0, 0, 0) returned_zcap=(6, 0, 0) max_tail_u=0",NA
120,P1_no_rho,77,824.7460855999961,5.724496999988332,10.908593800035305,0.1601065999129787,0.01,53335.536669912784,53335.536669912784,-77800.92565293108,-58130.45630450449,-20686.402125262215,-26519.785769108326,-81231.98987617057,-81231.9740607722,-68425.41736311071,-26519.785769108326,41905.631594002385,41905.63159400238,-26711.23260919274,38208.5,nan,nan,1.5000000000000002,10.0,0.0,0.0,10.0,0.85,CORE,MAIN,1.211554306121009,0.24576634703260625,0.6,0.174,-68425.41736311071,STRUCTURAL,-0.951284687117255,-204475.2754284117,29400.0,0,0,0,0,0,0,0,inf,inf,NA,1,5,5,5,26,6,0,0,CONTINUE,0,A,1,1,0,KEEP_STRUCTURAL_IN_ON_CUT,2,3,0,0,"tail_cont_enabled=1 tail_active_dims=(1,) tail_delta=0.1 tail_start=(6, 6, 6) returned_y=(4, 1, 2) returned_b=(0, 0, 0) returned_u=(0, 0, 0) returned_zcap=(4, 1, 2) max_tail_u=0",NA
120,P1_no_rho,78,836.5110561000183,5.724496999988332,11.764412400079891,0.16672189999371767,0.01,64586.29398258204,64586.29398258204,-77800.92565293108,-56442.842707604104,-20686.402125262215,-26519.785769108326,-78652.03343643885,-78652.01782509877,-68425.41736311071,-26519.785769108326,41905.631594002385,41905.63159400238,-26837.298767914705,38388.0,nan,nan,1.5000000000000002,10.0,0.0,0.0,10.0,0.85,CORE,MAIN,1.211301260325722,0.26101084312243217,0.6,0.174,-68425.41736311071,STRUCTURAL,-0.8998422954601096,-204475.2754284117,29400.0,0,0,0,0,0,0,0,inf,inf,NA,1,5,5,5,26,6,0,0,CONTINUE,0,A,1,1,0,KEEP_STRUCTURAL_IN_ON_CUT,2,3,0,0,"tail_cont_enabled=1 tail_active_dims=(1,) tail_delta=0.1 tail_start=(6, 6, 6) returned_y=(1, 4, 3) returned_b=(0, 0, 0) returned_u=(0, 0, 0) returned_zcap=(1, 4, 3) max_tail_u=0",NA
120,P1_no_rho,79,847.1120633999817,5.724496999988332,10.600387200014666,0.23769790004007518,0.01,61490.4864647037,61490.4864647037,-77800.92565293108,-56907.21383528585,-20686.402125262215,-26519.785769108326,-76848.98618817814,-76848.9711686843,-68425.41736311071,-26519.785769108326,41905.631594002385,41905.63159400238,-24637.86105966065,37285.5,nan,nan,1.5000000000000002,10.0,0.0,0.0,10.0,0.85,CORE,MAIN,1.2118387574013336,0.25220629548495976,0.6,0.174,-68425.41736311071,STRUCTURAL,-0.9335373466722745,-204475.2754284117,29400.0,0,0,0,0,0,0,0,inf,inf,NA,1,5,5,5,26,6,0,0,CONTINUE,0,A,1,1,0,KEEP_STRUCTURAL_IN_ON_CUT,2,3,0,0,"tail_cont_enabled=1 tail_active_dims=(1,) tail_delta=0.1 tail_start=(6, 6, 6) returned_y=(1, 4, 3) returned_b=(0, 0, 0) returned_u=(0, 0, 0) returned_zcap=(1, 4, 3) max_tail_u=0",NA
120,P1_no_rho,80,867.0351838999195,5.724496999988332,19.92265859991312,0.1708692000247538,0.01,55998.06333054306,55998.06333054306,-77800.92565293108,-57731.07730540995,-20686.402125262215,-26519.785769108326,-82672.10438881289,-82672.08821723063,-68425.41736311071,-26519.785769108326,41905.631594002385,41905.63159400238,-27966.772713872404,40142.0,nan,nan,1.5000000000000002,10.0,0.0,0.0,10.0,0.85,CORE,MAIN,1.2113629985883434,0.2452258014674768,0.6,0.174,-68425.41736311071,STRUCTURAL,-0.9085299769710565,-204475.2754284117,29400.0,0,0,0,0,0,0,0,inf,inf,NA,1,5,5,5,26,6,0,0,CONTINUE,0,A,1,1,0,KEEP_STRUCTURAL_IN_ON_CUT,2,3,0,0,"tail_cont_enabled=1 tail_active_dims=(1,) tail_delta=0.1 tail_start=(6, 6, 6) returned_y=(2, 0, 6) returned_b=(0, 0, 1) returned_u=(0, 0, 0) returned_zcap=(2, 0, 6) max_tail_u=0",NA
120,P1_no_rho,81,878.7709863999626,5.724496999988332,11.735228699981235,0.1668733999831602,0.01,60054.960456904606,60054.960456904606,-77800.92565293108,-57122.54273645572,-20686.402125262215,-26519.785769108326,-79496.1406799763,-79496.12503195732,-68425.41736311071,-26519.785769108326,41905.631594002385,41905.63159400238,-25766.505703719336,39908.5,nan,nan,1.5000000000000002,10.0,0.0,0.0,10.0,0.85,CORE,MAIN,1.2116356906388115,0.24783639304324467,0.6,0.174,-68425.41736311071,STRUCTURAL,-0.8975467937613618,-204475.2754284117,29400.0,0,0,0,0,0,0,0,inf,inf,NA,1,5,5,5,26,6,0,0,CONTINUE,0,A,1,1,0,KEEP_STRUCTURAL_IN_ON_CUT,2,3,0,0,"tail_cont_enabled=1 tail_active_dims=(1,) tail_delta=0.1 tail_start=(6, 6, 6) returned_y=(2, 0, 6) returned_b=(0, 0, 1) returned_u=(0, 0, 0) returned_zcap=(2, 0, 6) max_tail_u=0",NA
120,P1_no_rho,82,885.9839846999384,5.724496999988332,7.212462399969809,0.16318899998441339,0.01,60306.09791117581,60306.09791117581,-77800.92565293108,-57084.872118315034,-20686.402125262215,-26519.785769108326,-75552.21060370495,-75552.19564375034,-68425.41736311071,-26519.785769108326,41905.631594002385,41905.63159400238,-23938.82982837453,37875.5,nan,nan,1.5000000000000002,10.0,0.0,0.0,10.0,0.85,CORE,MAIN,1.212019641297652,0.2676254644539606,0.6,0.174,-68425.41736311071,STRUCTURAL,-0.9084740939019651,-204475.2754284117,29400.0,0,0,0,0,0,0,0,inf,inf,NA,1,5,5,5,26,6,0,0,CONTINUE,0,A,1,1,0,KEEP_STRUCTURAL_IN_ON_CUT,2,3,0,0,"tail_cont_enabled=1 tail_active_dims=(1,) tail_delta=0.1 tail_start=(6, 6, 6) returned_y=(2, 0, 6) returned_b=(0, 0, 1) returned_u=(0, 0, 0) returned_zcap=(2, 0, 6) max_tail_u=0",NA
120,P1_no_rho,83,896.5484748999588,5.724496999988332,10.563910900033079,0.16219210007693619,0.01,56914.01598306026,56914.01598306026,-77800.92565293108,-57593.684407532375,-20686.402125262215,-26519.785769108326,-79969.98013911114,-79969.96455020318,-68425.41736311071,-26519.785769108326,41905.631594002385,41905.63159400238,-26001.950382535204,39683.0,nan,nan,1.5000000000000002,10.0,0.0,0.0,10.0,0.85,CORE,MAIN,1.212018498431417,0.25922421217165215,0.6,0.174,-68425.41736311071,STRUCTURAL,-0.90665212085222,-204475.2754284117,29400.0,0,0,0,0,0,0,0,inf,inf,NA,1,5,5,5,26,6,0,0,CONTINUE,0,A,1,1,0,KEEP_STRUCTURAL_IN_ON_CUT,2,3,0,0,"tail_cont_enabled=1 tail_active_dims=(1,) tail_delta=0.1 tail_start=(6, 6, 6) returned_y=(2, 0, 6) returned_b=(0, 0, 1) returned_u=(0, 0, 0) returned_zcap=(2, 0, 6) max_tail_u=0",NA
120,P1_no_rho,84,904.8820077999262,5.724496999988332,8.332843199954368,0.16854750004131347,0.01,52234.880459722976,52234.880459722976,-77800.92565293108,-58295.554736032966,-20686.402125262215,-26519.785769108326,-81693.30605065149,-81693.29018831938,-68425.41736311071,-26519.785769108326,41905.631594002385,41905.63159400238,-27133.540393168136,39306.5,nan,nan,1.5000000000000002,10.0,0.0,0.0,10.0,0.85,CORE,MAIN,1.2114378070531902,0.2573659635535479,0.6,0.174,-68425.41736311071,STRUCTURAL,-0.9253728144225719,-204475.2754284117,29400.0,0,0,0,0,0,0,0,inf,inf,NA,1,5,5,5,26,6,0,0,CONTINUE,0,A,1,1,0,KEEP_STRUCTURAL_IN_ON_CUT,2,3,0,0,"tail_cont_enabled=1 tail_active_dims=(1,) tail_delta=0.1 tail_start=(6, 6, 6) returned_y=(1, 4, 3) returned_b=(0, 0, 0) returned_u=(0, 0, 0) returned_zcap=(1, 4, 3) max_tail_u=0",NA
120,P1_no_rho,85,928.3953451999696,5.724496999988332,23.5128600000171,0.16953920002561063,0.01,60502.23427664875,60502.23427664875,-77800.92565293108,-57055.451663494096,-20686.402125262215,-26519.785769108326,-79684.37126652803,-79684.35542025305,-68425.41736311071,-26519.785769108326,41905.631594002385,41905.63159400238,-26709.324145953608,36631.0,nan,nan,1.5000000000000002,10.0,0.0,0.0,10.0,0.85,CORE,MAIN,1.2109754614403097,0.26364343617022723,0.6,0.174,-68425.41736311071,STRUCTURAL,-0.964120212830652,-204475.2754284117,29400.0,0,0,0,0,0,0,0,inf,inf,NA,1,5,5,5,26,6,0,0,CONTINUE,0,A,1,1,0,KEEP_STRUCTURAL_IN_ON_CUT,2,3,0,0,"tail_cont_enabled=1 tail_active_dims=(1,) tail_delta=0.1 tail_start=(6, 6, 6) returned_y=(4, 1, 2) returned_b=(0, 0, 0) returned_u=(0, 0, 0) returned_zcap=(4, 1, 2) max_tail_u=0",NA
120,P1_no_rho,86,938.5958829999436,5.724496999988332,10.200011899927631,0.23013170005287975,0.01,65444.224926608265,65444.224926608265,-77800.92565293108,-56314.15306600017,-20686.402125262215,-26519.785769108326,-75927.80658812971,-75927.79162391504,-68425.41736311071,-26519.785769108326,41905.631594002385,41905.63159400238,-24505.27978883741,38273.0,nan,nan,1.5000000000000002,10.0,0.0,0.0,10.0,0.85,CORE,MAIN,1.2116393677172088,0.26436351191555696,0.6,0.174,-68425.41736311071,STRUCTURAL,-0.8957143301209317,-204475.2754284117,29400.0,0,0,0,0,0,0,0,inf,inf,NA,1,5,5,5,26,6,0,0,CONTINUE,0,A,1,1,0,KEEP_STRUCTURAL_IN_ON_CUT,2,3,0,0,"tail_cont_enabled=1 tail_active_dims=(1,) tail_delta=0.1 tail_start=(6, 6, 6) returned_y=(2, 0, 6) returned_b=(0, 0, 1) returned_u=(0, 0, 0) returned_zcap=(2, 0, 6) max_tail_u=0",NA
120,P1_no_rho,87,945.6682497999864,5.724496999988332,7.071902199997567,0.18903019989375025,0.01,57046.89483472394,57046.89483472394,-77800.92565293108,-57573.75257978282,-20686.402125262215,-26519.785769108326,-84311.76049465052,-84311.74424319717,-68425.41736311071,-26519.785769108326,41905.631594002385,41905.63159400238,-28364.575433200393,41983.5,nan,nan,1.5000000000000002,10.0,0.0,0.0,10.0,0.85,CORE,MAIN,1.2108898051920827,0.2216143458209997,0.6,0.174,-68425.41736311071,STRUCTURAL,-0.8883993125870365,-204475.2754284117,29400.0,0,0,0,0,0,0,0,inf,inf,NA,1,5,5,5,26,6,0,0,CONTINUE,0,A,1,1,0,KEEP_STRUCTURAL_IN_ON_CUT,2,3,0,0,"tail_cont_enabled=1 tail_active_dims=(1,) tail_delta=0.1 tail_start=(6, 6, 6) returned_y=(0, 6, 2) returned_b=(0, 1, 0) returned_u=(0, 0.1, 0) returned_zcap=(0, 6.1, 2) max_tail_u=0.1",NA
120,P1_no_rho,88,953.6671495999908,5.724496999988332,7.998247500043362,0.18834240001160651,0.01,57586.77230046825,57586.77230046825,-77800.92565293108,-57492.770959921174,-20686.402125262215,-26519.785769108326,-80173.51238816146,-80173.49665182337,-68425.41736311071,-26519.785769108326,41905.631594002385,41905.63159400238,-25869.74795241667,39031.5,nan,nan,1.5000000000000002,10.0,0.0,0.0,10.0,0.85,CORE,MAIN,1.2105169215805722,0.25004396773967175,0.6,0.174,-68425.41736311071,STRUCTURAL,-0.9275200577210149,-204475.2754284117,29400.0,0,0,0,0,0,0,0,inf,inf,NA,1,5,5,5,26,6,0,0,CONTINUE,0,A,1,1,0,KEEP_STRUCTURAL_IN_ON_CUT,2,3,0,0,"tail_cont_enabled=1 tail_active_dims=(1,) tail_delta=0.1 tail_start=(6, 6, 6) returned_y=(1, 4, 3) returned_b=(0, 0, 0) returned_u=(0, 0, 0) returned_zcap=(1, 4, 3) max_tail_u=0",NA
120,P1_no_rho,89,963.7662010999629,5.724496999988332,10.098470799974166,0.16286020004190505,0.01,65893.20353250673,65893.20353250673,-77800.92565293108,-56246.8062751154,-20686.402125262215,-26519.785769108326,-77878.65013272328,-77878.63494575564,-68425.41736311071,-26519.785769108326,41905.631594002385,41905.63159400238,-24698.45325769706,40184.0,nan,nan,1.5000000000000002,10.0,0.0,0.0,10.0,0.85,CORE,MAIN,1.2107908892917618,0.2527743144014196,0.6,0.174,-68425.41736311071,STRUCTURAL,-0.8822778832049006,-204475.2754284117,29400.0,0,0,0,0,0,0,0,inf,inf,NA,1,5,5,5,26,6,0,0,CONTINUE,0,A,1,1,0,KEEP_STRUCTURAL_IN_ON_CUT,2,3,0,0,"tail_cont_enabled=1 tail_active_dims=(1,) tail_delta=0.1 tail_start=(6, 6, 6) returned_y=(6, 0, 0) returned_b=(1, 0, 0) returned_u=(0, 0, 0) returned_zcap=(6, 0, 0) max_tail_u=0",NA
120,P1_no_rho,90,986.3619231999619,5.724496999988332,22.595341800013557,0.1521472999593243,0.01,58953.1621574529,58953.1621574529,-77800.92565293108,-57287.812481373476,-20686.402125262215,-26519.785769108326,-79884.18048656968,-79884.16488143601,-68425.41736311071,-26519.785769108326,41905.631594002385,41905.63159400238,-26433.811945814825,38055.5,nan,nan,1.5000000000000002,10.0,0.0,0.0,10.0,0.85,CORE,MAIN,1.2109753124882952,0.24810263413337774,0.6,0.174,-68425.41736311071,STRUCTURAL,-0.9363579147231663,-204475.2754284117,29400.0,0,0,0,0,0,0,0,inf,inf,NA,1,5,5,5,26,6,0,0,CONTINUE,0,A,1,1,0,KEEP_STRUCTURAL_IN_ON_CUT,2,3,0,0,"tail_cont_enabled=1 tail_active_dims=(1,) tail_delta=0.1 tail_start=(6, 6, 6) returned_y=(4, 1, 2) returned_b=(0, 0, 0) returned_u=(0, 0, 0) returned_zcap=(4, 1, 2) max_tail_u=0",NA
120,P1_no_rho,91,998.1781123999972,5.724496999988332,11.815818200004287,0.18060920003335923,0.01,50200.95519588659,50200.95519588659,-77800.92565293108,-58600.64352560842,-20686.402125262215,-26519.785769108326,-80583.39455921596,-80583.37884904965,-68425.41736311071,-26519.785769108326,41905.631594002385,41905.63159400238,-26943.231238853783,39138.5,nan,nan,1.5000000000000002,10.0,0.0,0.0,10.0,0.85,CORE,MAIN,1.2108983671655094,0.25185429210822674,0.6,0.174,-68425.41736311071,STRUCTURAL,-0.9136808617294285,-204475.2754284117,29400.0,0,0,0,0,0,0,0,inf,inf,NA,1,5,5,5,26,6,0,0,CONTINUE,0,A,1,1,0,KEEP_STRUCTURAL_IN_ON_CUT,2,3,0,0,"tail_cont_enabled=1 tail_active_dims=(1,) tail_delta=0.1 tail_start=(6, 6, 6) returned_y=(1, 4, 3) returned_b=(0, 0, 0) returned_u=(0, 0, 0) returned_zcap=(1, 4, 3) max_tail_u=0",NA
120,P1_no_rho,92,1008.9135918000247,5.724496999988332,10.735169100109488,0.17497159994672984,0.01,61578.04148102162,61578.04148102162,-77800.92565293108,-56894.08058283817,-20686.402125262215,-26519.785769108326,-78485.60162029296,-78485.58596036854,-68425.41736311071,-26519.785769108326,41905.631594002385,41905.63159400238,-26426.2254513044,38639.0,nan,nan,1.5000000000000002,10.0,0.0,0.0,10.0,0.85,CORE,MAIN,1.2122448150067502,0.2744737271885149,0.6,0.174,-68425.41736311071,STRUCTURAL,-0.8982178715643798,-204475.2754284117,29400.0,0,0,0,0,0,0,0,inf,inf,NA,1,5,5,5,26,6,0,0,CONTINUE,0,A,1,1,0,KEEP_STRUCTURAL_IN_ON_CUT,2,3,0,0,"tail_cont_enabled=1 tail_active_dims=(1,) tail_delta=0.1 tail_start=(6, 6, 6) returned_y=(1, 4, 3) returned_b=(0, 0, 0) returned_u=(0, 0, 0) returned_zcap=(1, 4, 3) max_tail_u=0",NA
120,P1_no_rho,93,1019.6597785999766,5.724496999988332,10.745611799997278,0.18131369992624968,0.01,70998.83136806457,70998.83136806457,-77800.92565293108,-55480.962099781726,-20686.402125262215,-26519.785769108326,-77759.91624840818,-77759.90095925849,-68425.41736311071,-26519.785769108326,41905.631594002385,41905.63159400238,-25323.810146713946,37812.0,nan,nan,1.5000000000000002,10.0,0.0,0.0,10.0,0.85,CORE,MAIN,1.2136162454668948,0.25197196214763373,0.6,0.174,-68425.41736311071,STRUCTURAL,-0.9245052860210965,-204475.2754284117,29400.0,0,0,0,0,0,0,0,inf,inf,NA,1,5,5,5,26,6,0,0,CONTINUE,0,A,1,1,0,KEEP_STRUCTURAL_IN_ON_CUT,2,3,0,0,"tail_cont_enabled=1 tail_active_dims=(1,) tail_delta=0.1 tail_start=(6, 6, 6) returned_y=(1, 4, 3) returned_b=(0, 0, 0) returned_u=(0, 0, 0) returned_zcap=(1, 4, 3) max_tail_u=0",NA
120,P1_no_rho,94,1031.3025167000014,5.724496999988332,11.64107660006266,0.18522419990040362,0.01,56179.40221339919,56179.40221339919,-77800.92565293108,-57703.87647298153,-20686.402125262215,-26519.785769108326,-82001.41428932545,-82001.39836954397,-68425.41736311071,-26519.785769108326,41905.631594002385,41905.63159400238,-27155.94281810226,40113.0,nan,nan,1.5000000000000002,10.0,0.0,0.0,10.0,0.85,CORE,MAIN,1.2139188044685751,0.25698051355967655,0.6,0.174,-68425.41736311071,STRUCTURAL,-0.9115158934583417,-204475.2754284117,29400.0,0,0,0,0,0,0,0,inf,inf,NA,1,5,5,5,26,6,0,0,CONTINUE,0,A,1,1,0,KEEP_STRUCTURAL_IN_ON_CUT,2,3,0,0,"tail_cont_enabled=1 tail_active_dims=(1,) tail_delta=0.1 tail_start=(6, 6, 6) returned_y=(2, 0, 6) returned_b=(0, 0, 1) returned_u=(0, 0, 0) returned_zcap=(2, 0, 6) max_tail_u=0",NA
120,P1_no_rho,95,1051.32532059995,5.724496999988332,20.022376699955203,0.1596321000251919,0.01,58706.830316906264,58706.830316906264,-77800.92565293108,-57324.76225745547,-20686.402125262215,-26519.785769108326,-78898.94989951642,-78898.93449614849,-68425.41736311071,-26519.785769108326,41905.631594002385,41905.63159400238,-24885.514187912693,39687.5,nan,nan,1.5000000000000002,10.0,0.0,0.0,10.0,0.85,CORE,MAIN,1.2142449491808958,0.24466977047329785,0.6,0.174,-68425.41736311071,STRUCTURAL,-0.9073120471724648,-204475.2754284117,29400.0,0,0,0,0,0,0,0,inf,inf,NA,1,5,5,5,26,6,0,0,CONTINUE,0,A,1,1,0,KEEP_STRUCTURAL_IN_ON_CUT,2,3,0,0,"tail_cont_enabled=1 tail_active_dims=(1,) tail_delta=0.1 tail_start=(6, 6, 6) returned_y=(2, 0, 6) returned_b=(0, 0, 1) returned_u=(0, 0, 0) returned_zcap=(2, 0, 6) max_tail_u=0",NA
120,P1_no_rho,96,1062.1173062999733,5.724496999988332,10.791530400048941,0.1645727000432089,0.01,61053.71266335191,61053.71266335191,-77800.92565293108,-56972.729905488624,-20686.402125262215,-26519.785769108326,-78434.5760859255,-78434.56070325561,-68425.41736311071,-26519.785769108326,41905.631594002385,41905.63159400238,-24976.800210522222,37874.0,nan,nan,1.5000000000000002,10.0,0.0,0.0,10.0,0.85,CORE,MAIN,1.214694681772196,0.2636220901368268,0.6,0.174,-68425.41736311071,STRUCTURAL,-0.9409755239783385,-204475.2754284117,29400.0,0,0,0,0,0,0,0,inf,inf,NA,1,5,5,5,26,6,0,0,CONTINUE,0,A,1,1,0,KEEP_STRUCTURAL_IN_ON_CUT,2,3,0,0,"tail_cont_enabled=1 tail_active_dims=(1,) tail_delta=0.1 tail_start=(6, 6, 6) returned_y=(1, 4, 3) returned_b=(0, 0, 0) returned_u=(0, 0, 0) returned_zcap=(1, 4, 3) max_tail_u=0",NA
120,P1_no_rho,97,1074.0425047000172,5.724496999988332,11.924544000066817,0.15521130000706762,0.01,57329.09351482524,57329.09351482524,-77800.92565293108,-57531.42277776763,-20686.402125262215,-26519.785769108326,-79318.63490267286,-79318.61944705443,-68425.41736311071,-26519.785769108326,41905.631594002385,41905.63159400238,-26105.393379448124,38046.5,nan,nan,1.5000000000000002,10.0,0.0,0.0,10.0,0.85,CORE,MAIN,1.2150089772244903,0.24274287158604202,0.6,0.174,-68425.41736311071,STRUCTURAL,-0.9324243766199484,-204475.2754284117,29400.0,0,0,0,0,0,0,0,inf,inf,NA,1,5,5,5,26,6,0,0,CONTINUE,0,A,1,1,0,KEEP_STRUCTURAL_IN_ON_CUT,2,3,0,0,"tail_cont_enabled=1 tail_active_dims=(1,) tail_delta=0.1 tail_start=(6, 6, 6) returned_y=(1, 4, 3) returned_b=(0, 0, 0) returned_u=(0, 0, 0) returned_zcap=(1, 4, 3) max_tail_u=0",NA
120,P1_no_rho,98,1082.4617436999688,5.724496999988332,8.418655500048772,0.16218109999317676,0.01,52135.96792262325,52135.96792262325,-77800.92565293108,-58310.391616597924,-20686.402125262215,-26519.785769108326,-79785.40753357933,-79785.39197000743,-68425.41736311071,-26519.785769108326,41905.631594002385,41905.63159400238,-26138.883838282778,38760.0,nan,nan,1.5000000000000002,10.0,0.0,0.0,10.0,0.85,CORE,MAIN,1.215055588421039,0.2431070797342909,0.6,0.174,-68425.41736311071,STRUCTURAL,-0.9227125581651987,-204475.2754284117,29400.0,0,0,0,0,0,0,0,inf,inf,NA,1,5,5,5,26,6,0,0,CONTINUE,0,A,1,1,0,KEEP_STRUCTURAL_IN_ON_CUT,2,3,0,0,"tail_cont_enabled=1 tail_active_dims=(1,) tail_delta=0.1 tail_start=(6, 6, 6) returned_y=(1, 4, 3) returned_b=(0, 0, 0) returned_u=(0, 0, 0) returned_zcap=(1, 4, 3) max_tail_u=0",NA
120,P1_no_rho,99,1093.8379659999628,5.724496999988332,11.375668099964969,0.1669988000066951,0.01,61325.84248471151,61325.84248471151,-77800.92565293108,-56931.91043228468,-20686.402125262215,-26519.785769108326,-79857.16856401281,-79857.1527004307,-68425.41736311071,-26519.785769108326,41905.631594002385,41905.63159400238,-26893.415787948747,38865.5,nan,nan,1.5000000000000002,10.0,0.0,0.0,10.0,0.85,CORE,MAIN,1.2153556252787001,0.250427471684326,0.6,0.174,-68425.41736311071,STRUCTURAL,-0.9084961711969387,-204475.2754284117,29400.0,0,0,0,0,0,0,0,inf,inf,NA,1,5,5,5,26,6,0,0,CONTINUE,0,A,1,1,0,KEEP_STRUCTURAL_IN_ON_CUT,2,3,0,0,"tail_cont_enabled=1 tail_active_dims=(1,) tail_delta=0.1 tail_start=(6, 6, 6) returned_y=(1, 4, 3) returned_b=(0, 0, 0) returned_u=(0, 0, 0) returned_zcap=(1, 4, 3) max_tail_u=0",NA
120,P1_no_rho,100,1117.127039999934,5.724496999988332,23.2885408999864,0.17561719997320324,0.01,64565.54812493341,64565.54812493341,-77800.92565293108,-56445.9545862514,-20686.402125262215,-26519.785769108326,-79045.72477151765,-79045.70927656902,-68425.41736311071,-26519.785769108326,41905.631594002385,41905.63159400238,-26052.54093321356,37406.5,nan,nan,1.5000000000000002,10.0,0.0,0.0,10.0,0.85,CORE,MAIN,1.2157882862107363,0.2627985089693392,0.6,0.174,-68425.41736311071,STRUCTURAL,-0.9444556132108142,-204475.2754284117,29400.0,0,0,0,0,0,0,0,inf,inf,NA,1,5,5,5,26,6,0,0,CONTINUE,0,A,1,1,0,KEEP_STRUCTURAL_IN_ON_CUT,2,3,0,0,"tail_cont_enabled=1 tail_active_dims=(1,) tail_delta=0.1 tail_start=(6, 6, 6) returned_y=(4, 1, 2) returned_b=(0, 0, 0) returned_u=(0, 0, 0) returned_zcap=(4, 1, 2) max_tail_u=0",NA
120,P1_no_rho,101,1127.7234116999898,5.724496999988332,10.595928400056437,0.17548360000364482,0.01,59161.78739832409,59161.78739832409,-77800.92565293108,-57256.5186952428,-20686.402125262215,-26519.785769108326,-80143.84598042018,-80143.83025422262,-68425.41736311071,-26519.785769108326,41905.631594002385,41905.63159400238,-27068.19532877348,37079.0,nan,nan,1.5000000000000002,10.0,0.0,0.0,10.0,0.85,CORE,MAIN,1.2158843735454197,0.24978397232490065,0.6,0.174,-68425.41736311071,STRUCTURAL,-0.954280229158448,-204475.2754284117,29400.0,0,0,0,0,0,0,0,inf,inf,NA,1,5,5,5,26,6,0,0,CONTINUE,0,A,1,1,0,KEEP_STRUCTURAL_IN_ON_CUT,2,3,0,0,"tail_cont_enabled=1 tail_active_dims=(1,) tail_delta=0.1 tail_start=(6, 6, 6) returned_y=(4, 1, 2) returned_b=(0, 0, 0) returned_u=(0, 0, 0) returned_zcap=(4, 1, 2) max_tail_u=0",NA
120,P1_no_rho,102,1138.3311959999846,5.724496999988332,10.60733250004705,0.188287099939771,0.01,63393.658723332155,63393.658723332155,-77800.92565293108,-56621.73799649159,-20686.402125262215,-26519.785769108326,-78640.70469653961,-78640.68917361218,-68425.41736311071,-26519.785769108326,41905.631594002385,41905.63159400238,-25718.445797047218,37425.5,nan,nan,1.5000000000000002,10.0,0.0,0.0,10.0,0.85,CORE,MAIN,1.2162232836272553,0.2362889217595635,0.6,0.174,-68425.41736311071,STRUCTURAL,-0.942712738223314,-204475.2754284117,29400.0,0,0,0,0,0,0,0,inf,inf,NA,1,5,5,5,26,6,0,0,CONTINUE,0,A,1,1,0,KEEP_STRUCTURAL_IN_ON_CUT,2,3,0,0,"tail_cont_enabled=1 tail_active_dims=(1,) tail_delta=0.1 tail_start=(6, 6, 6) returned_y=(4, 1, 2) returned_b=(0, 0, 0) returned_u=(0, 0, 0) returned_zcap=(4, 1, 2) max_tail_u=0",NA
120,P1_no_rho,103,1150.1146085999208,5.724496999988332,11.782898099976592,0.1599754000781104,0.01,60579.30870133556,60579.30870133556,-77800.92565293108,-57043.89049979107,-20686.402125262215,-26519.785769108326,-76373.83460417356,-76373.8195034193,-68425.41736311071,-26519.785769108326,41905.631594002385,41905.63159400238,-24200.468130832975,36490.5,nan,nan,1.5000000000000002,10.0,0.0,0.0,10.0,0.85,CORE,MAIN,1.2155616457889822,0.25621759947171974,0.6,0.174,-68425.41736311071,STRUCTURAL,-0.9531860141239741,-204475.2754284117,29400.0,0,0,0,0,0,0,0,inf,inf,NA,1,5,5,5,26,6,0,0,CONTINUE,0,A,1,1,0,KEEP_STRUCTURAL_IN_ON_CUT,2,3,0,0,"tail_cont_enabled=1 tail_active_dims=(1,) tail_delta=0.1 tail_start=(6, 6, 6) returned_y=(4, 1, 2) returned_b=(0, 0, 0) returned_u=(0, 0, 0) returned_zcap=(4, 1, 2) max_tail_u=0",NA
120,P1_no_rho,104,1157.5797811999219,5.724496999988332,7.464661999954842,0.15994499996304512,0.01,58002.727057978635,58002.727057978635,-77800.92565293108,-57430.37774629462,-20686.402125262215,-26519.785769108326,-78923.62066925154,-78923.60529501257,-68425.41736311071,-26519.785769108326,41905.631594002385,41905.63159400238,-25744.428758671304,37306.5,nan,nan,1.5000000000000002,10.0,0.0,0.0,10.0,0.85,CORE,MAIN,1.215032356965009,0.23192902695572226,0.6,0.174,-68425.41736311071,STRUCTURAL,-0.9503111886014728,-204475.2754284117,29400.0,0,0,0,0,0,0,0,inf,inf,NA,1,5,5,5,26,6,0,0,CONTINUE,0,A,1,1,0,KEEP_STRUCTURAL_IN_ON_CUT,2,3,0,0,"tail_cont_enabled=1 tail_active_dims=(1,) tail_delta=0.1 tail_start=(6, 6, 6) returned_y=(4, 1, 2) returned_b=(0, 0, 0) returned_u=(0, 0, 0) returned_zcap=(4, 1, 2) max_tail_u=0",NA
120,P1_no_rho,105,1181.0206035999581,5.724496999988332,23.440247099963017,0.17732160002924502,0.01,55255.15448858999,55255.15448858999,-77800.92565293108,-57842.51363170291,-20686.402125262215,-26519.785769108326,-79677.00775924652,-79676.99217084995,-68425.41736311071,-26519.785769108326,41905.631594002385,41905.63159400238,-26141.737042413915,38678.0,nan,nan,1.5000000000000002,10.0,0.0,0.0,10.0,0.85,CORE,MAIN,1.214515158392769,0.24544587324659284,0.6,0.174,-68425.41736311071,STRUCTURAL,-0.9227511785931025,-204475.2754284117,29400.0,0,0,0,0,0,0,0,inf,inf,NA,1,5,5,5,26,6,0,0,CONTINUE,0,A,1,1,0,KEEP_STRUCTURAL_IN_ON_CUT,2,3,0,0,"tail_cont_enabled=1 tail_active_dims=(1,) tail_delta=0.1 tail_start=(6, 6, 6) returned_y=(1, 4, 3) returned_b=(0, 0, 0) returned_u=(0, 0, 0) returned_zcap=(1, 4, 3) max_tail_u=0",NA
120,P1_no_rho,106,1192.792434999952,5.724496999988332,11.771161000011489,0.1688703999388963,0.01,56512.58310649507,56512.58310649507,-77800.92565293108,-57653.89933901715,-20686.402125262215,-26519.785769108326,-79840.80480106191,-79840.78902346417,-68425.41736311071,-26519.785769108326,41905.631594002385,41905.63159400238,-26704.995114667294,38666.5,nan,nan,1.5000000000000002,10.0,0.0,0.0,10.0,0.85,CORE,MAIN,1.2140074623743242,0.24653317447356726,0.6,0.174,-68425.41736311071,STRUCTURAL,-0.9161383266099745,-204475.2754284117,29400.0,0,0,0,0,0,0,0,inf,inf,NA,1,5,5,5,26,6,0,0,CONTINUE,0,A,1,1,0,KEEP_STRUCTURAL_IN_ON_CUT,2,3,0,0,"tail_cont_enabled=1 tail_active_dims=(1,) tail_delta=0.1 tail_start=(6, 6, 6) returned_y=(1, 4, 3) returned_b=(0, 0, 0) returned_u=(0, 0, 0) returned_zcap=(1, 4, 3) max_tail_u=0",NA
120,P1_no_rho,107,1200.876945200027,5.724496999988332,8.083930400083773,0.1667272999184206,0.01,58072.0786593666,58072.0786593666,-77800.92565293108,-57419.97500608642,-20686.402125262215,-26519.785769108326,-77896.16483038737,-77896.14948280843,-68425.41736311071,-26519.785769108326,41905.631594002385,41905.63159400238,-25670.719398275283,39034.0,nan,nan,1.5000000000000002,10.0,0.0,0.0,10.0,0.85,CORE,MAIN,1.2140053690702208,0.2443805433900117,0.6,0.174,-68425.41736311071,STRUCTURAL,-0.8919647842826448,-204475.2754284117,29400.0,0,0,0,0,0,0,0,inf,inf,NA,1,5,5,5,26,6,0,0,CONTINUE,0,A,1,1,0,KEEP_STRUCTURAL_IN_ON_CUT,2,3,0,0,"tail_cont_enabled=1 tail_active_dims=(1,) tail_delta=0.1 tail_start=(6, 6, 6) returned_y=(2, 0, 6) returned_b=(0, 0, 1) returned_u=(0, 0, 0) returned_zcap=(2, 0, 6) max_tail_u=0",NA
120,P1_no_rho,108,1211.6215805999236,5.724496999988332,10.744124799966812,0.16894100001081824,0.01,60287.17046506798,60287.17046506798,-77800.92565293108,-57087.71123523121,-20686.402125262215,-26519.785769108326,-82579.26965163744,-82579.25354868232,-68425.41736311071,-26519.785769108326,41905.631594002385,41905.63159400238,-28406.65180536111,38234.5,nan,nan,1.5000000000000002,10.0,0.0,0.0,10.0,0.85,CORE,MAIN,1.213213962996876,0.25661036448078556,0.6,0.174,-68425.41736311071,STRUCTURAL,-0.9445675457736026,-204475.2754284117,29400.0,0,0,0,0,0,0,0,inf,inf,NA,1,5,5,5,26,6,0,0,CONTINUE,0,A,1,1,0,KEEP_STRUCTURAL_IN_ON_CUT,2,3,0,0,"tail_cont_enabled=1 tail_active_dims=(1,) tail_delta=0.1 tail_start=(6, 6, 6) returned_y=(4, 1, 2) returned_b=(0, 0, 0) returned_u=(0, 0, 0) returned_zcap=(4, 1, 2) max_tail_u=0",NA
120,P1_no_rho,109,1218.4693273999728,5.724496999988332,6.846972599974833,0.1664520000340417,0.01,59195.03100702166,59195.03100702166,-77800.92565293108,-57251.53215393816,-20686.402125262215,-26519.785769108326,-79082.26989934208,-79082.25431852828,-68425.41736311071,-26519.785769108326,41905.631594002385,41905.63159400238,-25976.7951814564,37848.5,nan,nan,1.5000000000000002,10.0,0.0,0.0,10.0,0.85,CORE,MAIN,1.2137564750864585,0.2631059842649617,0.6,0.174,-68425.41736311071,STRUCTURAL,-0.9354040298747529,-204475.2754284117,29400.0,0,0,0,0,0,0,0,inf,inf,NA,1,5,5,5,26,6,0,0,CONTINUE,0,A,1,1,0,KEEP_STRUCTURAL_IN_ON_CUT,2,3,0,0,"tail_cont_enabled=1 tail_active_dims=(1,) tail_delta=0.1 tail_start=(6, 6, 6) returned_y=(4, 1, 2) returned_b=(0, 0, 0) returned_u=(0, 0, 0) returned_zcap=(4, 1, 2) max_tail_u=0",NA
120,P1_no_rho,110,1241.6784806000069,5.724496999988332,23.208551799994893,0.17260320007335395,0.01,63944.602897575714,63944.602897575714,-77800.92565293108,-56539.09637035505,-20686.402125262215,-26519.785769108326,-76382.25928511882,-76382.24413691179,-68425.41736311071,-26519.785769108326,41905.631594002385,41905.63159400238,-23767.017001287186,37324.5,nan,nan,1.5000000000000002,10.0,0.0,0.0,10.0,0.85,CORE,MAIN,1.2137656462652537,0.26496932334710677,0.6,0.174,-68425.41736311071,STRUCTURAL,-0.9397799860792884,-204475.2754284117,29400.0,0,0,0,0,0,0,0,inf,inf,NA,1,5,5,5,26,6,0,0,CONTINUE,0,A,1,1,0,KEEP_STRUCTURAL_IN_ON_CUT,2,3,0,0,"tail_cont_enabled=1 tail_active_dims=(1,) tail_delta=0.1 tail_start=(6, 6, 6) returned_y=(1, 4, 3) returned_b=(0, 0, 0) returned_u=(0, 0, 0) returned_zcap=(1, 4, 3) max_tail_u=0",NA
120,P1_no_rho,111,1252.1797995999223,5.724496999988332,10.500738599919714,0.15825110010337085,0.01,60684.693214930056,60684.693214930056,-77800.92565293108,-57028.0828227519,-20686.402125262215,-26519.785769108326,-78890.55327498137,-78890.53784287254,-68425.41736311071,-26519.785769108326,41905.631594002385,41905.63159400238,-25777.055981636157,37628.5,nan,nan,1.5000000000000002,10.0,0.0,0.0,10.0,0.85,CORE,MAIN,1.213719885034321,0.2340820248049872,0.6,0.174,-68425.41736311071,STRUCTURAL,-0.9410151323462512,-204475.2754284117,29400.0,0,0,0,0,0,0,0,inf,inf,NA,1,5,5,5,26,6,0,0,CONTINUE,0,A,1,1,0,KEEP_STRUCTURAL_IN_ON_CUT,2,3,0,0,"tail_cont_enabled=1 tail_active_dims=(1,) tail_delta=0.1 tail_start=(6, 6, 6) returned_y=(1, 4, 3) returned_b=(0, 0, 0) returned_u=(0, 0, 0) returned_zcap=(1, 4, 3) max_tail_u=0",NA
120,P1_no_rho,112,1260.4408670000266,5.724496999988332,8.259717600070871,0.16256450000219047,0.01,54692.23818225511,54692.23818225511,-77800.92565293108,-57926.95107765314,-20686.402125262215,-26519.785769108326,-79579.92500845337,-79579.90947101067,-68425.41736311071,-26519.785769108326,41905.631594002385,41905.63159400238,-26146.15790310124,38765.0,nan,nan,1.5000000000000002,10.0,0.0,0.0,10.0,0.85,CORE,MAIN,1.2135627332127714,0.2583381903240608,0.6,0.174,-68425.41736311071,STRUCTURAL,-0.918934632923332,-204475.2754284117,29400.0,0,0,0,0,0,0,0,inf,inf,NA,1,5,5,5,26,6,0,0,CONTINUE,0,A,1,1,0,KEEP_STRUCTURAL_IN_ON_CUT,2,3,0,0,"tail_cont_enabled=1 tail_active_dims=(1,) tail_delta=0.1 tail_start=(6, 6, 6) returned_y=(1, 4, 3) returned_b=(0, 0, 0) returned_u=(0, 0, 0) returned_zcap=(1, 4, 3) max_tail_u=0",NA
120,P1_no_rho,113,1271.9247709999327,5.724496999988332,11.48324390000198,0.16234130004886538,0.01,55537.626095839405,55537.626095839405,-77800.92565293108,-57800.1428906155,-20686.402125262215,-26519.785769108326,-78759.04658131264,-78759.03091386796,-68425.41736311071,-26519.785769108326,41905.631594002385,41905.63159400238,-26407.82505192665,38433.0,nan,nan,1.5000000000000002,10.0,0.0,0.0,10.0,0.85,CORE,MAIN,1.2134613256329305,0.2505869561139955,0.6,0.174,-68425.41736311071,STRUCTURAL,-0.9080947078802296,-204475.2754284117,29400.0,0,0,0,0,0,0,0,inf,inf,NA,1,5,5,5,26,6,0,0,CONTINUE,0,A,1,1,0,KEEP_STRUCTURAL_IN_ON_CUT,2,3,0,0,"tail_cont_enabled=1 tail_active_dims=(1,) tail_delta=0.1 tail_start=(6, 6, 6) returned_y=(1, 4, 3) returned_b=(0, 0, 0) returned_u=(0, 0, 0) returned_zcap=(1, 4, 3) max_tail_u=0",NA
120,P1_no_rho,114,1282.4365971999941,5.724496999988332,10.511222000000998,0.21269369998481125,0.01,62702.917072767654,62702.917072767654,-77800.92565293108,-56725.349244076264,-20686.402125262215,-26519.785769108326,-79753.20640978076,-79753.19074460442,-68425.41736311071,-26519.785769108326,41905.631594002385,41905.63159400238,-26089.534891605363,39147.0,nan,nan,1.5000000000000002,10.0,0.0,0.0,10.0,0.85,CORE,MAIN,1.213411752357174,0.2600314238515402,0.6,0.174,-68425.41736311071,STRUCTURAL,-0.9138828152518977,-204475.2754284117,29400.0,0,0,0,0,0,0,0,inf,inf,NA,1,5,5,5,26,6,0,0,CONTINUE,0,A,1,1,0,KEEP_STRUCTURAL_IN_ON_CUT,2,3,0,0,"tail_cont_enabled=1 tail_active_dims=(1,) tail_delta=0.1 tail_start=(6, 6, 6) returned_y=(1, 4, 3) returned_b=(0, 0, 0) returned_u=(0, 0, 0) returned_zcap=(1, 4, 3) max_tail_u=0",NA
120,P1_no_rho,115,1302.7703459999757,5.724496999988332,20.333064200007357,0.16163260000757873,0.01,54017.679095676925,54017.679095676925,-77800.92565293108,-58028.13494063987,-20686.402125262215,-26519.785769108326,-80630.8621184778,-80630.84634889939,-68425.41736311071,-26519.785769108326,41905.631594002385,41905.63159400238,-27387.328688392536,38220.0,nan,nan,1.5000000000000002,10.0,0.0,0.0,10.0,0.85,CORE,MAIN,1.2130841400871408,0.24283357595588473,0.6,0.174,-68425.41736311071,STRUCTURAL,-0.9287200010554133,-204475.2754284117,29400.0,0,0,0,0,0,0,0,inf,inf,NA,1,5,5,5,26,6,0,0,CONTINUE,0,A,1,1,0,KEEP_STRUCTURAL_IN_ON_CUT,2,3,0,0,"tail_cont_enabled=1 tail_active_dims=(1,) tail_delta=0.1 tail_start=(6, 6, 6) returned_y=(1, 4, 3) returned_b=(0, 0, 0) returned_u=(0, 0, 0) returned_zcap=(1, 4, 3) max_tail_u=0",NA
120,P1_no_rho,116,1313.31145249994,5.724496999988332,10.540476699941792,0.15860319999046624,0.01,64379.991782465564,64379.991782465564,-77800.92565293108,-56473.788037621576,-20686.402125262215,-26519.785769108326,-105411.57192133117,-105411.55507086086,-68425.41736311071,-26519.785769108326,41905.631594002385,41905.63159400238,-32108.4170473638,53779.0,nan,nan,1.5000000000000002,10.0,0.0,0.0,10.0,0.85,CORE,MAIN,1.2097627032886273,0.23026379497304972,0.6,0.174,-68425.41736311071,STRUCTURAL,-0.9086959348878068,-204475.2754284117,29400.0,0,0,0,0,0,0,0,inf,inf,NA,1,5,5,5,26,6,0,0,CONTINUE,0,A,1,1,0,KEEP_STRUCTURAL_IN_ON_CUT,2,3,0,0,"tail_cont_enabled=1 tail_active_dims=(1,) tail_delta=0.1 tail_start=(6, 6, 6) returned_y=(6, 0, 0) returned_b=(1, 0, 0) returned_u=(0, 0, 0) returned_zcap=(6, 0, 0) max_tail_u=0",NA
120,P1_no_rho,117,1323.8209591999184,5.724496999988332,10.509035199997015,0.15860510000493377,0.01,65222.908306141704,65222.908306141704,-77800.92565293108,-56347.35055907015,-20686.402125262215,-26519.785769108326,-73404.88406803006,-73404.8694375613,-68425.41736311071,-26519.785769108326,41905.631594002385,41905.63159400238,-22852.374451788823,35565.0,nan,nan,1.5000000000000002,10.0,0.0,0.0,10.0,0.85,CORE,MAIN,1.2067571194553068,0.25640655344405094,0.6,0.174,-68425.41736311071,STRUCTURAL,-0.9476075727217294,-204475.2754284117,29400.0,0,0,0,0,0,0,0,inf,inf,NA,1,5,5,5,26,6,0,0,CONTINUE,0,A,1,1,0,KEEP_STRUCTURAL_IN_ON_CUT,2,3,0,0,"tail_cont_enabled=1 tail_active_dims=(1,) tail_delta=0.1 tail_start=(6, 6, 6) returned_y=(4, 1, 2) returned_b=(0, 0, 0) returned_u=(0, 0, 0) returned_zcap=(4, 1, 2) max_tail_u=0",NA
120,P1_no_rho,118,1331.0326132000191,5.724496999988332,7.210913100047037,0.15614580002147704,0.01,62044.77213282691,62044.77213282691,-77800.92565293108,-56824.070985067374,-20686.402125262215,-26519.785769108326,-73936.94257068394,-73936.9280316631,-68425.41736311071,-26519.785769108326,41905.631594002385,41905.63159400238,-23631.09421193521,35670.0,nan,nan,1.5000000000000002,10.0,0.0,0.0,10.0,0.85,CORE,MAIN,1.2063933418998303,0.2616246889812206,0.6,0.174,-68425.41736311071,STRUCTURAL,-0.9402080893323592,-204475.2754284117,29400.0,0,0,0,0,0,0,0,inf,inf,NA,1,5,5,5,26,6,0,0,CONTINUE,0,A,1,1,0,KEEP_STRUCTURAL_IN_ON_CUT,2,3,0,0,"tail_cont_enabled=1 tail_active_dims=(1,) tail_delta=0.1 tail_start=(6, 6, 6) returned_y=(4, 1, 2) returned_b=(0, 0, 0) returned_u=(0, 0, 0) returned_zcap=(4, 1, 2) max_tail_u=0",NA
120,P1_no_rho,119,1342.5975598000223,5.724496999988332,11.564348800107837,0.16399410006124526,0.01,52553.5908730292,52553.5908730292,-77800.92565293108,-58247.74817403703,-20686.402125262215,-26519.785769108326,-78450.8983346667,-78450.88293231235,-68425.41736311071,-26519.785769108326,41905.631594002385,41905.63159400238,-26004.897628509607,37012.0,nan,nan,1.5000000000000002,10.0,0.0,0.0,10.0,0.85,CORE,MAIN,1.2061839594923605,0.2632958260842754,0.6,0.174,-68425.41736311071,STRUCTURAL,-0.9446663299074668,-204475.2754284117,29400.0,0,0,0,0,0,0,0,inf,inf,NA,1,5,5,5,26,6,0,0,CONTINUE,0,A,1,1,0,KEEP_STRUCTURAL_IN_ON_CUT,2,3,0,0,"tail_cont_enabled=1 tail_active_dims=(1,) tail_delta=0.1 tail_start=(6, 6, 6) returned_y=(4, 1, 2) returned_b=(0, 0, 0) returned_u=(0, 0, 0) returned_zcap=(4, 1, 2) max_tail_u=0",NA
120,P1_no_rho,120,1365.5960004000226,5.724496999988332,22.99785550008528,0.15513149998150766,0.01,58416.10737780337,58416.10737780337,-77800.92565293108,-57368.370698320905,-20686.402125262215,-26519.785769108326,-80077.07428369221,-80077.05838284455,-68425.41736311071,-26519.785769108326,41905.631594002385,41905.63159400238,-26769.740771693683,37169.5,nan,nan,1.5000000000000002,10.0,0.0,0.0,10.0,0.85,CORE,MAIN,1.2058481425645877,0.26036707256796576,0.6,0.174,-68425.41736311071,STRUCTURAL,-0.9561121817825704,-204475.2754284117,29400.0,0,0,0,0,0,0,0,inf,inf,NA,1,5,5,5,26,6,0,0,CONTINUE,0,A,1,1,0,KEEP_STRUCTURAL_IN_ON_CUT,2,3,0,0,"tail_cont_enabled=1 tail_active_dims=(1,) tail_delta=0.1 tail_start=(6, 6, 6) returned_y=(4, 1, 2) returned_b=(0, 0, 0) returned_u=(0, 0, 0) returned_zcap=(4, 1, 2) max_tail_u=0",NA
120,P1_no_rho,121,1372.5499584999634,5.724496999988332,6.953434400027618,0.16285369999241084,0.01,48958.53370068226,48958.53370068226,-77800.92565293108,-58787.00674988907,-20686.402125262215,-26519.785769108326,-78803.94216991591,-78803.9266406525,-68425.41736311071,-26519.785769108326,41905.631594002385,41905.63159400238,-26495.623090815337,36910.0,nan,nan,1.5000000000000002,10.0,0.0,0.0,10.0,0.85,CORE,MAIN,1.2058567630440034,0.24401789666713114,0.6,0.174,-68425.41736311071,STRUCTURAL,-0.9447900939192116,-204475.2754284117,29400.0,0,0,0,0,0,0,0,inf,inf,NA,1,5,5,5,26,6,0,0,CONTINUE,0,A,1,1,0,KEEP_STRUCTURAL_IN_ON_CUT,2,3,0,0,"tail_cont_enabled=1 tail_active_dims=(1,) tail_delta=0.1 tail_start=(6, 6, 6) returned_y=(4, 1, 2) returned_b=(0, 0, 0) returned_u=(0, 0, 0) returned_zcap=(4, 1, 2) max_tail_u=0",NA
120,P1_no_rho,122,1384.300919399946,5.724496999988332,11.750484199961647,0.1551760999718681,0.01,54476.4156362041,54476.4156362041,-77800.92565293108,-57959.3244595608,-20686.402125262215,-26519.785769108326,-81700.11274749658,-81700.0967533311,-68425.41736311071,-26519.785769108326,41905.631594002385,41905.63159400238,-28090.025942561566,38884.5,nan,nan,1.5000000000000002,10.0,0.0,0.0,10.0,0.85,CORE,MAIN,1.2065202295870765,0.23655766946483237,0.6,0.174,-68425.41736311071,STRUCTURAL,-0.9191335161100103,-204475.2754284117,29400.0,0,0,0,0,0,0,0,inf,inf,NA,1,5,5,5,26,6,0,0,CONTINUE,0,A,1,1,0,KEEP_STRUCTURAL_IN_ON_CUT,2,3,0,0,"tail_cont_enabled=1 tail_active_dims=(1,) tail_delta=0.1 tail_start=(6, 6, 6) returned_y=(1, 4, 3) returned_b=(0, 0, 0) returned_u=(0, 0, 0) returned_zcap=(1, 4, 3) max_tail_u=0",NA
120,P1_no_rho,123,1395.320926800021,5.724496999988332,11.01904770010151,0.172966800048016,0.01,41441.99228877702,41441.99228877702,-77800.92565293108,-59914.48796167486,-20686.402125262215,-26519.785769108326,-83151.56221049246,-83151.54620332217,-68425.41736311071,-26519.785769108326,41905.631594002385,41905.63159400238,-28702.41208191912,38753.0,nan,nan,1.5000000000000002,10.0,0.0,0.0,10.0,0.85,CORE,MAIN,1.2062737476027194,0.2547055833556704,0.6,0.174,-68425.41736311071,STRUCTURAL,-0.9366867790261925,-204475.2754284117,29400.0,0,0,0,0,0,0,0,inf,inf,NA,1,5,5,5,26,6,0,0,CONTINUE,0,A,1,1,0,KEEP_STRUCTURAL_IN_ON_CUT,2,3,0,0,"tail_cont_enabled=1 tail_active_dims=(1,) tail_delta=0.1 tail_start=(6, 6, 6) returned_y=(4, 1, 2) returned_b=(0, 0, 0) returned_u=(0, 0, 0) returned_zcap=(4, 1, 2) max_tail_u=0",NA
120,P1_no_rho,124,1402.3039369999897,5.724496999988332,6.982385599985719,0.1640309999929741,0.01,70460.08208875521,70460.08208875521,-77800.92565293108,-55561.77449167812,-20686.402125262215,-26519.785769108326,-74985.66693582166,-74985.65207065959,-68425.41736311071,-26519.785769108326,41905.631594002385,41905.63159400238,-23935.24661999992,36413.0,nan,nan,1.5000000000000002,10.0,0.0,0.0,10.0,0.85,CORE,MAIN,1.2077829653383345,0.2665282200770287,0.6,0.174,-68425.41736311071,STRUCTURAL,-0.9346553053517456,-204475.2754284117,29400.0,0,0,0,0,0,0,0,inf,inf,NA,1,5,5,5,26,6,0,0,CONTINUE,0,A,1,1,0,KEEP_STRUCTURAL_IN_ON_CUT,2,3,0,0,"tail_cont_enabled=1 tail_active_dims=(1,) tail_delta=0.1 tail_start=(6, 6, 6) returned_y=(4, 1, 2) returned_b=(0, 0, 0) returned_u=(0, 0, 0) returned_zcap=(4, 1, 2) max_tail_u=0",NA
120,P1_no_rho,125,1425.76112619997,5.724496999988332,23.456516099977307,0.18231880001258105,0.01,70480.12282592898,70480.12282592898,-77800.92565293108,-55558.76838110206,-20686.402125262215,-26519.785769108326,-77409.04436655247,-77409.02918069775,-68425.41736311071,-26519.785769108326,41905.631594002385,41905.63159400238,-24763.305426846917,36798.5,nan,nan,1.5000000000000002,10.0,0.0,0.0,10.0,0.85,CORE,MAIN,1.2089800932116082,0.2627456009425321,0.6,0.174,-68425.41736311071,STRUCTURAL,-0.9537657559203195,-204475.2754284117,29400.0,0,0,0,0,0,0,0,inf,inf,NA,1,5,5,5,26,6,0,0,CONTINUE,0,A,1,1,0,KEEP_STRUCTURAL_IN_ON_CUT,2,3,0,0,"tail_cont_enabled=1 tail_active_dims=(1,) tail_delta=0.1 tail_start=(6, 6, 6) returned_y=(4, 1, 2) returned_b=(0, 0, 0) returned_u=(0, 0, 0) returned_zcap=(4, 1, 2) max_tail_u=0",NA
120,P1_no_rho,126,1436.799667699961,5.724496999988332,11.038049299968407,0.16544929996598512,0.01,59968.21557998453,59968.21557998453,-77800.92565293108,-57135.55446799373,-20686.402125262215,-26519.785769108326,-82166.74952608727,-82166.73339693708,-68425.41736311071,-26519.785769108326,41905.631594002385,41905.63159400238,-26903.897388212987,38489.0,nan,nan,1.5000000000000002,10.0,0.0,0.0,10.0,0.85,CORE,MAIN,1.2090465741815966,0.243157089971202,0.6,0.174,-68425.41736311071,STRUCTURAL,-0.9572057126057506,-204475.2754284117,29400.0,0,0,0,0,0,0,0,inf,inf,NA,1,5,5,5,26,6,0,0,CONTINUE,0,A,1,1,0,KEEP_STRUCTURAL_IN_ON_CUT,2,3,0,0,"tail_cont_enabled=1 tail_active_dims=(1,) tail_delta=0.1 tail_start=(6, 6, 6) returned_y=(4, 1, 2) returned_b=(0, 0, 0) returned_u=(0, 0, 0) returned_zcap=(4, 1, 2) max_tail_u=0",NA
120,P1_no_rho,127,1444.1294199000113,5.724496999988332,7.329374500084668,0.1684984000166878,0.01,62088.95295464822,62088.95295464822,-77800.92565293108,-56817.44386179418,-20686.402125262215,-26519.785769108326,-79913.48840267783,-79913.47257608324,-68425.41736311071,-26519.785769108326,41905.631594002385,41905.63159400238,-27081.933095244138,37426.5,nan,nan,1.5000000000000002,10.0,0.0,0.0,10.0,0.85,CORE,MAIN,1.2090450155895542,0.26144965985752566,0.6,0.174,-68425.41736311071,STRUCTURAL,-0.9410718694122986,-204475.2754284117,29400.0,0,0,0,0,0,0,0,inf,inf,NA,1,5,5,5,26,6,0,0,CONTINUE,0,A,1,1,0,KEEP_STRUCTURAL_IN_ON_CUT,2,3,0,0,"tail_cont_enabled=1 tail_active_dims=(1,) tail_delta=0.1 tail_start=(6, 6, 6) returned_y=(4, 1, 2) returned_b=(0, 0, 0) returned_u=(0, 0, 0) returned_zcap=(4, 1, 2) max_tail_u=0",NA
120,P1_no_rho,128,1455.7179977999767,5.724496999988332,11.587958900025114,0.1597626000875607,0.01,61306.44454670931,61306.44454670931,-77800.92565293108,-56934.82012298501,-20686.402125262215,-26519.785769108326,-79406.94251526758,-79406.92685626194,-68425.41736311071,-26519.785769108326,41905.631594002385,41905.63159400238,-26042.512122051638,37340.0,nan,nan,1.5000000000000002,10.0,0.0,0.0,10.0,0.85,CORE,MAIN,1.2092367252289111,0.24893807399098122,0.6,0.174,-68425.41736311071,STRUCTURAL,-0.9527658406393554,-204475.2754284117,29400.0,0,0,0,0,0,0,0,inf,inf,NA,1,5,5,5,26,6,0,0,CONTINUE,0,A,1,1,0,KEEP_STRUCTURAL_IN_ON_CUT,2,3,0,0,"tail_cont_enabled=1 tail_active_dims=(1,) tail_delta=0.1 tail_start=(6, 6, 6) returned_y=(4, 1, 2) returned_b=(0, 0, 0) returned_u=(0, 0, 0) returned_zcap=(4, 1, 2) max_tail_u=0",NA
120,P1_no_rho,129,1465.9902002000017,5.724496999988332,10.271541599999182,0.1724392999894917,0.01,61524.6628620483,61524.6628620483,-77800.92565293108,-56902.08737568416,-20686.402125262215,-26519.785769108326,-81993.74783243959,-81993.73177522792,-68425.41736311071,-26519.785769108326,41905.631594002385,41905.63159400238,-28107.43503466863,38094.5,nan,nan,1.5000000000000002,10.0,0.0,0.0,10.0,0.85,CORE,MAIN,1.2090520035093655,0.23997060898605516,0.6,0.174,-68425.41736311071,STRUCTURAL,-0.9430284641362802,-204475.2754284117,29400.0,0,0,0,0,0,0,0,inf,inf,NA,1,5,5,5,26,6,0,0,CONTINUE,0,A,1,1,0,KEEP_STRUCTURAL_IN_ON_CUT,2,3,0,0,"tail_cont_enabled=1 tail_active_dims=(1,) tail_delta=0.1 tail_start=(6, 6, 6) returned_y=(4, 1, 2) returned_b=(0, 0, 0) returned_u=(0, 0, 0) returned_zcap=(4, 1, 2) max_tail_u=0",NA
120,P1_no_rho,130,1485.0639684000053,5.724496999988332,19.073298100032844,0.17878630000632256,0.01,43641.7976115352,43641.7976115352,-77800.92565293108,-59584.51716326113,-20686.402125262215,-26519.785769108326,-72170.9751660817,-72170.96094648937,-68425.41736311071,-26519.785769108326,41905.631594002385,41905.63159400238,-22789.04100842094,35182.5,nan,nan,1.5000000000000002,10.0,0.0,0.0,10.0,0.85,CORE,MAIN,1.2084344059142804,0.25637648620990594,0.6,0.174,-68425.41736311071,STRUCTURAL,-0.9357288412907633,-204475.2754284117,29400.0,0,0,0,0,0,0,0,inf,inf,NA,1,5,5,5,26,6,0,0,CONTINUE,0,A,1,1,0,KEEP_STRUCTURAL_IN_ON_CUT,2,3,0,0,"tail_cont_enabled=1 tail_active_dims=(1,) tail_delta=0.1 tail_start=(6, 6, 6) returned_y=(4, 1, 2) returned_b=(0, 0, 0) returned_u=(0, 0, 0) returned_zcap=(4, 1, 2) max_tail_u=0",NA
120,P1_no_rho,131,1496.3797627999447,5.724496999988332,11.315157299977727,0.17268540000077337,0.01,64633.24621689834,64633.24621689834,-77800.92565293108,-56435.79987245666,-20686.402125262215,-26519.785769108326,-79455.35159842302,-79455.33597308966,-68425.41736311071,-26519.785769108326,41905.631594002385,41905.63159400238,-25723.98260723658,38782.0,nan,nan,1.5000000000000002,10.0,0.0,0.0,10.0,0.85,CORE,MAIN,1.2074917524163329,0.2556836679991492,0.6,0.174,-68425.41736311071,STRUCTURAL,-0.9236476263189639,-204475.2754284117,29400.0,0,0,0,0,0,0,0,inf,inf,NA,1,5,5,5,26,6,0,0,CONTINUE,0,A,1,1,0,KEEP_STRUCTURAL_IN_ON_CUT,2,3,0,0,"tail_cont_enabled=1 tail_active_dims=(1,) tail_delta=0.1 tail_start=(6, 6, 6) returned_y=(1, 4, 3) returned_b=(0, 0, 0) returned_u=(0, 0, 0) returned_zcap=(1, 4, 3) max_tail_u=0",NA
120,P1_no_rho,132,1507.1258125000168,5.724496999988332,10.745504199992865,0.17196310008876026,0.01,63581.46094609794,63581.46094609794,-77800.92565293108,-56593.56766307672,-20686.402125262215,-26519.785769108326,-77424.0703503332,-77424.05513308365,-68425.41736311071,-26519.785769108326,41905.631594002385,41905.63159400238,-24460.68445474366,39641.0,nan,nan,1.5000000000000002,10.0,0.0,0.0,10.0,0.85,CORE,MAIN,1.207259529614747,0.2723386421329538,0.6,0.174,-68425.41736311071,STRUCTURAL,-0.8907170299830979,-204475.2754284117,29400.0,0,0,0,0,0,0,0,inf,inf,NA,1,5,5,5,26,6,0,0,CONTINUE,0,A,1,1,0,KEEP_STRUCTURAL_IN_ON_CUT,2,3,0,0,"tail_cont_enabled=1 tail_active_dims=(1,) tail_delta=0.1 tail_start=(6, 6, 6) returned_y=(0, 6, 2) returned_b=(0, 1, 0) returned_u=(0, 0.1, 0) returned_zcap=(0, 6.1, 2) max_tail_u=0.1",NA
120,P1_no_rho,133,1515.1876285999315,5.724496999988332,8.061336199985817,0.168332300032489,0.01,52851.934912286604,52851.934912286604,-77800.92565293108,-58202.99656814842,-20686.402125262215,-26519.785769108326,-82519.6019497887,-82519.58603586687,-68425.41736311071,-26519.785769108326,41905.631594002385,41905.63159400238,-27988.575854871186,42271.0,nan,nan,1.5000000000000002,10.0,0.0,0.0,10.0,0.85,CORE,MAIN,1.2062305444936563,0.23553501347889572,0.6,0.174,-68425.41736311071,STRUCTURAL,-0.8600223980348339,-204475.2754284117,29400.0,0,0,0,0,0,0,0,inf,inf,NA,1,5,5,5,26,6,0,0,CONTINUE,0,A,1,1,0,KEEP_STRUCTURAL_IN_ON_CUT,2,3,0,0,"tail_cont_enabled=1 tail_active_dims=(1,) tail_delta=0.1 tail_start=(6, 6, 6) returned_y=(0, 6, 2) returned_b=(0, 1, 0) returned_u=(0, 0.1, 0) returned_zcap=(0, 6.1, 2) max_tail_u=0.1",NA
120,P1_no_rho,134,1522.613042699988,5.724496999988332,7.424936300027184,0.16145530005451292,0.01,55042.83219029912,55042.83219029912,-77800.92565293108,-57874.36197644654,-20686.402125262215,-26519.785769108326,-81206.19897643142,-81206.18291657064,-68425.41736311071,-26519.785769108326,41905.631594002385,41905.63159400238,-27179.040968702666,37953.0,nan,nan,1.5000000000000002,10.0,0.0,0.0,10.0,0.85,CORE,MAIN,1.2052457845024356,0.2423741811800797,0.6,0.174,-68425.41736311071,STRUCTURAL,-0.9490183814695015,-204475.2754284117,29400.0,0,0,0,0,0,0,0,inf,inf,NA,1,5,5,5,26,6,0,0,CONTINUE,0,A,1,1,0,KEEP_STRUCTURAL_IN_ON_CUT,2,3,0,0,"tail_cont_enabled=1 tail_active_dims=(1,) tail_delta=0.1 tail_start=(6, 6, 6) returned_y=(4, 1, 2) returned_b=(0, 0, 0) returned_u=(0, 0, 0) returned_zcap=(4, 1, 2) max_tail_u=0",NA
120,P1_no_rho,135,1546.2468323999783,5.724496999988332,23.63325850002002,0.1661166000412777,0.01,57069.07336280577,57069.07336280577,-77800.92565293108,-57570.42580057054,-20686.402125262215,-26519.785769108326,-80260.64750725342,-80260.63176773771,-68425.41736311071,-26519.785769108326,41905.631594002385,41905.63159400238,-25872.823066668458,40992.5,nan,nan,1.5000000000000002,10.0,0.0,0.0,10.0,0.85,CORE,MAIN,1.204695044769048,0.2541983726084861,0.6,0.174,-68425.41736311071,STRUCTURAL,-0.8845164148087131,-204475.2754284117,29400.0,0,0,0,0,0,0,0,inf,inf,NA,1,5,5,5,26,6,0,0,CONTINUE,0,A,1,1,0,KEEP_STRUCTURAL_IN_ON_CUT,2,3,0,0,"tail_cont_enabled=1 tail_active_dims=(1,) tail_delta=0.1 tail_start=(6, 6, 6) returned_y=(0, 6, 2) returned_b=(0, 1, 0) returned_u=(0, 0.1, 0) returned_zcap=(0, 6.1, 2) max_tail_u=0.1",NA
120,P1_no_rho,136,1556.9955699000275,5.724496999988332,10.748118600109592,0.1696730999974534,0.01,50868.30123294728,50868.30123294728,-77800.92565293108,-58500.54162004932,-20686.402125262215,-26519.785769108326,-79619.73001545151,-79619.71427326798,-68425.41736311071,-26519.785769108326,41905.631594002385,41905.63159400238,-26889.068120781776,38293.5,nan,nan,1.5000000000000002,10.0,0.0,0.0,10.0,0.85,CORE,MAIN,1.2076862763463216,0.24235515205250746,0.6,0.174,-68425.41736311071,STRUCTURAL,-0.9180086464193001,-204475.2754284117,29400.0,0,0,0,0,0,0,0,inf,inf,NA,1,5,5,5,26,6,0,0,CONTINUE,0,A,1,1,0,KEEP_STRUCTURAL_IN_ON_CUT,2,3,0,0,"tail_cont_enabled=1 tail_active_dims=(1,) tail_delta=0.1 tail_start=(6, 6, 6) returned_y=(1, 4, 3) returned_b=(0, 0, 0) returned_u=(0, 0, 0) returned_zcap=(1, 4, 3) max_tail_u=0",NA
120,P1_no_rho,137,1567.606604199973,5.724496999988332,10.610427499981597,0.16938420000951737,0.01,71619.2070598993,71619.2070598993,-77800.92565293108,-55387.905746006516,-20686.402125262215,-26519.785769108326,-77091.17215329403,-77091.15719017945,-68425.41736311071,-26519.785769108326,41905.631594002385,41905.63159400238,-24474.421580867365,39767.5,nan,nan,1.5000000000000002,10.0,0.0,0.0,10.0,0.85,CORE,MAIN,1.209986165474617,0.2643223843134396,0.6,0.174,-68425.41736311071,STRUCTURAL,-0.882072640712677,-204475.2754284117,29400.0,0,0,0,0,0,0,0,inf,inf,NA,1,5,5,5,26,6,0,0,CONTINUE,0,A,1,1,0,KEEP_STRUCTURAL_IN_ON_CUT,2,3,0,0,"tail_cont_enabled=1 tail_active_dims=(1,) tail_delta=0.1 tail_start=(6, 6, 6) returned_y=(6, 0, 0) returned_b=(1, 0, 0) returned_u=(0, 0, 0) returned_zcap=(6, 0, 0) max_tail_u=0",NA
120,P1_no_rho,138,1578.2444804999977,5.724496999988332,10.637325400020927,0.18143880006391555,0.01,55436.7039921929,55436.7039921929,-77800.92565293108,-57815.28120616247,-20686.402125262215,-26519.785769108326,-77485.23568813893,-77485.22047358891,-68425.41736311071,-26519.785769108326,41905.631594002385,41905.63159400238,-25095.50713366747,37101.0,nan,nan,1.5000000000000002,10.0,0.0,0.0,10.0,0.85,CORE,MAIN,1.2116750638682843,0.24688991327480803,0.6,0.174,-68425.41736311071,STRUCTURAL,-0.9413890612098762,-204475.2754284117,29400.0,0,0,0,0,0,0,0,inf,inf,NA,1,5,5,5,26,6,0,0,CONTINUE,0,A,1,1,0,KEEP_STRUCTURAL_IN_ON_CUT,2,3,0,0,"tail_cont_enabled=1 tail_active_dims=(1,) tail_delta=0.1 tail_start=(6, 6, 6) returned_y=(4, 1, 2) returned_b=(0, 0, 0) returned_u=(0, 0, 0) returned_zcap=(4, 1, 2) max_tail_u=0",NA
120,P1_no_rho,139,1589.8887727999827,5.724496999988332,11.643767700064927,0.1604132999200374,0.01,67497.96098329022,67497.96098329022,-77800.92565293108,-56006.09265749788,-20686.402125262215,-26519.785769108326,-80820.24330527395,-80820.22756025764,-68425.41736311071,-26519.785769108326,41905.631594002385,41905.63159400238,-26720.43737731898,38427.0,nan,nan,1.5000000000000002,10.0,0.0,0.0,10.0,0.85,CORE,MAIN,1.2124920245108743,0.25043233277629273,0.6,0.174,-68425.41736311071,STRUCTURAL,-0.938572534640377,-204475.2754284117,29400.0,0,0,0,0,0,0,0,inf,inf,NA,1,5,5,5,26,6,0,0,CONTINUE,0,A,1,1,0,KEEP_STRUCTURAL_IN_ON_CUT,2,3,0,0,"tail_cont_enabled=1 tail_active_dims=(1,) tail_delta=0.1 tail_start=(6, 6, 6) returned_y=(4, 1, 2) returned_b=(0, 0, 0) returned_u=(0, 0, 0) returned_zcap=(4, 1, 2) max_tail_u=0",NA
120,P1_no_rho,140,1612.026739599998,5.724496999988332,22.137547100079246,0.16489120002370328,0.01,47537.830139558006,47537.830139558006,-77800.92565293108,-59000.11228405771,-20686.402125262215,-26519.785769108326,-76841.30556015055,-76841.29067455264,-68425.41736311071,-26519.785769108326,41905.631594002385,41905.63159400238,-26018.159730731357,38412.5,nan,nan,1.5000000000000002,10.0,0.0,0.0,10.0,0.85,CORE,MAIN,1.2134729828698319,0.25024202015408736,0.6,0.174,-68425.41736311071,STRUCTURAL,-0.8820588947837515,-204475.2754284117,29400.0,0,0,0,0,0,0,0,inf,inf,NA,1,5,5,5,26,6,0,0,CONTINUE,0,A,1,1,0,KEEP_STRUCTURAL_IN_ON_CUT,2,3,0,0,"tail_cont_enabled=1 tail_active_dims=(1,) tail_delta=0.1 tail_start=(6, 6, 6) returned_y=(2, 0, 6) returned_b=(0, 0, 1) returned_u=(0, 0, 0) returned_zcap=(2, 0, 6) max_tail_u=0",NA
120,P1_no_rho,141,1620.1499309999635,5.724496999988332,8.122597299981862,0.16654100001323968,0.01,58637.36386102996,58637.36386102996,-77800.92565293108,-57335.182225836914,-20686.402125262215,-26519.785769108326,-80808.24623456203,-80808.23029995579,-68425.41736311071,-26519.785769108326,41905.631594002385,41905.63159400238,-27066.949375175718,39160.0,nan,nan,1.5000000000000002,10.0,0.0,0.0,10.0,0.85,CORE,MAIN,1.2136875639558926,0.24533043436510504,0.6,0.174,-68425.41736311071,STRUCTURAL,-0.9149009350490306,-204475.2754284117,29400.0,0,0,0,0,0,0,0,inf,inf,NA,1,5,5,5,26,6,0,0,CONTINUE,0,A,1,1,0,KEEP_STRUCTURAL_IN_ON_CUT,2,3,0,0,"tail_cont_enabled=1 tail_active_dims=(1,) tail_delta=0.1 tail_start=(6, 6, 6) returned_y=(1, 4, 3) returned_b=(0, 0, 0) returned_u=(0, 0, 0) returned_zcap=(1, 4, 3) max_tail_u=0",NA
120,P1_no_rho,142,1631.6644133999944,5.724496999988332,11.513782800058834,0.16063020005822182,0.01,55421.76243739893,55421.76243739893,-77800.92565293108,-57817.52243938157,-20686.402125262215,-26519.785769108326,-78507.4115276291,-78507.39600148475,-68425.41736311071,-26519.785769108326,41905.631594002385,41905.63159400238,-25575.486702858063,38380.5,nan,nan,1.5000000000000002,10.0,0.0,0.0,10.0,0.85,CORE,MAIN,1.2140051674741275,0.24509433504607792,0.6,0.174,-68425.41736311071,STRUCTURAL,-0.9194236534807463,-204475.2754284117,29400.0,0,0,0,0,0,0,0,inf,inf,NA,1,5,5,5,26,6,0,0,CONTINUE,0,A,1,1,0,KEEP_STRUCTURAL_IN_ON_CUT,2,3,0,0,"tail_cont_enabled=1 tail_active_dims=(1,) tail_delta=0.1 tail_start=(6, 6, 6) returned_y=(1, 4, 3) returned_b=(0, 0, 0) returned_u=(0, 0, 0) returned_zcap=(1, 4, 3) max_tail_u=0",NA
120,P1_no_rho,143,1642.002775699948,5.724496999988332,10.337600399972871,0.1670207999413833,0.01,65631.61351709947,65631.61351709947,-77800.92565293108,-56286.04477742649,-20686.402125262215,-26519.785769108326,-81647.0171011361,-81647.00106711285,-68425.41736311071,-26519.785769108326,41905.631594002385,41905.63159400238,-27779.508394028533,38505.5,nan,nan,1.5000000000000002,10.0,0.0,0.0,10.0,0.85,CORE,MAIN,1.213567594286744,0.2570395025409782,0.6,0.174,-68425.41736311071,STRUCTURAL,-0.9326372020115622,-204475.2754284117,29400.0,0,0,0,0,0,0,0,inf,inf,NA,1,5,5,5,26,6,0,0,CONTINUE,0,A,1,1,0,KEEP_STRUCTURAL_IN_ON_CUT,2,3,0,0,"tail_cont_enabled=1 tail_active_dims=(1,) tail_delta=0.1 tail_start=(6, 6, 6) returned_y=(1, 4, 3) returned_b=(0, 0, 0) returned_u=(0, 0, 0) returned_zcap=(1, 4, 3) max_tail_u=0",NA
120,P1_no_rho,144,1649.8303197999485,5.724496999988332,7.827000299934298,0.1581967999227345,0.01,63500.77254585237,63500.77254585237,-77800.92565293108,-56605.670923113554,-20686.402125262215,-26519.785769108326,-78986.44587954575,-78986.43043662776,-68425.41736311071,-26519.785769108326,41905.631594002385,41905.63159400238,-24917.795715762582,39878.0,nan,nan,1.5000000000000002,10.0,0.0,0.0,10.0,0.85,CORE,MAIN,1.2133804878934797,0.2625465839462432,0.6,0.174,-68425.41736311071,STRUCTURAL,-0.9039008094833441,-204475.2754284117,29400.0,0,0,0,0,0,0,0,inf,inf,NA,1,5,5,5,26,6,0,0,CONTINUE,0,A,1,1,0,KEEP_STRUCTURAL_IN_ON_CUT,2,3,0,0,"tail_cont_enabled=1 tail_active_dims=(1,) tail_delta=0.1 tail_start=(6, 6, 6) returned_y=(6, 0, 0) returned_b=(1, 0, 0) returned_u=(0, 0, 0) returned_zcap=(6, 0, 0) max_tail_u=0",NA
120,P1_no_rho,145,1672.5681810999522,5.724496999988332,22.737447099993005,0.1812756999861449,0.01,62081.85442930214,62081.85442930214,-77800.92565293108,-56818.50864059609,-20686.402125262215,-26519.785769108326,-78560.23156621127,-78560.21614876285,-68425.41736311071,-26519.785769108326,41905.631594002385,41905.63159400238,-25153.71346334824,37410.0,nan,nan,1.5000000000000002,10.0,0.0,0.0,10.0,0.85,CORE,MAIN,1.2135315706166596,0.2496530291981876,0.6,0.174,-68425.41736311071,STRUCTURAL,-0.9517330960601371,-204475.2754284117,29400.0,0,0,0,0,0,0,0,inf,inf,NA,1,5,5,5,26,6,0,0,CONTINUE,0,A,1,1,0,KEEP_STRUCTURAL_IN_ON_CUT,2,3,0,0,"tail_cont_enabled=1 tail_active_dims=(1,) tail_delta=0.1 tail_start=(6, 6, 6) returned_y=(4, 1, 2) returned_b=(0, 0, 0) returned_u=(0, 0, 0) returned_zcap=(4, 1, 2) max_tail_u=0",NA
120,P1_no_rho,146,1680.2297367999563,5.724496999988332,7.661153099965304,0.1599425000604242,0.01,53251.91835509346,53251.91835509346,-77800.92565293108,-58142.99905172739,-20686.402125262215,-26519.785769108326,-77668.19376189499,-77668.17862755651,-68425.41736311071,-26519.785769108326,41905.631594002385,41905.63159400238,-25251.782402594537,36600.0,nan,nan,1.5000000000000002,10.0,0.0,0.0,10.0,0.85,CORE,MAIN,1.2143449923821867,0.24595452212815005,0.6,0.174,-68425.41736311071,STRUCTURAL,-0.9547613155730778,-204475.2754284117,29400.0,0,0,0,0,0,0,0,inf,inf,NA,1,5,5,5,26,6,0,0,CONTINUE,0,A,1,1,0,KEEP_STRUCTURAL_IN_ON_CUT,2,3,0,0,"tail_cont_enabled=1 tail_active_dims=(1,) tail_delta=0.1 tail_start=(6, 6, 6) returned_y=(4, 1, 2) returned_b=(0, 0, 0) returned_u=(0, 0, 0) returned_zcap=(4, 1, 2) max_tail_u=0",NA
120,P1_no_rho,147,1691.7651864999207,5.724496999988332,11.5348824999528,0.16405040002427995,0.01,56377.35466691044,56377.35466691044,-77800.92565293108,-57674.183604954844,-20686.402125262215,-26519.785769108326,-81038.75395766758,-81038.73857475744,-68425.41736311071,-26519.785769108326,41905.631594002385,41905.63159400238,-26910.528435357446,41697.5,nan,nan,1.5000000000000002,10.0,0.0,0.0,10.0,0.85,CORE,MAIN,1.2144999232182088,0.2580995664818372,0.6,0.174,-68425.41736311071,STRUCTURAL,-0.8654109581213901,-204475.2754284117,29400.0,0,0,0,0,0,0,0,inf,inf,NA,1,5,5,5,26,6,0,0,CONTINUE,0,A,1,1,0,KEEP_STRUCTURAL_IN_ON_CUT,2,3,0,0,"tail_cont_enabled=1 tail_active_dims=(1,) tail_delta=0.1 tail_start=(6, 6, 6) returned_y=(0, 6, 2) returned_b=(0, 1, 0) returned_u=(0, 0.1, 0) returned_zcap=(0, 6.1, 2) max_tail_u=0.1",NA
120,P1_no_rho,148,1702.579532600008,5.724496999988332,10.813883800059557,0.20695160003378987,0.01,59588.57788697797,59588.57788697797,-77800.92565293108,-57192.500121944715,-20686.402125262215,-26519.785769108326,-79394.590169796,-79394.57458404914,-68425.41736311071,-26519.785769108326,41905.631594002385,41905.63159400238,-26551.592483857356,38318.5,nan,nan,1.5000000000000002,10.0,0.0,0.0,10.0,0.85,CORE,MAIN,1.2145988273586394,0.27046293766176543,0.6,0.174,-68425.41736311071,STRUCTURAL,-0.9193641383003301,-204475.2754284117,29400.0,0,0,0,0,0,0,0,inf,inf,NA,1,5,5,5,26,6,0,0,CONTINUE,0,A,1,1,0,KEEP_STRUCTURAL_IN_ON_CUT,2,3,0,0,"tail_cont_enabled=1 tail_active_dims=(1,) tail_delta=0.1 tail_start=(6, 6, 6) returned_y=(1, 4, 3) returned_b=(0, 0, 0) returned_u=(0, 0, 0) returned_zcap=(1, 4, 3) max_tail_u=0",NA
120,P1_no_rho,149,1710.7445602000225,5.724496999988332,8.164550100103952,0.1677676000399515,0.01,65577.56967297655,65577.56967297655,-77800.92565293108,-56294.15135404492,-20686.402125262215,-26519.785769108326,-79246.11537581193,-79246.09981852685,-68425.41736311071,-26519.785769108326,41905.631594002385,41905.63159400238,-25310.404320126574,40490.0,nan,nan,1.5000000000000002,10.0,0.0,0.0,10.0,0.85,CORE,MAIN,1.2148230190610139,0.25715776079352287,0.6,0.174,-68425.41736311071,STRUCTURAL,-0.8880496500930319,-204475.2754284117,29400.0,0,0,0,0,0,0,0,inf,inf,NA,1,5,5,5,26,6,0,0,CONTINUE,0,A,1,1,0,KEEP_STRUCTURAL_IN_ON_CUT,2,3,0,0,"tail_cont_enabled=1 tail_active_dims=(1,) tail_delta=0.1 tail_start=(6, 6, 6) returned_y=(0, 6, 2) returned_b=(0, 1, 0) returned_u=(0, 0.1, 0) returned_zcap=(0, 6.1, 2) max_tail_u=0.1",NA
120,P1_no_rho,150,1734.7247559999814,5.724496999988332,23.979668600019068,0.15445010003168136,0.01,60386.53833118652,60386.53833118652,-77800.92565293108,-57072.80605531343,-20686.402125262215,-26519.785769108326,-82934.2491852946,-82934.23305326472,-68425.41736311071,-26519.785769108326,41905.631594002385,41905.63159400238,-27835.80558459172,41345.5,nan,nan,1.5000000000000002,10.0,0.0,0.0,10.0,0.85,CORE,MAIN,1.2142447279816524,0.2521252379832294,0.6,0.174,-68425.41736311071,STRUCTURAL,-0.8884228024601307,-204475.2754284117,29400.0,0,0,0,0,0,0,0,inf,inf,NA,1,5,5,5,26,6,0,0,CONTINUE,0,A,1,1,0,KEEP_STRUCTURAL_IN_ON_CUT,2,3,0,0,"tail_cont_enabled=1 tail_active_dims=(1,) tail_delta=0.1 tail_start=(6, 6, 6) returned_y=(0, 6, 2) returned_b=(0, 1, 0) returned_u=(0, 0.1, 0) returned_zcap=(0, 6.1, 2) max_tail_u=0.1",NA
120,P1_no_rho,151,1741.879857199965,5.724496999988332,7.154601900023408,0.1573940000962466,0.01,59382.51037695027,59382.51037695027,-77800.92565293108,-57223.41024844887,-20686.402125262215,-26519.785769108326,-78630.03534271009,-78630.01980144915,-68425.41736311071,-26519.785769108326,41905.631594002385,41905.63159400238,-25049.595010824294,39338.5,nan,nan,1.5000000000000002,10.0,0.0,0.0,10.0,0.85,CORE,MAIN,1.2142066453856533,0.25199320332325303,0.6,0.174,-68425.41736311071,STRUCTURAL,-0.9080235187856655,-204475.2754284117,29400.0,0,0,0,0,0,0,0,inf,inf,NA,1,5,5,5,26,6,0,0,CONTINUE,0,A,1,1,0,KEEP_STRUCTURAL_IN_ON_CUT,2,3,0,0,"tail_cont_enabled=1 tail_active_dims=(1,) tail_delta=0.1 tail_start=(6, 6, 6) returned_y=(2, 0, 6) returned_b=(0, 0, 1) returned_u=(0, 0, 0) returned_zcap=(2, 0, 6) max_tail_u=0",NA
120,P1_no_rho,152,1752.7275750000263,5.724496999988332,10.847100300015882,0.16553730005398393,0.01,54676.89563074477,54676.89563074477,-77800.92565293108,-57929.25246037969,-20686.402125262215,-26519.785769108326,-76904.44699879354,-76904.43188221454,-68425.41736311071,-26519.785769108326,41905.631594002385,41905.63159400238,-24325.39616037047,38765.0,nan,nan,1.5000000000000002,10.0,0.0,0.0,10.0,0.85,CORE,MAIN,1.2141651581249346,0.2668925842342149,0.6,0.174,-68425.41736311071,STRUCTURAL,-0.9042355341475399,-204475.2754284117,29400.0,0,0,0,0,0,0,0,inf,inf,NA,1,5,5,5,26,6,0,0,CONTINUE,0,A,1,1,0,KEEP_STRUCTURAL_IN_ON_CUT,2,3,0,0,"tail_cont_enabled=1 tail_active_dims=(1,) tail_delta=0.1 tail_start=(6, 6, 6) returned_y=(2, 0, 6) returned_b=(0, 0, 1) returned_u=(0, 0, 0) returned_zcap=(2, 0, 6) max_tail_u=0",NA
120,P1_no_rho,153,1764.0266762999818,5.724496999988332,11.29855409997981,0.1808012000983581,0.01,60916.273912029494,60916.273912029494,-77800.92565293108,-56993.34571818699,-20686.402125262215,-26519.785769108326,-80095.66567131535,-80095.65002372695,-68425.41736311071,-26519.785769108326,41905.631594002385,41905.63159400238,-25738.915692393908,37477.0,nan,nan,1.5000000000000002,10.0,0.0,0.0,10.0,0.85,CORE,MAIN,1.2139640478610332,0.2587210406893524,0.6,0.174,-68425.41736311071,STRUCTURAL,-0.9669349971330512,-204475.2754284117,29400.0,0,0,0,0,0,0,0,inf,inf,NA,1,5,5,5,26,6,0,0,CONTINUE,0,A,1,1,0,KEEP_STRUCTURAL_IN_ON_CUT,2,3,0,0,"tail_cont_enabled=1 tail_active_dims=(1,) tail_delta=0.1 tail_start=(6, 6, 6) returned_y=(4, 1, 2) returned_b=(0, 0, 0) returned_u=(0, 0, 0) returned_zcap=(4, 1, 2) max_tail_u=0",NA
120,P1_no_rho,154,1774.8494900999358,5.724496999988332,10.822146899998188,0.1670703999698162,0.01,55273.1415493526,55273.1415493526,-77800.92565293108,-57839.815572588515,-20686.402125262215,-26519.785769108326,-80583.76122586458,-80583.74546142979,-68425.41736311071,-26519.785769108326,41905.631594002385,41905.63159400238,-26670.931806067365,38963.5,nan,nan,1.5000000000000002,10.0,0.0,0.0,10.0,0.85,CORE,MAIN,1.2135872506637024,0.2592278003480092,0.6,0.174,-68425.41736311071,STRUCTURAL,-0.9224498766856571,-204475.2754284117,29400.0,0,0,0,0,0,0,0,inf,inf,NA,1,5,5,5,26,6,0,0,CONTINUE,0,A,1,1,0,KEEP_STRUCTURAL_IN_ON_CUT,2,3,0,0,"tail_cont_enabled=1 tail_active_dims=(1,) tail_delta=0.1 tail_start=(6, 6, 6) returned_y=(1, 4, 3) returned_b=(0, 0, 0) returned_u=(0, 0, 0) returned_zcap=(1, 4, 3) max_tail_u=0",NA
120,P1_no_rho,155,1797.705017899978,5.724496999988332,22.85492900002282,0.15898870001547039,0.01,61694.737687407614,61694.737687407614,-77800.92565293108,-56876.57615188027,-20686.402125262215,-26519.785769108326,-79474.46857289388,-79474.45290823716,-68425.41736311071,-26519.785769108326,41905.631594002385,41905.63159400238,-26911.08107927141,38435.5,nan,nan,1.5000000000000002,10.0,0.0,0.0,10.0,0.85,CORE,MAIN,1.213392305144225,0.26800651054231184,0.6,0.174,-68425.41736311071,STRUCTURAL,-0.9117156765484298,-204475.2754284117,29400.0,0,0,0,0,0,0,0,inf,inf,NA,1,5,5,5,26,6,0,0,CONTINUE,0,A,1,1,0,KEEP_STRUCTURAL_IN_ON_CUT,2,3,0,0,"tail_cont_enabled=1 tail_active_dims=(1,) tail_delta=0.1 tail_start=(6, 6, 6) returned_y=(1, 4, 3) returned_b=(0, 0, 0) returned_u=(0, 0, 0) returned_zcap=(1, 4, 3) max_tail_u=0",NA
