table,instance_id,method,field,source_file,source_column,source_data_row,transformation
results/local_side_scaling_results.csv,B0300,Gurobi,reported_lower_bound,results/source_summaries/2d/B0300/Gurobi.csv,best_bound,1,identity/string copy
results/local_side_scaling_results.csv,B0300,Gurobi,reported_upper_bound,results/source_summaries/2d/B0300/Gurobi.csv,incumbent_obj,1,identity/string copy
results/local_side_scaling_results.csv,B0300,Gurobi,reported_relative_gap,results/source_summaries/2d/B0300/Gurobi.csv,cert_rel_gap,1,identity/string copy
results/local_side_scaling_results.csv,B0300,Gurobi,reported_gap_percent,results/source_summaries/2d/B0300/Gurobi.csv,cert_rel_gap_percent,1,identity/string copy
results/local_side_scaling_results.csv,B0300,Gurobi,runtime_sec,results/source_summaries/2d/B0300/Gurobi.csv,runtime,1,identity/string copy
results/local_side_scaling_results.csv,B0300,Gurobi,residual,results/source_summaries/2d/B0300/Gurobi.csv,residual_linf,1,identity/string copy
results/local_side_scaling_results.csv,B0300,Gurobi,stop_reason,results/source_summaries/2d/B0300/Gurobi.csv,status,1,identity/string copy
results/local_side_scaling_results.csv,B0300,Gurobi,first_hit_checkpoint_time_sec,results/source_summaries/2d/B0300/Gurobi.csv,first_hit_checkpoint_time_sec,1,identity/string copy
results/local_side_scaling_results.csv,B0300,Gurobi,first_hit_checkpoint_rel_gap,results/source_summaries/2d/B0300/Gurobi.csv,first_hit_checkpoint_rel_gap,1,identity/string copy
results/local_side_scaling_results.csv,B0300,Gurobi,first_hit_stop_time_sec,results/source_summaries/2d/B0300/Gurobi.csv,first_hit_stop_time_sec,1,identity/string copy
results/local_side_scaling_results.csv,B0300,Gurobi,first_hit_stop_rel_gap,results/source_summaries/2d/B0300/Gurobi.csv,first_hit_stop_rel_gap,1,identity/string copy
results/local_side_scaling_results.csv,B0300,SCP-ALM,reported_lower_bound,results/source_summaries/2d/B0300/SCP_ALM.csv,global_lb,1,identity/string copy
results/local_side_scaling_results.csv,B0300,SCP-ALM,reported_upper_bound,results/source_summaries/2d/B0300/SCP_ALM.csv,global_ub,1,identity/string copy
results/local_side_scaling_results.csv,B0300,SCP-ALM,reported_absolute_gap,results/source_summaries/2d/B0300/SCP_ALM.csv,objective_cert_gap,1,identity/string copy
results/local_side_scaling_results.csv,B0300,SCP-ALM,reported_relative_gap,results/source_summaries/2d/B0300/SCP_ALM.csv,cert_rel_gap,1,identity/string copy
results/local_side_scaling_results.csv,B0300,SCP-ALM,reported_gap_percent,results/source_summaries/2d/B0300/SCP_ALM.csv,cert_rel_gap_percent,1,identity/string copy
results/local_side_scaling_results.csv,B0300,SCP-ALM,runtime_sec,results/source_summaries/2d/B0300/SCP_ALM.csv,total_time_sec,1,identity/string copy
results/local_side_scaling_results.csv,B0300,SCP-ALM,residual,results/source_summaries/2d/B0300/SCP_ALM.csv,returned_primal_residual,1,identity/string copy
results/local_side_scaling_results.csv,B0300,SCP-ALM,stop_reason,results/source_summaries/2d/B0300/SCP_ALM.csv,stop_reason,1,identity/string copy
results/local_side_scaling_results.csv,B0300,SCP-ALM,first_hit_checkpoint_time_sec,results/source_summaries/2d/B0300/SCP_ALM.csv,first_hit_checkpoint_time_sec,1,identity/string copy
results/local_side_scaling_results.csv,B0300,SCP-ALM,first_hit_checkpoint_rel_gap,results/source_summaries/2d/B0300/SCP_ALM.csv,first_hit_checkpoint_rel_gap,1,identity/string copy
results/local_side_scaling_results.csv,B0300,SCP-ALM,first_hit_stop_time_sec,results/source_summaries/2d/B0300/SCP_ALM.csv,first_hit_stop_time_sec,1,identity/string copy
results/local_side_scaling_results.csv,B0300,SCP-ALM,first_hit_stop_rel_gap,results/source_summaries/2d/B0300/SCP_ALM.csv,first_hit_stop_rel_gap,1,identity/string copy
results/local_side_scaling_results.csv,B0300,RD-ALM,reported_lower_bound,results/source_summaries/2d/B0300/RD_ALM.csv,p2_certified_global_lb,1,identity/string copy
results/local_side_scaling_results.csv,B0300,RD-ALM,reported_upper_bound,results/source_summaries/2d/B0300/RD_ALM.csv,p2_certified_ub,1,identity/string copy
results/local_side_scaling_results.csv,B0300,RD-ALM,reported_absolute_gap,results/source_summaries/2d/B0300/RD_ALM.csv,p2_certified_gap,1,identity/string copy
results/local_side_scaling_results.csv,B0300,RD-ALM,reported_relative_gap,results/source_summaries/2d/B0300/RD_ALM.csv,p2_certified_rel_gap,1,identity/string copy
results/local_side_scaling_results.csv,B0300,RD-ALM,reported_gap_percent,results/source_summaries/2d/B0300/RD_ALM.csv,p2_certified_rel_gap_percent,1,identity/string copy
results/local_side_scaling_results.csv,B0300,RD-ALM,runtime_sec,results/source_summaries/2d/B0300/RD_ALM.csv,p2_certified_total_time_sec,1,identity/string copy
results/local_side_scaling_results.csv,B0300,RD-ALM,residual,results/source_summaries/2d/B0300/RD_ALM.csv,p2_certified_residual,1,identity/string copy
results/local_side_scaling_results.csv,B0300,RD-ALM,stop_reason,results/source_summaries/2d/B0300/RD_ALM.csv,stop_reason,1,identity/string copy
results/local_side_scaling_results.csv,B0300,SCP-LR,reported_lower_bound,results/source_summaries/2d/B0300/SCP_LR.csv,global_lb,1,identity/string copy
results/local_side_scaling_results.csv,B0300,SCP-LR,reported_upper_bound,results/source_summaries/2d/B0300/SCP_LR.csv,global_ub,1,identity/string copy
results/local_side_scaling_results.csv,B0300,SCP-LR,reported_absolute_gap,results/source_summaries/2d/B0300/SCP_LR.csv,objective_cert_gap,1,identity/string copy
results/local_side_scaling_results.csv,B0300,SCP-LR,reported_relative_gap,results/source_summaries/2d/B0300/SCP_LR.csv,cert_rel_gap,1,identity/string copy
results/local_side_scaling_results.csv,B0300,SCP-LR,reported_gap_percent,results/source_summaries/2d/B0300/SCP_LR.csv,cert_rel_gap_percent,1,identity/string copy
results/local_side_scaling_results.csv,B0300,SCP-LR,runtime_sec,results/source_summaries/2d/B0300/SCP_LR.csv,total_time_sec,1,identity/string copy
results/local_side_scaling_results.csv,B0300,SCP-LR,residual,results/source_summaries/2d/B0300/SCP_LR.csv,returned_primal_residual,1,identity/string copy
results/local_side_scaling_results.csv,B0300,SCP-LR,stop_reason,results/source_summaries/2d/B0300/SCP_LR.csv,stop_reason,1,identity/string copy
results/local_side_scaling_results.csv,B0300,SCP-LR,first_hit_checkpoint_time_sec,results/source_summaries/2d/B0300/SCP_LR.csv,first_hit_checkpoint_time_sec,1,identity/string copy
results/local_side_scaling_results.csv,B0300,SCP-LR,first_hit_checkpoint_rel_gap,results/source_summaries/2d/B0300/SCP_LR.csv,first_hit_checkpoint_rel_gap,1,identity/string copy
results/local_side_scaling_results.csv,B0300,SCP-LR,first_hit_stop_time_sec,results/source_summaries/2d/B0300/SCP_LR.csv,first_hit_stop_time_sec,1,identity/string copy
results/local_side_scaling_results.csv,B0300,SCP-LR,first_hit_stop_rel_gap,results/source_summaries/2d/B0300/SCP_LR.csv,first_hit_stop_rel_gap,1,identity/string copy
results/local_side_scaling_results.csv,B0360,Gurobi,reported_lower_bound,results/source_summaries/2d/B0360/Gurobi.csv,best_bound,1,identity/string copy
results/local_side_scaling_results.csv,B0360,Gurobi,reported_upper_bound,results/source_summaries/2d/B0360/Gurobi.csv,incumbent_obj,1,identity/string copy
results/local_side_scaling_results.csv,B0360,Gurobi,reported_relative_gap,results/source_summaries/2d/B0360/Gurobi.csv,cert_rel_gap,1,identity/string copy
results/local_side_scaling_results.csv,B0360,Gurobi,reported_gap_percent,results/source_summaries/2d/B0360/Gurobi.csv,cert_rel_gap_percent,1,identity/string copy
results/local_side_scaling_results.csv,B0360,Gurobi,runtime_sec,results/source_summaries/2d/B0360/Gurobi.csv,runtime,1,identity/string copy
results/local_side_scaling_results.csv,B0360,Gurobi,residual,results/source_summaries/2d/B0360/Gurobi.csv,residual_linf,1,identity/string copy
results/local_side_scaling_results.csv,B0360,Gurobi,stop_reason,results/source_summaries/2d/B0360/Gurobi.csv,status,1,identity/string copy
results/local_side_scaling_results.csv,B0360,Gurobi,first_hit_checkpoint_time_sec,results/source_summaries/2d/B0360/Gurobi.csv,first_hit_checkpoint_time_sec,1,identity/string copy
results/local_side_scaling_results.csv,B0360,Gurobi,first_hit_checkpoint_rel_gap,results/source_summaries/2d/B0360/Gurobi.csv,first_hit_checkpoint_rel_gap,1,identity/string copy
results/local_side_scaling_results.csv,B0360,Gurobi,first_hit_stop_time_sec,results/source_summaries/2d/B0360/Gurobi.csv,first_hit_stop_time_sec,1,identity/string copy
results/local_side_scaling_results.csv,B0360,Gurobi,first_hit_stop_rel_gap,results/source_summaries/2d/B0360/Gurobi.csv,first_hit_stop_rel_gap,1,identity/string copy
results/local_side_scaling_results.csv,B0360,SCP-ALM,reported_lower_bound,results/source_summaries/2d/B0360/SCP_ALM.csv,global_lb,1,identity/string copy
results/local_side_scaling_results.csv,B0360,SCP-ALM,reported_upper_bound,results/source_summaries/2d/B0360/SCP_ALM.csv,global_ub,1,identity/string copy
results/local_side_scaling_results.csv,B0360,SCP-ALM,reported_absolute_gap,results/source_summaries/2d/B0360/SCP_ALM.csv,objective_cert_gap,1,identity/string copy
results/local_side_scaling_results.csv,B0360,SCP-ALM,reported_relative_gap,results/source_summaries/2d/B0360/SCP_ALM.csv,cert_rel_gap,1,identity/string copy
results/local_side_scaling_results.csv,B0360,SCP-ALM,reported_gap_percent,results/source_summaries/2d/B0360/SCP_ALM.csv,cert_rel_gap_percent,1,identity/string copy
results/local_side_scaling_results.csv,B0360,SCP-ALM,runtime_sec,results/source_summaries/2d/B0360/SCP_ALM.csv,total_time_sec,1,identity/string copy
results/local_side_scaling_results.csv,B0360,SCP-ALM,residual,results/source_summaries/2d/B0360/SCP_ALM.csv,returned_primal_residual,1,identity/string copy
results/local_side_scaling_results.csv,B0360,SCP-ALM,stop_reason,results/source_summaries/2d/B0360/SCP_ALM.csv,stop_reason,1,identity/string copy
results/local_side_scaling_results.csv,B0360,SCP-ALM,first_hit_checkpoint_time_sec,results/source_summaries/2d/B0360/SCP_ALM.csv,first_hit_checkpoint_time_sec,1,identity/string copy
results/local_side_scaling_results.csv,B0360,SCP-ALM,first_hit_checkpoint_rel_gap,results/source_summaries/2d/B0360/SCP_ALM.csv,first_hit_checkpoint_rel_gap,1,identity/string copy
results/local_side_scaling_results.csv,B0360,SCP-ALM,first_hit_stop_time_sec,results/source_summaries/2d/B0360/SCP_ALM.csv,first_hit_stop_time_sec,1,identity/string copy
results/local_side_scaling_results.csv,B0360,SCP-ALM,first_hit_stop_rel_gap,results/source_summaries/2d/B0360/SCP_ALM.csv,first_hit_stop_rel_gap,1,identity/string copy
results/local_side_scaling_results.csv,B0360,RD-ALM,reported_lower_bound,results/source_summaries/2d/B0360/RD_ALM.csv,p2_certified_global_lb,1,identity/string copy
results/local_side_scaling_results.csv,B0360,RD-ALM,reported_upper_bound,results/source_summaries/2d/B0360/RD_ALM.csv,p2_certified_ub,1,identity/string copy
results/local_side_scaling_results.csv,B0360,RD-ALM,reported_absolute_gap,results/source_summaries/2d/B0360/RD_ALM.csv,p2_certified_gap,1,identity/string copy
results/local_side_scaling_results.csv,B0360,RD-ALM,reported_relative_gap,results/source_summaries/2d/B0360/RD_ALM.csv,p2_certified_rel_gap,1,identity/string copy
results/local_side_scaling_results.csv,B0360,RD-ALM,reported_gap_percent,results/source_summaries/2d/B0360/RD_ALM.csv,p2_certified_rel_gap_percent,1,identity/string copy
results/local_side_scaling_results.csv,B0360,RD-ALM,runtime_sec,results/source_summaries/2d/B0360/RD_ALM.csv,p2_certified_total_time_sec,1,identity/string copy
results/local_side_scaling_results.csv,B0360,RD-ALM,residual,results/source_summaries/2d/B0360/RD_ALM.csv,p2_certified_residual,1,identity/string copy
results/local_side_scaling_results.csv,B0360,RD-ALM,stop_reason,results/source_summaries/2d/B0360/RD_ALM.csv,stop_reason,1,identity/string copy
results/local_side_scaling_results.csv,B0360,SCP-LR,reported_lower_bound,results/source_summaries/2d/B0360/SCP_LR.csv,global_lb,1,identity/string copy
results/local_side_scaling_results.csv,B0360,SCP-LR,reported_upper_bound,results/source_summaries/2d/B0360/SCP_LR.csv,global_ub,1,identity/string copy
results/local_side_scaling_results.csv,B0360,SCP-LR,reported_absolute_gap,results/source_summaries/2d/B0360/SCP_LR.csv,objective_cert_gap,1,identity/string copy
results/local_side_scaling_results.csv,B0360,SCP-LR,reported_relative_gap,results/source_summaries/2d/B0360/SCP_LR.csv,cert_rel_gap,1,identity/string copy
results/local_side_scaling_results.csv,B0360,SCP-LR,reported_gap_percent,results/source_summaries/2d/B0360/SCP_LR.csv,cert_rel_gap_percent,1,identity/string copy
results/local_side_scaling_results.csv,B0360,SCP-LR,runtime_sec,results/source_summaries/2d/B0360/SCP_LR.csv,total_time_sec,1,identity/string copy
results/local_side_scaling_results.csv,B0360,SCP-LR,residual,results/source_summaries/2d/B0360/SCP_LR.csv,returned_primal_residual,1,identity/string copy
results/local_side_scaling_results.csv,B0360,SCP-LR,stop_reason,results/source_summaries/2d/B0360/SCP_LR.csv,stop_reason,1,identity/string copy
results/local_side_scaling_results.csv,B0360,SCP-LR,first_hit_checkpoint_time_sec,results/source_summaries/2d/B0360/SCP_LR.csv,first_hit_checkpoint_time_sec,1,identity/string copy
results/local_side_scaling_results.csv,B0360,SCP-LR,first_hit_checkpoint_rel_gap,results/source_summaries/2d/B0360/SCP_LR.csv,first_hit_checkpoint_rel_gap,1,identity/string copy
results/local_side_scaling_results.csv,B0360,SCP-LR,first_hit_stop_time_sec,results/source_summaries/2d/B0360/SCP_LR.csv,first_hit_stop_time_sec,1,identity/string copy
results/local_side_scaling_results.csv,B0360,SCP-LR,first_hit_stop_rel_gap,results/source_summaries/2d/B0360/SCP_LR.csv,first_hit_stop_rel_gap,1,identity/string copy
results/local_side_scaling_results.csv,B0420,Gurobi,reported_lower_bound,results/source_summaries/2d/B0420/Gurobi.csv,best_bound,1,identity/string copy
results/local_side_scaling_results.csv,B0420,Gurobi,reported_upper_bound,results/source_summaries/2d/B0420/Gurobi.csv,incumbent_obj,1,identity/string copy
results/local_side_scaling_results.csv,B0420,Gurobi,reported_relative_gap,results/source_summaries/2d/B0420/Gurobi.csv,cert_rel_gap,1,identity/string copy
results/local_side_scaling_results.csv,B0420,Gurobi,reported_gap_percent,results/source_summaries/2d/B0420/Gurobi.csv,cert_rel_gap_percent,1,identity/string copy
results/local_side_scaling_results.csv,B0420,Gurobi,runtime_sec,results/source_summaries/2d/B0420/Gurobi.csv,runtime,1,identity/string copy
results/local_side_scaling_results.csv,B0420,Gurobi,residual,results/source_summaries/2d/B0420/Gurobi.csv,residual_linf,1,identity/string copy
results/local_side_scaling_results.csv,B0420,Gurobi,stop_reason,results/source_summaries/2d/B0420/Gurobi.csv,status,1,identity/string copy
results/local_side_scaling_results.csv,B0420,Gurobi,first_hit_checkpoint_time_sec,results/source_summaries/2d/B0420/Gurobi.csv,first_hit_checkpoint_time_sec,1,identity/string copy
results/local_side_scaling_results.csv,B0420,Gurobi,first_hit_checkpoint_rel_gap,results/source_summaries/2d/B0420/Gurobi.csv,first_hit_checkpoint_rel_gap,1,identity/string copy
results/local_side_scaling_results.csv,B0420,Gurobi,first_hit_stop_time_sec,results/source_summaries/2d/B0420/Gurobi.csv,first_hit_stop_time_sec,1,identity/string copy
results/local_side_scaling_results.csv,B0420,Gurobi,first_hit_stop_rel_gap,results/source_summaries/2d/B0420/Gurobi.csv,first_hit_stop_rel_gap,1,identity/string copy
results/local_side_scaling_results.csv,B0420,SCP-ALM,reported_lower_bound,results/source_summaries/2d/B0420/SCP_ALM.csv,global_lb,1,identity/string copy
results/local_side_scaling_results.csv,B0420,SCP-ALM,reported_upper_bound,results/source_summaries/2d/B0420/SCP_ALM.csv,global_ub,1,identity/string copy
results/local_side_scaling_results.csv,B0420,SCP-ALM,reported_absolute_gap,results/source_summaries/2d/B0420/SCP_ALM.csv,objective_cert_gap,1,identity/string copy
results/local_side_scaling_results.csv,B0420,SCP-ALM,reported_relative_gap,results/source_summaries/2d/B0420/SCP_ALM.csv,cert_rel_gap,1,identity/string copy
results/local_side_scaling_results.csv,B0420,SCP-ALM,reported_gap_percent,results/source_summaries/2d/B0420/SCP_ALM.csv,cert_rel_gap_percent,1,identity/string copy
results/local_side_scaling_results.csv,B0420,SCP-ALM,runtime_sec,results/source_summaries/2d/B0420/SCP_ALM.csv,total_time_sec,1,identity/string copy
results/local_side_scaling_results.csv,B0420,SCP-ALM,residual,results/source_summaries/2d/B0420/SCP_ALM.csv,returned_primal_residual,1,identity/string copy
results/local_side_scaling_results.csv,B0420,SCP-ALM,stop_reason,results/source_summaries/2d/B0420/SCP_ALM.csv,stop_reason,1,identity/string copy
results/local_side_scaling_results.csv,B0420,SCP-ALM,first_hit_checkpoint_time_sec,results/source_summaries/2d/B0420/SCP_ALM.csv,first_hit_checkpoint_time_sec,1,identity/string copy
results/local_side_scaling_results.csv,B0420,SCP-ALM,first_hit_checkpoint_rel_gap,results/source_summaries/2d/B0420/SCP_ALM.csv,first_hit_checkpoint_rel_gap,1,identity/string copy
results/local_side_scaling_results.csv,B0420,SCP-ALM,first_hit_stop_time_sec,results/source_summaries/2d/B0420/SCP_ALM.csv,first_hit_stop_time_sec,1,identity/string copy
results/local_side_scaling_results.csv,B0420,SCP-ALM,first_hit_stop_rel_gap,results/source_summaries/2d/B0420/SCP_ALM.csv,first_hit_stop_rel_gap,1,identity/string copy
results/local_side_scaling_results.csv,B0420,RD-ALM,reported_lower_bound,results/source_summaries/2d/B0420/RD_ALM.csv,p2_certified_global_lb,1,identity/string copy
results/local_side_scaling_results.csv,B0420,RD-ALM,reported_upper_bound,results/source_summaries/2d/B0420/RD_ALM.csv,p2_certified_ub,1,identity/string copy
results/local_side_scaling_results.csv,B0420,RD-ALM,reported_absolute_gap,results/source_summaries/2d/B0420/RD_ALM.csv,p2_certified_gap,1,identity/string copy
results/local_side_scaling_results.csv,B0420,RD-ALM,reported_relative_gap,results/source_summaries/2d/B0420/RD_ALM.csv,p2_certified_rel_gap,1,identity/string copy
results/local_side_scaling_results.csv,B0420,RD-ALM,reported_gap_percent,results/source_summaries/2d/B0420/RD_ALM.csv,p2_certified_rel_gap_percent,1,identity/string copy
results/local_side_scaling_results.csv,B0420,RD-ALM,runtime_sec,results/source_summaries/2d/B0420/RD_ALM.csv,p2_certified_total_time_sec,1,identity/string copy
results/local_side_scaling_results.csv,B0420,RD-ALM,residual,results/source_summaries/2d/B0420/RD_ALM.csv,p2_certified_residual,1,identity/string copy
results/local_side_scaling_results.csv,B0420,RD-ALM,stop_reason,results/source_summaries/2d/B0420/RD_ALM.csv,stop_reason,1,identity/string copy
results/local_side_scaling_results.csv,B0420,SCP-LR,reported_lower_bound,results/source_summaries/2d/B0420/SCP_LR.csv,global_lb,1,identity/string copy
results/local_side_scaling_results.csv,B0420,SCP-LR,reported_upper_bound,results/source_summaries/2d/B0420/SCP_LR.csv,global_ub,1,identity/string copy
results/local_side_scaling_results.csv,B0420,SCP-LR,reported_absolute_gap,results/source_summaries/2d/B0420/SCP_LR.csv,objective_cert_gap,1,identity/string copy
results/local_side_scaling_results.csv,B0420,SCP-LR,reported_relative_gap,results/source_summaries/2d/B0420/SCP_LR.csv,cert_rel_gap,1,identity/string copy
results/local_side_scaling_results.csv,B0420,SCP-LR,reported_gap_percent,results/source_summaries/2d/B0420/SCP_LR.csv,cert_rel_gap_percent,1,identity/string copy
results/local_side_scaling_results.csv,B0420,SCP-LR,runtime_sec,results/source_summaries/2d/B0420/SCP_LR.csv,total_time_sec,1,identity/string copy
results/local_side_scaling_results.csv,B0420,SCP-LR,residual,results/source_summaries/2d/B0420/SCP_LR.csv,returned_primal_residual,1,identity/string copy
results/local_side_scaling_results.csv,B0420,SCP-LR,stop_reason,results/source_summaries/2d/B0420/SCP_LR.csv,stop_reason,1,identity/string copy
results/local_side_scaling_results.csv,B0420,SCP-LR,first_hit_checkpoint_time_sec,results/source_summaries/2d/B0420/SCP_LR.csv,first_hit_checkpoint_time_sec,1,identity/string copy
results/local_side_scaling_results.csv,B0420,SCP-LR,first_hit_checkpoint_rel_gap,results/source_summaries/2d/B0420/SCP_LR.csv,first_hit_checkpoint_rel_gap,1,identity/string copy
results/local_side_scaling_results.csv,B0420,SCP-LR,first_hit_stop_time_sec,results/source_summaries/2d/B0420/SCP_LR.csv,first_hit_stop_time_sec,1,identity/string copy
results/local_side_scaling_results.csv,B0420,SCP-LR,first_hit_stop_rel_gap,results/source_summaries/2d/B0420/SCP_LR.csv,first_hit_stop_rel_gap,1,identity/string copy
results/local_side_scaling_results.csv,B0480,Gurobi,reported_lower_bound,results/source_summaries/2d/B0480/Gurobi.csv,best_bound,1,identity/string copy
results/local_side_scaling_results.csv,B0480,Gurobi,reported_upper_bound,results/source_summaries/2d/B0480/Gurobi.csv,incumbent_obj,1,identity/string copy
results/local_side_scaling_results.csv,B0480,Gurobi,reported_relative_gap,results/source_summaries/2d/B0480/Gurobi.csv,cert_rel_gap,1,identity/string copy
results/local_side_scaling_results.csv,B0480,Gurobi,reported_gap_percent,results/source_summaries/2d/B0480/Gurobi.csv,cert_rel_gap_percent,1,identity/string copy
results/local_side_scaling_results.csv,B0480,Gurobi,runtime_sec,results/source_summaries/2d/B0480/Gurobi.csv,runtime,1,identity/string copy
results/local_side_scaling_results.csv,B0480,Gurobi,residual,results/source_summaries/2d/B0480/Gurobi.csv,residual_linf,1,identity/string copy
results/local_side_scaling_results.csv,B0480,Gurobi,stop_reason,results/source_summaries/2d/B0480/Gurobi.csv,status,1,identity/string copy
results/local_side_scaling_results.csv,B0480,Gurobi,first_hit_checkpoint_time_sec,results/source_summaries/2d/B0480/Gurobi.csv,first_hit_checkpoint_time_sec,1,identity/string copy
results/local_side_scaling_results.csv,B0480,Gurobi,first_hit_checkpoint_rel_gap,results/source_summaries/2d/B0480/Gurobi.csv,first_hit_checkpoint_rel_gap,1,identity/string copy
results/local_side_scaling_results.csv,B0480,Gurobi,first_hit_stop_time_sec,results/source_summaries/2d/B0480/Gurobi.csv,first_hit_stop_time_sec,1,identity/string copy
results/local_side_scaling_results.csv,B0480,Gurobi,first_hit_stop_rel_gap,results/source_summaries/2d/B0480/Gurobi.csv,first_hit_stop_rel_gap,1,identity/string copy
results/local_side_scaling_results.csv,B0480,SCP-ALM,reported_lower_bound,results/source_summaries/2d/B0480/SCP_ALM.csv,global_lb,1,identity/string copy
results/local_side_scaling_results.csv,B0480,SCP-ALM,reported_upper_bound,results/source_summaries/2d/B0480/SCP_ALM.csv,global_ub,1,identity/string copy
results/local_side_scaling_results.csv,B0480,SCP-ALM,reported_absolute_gap,results/source_summaries/2d/B0480/SCP_ALM.csv,objective_cert_gap,1,identity/string copy
results/local_side_scaling_results.csv,B0480,SCP-ALM,reported_relative_gap,results/source_summaries/2d/B0480/SCP_ALM.csv,cert_rel_gap,1,identity/string copy
results/local_side_scaling_results.csv,B0480,SCP-ALM,reported_gap_percent,results/source_summaries/2d/B0480/SCP_ALM.csv,cert_rel_gap_percent,1,identity/string copy
results/local_side_scaling_results.csv,B0480,SCP-ALM,runtime_sec,results/source_summaries/2d/B0480/SCP_ALM.csv,total_time_sec,1,identity/string copy
results/local_side_scaling_results.csv,B0480,SCP-ALM,residual,results/source_summaries/2d/B0480/SCP_ALM.csv,returned_primal_residual,1,identity/string copy
results/local_side_scaling_results.csv,B0480,SCP-ALM,stop_reason,results/source_summaries/2d/B0480/SCP_ALM.csv,stop_reason,1,identity/string copy
results/local_side_scaling_results.csv,B0480,SCP-ALM,first_hit_checkpoint_time_sec,results/source_summaries/2d/B0480/SCP_ALM.csv,first_hit_checkpoint_time_sec,1,identity/string copy
results/local_side_scaling_results.csv,B0480,SCP-ALM,first_hit_checkpoint_rel_gap,results/source_summaries/2d/B0480/SCP_ALM.csv,first_hit_checkpoint_rel_gap,1,identity/string copy
results/local_side_scaling_results.csv,B0480,SCP-ALM,first_hit_stop_time_sec,results/source_summaries/2d/B0480/SCP_ALM.csv,first_hit_stop_time_sec,1,identity/string copy
results/local_side_scaling_results.csv,B0480,SCP-ALM,first_hit_stop_rel_gap,results/source_summaries/2d/B0480/SCP_ALM.csv,first_hit_stop_rel_gap,1,identity/string copy
results/local_side_scaling_results.csv,B0480,RD-ALM,reported_lower_bound,results/source_summaries/2d/B0480/RD_ALM.csv,p2_certified_global_lb,1,identity/string copy
results/local_side_scaling_results.csv,B0480,RD-ALM,reported_upper_bound,results/source_summaries/2d/B0480/RD_ALM.csv,p2_certified_ub,1,identity/string copy
results/local_side_scaling_results.csv,B0480,RD-ALM,reported_absolute_gap,results/source_summaries/2d/B0480/RD_ALM.csv,p2_certified_gap,1,identity/string copy
results/local_side_scaling_results.csv,B0480,RD-ALM,reported_relative_gap,results/source_summaries/2d/B0480/RD_ALM.csv,p2_certified_rel_gap,1,identity/string copy
results/local_side_scaling_results.csv,B0480,RD-ALM,reported_gap_percent,results/source_summaries/2d/B0480/RD_ALM.csv,p2_certified_rel_gap_percent,1,identity/string copy
results/local_side_scaling_results.csv,B0480,RD-ALM,runtime_sec,results/source_summaries/2d/B0480/RD_ALM.csv,p2_certified_total_time_sec,1,identity/string copy
results/local_side_scaling_results.csv,B0480,RD-ALM,residual,results/source_summaries/2d/B0480/RD_ALM.csv,p2_certified_residual,1,identity/string copy
results/local_side_scaling_results.csv,B0480,RD-ALM,stop_reason,results/source_summaries/2d/B0480/RD_ALM.csv,stop_reason,1,identity/string copy
results/local_side_scaling_results.csv,B0480,SCP-LR,reported_lower_bound,results/source_summaries/2d/B0480/SCP_LR.csv,global_lb,1,identity/string copy
results/local_side_scaling_results.csv,B0480,SCP-LR,reported_upper_bound,results/source_summaries/2d/B0480/SCP_LR.csv,global_ub,1,identity/string copy
results/local_side_scaling_results.csv,B0480,SCP-LR,reported_absolute_gap,results/source_summaries/2d/B0480/SCP_LR.csv,objective_cert_gap,1,identity/string copy
results/local_side_scaling_results.csv,B0480,SCP-LR,reported_relative_gap,results/source_summaries/2d/B0480/SCP_LR.csv,cert_rel_gap,1,identity/string copy
results/local_side_scaling_results.csv,B0480,SCP-LR,reported_gap_percent,results/source_summaries/2d/B0480/SCP_LR.csv,cert_rel_gap_percent,1,identity/string copy
results/local_side_scaling_results.csv,B0480,SCP-LR,runtime_sec,results/source_summaries/2d/B0480/SCP_LR.csv,total_time_sec,1,identity/string copy
results/local_side_scaling_results.csv,B0480,SCP-LR,residual,results/source_summaries/2d/B0480/SCP_LR.csv,returned_primal_residual,1,identity/string copy
results/local_side_scaling_results.csv,B0480,SCP-LR,stop_reason,results/source_summaries/2d/B0480/SCP_LR.csv,stop_reason,1,identity/string copy
results/local_side_scaling_results.csv,B0480,SCP-LR,first_hit_checkpoint_time_sec,results/source_summaries/2d/B0480/SCP_LR.csv,first_hit_checkpoint_time_sec,1,identity/string copy
results/local_side_scaling_results.csv,B0480,SCP-LR,first_hit_checkpoint_rel_gap,results/source_summaries/2d/B0480/SCP_LR.csv,first_hit_checkpoint_rel_gap,1,identity/string copy
results/local_side_scaling_results.csv,B0480,SCP-LR,first_hit_stop_time_sec,results/source_summaries/2d/B0480/SCP_LR.csv,first_hit_stop_time_sec,1,identity/string copy
results/local_side_scaling_results.csv,B0480,SCP-LR,first_hit_stop_rel_gap,results/source_summaries/2d/B0480/SCP_LR.csv,first_hit_stop_rel_gap,1,identity/string copy
results/local_side_scaling_results.csv,B0540,Gurobi,reported_lower_bound,results/source_summaries/2d/B0540/Gurobi.csv,best_bound,1,identity/string copy
results/local_side_scaling_results.csv,B0540,Gurobi,reported_upper_bound,results/source_summaries/2d/B0540/Gurobi.csv,incumbent_obj,1,identity/string copy
results/local_side_scaling_results.csv,B0540,Gurobi,reported_relative_gap,results/source_summaries/2d/B0540/Gurobi.csv,cert_rel_gap,1,identity/string copy
results/local_side_scaling_results.csv,B0540,Gurobi,reported_gap_percent,results/source_summaries/2d/B0540/Gurobi.csv,cert_rel_gap_percent,1,identity/string copy
results/local_side_scaling_results.csv,B0540,Gurobi,runtime_sec,results/source_summaries/2d/B0540/Gurobi.csv,runtime,1,identity/string copy
results/local_side_scaling_results.csv,B0540,Gurobi,residual,results/source_summaries/2d/B0540/Gurobi.csv,residual_linf,1,identity/string copy
results/local_side_scaling_results.csv,B0540,Gurobi,stop_reason,results/source_summaries/2d/B0540/Gurobi.csv,status,1,identity/string copy
results/local_side_scaling_results.csv,B0540,Gurobi,first_hit_checkpoint_time_sec,results/source_summaries/2d/B0540/Gurobi.csv,first_hit_checkpoint_time_sec,1,identity/string copy
results/local_side_scaling_results.csv,B0540,Gurobi,first_hit_checkpoint_rel_gap,results/source_summaries/2d/B0540/Gurobi.csv,first_hit_checkpoint_rel_gap,1,identity/string copy
results/local_side_scaling_results.csv,B0540,Gurobi,first_hit_stop_time_sec,results/source_summaries/2d/B0540/Gurobi.csv,first_hit_stop_time_sec,1,identity/string copy
results/local_side_scaling_results.csv,B0540,Gurobi,first_hit_stop_rel_gap,results/source_summaries/2d/B0540/Gurobi.csv,first_hit_stop_rel_gap,1,identity/string copy
results/local_side_scaling_results.csv,B0540,SCP-ALM,reported_lower_bound,results/source_summaries/2d/B0540/SCP_ALM.csv,global_lb,1,identity/string copy
results/local_side_scaling_results.csv,B0540,SCP-ALM,reported_upper_bound,results/source_summaries/2d/B0540/SCP_ALM.csv,global_ub,1,identity/string copy
results/local_side_scaling_results.csv,B0540,SCP-ALM,reported_absolute_gap,results/source_summaries/2d/B0540/SCP_ALM.csv,objective_cert_gap,1,identity/string copy
results/local_side_scaling_results.csv,B0540,SCP-ALM,reported_relative_gap,results/source_summaries/2d/B0540/SCP_ALM.csv,cert_rel_gap,1,identity/string copy
results/local_side_scaling_results.csv,B0540,SCP-ALM,reported_gap_percent,results/source_summaries/2d/B0540/SCP_ALM.csv,cert_rel_gap_percent,1,identity/string copy
results/local_side_scaling_results.csv,B0540,SCP-ALM,runtime_sec,results/source_summaries/2d/B0540/SCP_ALM.csv,total_time_sec,1,identity/string copy
results/local_side_scaling_results.csv,B0540,SCP-ALM,residual,results/source_summaries/2d/B0540/SCP_ALM.csv,returned_primal_residual,1,identity/string copy
results/local_side_scaling_results.csv,B0540,SCP-ALM,stop_reason,results/source_summaries/2d/B0540/SCP_ALM.csv,stop_reason,1,identity/string copy
results/local_side_scaling_results.csv,B0540,SCP-ALM,first_hit_checkpoint_time_sec,results/source_summaries/2d/B0540/SCP_ALM.csv,first_hit_checkpoint_time_sec,1,identity/string copy
results/local_side_scaling_results.csv,B0540,SCP-ALM,first_hit_checkpoint_rel_gap,results/source_summaries/2d/B0540/SCP_ALM.csv,first_hit_checkpoint_rel_gap,1,identity/string copy
results/local_side_scaling_results.csv,B0540,SCP-ALM,first_hit_stop_time_sec,results/source_summaries/2d/B0540/SCP_ALM.csv,first_hit_stop_time_sec,1,identity/string copy
results/local_side_scaling_results.csv,B0540,SCP-ALM,first_hit_stop_rel_gap,results/source_summaries/2d/B0540/SCP_ALM.csv,first_hit_stop_rel_gap,1,identity/string copy
results/local_side_scaling_results.csv,B0540,RD-ALM,reported_lower_bound,results/source_summaries/2d/B0540/RD_ALM.csv,p2_certified_global_lb,1,identity/string copy
results/local_side_scaling_results.csv,B0540,RD-ALM,reported_upper_bound,results/source_summaries/2d/B0540/RD_ALM.csv,p2_certified_ub,1,identity/string copy
results/local_side_scaling_results.csv,B0540,RD-ALM,reported_absolute_gap,results/source_summaries/2d/B0540/RD_ALM.csv,p2_certified_gap,1,identity/string copy
results/local_side_scaling_results.csv,B0540,RD-ALM,reported_relative_gap,results/source_summaries/2d/B0540/RD_ALM.csv,p2_certified_rel_gap,1,identity/string copy
results/local_side_scaling_results.csv,B0540,RD-ALM,reported_gap_percent,results/source_summaries/2d/B0540/RD_ALM.csv,p2_certified_rel_gap_percent,1,identity/string copy
results/local_side_scaling_results.csv,B0540,RD-ALM,runtime_sec,results/source_summaries/2d/B0540/RD_ALM.csv,p2_certified_total_time_sec,1,identity/string copy
results/local_side_scaling_results.csv,B0540,RD-ALM,residual,results/source_summaries/2d/B0540/RD_ALM.csv,p2_certified_residual,1,identity/string copy
results/local_side_scaling_results.csv,B0540,RD-ALM,stop_reason,results/source_summaries/2d/B0540/RD_ALM.csv,stop_reason,1,identity/string copy
results/local_side_scaling_results.csv,B0540,SCP-LR,reported_lower_bound,results/source_summaries/2d/B0540/SCP_LR.csv,global_lb,1,identity/string copy
results/local_side_scaling_results.csv,B0540,SCP-LR,reported_upper_bound,results/source_summaries/2d/B0540/SCP_LR.csv,global_ub,1,identity/string copy
results/local_side_scaling_results.csv,B0540,SCP-LR,reported_absolute_gap,results/source_summaries/2d/B0540/SCP_LR.csv,objective_cert_gap,1,identity/string copy
results/local_side_scaling_results.csv,B0540,SCP-LR,reported_relative_gap,results/source_summaries/2d/B0540/SCP_LR.csv,cert_rel_gap,1,identity/string copy
results/local_side_scaling_results.csv,B0540,SCP-LR,reported_gap_percent,results/source_summaries/2d/B0540/SCP_LR.csv,cert_rel_gap_percent,1,identity/string copy
results/local_side_scaling_results.csv,B0540,SCP-LR,runtime_sec,results/source_summaries/2d/B0540/SCP_LR.csv,total_time_sec,1,identity/string copy
results/local_side_scaling_results.csv,B0540,SCP-LR,residual,results/source_summaries/2d/B0540/SCP_LR.csv,returned_primal_residual,1,identity/string copy
results/local_side_scaling_results.csv,B0540,SCP-LR,stop_reason,results/source_summaries/2d/B0540/SCP_LR.csv,stop_reason,1,identity/string copy
results/local_side_scaling_results.csv,B0540,SCP-LR,first_hit_checkpoint_time_sec,results/source_summaries/2d/B0540/SCP_LR.csv,first_hit_checkpoint_time_sec,1,identity/string copy
results/local_side_scaling_results.csv,B0540,SCP-LR,first_hit_checkpoint_rel_gap,results/source_summaries/2d/B0540/SCP_LR.csv,first_hit_checkpoint_rel_gap,1,identity/string copy
results/local_side_scaling_results.csv,B0540,SCP-LR,first_hit_stop_time_sec,results/source_summaries/2d/B0540/SCP_LR.csv,first_hit_stop_time_sec,1,identity/string copy
results/local_side_scaling_results.csv,B0540,SCP-LR,first_hit_stop_rel_gap,results/source_summaries/2d/B0540/SCP_LR.csv,first_hit_stop_rel_gap,1,identity/string copy
results/local_side_scaling_results.csv,B0600,Gurobi,reported_lower_bound,results/source_summaries/2d/B0600/Gurobi.csv,best_bound,1,identity/string copy
results/local_side_scaling_results.csv,B0600,Gurobi,reported_upper_bound,results/source_summaries/2d/B0600/Gurobi.csv,incumbent_obj,1,identity/string copy
results/local_side_scaling_results.csv,B0600,Gurobi,reported_relative_gap,results/source_summaries/2d/B0600/Gurobi.csv,cert_rel_gap,1,identity/string copy
results/local_side_scaling_results.csv,B0600,Gurobi,reported_gap_percent,results/source_summaries/2d/B0600/Gurobi.csv,cert_rel_gap_percent,1,identity/string copy
results/local_side_scaling_results.csv,B0600,Gurobi,runtime_sec,results/source_summaries/2d/B0600/Gurobi.csv,runtime,1,identity/string copy
results/local_side_scaling_results.csv,B0600,Gurobi,residual,results/source_summaries/2d/B0600/Gurobi.csv,residual_linf,1,identity/string copy
results/local_side_scaling_results.csv,B0600,Gurobi,stop_reason,results/source_summaries/2d/B0600/Gurobi.csv,status,1,identity/string copy
results/local_side_scaling_results.csv,B0600,Gurobi,first_hit_checkpoint_time_sec,results/source_summaries/2d/B0600/Gurobi.csv,first_hit_checkpoint_time_sec,1,identity/string copy
results/local_side_scaling_results.csv,B0600,Gurobi,first_hit_checkpoint_rel_gap,results/source_summaries/2d/B0600/Gurobi.csv,first_hit_checkpoint_rel_gap,1,identity/string copy
results/local_side_scaling_results.csv,B0600,Gurobi,first_hit_stop_time_sec,results/source_summaries/2d/B0600/Gurobi.csv,first_hit_stop_time_sec,1,identity/string copy
results/local_side_scaling_results.csv,B0600,Gurobi,first_hit_stop_rel_gap,results/source_summaries/2d/B0600/Gurobi.csv,first_hit_stop_rel_gap,1,identity/string copy
results/local_side_scaling_results.csv,B0600,SCP-ALM,reported_lower_bound,results/source_summaries/2d/B0600/SCP_ALM.csv,global_lb,1,identity/string copy
results/local_side_scaling_results.csv,B0600,SCP-ALM,reported_upper_bound,results/source_summaries/2d/B0600/SCP_ALM.csv,global_ub,1,identity/string copy
results/local_side_scaling_results.csv,B0600,SCP-ALM,reported_absolute_gap,results/source_summaries/2d/B0600/SCP_ALM.csv,objective_cert_gap,1,identity/string copy
results/local_side_scaling_results.csv,B0600,SCP-ALM,reported_relative_gap,results/source_summaries/2d/B0600/SCP_ALM.csv,cert_rel_gap,1,identity/string copy
results/local_side_scaling_results.csv,B0600,SCP-ALM,reported_gap_percent,results/source_summaries/2d/B0600/SCP_ALM.csv,cert_rel_gap_percent,1,identity/string copy
results/local_side_scaling_results.csv,B0600,SCP-ALM,runtime_sec,results/source_summaries/2d/B0600/SCP_ALM.csv,total_time_sec,1,identity/string copy
results/local_side_scaling_results.csv,B0600,SCP-ALM,residual,results/source_summaries/2d/B0600/SCP_ALM.csv,returned_primal_residual,1,identity/string copy
results/local_side_scaling_results.csv,B0600,SCP-ALM,stop_reason,results/source_summaries/2d/B0600/SCP_ALM.csv,stop_reason,1,identity/string copy
results/local_side_scaling_results.csv,B0600,SCP-ALM,first_hit_checkpoint_time_sec,results/source_summaries/2d/B0600/SCP_ALM.csv,first_hit_checkpoint_time_sec,1,identity/string copy
results/local_side_scaling_results.csv,B0600,SCP-ALM,first_hit_checkpoint_rel_gap,results/source_summaries/2d/B0600/SCP_ALM.csv,first_hit_checkpoint_rel_gap,1,identity/string copy
results/local_side_scaling_results.csv,B0600,SCP-ALM,first_hit_stop_time_sec,results/source_summaries/2d/B0600/SCP_ALM.csv,first_hit_stop_time_sec,1,identity/string copy
results/local_side_scaling_results.csv,B0600,SCP-ALM,first_hit_stop_rel_gap,results/source_summaries/2d/B0600/SCP_ALM.csv,first_hit_stop_rel_gap,1,identity/string copy
results/local_side_scaling_results.csv,B0600,RD-ALM,reported_lower_bound,results/source_summaries/2d/B0600/RD_ALM.csv,p2_certified_global_lb,1,identity/string copy
results/local_side_scaling_results.csv,B0600,RD-ALM,reported_upper_bound,results/source_summaries/2d/B0600/RD_ALM.csv,p2_certified_ub,1,identity/string copy
results/local_side_scaling_results.csv,B0600,RD-ALM,reported_absolute_gap,results/source_summaries/2d/B0600/RD_ALM.csv,p2_certified_gap,1,identity/string copy
results/local_side_scaling_results.csv,B0600,RD-ALM,reported_relative_gap,results/source_summaries/2d/B0600/RD_ALM.csv,p2_certified_rel_gap,1,identity/string copy
results/local_side_scaling_results.csv,B0600,RD-ALM,reported_gap_percent,results/source_summaries/2d/B0600/RD_ALM.csv,p2_certified_rel_gap_percent,1,identity/string copy
results/local_side_scaling_results.csv,B0600,RD-ALM,runtime_sec,results/source_summaries/2d/B0600/RD_ALM.csv,p2_certified_total_time_sec,1,identity/string copy
results/local_side_scaling_results.csv,B0600,RD-ALM,residual,results/source_summaries/2d/B0600/RD_ALM.csv,p2_certified_residual,1,identity/string copy
results/local_side_scaling_results.csv,B0600,RD-ALM,stop_reason,results/source_summaries/2d/B0600/RD_ALM.csv,stop_reason,1,identity/string copy
results/local_side_scaling_results.csv,B0600,SCP-LR,reported_lower_bound,results/source_summaries/2d/B0600/SCP_LR.csv,global_lb,1,identity/string copy
results/local_side_scaling_results.csv,B0600,SCP-LR,reported_upper_bound,results/source_summaries/2d/B0600/SCP_LR.csv,global_ub,1,identity/string copy
results/local_side_scaling_results.csv,B0600,SCP-LR,reported_absolute_gap,results/source_summaries/2d/B0600/SCP_LR.csv,objective_cert_gap,1,identity/string copy
results/local_side_scaling_results.csv,B0600,SCP-LR,reported_relative_gap,results/source_summaries/2d/B0600/SCP_LR.csv,cert_rel_gap,1,identity/string copy
results/local_side_scaling_results.csv,B0600,SCP-LR,reported_gap_percent,results/source_summaries/2d/B0600/SCP_LR.csv,cert_rel_gap_percent,1,identity/string copy
results/local_side_scaling_results.csv,B0600,SCP-LR,runtime_sec,results/source_summaries/2d/B0600/SCP_LR.csv,total_time_sec,1,identity/string copy
results/local_side_scaling_results.csv,B0600,SCP-LR,residual,results/source_summaries/2d/B0600/SCP_LR.csv,returned_primal_residual,1,identity/string copy
results/local_side_scaling_results.csv,B0600,SCP-LR,stop_reason,results/source_summaries/2d/B0600/SCP_LR.csv,stop_reason,1,identity/string copy
results/local_side_scaling_results.csv,B0600,SCP-LR,first_hit_checkpoint_time_sec,results/source_summaries/2d/B0600/SCP_LR.csv,first_hit_checkpoint_time_sec,1,identity/string copy
results/local_side_scaling_results.csv,B0600,SCP-LR,first_hit_checkpoint_rel_gap,results/source_summaries/2d/B0600/SCP_LR.csv,first_hit_checkpoint_rel_gap,1,identity/string copy
results/local_side_scaling_results.csv,B0600,SCP-LR,first_hit_stop_time_sec,results/source_summaries/2d/B0600/SCP_LR.csv,first_hit_stop_time_sec,1,identity/string copy
results/local_side_scaling_results.csv,B0600,SCP-LR,first_hit_stop_rel_gap,results/source_summaries/2d/B0600/SCP_LR.csv,first_hit_stop_rel_gap,1,identity/string copy
results/local_side_scaling_results.csv,B0660,Gurobi,reported_lower_bound,results/source_summaries/2d/B0660/Gurobi.csv,best_bound,1,identity/string copy
results/local_side_scaling_results.csv,B0660,Gurobi,reported_upper_bound,results/source_summaries/2d/B0660/Gurobi.csv,incumbent_obj,1,identity/string copy
results/local_side_scaling_results.csv,B0660,Gurobi,reported_relative_gap,results/source_summaries/2d/B0660/Gurobi.csv,cert_rel_gap,1,identity/string copy
results/local_side_scaling_results.csv,B0660,Gurobi,reported_gap_percent,results/source_summaries/2d/B0660/Gurobi.csv,cert_rel_gap_percent,1,identity/string copy
results/local_side_scaling_results.csv,B0660,Gurobi,runtime_sec,results/source_summaries/2d/B0660/Gurobi.csv,runtime,1,identity/string copy
results/local_side_scaling_results.csv,B0660,Gurobi,residual,results/source_summaries/2d/B0660/Gurobi.csv,residual_linf,1,identity/string copy
results/local_side_scaling_results.csv,B0660,Gurobi,stop_reason,results/source_summaries/2d/B0660/Gurobi.csv,status,1,identity/string copy
results/local_side_scaling_results.csv,B0660,Gurobi,first_hit_checkpoint_time_sec,results/source_summaries/2d/B0660/Gurobi.csv,first_hit_checkpoint_time_sec,1,identity/string copy
results/local_side_scaling_results.csv,B0660,Gurobi,first_hit_checkpoint_rel_gap,results/source_summaries/2d/B0660/Gurobi.csv,first_hit_checkpoint_rel_gap,1,identity/string copy
results/local_side_scaling_results.csv,B0660,Gurobi,first_hit_stop_time_sec,results/source_summaries/2d/B0660/Gurobi.csv,first_hit_stop_time_sec,1,identity/string copy
results/local_side_scaling_results.csv,B0660,Gurobi,first_hit_stop_rel_gap,results/source_summaries/2d/B0660/Gurobi.csv,first_hit_stop_rel_gap,1,identity/string copy
results/local_side_scaling_results.csv,B0660,SCP-ALM,reported_lower_bound,results/source_summaries/2d/B0660/SCP_ALM.csv,global_lb,1,identity/string copy
results/local_side_scaling_results.csv,B0660,SCP-ALM,reported_upper_bound,results/source_summaries/2d/B0660/SCP_ALM.csv,global_ub,1,identity/string copy
results/local_side_scaling_results.csv,B0660,SCP-ALM,reported_absolute_gap,results/source_summaries/2d/B0660/SCP_ALM.csv,objective_cert_gap,1,identity/string copy
results/local_side_scaling_results.csv,B0660,SCP-ALM,reported_relative_gap,results/source_summaries/2d/B0660/SCP_ALM.csv,cert_rel_gap,1,identity/string copy
results/local_side_scaling_results.csv,B0660,SCP-ALM,reported_gap_percent,results/source_summaries/2d/B0660/SCP_ALM.csv,cert_rel_gap_percent,1,identity/string copy
results/local_side_scaling_results.csv,B0660,SCP-ALM,runtime_sec,results/source_summaries/2d/B0660/SCP_ALM.csv,total_time_sec,1,identity/string copy
results/local_side_scaling_results.csv,B0660,SCP-ALM,residual,results/source_summaries/2d/B0660/SCP_ALM.csv,returned_primal_residual,1,identity/string copy
results/local_side_scaling_results.csv,B0660,SCP-ALM,stop_reason,results/source_summaries/2d/B0660/SCP_ALM.csv,stop_reason,1,identity/string copy
results/local_side_scaling_results.csv,B0660,SCP-ALM,first_hit_checkpoint_time_sec,results/source_summaries/2d/B0660/SCP_ALM.csv,first_hit_checkpoint_time_sec,1,identity/string copy
results/local_side_scaling_results.csv,B0660,SCP-ALM,first_hit_checkpoint_rel_gap,results/source_summaries/2d/B0660/SCP_ALM.csv,first_hit_checkpoint_rel_gap,1,identity/string copy
results/local_side_scaling_results.csv,B0660,SCP-ALM,first_hit_stop_time_sec,results/source_summaries/2d/B0660/SCP_ALM.csv,first_hit_stop_time_sec,1,identity/string copy
results/local_side_scaling_results.csv,B0660,SCP-ALM,first_hit_stop_rel_gap,results/source_summaries/2d/B0660/SCP_ALM.csv,first_hit_stop_rel_gap,1,identity/string copy
results/local_side_scaling_results.csv,B0660,RD-ALM,reported_lower_bound,results/source_summaries/2d/B0660/RD_ALM.csv,p2_certified_global_lb,1,identity/string copy
results/local_side_scaling_results.csv,B0660,RD-ALM,reported_upper_bound,results/source_summaries/2d/B0660/RD_ALM.csv,p2_certified_ub,1,identity/string copy
results/local_side_scaling_results.csv,B0660,RD-ALM,reported_absolute_gap,results/source_summaries/2d/B0660/RD_ALM.csv,p2_certified_gap,1,identity/string copy
results/local_side_scaling_results.csv,B0660,RD-ALM,reported_relative_gap,results/source_summaries/2d/B0660/RD_ALM.csv,p2_certified_rel_gap,1,identity/string copy
results/local_side_scaling_results.csv,B0660,RD-ALM,reported_gap_percent,results/source_summaries/2d/B0660/RD_ALM.csv,p2_certified_rel_gap_percent,1,identity/string copy
results/local_side_scaling_results.csv,B0660,RD-ALM,runtime_sec,results/source_summaries/2d/B0660/RD_ALM.csv,p2_certified_total_time_sec,1,identity/string copy
results/local_side_scaling_results.csv,B0660,RD-ALM,residual,results/source_summaries/2d/B0660/RD_ALM.csv,p2_certified_residual,1,identity/string copy
results/local_side_scaling_results.csv,B0660,RD-ALM,stop_reason,results/source_summaries/2d/B0660/RD_ALM.csv,stop_reason,1,identity/string copy
results/local_side_scaling_results.csv,B0660,SCP-LR,reported_lower_bound,results/source_summaries/2d/B0660/SCP_LR.csv,global_lb,1,identity/string copy
results/local_side_scaling_results.csv,B0660,SCP-LR,reported_upper_bound,results/source_summaries/2d/B0660/SCP_LR.csv,global_ub,1,identity/string copy
results/local_side_scaling_results.csv,B0660,SCP-LR,reported_absolute_gap,results/source_summaries/2d/B0660/SCP_LR.csv,objective_cert_gap,1,identity/string copy
results/local_side_scaling_results.csv,B0660,SCP-LR,reported_relative_gap,results/source_summaries/2d/B0660/SCP_LR.csv,cert_rel_gap,1,identity/string copy
results/local_side_scaling_results.csv,B0660,SCP-LR,reported_gap_percent,results/source_summaries/2d/B0660/SCP_LR.csv,cert_rel_gap_percent,1,identity/string copy
results/local_side_scaling_results.csv,B0660,SCP-LR,runtime_sec,results/source_summaries/2d/B0660/SCP_LR.csv,total_time_sec,1,identity/string copy
results/local_side_scaling_results.csv,B0660,SCP-LR,residual,results/source_summaries/2d/B0660/SCP_LR.csv,returned_primal_residual,1,identity/string copy
results/local_side_scaling_results.csv,B0660,SCP-LR,stop_reason,results/source_summaries/2d/B0660/SCP_LR.csv,stop_reason,1,identity/string copy
results/local_side_scaling_results.csv,B0660,SCP-LR,first_hit_checkpoint_time_sec,results/source_summaries/2d/B0660/SCP_LR.csv,first_hit_checkpoint_time_sec,1,identity/string copy
results/local_side_scaling_results.csv,B0660,SCP-LR,first_hit_checkpoint_rel_gap,results/source_summaries/2d/B0660/SCP_LR.csv,first_hit_checkpoint_rel_gap,1,identity/string copy
results/local_side_scaling_results.csv,B0660,SCP-LR,first_hit_stop_time_sec,results/source_summaries/2d/B0660/SCP_LR.csv,first_hit_stop_time_sec,1,identity/string copy
results/local_side_scaling_results.csv,B0660,SCP-LR,first_hit_stop_rel_gap,results/source_summaries/2d/B0660/SCP_LR.csv,first_hit_stop_rel_gap,1,identity/string copy
results/local_side_scaling_results.csv,B0720,Gurobi,reported_lower_bound,results/source_summaries/2d/B0720/Gurobi.csv,best_bound,1,identity/string copy
results/local_side_scaling_results.csv,B0720,Gurobi,reported_upper_bound,results/source_summaries/2d/B0720/Gurobi.csv,incumbent_obj,1,identity/string copy
results/local_side_scaling_results.csv,B0720,Gurobi,reported_relative_gap,results/source_summaries/2d/B0720/Gurobi.csv,cert_rel_gap,1,identity/string copy
results/local_side_scaling_results.csv,B0720,Gurobi,reported_gap_percent,results/source_summaries/2d/B0720/Gurobi.csv,cert_rel_gap_percent,1,identity/string copy
results/local_side_scaling_results.csv,B0720,Gurobi,runtime_sec,results/source_summaries/2d/B0720/Gurobi.csv,runtime,1,identity/string copy
results/local_side_scaling_results.csv,B0720,Gurobi,residual,results/source_summaries/2d/B0720/Gurobi.csv,residual_linf,1,identity/string copy
results/local_side_scaling_results.csv,B0720,Gurobi,stop_reason,results/source_summaries/2d/B0720/Gurobi.csv,status,1,identity/string copy
results/local_side_scaling_results.csv,B0720,Gurobi,first_hit_checkpoint_time_sec,results/source_summaries/2d/B0720/Gurobi.csv,first_hit_checkpoint_time_sec,1,identity/string copy
results/local_side_scaling_results.csv,B0720,Gurobi,first_hit_checkpoint_rel_gap,results/source_summaries/2d/B0720/Gurobi.csv,first_hit_checkpoint_rel_gap,1,identity/string copy
results/local_side_scaling_results.csv,B0720,Gurobi,first_hit_stop_time_sec,results/source_summaries/2d/B0720/Gurobi.csv,first_hit_stop_time_sec,1,identity/string copy
results/local_side_scaling_results.csv,B0720,Gurobi,first_hit_stop_rel_gap,results/source_summaries/2d/B0720/Gurobi.csv,first_hit_stop_rel_gap,1,identity/string copy
results/local_side_scaling_results.csv,B0720,SCP-ALM,reported_lower_bound,results/source_summaries/2d/B0720/SCP_ALM.csv,global_lb,1,identity/string copy
results/local_side_scaling_results.csv,B0720,SCP-ALM,reported_upper_bound,results/source_summaries/2d/B0720/SCP_ALM.csv,global_ub,1,identity/string copy
results/local_side_scaling_results.csv,B0720,SCP-ALM,reported_absolute_gap,results/source_summaries/2d/B0720/SCP_ALM.csv,objective_cert_gap,1,identity/string copy
results/local_side_scaling_results.csv,B0720,SCP-ALM,reported_relative_gap,results/source_summaries/2d/B0720/SCP_ALM.csv,cert_rel_gap,1,identity/string copy
results/local_side_scaling_results.csv,B0720,SCP-ALM,reported_gap_percent,results/source_summaries/2d/B0720/SCP_ALM.csv,cert_rel_gap_percent,1,identity/string copy
results/local_side_scaling_results.csv,B0720,SCP-ALM,runtime_sec,results/source_summaries/2d/B0720/SCP_ALM.csv,total_time_sec,1,identity/string copy
results/local_side_scaling_results.csv,B0720,SCP-ALM,residual,results/source_summaries/2d/B0720/SCP_ALM.csv,returned_primal_residual,1,identity/string copy
results/local_side_scaling_results.csv,B0720,SCP-ALM,stop_reason,results/source_summaries/2d/B0720/SCP_ALM.csv,stop_reason,1,identity/string copy
results/local_side_scaling_results.csv,B0720,SCP-ALM,first_hit_checkpoint_time_sec,results/source_summaries/2d/B0720/SCP_ALM.csv,first_hit_checkpoint_time_sec,1,identity/string copy
results/local_side_scaling_results.csv,B0720,SCP-ALM,first_hit_checkpoint_rel_gap,results/source_summaries/2d/B0720/SCP_ALM.csv,first_hit_checkpoint_rel_gap,1,identity/string copy
results/local_side_scaling_results.csv,B0720,SCP-ALM,first_hit_stop_time_sec,results/source_summaries/2d/B0720/SCP_ALM.csv,first_hit_stop_time_sec,1,identity/string copy
results/local_side_scaling_results.csv,B0720,SCP-ALM,first_hit_stop_rel_gap,results/source_summaries/2d/B0720/SCP_ALM.csv,first_hit_stop_rel_gap,1,identity/string copy
results/local_side_scaling_results.csv,B0720,RD-ALM,reported_lower_bound,results/source_summaries/2d/B0720/RD_ALM.csv,p2_certified_global_lb,1,identity/string copy
results/local_side_scaling_results.csv,B0720,RD-ALM,reported_upper_bound,results/source_summaries/2d/B0720/RD_ALM.csv,p2_certified_ub,1,identity/string copy
results/local_side_scaling_results.csv,B0720,RD-ALM,reported_absolute_gap,results/source_summaries/2d/B0720/RD_ALM.csv,p2_certified_gap,1,identity/string copy
results/local_side_scaling_results.csv,B0720,RD-ALM,reported_relative_gap,results/source_summaries/2d/B0720/RD_ALM.csv,p2_certified_rel_gap,1,identity/string copy
results/local_side_scaling_results.csv,B0720,RD-ALM,reported_gap_percent,results/source_summaries/2d/B0720/RD_ALM.csv,p2_certified_rel_gap_percent,1,identity/string copy
results/local_side_scaling_results.csv,B0720,RD-ALM,runtime_sec,results/source_summaries/2d/B0720/RD_ALM.csv,p2_certified_total_time_sec,1,identity/string copy
results/local_side_scaling_results.csv,B0720,RD-ALM,residual,results/source_summaries/2d/B0720/RD_ALM.csv,p2_certified_residual,1,identity/string copy
results/local_side_scaling_results.csv,B0720,RD-ALM,stop_reason,results/source_summaries/2d/B0720/RD_ALM.csv,stop_reason,1,identity/string copy
results/local_side_scaling_results.csv,B0720,SCP-LR,reported_lower_bound,results/source_summaries/2d/B0720/SCP_LR.csv,global_lb,1,identity/string copy
results/local_side_scaling_results.csv,B0720,SCP-LR,reported_upper_bound,results/source_summaries/2d/B0720/SCP_LR.csv,global_ub,1,identity/string copy
results/local_side_scaling_results.csv,B0720,SCP-LR,reported_absolute_gap,results/source_summaries/2d/B0720/SCP_LR.csv,objective_cert_gap,1,identity/string copy
results/local_side_scaling_results.csv,B0720,SCP-LR,reported_relative_gap,results/source_summaries/2d/B0720/SCP_LR.csv,cert_rel_gap,1,identity/string copy
results/local_side_scaling_results.csv,B0720,SCP-LR,reported_gap_percent,results/source_summaries/2d/B0720/SCP_LR.csv,cert_rel_gap_percent,1,identity/string copy
results/local_side_scaling_results.csv,B0720,SCP-LR,runtime_sec,results/source_summaries/2d/B0720/SCP_LR.csv,total_time_sec,1,identity/string copy
results/local_side_scaling_results.csv,B0720,SCP-LR,residual,results/source_summaries/2d/B0720/SCP_LR.csv,returned_primal_residual,1,identity/string copy
results/local_side_scaling_results.csv,B0720,SCP-LR,stop_reason,results/source_summaries/2d/B0720/SCP_LR.csv,stop_reason,1,identity/string copy
results/local_side_scaling_results.csv,B0720,SCP-LR,first_hit_checkpoint_time_sec,results/source_summaries/2d/B0720/SCP_LR.csv,first_hit_checkpoint_time_sec,1,identity/string copy
results/local_side_scaling_results.csv,B0720,SCP-LR,first_hit_checkpoint_rel_gap,results/source_summaries/2d/B0720/SCP_LR.csv,first_hit_checkpoint_rel_gap,1,identity/string copy
results/local_side_scaling_results.csv,B0720,SCP-LR,first_hit_stop_time_sec,results/source_summaries/2d/B0720/SCP_LR.csv,first_hit_stop_time_sec,1,identity/string copy
results/local_side_scaling_results.csv,B0720,SCP-LR,first_hit_stop_rel_gap,results/source_summaries/2d/B0720/SCP_LR.csv,first_hit_stop_rel_gap,1,identity/string copy
results/local_side_scaling_results.csv,B0780,Gurobi,reported_lower_bound,results/source_summaries/2d/B0780/Gurobi.csv,best_bound,1,identity/string copy
results/local_side_scaling_results.csv,B0780,Gurobi,reported_upper_bound,results/source_summaries/2d/B0780/Gurobi.csv,incumbent_obj,1,identity/string copy
results/local_side_scaling_results.csv,B0780,Gurobi,reported_relative_gap,results/source_summaries/2d/B0780/Gurobi.csv,cert_rel_gap,1,identity/string copy
results/local_side_scaling_results.csv,B0780,Gurobi,reported_gap_percent,results/source_summaries/2d/B0780/Gurobi.csv,cert_rel_gap_percent,1,identity/string copy
results/local_side_scaling_results.csv,B0780,Gurobi,runtime_sec,results/source_summaries/2d/B0780/Gurobi.csv,runtime,1,identity/string copy
results/local_side_scaling_results.csv,B0780,Gurobi,residual,results/source_summaries/2d/B0780/Gurobi.csv,residual_linf,1,identity/string copy
results/local_side_scaling_results.csv,B0780,Gurobi,stop_reason,results/source_summaries/2d/B0780/Gurobi.csv,status,1,identity/string copy
results/local_side_scaling_results.csv,B0780,Gurobi,first_hit_checkpoint_time_sec,results/source_summaries/2d/B0780/Gurobi.csv,first_hit_checkpoint_time_sec,1,identity/string copy
results/local_side_scaling_results.csv,B0780,Gurobi,first_hit_checkpoint_rel_gap,results/source_summaries/2d/B0780/Gurobi.csv,first_hit_checkpoint_rel_gap,1,identity/string copy
results/local_side_scaling_results.csv,B0780,Gurobi,first_hit_stop_time_sec,results/source_summaries/2d/B0780/Gurobi.csv,first_hit_stop_time_sec,1,identity/string copy
results/local_side_scaling_results.csv,B0780,Gurobi,first_hit_stop_rel_gap,results/source_summaries/2d/B0780/Gurobi.csv,first_hit_stop_rel_gap,1,identity/string copy
results/local_side_scaling_results.csv,B0780,SCP-ALM,reported_lower_bound,results/source_summaries/2d/B0780/SCP_ALM.csv,global_lb,1,identity/string copy
results/local_side_scaling_results.csv,B0780,SCP-ALM,reported_upper_bound,results/source_summaries/2d/B0780/SCP_ALM.csv,global_ub,1,identity/string copy
results/local_side_scaling_results.csv,B0780,SCP-ALM,reported_absolute_gap,results/source_summaries/2d/B0780/SCP_ALM.csv,objective_cert_gap,1,identity/string copy
results/local_side_scaling_results.csv,B0780,SCP-ALM,reported_relative_gap,results/source_summaries/2d/B0780/SCP_ALM.csv,cert_rel_gap,1,identity/string copy
results/local_side_scaling_results.csv,B0780,SCP-ALM,reported_gap_percent,results/source_summaries/2d/B0780/SCP_ALM.csv,cert_rel_gap_percent,1,identity/string copy
results/local_side_scaling_results.csv,B0780,SCP-ALM,runtime_sec,results/source_summaries/2d/B0780/SCP_ALM.csv,total_time_sec,1,identity/string copy
results/local_side_scaling_results.csv,B0780,SCP-ALM,residual,results/source_summaries/2d/B0780/SCP_ALM.csv,returned_primal_residual,1,identity/string copy
results/local_side_scaling_results.csv,B0780,SCP-ALM,stop_reason,results/source_summaries/2d/B0780/SCP_ALM.csv,stop_reason,1,identity/string copy
results/local_side_scaling_results.csv,B0780,SCP-ALM,first_hit_checkpoint_time_sec,results/source_summaries/2d/B0780/SCP_ALM.csv,first_hit_checkpoint_time_sec,1,identity/string copy
results/local_side_scaling_results.csv,B0780,SCP-ALM,first_hit_checkpoint_rel_gap,results/source_summaries/2d/B0780/SCP_ALM.csv,first_hit_checkpoint_rel_gap,1,identity/string copy
results/local_side_scaling_results.csv,B0780,SCP-ALM,first_hit_stop_time_sec,results/source_summaries/2d/B0780/SCP_ALM.csv,first_hit_stop_time_sec,1,identity/string copy
results/local_side_scaling_results.csv,B0780,SCP-ALM,first_hit_stop_rel_gap,results/source_summaries/2d/B0780/SCP_ALM.csv,first_hit_stop_rel_gap,1,identity/string copy
results/local_side_scaling_results.csv,B0780,RD-ALM,reported_lower_bound,results/source_summaries/2d/B0780/RD_ALM.csv,p2_certified_global_lb,1,identity/string copy
results/local_side_scaling_results.csv,B0780,RD-ALM,reported_upper_bound,results/source_summaries/2d/B0780/RD_ALM.csv,p2_certified_ub,1,identity/string copy
results/local_side_scaling_results.csv,B0780,RD-ALM,reported_absolute_gap,results/source_summaries/2d/B0780/RD_ALM.csv,p2_certified_gap,1,identity/string copy
results/local_side_scaling_results.csv,B0780,RD-ALM,reported_relative_gap,results/source_summaries/2d/B0780/RD_ALM.csv,p2_certified_rel_gap,1,identity/string copy
results/local_side_scaling_results.csv,B0780,RD-ALM,reported_gap_percent,results/source_summaries/2d/B0780/RD_ALM.csv,p2_certified_rel_gap_percent,1,identity/string copy
results/local_side_scaling_results.csv,B0780,RD-ALM,runtime_sec,results/source_summaries/2d/B0780/RD_ALM.csv,p2_certified_total_time_sec,1,identity/string copy
results/local_side_scaling_results.csv,B0780,RD-ALM,residual,results/source_summaries/2d/B0780/RD_ALM.csv,p2_certified_residual,1,identity/string copy
results/local_side_scaling_results.csv,B0780,RD-ALM,stop_reason,results/source_summaries/2d/B0780/RD_ALM.csv,stop_reason,1,identity/string copy
results/local_side_scaling_results.csv,B0780,SCP-LR,reported_lower_bound,results/source_summaries/2d/B0780/SCP_LR.csv,global_lb,1,identity/string copy
results/local_side_scaling_results.csv,B0780,SCP-LR,reported_upper_bound,results/source_summaries/2d/B0780/SCP_LR.csv,global_ub,1,identity/string copy
results/local_side_scaling_results.csv,B0780,SCP-LR,reported_absolute_gap,results/source_summaries/2d/B0780/SCP_LR.csv,objective_cert_gap,1,identity/string copy
results/local_side_scaling_results.csv,B0780,SCP-LR,reported_relative_gap,results/source_summaries/2d/B0780/SCP_LR.csv,cert_rel_gap,1,identity/string copy
results/local_side_scaling_results.csv,B0780,SCP-LR,reported_gap_percent,results/source_summaries/2d/B0780/SCP_LR.csv,cert_rel_gap_percent,1,identity/string copy
results/local_side_scaling_results.csv,B0780,SCP-LR,runtime_sec,results/source_summaries/2d/B0780/SCP_LR.csv,total_time_sec,1,identity/string copy
results/local_side_scaling_results.csv,B0780,SCP-LR,residual,results/source_summaries/2d/B0780/SCP_LR.csv,returned_primal_residual,1,identity/string copy
results/local_side_scaling_results.csv,B0780,SCP-LR,stop_reason,results/source_summaries/2d/B0780/SCP_LR.csv,stop_reason,1,identity/string copy
results/local_side_scaling_results.csv,B0780,SCP-LR,first_hit_checkpoint_time_sec,results/source_summaries/2d/B0780/SCP_LR.csv,first_hit_checkpoint_time_sec,1,identity/string copy
results/local_side_scaling_results.csv,B0780,SCP-LR,first_hit_checkpoint_rel_gap,results/source_summaries/2d/B0780/SCP_LR.csv,first_hit_checkpoint_rel_gap,1,identity/string copy
results/local_side_scaling_results.csv,B0780,SCP-LR,first_hit_stop_time_sec,results/source_summaries/2d/B0780/SCP_LR.csv,first_hit_stop_time_sec,1,identity/string copy
results/local_side_scaling_results.csv,B0780,SCP-LR,first_hit_stop_rel_gap,results/source_summaries/2d/B0780/SCP_LR.csv,first_hit_stop_rel_gap,1,identity/string copy
results/local_side_scaling_results.csv,B0840,Gurobi,reported_lower_bound,results/source_summaries/2d/B0840/Gurobi.csv,best_bound,1,identity/string copy
results/local_side_scaling_results.csv,B0840,Gurobi,reported_upper_bound,results/source_summaries/2d/B0840/Gurobi.csv,incumbent_obj,1,identity/string copy
results/local_side_scaling_results.csv,B0840,Gurobi,reported_relative_gap,results/source_summaries/2d/B0840/Gurobi.csv,cert_rel_gap,1,identity/string copy
results/local_side_scaling_results.csv,B0840,Gurobi,reported_gap_percent,results/source_summaries/2d/B0840/Gurobi.csv,cert_rel_gap_percent,1,identity/string copy
results/local_side_scaling_results.csv,B0840,Gurobi,runtime_sec,results/source_summaries/2d/B0840/Gurobi.csv,runtime,1,identity/string copy
results/local_side_scaling_results.csv,B0840,Gurobi,residual,results/source_summaries/2d/B0840/Gurobi.csv,residual_linf,1,identity/string copy
results/local_side_scaling_results.csv,B0840,Gurobi,stop_reason,results/source_summaries/2d/B0840/Gurobi.csv,status,1,identity/string copy
results/local_side_scaling_results.csv,B0840,Gurobi,first_hit_checkpoint_time_sec,results/source_summaries/2d/B0840/Gurobi.csv,first_hit_checkpoint_time_sec,1,identity/string copy
results/local_side_scaling_results.csv,B0840,Gurobi,first_hit_checkpoint_rel_gap,results/source_summaries/2d/B0840/Gurobi.csv,first_hit_checkpoint_rel_gap,1,identity/string copy
results/local_side_scaling_results.csv,B0840,Gurobi,first_hit_stop_time_sec,results/source_summaries/2d/B0840/Gurobi.csv,first_hit_stop_time_sec,1,identity/string copy
results/local_side_scaling_results.csv,B0840,Gurobi,first_hit_stop_rel_gap,results/source_summaries/2d/B0840/Gurobi.csv,first_hit_stop_rel_gap,1,identity/string copy
results/local_side_scaling_results.csv,B0840,SCP-ALM,reported_lower_bound,results/source_summaries/2d/B0840/SCP_ALM.csv,global_lb,1,identity/string copy
results/local_side_scaling_results.csv,B0840,SCP-ALM,reported_upper_bound,results/source_summaries/2d/B0840/SCP_ALM.csv,global_ub,1,identity/string copy
results/local_side_scaling_results.csv,B0840,SCP-ALM,reported_absolute_gap,results/source_summaries/2d/B0840/SCP_ALM.csv,objective_cert_gap,1,identity/string copy
results/local_side_scaling_results.csv,B0840,SCP-ALM,reported_relative_gap,results/source_summaries/2d/B0840/SCP_ALM.csv,cert_rel_gap,1,identity/string copy
results/local_side_scaling_results.csv,B0840,SCP-ALM,reported_gap_percent,results/source_summaries/2d/B0840/SCP_ALM.csv,cert_rel_gap_percent,1,identity/string copy
results/local_side_scaling_results.csv,B0840,SCP-ALM,runtime_sec,results/source_summaries/2d/B0840/SCP_ALM.csv,total_time_sec,1,identity/string copy
results/local_side_scaling_results.csv,B0840,SCP-ALM,residual,results/source_summaries/2d/B0840/SCP_ALM.csv,returned_primal_residual,1,identity/string copy
results/local_side_scaling_results.csv,B0840,SCP-ALM,stop_reason,results/source_summaries/2d/B0840/SCP_ALM.csv,stop_reason,1,identity/string copy
results/local_side_scaling_results.csv,B0840,SCP-ALM,first_hit_checkpoint_time_sec,results/source_summaries/2d/B0840/SCP_ALM.csv,first_hit_checkpoint_time_sec,1,identity/string copy
results/local_side_scaling_results.csv,B0840,SCP-ALM,first_hit_checkpoint_rel_gap,results/source_summaries/2d/B0840/SCP_ALM.csv,first_hit_checkpoint_rel_gap,1,identity/string copy
results/local_side_scaling_results.csv,B0840,SCP-ALM,first_hit_stop_time_sec,results/source_summaries/2d/B0840/SCP_ALM.csv,first_hit_stop_time_sec,1,identity/string copy
results/local_side_scaling_results.csv,B0840,SCP-ALM,first_hit_stop_rel_gap,results/source_summaries/2d/B0840/SCP_ALM.csv,first_hit_stop_rel_gap,1,identity/string copy
results/local_side_scaling_results.csv,B0840,RD-ALM,reported_lower_bound,results/source_summaries/2d/B0840/RD_ALM.csv,p2_certified_global_lb,1,identity/string copy
results/local_side_scaling_results.csv,B0840,RD-ALM,reported_upper_bound,results/source_summaries/2d/B0840/RD_ALM.csv,p2_certified_ub,1,identity/string copy
results/local_side_scaling_results.csv,B0840,RD-ALM,reported_absolute_gap,results/source_summaries/2d/B0840/RD_ALM.csv,p2_certified_gap,1,identity/string copy
results/local_side_scaling_results.csv,B0840,RD-ALM,reported_relative_gap,results/source_summaries/2d/B0840/RD_ALM.csv,p2_certified_rel_gap,1,identity/string copy
results/local_side_scaling_results.csv,B0840,RD-ALM,reported_gap_percent,results/source_summaries/2d/B0840/RD_ALM.csv,p2_certified_rel_gap_percent,1,identity/string copy
results/local_side_scaling_results.csv,B0840,RD-ALM,runtime_sec,results/source_summaries/2d/B0840/RD_ALM.csv,p2_certified_total_time_sec,1,identity/string copy
results/local_side_scaling_results.csv,B0840,RD-ALM,residual,results/source_summaries/2d/B0840/RD_ALM.csv,p2_certified_residual,1,identity/string copy
results/local_side_scaling_results.csv,B0840,RD-ALM,stop_reason,results/source_summaries/2d/B0840/RD_ALM.csv,stop_reason,1,identity/string copy
results/local_side_scaling_results.csv,B0840,SCP-LR,reported_lower_bound,results/source_summaries/2d/B0840/SCP_LR.csv,global_lb,1,identity/string copy
results/local_side_scaling_results.csv,B0840,SCP-LR,reported_upper_bound,results/source_summaries/2d/B0840/SCP_LR.csv,global_ub,1,identity/string copy
results/local_side_scaling_results.csv,B0840,SCP-LR,reported_absolute_gap,results/source_summaries/2d/B0840/SCP_LR.csv,objective_cert_gap,1,identity/string copy
results/local_side_scaling_results.csv,B0840,SCP-LR,reported_relative_gap,results/source_summaries/2d/B0840/SCP_LR.csv,cert_rel_gap,1,identity/string copy
results/local_side_scaling_results.csv,B0840,SCP-LR,reported_gap_percent,results/source_summaries/2d/B0840/SCP_LR.csv,cert_rel_gap_percent,1,identity/string copy
results/local_side_scaling_results.csv,B0840,SCP-LR,runtime_sec,results/source_summaries/2d/B0840/SCP_LR.csv,total_time_sec,1,identity/string copy
results/local_side_scaling_results.csv,B0840,SCP-LR,residual,results/source_summaries/2d/B0840/SCP_LR.csv,returned_primal_residual,1,identity/string copy
results/local_side_scaling_results.csv,B0840,SCP-LR,stop_reason,results/source_summaries/2d/B0840/SCP_LR.csv,stop_reason,1,identity/string copy
results/local_side_scaling_results.csv,B0840,SCP-LR,first_hit_checkpoint_time_sec,results/source_summaries/2d/B0840/SCP_LR.csv,first_hit_checkpoint_time_sec,1,identity/string copy
results/local_side_scaling_results.csv,B0840,SCP-LR,first_hit_checkpoint_rel_gap,results/source_summaries/2d/B0840/SCP_LR.csv,first_hit_checkpoint_rel_gap,1,identity/string copy
results/local_side_scaling_results.csv,B0840,SCP-LR,first_hit_stop_time_sec,results/source_summaries/2d/B0840/SCP_LR.csv,first_hit_stop_time_sec,1,identity/string copy
results/local_side_scaling_results.csv,B0840,SCP-LR,first_hit_stop_rel_gap,results/source_summaries/2d/B0840/SCP_LR.csv,first_hit_stop_rel_gap,1,identity/string copy
results/local_side_scaling_results.csv,B0900,Gurobi,reported_lower_bound,results/source_summaries/2d/B0900/Gurobi.csv,best_bound,1,identity/string copy
results/local_side_scaling_results.csv,B0900,Gurobi,reported_upper_bound,results/source_summaries/2d/B0900/Gurobi.csv,incumbent_obj,1,identity/string copy
results/local_side_scaling_results.csv,B0900,Gurobi,reported_relative_gap,results/source_summaries/2d/B0900/Gurobi.csv,cert_rel_gap,1,identity/string copy
results/local_side_scaling_results.csv,B0900,Gurobi,reported_gap_percent,results/source_summaries/2d/B0900/Gurobi.csv,cert_rel_gap_percent,1,identity/string copy
results/local_side_scaling_results.csv,B0900,Gurobi,runtime_sec,results/source_summaries/2d/B0900/Gurobi.csv,runtime,1,identity/string copy
results/local_side_scaling_results.csv,B0900,Gurobi,residual,results/source_summaries/2d/B0900/Gurobi.csv,residual_linf,1,identity/string copy
results/local_side_scaling_results.csv,B0900,Gurobi,stop_reason,results/source_summaries/2d/B0900/Gurobi.csv,status,1,identity/string copy
results/local_side_scaling_results.csv,B0900,Gurobi,first_hit_checkpoint_time_sec,results/source_summaries/2d/B0900/Gurobi.csv,first_hit_checkpoint_time_sec,1,identity/string copy
results/local_side_scaling_results.csv,B0900,Gurobi,first_hit_checkpoint_rel_gap,results/source_summaries/2d/B0900/Gurobi.csv,first_hit_checkpoint_rel_gap,1,identity/string copy
results/local_side_scaling_results.csv,B0900,Gurobi,first_hit_stop_time_sec,results/source_summaries/2d/B0900/Gurobi.csv,first_hit_stop_time_sec,1,identity/string copy
results/local_side_scaling_results.csv,B0900,Gurobi,first_hit_stop_rel_gap,results/source_summaries/2d/B0900/Gurobi.csv,first_hit_stop_rel_gap,1,identity/string copy
results/local_side_scaling_results.csv,B0900,SCP-ALM,reported_lower_bound,results/source_summaries/2d/B0900/SCP_ALM.csv,global_lb,1,identity/string copy
results/local_side_scaling_results.csv,B0900,SCP-ALM,reported_upper_bound,results/source_summaries/2d/B0900/SCP_ALM.csv,global_ub,1,identity/string copy
results/local_side_scaling_results.csv,B0900,SCP-ALM,reported_absolute_gap,results/source_summaries/2d/B0900/SCP_ALM.csv,objective_cert_gap,1,identity/string copy
results/local_side_scaling_results.csv,B0900,SCP-ALM,reported_relative_gap,results/source_summaries/2d/B0900/SCP_ALM.csv,cert_rel_gap,1,identity/string copy
results/local_side_scaling_results.csv,B0900,SCP-ALM,reported_gap_percent,results/source_summaries/2d/B0900/SCP_ALM.csv,cert_rel_gap_percent,1,identity/string copy
results/local_side_scaling_results.csv,B0900,SCP-ALM,runtime_sec,results/source_summaries/2d/B0900/SCP_ALM.csv,total_time_sec,1,identity/string copy
results/local_side_scaling_results.csv,B0900,SCP-ALM,residual,results/source_summaries/2d/B0900/SCP_ALM.csv,returned_primal_residual,1,identity/string copy
results/local_side_scaling_results.csv,B0900,SCP-ALM,stop_reason,results/source_summaries/2d/B0900/SCP_ALM.csv,stop_reason,1,identity/string copy
results/local_side_scaling_results.csv,B0900,SCP-ALM,first_hit_checkpoint_time_sec,results/source_summaries/2d/B0900/SCP_ALM.csv,first_hit_checkpoint_time_sec,1,identity/string copy
results/local_side_scaling_results.csv,B0900,SCP-ALM,first_hit_checkpoint_rel_gap,results/source_summaries/2d/B0900/SCP_ALM.csv,first_hit_checkpoint_rel_gap,1,identity/string copy
results/local_side_scaling_results.csv,B0900,SCP-ALM,first_hit_stop_time_sec,results/source_summaries/2d/B0900/SCP_ALM.csv,first_hit_stop_time_sec,1,identity/string copy
results/local_side_scaling_results.csv,B0900,SCP-ALM,first_hit_stop_rel_gap,results/source_summaries/2d/B0900/SCP_ALM.csv,first_hit_stop_rel_gap,1,identity/string copy
results/local_side_scaling_results.csv,B0900,RD-ALM,reported_lower_bound,results/source_summaries/2d/B0900/RD_ALM.csv,p2_certified_global_lb,1,identity/string copy
results/local_side_scaling_results.csv,B0900,RD-ALM,reported_upper_bound,results/source_summaries/2d/B0900/RD_ALM.csv,p2_certified_ub,1,identity/string copy
results/local_side_scaling_results.csv,B0900,RD-ALM,reported_absolute_gap,results/source_summaries/2d/B0900/RD_ALM.csv,p2_certified_gap,1,identity/string copy
results/local_side_scaling_results.csv,B0900,RD-ALM,reported_relative_gap,results/source_summaries/2d/B0900/RD_ALM.csv,p2_certified_rel_gap,1,identity/string copy
results/local_side_scaling_results.csv,B0900,RD-ALM,reported_gap_percent,results/source_summaries/2d/B0900/RD_ALM.csv,p2_certified_rel_gap_percent,1,identity/string copy
results/local_side_scaling_results.csv,B0900,RD-ALM,runtime_sec,results/source_summaries/2d/B0900/RD_ALM.csv,p2_certified_total_time_sec,1,identity/string copy
results/local_side_scaling_results.csv,B0900,RD-ALM,residual,results/source_summaries/2d/B0900/RD_ALM.csv,p2_certified_residual,1,identity/string copy
results/local_side_scaling_results.csv,B0900,RD-ALM,stop_reason,results/source_summaries/2d/B0900/RD_ALM.csv,stop_reason,1,identity/string copy
results/local_side_scaling_results.csv,B0900,SCP-LR,reported_lower_bound,results/source_summaries/2d/B0900/SCP_LR.csv,global_lb,1,identity/string copy
results/local_side_scaling_results.csv,B0900,SCP-LR,reported_upper_bound,results/source_summaries/2d/B0900/SCP_LR.csv,global_ub,1,identity/string copy
results/local_side_scaling_results.csv,B0900,SCP-LR,reported_absolute_gap,results/source_summaries/2d/B0900/SCP_LR.csv,objective_cert_gap,1,identity/string copy
results/local_side_scaling_results.csv,B0900,SCP-LR,reported_relative_gap,results/source_summaries/2d/B0900/SCP_LR.csv,cert_rel_gap,1,identity/string copy
results/local_side_scaling_results.csv,B0900,SCP-LR,reported_gap_percent,results/source_summaries/2d/B0900/SCP_LR.csv,cert_rel_gap_percent,1,identity/string copy
results/local_side_scaling_results.csv,B0900,SCP-LR,runtime_sec,results/source_summaries/2d/B0900/SCP_LR.csv,total_time_sec,1,identity/string copy
results/local_side_scaling_results.csv,B0900,SCP-LR,residual,results/source_summaries/2d/B0900/SCP_LR.csv,returned_primal_residual,1,identity/string copy
results/local_side_scaling_results.csv,B0900,SCP-LR,stop_reason,results/source_summaries/2d/B0900/SCP_LR.csv,stop_reason,1,identity/string copy
results/local_side_scaling_results.csv,B0900,SCP-LR,first_hit_checkpoint_time_sec,results/source_summaries/2d/B0900/SCP_LR.csv,first_hit_checkpoint_time_sec,1,identity/string copy
results/local_side_scaling_results.csv,B0900,SCP-LR,first_hit_checkpoint_rel_gap,results/source_summaries/2d/B0900/SCP_LR.csv,first_hit_checkpoint_rel_gap,1,identity/string copy
results/local_side_scaling_results.csv,B0900,SCP-LR,first_hit_stop_time_sec,results/source_summaries/2d/B0900/SCP_LR.csv,first_hit_stop_time_sec,1,identity/string copy
results/local_side_scaling_results.csv,B0900,SCP-LR,first_hit_stop_rel_gap,results/source_summaries/2d/B0900/SCP_LR.csv,first_hit_stop_rel_gap,1,identity/string copy
results/local_side_scaling_results.csv,B0960,Gurobi,reported_lower_bound,results/source_summaries/2d/B0960/Gurobi.csv,best_bound,1,identity/string copy
results/local_side_scaling_results.csv,B0960,Gurobi,reported_upper_bound,results/source_summaries/2d/B0960/Gurobi.csv,incumbent_obj,1,identity/string copy
results/local_side_scaling_results.csv,B0960,Gurobi,reported_relative_gap,results/source_summaries/2d/B0960/Gurobi.csv,cert_rel_gap,1,identity/string copy
results/local_side_scaling_results.csv,B0960,Gurobi,reported_gap_percent,results/source_summaries/2d/B0960/Gurobi.csv,cert_rel_gap_percent,1,identity/string copy
results/local_side_scaling_results.csv,B0960,Gurobi,runtime_sec,results/source_summaries/2d/B0960/Gurobi.csv,runtime,1,identity/string copy
results/local_side_scaling_results.csv,B0960,Gurobi,residual,results/source_summaries/2d/B0960/Gurobi.csv,residual_linf,1,identity/string copy
results/local_side_scaling_results.csv,B0960,Gurobi,stop_reason,results/source_summaries/2d/B0960/Gurobi.csv,status,1,identity/string copy
results/local_side_scaling_results.csv,B0960,Gurobi,first_hit_checkpoint_time_sec,results/source_summaries/2d/B0960/Gurobi.csv,first_hit_checkpoint_time_sec,1,identity/string copy
results/local_side_scaling_results.csv,B0960,Gurobi,first_hit_checkpoint_rel_gap,results/source_summaries/2d/B0960/Gurobi.csv,first_hit_checkpoint_rel_gap,1,identity/string copy
results/local_side_scaling_results.csv,B0960,Gurobi,first_hit_stop_time_sec,results/source_summaries/2d/B0960/Gurobi.csv,first_hit_stop_time_sec,1,identity/string copy
results/local_side_scaling_results.csv,B0960,Gurobi,first_hit_stop_rel_gap,results/source_summaries/2d/B0960/Gurobi.csv,first_hit_stop_rel_gap,1,identity/string copy
results/local_side_scaling_results.csv,B0960,SCP-ALM,reported_lower_bound,results/source_summaries/2d/B0960/SCP_ALM.csv,global_lb,1,identity/string copy
results/local_side_scaling_results.csv,B0960,SCP-ALM,reported_upper_bound,results/source_summaries/2d/B0960/SCP_ALM.csv,global_ub,1,identity/string copy
results/local_side_scaling_results.csv,B0960,SCP-ALM,reported_absolute_gap,results/source_summaries/2d/B0960/SCP_ALM.csv,objective_cert_gap,1,identity/string copy
results/local_side_scaling_results.csv,B0960,SCP-ALM,reported_relative_gap,results/source_summaries/2d/B0960/SCP_ALM.csv,cert_rel_gap,1,identity/string copy
results/local_side_scaling_results.csv,B0960,SCP-ALM,reported_gap_percent,results/source_summaries/2d/B0960/SCP_ALM.csv,cert_rel_gap_percent,1,identity/string copy
results/local_side_scaling_results.csv,B0960,SCP-ALM,runtime_sec,results/source_summaries/2d/B0960/SCP_ALM.csv,total_time_sec,1,identity/string copy
results/local_side_scaling_results.csv,B0960,SCP-ALM,residual,results/source_summaries/2d/B0960/SCP_ALM.csv,returned_primal_residual,1,identity/string copy
results/local_side_scaling_results.csv,B0960,SCP-ALM,stop_reason,results/source_summaries/2d/B0960/SCP_ALM.csv,stop_reason,1,identity/string copy
results/local_side_scaling_results.csv,B0960,SCP-ALM,first_hit_checkpoint_time_sec,results/source_summaries/2d/B0960/SCP_ALM.csv,first_hit_checkpoint_time_sec,1,identity/string copy
results/local_side_scaling_results.csv,B0960,SCP-ALM,first_hit_checkpoint_rel_gap,results/source_summaries/2d/B0960/SCP_ALM.csv,first_hit_checkpoint_rel_gap,1,identity/string copy
results/local_side_scaling_results.csv,B0960,SCP-ALM,first_hit_stop_time_sec,results/source_summaries/2d/B0960/SCP_ALM.csv,first_hit_stop_time_sec,1,identity/string copy
results/local_side_scaling_results.csv,B0960,SCP-ALM,first_hit_stop_rel_gap,results/source_summaries/2d/B0960/SCP_ALM.csv,first_hit_stop_rel_gap,1,identity/string copy
results/local_side_scaling_results.csv,B0960,RD-ALM,reported_lower_bound,results/source_summaries/2d/B0960/RD_ALM.csv,p2_certified_global_lb,1,identity/string copy
results/local_side_scaling_results.csv,B0960,RD-ALM,reported_upper_bound,results/source_summaries/2d/B0960/RD_ALM.csv,p2_certified_ub,1,identity/string copy
results/local_side_scaling_results.csv,B0960,RD-ALM,reported_absolute_gap,results/source_summaries/2d/B0960/RD_ALM.csv,p2_certified_gap,1,identity/string copy
results/local_side_scaling_results.csv,B0960,RD-ALM,reported_relative_gap,results/source_summaries/2d/B0960/RD_ALM.csv,p2_certified_rel_gap,1,identity/string copy
results/local_side_scaling_results.csv,B0960,RD-ALM,reported_gap_percent,results/source_summaries/2d/B0960/RD_ALM.csv,p2_certified_rel_gap_percent,1,identity/string copy
results/local_side_scaling_results.csv,B0960,RD-ALM,runtime_sec,results/source_summaries/2d/B0960/RD_ALM.csv,p2_certified_total_time_sec,1,identity/string copy
results/local_side_scaling_results.csv,B0960,RD-ALM,residual,results/source_summaries/2d/B0960/RD_ALM.csv,p2_certified_residual,1,identity/string copy
results/local_side_scaling_results.csv,B0960,RD-ALM,stop_reason,results/source_summaries/2d/B0960/RD_ALM.csv,stop_reason,1,identity/string copy
results/local_side_scaling_results.csv,B0960,SCP-LR,reported_lower_bound,results/source_summaries/2d/B0960/SCP_LR.csv,global_lb,1,identity/string copy
results/local_side_scaling_results.csv,B0960,SCP-LR,reported_upper_bound,results/source_summaries/2d/B0960/SCP_LR.csv,global_ub,1,identity/string copy
results/local_side_scaling_results.csv,B0960,SCP-LR,reported_absolute_gap,results/source_summaries/2d/B0960/SCP_LR.csv,objective_cert_gap,1,identity/string copy
results/local_side_scaling_results.csv,B0960,SCP-LR,reported_relative_gap,results/source_summaries/2d/B0960/SCP_LR.csv,cert_rel_gap,1,identity/string copy
results/local_side_scaling_results.csv,B0960,SCP-LR,reported_gap_percent,results/source_summaries/2d/B0960/SCP_LR.csv,cert_rel_gap_percent,1,identity/string copy
results/local_side_scaling_results.csv,B0960,SCP-LR,runtime_sec,results/source_summaries/2d/B0960/SCP_LR.csv,total_time_sec,1,identity/string copy
results/local_side_scaling_results.csv,B0960,SCP-LR,residual,results/source_summaries/2d/B0960/SCP_LR.csv,returned_primal_residual,1,identity/string copy
results/local_side_scaling_results.csv,B0960,SCP-LR,stop_reason,results/source_summaries/2d/B0960/SCP_LR.csv,stop_reason,1,identity/string copy
results/local_side_scaling_results.csv,B0960,SCP-LR,first_hit_checkpoint_time_sec,results/source_summaries/2d/B0960/SCP_LR.csv,first_hit_checkpoint_time_sec,1,identity/string copy
results/local_side_scaling_results.csv,B0960,SCP-LR,first_hit_checkpoint_rel_gap,results/source_summaries/2d/B0960/SCP_LR.csv,first_hit_checkpoint_rel_gap,1,identity/string copy
results/local_side_scaling_results.csv,B0960,SCP-LR,first_hit_stop_time_sec,results/source_summaries/2d/B0960/SCP_LR.csv,first_hit_stop_time_sec,1,identity/string copy
results/local_side_scaling_results.csv,B0960,SCP-LR,first_hit_stop_rel_gap,results/source_summaries/2d/B0960/SCP_LR.csv,first_hit_stop_rel_gap,1,identity/string copy
results/local_side_scaling_results.csv,B1020,Gurobi,reported_lower_bound,results/source_summaries/2d/B1020/Gurobi.csv,best_bound,1,identity/string copy
results/local_side_scaling_results.csv,B1020,Gurobi,reported_upper_bound,results/source_summaries/2d/B1020/Gurobi.csv,incumbent_obj,1,identity/string copy
results/local_side_scaling_results.csv,B1020,Gurobi,reported_relative_gap,results/source_summaries/2d/B1020/Gurobi.csv,cert_rel_gap,1,identity/string copy
results/local_side_scaling_results.csv,B1020,Gurobi,reported_gap_percent,results/source_summaries/2d/B1020/Gurobi.csv,cert_rel_gap_percent,1,identity/string copy
results/local_side_scaling_results.csv,B1020,Gurobi,runtime_sec,results/source_summaries/2d/B1020/Gurobi.csv,runtime,1,identity/string copy
results/local_side_scaling_results.csv,B1020,Gurobi,residual,results/source_summaries/2d/B1020/Gurobi.csv,residual_linf,1,identity/string copy
results/local_side_scaling_results.csv,B1020,Gurobi,stop_reason,results/source_summaries/2d/B1020/Gurobi.csv,status,1,identity/string copy
results/local_side_scaling_results.csv,B1020,Gurobi,first_hit_checkpoint_time_sec,results/source_summaries/2d/B1020/Gurobi.csv,first_hit_checkpoint_time_sec,1,identity/string copy
results/local_side_scaling_results.csv,B1020,Gurobi,first_hit_checkpoint_rel_gap,results/source_summaries/2d/B1020/Gurobi.csv,first_hit_checkpoint_rel_gap,1,identity/string copy
results/local_side_scaling_results.csv,B1020,Gurobi,first_hit_stop_time_sec,results/source_summaries/2d/B1020/Gurobi.csv,first_hit_stop_time_sec,1,identity/string copy
results/local_side_scaling_results.csv,B1020,Gurobi,first_hit_stop_rel_gap,results/source_summaries/2d/B1020/Gurobi.csv,first_hit_stop_rel_gap,1,identity/string copy
results/local_side_scaling_results.csv,B1020,SCP-ALM,reported_lower_bound,results/source_summaries/2d/B1020/SCP_ALM.csv,global_lb,1,identity/string copy
results/local_side_scaling_results.csv,B1020,SCP-ALM,reported_upper_bound,results/source_summaries/2d/B1020/SCP_ALM.csv,global_ub,1,identity/string copy
results/local_side_scaling_results.csv,B1020,SCP-ALM,reported_absolute_gap,results/source_summaries/2d/B1020/SCP_ALM.csv,objective_cert_gap,1,identity/string copy
results/local_side_scaling_results.csv,B1020,SCP-ALM,reported_relative_gap,results/source_summaries/2d/B1020/SCP_ALM.csv,cert_rel_gap,1,identity/string copy
results/local_side_scaling_results.csv,B1020,SCP-ALM,reported_gap_percent,results/source_summaries/2d/B1020/SCP_ALM.csv,cert_rel_gap_percent,1,identity/string copy
results/local_side_scaling_results.csv,B1020,SCP-ALM,runtime_sec,results/source_summaries/2d/B1020/SCP_ALM.csv,total_time_sec,1,identity/string copy
results/local_side_scaling_results.csv,B1020,SCP-ALM,residual,results/source_summaries/2d/B1020/SCP_ALM.csv,returned_primal_residual,1,identity/string copy
results/local_side_scaling_results.csv,B1020,SCP-ALM,stop_reason,results/source_summaries/2d/B1020/SCP_ALM.csv,stop_reason,1,identity/string copy
results/local_side_scaling_results.csv,B1020,SCP-ALM,first_hit_checkpoint_time_sec,results/source_summaries/2d/B1020/SCP_ALM.csv,first_hit_checkpoint_time_sec,1,identity/string copy
results/local_side_scaling_results.csv,B1020,SCP-ALM,first_hit_checkpoint_rel_gap,results/source_summaries/2d/B1020/SCP_ALM.csv,first_hit_checkpoint_rel_gap,1,identity/string copy
results/local_side_scaling_results.csv,B1020,SCP-ALM,first_hit_stop_time_sec,results/source_summaries/2d/B1020/SCP_ALM.csv,first_hit_stop_time_sec,1,identity/string copy
results/local_side_scaling_results.csv,B1020,SCP-ALM,first_hit_stop_rel_gap,results/source_summaries/2d/B1020/SCP_ALM.csv,first_hit_stop_rel_gap,1,identity/string copy
results/local_side_scaling_results.csv,B1020,RD-ALM,reported_lower_bound,results/source_summaries/2d/B1020/RD_ALM.csv,p2_certified_global_lb,1,identity/string copy
results/local_side_scaling_results.csv,B1020,RD-ALM,reported_upper_bound,results/source_summaries/2d/B1020/RD_ALM.csv,p2_certified_ub,1,identity/string copy
results/local_side_scaling_results.csv,B1020,RD-ALM,reported_absolute_gap,results/source_summaries/2d/B1020/RD_ALM.csv,p2_certified_gap,1,identity/string copy
results/local_side_scaling_results.csv,B1020,RD-ALM,reported_relative_gap,results/source_summaries/2d/B1020/RD_ALM.csv,p2_certified_rel_gap,1,identity/string copy
results/local_side_scaling_results.csv,B1020,RD-ALM,reported_gap_percent,results/source_summaries/2d/B1020/RD_ALM.csv,p2_certified_rel_gap_percent,1,identity/string copy
results/local_side_scaling_results.csv,B1020,RD-ALM,runtime_sec,results/source_summaries/2d/B1020/RD_ALM.csv,p2_certified_total_time_sec,1,identity/string copy
results/local_side_scaling_results.csv,B1020,RD-ALM,residual,results/source_summaries/2d/B1020/RD_ALM.csv,p2_certified_residual,1,identity/string copy
results/local_side_scaling_results.csv,B1020,RD-ALM,stop_reason,results/source_summaries/2d/B1020/RD_ALM.csv,stop_reason,1,identity/string copy
results/local_side_scaling_results.csv,B1020,SCP-LR,reported_lower_bound,results/source_summaries/2d/B1020/SCP_LR.csv,global_lb,1,identity/string copy
results/local_side_scaling_results.csv,B1020,SCP-LR,reported_upper_bound,results/source_summaries/2d/B1020/SCP_LR.csv,global_ub,1,identity/string copy
results/local_side_scaling_results.csv,B1020,SCP-LR,reported_absolute_gap,results/source_summaries/2d/B1020/SCP_LR.csv,objective_cert_gap,1,identity/string copy
results/local_side_scaling_results.csv,B1020,SCP-LR,reported_relative_gap,results/source_summaries/2d/B1020/SCP_LR.csv,cert_rel_gap,1,identity/string copy
results/local_side_scaling_results.csv,B1020,SCP-LR,reported_gap_percent,results/source_summaries/2d/B1020/SCP_LR.csv,cert_rel_gap_percent,1,identity/string copy
results/local_side_scaling_results.csv,B1020,SCP-LR,runtime_sec,results/source_summaries/2d/B1020/SCP_LR.csv,total_time_sec,1,identity/string copy
results/local_side_scaling_results.csv,B1020,SCP-LR,residual,results/source_summaries/2d/B1020/SCP_LR.csv,returned_primal_residual,1,identity/string copy
results/local_side_scaling_results.csv,B1020,SCP-LR,stop_reason,results/source_summaries/2d/B1020/SCP_LR.csv,stop_reason,1,identity/string copy
results/local_side_scaling_results.csv,B1020,SCP-LR,first_hit_checkpoint_time_sec,results/source_summaries/2d/B1020/SCP_LR.csv,first_hit_checkpoint_time_sec,1,identity/string copy
results/local_side_scaling_results.csv,B1020,SCP-LR,first_hit_checkpoint_rel_gap,results/source_summaries/2d/B1020/SCP_LR.csv,first_hit_checkpoint_rel_gap,1,identity/string copy
results/local_side_scaling_results.csv,B1020,SCP-LR,first_hit_stop_time_sec,results/source_summaries/2d/B1020/SCP_LR.csv,first_hit_stop_time_sec,1,identity/string copy
results/local_side_scaling_results.csv,B1020,SCP-LR,first_hit_stop_rel_gap,results/source_summaries/2d/B1020/SCP_LR.csv,first_hit_stop_rel_gap,1,identity/string copy
results/local_side_scaling_results.csv,B1080,Gurobi,reported_lower_bound,results/source_summaries/2d/B1080/Gurobi.csv,best_bound,1,identity/string copy
results/local_side_scaling_results.csv,B1080,Gurobi,reported_upper_bound,results/source_summaries/2d/B1080/Gurobi.csv,incumbent_obj,1,identity/string copy
results/local_side_scaling_results.csv,B1080,Gurobi,reported_relative_gap,results/source_summaries/2d/B1080/Gurobi.csv,cert_rel_gap,1,identity/string copy
results/local_side_scaling_results.csv,B1080,Gurobi,reported_gap_percent,results/source_summaries/2d/B1080/Gurobi.csv,cert_rel_gap_percent,1,identity/string copy
results/local_side_scaling_results.csv,B1080,Gurobi,runtime_sec,results/source_summaries/2d/B1080/Gurobi.csv,runtime,1,identity/string copy
results/local_side_scaling_results.csv,B1080,Gurobi,residual,results/source_summaries/2d/B1080/Gurobi.csv,residual_linf,1,identity/string copy
results/local_side_scaling_results.csv,B1080,Gurobi,stop_reason,results/source_summaries/2d/B1080/Gurobi.csv,status,1,identity/string copy
results/local_side_scaling_results.csv,B1080,Gurobi,first_hit_checkpoint_time_sec,results/source_summaries/2d/B1080/Gurobi.csv,first_hit_checkpoint_time_sec,1,identity/string copy
results/local_side_scaling_results.csv,B1080,Gurobi,first_hit_checkpoint_rel_gap,results/source_summaries/2d/B1080/Gurobi.csv,first_hit_checkpoint_rel_gap,1,identity/string copy
results/local_side_scaling_results.csv,B1080,Gurobi,first_hit_stop_time_sec,results/source_summaries/2d/B1080/Gurobi.csv,first_hit_stop_time_sec,1,identity/string copy
results/local_side_scaling_results.csv,B1080,Gurobi,first_hit_stop_rel_gap,results/source_summaries/2d/B1080/Gurobi.csv,first_hit_stop_rel_gap,1,identity/string copy
results/local_side_scaling_results.csv,B1080,SCP-ALM,reported_lower_bound,results/source_summaries/2d/B1080/SCP_ALM.csv,global_lb,1,identity/string copy
results/local_side_scaling_results.csv,B1080,SCP-ALM,reported_upper_bound,results/source_summaries/2d/B1080/SCP_ALM.csv,global_ub,1,identity/string copy
results/local_side_scaling_results.csv,B1080,SCP-ALM,reported_absolute_gap,results/source_summaries/2d/B1080/SCP_ALM.csv,objective_cert_gap,1,identity/string copy
results/local_side_scaling_results.csv,B1080,SCP-ALM,reported_relative_gap,results/source_summaries/2d/B1080/SCP_ALM.csv,cert_rel_gap,1,identity/string copy
results/local_side_scaling_results.csv,B1080,SCP-ALM,reported_gap_percent,results/source_summaries/2d/B1080/SCP_ALM.csv,cert_rel_gap_percent,1,identity/string copy
results/local_side_scaling_results.csv,B1080,SCP-ALM,runtime_sec,results/source_summaries/2d/B1080/SCP_ALM.csv,total_time_sec,1,identity/string copy
results/local_side_scaling_results.csv,B1080,SCP-ALM,residual,results/source_summaries/2d/B1080/SCP_ALM.csv,returned_primal_residual,1,identity/string copy
results/local_side_scaling_results.csv,B1080,SCP-ALM,stop_reason,results/source_summaries/2d/B1080/SCP_ALM.csv,stop_reason,1,identity/string copy
results/local_side_scaling_results.csv,B1080,SCP-ALM,first_hit_checkpoint_time_sec,results/source_summaries/2d/B1080/SCP_ALM.csv,first_hit_checkpoint_time_sec,1,identity/string copy
results/local_side_scaling_results.csv,B1080,SCP-ALM,first_hit_checkpoint_rel_gap,results/source_summaries/2d/B1080/SCP_ALM.csv,first_hit_checkpoint_rel_gap,1,identity/string copy
results/local_side_scaling_results.csv,B1080,SCP-ALM,first_hit_stop_time_sec,results/source_summaries/2d/B1080/SCP_ALM.csv,first_hit_stop_time_sec,1,identity/string copy
results/local_side_scaling_results.csv,B1080,SCP-ALM,first_hit_stop_rel_gap,results/source_summaries/2d/B1080/SCP_ALM.csv,first_hit_stop_rel_gap,1,identity/string copy
results/local_side_scaling_results.csv,B1080,RD-ALM,reported_lower_bound,results/source_summaries/2d/B1080/RD_ALM.csv,p2_certified_global_lb,1,identity/string copy
results/local_side_scaling_results.csv,B1080,RD-ALM,reported_upper_bound,results/source_summaries/2d/B1080/RD_ALM.csv,p2_certified_ub,1,identity/string copy
results/local_side_scaling_results.csv,B1080,RD-ALM,reported_absolute_gap,results/source_summaries/2d/B1080/RD_ALM.csv,p2_certified_gap,1,identity/string copy
results/local_side_scaling_results.csv,B1080,RD-ALM,reported_relative_gap,results/source_summaries/2d/B1080/RD_ALM.csv,p2_certified_rel_gap,1,identity/string copy
results/local_side_scaling_results.csv,B1080,RD-ALM,reported_gap_percent,results/source_summaries/2d/B1080/RD_ALM.csv,p2_certified_rel_gap_percent,1,identity/string copy
results/local_side_scaling_results.csv,B1080,RD-ALM,runtime_sec,results/source_summaries/2d/B1080/RD_ALM.csv,p2_certified_total_time_sec,1,identity/string copy
results/local_side_scaling_results.csv,B1080,RD-ALM,residual,results/source_summaries/2d/B1080/RD_ALM.csv,p2_certified_residual,1,identity/string copy
results/local_side_scaling_results.csv,B1080,RD-ALM,stop_reason,results/source_summaries/2d/B1080/RD_ALM.csv,stop_reason,1,identity/string copy
results/local_side_scaling_results.csv,B1080,SCP-LR,reported_lower_bound,results/source_summaries/2d/B1080/SCP_LR.csv,global_lb,1,identity/string copy
results/local_side_scaling_results.csv,B1080,SCP-LR,reported_upper_bound,results/source_summaries/2d/B1080/SCP_LR.csv,global_ub,1,identity/string copy
results/local_side_scaling_results.csv,B1080,SCP-LR,reported_absolute_gap,results/source_summaries/2d/B1080/SCP_LR.csv,objective_cert_gap,1,identity/string copy
results/local_side_scaling_results.csv,B1080,SCP-LR,reported_relative_gap,results/source_summaries/2d/B1080/SCP_LR.csv,cert_rel_gap,1,identity/string copy
results/local_side_scaling_results.csv,B1080,SCP-LR,reported_gap_percent,results/source_summaries/2d/B1080/SCP_LR.csv,cert_rel_gap_percent,1,identity/string copy
results/local_side_scaling_results.csv,B1080,SCP-LR,runtime_sec,results/source_summaries/2d/B1080/SCP_LR.csv,total_time_sec,1,identity/string copy
results/local_side_scaling_results.csv,B1080,SCP-LR,residual,results/source_summaries/2d/B1080/SCP_LR.csv,returned_primal_residual,1,identity/string copy
results/local_side_scaling_results.csv,B1080,SCP-LR,stop_reason,results/source_summaries/2d/B1080/SCP_LR.csv,stop_reason,1,identity/string copy
results/local_side_scaling_results.csv,B1080,SCP-LR,first_hit_checkpoint_time_sec,results/source_summaries/2d/B1080/SCP_LR.csv,first_hit_checkpoint_time_sec,1,identity/string copy
results/local_side_scaling_results.csv,B1080,SCP-LR,first_hit_checkpoint_rel_gap,results/source_summaries/2d/B1080/SCP_LR.csv,first_hit_checkpoint_rel_gap,1,identity/string copy
results/local_side_scaling_results.csv,B1080,SCP-LR,first_hit_stop_time_sec,results/source_summaries/2d/B1080/SCP_LR.csv,first_hit_stop_time_sec,1,identity/string copy
results/local_side_scaling_results.csv,B1080,SCP-LR,first_hit_stop_rel_gap,results/source_summaries/2d/B1080/SCP_LR.csv,first_hit_stop_rel_gap,1,identity/string copy
results/local_side_scaling_results.csv,B1140,Gurobi,reported_lower_bound,results/source_summaries/2d/B1140/Gurobi.csv,best_bound,1,identity/string copy
results/local_side_scaling_results.csv,B1140,Gurobi,reported_upper_bound,results/source_summaries/2d/B1140/Gurobi.csv,incumbent_obj,1,identity/string copy
results/local_side_scaling_results.csv,B1140,Gurobi,reported_relative_gap,results/source_summaries/2d/B1140/Gurobi.csv,cert_rel_gap,1,identity/string copy
results/local_side_scaling_results.csv,B1140,Gurobi,reported_gap_percent,results/source_summaries/2d/B1140/Gurobi.csv,cert_rel_gap_percent,1,identity/string copy
results/local_side_scaling_results.csv,B1140,Gurobi,runtime_sec,results/source_summaries/2d/B1140/Gurobi.csv,runtime,1,identity/string copy
results/local_side_scaling_results.csv,B1140,Gurobi,residual,results/source_summaries/2d/B1140/Gurobi.csv,residual_linf,1,identity/string copy
results/local_side_scaling_results.csv,B1140,Gurobi,stop_reason,results/source_summaries/2d/B1140/Gurobi.csv,status,1,identity/string copy
results/local_side_scaling_results.csv,B1140,Gurobi,first_hit_checkpoint_time_sec,results/source_summaries/2d/B1140/Gurobi.csv,first_hit_checkpoint_time_sec,1,identity/string copy
results/local_side_scaling_results.csv,B1140,Gurobi,first_hit_checkpoint_rel_gap,results/source_summaries/2d/B1140/Gurobi.csv,first_hit_checkpoint_rel_gap,1,identity/string copy
results/local_side_scaling_results.csv,B1140,Gurobi,first_hit_stop_time_sec,results/source_summaries/2d/B1140/Gurobi.csv,first_hit_stop_time_sec,1,identity/string copy
results/local_side_scaling_results.csv,B1140,Gurobi,first_hit_stop_rel_gap,results/source_summaries/2d/B1140/Gurobi.csv,first_hit_stop_rel_gap,1,identity/string copy
results/local_side_scaling_results.csv,B1140,SCP-ALM,reported_lower_bound,results/source_summaries/2d/B1140/SCP_ALM.csv,global_lb,1,identity/string copy
results/local_side_scaling_results.csv,B1140,SCP-ALM,reported_upper_bound,results/source_summaries/2d/B1140/SCP_ALM.csv,global_ub,1,identity/string copy
results/local_side_scaling_results.csv,B1140,SCP-ALM,reported_absolute_gap,results/source_summaries/2d/B1140/SCP_ALM.csv,objective_cert_gap,1,identity/string copy
results/local_side_scaling_results.csv,B1140,SCP-ALM,reported_relative_gap,results/source_summaries/2d/B1140/SCP_ALM.csv,cert_rel_gap,1,identity/string copy
results/local_side_scaling_results.csv,B1140,SCP-ALM,reported_gap_percent,results/source_summaries/2d/B1140/SCP_ALM.csv,cert_rel_gap_percent,1,identity/string copy
results/local_side_scaling_results.csv,B1140,SCP-ALM,runtime_sec,results/source_summaries/2d/B1140/SCP_ALM.csv,total_time_sec,1,identity/string copy
results/local_side_scaling_results.csv,B1140,SCP-ALM,residual,results/source_summaries/2d/B1140/SCP_ALM.csv,returned_primal_residual,1,identity/string copy
results/local_side_scaling_results.csv,B1140,SCP-ALM,stop_reason,results/source_summaries/2d/B1140/SCP_ALM.csv,stop_reason,1,identity/string copy
results/local_side_scaling_results.csv,B1140,SCP-ALM,first_hit_checkpoint_time_sec,results/source_summaries/2d/B1140/SCP_ALM.csv,first_hit_checkpoint_time_sec,1,identity/string copy
results/local_side_scaling_results.csv,B1140,SCP-ALM,first_hit_checkpoint_rel_gap,results/source_summaries/2d/B1140/SCP_ALM.csv,first_hit_checkpoint_rel_gap,1,identity/string copy
results/local_side_scaling_results.csv,B1140,SCP-ALM,first_hit_stop_time_sec,results/source_summaries/2d/B1140/SCP_ALM.csv,first_hit_stop_time_sec,1,identity/string copy
results/local_side_scaling_results.csv,B1140,SCP-ALM,first_hit_stop_rel_gap,results/source_summaries/2d/B1140/SCP_ALM.csv,first_hit_stop_rel_gap,1,identity/string copy
results/local_side_scaling_results.csv,B1140,RD-ALM,reported_lower_bound,results/source_summaries/2d/B1140/RD_ALM.csv,p2_certified_global_lb,1,identity/string copy
results/local_side_scaling_results.csv,B1140,RD-ALM,reported_upper_bound,results/source_summaries/2d/B1140/RD_ALM.csv,p2_certified_ub,1,identity/string copy
results/local_side_scaling_results.csv,B1140,RD-ALM,reported_absolute_gap,results/source_summaries/2d/B1140/RD_ALM.csv,p2_certified_gap,1,identity/string copy
results/local_side_scaling_results.csv,B1140,RD-ALM,reported_relative_gap,results/source_summaries/2d/B1140/RD_ALM.csv,p2_certified_rel_gap,1,identity/string copy
results/local_side_scaling_results.csv,B1140,RD-ALM,reported_gap_percent,results/source_summaries/2d/B1140/RD_ALM.csv,p2_certified_rel_gap_percent,1,identity/string copy
results/local_side_scaling_results.csv,B1140,RD-ALM,runtime_sec,results/source_summaries/2d/B1140/RD_ALM.csv,p2_certified_total_time_sec,1,identity/string copy
results/local_side_scaling_results.csv,B1140,RD-ALM,residual,results/source_summaries/2d/B1140/RD_ALM.csv,p2_certified_residual,1,identity/string copy
results/local_side_scaling_results.csv,B1140,RD-ALM,stop_reason,results/source_summaries/2d/B1140/RD_ALM.csv,stop_reason,1,identity/string copy
results/local_side_scaling_results.csv,B1140,SCP-LR,reported_lower_bound,results/source_summaries/2d/B1140/SCP_LR.csv,global_lb,1,identity/string copy
results/local_side_scaling_results.csv,B1140,SCP-LR,reported_upper_bound,results/source_summaries/2d/B1140/SCP_LR.csv,global_ub,1,identity/string copy
results/local_side_scaling_results.csv,B1140,SCP-LR,reported_absolute_gap,results/source_summaries/2d/B1140/SCP_LR.csv,objective_cert_gap,1,identity/string copy
results/local_side_scaling_results.csv,B1140,SCP-LR,reported_relative_gap,results/source_summaries/2d/B1140/SCP_LR.csv,cert_rel_gap,1,identity/string copy
results/local_side_scaling_results.csv,B1140,SCP-LR,reported_gap_percent,results/source_summaries/2d/B1140/SCP_LR.csv,cert_rel_gap_percent,1,identity/string copy
results/local_side_scaling_results.csv,B1140,SCP-LR,runtime_sec,results/source_summaries/2d/B1140/SCP_LR.csv,total_time_sec,1,identity/string copy
results/local_side_scaling_results.csv,B1140,SCP-LR,residual,results/source_summaries/2d/B1140/SCP_LR.csv,returned_primal_residual,1,identity/string copy
results/local_side_scaling_results.csv,B1140,SCP-LR,stop_reason,results/source_summaries/2d/B1140/SCP_LR.csv,stop_reason,1,identity/string copy
results/local_side_scaling_results.csv,B1140,SCP-LR,first_hit_checkpoint_time_sec,results/source_summaries/2d/B1140/SCP_LR.csv,first_hit_checkpoint_time_sec,1,identity/string copy
results/local_side_scaling_results.csv,B1140,SCP-LR,first_hit_checkpoint_rel_gap,results/source_summaries/2d/B1140/SCP_LR.csv,first_hit_checkpoint_rel_gap,1,identity/string copy
results/local_side_scaling_results.csv,B1140,SCP-LR,first_hit_stop_time_sec,results/source_summaries/2d/B1140/SCP_LR.csv,first_hit_stop_time_sec,1,identity/string copy
results/local_side_scaling_results.csv,B1140,SCP-LR,first_hit_stop_rel_gap,results/source_summaries/2d/B1140/SCP_LR.csv,first_hit_stop_rel_gap,1,identity/string copy
results/local_side_scaling_results.csv,B1200,Gurobi,reported_lower_bound,results/source_summaries/2d/B1200/Gurobi.csv,best_bound,1,identity/string copy
results/local_side_scaling_results.csv,B1200,Gurobi,reported_upper_bound,results/source_summaries/2d/B1200/Gurobi.csv,incumbent_obj,1,identity/string copy
results/local_side_scaling_results.csv,B1200,Gurobi,reported_relative_gap,results/source_summaries/2d/B1200/Gurobi.csv,cert_rel_gap,1,identity/string copy
results/local_side_scaling_results.csv,B1200,Gurobi,reported_gap_percent,results/source_summaries/2d/B1200/Gurobi.csv,cert_rel_gap_percent,1,identity/string copy
results/local_side_scaling_results.csv,B1200,Gurobi,runtime_sec,results/source_summaries/2d/B1200/Gurobi.csv,runtime,1,identity/string copy
results/local_side_scaling_results.csv,B1200,Gurobi,residual,results/source_summaries/2d/B1200/Gurobi.csv,residual_linf,1,identity/string copy
results/local_side_scaling_results.csv,B1200,Gurobi,stop_reason,results/source_summaries/2d/B1200/Gurobi.csv,status,1,identity/string copy
results/local_side_scaling_results.csv,B1200,Gurobi,first_hit_checkpoint_time_sec,results/source_summaries/2d/B1200/Gurobi.csv,first_hit_checkpoint_time_sec,1,identity/string copy
results/local_side_scaling_results.csv,B1200,Gurobi,first_hit_checkpoint_rel_gap,results/source_summaries/2d/B1200/Gurobi.csv,first_hit_checkpoint_rel_gap,1,identity/string copy
results/local_side_scaling_results.csv,B1200,Gurobi,first_hit_stop_time_sec,results/source_summaries/2d/B1200/Gurobi.csv,first_hit_stop_time_sec,1,identity/string copy
results/local_side_scaling_results.csv,B1200,Gurobi,first_hit_stop_rel_gap,results/source_summaries/2d/B1200/Gurobi.csv,first_hit_stop_rel_gap,1,identity/string copy
results/local_side_scaling_results.csv,B1200,SCP-ALM,reported_lower_bound,results/source_summaries/2d/B1200/SCP_ALM.csv,global_lb,1,identity/string copy
results/local_side_scaling_results.csv,B1200,SCP-ALM,reported_upper_bound,results/source_summaries/2d/B1200/SCP_ALM.csv,global_ub,1,identity/string copy
results/local_side_scaling_results.csv,B1200,SCP-ALM,reported_absolute_gap,results/source_summaries/2d/B1200/SCP_ALM.csv,objective_cert_gap,1,identity/string copy
results/local_side_scaling_results.csv,B1200,SCP-ALM,reported_relative_gap,results/source_summaries/2d/B1200/SCP_ALM.csv,cert_rel_gap,1,identity/string copy
results/local_side_scaling_results.csv,B1200,SCP-ALM,reported_gap_percent,results/source_summaries/2d/B1200/SCP_ALM.csv,cert_rel_gap_percent,1,identity/string copy
results/local_side_scaling_results.csv,B1200,SCP-ALM,runtime_sec,results/source_summaries/2d/B1200/SCP_ALM.csv,total_time_sec,1,identity/string copy
results/local_side_scaling_results.csv,B1200,SCP-ALM,residual,results/source_summaries/2d/B1200/SCP_ALM.csv,returned_primal_residual,1,identity/string copy
results/local_side_scaling_results.csv,B1200,SCP-ALM,stop_reason,results/source_summaries/2d/B1200/SCP_ALM.csv,stop_reason,1,identity/string copy
results/local_side_scaling_results.csv,B1200,SCP-ALM,first_hit_checkpoint_time_sec,results/source_summaries/2d/B1200/SCP_ALM.csv,first_hit_checkpoint_time_sec,1,identity/string copy
results/local_side_scaling_results.csv,B1200,SCP-ALM,first_hit_checkpoint_rel_gap,results/source_summaries/2d/B1200/SCP_ALM.csv,first_hit_checkpoint_rel_gap,1,identity/string copy
results/local_side_scaling_results.csv,B1200,SCP-ALM,first_hit_stop_time_sec,results/source_summaries/2d/B1200/SCP_ALM.csv,first_hit_stop_time_sec,1,identity/string copy
results/local_side_scaling_results.csv,B1200,SCP-ALM,first_hit_stop_rel_gap,results/source_summaries/2d/B1200/SCP_ALM.csv,first_hit_stop_rel_gap,1,identity/string copy
results/local_side_scaling_results.csv,B1200,RD-ALM,reported_lower_bound,results/source_summaries/2d/B1200/RD_ALM.csv,p2_certified_global_lb,1,identity/string copy
results/local_side_scaling_results.csv,B1200,RD-ALM,reported_upper_bound,results/source_summaries/2d/B1200/RD_ALM.csv,p2_certified_ub,1,identity/string copy
results/local_side_scaling_results.csv,B1200,RD-ALM,reported_absolute_gap,results/source_summaries/2d/B1200/RD_ALM.csv,p2_certified_gap,1,identity/string copy
results/local_side_scaling_results.csv,B1200,RD-ALM,reported_relative_gap,results/source_summaries/2d/B1200/RD_ALM.csv,p2_certified_rel_gap,1,identity/string copy
results/local_side_scaling_results.csv,B1200,RD-ALM,reported_gap_percent,results/source_summaries/2d/B1200/RD_ALM.csv,p2_certified_rel_gap_percent,1,identity/string copy
results/local_side_scaling_results.csv,B1200,RD-ALM,runtime_sec,results/source_summaries/2d/B1200/RD_ALM.csv,p2_certified_total_time_sec,1,identity/string copy
results/local_side_scaling_results.csv,B1200,RD-ALM,residual,results/source_summaries/2d/B1200/RD_ALM.csv,p2_certified_residual,1,identity/string copy
results/local_side_scaling_results.csv,B1200,RD-ALM,stop_reason,results/source_summaries/2d/B1200/RD_ALM.csv,stop_reason,1,identity/string copy
results/local_side_scaling_results.csv,B1200,SCP-LR,reported_lower_bound,results/source_summaries/2d/B1200/SCP_LR.csv,global_lb,1,identity/string copy
results/local_side_scaling_results.csv,B1200,SCP-LR,reported_upper_bound,results/source_summaries/2d/B1200/SCP_LR.csv,global_ub,1,identity/string copy
results/local_side_scaling_results.csv,B1200,SCP-LR,reported_absolute_gap,results/source_summaries/2d/B1200/SCP_LR.csv,objective_cert_gap,1,identity/string copy
results/local_side_scaling_results.csv,B1200,SCP-LR,reported_relative_gap,results/source_summaries/2d/B1200/SCP_LR.csv,cert_rel_gap,1,identity/string copy
results/local_side_scaling_results.csv,B1200,SCP-LR,reported_gap_percent,results/source_summaries/2d/B1200/SCP_LR.csv,cert_rel_gap_percent,1,identity/string copy
results/local_side_scaling_results.csv,B1200,SCP-LR,runtime_sec,results/source_summaries/2d/B1200/SCP_LR.csv,total_time_sec,1,identity/string copy
results/local_side_scaling_results.csv,B1200,SCP-LR,residual,results/source_summaries/2d/B1200/SCP_LR.csv,returned_primal_residual,1,identity/string copy
results/local_side_scaling_results.csv,B1200,SCP-LR,stop_reason,results/source_summaries/2d/B1200/SCP_LR.csv,stop_reason,1,identity/string copy
results/local_side_scaling_results.csv,B1200,SCP-LR,first_hit_checkpoint_time_sec,results/source_summaries/2d/B1200/SCP_LR.csv,first_hit_checkpoint_time_sec,1,identity/string copy
results/local_side_scaling_results.csv,B1200,SCP-LR,first_hit_checkpoint_rel_gap,results/source_summaries/2d/B1200/SCP_LR.csv,first_hit_checkpoint_rel_gap,1,identity/string copy
results/local_side_scaling_results.csv,B1200,SCP-LR,first_hit_stop_time_sec,results/source_summaries/2d/B1200/SCP_LR.csv,first_hit_stop_time_sec,1,identity/string copy
results/local_side_scaling_results.csv,B1200,SCP-LR,first_hit_stop_rel_gap,results/source_summaries/2d/B1200/SCP_LR.csv,first_hit_stop_rel_gap,1,identity/string copy
results/local_side_scaling_results.csv,B1260,Gurobi,reported_lower_bound,results/source_summaries/2d/B1260/Gurobi.csv,best_bound,1,identity/string copy
results/local_side_scaling_results.csv,B1260,Gurobi,reported_upper_bound,results/source_summaries/2d/B1260/Gurobi.csv,incumbent_obj,1,identity/string copy
results/local_side_scaling_results.csv,B1260,Gurobi,reported_relative_gap,results/source_summaries/2d/B1260/Gurobi.csv,cert_rel_gap,1,identity/string copy
results/local_side_scaling_results.csv,B1260,Gurobi,reported_gap_percent,results/source_summaries/2d/B1260/Gurobi.csv,cert_rel_gap_percent,1,identity/string copy
results/local_side_scaling_results.csv,B1260,Gurobi,runtime_sec,results/source_summaries/2d/B1260/Gurobi.csv,runtime,1,identity/string copy
results/local_side_scaling_results.csv,B1260,Gurobi,residual,results/source_summaries/2d/B1260/Gurobi.csv,residual_linf,1,identity/string copy
results/local_side_scaling_results.csv,B1260,Gurobi,stop_reason,results/source_summaries/2d/B1260/Gurobi.csv,status,1,identity/string copy
results/local_side_scaling_results.csv,B1260,Gurobi,first_hit_checkpoint_time_sec,results/source_summaries/2d/B1260/Gurobi.csv,first_hit_checkpoint_time_sec,1,identity/string copy
results/local_side_scaling_results.csv,B1260,Gurobi,first_hit_checkpoint_rel_gap,results/source_summaries/2d/B1260/Gurobi.csv,first_hit_checkpoint_rel_gap,1,identity/string copy
results/local_side_scaling_results.csv,B1260,Gurobi,first_hit_stop_time_sec,results/source_summaries/2d/B1260/Gurobi.csv,first_hit_stop_time_sec,1,identity/string copy
results/local_side_scaling_results.csv,B1260,Gurobi,first_hit_stop_rel_gap,results/source_summaries/2d/B1260/Gurobi.csv,first_hit_stop_rel_gap,1,identity/string copy
results/local_side_scaling_results.csv,B1260,SCP-ALM,reported_lower_bound,results/source_summaries/2d/B1260/SCP_ALM.csv,global_lb,1,identity/string copy
results/local_side_scaling_results.csv,B1260,SCP-ALM,reported_upper_bound,results/source_summaries/2d/B1260/SCP_ALM.csv,global_ub,1,identity/string copy
results/local_side_scaling_results.csv,B1260,SCP-ALM,reported_absolute_gap,results/source_summaries/2d/B1260/SCP_ALM.csv,objective_cert_gap,1,identity/string copy
results/local_side_scaling_results.csv,B1260,SCP-ALM,reported_relative_gap,results/source_summaries/2d/B1260/SCP_ALM.csv,cert_rel_gap,1,identity/string copy
results/local_side_scaling_results.csv,B1260,SCP-ALM,reported_gap_percent,results/source_summaries/2d/B1260/SCP_ALM.csv,cert_rel_gap_percent,1,identity/string copy
results/local_side_scaling_results.csv,B1260,SCP-ALM,runtime_sec,results/source_summaries/2d/B1260/SCP_ALM.csv,total_time_sec,1,identity/string copy
results/local_side_scaling_results.csv,B1260,SCP-ALM,residual,results/source_summaries/2d/B1260/SCP_ALM.csv,returned_primal_residual,1,identity/string copy
results/local_side_scaling_results.csv,B1260,SCP-ALM,stop_reason,results/source_summaries/2d/B1260/SCP_ALM.csv,stop_reason,1,identity/string copy
results/local_side_scaling_results.csv,B1260,SCP-ALM,first_hit_checkpoint_time_sec,results/source_summaries/2d/B1260/SCP_ALM.csv,first_hit_checkpoint_time_sec,1,identity/string copy
results/local_side_scaling_results.csv,B1260,SCP-ALM,first_hit_checkpoint_rel_gap,results/source_summaries/2d/B1260/SCP_ALM.csv,first_hit_checkpoint_rel_gap,1,identity/string copy
results/local_side_scaling_results.csv,B1260,SCP-ALM,first_hit_stop_time_sec,results/source_summaries/2d/B1260/SCP_ALM.csv,first_hit_stop_time_sec,1,identity/string copy
results/local_side_scaling_results.csv,B1260,SCP-ALM,first_hit_stop_rel_gap,results/source_summaries/2d/B1260/SCP_ALM.csv,first_hit_stop_rel_gap,1,identity/string copy
results/local_side_scaling_results.csv,B1260,RD-ALM,reported_lower_bound,results/source_summaries/2d/B1260/RD_ALM.csv,p2_certified_global_lb,1,identity/string copy
results/local_side_scaling_results.csv,B1260,RD-ALM,reported_upper_bound,results/source_summaries/2d/B1260/RD_ALM.csv,p2_certified_ub,1,identity/string copy
results/local_side_scaling_results.csv,B1260,RD-ALM,reported_absolute_gap,results/source_summaries/2d/B1260/RD_ALM.csv,p2_certified_gap,1,identity/string copy
results/local_side_scaling_results.csv,B1260,RD-ALM,reported_relative_gap,results/source_summaries/2d/B1260/RD_ALM.csv,p2_certified_rel_gap,1,identity/string copy
results/local_side_scaling_results.csv,B1260,RD-ALM,reported_gap_percent,results/source_summaries/2d/B1260/RD_ALM.csv,p2_certified_rel_gap_percent,1,identity/string copy
results/local_side_scaling_results.csv,B1260,RD-ALM,runtime_sec,results/source_summaries/2d/B1260/RD_ALM.csv,p2_certified_total_time_sec,1,identity/string copy
results/local_side_scaling_results.csv,B1260,RD-ALM,residual,results/source_summaries/2d/B1260/RD_ALM.csv,p2_certified_residual,1,identity/string copy
results/local_side_scaling_results.csv,B1260,RD-ALM,stop_reason,results/source_summaries/2d/B1260/RD_ALM.csv,stop_reason,1,identity/string copy
results/local_side_scaling_results.csv,B1260,SCP-LR,reported_lower_bound,results/source_summaries/2d/B1260/SCP_LR.csv,global_lb,1,identity/string copy
results/local_side_scaling_results.csv,B1260,SCP-LR,reported_upper_bound,results/source_summaries/2d/B1260/SCP_LR.csv,global_ub,1,identity/string copy
results/local_side_scaling_results.csv,B1260,SCP-LR,reported_absolute_gap,results/source_summaries/2d/B1260/SCP_LR.csv,objective_cert_gap,1,identity/string copy
results/local_side_scaling_results.csv,B1260,SCP-LR,reported_relative_gap,results/source_summaries/2d/B1260/SCP_LR.csv,cert_rel_gap,1,identity/string copy
results/local_side_scaling_results.csv,B1260,SCP-LR,reported_gap_percent,results/source_summaries/2d/B1260/SCP_LR.csv,cert_rel_gap_percent,1,identity/string copy
results/local_side_scaling_results.csv,B1260,SCP-LR,runtime_sec,results/source_summaries/2d/B1260/SCP_LR.csv,total_time_sec,1,identity/string copy
results/local_side_scaling_results.csv,B1260,SCP-LR,residual,results/source_summaries/2d/B1260/SCP_LR.csv,returned_primal_residual,1,identity/string copy
results/local_side_scaling_results.csv,B1260,SCP-LR,stop_reason,results/source_summaries/2d/B1260/SCP_LR.csv,stop_reason,1,identity/string copy
results/local_side_scaling_results.csv,B1260,SCP-LR,first_hit_checkpoint_time_sec,results/source_summaries/2d/B1260/SCP_LR.csv,first_hit_checkpoint_time_sec,1,identity/string copy
results/local_side_scaling_results.csv,B1260,SCP-LR,first_hit_checkpoint_rel_gap,results/source_summaries/2d/B1260/SCP_LR.csv,first_hit_checkpoint_rel_gap,1,identity/string copy
results/local_side_scaling_results.csv,B1260,SCP-LR,first_hit_stop_time_sec,results/source_summaries/2d/B1260/SCP_LR.csv,first_hit_stop_time_sec,1,identity/string copy
results/local_side_scaling_results.csv,B1260,SCP-LR,first_hit_stop_rel_gap,results/source_summaries/2d/B1260/SCP_LR.csv,first_hit_stop_rel_gap,1,identity/string copy
results/local_side_scaling_results.csv,B1320,Gurobi,reported_lower_bound,results/source_summaries/2d/B1320/Gurobi.csv,best_bound,1,identity/string copy
results/local_side_scaling_results.csv,B1320,Gurobi,reported_upper_bound,results/source_summaries/2d/B1320/Gurobi.csv,incumbent_obj,1,identity/string copy
results/local_side_scaling_results.csv,B1320,Gurobi,reported_relative_gap,results/source_summaries/2d/B1320/Gurobi.csv,cert_rel_gap,1,identity/string copy
results/local_side_scaling_results.csv,B1320,Gurobi,reported_gap_percent,results/source_summaries/2d/B1320/Gurobi.csv,cert_rel_gap_percent,1,identity/string copy
results/local_side_scaling_results.csv,B1320,Gurobi,runtime_sec,results/source_summaries/2d/B1320/Gurobi.csv,runtime,1,identity/string copy
results/local_side_scaling_results.csv,B1320,Gurobi,residual,results/source_summaries/2d/B1320/Gurobi.csv,residual_linf,1,identity/string copy
results/local_side_scaling_results.csv,B1320,Gurobi,stop_reason,results/source_summaries/2d/B1320/Gurobi.csv,status,1,identity/string copy
results/local_side_scaling_results.csv,B1320,Gurobi,first_hit_checkpoint_time_sec,results/source_summaries/2d/B1320/Gurobi.csv,first_hit_checkpoint_time_sec,1,identity/string copy
results/local_side_scaling_results.csv,B1320,Gurobi,first_hit_checkpoint_rel_gap,results/source_summaries/2d/B1320/Gurobi.csv,first_hit_checkpoint_rel_gap,1,identity/string copy
results/local_side_scaling_results.csv,B1320,Gurobi,first_hit_stop_time_sec,results/source_summaries/2d/B1320/Gurobi.csv,first_hit_stop_time_sec,1,identity/string copy
results/local_side_scaling_results.csv,B1320,Gurobi,first_hit_stop_rel_gap,results/source_summaries/2d/B1320/Gurobi.csv,first_hit_stop_rel_gap,1,identity/string copy
results/local_side_scaling_results.csv,B1320,SCP-ALM,reported_lower_bound,results/source_summaries/2d/B1320/SCP_ALM.csv,global_lb,1,identity/string copy
results/local_side_scaling_results.csv,B1320,SCP-ALM,reported_upper_bound,results/source_summaries/2d/B1320/SCP_ALM.csv,global_ub,1,identity/string copy
results/local_side_scaling_results.csv,B1320,SCP-ALM,reported_absolute_gap,results/source_summaries/2d/B1320/SCP_ALM.csv,objective_cert_gap,1,identity/string copy
results/local_side_scaling_results.csv,B1320,SCP-ALM,reported_relative_gap,results/source_summaries/2d/B1320/SCP_ALM.csv,cert_rel_gap,1,identity/string copy
results/local_side_scaling_results.csv,B1320,SCP-ALM,reported_gap_percent,results/source_summaries/2d/B1320/SCP_ALM.csv,cert_rel_gap_percent,1,identity/string copy
results/local_side_scaling_results.csv,B1320,SCP-ALM,runtime_sec,results/source_summaries/2d/B1320/SCP_ALM.csv,total_time_sec,1,identity/string copy
results/local_side_scaling_results.csv,B1320,SCP-ALM,residual,results/source_summaries/2d/B1320/SCP_ALM.csv,returned_primal_residual,1,identity/string copy
results/local_side_scaling_results.csv,B1320,SCP-ALM,stop_reason,results/source_summaries/2d/B1320/SCP_ALM.csv,stop_reason,1,identity/string copy
results/local_side_scaling_results.csv,B1320,SCP-ALM,first_hit_checkpoint_time_sec,results/source_summaries/2d/B1320/SCP_ALM.csv,first_hit_checkpoint_time_sec,1,identity/string copy
results/local_side_scaling_results.csv,B1320,SCP-ALM,first_hit_checkpoint_rel_gap,results/source_summaries/2d/B1320/SCP_ALM.csv,first_hit_checkpoint_rel_gap,1,identity/string copy
results/local_side_scaling_results.csv,B1320,SCP-ALM,first_hit_stop_time_sec,results/source_summaries/2d/B1320/SCP_ALM.csv,first_hit_stop_time_sec,1,identity/string copy
results/local_side_scaling_results.csv,B1320,SCP-ALM,first_hit_stop_rel_gap,results/source_summaries/2d/B1320/SCP_ALM.csv,first_hit_stop_rel_gap,1,identity/string copy
results/local_side_scaling_results.csv,B1320,RD-ALM,reported_lower_bound,results/source_summaries/2d/B1320/RD_ALM.csv,p2_certified_global_lb,1,identity/string copy
results/local_side_scaling_results.csv,B1320,RD-ALM,reported_upper_bound,results/source_summaries/2d/B1320/RD_ALM.csv,p2_certified_ub,1,identity/string copy
results/local_side_scaling_results.csv,B1320,RD-ALM,reported_absolute_gap,results/source_summaries/2d/B1320/RD_ALM.csv,p2_certified_gap,1,identity/string copy
results/local_side_scaling_results.csv,B1320,RD-ALM,reported_relative_gap,results/source_summaries/2d/B1320/RD_ALM.csv,p2_certified_rel_gap,1,identity/string copy
results/local_side_scaling_results.csv,B1320,RD-ALM,reported_gap_percent,results/source_summaries/2d/B1320/RD_ALM.csv,p2_certified_rel_gap_percent,1,identity/string copy
results/local_side_scaling_results.csv,B1320,RD-ALM,runtime_sec,results/source_summaries/2d/B1320/RD_ALM.csv,p2_certified_total_time_sec,1,identity/string copy
results/local_side_scaling_results.csv,B1320,RD-ALM,residual,results/source_summaries/2d/B1320/RD_ALM.csv,p2_certified_residual,1,identity/string copy
results/local_side_scaling_results.csv,B1320,RD-ALM,stop_reason,results/source_summaries/2d/B1320/RD_ALM.csv,stop_reason,1,identity/string copy
results/local_side_scaling_results.csv,B1320,SCP-LR,reported_lower_bound,results/source_summaries/2d/B1320/SCP_LR.csv,global_lb,1,identity/string copy
results/local_side_scaling_results.csv,B1320,SCP-LR,reported_upper_bound,results/source_summaries/2d/B1320/SCP_LR.csv,global_ub,1,identity/string copy
results/local_side_scaling_results.csv,B1320,SCP-LR,reported_absolute_gap,results/source_summaries/2d/B1320/SCP_LR.csv,objective_cert_gap,1,identity/string copy
results/local_side_scaling_results.csv,B1320,SCP-LR,reported_relative_gap,results/source_summaries/2d/B1320/SCP_LR.csv,cert_rel_gap,1,identity/string copy
results/local_side_scaling_results.csv,B1320,SCP-LR,reported_gap_percent,results/source_summaries/2d/B1320/SCP_LR.csv,cert_rel_gap_percent,1,identity/string copy
results/local_side_scaling_results.csv,B1320,SCP-LR,runtime_sec,results/source_summaries/2d/B1320/SCP_LR.csv,total_time_sec,1,identity/string copy
results/local_side_scaling_results.csv,B1320,SCP-LR,residual,results/source_summaries/2d/B1320/SCP_LR.csv,returned_primal_residual,1,identity/string copy
results/local_side_scaling_results.csv,B1320,SCP-LR,stop_reason,results/source_summaries/2d/B1320/SCP_LR.csv,stop_reason,1,identity/string copy
results/local_side_scaling_results.csv,B1320,SCP-LR,first_hit_checkpoint_time_sec,results/source_summaries/2d/B1320/SCP_LR.csv,first_hit_checkpoint_time_sec,1,identity/string copy
results/local_side_scaling_results.csv,B1320,SCP-LR,first_hit_checkpoint_rel_gap,results/source_summaries/2d/B1320/SCP_LR.csv,first_hit_checkpoint_rel_gap,1,identity/string copy
results/local_side_scaling_results.csv,B1320,SCP-LR,first_hit_stop_time_sec,results/source_summaries/2d/B1320/SCP_LR.csv,first_hit_stop_time_sec,1,identity/string copy
results/local_side_scaling_results.csv,B1320,SCP-LR,first_hit_stop_rel_gap,results/source_summaries/2d/B1320/SCP_LR.csv,first_hit_stop_rel_gap,1,identity/string copy
results/local_side_scaling_results.csv,B1380,Gurobi,reported_lower_bound,results/source_summaries/2d/B1380/Gurobi.csv,best_bound,1,identity/string copy
results/local_side_scaling_results.csv,B1380,Gurobi,reported_upper_bound,results/source_summaries/2d/B1380/Gurobi.csv,incumbent_obj,1,identity/string copy
results/local_side_scaling_results.csv,B1380,Gurobi,reported_relative_gap,results/source_summaries/2d/B1380/Gurobi.csv,cert_rel_gap,1,identity/string copy
results/local_side_scaling_results.csv,B1380,Gurobi,reported_gap_percent,results/source_summaries/2d/B1380/Gurobi.csv,cert_rel_gap_percent,1,identity/string copy
results/local_side_scaling_results.csv,B1380,Gurobi,runtime_sec,results/source_summaries/2d/B1380/Gurobi.csv,runtime,1,identity/string copy
results/local_side_scaling_results.csv,B1380,Gurobi,residual,results/source_summaries/2d/B1380/Gurobi.csv,residual_linf,1,identity/string copy
results/local_side_scaling_results.csv,B1380,Gurobi,stop_reason,results/source_summaries/2d/B1380/Gurobi.csv,status,1,identity/string copy
results/local_side_scaling_results.csv,B1380,Gurobi,first_hit_checkpoint_time_sec,results/source_summaries/2d/B1380/Gurobi.csv,first_hit_checkpoint_time_sec,1,identity/string copy
results/local_side_scaling_results.csv,B1380,Gurobi,first_hit_checkpoint_rel_gap,results/source_summaries/2d/B1380/Gurobi.csv,first_hit_checkpoint_rel_gap,1,identity/string copy
results/local_side_scaling_results.csv,B1380,Gurobi,first_hit_stop_time_sec,results/source_summaries/2d/B1380/Gurobi.csv,first_hit_stop_time_sec,1,identity/string copy
results/local_side_scaling_results.csv,B1380,Gurobi,first_hit_stop_rel_gap,results/source_summaries/2d/B1380/Gurobi.csv,first_hit_stop_rel_gap,1,identity/string copy
results/local_side_scaling_results.csv,B1380,SCP-ALM,reported_lower_bound,results/source_summaries/2d/B1380/SCP_ALM.csv,global_lb,1,identity/string copy
results/local_side_scaling_results.csv,B1380,SCP-ALM,reported_upper_bound,results/source_summaries/2d/B1380/SCP_ALM.csv,global_ub,1,identity/string copy
results/local_side_scaling_results.csv,B1380,SCP-ALM,reported_absolute_gap,results/source_summaries/2d/B1380/SCP_ALM.csv,objective_cert_gap,1,identity/string copy
results/local_side_scaling_results.csv,B1380,SCP-ALM,reported_relative_gap,results/source_summaries/2d/B1380/SCP_ALM.csv,cert_rel_gap,1,identity/string copy
results/local_side_scaling_results.csv,B1380,SCP-ALM,reported_gap_percent,results/source_summaries/2d/B1380/SCP_ALM.csv,cert_rel_gap_percent,1,identity/string copy
results/local_side_scaling_results.csv,B1380,SCP-ALM,runtime_sec,results/source_summaries/2d/B1380/SCP_ALM.csv,total_time_sec,1,identity/string copy
results/local_side_scaling_results.csv,B1380,SCP-ALM,residual,results/source_summaries/2d/B1380/SCP_ALM.csv,returned_primal_residual,1,identity/string copy
results/local_side_scaling_results.csv,B1380,SCP-ALM,stop_reason,results/source_summaries/2d/B1380/SCP_ALM.csv,stop_reason,1,identity/string copy
results/local_side_scaling_results.csv,B1380,SCP-ALM,first_hit_checkpoint_time_sec,results/source_summaries/2d/B1380/SCP_ALM.csv,first_hit_checkpoint_time_sec,1,identity/string copy
results/local_side_scaling_results.csv,B1380,SCP-ALM,first_hit_checkpoint_rel_gap,results/source_summaries/2d/B1380/SCP_ALM.csv,first_hit_checkpoint_rel_gap,1,identity/string copy
results/local_side_scaling_results.csv,B1380,SCP-ALM,first_hit_stop_time_sec,results/source_summaries/2d/B1380/SCP_ALM.csv,first_hit_stop_time_sec,1,identity/string copy
results/local_side_scaling_results.csv,B1380,SCP-ALM,first_hit_stop_rel_gap,results/source_summaries/2d/B1380/SCP_ALM.csv,first_hit_stop_rel_gap,1,identity/string copy
results/local_side_scaling_results.csv,B1380,RD-ALM,reported_lower_bound,results/source_summaries/2d/B1380/RD_ALM.csv,p2_certified_global_lb,1,identity/string copy
results/local_side_scaling_results.csv,B1380,RD-ALM,reported_upper_bound,results/source_summaries/2d/B1380/RD_ALM.csv,p2_certified_ub,1,identity/string copy
results/local_side_scaling_results.csv,B1380,RD-ALM,reported_absolute_gap,results/source_summaries/2d/B1380/RD_ALM.csv,p2_certified_gap,1,identity/string copy
results/local_side_scaling_results.csv,B1380,RD-ALM,reported_relative_gap,results/source_summaries/2d/B1380/RD_ALM.csv,p2_certified_rel_gap,1,identity/string copy
results/local_side_scaling_results.csv,B1380,RD-ALM,reported_gap_percent,results/source_summaries/2d/B1380/RD_ALM.csv,p2_certified_rel_gap_percent,1,identity/string copy
results/local_side_scaling_results.csv,B1380,RD-ALM,runtime_sec,results/source_summaries/2d/B1380/RD_ALM.csv,p2_certified_total_time_sec,1,identity/string copy
results/local_side_scaling_results.csv,B1380,RD-ALM,residual,results/source_summaries/2d/B1380/RD_ALM.csv,p2_certified_residual,1,identity/string copy
results/local_side_scaling_results.csv,B1380,RD-ALM,stop_reason,results/source_summaries/2d/B1380/RD_ALM.csv,stop_reason,1,identity/string copy
results/local_side_scaling_results.csv,B1380,SCP-LR,reported_lower_bound,results/source_summaries/2d/B1380/SCP_LR.csv,global_lb,1,identity/string copy
results/local_side_scaling_results.csv,B1380,SCP-LR,reported_upper_bound,results/source_summaries/2d/B1380/SCP_LR.csv,global_ub,1,identity/string copy
results/local_side_scaling_results.csv,B1380,SCP-LR,reported_absolute_gap,results/source_summaries/2d/B1380/SCP_LR.csv,objective_cert_gap,1,identity/string copy
results/local_side_scaling_results.csv,B1380,SCP-LR,reported_relative_gap,results/source_summaries/2d/B1380/SCP_LR.csv,cert_rel_gap,1,identity/string copy
results/local_side_scaling_results.csv,B1380,SCP-LR,reported_gap_percent,results/source_summaries/2d/B1380/SCP_LR.csv,cert_rel_gap_percent,1,identity/string copy
results/local_side_scaling_results.csv,B1380,SCP-LR,runtime_sec,results/source_summaries/2d/B1380/SCP_LR.csv,total_time_sec,1,identity/string copy
results/local_side_scaling_results.csv,B1380,SCP-LR,residual,results/source_summaries/2d/B1380/SCP_LR.csv,returned_primal_residual,1,identity/string copy
results/local_side_scaling_results.csv,B1380,SCP-LR,stop_reason,results/source_summaries/2d/B1380/SCP_LR.csv,stop_reason,1,identity/string copy
results/local_side_scaling_results.csv,B1380,SCP-LR,first_hit_checkpoint_time_sec,results/source_summaries/2d/B1380/SCP_LR.csv,first_hit_checkpoint_time_sec,1,identity/string copy
results/local_side_scaling_results.csv,B1380,SCP-LR,first_hit_checkpoint_rel_gap,results/source_summaries/2d/B1380/SCP_LR.csv,first_hit_checkpoint_rel_gap,1,identity/string copy
results/local_side_scaling_results.csv,B1380,SCP-LR,first_hit_stop_time_sec,results/source_summaries/2d/B1380/SCP_LR.csv,first_hit_stop_time_sec,1,identity/string copy
results/local_side_scaling_results.csv,B1380,SCP-LR,first_hit_stop_rel_gap,results/source_summaries/2d/B1380/SCP_LR.csv,first_hit_stop_rel_gap,1,identity/string copy
results/local_side_scaling_results.csv,B1440,Gurobi,reported_lower_bound,results/source_summaries/2d/B1440/Gurobi.csv,best_bound,1,identity/string copy
results/local_side_scaling_results.csv,B1440,Gurobi,reported_upper_bound,results/source_summaries/2d/B1440/Gurobi.csv,incumbent_obj,1,identity/string copy
results/local_side_scaling_results.csv,B1440,Gurobi,reported_relative_gap,results/source_summaries/2d/B1440/Gurobi.csv,cert_rel_gap,1,identity/string copy
results/local_side_scaling_results.csv,B1440,Gurobi,reported_gap_percent,results/source_summaries/2d/B1440/Gurobi.csv,cert_rel_gap_percent,1,identity/string copy
results/local_side_scaling_results.csv,B1440,Gurobi,runtime_sec,results/source_summaries/2d/B1440/Gurobi.csv,runtime,1,identity/string copy
results/local_side_scaling_results.csv,B1440,Gurobi,residual,results/source_summaries/2d/B1440/Gurobi.csv,residual_linf,1,identity/string copy
results/local_side_scaling_results.csv,B1440,Gurobi,stop_reason,results/source_summaries/2d/B1440/Gurobi.csv,status,1,identity/string copy
results/local_side_scaling_results.csv,B1440,Gurobi,first_hit_checkpoint_time_sec,results/source_summaries/2d/B1440/Gurobi.csv,first_hit_checkpoint_time_sec,1,identity/string copy
results/local_side_scaling_results.csv,B1440,Gurobi,first_hit_checkpoint_rel_gap,results/source_summaries/2d/B1440/Gurobi.csv,first_hit_checkpoint_rel_gap,1,identity/string copy
results/local_side_scaling_results.csv,B1440,Gurobi,first_hit_stop_time_sec,results/source_summaries/2d/B1440/Gurobi.csv,first_hit_stop_time_sec,1,identity/string copy
results/local_side_scaling_results.csv,B1440,Gurobi,first_hit_stop_rel_gap,results/source_summaries/2d/B1440/Gurobi.csv,first_hit_stop_rel_gap,1,identity/string copy
results/local_side_scaling_results.csv,B1440,SCP-ALM,reported_lower_bound,results/source_summaries/2d/B1440/SCP_ALM.csv,global_lb,1,identity/string copy
results/local_side_scaling_results.csv,B1440,SCP-ALM,reported_upper_bound,results/source_summaries/2d/B1440/SCP_ALM.csv,global_ub,1,identity/string copy
results/local_side_scaling_results.csv,B1440,SCP-ALM,reported_absolute_gap,results/source_summaries/2d/B1440/SCP_ALM.csv,objective_cert_gap,1,identity/string copy
results/local_side_scaling_results.csv,B1440,SCP-ALM,reported_relative_gap,results/source_summaries/2d/B1440/SCP_ALM.csv,cert_rel_gap,1,identity/string copy
results/local_side_scaling_results.csv,B1440,SCP-ALM,reported_gap_percent,results/source_summaries/2d/B1440/SCP_ALM.csv,cert_rel_gap_percent,1,identity/string copy
results/local_side_scaling_results.csv,B1440,SCP-ALM,runtime_sec,results/source_summaries/2d/B1440/SCP_ALM.csv,total_time_sec,1,identity/string copy
results/local_side_scaling_results.csv,B1440,SCP-ALM,residual,results/source_summaries/2d/B1440/SCP_ALM.csv,returned_primal_residual,1,identity/string copy
results/local_side_scaling_results.csv,B1440,SCP-ALM,stop_reason,results/source_summaries/2d/B1440/SCP_ALM.csv,stop_reason,1,identity/string copy
results/local_side_scaling_results.csv,B1440,SCP-ALM,first_hit_checkpoint_time_sec,results/source_summaries/2d/B1440/SCP_ALM.csv,first_hit_checkpoint_time_sec,1,identity/string copy
results/local_side_scaling_results.csv,B1440,SCP-ALM,first_hit_checkpoint_rel_gap,results/source_summaries/2d/B1440/SCP_ALM.csv,first_hit_checkpoint_rel_gap,1,identity/string copy
results/local_side_scaling_results.csv,B1440,SCP-ALM,first_hit_stop_time_sec,results/source_summaries/2d/B1440/SCP_ALM.csv,first_hit_stop_time_sec,1,identity/string copy
results/local_side_scaling_results.csv,B1440,SCP-ALM,first_hit_stop_rel_gap,results/source_summaries/2d/B1440/SCP_ALM.csv,first_hit_stop_rel_gap,1,identity/string copy
results/local_side_scaling_results.csv,B1440,RD-ALM,reported_lower_bound,results/source_summaries/2d/B1440/RD_ALM.csv,p2_certified_global_lb,1,identity/string copy
results/local_side_scaling_results.csv,B1440,RD-ALM,reported_upper_bound,results/source_summaries/2d/B1440/RD_ALM.csv,p2_certified_ub,1,identity/string copy
results/local_side_scaling_results.csv,B1440,RD-ALM,reported_absolute_gap,results/source_summaries/2d/B1440/RD_ALM.csv,p2_certified_gap,1,identity/string copy
results/local_side_scaling_results.csv,B1440,RD-ALM,reported_relative_gap,results/source_summaries/2d/B1440/RD_ALM.csv,p2_certified_rel_gap,1,identity/string copy
results/local_side_scaling_results.csv,B1440,RD-ALM,reported_gap_percent,results/source_summaries/2d/B1440/RD_ALM.csv,p2_certified_rel_gap_percent,1,identity/string copy
results/local_side_scaling_results.csv,B1440,RD-ALM,runtime_sec,results/source_summaries/2d/B1440/RD_ALM.csv,p2_certified_total_time_sec,1,identity/string copy
results/local_side_scaling_results.csv,B1440,RD-ALM,residual,results/source_summaries/2d/B1440/RD_ALM.csv,p2_certified_residual,1,identity/string copy
results/local_side_scaling_results.csv,B1440,RD-ALM,stop_reason,results/source_summaries/2d/B1440/RD_ALM.csv,stop_reason,1,identity/string copy
results/local_side_scaling_results.csv,B1440,SCP-LR,reported_lower_bound,results/source_summaries/2d/B1440/SCP_LR.csv,global_lb,1,identity/string copy
results/local_side_scaling_results.csv,B1440,SCP-LR,reported_upper_bound,results/source_summaries/2d/B1440/SCP_LR.csv,global_ub,1,identity/string copy
results/local_side_scaling_results.csv,B1440,SCP-LR,reported_absolute_gap,results/source_summaries/2d/B1440/SCP_LR.csv,objective_cert_gap,1,identity/string copy
results/local_side_scaling_results.csv,B1440,SCP-LR,reported_relative_gap,results/source_summaries/2d/B1440/SCP_LR.csv,cert_rel_gap,1,identity/string copy
results/local_side_scaling_results.csv,B1440,SCP-LR,reported_gap_percent,results/source_summaries/2d/B1440/SCP_LR.csv,cert_rel_gap_percent,1,identity/string copy
results/local_side_scaling_results.csv,B1440,SCP-LR,runtime_sec,results/source_summaries/2d/B1440/SCP_LR.csv,total_time_sec,1,identity/string copy
results/local_side_scaling_results.csv,B1440,SCP-LR,residual,results/source_summaries/2d/B1440/SCP_LR.csv,returned_primal_residual,1,identity/string copy
results/local_side_scaling_results.csv,B1440,SCP-LR,stop_reason,results/source_summaries/2d/B1440/SCP_LR.csv,stop_reason,1,identity/string copy
results/local_side_scaling_results.csv,B1440,SCP-LR,first_hit_checkpoint_time_sec,results/source_summaries/2d/B1440/SCP_LR.csv,first_hit_checkpoint_time_sec,1,identity/string copy
results/local_side_scaling_results.csv,B1440,SCP-LR,first_hit_checkpoint_rel_gap,results/source_summaries/2d/B1440/SCP_LR.csv,first_hit_checkpoint_rel_gap,1,identity/string copy
results/local_side_scaling_results.csv,B1440,SCP-LR,first_hit_stop_time_sec,results/source_summaries/2d/B1440/SCP_LR.csv,first_hit_stop_time_sec,1,identity/string copy
results/local_side_scaling_results.csv,B1440,SCP-LR,first_hit_stop_rel_gap,results/source_summaries/2d/B1440/SCP_LR.csv,first_hit_stop_rel_gap,1,identity/string copy
results/difficult_instance_results.csv,R01,Gurobi,reported_lower_bound,results/source_summaries/3d/R01/Gurobi.csv,best_bound,1,identity/string copy
results/difficult_instance_results.csv,R01,Gurobi,reported_upper_bound,results/source_summaries/3d/R01/Gurobi.csv,incumbent_obj,1,identity/string copy
results/difficult_instance_results.csv,R01,Gurobi,reported_relative_gap,results/source_summaries/3d/R01/Gurobi.csv,cert_rel_gap,1,identity/string copy
results/difficult_instance_results.csv,R01,Gurobi,reported_gap_percent,results/source_summaries/3d/R01/Gurobi.csv,cert_rel_gap_percent,1,identity/string copy
results/difficult_instance_results.csv,R01,Gurobi,runtime_sec,results/source_summaries/3d/R01/Gurobi.csv,runtime,1,identity/string copy
results/difficult_instance_results.csv,R01,Gurobi,residual,results/source_summaries/3d/R01/Gurobi.csv,residual_linf,1,identity/string copy
results/difficult_instance_results.csv,R01,Gurobi,stop_reason,results/source_summaries/3d/R01/Gurobi.csv,status,1,identity/string copy
results/difficult_instance_results.csv,R01,Gurobi,first_hit_checkpoint_time_sec,results/source_summaries/3d/R01/Gurobi.csv,first_hit_checkpoint_time_sec,1,identity/string copy
results/difficult_instance_results.csv,R01,Gurobi,first_hit_checkpoint_rel_gap,results/source_summaries/3d/R01/Gurobi.csv,first_hit_checkpoint_rel_gap,1,identity/string copy
results/difficult_instance_results.csv,R01,Gurobi,first_hit_stop_time_sec,results/source_summaries/3d/R01/Gurobi.csv,first_hit_stop_time_sec,1,identity/string copy
results/difficult_instance_results.csv,R01,Gurobi,first_hit_stop_rel_gap,results/source_summaries/3d/R01/Gurobi.csv,first_hit_stop_rel_gap,1,identity/string copy
results/difficult_instance_results.csv,R01,RD-ALM,reported_lower_bound,results/source_summaries/3d/R01/RD_ALM.csv,p2_certified_global_lb,1,identity/string copy
results/difficult_instance_results.csv,R01,RD-ALM,reported_upper_bound,results/source_summaries/3d/R01/RD_ALM.csv,p2_certified_ub,1,identity/string copy
results/difficult_instance_results.csv,R01,RD-ALM,reported_absolute_gap,results/source_summaries/3d/R01/RD_ALM.csv,p2_certified_gap,1,identity/string copy
results/difficult_instance_results.csv,R01,RD-ALM,reported_relative_gap,results/source_summaries/3d/R01/RD_ALM.csv,p2_certified_rel_gap,1,identity/string copy
results/difficult_instance_results.csv,R01,RD-ALM,reported_gap_percent,results/source_summaries/3d/R01/RD_ALM.csv,p2_certified_rel_gap_percent,1,identity/string copy
results/difficult_instance_results.csv,R01,RD-ALM,runtime_sec,results/source_summaries/3d/R01/RD_ALM.csv,p2_certified_total_time_sec,1,identity/string copy
results/difficult_instance_results.csv,R01,RD-ALM,residual,results/source_summaries/3d/R01/RD_ALM.csv,p2_certified_residual,1,identity/string copy
results/difficult_instance_results.csv,R01,RD-ALM,stop_reason,results/source_summaries/3d/R01/RD_ALM.csv,stop_reason,1,identity/string copy
results/difficult_instance_results.csv,R01,SCP-ALM,reported_lower_bound,results/source_summaries/3d/R01/SCP_ALM.csv,global_lb,1,identity/string copy
results/difficult_instance_results.csv,R01,SCP-ALM,reported_upper_bound,results/source_summaries/3d/R01/SCP_ALM.csv,global_ub,1,identity/string copy
results/difficult_instance_results.csv,R01,SCP-ALM,reported_absolute_gap,results/source_summaries/3d/R01/SCP_ALM.csv,objective_cert_gap,1,identity/string copy
results/difficult_instance_results.csv,R01,SCP-ALM,reported_relative_gap,results/source_summaries/3d/R01/SCP_ALM.csv,cert_rel_gap,1,identity/string copy
results/difficult_instance_results.csv,R01,SCP-ALM,reported_gap_percent,results/source_summaries/3d/R01/SCP_ALM.csv,cert_rel_gap_percent,1,identity/string copy
results/difficult_instance_results.csv,R01,SCP-ALM,runtime_sec,results/source_summaries/3d/R01/SCP_ALM.csv,total_time_sec,1,identity/string copy
results/difficult_instance_results.csv,R01,SCP-ALM,residual,results/source_summaries/3d/R01/SCP_ALM.csv,returned_primal_residual,1,identity/string copy
results/difficult_instance_results.csv,R01,SCP-ALM,stop_reason,results/source_summaries/3d/R01/SCP_ALM.csv,stop_reason,1,identity/string copy
results/difficult_instance_results.csv,R01,SCP-ALM,first_hit_checkpoint_time_sec,results/source_summaries/3d/R01/SCP_ALM.csv,first_hit_checkpoint_time_sec,1,identity/string copy
results/difficult_instance_results.csv,R01,SCP-ALM,first_hit_checkpoint_rel_gap,results/source_summaries/3d/R01/SCP_ALM.csv,first_hit_checkpoint_rel_gap,1,identity/string copy
results/difficult_instance_results.csv,R01,SCP-ALM,first_hit_stop_time_sec,results/source_summaries/3d/R01/SCP_ALM.csv,first_hit_stop_time_sec,1,identity/string copy
results/difficult_instance_results.csv,R01,SCP-ALM,first_hit_stop_rel_gap,results/source_summaries/3d/R01/SCP_ALM.csv,first_hit_stop_rel_gap,1,identity/string copy
results/difficult_instance_results.csv,R01,SCP-LR,reported_lower_bound,results/source_summaries/3d/R01/SCP_LR.csv,global_lb,1,identity/string copy
results/difficult_instance_results.csv,R01,SCP-LR,reported_upper_bound,results/source_summaries/3d/R01/SCP_LR.csv,global_ub,1,identity/string copy
results/difficult_instance_results.csv,R01,SCP-LR,reported_absolute_gap,results/source_summaries/3d/R01/SCP_LR.csv,objective_cert_gap,1,identity/string copy
results/difficult_instance_results.csv,R01,SCP-LR,reported_relative_gap,results/source_summaries/3d/R01/SCP_LR.csv,cert_rel_gap,1,identity/string copy
results/difficult_instance_results.csv,R01,SCP-LR,reported_gap_percent,results/source_summaries/3d/R01/SCP_LR.csv,cert_rel_gap_percent,1,identity/string copy
results/difficult_instance_results.csv,R01,SCP-LR,runtime_sec,results/source_summaries/3d/R01/SCP_LR.csv,total_time_sec,1,identity/string copy
results/difficult_instance_results.csv,R01,SCP-LR,residual,results/source_summaries/3d/R01/SCP_LR.csv,returned_primal_residual,1,identity/string copy
results/difficult_instance_results.csv,R01,SCP-LR,stop_reason,results/source_summaries/3d/R01/SCP_LR.csv,stop_reason,1,identity/string copy
results/difficult_instance_results.csv,R01,SCP-LR,first_hit_checkpoint_time_sec,results/source_summaries/3d/R01/SCP_LR.csv,first_hit_checkpoint_time_sec,1,identity/string copy
results/difficult_instance_results.csv,R01,SCP-LR,first_hit_checkpoint_rel_gap,results/source_summaries/3d/R01/SCP_LR.csv,first_hit_checkpoint_rel_gap,1,identity/string copy
results/difficult_instance_results.csv,R01,SCP-LR,first_hit_stop_time_sec,results/source_summaries/3d/R01/SCP_LR.csv,first_hit_stop_time_sec,1,identity/string copy
results/difficult_instance_results.csv,R01,SCP-LR,first_hit_stop_rel_gap,results/source_summaries/3d/R01/SCP_LR.csv,first_hit_stop_rel_gap,1,identity/string copy
results/difficult_instance_results.csv,R02,Gurobi,reported_lower_bound,results/source_summaries/3d/R02/Gurobi.csv,best_bound,1,identity/string copy
results/difficult_instance_results.csv,R02,Gurobi,reported_upper_bound,results/source_summaries/3d/R02/Gurobi.csv,incumbent_obj,1,identity/string copy
results/difficult_instance_results.csv,R02,Gurobi,reported_relative_gap,results/source_summaries/3d/R02/Gurobi.csv,cert_rel_gap,1,identity/string copy
results/difficult_instance_results.csv,R02,Gurobi,reported_gap_percent,results/source_summaries/3d/R02/Gurobi.csv,cert_rel_gap_percent,1,identity/string copy
results/difficult_instance_results.csv,R02,Gurobi,runtime_sec,results/source_summaries/3d/R02/Gurobi.csv,runtime,1,identity/string copy
results/difficult_instance_results.csv,R02,Gurobi,residual,results/source_summaries/3d/R02/Gurobi.csv,residual_linf,1,identity/string copy
results/difficult_instance_results.csv,R02,Gurobi,stop_reason,results/source_summaries/3d/R02/Gurobi.csv,status,1,identity/string copy
results/difficult_instance_results.csv,R02,Gurobi,first_hit_checkpoint_time_sec,results/source_summaries/3d/R02/Gurobi.csv,first_hit_checkpoint_time_sec,1,identity/string copy
results/difficult_instance_results.csv,R02,Gurobi,first_hit_checkpoint_rel_gap,results/source_summaries/3d/R02/Gurobi.csv,first_hit_checkpoint_rel_gap,1,identity/string copy
results/difficult_instance_results.csv,R02,Gurobi,first_hit_stop_time_sec,results/source_summaries/3d/R02/Gurobi.csv,first_hit_stop_time_sec,1,identity/string copy
results/difficult_instance_results.csv,R02,Gurobi,first_hit_stop_rel_gap,results/source_summaries/3d/R02/Gurobi.csv,first_hit_stop_rel_gap,1,identity/string copy
results/difficult_instance_results.csv,R02,RD-ALM,reported_lower_bound,results/source_summaries/3d/R02/RD_ALM.csv,p2_certified_global_lb,1,identity/string copy
results/difficult_instance_results.csv,R02,RD-ALM,reported_upper_bound,results/source_summaries/3d/R02/RD_ALM.csv,p2_certified_ub,1,identity/string copy
results/difficult_instance_results.csv,R02,RD-ALM,reported_absolute_gap,results/source_summaries/3d/R02/RD_ALM.csv,p2_certified_gap,1,identity/string copy
results/difficult_instance_results.csv,R02,RD-ALM,reported_relative_gap,results/source_summaries/3d/R02/RD_ALM.csv,p2_certified_rel_gap,1,identity/string copy
results/difficult_instance_results.csv,R02,RD-ALM,reported_gap_percent,results/source_summaries/3d/R02/RD_ALM.csv,p2_certified_rel_gap_percent,1,identity/string copy
results/difficult_instance_results.csv,R02,RD-ALM,runtime_sec,results/source_summaries/3d/R02/RD_ALM.csv,p2_certified_total_time_sec,1,identity/string copy
results/difficult_instance_results.csv,R02,RD-ALM,residual,results/source_summaries/3d/R02/RD_ALM.csv,p2_certified_residual,1,identity/string copy
results/difficult_instance_results.csv,R02,RD-ALM,stop_reason,results/source_summaries/3d/R02/RD_ALM.csv,stop_reason,1,identity/string copy
results/difficult_instance_results.csv,R02,SCP-ALM,reported_lower_bound,results/source_summaries/3d/R02/SCP_ALM.csv,global_lb,1,identity/string copy
results/difficult_instance_results.csv,R02,SCP-ALM,reported_upper_bound,results/source_summaries/3d/R02/SCP_ALM.csv,global_ub,1,identity/string copy
results/difficult_instance_results.csv,R02,SCP-ALM,reported_absolute_gap,results/source_summaries/3d/R02/SCP_ALM.csv,objective_cert_gap,1,identity/string copy
results/difficult_instance_results.csv,R02,SCP-ALM,reported_relative_gap,results/source_summaries/3d/R02/SCP_ALM.csv,cert_rel_gap,1,identity/string copy
results/difficult_instance_results.csv,R02,SCP-ALM,reported_gap_percent,results/source_summaries/3d/R02/SCP_ALM.csv,cert_rel_gap_percent,1,identity/string copy
results/difficult_instance_results.csv,R02,SCP-ALM,runtime_sec,results/source_summaries/3d/R02/SCP_ALM.csv,total_time_sec,1,identity/string copy
results/difficult_instance_results.csv,R02,SCP-ALM,residual,results/source_summaries/3d/R02/SCP_ALM.csv,returned_primal_residual,1,identity/string copy
results/difficult_instance_results.csv,R02,SCP-ALM,stop_reason,results/source_summaries/3d/R02/SCP_ALM.csv,stop_reason,1,identity/string copy
results/difficult_instance_results.csv,R02,SCP-ALM,first_hit_checkpoint_time_sec,results/source_summaries/3d/R02/SCP_ALM.csv,first_hit_checkpoint_time_sec,1,identity/string copy
results/difficult_instance_results.csv,R02,SCP-ALM,first_hit_checkpoint_rel_gap,results/source_summaries/3d/R02/SCP_ALM.csv,first_hit_checkpoint_rel_gap,1,identity/string copy
results/difficult_instance_results.csv,R02,SCP-ALM,first_hit_stop_time_sec,results/source_summaries/3d/R02/SCP_ALM.csv,first_hit_stop_time_sec,1,identity/string copy
results/difficult_instance_results.csv,R02,SCP-ALM,first_hit_stop_rel_gap,results/source_summaries/3d/R02/SCP_ALM.csv,first_hit_stop_rel_gap,1,identity/string copy
results/difficult_instance_results.csv,R02,SCP-LR,reported_lower_bound,results/source_summaries/3d/R02/SCP_LR.csv,global_lb,1,identity/string copy
results/difficult_instance_results.csv,R02,SCP-LR,reported_upper_bound,results/source_summaries/3d/R02/SCP_LR.csv,global_ub,1,identity/string copy
results/difficult_instance_results.csv,R02,SCP-LR,reported_absolute_gap,results/source_summaries/3d/R02/SCP_LR.csv,objective_cert_gap,1,identity/string copy
results/difficult_instance_results.csv,R02,SCP-LR,reported_relative_gap,results/source_summaries/3d/R02/SCP_LR.csv,cert_rel_gap,1,identity/string copy
results/difficult_instance_results.csv,R02,SCP-LR,reported_gap_percent,results/source_summaries/3d/R02/SCP_LR.csv,cert_rel_gap_percent,1,identity/string copy
results/difficult_instance_results.csv,R02,SCP-LR,runtime_sec,results/source_summaries/3d/R02/SCP_LR.csv,total_time_sec,1,identity/string copy
results/difficult_instance_results.csv,R02,SCP-LR,residual,results/source_summaries/3d/R02/SCP_LR.csv,returned_primal_residual,1,identity/string copy
results/difficult_instance_results.csv,R02,SCP-LR,stop_reason,results/source_summaries/3d/R02/SCP_LR.csv,stop_reason,1,identity/string copy
results/difficult_instance_results.csv,R02,SCP-LR,first_hit_checkpoint_time_sec,results/source_summaries/3d/R02/SCP_LR.csv,first_hit_checkpoint_time_sec,1,identity/string copy
results/difficult_instance_results.csv,R02,SCP-LR,first_hit_checkpoint_rel_gap,results/source_summaries/3d/R02/SCP_LR.csv,first_hit_checkpoint_rel_gap,1,identity/string copy
results/difficult_instance_results.csv,R02,SCP-LR,first_hit_stop_time_sec,results/source_summaries/3d/R02/SCP_LR.csv,first_hit_stop_time_sec,1,identity/string copy
results/difficult_instance_results.csv,R02,SCP-LR,first_hit_stop_rel_gap,results/source_summaries/3d/R02/SCP_LR.csv,first_hit_stop_rel_gap,1,identity/string copy
results/difficult_instance_results.csv,R03,Gurobi,reported_lower_bound,results/source_summaries/3d/R03/Gurobi.csv,best_bound,1,identity/string copy
results/difficult_instance_results.csv,R03,Gurobi,reported_upper_bound,results/source_summaries/3d/R03/Gurobi.csv,incumbent_obj,1,identity/string copy
results/difficult_instance_results.csv,R03,Gurobi,reported_relative_gap,results/source_summaries/3d/R03/Gurobi.csv,cert_rel_gap,1,identity/string copy
results/difficult_instance_results.csv,R03,Gurobi,reported_gap_percent,results/source_summaries/3d/R03/Gurobi.csv,cert_rel_gap_percent,1,identity/string copy
results/difficult_instance_results.csv,R03,Gurobi,runtime_sec,results/source_summaries/3d/R03/Gurobi.csv,runtime,1,identity/string copy
results/difficult_instance_results.csv,R03,Gurobi,residual,results/source_summaries/3d/R03/Gurobi.csv,residual_linf,1,identity/string copy
results/difficult_instance_results.csv,R03,Gurobi,stop_reason,results/source_summaries/3d/R03/Gurobi.csv,status,1,identity/string copy
results/difficult_instance_results.csv,R03,Gurobi,first_hit_checkpoint_time_sec,results/source_summaries/3d/R03/Gurobi.csv,first_hit_checkpoint_time_sec,1,identity/string copy
results/difficult_instance_results.csv,R03,Gurobi,first_hit_checkpoint_rel_gap,results/source_summaries/3d/R03/Gurobi.csv,first_hit_checkpoint_rel_gap,1,identity/string copy
results/difficult_instance_results.csv,R03,Gurobi,first_hit_stop_time_sec,results/source_summaries/3d/R03/Gurobi.csv,first_hit_stop_time_sec,1,identity/string copy
results/difficult_instance_results.csv,R03,Gurobi,first_hit_stop_rel_gap,results/source_summaries/3d/R03/Gurobi.csv,first_hit_stop_rel_gap,1,identity/string copy
results/difficult_instance_results.csv,R03,RD-ALM,reported_lower_bound,results/source_summaries/3d/R03/RD_ALM.csv,p2_certified_global_lb,1,identity/string copy
results/difficult_instance_results.csv,R03,RD-ALM,reported_upper_bound,results/source_summaries/3d/R03/RD_ALM.csv,p2_certified_ub,1,identity/string copy
results/difficult_instance_results.csv,R03,RD-ALM,reported_absolute_gap,results/source_summaries/3d/R03/RD_ALM.csv,p2_certified_gap,1,identity/string copy
results/difficult_instance_results.csv,R03,RD-ALM,reported_relative_gap,results/source_summaries/3d/R03/RD_ALM.csv,p2_certified_rel_gap,1,identity/string copy
results/difficult_instance_results.csv,R03,RD-ALM,reported_gap_percent,results/source_summaries/3d/R03/RD_ALM.csv,p2_certified_rel_gap_percent,1,identity/string copy
results/difficult_instance_results.csv,R03,RD-ALM,runtime_sec,results/source_summaries/3d/R03/RD_ALM.csv,p2_certified_total_time_sec,1,identity/string copy
results/difficult_instance_results.csv,R03,RD-ALM,residual,results/source_summaries/3d/R03/RD_ALM.csv,p2_certified_residual,1,identity/string copy
results/difficult_instance_results.csv,R03,RD-ALM,stop_reason,results/source_summaries/3d/R03/RD_ALM.csv,stop_reason,1,identity/string copy
results/difficult_instance_results.csv,R03,SCP-ALM,reported_lower_bound,results/source_summaries/3d/R03/SCP_ALM.csv,global_lb,1,identity/string copy
results/difficult_instance_results.csv,R03,SCP-ALM,reported_upper_bound,results/source_summaries/3d/R03/SCP_ALM.csv,global_ub,1,identity/string copy
results/difficult_instance_results.csv,R03,SCP-ALM,reported_absolute_gap,results/source_summaries/3d/R03/SCP_ALM.csv,objective_cert_gap,1,identity/string copy
results/difficult_instance_results.csv,R03,SCP-ALM,reported_relative_gap,results/source_summaries/3d/R03/SCP_ALM.csv,cert_rel_gap,1,identity/string copy
results/difficult_instance_results.csv,R03,SCP-ALM,reported_gap_percent,results/source_summaries/3d/R03/SCP_ALM.csv,cert_rel_gap_percent,1,identity/string copy
results/difficult_instance_results.csv,R03,SCP-ALM,runtime_sec,results/source_summaries/3d/R03/SCP_ALM.csv,total_time_sec,1,identity/string copy
results/difficult_instance_results.csv,R03,SCP-ALM,residual,results/source_summaries/3d/R03/SCP_ALM.csv,returned_primal_residual,1,identity/string copy
results/difficult_instance_results.csv,R03,SCP-ALM,stop_reason,results/source_summaries/3d/R03/SCP_ALM.csv,stop_reason,1,identity/string copy
results/difficult_instance_results.csv,R03,SCP-ALM,first_hit_checkpoint_time_sec,results/source_summaries/3d/R03/SCP_ALM.csv,first_hit_checkpoint_time_sec,1,identity/string copy
results/difficult_instance_results.csv,R03,SCP-ALM,first_hit_checkpoint_rel_gap,results/source_summaries/3d/R03/SCP_ALM.csv,first_hit_checkpoint_rel_gap,1,identity/string copy
results/difficult_instance_results.csv,R03,SCP-ALM,first_hit_stop_time_sec,results/source_summaries/3d/R03/SCP_ALM.csv,first_hit_stop_time_sec,1,identity/string copy
results/difficult_instance_results.csv,R03,SCP-ALM,first_hit_stop_rel_gap,results/source_summaries/3d/R03/SCP_ALM.csv,first_hit_stop_rel_gap,1,identity/string copy
results/difficult_instance_results.csv,R03,SCP-LR,reported_lower_bound,results/source_summaries/3d/R03/SCP_LR.csv,global_lb,1,identity/string copy
results/difficult_instance_results.csv,R03,SCP-LR,reported_upper_bound,results/source_summaries/3d/R03/SCP_LR.csv,global_ub,1,identity/string copy
results/difficult_instance_results.csv,R03,SCP-LR,reported_absolute_gap,results/source_summaries/3d/R03/SCP_LR.csv,objective_cert_gap,1,identity/string copy
results/difficult_instance_results.csv,R03,SCP-LR,reported_relative_gap,results/source_summaries/3d/R03/SCP_LR.csv,cert_rel_gap,1,identity/string copy
results/difficult_instance_results.csv,R03,SCP-LR,reported_gap_percent,results/source_summaries/3d/R03/SCP_LR.csv,cert_rel_gap_percent,1,identity/string copy
results/difficult_instance_results.csv,R03,SCP-LR,runtime_sec,results/source_summaries/3d/R03/SCP_LR.csv,total_time_sec,1,identity/string copy
results/difficult_instance_results.csv,R03,SCP-LR,residual,results/source_summaries/3d/R03/SCP_LR.csv,returned_primal_residual,1,identity/string copy
results/difficult_instance_results.csv,R03,SCP-LR,stop_reason,results/source_summaries/3d/R03/SCP_LR.csv,stop_reason,1,identity/string copy
results/difficult_instance_results.csv,R03,SCP-LR,first_hit_checkpoint_time_sec,results/source_summaries/3d/R03/SCP_LR.csv,first_hit_checkpoint_time_sec,1,identity/string copy
results/difficult_instance_results.csv,R03,SCP-LR,first_hit_checkpoint_rel_gap,results/source_summaries/3d/R03/SCP_LR.csv,first_hit_checkpoint_rel_gap,1,identity/string copy
results/difficult_instance_results.csv,R03,SCP-LR,first_hit_stop_time_sec,results/source_summaries/3d/R03/SCP_LR.csv,first_hit_stop_time_sec,1,identity/string copy
results/difficult_instance_results.csv,R03,SCP-LR,first_hit_stop_rel_gap,results/source_summaries/3d/R03/SCP_LR.csv,first_hit_stop_rel_gap,1,identity/string copy
results/difficult_instance_results.csv,R04,Gurobi,reported_lower_bound,results/source_summaries/3d/R04/Gurobi.csv,best_bound,1,identity/string copy
results/difficult_instance_results.csv,R04,Gurobi,reported_upper_bound,results/source_summaries/3d/R04/Gurobi.csv,incumbent_obj,1,identity/string copy
results/difficult_instance_results.csv,R04,Gurobi,reported_relative_gap,results/source_summaries/3d/R04/Gurobi.csv,cert_rel_gap,1,identity/string copy
results/difficult_instance_results.csv,R04,Gurobi,reported_gap_percent,results/source_summaries/3d/R04/Gurobi.csv,cert_rel_gap_percent,1,identity/string copy
results/difficult_instance_results.csv,R04,Gurobi,runtime_sec,results/source_summaries/3d/R04/Gurobi.csv,runtime,1,identity/string copy
results/difficult_instance_results.csv,R04,Gurobi,residual,results/source_summaries/3d/R04/Gurobi.csv,residual_linf,1,identity/string copy
results/difficult_instance_results.csv,R04,Gurobi,stop_reason,results/source_summaries/3d/R04/Gurobi.csv,status,1,identity/string copy
results/difficult_instance_results.csv,R04,Gurobi,first_hit_checkpoint_time_sec,results/source_summaries/3d/R04/Gurobi.csv,first_hit_checkpoint_time_sec,1,identity/string copy
results/difficult_instance_results.csv,R04,Gurobi,first_hit_checkpoint_rel_gap,results/source_summaries/3d/R04/Gurobi.csv,first_hit_checkpoint_rel_gap,1,identity/string copy
results/difficult_instance_results.csv,R04,Gurobi,first_hit_stop_time_sec,results/source_summaries/3d/R04/Gurobi.csv,first_hit_stop_time_sec,1,identity/string copy
results/difficult_instance_results.csv,R04,Gurobi,first_hit_stop_rel_gap,results/source_summaries/3d/R04/Gurobi.csv,first_hit_stop_rel_gap,1,identity/string copy
results/difficult_instance_results.csv,R04,RD-ALM,reported_lower_bound,results/source_summaries/3d/R04/RD_ALM.csv,p2_certified_global_lb,1,identity/string copy
results/difficult_instance_results.csv,R04,RD-ALM,reported_upper_bound,results/source_summaries/3d/R04/RD_ALM.csv,p2_certified_ub,1,identity/string copy
results/difficult_instance_results.csv,R04,RD-ALM,reported_absolute_gap,results/source_summaries/3d/R04/RD_ALM.csv,p2_certified_gap,1,identity/string copy
results/difficult_instance_results.csv,R04,RD-ALM,reported_relative_gap,results/source_summaries/3d/R04/RD_ALM.csv,p2_certified_rel_gap,1,identity/string copy
results/difficult_instance_results.csv,R04,RD-ALM,reported_gap_percent,results/source_summaries/3d/R04/RD_ALM.csv,p2_certified_rel_gap_percent,1,identity/string copy
results/difficult_instance_results.csv,R04,RD-ALM,runtime_sec,results/source_summaries/3d/R04/RD_ALM.csv,p2_certified_total_time_sec,1,identity/string copy
results/difficult_instance_results.csv,R04,RD-ALM,residual,results/source_summaries/3d/R04/RD_ALM.csv,p2_certified_residual,1,identity/string copy
results/difficult_instance_results.csv,R04,RD-ALM,stop_reason,results/source_summaries/3d/R04/RD_ALM.csv,stop_reason,1,identity/string copy
results/difficult_instance_results.csv,R04,SCP-ALM,reported_lower_bound,results/source_summaries/3d/R04/SCP_ALM.csv,global_lb,1,identity/string copy
results/difficult_instance_results.csv,R04,SCP-ALM,reported_upper_bound,results/source_summaries/3d/R04/SCP_ALM.csv,global_ub,1,identity/string copy
results/difficult_instance_results.csv,R04,SCP-ALM,reported_absolute_gap,results/source_summaries/3d/R04/SCP_ALM.csv,objective_cert_gap,1,identity/string copy
results/difficult_instance_results.csv,R04,SCP-ALM,reported_relative_gap,results/source_summaries/3d/R04/SCP_ALM.csv,cert_rel_gap,1,identity/string copy
results/difficult_instance_results.csv,R04,SCP-ALM,reported_gap_percent,results/source_summaries/3d/R04/SCP_ALM.csv,cert_rel_gap_percent,1,identity/string copy
results/difficult_instance_results.csv,R04,SCP-ALM,runtime_sec,results/source_summaries/3d/R04/SCP_ALM.csv,total_time_sec,1,identity/string copy
results/difficult_instance_results.csv,R04,SCP-ALM,residual,results/source_summaries/3d/R04/SCP_ALM.csv,returned_primal_residual,1,identity/string copy
results/difficult_instance_results.csv,R04,SCP-ALM,stop_reason,results/source_summaries/3d/R04/SCP_ALM.csv,stop_reason,1,identity/string copy
results/difficult_instance_results.csv,R04,SCP-ALM,first_hit_checkpoint_time_sec,results/source_summaries/3d/R04/SCP_ALM.csv,first_hit_checkpoint_time_sec,1,identity/string copy
results/difficult_instance_results.csv,R04,SCP-ALM,first_hit_checkpoint_rel_gap,results/source_summaries/3d/R04/SCP_ALM.csv,first_hit_checkpoint_rel_gap,1,identity/string copy
results/difficult_instance_results.csv,R04,SCP-ALM,first_hit_stop_time_sec,results/source_summaries/3d/R04/SCP_ALM.csv,first_hit_stop_time_sec,1,identity/string copy
results/difficult_instance_results.csv,R04,SCP-ALM,first_hit_stop_rel_gap,results/source_summaries/3d/R04/SCP_ALM.csv,first_hit_stop_rel_gap,1,identity/string copy
results/difficult_instance_results.csv,R04,SCP-LR,reported_lower_bound,results/source_summaries/3d/R04/SCP_LR.csv,global_lb,1,identity/string copy
results/difficult_instance_results.csv,R04,SCP-LR,reported_upper_bound,results/source_summaries/3d/R04/SCP_LR.csv,global_ub,1,identity/string copy
results/difficult_instance_results.csv,R04,SCP-LR,reported_absolute_gap,results/source_summaries/3d/R04/SCP_LR.csv,objective_cert_gap,1,identity/string copy
results/difficult_instance_results.csv,R04,SCP-LR,reported_relative_gap,results/source_summaries/3d/R04/SCP_LR.csv,cert_rel_gap,1,identity/string copy
results/difficult_instance_results.csv,R04,SCP-LR,reported_gap_percent,results/source_summaries/3d/R04/SCP_LR.csv,cert_rel_gap_percent,1,identity/string copy
results/difficult_instance_results.csv,R04,SCP-LR,runtime_sec,results/source_summaries/3d/R04/SCP_LR.csv,total_time_sec,1,identity/string copy
results/difficult_instance_results.csv,R04,SCP-LR,residual,results/source_summaries/3d/R04/SCP_LR.csv,returned_primal_residual,1,identity/string copy
results/difficult_instance_results.csv,R04,SCP-LR,stop_reason,results/source_summaries/3d/R04/SCP_LR.csv,stop_reason,1,identity/string copy
results/difficult_instance_results.csv,R04,SCP-LR,first_hit_checkpoint_time_sec,results/source_summaries/3d/R04/SCP_LR.csv,first_hit_checkpoint_time_sec,1,identity/string copy
results/difficult_instance_results.csv,R04,SCP-LR,first_hit_checkpoint_rel_gap,results/source_summaries/3d/R04/SCP_LR.csv,first_hit_checkpoint_rel_gap,1,identity/string copy
results/difficult_instance_results.csv,R04,SCP-LR,first_hit_stop_time_sec,results/source_summaries/3d/R04/SCP_LR.csv,first_hit_stop_time_sec,1,identity/string copy
results/difficult_instance_results.csv,R04,SCP-LR,first_hit_stop_rel_gap,results/source_summaries/3d/R04/SCP_LR.csv,first_hit_stop_rel_gap,1,identity/string copy
results/difficult_instance_results.csv,R05,Gurobi,reported_lower_bound,results/source_summaries/3d/R05/Gurobi.csv,best_bound,1,identity/string copy
results/difficult_instance_results.csv,R05,Gurobi,reported_upper_bound,results/source_summaries/3d/R05/Gurobi.csv,incumbent_obj,1,identity/string copy
results/difficult_instance_results.csv,R05,Gurobi,reported_relative_gap,results/source_summaries/3d/R05/Gurobi.csv,cert_rel_gap,1,identity/string copy
results/difficult_instance_results.csv,R05,Gurobi,reported_gap_percent,results/source_summaries/3d/R05/Gurobi.csv,cert_rel_gap_percent,1,identity/string copy
results/difficult_instance_results.csv,R05,Gurobi,runtime_sec,results/source_summaries/3d/R05/Gurobi.csv,runtime,1,identity/string copy
results/difficult_instance_results.csv,R05,Gurobi,residual,results/source_summaries/3d/R05/Gurobi.csv,residual_linf,1,identity/string copy
results/difficult_instance_results.csv,R05,Gurobi,stop_reason,results/source_summaries/3d/R05/Gurobi.csv,status,1,identity/string copy
results/difficult_instance_results.csv,R05,Gurobi,first_hit_checkpoint_time_sec,results/source_summaries/3d/R05/Gurobi.csv,first_hit_checkpoint_time_sec,1,identity/string copy
results/difficult_instance_results.csv,R05,Gurobi,first_hit_checkpoint_rel_gap,results/source_summaries/3d/R05/Gurobi.csv,first_hit_checkpoint_rel_gap,1,identity/string copy
results/difficult_instance_results.csv,R05,Gurobi,first_hit_stop_time_sec,results/source_summaries/3d/R05/Gurobi.csv,first_hit_stop_time_sec,1,identity/string copy
results/difficult_instance_results.csv,R05,Gurobi,first_hit_stop_rel_gap,results/source_summaries/3d/R05/Gurobi.csv,first_hit_stop_rel_gap,1,identity/string copy
results/difficult_instance_results.csv,R05,RD-ALM,reported_lower_bound,results/source_summaries/3d/R05/RD_ALM.csv,p2_certified_global_lb,1,identity/string copy
results/difficult_instance_results.csv,R05,RD-ALM,reported_upper_bound,results/source_summaries/3d/R05/RD_ALM.csv,p2_certified_ub,1,identity/string copy
results/difficult_instance_results.csv,R05,RD-ALM,reported_absolute_gap,results/source_summaries/3d/R05/RD_ALM.csv,p2_certified_gap,1,identity/string copy
results/difficult_instance_results.csv,R05,RD-ALM,reported_relative_gap,results/source_summaries/3d/R05/RD_ALM.csv,p2_certified_rel_gap,1,identity/string copy
results/difficult_instance_results.csv,R05,RD-ALM,reported_gap_percent,results/source_summaries/3d/R05/RD_ALM.csv,p2_certified_rel_gap_percent,1,identity/string copy
results/difficult_instance_results.csv,R05,RD-ALM,runtime_sec,results/source_summaries/3d/R05/RD_ALM.csv,p2_certified_total_time_sec,1,identity/string copy
results/difficult_instance_results.csv,R05,RD-ALM,residual,results/source_summaries/3d/R05/RD_ALM.csv,p2_certified_residual,1,identity/string copy
results/difficult_instance_results.csv,R05,RD-ALM,stop_reason,results/source_summaries/3d/R05/RD_ALM.csv,stop_reason,1,identity/string copy
results/difficult_instance_results.csv,R05,SCP-ALM,reported_lower_bound,results/source_summaries/3d/R05/SCP_ALM.csv,global_lb,1,identity/string copy
results/difficult_instance_results.csv,R05,SCP-ALM,reported_upper_bound,results/source_summaries/3d/R05/SCP_ALM.csv,global_ub,1,identity/string copy
results/difficult_instance_results.csv,R05,SCP-ALM,reported_absolute_gap,results/source_summaries/3d/R05/SCP_ALM.csv,objective_cert_gap,1,identity/string copy
results/difficult_instance_results.csv,R05,SCP-ALM,reported_relative_gap,results/source_summaries/3d/R05/SCP_ALM.csv,cert_rel_gap,1,identity/string copy
results/difficult_instance_results.csv,R05,SCP-ALM,reported_gap_percent,results/source_summaries/3d/R05/SCP_ALM.csv,cert_rel_gap_percent,1,identity/string copy
results/difficult_instance_results.csv,R05,SCP-ALM,runtime_sec,results/source_summaries/3d/R05/SCP_ALM.csv,total_time_sec,1,identity/string copy
results/difficult_instance_results.csv,R05,SCP-ALM,residual,results/source_summaries/3d/R05/SCP_ALM.csv,returned_primal_residual,1,identity/string copy
results/difficult_instance_results.csv,R05,SCP-ALM,stop_reason,results/source_summaries/3d/R05/SCP_ALM.csv,stop_reason,1,identity/string copy
results/difficult_instance_results.csv,R05,SCP-ALM,first_hit_checkpoint_time_sec,results/source_summaries/3d/R05/SCP_ALM.csv,first_hit_checkpoint_time_sec,1,identity/string copy
results/difficult_instance_results.csv,R05,SCP-ALM,first_hit_checkpoint_rel_gap,results/source_summaries/3d/R05/SCP_ALM.csv,first_hit_checkpoint_rel_gap,1,identity/string copy
results/difficult_instance_results.csv,R05,SCP-ALM,first_hit_stop_time_sec,results/source_summaries/3d/R05/SCP_ALM.csv,first_hit_stop_time_sec,1,identity/string copy
results/difficult_instance_results.csv,R05,SCP-ALM,first_hit_stop_rel_gap,results/source_summaries/3d/R05/SCP_ALM.csv,first_hit_stop_rel_gap,1,identity/string copy
results/difficult_instance_results.csv,R05,SCP-LR,reported_lower_bound,results/source_summaries/3d/R05/SCP_LR.csv,global_lb,1,identity/string copy
results/difficult_instance_results.csv,R05,SCP-LR,reported_upper_bound,results/source_summaries/3d/R05/SCP_LR.csv,global_ub,1,identity/string copy
results/difficult_instance_results.csv,R05,SCP-LR,reported_absolute_gap,results/source_summaries/3d/R05/SCP_LR.csv,objective_cert_gap,1,identity/string copy
results/difficult_instance_results.csv,R05,SCP-LR,reported_relative_gap,results/source_summaries/3d/R05/SCP_LR.csv,cert_rel_gap,1,identity/string copy
results/difficult_instance_results.csv,R05,SCP-LR,reported_gap_percent,results/source_summaries/3d/R05/SCP_LR.csv,cert_rel_gap_percent,1,identity/string copy
results/difficult_instance_results.csv,R05,SCP-LR,runtime_sec,results/source_summaries/3d/R05/SCP_LR.csv,total_time_sec,1,identity/string copy
results/difficult_instance_results.csv,R05,SCP-LR,residual,results/source_summaries/3d/R05/SCP_LR.csv,returned_primal_residual,1,identity/string copy
results/difficult_instance_results.csv,R05,SCP-LR,stop_reason,results/source_summaries/3d/R05/SCP_LR.csv,stop_reason,1,identity/string copy
results/difficult_instance_results.csv,R05,SCP-LR,first_hit_checkpoint_time_sec,results/source_summaries/3d/R05/SCP_LR.csv,first_hit_checkpoint_time_sec,1,identity/string copy
results/difficult_instance_results.csv,R05,SCP-LR,first_hit_checkpoint_rel_gap,results/source_summaries/3d/R05/SCP_LR.csv,first_hit_checkpoint_rel_gap,1,identity/string copy
results/difficult_instance_results.csv,R05,SCP-LR,first_hit_stop_time_sec,results/source_summaries/3d/R05/SCP_LR.csv,first_hit_stop_time_sec,1,identity/string copy
results/difficult_instance_results.csv,R05,SCP-LR,first_hit_stop_rel_gap,results/source_summaries/3d/R05/SCP_LR.csv,first_hit_stop_rel_gap,1,identity/string copy
results/difficult_instance_results.csv,R06,Gurobi,reported_lower_bound,results/source_summaries/3d/R06/Gurobi.csv,best_bound,1,identity/string copy
results/difficult_instance_results.csv,R06,Gurobi,reported_upper_bound,results/source_summaries/3d/R06/Gurobi.csv,incumbent_obj,1,identity/string copy
results/difficult_instance_results.csv,R06,Gurobi,reported_relative_gap,results/source_summaries/3d/R06/Gurobi.csv,cert_rel_gap,1,identity/string copy
results/difficult_instance_results.csv,R06,Gurobi,reported_gap_percent,results/source_summaries/3d/R06/Gurobi.csv,cert_rel_gap_percent,1,identity/string copy
results/difficult_instance_results.csv,R06,Gurobi,runtime_sec,results/source_summaries/3d/R06/Gurobi.csv,runtime,1,identity/string copy
results/difficult_instance_results.csv,R06,Gurobi,residual,results/source_summaries/3d/R06/Gurobi.csv,residual_linf,1,identity/string copy
results/difficult_instance_results.csv,R06,Gurobi,stop_reason,results/source_summaries/3d/R06/Gurobi.csv,status,1,identity/string copy
results/difficult_instance_results.csv,R06,Gurobi,first_hit_checkpoint_time_sec,results/source_summaries/3d/R06/Gurobi.csv,first_hit_checkpoint_time_sec,1,identity/string copy
results/difficult_instance_results.csv,R06,Gurobi,first_hit_checkpoint_rel_gap,results/source_summaries/3d/R06/Gurobi.csv,first_hit_checkpoint_rel_gap,1,identity/string copy
results/difficult_instance_results.csv,R06,Gurobi,first_hit_stop_time_sec,results/source_summaries/3d/R06/Gurobi.csv,first_hit_stop_time_sec,1,identity/string copy
results/difficult_instance_results.csv,R06,Gurobi,first_hit_stop_rel_gap,results/source_summaries/3d/R06/Gurobi.csv,first_hit_stop_rel_gap,1,identity/string copy
results/difficult_instance_results.csv,R06,RD-ALM,reported_lower_bound,results/source_summaries/3d/R06/RD_ALM.csv,p2_certified_global_lb,1,identity/string copy
results/difficult_instance_results.csv,R06,RD-ALM,reported_upper_bound,results/source_summaries/3d/R06/RD_ALM.csv,p2_certified_ub,1,identity/string copy
results/difficult_instance_results.csv,R06,RD-ALM,reported_absolute_gap,results/source_summaries/3d/R06/RD_ALM.csv,p2_certified_gap,1,identity/string copy
results/difficult_instance_results.csv,R06,RD-ALM,reported_relative_gap,results/source_summaries/3d/R06/RD_ALM.csv,p2_certified_rel_gap,1,identity/string copy
results/difficult_instance_results.csv,R06,RD-ALM,reported_gap_percent,results/source_summaries/3d/R06/RD_ALM.csv,p2_certified_rel_gap_percent,1,identity/string copy
results/difficult_instance_results.csv,R06,RD-ALM,runtime_sec,results/source_summaries/3d/R06/RD_ALM.csv,p2_certified_total_time_sec,1,identity/string copy
results/difficult_instance_results.csv,R06,RD-ALM,residual,results/source_summaries/3d/R06/RD_ALM.csv,p2_certified_residual,1,identity/string copy
results/difficult_instance_results.csv,R06,RD-ALM,stop_reason,results/source_summaries/3d/R06/RD_ALM.csv,stop_reason,1,identity/string copy
results/difficult_instance_results.csv,R06,SCP-ALM,reported_lower_bound,results/source_summaries/3d/R06/SCP_ALM.csv,global_lb,1,identity/string copy
results/difficult_instance_results.csv,R06,SCP-ALM,reported_upper_bound,results/source_summaries/3d/R06/SCP_ALM.csv,global_ub,1,identity/string copy
results/difficult_instance_results.csv,R06,SCP-ALM,reported_absolute_gap,results/source_summaries/3d/R06/SCP_ALM.csv,objective_cert_gap,1,identity/string copy
results/difficult_instance_results.csv,R06,SCP-ALM,reported_relative_gap,results/source_summaries/3d/R06/SCP_ALM.csv,cert_rel_gap,1,identity/string copy
results/difficult_instance_results.csv,R06,SCP-ALM,reported_gap_percent,results/source_summaries/3d/R06/SCP_ALM.csv,cert_rel_gap_percent,1,identity/string copy
results/difficult_instance_results.csv,R06,SCP-ALM,runtime_sec,results/source_summaries/3d/R06/SCP_ALM.csv,total_time_sec,1,identity/string copy
results/difficult_instance_results.csv,R06,SCP-ALM,residual,results/source_summaries/3d/R06/SCP_ALM.csv,returned_primal_residual,1,identity/string copy
results/difficult_instance_results.csv,R06,SCP-ALM,stop_reason,results/source_summaries/3d/R06/SCP_ALM.csv,stop_reason,1,identity/string copy
results/difficult_instance_results.csv,R06,SCP-ALM,first_hit_checkpoint_time_sec,results/source_summaries/3d/R06/SCP_ALM.csv,first_hit_checkpoint_time_sec,1,identity/string copy
results/difficult_instance_results.csv,R06,SCP-ALM,first_hit_checkpoint_rel_gap,results/source_summaries/3d/R06/SCP_ALM.csv,first_hit_checkpoint_rel_gap,1,identity/string copy
results/difficult_instance_results.csv,R06,SCP-ALM,first_hit_stop_time_sec,results/source_summaries/3d/R06/SCP_ALM.csv,first_hit_stop_time_sec,1,identity/string copy
results/difficult_instance_results.csv,R06,SCP-ALM,first_hit_stop_rel_gap,results/source_summaries/3d/R06/SCP_ALM.csv,first_hit_stop_rel_gap,1,identity/string copy
results/difficult_instance_results.csv,R06,SCP-LR,reported_lower_bound,results/source_summaries/3d/R06/SCP_LR.csv,global_lb,1,identity/string copy
results/difficult_instance_results.csv,R06,SCP-LR,reported_upper_bound,results/source_summaries/3d/R06/SCP_LR.csv,global_ub,1,identity/string copy
results/difficult_instance_results.csv,R06,SCP-LR,reported_absolute_gap,results/source_summaries/3d/R06/SCP_LR.csv,objective_cert_gap,1,identity/string copy
results/difficult_instance_results.csv,R06,SCP-LR,reported_relative_gap,results/source_summaries/3d/R06/SCP_LR.csv,cert_rel_gap,1,identity/string copy
results/difficult_instance_results.csv,R06,SCP-LR,reported_gap_percent,results/source_summaries/3d/R06/SCP_LR.csv,cert_rel_gap_percent,1,identity/string copy
results/difficult_instance_results.csv,R06,SCP-LR,runtime_sec,results/source_summaries/3d/R06/SCP_LR.csv,total_time_sec,1,identity/string copy
results/difficult_instance_results.csv,R06,SCP-LR,residual,results/source_summaries/3d/R06/SCP_LR.csv,returned_primal_residual,1,identity/string copy
results/difficult_instance_results.csv,R06,SCP-LR,stop_reason,results/source_summaries/3d/R06/SCP_LR.csv,stop_reason,1,identity/string copy
results/difficult_instance_results.csv,R06,SCP-LR,first_hit_checkpoint_time_sec,results/source_summaries/3d/R06/SCP_LR.csv,first_hit_checkpoint_time_sec,1,identity/string copy
results/difficult_instance_results.csv,R06,SCP-LR,first_hit_checkpoint_rel_gap,results/source_summaries/3d/R06/SCP_LR.csv,first_hit_checkpoint_rel_gap,1,identity/string copy
results/difficult_instance_results.csv,R06,SCP-LR,first_hit_stop_time_sec,results/source_summaries/3d/R06/SCP_LR.csv,first_hit_stop_time_sec,1,identity/string copy
results/difficult_instance_results.csv,R06,SCP-LR,first_hit_stop_rel_gap,results/source_summaries/3d/R06/SCP_LR.csv,first_hit_stop_rel_gap,1,identity/string copy
results/difficult_instance_results.csv,R07,Gurobi,reported_lower_bound,results/source_summaries/3d/R07/Gurobi.csv,best_bound,1,identity/string copy
results/difficult_instance_results.csv,R07,Gurobi,reported_upper_bound,results/source_summaries/3d/R07/Gurobi.csv,incumbent_obj,1,identity/string copy
results/difficult_instance_results.csv,R07,Gurobi,reported_relative_gap,results/source_summaries/3d/R07/Gurobi.csv,cert_rel_gap,1,identity/string copy
results/difficult_instance_results.csv,R07,Gurobi,reported_gap_percent,results/source_summaries/3d/R07/Gurobi.csv,cert_rel_gap_percent,1,identity/string copy
results/difficult_instance_results.csv,R07,Gurobi,runtime_sec,results/source_summaries/3d/R07/Gurobi.csv,runtime,1,identity/string copy
results/difficult_instance_results.csv,R07,Gurobi,residual,results/source_summaries/3d/R07/Gurobi.csv,residual_linf,1,identity/string copy
results/difficult_instance_results.csv,R07,Gurobi,stop_reason,results/source_summaries/3d/R07/Gurobi.csv,status,1,identity/string copy
results/difficult_instance_results.csv,R07,Gurobi,first_hit_checkpoint_time_sec,results/source_summaries/3d/R07/Gurobi.csv,first_hit_checkpoint_time_sec,1,identity/string copy
results/difficult_instance_results.csv,R07,Gurobi,first_hit_checkpoint_rel_gap,results/source_summaries/3d/R07/Gurobi.csv,first_hit_checkpoint_rel_gap,1,identity/string copy
results/difficult_instance_results.csv,R07,Gurobi,first_hit_stop_time_sec,results/source_summaries/3d/R07/Gurobi.csv,first_hit_stop_time_sec,1,identity/string copy
results/difficult_instance_results.csv,R07,Gurobi,first_hit_stop_rel_gap,results/source_summaries/3d/R07/Gurobi.csv,first_hit_stop_rel_gap,1,identity/string copy
results/difficult_instance_results.csv,R07,RD-ALM,reported_lower_bound,results/source_summaries/3d/R07/RD_ALM.csv,p2_certified_global_lb,1,identity/string copy
results/difficult_instance_results.csv,R07,RD-ALM,reported_upper_bound,results/source_summaries/3d/R07/RD_ALM.csv,p2_certified_ub,1,identity/string copy
results/difficult_instance_results.csv,R07,RD-ALM,reported_absolute_gap,results/source_summaries/3d/R07/RD_ALM.csv,p2_certified_gap,1,identity/string copy
results/difficult_instance_results.csv,R07,RD-ALM,reported_relative_gap,results/source_summaries/3d/R07/RD_ALM.csv,p2_certified_rel_gap,1,identity/string copy
results/difficult_instance_results.csv,R07,RD-ALM,reported_gap_percent,results/source_summaries/3d/R07/RD_ALM.csv,p2_certified_rel_gap_percent,1,identity/string copy
results/difficult_instance_results.csv,R07,RD-ALM,runtime_sec,results/source_summaries/3d/R07/RD_ALM.csv,p2_certified_total_time_sec,1,identity/string copy
results/difficult_instance_results.csv,R07,RD-ALM,residual,results/source_summaries/3d/R07/RD_ALM.csv,p2_certified_residual,1,identity/string copy
results/difficult_instance_results.csv,R07,RD-ALM,stop_reason,results/source_summaries/3d/R07/RD_ALM.csv,stop_reason,1,identity/string copy
results/difficult_instance_results.csv,R07,SCP-ALM,reported_lower_bound,results/source_summaries/3d/R07/SCP_ALM.csv,global_lb,1,identity/string copy
results/difficult_instance_results.csv,R07,SCP-ALM,reported_upper_bound,results/source_summaries/3d/R07/SCP_ALM.csv,global_ub,1,identity/string copy
results/difficult_instance_results.csv,R07,SCP-ALM,reported_absolute_gap,results/source_summaries/3d/R07/SCP_ALM.csv,objective_cert_gap,1,identity/string copy
results/difficult_instance_results.csv,R07,SCP-ALM,reported_relative_gap,results/source_summaries/3d/R07/SCP_ALM.csv,cert_rel_gap,1,identity/string copy
results/difficult_instance_results.csv,R07,SCP-ALM,reported_gap_percent,results/source_summaries/3d/R07/SCP_ALM.csv,cert_rel_gap_percent,1,identity/string copy
results/difficult_instance_results.csv,R07,SCP-ALM,runtime_sec,results/source_summaries/3d/R07/SCP_ALM.csv,total_time_sec,1,identity/string copy
results/difficult_instance_results.csv,R07,SCP-ALM,residual,results/source_summaries/3d/R07/SCP_ALM.csv,returned_primal_residual,1,identity/string copy
results/difficult_instance_results.csv,R07,SCP-ALM,stop_reason,results/source_summaries/3d/R07/SCP_ALM.csv,stop_reason,1,identity/string copy
results/difficult_instance_results.csv,R07,SCP-ALM,first_hit_checkpoint_time_sec,results/source_summaries/3d/R07/SCP_ALM.csv,first_hit_checkpoint_time_sec,1,identity/string copy
results/difficult_instance_results.csv,R07,SCP-ALM,first_hit_checkpoint_rel_gap,results/source_summaries/3d/R07/SCP_ALM.csv,first_hit_checkpoint_rel_gap,1,identity/string copy
results/difficult_instance_results.csv,R07,SCP-ALM,first_hit_stop_time_sec,results/source_summaries/3d/R07/SCP_ALM.csv,first_hit_stop_time_sec,1,identity/string copy
results/difficult_instance_results.csv,R07,SCP-ALM,first_hit_stop_rel_gap,results/source_summaries/3d/R07/SCP_ALM.csv,first_hit_stop_rel_gap,1,identity/string copy
results/difficult_instance_results.csv,R07,SCP-LR,reported_lower_bound,results/source_summaries/3d/R07/SCP_LR.csv,global_lb,1,identity/string copy
results/difficult_instance_results.csv,R07,SCP-LR,reported_upper_bound,results/source_summaries/3d/R07/SCP_LR.csv,global_ub,1,identity/string copy
results/difficult_instance_results.csv,R07,SCP-LR,reported_absolute_gap,results/source_summaries/3d/R07/SCP_LR.csv,objective_cert_gap,1,identity/string copy
results/difficult_instance_results.csv,R07,SCP-LR,reported_relative_gap,results/source_summaries/3d/R07/SCP_LR.csv,cert_rel_gap,1,identity/string copy
results/difficult_instance_results.csv,R07,SCP-LR,reported_gap_percent,results/source_summaries/3d/R07/SCP_LR.csv,cert_rel_gap_percent,1,identity/string copy
results/difficult_instance_results.csv,R07,SCP-LR,runtime_sec,results/source_summaries/3d/R07/SCP_LR.csv,total_time_sec,1,identity/string copy
results/difficult_instance_results.csv,R07,SCP-LR,residual,results/source_summaries/3d/R07/SCP_LR.csv,returned_primal_residual,1,identity/string copy
results/difficult_instance_results.csv,R07,SCP-LR,stop_reason,results/source_summaries/3d/R07/SCP_LR.csv,stop_reason,1,identity/string copy
results/difficult_instance_results.csv,R07,SCP-LR,first_hit_checkpoint_time_sec,results/source_summaries/3d/R07/SCP_LR.csv,first_hit_checkpoint_time_sec,1,identity/string copy
results/difficult_instance_results.csv,R07,SCP-LR,first_hit_checkpoint_rel_gap,results/source_summaries/3d/R07/SCP_LR.csv,first_hit_checkpoint_rel_gap,1,identity/string copy
results/difficult_instance_results.csv,R07,SCP-LR,first_hit_stop_time_sec,results/source_summaries/3d/R07/SCP_LR.csv,first_hit_stop_time_sec,1,identity/string copy
results/difficult_instance_results.csv,R07,SCP-LR,first_hit_stop_rel_gap,results/source_summaries/3d/R07/SCP_LR.csv,first_hit_stop_rel_gap,1,identity/string copy
results/difficult_instance_results.csv,R08,Gurobi,reported_lower_bound,results/source_summaries/3d/R08/Gurobi.csv,best_bound,1,identity/string copy
results/difficult_instance_results.csv,R08,Gurobi,reported_upper_bound,results/source_summaries/3d/R08/Gurobi.csv,incumbent_obj,1,identity/string copy
results/difficult_instance_results.csv,R08,Gurobi,reported_relative_gap,results/source_summaries/3d/R08/Gurobi.csv,cert_rel_gap,1,identity/string copy
results/difficult_instance_results.csv,R08,Gurobi,reported_gap_percent,results/source_summaries/3d/R08/Gurobi.csv,cert_rel_gap_percent,1,identity/string copy
results/difficult_instance_results.csv,R08,Gurobi,runtime_sec,results/source_summaries/3d/R08/Gurobi.csv,runtime,1,identity/string copy
results/difficult_instance_results.csv,R08,Gurobi,residual,results/source_summaries/3d/R08/Gurobi.csv,residual_linf,1,identity/string copy
results/difficult_instance_results.csv,R08,Gurobi,stop_reason,results/source_summaries/3d/R08/Gurobi.csv,status,1,identity/string copy
results/difficult_instance_results.csv,R08,Gurobi,first_hit_checkpoint_time_sec,results/source_summaries/3d/R08/Gurobi.csv,first_hit_checkpoint_time_sec,1,identity/string copy
results/difficult_instance_results.csv,R08,Gurobi,first_hit_checkpoint_rel_gap,results/source_summaries/3d/R08/Gurobi.csv,first_hit_checkpoint_rel_gap,1,identity/string copy
results/difficult_instance_results.csv,R08,Gurobi,first_hit_stop_time_sec,results/source_summaries/3d/R08/Gurobi.csv,first_hit_stop_time_sec,1,identity/string copy
results/difficult_instance_results.csv,R08,Gurobi,first_hit_stop_rel_gap,results/source_summaries/3d/R08/Gurobi.csv,first_hit_stop_rel_gap,1,identity/string copy
results/difficult_instance_results.csv,R08,RD-ALM,reported_lower_bound,results/source_summaries/3d/R08/RD_ALM.csv,p2_certified_global_lb,1,identity/string copy
results/difficult_instance_results.csv,R08,RD-ALM,reported_upper_bound,results/source_summaries/3d/R08/RD_ALM.csv,p2_certified_ub,1,identity/string copy
results/difficult_instance_results.csv,R08,RD-ALM,reported_absolute_gap,results/source_summaries/3d/R08/RD_ALM.csv,p2_certified_gap,1,identity/string copy
results/difficult_instance_results.csv,R08,RD-ALM,reported_relative_gap,results/source_summaries/3d/R08/RD_ALM.csv,p2_certified_rel_gap,1,identity/string copy
results/difficult_instance_results.csv,R08,RD-ALM,reported_gap_percent,results/source_summaries/3d/R08/RD_ALM.csv,p2_certified_rel_gap_percent,1,identity/string copy
results/difficult_instance_results.csv,R08,RD-ALM,runtime_sec,results/source_summaries/3d/R08/RD_ALM.csv,p2_certified_total_time_sec,1,identity/string copy
results/difficult_instance_results.csv,R08,RD-ALM,residual,results/source_summaries/3d/R08/RD_ALM.csv,p2_certified_residual,1,identity/string copy
results/difficult_instance_results.csv,R08,RD-ALM,stop_reason,results/source_summaries/3d/R08/RD_ALM.csv,stop_reason,1,identity/string copy
results/difficult_instance_results.csv,R08,SCP-ALM,reported_lower_bound,results/source_summaries/3d/R08/SCP_ALM.csv,global_lb,1,identity/string copy
results/difficult_instance_results.csv,R08,SCP-ALM,reported_upper_bound,results/source_summaries/3d/R08/SCP_ALM.csv,global_ub,1,identity/string copy
results/difficult_instance_results.csv,R08,SCP-ALM,reported_absolute_gap,results/source_summaries/3d/R08/SCP_ALM.csv,objective_cert_gap,1,identity/string copy
results/difficult_instance_results.csv,R08,SCP-ALM,reported_relative_gap,results/source_summaries/3d/R08/SCP_ALM.csv,cert_rel_gap,1,identity/string copy
results/difficult_instance_results.csv,R08,SCP-ALM,reported_gap_percent,results/source_summaries/3d/R08/SCP_ALM.csv,cert_rel_gap_percent,1,identity/string copy
results/difficult_instance_results.csv,R08,SCP-ALM,runtime_sec,results/source_summaries/3d/R08/SCP_ALM.csv,total_time_sec,1,identity/string copy
results/difficult_instance_results.csv,R08,SCP-ALM,residual,results/source_summaries/3d/R08/SCP_ALM.csv,returned_primal_residual,1,identity/string copy
results/difficult_instance_results.csv,R08,SCP-ALM,stop_reason,results/source_summaries/3d/R08/SCP_ALM.csv,stop_reason,1,identity/string copy
results/difficult_instance_results.csv,R08,SCP-ALM,first_hit_checkpoint_time_sec,results/source_summaries/3d/R08/SCP_ALM.csv,first_hit_checkpoint_time_sec,1,identity/string copy
results/difficult_instance_results.csv,R08,SCP-ALM,first_hit_checkpoint_rel_gap,results/source_summaries/3d/R08/SCP_ALM.csv,first_hit_checkpoint_rel_gap,1,identity/string copy
results/difficult_instance_results.csv,R08,SCP-ALM,first_hit_stop_time_sec,results/source_summaries/3d/R08/SCP_ALM.csv,first_hit_stop_time_sec,1,identity/string copy
results/difficult_instance_results.csv,R08,SCP-ALM,first_hit_stop_rel_gap,results/source_summaries/3d/R08/SCP_ALM.csv,first_hit_stop_rel_gap,1,identity/string copy
results/difficult_instance_results.csv,R08,SCP-LR,reported_lower_bound,results/source_summaries/3d/R08/SCP_LR.csv,global_lb,1,identity/string copy
results/difficult_instance_results.csv,R08,SCP-LR,reported_upper_bound,results/source_summaries/3d/R08/SCP_LR.csv,global_ub,1,identity/string copy
results/difficult_instance_results.csv,R08,SCP-LR,reported_absolute_gap,results/source_summaries/3d/R08/SCP_LR.csv,objective_cert_gap,1,identity/string copy
results/difficult_instance_results.csv,R08,SCP-LR,reported_relative_gap,results/source_summaries/3d/R08/SCP_LR.csv,cert_rel_gap,1,identity/string copy
results/difficult_instance_results.csv,R08,SCP-LR,reported_gap_percent,results/source_summaries/3d/R08/SCP_LR.csv,cert_rel_gap_percent,1,identity/string copy
results/difficult_instance_results.csv,R08,SCP-LR,runtime_sec,results/source_summaries/3d/R08/SCP_LR.csv,total_time_sec,1,identity/string copy
results/difficult_instance_results.csv,R08,SCP-LR,residual,results/source_summaries/3d/R08/SCP_LR.csv,returned_primal_residual,1,identity/string copy
results/difficult_instance_results.csv,R08,SCP-LR,stop_reason,results/source_summaries/3d/R08/SCP_LR.csv,stop_reason,1,identity/string copy
results/difficult_instance_results.csv,R08,SCP-LR,first_hit_checkpoint_time_sec,results/source_summaries/3d/R08/SCP_LR.csv,first_hit_checkpoint_time_sec,1,identity/string copy
results/difficult_instance_results.csv,R08,SCP-LR,first_hit_checkpoint_rel_gap,results/source_summaries/3d/R08/SCP_LR.csv,first_hit_checkpoint_rel_gap,1,identity/string copy
results/difficult_instance_results.csv,R08,SCP-LR,first_hit_stop_time_sec,results/source_summaries/3d/R08/SCP_LR.csv,first_hit_stop_time_sec,1,identity/string copy
results/difficult_instance_results.csv,R08,SCP-LR,first_hit_stop_rel_gap,results/source_summaries/3d/R08/SCP_LR.csv,first_hit_stop_rel_gap,1,identity/string copy
results/difficult_instance_results.csv,R09,Gurobi,reported_lower_bound,results/source_summaries/3d/R09/Gurobi.csv,best_bound,1,identity/string copy
results/difficult_instance_results.csv,R09,Gurobi,reported_upper_bound,results/source_summaries/3d/R09/Gurobi.csv,incumbent_obj,1,identity/string copy
results/difficult_instance_results.csv,R09,Gurobi,reported_relative_gap,results/source_summaries/3d/R09/Gurobi.csv,cert_rel_gap,1,identity/string copy
results/difficult_instance_results.csv,R09,Gurobi,reported_gap_percent,results/source_summaries/3d/R09/Gurobi.csv,cert_rel_gap_percent,1,identity/string copy
results/difficult_instance_results.csv,R09,Gurobi,runtime_sec,results/source_summaries/3d/R09/Gurobi.csv,runtime,1,identity/string copy
results/difficult_instance_results.csv,R09,Gurobi,residual,results/source_summaries/3d/R09/Gurobi.csv,residual_linf,1,identity/string copy
results/difficult_instance_results.csv,R09,Gurobi,stop_reason,results/source_summaries/3d/R09/Gurobi.csv,status,1,identity/string copy
results/difficult_instance_results.csv,R09,Gurobi,first_hit_checkpoint_time_sec,results/source_summaries/3d/R09/Gurobi.csv,first_hit_checkpoint_time_sec,1,identity/string copy
results/difficult_instance_results.csv,R09,Gurobi,first_hit_checkpoint_rel_gap,results/source_summaries/3d/R09/Gurobi.csv,first_hit_checkpoint_rel_gap,1,identity/string copy
results/difficult_instance_results.csv,R09,Gurobi,first_hit_stop_time_sec,results/source_summaries/3d/R09/Gurobi.csv,first_hit_stop_time_sec,1,identity/string copy
results/difficult_instance_results.csv,R09,Gurobi,first_hit_stop_rel_gap,results/source_summaries/3d/R09/Gurobi.csv,first_hit_stop_rel_gap,1,identity/string copy
results/difficult_instance_results.csv,R09,RD-ALM,reported_lower_bound,results/source_summaries/3d/R09/RD_ALM.csv,p2_certified_global_lb,1,identity/string copy
results/difficult_instance_results.csv,R09,RD-ALM,reported_upper_bound,results/source_summaries/3d/R09/RD_ALM.csv,p2_certified_ub,1,identity/string copy
results/difficult_instance_results.csv,R09,RD-ALM,reported_absolute_gap,results/source_summaries/3d/R09/RD_ALM.csv,p2_certified_gap,1,identity/string copy
results/difficult_instance_results.csv,R09,RD-ALM,reported_relative_gap,results/source_summaries/3d/R09/RD_ALM.csv,p2_certified_rel_gap,1,identity/string copy
results/difficult_instance_results.csv,R09,RD-ALM,reported_gap_percent,results/source_summaries/3d/R09/RD_ALM.csv,p2_certified_rel_gap_percent,1,identity/string copy
results/difficult_instance_results.csv,R09,RD-ALM,runtime_sec,results/source_summaries/3d/R09/RD_ALM.csv,p2_certified_total_time_sec,1,identity/string copy
results/difficult_instance_results.csv,R09,RD-ALM,residual,results/source_summaries/3d/R09/RD_ALM.csv,p2_certified_residual,1,identity/string copy
results/difficult_instance_results.csv,R09,RD-ALM,stop_reason,results/source_summaries/3d/R09/RD_ALM.csv,stop_reason,1,identity/string copy
results/difficult_instance_results.csv,R09,SCP-ALM,reported_lower_bound,results/source_summaries/3d/R09/SCP_ALM.csv,global_lb,1,identity/string copy
results/difficult_instance_results.csv,R09,SCP-ALM,reported_upper_bound,results/source_summaries/3d/R09/SCP_ALM.csv,global_ub,1,identity/string copy
results/difficult_instance_results.csv,R09,SCP-ALM,reported_absolute_gap,results/source_summaries/3d/R09/SCP_ALM.csv,objective_cert_gap,1,identity/string copy
results/difficult_instance_results.csv,R09,SCP-ALM,reported_relative_gap,results/source_summaries/3d/R09/SCP_ALM.csv,cert_rel_gap,1,identity/string copy
results/difficult_instance_results.csv,R09,SCP-ALM,reported_gap_percent,results/source_summaries/3d/R09/SCP_ALM.csv,cert_rel_gap_percent,1,identity/string copy
results/difficult_instance_results.csv,R09,SCP-ALM,runtime_sec,results/source_summaries/3d/R09/SCP_ALM.csv,total_time_sec,1,identity/string copy
results/difficult_instance_results.csv,R09,SCP-ALM,residual,results/source_summaries/3d/R09/SCP_ALM.csv,returned_primal_residual,1,identity/string copy
results/difficult_instance_results.csv,R09,SCP-ALM,stop_reason,results/source_summaries/3d/R09/SCP_ALM.csv,stop_reason,1,identity/string copy
results/difficult_instance_results.csv,R09,SCP-ALM,first_hit_checkpoint_time_sec,results/source_summaries/3d/R09/SCP_ALM.csv,first_hit_checkpoint_time_sec,1,identity/string copy
results/difficult_instance_results.csv,R09,SCP-ALM,first_hit_checkpoint_rel_gap,results/source_summaries/3d/R09/SCP_ALM.csv,first_hit_checkpoint_rel_gap,1,identity/string copy
results/difficult_instance_results.csv,R09,SCP-ALM,first_hit_stop_time_sec,results/source_summaries/3d/R09/SCP_ALM.csv,first_hit_stop_time_sec,1,identity/string copy
results/difficult_instance_results.csv,R09,SCP-ALM,first_hit_stop_rel_gap,results/source_summaries/3d/R09/SCP_ALM.csv,first_hit_stop_rel_gap,1,identity/string copy
results/difficult_instance_results.csv,R09,SCP-LR,reported_lower_bound,results/source_summaries/3d/R09/SCP_LR.csv,global_lb,1,identity/string copy
results/difficult_instance_results.csv,R09,SCP-LR,reported_upper_bound,results/source_summaries/3d/R09/SCP_LR.csv,global_ub,1,identity/string copy
results/difficult_instance_results.csv,R09,SCP-LR,reported_absolute_gap,results/source_summaries/3d/R09/SCP_LR.csv,objective_cert_gap,1,identity/string copy
results/difficult_instance_results.csv,R09,SCP-LR,reported_relative_gap,results/source_summaries/3d/R09/SCP_LR.csv,cert_rel_gap,1,identity/string copy
results/difficult_instance_results.csv,R09,SCP-LR,reported_gap_percent,results/source_summaries/3d/R09/SCP_LR.csv,cert_rel_gap_percent,1,identity/string copy
results/difficult_instance_results.csv,R09,SCP-LR,runtime_sec,results/source_summaries/3d/R09/SCP_LR.csv,total_time_sec,1,identity/string copy
results/difficult_instance_results.csv,R09,SCP-LR,residual,results/source_summaries/3d/R09/SCP_LR.csv,returned_primal_residual,1,identity/string copy
results/difficult_instance_results.csv,R09,SCP-LR,stop_reason,results/source_summaries/3d/R09/SCP_LR.csv,stop_reason,1,identity/string copy
results/difficult_instance_results.csv,R09,SCP-LR,first_hit_checkpoint_time_sec,results/source_summaries/3d/R09/SCP_LR.csv,first_hit_checkpoint_time_sec,1,identity/string copy
results/difficult_instance_results.csv,R09,SCP-LR,first_hit_checkpoint_rel_gap,results/source_summaries/3d/R09/SCP_LR.csv,first_hit_checkpoint_rel_gap,1,identity/string copy
results/difficult_instance_results.csv,R09,SCP-LR,first_hit_stop_time_sec,results/source_summaries/3d/R09/SCP_LR.csv,first_hit_stop_time_sec,1,identity/string copy
results/difficult_instance_results.csv,R09,SCP-LR,first_hit_stop_rel_gap,results/source_summaries/3d/R09/SCP_LR.csv,first_hit_stop_rel_gap,1,identity/string copy
results/difficult_instance_results.csv,R10,Gurobi,reported_lower_bound,results/source_summaries/3d/R10/Gurobi.csv,best_bound,1,identity/string copy
results/difficult_instance_results.csv,R10,Gurobi,reported_upper_bound,results/source_summaries/3d/R10/Gurobi.csv,incumbent_obj,1,identity/string copy
results/difficult_instance_results.csv,R10,Gurobi,reported_relative_gap,results/source_summaries/3d/R10/Gurobi.csv,cert_rel_gap,1,identity/string copy
results/difficult_instance_results.csv,R10,Gurobi,reported_gap_percent,results/source_summaries/3d/R10/Gurobi.csv,cert_rel_gap_percent,1,identity/string copy
results/difficult_instance_results.csv,R10,Gurobi,runtime_sec,results/source_summaries/3d/R10/Gurobi.csv,runtime,1,identity/string copy
results/difficult_instance_results.csv,R10,Gurobi,residual,results/source_summaries/3d/R10/Gurobi.csv,residual_linf,1,identity/string copy
results/difficult_instance_results.csv,R10,Gurobi,stop_reason,results/source_summaries/3d/R10/Gurobi.csv,status,1,identity/string copy
results/difficult_instance_results.csv,R10,Gurobi,first_hit_checkpoint_time_sec,results/source_summaries/3d/R10/Gurobi.csv,first_hit_checkpoint_time_sec,1,identity/string copy
results/difficult_instance_results.csv,R10,Gurobi,first_hit_checkpoint_rel_gap,results/source_summaries/3d/R10/Gurobi.csv,first_hit_checkpoint_rel_gap,1,identity/string copy
results/difficult_instance_results.csv,R10,Gurobi,first_hit_stop_time_sec,results/source_summaries/3d/R10/Gurobi.csv,first_hit_stop_time_sec,1,identity/string copy
results/difficult_instance_results.csv,R10,Gurobi,first_hit_stop_rel_gap,results/source_summaries/3d/R10/Gurobi.csv,first_hit_stop_rel_gap,1,identity/string copy
results/difficult_instance_results.csv,R10,RD-ALM,reported_lower_bound,results/source_summaries/3d/R10/RD_ALM.csv,p2_certified_global_lb,1,identity/string copy
results/difficult_instance_results.csv,R10,RD-ALM,reported_upper_bound,results/source_summaries/3d/R10/RD_ALM.csv,p2_certified_ub,1,identity/string copy
results/difficult_instance_results.csv,R10,RD-ALM,reported_absolute_gap,results/source_summaries/3d/R10/RD_ALM.csv,p2_certified_gap,1,identity/string copy
results/difficult_instance_results.csv,R10,RD-ALM,reported_relative_gap,results/source_summaries/3d/R10/RD_ALM.csv,p2_certified_rel_gap,1,identity/string copy
results/difficult_instance_results.csv,R10,RD-ALM,reported_gap_percent,results/source_summaries/3d/R10/RD_ALM.csv,p2_certified_rel_gap_percent,1,identity/string copy
results/difficult_instance_results.csv,R10,RD-ALM,runtime_sec,results/source_summaries/3d/R10/RD_ALM.csv,p2_certified_total_time_sec,1,identity/string copy
results/difficult_instance_results.csv,R10,RD-ALM,residual,results/source_summaries/3d/R10/RD_ALM.csv,p2_certified_residual,1,identity/string copy
results/difficult_instance_results.csv,R10,RD-ALM,stop_reason,results/source_summaries/3d/R10/RD_ALM.csv,stop_reason,1,identity/string copy
results/difficult_instance_results.csv,R10,SCP-ALM,reported_lower_bound,results/source_summaries/3d/R10/SCP_ALM.csv,global_lb,1,identity/string copy
results/difficult_instance_results.csv,R10,SCP-ALM,reported_upper_bound,results/source_summaries/3d/R10/SCP_ALM.csv,global_ub,1,identity/string copy
results/difficult_instance_results.csv,R10,SCP-ALM,reported_absolute_gap,results/source_summaries/3d/R10/SCP_ALM.csv,objective_cert_gap,1,identity/string copy
results/difficult_instance_results.csv,R10,SCP-ALM,reported_relative_gap,results/source_summaries/3d/R10/SCP_ALM.csv,cert_rel_gap,1,identity/string copy
results/difficult_instance_results.csv,R10,SCP-ALM,reported_gap_percent,results/source_summaries/3d/R10/SCP_ALM.csv,cert_rel_gap_percent,1,identity/string copy
results/difficult_instance_results.csv,R10,SCP-ALM,runtime_sec,results/source_summaries/3d/R10/SCP_ALM.csv,total_time_sec,1,identity/string copy
results/difficult_instance_results.csv,R10,SCP-ALM,residual,results/source_summaries/3d/R10/SCP_ALM.csv,returned_primal_residual,1,identity/string copy
results/difficult_instance_results.csv,R10,SCP-ALM,stop_reason,results/source_summaries/3d/R10/SCP_ALM.csv,stop_reason,1,identity/string copy
results/difficult_instance_results.csv,R10,SCP-ALM,first_hit_checkpoint_time_sec,results/source_summaries/3d/R10/SCP_ALM.csv,first_hit_checkpoint_time_sec,1,identity/string copy
results/difficult_instance_results.csv,R10,SCP-ALM,first_hit_checkpoint_rel_gap,results/source_summaries/3d/R10/SCP_ALM.csv,first_hit_checkpoint_rel_gap,1,identity/string copy
results/difficult_instance_results.csv,R10,SCP-ALM,first_hit_stop_time_sec,results/source_summaries/3d/R10/SCP_ALM.csv,first_hit_stop_time_sec,1,identity/string copy
results/difficult_instance_results.csv,R10,SCP-ALM,first_hit_stop_rel_gap,results/source_summaries/3d/R10/SCP_ALM.csv,first_hit_stop_rel_gap,1,identity/string copy
results/difficult_instance_results.csv,R10,SCP-LR,reported_lower_bound,results/source_summaries/3d/R10/SCP_LR.csv,global_lb,1,identity/string copy
results/difficult_instance_results.csv,R10,SCP-LR,reported_upper_bound,results/source_summaries/3d/R10/SCP_LR.csv,global_ub,1,identity/string copy
results/difficult_instance_results.csv,R10,SCP-LR,reported_absolute_gap,results/source_summaries/3d/R10/SCP_LR.csv,objective_cert_gap,1,identity/string copy
results/difficult_instance_results.csv,R10,SCP-LR,reported_relative_gap,results/source_summaries/3d/R10/SCP_LR.csv,cert_rel_gap,1,identity/string copy
results/difficult_instance_results.csv,R10,SCP-LR,reported_gap_percent,results/source_summaries/3d/R10/SCP_LR.csv,cert_rel_gap_percent,1,identity/string copy
results/difficult_instance_results.csv,R10,SCP-LR,runtime_sec,results/source_summaries/3d/R10/SCP_LR.csv,total_time_sec,1,identity/string copy
results/difficult_instance_results.csv,R10,SCP-LR,residual,results/source_summaries/3d/R10/SCP_LR.csv,returned_primal_residual,1,identity/string copy
results/difficult_instance_results.csv,R10,SCP-LR,stop_reason,results/source_summaries/3d/R10/SCP_LR.csv,stop_reason,1,identity/string copy
results/difficult_instance_results.csv,R10,SCP-LR,first_hit_checkpoint_time_sec,results/source_summaries/3d/R10/SCP_LR.csv,first_hit_checkpoint_time_sec,1,identity/string copy
results/difficult_instance_results.csv,R10,SCP-LR,first_hit_checkpoint_rel_gap,results/source_summaries/3d/R10/SCP_LR.csv,first_hit_checkpoint_rel_gap,1,identity/string copy
results/difficult_instance_results.csv,R10,SCP-LR,first_hit_stop_time_sec,results/source_summaries/3d/R10/SCP_LR.csv,first_hit_stop_time_sec,1,identity/string copy
results/difficult_instance_results.csv,R10,SCP-LR,first_hit_stop_rel_gap,results/source_summaries/3d/R10/SCP_LR.csv,first_hit_stop_rel_gap,1,identity/string copy
results/difficult_instance_results.csv,R11,Gurobi,reported_lower_bound,results/source_summaries/3d/R11/Gurobi.csv,best_bound,1,identity/string copy
results/difficult_instance_results.csv,R11,Gurobi,reported_upper_bound,results/source_summaries/3d/R11/Gurobi.csv,incumbent_obj,1,identity/string copy
results/difficult_instance_results.csv,R11,Gurobi,reported_relative_gap,results/source_summaries/3d/R11/Gurobi.csv,cert_rel_gap,1,identity/string copy
results/difficult_instance_results.csv,R11,Gurobi,reported_gap_percent,results/source_summaries/3d/R11/Gurobi.csv,cert_rel_gap_percent,1,identity/string copy
results/difficult_instance_results.csv,R11,Gurobi,runtime_sec,results/source_summaries/3d/R11/Gurobi.csv,runtime,1,identity/string copy
results/difficult_instance_results.csv,R11,Gurobi,residual,results/source_summaries/3d/R11/Gurobi.csv,residual_linf,1,identity/string copy
results/difficult_instance_results.csv,R11,Gurobi,stop_reason,results/source_summaries/3d/R11/Gurobi.csv,status,1,identity/string copy
results/difficult_instance_results.csv,R11,Gurobi,first_hit_checkpoint_time_sec,results/source_summaries/3d/R11/Gurobi.csv,first_hit_checkpoint_time_sec,1,identity/string copy
results/difficult_instance_results.csv,R11,Gurobi,first_hit_checkpoint_rel_gap,results/source_summaries/3d/R11/Gurobi.csv,first_hit_checkpoint_rel_gap,1,identity/string copy
results/difficult_instance_results.csv,R11,Gurobi,first_hit_stop_time_sec,results/source_summaries/3d/R11/Gurobi.csv,first_hit_stop_time_sec,1,identity/string copy
results/difficult_instance_results.csv,R11,Gurobi,first_hit_stop_rel_gap,results/source_summaries/3d/R11/Gurobi.csv,first_hit_stop_rel_gap,1,identity/string copy
results/difficult_instance_results.csv,R11,RD-ALM,reported_lower_bound,results/source_summaries/3d/R11/RD_ALM.csv,p2_certified_global_lb,1,identity/string copy
results/difficult_instance_results.csv,R11,RD-ALM,reported_upper_bound,results/source_summaries/3d/R11/RD_ALM.csv,p2_certified_ub,1,identity/string copy
results/difficult_instance_results.csv,R11,RD-ALM,reported_absolute_gap,results/source_summaries/3d/R11/RD_ALM.csv,p2_certified_gap,1,identity/string copy
results/difficult_instance_results.csv,R11,RD-ALM,reported_relative_gap,results/source_summaries/3d/R11/RD_ALM.csv,p2_certified_rel_gap,1,identity/string copy
results/difficult_instance_results.csv,R11,RD-ALM,reported_gap_percent,results/source_summaries/3d/R11/RD_ALM.csv,p2_certified_rel_gap_percent,1,identity/string copy
results/difficult_instance_results.csv,R11,RD-ALM,runtime_sec,results/source_summaries/3d/R11/RD_ALM.csv,p2_certified_total_time_sec,1,identity/string copy
results/difficult_instance_results.csv,R11,RD-ALM,residual,results/source_summaries/3d/R11/RD_ALM.csv,p2_certified_residual,1,identity/string copy
results/difficult_instance_results.csv,R11,RD-ALM,stop_reason,results/source_summaries/3d/R11/RD_ALM.csv,stop_reason,1,identity/string copy
results/difficult_instance_results.csv,R11,SCP-ALM,reported_lower_bound,results/source_summaries/3d/R11/SCP_ALM.csv,global_lb,1,identity/string copy
results/difficult_instance_results.csv,R11,SCP-ALM,reported_upper_bound,results/source_summaries/3d/R11/SCP_ALM.csv,global_ub,1,identity/string copy
results/difficult_instance_results.csv,R11,SCP-ALM,reported_absolute_gap,results/source_summaries/3d/R11/SCP_ALM.csv,objective_cert_gap,1,identity/string copy
results/difficult_instance_results.csv,R11,SCP-ALM,reported_relative_gap,results/source_summaries/3d/R11/SCP_ALM.csv,cert_rel_gap,1,identity/string copy
results/difficult_instance_results.csv,R11,SCP-ALM,reported_gap_percent,results/source_summaries/3d/R11/SCP_ALM.csv,cert_rel_gap_percent,1,identity/string copy
results/difficult_instance_results.csv,R11,SCP-ALM,runtime_sec,results/source_summaries/3d/R11/SCP_ALM.csv,total_time_sec,1,identity/string copy
results/difficult_instance_results.csv,R11,SCP-ALM,residual,results/source_summaries/3d/R11/SCP_ALM.csv,returned_primal_residual,1,identity/string copy
results/difficult_instance_results.csv,R11,SCP-ALM,stop_reason,results/source_summaries/3d/R11/SCP_ALM.csv,stop_reason,1,identity/string copy
results/difficult_instance_results.csv,R11,SCP-ALM,first_hit_checkpoint_time_sec,results/source_summaries/3d/R11/SCP_ALM.csv,first_hit_checkpoint_time_sec,1,identity/string copy
results/difficult_instance_results.csv,R11,SCP-ALM,first_hit_checkpoint_rel_gap,results/source_summaries/3d/R11/SCP_ALM.csv,first_hit_checkpoint_rel_gap,1,identity/string copy
results/difficult_instance_results.csv,R11,SCP-ALM,first_hit_stop_time_sec,results/source_summaries/3d/R11/SCP_ALM.csv,first_hit_stop_time_sec,1,identity/string copy
results/difficult_instance_results.csv,R11,SCP-ALM,first_hit_stop_rel_gap,results/source_summaries/3d/R11/SCP_ALM.csv,first_hit_stop_rel_gap,1,identity/string copy
results/difficult_instance_results.csv,R11,SCP-LR,reported_lower_bound,results/source_summaries/3d/R11/SCP_LR.csv,global_lb,1,identity/string copy
results/difficult_instance_results.csv,R11,SCP-LR,reported_upper_bound,results/source_summaries/3d/R11/SCP_LR.csv,global_ub,1,identity/string copy
results/difficult_instance_results.csv,R11,SCP-LR,reported_absolute_gap,results/source_summaries/3d/R11/SCP_LR.csv,objective_cert_gap,1,identity/string copy
results/difficult_instance_results.csv,R11,SCP-LR,reported_relative_gap,results/source_summaries/3d/R11/SCP_LR.csv,cert_rel_gap,1,identity/string copy
results/difficult_instance_results.csv,R11,SCP-LR,reported_gap_percent,results/source_summaries/3d/R11/SCP_LR.csv,cert_rel_gap_percent,1,identity/string copy
results/difficult_instance_results.csv,R11,SCP-LR,runtime_sec,results/source_summaries/3d/R11/SCP_LR.csv,total_time_sec,1,identity/string copy
results/difficult_instance_results.csv,R11,SCP-LR,residual,results/source_summaries/3d/R11/SCP_LR.csv,returned_primal_residual,1,identity/string copy
results/difficult_instance_results.csv,R11,SCP-LR,stop_reason,results/source_summaries/3d/R11/SCP_LR.csv,stop_reason,1,identity/string copy
results/difficult_instance_results.csv,R11,SCP-LR,first_hit_checkpoint_time_sec,results/source_summaries/3d/R11/SCP_LR.csv,first_hit_checkpoint_time_sec,1,identity/string copy
results/difficult_instance_results.csv,R11,SCP-LR,first_hit_checkpoint_rel_gap,results/source_summaries/3d/R11/SCP_LR.csv,first_hit_checkpoint_rel_gap,1,identity/string copy
results/difficult_instance_results.csv,R11,SCP-LR,first_hit_stop_time_sec,results/source_summaries/3d/R11/SCP_LR.csv,first_hit_stop_time_sec,1,identity/string copy
results/difficult_instance_results.csv,R11,SCP-LR,first_hit_stop_rel_gap,results/source_summaries/3d/R11/SCP_LR.csv,first_hit_stop_rel_gap,1,identity/string copy
results/difficult_instance_results.csv,R12,Gurobi,reported_lower_bound,results/source_summaries/3d/R12/Gurobi.csv,best_bound,1,identity/string copy
results/difficult_instance_results.csv,R12,Gurobi,reported_upper_bound,results/source_summaries/3d/R12/Gurobi.csv,incumbent_obj,1,identity/string copy
results/difficult_instance_results.csv,R12,Gurobi,reported_relative_gap,results/source_summaries/3d/R12/Gurobi.csv,cert_rel_gap,1,identity/string copy
results/difficult_instance_results.csv,R12,Gurobi,reported_gap_percent,results/source_summaries/3d/R12/Gurobi.csv,cert_rel_gap_percent,1,identity/string copy
results/difficult_instance_results.csv,R12,Gurobi,runtime_sec,results/source_summaries/3d/R12/Gurobi.csv,runtime,1,identity/string copy
results/difficult_instance_results.csv,R12,Gurobi,residual,results/source_summaries/3d/R12/Gurobi.csv,residual_linf,1,identity/string copy
results/difficult_instance_results.csv,R12,Gurobi,stop_reason,results/source_summaries/3d/R12/Gurobi.csv,status,1,identity/string copy
results/difficult_instance_results.csv,R12,Gurobi,first_hit_checkpoint_time_sec,results/source_summaries/3d/R12/Gurobi.csv,first_hit_checkpoint_time_sec,1,identity/string copy
results/difficult_instance_results.csv,R12,Gurobi,first_hit_checkpoint_rel_gap,results/source_summaries/3d/R12/Gurobi.csv,first_hit_checkpoint_rel_gap,1,identity/string copy
results/difficult_instance_results.csv,R12,Gurobi,first_hit_stop_time_sec,results/source_summaries/3d/R12/Gurobi.csv,first_hit_stop_time_sec,1,identity/string copy
results/difficult_instance_results.csv,R12,Gurobi,first_hit_stop_rel_gap,results/source_summaries/3d/R12/Gurobi.csv,first_hit_stop_rel_gap,1,identity/string copy
results/difficult_instance_results.csv,R12,RD-ALM,reported_lower_bound,results/source_summaries/3d/R12/RD_ALM.csv,p2_certified_global_lb,1,identity/string copy
results/difficult_instance_results.csv,R12,RD-ALM,reported_upper_bound,results/source_summaries/3d/R12/RD_ALM.csv,p2_certified_ub,1,identity/string copy
results/difficult_instance_results.csv,R12,RD-ALM,reported_absolute_gap,results/source_summaries/3d/R12/RD_ALM.csv,p2_certified_gap,1,identity/string copy
results/difficult_instance_results.csv,R12,RD-ALM,reported_relative_gap,results/source_summaries/3d/R12/RD_ALM.csv,p2_certified_rel_gap,1,identity/string copy
results/difficult_instance_results.csv,R12,RD-ALM,reported_gap_percent,results/source_summaries/3d/R12/RD_ALM.csv,p2_certified_rel_gap_percent,1,identity/string copy
results/difficult_instance_results.csv,R12,RD-ALM,runtime_sec,results/source_summaries/3d/R12/RD_ALM.csv,p2_certified_total_time_sec,1,identity/string copy
results/difficult_instance_results.csv,R12,RD-ALM,residual,results/source_summaries/3d/R12/RD_ALM.csv,p2_certified_residual,1,identity/string copy
results/difficult_instance_results.csv,R12,RD-ALM,stop_reason,results/source_summaries/3d/R12/RD_ALM.csv,stop_reason,1,identity/string copy
results/difficult_instance_results.csv,R12,SCP-ALM,reported_lower_bound,results/source_summaries/3d/R12/SCP_ALM.csv,global_lb,1,identity/string copy
results/difficult_instance_results.csv,R12,SCP-ALM,reported_upper_bound,results/source_summaries/3d/R12/SCP_ALM.csv,global_ub,1,identity/string copy
results/difficult_instance_results.csv,R12,SCP-ALM,reported_absolute_gap,results/source_summaries/3d/R12/SCP_ALM.csv,objective_cert_gap,1,identity/string copy
results/difficult_instance_results.csv,R12,SCP-ALM,reported_relative_gap,results/source_summaries/3d/R12/SCP_ALM.csv,cert_rel_gap,1,identity/string copy
results/difficult_instance_results.csv,R12,SCP-ALM,reported_gap_percent,results/source_summaries/3d/R12/SCP_ALM.csv,cert_rel_gap_percent,1,identity/string copy
results/difficult_instance_results.csv,R12,SCP-ALM,runtime_sec,results/source_summaries/3d/R12/SCP_ALM.csv,total_time_sec,1,identity/string copy
results/difficult_instance_results.csv,R12,SCP-ALM,residual,results/source_summaries/3d/R12/SCP_ALM.csv,returned_primal_residual,1,identity/string copy
results/difficult_instance_results.csv,R12,SCP-ALM,stop_reason,results/source_summaries/3d/R12/SCP_ALM.csv,stop_reason,1,identity/string copy
results/difficult_instance_results.csv,R12,SCP-ALM,first_hit_checkpoint_time_sec,results/source_summaries/3d/R12/SCP_ALM.csv,first_hit_checkpoint_time_sec,1,identity/string copy
results/difficult_instance_results.csv,R12,SCP-ALM,first_hit_checkpoint_rel_gap,results/source_summaries/3d/R12/SCP_ALM.csv,first_hit_checkpoint_rel_gap,1,identity/string copy
results/difficult_instance_results.csv,R12,SCP-ALM,first_hit_stop_time_sec,results/source_summaries/3d/R12/SCP_ALM.csv,first_hit_stop_time_sec,1,identity/string copy
results/difficult_instance_results.csv,R12,SCP-ALM,first_hit_stop_rel_gap,results/source_summaries/3d/R12/SCP_ALM.csv,first_hit_stop_rel_gap,1,identity/string copy
results/difficult_instance_results.csv,R12,SCP-LR,reported_lower_bound,results/source_summaries/3d/R12/SCP_LR.csv,global_lb,1,identity/string copy
results/difficult_instance_results.csv,R12,SCP-LR,reported_upper_bound,results/source_summaries/3d/R12/SCP_LR.csv,global_ub,1,identity/string copy
results/difficult_instance_results.csv,R12,SCP-LR,reported_absolute_gap,results/source_summaries/3d/R12/SCP_LR.csv,objective_cert_gap,1,identity/string copy
results/difficult_instance_results.csv,R12,SCP-LR,reported_relative_gap,results/source_summaries/3d/R12/SCP_LR.csv,cert_rel_gap,1,identity/string copy
results/difficult_instance_results.csv,R12,SCP-LR,reported_gap_percent,results/source_summaries/3d/R12/SCP_LR.csv,cert_rel_gap_percent,1,identity/string copy
results/difficult_instance_results.csv,R12,SCP-LR,runtime_sec,results/source_summaries/3d/R12/SCP_LR.csv,total_time_sec,1,identity/string copy
results/difficult_instance_results.csv,R12,SCP-LR,residual,results/source_summaries/3d/R12/SCP_LR.csv,returned_primal_residual,1,identity/string copy
results/difficult_instance_results.csv,R12,SCP-LR,stop_reason,results/source_summaries/3d/R12/SCP_LR.csv,stop_reason,1,identity/string copy
results/difficult_instance_results.csv,R12,SCP-LR,first_hit_checkpoint_time_sec,results/source_summaries/3d/R12/SCP_LR.csv,first_hit_checkpoint_time_sec,1,identity/string copy
results/difficult_instance_results.csv,R12,SCP-LR,first_hit_checkpoint_rel_gap,results/source_summaries/3d/R12/SCP_LR.csv,first_hit_checkpoint_rel_gap,1,identity/string copy
results/difficult_instance_results.csv,R12,SCP-LR,first_hit_stop_time_sec,results/source_summaries/3d/R12/SCP_LR.csv,first_hit_stop_time_sec,1,identity/string copy
results/difficult_instance_results.csv,R12,SCP-LR,first_hit_stop_rel_gap,results/source_summaries/3d/R12/SCP_LR.csv,first_hit_stop_rel_gap,1,identity/string copy
results/difficult_instance_results.csv,R13,Gurobi,reported_lower_bound,results/source_summaries/3d/R13/Gurobi.csv,best_bound,1,identity/string copy
results/difficult_instance_results.csv,R13,Gurobi,reported_upper_bound,results/source_summaries/3d/R13/Gurobi.csv,incumbent_obj,1,identity/string copy
results/difficult_instance_results.csv,R13,Gurobi,reported_relative_gap,results/source_summaries/3d/R13/Gurobi.csv,cert_rel_gap,1,identity/string copy
results/difficult_instance_results.csv,R13,Gurobi,reported_gap_percent,results/source_summaries/3d/R13/Gurobi.csv,cert_rel_gap_percent,1,identity/string copy
results/difficult_instance_results.csv,R13,Gurobi,runtime_sec,results/source_summaries/3d/R13/Gurobi.csv,runtime,1,identity/string copy
results/difficult_instance_results.csv,R13,Gurobi,residual,results/source_summaries/3d/R13/Gurobi.csv,residual_linf,1,identity/string copy
results/difficult_instance_results.csv,R13,Gurobi,stop_reason,results/source_summaries/3d/R13/Gurobi.csv,status,1,identity/string copy
results/difficult_instance_results.csv,R13,Gurobi,first_hit_checkpoint_time_sec,results/source_summaries/3d/R13/Gurobi.csv,first_hit_checkpoint_time_sec,1,identity/string copy
results/difficult_instance_results.csv,R13,Gurobi,first_hit_checkpoint_rel_gap,results/source_summaries/3d/R13/Gurobi.csv,first_hit_checkpoint_rel_gap,1,identity/string copy
results/difficult_instance_results.csv,R13,Gurobi,first_hit_stop_time_sec,results/source_summaries/3d/R13/Gurobi.csv,first_hit_stop_time_sec,1,identity/string copy
results/difficult_instance_results.csv,R13,Gurobi,first_hit_stop_rel_gap,results/source_summaries/3d/R13/Gurobi.csv,first_hit_stop_rel_gap,1,identity/string copy
results/difficult_instance_results.csv,R13,RD-ALM,reported_lower_bound,results/source_summaries/3d/R13/RD_ALM.csv,p2_certified_global_lb,1,identity/string copy
results/difficult_instance_results.csv,R13,RD-ALM,reported_upper_bound,results/source_summaries/3d/R13/RD_ALM.csv,p2_certified_ub,1,identity/string copy
results/difficult_instance_results.csv,R13,RD-ALM,reported_absolute_gap,results/source_summaries/3d/R13/RD_ALM.csv,p2_certified_gap,1,identity/string copy
results/difficult_instance_results.csv,R13,RD-ALM,reported_relative_gap,results/source_summaries/3d/R13/RD_ALM.csv,p2_certified_rel_gap,1,identity/string copy
results/difficult_instance_results.csv,R13,RD-ALM,reported_gap_percent,results/source_summaries/3d/R13/RD_ALM.csv,p2_certified_rel_gap_percent,1,identity/string copy
results/difficult_instance_results.csv,R13,RD-ALM,runtime_sec,results/source_summaries/3d/R13/RD_ALM.csv,p2_certified_total_time_sec,1,identity/string copy
results/difficult_instance_results.csv,R13,RD-ALM,residual,results/source_summaries/3d/R13/RD_ALM.csv,p2_certified_residual,1,identity/string copy
results/difficult_instance_results.csv,R13,RD-ALM,stop_reason,results/source_summaries/3d/R13/RD_ALM.csv,stop_reason,1,identity/string copy
results/difficult_instance_results.csv,R13,SCP-ALM,reported_lower_bound,results/source_summaries/3d/R13/SCP_ALM.csv,global_lb,1,identity/string copy
results/difficult_instance_results.csv,R13,SCP-ALM,reported_upper_bound,results/source_summaries/3d/R13/SCP_ALM.csv,global_ub,1,identity/string copy
results/difficult_instance_results.csv,R13,SCP-ALM,reported_absolute_gap,results/source_summaries/3d/R13/SCP_ALM.csv,objective_cert_gap,1,identity/string copy
results/difficult_instance_results.csv,R13,SCP-ALM,reported_relative_gap,results/source_summaries/3d/R13/SCP_ALM.csv,cert_rel_gap,1,identity/string copy
results/difficult_instance_results.csv,R13,SCP-ALM,reported_gap_percent,results/source_summaries/3d/R13/SCP_ALM.csv,cert_rel_gap_percent,1,identity/string copy
results/difficult_instance_results.csv,R13,SCP-ALM,runtime_sec,results/source_summaries/3d/R13/SCP_ALM.csv,total_time_sec,1,identity/string copy
results/difficult_instance_results.csv,R13,SCP-ALM,residual,results/source_summaries/3d/R13/SCP_ALM.csv,returned_primal_residual,1,identity/string copy
results/difficult_instance_results.csv,R13,SCP-ALM,stop_reason,results/source_summaries/3d/R13/SCP_ALM.csv,stop_reason,1,identity/string copy
results/difficult_instance_results.csv,R13,SCP-ALM,first_hit_checkpoint_time_sec,results/source_summaries/3d/R13/SCP_ALM.csv,first_hit_checkpoint_time_sec,1,identity/string copy
results/difficult_instance_results.csv,R13,SCP-ALM,first_hit_checkpoint_rel_gap,results/source_summaries/3d/R13/SCP_ALM.csv,first_hit_checkpoint_rel_gap,1,identity/string copy
results/difficult_instance_results.csv,R13,SCP-ALM,first_hit_stop_time_sec,results/source_summaries/3d/R13/SCP_ALM.csv,first_hit_stop_time_sec,1,identity/string copy
results/difficult_instance_results.csv,R13,SCP-ALM,first_hit_stop_rel_gap,results/source_summaries/3d/R13/SCP_ALM.csv,first_hit_stop_rel_gap,1,identity/string copy
results/difficult_instance_results.csv,R13,SCP-LR,reported_lower_bound,results/source_summaries/3d/R13/SCP_LR.csv,global_lb,1,identity/string copy
results/difficult_instance_results.csv,R13,SCP-LR,reported_upper_bound,results/source_summaries/3d/R13/SCP_LR.csv,global_ub,1,identity/string copy
results/difficult_instance_results.csv,R13,SCP-LR,reported_absolute_gap,results/source_summaries/3d/R13/SCP_LR.csv,objective_cert_gap,1,identity/string copy
results/difficult_instance_results.csv,R13,SCP-LR,reported_relative_gap,results/source_summaries/3d/R13/SCP_LR.csv,cert_rel_gap,1,identity/string copy
results/difficult_instance_results.csv,R13,SCP-LR,reported_gap_percent,results/source_summaries/3d/R13/SCP_LR.csv,cert_rel_gap_percent,1,identity/string copy
results/difficult_instance_results.csv,R13,SCP-LR,runtime_sec,results/source_summaries/3d/R13/SCP_LR.csv,total_time_sec,1,identity/string copy
results/difficult_instance_results.csv,R13,SCP-LR,residual,results/source_summaries/3d/R13/SCP_LR.csv,returned_primal_residual,1,identity/string copy
results/difficult_instance_results.csv,R13,SCP-LR,stop_reason,results/source_summaries/3d/R13/SCP_LR.csv,stop_reason,1,identity/string copy
results/difficult_instance_results.csv,R13,SCP-LR,first_hit_checkpoint_time_sec,results/source_summaries/3d/R13/SCP_LR.csv,first_hit_checkpoint_time_sec,1,identity/string copy
results/difficult_instance_results.csv,R13,SCP-LR,first_hit_checkpoint_rel_gap,results/source_summaries/3d/R13/SCP_LR.csv,first_hit_checkpoint_rel_gap,1,identity/string copy
results/difficult_instance_results.csv,R13,SCP-LR,first_hit_stop_time_sec,results/source_summaries/3d/R13/SCP_LR.csv,first_hit_stop_time_sec,1,identity/string copy
results/difficult_instance_results.csv,R13,SCP-LR,first_hit_stop_rel_gap,results/source_summaries/3d/R13/SCP_LR.csv,first_hit_stop_rel_gap,1,identity/string copy
results/difficult_instance_results.csv,R14,Gurobi,reported_lower_bound,results/source_summaries/3d/R14/Gurobi.csv,best_bound,1,identity/string copy
results/difficult_instance_results.csv,R14,Gurobi,reported_upper_bound,results/source_summaries/3d/R14/Gurobi.csv,incumbent_obj,1,identity/string copy
results/difficult_instance_results.csv,R14,Gurobi,reported_relative_gap,results/source_summaries/3d/R14/Gurobi.csv,cert_rel_gap,1,identity/string copy
results/difficult_instance_results.csv,R14,Gurobi,reported_gap_percent,results/source_summaries/3d/R14/Gurobi.csv,cert_rel_gap_percent,1,identity/string copy
results/difficult_instance_results.csv,R14,Gurobi,runtime_sec,results/source_summaries/3d/R14/Gurobi.csv,runtime,1,identity/string copy
results/difficult_instance_results.csv,R14,Gurobi,residual,results/source_summaries/3d/R14/Gurobi.csv,residual_linf,1,identity/string copy
results/difficult_instance_results.csv,R14,Gurobi,stop_reason,results/source_summaries/3d/R14/Gurobi.csv,status,1,identity/string copy
results/difficult_instance_results.csv,R14,Gurobi,first_hit_checkpoint_time_sec,results/source_summaries/3d/R14/Gurobi.csv,first_hit_checkpoint_time_sec,1,identity/string copy
results/difficult_instance_results.csv,R14,Gurobi,first_hit_checkpoint_rel_gap,results/source_summaries/3d/R14/Gurobi.csv,first_hit_checkpoint_rel_gap,1,identity/string copy
results/difficult_instance_results.csv,R14,Gurobi,first_hit_stop_time_sec,results/source_summaries/3d/R14/Gurobi.csv,first_hit_stop_time_sec,1,identity/string copy
results/difficult_instance_results.csv,R14,Gurobi,first_hit_stop_rel_gap,results/source_summaries/3d/R14/Gurobi.csv,first_hit_stop_rel_gap,1,identity/string copy
results/difficult_instance_results.csv,R14,RD-ALM,reported_lower_bound,results/source_summaries/3d/R14/RD_ALM.csv,p2_certified_global_lb,1,identity/string copy
results/difficult_instance_results.csv,R14,RD-ALM,reported_upper_bound,results/source_summaries/3d/R14/RD_ALM.csv,p2_certified_ub,1,identity/string copy
results/difficult_instance_results.csv,R14,RD-ALM,reported_absolute_gap,results/source_summaries/3d/R14/RD_ALM.csv,p2_certified_gap,1,identity/string copy
results/difficult_instance_results.csv,R14,RD-ALM,reported_relative_gap,results/source_summaries/3d/R14/RD_ALM.csv,p2_certified_rel_gap,1,identity/string copy
results/difficult_instance_results.csv,R14,RD-ALM,reported_gap_percent,results/source_summaries/3d/R14/RD_ALM.csv,p2_certified_rel_gap_percent,1,identity/string copy
results/difficult_instance_results.csv,R14,RD-ALM,runtime_sec,results/source_summaries/3d/R14/RD_ALM.csv,p2_certified_total_time_sec,1,identity/string copy
results/difficult_instance_results.csv,R14,RD-ALM,residual,results/source_summaries/3d/R14/RD_ALM.csv,p2_certified_residual,1,identity/string copy
results/difficult_instance_results.csv,R14,RD-ALM,stop_reason,results/source_summaries/3d/R14/RD_ALM.csv,stop_reason,1,identity/string copy
results/difficult_instance_results.csv,R14,SCP-ALM,reported_lower_bound,results/source_summaries/3d/R14/SCP_ALM.csv,global_lb,1,identity/string copy
results/difficult_instance_results.csv,R14,SCP-ALM,reported_upper_bound,results/source_summaries/3d/R14/SCP_ALM.csv,global_ub,1,identity/string copy
results/difficult_instance_results.csv,R14,SCP-ALM,reported_absolute_gap,results/source_summaries/3d/R14/SCP_ALM.csv,objective_cert_gap,1,identity/string copy
results/difficult_instance_results.csv,R14,SCP-ALM,reported_relative_gap,results/source_summaries/3d/R14/SCP_ALM.csv,cert_rel_gap,1,identity/string copy
results/difficult_instance_results.csv,R14,SCP-ALM,reported_gap_percent,results/source_summaries/3d/R14/SCP_ALM.csv,cert_rel_gap_percent,1,identity/string copy
results/difficult_instance_results.csv,R14,SCP-ALM,runtime_sec,results/source_summaries/3d/R14/SCP_ALM.csv,total_time_sec,1,identity/string copy
results/difficult_instance_results.csv,R14,SCP-ALM,residual,results/source_summaries/3d/R14/SCP_ALM.csv,returned_primal_residual,1,identity/string copy
results/difficult_instance_results.csv,R14,SCP-ALM,stop_reason,results/source_summaries/3d/R14/SCP_ALM.csv,stop_reason,1,identity/string copy
results/difficult_instance_results.csv,R14,SCP-ALM,first_hit_checkpoint_time_sec,results/source_summaries/3d/R14/SCP_ALM.csv,first_hit_checkpoint_time_sec,1,identity/string copy
results/difficult_instance_results.csv,R14,SCP-ALM,first_hit_checkpoint_rel_gap,results/source_summaries/3d/R14/SCP_ALM.csv,first_hit_checkpoint_rel_gap,1,identity/string copy
results/difficult_instance_results.csv,R14,SCP-ALM,first_hit_stop_time_sec,results/source_summaries/3d/R14/SCP_ALM.csv,first_hit_stop_time_sec,1,identity/string copy
results/difficult_instance_results.csv,R14,SCP-ALM,first_hit_stop_rel_gap,results/source_summaries/3d/R14/SCP_ALM.csv,first_hit_stop_rel_gap,1,identity/string copy
results/difficult_instance_results.csv,R14,SCP-LR,reported_lower_bound,results/source_summaries/3d/R14/SCP_LR.csv,global_lb,1,identity/string copy
results/difficult_instance_results.csv,R14,SCP-LR,reported_upper_bound,results/source_summaries/3d/R14/SCP_LR.csv,global_ub,1,identity/string copy
results/difficult_instance_results.csv,R14,SCP-LR,reported_absolute_gap,results/source_summaries/3d/R14/SCP_LR.csv,objective_cert_gap,1,identity/string copy
results/difficult_instance_results.csv,R14,SCP-LR,reported_relative_gap,results/source_summaries/3d/R14/SCP_LR.csv,cert_rel_gap,1,identity/string copy
results/difficult_instance_results.csv,R14,SCP-LR,reported_gap_percent,results/source_summaries/3d/R14/SCP_LR.csv,cert_rel_gap_percent,1,identity/string copy
results/difficult_instance_results.csv,R14,SCP-LR,runtime_sec,results/source_summaries/3d/R14/SCP_LR.csv,total_time_sec,1,identity/string copy
results/difficult_instance_results.csv,R14,SCP-LR,residual,results/source_summaries/3d/R14/SCP_LR.csv,returned_primal_residual,1,identity/string copy
results/difficult_instance_results.csv,R14,SCP-LR,stop_reason,results/source_summaries/3d/R14/SCP_LR.csv,stop_reason,1,identity/string copy
results/difficult_instance_results.csv,R14,SCP-LR,first_hit_checkpoint_time_sec,results/source_summaries/3d/R14/SCP_LR.csv,first_hit_checkpoint_time_sec,1,identity/string copy
results/difficult_instance_results.csv,R14,SCP-LR,first_hit_checkpoint_rel_gap,results/source_summaries/3d/R14/SCP_LR.csv,first_hit_checkpoint_rel_gap,1,identity/string copy
results/difficult_instance_results.csv,R14,SCP-LR,first_hit_stop_time_sec,results/source_summaries/3d/R14/SCP_LR.csv,first_hit_stop_time_sec,1,identity/string copy
results/difficult_instance_results.csv,R14,SCP-LR,first_hit_stop_rel_gap,results/source_summaries/3d/R14/SCP_LR.csv,first_hit_stop_rel_gap,1,identity/string copy
results/difficult_instance_results.csv,R15,Gurobi,reported_lower_bound,results/source_summaries/3d/R15/Gurobi.csv,best_bound,1,identity/string copy
results/difficult_instance_results.csv,R15,Gurobi,reported_upper_bound,results/source_summaries/3d/R15/Gurobi.csv,incumbent_obj,1,identity/string copy
results/difficult_instance_results.csv,R15,Gurobi,reported_relative_gap,results/source_summaries/3d/R15/Gurobi.csv,cert_rel_gap,1,identity/string copy
results/difficult_instance_results.csv,R15,Gurobi,reported_gap_percent,results/source_summaries/3d/R15/Gurobi.csv,cert_rel_gap_percent,1,identity/string copy
results/difficult_instance_results.csv,R15,Gurobi,runtime_sec,results/source_summaries/3d/R15/Gurobi.csv,runtime,1,identity/string copy
results/difficult_instance_results.csv,R15,Gurobi,residual,results/source_summaries/3d/R15/Gurobi.csv,residual_linf,1,identity/string copy
results/difficult_instance_results.csv,R15,Gurobi,stop_reason,results/source_summaries/3d/R15/Gurobi.csv,status,1,identity/string copy
results/difficult_instance_results.csv,R15,Gurobi,first_hit_checkpoint_time_sec,results/source_summaries/3d/R15/Gurobi.csv,first_hit_checkpoint_time_sec,1,identity/string copy
results/difficult_instance_results.csv,R15,Gurobi,first_hit_checkpoint_rel_gap,results/source_summaries/3d/R15/Gurobi.csv,first_hit_checkpoint_rel_gap,1,identity/string copy
results/difficult_instance_results.csv,R15,Gurobi,first_hit_stop_time_sec,results/source_summaries/3d/R15/Gurobi.csv,first_hit_stop_time_sec,1,identity/string copy
results/difficult_instance_results.csv,R15,Gurobi,first_hit_stop_rel_gap,results/source_summaries/3d/R15/Gurobi.csv,first_hit_stop_rel_gap,1,identity/string copy
results/difficult_instance_results.csv,R15,RD-ALM,reported_lower_bound,results/source_summaries/3d/R15/RD_ALM.csv,p2_certified_global_lb,1,identity/string copy
results/difficult_instance_results.csv,R15,RD-ALM,reported_upper_bound,results/source_summaries/3d/R15/RD_ALM.csv,p2_certified_ub,1,identity/string copy
results/difficult_instance_results.csv,R15,RD-ALM,reported_absolute_gap,results/source_summaries/3d/R15/RD_ALM.csv,p2_certified_gap,1,identity/string copy
results/difficult_instance_results.csv,R15,RD-ALM,reported_relative_gap,results/source_summaries/3d/R15/RD_ALM.csv,p2_certified_rel_gap,1,identity/string copy
results/difficult_instance_results.csv,R15,RD-ALM,reported_gap_percent,results/source_summaries/3d/R15/RD_ALM.csv,p2_certified_rel_gap_percent,1,identity/string copy
results/difficult_instance_results.csv,R15,RD-ALM,runtime_sec,results/source_summaries/3d/R15/RD_ALM.csv,p2_certified_total_time_sec,1,identity/string copy
results/difficult_instance_results.csv,R15,RD-ALM,residual,results/source_summaries/3d/R15/RD_ALM.csv,p2_certified_residual,1,identity/string copy
results/difficult_instance_results.csv,R15,RD-ALM,stop_reason,results/source_summaries/3d/R15/RD_ALM.csv,stop_reason,1,identity/string copy
results/difficult_instance_results.csv,R15,SCP-ALM,reported_lower_bound,results/source_summaries/3d/R15/SCP_ALM.csv,global_lb,1,identity/string copy
results/difficult_instance_results.csv,R15,SCP-ALM,reported_upper_bound,results/source_summaries/3d/R15/SCP_ALM.csv,global_ub,1,identity/string copy
results/difficult_instance_results.csv,R15,SCP-ALM,reported_absolute_gap,results/source_summaries/3d/R15/SCP_ALM.csv,objective_cert_gap,1,identity/string copy
results/difficult_instance_results.csv,R15,SCP-ALM,reported_relative_gap,results/source_summaries/3d/R15/SCP_ALM.csv,cert_rel_gap,1,identity/string copy
results/difficult_instance_results.csv,R15,SCP-ALM,reported_gap_percent,results/source_summaries/3d/R15/SCP_ALM.csv,cert_rel_gap_percent,1,identity/string copy
results/difficult_instance_results.csv,R15,SCP-ALM,runtime_sec,results/source_summaries/3d/R15/SCP_ALM.csv,total_time_sec,1,identity/string copy
results/difficult_instance_results.csv,R15,SCP-ALM,residual,results/source_summaries/3d/R15/SCP_ALM.csv,returned_primal_residual,1,identity/string copy
results/difficult_instance_results.csv,R15,SCP-ALM,stop_reason,results/source_summaries/3d/R15/SCP_ALM.csv,stop_reason,1,identity/string copy
results/difficult_instance_results.csv,R15,SCP-ALM,first_hit_checkpoint_time_sec,results/source_summaries/3d/R15/SCP_ALM.csv,first_hit_checkpoint_time_sec,1,identity/string copy
results/difficult_instance_results.csv,R15,SCP-ALM,first_hit_checkpoint_rel_gap,results/source_summaries/3d/R15/SCP_ALM.csv,first_hit_checkpoint_rel_gap,1,identity/string copy
results/difficult_instance_results.csv,R15,SCP-ALM,first_hit_stop_time_sec,results/source_summaries/3d/R15/SCP_ALM.csv,first_hit_stop_time_sec,1,identity/string copy
results/difficult_instance_results.csv,R15,SCP-ALM,first_hit_stop_rel_gap,results/source_summaries/3d/R15/SCP_ALM.csv,first_hit_stop_rel_gap,1,identity/string copy
results/difficult_instance_results.csv,R15,SCP-LR,reported_lower_bound,results/source_summaries/3d/R15/SCP_LR.csv,global_lb,1,identity/string copy
results/difficult_instance_results.csv,R15,SCP-LR,reported_upper_bound,results/source_summaries/3d/R15/SCP_LR.csv,global_ub,1,identity/string copy
results/difficult_instance_results.csv,R15,SCP-LR,reported_absolute_gap,results/source_summaries/3d/R15/SCP_LR.csv,objective_cert_gap,1,identity/string copy
results/difficult_instance_results.csv,R15,SCP-LR,reported_relative_gap,results/source_summaries/3d/R15/SCP_LR.csv,cert_rel_gap,1,identity/string copy
results/difficult_instance_results.csv,R15,SCP-LR,reported_gap_percent,results/source_summaries/3d/R15/SCP_LR.csv,cert_rel_gap_percent,1,identity/string copy
results/difficult_instance_results.csv,R15,SCP-LR,runtime_sec,results/source_summaries/3d/R15/SCP_LR.csv,total_time_sec,1,identity/string copy
results/difficult_instance_results.csv,R15,SCP-LR,residual,results/source_summaries/3d/R15/SCP_LR.csv,returned_primal_residual,1,identity/string copy
results/difficult_instance_results.csv,R15,SCP-LR,stop_reason,results/source_summaries/3d/R15/SCP_LR.csv,stop_reason,1,identity/string copy
results/difficult_instance_results.csv,R15,SCP-LR,first_hit_checkpoint_time_sec,results/source_summaries/3d/R15/SCP_LR.csv,first_hit_checkpoint_time_sec,1,identity/string copy
results/difficult_instance_results.csv,R15,SCP-LR,first_hit_checkpoint_rel_gap,results/source_summaries/3d/R15/SCP_LR.csv,first_hit_checkpoint_rel_gap,1,identity/string copy
results/difficult_instance_results.csv,R15,SCP-LR,first_hit_stop_time_sec,results/source_summaries/3d/R15/SCP_LR.csv,first_hit_stop_time_sec,1,identity/string copy
results/difficult_instance_results.csv,R15,SCP-LR,first_hit_stop_rel_gap,results/source_summaries/3d/R15/SCP_LR.csv,first_hit_stop_rel_gap,1,identity/string copy
results/difficult_instance_results.csv,R16,Gurobi,reported_lower_bound,results/source_summaries/3d/R16/Gurobi.csv,best_bound,1,identity/string copy
results/difficult_instance_results.csv,R16,Gurobi,reported_upper_bound,results/source_summaries/3d/R16/Gurobi.csv,incumbent_obj,1,identity/string copy
results/difficult_instance_results.csv,R16,Gurobi,reported_relative_gap,results/source_summaries/3d/R16/Gurobi.csv,cert_rel_gap,1,identity/string copy
results/difficult_instance_results.csv,R16,Gurobi,reported_gap_percent,results/source_summaries/3d/R16/Gurobi.csv,cert_rel_gap_percent,1,identity/string copy
results/difficult_instance_results.csv,R16,Gurobi,runtime_sec,results/source_summaries/3d/R16/Gurobi.csv,runtime,1,identity/string copy
results/difficult_instance_results.csv,R16,Gurobi,residual,results/source_summaries/3d/R16/Gurobi.csv,residual_linf,1,identity/string copy
results/difficult_instance_results.csv,R16,Gurobi,stop_reason,results/source_summaries/3d/R16/Gurobi.csv,status,1,identity/string copy
results/difficult_instance_results.csv,R16,Gurobi,first_hit_checkpoint_time_sec,results/source_summaries/3d/R16/Gurobi.csv,first_hit_checkpoint_time_sec,1,identity/string copy
results/difficult_instance_results.csv,R16,Gurobi,first_hit_checkpoint_rel_gap,results/source_summaries/3d/R16/Gurobi.csv,first_hit_checkpoint_rel_gap,1,identity/string copy
results/difficult_instance_results.csv,R16,Gurobi,first_hit_stop_time_sec,results/source_summaries/3d/R16/Gurobi.csv,first_hit_stop_time_sec,1,identity/string copy
results/difficult_instance_results.csv,R16,Gurobi,first_hit_stop_rel_gap,results/source_summaries/3d/R16/Gurobi.csv,first_hit_stop_rel_gap,1,identity/string copy
results/difficult_instance_results.csv,R16,RD-ALM,reported_lower_bound,results/source_summaries/3d/R16/RD_ALM.csv,p2_certified_global_lb,1,identity/string copy
results/difficult_instance_results.csv,R16,RD-ALM,reported_upper_bound,results/source_summaries/3d/R16/RD_ALM.csv,p2_certified_ub,1,identity/string copy
results/difficult_instance_results.csv,R16,RD-ALM,reported_absolute_gap,results/source_summaries/3d/R16/RD_ALM.csv,p2_certified_gap,1,identity/string copy
results/difficult_instance_results.csv,R16,RD-ALM,reported_relative_gap,results/source_summaries/3d/R16/RD_ALM.csv,p2_certified_rel_gap,1,identity/string copy
results/difficult_instance_results.csv,R16,RD-ALM,reported_gap_percent,results/source_summaries/3d/R16/RD_ALM.csv,p2_certified_rel_gap_percent,1,identity/string copy
results/difficult_instance_results.csv,R16,RD-ALM,runtime_sec,results/source_summaries/3d/R16/RD_ALM.csv,p2_certified_total_time_sec,1,identity/string copy
results/difficult_instance_results.csv,R16,RD-ALM,residual,results/source_summaries/3d/R16/RD_ALM.csv,p2_certified_residual,1,identity/string copy
results/difficult_instance_results.csv,R16,RD-ALM,stop_reason,results/source_summaries/3d/R16/RD_ALM.csv,stop_reason,1,identity/string copy
results/difficult_instance_results.csv,R16,SCP-ALM,reported_lower_bound,results/source_summaries/3d/R16/SCP_ALM.csv,global_lb,1,identity/string copy
results/difficult_instance_results.csv,R16,SCP-ALM,reported_upper_bound,results/source_summaries/3d/R16/SCP_ALM.csv,global_ub,1,identity/string copy
results/difficult_instance_results.csv,R16,SCP-ALM,reported_absolute_gap,results/source_summaries/3d/R16/SCP_ALM.csv,objective_cert_gap,1,identity/string copy
results/difficult_instance_results.csv,R16,SCP-ALM,reported_relative_gap,results/source_summaries/3d/R16/SCP_ALM.csv,cert_rel_gap,1,identity/string copy
results/difficult_instance_results.csv,R16,SCP-ALM,reported_gap_percent,results/source_summaries/3d/R16/SCP_ALM.csv,cert_rel_gap_percent,1,identity/string copy
results/difficult_instance_results.csv,R16,SCP-ALM,runtime_sec,results/source_summaries/3d/R16/SCP_ALM.csv,total_time_sec,1,identity/string copy
results/difficult_instance_results.csv,R16,SCP-ALM,residual,results/source_summaries/3d/R16/SCP_ALM.csv,returned_primal_residual,1,identity/string copy
results/difficult_instance_results.csv,R16,SCP-ALM,stop_reason,results/source_summaries/3d/R16/SCP_ALM.csv,stop_reason,1,identity/string copy
results/difficult_instance_results.csv,R16,SCP-ALM,first_hit_checkpoint_time_sec,results/source_summaries/3d/R16/SCP_ALM.csv,first_hit_checkpoint_time_sec,1,identity/string copy
results/difficult_instance_results.csv,R16,SCP-ALM,first_hit_checkpoint_rel_gap,results/source_summaries/3d/R16/SCP_ALM.csv,first_hit_checkpoint_rel_gap,1,identity/string copy
results/difficult_instance_results.csv,R16,SCP-ALM,first_hit_stop_time_sec,results/source_summaries/3d/R16/SCP_ALM.csv,first_hit_stop_time_sec,1,identity/string copy
results/difficult_instance_results.csv,R16,SCP-ALM,first_hit_stop_rel_gap,results/source_summaries/3d/R16/SCP_ALM.csv,first_hit_stop_rel_gap,1,identity/string copy
results/difficult_instance_results.csv,R16,SCP-LR,reported_lower_bound,results/source_summaries/3d/R16/SCP_LR.csv,global_lb,1,identity/string copy
results/difficult_instance_results.csv,R16,SCP-LR,reported_upper_bound,results/source_summaries/3d/R16/SCP_LR.csv,global_ub,1,identity/string copy
results/difficult_instance_results.csv,R16,SCP-LR,reported_absolute_gap,results/source_summaries/3d/R16/SCP_LR.csv,objective_cert_gap,1,identity/string copy
results/difficult_instance_results.csv,R16,SCP-LR,reported_relative_gap,results/source_summaries/3d/R16/SCP_LR.csv,cert_rel_gap,1,identity/string copy
results/difficult_instance_results.csv,R16,SCP-LR,reported_gap_percent,results/source_summaries/3d/R16/SCP_LR.csv,cert_rel_gap_percent,1,identity/string copy
results/difficult_instance_results.csv,R16,SCP-LR,runtime_sec,results/source_summaries/3d/R16/SCP_LR.csv,total_time_sec,1,identity/string copy
results/difficult_instance_results.csv,R16,SCP-LR,residual,results/source_summaries/3d/R16/SCP_LR.csv,returned_primal_residual,1,identity/string copy
results/difficult_instance_results.csv,R16,SCP-LR,stop_reason,results/source_summaries/3d/R16/SCP_LR.csv,stop_reason,1,identity/string copy
results/difficult_instance_results.csv,R16,SCP-LR,first_hit_checkpoint_time_sec,results/source_summaries/3d/R16/SCP_LR.csv,first_hit_checkpoint_time_sec,1,identity/string copy
results/difficult_instance_results.csv,R16,SCP-LR,first_hit_checkpoint_rel_gap,results/source_summaries/3d/R16/SCP_LR.csv,first_hit_checkpoint_rel_gap,1,identity/string copy
results/difficult_instance_results.csv,R16,SCP-LR,first_hit_stop_time_sec,results/source_summaries/3d/R16/SCP_LR.csv,first_hit_stop_time_sec,1,identity/string copy
results/difficult_instance_results.csv,R16,SCP-LR,first_hit_stop_rel_gap,results/source_summaries/3d/R16/SCP_LR.csv,first_hit_stop_rel_gap,1,identity/string copy
results/difficult_instance_results.csv,R17,Gurobi,reported_lower_bound,results/source_summaries/3d/R17/Gurobi.csv,best_bound,1,identity/string copy
results/difficult_instance_results.csv,R17,Gurobi,reported_upper_bound,results/source_summaries/3d/R17/Gurobi.csv,incumbent_obj,1,identity/string copy
results/difficult_instance_results.csv,R17,Gurobi,reported_relative_gap,results/source_summaries/3d/R17/Gurobi.csv,cert_rel_gap,1,identity/string copy
results/difficult_instance_results.csv,R17,Gurobi,reported_gap_percent,results/source_summaries/3d/R17/Gurobi.csv,cert_rel_gap_percent,1,identity/string copy
results/difficult_instance_results.csv,R17,Gurobi,runtime_sec,results/source_summaries/3d/R17/Gurobi.csv,runtime,1,identity/string copy
results/difficult_instance_results.csv,R17,Gurobi,residual,results/source_summaries/3d/R17/Gurobi.csv,residual_linf,1,identity/string copy
results/difficult_instance_results.csv,R17,Gurobi,stop_reason,results/source_summaries/3d/R17/Gurobi.csv,status,1,identity/string copy
results/difficult_instance_results.csv,R17,Gurobi,first_hit_checkpoint_time_sec,results/source_summaries/3d/R17/Gurobi.csv,first_hit_checkpoint_time_sec,1,identity/string copy
results/difficult_instance_results.csv,R17,Gurobi,first_hit_checkpoint_rel_gap,results/source_summaries/3d/R17/Gurobi.csv,first_hit_checkpoint_rel_gap,1,identity/string copy
results/difficult_instance_results.csv,R17,Gurobi,first_hit_stop_time_sec,results/source_summaries/3d/R17/Gurobi.csv,first_hit_stop_time_sec,1,identity/string copy
results/difficult_instance_results.csv,R17,Gurobi,first_hit_stop_rel_gap,results/source_summaries/3d/R17/Gurobi.csv,first_hit_stop_rel_gap,1,identity/string copy
results/difficult_instance_results.csv,R17,RD-ALM,reported_lower_bound,results/source_summaries/3d/R17/RD_ALM.csv,p2_certified_global_lb,1,identity/string copy
results/difficult_instance_results.csv,R17,RD-ALM,reported_upper_bound,results/source_summaries/3d/R17/RD_ALM.csv,p2_certified_ub,1,identity/string copy
results/difficult_instance_results.csv,R17,RD-ALM,reported_absolute_gap,results/source_summaries/3d/R17/RD_ALM.csv,p2_certified_gap,1,identity/string copy
results/difficult_instance_results.csv,R17,RD-ALM,reported_relative_gap,results/source_summaries/3d/R17/RD_ALM.csv,p2_certified_rel_gap,1,identity/string copy
results/difficult_instance_results.csv,R17,RD-ALM,reported_gap_percent,results/source_summaries/3d/R17/RD_ALM.csv,p2_certified_rel_gap_percent,1,identity/string copy
results/difficult_instance_results.csv,R17,RD-ALM,runtime_sec,results/source_summaries/3d/R17/RD_ALM.csv,p2_certified_total_time_sec,1,identity/string copy
results/difficult_instance_results.csv,R17,RD-ALM,residual,results/source_summaries/3d/R17/RD_ALM.csv,p2_certified_residual,1,identity/string copy
results/difficult_instance_results.csv,R17,RD-ALM,stop_reason,results/source_summaries/3d/R17/RD_ALM.csv,stop_reason,1,identity/string copy
results/difficult_instance_results.csv,R17,SCP-ALM,reported_lower_bound,results/source_summaries/3d/R17/SCP_ALM.csv,global_lb,1,identity/string copy
results/difficult_instance_results.csv,R17,SCP-ALM,reported_upper_bound,results/source_summaries/3d/R17/SCP_ALM.csv,global_ub,1,identity/string copy
results/difficult_instance_results.csv,R17,SCP-ALM,reported_absolute_gap,results/source_summaries/3d/R17/SCP_ALM.csv,objective_cert_gap,1,identity/string copy
results/difficult_instance_results.csv,R17,SCP-ALM,reported_relative_gap,results/source_summaries/3d/R17/SCP_ALM.csv,cert_rel_gap,1,identity/string copy
results/difficult_instance_results.csv,R17,SCP-ALM,reported_gap_percent,results/source_summaries/3d/R17/SCP_ALM.csv,cert_rel_gap_percent,1,identity/string copy
results/difficult_instance_results.csv,R17,SCP-ALM,runtime_sec,results/source_summaries/3d/R17/SCP_ALM.csv,total_time_sec,1,identity/string copy
results/difficult_instance_results.csv,R17,SCP-ALM,residual,results/source_summaries/3d/R17/SCP_ALM.csv,returned_primal_residual,1,identity/string copy
results/difficult_instance_results.csv,R17,SCP-ALM,stop_reason,results/source_summaries/3d/R17/SCP_ALM.csv,stop_reason,1,identity/string copy
results/difficult_instance_results.csv,R17,SCP-ALM,first_hit_checkpoint_time_sec,results/source_summaries/3d/R17/SCP_ALM.csv,first_hit_checkpoint_time_sec,1,identity/string copy
results/difficult_instance_results.csv,R17,SCP-ALM,first_hit_checkpoint_rel_gap,results/source_summaries/3d/R17/SCP_ALM.csv,first_hit_checkpoint_rel_gap,1,identity/string copy
results/difficult_instance_results.csv,R17,SCP-ALM,first_hit_stop_time_sec,results/source_summaries/3d/R17/SCP_ALM.csv,first_hit_stop_time_sec,1,identity/string copy
results/difficult_instance_results.csv,R17,SCP-ALM,first_hit_stop_rel_gap,results/source_summaries/3d/R17/SCP_ALM.csv,first_hit_stop_rel_gap,1,identity/string copy
results/difficult_instance_results.csv,R17,SCP-LR,reported_lower_bound,results/source_summaries/3d/R17/SCP_LR.csv,global_lb,1,identity/string copy
results/difficult_instance_results.csv,R17,SCP-LR,reported_upper_bound,results/source_summaries/3d/R17/SCP_LR.csv,global_ub,1,identity/string copy
results/difficult_instance_results.csv,R17,SCP-LR,reported_absolute_gap,results/source_summaries/3d/R17/SCP_LR.csv,objective_cert_gap,1,identity/string copy
results/difficult_instance_results.csv,R17,SCP-LR,reported_relative_gap,results/source_summaries/3d/R17/SCP_LR.csv,cert_rel_gap,1,identity/string copy
results/difficult_instance_results.csv,R17,SCP-LR,reported_gap_percent,results/source_summaries/3d/R17/SCP_LR.csv,cert_rel_gap_percent,1,identity/string copy
results/difficult_instance_results.csv,R17,SCP-LR,runtime_sec,results/source_summaries/3d/R17/SCP_LR.csv,total_time_sec,1,identity/string copy
results/difficult_instance_results.csv,R17,SCP-LR,residual,results/source_summaries/3d/R17/SCP_LR.csv,returned_primal_residual,1,identity/string copy
results/difficult_instance_results.csv,R17,SCP-LR,stop_reason,results/source_summaries/3d/R17/SCP_LR.csv,stop_reason,1,identity/string copy
results/difficult_instance_results.csv,R17,SCP-LR,first_hit_checkpoint_time_sec,results/source_summaries/3d/R17/SCP_LR.csv,first_hit_checkpoint_time_sec,1,identity/string copy
results/difficult_instance_results.csv,R17,SCP-LR,first_hit_checkpoint_rel_gap,results/source_summaries/3d/R17/SCP_LR.csv,first_hit_checkpoint_rel_gap,1,identity/string copy
results/difficult_instance_results.csv,R17,SCP-LR,first_hit_stop_time_sec,results/source_summaries/3d/R17/SCP_LR.csv,first_hit_stop_time_sec,1,identity/string copy
results/difficult_instance_results.csv,R17,SCP-LR,first_hit_stop_rel_gap,results/source_summaries/3d/R17/SCP_LR.csv,first_hit_stop_rel_gap,1,identity/string copy
results/difficult_instance_results.csv,R18,Gurobi,reported_lower_bound,results/source_summaries/3d/R18/Gurobi.csv,best_bound,1,identity/string copy
results/difficult_instance_results.csv,R18,Gurobi,reported_upper_bound,results/source_summaries/3d/R18/Gurobi.csv,incumbent_obj,1,identity/string copy
results/difficult_instance_results.csv,R18,Gurobi,reported_relative_gap,results/source_summaries/3d/R18/Gurobi.csv,cert_rel_gap,1,identity/string copy
results/difficult_instance_results.csv,R18,Gurobi,reported_gap_percent,results/source_summaries/3d/R18/Gurobi.csv,cert_rel_gap_percent,1,identity/string copy
results/difficult_instance_results.csv,R18,Gurobi,runtime_sec,results/source_summaries/3d/R18/Gurobi.csv,runtime,1,identity/string copy
results/difficult_instance_results.csv,R18,Gurobi,residual,results/source_summaries/3d/R18/Gurobi.csv,residual_linf,1,identity/string copy
results/difficult_instance_results.csv,R18,Gurobi,stop_reason,results/source_summaries/3d/R18/Gurobi.csv,status,1,identity/string copy
results/difficult_instance_results.csv,R18,Gurobi,first_hit_checkpoint_time_sec,results/source_summaries/3d/R18/Gurobi.csv,first_hit_checkpoint_time_sec,1,identity/string copy
results/difficult_instance_results.csv,R18,Gurobi,first_hit_checkpoint_rel_gap,results/source_summaries/3d/R18/Gurobi.csv,first_hit_checkpoint_rel_gap,1,identity/string copy
results/difficult_instance_results.csv,R18,Gurobi,first_hit_stop_time_sec,results/source_summaries/3d/R18/Gurobi.csv,first_hit_stop_time_sec,1,identity/string copy
results/difficult_instance_results.csv,R18,Gurobi,first_hit_stop_rel_gap,results/source_summaries/3d/R18/Gurobi.csv,first_hit_stop_rel_gap,1,identity/string copy
results/difficult_instance_results.csv,R18,RD-ALM,reported_lower_bound,results/source_summaries/3d/R18/RD_ALM.csv,p2_certified_global_lb,1,identity/string copy
results/difficult_instance_results.csv,R18,RD-ALM,reported_upper_bound,results/source_summaries/3d/R18/RD_ALM.csv,p2_certified_ub,1,identity/string copy
results/difficult_instance_results.csv,R18,RD-ALM,reported_absolute_gap,results/source_summaries/3d/R18/RD_ALM.csv,p2_certified_gap,1,identity/string copy
results/difficult_instance_results.csv,R18,RD-ALM,reported_relative_gap,results/source_summaries/3d/R18/RD_ALM.csv,p2_certified_rel_gap,1,identity/string copy
results/difficult_instance_results.csv,R18,RD-ALM,reported_gap_percent,results/source_summaries/3d/R18/RD_ALM.csv,p2_certified_rel_gap_percent,1,identity/string copy
results/difficult_instance_results.csv,R18,RD-ALM,runtime_sec,results/source_summaries/3d/R18/RD_ALM.csv,p2_certified_total_time_sec,1,identity/string copy
results/difficult_instance_results.csv,R18,RD-ALM,residual,results/source_summaries/3d/R18/RD_ALM.csv,p2_certified_residual,1,identity/string copy
results/difficult_instance_results.csv,R18,RD-ALM,stop_reason,results/source_summaries/3d/R18/RD_ALM.csv,stop_reason,1,identity/string copy
results/difficult_instance_results.csv,R18,SCP-ALM,reported_lower_bound,results/source_summaries/3d/R18/SCP_ALM.csv,global_lb,1,identity/string copy
results/difficult_instance_results.csv,R18,SCP-ALM,reported_upper_bound,results/source_summaries/3d/R18/SCP_ALM.csv,global_ub,1,identity/string copy
results/difficult_instance_results.csv,R18,SCP-ALM,reported_absolute_gap,results/source_summaries/3d/R18/SCP_ALM.csv,objective_cert_gap,1,identity/string copy
results/difficult_instance_results.csv,R18,SCP-ALM,reported_relative_gap,results/source_summaries/3d/R18/SCP_ALM.csv,cert_rel_gap,1,identity/string copy
results/difficult_instance_results.csv,R18,SCP-ALM,reported_gap_percent,results/source_summaries/3d/R18/SCP_ALM.csv,cert_rel_gap_percent,1,identity/string copy
results/difficult_instance_results.csv,R18,SCP-ALM,runtime_sec,results/source_summaries/3d/R18/SCP_ALM.csv,total_time_sec,1,identity/string copy
results/difficult_instance_results.csv,R18,SCP-ALM,residual,results/source_summaries/3d/R18/SCP_ALM.csv,returned_primal_residual,1,identity/string copy
results/difficult_instance_results.csv,R18,SCP-ALM,stop_reason,results/source_summaries/3d/R18/SCP_ALM.csv,stop_reason,1,identity/string copy
results/difficult_instance_results.csv,R18,SCP-ALM,first_hit_checkpoint_time_sec,results/source_summaries/3d/R18/SCP_ALM.csv,first_hit_checkpoint_time_sec,1,identity/string copy
results/difficult_instance_results.csv,R18,SCP-ALM,first_hit_checkpoint_rel_gap,results/source_summaries/3d/R18/SCP_ALM.csv,first_hit_checkpoint_rel_gap,1,identity/string copy
results/difficult_instance_results.csv,R18,SCP-ALM,first_hit_stop_time_sec,results/source_summaries/3d/R18/SCP_ALM.csv,first_hit_stop_time_sec,1,identity/string copy
results/difficult_instance_results.csv,R18,SCP-ALM,first_hit_stop_rel_gap,results/source_summaries/3d/R18/SCP_ALM.csv,first_hit_stop_rel_gap,1,identity/string copy
results/difficult_instance_results.csv,R18,SCP-LR,reported_lower_bound,results/source_summaries/3d/R18/SCP_LR.csv,global_lb,1,identity/string copy
results/difficult_instance_results.csv,R18,SCP-LR,reported_upper_bound,results/source_summaries/3d/R18/SCP_LR.csv,global_ub,1,identity/string copy
results/difficult_instance_results.csv,R18,SCP-LR,reported_absolute_gap,results/source_summaries/3d/R18/SCP_LR.csv,objective_cert_gap,1,identity/string copy
results/difficult_instance_results.csv,R18,SCP-LR,reported_relative_gap,results/source_summaries/3d/R18/SCP_LR.csv,cert_rel_gap,1,identity/string copy
results/difficult_instance_results.csv,R18,SCP-LR,reported_gap_percent,results/source_summaries/3d/R18/SCP_LR.csv,cert_rel_gap_percent,1,identity/string copy
results/difficult_instance_results.csv,R18,SCP-LR,runtime_sec,results/source_summaries/3d/R18/SCP_LR.csv,total_time_sec,1,identity/string copy
results/difficult_instance_results.csv,R18,SCP-LR,residual,results/source_summaries/3d/R18/SCP_LR.csv,returned_primal_residual,1,identity/string copy
results/difficult_instance_results.csv,R18,SCP-LR,stop_reason,results/source_summaries/3d/R18/SCP_LR.csv,stop_reason,1,identity/string copy
results/difficult_instance_results.csv,R18,SCP-LR,first_hit_checkpoint_time_sec,results/source_summaries/3d/R18/SCP_LR.csv,first_hit_checkpoint_time_sec,1,identity/string copy
results/difficult_instance_results.csv,R18,SCP-LR,first_hit_checkpoint_rel_gap,results/source_summaries/3d/R18/SCP_LR.csv,first_hit_checkpoint_rel_gap,1,identity/string copy
results/difficult_instance_results.csv,R18,SCP-LR,first_hit_stop_time_sec,results/source_summaries/3d/R18/SCP_LR.csv,first_hit_stop_time_sec,1,identity/string copy
results/difficult_instance_results.csv,R18,SCP-LR,first_hit_stop_rel_gap,results/source_summaries/3d/R18/SCP_LR.csv,first_hit_stop_rel_gap,1,identity/string copy
results/difficult_instance_results.csv,R19,Gurobi,reported_lower_bound,results/source_summaries/3d/R19/Gurobi.csv,best_bound,1,identity/string copy
results/difficult_instance_results.csv,R19,Gurobi,reported_upper_bound,results/source_summaries/3d/R19/Gurobi.csv,incumbent_obj,1,identity/string copy
results/difficult_instance_results.csv,R19,Gurobi,reported_relative_gap,results/source_summaries/3d/R19/Gurobi.csv,cert_rel_gap,1,identity/string copy
results/difficult_instance_results.csv,R19,Gurobi,reported_gap_percent,results/source_summaries/3d/R19/Gurobi.csv,cert_rel_gap_percent,1,identity/string copy
results/difficult_instance_results.csv,R19,Gurobi,runtime_sec,results/source_summaries/3d/R19/Gurobi.csv,runtime,1,identity/string copy
results/difficult_instance_results.csv,R19,Gurobi,residual,results/source_summaries/3d/R19/Gurobi.csv,residual_linf,1,identity/string copy
results/difficult_instance_results.csv,R19,Gurobi,stop_reason,results/source_summaries/3d/R19/Gurobi.csv,status,1,identity/string copy
results/difficult_instance_results.csv,R19,Gurobi,first_hit_checkpoint_time_sec,results/source_summaries/3d/R19/Gurobi.csv,first_hit_checkpoint_time_sec,1,identity/string copy
results/difficult_instance_results.csv,R19,Gurobi,first_hit_checkpoint_rel_gap,results/source_summaries/3d/R19/Gurobi.csv,first_hit_checkpoint_rel_gap,1,identity/string copy
results/difficult_instance_results.csv,R19,Gurobi,first_hit_stop_time_sec,results/source_summaries/3d/R19/Gurobi.csv,first_hit_stop_time_sec,1,identity/string copy
results/difficult_instance_results.csv,R19,Gurobi,first_hit_stop_rel_gap,results/source_summaries/3d/R19/Gurobi.csv,first_hit_stop_rel_gap,1,identity/string copy
results/difficult_instance_results.csv,R19,RD-ALM,reported_lower_bound,results/source_summaries/3d/R19/RD_ALM.csv,p2_certified_global_lb,1,identity/string copy
results/difficult_instance_results.csv,R19,RD-ALM,reported_upper_bound,results/source_summaries/3d/R19/RD_ALM.csv,p2_certified_ub,1,identity/string copy
results/difficult_instance_results.csv,R19,RD-ALM,reported_absolute_gap,results/source_summaries/3d/R19/RD_ALM.csv,p2_certified_gap,1,identity/string copy
results/difficult_instance_results.csv,R19,RD-ALM,reported_relative_gap,results/source_summaries/3d/R19/RD_ALM.csv,p2_certified_rel_gap,1,identity/string copy
results/difficult_instance_results.csv,R19,RD-ALM,reported_gap_percent,results/source_summaries/3d/R19/RD_ALM.csv,p2_certified_rel_gap_percent,1,identity/string copy
results/difficult_instance_results.csv,R19,RD-ALM,runtime_sec,results/source_summaries/3d/R19/RD_ALM.csv,p2_certified_total_time_sec,1,identity/string copy
results/difficult_instance_results.csv,R19,RD-ALM,residual,results/source_summaries/3d/R19/RD_ALM.csv,p2_certified_residual,1,identity/string copy
results/difficult_instance_results.csv,R19,RD-ALM,stop_reason,results/source_summaries/3d/R19/RD_ALM.csv,stop_reason,1,identity/string copy
results/difficult_instance_results.csv,R19,SCP-ALM,reported_lower_bound,results/source_summaries/3d/R19/SCP_ALM.csv,global_lb,1,identity/string copy
results/difficult_instance_results.csv,R19,SCP-ALM,reported_upper_bound,results/source_summaries/3d/R19/SCP_ALM.csv,global_ub,1,identity/string copy
results/difficult_instance_results.csv,R19,SCP-ALM,reported_absolute_gap,results/source_summaries/3d/R19/SCP_ALM.csv,objective_cert_gap,1,identity/string copy
results/difficult_instance_results.csv,R19,SCP-ALM,reported_relative_gap,results/source_summaries/3d/R19/SCP_ALM.csv,cert_rel_gap,1,identity/string copy
results/difficult_instance_results.csv,R19,SCP-ALM,reported_gap_percent,results/source_summaries/3d/R19/SCP_ALM.csv,cert_rel_gap_percent,1,identity/string copy
results/difficult_instance_results.csv,R19,SCP-ALM,runtime_sec,results/source_summaries/3d/R19/SCP_ALM.csv,total_time_sec,1,identity/string copy
results/difficult_instance_results.csv,R19,SCP-ALM,residual,results/source_summaries/3d/R19/SCP_ALM.csv,returned_primal_residual,1,identity/string copy
results/difficult_instance_results.csv,R19,SCP-ALM,stop_reason,results/source_summaries/3d/R19/SCP_ALM.csv,stop_reason,1,identity/string copy
results/difficult_instance_results.csv,R19,SCP-ALM,first_hit_checkpoint_time_sec,results/source_summaries/3d/R19/SCP_ALM.csv,first_hit_checkpoint_time_sec,1,identity/string copy
results/difficult_instance_results.csv,R19,SCP-ALM,first_hit_checkpoint_rel_gap,results/source_summaries/3d/R19/SCP_ALM.csv,first_hit_checkpoint_rel_gap,1,identity/string copy
results/difficult_instance_results.csv,R19,SCP-ALM,first_hit_stop_time_sec,results/source_summaries/3d/R19/SCP_ALM.csv,first_hit_stop_time_sec,1,identity/string copy
results/difficult_instance_results.csv,R19,SCP-ALM,first_hit_stop_rel_gap,results/source_summaries/3d/R19/SCP_ALM.csv,first_hit_stop_rel_gap,1,identity/string copy
results/difficult_instance_results.csv,R19,SCP-LR,reported_lower_bound,results/source_summaries/3d/R19/SCP_LR.csv,global_lb,1,identity/string copy
results/difficult_instance_results.csv,R19,SCP-LR,reported_upper_bound,results/source_summaries/3d/R19/SCP_LR.csv,global_ub,1,identity/string copy
results/difficult_instance_results.csv,R19,SCP-LR,reported_absolute_gap,results/source_summaries/3d/R19/SCP_LR.csv,objective_cert_gap,1,identity/string copy
results/difficult_instance_results.csv,R19,SCP-LR,reported_relative_gap,results/source_summaries/3d/R19/SCP_LR.csv,cert_rel_gap,1,identity/string copy
results/difficult_instance_results.csv,R19,SCP-LR,reported_gap_percent,results/source_summaries/3d/R19/SCP_LR.csv,cert_rel_gap_percent,1,identity/string copy
results/difficult_instance_results.csv,R19,SCP-LR,runtime_sec,results/source_summaries/3d/R19/SCP_LR.csv,total_time_sec,1,identity/string copy
results/difficult_instance_results.csv,R19,SCP-LR,residual,results/source_summaries/3d/R19/SCP_LR.csv,returned_primal_residual,1,identity/string copy
results/difficult_instance_results.csv,R19,SCP-LR,stop_reason,results/source_summaries/3d/R19/SCP_LR.csv,stop_reason,1,identity/string copy
results/difficult_instance_results.csv,R19,SCP-LR,first_hit_checkpoint_time_sec,results/source_summaries/3d/R19/SCP_LR.csv,first_hit_checkpoint_time_sec,1,identity/string copy
results/difficult_instance_results.csv,R19,SCP-LR,first_hit_checkpoint_rel_gap,results/source_summaries/3d/R19/SCP_LR.csv,first_hit_checkpoint_rel_gap,1,identity/string copy
results/difficult_instance_results.csv,R19,SCP-LR,first_hit_stop_time_sec,results/source_summaries/3d/R19/SCP_LR.csv,first_hit_stop_time_sec,1,identity/string copy
results/difficult_instance_results.csv,R19,SCP-LR,first_hit_stop_rel_gap,results/source_summaries/3d/R19/SCP_LR.csv,first_hit_stop_rel_gap,1,identity/string copy
results/difficult_instance_results.csv,R20,Gurobi,reported_lower_bound,results/source_summaries/3d/R20/Gurobi.csv,best_bound,1,identity/string copy
results/difficult_instance_results.csv,R20,Gurobi,reported_upper_bound,results/source_summaries/3d/R20/Gurobi.csv,incumbent_obj,1,identity/string copy
results/difficult_instance_results.csv,R20,Gurobi,reported_relative_gap,results/source_summaries/3d/R20/Gurobi.csv,cert_rel_gap,1,identity/string copy
results/difficult_instance_results.csv,R20,Gurobi,reported_gap_percent,results/source_summaries/3d/R20/Gurobi.csv,cert_rel_gap_percent,1,identity/string copy
results/difficult_instance_results.csv,R20,Gurobi,runtime_sec,results/source_summaries/3d/R20/Gurobi.csv,runtime,1,identity/string copy
results/difficult_instance_results.csv,R20,Gurobi,residual,results/source_summaries/3d/R20/Gurobi.csv,residual_linf,1,identity/string copy
results/difficult_instance_results.csv,R20,Gurobi,stop_reason,results/source_summaries/3d/R20/Gurobi.csv,status,1,identity/string copy
results/difficult_instance_results.csv,R20,Gurobi,first_hit_checkpoint_time_sec,results/source_summaries/3d/R20/Gurobi.csv,first_hit_checkpoint_time_sec,1,identity/string copy
results/difficult_instance_results.csv,R20,Gurobi,first_hit_checkpoint_rel_gap,results/source_summaries/3d/R20/Gurobi.csv,first_hit_checkpoint_rel_gap,1,identity/string copy
results/difficult_instance_results.csv,R20,Gurobi,first_hit_stop_time_sec,results/source_summaries/3d/R20/Gurobi.csv,first_hit_stop_time_sec,1,identity/string copy
results/difficult_instance_results.csv,R20,Gurobi,first_hit_stop_rel_gap,results/source_summaries/3d/R20/Gurobi.csv,first_hit_stop_rel_gap,1,identity/string copy
results/difficult_instance_results.csv,R20,RD-ALM,reported_lower_bound,results/source_summaries/3d/R20/RD_ALM.csv,p2_certified_global_lb,1,identity/string copy
results/difficult_instance_results.csv,R20,RD-ALM,reported_upper_bound,results/source_summaries/3d/R20/RD_ALM.csv,p2_certified_ub,1,identity/string copy
results/difficult_instance_results.csv,R20,RD-ALM,reported_absolute_gap,results/source_summaries/3d/R20/RD_ALM.csv,p2_certified_gap,1,identity/string copy
results/difficult_instance_results.csv,R20,RD-ALM,reported_relative_gap,results/source_summaries/3d/R20/RD_ALM.csv,p2_certified_rel_gap,1,identity/string copy
results/difficult_instance_results.csv,R20,RD-ALM,reported_gap_percent,results/source_summaries/3d/R20/RD_ALM.csv,p2_certified_rel_gap_percent,1,identity/string copy
results/difficult_instance_results.csv,R20,RD-ALM,runtime_sec,results/source_summaries/3d/R20/RD_ALM.csv,p2_certified_total_time_sec,1,identity/string copy
results/difficult_instance_results.csv,R20,RD-ALM,residual,results/source_summaries/3d/R20/RD_ALM.csv,p2_certified_residual,1,identity/string copy
results/difficult_instance_results.csv,R20,RD-ALM,stop_reason,results/source_summaries/3d/R20/RD_ALM.csv,stop_reason,1,identity/string copy
results/difficult_instance_results.csv,R20,SCP-ALM,reported_lower_bound,results/source_summaries/3d/R20/SCP_ALM.csv,global_lb,1,identity/string copy
results/difficult_instance_results.csv,R20,SCP-ALM,reported_upper_bound,results/source_summaries/3d/R20/SCP_ALM.csv,global_ub,1,identity/string copy
results/difficult_instance_results.csv,R20,SCP-ALM,reported_absolute_gap,results/source_summaries/3d/R20/SCP_ALM.csv,objective_cert_gap,1,identity/string copy
results/difficult_instance_results.csv,R20,SCP-ALM,reported_relative_gap,results/source_summaries/3d/R20/SCP_ALM.csv,cert_rel_gap,1,identity/string copy
results/difficult_instance_results.csv,R20,SCP-ALM,reported_gap_percent,results/source_summaries/3d/R20/SCP_ALM.csv,cert_rel_gap_percent,1,identity/string copy
results/difficult_instance_results.csv,R20,SCP-ALM,runtime_sec,results/source_summaries/3d/R20/SCP_ALM.csv,total_time_sec,1,identity/string copy
results/difficult_instance_results.csv,R20,SCP-ALM,residual,results/source_summaries/3d/R20/SCP_ALM.csv,returned_primal_residual,1,identity/string copy
results/difficult_instance_results.csv,R20,SCP-ALM,stop_reason,results/source_summaries/3d/R20/SCP_ALM.csv,stop_reason,1,identity/string copy
results/difficult_instance_results.csv,R20,SCP-ALM,first_hit_checkpoint_time_sec,results/source_summaries/3d/R20/SCP_ALM.csv,first_hit_checkpoint_time_sec,1,identity/string copy
results/difficult_instance_results.csv,R20,SCP-ALM,first_hit_checkpoint_rel_gap,results/source_summaries/3d/R20/SCP_ALM.csv,first_hit_checkpoint_rel_gap,1,identity/string copy
results/difficult_instance_results.csv,R20,SCP-ALM,first_hit_stop_time_sec,results/source_summaries/3d/R20/SCP_ALM.csv,first_hit_stop_time_sec,1,identity/string copy
results/difficult_instance_results.csv,R20,SCP-ALM,first_hit_stop_rel_gap,results/source_summaries/3d/R20/SCP_ALM.csv,first_hit_stop_rel_gap,1,identity/string copy
results/difficult_instance_results.csv,R20,SCP-LR,reported_lower_bound,results/source_summaries/3d/R20/SCP_LR.csv,global_lb,1,identity/string copy
results/difficult_instance_results.csv,R20,SCP-LR,reported_upper_bound,results/source_summaries/3d/R20/SCP_LR.csv,global_ub,1,identity/string copy
results/difficult_instance_results.csv,R20,SCP-LR,reported_absolute_gap,results/source_summaries/3d/R20/SCP_LR.csv,objective_cert_gap,1,identity/string copy
results/difficult_instance_results.csv,R20,SCP-LR,reported_relative_gap,results/source_summaries/3d/R20/SCP_LR.csv,cert_rel_gap,1,identity/string copy
results/difficult_instance_results.csv,R20,SCP-LR,reported_gap_percent,results/source_summaries/3d/R20/SCP_LR.csv,cert_rel_gap_percent,1,identity/string copy
results/difficult_instance_results.csv,R20,SCP-LR,runtime_sec,results/source_summaries/3d/R20/SCP_LR.csv,total_time_sec,1,identity/string copy
results/difficult_instance_results.csv,R20,SCP-LR,residual,results/source_summaries/3d/R20/SCP_LR.csv,returned_primal_residual,1,identity/string copy
results/difficult_instance_results.csv,R20,SCP-LR,stop_reason,results/source_summaries/3d/R20/SCP_LR.csv,stop_reason,1,identity/string copy
results/difficult_instance_results.csv,R20,SCP-LR,first_hit_checkpoint_time_sec,results/source_summaries/3d/R20/SCP_LR.csv,first_hit_checkpoint_time_sec,1,identity/string copy
results/difficult_instance_results.csv,R20,SCP-LR,first_hit_checkpoint_rel_gap,results/source_summaries/3d/R20/SCP_LR.csv,first_hit_checkpoint_rel_gap,1,identity/string copy
results/difficult_instance_results.csv,R20,SCP-LR,first_hit_stop_time_sec,results/source_summaries/3d/R20/SCP_LR.csv,first_hit_stop_time_sec,1,identity/string copy
results/difficult_instance_results.csv,R20,SCP-LR,first_hit_stop_rel_gap,results/source_summaries/3d/R20/SCP_LR.csv,first_hit_stop_rel_gap,1,identity/string copy
