source_file,source_sha256,allowed_changes,match
仿真文件(1).zip!/仿真文件/仿真.zip!/仿真/DZ3_A0_Hunter_F1to10_C40_Final20_P1_1800s/stage1_60s/family_008/candidate_039_seed_813017037/config.json,753ea4b96f4173372b3fb2da4ecbb848bebcbafead14baeb3fa633d62c553c78,args.out_dir only,PASS
仿真文件(1).zip!/仿真文件/仿真.zip!/仿真/DZ3_A0_Hunter_F1to10_C40_Final20_P1_1800s/stage1_60s/family_008/candidate_009_seed_1373808879/config.json,ef66d2a45dcce38d663b1c067cb0039d866d6ee277c8d3378c24fe8ea4959f3e,args.out_dir only,PASS
仿真文件(1).zip!/仿真文件/仿真.zip!/仿真/DZ3_A0_Hunter_F1to10_C40_Final20_P1_1800s/stage1_60s/family_001/candidate_024_seed_1155653964/config.json,ea8da8d1400297e0fc70cda98179f90b0f0747141bee3bd275afb74e66fdb8e1,args.out_dir only,PASS
仿真文件(1).zip!/仿真文件/仿真.zip!/仿真/DZ3_A0_Hunter_F1to10_C40_Final20_P1_1800s/stage1_60s/family_005/candidate_008_seed_613753789/config.json,efcfbdf95b0ca9b3f713f7e6ca58f10fab3ca04fa9f688d39d9bdf41c0b0115c,args.out_dir only,PASS
仿真文件(1).zip!/仿真文件/仿真.zip!/仿真/DZ3_A0_Hunter_F1to10_C40_Final20_P1_1800s/stage1_60s/family_006/candidate_037_seed_1177541701/config.json,0b512d425b07f4182708ad9c99f59ffa1cf0b7f13bdbb17ff78a2043f85c6909,args.out_dir only,PASS
仿真文件(1).zip!/仿真文件/仿真.zip!/仿真/DZ3_A0_Hunter_F1to10_C40_Final20_P1_1800s/stage1_60s/family_006/candidate_030_seed_1775975473/config.json,5b961341be5041b4c5d062c79b0b9f80b7716a2142bdcd7c50952778ddc89b9d,args.out_dir only,PASS
仿真文件(1).zip!/仿真文件/仿真.zip!/仿真/DZ3_A0_Hunter_F1to10_C40_Final20_P1_1800s/stage1_60s/family_002/candidate_018_seed_590492220/config.json,42eaa79a60be1d19b8caf3134ecfadc04ed749cb1b7e6a65d2cdf0afd9b82324,args.out_dir only,PASS
仿真文件(1).zip!/仿真文件/仿真.zip!/仿真/DZ3_A0_Hunter_F1to10_C40_Final20_P1_1800s/stage1_60s/family_003/candidate_033_seed_1688352591/config.json,fb39a2aee18b21668324b50ba5305de4ac6fc425a9d72f6d4adb470db831b610,args.out_dir only,PASS
仿真文件(1).zip!/仿真文件/仿真.zip!/仿真/DZ3_A0_Hunter_F1to10_C40_Final20_P1_1800s/stage1_60s/family_005/candidate_022_seed_1400951998/config.json,c36ceab2d52123f271c948c17587ad6f68b53b868af6502a20a77fe404659043,args.out_dir only,PASS
仿真文件(1).zip!/仿真文件/仿真.zip!/仿真/DZ3_A0_Hunter_F1to10_C40_Final20_P1_1800s/stage1_60s/family_007/candidate_019_seed_255728784/config.json,ad0e964ca814b5c12649b7cf7740a3b3c46f83c6a76fe41c0a914c1235de03d9,args.out_dir only,PASS
仿真文件(1).zip!/仿真文件/仿真.zip!/仿真/DZ3_A0_Hunter_F1to10_C40_Final20_P1_1800s/stage1_60s/family_007/candidate_015_seed_1073283950/config.json,85bd3840cfecb2a826bb49e63e72f9ac52456b20d56275701239f390e96b97d5,args.out_dir only,PASS
仿真文件(1).zip!/仿真文件/仿真.zip!/仿真/DZ3_A0_Hunter_F1to10_C40_Final20_P1_1800s/stage1_60s/family_003/candidate_016_seed_343036706/config.json,cf9d2a0c08169dd4fcbcc8aa3c4047fd81f630f06d7548e30ead95e92391f9c0,args.out_dir only,PASS
仿真文件(1).zip!/仿真文件/仿真.zip!/仿真/DZ3_A0_Hunter_F1to10_C40_Final20_P1_1800s/stage1_60s/family_004/candidate_025_seed_1927500810/config.json,6cb7fe817f97e31684ce71858d6d9dc62c05405279147937cbd5e38300b646dc,args.out_dir only,PASS
仿真文件(1).zip!/仿真文件/仿真.zip!/仿真/DZ3_A0_Hunter_F1to10_C40_Final20_P1_1800s/stage1_60s/family_008/candidate_008_seed_1693395944/config.json,4621bc111327bfca9c3ac180941061db3631482360c22ce8383208440e887f27,args.out_dir only,PASS
仿真文件(1).zip!/仿真文件/仿真.zip!/仿真/DZ3_A0_Hunter_F1to10_C40_Final20_P1_1800s/stage1_60s/family_001/candidate_034_seed_287852352/config.json,600bbdf6e4fe4cab3442792122a2df18c46ad169c8c161c87647435012787b07,args.out_dir only,PASS
仿真文件(1).zip!/仿真文件/仿真.zip!/仿真/DZ3_A0_Hunter_F1to10_C40_Final20_P1_1800s/stage1_60s/family_006/candidate_004_seed_737168579/config.json,6d5387d9e82402a8af9dc7ca1fd6e5439c5574d749d6a9a4082a05d220f4e254,args.out_dir only,PASS
仿真文件(1).zip!/仿真文件/仿真.zip!/仿真/DZ3_A0_Hunter_F1to10_C40_Final20_P1_1800s/stage1_60s/family_003/candidate_015_seed_568628368/config.json,5be9397ccc97f61da9e235fbac53cb8cdeaf863d0cc43154eebeedc857bd7af2,args.out_dir only,PASS
仿真文件(1).zip!/仿真文件/仿真.zip!/仿真/DZ3_A0_Hunter_F1to10_C40_Final20_P1_1800s/stage1_60s/family_006/candidate_022_seed_111087679/config.json,f5ceb4edcc83decdbc07f3afdc8c56cdca265a018d3900f0d403ae8497b8324c,args.out_dir only,PASS
仿真文件(1).zip!/仿真文件/仿真.zip!/仿真/DZ3_A0_Hunter_F1to10_C40_Final20_P1_1800s/stage1_60s/family_009/candidate_024_seed_139917572/config.json,89166ae3d9924da25f27634b4248d12c99a467621d767d8777ee632dc9c74261,args.out_dir only,PASS
仿真文件(1).zip!/仿真文件/仿真.zip!/仿真/DZ3_A0_Hunter_F1to10_C40_Final20_P1_1800s/stage1_60s/family_008/candidate_035_seed_956872797/config.json,1541d6e857e4d89804c141fc02967433643db4131d14e1abfd0bf6366140f08a,args.out_dir only,PASS
仿真文件(1).zip!/仿真文件/仿真.zip!/仿真/DZ3_A0_Hunter_F1to10_C40_Final20_P1_1800s/stage1_60s/family_001/candidate_029_seed_266112162/config.json,9001efcb30b0fad9eb4c22ef057d0691be3dcdef129a5ec28421f47e94db5860,args.out_dir only,PASS
仿真文件(1).zip!/仿真文件/仿真.zip!/仿真/DZ3_A0_Hunter_F1to10_C40_Final20_P1_1800s/stage1_60s/family_010/candidate_012_seed_291885126/config.json,8487c54ea5ca809bb869db1fcabc6915dedf8235cc5d5e7028bb9d55aa8c98f4,args.out_dir only,PASS
仿真文件(1).zip!/仿真文件/仿真.zip!/仿真/DZ3_A0_Hunter_F1to10_C40_Final20_P1_1800s/stage1_60s/family_003/candidate_028_seed_1260140335/config.json,7273ca88cc8721a0edce317290d3330c1777efb1185b5508bcc08bbe02ed3be0,args.out_dir only,PASS
仿真文件(1).zip!/仿真文件/仿真.zip!/仿真/DZ3_A0_Hunter_F1to10_C40_Final20_P1_1800s/stage1_60s/family_008/candidate_005_seed_378027506/config.json,f89b854b0406a5034682cd36f82794d5fa09fe39ed4f31a2109dd4b98f25e232,args.out_dir only,PASS
仿真文件(1).zip!/仿真文件/仿真.zip!/仿真/DZ3_A0_Hunter_F1to10_C40_Final20_P1_1800s/stage1_60s/family_005/candidate_028_seed_2092048919/config.json,0a3aa194d9bc5cf44185325644d4e055194a2afd6f59a66e34541cc6f0488197,args.out_dir only,PASS
仿真文件(1).zip!/仿真文件/仿真.zip!/仿真/DZ3_A0_Hunter_F1to10_C40_Final20_P1_1800s/stage1_60s/family_006/candidate_039_seed_1606396927/config.json,3a1fd1a31633a1129b4723207a5da35aa7c6e5eb94468ebfac2c66adcc3888ea,args.out_dir only,PASS
仿真文件(1).zip!/仿真文件/仿真.zip!/仿真/DZ3_A0_Hunter_F1to10_C40_Final20_P1_1800s/stage1_60s/family_010/candidate_016_seed_1807639472/config.json,c468b79c7523e0b4783e90a89a5c995b46529bf04daf68c80a20f4ec826510ed,args.out_dir only,PASS
仿真文件(1).zip!/仿真文件/仿真.zip!/仿真/DZ3_A0_Hunter_F1to10_C40_Final20_P1_1800s/stage1_60s/family_006/candidate_038_seed_1825072544/config.json,292c2caaf145653144ed99d60dd38f80981238e38dd7680276e65536099b1dea,args.out_dir only,PASS
仿真文件(1).zip!/仿真文件/仿真.zip!/仿真/DZ3_A0_Hunter_F1to10_C40_Final20_P1_1800s/stage1_60s/family_006/candidate_036_seed_445472431/config.json,acc219518dc7b95bab07243dedbb1a331155fc560f5d1772bdca2828c27419a1,args.out_dir only,PASS
仿真文件(1).zip!/仿真文件/仿真.zip!/仿真/DZ3_A0_Hunter_F1to10_C40_Final20_P1_1800s/stage1_60s/family_005/candidate_037_seed_1429937342/config.json,58205877b444e98607abc4b56947af086286ec745470fa9bf51274b4f97c7cf3,args.out_dir only,PASS
仿真文件(1).zip!/仿真文件/仿真.zip!/仿真/DZ3_A0_Hunter_F1to10_C40_Final20_P1_1800s/stage1_60s/family_010/candidate_021_seed_505385130/config.json,1fb95da92435b750020d5d12ffd82efaf835163bcb88db12721c7dd4b2b94444,args.out_dir only,PASS
仿真文件(1).zip!/仿真文件/仿真.zip!/仿真/DZ3_A0_Hunter_F1to10_C40_Final20_P1_1800s/stage1_60s/family_003/candidate_001_seed_1742692731/config.json,308c4c5c2a3b6ad8b73cb6e56e9720a0dffc5a402f58aa4120b0cf5f12913dbe,args.out_dir only,PASS
仿真文件(1).zip!/仿真文件/仿真.zip!/仿真/DZ3_A0_Hunter_F1to10_C40_Final20_P1_1800s/stage1_60s/family_005/candidate_036_seed_1058758870/config.json,e90a7cb1049cfee86189810cf83923ff05266dbd80a0ae0a8b5fdbf64063d6ee,args.out_dir only,PASS
仿真文件(1).zip!/仿真文件/仿真.zip!/仿真/DZ3_A0_Hunter_F1to10_C40_Final20_P1_1800s/stage1_60s/family_003/candidate_037_seed_1396642889/config.json,183a0216e9ad36bf149a265c35ff332cc101536008d50a00844a92046edaf513,args.out_dir only,PASS
仿真文件(1).zip!/仿真文件/仿真.zip!/仿真/DZ3_A0_Hunter_F1to10_C40_Final20_P1_1800s/stage1_60s/family_002/candidate_013_seed_2132147591/config.json,a71d36a1c127befd0b578e1739edd0a8c5027a844d13e1982f000fc14ba0799b,args.out_dir only,PASS
仿真文件(1).zip!/仿真文件/仿真.zip!/仿真/DZ3_A0_Hunter_F1to10_C40_Final20_P1_1800s/stage1_60s/family_008/candidate_023_seed_1822985620/config.json,e71248afcc68778d686bd3f6017f45849458a76edc8481ebf38091984d7257ce,args.out_dir only,PASS
仿真文件(1).zip!/仿真文件/仿真.zip!/仿真/DZ3_A0_Hunter_F1to10_C40_Final20_P1_1800s/stage1_60s/family_001/candidate_018_seed_1180243456/config.json,44a651c91d2bfa50dd6d62b297d99963116e455c72b03e973f11c79e66b297c1,args.out_dir only,PASS
仿真文件(1).zip!/仿真文件/仿真.zip!/仿真/DZ3_A0_Hunter_F1to10_C40_Final20_P1_1800s/stage1_60s/family_001/candidate_039_seed_1078591221/config.json,6ec13db597926014cd290efa6082db6a63fb6d69478b10872d6ebddba3cd99e8,args.out_dir only,PASS
仿真文件(1).zip!/仿真文件/仿真.zip!/仿真/DZ3_A0_Hunter_F1to10_C40_Final20_P1_1800s/stage1_60s/family_003/candidate_022_seed_840156141/config.json,912b950444bd5435b76801b12f05e2a4082bd967443da1690ec6b7b18744ef68,args.out_dir only,PASS
仿真文件(1).zip!/仿真文件/仿真.zip!/仿真/DZ3_A0_Hunter_F1to10_C40_Final20_P1_1800s/stage1_60s/family_009/candidate_026_seed_12081851/config.json,cfbf777c36077fa40942a044802df3bd252091d68c2442519d54312ab16afd39,args.out_dir only,PASS
仿真文件(1).zip!/仿真文件/仿真.zip!/仿真/DZ3_A0_Hunter_F1to10_C40_Final20_P1_1800s/stage1_60s/family_008/candidate_036_seed_1268954210/config.json,c22442005be0ece7486c33b6a25bdbf60683e78b22ae306bc67e57ce68d02c0b,args.out_dir only,PASS
仿真文件(1).zip!/仿真文件/仿真.zip!/仿真/DZ3_A0_Hunter_F1to10_C40_Final20_P1_1800s/stage1_60s/family_004/candidate_036_seed_1995068975/config.json,be6c845a7f1076f6748f41b8117af3352822021b26fa265953582cf6a71f53ce,args.out_dir only,PASS
仿真文件(1).zip!/仿真文件/仿真.zip!/仿真/DZ3_A0_Hunter_F1to10_C40_Final20_P1_1800s/stage1_60s/family_001/candidate_010_seed_669652943/config.json,3b79d154e425eeb0e504128bbb6403f3e171d68d1d9501a6183a1b0b817446da,args.out_dir only,PASS
仿真文件(1).zip!/仿真文件/仿真.zip!/仿真/DZ3_A0_Hunter_F1to10_C40_Final20_P1_1800s/stage1_60s/family_003/candidate_018_seed_1577492419/config.json,a0fb6174789a2801d663b27cd9c23d45dfeae9dc3a9f820143102e41611a4a22,args.out_dir only,PASS
仿真文件(1).zip!/仿真文件/仿真.zip!/仿真/DZ3_A0_Hunter_F1to10_C40_Final20_P1_1800s/stage1_60s/family_004/candidate_018_seed_1871822497/config.json,e29b4b0d86fbebd191179d1880eaa0a2900ee75fd8897cb0ee65efa8b1e401e7,args.out_dir only,PASS
仿真文件(1).zip!/仿真文件/仿真.zip!/仿真/DZ3_A0_Hunter_F1to10_C40_Final20_P1_1800s/stage1_60s/family_006/candidate_028_seed_2101887333/config.json,226ba539fce45eccae766a3173feb5e4d42c7907715dcd66af11b7e02e1eb64c,args.out_dir only,PASS
仿真文件(1).zip!/仿真文件/仿真.zip!/仿真/DZ3_A0_Hunter_F1to10_C40_Final20_P1_1800s/stage1_60s/family_008/candidate_018_seed_229681099/config.json,f726b25249b836fb21439fd4291749b33ef808e6cb5f5079475f20c3b4faafe4,args.out_dir only,PASS
仿真文件(1).zip!/仿真文件/仿真.zip!/仿真/DZ3_A0_Hunter_F1to10_C40_Final20_P1_1800s/stage1_60s/family_001/candidate_011_seed_1866217507/config.json,6a1f713ac17d374c875de98f119ad4cd1422241abf0caaf6cfc4d5a1c1929de8,args.out_dir only,PASS
仿真文件(1).zip!/仿真文件/仿真.zip!/仿真/DZ3_A0_Hunter_F1to10_C40_Final20_P1_1800s/stage1_60s/family_003/candidate_023_seed_1906589685/config.json,db8a751985d23d5ea86f935f31a8b1d5c3f0cbc933e43454414a5c217f311e6f,args.out_dir only,PASS
仿真文件(1).zip!/仿真文件/仿真.zip!/仿真/DZ3_A0_Hunter_F1to10_C40_Final20_P1_1800s/stage1_60s/family_010/candidate_022_seed_1772388919/config.json,0021f42693b27d91877b536574398687381ab8ba267794cd369f6741aefeef88,args.out_dir only,PASS
仿真文件(1).zip!/仿真文件/仿真.zip!/仿真/DZ3_A0_Hunter_F1to10_C40_Final20_P1_1800s/stage1_60s/family_004/candidate_021_seed_726285598/config.json,1b000d3ade24d1d820923698731b4a6554e3479b95c975efe0dd0f491d8b22ac,args.out_dir only,PASS
仿真文件(1).zip!/仿真文件/仿真.zip!/仿真/DZ3_A0_Hunter_F1to10_C40_Final20_P1_1800s/stage1_60s/family_004/candidate_005_seed_2019575648/config.json,20ea258038233cda2837c25d7821488a23d42aba3b2a038a3359361d8fd90d98,args.out_dir only,PASS
仿真文件(1).zip!/仿真文件/仿真.zip!/仿真/DZ3_A0_Hunter_F1to10_C40_Final20_P1_1800s/stage1_60s/family_003/candidate_035_seed_687170219/config.json,c3c2da2d6c0ea53e2d444045a3d6dddea4dda6f5d19e90f5bba17071d8a8e11f,args.out_dir only,PASS
仿真文件(1).zip!/仿真文件/仿真.zip!/仿真/DZ3_A0_Hunter_F1to10_C40_Final20_P1_1800s/stage1_60s/family_010/candidate_030_seed_1776192178/config.json,7c2f5a8ce0e11f082f9c4bdd86a65f8b6720957a234c5cdf01fd3e0741966c9c,args.out_dir only,PASS
仿真文件(1).zip!/仿真文件/仿真.zip!/仿真/DZ3_A0_Hunter_F1to10_C40_Final20_P1_1800s/stage1_60s/family_007/candidate_031_seed_1251001413/config.json,8ffd85a3a39851b6d66172f354419f675517247cb07261eb33fafe9004115432,args.out_dir only,PASS
仿真文件(1).zip!/仿真文件/仿真.zip!/仿真/DZ3_A0_Hunter_F1to10_C40_Final20_P1_1800s/stage1_60s/family_002/candidate_009_seed_719155818/config.json,40d23bc2f867458c79aeb9f10b97718ef2afa26c1ea65e5191684aac11ef854f,args.out_dir only,PASS
仿真文件(1).zip!/仿真文件/仿真.zip!/仿真/DZ3_A0_Hunter_F1to10_C40_Final20_P1_1800s/stage1_60s/family_003/candidate_010_seed_202139719/config.json,c9ed15772b574ff888d51017ef5d7e5e08faa866c3e865d420032a7bd4ca0479,args.out_dir only,PASS
仿真文件(1).zip!/仿真文件/仿真.zip!/仿真/DZ3_A0_Hunter_F1to10_C40_Final20_P1_1800s/stage1_60s/family_006/candidate_016_seed_708591124/config.json,d5c1a42cdbc939807d7e1eb6c128fc0fe972258eae432e8035a693a3a32dacef,args.out_dir only,PASS
仿真文件(1).zip!/仿真文件/仿真.zip!/仿真/DZ3_A0_Hunter_F1to10_C40_Final20_P1_1800s/stage1_60s/family_005/candidate_021_seed_410131242/config.json,1eb8a8777e4d6c5f2e43b5183c2186f018f40c3dd87a8a80e2e381dc6975fdcf,args.out_dir only,PASS
仿真文件(1).zip!/仿真文件/仿真.zip!/仿真/DZ3_A0_Hunter_F1to10_C40_Final20_P1_1800s/stage1_60s/family_009/candidate_039_seed_1101566026/config.json,c6c2f5f7a1186c589df58af12b142ea2167b3cf4290973a7688c249300fd7e30,args.out_dir only,PASS
仿真文件(1).zip!/仿真文件/仿真.zip!/仿真/DZ3_A0_Hunter_F1to10_C40_Final20_P1_1800s/stage1_60s/family_010/candidate_004_seed_445993290/config.json,2c4cae123ced44d0f48c8505ff5691106aae2a303c0b08df281a6473a4be0dcd,args.out_dir only,PASS
仿真文件(1).zip!/仿真文件/仿真.zip!/仿真/DZ3_A0_Hunter_F1to10_C40_Final20_P1_1800s/stage1_60s/family_006/candidate_001_seed_955728254/config.json,894a3bc75ae7aba281b1c8483d1213960d1db6067fe625f7346705ec96aee882,args.out_dir only,PASS
仿真文件(1).zip!/仿真文件/仿真.zip!/仿真/DZ3_A0_Hunter_F1to10_C40_Final20_P1_1800s/stage1_60s/family_008/candidate_038_seed_1297664873/config.json,64c3bdfac985b6f757f6f1d2b16e8db9c547e50b07d9aeabbb2994131292213d,args.out_dir only,PASS
仿真文件(1).zip!/仿真文件/仿真.zip!/仿真/DZ3_A0_Hunter_F1to10_C40_Final20_P1_1800s/stage1_60s/family_003/candidate_040_seed_628613021/config.json,8a6fb90816f4a57f10f87f9cb4fb3f44f1ebb60cdd32e4c3415cc08544da075e,args.out_dir only,PASS
仿真文件(1).zip!/仿真文件/仿真.zip!/仿真/DZ3_A0_Hunter_F1to10_C40_Final20_P1_1800s/stage1_60s/family_006/candidate_024_seed_1825772013/config.json,be21191a3a59572b81b2e4bd9f6464fd6ddcf10b600f2b6bac22388f5c944bc3,args.out_dir only,PASS
仿真文件(1).zip!/仿真文件/仿真.zip!/仿真/DZ3_A0_Hunter_F1to10_C40_Final20_P1_1800s/stage1_60s/family_004/candidate_022_seed_1937492129/config.json,c0dde173c84f63b3a044dc598c28c1ce2b4c1f3a9a887bc7d83ce8408a8828f8,args.out_dir only,PASS
仿真文件(1).zip!/仿真文件/仿真.zip!/仿真/DZ3_A0_Hunter_F1to10_C40_Final20_P1_1800s/stage1_60s/family_008/candidate_001_seed_1545220601/config.json,26227df77e6c8d48431681fba538ab25ed6326d447d687b95bae07e5cf0eed35,args.out_dir only,PASS
仿真文件(1).zip!/仿真文件/仿真.zip!/仿真/DZ3_A0_Hunter_F1to10_C40_Final20_P1_1800s/stage1_60s/family_004/candidate_040_seed_1307498890/config.json,08d7f5ca033d5516c1bc5b15b876e1fd03eab21ad24643c2a1e0eeda1fdbb2dc,args.out_dir only,PASS
仿真文件(1).zip!/仿真文件/仿真.zip!/仿真/DZ3_A0_Hunter_F1to10_C40_Final20_P1_1800s/stage1_60s/family_001/candidate_031_seed_267191830/config.json,03dc420831ca716b6680eb97092f45e69d3c179d694e3c0b6f25acb657a05f74,args.out_dir only,PASS
仿真文件(1).zip!/仿真文件/仿真.zip!/仿真/DZ3_A0_Hunter_F1to10_C40_Final20_P1_1800s/stage1_60s/family_005/candidate_004_seed_1735039633/config.json,070f4f1561fbcbc8167aacbf2cc25137d666d297ad80110c552b67e27a04c1cb,args.out_dir only,PASS
仿真文件(1).zip!/仿真文件/仿真.zip!/仿真/DZ3_A0_Hunter_F1to10_C40_Final20_P1_1800s/stage1_60s/family_007/candidate_037_seed_1503827930/config.json,43bdd7609371762573a3bd785f309579c10cf9f23d18e3b34a3d108863528a35,args.out_dir only,PASS
仿真文件(1).zip!/仿真文件/仿真.zip!/仿真/DZ3_A0_Hunter_F1to10_C40_Final20_P1_1800s/stage1_60s/family_008/candidate_004_seed_2120160876/config.json,7e0090521a83eb96bef8fb56ec424f30c4296826d99a9e6cf17e0bcb230cef69,args.out_dir only,PASS
仿真文件(1).zip!/仿真文件/仿真.zip!/仿真/DZ3_A0_Hunter_F1to10_C40_Final20_P1_1800s/stage1_60s/family_003/candidate_024_seed_1109691091/config.json,2a80b8cbf950af624481fefc72ab3d8cb0d6ba65b8a4cf4339523646cd6d40b4,args.out_dir only,PASS
仿真文件(1).zip!/仿真文件/仿真.zip!/仿真/DZ3_A0_Hunter_F1to10_C40_Final20_P1_1800s/stage1_60s/family_008/candidate_031_seed_1727786563/config.json,327120634f30333e62a83205aa251f00314145d904598532c14dcc5c52585e5c,args.out_dir only,PASS
仿真文件(1).zip!/仿真文件/仿真.zip!/仿真/DZ3_A0_Hunter_F1to10_C40_Final20_P1_1800s/stage1_60s/family_003/candidate_012_seed_930133021/config.json,1709ad4fecd191a8f53d7db86f6459cb3b0c73549ad6b8ae18927a325e7e0872,args.out_dir only,PASS
仿真文件(1).zip!/仿真文件/仿真.zip!/仿真/DZ3_A0_Hunter_F1to10_C40_Final20_P1_1800s/stage1_60s/family_008/candidate_015_seed_834608148/config.json,d5f6e19324077385974971445c19fe8d5a603239841193180946feb46c9d2afe,args.out_dir only,PASS
仿真文件(1).zip!/仿真文件/仿真.zip!/仿真/DZ3_A0_Hunter_F1to10_C40_Final20_P1_1800s/stage1_60s/family_001/candidate_025_seed_1755663523/config.json,eaf477b84c0ca5f12a5899dd17f544ac33718f9dd26a0fe0082a75c021ce193d,args.out_dir only,PASS
仿真文件(1).zip!/仿真文件/仿真.zip!/仿真/DZ3_A0_Hunter_F1to10_C40_Final20_P1_1800s/stage1_60s/family_004/candidate_024_seed_1024679389/config.json,a3904be3fb0ced448d9f2dfe07a841dbc20f46b40c088436dce58801b717ed68,args.out_dir only,PASS
仿真文件(1).zip!/仿真文件/仿真.zip!/仿真/DZ3_A0_Hunter_F1to10_C40_Final20_P1_1800s/stage1_60s/family_005/candidate_010_seed_115815300/config.json,d590ddd93b359e422c5fe0ea668cecb3dfc3462103bd2e66a136b28dfc8da7be,args.out_dir only,PASS
仿真文件(1).zip!/仿真文件/仿真.zip!/仿真/DZ3_A0_Hunter_F1to10_C40_Final20_P1_1800s/stage1_60s/family_003/candidate_031_seed_1625089670/config.json,87daa1b38e3e8063ee0bb97a4104878e0b31ee874dfe4487019fb516505306a6,args.out_dir only,PASS
仿真文件(1).zip!/仿真文件/仿真.zip!/仿真/DZ3_A0_Hunter_F1to10_C40_Final20_P1_1800s/stage1_60s/family_005/candidate_007_seed_1353417274/config.json,766cd6cd0b2f09c71fbfdec7ead0181c988fb839af4e7a990d463459740e92f3,args.out_dir only,PASS
仿真文件(1).zip!/仿真文件/仿真.zip!/仿真/DZ3_A0_Hunter_F1to10_C40_Final20_P1_1800s/stage1_60s/family_010/candidate_003_seed_566977183/config.json,0bd1b0caa53ea89d2e64211d1816cfcfa0b0f85fe411f49830e9f6d2e63eb198,args.out_dir only,PASS
仿真文件(1).zip!/仿真文件/仿真.zip!/仿真/DZ3_A0_Hunter_F1to10_C40_Final20_P1_1800s/stage1_60s/family_003/candidate_021_seed_970934606/config.json,faa413145e9ababd96300eb1ee502d7b95903b0f254d83c594576d110c2e0071,args.out_dir only,PASS
仿真文件(1).zip!/仿真文件/仿真.zip!/仿真/DZ3_A0_Hunter_F1to10_C40_Final20_P1_1800s/stage1_60s/family_009/candidate_016_seed_1971900292/config.json,84e39086431ca4b1d86b7a1f4ef2be89f1a097c8d75c3d9ea83da6a6417f57db,args.out_dir only,PASS
仿真文件(1).zip!/仿真文件/仿真.zip!/仿真/DZ3_A0_Hunter_F1to10_C40_Final20_P1_1800s/stage1_60s/family_005/candidate_006_seed_1106653214/config.json,16dfb22661b23020bc1c023c51f4848d8f2726a7152522107bc50e621e5faab4,args.out_dir only,PASS
仿真文件(1).zip!/仿真文件/仿真.zip!/仿真/DZ3_A0_Hunter_F1to10_C40_Final20_P1_1800s/stage1_60s/family_010/candidate_027_seed_2015896794/config.json,6de78cdcaeb6a7f419d58552691c85fda4092cfa7b167b37292e169999257b5c,args.out_dir only,PASS
仿真文件(1).zip!/仿真文件/仿真.zip!/仿真/DZ3_A0_Hunter_F1to10_C40_Final20_P1_1800s/stage1_60s/family_005/candidate_002_seed_1728730614/config.json,a9719a89d5e3742958a8dc4ca3eac8234d216413cc3d93f83d780b2f61f5b5d2,args.out_dir only,PASS
仿真文件(1).zip!/仿真文件/仿真.zip!/仿真/DZ3_A0_Hunter_F1to10_C40_Final20_P1_1800s/stage1_60s/family_001/candidate_032_seed_973879301/config.json,eba17588ee846640cb251fa6b031efd0e27986ad9611cbe4d9b991eb073d21c6,args.out_dir only,PASS
仿真文件(1).zip!/仿真文件/仿真.zip!/仿真/DZ3_A0_Hunter_F1to10_C40_Final20_P1_1800s/stage1_60s/family_006/candidate_019_seed_970518846/config.json,ea29d81e837bac86863635b0ffd326801edf9166624911949ee80b9e49d98d08,args.out_dir only,PASS
仿真文件(1).zip!/仿真文件/仿真.zip!/仿真/DZ3_A0_Hunter_F1to10_C40_Final20_P1_1800s/stage1_60s/family_008/candidate_013_seed_1231888088/config.json,458d7ae3590f2ebb3c2829f0a4ff1ab220dfca97633a05770ea597bda58e0ab0,args.out_dir only,PASS
仿真文件(1).zip!/仿真文件/仿真.zip!/仿真/DZ3_A0_Hunter_F1to10_C40_Final20_P1_1800s/stage1_60s/family_006/candidate_006_seed_792565861/config.json,43304e2b93edceb2ce40d7d94c9f31f40c289581b576d405d6f66becdb8ca61f,args.out_dir only,PASS
仿真文件(1).zip!/仿真文件/仿真.zip!/仿真/DZ3_A0_Hunter_F1to10_C40_Final20_P1_1800s/stage1_60s/family_005/candidate_038_seed_1453179316/config.json,53ecfd2e34a7d58e77af80805bdbf665885efa4a27c0181a42397151e1d1eb2e,args.out_dir only,PASS
仿真文件(1).zip!/仿真文件/仿真.zip!/仿真/DZ3_A0_Hunter_F1to10_C40_Final20_P1_1800s/stage1_60s/family_006/candidate_023_seed_1902530057/config.json,c9b56ddd2038127d850627bd201e3ab647976df6ea3387ffafa5208d136ea2f0,args.out_dir only,PASS
仿真文件(1).zip!/仿真文件/仿真.zip!/仿真/DZ3_A0_Hunter_F1to10_C40_Final20_P1_1800s/stage1_60s/family_002/candidate_002_seed_561807779/config.json,55e2e0deb689b4bead29e3ff915d0cd06142ecff8d6127efc0e97bf8020d25b1,args.out_dir only,PASS
仿真文件(1).zip!/仿真文件/仿真.zip!/仿真/DZ3_A0_Hunter_F1to10_C40_Final20_P1_1800s/stage1_60s/family_004/candidate_026_seed_924483716/config.json,ee77c5d1ad617143388a44672fdf6f55b3cd58f2344f62056073a8cdd9183285,args.out_dir only,PASS
仿真文件(1).zip!/仿真文件/仿真.zip!/仿真/DZ3_A0_Hunter_F1to10_C40_Final20_P1_1800s/stage1_60s/family_005/candidate_032_seed_1812972347/config.json,1f81c9bf4c1f27130e8d6ff607e3bfbc8ff3fc6d99f52645781bd2b69055b5e4,args.out_dir only,PASS
仿真文件(1).zip!/仿真文件/仿真.zip!/仿真/DZ3_A0_Hunter_F1to10_C40_Final20_P1_1800s/stage1_60s/family_002/candidate_027_seed_1457523177/config.json,b6d098af03a10c78a1d08e5cdc45af7339b2cbeb381b867a9eaa3ce4169b6530,args.out_dir only,PASS
仿真文件(1).zip!/仿真文件/仿真.zip!/仿真/DZ3_A0_Hunter_F1to10_C40_Final20_P1_1800s/stage1_60s/family_006/candidate_017_seed_1443721275/config.json,83282667bad19efdf2b74e35e12629bf0c4726199d2ecc72d434dd38170503b5,args.out_dir only,PASS
仿真文件(1).zip!/仿真文件/仿真.zip!/仿真/DZ3_A0_Hunter_F1to10_C40_Final20_P1_1800s/stage1_60s/family_007/candidate_040_seed_2123775744/config.json,bc2acd942428f0a891a2c9481eda169ceb272337a3c126dc27fe96c5743efcf8,args.out_dir only,PASS
仿真文件(1).zip!/仿真文件/仿真.zip!/仿真/DZ3_A0_Hunter_F1to10_C40_Final20_P1_1800s/stage1_60s/family_007/candidate_029_seed_1026816910/config.json,ca8e39541010891d80c1dce2b20b2a9a4f301fe364c81ef8403b14e31fa8cac8,args.out_dir only,PASS
仿真文件(1).zip!/仿真文件/仿真.zip!/仿真/DZ3_A0_Hunter_F1to10_C40_Final20_P1_1800s/stage1_60s/family_010/candidate_007_seed_1105361715/config.json,fdeaab5045c2089f2cbdb557b164ae4c5ea5411cedc457f1c6016b062d0c90bd,args.out_dir only,PASS
仿真文件(1).zip!/仿真文件/仿真.zip!/仿真/DZ3_A0_Hunter_F1to10_C40_Final20_P1_1800s/stage1_60s/family_004/candidate_033_seed_1573398771/config.json,f309785cadf896ddf224b23e5e036943daa9d3d41ae1e1d099fcb2386c90a5f8,args.out_dir only,PASS
仿真文件(1).zip!/仿真文件/仿真.zip!/仿真/DZ3_A0_Hunter_F1to10_C40_Final20_P1_1800s/stage1_60s/family_005/candidate_015_seed_281451238/config.json,22179041673d8ecc45dbdb03639341bdda5583c9a47032780267032b2da65cce,args.out_dir only,PASS
仿真文件(1).zip!/仿真文件/仿真.zip!/仿真/DZ3_A0_Hunter_F1to10_C40_Final20_P1_1800s/stage1_60s/family_002/candidate_022_seed_1207456315/config.json,03d8eccef370f61da9b834063ec38b90c1df8f16060f37b28eb0aaf1974f1c22,args.out_dir only,PASS
仿真文件(1).zip!/仿真文件/仿真.zip!/仿真/DZ3_A0_Hunter_F1to10_C40_Final20_P1_1800s/stage1_60s/family_004/candidate_014_seed_1722069728/config.json,be3477828a4d4e69eaa159f214c2142ce3e2948f3b6cdecbb8f81e7120123a3e,args.out_dir only,PASS
仿真文件(1).zip!/仿真文件/仿真.zip!/仿真/DZ3_A0_Hunter_F1to10_C40_Final20_P1_1800s/stage1_60s/family_002/candidate_010_seed_1288706065/config.json,1d0f1006f1f208d63ccea485589e415828e6761f92294d97f04379869af22a31,args.out_dir only,PASS
仿真文件(1).zip!/仿真文件/仿真.zip!/仿真/DZ3_A0_Hunter_F1to10_C40_Final20_P1_1800s/stage1_60s/family_005/candidate_018_seed_104706386/config.json,d6a708f3b737e9b61fc1dd7af1d63cdd898f8909b889a38c9ab8ceffd7b3757c,args.out_dir only,PASS
仿真文件(1).zip!/仿真文件/仿真.zip!/仿真/DZ3_A0_Hunter_F1to10_C40_Final20_P1_1800s/stage1_60s/family_010/candidate_011_seed_329308217/config.json,477b4d6a86a3dbfb42d1feb3cde302aba916f11be3953859d56a0ae288f494ff,args.out_dir only,PASS
仿真文件(1).zip!/仿真文件/仿真.zip!/仿真/DZ3_A0_Hunter_F1to10_C40_Final20_P1_1800s/stage1_60s/family_003/candidate_014_seed_1028754828/config.json,d505b7bf642ccc7dc84af5e2667e2ba0e18050df229a4e16248362901f47dc0b,args.out_dir only,PASS
仿真文件(1).zip!/仿真文件/仿真.zip!/仿真/DZ3_A0_Hunter_F1to10_C40_Final20_P1_1800s/stage1_60s/family_001/candidate_016_seed_878748453/config.json,9f5aaaef3f98d6b65e4d2819b1139cb221087195ba9e2c79dc2346fdadeb2ef1,args.out_dir only,PASS
仿真文件(1).zip!/仿真文件/仿真.zip!/仿真/DZ3_A0_Hunter_F1to10_C40_Final20_P1_1800s/stage1_60s/family_007/candidate_024_seed_597914448/config.json,25e9ea8edd518b1c39454e24b862bc5419fedc78f611c029dbbd201e6efb9c6e,args.out_dir only,PASS
仿真文件(1).zip!/仿真文件/仿真.zip!/仿真/DZ3_A0_Hunter_F1to10_C40_Final20_P1_1800s/stage1_60s/family_001/candidate_001_seed_1016164991/config.json,697f7d48a72a7308f51e3287ea5405b37611e578cc1c23e19d9e4b0829d5bda2,args.out_dir only,PASS
仿真文件(1).zip!/仿真文件/仿真.zip!/仿真/DZ3_A0_Hunter_F1to10_C40_Final20_P1_1800s/stage1_60s/family_009/candidate_013_seed_1989829891/config.json,1114ef1c9f7d6341b6f3fdf7c38111fab710cbf07f5fe8dda31109d5555bcd41,args.out_dir only,PASS
仿真文件(1).zip!/仿真文件/仿真.zip!/仿真/DZ3_A0_Hunter_F1to10_C40_Final20_P1_1800s/stage1_60s/family_009/candidate_022_seed_1041410011/config.json,ecfff1a945ddc23299e7fc6ae511ad561269ba8cead6874e8d53090169666815,args.out_dir only,PASS
仿真文件(1).zip!/仿真文件/仿真.zip!/仿真/DZ3_A0_Hunter_F1to10_C40_Final20_P1_1800s/stage1_60s/family_009/candidate_031_seed_748477721/config.json,dbfae373f0bfa43973bc1d0d3e950c33040ac81a36e67e452b707aa7426d18f8,args.out_dir only,PASS
仿真文件(1).zip!/仿真文件/仿真.zip!/仿真/DZ3_A0_Hunter_F1to10_C40_Final20_P1_1800s/stage1_60s/family_001/candidate_028_seed_1693137747/config.json,f5fdd822811f321d09832f121d5f82e55334716ae4aea8daf3b686dad1789841,args.out_dir only,PASS
仿真文件(1).zip!/仿真文件/仿真.zip!/仿真/DZ3_A0_Hunter_F1to10_C40_Final20_P1_1800s/stage1_60s/family_006/candidate_021_seed_1326097161/config.json,e7ebea362d1d872425c37c67f4320b45d6e3f91ebbba9591d26e2b7ba74dec79,args.out_dir only,PASS
仿真文件(1).zip!/仿真文件/仿真.zip!/仿真/DZ3_A0_Hunter_F1to10_C40_Final20_P1_1800s/stage1_60s/family_007/candidate_032_seed_1188626511/config.json,8beef428fe1142bb32b8c8a003d73cf8cae3a70eeea91ab2a0e2827f424114e4,args.out_dir only,PASS
仿真文件(1).zip!/仿真文件/仿真.zip!/仿真/DZ3_A0_Hunter_F1to10_C40_Final20_P1_1800s/stage1_60s/family_006/candidate_009_seed_966185142/config.json,a240d71019b6aa5fb72ba224ed1fdca7a5b18f89f115dabb1475efcf78a955bc,args.out_dir only,PASS
仿真文件(1).zip!/仿真文件/仿真.zip!/仿真/DZ3_A0_Hunter_F1to10_C40_Final20_P1_1800s/stage1_60s/family_010/candidate_005_seed_1702056617/config.json,fad42ebd3fd9ab8e0f181ba3dad6d2c5fac1aa4a3bc2bcdf5e1e262afeb3a808,args.out_dir only,PASS
仿真文件(1).zip!/仿真文件/仿真.zip!/仿真/DZ3_A0_Hunter_F1to10_C40_Final20_P1_1800s/stage1_60s/family_002/candidate_024_seed_322256256/config.json,9d4201b2ab99a1bc07cc6cea54923632b6a4ca3c632635122e289aeb13803115,args.out_dir only,PASS
仿真文件(1).zip!/仿真文件/仿真.zip!/仿真/DZ3_A0_Hunter_F1to10_C40_Final20_P1_1800s/stage1_60s/family_007/candidate_013_seed_1959843383/config.json,de968ae2dffd29912ee3803ead2a4cad924b10585d0d526c45669711945d9870,args.out_dir only,PASS
仿真文件(1).zip!/仿真文件/仿真.zip!/仿真/DZ3_A0_Hunter_F1to10_C40_Final20_P1_1800s/stage1_60s/family_007/candidate_016_seed_1763574598/config.json,e6bc792935bd2fb327b5a8bdde80f570285ef6c2d418fda5c32d7a4a62fb5968,args.out_dir only,PASS
仿真文件(1).zip!/仿真文件/仿真.zip!/仿真/DZ3_A0_Hunter_F1to10_C40_Final20_P1_1800s/stage1_60s/family_006/candidate_034_seed_103258501/config.json,cb2bf0d55ad7a4f4298da873611e963dcf6856ae0acf66ead992d6cf9e37f39a,args.out_dir only,PASS
仿真文件(1).zip!/仿真文件/仿真.zip!/仿真/DZ3_A0_Hunter_F1to10_C40_Final20_P1_1800s/stage1_60s/family_008/candidate_040_seed_1389117034/config.json,fad41794203cddc0fc5c77eda906ca3eeda10c2b75cd75ceaa9dfdbcbf1028c7,args.out_dir only,PASS
仿真文件(1).zip!/仿真文件/仿真.zip!/仿真/DZ3_A0_Hunter_F1to10_C40_Final20_P1_1800s/stage1_60s/family_008/candidate_021_seed_2057627919/config.json,80cd9038265fc1f7182c9f02ca5377655a3cf3bcd787359641d53e09d4c5b170,args.out_dir only,PASS
仿真文件(1).zip!/仿真文件/仿真.zip!/仿真/DZ3_A0_Hunter_F1to10_C40_Final20_P1_1800s/stage1_60s/family_009/candidate_035_seed_2100731750/config.json,2cc4d8264070fedd127751c89efccc4d44f08dfda0709f7369d82643a99c1d1e,args.out_dir only,PASS
仿真文件(1).zip!/仿真文件/仿真.zip!/仿真/DZ3_A0_Hunter_F1to10_C40_Final20_P1_1800s/stage1_60s/family_008/candidate_029_seed_1923481260/config.json,523e481944f017106bc783596df0a35fac034404d3f0dc102323888ed5c9a342,args.out_dir only,PASS
仿真文件(1).zip!/仿真文件/仿真.zip!/仿真/DZ3_A0_Hunter_F1to10_C40_Final20_P1_1800s/stage1_60s/family_008/candidate_028_seed_416320948/config.json,967275454a95cadfe4e536c069198afb3dfb3137771c221f52bdc41fcf57ea02,args.out_dir only,PASS
仿真文件(1).zip!/仿真文件/仿真.zip!/仿真/DZ3_A0_Hunter_F1to10_C40_Final20_P1_1800s/stage1_60s/family_001/candidate_014_seed_1777477784/config.json,ea5b4d57200bdea9b2f36b4d10d5ce278aa647481af5ed2d81240feb0953b5e0,args.out_dir only,PASS
仿真文件(1).zip!/仿真文件/仿真.zip!/仿真/DZ3_A0_Hunter_F1to10_C40_Final20_P1_1800s/stage1_60s/family_008/candidate_024_seed_552215215/config.json,34554c0181a5d0de607d0fed34e46765b595d3e5f5b0583cc3f6081e8dc62319,args.out_dir only,PASS
仿真文件(1).zip!/仿真文件/仿真.zip!/仿真/DZ3_A0_Hunter_F1to10_C40_Final20_P1_1800s/stage1_60s/family_006/candidate_010_seed_2120521968/config.json,61800c054e48968b9910802aeb1a005383daaa238006e2cea637329bf1aa68b9,args.out_dir only,PASS
仿真文件(1).zip!/仿真文件/仿真.zip!/仿真/DZ3_A0_Hunter_F1to10_C40_Final20_P1_1800s/stage1_60s/family_003/candidate_026_seed_924766631/config.json,b439227cdb0a826f6c1cd185377219139568c62bf571ad3b839a85aee2c6fa3c,args.out_dir only,PASS
仿真文件(1).zip!/仿真文件/仿真.zip!/仿真/DZ3_A0_Hunter_F1to10_C40_Final20_P1_1800s/stage1_60s/family_005/candidate_029_seed_381654049/config.json,f980c2c03ec31a2d2ce4d0cc4b11d2fb19ac42097021c1c0b8341bb97099c49d,args.out_dir only,PASS
仿真文件(1).zip!/仿真文件/仿真.zip!/仿真/DZ3_A0_Hunter_F1to10_C40_Final20_P1_1800s/stage1_60s/family_001/candidate_009_seed_535214420/config.json,d53bcc15132fc6f527950c7aaa9bf649ad46909fc45d0dbdf7c01f87b19bff2f,args.out_dir only,PASS
仿真文件(1).zip!/仿真文件/仿真.zip!/仿真/DZ3_A0_Hunter_F1to10_C40_Final20_P1_1800s/stage1_60s/family_010/candidate_031_seed_291610352/config.json,4678c208cc440b26439227819b5709e85c852523c98600b3251ccf19c74b5d4b,args.out_dir only,PASS
仿真文件(1).zip!/仿真文件/仿真.zip!/仿真/DZ3_A0_Hunter_F1to10_C40_Final20_P1_1800s/stage1_60s/family_002/candidate_006_seed_1748536462/config.json,d92c5e0b45191f575ac3c176181a8da6bc0656de38066673fa00c69a146a9931,args.out_dir only,PASS
仿真文件(1).zip!/仿真文件/仿真.zip!/仿真/DZ3_A0_Hunter_F1to10_C40_Final20_P1_1800s/stage1_60s/family_002/candidate_019_seed_432399589/config.json,a1a66379bfa3d68fe448ac314f3d1a4ffffcca2bce94fba045b100de2be78e53,args.out_dir only,PASS
仿真文件(1).zip!/仿真文件/仿真.zip!/仿真/DZ3_A0_Hunter_F1to10_C40_Final20_P1_1800s/stage1_60s/family_007/candidate_008_seed_483628757/config.json,bc791d21d7c2cc69d68e3f50d74db5f1b081cb488fe096932bf3e54b91d2341c,args.out_dir only,PASS
仿真文件(1).zip!/仿真文件/仿真.zip!/仿真/DZ3_A0_Hunter_F1to10_C40_Final20_P1_1800s/stage1_60s/family_004/candidate_010_seed_1304286716/config.json,8cbeab0ee2e32673e409ec3b327cab51d8152b0a9588d13c507eb0a38b477323,args.out_dir only,PASS
仿真文件(1).zip!/仿真文件/仿真.zip!/仿真/DZ3_A0_Hunter_F1to10_C40_Final20_P1_1800s/stage1_60s/family_010/candidate_024_seed_726311852/config.json,4a7f86a2d6d8ebe44c5616264803bf99f430ab676267d4dd502c8a1ba714a61d,args.out_dir only,PASS
仿真文件(1).zip!/仿真文件/仿真.zip!/仿真/DZ3_A0_Hunter_F1to10_C40_Final20_P1_1800s/stage1_60s/family_007/candidate_011_seed_612176793/config.json,880b43b42aed2f4fd5d087955e4ea95397900204fddba0e6fb2d056a5a5ea396,args.out_dir only,PASS
仿真文件(1).zip!/仿真文件/仿真.zip!/仿真/DZ3_A0_Hunter_F1to10_C40_Final20_P1_1800s/stage1_60s/family_005/candidate_039_seed_1423623577/config.json,7dcfac07fe6ed37a2fe6620a0d4fd6001eb5df5a830a236e49017d4b02bf9ae0,args.out_dir only,PASS
仿真文件(1).zip!/仿真文件/仿真.zip!/仿真/DZ3_A0_Hunter_F1to10_C40_Final20_P1_1800s/stage1_60s/family_006/candidate_003_seed_1111885934/config.json,cdd9358da09a4b4fd1a4f4645749c955ad3ecc76b42643ecc46872190812fb5d,args.out_dir only,PASS
仿真文件(1).zip!/仿真文件/仿真.zip!/仿真/DZ3_A0_Hunter_F1to10_C40_Final20_P1_1800s/stage1_60s/family_005/candidate_031_seed_1713023723/config.json,5a75f238be44a0739623c1aca6fcdc7e1bffe27e92084c79369e4adf00c5edea,args.out_dir only,PASS
仿真文件(1).zip!/仿真文件/仿真.zip!/仿真/DZ3_A0_Hunter_F1to10_C40_Final20_P1_1800s/stage1_60s/family_005/candidate_030_seed_1927747983/config.json,17078d803e1e16e4c8fceb9d2949c6b3c07ddce426d105fefad907f61f5f16e8,args.out_dir only,PASS
仿真文件(1).zip!/仿真文件/仿真.zip!/仿真/DZ3_A0_Hunter_F1to10_C40_Final20_P1_1800s/stage1_60s/family_002/candidate_034_seed_2077552887/config.json,100293deaa0edd74dd5ae43343971a455fba581810843f7b9e73cb22502cc897,args.out_dir only,PASS
仿真文件(1).zip!/仿真文件/仿真.zip!/仿真/DZ3_A0_Hunter_F1to10_C40_Final20_P1_1800s/stage1_60s/family_009/candidate_034_seed_677753333/config.json,c466ac708ba1cb6933297feed8620247efc0f1d575e524248286717d233218cf,args.out_dir only,PASS
仿真文件(1).zip!/仿真文件/仿真.zip!/仿真/DZ3_A0_Hunter_F1to10_C40_Final20_P1_1800s/stage1_60s/family_009/candidate_015_seed_1548366090/config.json,66ce0b0018fd218a617985d96facc63ce9afc70a64cfd683a9b08256342374c3,args.out_dir only,PASS
仿真文件(1).zip!/仿真文件/仿真.zip!/仿真/DZ3_A0_Hunter_F1to10_C40_Final20_P1_1800s/stage1_60s/family_004/candidate_023_seed_130025050/config.json,198931ba0fd4821c72a94b5f3e73b87f04384a510a51cd1fb8189eeb01ccda7c,args.out_dir only,PASS
仿真文件(1).zip!/仿真文件/仿真.zip!/仿真/DZ3_A0_Hunter_F1to10_C40_Final20_P1_1800s/stage1_60s/family_001/candidate_022_seed_1618157078/config.json,529c96499bb341ed0def1f46a54a79b060223e50307f6b46993f907225fcdefe,args.out_dir only,PASS
仿真文件(1).zip!/仿真文件/仿真.zip!/仿真/DZ3_A0_Hunter_F1to10_C40_Final20_P1_1800s/stage1_60s/family_009/candidate_040_seed_1590745253/config.json,da23cd637f85222e1c945f8e2fa6d900fbd52ca1daa8657b623e0dd09bb57a4e,args.out_dir only,PASS
仿真文件(1).zip!/仿真文件/仿真.zip!/仿真/DZ3_A0_Hunter_F1to10_C40_Final20_P1_1800s/stage1_60s/family_009/candidate_030_seed_2111625489/config.json,9be7505ba94d522b3c9005289ed3c4c636bcd802a0df3ca31d52adb4af6f5c47,args.out_dir only,PASS
仿真文件(1).zip!/仿真文件/仿真.zip!/仿真/DZ3_A0_Hunter_F1to10_C40_Final20_P1_1800s/stage1_60s/family_002/candidate_005_seed_888658062/config.json,a303448b53c669d9afca42ac5a53baff182b262bae2b934548273d0f38250e6f,args.out_dir only,PASS
仿真文件(1).zip!/仿真文件/仿真.zip!/仿真/DZ3_A0_Hunter_F1to10_C40_Final20_P1_1800s/stage1_60s/family_010/candidate_018_seed_913773613/config.json,da30ca5143b2a764da4795db73ab0bdae82a8855c9960a38e3616c6a92778813,args.out_dir only,PASS
仿真文件(1).zip!/仿真文件/仿真.zip!/仿真/DZ3_A0_Hunter_F1to10_C40_Final20_P1_1800s/stage1_60s/family_009/candidate_010_seed_1537758556/config.json,7ceb2f8ac04b3744f42eefe624feb6f85e7030125f2f8fd6502ebbf0eefd0387,args.out_dir only,PASS
仿真文件(1).zip!/仿真文件/仿真.zip!/仿真/DZ3_A0_Hunter_F1to10_C40_Final20_P1_1800s/stage1_60s/family_001/candidate_021_seed_1858836761/config.json,b90c7674156ab0ffee9664ef9e848243daba60f1710ffdda2a74e10010779472,args.out_dir only,PASS
仿真文件(1).zip!/仿真文件/仿真.zip!/仿真/DZ3_A0_Hunter_F1to10_C40_Final20_P1_1800s/stage1_60s/family_003/candidate_030_seed_1584494582/config.json,d4c481e7be95e9ec156eed587c035454b43523aa4f9cbab317490839533b7856,args.out_dir only,PASS
仿真文件(1).zip!/仿真文件/仿真.zip!/仿真/DZ3_A0_Hunter_F1to10_C40_Final20_P1_1800s/stage1_60s/family_009/candidate_038_seed_642486461/config.json,76e7ced3488cbe38909b70a11c761e5948111f65600a11e8a95006ba16ae60e7,args.out_dir only,PASS
仿真文件(1).zip!/仿真文件/仿真.zip!/仿真/DZ3_A0_Hunter_F1to10_C40_Final20_P1_1800s/stage1_60s/family_004/candidate_017_seed_1451650247/config.json,7c42923c06f355ad8747f0334420f40799ab198ff397339b2fa46eae33c633d4,args.out_dir only,PASS
仿真文件(1).zip!/仿真文件/仿真.zip!/仿真/DZ3_A0_Hunter_F1to10_C40_Final20_P1_1800s/stage1_60s/family_006/candidate_011_seed_400620265/config.json,e219afe6a9238453148156f332e9e0d32545c523eaed7e109e514864ff26890c,args.out_dir only,PASS
仿真文件(1).zip!/仿真文件/仿真.zip!/仿真/DZ3_A0_Hunter_F1to10_C40_Final20_P1_1800s/stage1_60s/family_002/candidate_029_seed_2029896997/config.json,f59974d2ea4e838d23b7b904701a68613a8d315eb367a263a67d6be70ce13b1d,args.out_dir only,PASS
仿真文件(1).zip!/仿真文件/仿真.zip!/仿真/DZ3_A0_Hunter_F1to10_C40_Final20_P1_1800s/stage1_60s/family_002/candidate_017_seed_1198780981/config.json,cc8944d49ab665320efc8af706158415b9678bd95566792caa9ef9b9168adef4,args.out_dir only,PASS
仿真文件(1).zip!/仿真文件/仿真.zip!/仿真/DZ3_A0_Hunter_F1to10_C40_Final20_P1_1800s/stage1_60s/family_002/candidate_030_seed_907923171/config.json,b8c6d41bef70043e8352e4247f2c32691e07d8569534635dbe43a12140d0ffa0,args.out_dir only,PASS
仿真文件(1).zip!/仿真文件/仿真.zip!/仿真/DZ3_A0_Hunter_F1to10_C40_Final20_P1_1800s/stage1_60s/family_008/candidate_025_seed_307041362/config.json,2ca7e45eb58ca6feafa8cd20e33f2a88b23b1d3f6aac03935aba2e1d0ed2708f,args.out_dir only,PASS
仿真文件(1).zip!/仿真文件/仿真.zip!/仿真/DZ3_A0_Hunter_F1to10_C40_Final20_P1_1800s/stage1_60s/family_008/candidate_010_seed_1868088533/config.json,6a6091920636d9d1f85237feb50139f00903b4c9b032c5e133689323dc41898e,args.out_dir only,PASS
仿真文件(1).zip!/仿真文件/仿真.zip!/仿真/DZ3_A0_Hunter_F1to10_C40_Final20_P1_1800s/stage1_60s/family_006/candidate_014_seed_1448099613/config.json,9833cbf166d4ac58130eef31dc726cc2cabd3eb51c1cf90b80aa16b3e3c4b94c,args.out_dir only,PASS
仿真文件(1).zip!/仿真文件/仿真.zip!/仿真/DZ3_A0_Hunter_F1to10_C40_Final20_P1_1800s/stage1_60s/family_007/candidate_027_seed_2126996168/config.json,bc0e12d0240bf69c12d02e8d895a8e2f419f6ce69492bfd5f32eb57140037761,args.out_dir only,PASS
仿真文件(1).zip!/仿真文件/仿真.zip!/仿真/DZ3_A0_Hunter_F1to10_C40_Final20_P1_1800s/stage1_60s/family_002/candidate_028_seed_1437305003/config.json,6f1b53af400a6236a006d155c766daa203dc30bcc12dd19bb9919fa5abfd176c,args.out_dir only,PASS
仿真文件(1).zip!/仿真文件/仿真.zip!/仿真/DZ3_A0_Hunter_F1to10_C40_Final20_P1_1800s/stage1_60s/family_001/candidate_036_seed_865678546/config.json,d8e917f24f83e379de61c0cdf47d0d3edc45b4b4beb704746e4fa003bee51f8c,args.out_dir only,PASS
仿真文件(1).zip!/仿真文件/仿真.zip!/仿真/DZ3_A0_Hunter_F1to10_C40_Final20_P1_1800s/stage1_60s/family_007/candidate_020_seed_1004882659/config.json,f780c8209ea8630d8a83c985ae0f86359ca788a4be526afdc3298d16eb9ba040,args.out_dir only,PASS
仿真文件(1).zip!/仿真文件/仿真.zip!/仿真/DZ3_A0_Hunter_F1to10_C40_Final20_P1_1800s/stage1_60s/family_004/candidate_016_seed_374795630/config.json,962107bc9a1b1b726657ff9fe69983841756232230a6814a141d6d01d712593b,args.out_dir only,PASS
仿真文件(1).zip!/仿真文件/仿真.zip!/仿真/DZ3_A0_Hunter_F1to10_C40_Final20_P1_1800s/stage1_60s/family_002/candidate_023_seed_558688960/config.json,65c7ce1a468c89352f97a3df1100fa1f67b0427a22bdef98d59f01122de6d10a,args.out_dir only,PASS
仿真文件(1).zip!/仿真文件/仿真.zip!/仿真/DZ3_A0_Hunter_F1to10_C40_Final20_P1_1800s/stage1_60s/family_004/candidate_006_seed_2096467393/config.json,c6597455f4e739f731fcd95695163bfabdfe824060dea28f102f65a3f4f28cda,args.out_dir only,PASS
仿真文件(1).zip!/仿真文件/仿真.zip!/仿真/DZ3_A0_Hunter_F1to10_C40_Final20_P1_1800s/stage1_60s/family_008/candidate_032_seed_908351626/config.json,7d49102276ece1d425bd8402225e2c10e0b4ab37b4621feb3c7f2a6e8d214f25,args.out_dir only,PASS
仿真文件(1).zip!/仿真文件/仿真.zip!/仿真/DZ3_A0_Hunter_F1to10_C40_Final20_P1_1800s/stage1_60s/family_004/candidate_004_seed_1098067557/config.json,f08d5d59eed31b764c1b2fb370c390cf0b1cff9d736cd9ce45c098d1c8f09c3f,args.out_dir only,PASS
仿真文件(1).zip!/仿真文件/仿真.zip!/仿真/DZ3_A0_Hunter_F1to10_C40_Final20_P1_1800s/stage1_60s/family_004/candidate_039_seed_996549786/config.json,d773d3f3c8f4f772e9aae4751c7a99f99d02b113a30f0c1c185cc1210533d035,args.out_dir only,PASS
仿真文件(1).zip!/仿真文件/仿真.zip!/仿真/DZ3_A0_Hunter_F1to10_C40_Final20_P1_1800s/stage1_60s/family_010/candidate_029_seed_1963530690/config.json,d21e1b3c5355b2d9d87d2b8f198fd95daf3b8a0ca4105fb5f6712f739d4667a4,args.out_dir only,PASS
仿真文件(1).zip!/仿真文件/仿真.zip!/仿真/DZ3_A0_Hunter_F1to10_C40_Final20_P1_1800s/stage1_60s/family_009/candidate_004_seed_615935265/config.json,c7371aaa38a5448e109435d28a821f78c5d3d7593df87a5bb5bcf8a659a048bc,args.out_dir only,PASS
仿真文件(1).zip!/仿真文件/仿真.zip!/仿真/DZ3_A0_Hunter_F1to10_C40_Final20_P1_1800s/stage1_60s/family_004/candidate_037_seed_1265693069/config.json,cf73d6acc585d1e674c1e0d0a8c5dc09914510fd502c6630ebfc8e4d8689d961,args.out_dir only,PASS
仿真文件(1).zip!/仿真文件/仿真.zip!/仿真/DZ3_A0_Hunter_F1to10_C40_Final20_P1_1800s/stage1_60s/family_003/candidate_020_seed_244108803/config.json,357c4548ff594e22ac4229a34e8c67c9e1d517389880dd5906e2bac8d2f6cda2,args.out_dir only,PASS
仿真文件(1).zip!/仿真文件/仿真.zip!/仿真/DZ3_A0_Hunter_F1to10_C40_Final20_P1_1800s/stage1_60s/family_006/candidate_012_seed_1358833747/config.json,4ccb312e33dc15d08af5918910fe725af079803a3c62efed4b0b3f95833ef9b1,args.out_dir only,PASS
仿真文件(1).zip!/仿真文件/仿真.zip!/仿真/DZ3_A0_Hunter_F1to10_C40_Final20_P1_1800s/stage1_60s/family_009/candidate_005_seed_245584350/config.json,ae188fbd871848b7e08566aef79342e6bca205f5ae88ed750623238a35c1fa60,args.out_dir only,PASS
仿真文件(1).zip!/仿真文件/仿真.zip!/仿真/DZ3_A0_Hunter_F1to10_C40_Final20_P1_1800s/stage1_60s/family_002/candidate_012_seed_1564571816/config.json,b723328508996b5bbfa3178e9e1e5ac059fcec9128c529740926da935a9217b5,args.out_dir only,PASS
仿真文件(1).zip!/仿真文件/仿真.zip!/仿真/DZ3_A0_Hunter_F1to10_C40_Final20_P1_1800s/stage1_60s/family_010/candidate_025_seed_1607876997/config.json,376097b50152ed962a8bc36eafeafb91e507e8d1eff88f00990ebea3728910c9,args.out_dir only,PASS
仿真文件(1).zip!/仿真文件/仿真.zip!/仿真/DZ3_A0_Hunter_F1to10_C40_Final20_P1_1800s/stage1_60s/family_003/candidate_017_seed_1484806552/config.json,0e1b2b2ee44e3b1468a4182587895dde944fafee588c8db7f20cca974b923f90,args.out_dir only,PASS
仿真文件(1).zip!/仿真文件/仿真.zip!/仿真/DZ3_A0_Hunter_F1to10_C40_Final20_P1_1800s/stage1_60s/family_001/candidate_012_seed_909086626/config.json,0f8ef6ce1a0870ecf75a9ddb18ec8d273bcbd43179bb64c2d6a67a86365b8b8e,args.out_dir only,PASS
仿真文件(1).zip!/仿真文件/仿真.zip!/仿真/DZ3_A0_Hunter_F1to10_C40_Final20_P1_1800s/stage1_60s/family_004/candidate_012_seed_808498783/config.json,27cfcb7c1fcbe3c5fd1d1de6360c42f46ae79cdb1be08498739f5aa570c2c1d3,args.out_dir only,PASS
仿真文件(1).zip!/仿真文件/仿真.zip!/仿真/DZ3_A0_Hunter_F1to10_C40_Final20_P1_1800s/stage1_60s/family_007/candidate_028_seed_955794088/config.json,daa6bc68183433498323370f6b73e4ee35796200feab1f2f346574b93de2315f,args.out_dir only,PASS
仿真文件(1).zip!/仿真文件/仿真.zip!/仿真/DZ3_A0_Hunter_F1to10_C40_Final20_P1_1800s/stage1_60s/family_007/candidate_025_seed_1545052023/config.json,57220bc363ff3a8d98e64e2f82cfeab497cc6eca285740b26d614c50a525cb19,args.out_dir only,PASS
仿真文件(1).zip!/仿真文件/仿真.zip!/仿真/DZ3_A0_Hunter_F1to10_C40_Final20_P1_1800s/stage1_60s/family_001/candidate_019_seed_184123696/config.json,1555a813e23454b3b5e8fd462097e2e0d6f73851dde60601347d87e4a93d2a92,args.out_dir only,PASS
仿真文件(1).zip!/仿真文件/仿真.zip!/仿真/DZ3_A0_Hunter_F1to10_C40_Final20_P1_1800s/stage1_60s/family_001/candidate_006_seed_309580410/config.json,f39b9a293821444563b363569a3ac355343cc99803bbd72a599024ac6c4f0054,args.out_dir only,PASS
仿真文件(1).zip!/仿真文件/仿真.zip!/仿真/DZ3_A0_Hunter_F1to10_C40_Final20_P1_1800s/stage1_60s/family_007/candidate_035_seed_1734444720/config.json,04ebd33f53ead76a0b59dcd8c15d2a1713e0730e4e019860c7c3868e973e2553,args.out_dir only,PASS
仿真文件(1).zip!/仿真文件/仿真.zip!/仿真/DZ3_A0_Hunter_F1to10_C40_Final20_P1_1800s/stage1_60s/family_005/candidate_005_seed_1006851807/config.json,fe1248c279715009e9753177bcd75eee85376982fbc8152564c8f7279798b1fa,args.out_dir only,PASS
仿真文件(1).zip!/仿真文件/仿真.zip!/仿真/DZ3_A0_Hunter_F1to10_C40_Final20_P1_1800s/stage1_60s/family_005/candidate_035_seed_1348684712/config.json,bf7957bf2e6269c642323cd87c6a48de0f359e5d99597839e31fc5e5abe83b59,args.out_dir only,PASS
仿真文件(1).zip!/仿真文件/仿真.zip!/仿真/DZ3_A0_Hunter_F1to10_C40_Final20_P1_1800s/stage1_60s/family_010/candidate_035_seed_2101290457/config.json,bd187c9c558d30477f172743ad4a25c33dd36317e649bf1f3a765854c539cd4b,args.out_dir only,PASS
仿真文件(1).zip!/仿真文件/仿真.zip!/仿真/DZ3_A0_Hunter_F1to10_C40_Final20_P1_1800s/stage1_60s/family_010/candidate_039_seed_834470986/config.json,3e2b5bf270e51e9e639ea6f16e65c518340a2f95da92acceee37c7c60a53e6d8,args.out_dir only,PASS
仿真文件(1).zip!/仿真文件/仿真.zip!/仿真/DZ3_A0_Hunter_F1to10_C40_Final20_P1_1800s/stage1_60s/family_001/candidate_020_seed_59182744/config.json,cbd2eae7047e730d5e1f1eea827433df9e88cb48606b9ae4b7640d782d088d9d,args.out_dir only,PASS
仿真文件(1).zip!/仿真文件/仿真.zip!/仿真/DZ3_A0_Hunter_F1to10_C40_Final20_P1_1800s/stage1_60s/family_002/candidate_004_seed_641004849/config.json,23881f6093d52f235c4323fcffcfd337542e70ee975cf06e28bf1416650a05d9,args.out_dir only,PASS
仿真文件(1).zip!/仿真文件/仿真.zip!/仿真/DZ3_A0_Hunter_F1to10_C40_Final20_P1_1800s/stage1_60s/family_004/candidate_009_seed_973933017/config.json,ba470e234b636ea727face8a5e33815e7fb08ed7c5818ab335af825d83c52266,args.out_dir only,PASS
仿真文件(1).zip!/仿真文件/仿真.zip!/仿真/DZ3_A0_Hunter_F1to10_C40_Final20_P1_1800s/stage1_60s/family_005/candidate_025_seed_606100190/config.json,79b606eb3e41ea770fcda69a11f03a5d39dcd830ffcb423e9cbbcb5e756475eb,args.out_dir only,PASS
仿真文件(1).zip!/仿真文件/仿真.zip!/仿真/DZ3_A0_Hunter_F1to10_C40_Final20_P1_1800s/stage1_60s/family_004/candidate_008_seed_173594038/config.json,63c14554c0974529876cad137335f363432d35daf90894a670858a1a9bf5ceb5,args.out_dir only,PASS
仿真文件(1).zip!/仿真文件/仿真.zip!/仿真/DZ3_A0_Hunter_F1to10_C40_Final20_P1_1800s/stage1_60s/family_005/candidate_024_seed_503606822/config.json,a4d59c11b95de4e9e81d3137a3a7364cdc772c38df41fedcfd53c54dac305591,args.out_dir only,PASS
仿真文件(1).zip!/仿真文件/仿真.zip!/仿真/DZ3_A0_Hunter_F1to10_C40_Final20_P1_1800s/stage1_60s/family_002/candidate_035_seed_1863784366/config.json,05c37a85763371c50f08b50bfbf4568596667fae887a1005699be827469f43cf,args.out_dir only,PASS
仿真文件(1).zip!/仿真文件/仿真.zip!/仿真/DZ3_A0_Hunter_F1to10_C40_Final20_P1_1800s/stage1_60s/family_009/candidate_027_seed_317986815/config.json,f8e35699bfccfb29b3f79fb5688aa9ac365aeef71e6da98e58b9659f43a39f99,args.out_dir only,PASS
仿真文件(1).zip!/仿真文件/仿真.zip!/仿真/DZ3_A0_Hunter_F1to10_C40_Final20_P1_1800s/stage1_60s/family_010/candidate_015_seed_866858020/config.json,b80b570ae438ea77ac196815a34d5596335e78d3483edaaab264fb1793516698,args.out_dir only,PASS
仿真文件(1).zip!/仿真文件/仿真.zip!/仿真/DZ3_A0_Hunter_F1to10_C40_Final20_P1_1800s/stage1_60s/family_009/candidate_003_seed_2063827471/config.json,ddab2f8efc17b1d5bc19323071997a3a40e7525317746938721eb4a0f4904ef8,args.out_dir only,PASS
仿真文件(1).zip!/仿真文件/仿真.zip!/仿真/DZ3_A0_Hunter_F1to10_C40_Final20_P1_1800s/stage1_60s/family_007/candidate_006_seed_1665772334/config.json,5be48dac6efd2dc1d052848ad6aa4baa82fd2e6c1c8ca65eec127a7ea7294ba1,args.out_dir only,PASS
仿真文件(1).zip!/仿真文件/仿真.zip!/仿真/DZ3_A0_Hunter_F1to10_C40_Final20_P1_1800s/stage1_60s/family_007/candidate_018_seed_1711693563/config.json,209ab062a65e77bdde6d6a636b3e109cfe781e663852b2c7c951a5690530f11a,args.out_dir only,PASS
仿真文件(1).zip!/仿真文件/仿真.zip!/仿真/DZ3_A0_Hunter_F1to10_C40_Final20_P1_1800s/stage1_60s/family_007/candidate_007_seed_1790251936/config.json,7c82966581c4727a6bcd673fc68a976f4c670c794956be002ef218bfb27dc6b9,args.out_dir only,PASS
仿真文件(1).zip!/仿真文件/仿真.zip!/仿真/DZ3_A0_Hunter_F1to10_C40_Final20_P1_1800s/stage1_60s/family_005/candidate_019_seed_319577159/config.json,407fb56de487e46f41893b68fe82054977c82c82234d798a86c5fd878d21d6ed,args.out_dir only,PASS
仿真文件(1).zip!/仿真文件/仿真.zip!/仿真/DZ3_A0_Hunter_F1to10_C40_Final20_P1_1800s/stage1_60s/family_004/candidate_001_seed_1560023974/config.json,cb6f479aa8c6921bf91ce89efa691539c30a425d3dec2a09f5e845ae2691dbb0,args.out_dir only,PASS
仿真文件(1).zip!/仿真文件/仿真.zip!/仿真/DZ3_A0_Hunter_F1to10_C40_Final20_P1_1800s/stage1_60s/family_001/candidate_008_seed_2037209174/config.json,712f2020c8e0eb75ea2fb0fda13395a4ce9b4e8273230bde45dceb855f3671e6,args.out_dir only,PASS
仿真文件(1).zip!/仿真文件/仿真.zip!/仿真/DZ3_A0_Hunter_F1to10_C40_Final20_P1_1800s/stage1_60s/family_001/candidate_035_seed_823155374/config.json,0bf4986bce7761962340e461fce30d2badcb8362c7834895836d8c039ff99ad1,args.out_dir only,PASS
仿真文件(1).zip!/仿真文件/仿真.zip!/仿真/DZ3_A0_Hunter_F1to10_C40_Final20_P1_1800s/stage1_60s/family_001/candidate_037_seed_1941050025/config.json,a0714ac0bedb112362e1c9133365e17a8cf93dd1aac8809709e6c07f99c2e1ab,args.out_dir only,PASS
仿真文件(1).zip!/仿真文件/仿真.zip!/仿真/DZ3_A0_Hunter_F1to10_C40_Final20_P1_1800s/stage1_60s/family_008/candidate_007_seed_1380032418/config.json,cf5cc7ddedcad63f4f7183357931461b2c6c137f2ffd3405c0e6b9c6fca33f14,args.out_dir only,PASS
仿真文件(1).zip!/仿真文件/仿真.zip!/仿真/DZ3_A0_Hunter_F1to10_C40_Final20_P1_1800s/stage1_60s/family_001/candidate_026_seed_708093468/config.json,a3a194c0bad1a7a922b8cdb7ea135ee2d820be1c9567253436c34cbe0de0ea78,args.out_dir only,PASS
仿真文件(1).zip!/仿真文件/仿真.zip!/仿真/DZ3_A0_Hunter_F1to10_C40_Final20_P1_1800s/stage1_60s/family_003/candidate_006_seed_1720723810/config.json,6472b3afa59afac1f280dbf4e69e057e784caca182651d7d348c0582fa4f21db,args.out_dir only,PASS
仿真文件(1).zip!/仿真文件/仿真.zip!/仿真/DZ3_A0_Hunter_F1to10_C40_Final20_P1_1800s/stage1_60s/family_010/candidate_038_seed_299254839/config.json,0f33620dc35c06262ad578c53f8a928cb6dfcd2fafb7359a64bba6d6cd0cad3a,args.out_dir only,PASS
仿真文件(1).zip!/仿真文件/仿真.zip!/仿真/DZ3_A0_Hunter_F1to10_C40_Final20_P1_1800s/stage1_60s/family_004/candidate_038_seed_381591921/config.json,272848772fb9d57a56eb241e5ff97332eace628d3e643021fb84530832d14a9b,args.out_dir only,PASS
仿真文件(1).zip!/仿真文件/仿真.zip!/仿真/DZ3_A0_Hunter_F1to10_C40_Final20_P1_1800s/stage1_60s/family_004/candidate_032_seed_793980093/config.json,8c88463dc911ca5484c975684edd6c06ebd13d0e65c793ed7ffc5c02dae7b186,args.out_dir only,PASS
仿真文件(1).zip!/仿真文件/仿真.zip!/仿真/DZ3_A0_Hunter_F1to10_C40_Final20_P1_1800s/stage1_60s/family_008/candidate_012_seed_839848226/config.json,be0628a3fd88f87bbdc2e5d881bb1a697ad72edf81fad2b4c6809f41d20c40de,args.out_dir only,PASS
仿真文件(1).zip!/仿真文件/仿真.zip!/仿真/DZ3_A0_Hunter_F1to10_C40_Final20_P1_1800s/stage1_60s/family_002/candidate_007_seed_969095166/config.json,f16ae7b36f03df6eea601a9483d8c8698e269acdf110f90303d547b6e38c3b5a,args.out_dir only,PASS
仿真文件(1).zip!/仿真文件/仿真.zip!/仿真/DZ3_A0_Hunter_F1to10_C40_Final20_P1_1800s/stage1_60s/family_006/candidate_033_seed_329807037/config.json,44f798c3715615859d7e641ed68d74bf5e7669f8231e09b2222b09229b1758c1,args.out_dir only,PASS
仿真文件(1).zip!/仿真文件/仿真.zip!/仿真/DZ3_A0_Hunter_F1to10_C40_Final20_P1_1800s/stage1_60s/family_008/candidate_006_seed_684426313/config.json,e6915c6cb803245a81c8aa9dae19bc773328a8b5299e6e65c89759b477c6392f,args.out_dir only,PASS
仿真文件(1).zip!/仿真文件/仿真.zip!/仿真/DZ3_A0_Hunter_F1to10_C40_Final20_P1_1800s/stage1_60s/family_001/candidate_027_seed_972122756/config.json,1dd37ffe1ac856f53a897fd8c61a44d076de505e6fc02fbd0487a9210480233e,args.out_dir only,PASS
仿真文件(1).zip!/仿真文件/仿真.zip!/仿真/DZ3_A0_Hunter_F1to10_C40_Final20_P1_1800s/stage1_60s/family_008/candidate_019_seed_1165346121/config.json,f5a7404965d5ef502c36b81897749a63e7fcd7244c1a1b40ab02ae8e129bafca,args.out_dir only,PASS
仿真文件(1).zip!/仿真文件/仿真.zip!/仿真/DZ3_A0_Hunter_F1to10_C40_Final20_P1_1800s/stage1_60s/family_009/candidate_021_seed_1606711276/config.json,cd4d8f1c96ca19af5295b4df33d71472684b6a6bc51e5eded907f334821f7c5e,args.out_dir only,PASS
仿真文件(1).zip!/仿真文件/仿真.zip!/仿真/DZ3_A0_Hunter_F1to10_C40_Final20_P1_1800s/stage1_60s/family_010/candidate_001_seed_1667601611/config.json,1958f499402f4ce5708cb0fb3612b4c3bc3acfcc6cd44a5b228ac15511169e7b,args.out_dir only,PASS
仿真文件(1).zip!/仿真文件/仿真.zip!/仿真/DZ3_A0_Hunter_F1to10_C40_Final20_P1_1800s/stage1_60s/family_009/candidate_018_seed_57096724/config.json,febe19111ad42ba3d599400310cb91ad2868fe877c3821aa46a41f0ebc1f0db5,args.out_dir only,PASS
仿真文件(1).zip!/仿真文件/仿真.zip!/仿真/DZ3_A0_Hunter_F1to10_C40_Final20_P1_1800s/stage1_60s/family_008/candidate_022_seed_518299784/config.json,e47e4930aae1a95640d7bcdde3879484e4984078058e38954c921988e219edc5,args.out_dir only,PASS
仿真文件(1).zip!/仿真文件/仿真.zip!/仿真/DZ3_A0_Hunter_F1to10_C40_Final20_P1_1800s/stage1_60s/family_006/candidate_005_seed_2031819254/config.json,0a16a90c156ec4dd8b1a948567146f895dbf196d6474b7f0653249e4ea306785,args.out_dir only,PASS
仿真文件(1).zip!/仿真文件/仿真.zip!/仿真/DZ3_A0_Hunter_F1to10_C40_Final20_P1_1800s/stage1_60s/family_001/candidate_033_seed_2097889540/config.json,31ae8389a5db463ad74996850862e275a6527c6039f4184efa2ec6766c8cd7d6,args.out_dir only,PASS
仿真文件(1).zip!/仿真文件/仿真.zip!/仿真/DZ3_A0_Hunter_F1to10_C40_Final20_P1_1800s/stage1_60s/family_003/candidate_025_seed_902188167/config.json,b41e4148f8814ea9b3a909e096ae84697155f66e7c74956249293446ad35f0bd,args.out_dir only,PASS
仿真文件(1).zip!/仿真文件/仿真.zip!/仿真/DZ3_A0_Hunter_F1to10_C40_Final20_P1_1800s/stage1_60s/family_008/candidate_016_seed_800472173/config.json,a0095db83e29c261195fb91566e986ab39d3f334abbf9bee69f4e3d4e48ae3db,args.out_dir only,PASS
仿真文件(1).zip!/仿真文件/仿真.zip!/仿真/DZ3_A0_Hunter_F1to10_C40_Final20_P1_1800s/stage1_60s/family_001/candidate_038_seed_436916801/config.json,718ccfb658637452e9e0d682d0b4864feffc3c158da7befb7bdd869b51031955,args.out_dir only,PASS
仿真文件(1).zip!/仿真文件/仿真.zip!/仿真/DZ3_A0_Hunter_F1to10_C40_Final20_P1_1800s/stage1_60s/family_004/candidate_031_seed_1996857197/config.json,23cedee07302cc6185805ccc0db298bb35072e35b8d4da72d30fb7a56a951563,args.out_dir only,PASS
仿真文件(1).zip!/仿真文件/仿真.zip!/仿真/DZ3_A0_Hunter_F1to10_C40_Final20_P1_1800s/stage1_60s/family_008/candidate_026_seed_396707997/config.json,38db70c540193f9636cb61979423f818d4fb4b230e2b5bb75d84f5bc0475e2ca,args.out_dir only,PASS
仿真文件(1).zip!/仿真文件/仿真.zip!/仿真/DZ3_A0_Hunter_F1to10_C40_Final20_P1_1800s/stage1_60s/family_001/candidate_002_seed_1099128568/config.json,3a6a477c195e5a3d0c5e79cf7d6ac74e7b9ff7443f81e56dc1fd7c7b7125c738,args.out_dir only,PASS
仿真文件(1).zip!/仿真文件/仿真.zip!/仿真/DZ3_A0_Hunter_F1to10_C40_Final20_P1_1800s/stage1_60s/family_003/candidate_019_seed_70197375/config.json,ec5201d79ce54933981888d0e9283c993e507823a1b8e4e8a690220e4878ef63,args.out_dir only,PASS
仿真文件(1).zip!/仿真文件/仿真.zip!/仿真/DZ3_A0_Hunter_F1to10_C40_Final20_P1_1800s/stage1_60s/family_005/candidate_027_seed_565298527/config.json,f4672ebb64419889b32f74b945eb5173bb13ed3b622516c35b62bd9ed00f0c4b,args.out_dir only,PASS
仿真文件(1).zip!/仿真文件/仿真.zip!/仿真/DZ3_A0_Hunter_F1to10_C40_Final20_P1_1800s/stage1_60s/family_004/candidate_002_seed_2025197564/config.json,b737026e6d8ca41bc10c19b5003a2d210d41ad55d1f9f6834cc74b93590e7acb,args.out_dir only,PASS
仿真文件(1).zip!/仿真文件/仿真.zip!/仿真/DZ3_A0_Hunter_F1to10_C40_Final20_P1_1800s/stage1_60s/family_007/candidate_014_seed_11307154/config.json,140a573b649bc8a729cc218c5debb14d7a2dc8fc26c45802b25adfc8939ec361,args.out_dir only,PASS
仿真文件(1).zip!/仿真文件/仿真.zip!/仿真/DZ3_A0_Hunter_F1to10_C40_Final20_P1_1800s/stage1_60s/family_005/candidate_020_seed_2145714367/config.json,7f30a54c00f1fe80e136b7615c74a4445031e07a88214a37a986e304f138c5da,args.out_dir only,PASS
仿真文件(1).zip!/仿真文件/仿真.zip!/仿真/DZ3_A0_Hunter_F1to10_C40_Final20_P1_1800s/stage1_60s/family_003/candidate_034_seed_610317351/config.json,2c28a0c9105c728ed6b3dbdf362bb7bad37b6152cfaf40441a10cd4c11e351d6,args.out_dir only,PASS
仿真文件(1).zip!/仿真文件/仿真.zip!/仿真/DZ3_A0_Hunter_F1to10_C40_Final20_P1_1800s/stage1_60s/family_001/candidate_003_seed_1621709874/config.json,d328e49c806317f124fc103b0b286ea2275c87cdfcd4d8955ec41e8c6ab85cd2,args.out_dir only,PASS
仿真文件(1).zip!/仿真文件/仿真.zip!/仿真/DZ3_A0_Hunter_F1to10_C40_Final20_P1_1800s/stage1_60s/family_009/candidate_009_seed_1380029761/config.json,01998b36553902a7aa56fab3c1f9a80d0b172423f82cc8474a64b3836b04527e,args.out_dir only,PASS
仿真文件(1).zip!/仿真文件/仿真.zip!/仿真/DZ3_A0_Hunter_F1to10_C40_Final20_P1_1800s/stage1_60s/family_010/candidate_040_seed_1946755679/config.json,0261fe3021fd91e9090414edb24ce26c1ffb4aea1ba72af9685bcbde9ff8c334,args.out_dir only,PASS
仿真文件(1).zip!/仿真文件/仿真.zip!/仿真/DZ3_A0_Hunter_F1to10_C40_Final20_P1_1800s/stage1_60s/family_010/candidate_008_seed_320580917/config.json,cf5710c7ca2d0bb1f16b0743d422a46fc3db8ec02147d248f34d25c8c8639f17,args.out_dir only,PASS
仿真文件(1).zip!/仿真文件/仿真.zip!/仿真/DZ3_A0_Hunter_F1to10_C40_Final20_P1_1800s/stage1_60s/family_006/candidate_031_seed_1648304177/config.json,a47fe88182877a1de332aec62006d74a23df832ce82202e5c61e69f6923a5271,args.out_dir only,PASS
仿真文件(1).zip!/仿真文件/仿真.zip!/仿真/DZ3_A0_Hunter_F1to10_C40_Final20_P1_1800s/stage1_60s/family_005/candidate_017_seed_2180441/config.json,ffb7c5707dfd1724b30e943e3b22999a67445ac256856f8e0d7df6d6b49e6ebc,args.out_dir only,PASS
仿真文件(1).zip!/仿真文件/仿真.zip!/仿真/DZ3_A0_Hunter_F1to10_C40_Final20_P1_1800s/stage1_60s/family_010/candidate_013_seed_882452039/config.json,4b4593ad797681fccbe13041aaf3faf7212aab59f72359e0b08eeb9b2d569a0d,args.out_dir only,PASS
仿真文件(1).zip!/仿真文件/仿真.zip!/仿真/DZ3_A0_Hunter_F1to10_C40_Final20_P1_1800s/stage1_60s/family_002/candidate_001_seed_1798679647/config.json,667d264063a66b2ae498487d9ef3c47593f409311249661a36ac99de70f9f104,args.out_dir only,PASS
仿真文件(1).zip!/仿真文件/仿真.zip!/仿真/DZ3_A0_Hunter_F1to10_C40_Final20_P1_1800s/stage1_60s/family_010/candidate_010_seed_1101239527/config.json,040bc60ed63ced84d846ad414d63bbe29623bc0f1aced64f7d9fa08cb4be5be5,args.out_dir only,PASS
仿真文件(1).zip!/仿真文件/仿真.zip!/仿真/DZ3_A0_Hunter_F1to10_C40_Final20_P1_1800s/stage1_60s/family_001/candidate_007_seed_1767258088/config.json,73229f418e48356033d02e575ee07339ccdef9719ac3ab6a98a05d72b6d6b364,args.out_dir only,PASS
仿真文件(1).zip!/仿真文件/仿真.zip!/仿真/DZ3_A0_Hunter_F1to10_C40_Final20_P1_1800s/stage1_60s/family_002/candidate_032_seed_1359753142/config.json,373d630b81c175cea3224fdb198471443e805fa8034828429167b9e6248782e8,args.out_dir only,PASS
仿真文件(1).zip!/仿真文件/仿真.zip!/仿真/DZ3_A0_Hunter_F1to10_C40_Final20_P1_1800s/stage1_60s/family_007/candidate_005_seed_1241873584/config.json,efc5faa5c485e9dd428d63a3f9d4c141a58804d4b86ade85414438b5d424b2bd,args.out_dir only,PASS
仿真文件(1).zip!/仿真文件/仿真.zip!/仿真/DZ3_A0_Hunter_F1to10_C40_Final20_P1_1800s/stage1_60s/family_009/candidate_008_seed_1669741727/config.json,0157894ea7073826dcc6db031df7e8a13a3358968c1d1c1b01b25b925b7e54ee,args.out_dir only,PASS
仿真文件(1).zip!/仿真文件/仿真.zip!/仿真/DZ3_A0_Hunter_F1to10_C40_Final20_P1_1800s/stage1_60s/family_002/candidate_038_seed_841007924/config.json,a771d55c2070d44aad7cb28995c8bdc6509a66a57999580bcd3c1654269f2c26,args.out_dir only,PASS
仿真文件(1).zip!/仿真文件/仿真.zip!/仿真/DZ3_A0_Hunter_F1to10_C40_Final20_P1_1800s/stage1_60s/family_008/candidate_027_seed_854285176/config.json,da9b8e0b2c3bd1d9672ade346b6707dff2c47efcb0008b5896cedbc99559c583,args.out_dir only,PASS
仿真文件(1).zip!/仿真文件/仿真.zip!/仿真/DZ3_A0_Hunter_F1to10_C40_Final20_P1_1800s/stage1_60s/family_008/candidate_034_seed_549585099/config.json,cf22d465b3cc400e406a6f0d2680ea807d9181b05266bb238a862d49681cd756,args.out_dir only,PASS
仿真文件(1).zip!/仿真文件/仿真.zip!/仿真/DZ3_A0_Hunter_F1to10_C40_Final20_P1_1800s/stage1_60s/family_003/candidate_036_seed_1392744521/config.json,335737b5e49f04e1c3a3033b0d9ecd9d39a80027458c8c6bbdf8e3d30e46f8ce,args.out_dir only,PASS
仿真文件(1).zip!/仿真文件/仿真.zip!/仿真/DZ3_A0_Hunter_F1to10_C40_Final20_P1_1800s/stage1_60s/family_007/candidate_036_seed_1702228508/config.json,7d1cfe168329692181ba53af30074925a0d6941ed956129238455bea1c868a15,args.out_dir only,PASS
仿真文件(1).zip!/仿真文件/仿真.zip!/仿真/DZ3_A0_Hunter_F1to10_C40_Final20_P1_1800s/stage1_60s/family_002/candidate_039_seed_85429457/config.json,48b645ff01dc0b9d93e21def5d35debc53f05bddecf6618f9b83c8e2aa5f1509,args.out_dir only,PASS
仿真文件(1).zip!/仿真文件/仿真.zip!/仿真/DZ3_A0_Hunter_F1to10_C40_Final20_P1_1800s/stage1_60s/family_007/candidate_004_seed_1926751965/config.json,69ccb050384da920bb91521445fdd21b141dbf2f68053ce4c2e7e0edb972d7cf,args.out_dir only,PASS
仿真文件(1).zip!/仿真文件/仿真.zip!/仿真/DZ3_A0_Hunter_F1to10_C40_Final20_P1_1800s/stage1_60s/family_004/candidate_011_seed_608018050/config.json,a4cd6220910f03da9e50444681bbd5c5e4954def1fdcfef4d594428a9edd5037,args.out_dir only,PASS
仿真文件(1).zip!/仿真文件/仿真.zip!/仿真/DZ3_A0_Hunter_F1to10_C40_Final20_P1_1800s/stage1_60s/family_004/candidate_013_seed_1346405564/config.json,ab45945c0293d30000e8975c1a65b4ddabc67d1cb6e0b88b6a2693f57140efc0,args.out_dir only,PASS
仿真文件(1).zip!/仿真文件/仿真.zip!/仿真/DZ3_A0_Hunter_F1to10_C40_Final20_P1_1800s/stage1_60s/family_005/candidate_001_seed_1440510675/config.json,9c1e5a0ea9345d4371fc0c879110305c49fa9d518c3a6307d7e17ed71fa0e467,args.out_dir only,PASS
仿真文件(1).zip!/仿真文件/仿真.zip!/仿真/DZ3_A0_Hunter_F1to10_C40_Final20_P1_1800s/stage1_60s/family_009/candidate_001_seed_905266064/config.json,2b853944df358db3e4da04d465cf1c27b3637f12ee13d155babbf1eb38b7637d,args.out_dir only,PASS
仿真文件(1).zip!/仿真文件/仿真.zip!/仿真/DZ3_A0_Hunter_F1to10_C40_Final20_P1_1800s/stage1_60s/family_007/candidate_023_seed_733587778/config.json,a4b15212b4357067800d3ffeb0f47f0b7b7b94da278bcf8152f42a7a7c2bc133,args.out_dir only,PASS
仿真文件(1).zip!/仿真文件/仿真.zip!/仿真/DZ3_A0_Hunter_F1to10_C40_Final20_P1_1800s/stage1_60s/family_010/candidate_037_seed_674980032/config.json,a26e595a4a12e319468692597e314f6d3c0cdc151b795e8a1a9f88844e24ef31,args.out_dir only,PASS
仿真文件(1).zip!/仿真文件/仿真.zip!/仿真/DZ3_A0_Hunter_F1to10_C40_Final20_P1_1800s/stage1_60s/family_004/candidate_034_seed_2080767491/config.json,e906ee06086ccece334d84a8044ead1f9570c1b7c94508ba62227f56a9019634,args.out_dir only,PASS
仿真文件(1).zip!/仿真文件/仿真.zip!/仿真/DZ3_A0_Hunter_F1to10_C40_Final20_P1_1800s/stage1_60s/family_004/candidate_007_seed_2083673626/config.json,889aaab28b889a9697a50babce551101fdbdbade193399a11724d3732ef360e8,args.out_dir only,PASS
仿真文件(1).zip!/仿真文件/仿真.zip!/仿真/DZ3_A0_Hunter_F1to10_C40_Final20_P1_1800s/stage1_60s/family_007/candidate_034_seed_2137820579/config.json,55b0e6d5b19b0ef28902686fa1a51cd919e60bf7529e3d5ac7024f88480c5d45,args.out_dir only,PASS
仿真文件(1).zip!/仿真文件/仿真.zip!/仿真/DZ3_A0_Hunter_F1to10_C40_Final20_P1_1800s/stage1_60s/family_002/candidate_016_seed_118426479/config.json,cdacd23aedea4b10253655ffc836b9b31bfef6ee541fd446bba16b002af6577d,args.out_dir only,PASS
仿真文件(1).zip!/仿真文件/仿真.zip!/仿真/DZ3_A0_Hunter_F1to10_C40_Final20_P1_1800s/stage1_60s/family_002/candidate_026_seed_929067548/config.json,13b7d4a6b552085c0390c66d3569bacad8b5190b700b2a3bfc69779a1ba14b23,args.out_dir only,PASS
仿真文件(1).zip!/仿真文件/仿真.zip!/仿真/DZ3_A0_Hunter_F1to10_C40_Final20_P1_1800s/stage1_60s/family_010/candidate_034_seed_311373735/config.json,34b99164af678047688bd2f1e4d34580bba1bbbc71e93fb25ccd968640be2053,args.out_dir only,PASS
仿真文件(1).zip!/仿真文件/仿真.zip!/仿真/DZ3_A0_Hunter_F1to10_C40_Final20_P1_1800s/stage1_60s/family_005/candidate_033_seed_248528774/config.json,ccca1e9edfcfefcc47de523bab21d79bc032ff9b0db304f0478835e2cfce58c6,args.out_dir only,PASS
仿真文件(1).zip!/仿真文件/仿真.zip!/仿真/DZ3_A0_Hunter_F1to10_C40_Final20_P1_1800s/stage1_60s/family_009/candidate_023_seed_1936474743/config.json,bd50ab8e510f735853702753eba88bab067ce4b10acbff2ff0e9a933a0df5823,args.out_dir only,PASS
仿真文件(1).zip!/仿真文件/仿真.zip!/仿真/DZ3_A0_Hunter_F1to10_C40_Final20_P1_1800s/stage1_60s/family_004/candidate_027_seed_299455047/config.json,49e51de04a566f2c6412ba725b52484c19dbb2e37e569a84975beba643c44323,args.out_dir only,PASS
仿真文件(1).zip!/仿真文件/仿真.zip!/仿真/DZ3_A0_Hunter_F1to10_C40_Final20_P1_1800s/stage1_60s/family_003/candidate_027_seed_1430942358/config.json,e05f8eabec9d1e2ec66fc3a33815d76d6b9b923b4da4a80fa0634b477eaf88f7,args.out_dir only,PASS
仿真文件(1).zip!/仿真文件/仿真.zip!/仿真/DZ3_A0_Hunter_F1to10_C40_Final20_P1_1800s/stage1_60s/family_003/candidate_038_seed_1495112467/config.json,c6ae71ec209a714d94e68b1118047f5b8ba7eb3911104dacde486a70b1a5b1bd,args.out_dir only,PASS
仿真文件(1).zip!/仿真文件/仿真.zip!/仿真/DZ3_A0_Hunter_F1to10_C40_Final20_P1_1800s/stage1_60s/family_002/candidate_021_seed_656492380/config.json,adaee877eb06e51a6112479c4a58790d40fad29bc0e59187690447cf67dd7e26,args.out_dir only,PASS
仿真文件(1).zip!/仿真文件/仿真.zip!/仿真/DZ3_A0_Hunter_F1to10_C40_Final20_P1_1800s/stage1_60s/family_003/candidate_005_seed_389477914/config.json,4723ad9f236cdc3b5db14719ee5d2a2635d0f5aa95793eaa6fb7739bd1150ad6,args.out_dir only,PASS
仿真文件(1).zip!/仿真文件/仿真.zip!/仿真/DZ3_A0_Hunter_F1to10_C40_Final20_P1_1800s/stage1_60s/family_004/candidate_035_seed_1231563123/config.json,f7291e0c9a4e89ebcc54013b3988281b57ae4281c0df309e731e5aeefa4e566f,args.out_dir only,PASS
仿真文件(1).zip!/仿真文件/仿真.zip!/仿真/DZ3_A0_Hunter_F1to10_C40_Final20_P1_1800s/stage1_60s/family_006/candidate_018_seed_1460112058/config.json,9acca50537b2cb1f885e1bd7cb3d1879ae5c166e1571e9e3a91649def9281d27,args.out_dir only,PASS
仿真文件(1).zip!/仿真文件/仿真.zip!/仿真/DZ3_A0_Hunter_F1to10_C40_Final20_P1_1800s/stage1_60s/family_003/candidate_002_seed_183930185/config.json,416550a0884672dfa72d9fa47ca473f0492720f8081f22f92ce21b5436995b7c,args.out_dir only,PASS
仿真文件(1).zip!/仿真文件/仿真.zip!/仿真/DZ3_A0_Hunter_F1to10_C40_Final20_P1_1800s/stage1_60s/family_005/candidate_026_seed_934042755/config.json,bffc388a611906ce4775959da46e7b11a00228841983679325807ea739fa835a,args.out_dir only,PASS
仿真文件(1).zip!/仿真文件/仿真.zip!/仿真/DZ3_A0_Hunter_F1to10_C40_Final20_P1_1800s/stage1_60s/family_004/candidate_028_seed_1694250174/config.json,e79f93a29ff17c8b2d00f78ea53e05a4004647fec4fa6838c555e04716c49c45,args.out_dir only,PASS
仿真文件(1).zip!/仿真文件/仿真.zip!/仿真/DZ3_A0_Hunter_F1to10_C40_Final20_P1_1800s/stage1_60s/family_003/candidate_007_seed_1866662801/config.json,439ae9fcea7dc97011435c359ac36084e856fe79270bf115afbe4783697cd253,args.out_dir only,PASS
仿真文件(1).zip!/仿真文件/仿真.zip!/仿真/DZ3_A0_Hunter_F1to10_C40_Final20_P1_1800s/stage1_60s/family_006/candidate_032_seed_1686227694/config.json,b5f24458d75099ba8bffe5cfffd7ca2018a11d9cd697f183658d4d3e2bfa937d,args.out_dir only,PASS
仿真文件(1).zip!/仿真文件/仿真.zip!/仿真/DZ3_A0_Hunter_F1to10_C40_Final20_P1_1800s/stage1_60s/family_010/candidate_009_seed_1788575728/config.json,b0efbfba9dd7675aa2e8ea9caf153fc64e305be481cbef98028297282d43f6c4,args.out_dir only,PASS
仿真文件(1).zip!/仿真文件/仿真.zip!/仿真/DZ3_A0_Hunter_F1to10_C40_Final20_P1_1800s/stage1_60s/family_002/candidate_020_seed_1411826648/config.json,2b19075be5a4037ce904fa6c4533404d503a46b71667bec2b316770dc111e7c9,args.out_dir only,PASS
仿真文件(1).zip!/仿真文件/仿真.zip!/仿真/DZ3_A0_Hunter_F1to10_C40_Final20_P1_1800s/stage1_60s/family_010/candidate_028_seed_1617703435/config.json,b380a7e0bf593a5822d9dafb0e707057fc2f93718d3db117cfc79a5199ae971e,args.out_dir only,PASS
仿真文件(1).zip!/仿真文件/仿真.zip!/仿真/DZ3_A0_Hunter_F1to10_C40_Final20_P1_1800s/stage1_60s/family_008/candidate_033_seed_65241235/config.json,91521b5b6aea24046f63d06da3e018069575d409694f1b654a9a774ae8cdcb8d,args.out_dir only,PASS
仿真文件(1).zip!/仿真文件/仿真.zip!/仿真/DZ3_A0_Hunter_F1to10_C40_Final20_P1_1800s/stage1_60s/family_006/candidate_008_seed_804225679/config.json,9f204db5c21b86bee4efe6b39e3118ad3a85d1ab1c61a21c293952e0db1802a8,args.out_dir only,PASS
仿真文件(1).zip!/仿真文件/仿真.zip!/仿真/DZ3_A0_Hunter_F1to10_C40_Final20_P1_1800s/stage1_60s/family_001/candidate_030_seed_651105937/config.json,e2441bc642f3e94042036bd7037c2d980bd1657b9a73e02afb70ef57dfe24b1e,args.out_dir only,PASS
仿真文件(1).zip!/仿真文件/仿真.zip!/仿真/DZ3_A0_Hunter_F1to10_C40_Final20_P1_1800s/stage1_60s/family_005/candidate_013_seed_1226609121/config.json,39b77da2dfb41064de6e025359548eeed1bbbb2c64e4e41e5686683ab87142e1,args.out_dir only,PASS
仿真文件(1).zip!/仿真文件/仿真.zip!/仿真/DZ3_A0_Hunter_F1to10_C40_Final20_P1_1800s/stage1_60s/family_006/candidate_029_seed_1258165683/config.json,69b1a9e6746513b3f9d043fe85764e072d1e3c603bfcfa150afe01ace480ae05,args.out_dir only,PASS
仿真文件(1).zip!/仿真文件/仿真.zip!/仿真/DZ3_A0_Hunter_F1to10_C40_Final20_P1_1800s/stage1_60s/family_006/candidate_015_seed_1622851427/config.json,9b9738c496cee352393019255c4c6f2625eb09258e3bb8130aa5c625d9852b30,args.out_dir only,PASS
仿真文件(1).zip!/仿真文件/仿真.zip!/仿真/DZ3_A0_Hunter_F1to10_C40_Final20_P1_1800s/stage1_60s/family_007/candidate_021_seed_1753345571/config.json,49571686d4990fe52a1861045893b00be15e5863beaba390f7c2ae5a6a80cbd2,args.out_dir only,PASS
仿真文件(1).zip!/仿真文件/仿真.zip!/仿真/DZ3_A0_Hunter_F1to10_C40_Final20_P1_1800s/stage1_60s/family_006/candidate_007_seed_1412471217/config.json,64542b2e59b627b01db6da7196471582f90620a09ac70e4d0c4da89ad23b2d58,args.out_dir only,PASS
仿真文件(1).zip!/仿真文件/仿真.zip!/仿真/DZ3_A0_Hunter_F1to10_C40_Final20_P1_1800s/stage1_60s/family_001/candidate_023_seed_1799343697/config.json,dc3cf673b59a38aaa8ff18b1f890830044c9e0ef4eff2a077bb8fc9bb97c368b,args.out_dir only,PASS
仿真文件(1).zip!/仿真文件/仿真.zip!/仿真/DZ3_A0_Hunter_F1to10_C40_Final20_P1_1800s/stage1_60s/family_002/candidate_031_seed_471880638/config.json,5362cc85746a42766195696ecd2a100875ef0b4eda51da9d0c5b2501fd328fb8,args.out_dir only,PASS
仿真文件(1).zip!/仿真文件/仿真.zip!/仿真/DZ3_A0_Hunter_F1to10_C40_Final20_P1_1800s/stage1_60s/family_010/candidate_033_seed_1813750616/config.json,41bdbd083040983c3ec110e7243c59e51a625e0236315a469ffee4722250622f,args.out_dir only,PASS
仿真文件(1).zip!/仿真文件/仿真.zip!/仿真/DZ3_A0_Hunter_F1to10_C40_Final20_P1_1800s/stage1_60s/family_010/candidate_014_seed_1479694572/config.json,6e9a67d6c242051d8eb5263e95e112e0965074c62981993567ace3ef6316b4e4,args.out_dir only,PASS
仿真文件(1).zip!/仿真文件/仿真.zip!/仿真/DZ3_A0_Hunter_F1to10_C40_Final20_P1_1800s/stage1_60s/family_008/candidate_003_seed_503597500/config.json,fa3359304c667ae704b3062d53f3cd598522abe12a4d66188558bbd949f53e6b,args.out_dir only,PASS
仿真文件(1).zip!/仿真文件/仿真.zip!/仿真/DZ3_A0_Hunter_F1to10_C40_Final20_P1_1800s/stage1_60s/family_009/candidate_012_seed_1965763839/config.json,0c951a8a28e4f976aa53b7a7960987b6821771951b8343824cab15f51ed9486a,args.out_dir only,PASS
仿真文件(1).zip!/仿真文件/仿真.zip!/仿真/DZ3_A0_Hunter_F1to10_C40_Final20_P1_1800s/stage1_60s/family_007/candidate_003_seed_1469265225/config.json,57c91071522306b7c977997ffd946873bd51fde45dabde020cd83f8c1978d1f5,args.out_dir only,PASS
仿真文件(1).zip!/仿真文件/仿真.zip!/仿真/DZ3_A0_Hunter_F1to10_C40_Final20_P1_1800s/stage1_60s/family_004/candidate_030_seed_2113452473/config.json,ce559223f6a9113855968b97a79a3cb2f0b5df5ce5ccf843c08db31b085102aa,args.out_dir only,PASS
仿真文件(1).zip!/仿真文件/仿真.zip!/仿真/DZ3_A0_Hunter_F1to10_C40_Final20_P1_1800s/stage1_60s/family_009/candidate_028_seed_1783745952/config.json,d5ef0650c6cd3346ca7d7d2bd99a22af81730ea567f79caa06cfd49c5d3701b4,args.out_dir only,PASS
仿真文件(1).zip!/仿真文件/仿真.zip!/仿真/DZ3_A0_Hunter_F1to10_C40_Final20_P1_1800s/stage1_60s/family_005/candidate_009_seed_2103511157/config.json,c8e46628816fa895a89a64cc0f46ec4e50d0f65b75adfd101c9960d202339901,args.out_dir only,PASS
仿真文件(1).zip!/仿真文件/仿真.zip!/仿真/DZ3_A0_Hunter_F1to10_C40_Final20_P1_1800s/stage1_60s/family_010/candidate_017_seed_17445413/config.json,789364cea527e19999d356ea7b7d875f871e67611cb6948e05ee58c069f278eb,args.out_dir only,PASS
仿真文件(1).zip!/仿真文件/仿真.zip!/仿真/DZ3_A0_Hunter_F1to10_C40_Final20_P1_1800s/stage1_60s/family_009/candidate_037_seed_2080164268/config.json,115149c84b684fded472d6746fbb2edb0925f810cb1bd02d28d88107e257b2a4,args.out_dir only,PASS
仿真文件(1).zip!/仿真文件/仿真.zip!/仿真/DZ3_A0_Hunter_F1to10_C40_Final20_P1_1800s/stage1_60s/family_002/candidate_011_seed_1746310707/config.json,55180fe12462b702689a01f32c0282cfe4574f226dec242968f25716e4583ce3,args.out_dir only,PASS
仿真文件(1).zip!/仿真文件/仿真.zip!/仿真/DZ3_A0_Hunter_F1to10_C40_Final20_P1_1800s/stage1_60s/family_003/candidate_039_seed_1866714245/config.json,501ada70d850db99cfb09c0eb1ad341343e72a8c271564d27c52bfa16d6c7f00,args.out_dir only,PASS
仿真文件(1).zip!/仿真文件/仿真.zip!/仿真/DZ3_A0_Hunter_F1to10_C40_Final20_P1_1800s/stage1_60s/family_003/candidate_003_seed_385346042/config.json,cd2fc83ad81ff0413f19b54f1ee1ca00e089555bf8236af5670a70ca774bf832,args.out_dir only,PASS
仿真文件(1).zip!/仿真文件/仿真.zip!/仿真/DZ3_A0_Hunter_F1to10_C40_Final20_P1_1800s/stage1_60s/family_001/candidate_040_seed_563313608/config.json,96c429dd0224d2102a71fa5994c488d5fb674f90421571aa8facc3b11dfdcdfc,args.out_dir only,PASS
仿真文件(1).zip!/仿真文件/仿真.zip!/仿真/DZ3_A0_Hunter_F1to10_C40_Final20_P1_1800s/stage1_60s/family_005/candidate_003_seed_48647418/config.json,0385e0fccc38b8e47feda92e5bcc7ee9e31d2aa208ffbc3fd078612af84aaa37,args.out_dir only,PASS
仿真文件(1).zip!/仿真文件/仿真.zip!/仿真/DZ3_A0_Hunter_F1to10_C40_Final20_P1_1800s/stage1_60s/family_006/candidate_027_seed_2086271661/config.json,572f73ca82225afaa2db45cd4cbea77b8e5387ed3b6cb08563940f8ba4c12613,args.out_dir only,PASS
仿真文件(1).zip!/仿真文件/仿真.zip!/仿真/DZ3_A0_Hunter_F1to10_C40_Final20_P1_1800s/stage1_60s/family_007/candidate_033_seed_1094029748/config.json,131d2de73c33e4b7b535dfc27ffee542ed0e847e83a57c7e7c9867d4ff1648ee,args.out_dir only,PASS
仿真文件(1).zip!/仿真文件/仿真.zip!/仿真/DZ3_A0_Hunter_F1to10_C40_Final20_P1_1800s/stage1_60s/family_003/candidate_004_seed_508546690/config.json,f9f9fd835555ba9f56eab3db3e42db112228a8c8f6650dddf26521eb61c226fa,args.out_dir only,PASS
仿真文件(1).zip!/仿真文件/仿真.zip!/仿真/DZ3_A0_Hunter_F1to10_C40_Final20_P1_1800s/stage1_60s/family_006/candidate_026_seed_19103596/config.json,d68d5724e9a469a1e23699791a4755d80887fe812ad28ac1bc355d37cd57dc6c,args.out_dir only,PASS
仿真文件(1).zip!/仿真文件/仿真.zip!/仿真/DZ3_A0_Hunter_F1to10_C40_Final20_P1_1800s/stage1_60s/family_009/candidate_033_seed_2061899946/config.json,408efb59367cc5b46648f3968556537b9789d356b64dcb00d4cae0164e968e1e,args.out_dir only,PASS
仿真文件(1).zip!/仿真文件/仿真.zip!/仿真/DZ3_A0_Hunter_F1to10_C40_Final20_P1_1800s/stage1_60s/family_007/candidate_039_seed_732347574/config.json,b0779f8ff5e66e7c6cd826021f44e2609b04f175588007d47776101a5e955a12,args.out_dir only,PASS
仿真文件(1).zip!/仿真文件/仿真.zip!/仿真/DZ3_A0_Hunter_F1to10_C40_Final20_P1_1800s/stage1_60s/family_005/candidate_014_seed_877189528/config.json,bc0b03040a4ebe6fc266f02dfde50c0045ac332c9f1692f71f525dc6ca723cf7,args.out_dir only,PASS
仿真文件(1).zip!/仿真文件/仿真.zip!/仿真/DZ3_A0_Hunter_F1to10_C40_Final20_P1_1800s/stage1_60s/family_009/candidate_020_seed_938982929/config.json,7468297e3a9e9f693da7090209f51ff2c40f597cbf86b2a87dcedea53666e91f,args.out_dir only,PASS
仿真文件(1).zip!/仿真文件/仿真.zip!/仿真/DZ3_A0_Hunter_F1to10_C40_Final20_P1_1800s/stage1_60s/family_007/candidate_030_seed_1083509134/config.json,82734f8257d918ec03959190543f4cc78098aa651dfd41eb016e444957da1412,args.out_dir only,PASS
仿真文件(1).zip!/仿真文件/仿真.zip!/仿真/DZ3_A0_Hunter_F1to10_C40_Final20_P1_1800s/stage1_60s/family_010/candidate_032_seed_2004543851/config.json,6ad3f91dfc4a1af13b4ac3c5bfa2dad4cf37afcde60c1e4229a9c9ec6c97cc09,args.out_dir only,PASS
仿真文件(1).zip!/仿真文件/仿真.zip!/仿真/DZ3_A0_Hunter_F1to10_C40_Final20_P1_1800s/stage1_60s/family_002/candidate_008_seed_197387982/config.json,b3021e4825c03871d72c1539176d793eec828e835194129eb269f0ca8b40e485,args.out_dir only,PASS
仿真文件(1).zip!/仿真文件/仿真.zip!/仿真/DZ3_A0_Hunter_F1to10_C40_Final20_P1_1800s/stage1_60s/family_002/candidate_025_seed_1608849034/config.json,136fcc7da7fa29f822635083ac27371a71f6e777b44a1bd8f025c4174e9cc93c,args.out_dir only,PASS
仿真文件(1).zip!/仿真文件/仿真.zip!/仿真/DZ3_A0_Hunter_F1to10_C40_Final20_P1_1800s/stage1_60s/family_010/candidate_020_seed_2054982943/config.json,9b0f647a0f39b991ffe2df36ec7dc360c5d0829b32e6287df623e3b6da9c2804,args.out_dir only,PASS
仿真文件(1).zip!/仿真文件/仿真.zip!/仿真/DZ3_A0_Hunter_F1to10_C40_Final20_P1_1800s/stage1_60s/family_005/candidate_012_seed_823278402/config.json,bdf479a4fdbb554abd677cfe0c5ab40fc45480e06181c0566b4d991ed43037df,args.out_dir only,PASS
仿真文件(1).zip!/仿真文件/仿真.zip!/仿真/DZ3_A0_Hunter_F1to10_C40_Final20_P1_1800s/stage1_60s/family_002/candidate_040_seed_402121831/config.json,25fd50ee997ebae509b1b079fbf873361792b9d4aad71b6106e9cf1cda3cf462,args.out_dir only,PASS
仿真文件(1).zip!/仿真文件/仿真.zip!/仿真/DZ3_A0_Hunter_F1to10_C40_Final20_P1_1800s/stage1_60s/family_005/candidate_023_seed_1611168693/config.json,23ac08a1479fd92820087ca4dc1397088ec600a23739a9f59d4140ffcfac8a77,args.out_dir only,PASS
仿真文件(1).zip!/仿真文件/仿真.zip!/仿真/DZ3_A0_Hunter_F1to10_C40_Final20_P1_1800s/stage1_60s/family_004/candidate_019_seed_471704329/config.json,c4a1adcbd3b9344d867f165ca7b7d58c1a2d747ca050d041fae54f2bd3d7aba2,args.out_dir only,PASS
仿真文件(1).zip!/仿真文件/仿真.zip!/仿真/DZ3_A0_Hunter_F1to10_C40_Final20_P1_1800s/stage1_60s/family_005/candidate_016_seed_97227738/config.json,950eac839e912603479f19f764b609ea491e240d619c4fff3f0b88b8cfaa430f,args.out_dir only,PASS
仿真文件(1).zip!/仿真文件/仿真.zip!/仿真/DZ3_A0_Hunter_F1to10_C40_Final20_P1_1800s/stage1_60s/family_006/candidate_025_seed_1817346418/config.json,45b8e33432466021e78d96c8b64219e328985e65c09dfec75582e73ccbc41b2f,args.out_dir only,PASS
仿真文件(1).zip!/仿真文件/仿真.zip!/仿真/DZ3_A0_Hunter_F1to10_C40_Final20_P1_1800s/stage1_60s/family_009/candidate_019_seed_1712926925/config.json,cdb1beca67f2be41ae8968be18ea6d83ee7c4822710c2558453b2123abd9f5c0,args.out_dir only,PASS
仿真文件(1).zip!/仿真文件/仿真.zip!/仿真/DZ3_A0_Hunter_F1to10_C40_Final20_P1_1800s/stage1_60s/family_009/candidate_007_seed_1433488763/config.json,8d84674f6082822baad5fbeccab25f7db0d18acd2c1fef01c1a308de367e465b,args.out_dir only,PASS
仿真文件(1).zip!/仿真文件/仿真.zip!/仿真/DZ3_A0_Hunter_F1to10_C40_Final20_P1_1800s/stage1_60s/family_003/candidate_013_seed_1334076656/config.json,61b3ab3ca276652e642b012edd4a14f81668246e31ef37182de4865417280306,args.out_dir only,PASS
仿真文件(1).zip!/仿真文件/仿真.zip!/仿真/DZ3_A0_Hunter_F1to10_C40_Final20_P1_1800s/stage1_60s/family_004/candidate_029_seed_2071155659/config.json,971aec1020c5b79e7f056b7f3bb69a4c84c6e017712a30554515a34430fe5194,args.out_dir only,PASS
仿真文件(1).zip!/仿真文件/仿真.zip!/仿真/DZ3_A0_Hunter_F1to10_C40_Final20_P1_1800s/stage1_60s/family_010/candidate_002_seed_2052998037/config.json,7e14aaed08c4ffdd26bc4fcc1bda5a222a651ef875e026deb640e9d085ca1005,args.out_dir only,PASS
仿真文件(1).zip!/仿真文件/仿真.zip!/仿真/DZ3_A0_Hunter_F1to10_C40_Final20_P1_1800s/stage1_60s/family_001/candidate_017_seed_1382612244/config.json,e7cac909768525f7fc8ea1a9c79ea56b7068e447e907226bea4ff9901c494678,args.out_dir only,PASS
仿真文件(1).zip!/仿真文件/仿真.zip!/仿真/DZ3_A0_Hunter_F1to10_C40_Final20_P1_1800s/stage1_60s/family_003/candidate_032_seed_2053568291/config.json,0c3a73a4efeafb71e581088226a28314090c6c641a42c10e59a1c772502400a0,args.out_dir only,PASS
仿真文件(1).zip!/仿真文件/仿真.zip!/仿真/DZ3_A0_Hunter_F1to10_C40_Final20_P1_1800s/stage1_60s/family_001/candidate_013_seed_586626705/config.json,d063711fd3a6e65bc208f3563847fff661a976867534dc46062fdc3cf57d0a32,args.out_dir only,PASS
仿真文件(1).zip!/仿真文件/仿真.zip!/仿真/DZ3_A0_Hunter_F1to10_C40_Final20_P1_1800s/stage1_60s/family_002/candidate_033_seed_2007792139/config.json,f56d4eacc3d6388ddadb50adda73daa94286fa91bf517909ed583270fe9a3901,args.out_dir only,PASS
仿真文件(1).zip!/仿真文件/仿真.zip!/仿真/DZ3_A0_Hunter_F1to10_C40_Final20_P1_1800s/stage1_60s/family_010/candidate_006_seed_1779071843/config.json,ce0cabcca7616225ef3402805cd233de2f2689e536b692524ad12ba2d2a3dfd0,args.out_dir only,PASS
仿真文件(1).zip!/仿真文件/仿真.zip!/仿真/DZ3_A0_Hunter_F1to10_C40_Final20_P1_1800s/stage1_60s/family_003/candidate_011_seed_713397379/config.json,bc8c4b8e914c0a7caa1eea44009140fa0eaa4b5b04cde03d8270598e565d4c91,args.out_dir only,PASS
仿真文件(1).zip!/仿真文件/仿真.zip!/仿真/DZ3_A0_Hunter_F1to10_C40_Final20_P1_1800s/stage1_60s/family_006/candidate_035_seed_569500762/config.json,b084c762d75e91784a37c844877bfb65942891eed684fd331aec5e93b55ae40a,args.out_dir only,PASS
仿真文件(1).zip!/仿真文件/仿真.zip!/仿真/DZ3_A0_Hunter_F1to10_C40_Final20_P1_1800s/stage1_60s/family_006/candidate_040_seed_928775535/config.json,77ac5c810ed6a0b1d1b62134f79d5d898b7c6c0e4155e3681fbf106105c131bb,args.out_dir only,PASS
仿真文件(1).zip!/仿真文件/仿真.zip!/仿真/DZ3_A0_Hunter_F1to10_C40_Final20_P1_1800s/stage1_60s/family_007/candidate_001_seed_2029167940/config.json,4790a9e11ea8bdcc9c4a13a7f996e893d901e7374c07a289c8f4ab1b298e1c49,args.out_dir only,PASS
仿真文件(1).zip!/仿真文件/仿真.zip!/仿真/DZ3_A0_Hunter_F1to10_C40_Final20_P1_1800s/stage1_60s/family_002/candidate_015_seed_1890275150/config.json,66ff3f74fccbbf3492ce2167f2b807548d72697d51a16996918d13e40b2fd8a0,args.out_dir only,PASS
仿真文件(1).zip!/仿真文件/仿真.zip!/仿真/DZ3_A0_Hunter_F1to10_C40_Final20_P1_1800s/stage1_60s/family_006/candidate_013_seed_916926068/config.json,0ec4b3ff20646514abd8450efac115920e015e15f7fbe55629b0c0593249d893,args.out_dir only,PASS
仿真文件(1).zip!/仿真文件/仿真.zip!/仿真/DZ3_A0_Hunter_F1to10_C40_Final20_P1_1800s/stage1_60s/family_003/candidate_008_seed_1250183451/config.json,01d51a5095d17fc709f237db0e34286d6e356a827996ae867d360fca46adeb89,args.out_dir only,PASS
仿真文件(1).zip!/仿真文件/仿真.zip!/仿真/DZ3_A0_Hunter_F1to10_C40_Final20_P1_1800s/stage1_60s/family_010/candidate_026_seed_1236436360/config.json,e17df826840f905f88866e151f8630a42639f252259943b4c898429a463f442c,args.out_dir only,PASS
仿真文件(1).zip!/仿真文件/仿真.zip!/仿真/DZ3_A0_Hunter_F1to10_C40_Final20_P1_1800s/stage1_60s/family_008/candidate_030_seed_1747681612/config.json,0d0720650384d8b5c74a53da451f6134ea19855efb47d36c535b888a598fab98,args.out_dir only,PASS
仿真文件(1).zip!/仿真文件/仿真.zip!/仿真/DZ3_A0_Hunter_F1to10_C40_Final20_P1_1800s/stage1_60s/family_009/candidate_017_seed_28050645/config.json,dc91274731b9573643ebf1f8c9622a46bc81fa37d3e0c23c95b407826449ac9c,args.out_dir only,PASS
仿真文件(1).zip!/仿真文件/仿真.zip!/仿真/DZ3_A0_Hunter_F1to10_C40_Final20_P1_1800s/stage1_60s/family_002/candidate_037_seed_816411670/config.json,24e4ae1442960ef9cc594f775b6e3fab8117a3c0873eeaf86559135a12cb898f,args.out_dir only,PASS
仿真文件(1).zip!/仿真文件/仿真.zip!/仿真/DZ3_A0_Hunter_F1to10_C40_Final20_P1_1800s/stage1_60s/family_002/candidate_036_seed_1466870535/config.json,5d3c4c61f973e97e409217a58ee6171d956049f5592b4dc942bf6b3f76c0d0be,args.out_dir only,PASS
仿真文件(1).zip!/仿真文件/仿真.zip!/仿真/DZ3_A0_Hunter_F1to10_C40_Final20_P1_1800s/stage1_60s/family_007/candidate_038_seed_1336119720/config.json,dde9058f4fbb655cc3f2eef48fc2a93669966e0c163c8899c72026c00a78552a,args.out_dir only,PASS
仿真文件(1).zip!/仿真文件/仿真.zip!/仿真/DZ3_A0_Hunter_F1to10_C40_Final20_P1_1800s/stage1_60s/family_008/candidate_017_seed_86214689/config.json,a9d31bb746b19d828effc173d0910133dbe6a7db635ea46138cfc21a98d4c208,args.out_dir only,PASS
仿真文件(1).zip!/仿真文件/仿真.zip!/仿真/DZ3_A0_Hunter_F1to10_C40_Final20_P1_1800s/stage1_60s/family_001/candidate_004_seed_2041105244/config.json,648bd713680716b581f0ca9fd881744849876adaef455df89ba16a26d6af31b5,args.out_dir only,PASS
仿真文件(1).zip!/仿真文件/仿真.zip!/仿真/DZ3_A0_Hunter_F1to10_C40_Final20_P1_1800s/stage1_60s/family_008/candidate_020_seed_1028570480/config.json,ba2ae77f7dadb5c699013f288e99d62df5e099463a68a6b99f67b079c5779610,args.out_dir only,PASS
仿真文件(1).zip!/仿真文件/仿真.zip!/仿真/DZ3_A0_Hunter_F1to10_C40_Final20_P1_1800s/stage1_60s/family_004/candidate_020_seed_1168105262/config.json,34e871ff8562955794a57da596190ade29538709a1d2408074bcc5e9093c0b91,args.out_dir only,PASS
仿真文件(1).zip!/仿真文件/仿真.zip!/仿真/DZ3_A0_Hunter_F1to10_C40_Final20_P1_1800s/stage1_60s/family_008/candidate_002_seed_702167616/config.json,103a67d60e309b8c809d616a05595d1e3946a696a7858325e5b11f9310b6213a,args.out_dir only,PASS
仿真文件(1).zip!/仿真文件/仿真.zip!/仿真/DZ3_A0_Hunter_F1to10_C40_Final20_P1_1800s/stage1_60s/family_007/candidate_022_seed_650757180/config.json,24ab8a821affb7c808b24579c8aeca2491fc0d82f9ca14eb69da805cb7798a4a,args.out_dir only,PASS
仿真文件(1).zip!/仿真文件/仿真.zip!/仿真/DZ3_A0_Hunter_F1to10_C40_Final20_P1_1800s/stage1_60s/family_007/candidate_012_seed_1875941738/config.json,5b060bdec282c58fd113f8485688a490ae24e97061f0a1b55c9dbc54d4ddf5c1,args.out_dir only,PASS
仿真文件(1).zip!/仿真文件/仿真.zip!/仿真/DZ3_A0_Hunter_F1to10_C40_Final20_P1_1800s/stage1_60s/family_010/candidate_036_seed_1601121310/config.json,2d323aa5069128be59048d760a0dbc226086b2c56c0193fc2b16ee69f320343f,args.out_dir only,PASS
仿真文件(1).zip!/仿真文件/仿真.zip!/仿真/DZ3_A0_Hunter_F1to10_C40_Final20_P1_1800s/stage1_60s/family_010/candidate_023_seed_154274979/config.json,48c114078c3206155facd5429dd242c50346892de385e039d4f8461da2933bf6,args.out_dir only,PASS
仿真文件(1).zip!/仿真文件/仿真.zip!/仿真/DZ3_A0_Hunter_F1to10_C40_Final20_P1_1800s/stage1_60s/family_009/candidate_032_seed_1684936827/config.json,3a33d7cbdb7615b90a6e50eeaa06c51f3a70059f65997fdf833ee0dfab0838ef,args.out_dir only,PASS
仿真文件(1).zip!/仿真文件/仿真.zip!/仿真/DZ3_A0_Hunter_F1to10_C40_Final20_P1_1800s/stage1_60s/family_008/candidate_037_seed_966147481/config.json,4a20b533010a9d0495afee4d863b9b268f727000789d75c109e25d1e43ef5324,args.out_dir only,PASS
仿真文件(1).zip!/仿真文件/仿真.zip!/仿真/DZ3_A0_Hunter_F1to10_C40_Final20_P1_1800s/stage1_60s/family_009/candidate_011_seed_1965526453/config.json,7cd4d6ec696b17eaff9d9f5a8d9dbf2073d2022bf007ab7ae02cd52dea31cdb5,args.out_dir only,PASS
仿真文件(1).zip!/仿真文件/仿真.zip!/仿真/DZ3_A0_Hunter_F1to10_C40_Final20_P1_1800s/stage1_60s/family_009/candidate_014_seed_1847681291/config.json,510ddb5a7338a5dc1c07bb9990046241d4758538c9de17260ee58e2b5a90afda,args.out_dir only,PASS
仿真文件(1).zip!/仿真文件/仿真.zip!/仿真/DZ3_A0_Hunter_F1to10_C40_Final20_P1_1800s/stage1_60s/family_009/candidate_025_seed_1446612636/config.json,d0f68426fa047b72a5f5654140a524e84a32800adaed609175c5daa1f39286cb,args.out_dir only,PASS
仿真文件(1).zip!/仿真文件/仿真.zip!/仿真/DZ3_A0_Hunter_F1to10_C40_Final20_P1_1800s/stage1_60s/family_003/candidate_029_seed_371155108/config.json,3894806672defc34c007c8ad381699289bdf7b88e8fcbe6f085134fd7917ba4a,args.out_dir only,PASS
仿真文件(1).zip!/仿真文件/仿真.zip!/仿真/DZ3_A0_Hunter_F1to10_C40_Final20_P1_1800s/stage1_60s/family_002/candidate_014_seed_403514481/config.json,ee1c4fc17369412fb95334992ee5c8402b1fdc0fb699c5cd8ef5973e59f330a9,args.out_dir only,PASS
仿真文件(1).zip!/仿真文件/仿真.zip!/仿真/DZ3_A0_Hunter_F1to10_C40_Final20_P1_1800s/stage1_60s/family_007/candidate_026_seed_547328271/config.json,3b2648efbe7aebec8a30394c7e6c20878b9331a47fd179e29bc047d783d314d8,args.out_dir only,PASS
仿真文件(1).zip!/仿真文件/仿真.zip!/仿真/DZ3_A0_Hunter_F1to10_C40_Final20_P1_1800s/stage1_60s/family_009/candidate_006_seed_1295250788/config.json,e3dee04424e8e7384f0b64148e8e2d3f573049b7aaa317702a71d8f28f9c75a7,args.out_dir only,PASS
仿真文件(1).zip!/仿真文件/仿真.zip!/仿真/DZ3_A0_Hunter_F1to10_C40_Final20_P1_1800s/stage1_60s/family_001/candidate_015_seed_551886180/config.json,cf24d7d2430694b5d2eb5a910f94fe8959ca2928bb2856d9f2e5da08cddbefdd,args.out_dir only,PASS
仿真文件(1).zip!/仿真文件/仿真.zip!/仿真/DZ3_A0_Hunter_F1to10_C40_Final20_P1_1800s/stage1_60s/family_009/candidate_036_seed_1514692595/config.json,ac504fd5f476c1d4d13109e0f8da5f1cc28df741ba395591cc8605ea9609ee7f,args.out_dir only,PASS
仿真文件(1).zip!/仿真文件/仿真.zip!/仿真/DZ3_A0_Hunter_F1to10_C40_Final20_P1_1800s/stage1_60s/family_006/candidate_020_seed_264081163/config.json,edc56efdaa02913bd216b95b76b03681a717e3086cc8cd402aee9ccb32af9ca7,args.out_dir only,PASS
仿真文件(1).zip!/仿真文件/仿真.zip!/仿真/DZ3_A0_Hunter_F1to10_C40_Final20_P1_1800s/stage1_60s/family_009/candidate_002_seed_1868845934/config.json,20811b7697801deaee94b1e544421237f07be170c2ba9a1828699668a292dd36,args.out_dir only,PASS
仿真文件(1).zip!/仿真文件/仿真.zip!/仿真/DZ3_A0_Hunter_F1to10_C40_Final20_P1_1800s/stage1_60s/family_005/candidate_040_seed_130572831/config.json,b072e53b2ae8d531a462da16ea18a0f23170571e8783b8fcf8e7e27e8bba7052,args.out_dir only,PASS
仿真文件(1).zip!/仿真文件/仿真.zip!/仿真/DZ3_A0_Hunter_F1to10_C40_Final20_P1_1800s/stage1_60s/family_010/candidate_019_seed_1125691529/config.json,d952946f5c656ccc7b01ada7ebf7bc8b77c3a7e6740168f9f552951c2544bdd6,args.out_dir only,PASS
仿真文件(1).zip!/仿真文件/仿真.zip!/仿真/DZ3_A0_Hunter_F1to10_C40_Final20_P1_1800s/stage1_60s/family_007/candidate_002_seed_1342382291/config.json,717e90e258bf8664399850ddce9d4cd536f456cde4b3f8ecb7724b5bcb724712,args.out_dir only,PASS
仿真文件(1).zip!/仿真文件/仿真.zip!/仿真/DZ3_A0_Hunter_F1to10_C40_Final20_P1_1800s/stage1_60s/family_006/candidate_002_seed_1155699143/config.json,4c6bbb494adab284db632ad73f416ff1c2d85abe45c66d4252fb3aca2bc4d720,args.out_dir only,PASS
仿真文件(1).zip!/仿真文件/仿真.zip!/仿真/DZ3_A0_Hunter_F1to10_C40_Final20_P1_1800s/stage1_60s/family_004/candidate_003_seed_1892783321/config.json,3631e35403ceffc8f5d18c5502681d557df884151f36cf5b0c91b8da05c0dd7f,args.out_dir only,PASS
仿真文件(1).zip!/仿真文件/仿真.zip!/仿真/DZ3_A0_Hunter_F1to10_C40_Final20_P1_1800s/stage1_60s/family_007/candidate_017_seed_282266798/config.json,9b9d74d126a7eb8172cb317de366209292b6d52f1083a99a20681899cd73a1c4,args.out_dir only,PASS
仿真文件(1).zip!/仿真文件/仿真.zip!/仿真/DZ3_A0_Hunter_F1to10_C40_Final20_P1_1800s/stage1_60s/family_009/candidate_029_seed_628196374/config.json,2b1ec761cfd1a24c890638a9fefde54b69be4b17173a4334f5a669a56f3de5dc,args.out_dir only,PASS
仿真文件(1).zip!/仿真文件/仿真.zip!/仿真/DZ3_A0_Hunter_F1to10_C40_Final20_P1_1800s/stage1_60s/family_004/candidate_015_seed_1247479809/config.json,fc6a8ef6cf3b9f8ce7f58f1925cb952462c695b73c747553b8fb58aca0d3e759,args.out_dir only,PASS
仿真文件(1).zip!/仿真文件/仿真.zip!/仿真/DZ3_A0_Hunter_F1to10_C40_Final20_P1_1800s/stage1_60s/family_002/candidate_003_seed_234731697/config.json,3949a034ace2c39e455e5dbbc6ce32726be032610085ff5266c851bd87ed0470,args.out_dir only,PASS
仿真文件(1).zip!/仿真文件/仿真.zip!/仿真/DZ3_A0_Hunter_F1to10_C40_Final20_P1_1800s/stage1_60s/family_008/candidate_011_seed_103777466/config.json,ef350137a1e9754cf8ca526f808b25beb81f1ddfa3c6b49b8339055bec3786e0,args.out_dir only,PASS
仿真文件(1).zip!/仿真文件/仿真.zip!/仿真/DZ3_A0_Hunter_F1to10_C40_Final20_P1_1800s/stage1_60s/family_008/candidate_014_seed_940344161/config.json,5f7b0ac4e8a27753621b1b7cb6774deb51cbb284fd269e4475fd9ea7288fae21,args.out_dir only,PASS
仿真文件(1).zip!/仿真文件/仿真.zip!/仿真/DZ3_A0_Hunter_F1to10_C40_Final20_P1_1800s/stage1_60s/family_005/candidate_034_seed_842682599/config.json,27e8e5cf7ee16575a38ed094da2124d60e5484a66d8bb6636691d0653930cd2c,args.out_dir only,PASS
仿真文件(1).zip!/仿真文件/仿真.zip!/仿真/DZ3_A0_Hunter_F1to10_C40_Final20_P1_1800s/stage1_60s/family_003/candidate_009_seed_84608902/config.json,d007ed2b46cffee610debb41e0165528cab83202d0ac385d6d063ad3ca350e3b,args.out_dir only,PASS
仿真文件(1).zip!/仿真文件/仿真.zip!/仿真/DZ3_A0_Hunter_F1to10_C40_Final20_P1_1800s/stage1_60s/family_005/candidate_011_seed_596836679/config.json,9429121a8b48c6e7b94d4353a6cc214279dd11a474c9df5de8f8fa1990f447a2,args.out_dir only,PASS
仿真文件(1).zip!/仿真文件/仿真.zip!/仿真/DZ3_A0_Hunter_F1to10_C40_Final20_P1_1800s/stage1_60s/family_007/candidate_009_seed_119253154/config.json,df1fbb7aae4bce0ba55e1d609f9a23b632323725a97d2ae1540caa2925523adb,args.out_dir only,PASS
仿真文件(1).zip!/仿真文件/仿真.zip!/仿真/DZ3_A0_Hunter_F1to10_C40_Final20_P1_1800s/stage1_60s/family_007/candidate_010_seed_644602188/config.json,617ebbaa5c24d0ca024d072e273e496fbb7270e8ec190523235be2e111e8cc25,args.out_dir only,PASS
仿真文件(1).zip!/仿真文件/仿真.zip!/仿真/DZ3_A0_Hunter_F1to10_C40_Final20_P1_1800s/stage1_60s/family_001/candidate_005_seed_74845286/config.json,38d94ab7f5ed55d3339c0d1a89c03343e7c4aec6c6f1118490b0d7e38edfc822,args.out_dir only,PASS
仿真文件(1).zip!/仿真文件/仿真.zip!/仿真/DZ3_A0_Hunter_F1to10_C40_Final20_P1_1800s/stage2_300s/family_008/candidate_039_seed_813017037/config.json,4cf03becef512442356f89a1b4a555e735a8aed5306d4af22cd2bc72fb81e889,args.out_dir only,PASS
仿真文件(1).zip!/仿真文件/仿真.zip!/仿真/DZ3_A0_Hunter_F1to10_C40_Final20_P1_1800s/stage2_300s/family_003/candidate_033_seed_1688352591/config.json,25add8fe677c854e75c14efc98cc688d7fdf005f657cbc6915f9638176c64819,args.out_dir only,PASS
仿真文件(1).zip!/仿真文件/仿真.zip!/仿真/DZ3_A0_Hunter_F1to10_C40_Final20_P1_1800s/stage2_300s/family_006/candidate_037_seed_1177541701/config.json,7a9400c7ba7bd84c1b59590a08e8788d0b4a9d096610d226aa04f8cf2b9bc87f,args.out_dir only,PASS
仿真文件(1).zip!/仿真文件/仿真.zip!/仿真/DZ3_A0_Hunter_F1to10_C40_Final20_P1_1800s/stage2_300s/family_005/candidate_022_seed_1400951998/config.json,a7464a70e4de076a2451504b4fff0af6f9147e10e7267f39d4c10afe896aed37,args.out_dir only,PASS
仿真文件(1).zip!/仿真文件/仿真.zip!/仿真/DZ3_A0_Hunter_F1to10_C40_Final20_P1_1800s/stage2_300s/family_006/candidate_030_seed_1775975473/config.json,53698f51ef460c6da00a53f79381145284a9f673c838c377f38eeadf9038650b,args.out_dir only,PASS
仿真文件(1).zip!/仿真文件/仿真.zip!/仿真/DZ3_A0_Hunter_F1to10_C40_Final20_P1_1800s/stage2_300s/family_008/candidate_009_seed_1373808879/config.json,66e4b51e56746093d700c5a35d5c12503c2135ccfbda1d450136dc32c3430fef,args.out_dir only,PASS
仿真文件(1).zip!/仿真文件/仿真.zip!/仿真/DZ3_A0_Hunter_F1to10_C40_Final20_P1_1800s/stage2_300s/family_006/candidate_004_seed_737168579/config.json,2b9daa1d31f60ffd6ceacf55be03142605bbbd77951889578d422b5a4202f581,args.out_dir only,PASS
仿真文件(1).zip!/仿真文件/仿真.zip!/仿真/DZ3_A0_Hunter_F1to10_C40_Final20_P1_1800s/stage2_300s/family_005/candidate_008_seed_613753789/config.json,da8391d97b1f216bcf82687e2cf6ed339673ac3409650a6185c0650e612db0ec,args.out_dir only,PASS
仿真文件(1).zip!/仿真文件/仿真.zip!/仿真/DZ3_A0_Hunter_F1to10_C40_Final20_P1_1800s/stage2_300s/family_006/candidate_022_seed_111087679/config.json,cfc0b07f35905ca567d923b3e88fafd3cced943de615f8466e5fbb37ff0cc773,args.out_dir only,PASS
仿真文件(1).zip!/仿真文件/仿真.zip!/仿真/DZ3_A0_Hunter_F1to10_C40_Final20_P1_1800s/stage2_300s/family_009/candidate_024_seed_139917572/config.json,89da5423558a212ac072782e3ad376822be78df95fd6b631576d55bb6a8919fc,args.out_dir only,PASS
仿真文件(1).zip!/仿真文件/仿真.zip!/仿真/DZ3_A0_Hunter_F1to10_C40_Final20_P1_1800s/stage2_300s/family_008/candidate_035_seed_956872797/config.json,f660eaeb4d0c7a39b4809c11ab340a19c517625c9ab4b6cd9e4d561fb033ce6c,args.out_dir only,PASS
仿真文件(1).zip!/仿真文件/仿真.zip!/仿真/DZ3_A0_Hunter_F1to10_C40_Final20_P1_1800s/stage2_300s/family_007/candidate_015_seed_1073283950/config.json,6f7f4f9ebc02d682a8614dd2602a470fd327af4e246debac1981a531b58d5fcd,args.out_dir only,PASS
仿真文件(1).zip!/仿真文件/仿真.zip!/仿真/DZ3_A0_Hunter_F1to10_C40_Final20_P1_1800s/stage2_300s/family_010/candidate_012_seed_291885126/config.json,3c5a53f5037492afc7c40d2ba5038f6f315563024c441d4215aa25bfbb102e55,args.out_dir only,PASS
仿真文件(1).zip!/仿真文件/仿真.zip!/仿真/DZ3_A0_Hunter_F1to10_C40_Final20_P1_1800s/stage2_300s/family_002/candidate_018_seed_590492220/config.json,7a175dda4c7efde317a5514f3ddd7854a7ea17a46e86c0678f9098260d42d96e,args.out_dir only,PASS
仿真文件(1).zip!/仿真文件/仿真.zip!/仿真/DZ3_A0_Hunter_F1to10_C40_Final20_P1_1800s/stage2_300s/family_001/candidate_029_seed_266112162/config.json,5da93e07c1f316eb8fe8f9c9c5948b42b16c9ab5f03c50f65a5b24097bf425a7,args.out_dir only,PASS
仿真文件(1).zip!/仿真文件/仿真.zip!/仿真/DZ3_A0_Hunter_F1to10_C40_Final20_P1_1800s/stage2_300s/family_007/candidate_019_seed_255728784/config.json,1180fca193edeecb6250be1c7d95090cccbe7f2a1e474427745c08e3eb6627fc,args.out_dir only,PASS
仿真文件(1).zip!/仿真文件/仿真.zip!/仿真/DZ3_A0_Hunter_F1to10_C40_Final20_P1_1800s/stage2_300s/family_006/candidate_039_seed_1606396927/config.json,bc13871ed4919706d3b40d4dbb0a51302eb9de9cc078f782a5b34f699caaaef1,args.out_dir only,PASS
仿真文件(1).zip!/仿真文件/仿真.zip!/仿真/DZ3_A0_Hunter_F1to10_C40_Final20_P1_1800s/stage2_300s/family_008/candidate_008_seed_1693395944/config.json,882c5ff59fac8039d8e17b1ac72c8df8b114cffee70e34239fa35542c70258d7,args.out_dir only,PASS
仿真文件(1).zip!/仿真文件/仿真.zip!/仿真/DZ3_A0_Hunter_F1to10_C40_Final20_P1_1800s/stage2_300s/family_003/candidate_028_seed_1260140335/config.json,20fde0cb320eedeb7da1ebdcee60edd6d9f743b27478b7c29ab94f0d2ba21f66,args.out_dir only,PASS
仿真文件(1).zip!/仿真文件/仿真.zip!/仿真/DZ3_A0_Hunter_F1to10_C40_Final20_P1_1800s/stage2_300s/family_001/candidate_024_seed_1155653964/config.json,250e69471f4807380259611229d41ed83f6789b91273d73e75cdb755e7753c62,args.out_dir only,PASS
仿真文件(1).zip!/仿真文件/仿真.zip!/仿真/DZ3_A0_Hunter_F1to10_C40_Final20_P1_1800s/stage2_300s/family_003/candidate_037_seed_1396642889/config.json,f539c7bf3b26f6a525f23bb93ee6aeedae745b8c4e44171a2ec506a844cfae6f,args.out_dir only,PASS
仿真文件(1).zip!/仿真文件/仿真.zip!/仿真/DZ3_A0_Hunter_F1to10_C40_Final20_P1_1800s/stage2_300s/family_005/candidate_036_seed_1058758870/config.json,8219a23c4536b984ec9fe1dfb15878c11113030d0a1ef3f1c921aaf94b19f482,args.out_dir only,PASS
仿真文件(1).zip!/仿真文件/仿真.zip!/仿真/DZ3_A0_Hunter_F1to10_C40_Final20_P1_1800s/stage2_300s/family_005/candidate_028_seed_2092048919/config.json,743fbb07b3c8ff312860b0158730e795af8b63ebdfcfe27e2d38fb96c198971c,args.out_dir only,PASS
仿真文件(1).zip!/仿真文件/仿真.zip!/仿真/DZ3_A0_Hunter_F1to10_C40_Final20_P1_1800s/stage2_300s/family_003/candidate_016_seed_343036706/config.json,e5c59df23970bb5f4ad76e5d5e772c07abe0f6ad128cc077a522dc4a0d69e38e,args.out_dir only,PASS
仿真文件(1).zip!/仿真文件/仿真.zip!/仿真/DZ3_A0_Hunter_F1to10_C40_Final20_P1_1800s/stage2_300s/family_010/candidate_021_seed_505385130/config.json,a9e22c52930a69b7741e27a188547d80b10585de482f9e7209947f0f00a2dacc,args.out_dir only,PASS
仿真文件(1).zip!/仿真文件/仿真.zip!/仿真/DZ3_A0_Hunter_F1to10_C40_Final20_P1_1800s/stage2_300s/family_004/candidate_025_seed_1927500810/config.json,5dddf642a126fc81574c3cef9b752998cded70e52af4ac22f3cbc65f37853108,args.out_dir only,PASS
仿真文件(1).zip!/仿真文件/仿真.zip!/仿真/DZ3_A0_Hunter_F1to10_C40_Final20_P1_1800s/stage2_300s/family_003/candidate_015_seed_568628368/config.json,3fe2d725fb7116be120eb5d8d73fe30e717e7b76e9207b5e56080628fcab85c8,args.out_dir only,PASS
仿真文件(1).zip!/仿真文件/仿真.zip!/仿真/DZ3_A0_Hunter_F1to10_C40_Final20_P1_1800s/stage2_300s/family_006/candidate_036_seed_445472431/config.json,a84364a00f696bf458d08200d83bc52a510fbd4321a81ebc26c983120fc2ff70,args.out_dir only,PASS
仿真文件(1).zip!/仿真文件/仿真.zip!/仿真/DZ3_A0_Hunter_F1to10_C40_Final20_P1_1800s/stage2_300s/family_001/candidate_018_seed_1180243456/config.json,7b483f08e94358a1d99c68dd4d80bc4c2aeca208496896ac77388a74748bcdae,args.out_dir only,PASS
仿真文件(1).zip!/仿真文件/仿真.zip!/仿真/DZ3_A0_Hunter_F1to10_C40_Final20_P1_1800s/stage2_300s/family_008/candidate_005_seed_378027506/config.json,6e555122d14da7d860b5389ccad0e3e04122b3e1a7107a514322935fc941781d,args.out_dir only,PASS
仿真文件(1).zip!/仿真文件/仿真.zip!/仿真/DZ3_A0_Hunter_F1to10_C40_Final20_P1_1800s/stage2_300s/family_004/candidate_018_seed_1871822497/config.json,214736be35d32397c77b523c2808f8ac9f8e2505d4663bd76c024903a6d0b5cc,args.out_dir only,PASS
仿真文件(1).zip!/仿真文件/仿真.zip!/仿真/DZ3_A0_Hunter_F1to10_C40_Final20_P1_1800s/stage2_300s/family_003/candidate_022_seed_840156141/config.json,b4dac7045e147c73a7a9377c2d37c7f1d74a868ecfd18950525a26c55a46f2c3,args.out_dir only,PASS
仿真文件(1).zip!/仿真文件/仿真.zip!/仿真/DZ3_A0_Hunter_F1to10_C40_Final20_P1_1800s/stage2_300s/family_010/candidate_022_seed_1772388919/config.json,8a94799ac6758bad6cb35a114cba8958f44ff9b574fc02aea639fcdcd1f372b1,args.out_dir only,PASS
仿真文件(1).zip!/仿真文件/仿真.zip!/仿真/DZ3_A0_Hunter_F1to10_C40_Final20_P1_1800s/stage2_300s/family_007/candidate_031_seed_1251001413/config.json,c1f877127fcba405acf43c23c9741dadcd6d84ec1811e76fe6856978e6737ed5,args.out_dir only,PASS
仿真文件(1).zip!/仿真文件/仿真.zip!/仿真/DZ3_A0_Hunter_F1to10_C40_Final20_P1_1800s/stage2_300s/family_004/candidate_021_seed_726285598/config.json,c5b93177adaaf7b8183444b77edcbe1496c7bb8ad698e2088e010e25278ceadd,args.out_dir only,PASS
仿真文件(1).zip!/仿真文件/仿真.zip!/仿真/DZ3_A0_Hunter_F1to10_C40_Final20_P1_1800s/stage2_300s/family_006/candidate_038_seed_1825072544/config.json,5ceeb7d595ea80a7b495c923422b83e72916c782187d014a2a998cfa092feabb,args.out_dir only,PASS
仿真文件(1).zip!/仿真文件/仿真.zip!/仿真/DZ3_A0_Hunter_F1to10_C40_Final20_P1_1800s/stage2_300s/family_003/candidate_023_seed_1906589685/config.json,38cbed1a1af11c4c9379b1a02ee12afcd79eeb3114eb11b9a18661ef8c709988,args.out_dir only,PASS
仿真文件(1).zip!/仿真文件/仿真.zip!/仿真/DZ3_A0_Hunter_F1to10_C40_Final20_P1_1800s/stage2_300s/family_003/candidate_035_seed_687170219/config.json,bebcb5dd344941eb35c4d8d6c61ef004d02c8c2cffa0418ee2563deebbaba6ef,args.out_dir only,PASS
仿真文件(1).zip!/仿真文件/仿真.zip!/仿真/DZ3_A0_Hunter_F1to10_C40_Final20_P1_1800s/stage2_300s/family_008/candidate_018_seed_229681099/config.json,afc122000afe0bcc449f1f3e136b1807483ad1be636a6be0911ef89af25f393e,args.out_dir only,PASS
仿真文件(1).zip!/仿真文件/仿真.zip!/仿真/DZ3_A0_Hunter_F1to10_C40_Final20_P1_1800s/stage2_300s/family_001/candidate_034_seed_287852352/config.json,8e3c9d115328959be10c418041577763c8695ef7cc648444f077f45176ce3c36,args.out_dir only,PASS
仿真文件(1).zip!/仿真文件/仿真.zip!/仿真/DZ3_A0_Hunter_F1to10_C40_Final20_P1_1800s/stage2_300s/family_009/candidate_039_seed_1101566026/config.json,e23046f4f0b1c14a8def86e21e240498b303629ba911570ff5e423a1c10f8fff,args.out_dir only,PASS
仿真文件(1).zip!/仿真文件/仿真.zip!/仿真/DZ3_A0_Hunter_F1to10_C40_Final20_P1_1800s/stage2_300s/family_009/candidate_026_seed_12081851/config.json,ec979f17ab8f4041c30410ad6e9e9ec400d2b2e99fbba058950db262625fa3e1,args.out_dir only,PASS
仿真文件(1).zip!/仿真文件/仿真.zip!/仿真/DZ3_A0_Hunter_F1to10_C40_Final20_P1_1800s/stage2_300s/family_001/candidate_011_seed_1866217507/config.json,31f66ea78fecf1a4edc4dca2e01004362ad388fc41684a61d5b40020f7680795,args.out_dir only,PASS
仿真文件(1).zip!/仿真文件/仿真.zip!/仿真/DZ3_A0_Hunter_F1to10_C40_Final20_P1_1800s/stage2_300s/family_003/candidate_018_seed_1577492419/config.json,37c31927e6d2d2a9887afdd88aa40dd8958dbb21f078d8bd3f6ba377332f4621,args.out_dir only,PASS
仿真文件(1).zip!/仿真文件/仿真.zip!/仿真/DZ3_A0_Hunter_F1to10_C40_Final20_P1_1800s/stage2_300s/family_003/candidate_001_seed_1742692731/config.json,cce2f4911dfbb258b0464644b9bd82c8fee970959d37a45d0e105fe6d22bacb3,args.out_dir only,PASS
仿真文件(1).zip!/仿真文件/仿真.zip!/仿真/DZ3_A0_Hunter_F1to10_C40_Final20_P1_1800s/stage2_300s/family_001/candidate_010_seed_669652943/config.json,73e0ea5e6c39840fae260d91e57a308cbb3475f00b3e52e3d3d8bd2b28e15d74,args.out_dir only,PASS
仿真文件(1).zip!/仿真文件/仿真.zip!/仿真/DZ3_A0_Hunter_F1to10_C40_Final20_P1_1800s/stage2_300s/family_001/candidate_039_seed_1078591221/config.json,6da51bfe3d0cc41937c4ad19c71cc07bfbddbce8842a924f221d88c6c549ac19,args.out_dir only,PASS
仿真文件(1).zip!/仿真文件/仿真.zip!/仿真/DZ3_A0_Hunter_F1to10_C40_Final20_P1_1800s/stage2_300s/family_010/candidate_030_seed_1776192178/config.json,ce9b54ec9236885d41655ee08ae79ccfcdfc36369ff0192b559263d76339d3e7,args.out_dir only,PASS
仿真文件(1).zip!/仿真文件/仿真.zip!/仿真/DZ3_A0_Hunter_F1to10_C40_Final20_P1_1800s/stage2_300s/family_005/candidate_021_seed_410131242/config.json,2e3e47d14a7974924e351270234a899877b3bcd624152b46578f9551a99f797a,args.out_dir only,PASS
仿真文件(1).zip!/仿真文件/仿真.zip!/仿真/DZ3_A0_Hunter_F1to10_C40_Final20_P1_1800s/stage2_300s/family_008/candidate_036_seed_1268954210/config.json,421a81a721520563aa5643873a1a0e45e94a6b0582f9ef9e98cced12523787d2,args.out_dir only,PASS
仿真文件(1).zip!/仿真文件/仿真.zip!/仿真/DZ3_A0_Hunter_F1to10_C40_Final20_P1_1800s/stage2_300s/family_006/candidate_028_seed_2101887333/config.json,dea23855b54720305b7de40acdcb90f8918a364948c4555250a6db4718e086f7,args.out_dir only,PASS
仿真文件(1).zip!/仿真文件/仿真.zip!/仿真/DZ3_A0_Hunter_F1to10_C40_Final20_P1_1800s/stage2_300s/family_005/candidate_037_seed_1429937342/config.json,f04afc3108302df533c7a0a681bdeb0e2df4321bcc130f64f3d7f65aa832f605,args.out_dir only,PASS
仿真文件(1).zip!/仿真文件/仿真.zip!/仿真/DZ3_A0_Hunter_F1to10_C40_Final20_P1_1800s/stage2_300s/family_006/candidate_016_seed_708591124/config.json,b4f85c50f232c2fc1e0e07a6d90928ef1f239c24bc414907429969f0d500e0ce,args.out_dir only,PASS
仿真文件(1).zip!/仿真文件/仿真.zip!/仿真/DZ3_A0_Hunter_F1to10_C40_Final20_P1_1800s/stage2_300s/family_003/candidate_010_seed_202139719/config.json,fd48b355aab6e986489adb252ede219897701290bbc9c1054c38b61ca9d17e2e,args.out_dir only,PASS
仿真文件(1).zip!/仿真文件/仿真.zip!/仿真/DZ3_A0_Hunter_F1to10_C40_Final20_P1_1800s/stage2_300s/family_002/candidate_013_seed_2132147591/config.json,8bf6e55ee6fcb1488f35718d363c2794f823ae3022205b28a0a12dabf102a38c,args.out_dir only,PASS
仿真文件(1).zip!/仿真文件/仿真.zip!/仿真/DZ3_A0_Hunter_F1to10_C40_Final20_P1_1800s/stage2_300s/family_002/candidate_009_seed_719155818/config.json,699cbc3419f1699c667b1efe06e48df20fc0322a0cab8fbe229d7033be8ca9f9,args.out_dir only,PASS
仿真文件(1).zip!/仿真文件/仿真.zip!/仿真/DZ3_A0_Hunter_F1to10_C40_Final20_P1_1800s/stage2_300s/family_010/candidate_016_seed_1807639472/config.json,6010aa617343d2a6120536fd696a62b1d7e50dfe7d5ce67d16d158f41ce795ef,args.out_dir only,PASS
仿真文件(1).zip!/仿真文件/仿真.zip!/仿真/DZ3_A0_Hunter_F1to10_C40_Final20_P1_1800s/stage2_300s/family_004/candidate_036_seed_1995068975/config.json,1c4045428e5d36ad182930ca6e9b8c839bacd854bf8e88abd71c2f27dc80d038,args.out_dir only,PASS
仿真文件(1).zip!/仿真文件/仿真.zip!/仿真/DZ3_A0_Hunter_F1to10_C40_Final20_P1_1800s/stage2_300s/family_004/candidate_005_seed_2019575648/config.json,5e34356fec0f6d855ef45fae351bbcf8b4ffe3ae567aa210f11ed47d415ec771,args.out_dir only,PASS
仿真文件(1).zip!/仿真文件/仿真.zip!/仿真/DZ3_A0_Hunter_F1to10_C40_Final20_P1_1800s/stage2_300s/family_008/candidate_023_seed_1822985620/config.json,6a5f6e6424293231050a20b610b1b28811897b0e2dc183ffe154176c65dca7af,args.out_dir only,PASS
