archive_member,expanded_source,sha256,match
仿真文件(1).zip!/仿真文件/仿真.zip!/仿真/DZ3_A0_Hunter_F1to10_C40_Final20_P1_1800s/stage2_300s.zip!/stage2_300s/family_001/candidate_011_seed_1866217507/instance_manifest.json,仿真文件(1).zip!/仿真文件/仿真.zip!/仿真/DZ3_A0_Hunter_F1to10_C40_Final20_P1_1800s/stage2_300s/family_001/candidate_011_seed_1866217507/instance_manifest.json,b05304d7b28b879a38ce35c326aeefd103c8902924f2b967c74c1ae90874551d,PASS
仿真文件(1).zip!/仿真文件/仿真.zip!/仿真/DZ3_A0_Hunter_F1to10_C40_Final20_P1_1800s/stage2_300s.zip!/stage2_300s/family_001/candidate_011_seed_1866217507/command.txt,仿真文件(1).zip!/仿真文件/仿真.zip!/仿真/DZ3_A0_Hunter_F1to10_C40_Final20_P1_1800s/stage2_300s/family_001/candidate_011_seed_1866217507/command.txt,eeb31c67d8835c06f3b04b76b8cf00108a7f306ca68130b1160f6f6812aae365,PASS
仿真文件(1).zip!/仿真文件/仿真.zip!/仿真/DZ3_A0_Hunter_F1to10_C40_Final20_P1_1800s/stage2_300s.zip!/stage2_300s/family_001/candidate_011_seed_1866217507/all_algorithms_summary.csv,仿真文件(1).zip!/仿真文件/仿真.zip!/仿真/DZ3_A0_Hunter_F1to10_C40_Final20_P1_1800s/stage2_300s/family_001/candidate_011_seed_1866217507/all_algorithms_summary.csv,143100fa056af54e886e115e687ee290b25187ff68708e8cb2c77775d69c434a,PASS
仿真文件(1).zip!/仿真文件/仿真.zip!/仿真/DZ3_A0_Hunter_F1to10_C40_Final20_P1_1800s/stage2_300s.zip!/stage2_300s/family_001/candidate_011_seed_1866217507/gurobi_report.md,仿真文件(1).zip!/仿真文件/仿真.zip!/仿真/DZ3_A0_Hunter_F1to10_C40_Final20_P1_1800s/stage2_300s/family_001/candidate_011_seed_1866217507/gurobi_report.md,c354a9b32ca31250cc1f000db818b922ac0e0470450254156090f2c43148c521,PASS
仿真文件(1).zip!/仿真文件/仿真.zip!/仿真/DZ3_A0_Hunter_F1to10_C40_Final20_P1_1800s/stage2_300s.zip!/stage2_300s/family_001/candidate_011_seed_1866217507/gurobi_summary.csv,仿真文件(1).zip!/仿真文件/仿真.zip!/仿真/DZ3_A0_Hunter_F1to10_C40_Final20_P1_1800s/stage2_300s/family_001/candidate_011_seed_1866217507/gurobi_summary.csv,143100fa056af54e886e115e687ee290b25187ff68708e8cb2c77775d69c434a,PASS
仿真文件(1).zip!/仿真文件/仿真.zip!/仿真/DZ3_A0_Hunter_F1to10_C40_Final20_P1_1800s/stage2_300s.zip!/stage2_300s/family_001/candidate_011_seed_1866217507/HUNTER_RESULT.json,仿真文件(1).zip!/仿真文件/仿真.zip!/仿真/DZ3_A0_Hunter_F1to10_C40_Final20_P1_1800s/stage2_300s/family_001/candidate_011_seed_1866217507/HUNTER_RESULT.json,f7f41a14447eb7acb1352a4f5994d4955c2e7938f8fcdc8b6014caf6b6dd9cca,PASS
仿真文件(1).zip!/仿真文件/仿真.zip!/仿真/DZ3_A0_Hunter_F1to10_C40_Final20_P1_1800s/stage2_300s.zip!/stage2_300s/family_001/candidate_011_seed_1866217507/hunter_child_console.log,仿真文件(1).zip!/仿真文件/仿真.zip!/仿真/DZ3_A0_Hunter_F1to10_C40_Final20_P1_1800s/stage2_300s/family_001/candidate_011_seed_1866217507/hunter_child_console.log,43dbd6dbf5644b48e1ea4d14977dacccf6556fcf62011cba0d15c93090b3d07f,PASS
仿真文件(1).zip!/仿真文件/仿真.zip!/仿真/DZ3_A0_Hunter_F1to10_C40_Final20_P1_1800s/stage2_300s.zip!/stage2_300s/family_001/candidate_011_seed_1866217507/run.log,仿真文件(1).zip!/仿真文件/仿真.zip!/仿真/DZ3_A0_Hunter_F1to10_C40_Final20_P1_1800s/stage2_300s/family_001/candidate_011_seed_1866217507/run.log,84e361324f4d5f1d9dc13850248bf47a2648ba45aa76e88287a72548aa072fa2,PASS
仿真文件(1).zip!/仿真文件/仿真.zip!/仿真/DZ3_A0_Hunter_F1to10_C40_Final20_P1_1800s/stage2_300s.zip!/stage2_300s/family_001/candidate_011_seed_1866217507/summary.csv,仿真文件(1).zip!/仿真文件/仿真.zip!/仿真/DZ3_A0_Hunter_F1to10_C40_Final20_P1_1800s/stage2_300s/family_001/candidate_011_seed_1866217507/summary.csv,143100fa056af54e886e115e687ee290b25187ff68708e8cb2c77775d69c434a,PASS
仿真文件(1).zip!/仿真文件/仿真.zip!/仿真/DZ3_A0_Hunter_F1to10_C40_Final20_P1_1800s/stage2_300s.zip!/stage2_300s/family_001/candidate_011_seed_1866217507/gurobi_extensive.log,仿真文件(1).zip!/仿真文件/仿真.zip!/仿真/DZ3_A0_Hunter_F1to10_C40_Final20_P1_1800s/stage2_300s/family_001/candidate_011_seed_1866217507/gurobi_extensive.log,9d81e52f59e82f67f8179d7fe3cbaa98c57d12471761211efa64b1e97a95e839,PASS
仿真文件(1).zip!/仿真文件/仿真.zip!/仿真/DZ3_A0_Hunter_F1to10_C40_Final20_P1_1800s/stage2_300s.zip!/stage2_300s/family_001/candidate_011_seed_1866217507/gurobi_baseline_log.json,仿真文件(1).zip!/仿真文件/仿真.zip!/仿真/DZ3_A0_Hunter_F1to10_C40_Final20_P1_1800s/stage2_300s/family_001/candidate_011_seed_1866217507/gurobi_baseline_log.json,38c3a6320e9080f1606ce945ea3f8fe76fd9a6d58f6607eadc826493ca00b1fa,PASS
仿真文件(1).zip!/仿真文件/仿真.zip!/仿真/DZ3_A0_Hunter_F1to10_C40_Final20_P1_1800s/stage2_300s.zip!/stage2_300s/family_001/candidate_011_seed_1866217507/gurobi_baseline_log.csv,仿真文件(1).zip!/仿真文件/仿真.zip!/仿真/DZ3_A0_Hunter_F1to10_C40_Final20_P1_1800s/stage2_300s/family_001/candidate_011_seed_1866217507/gurobi_baseline_log.csv,143100fa056af54e886e115e687ee290b25187ff68708e8cb2c77775d69c434a,PASS
仿真文件(1).zip!/仿真文件/仿真.zip!/仿真/DZ3_A0_Hunter_F1to10_C40_Final20_P1_1800s/stage2_300s.zip!/stage2_300s/family_001/candidate_011_seed_1866217507/config.json,仿真文件(1).zip!/仿真文件/仿真.zip!/仿真/DZ3_A0_Hunter_F1to10_C40_Final20_P1_1800s/stage2_300s/family_001/candidate_011_seed_1866217507/config.json,31f66ea78fecf1a4edc4dca2e01004362ad388fc41684a61d5b40020f7680795,PASS
仿真文件(1).zip!/仿真文件/仿真.zip!/仿真/DZ3_A0_Hunter_F1to10_C40_Final20_P1_1800s/stage2_300s.zip!/stage2_300s/family_001/candidate_029_seed_266112162/instance_manifest.json,仿真文件(1).zip!/仿真文件/仿真.zip!/仿真/DZ3_A0_Hunter_F1to10_C40_Final20_P1_1800s/stage2_300s/family_001/candidate_029_seed_266112162/instance_manifest.json,15cf157ce0924da2e4095cf45fe2a9727d9d3c8393f0af7df1fb9b994846ee59,PASS
仿真文件(1).zip!/仿真文件/仿真.zip!/仿真/DZ3_A0_Hunter_F1to10_C40_Final20_P1_1800s/stage2_300s.zip!/stage2_300s/family_001/candidate_029_seed_266112162/command.txt,仿真文件(1).zip!/仿真文件/仿真.zip!/仿真/DZ3_A0_Hunter_F1to10_C40_Final20_P1_1800s/stage2_300s/family_001/candidate_029_seed_266112162/command.txt,2563feb8e84d1247e6a082810fc33fc56bc04614c4cb17d0ac9589471365f795,PASS
仿真文件(1).zip!/仿真文件/仿真.zip!/仿真/DZ3_A0_Hunter_F1to10_C40_Final20_P1_1800s/stage2_300s.zip!/stage2_300s/family_001/candidate_029_seed_266112162/all_algorithms_summary.csv,仿真文件(1).zip!/仿真文件/仿真.zip!/仿真/DZ3_A0_Hunter_F1to10_C40_Final20_P1_1800s/stage2_300s/family_001/candidate_029_seed_266112162/all_algorithms_summary.csv,f7323e7a9ff5b8c371d7dff5be3f49c3d030338514d8a4b49d49bb576844a801,PASS
仿真文件(1).zip!/仿真文件/仿真.zip!/仿真/DZ3_A0_Hunter_F1to10_C40_Final20_P1_1800s/stage2_300s.zip!/stage2_300s/family_001/candidate_029_seed_266112162/gurobi_report.md,仿真文件(1).zip!/仿真文件/仿真.zip!/仿真/DZ3_A0_Hunter_F1to10_C40_Final20_P1_1800s/stage2_300s/family_001/candidate_029_seed_266112162/gurobi_report.md,7fb7e1de7ea416f980bd71679c785f288fa5e2eeb842648d7e3fdb2b501932c7,PASS
仿真文件(1).zip!/仿真文件/仿真.zip!/仿真/DZ3_A0_Hunter_F1to10_C40_Final20_P1_1800s/stage2_300s.zip!/stage2_300s/family_001/candidate_029_seed_266112162/gurobi_summary.csv,仿真文件(1).zip!/仿真文件/仿真.zip!/仿真/DZ3_A0_Hunter_F1to10_C40_Final20_P1_1800s/stage2_300s/family_001/candidate_029_seed_266112162/gurobi_summary.csv,f7323e7a9ff5b8c371d7dff5be3f49c3d030338514d8a4b49d49bb576844a801,PASS
仿真文件(1).zip!/仿真文件/仿真.zip!/仿真/DZ3_A0_Hunter_F1to10_C40_Final20_P1_1800s/stage2_300s.zip!/stage2_300s/family_001/candidate_029_seed_266112162/HUNTER_RESULT.json,仿真文件(1).zip!/仿真文件/仿真.zip!/仿真/DZ3_A0_Hunter_F1to10_C40_Final20_P1_1800s/stage2_300s/family_001/candidate_029_seed_266112162/HUNTER_RESULT.json,18db7f04857de1bdc1342bd2e5663933a18a35e0e36d8a9c3af9a7cdcb05ae0a,PASS
仿真文件(1).zip!/仿真文件/仿真.zip!/仿真/DZ3_A0_Hunter_F1to10_C40_Final20_P1_1800s/stage2_300s.zip!/stage2_300s/family_001/candidate_029_seed_266112162/hunter_child_console.log,仿真文件(1).zip!/仿真文件/仿真.zip!/仿真/DZ3_A0_Hunter_F1to10_C40_Final20_P1_1800s/stage2_300s/family_001/candidate_029_seed_266112162/hunter_child_console.log,b5bebce41feeccb1b3bf996cf077b0ce2748a7964e3678b57a946f2c645c3b5e,PASS
仿真文件(1).zip!/仿真文件/仿真.zip!/仿真/DZ3_A0_Hunter_F1to10_C40_Final20_P1_1800s/stage2_300s.zip!/stage2_300s/family_001/candidate_029_seed_266112162/run.log,仿真文件(1).zip!/仿真文件/仿真.zip!/仿真/DZ3_A0_Hunter_F1to10_C40_Final20_P1_1800s/stage2_300s/family_001/candidate_029_seed_266112162/run.log,324b993e5e568badd87a36d303e61a0f48e1f7fb9010210eb76366f8719e78ec,PASS
仿真文件(1).zip!/仿真文件/仿真.zip!/仿真/DZ3_A0_Hunter_F1to10_C40_Final20_P1_1800s/stage2_300s.zip!/stage2_300s/family_001/candidate_029_seed_266112162/summary.csv,仿真文件(1).zip!/仿真文件/仿真.zip!/仿真/DZ3_A0_Hunter_F1to10_C40_Final20_P1_1800s/stage2_300s/family_001/candidate_029_seed_266112162/summary.csv,f7323e7a9ff5b8c371d7dff5be3f49c3d030338514d8a4b49d49bb576844a801,PASS
仿真文件(1).zip!/仿真文件/仿真.zip!/仿真/DZ3_A0_Hunter_F1to10_C40_Final20_P1_1800s/stage2_300s.zip!/stage2_300s/family_001/candidate_029_seed_266112162/gurobi_extensive.log,仿真文件(1).zip!/仿真文件/仿真.zip!/仿真/DZ3_A0_Hunter_F1to10_C40_Final20_P1_1800s/stage2_300s/family_001/candidate_029_seed_266112162/gurobi_extensive.log,ba5aed187be4795b8ed05b5e9d53a3f1560bca9befd8b157be37e05991f94a72,PASS
仿真文件(1).zip!/仿真文件/仿真.zip!/仿真/DZ3_A0_Hunter_F1to10_C40_Final20_P1_1800s/stage2_300s.zip!/stage2_300s/family_001/candidate_029_seed_266112162/gurobi_baseline_log.json,仿真文件(1).zip!/仿真文件/仿真.zip!/仿真/DZ3_A0_Hunter_F1to10_C40_Final20_P1_1800s/stage2_300s/family_001/candidate_029_seed_266112162/gurobi_baseline_log.json,67ed484a3f2a89e8d7b38b30858c4145752e2831370c41cad54abffe9d4d9691,PASS
仿真文件(1).zip!/仿真文件/仿真.zip!/仿真/DZ3_A0_Hunter_F1to10_C40_Final20_P1_1800s/stage2_300s.zip!/stage2_300s/family_001/candidate_029_seed_266112162/gurobi_baseline_log.csv,仿真文件(1).zip!/仿真文件/仿真.zip!/仿真/DZ3_A0_Hunter_F1to10_C40_Final20_P1_1800s/stage2_300s/family_001/candidate_029_seed_266112162/gurobi_baseline_log.csv,f7323e7a9ff5b8c371d7dff5be3f49c3d030338514d8a4b49d49bb576844a801,PASS
仿真文件(1).zip!/仿真文件/仿真.zip!/仿真/DZ3_A0_Hunter_F1to10_C40_Final20_P1_1800s/stage2_300s.zip!/stage2_300s/family_001/candidate_029_seed_266112162/config.json,仿真文件(1).zip!/仿真文件/仿真.zip!/仿真/DZ3_A0_Hunter_F1to10_C40_Final20_P1_1800s/stage2_300s/family_001/candidate_029_seed_266112162/config.json,5da93e07c1f316eb8fe8f9c9c5948b42b16c9ab5f03c50f65a5b24097bf425a7,PASS
仿真文件(1).zip!/仿真文件/仿真.zip!/仿真/DZ3_A0_Hunter_F1to10_C40_Final20_P1_1800s/stage2_300s.zip!/stage2_300s/family_001/candidate_039_seed_1078591221/instance_manifest.json,仿真文件(1).zip!/仿真文件/仿真.zip!/仿真/DZ3_A0_Hunter_F1to10_C40_Final20_P1_1800s/stage2_300s/family_001/candidate_039_seed_1078591221/instance_manifest.json,7d2be05d56b374da741649301feb8be92bfe74373ff3dda8c8fef22db0d19824,PASS
仿真文件(1).zip!/仿真文件/仿真.zip!/仿真/DZ3_A0_Hunter_F1to10_C40_Final20_P1_1800s/stage2_300s.zip!/stage2_300s/family_001/candidate_039_seed_1078591221/command.txt,仿真文件(1).zip!/仿真文件/仿真.zip!/仿真/DZ3_A0_Hunter_F1to10_C40_Final20_P1_1800s/stage2_300s/family_001/candidate_039_seed_1078591221/command.txt,d852651dd6e42096ebc801320a8d4b889d1af1e83446dcbc53ee30a7f4fd9696,PASS
仿真文件(1).zip!/仿真文件/仿真.zip!/仿真/DZ3_A0_Hunter_F1to10_C40_Final20_P1_1800s/stage2_300s.zip!/stage2_300s/family_001/candidate_039_seed_1078591221/all_algorithms_summary.csv,仿真文件(1).zip!/仿真文件/仿真.zip!/仿真/DZ3_A0_Hunter_F1to10_C40_Final20_P1_1800s/stage2_300s/family_001/candidate_039_seed_1078591221/all_algorithms_summary.csv,afb91cb15588e374f2c87d9d9d2a3118747cb9ee206471cb98b811fb14aa93f4,PASS
仿真文件(1).zip!/仿真文件/仿真.zip!/仿真/DZ3_A0_Hunter_F1to10_C40_Final20_P1_1800s/stage2_300s.zip!/stage2_300s/family_001/candidate_039_seed_1078591221/gurobi_report.md,仿真文件(1).zip!/仿真文件/仿真.zip!/仿真/DZ3_A0_Hunter_F1to10_C40_Final20_P1_1800s/stage2_300s/family_001/candidate_039_seed_1078591221/gurobi_report.md,68535575824ff4aa3fab6bc7c0ffd2b131d78cf84145401fbe8a18df012e5bc3,PASS
仿真文件(1).zip!/仿真文件/仿真.zip!/仿真/DZ3_A0_Hunter_F1to10_C40_Final20_P1_1800s/stage2_300s.zip!/stage2_300s/family_001/candidate_039_seed_1078591221/gurobi_summary.csv,仿真文件(1).zip!/仿真文件/仿真.zip!/仿真/DZ3_A0_Hunter_F1to10_C40_Final20_P1_1800s/stage2_300s/family_001/candidate_039_seed_1078591221/gurobi_summary.csv,afb91cb15588e374f2c87d9d9d2a3118747cb9ee206471cb98b811fb14aa93f4,PASS
仿真文件(1).zip!/仿真文件/仿真.zip!/仿真/DZ3_A0_Hunter_F1to10_C40_Final20_P1_1800s/stage2_300s.zip!/stage2_300s/family_001/candidate_039_seed_1078591221/HUNTER_RESULT.json,仿真文件(1).zip!/仿真文件/仿真.zip!/仿真/DZ3_A0_Hunter_F1to10_C40_Final20_P1_1800s/stage2_300s/family_001/candidate_039_seed_1078591221/HUNTER_RESULT.json,6fa28daa7c7e9a7ac07dfe1acdd61c6e2ad1d26302c01e657369b57192022c50,PASS
仿真文件(1).zip!/仿真文件/仿真.zip!/仿真/DZ3_A0_Hunter_F1to10_C40_Final20_P1_1800s/stage2_300s.zip!/stage2_300s/family_001/candidate_039_seed_1078591221/hunter_child_console.log,仿真文件(1).zip!/仿真文件/仿真.zip!/仿真/DZ3_A0_Hunter_F1to10_C40_Final20_P1_1800s/stage2_300s/family_001/candidate_039_seed_1078591221/hunter_child_console.log,73549f1889abe7bcf284c8d58c3549065be60ca3039d3a6c16ebfa49123de010,PASS
仿真文件(1).zip!/仿真文件/仿真.zip!/仿真/DZ3_A0_Hunter_F1to10_C40_Final20_P1_1800s/stage2_300s.zip!/stage2_300s/family_001/candidate_039_seed_1078591221/run.log,仿真文件(1).zip!/仿真文件/仿真.zip!/仿真/DZ3_A0_Hunter_F1to10_C40_Final20_P1_1800s/stage2_300s/family_001/candidate_039_seed_1078591221/run.log,17cc7931f78dc86762bfe341bab14a46a22f30bdbf45a005293d3b6ba31d7f6c,PASS
仿真文件(1).zip!/仿真文件/仿真.zip!/仿真/DZ3_A0_Hunter_F1to10_C40_Final20_P1_1800s/stage2_300s.zip!/stage2_300s/family_001/candidate_039_seed_1078591221/summary.csv,仿真文件(1).zip!/仿真文件/仿真.zip!/仿真/DZ3_A0_Hunter_F1to10_C40_Final20_P1_1800s/stage2_300s/family_001/candidate_039_seed_1078591221/summary.csv,afb91cb15588e374f2c87d9d9d2a3118747cb9ee206471cb98b811fb14aa93f4,PASS
仿真文件(1).zip!/仿真文件/仿真.zip!/仿真/DZ3_A0_Hunter_F1to10_C40_Final20_P1_1800s/stage2_300s.zip!/stage2_300s/family_001/candidate_039_seed_1078591221/gurobi_extensive.log,仿真文件(1).zip!/仿真文件/仿真.zip!/仿真/DZ3_A0_Hunter_F1to10_C40_Final20_P1_1800s/stage2_300s/family_001/candidate_039_seed_1078591221/gurobi_extensive.log,a6272114d6901cdd69619cabfad7796d6c0143444be1f31994a03e2cfb33b6df,PASS
仿真文件(1).zip!/仿真文件/仿真.zip!/仿真/DZ3_A0_Hunter_F1to10_C40_Final20_P1_1800s/stage2_300s.zip!/stage2_300s/family_001/candidate_039_seed_1078591221/gurobi_baseline_log.json,仿真文件(1).zip!/仿真文件/仿真.zip!/仿真/DZ3_A0_Hunter_F1to10_C40_Final20_P1_1800s/stage2_300s/family_001/candidate_039_seed_1078591221/gurobi_baseline_log.json,95e88a2c03701762ee03323b695b6f549e3f99faf572dc3fb71b670f537a9f92,PASS
仿真文件(1).zip!/仿真文件/仿真.zip!/仿真/DZ3_A0_Hunter_F1to10_C40_Final20_P1_1800s/stage2_300s.zip!/stage2_300s/family_001/candidate_039_seed_1078591221/gurobi_baseline_log.csv,仿真文件(1).zip!/仿真文件/仿真.zip!/仿真/DZ3_A0_Hunter_F1to10_C40_Final20_P1_1800s/stage2_300s/family_001/candidate_039_seed_1078591221/gurobi_baseline_log.csv,afb91cb15588e374f2c87d9d9d2a3118747cb9ee206471cb98b811fb14aa93f4,PASS
仿真文件(1).zip!/仿真文件/仿真.zip!/仿真/DZ3_A0_Hunter_F1to10_C40_Final20_P1_1800s/stage2_300s.zip!/stage2_300s/family_001/candidate_039_seed_1078591221/config.json,仿真文件(1).zip!/仿真文件/仿真.zip!/仿真/DZ3_A0_Hunter_F1to10_C40_Final20_P1_1800s/stage2_300s/family_001/candidate_039_seed_1078591221/config.json,6da51bfe3d0cc41937c4ad19c71cc07bfbddbce8842a924f221d88c6c549ac19,PASS
仿真文件(1).zip!/仿真文件/仿真.zip!/仿真/DZ3_A0_Hunter_F1to10_C40_Final20_P1_1800s/stage2_300s.zip!/stage2_300s/family_001/candidate_010_seed_669652943/instance_manifest.json,仿真文件(1).zip!/仿真文件/仿真.zip!/仿真/DZ3_A0_Hunter_F1to10_C40_Final20_P1_1800s/stage2_300s/family_001/candidate_010_seed_669652943/instance_manifest.json,47d5adf2d5b41b016941bd37231c333a4fe56268dc0fdbe76435e8f522e6a79b,PASS
仿真文件(1).zip!/仿真文件/仿真.zip!/仿真/DZ3_A0_Hunter_F1to10_C40_Final20_P1_1800s/stage2_300s.zip!/stage2_300s/family_001/candidate_010_seed_669652943/command.txt,仿真文件(1).zip!/仿真文件/仿真.zip!/仿真/DZ3_A0_Hunter_F1to10_C40_Final20_P1_1800s/stage2_300s/family_001/candidate_010_seed_669652943/command.txt,945e196968b181dc902dca325911c10de10baf0ca03776e2479abfd533448d5d,PASS
仿真文件(1).zip!/仿真文件/仿真.zip!/仿真/DZ3_A0_Hunter_F1to10_C40_Final20_P1_1800s/stage2_300s.zip!/stage2_300s/family_001/candidate_010_seed_669652943/all_algorithms_summary.csv,仿真文件(1).zip!/仿真文件/仿真.zip!/仿真/DZ3_A0_Hunter_F1to10_C40_Final20_P1_1800s/stage2_300s/family_001/candidate_010_seed_669652943/all_algorithms_summary.csv,373025386be4c491a878140c82d1c29cc4c71680db493a975263b50ae3f8a019,PASS
仿真文件(1).zip!/仿真文件/仿真.zip!/仿真/DZ3_A0_Hunter_F1to10_C40_Final20_P1_1800s/stage2_300s.zip!/stage2_300s/family_001/candidate_010_seed_669652943/gurobi_report.md,仿真文件(1).zip!/仿真文件/仿真.zip!/仿真/DZ3_A0_Hunter_F1to10_C40_Final20_P1_1800s/stage2_300s/family_001/candidate_010_seed_669652943/gurobi_report.md,6803b284e5d59dc885369362f4395403b05053e2f8298b540ce55226149fb7fe,PASS
仿真文件(1).zip!/仿真文件/仿真.zip!/仿真/DZ3_A0_Hunter_F1to10_C40_Final20_P1_1800s/stage2_300s.zip!/stage2_300s/family_001/candidate_010_seed_669652943/gurobi_summary.csv,仿真文件(1).zip!/仿真文件/仿真.zip!/仿真/DZ3_A0_Hunter_F1to10_C40_Final20_P1_1800s/stage2_300s/family_001/candidate_010_seed_669652943/gurobi_summary.csv,373025386be4c491a878140c82d1c29cc4c71680db493a975263b50ae3f8a019,PASS
仿真文件(1).zip!/仿真文件/仿真.zip!/仿真/DZ3_A0_Hunter_F1to10_C40_Final20_P1_1800s/stage2_300s.zip!/stage2_300s/family_001/candidate_010_seed_669652943/HUNTER_RESULT.json,仿真文件(1).zip!/仿真文件/仿真.zip!/仿真/DZ3_A0_Hunter_F1to10_C40_Final20_P1_1800s/stage2_300s/family_001/candidate_010_seed_669652943/HUNTER_RESULT.json,abc7ef9b00ae00f3c30db24abc3c51be5a12d33a9f4dc5362680bddc80383557,PASS
仿真文件(1).zip!/仿真文件/仿真.zip!/仿真/DZ3_A0_Hunter_F1to10_C40_Final20_P1_1800s/stage2_300s.zip!/stage2_300s/family_001/candidate_010_seed_669652943/hunter_child_console.log,仿真文件(1).zip!/仿真文件/仿真.zip!/仿真/DZ3_A0_Hunter_F1to10_C40_Final20_P1_1800s/stage2_300s/family_001/candidate_010_seed_669652943/hunter_child_console.log,7f80c1973965e27baded60e8f556ba5191114c42d89a8b5193278fde3d2a7bc4,PASS
仿真文件(1).zip!/仿真文件/仿真.zip!/仿真/DZ3_A0_Hunter_F1to10_C40_Final20_P1_1800s/stage2_300s.zip!/stage2_300s/family_001/candidate_010_seed_669652943/run.log,仿真文件(1).zip!/仿真文件/仿真.zip!/仿真/DZ3_A0_Hunter_F1to10_C40_Final20_P1_1800s/stage2_300s/family_001/candidate_010_seed_669652943/run.log,aebeee47aba62ac60940cb23530d3b3f364ae308cf0a8f5e81e5f4a6e7db1998,PASS
仿真文件(1).zip!/仿真文件/仿真.zip!/仿真/DZ3_A0_Hunter_F1to10_C40_Final20_P1_1800s/stage2_300s.zip!/stage2_300s/family_001/candidate_010_seed_669652943/summary.csv,仿真文件(1).zip!/仿真文件/仿真.zip!/仿真/DZ3_A0_Hunter_F1to10_C40_Final20_P1_1800s/stage2_300s/family_001/candidate_010_seed_669652943/summary.csv,373025386be4c491a878140c82d1c29cc4c71680db493a975263b50ae3f8a019,PASS
仿真文件(1).zip!/仿真文件/仿真.zip!/仿真/DZ3_A0_Hunter_F1to10_C40_Final20_P1_1800s/stage2_300s.zip!/stage2_300s/family_001/candidate_010_seed_669652943/gurobi_extensive.log,仿真文件(1).zip!/仿真文件/仿真.zip!/仿真/DZ3_A0_Hunter_F1to10_C40_Final20_P1_1800s/stage2_300s/family_001/candidate_010_seed_669652943/gurobi_extensive.log,1a9d632c0ab31305143b09356278597df68022ce8f5370ec22e39aaf25eae18e,PASS
仿真文件(1).zip!/仿真文件/仿真.zip!/仿真/DZ3_A0_Hunter_F1to10_C40_Final20_P1_1800s/stage2_300s.zip!/stage2_300s/family_001/candidate_010_seed_669652943/gurobi_baseline_log.json,仿真文件(1).zip!/仿真文件/仿真.zip!/仿真/DZ3_A0_Hunter_F1to10_C40_Final20_P1_1800s/stage2_300s/family_001/candidate_010_seed_669652943/gurobi_baseline_log.json,ea9abf16027d4743ccef75a3662eae4bc6b402970938e7220a4c0d429f8a825d,PASS
仿真文件(1).zip!/仿真文件/仿真.zip!/仿真/DZ3_A0_Hunter_F1to10_C40_Final20_P1_1800s/stage2_300s.zip!/stage2_300s/family_001/candidate_010_seed_669652943/gurobi_baseline_log.csv,仿真文件(1).zip!/仿真文件/仿真.zip!/仿真/DZ3_A0_Hunter_F1to10_C40_Final20_P1_1800s/stage2_300s/family_001/candidate_010_seed_669652943/gurobi_baseline_log.csv,373025386be4c491a878140c82d1c29cc4c71680db493a975263b50ae3f8a019,PASS
仿真文件(1).zip!/仿真文件/仿真.zip!/仿真/DZ3_A0_Hunter_F1to10_C40_Final20_P1_1800s/stage2_300s.zip!/stage2_300s/family_001/candidate_010_seed_669652943/config.json,仿真文件(1).zip!/仿真文件/仿真.zip!/仿真/DZ3_A0_Hunter_F1to10_C40_Final20_P1_1800s/stage2_300s/family_001/candidate_010_seed_669652943/config.json,73e0ea5e6c39840fae260d91e57a308cbb3475f00b3e52e3d3d8bd2b28e15d74,PASS
仿真文件(1).zip!/仿真文件/仿真.zip!/仿真/DZ3_A0_Hunter_F1to10_C40_Final20_P1_1800s/stage2_300s.zip!/stage2_300s/family_001/candidate_034_seed_287852352/instance_manifest.json,仿真文件(1).zip!/仿真文件/仿真.zip!/仿真/DZ3_A0_Hunter_F1to10_C40_Final20_P1_1800s/stage2_300s/family_001/candidate_034_seed_287852352/instance_manifest.json,28dd9a52ea60f3f695ed71ff890cb5e1786028152782d4042193f4fc6f5dfcb4,PASS
仿真文件(1).zip!/仿真文件/仿真.zip!/仿真/DZ3_A0_Hunter_F1to10_C40_Final20_P1_1800s/stage2_300s.zip!/stage2_300s/family_001/candidate_034_seed_287852352/command.txt,仿真文件(1).zip!/仿真文件/仿真.zip!/仿真/DZ3_A0_Hunter_F1to10_C40_Final20_P1_1800s/stage2_300s/family_001/candidate_034_seed_287852352/command.txt,14f4ff36810cf75f0f7639ab4c84924ccfed8b8ed96c4d3cb0a28f2b5fdddb69,PASS
仿真文件(1).zip!/仿真文件/仿真.zip!/仿真/DZ3_A0_Hunter_F1to10_C40_Final20_P1_1800s/stage2_300s.zip!/stage2_300s/family_001/candidate_034_seed_287852352/all_algorithms_summary.csv,仿真文件(1).zip!/仿真文件/仿真.zip!/仿真/DZ3_A0_Hunter_F1to10_C40_Final20_P1_1800s/stage2_300s/family_001/candidate_034_seed_287852352/all_algorithms_summary.csv,05349ed1f130b189d9f5b174fa7c1616cc73074ca898118b19f4870546d0a4ed,PASS
仿真文件(1).zip!/仿真文件/仿真.zip!/仿真/DZ3_A0_Hunter_F1to10_C40_Final20_P1_1800s/stage2_300s.zip!/stage2_300s/family_001/candidate_034_seed_287852352/gurobi_report.md,仿真文件(1).zip!/仿真文件/仿真.zip!/仿真/DZ3_A0_Hunter_F1to10_C40_Final20_P1_1800s/stage2_300s/family_001/candidate_034_seed_287852352/gurobi_report.md,11ea89527cb86997577fab9aef13a82ed4bd9d43d0ef4dc5186b7329260b026d,PASS
仿真文件(1).zip!/仿真文件/仿真.zip!/仿真/DZ3_A0_Hunter_F1to10_C40_Final20_P1_1800s/stage2_300s.zip!/stage2_300s/family_001/candidate_034_seed_287852352/gurobi_summary.csv,仿真文件(1).zip!/仿真文件/仿真.zip!/仿真/DZ3_A0_Hunter_F1to10_C40_Final20_P1_1800s/stage2_300s/family_001/candidate_034_seed_287852352/gurobi_summary.csv,05349ed1f130b189d9f5b174fa7c1616cc73074ca898118b19f4870546d0a4ed,PASS
仿真文件(1).zip!/仿真文件/仿真.zip!/仿真/DZ3_A0_Hunter_F1to10_C40_Final20_P1_1800s/stage2_300s.zip!/stage2_300s/family_001/candidate_034_seed_287852352/HUNTER_RESULT.json,仿真文件(1).zip!/仿真文件/仿真.zip!/仿真/DZ3_A0_Hunter_F1to10_C40_Final20_P1_1800s/stage2_300s/family_001/candidate_034_seed_287852352/HUNTER_RESULT.json,a7a6ef7b1ce8a5ac8e7f86106710dadd57f2f0ec700afe3409d89e982a2e348d,PASS
仿真文件(1).zip!/仿真文件/仿真.zip!/仿真/DZ3_A0_Hunter_F1to10_C40_Final20_P1_1800s/stage2_300s.zip!/stage2_300s/family_001/candidate_034_seed_287852352/hunter_child_console.log,仿真文件(1).zip!/仿真文件/仿真.zip!/仿真/DZ3_A0_Hunter_F1to10_C40_Final20_P1_1800s/stage2_300s/family_001/candidate_034_seed_287852352/hunter_child_console.log,3d453710722f69b8c3770d02bc27b7975604bd180d70925f289c52bea50ac36a,PASS
仿真文件(1).zip!/仿真文件/仿真.zip!/仿真/DZ3_A0_Hunter_F1to10_C40_Final20_P1_1800s/stage2_300s.zip!/stage2_300s/family_001/candidate_034_seed_287852352/run.log,仿真文件(1).zip!/仿真文件/仿真.zip!/仿真/DZ3_A0_Hunter_F1to10_C40_Final20_P1_1800s/stage2_300s/family_001/candidate_034_seed_287852352/run.log,310f7f7fd66a5c6f7ea02e72ed47da892b81bcb733f1af7933abc3536a55c5e5,PASS
仿真文件(1).zip!/仿真文件/仿真.zip!/仿真/DZ3_A0_Hunter_F1to10_C40_Final20_P1_1800s/stage2_300s.zip!/stage2_300s/family_001/candidate_034_seed_287852352/summary.csv,仿真文件(1).zip!/仿真文件/仿真.zip!/仿真/DZ3_A0_Hunter_F1to10_C40_Final20_P1_1800s/stage2_300s/family_001/candidate_034_seed_287852352/summary.csv,05349ed1f130b189d9f5b174fa7c1616cc73074ca898118b19f4870546d0a4ed,PASS
仿真文件(1).zip!/仿真文件/仿真.zip!/仿真/DZ3_A0_Hunter_F1to10_C40_Final20_P1_1800s/stage2_300s.zip!/stage2_300s/family_001/candidate_034_seed_287852352/gurobi_extensive.log,仿真文件(1).zip!/仿真文件/仿真.zip!/仿真/DZ3_A0_Hunter_F1to10_C40_Final20_P1_1800s/stage2_300s/family_001/candidate_034_seed_287852352/gurobi_extensive.log,e1b89b29ea6f9048319c1a29d403b8a8fb956304009f4b4970a4db5dd5b86d34,PASS
仿真文件(1).zip!/仿真文件/仿真.zip!/仿真/DZ3_A0_Hunter_F1to10_C40_Final20_P1_1800s/stage2_300s.zip!/stage2_300s/family_001/candidate_034_seed_287852352/gurobi_baseline_log.json,仿真文件(1).zip!/仿真文件/仿真.zip!/仿真/DZ3_A0_Hunter_F1to10_C40_Final20_P1_1800s/stage2_300s/family_001/candidate_034_seed_287852352/gurobi_baseline_log.json,cd2f362a14555e67644a88dc304ca37b0dd92d1e2041e6e63726c1bd0e8ea584,PASS
仿真文件(1).zip!/仿真文件/仿真.zip!/仿真/DZ3_A0_Hunter_F1to10_C40_Final20_P1_1800s/stage2_300s.zip!/stage2_300s/family_001/candidate_034_seed_287852352/gurobi_baseline_log.csv,仿真文件(1).zip!/仿真文件/仿真.zip!/仿真/DZ3_A0_Hunter_F1to10_C40_Final20_P1_1800s/stage2_300s/family_001/candidate_034_seed_287852352/gurobi_baseline_log.csv,05349ed1f130b189d9f5b174fa7c1616cc73074ca898118b19f4870546d0a4ed,PASS
仿真文件(1).zip!/仿真文件/仿真.zip!/仿真/DZ3_A0_Hunter_F1to10_C40_Final20_P1_1800s/stage2_300s.zip!/stage2_300s/family_001/candidate_034_seed_287852352/config.json,仿真文件(1).zip!/仿真文件/仿真.zip!/仿真/DZ3_A0_Hunter_F1to10_C40_Final20_P1_1800s/stage2_300s/family_001/candidate_034_seed_287852352/config.json,8e3c9d115328959be10c418041577763c8695ef7cc648444f077f45176ce3c36,PASS
仿真文件(1).zip!/仿真文件/仿真.zip!/仿真/DZ3_A0_Hunter_F1to10_C40_Final20_P1_1800s/stage2_300s.zip!/stage2_300s/family_001/candidate_024_seed_1155653964/instance_manifest.json,仿真文件(1).zip!/仿真文件/仿真.zip!/仿真/DZ3_A0_Hunter_F1to10_C40_Final20_P1_1800s/stage2_300s/family_001/candidate_024_seed_1155653964/instance_manifest.json,00afa86e5a5164a775808679e1c232ff402cd1cc02263fc68ea31ac3a1d34c21,PASS
仿真文件(1).zip!/仿真文件/仿真.zip!/仿真/DZ3_A0_Hunter_F1to10_C40_Final20_P1_1800s/stage2_300s.zip!/stage2_300s/family_001/candidate_024_seed_1155653964/command.txt,仿真文件(1).zip!/仿真文件/仿真.zip!/仿真/DZ3_A0_Hunter_F1to10_C40_Final20_P1_1800s/stage2_300s/family_001/candidate_024_seed_1155653964/command.txt,535d8b7e15f80eb2ca1a678d225bbcfbd73725b21faf0e552916523618882136,PASS
仿真文件(1).zip!/仿真文件/仿真.zip!/仿真/DZ3_A0_Hunter_F1to10_C40_Final20_P1_1800s/stage2_300s.zip!/stage2_300s/family_001/candidate_024_seed_1155653964/all_algorithms_summary.csv,仿真文件(1).zip!/仿真文件/仿真.zip!/仿真/DZ3_A0_Hunter_F1to10_C40_Final20_P1_1800s/stage2_300s/family_001/candidate_024_seed_1155653964/all_algorithms_summary.csv,77fd8331e7e7e831ad31b9045868c3cae39a986ffe69f2df27f42183b991864b,PASS
仿真文件(1).zip!/仿真文件/仿真.zip!/仿真/DZ3_A0_Hunter_F1to10_C40_Final20_P1_1800s/stage2_300s.zip!/stage2_300s/family_001/candidate_024_seed_1155653964/gurobi_report.md,仿真文件(1).zip!/仿真文件/仿真.zip!/仿真/DZ3_A0_Hunter_F1to10_C40_Final20_P1_1800s/stage2_300s/family_001/candidate_024_seed_1155653964/gurobi_report.md,2bc7af98f8c76cf813c98bb4745f48e066460e540c254e9154954b8af1ba20c5,PASS
仿真文件(1).zip!/仿真文件/仿真.zip!/仿真/DZ3_A0_Hunter_F1to10_C40_Final20_P1_1800s/stage2_300s.zip!/stage2_300s/family_001/candidate_024_seed_1155653964/gurobi_summary.csv,仿真文件(1).zip!/仿真文件/仿真.zip!/仿真/DZ3_A0_Hunter_F1to10_C40_Final20_P1_1800s/stage2_300s/family_001/candidate_024_seed_1155653964/gurobi_summary.csv,77fd8331e7e7e831ad31b9045868c3cae39a986ffe69f2df27f42183b991864b,PASS
仿真文件(1).zip!/仿真文件/仿真.zip!/仿真/DZ3_A0_Hunter_F1to10_C40_Final20_P1_1800s/stage2_300s.zip!/stage2_300s/family_001/candidate_024_seed_1155653964/HUNTER_RESULT.json,仿真文件(1).zip!/仿真文件/仿真.zip!/仿真/DZ3_A0_Hunter_F1to10_C40_Final20_P1_1800s/stage2_300s/family_001/candidate_024_seed_1155653964/HUNTER_RESULT.json,e9abcfacbb812bed251218e49b104fc824bab7d89fe0a5d7050ae43bb421e82a,PASS
仿真文件(1).zip!/仿真文件/仿真.zip!/仿真/DZ3_A0_Hunter_F1to10_C40_Final20_P1_1800s/stage2_300s.zip!/stage2_300s/family_001/candidate_024_seed_1155653964/hunter_child_console.log,仿真文件(1).zip!/仿真文件/仿真.zip!/仿真/DZ3_A0_Hunter_F1to10_C40_Final20_P1_1800s/stage2_300s/family_001/candidate_024_seed_1155653964/hunter_child_console.log,f3b046c73813af1569c0f876167994b59710e162d95c15ae0095cb1ed30b969b,PASS
仿真文件(1).zip!/仿真文件/仿真.zip!/仿真/DZ3_A0_Hunter_F1to10_C40_Final20_P1_1800s/stage2_300s.zip!/stage2_300s/family_001/candidate_024_seed_1155653964/run.log,仿真文件(1).zip!/仿真文件/仿真.zip!/仿真/DZ3_A0_Hunter_F1to10_C40_Final20_P1_1800s/stage2_300s/family_001/candidate_024_seed_1155653964/run.log,824d5c059b5b06fa63ae5fb4b40fdb7b00eedb7f08753a931c4116e35d0f3e37,PASS
仿真文件(1).zip!/仿真文件/仿真.zip!/仿真/DZ3_A0_Hunter_F1to10_C40_Final20_P1_1800s/stage2_300s.zip!/stage2_300s/family_001/candidate_024_seed_1155653964/summary.csv,仿真文件(1).zip!/仿真文件/仿真.zip!/仿真/DZ3_A0_Hunter_F1to10_C40_Final20_P1_1800s/stage2_300s/family_001/candidate_024_seed_1155653964/summary.csv,77fd8331e7e7e831ad31b9045868c3cae39a986ffe69f2df27f42183b991864b,PASS
仿真文件(1).zip!/仿真文件/仿真.zip!/仿真/DZ3_A0_Hunter_F1to10_C40_Final20_P1_1800s/stage2_300s.zip!/stage2_300s/family_001/candidate_024_seed_1155653964/gurobi_extensive.log,仿真文件(1).zip!/仿真文件/仿真.zip!/仿真/DZ3_A0_Hunter_F1to10_C40_Final20_P1_1800s/stage2_300s/family_001/candidate_024_seed_1155653964/gurobi_extensive.log,9d33c8a2db4415ff6c7b450d7aca1fdf25c140aef1b3118cfa458d6015ffdf9d,PASS
仿真文件(1).zip!/仿真文件/仿真.zip!/仿真/DZ3_A0_Hunter_F1to10_C40_Final20_P1_1800s/stage2_300s.zip!/stage2_300s/family_001/candidate_024_seed_1155653964/gurobi_baseline_log.json,仿真文件(1).zip!/仿真文件/仿真.zip!/仿真/DZ3_A0_Hunter_F1to10_C40_Final20_P1_1800s/stage2_300s/family_001/candidate_024_seed_1155653964/gurobi_baseline_log.json,26e131a6a591ddd9da8d7fcbfb54741ecd898cecd4e358fdb5b5086f642aa79d,PASS
仿真文件(1).zip!/仿真文件/仿真.zip!/仿真/DZ3_A0_Hunter_F1to10_C40_Final20_P1_1800s/stage2_300s.zip!/stage2_300s/family_001/candidate_024_seed_1155653964/gurobi_baseline_log.csv,仿真文件(1).zip!/仿真文件/仿真.zip!/仿真/DZ3_A0_Hunter_F1to10_C40_Final20_P1_1800s/stage2_300s/family_001/candidate_024_seed_1155653964/gurobi_baseline_log.csv,77fd8331e7e7e831ad31b9045868c3cae39a986ffe69f2df27f42183b991864b,PASS
仿真文件(1).zip!/仿真文件/仿真.zip!/仿真/DZ3_A0_Hunter_F1to10_C40_Final20_P1_1800s/stage2_300s.zip!/stage2_300s/family_001/candidate_024_seed_1155653964/config.json,仿真文件(1).zip!/仿真文件/仿真.zip!/仿真/DZ3_A0_Hunter_F1to10_C40_Final20_P1_1800s/stage2_300s/family_001/candidate_024_seed_1155653964/config.json,250e69471f4807380259611229d41ed83f6789b91273d73e75cdb755e7753c62,PASS
仿真文件(1).zip!/仿真文件/仿真.zip!/仿真/DZ3_A0_Hunter_F1to10_C40_Final20_P1_1800s/stage2_300s.zip!/stage2_300s/family_001/candidate_018_seed_1180243456/instance_manifest.json,仿真文件(1).zip!/仿真文件/仿真.zip!/仿真/DZ3_A0_Hunter_F1to10_C40_Final20_P1_1800s/stage2_300s/family_001/candidate_018_seed_1180243456/instance_manifest.json,3914827cd99d09826eef5070f5fe968982ce62283c6321f5e7f315c6932fe273,PASS
仿真文件(1).zip!/仿真文件/仿真.zip!/仿真/DZ3_A0_Hunter_F1to10_C40_Final20_P1_1800s/stage2_300s.zip!/stage2_300s/family_001/candidate_018_seed_1180243456/command.txt,仿真文件(1).zip!/仿真文件/仿真.zip!/仿真/DZ3_A0_Hunter_F1to10_C40_Final20_P1_1800s/stage2_300s/family_001/candidate_018_seed_1180243456/command.txt,dfc419f89092c58f33fdc11f44afd2d578ed53994807fb70d39e326a66a87da5,PASS
仿真文件(1).zip!/仿真文件/仿真.zip!/仿真/DZ3_A0_Hunter_F1to10_C40_Final20_P1_1800s/stage2_300s.zip!/stage2_300s/family_001/candidate_018_seed_1180243456/all_algorithms_summary.csv,仿真文件(1).zip!/仿真文件/仿真.zip!/仿真/DZ3_A0_Hunter_F1to10_C40_Final20_P1_1800s/stage2_300s/family_001/candidate_018_seed_1180243456/all_algorithms_summary.csv,3183ebcef15108ac12e23d0df4ffccbd801c45ee8cac2e0d61c7f48650361f63,PASS
仿真文件(1).zip!/仿真文件/仿真.zip!/仿真/DZ3_A0_Hunter_F1to10_C40_Final20_P1_1800s/stage2_300s.zip!/stage2_300s/family_001/candidate_018_seed_1180243456/gurobi_report.md,仿真文件(1).zip!/仿真文件/仿真.zip!/仿真/DZ3_A0_Hunter_F1to10_C40_Final20_P1_1800s/stage2_300s/family_001/candidate_018_seed_1180243456/gurobi_report.md,e6c541b82f0fa1edae2d01140c62536f50d9cf5e6e50396d6017d0517045db68,PASS
仿真文件(1).zip!/仿真文件/仿真.zip!/仿真/DZ3_A0_Hunter_F1to10_C40_Final20_P1_1800s/stage2_300s.zip!/stage2_300s/family_001/candidate_018_seed_1180243456/gurobi_summary.csv,仿真文件(1).zip!/仿真文件/仿真.zip!/仿真/DZ3_A0_Hunter_F1to10_C40_Final20_P1_1800s/stage2_300s/family_001/candidate_018_seed_1180243456/gurobi_summary.csv,3183ebcef15108ac12e23d0df4ffccbd801c45ee8cac2e0d61c7f48650361f63,PASS
仿真文件(1).zip!/仿真文件/仿真.zip!/仿真/DZ3_A0_Hunter_F1to10_C40_Final20_P1_1800s/stage2_300s.zip!/stage2_300s/family_001/candidate_018_seed_1180243456/HUNTER_RESULT.json,仿真文件(1).zip!/仿真文件/仿真.zip!/仿真/DZ3_A0_Hunter_F1to10_C40_Final20_P1_1800s/stage2_300s/family_001/candidate_018_seed_1180243456/HUNTER_RESULT.json,95f0d0a0855963d4bd5dcf88445a8a8533a9f69765ed39611094fc4bbe70a69a,PASS
仿真文件(1).zip!/仿真文件/仿真.zip!/仿真/DZ3_A0_Hunter_F1to10_C40_Final20_P1_1800s/stage2_300s.zip!/stage2_300s/family_001/candidate_018_seed_1180243456/hunter_child_console.log,仿真文件(1).zip!/仿真文件/仿真.zip!/仿真/DZ3_A0_Hunter_F1to10_C40_Final20_P1_1800s/stage2_300s/family_001/candidate_018_seed_1180243456/hunter_child_console.log,12b58dca0c6a1d32a0aa0979a23f9690bec3cabc2fb4ab57e4076d4bdabb16a9,PASS
仿真文件(1).zip!/仿真文件/仿真.zip!/仿真/DZ3_A0_Hunter_F1to10_C40_Final20_P1_1800s/stage2_300s.zip!/stage2_300s/family_001/candidate_018_seed_1180243456/run.log,仿真文件(1).zip!/仿真文件/仿真.zip!/仿真/DZ3_A0_Hunter_F1to10_C40_Final20_P1_1800s/stage2_300s/family_001/candidate_018_seed_1180243456/run.log,2b6ca129dc5878955d4e2018dcc73c00cfdf8d1545c42f9f4f15440cfb100e21,PASS
仿真文件(1).zip!/仿真文件/仿真.zip!/仿真/DZ3_A0_Hunter_F1to10_C40_Final20_P1_1800s/stage2_300s.zip!/stage2_300s/family_001/candidate_018_seed_1180243456/summary.csv,仿真文件(1).zip!/仿真文件/仿真.zip!/仿真/DZ3_A0_Hunter_F1to10_C40_Final20_P1_1800s/stage2_300s/family_001/candidate_018_seed_1180243456/summary.csv,3183ebcef15108ac12e23d0df4ffccbd801c45ee8cac2e0d61c7f48650361f63,PASS
仿真文件(1).zip!/仿真文件/仿真.zip!/仿真/DZ3_A0_Hunter_F1to10_C40_Final20_P1_1800s/stage2_300s.zip!/stage2_300s/family_001/candidate_018_seed_1180243456/gurobi_extensive.log,仿真文件(1).zip!/仿真文件/仿真.zip!/仿真/DZ3_A0_Hunter_F1to10_C40_Final20_P1_1800s/stage2_300s/family_001/candidate_018_seed_1180243456/gurobi_extensive.log,22bb9e7957cb49c852923263102adc972adceddf8e17375d1e91c21fe946762d,PASS
仿真文件(1).zip!/仿真文件/仿真.zip!/仿真/DZ3_A0_Hunter_F1to10_C40_Final20_P1_1800s/stage2_300s.zip!/stage2_300s/family_001/candidate_018_seed_1180243456/gurobi_baseline_log.json,仿真文件(1).zip!/仿真文件/仿真.zip!/仿真/DZ3_A0_Hunter_F1to10_C40_Final20_P1_1800s/stage2_300s/family_001/candidate_018_seed_1180243456/gurobi_baseline_log.json,305e3532504db943b210c673e429969da5e70e677512940e943e90bd83a555f5,PASS
仿真文件(1).zip!/仿真文件/仿真.zip!/仿真/DZ3_A0_Hunter_F1to10_C40_Final20_P1_1800s/stage2_300s.zip!/stage2_300s/family_001/candidate_018_seed_1180243456/gurobi_baseline_log.csv,仿真文件(1).zip!/仿真文件/仿真.zip!/仿真/DZ3_A0_Hunter_F1to10_C40_Final20_P1_1800s/stage2_300s/family_001/candidate_018_seed_1180243456/gurobi_baseline_log.csv,3183ebcef15108ac12e23d0df4ffccbd801c45ee8cac2e0d61c7f48650361f63,PASS
仿真文件(1).zip!/仿真文件/仿真.zip!/仿真/DZ3_A0_Hunter_F1to10_C40_Final20_P1_1800s/stage2_300s.zip!/stage2_300s/family_001/candidate_018_seed_1180243456/config.json,仿真文件(1).zip!/仿真文件/仿真.zip!/仿真/DZ3_A0_Hunter_F1to10_C40_Final20_P1_1800s/stage2_300s/family_001/candidate_018_seed_1180243456/config.json,7b483f08e94358a1d99c68dd4d80bc4c2aeca208496896ac77388a74748bcdae,PASS
仿真文件(1).zip!/仿真文件/仿真.zip!/仿真/DZ3_A0_Hunter_F1to10_C40_Final20_P1_1800s/stage2_300s.zip!/stage2_300s/family_005/candidate_021_seed_410131242/instance_manifest.json,仿真文件(1).zip!/仿真文件/仿真.zip!/仿真/DZ3_A0_Hunter_F1to10_C40_Final20_P1_1800s/stage2_300s/family_005/candidate_021_seed_410131242/instance_manifest.json,dcca52dbc2432a2174641c5b881381d5ef271ead67709d779a6016adc434f133,PASS
仿真文件(1).zip!/仿真文件/仿真.zip!/仿真/DZ3_A0_Hunter_F1to10_C40_Final20_P1_1800s/stage2_300s.zip!/stage2_300s/family_005/candidate_021_seed_410131242/command.txt,仿真文件(1).zip!/仿真文件/仿真.zip!/仿真/DZ3_A0_Hunter_F1to10_C40_Final20_P1_1800s/stage2_300s/family_005/candidate_021_seed_410131242/command.txt,37571054c971157b32ffee2c9bf93d7edee2dc8682be576a48562ce4ffa39423,PASS
仿真文件(1).zip!/仿真文件/仿真.zip!/仿真/DZ3_A0_Hunter_F1to10_C40_Final20_P1_1800s/stage2_300s.zip!/stage2_300s/family_005/candidate_021_seed_410131242/all_algorithms_summary.csv,仿真文件(1).zip!/仿真文件/仿真.zip!/仿真/DZ3_A0_Hunter_F1to10_C40_Final20_P1_1800s/stage2_300s/family_005/candidate_021_seed_410131242/all_algorithms_summary.csv,9ca8381c0a50a6335c4b6e69afc5d8e0204a1e0aea233b438f3e50dde09be02b,PASS
仿真文件(1).zip!/仿真文件/仿真.zip!/仿真/DZ3_A0_Hunter_F1to10_C40_Final20_P1_1800s/stage2_300s.zip!/stage2_300s/family_005/candidate_021_seed_410131242/gurobi_report.md,仿真文件(1).zip!/仿真文件/仿真.zip!/仿真/DZ3_A0_Hunter_F1to10_C40_Final20_P1_1800s/stage2_300s/family_005/candidate_021_seed_410131242/gurobi_report.md,57f5674b2ac1aa32b74a3e56aefd0a173132c65a7d4b93e4b956efaae4898802,PASS
仿真文件(1).zip!/仿真文件/仿真.zip!/仿真/DZ3_A0_Hunter_F1to10_C40_Final20_P1_1800s/stage2_300s.zip!/stage2_300s/family_005/candidate_021_seed_410131242/gurobi_summary.csv,仿真文件(1).zip!/仿真文件/仿真.zip!/仿真/DZ3_A0_Hunter_F1to10_C40_Final20_P1_1800s/stage2_300s/family_005/candidate_021_seed_410131242/gurobi_summary.csv,9ca8381c0a50a6335c4b6e69afc5d8e0204a1e0aea233b438f3e50dde09be02b,PASS
仿真文件(1).zip!/仿真文件/仿真.zip!/仿真/DZ3_A0_Hunter_F1to10_C40_Final20_P1_1800s/stage2_300s.zip!/stage2_300s/family_005/candidate_021_seed_410131242/HUNTER_RESULT.json,仿真文件(1).zip!/仿真文件/仿真.zip!/仿真/DZ3_A0_Hunter_F1to10_C40_Final20_P1_1800s/stage2_300s/family_005/candidate_021_seed_410131242/HUNTER_RESULT.json,e37bde8eab24e652d97a5c4803a4b621ade923f0f2f61595b202087906cfc85c,PASS
仿真文件(1).zip!/仿真文件/仿真.zip!/仿真/DZ3_A0_Hunter_F1to10_C40_Final20_P1_1800s/stage2_300s.zip!/stage2_300s/family_005/candidate_021_seed_410131242/hunter_child_console.log,仿真文件(1).zip!/仿真文件/仿真.zip!/仿真/DZ3_A0_Hunter_F1to10_C40_Final20_P1_1800s/stage2_300s/family_005/candidate_021_seed_410131242/hunter_child_console.log,5d70a9379181c4095427a6b834cae955e11bf969f05ba482d8342463c93b78fc,PASS
仿真文件(1).zip!/仿真文件/仿真.zip!/仿真/DZ3_A0_Hunter_F1to10_C40_Final20_P1_1800s/stage2_300s.zip!/stage2_300s/family_005/candidate_021_seed_410131242/run.log,仿真文件(1).zip!/仿真文件/仿真.zip!/仿真/DZ3_A0_Hunter_F1to10_C40_Final20_P1_1800s/stage2_300s/family_005/candidate_021_seed_410131242/run.log,2a0561161432352384a1a9d94de037a793470c292896cac64e085b88c7584e91,PASS
仿真文件(1).zip!/仿真文件/仿真.zip!/仿真/DZ3_A0_Hunter_F1to10_C40_Final20_P1_1800s/stage2_300s.zip!/stage2_300s/family_005/candidate_021_seed_410131242/summary.csv,仿真文件(1).zip!/仿真文件/仿真.zip!/仿真/DZ3_A0_Hunter_F1to10_C40_Final20_P1_1800s/stage2_300s/family_005/candidate_021_seed_410131242/summary.csv,9ca8381c0a50a6335c4b6e69afc5d8e0204a1e0aea233b438f3e50dde09be02b,PASS
仿真文件(1).zip!/仿真文件/仿真.zip!/仿真/DZ3_A0_Hunter_F1to10_C40_Final20_P1_1800s/stage2_300s.zip!/stage2_300s/family_005/candidate_021_seed_410131242/gurobi_extensive.log,仿真文件(1).zip!/仿真文件/仿真.zip!/仿真/DZ3_A0_Hunter_F1to10_C40_Final20_P1_1800s/stage2_300s/family_005/candidate_021_seed_410131242/gurobi_extensive.log,605f3fc83bb203626669a52bb63e5804b57361889e5eb1ed69af7da55ccb4504,PASS
仿真文件(1).zip!/仿真文件/仿真.zip!/仿真/DZ3_A0_Hunter_F1to10_C40_Final20_P1_1800s/stage2_300s.zip!/stage2_300s/family_005/candidate_021_seed_410131242/gurobi_baseline_log.json,仿真文件(1).zip!/仿真文件/仿真.zip!/仿真/DZ3_A0_Hunter_F1to10_C40_Final20_P1_1800s/stage2_300s/family_005/candidate_021_seed_410131242/gurobi_baseline_log.json,5fd41d48a5d15bd4f2946226b121c323fc4b5b56f6d01095d9b885fa60901a85,PASS
仿真文件(1).zip!/仿真文件/仿真.zip!/仿真/DZ3_A0_Hunter_F1to10_C40_Final20_P1_1800s/stage2_300s.zip!/stage2_300s/family_005/candidate_021_seed_410131242/gurobi_baseline_log.csv,仿真文件(1).zip!/仿真文件/仿真.zip!/仿真/DZ3_A0_Hunter_F1to10_C40_Final20_P1_1800s/stage2_300s/family_005/candidate_021_seed_410131242/gurobi_baseline_log.csv,9ca8381c0a50a6335c4b6e69afc5d8e0204a1e0aea233b438f3e50dde09be02b,PASS
仿真文件(1).zip!/仿真文件/仿真.zip!/仿真/DZ3_A0_Hunter_F1to10_C40_Final20_P1_1800s/stage2_300s.zip!/stage2_300s/family_005/candidate_021_seed_410131242/config.json,仿真文件(1).zip!/仿真文件/仿真.zip!/仿真/DZ3_A0_Hunter_F1to10_C40_Final20_P1_1800s/stage2_300s/family_005/candidate_021_seed_410131242/config.json,2e3e47d14a7974924e351270234a899877b3bcd624152b46578f9551a99f797a,PASS
仿真文件(1).zip!/仿真文件/仿真.zip!/仿真/DZ3_A0_Hunter_F1to10_C40_Final20_P1_1800s/stage2_300s.zip!/stage2_300s/family_005/candidate_037_seed_1429937342/instance_manifest.json,仿真文件(1).zip!/仿真文件/仿真.zip!/仿真/DZ3_A0_Hunter_F1to10_C40_Final20_P1_1800s/stage2_300s/family_005/candidate_037_seed_1429937342/instance_manifest.json,294ef87f637fd36e3034793e441e7ca1fb3ccbc964d081021f1d635c04d080fc,PASS
仿真文件(1).zip!/仿真文件/仿真.zip!/仿真/DZ3_A0_Hunter_F1to10_C40_Final20_P1_1800s/stage2_300s.zip!/stage2_300s/family_005/candidate_037_seed_1429937342/command.txt,仿真文件(1).zip!/仿真文件/仿真.zip!/仿真/DZ3_A0_Hunter_F1to10_C40_Final20_P1_1800s/stage2_300s/family_005/candidate_037_seed_1429937342/command.txt,7cd6fb089129d76351fa743980d0c6544144b9242ec389bcf10350fddfaa0b63,PASS
仿真文件(1).zip!/仿真文件/仿真.zip!/仿真/DZ3_A0_Hunter_F1to10_C40_Final20_P1_1800s/stage2_300s.zip!/stage2_300s/family_005/candidate_037_seed_1429937342/all_algorithms_summary.csv,仿真文件(1).zip!/仿真文件/仿真.zip!/仿真/DZ3_A0_Hunter_F1to10_C40_Final20_P1_1800s/stage2_300s/family_005/candidate_037_seed_1429937342/all_algorithms_summary.csv,19c27851ae5f1662999584503cfccaedafd7443b6bf58a28a4bf4971d2e1e1d0,PASS
仿真文件(1).zip!/仿真文件/仿真.zip!/仿真/DZ3_A0_Hunter_F1to10_C40_Final20_P1_1800s/stage2_300s.zip!/stage2_300s/family_005/candidate_037_seed_1429937342/gurobi_report.md,仿真文件(1).zip!/仿真文件/仿真.zip!/仿真/DZ3_A0_Hunter_F1to10_C40_Final20_P1_1800s/stage2_300s/family_005/candidate_037_seed_1429937342/gurobi_report.md,d05bb87588ce2b93e3da8bf20b5cbbc854e54f7f43a04e993468faaa0f57c2be,PASS
仿真文件(1).zip!/仿真文件/仿真.zip!/仿真/DZ3_A0_Hunter_F1to10_C40_Final20_P1_1800s/stage2_300s.zip!/stage2_300s/family_005/candidate_037_seed_1429937342/gurobi_summary.csv,仿真文件(1).zip!/仿真文件/仿真.zip!/仿真/DZ3_A0_Hunter_F1to10_C40_Final20_P1_1800s/stage2_300s/family_005/candidate_037_seed_1429937342/gurobi_summary.csv,19c27851ae5f1662999584503cfccaedafd7443b6bf58a28a4bf4971d2e1e1d0,PASS
仿真文件(1).zip!/仿真文件/仿真.zip!/仿真/DZ3_A0_Hunter_F1to10_C40_Final20_P1_1800s/stage2_300s.zip!/stage2_300s/family_005/candidate_037_seed_1429937342/HUNTER_RESULT.json,仿真文件(1).zip!/仿真文件/仿真.zip!/仿真/DZ3_A0_Hunter_F1to10_C40_Final20_P1_1800s/stage2_300s/family_005/candidate_037_seed_1429937342/HUNTER_RESULT.json,945cf906109336a43555d1b83cf8d0b64cd963ae0e68d07a06208ad3b7506be8,PASS
仿真文件(1).zip!/仿真文件/仿真.zip!/仿真/DZ3_A0_Hunter_F1to10_C40_Final20_P1_1800s/stage2_300s.zip!/stage2_300s/family_005/candidate_037_seed_1429937342/hunter_child_console.log,仿真文件(1).zip!/仿真文件/仿真.zip!/仿真/DZ3_A0_Hunter_F1to10_C40_Final20_P1_1800s/stage2_300s/family_005/candidate_037_seed_1429937342/hunter_child_console.log,9a6d7254f17f6a765672cd40ad4eff7a00412c86376a19933e0f3301a27115bd,PASS
仿真文件(1).zip!/仿真文件/仿真.zip!/仿真/DZ3_A0_Hunter_F1to10_C40_Final20_P1_1800s/stage2_300s.zip!/stage2_300s/family_005/candidate_037_seed_1429937342/run.log,仿真文件(1).zip!/仿真文件/仿真.zip!/仿真/DZ3_A0_Hunter_F1to10_C40_Final20_P1_1800s/stage2_300s/family_005/candidate_037_seed_1429937342/run.log,40033df28edcd4557a00b51d7c1fa852f65542cac31979561a0111441df8c0b1,PASS
仿真文件(1).zip!/仿真文件/仿真.zip!/仿真/DZ3_A0_Hunter_F1to10_C40_Final20_P1_1800s/stage2_300s.zip!/stage2_300s/family_005/candidate_037_seed_1429937342/summary.csv,仿真文件(1).zip!/仿真文件/仿真.zip!/仿真/DZ3_A0_Hunter_F1to10_C40_Final20_P1_1800s/stage2_300s/family_005/candidate_037_seed_1429937342/summary.csv,19c27851ae5f1662999584503cfccaedafd7443b6bf58a28a4bf4971d2e1e1d0,PASS
仿真文件(1).zip!/仿真文件/仿真.zip!/仿真/DZ3_A0_Hunter_F1to10_C40_Final20_P1_1800s/stage2_300s.zip!/stage2_300s/family_005/candidate_037_seed_1429937342/gurobi_extensive.log,仿真文件(1).zip!/仿真文件/仿真.zip!/仿真/DZ3_A0_Hunter_F1to10_C40_Final20_P1_1800s/stage2_300s/family_005/candidate_037_seed_1429937342/gurobi_extensive.log,253b6bbe9bb74a5a53ba9f87463ee7845460dd6c6e881c12a8cf6d0b128e5c52,PASS
仿真文件(1).zip!/仿真文件/仿真.zip!/仿真/DZ3_A0_Hunter_F1to10_C40_Final20_P1_1800s/stage2_300s.zip!/stage2_300s/family_005/candidate_037_seed_1429937342/gurobi_baseline_log.json,仿真文件(1).zip!/仿真文件/仿真.zip!/仿真/DZ3_A0_Hunter_F1to10_C40_Final20_P1_1800s/stage2_300s/family_005/candidate_037_seed_1429937342/gurobi_baseline_log.json,216fd954ee30262020157c6481c5aa341b807fafcfc29567175be6ad04e44fe8,PASS
仿真文件(1).zip!/仿真文件/仿真.zip!/仿真/DZ3_A0_Hunter_F1to10_C40_Final20_P1_1800s/stage2_300s.zip!/stage2_300s/family_005/candidate_037_seed_1429937342/gurobi_baseline_log.csv,仿真文件(1).zip!/仿真文件/仿真.zip!/仿真/DZ3_A0_Hunter_F1to10_C40_Final20_P1_1800s/stage2_300s/family_005/candidate_037_seed_1429937342/gurobi_baseline_log.csv,19c27851ae5f1662999584503cfccaedafd7443b6bf58a28a4bf4971d2e1e1d0,PASS
仿真文件(1).zip!/仿真文件/仿真.zip!/仿真/DZ3_A0_Hunter_F1to10_C40_Final20_P1_1800s/stage2_300s.zip!/stage2_300s/family_005/candidate_037_seed_1429937342/config.json,仿真文件(1).zip!/仿真文件/仿真.zip!/仿真/DZ3_A0_Hunter_F1to10_C40_Final20_P1_1800s/stage2_300s/family_005/candidate_037_seed_1429937342/config.json,f04afc3108302df533c7a0a681bdeb0e2df4321bcc130f64f3d7f65aa832f605,PASS
仿真文件(1).zip!/仿真文件/仿真.zip!/仿真/DZ3_A0_Hunter_F1to10_C40_Final20_P1_1800s/stage2_300s.zip!/stage2_300s/family_005/candidate_008_seed_613753789/instance_manifest.json,仿真文件(1).zip!/仿真文件/仿真.zip!/仿真/DZ3_A0_Hunter_F1to10_C40_Final20_P1_1800s/stage2_300s/family_005/candidate_008_seed_613753789/instance_manifest.json,a85e3195f4e906b8af36a52f84745c48c9b8ca1bddcb850522fff4daad56582d,PASS
仿真文件(1).zip!/仿真文件/仿真.zip!/仿真/DZ3_A0_Hunter_F1to10_C40_Final20_P1_1800s/stage2_300s.zip!/stage2_300s/family_005/candidate_008_seed_613753789/command.txt,仿真文件(1).zip!/仿真文件/仿真.zip!/仿真/DZ3_A0_Hunter_F1to10_C40_Final20_P1_1800s/stage2_300s/family_005/candidate_008_seed_613753789/command.txt,5f785302d532f8b6b4a6825f47fc5a80e800d263c6088069fcbca927a5abba22,PASS
仿真文件(1).zip!/仿真文件/仿真.zip!/仿真/DZ3_A0_Hunter_F1to10_C40_Final20_P1_1800s/stage2_300s.zip!/stage2_300s/family_005/candidate_008_seed_613753789/all_algorithms_summary.csv,仿真文件(1).zip!/仿真文件/仿真.zip!/仿真/DZ3_A0_Hunter_F1to10_C40_Final20_P1_1800s/stage2_300s/family_005/candidate_008_seed_613753789/all_algorithms_summary.csv,c7b4c2198882b7e8c1f6ae24994637f40496993e2fb8544624ebba5567edf725,PASS
仿真文件(1).zip!/仿真文件/仿真.zip!/仿真/DZ3_A0_Hunter_F1to10_C40_Final20_P1_1800s/stage2_300s.zip!/stage2_300s/family_005/candidate_008_seed_613753789/gurobi_report.md,仿真文件(1).zip!/仿真文件/仿真.zip!/仿真/DZ3_A0_Hunter_F1to10_C40_Final20_P1_1800s/stage2_300s/family_005/candidate_008_seed_613753789/gurobi_report.md,fbbae929c68a65818164def3f37eb3fe6cad6d4664bfa92e3329acdac57d271f,PASS
仿真文件(1).zip!/仿真文件/仿真.zip!/仿真/DZ3_A0_Hunter_F1to10_C40_Final20_P1_1800s/stage2_300s.zip!/stage2_300s/family_005/candidate_008_seed_613753789/gurobi_summary.csv,仿真文件(1).zip!/仿真文件/仿真.zip!/仿真/DZ3_A0_Hunter_F1to10_C40_Final20_P1_1800s/stage2_300s/family_005/candidate_008_seed_613753789/gurobi_summary.csv,c7b4c2198882b7e8c1f6ae24994637f40496993e2fb8544624ebba5567edf725,PASS
仿真文件(1).zip!/仿真文件/仿真.zip!/仿真/DZ3_A0_Hunter_F1to10_C40_Final20_P1_1800s/stage2_300s.zip!/stage2_300s/family_005/candidate_008_seed_613753789/HUNTER_RESULT.json,仿真文件(1).zip!/仿真文件/仿真.zip!/仿真/DZ3_A0_Hunter_F1to10_C40_Final20_P1_1800s/stage2_300s/family_005/candidate_008_seed_613753789/HUNTER_RESULT.json,15d865423d6b331213a9a65ff0c925fcf6f40bd394ea378e655a73df0b2e5984,PASS
仿真文件(1).zip!/仿真文件/仿真.zip!/仿真/DZ3_A0_Hunter_F1to10_C40_Final20_P1_1800s/stage2_300s.zip!/stage2_300s/family_005/candidate_008_seed_613753789/hunter_child_console.log,仿真文件(1).zip!/仿真文件/仿真.zip!/仿真/DZ3_A0_Hunter_F1to10_C40_Final20_P1_1800s/stage2_300s/family_005/candidate_008_seed_613753789/hunter_child_console.log,b034ac9fbeab5739c08a302f7330f8d907811385f5a411561a533d8cf28a3665,PASS
仿真文件(1).zip!/仿真文件/仿真.zip!/仿真/DZ3_A0_Hunter_F1to10_C40_Final20_P1_1800s/stage2_300s.zip!/stage2_300s/family_005/candidate_008_seed_613753789/run.log,仿真文件(1).zip!/仿真文件/仿真.zip!/仿真/DZ3_A0_Hunter_F1to10_C40_Final20_P1_1800s/stage2_300s/family_005/candidate_008_seed_613753789/run.log,96d844b3bad2f833cce89e1f62cf6ea643c72e45d3d41d28d318fa481a2d74b0,PASS
仿真文件(1).zip!/仿真文件/仿真.zip!/仿真/DZ3_A0_Hunter_F1to10_C40_Final20_P1_1800s/stage2_300s.zip!/stage2_300s/family_005/candidate_008_seed_613753789/summary.csv,仿真文件(1).zip!/仿真文件/仿真.zip!/仿真/DZ3_A0_Hunter_F1to10_C40_Final20_P1_1800s/stage2_300s/family_005/candidate_008_seed_613753789/summary.csv,c7b4c2198882b7e8c1f6ae24994637f40496993e2fb8544624ebba5567edf725,PASS
仿真文件(1).zip!/仿真文件/仿真.zip!/仿真/DZ3_A0_Hunter_F1to10_C40_Final20_P1_1800s/stage2_300s.zip!/stage2_300s/family_005/candidate_008_seed_613753789/gurobi_extensive.log,仿真文件(1).zip!/仿真文件/仿真.zip!/仿真/DZ3_A0_Hunter_F1to10_C40_Final20_P1_1800s/stage2_300s/family_005/candidate_008_seed_613753789/gurobi_extensive.log,dcd6c3546cd9996989787a6403a3b85d7e86d83798cb96beed61bec1892bc992,PASS
仿真文件(1).zip!/仿真文件/仿真.zip!/仿真/DZ3_A0_Hunter_F1to10_C40_Final20_P1_1800s/stage2_300s.zip!/stage2_300s/family_005/candidate_008_seed_613753789/gurobi_baseline_log.json,仿真文件(1).zip!/仿真文件/仿真.zip!/仿真/DZ3_A0_Hunter_F1to10_C40_Final20_P1_1800s/stage2_300s/family_005/candidate_008_seed_613753789/gurobi_baseline_log.json,e01fd0310a6ea70205d3701a2b59bb0d0e2076ca3bebba5378421f2dfa9fd8a4,PASS
仿真文件(1).zip!/仿真文件/仿真.zip!/仿真/DZ3_A0_Hunter_F1to10_C40_Final20_P1_1800s/stage2_300s.zip!/stage2_300s/family_005/candidate_008_seed_613753789/gurobi_baseline_log.csv,仿真文件(1).zip!/仿真文件/仿真.zip!/仿真/DZ3_A0_Hunter_F1to10_C40_Final20_P1_1800s/stage2_300s/family_005/candidate_008_seed_613753789/gurobi_baseline_log.csv,c7b4c2198882b7e8c1f6ae24994637f40496993e2fb8544624ebba5567edf725,PASS
仿真文件(1).zip!/仿真文件/仿真.zip!/仿真/DZ3_A0_Hunter_F1to10_C40_Final20_P1_1800s/stage2_300s.zip!/stage2_300s/family_005/candidate_008_seed_613753789/config.json,仿真文件(1).zip!/仿真文件/仿真.zip!/仿真/DZ3_A0_Hunter_F1to10_C40_Final20_P1_1800s/stage2_300s/family_005/candidate_008_seed_613753789/config.json,da8391d97b1f216bcf82687e2cf6ed339673ac3409650a6185c0650e612db0ec,PASS
仿真文件(1).zip!/仿真文件/仿真.zip!/仿真/DZ3_A0_Hunter_F1to10_C40_Final20_P1_1800s/stage2_300s.zip!/stage2_300s/family_005/candidate_028_seed_2092048919/instance_manifest.json,仿真文件(1).zip!/仿真文件/仿真.zip!/仿真/DZ3_A0_Hunter_F1to10_C40_Final20_P1_1800s/stage2_300s/family_005/candidate_028_seed_2092048919/instance_manifest.json,82bb18089ed013436cc249d563cf2ccc751e7b8fdfdcddc29522c2a1d6d7b499,PASS
仿真文件(1).zip!/仿真文件/仿真.zip!/仿真/DZ3_A0_Hunter_F1to10_C40_Final20_P1_1800s/stage2_300s.zip!/stage2_300s/family_005/candidate_028_seed_2092048919/command.txt,仿真文件(1).zip!/仿真文件/仿真.zip!/仿真/DZ3_A0_Hunter_F1to10_C40_Final20_P1_1800s/stage2_300s/family_005/candidate_028_seed_2092048919/command.txt,b4e9a16a7aea4f7b989a42e7b71c1eaba10e7640b7383cc3af53daf471efadaa,PASS
仿真文件(1).zip!/仿真文件/仿真.zip!/仿真/DZ3_A0_Hunter_F1to10_C40_Final20_P1_1800s/stage2_300s.zip!/stage2_300s/family_005/candidate_028_seed_2092048919/all_algorithms_summary.csv,仿真文件(1).zip!/仿真文件/仿真.zip!/仿真/DZ3_A0_Hunter_F1to10_C40_Final20_P1_1800s/stage2_300s/family_005/candidate_028_seed_2092048919/all_algorithms_summary.csv,87159e6edd77bc7515140b7c77713c0d7bf62b94f463706db64a91e228daed61,PASS
仿真文件(1).zip!/仿真文件/仿真.zip!/仿真/DZ3_A0_Hunter_F1to10_C40_Final20_P1_1800s/stage2_300s.zip!/stage2_300s/family_005/candidate_028_seed_2092048919/gurobi_report.md,仿真文件(1).zip!/仿真文件/仿真.zip!/仿真/DZ3_A0_Hunter_F1to10_C40_Final20_P1_1800s/stage2_300s/family_005/candidate_028_seed_2092048919/gurobi_report.md,b99d3055e8217ed05c27ed6b33f81349edb83ecb81621e2ef2b27cf2e53388ab,PASS
仿真文件(1).zip!/仿真文件/仿真.zip!/仿真/DZ3_A0_Hunter_F1to10_C40_Final20_P1_1800s/stage2_300s.zip!/stage2_300s/family_005/candidate_028_seed_2092048919/gurobi_summary.csv,仿真文件(1).zip!/仿真文件/仿真.zip!/仿真/DZ3_A0_Hunter_F1to10_C40_Final20_P1_1800s/stage2_300s/family_005/candidate_028_seed_2092048919/gurobi_summary.csv,87159e6edd77bc7515140b7c77713c0d7bf62b94f463706db64a91e228daed61,PASS
仿真文件(1).zip!/仿真文件/仿真.zip!/仿真/DZ3_A0_Hunter_F1to10_C40_Final20_P1_1800s/stage2_300s.zip!/stage2_300s/family_005/candidate_028_seed_2092048919/HUNTER_RESULT.json,仿真文件(1).zip!/仿真文件/仿真.zip!/仿真/DZ3_A0_Hunter_F1to10_C40_Final20_P1_1800s/stage2_300s/family_005/candidate_028_seed_2092048919/HUNTER_RESULT.json,232c1762e68501abb6a20581c2ba6df77726d79025cfc6e24065c5239b5b223c,PASS
仿真文件(1).zip!/仿真文件/仿真.zip!/仿真/DZ3_A0_Hunter_F1to10_C40_Final20_P1_1800s/stage2_300s.zip!/stage2_300s/family_005/candidate_028_seed_2092048919/hunter_child_console.log,仿真文件(1).zip!/仿真文件/仿真.zip!/仿真/DZ3_A0_Hunter_F1to10_C40_Final20_P1_1800s/stage2_300s/family_005/candidate_028_seed_2092048919/hunter_child_console.log,e0093bed9fc6802ee5c20e8e3333a272fc4d3b2e664a326d71bd4e3024c04d1b,PASS
仿真文件(1).zip!/仿真文件/仿真.zip!/仿真/DZ3_A0_Hunter_F1to10_C40_Final20_P1_1800s/stage2_300s.zip!/stage2_300s/family_005/candidate_028_seed_2092048919/run.log,仿真文件(1).zip!/仿真文件/仿真.zip!/仿真/DZ3_A0_Hunter_F1to10_C40_Final20_P1_1800s/stage2_300s/family_005/candidate_028_seed_2092048919/run.log,4c67f1d4049460dc1c3e824a07cc26c3daa43045e9bbef6a4ef7e6733e3b0341,PASS
仿真文件(1).zip!/仿真文件/仿真.zip!/仿真/DZ3_A0_Hunter_F1to10_C40_Final20_P1_1800s/stage2_300s.zip!/stage2_300s/family_005/candidate_028_seed_2092048919/summary.csv,仿真文件(1).zip!/仿真文件/仿真.zip!/仿真/DZ3_A0_Hunter_F1to10_C40_Final20_P1_1800s/stage2_300s/family_005/candidate_028_seed_2092048919/summary.csv,87159e6edd77bc7515140b7c77713c0d7bf62b94f463706db64a91e228daed61,PASS
仿真文件(1).zip!/仿真文件/仿真.zip!/仿真/DZ3_A0_Hunter_F1to10_C40_Final20_P1_1800s/stage2_300s.zip!/stage2_300s/family_005/candidate_028_seed_2092048919/gurobi_extensive.log,仿真文件(1).zip!/仿真文件/仿真.zip!/仿真/DZ3_A0_Hunter_F1to10_C40_Final20_P1_1800s/stage2_300s/family_005/candidate_028_seed_2092048919/gurobi_extensive.log,79baddc092acf68a9dca4cde41c5e9ec2e9275ece784ae368c9aa7d74b5239f0,PASS
仿真文件(1).zip!/仿真文件/仿真.zip!/仿真/DZ3_A0_Hunter_F1to10_C40_Final20_P1_1800s/stage2_300s.zip!/stage2_300s/family_005/candidate_028_seed_2092048919/gurobi_baseline_log.json,仿真文件(1).zip!/仿真文件/仿真.zip!/仿真/DZ3_A0_Hunter_F1to10_C40_Final20_P1_1800s/stage2_300s/family_005/candidate_028_seed_2092048919/gurobi_baseline_log.json,09f9fe82592c1c94ca3dc7c922beb6fbf519aa02d07e8f8b320f40c758d9f71d,PASS
仿真文件(1).zip!/仿真文件/仿真.zip!/仿真/DZ3_A0_Hunter_F1to10_C40_Final20_P1_1800s/stage2_300s.zip!/stage2_300s/family_005/candidate_028_seed_2092048919/gurobi_baseline_log.csv,仿真文件(1).zip!/仿真文件/仿真.zip!/仿真/DZ3_A0_Hunter_F1to10_C40_Final20_P1_1800s/stage2_300s/family_005/candidate_028_seed_2092048919/gurobi_baseline_log.csv,87159e6edd77bc7515140b7c77713c0d7bf62b94f463706db64a91e228daed61,PASS
仿真文件(1).zip!/仿真文件/仿真.zip!/仿真/DZ3_A0_Hunter_F1to10_C40_Final20_P1_1800s/stage2_300s.zip!/stage2_300s/family_005/candidate_028_seed_2092048919/config.json,仿真文件(1).zip!/仿真文件/仿真.zip!/仿真/DZ3_A0_Hunter_F1to10_C40_Final20_P1_1800s/stage2_300s/family_005/candidate_028_seed_2092048919/config.json,743fbb07b3c8ff312860b0158730e795af8b63ebdfcfe27e2d38fb96c198971c,PASS
仿真文件(1).zip!/仿真文件/仿真.zip!/仿真/DZ3_A0_Hunter_F1to10_C40_Final20_P1_1800s/stage2_300s.zip!/stage2_300s/family_005/candidate_022_seed_1400951998/instance_manifest.json,仿真文件(1).zip!/仿真文件/仿真.zip!/仿真/DZ3_A0_Hunter_F1to10_C40_Final20_P1_1800s/stage2_300s/family_005/candidate_022_seed_1400951998/instance_manifest.json,7b2c0ccd15984074e58afaf4d6ee3a1a6a1eb68be350f9be9071944a6cb4d16f,PASS
仿真文件(1).zip!/仿真文件/仿真.zip!/仿真/DZ3_A0_Hunter_F1to10_C40_Final20_P1_1800s/stage2_300s.zip!/stage2_300s/family_005/candidate_022_seed_1400951998/command.txt,仿真文件(1).zip!/仿真文件/仿真.zip!/仿真/DZ3_A0_Hunter_F1to10_C40_Final20_P1_1800s/stage2_300s/family_005/candidate_022_seed_1400951998/command.txt,1b7192b310b1bf1ac484136c0e5ac38a8e7a9e3106856731cfb706a3c38750e6,PASS
仿真文件(1).zip!/仿真文件/仿真.zip!/仿真/DZ3_A0_Hunter_F1to10_C40_Final20_P1_1800s/stage2_300s.zip!/stage2_300s/family_005/candidate_022_seed_1400951998/all_algorithms_summary.csv,仿真文件(1).zip!/仿真文件/仿真.zip!/仿真/DZ3_A0_Hunter_F1to10_C40_Final20_P1_1800s/stage2_300s/family_005/candidate_022_seed_1400951998/all_algorithms_summary.csv,6a26a032184c9e06f9230206fa51a632d173e2e74cedfd116219718b58cf46df,PASS
仿真文件(1).zip!/仿真文件/仿真.zip!/仿真/DZ3_A0_Hunter_F1to10_C40_Final20_P1_1800s/stage2_300s.zip!/stage2_300s/family_005/candidate_022_seed_1400951998/gurobi_report.md,仿真文件(1).zip!/仿真文件/仿真.zip!/仿真/DZ3_A0_Hunter_F1to10_C40_Final20_P1_1800s/stage2_300s/family_005/candidate_022_seed_1400951998/gurobi_report.md,f93d15fcfe97b918f7e4f8160377ea1938ac144bf29e87a4dbd95820f3a36698,PASS
仿真文件(1).zip!/仿真文件/仿真.zip!/仿真/DZ3_A0_Hunter_F1to10_C40_Final20_P1_1800s/stage2_300s.zip!/stage2_300s/family_005/candidate_022_seed_1400951998/gurobi_summary.csv,仿真文件(1).zip!/仿真文件/仿真.zip!/仿真/DZ3_A0_Hunter_F1to10_C40_Final20_P1_1800s/stage2_300s/family_005/candidate_022_seed_1400951998/gurobi_summary.csv,6a26a032184c9e06f9230206fa51a632d173e2e74cedfd116219718b58cf46df,PASS
仿真文件(1).zip!/仿真文件/仿真.zip!/仿真/DZ3_A0_Hunter_F1to10_C40_Final20_P1_1800s/stage2_300s.zip!/stage2_300s/family_005/candidate_022_seed_1400951998/HUNTER_RESULT.json,仿真文件(1).zip!/仿真文件/仿真.zip!/仿真/DZ3_A0_Hunter_F1to10_C40_Final20_P1_1800s/stage2_300s/family_005/candidate_022_seed_1400951998/HUNTER_RESULT.json,5647f8d478725e7a4c75b771a48445c43179b0c08252f7bd75698e6ba19855b4,PASS
仿真文件(1).zip!/仿真文件/仿真.zip!/仿真/DZ3_A0_Hunter_F1to10_C40_Final20_P1_1800s/stage2_300s.zip!/stage2_300s/family_005/candidate_022_seed_1400951998/hunter_child_console.log,仿真文件(1).zip!/仿真文件/仿真.zip!/仿真/DZ3_A0_Hunter_F1to10_C40_Final20_P1_1800s/stage2_300s/family_005/candidate_022_seed_1400951998/hunter_child_console.log,5f435254dff1a2498409d3f610c6eeb991b2a9d3f9a9eaa016aba3e21b191388,PASS
仿真文件(1).zip!/仿真文件/仿真.zip!/仿真/DZ3_A0_Hunter_F1to10_C40_Final20_P1_1800s/stage2_300s.zip!/stage2_300s/family_005/candidate_022_seed_1400951998/run.log,仿真文件(1).zip!/仿真文件/仿真.zip!/仿真/DZ3_A0_Hunter_F1to10_C40_Final20_P1_1800s/stage2_300s/family_005/candidate_022_seed_1400951998/run.log,cd03611f48a3801eba10de356b9b3a8cf1e1e58edbf2626b4d79269cea6c6185,PASS
仿真文件(1).zip!/仿真文件/仿真.zip!/仿真/DZ3_A0_Hunter_F1to10_C40_Final20_P1_1800s/stage2_300s.zip!/stage2_300s/family_005/candidate_022_seed_1400951998/summary.csv,仿真文件(1).zip!/仿真文件/仿真.zip!/仿真/DZ3_A0_Hunter_F1to10_C40_Final20_P1_1800s/stage2_300s/family_005/candidate_022_seed_1400951998/summary.csv,6a26a032184c9e06f9230206fa51a632d173e2e74cedfd116219718b58cf46df,PASS
仿真文件(1).zip!/仿真文件/仿真.zip!/仿真/DZ3_A0_Hunter_F1to10_C40_Final20_P1_1800s/stage2_300s.zip!/stage2_300s/family_005/candidate_022_seed_1400951998/gurobi_extensive.log,仿真文件(1).zip!/仿真文件/仿真.zip!/仿真/DZ3_A0_Hunter_F1to10_C40_Final20_P1_1800s/stage2_300s/family_005/candidate_022_seed_1400951998/gurobi_extensive.log,2ae811eae6f5343911d2d05c4c038ec94883726bc04bea8d7c396b8e7d486443,PASS
仿真文件(1).zip!/仿真文件/仿真.zip!/仿真/DZ3_A0_Hunter_F1to10_C40_Final20_P1_1800s/stage2_300s.zip!/stage2_300s/family_005/candidate_022_seed_1400951998/gurobi_baseline_log.json,仿真文件(1).zip!/仿真文件/仿真.zip!/仿真/DZ3_A0_Hunter_F1to10_C40_Final20_P1_1800s/stage2_300s/family_005/candidate_022_seed_1400951998/gurobi_baseline_log.json,ed1b34b2a7f4078af83f7d81cbd7cf03a494e96f95950cad29e903ea8d4ceda5,PASS
仿真文件(1).zip!/仿真文件/仿真.zip!/仿真/DZ3_A0_Hunter_F1to10_C40_Final20_P1_1800s/stage2_300s.zip!/stage2_300s/family_005/candidate_022_seed_1400951998/gurobi_baseline_log.csv,仿真文件(1).zip!/仿真文件/仿真.zip!/仿真/DZ3_A0_Hunter_F1to10_C40_Final20_P1_1800s/stage2_300s/family_005/candidate_022_seed_1400951998/gurobi_baseline_log.csv,6a26a032184c9e06f9230206fa51a632d173e2e74cedfd116219718b58cf46df,PASS
仿真文件(1).zip!/仿真文件/仿真.zip!/仿真/DZ3_A0_Hunter_F1to10_C40_Final20_P1_1800s/stage2_300s.zip!/stage2_300s/family_005/candidate_022_seed_1400951998/config.json,仿真文件(1).zip!/仿真文件/仿真.zip!/仿真/DZ3_A0_Hunter_F1to10_C40_Final20_P1_1800s/stage2_300s/family_005/candidate_022_seed_1400951998/config.json,a7464a70e4de076a2451504b4fff0af6f9147e10e7267f39d4c10afe896aed37,PASS
仿真文件(1).zip!/仿真文件/仿真.zip!/仿真/DZ3_A0_Hunter_F1to10_C40_Final20_P1_1800s/stage2_300s.zip!/stage2_300s/family_005/candidate_036_seed_1058758870/instance_manifest.json,仿真文件(1).zip!/仿真文件/仿真.zip!/仿真/DZ3_A0_Hunter_F1to10_C40_Final20_P1_1800s/stage2_300s/family_005/candidate_036_seed_1058758870/instance_manifest.json,3d2118fac1f93b7173e25aee82c246c00134710a12f11442ebaf678230b17a88,PASS
仿真文件(1).zip!/仿真文件/仿真.zip!/仿真/DZ3_A0_Hunter_F1to10_C40_Final20_P1_1800s/stage2_300s.zip!/stage2_300s/family_005/candidate_036_seed_1058758870/command.txt,仿真文件(1).zip!/仿真文件/仿真.zip!/仿真/DZ3_A0_Hunter_F1to10_C40_Final20_P1_1800s/stage2_300s/family_005/candidate_036_seed_1058758870/command.txt,844901cec5216e55450fd92f3b24b5af67bd7a0d4e920ab74984bd48620d21bf,PASS
仿真文件(1).zip!/仿真文件/仿真.zip!/仿真/DZ3_A0_Hunter_F1to10_C40_Final20_P1_1800s/stage2_300s.zip!/stage2_300s/family_005/candidate_036_seed_1058758870/all_algorithms_summary.csv,仿真文件(1).zip!/仿真文件/仿真.zip!/仿真/DZ3_A0_Hunter_F1to10_C40_Final20_P1_1800s/stage2_300s/family_005/candidate_036_seed_1058758870/all_algorithms_summary.csv,9e77e7f36ff2822a32a813faf92e6a7c3fe538c4d1056f3d6dea6f0710a019e5,PASS
仿真文件(1).zip!/仿真文件/仿真.zip!/仿真/DZ3_A0_Hunter_F1to10_C40_Final20_P1_1800s/stage2_300s.zip!/stage2_300s/family_005/candidate_036_seed_1058758870/gurobi_report.md,仿真文件(1).zip!/仿真文件/仿真.zip!/仿真/DZ3_A0_Hunter_F1to10_C40_Final20_P1_1800s/stage2_300s/family_005/candidate_036_seed_1058758870/gurobi_report.md,536f10f11a7449b4bfdbe0214f2cdee36756496117b98275c956519fc46b32a3,PASS
仿真文件(1).zip!/仿真文件/仿真.zip!/仿真/DZ3_A0_Hunter_F1to10_C40_Final20_P1_1800s/stage2_300s.zip!/stage2_300s/family_005/candidate_036_seed_1058758870/gurobi_summary.csv,仿真文件(1).zip!/仿真文件/仿真.zip!/仿真/DZ3_A0_Hunter_F1to10_C40_Final20_P1_1800s/stage2_300s/family_005/candidate_036_seed_1058758870/gurobi_summary.csv,9e77e7f36ff2822a32a813faf92e6a7c3fe538c4d1056f3d6dea6f0710a019e5,PASS
仿真文件(1).zip!/仿真文件/仿真.zip!/仿真/DZ3_A0_Hunter_F1to10_C40_Final20_P1_1800s/stage2_300s.zip!/stage2_300s/family_005/candidate_036_seed_1058758870/HUNTER_RESULT.json,仿真文件(1).zip!/仿真文件/仿真.zip!/仿真/DZ3_A0_Hunter_F1to10_C40_Final20_P1_1800s/stage2_300s/family_005/candidate_036_seed_1058758870/HUNTER_RESULT.json,d991fcb634c97a16f08abb3c048f6a6d4141f7a11887a4508b1307d7d850105e,PASS
仿真文件(1).zip!/仿真文件/仿真.zip!/仿真/DZ3_A0_Hunter_F1to10_C40_Final20_P1_1800s/stage2_300s.zip!/stage2_300s/family_005/candidate_036_seed_1058758870/hunter_child_console.log,仿真文件(1).zip!/仿真文件/仿真.zip!/仿真/DZ3_A0_Hunter_F1to10_C40_Final20_P1_1800s/stage2_300s/family_005/candidate_036_seed_1058758870/hunter_child_console.log,92812654127c4f2ce51e04acb56f43f8031739099071d71366fa3b202f3bb4a4,PASS
仿真文件(1).zip!/仿真文件/仿真.zip!/仿真/DZ3_A0_Hunter_F1to10_C40_Final20_P1_1800s/stage2_300s.zip!/stage2_300s/family_005/candidate_036_seed_1058758870/run.log,仿真文件(1).zip!/仿真文件/仿真.zip!/仿真/DZ3_A0_Hunter_F1to10_C40_Final20_P1_1800s/stage2_300s/family_005/candidate_036_seed_1058758870/run.log,2a7b22bcc7dd5ed2e47b4431158e2c2748da39a48f7297d71f028bc3719b3562,PASS
仿真文件(1).zip!/仿真文件/仿真.zip!/仿真/DZ3_A0_Hunter_F1to10_C40_Final20_P1_1800s/stage2_300s.zip!/stage2_300s/family_005/candidate_036_seed_1058758870/summary.csv,仿真文件(1).zip!/仿真文件/仿真.zip!/仿真/DZ3_A0_Hunter_F1to10_C40_Final20_P1_1800s/stage2_300s/family_005/candidate_036_seed_1058758870/summary.csv,9e77e7f36ff2822a32a813faf92e6a7c3fe538c4d1056f3d6dea6f0710a019e5,PASS
仿真文件(1).zip!/仿真文件/仿真.zip!/仿真/DZ3_A0_Hunter_F1to10_C40_Final20_P1_1800s/stage2_300s.zip!/stage2_300s/family_005/candidate_036_seed_1058758870/gurobi_extensive.log,仿真文件(1).zip!/仿真文件/仿真.zip!/仿真/DZ3_A0_Hunter_F1to10_C40_Final20_P1_1800s/stage2_300s/family_005/candidate_036_seed_1058758870/gurobi_extensive.log,89cdcee1141837a675d73af99ac92049eeea04768729edf04ac032d0b551e6c7,PASS
仿真文件(1).zip!/仿真文件/仿真.zip!/仿真/DZ3_A0_Hunter_F1to10_C40_Final20_P1_1800s/stage2_300s.zip!/stage2_300s/family_005/candidate_036_seed_1058758870/gurobi_baseline_log.json,仿真文件(1).zip!/仿真文件/仿真.zip!/仿真/DZ3_A0_Hunter_F1to10_C40_Final20_P1_1800s/stage2_300s/family_005/candidate_036_seed_1058758870/gurobi_baseline_log.json,3e834221952b7be4ffcd05db3db394e4bf7235b392fdceea076b9f21c041ee06,PASS
仿真文件(1).zip!/仿真文件/仿真.zip!/仿真/DZ3_A0_Hunter_F1to10_C40_Final20_P1_1800s/stage2_300s.zip!/stage2_300s/family_005/candidate_036_seed_1058758870/gurobi_baseline_log.csv,仿真文件(1).zip!/仿真文件/仿真.zip!/仿真/DZ3_A0_Hunter_F1to10_C40_Final20_P1_1800s/stage2_300s/family_005/candidate_036_seed_1058758870/gurobi_baseline_log.csv,9e77e7f36ff2822a32a813faf92e6a7c3fe538c4d1056f3d6dea6f0710a019e5,PASS
仿真文件(1).zip!/仿真文件/仿真.zip!/仿真/DZ3_A0_Hunter_F1to10_C40_Final20_P1_1800s/stage2_300s.zip!/stage2_300s/family_005/candidate_036_seed_1058758870/config.json,仿真文件(1).zip!/仿真文件/仿真.zip!/仿真/DZ3_A0_Hunter_F1to10_C40_Final20_P1_1800s/stage2_300s/family_005/candidate_036_seed_1058758870/config.json,8219a23c4536b984ec9fe1dfb15878c11113030d0a1ef3f1c921aaf94b19f482,PASS
仿真文件(1).zip!/仿真文件/仿真.zip!/仿真/DZ3_A0_Hunter_F1to10_C40_Final20_P1_1800s/stage2_300s.zip!/stage2_300s/family_009/candidate_039_seed_1101566026/instance_manifest.json,仿真文件(1).zip!/仿真文件/仿真.zip!/仿真/DZ3_A0_Hunter_F1to10_C40_Final20_P1_1800s/stage2_300s/family_009/candidate_039_seed_1101566026/instance_manifest.json,f881bcd940ef3570c379868b2d6094daeee4b3c0ad61f2189a9df21ad7a0989a,PASS
仿真文件(1).zip!/仿真文件/仿真.zip!/仿真/DZ3_A0_Hunter_F1to10_C40_Final20_P1_1800s/stage2_300s.zip!/stage2_300s/family_009/candidate_039_seed_1101566026/command.txt,仿真文件(1).zip!/仿真文件/仿真.zip!/仿真/DZ3_A0_Hunter_F1to10_C40_Final20_P1_1800s/stage2_300s/family_009/candidate_039_seed_1101566026/command.txt,7ae92d344273b31fb033815d75240cee0c45b1ef0d62c4b621fbfed3c39b606d,PASS
仿真文件(1).zip!/仿真文件/仿真.zip!/仿真/DZ3_A0_Hunter_F1to10_C40_Final20_P1_1800s/stage2_300s.zip!/stage2_300s/family_009/candidate_039_seed_1101566026/all_algorithms_summary.csv,仿真文件(1).zip!/仿真文件/仿真.zip!/仿真/DZ3_A0_Hunter_F1to10_C40_Final20_P1_1800s/stage2_300s/family_009/candidate_039_seed_1101566026/all_algorithms_summary.csv,f49f3f5d615865ff3c9ce900bfcd9b6c9f8bc4e39506b089e67c7433e0bcfc96,PASS
仿真文件(1).zip!/仿真文件/仿真.zip!/仿真/DZ3_A0_Hunter_F1to10_C40_Final20_P1_1800s/stage2_300s.zip!/stage2_300s/family_009/candidate_039_seed_1101566026/gurobi_report.md,仿真文件(1).zip!/仿真文件/仿真.zip!/仿真/DZ3_A0_Hunter_F1to10_C40_Final20_P1_1800s/stage2_300s/family_009/candidate_039_seed_1101566026/gurobi_report.md,72f868b24e537e9034c0df737894bf780b2e0230408fe40a60bb64f1e067149d,PASS
仿真文件(1).zip!/仿真文件/仿真.zip!/仿真/DZ3_A0_Hunter_F1to10_C40_Final20_P1_1800s/stage2_300s.zip!/stage2_300s/family_009/candidate_039_seed_1101566026/gurobi_summary.csv,仿真文件(1).zip!/仿真文件/仿真.zip!/仿真/DZ3_A0_Hunter_F1to10_C40_Final20_P1_1800s/stage2_300s/family_009/candidate_039_seed_1101566026/gurobi_summary.csv,f49f3f5d615865ff3c9ce900bfcd9b6c9f8bc4e39506b089e67c7433e0bcfc96,PASS
仿真文件(1).zip!/仿真文件/仿真.zip!/仿真/DZ3_A0_Hunter_F1to10_C40_Final20_P1_1800s/stage2_300s.zip!/stage2_300s/family_009/candidate_039_seed_1101566026/HUNTER_RESULT.json,仿真文件(1).zip!/仿真文件/仿真.zip!/仿真/DZ3_A0_Hunter_F1to10_C40_Final20_P1_1800s/stage2_300s/family_009/candidate_039_seed_1101566026/HUNTER_RESULT.json,452756815593ca1949d3bc76fa8468a562fd98eedda3ab8edc0c4645ef651d26,PASS
仿真文件(1).zip!/仿真文件/仿真.zip!/仿真/DZ3_A0_Hunter_F1to10_C40_Final20_P1_1800s/stage2_300s.zip!/stage2_300s/family_009/candidate_039_seed_1101566026/hunter_child_console.log,仿真文件(1).zip!/仿真文件/仿真.zip!/仿真/DZ3_A0_Hunter_F1to10_C40_Final20_P1_1800s/stage2_300s/family_009/candidate_039_seed_1101566026/hunter_child_console.log,9279d0bdcfd1943a3d89152618fac63864d7fa8aa97d068c5d7f7a43b161f06a,PASS
仿真文件(1).zip!/仿真文件/仿真.zip!/仿真/DZ3_A0_Hunter_F1to10_C40_Final20_P1_1800s/stage2_300s.zip!/stage2_300s/family_009/candidate_039_seed_1101566026/run.log,仿真文件(1).zip!/仿真文件/仿真.zip!/仿真/DZ3_A0_Hunter_F1to10_C40_Final20_P1_1800s/stage2_300s/family_009/candidate_039_seed_1101566026/run.log,a34d639d2eedb4b8df7424b867ba4ae2433852de073097327d76379c04b02919,PASS
仿真文件(1).zip!/仿真文件/仿真.zip!/仿真/DZ3_A0_Hunter_F1to10_C40_Final20_P1_1800s/stage2_300s.zip!/stage2_300s/family_009/candidate_039_seed_1101566026/summary.csv,仿真文件(1).zip!/仿真文件/仿真.zip!/仿真/DZ3_A0_Hunter_F1to10_C40_Final20_P1_1800s/stage2_300s/family_009/candidate_039_seed_1101566026/summary.csv,f49f3f5d615865ff3c9ce900bfcd9b6c9f8bc4e39506b089e67c7433e0bcfc96,PASS
仿真文件(1).zip!/仿真文件/仿真.zip!/仿真/DZ3_A0_Hunter_F1to10_C40_Final20_P1_1800s/stage2_300s.zip!/stage2_300s/family_009/candidate_039_seed_1101566026/gurobi_extensive.log,仿真文件(1).zip!/仿真文件/仿真.zip!/仿真/DZ3_A0_Hunter_F1to10_C40_Final20_P1_1800s/stage2_300s/family_009/candidate_039_seed_1101566026/gurobi_extensive.log,d8f51e0b02e59417bd5b3adc1fcac6cb87a91ff9ab1e4e7e11c919b90f381197,PASS
仿真文件(1).zip!/仿真文件/仿真.zip!/仿真/DZ3_A0_Hunter_F1to10_C40_Final20_P1_1800s/stage2_300s.zip!/stage2_300s/family_009/candidate_039_seed_1101566026/gurobi_baseline_log.json,仿真文件(1).zip!/仿真文件/仿真.zip!/仿真/DZ3_A0_Hunter_F1to10_C40_Final20_P1_1800s/stage2_300s/family_009/candidate_039_seed_1101566026/gurobi_baseline_log.json,2052a0be9c762fddd793f376534d49595141dbed0c9d375ea1e60e71a9dcd4d1,PASS
仿真文件(1).zip!/仿真文件/仿真.zip!/仿真/DZ3_A0_Hunter_F1to10_C40_Final20_P1_1800s/stage2_300s.zip!/stage2_300s/family_009/candidate_039_seed_1101566026/gurobi_baseline_log.csv,仿真文件(1).zip!/仿真文件/仿真.zip!/仿真/DZ3_A0_Hunter_F1to10_C40_Final20_P1_1800s/stage2_300s/family_009/candidate_039_seed_1101566026/gurobi_baseline_log.csv,f49f3f5d615865ff3c9ce900bfcd9b6c9f8bc4e39506b089e67c7433e0bcfc96,PASS
仿真文件(1).zip!/仿真文件/仿真.zip!/仿真/DZ3_A0_Hunter_F1to10_C40_Final20_P1_1800s/stage2_300s.zip!/stage2_300s/family_009/candidate_039_seed_1101566026/config.json,仿真文件(1).zip!/仿真文件/仿真.zip!/仿真/DZ3_A0_Hunter_F1to10_C40_Final20_P1_1800s/stage2_300s/family_009/candidate_039_seed_1101566026/config.json,e23046f4f0b1c14a8def86e21e240498b303629ba911570ff5e423a1c10f8fff,PASS
仿真文件(1).zip!/仿真文件/仿真.zip!/仿真/DZ3_A0_Hunter_F1to10_C40_Final20_P1_1800s/stage2_300s.zip!/stage2_300s/family_009/candidate_026_seed_12081851/instance_manifest.json,仿真文件(1).zip!/仿真文件/仿真.zip!/仿真/DZ3_A0_Hunter_F1to10_C40_Final20_P1_1800s/stage2_300s/family_009/candidate_026_seed_12081851/instance_manifest.json,25433a84d5c6c0d74412bb4b6d51e9a8b2955994276e260f9ea20b5570ecac81,PASS
仿真文件(1).zip!/仿真文件/仿真.zip!/仿真/DZ3_A0_Hunter_F1to10_C40_Final20_P1_1800s/stage2_300s.zip!/stage2_300s/family_009/candidate_026_seed_12081851/command.txt,仿真文件(1).zip!/仿真文件/仿真.zip!/仿真/DZ3_A0_Hunter_F1to10_C40_Final20_P1_1800s/stage2_300s/family_009/candidate_026_seed_12081851/command.txt,e20be9c1206e48c2d1ac49dccd4b5e7dc6e0197863ec226512246961d3e26a99,PASS
仿真文件(1).zip!/仿真文件/仿真.zip!/仿真/DZ3_A0_Hunter_F1to10_C40_Final20_P1_1800s/stage2_300s.zip!/stage2_300s/family_009/candidate_026_seed_12081851/all_algorithms_summary.csv,仿真文件(1).zip!/仿真文件/仿真.zip!/仿真/DZ3_A0_Hunter_F1to10_C40_Final20_P1_1800s/stage2_300s/family_009/candidate_026_seed_12081851/all_algorithms_summary.csv,575434971f7b4bea4739bff656b672b676b32497e6d0f058ae77157886101b00,PASS
仿真文件(1).zip!/仿真文件/仿真.zip!/仿真/DZ3_A0_Hunter_F1to10_C40_Final20_P1_1800s/stage2_300s.zip!/stage2_300s/family_009/candidate_026_seed_12081851/gurobi_report.md,仿真文件(1).zip!/仿真文件/仿真.zip!/仿真/DZ3_A0_Hunter_F1to10_C40_Final20_P1_1800s/stage2_300s/family_009/candidate_026_seed_12081851/gurobi_report.md,6288ce0ed8468e3193e1a01807352929312eec69cc31bb5979bb5091a6556953,PASS
仿真文件(1).zip!/仿真文件/仿真.zip!/仿真/DZ3_A0_Hunter_F1to10_C40_Final20_P1_1800s/stage2_300s.zip!/stage2_300s/family_009/candidate_026_seed_12081851/gurobi_summary.csv,仿真文件(1).zip!/仿真文件/仿真.zip!/仿真/DZ3_A0_Hunter_F1to10_C40_Final20_P1_1800s/stage2_300s/family_009/candidate_026_seed_12081851/gurobi_summary.csv,575434971f7b4bea4739bff656b672b676b32497e6d0f058ae77157886101b00,PASS
仿真文件(1).zip!/仿真文件/仿真.zip!/仿真/DZ3_A0_Hunter_F1to10_C40_Final20_P1_1800s/stage2_300s.zip!/stage2_300s/family_009/candidate_026_seed_12081851/HUNTER_RESULT.json,仿真文件(1).zip!/仿真文件/仿真.zip!/仿真/DZ3_A0_Hunter_F1to10_C40_Final20_P1_1800s/stage2_300s/family_009/candidate_026_seed_12081851/HUNTER_RESULT.json,6cd5dd3af13cf509afb0ec1a61f31ee8c4649779d55a50d54bc64502d7715b2b,PASS
仿真文件(1).zip!/仿真文件/仿真.zip!/仿真/DZ3_A0_Hunter_F1to10_C40_Final20_P1_1800s/stage2_300s.zip!/stage2_300s/family_009/candidate_026_seed_12081851/hunter_child_console.log,仿真文件(1).zip!/仿真文件/仿真.zip!/仿真/DZ3_A0_Hunter_F1to10_C40_Final20_P1_1800s/stage2_300s/family_009/candidate_026_seed_12081851/hunter_child_console.log,023cef46e2dcb3874bd6c2bd27461787638071b6049a99cdfcd44c1e5672186a,PASS
仿真文件(1).zip!/仿真文件/仿真.zip!/仿真/DZ3_A0_Hunter_F1to10_C40_Final20_P1_1800s/stage2_300s.zip!/stage2_300s/family_009/candidate_026_seed_12081851/run.log,仿真文件(1).zip!/仿真文件/仿真.zip!/仿真/DZ3_A0_Hunter_F1to10_C40_Final20_P1_1800s/stage2_300s/family_009/candidate_026_seed_12081851/run.log,bea1a457a86bb6093afefa3f6171d59f2601f63ce80474f24aa8a18ea402c974,PASS
仿真文件(1).zip!/仿真文件/仿真.zip!/仿真/DZ3_A0_Hunter_F1to10_C40_Final20_P1_1800s/stage2_300s.zip!/stage2_300s/family_009/candidate_026_seed_12081851/summary.csv,仿真文件(1).zip!/仿真文件/仿真.zip!/仿真/DZ3_A0_Hunter_F1to10_C40_Final20_P1_1800s/stage2_300s/family_009/candidate_026_seed_12081851/summary.csv,575434971f7b4bea4739bff656b672b676b32497e6d0f058ae77157886101b00,PASS
仿真文件(1).zip!/仿真文件/仿真.zip!/仿真/DZ3_A0_Hunter_F1to10_C40_Final20_P1_1800s/stage2_300s.zip!/stage2_300s/family_009/candidate_026_seed_12081851/gurobi_extensive.log,仿真文件(1).zip!/仿真文件/仿真.zip!/仿真/DZ3_A0_Hunter_F1to10_C40_Final20_P1_1800s/stage2_300s/family_009/candidate_026_seed_12081851/gurobi_extensive.log,0332fa249a250961580ffa1c7eafc01c6e9c5d69f0f6a3b1de8298709a299741,PASS
仿真文件(1).zip!/仿真文件/仿真.zip!/仿真/DZ3_A0_Hunter_F1to10_C40_Final20_P1_1800s/stage2_300s.zip!/stage2_300s/family_009/candidate_026_seed_12081851/gurobi_baseline_log.json,仿真文件(1).zip!/仿真文件/仿真.zip!/仿真/DZ3_A0_Hunter_F1to10_C40_Final20_P1_1800s/stage2_300s/family_009/candidate_026_seed_12081851/gurobi_baseline_log.json,0c8b93e9f5d19325a61508196ef1f0c84781c8a920fd022b53d6d098aeb7cff1,PASS
仿真文件(1).zip!/仿真文件/仿真.zip!/仿真/DZ3_A0_Hunter_F1to10_C40_Final20_P1_1800s/stage2_300s.zip!/stage2_300s/family_009/candidate_026_seed_12081851/gurobi_baseline_log.csv,仿真文件(1).zip!/仿真文件/仿真.zip!/仿真/DZ3_A0_Hunter_F1to10_C40_Final20_P1_1800s/stage2_300s/family_009/candidate_026_seed_12081851/gurobi_baseline_log.csv,575434971f7b4bea4739bff656b672b676b32497e6d0f058ae77157886101b00,PASS
仿真文件(1).zip!/仿真文件/仿真.zip!/仿真/DZ3_A0_Hunter_F1to10_C40_Final20_P1_1800s/stage2_300s.zip!/stage2_300s/family_009/candidate_026_seed_12081851/config.json,仿真文件(1).zip!/仿真文件/仿真.zip!/仿真/DZ3_A0_Hunter_F1to10_C40_Final20_P1_1800s/stage2_300s/family_009/candidate_026_seed_12081851/config.json,ec979f17ab8f4041c30410ad6e9e9ec400d2b2e99fbba058950db262625fa3e1,PASS
仿真文件(1).zip!/仿真文件/仿真.zip!/仿真/DZ3_A0_Hunter_F1to10_C40_Final20_P1_1800s/stage2_300s.zip!/stage2_300s/family_009/candidate_024_seed_139917572/instance_manifest.json,仿真文件(1).zip!/仿真文件/仿真.zip!/仿真/DZ3_A0_Hunter_F1to10_C40_Final20_P1_1800s/stage2_300s/family_009/candidate_024_seed_139917572/instance_manifest.json,2269bdf09fa68fe13a9d5429db66ffbb57e780c53309e087fe01cdfddb2c215f,PASS
仿真文件(1).zip!/仿真文件/仿真.zip!/仿真/DZ3_A0_Hunter_F1to10_C40_Final20_P1_1800s/stage2_300s.zip!/stage2_300s/family_009/candidate_024_seed_139917572/command.txt,仿真文件(1).zip!/仿真文件/仿真.zip!/仿真/DZ3_A0_Hunter_F1to10_C40_Final20_P1_1800s/stage2_300s/family_009/candidate_024_seed_139917572/command.txt,5e6684b2327a766e8f2570dbb8ddf1a8fbdea6897e397ce86c7eefc78d330aa5,PASS
仿真文件(1).zip!/仿真文件/仿真.zip!/仿真/DZ3_A0_Hunter_F1to10_C40_Final20_P1_1800s/stage2_300s.zip!/stage2_300s/family_009/candidate_024_seed_139917572/all_algorithms_summary.csv,仿真文件(1).zip!/仿真文件/仿真.zip!/仿真/DZ3_A0_Hunter_F1to10_C40_Final20_P1_1800s/stage2_300s/family_009/candidate_024_seed_139917572/all_algorithms_summary.csv,b4a658347580ebe14d60c2db9baf8ae20570ef39fd6f892a8922e54ae5a74da7,PASS
仿真文件(1).zip!/仿真文件/仿真.zip!/仿真/DZ3_A0_Hunter_F1to10_C40_Final20_P1_1800s/stage2_300s.zip!/stage2_300s/family_009/candidate_024_seed_139917572/gurobi_report.md,仿真文件(1).zip!/仿真文件/仿真.zip!/仿真/DZ3_A0_Hunter_F1to10_C40_Final20_P1_1800s/stage2_300s/family_009/candidate_024_seed_139917572/gurobi_report.md,0f03d8ea9d1979aad320b48756b94d514ea48ac02e1bd0a293f562769ec927e9,PASS
仿真文件(1).zip!/仿真文件/仿真.zip!/仿真/DZ3_A0_Hunter_F1to10_C40_Final20_P1_1800s/stage2_300s.zip!/stage2_300s/family_009/candidate_024_seed_139917572/gurobi_summary.csv,仿真文件(1).zip!/仿真文件/仿真.zip!/仿真/DZ3_A0_Hunter_F1to10_C40_Final20_P1_1800s/stage2_300s/family_009/candidate_024_seed_139917572/gurobi_summary.csv,b4a658347580ebe14d60c2db9baf8ae20570ef39fd6f892a8922e54ae5a74da7,PASS
仿真文件(1).zip!/仿真文件/仿真.zip!/仿真/DZ3_A0_Hunter_F1to10_C40_Final20_P1_1800s/stage2_300s.zip!/stage2_300s/family_009/candidate_024_seed_139917572/HUNTER_RESULT.json,仿真文件(1).zip!/仿真文件/仿真.zip!/仿真/DZ3_A0_Hunter_F1to10_C40_Final20_P1_1800s/stage2_300s/family_009/candidate_024_seed_139917572/HUNTER_RESULT.json,55a3cfcbce15fe5985286079e7f50c99e590ae8621a4a8646d7f5e5558247407,PASS
仿真文件(1).zip!/仿真文件/仿真.zip!/仿真/DZ3_A0_Hunter_F1to10_C40_Final20_P1_1800s/stage2_300s.zip!/stage2_300s/family_009/candidate_024_seed_139917572/hunter_child_console.log,仿真文件(1).zip!/仿真文件/仿真.zip!/仿真/DZ3_A0_Hunter_F1to10_C40_Final20_P1_1800s/stage2_300s/family_009/candidate_024_seed_139917572/hunter_child_console.log,47e6f3a5f69ddf12e06c88f7fb68ad3aa252dd91ebb1aff14277d95c81775a74,PASS
仿真文件(1).zip!/仿真文件/仿真.zip!/仿真/DZ3_A0_Hunter_F1to10_C40_Final20_P1_1800s/stage2_300s.zip!/stage2_300s/family_009/candidate_024_seed_139917572/run.log,仿真文件(1).zip!/仿真文件/仿真.zip!/仿真/DZ3_A0_Hunter_F1to10_C40_Final20_P1_1800s/stage2_300s/family_009/candidate_024_seed_139917572/run.log,7fdab5d287e62fd5e2365589262950eaf6c968ef057c63c2c269f5539c44c46e,PASS
仿真文件(1).zip!/仿真文件/仿真.zip!/仿真/DZ3_A0_Hunter_F1to10_C40_Final20_P1_1800s/stage2_300s.zip!/stage2_300s/family_009/candidate_024_seed_139917572/summary.csv,仿真文件(1).zip!/仿真文件/仿真.zip!/仿真/DZ3_A0_Hunter_F1to10_C40_Final20_P1_1800s/stage2_300s/family_009/candidate_024_seed_139917572/summary.csv,b4a658347580ebe14d60c2db9baf8ae20570ef39fd6f892a8922e54ae5a74da7,PASS
仿真文件(1).zip!/仿真文件/仿真.zip!/仿真/DZ3_A0_Hunter_F1to10_C40_Final20_P1_1800s/stage2_300s.zip!/stage2_300s/family_009/candidate_024_seed_139917572/gurobi_extensive.log,仿真文件(1).zip!/仿真文件/仿真.zip!/仿真/DZ3_A0_Hunter_F1to10_C40_Final20_P1_1800s/stage2_300s/family_009/candidate_024_seed_139917572/gurobi_extensive.log,90b0e6e4a859bc65c55a81cf728b3f3d0f16f63178a6349f49b260dc71772ab2,PASS
仿真文件(1).zip!/仿真文件/仿真.zip!/仿真/DZ3_A0_Hunter_F1to10_C40_Final20_P1_1800s/stage2_300s.zip!/stage2_300s/family_009/candidate_024_seed_139917572/gurobi_baseline_log.json,仿真文件(1).zip!/仿真文件/仿真.zip!/仿真/DZ3_A0_Hunter_F1to10_C40_Final20_P1_1800s/stage2_300s/family_009/candidate_024_seed_139917572/gurobi_baseline_log.json,cbe9710cfb0b3f970ed91af78c0e83f5ed3dd3c0253b2a17ab4413719cdecba2,PASS
仿真文件(1).zip!/仿真文件/仿真.zip!/仿真/DZ3_A0_Hunter_F1to10_C40_Final20_P1_1800s/stage2_300s.zip!/stage2_300s/family_009/candidate_024_seed_139917572/gurobi_baseline_log.csv,仿真文件(1).zip!/仿真文件/仿真.zip!/仿真/DZ3_A0_Hunter_F1to10_C40_Final20_P1_1800s/stage2_300s/family_009/candidate_024_seed_139917572/gurobi_baseline_log.csv,b4a658347580ebe14d60c2db9baf8ae20570ef39fd6f892a8922e54ae5a74da7,PASS
仿真文件(1).zip!/仿真文件/仿真.zip!/仿真/DZ3_A0_Hunter_F1to10_C40_Final20_P1_1800s/stage2_300s.zip!/stage2_300s/family_009/candidate_024_seed_139917572/config.json,仿真文件(1).zip!/仿真文件/仿真.zip!/仿真/DZ3_A0_Hunter_F1to10_C40_Final20_P1_1800s/stage2_300s/family_009/candidate_024_seed_139917572/config.json,89da5423558a212ac072782e3ad376822be78df95fd6b631576d55bb6a8919fc,PASS
仿真文件(1).zip!/仿真文件/仿真.zip!/仿真/DZ3_A0_Hunter_F1to10_C40_Final20_P1_1800s/stage2_300s.zip!/stage2_300s/family_007/candidate_015_seed_1073283950/instance_manifest.json,仿真文件(1).zip!/仿真文件/仿真.zip!/仿真/DZ3_A0_Hunter_F1to10_C40_Final20_P1_1800s/stage2_300s/family_007/candidate_015_seed_1073283950/instance_manifest.json,3c38f2496a176c86ea569004e47bc16a5d8f645d46e8e54c9250d3c0faee497a,PASS
仿真文件(1).zip!/仿真文件/仿真.zip!/仿真/DZ3_A0_Hunter_F1to10_C40_Final20_P1_1800s/stage2_300s.zip!/stage2_300s/family_007/candidate_015_seed_1073283950/command.txt,仿真文件(1).zip!/仿真文件/仿真.zip!/仿真/DZ3_A0_Hunter_F1to10_C40_Final20_P1_1800s/stage2_300s/family_007/candidate_015_seed_1073283950/command.txt,7d59709f2f90bc32588823b471603bb11625da22b856116e64f0178c07bb4ed1,PASS
仿真文件(1).zip!/仿真文件/仿真.zip!/仿真/DZ3_A0_Hunter_F1to10_C40_Final20_P1_1800s/stage2_300s.zip!/stage2_300s/family_007/candidate_015_seed_1073283950/all_algorithms_summary.csv,仿真文件(1).zip!/仿真文件/仿真.zip!/仿真/DZ3_A0_Hunter_F1to10_C40_Final20_P1_1800s/stage2_300s/family_007/candidate_015_seed_1073283950/all_algorithms_summary.csv,c2df2f27733b7e099effa2daa32abbb027691196c4b0db8cb4b27067a9167203,PASS
仿真文件(1).zip!/仿真文件/仿真.zip!/仿真/DZ3_A0_Hunter_F1to10_C40_Final20_P1_1800s/stage2_300s.zip!/stage2_300s/family_007/candidate_015_seed_1073283950/gurobi_report.md,仿真文件(1).zip!/仿真文件/仿真.zip!/仿真/DZ3_A0_Hunter_F1to10_C40_Final20_P1_1800s/stage2_300s/family_007/candidate_015_seed_1073283950/gurobi_report.md,0c7d840d78d280bcc732446257c740e3af19034de4781e95d0adca24189a8a36,PASS
仿真文件(1).zip!/仿真文件/仿真.zip!/仿真/DZ3_A0_Hunter_F1to10_C40_Final20_P1_1800s/stage2_300s.zip!/stage2_300s/family_007/candidate_015_seed_1073283950/gurobi_summary.csv,仿真文件(1).zip!/仿真文件/仿真.zip!/仿真/DZ3_A0_Hunter_F1to10_C40_Final20_P1_1800s/stage2_300s/family_007/candidate_015_seed_1073283950/gurobi_summary.csv,c2df2f27733b7e099effa2daa32abbb027691196c4b0db8cb4b27067a9167203,PASS
仿真文件(1).zip!/仿真文件/仿真.zip!/仿真/DZ3_A0_Hunter_F1to10_C40_Final20_P1_1800s/stage2_300s.zip!/stage2_300s/family_007/candidate_015_seed_1073283950/HUNTER_RESULT.json,仿真文件(1).zip!/仿真文件/仿真.zip!/仿真/DZ3_A0_Hunter_F1to10_C40_Final20_P1_1800s/stage2_300s/family_007/candidate_015_seed_1073283950/HUNTER_RESULT.json,071d2199a7986d01b1bbfa1f08b2f32a2af5f7391d075a8b6d9a4175fe581105,PASS
仿真文件(1).zip!/仿真文件/仿真.zip!/仿真/DZ3_A0_Hunter_F1to10_C40_Final20_P1_1800s/stage2_300s.zip!/stage2_300s/family_007/candidate_015_seed_1073283950/hunter_child_console.log,仿真文件(1).zip!/仿真文件/仿真.zip!/仿真/DZ3_A0_Hunter_F1to10_C40_Final20_P1_1800s/stage2_300s/family_007/candidate_015_seed_1073283950/hunter_child_console.log,96604b9f481552f6c2f074ee921a30abc472808cffa58a212e97eefc1eabb72f,PASS
仿真文件(1).zip!/仿真文件/仿真.zip!/仿真/DZ3_A0_Hunter_F1to10_C40_Final20_P1_1800s/stage2_300s.zip!/stage2_300s/family_007/candidate_015_seed_1073283950/run.log,仿真文件(1).zip!/仿真文件/仿真.zip!/仿真/DZ3_A0_Hunter_F1to10_C40_Final20_P1_1800s/stage2_300s/family_007/candidate_015_seed_1073283950/run.log,0e2514185f85a1cf3069bb102c5ed86606d78c2f73db3ff6b4c924bac001ecfd,PASS
仿真文件(1).zip!/仿真文件/仿真.zip!/仿真/DZ3_A0_Hunter_F1to10_C40_Final20_P1_1800s/stage2_300s.zip!/stage2_300s/family_007/candidate_015_seed_1073283950/summary.csv,仿真文件(1).zip!/仿真文件/仿真.zip!/仿真/DZ3_A0_Hunter_F1to10_C40_Final20_P1_1800s/stage2_300s/family_007/candidate_015_seed_1073283950/summary.csv,c2df2f27733b7e099effa2daa32abbb027691196c4b0db8cb4b27067a9167203,PASS
仿真文件(1).zip!/仿真文件/仿真.zip!/仿真/DZ3_A0_Hunter_F1to10_C40_Final20_P1_1800s/stage2_300s.zip!/stage2_300s/family_007/candidate_015_seed_1073283950/gurobi_extensive.log,仿真文件(1).zip!/仿真文件/仿真.zip!/仿真/DZ3_A0_Hunter_F1to10_C40_Final20_P1_1800s/stage2_300s/family_007/candidate_015_seed_1073283950/gurobi_extensive.log,29cbc9977e318be75c2eef3528b16d909d4402abe3d4d244ceee70d97086049d,PASS
仿真文件(1).zip!/仿真文件/仿真.zip!/仿真/DZ3_A0_Hunter_F1to10_C40_Final20_P1_1800s/stage2_300s.zip!/stage2_300s/family_007/candidate_015_seed_1073283950/gurobi_baseline_log.json,仿真文件(1).zip!/仿真文件/仿真.zip!/仿真/DZ3_A0_Hunter_F1to10_C40_Final20_P1_1800s/stage2_300s/family_007/candidate_015_seed_1073283950/gurobi_baseline_log.json,3b258f8bcdbd8f988d8b66dbbabdb5d07ef773901149aa1626a07f4be52ca49c,PASS
仿真文件(1).zip!/仿真文件/仿真.zip!/仿真/DZ3_A0_Hunter_F1to10_C40_Final20_P1_1800s/stage2_300s.zip!/stage2_300s/family_007/candidate_015_seed_1073283950/gurobi_baseline_log.csv,仿真文件(1).zip!/仿真文件/仿真.zip!/仿真/DZ3_A0_Hunter_F1to10_C40_Final20_P1_1800s/stage2_300s/family_007/candidate_015_seed_1073283950/gurobi_baseline_log.csv,c2df2f27733b7e099effa2daa32abbb027691196c4b0db8cb4b27067a9167203,PASS
仿真文件(1).zip!/仿真文件/仿真.zip!/仿真/DZ3_A0_Hunter_F1to10_C40_Final20_P1_1800s/stage2_300s.zip!/stage2_300s/family_007/candidate_015_seed_1073283950/config.json,仿真文件(1).zip!/仿真文件/仿真.zip!/仿真/DZ3_A0_Hunter_F1to10_C40_Final20_P1_1800s/stage2_300s/family_007/candidate_015_seed_1073283950/config.json,6f7f4f9ebc02d682a8614dd2602a470fd327af4e246debac1981a531b58d5fcd,PASS
仿真文件(1).zip!/仿真文件/仿真.zip!/仿真/DZ3_A0_Hunter_F1to10_C40_Final20_P1_1800s/stage2_300s.zip!/stage2_300s/family_007/candidate_031_seed_1251001413/instance_manifest.json,仿真文件(1).zip!/仿真文件/仿真.zip!/仿真/DZ3_A0_Hunter_F1to10_C40_Final20_P1_1800s/stage2_300s/family_007/candidate_031_seed_1251001413/instance_manifest.json,6277c0cd69b2039ea0dc0524494c15cd49cfdb218412bf28c14b8c4f3b831701,PASS
仿真文件(1).zip!/仿真文件/仿真.zip!/仿真/DZ3_A0_Hunter_F1to10_C40_Final20_P1_1800s/stage2_300s.zip!/stage2_300s/family_007/candidate_031_seed_1251001413/command.txt,仿真文件(1).zip!/仿真文件/仿真.zip!/仿真/DZ3_A0_Hunter_F1to10_C40_Final20_P1_1800s/stage2_300s/family_007/candidate_031_seed_1251001413/command.txt,79d1e886e0798df6285282bd881f17c5e1c7cb5e3b6bbdbca2ab0166448cde9f,PASS
仿真文件(1).zip!/仿真文件/仿真.zip!/仿真/DZ3_A0_Hunter_F1to10_C40_Final20_P1_1800s/stage2_300s.zip!/stage2_300s/family_007/candidate_031_seed_1251001413/all_algorithms_summary.csv,仿真文件(1).zip!/仿真文件/仿真.zip!/仿真/DZ3_A0_Hunter_F1to10_C40_Final20_P1_1800s/stage2_300s/family_007/candidate_031_seed_1251001413/all_algorithms_summary.csv,7afee03a15b065412973b106dbc746a5f716128d720b282367cb562060bbb3ef,PASS
仿真文件(1).zip!/仿真文件/仿真.zip!/仿真/DZ3_A0_Hunter_F1to10_C40_Final20_P1_1800s/stage2_300s.zip!/stage2_300s/family_007/candidate_031_seed_1251001413/gurobi_report.md,仿真文件(1).zip!/仿真文件/仿真.zip!/仿真/DZ3_A0_Hunter_F1to10_C40_Final20_P1_1800s/stage2_300s/family_007/candidate_031_seed_1251001413/gurobi_report.md,4d636a857b20cc5aa54c5170eb63a3743c038ceae64bf1895f738fc70cf5dd20,PASS
仿真文件(1).zip!/仿真文件/仿真.zip!/仿真/DZ3_A0_Hunter_F1to10_C40_Final20_P1_1800s/stage2_300s.zip!/stage2_300s/family_007/candidate_031_seed_1251001413/gurobi_summary.csv,仿真文件(1).zip!/仿真文件/仿真.zip!/仿真/DZ3_A0_Hunter_F1to10_C40_Final20_P1_1800s/stage2_300s/family_007/candidate_031_seed_1251001413/gurobi_summary.csv,7afee03a15b065412973b106dbc746a5f716128d720b282367cb562060bbb3ef,PASS
仿真文件(1).zip!/仿真文件/仿真.zip!/仿真/DZ3_A0_Hunter_F1to10_C40_Final20_P1_1800s/stage2_300s.zip!/stage2_300s/family_007/candidate_031_seed_1251001413/HUNTER_RESULT.json,仿真文件(1).zip!/仿真文件/仿真.zip!/仿真/DZ3_A0_Hunter_F1to10_C40_Final20_P1_1800s/stage2_300s/family_007/candidate_031_seed_1251001413/HUNTER_RESULT.json,ea35dcbd3f75fe7abba2409783ee6f6d6415ca76fa50c2ad713e01424f1d2312,PASS
仿真文件(1).zip!/仿真文件/仿真.zip!/仿真/DZ3_A0_Hunter_F1to10_C40_Final20_P1_1800s/stage2_300s.zip!/stage2_300s/family_007/candidate_031_seed_1251001413/hunter_child_console.log,仿真文件(1).zip!/仿真文件/仿真.zip!/仿真/DZ3_A0_Hunter_F1to10_C40_Final20_P1_1800s/stage2_300s/family_007/candidate_031_seed_1251001413/hunter_child_console.log,3a71417087eac2749d1dbfd5ef6f165c2f6acd6064a6639c07bf047213aae60d,PASS
仿真文件(1).zip!/仿真文件/仿真.zip!/仿真/DZ3_A0_Hunter_F1to10_C40_Final20_P1_1800s/stage2_300s.zip!/stage2_300s/family_007/candidate_031_seed_1251001413/run.log,仿真文件(1).zip!/仿真文件/仿真.zip!/仿真/DZ3_A0_Hunter_F1to10_C40_Final20_P1_1800s/stage2_300s/family_007/candidate_031_seed_1251001413/run.log,a2dc8a1b4abcb8705d7241ee710986c453538e7804ca7f7c00f3ced8f5962f03,PASS
仿真文件(1).zip!/仿真文件/仿真.zip!/仿真/DZ3_A0_Hunter_F1to10_C40_Final20_P1_1800s/stage2_300s.zip!/stage2_300s/family_007/candidate_031_seed_1251001413/summary.csv,仿真文件(1).zip!/仿真文件/仿真.zip!/仿真/DZ3_A0_Hunter_F1to10_C40_Final20_P1_1800s/stage2_300s/family_007/candidate_031_seed_1251001413/summary.csv,7afee03a15b065412973b106dbc746a5f716128d720b282367cb562060bbb3ef,PASS
仿真文件(1).zip!/仿真文件/仿真.zip!/仿真/DZ3_A0_Hunter_F1to10_C40_Final20_P1_1800s/stage2_300s.zip!/stage2_300s/family_007/candidate_031_seed_1251001413/gurobi_extensive.log,仿真文件(1).zip!/仿真文件/仿真.zip!/仿真/DZ3_A0_Hunter_F1to10_C40_Final20_P1_1800s/stage2_300s/family_007/candidate_031_seed_1251001413/gurobi_extensive.log,dd826ed40e6ed36fecfa85ad834dc6c9b9fe104ebe967fc3aaeb2eb4730d8141,PASS
仿真文件(1).zip!/仿真文件/仿真.zip!/仿真/DZ3_A0_Hunter_F1to10_C40_Final20_P1_1800s/stage2_300s.zip!/stage2_300s/family_007/candidate_031_seed_1251001413/gurobi_baseline_log.json,仿真文件(1).zip!/仿真文件/仿真.zip!/仿真/DZ3_A0_Hunter_F1to10_C40_Final20_P1_1800s/stage2_300s/family_007/candidate_031_seed_1251001413/gurobi_baseline_log.json,5320934d3d13342ba2e62cba382506c5c5767d8139f2d9ba785296ff24378918,PASS
仿真文件(1).zip!/仿真文件/仿真.zip!/仿真/DZ3_A0_Hunter_F1to10_C40_Final20_P1_1800s/stage2_300s.zip!/stage2_300s/family_007/candidate_031_seed_1251001413/gurobi_baseline_log.csv,仿真文件(1).zip!/仿真文件/仿真.zip!/仿真/DZ3_A0_Hunter_F1to10_C40_Final20_P1_1800s/stage2_300s/family_007/candidate_031_seed_1251001413/gurobi_baseline_log.csv,7afee03a15b065412973b106dbc746a5f716128d720b282367cb562060bbb3ef,PASS
仿真文件(1).zip!/仿真文件/仿真.zip!/仿真/DZ3_A0_Hunter_F1to10_C40_Final20_P1_1800s/stage2_300s.zip!/stage2_300s/family_007/candidate_031_seed_1251001413/config.json,仿真文件(1).zip!/仿真文件/仿真.zip!/仿真/DZ3_A0_Hunter_F1to10_C40_Final20_P1_1800s/stage2_300s/family_007/candidate_031_seed_1251001413/config.json,c1f877127fcba405acf43c23c9741dadcd6d84ec1811e76fe6856978e6737ed5,PASS
仿真文件(1).zip!/仿真文件/仿真.zip!/仿真/DZ3_A0_Hunter_F1to10_C40_Final20_P1_1800s/stage2_300s.zip!/stage2_300s/family_007/candidate_019_seed_255728784/instance_manifest.json,仿真文件(1).zip!/仿真文件/仿真.zip!/仿真/DZ3_A0_Hunter_F1to10_C40_Final20_P1_1800s/stage2_300s/family_007/candidate_019_seed_255728784/instance_manifest.json,a03580d8fae123a125d20aa8394f307b12d531335a7e357c09961c8ae471d512,PASS
仿真文件(1).zip!/仿真文件/仿真.zip!/仿真/DZ3_A0_Hunter_F1to10_C40_Final20_P1_1800s/stage2_300s.zip!/stage2_300s/family_007/candidate_019_seed_255728784/command.txt,仿真文件(1).zip!/仿真文件/仿真.zip!/仿真/DZ3_A0_Hunter_F1to10_C40_Final20_P1_1800s/stage2_300s/family_007/candidate_019_seed_255728784/command.txt,b662f9bfd384abe4fb59f9715502aed5bf3a811ceef401039a3736b64c212815,PASS
仿真文件(1).zip!/仿真文件/仿真.zip!/仿真/DZ3_A0_Hunter_F1to10_C40_Final20_P1_1800s/stage2_300s.zip!/stage2_300s/family_007/candidate_019_seed_255728784/all_algorithms_summary.csv,仿真文件(1).zip!/仿真文件/仿真.zip!/仿真/DZ3_A0_Hunter_F1to10_C40_Final20_P1_1800s/stage2_300s/family_007/candidate_019_seed_255728784/all_algorithms_summary.csv,976b490efad2cc5b3315aa2a574eef27eac2cfc106c4e325f4dbfc2de303dfeb,PASS
仿真文件(1).zip!/仿真文件/仿真.zip!/仿真/DZ3_A0_Hunter_F1to10_C40_Final20_P1_1800s/stage2_300s.zip!/stage2_300s/family_007/candidate_019_seed_255728784/gurobi_report.md,仿真文件(1).zip!/仿真文件/仿真.zip!/仿真/DZ3_A0_Hunter_F1to10_C40_Final20_P1_1800s/stage2_300s/family_007/candidate_019_seed_255728784/gurobi_report.md,c2437791a6bfd09329f6877016f9ea5a68c9c58f2a2b647b5a8a12b5694751a2,PASS
仿真文件(1).zip!/仿真文件/仿真.zip!/仿真/DZ3_A0_Hunter_F1to10_C40_Final20_P1_1800s/stage2_300s.zip!/stage2_300s/family_007/candidate_019_seed_255728784/gurobi_summary.csv,仿真文件(1).zip!/仿真文件/仿真.zip!/仿真/DZ3_A0_Hunter_F1to10_C40_Final20_P1_1800s/stage2_300s/family_007/candidate_019_seed_255728784/gurobi_summary.csv,976b490efad2cc5b3315aa2a574eef27eac2cfc106c4e325f4dbfc2de303dfeb,PASS
仿真文件(1).zip!/仿真文件/仿真.zip!/仿真/DZ3_A0_Hunter_F1to10_C40_Final20_P1_1800s/stage2_300s.zip!/stage2_300s/family_007/candidate_019_seed_255728784/HUNTER_RESULT.json,仿真文件(1).zip!/仿真文件/仿真.zip!/仿真/DZ3_A0_Hunter_F1to10_C40_Final20_P1_1800s/stage2_300s/family_007/candidate_019_seed_255728784/HUNTER_RESULT.json,9458f21353c6b9c4347d73a98d32d4203f589830dc150dae93afb6ab97ada851,PASS
仿真文件(1).zip!/仿真文件/仿真.zip!/仿真/DZ3_A0_Hunter_F1to10_C40_Final20_P1_1800s/stage2_300s.zip!/stage2_300s/family_007/candidate_019_seed_255728784/hunter_child_console.log,仿真文件(1).zip!/仿真文件/仿真.zip!/仿真/DZ3_A0_Hunter_F1to10_C40_Final20_P1_1800s/stage2_300s/family_007/candidate_019_seed_255728784/hunter_child_console.log,c0832847f858b998205f3b81dd1e8a6d220270c4f261f740863eb05d9ae8a8ea,PASS
仿真文件(1).zip!/仿真文件/仿真.zip!/仿真/DZ3_A0_Hunter_F1to10_C40_Final20_P1_1800s/stage2_300s.zip!/stage2_300s/family_007/candidate_019_seed_255728784/run.log,仿真文件(1).zip!/仿真文件/仿真.zip!/仿真/DZ3_A0_Hunter_F1to10_C40_Final20_P1_1800s/stage2_300s/family_007/candidate_019_seed_255728784/run.log,e691310f4a3e04c897a552df944a2117b6df5268d5bd5f04d55b1edc1f8a0033,PASS
仿真文件(1).zip!/仿真文件/仿真.zip!/仿真/DZ3_A0_Hunter_F1to10_C40_Final20_P1_1800s/stage2_300s.zip!/stage2_300s/family_007/candidate_019_seed_255728784/summary.csv,仿真文件(1).zip!/仿真文件/仿真.zip!/仿真/DZ3_A0_Hunter_F1to10_C40_Final20_P1_1800s/stage2_300s/family_007/candidate_019_seed_255728784/summary.csv,976b490efad2cc5b3315aa2a574eef27eac2cfc106c4e325f4dbfc2de303dfeb,PASS
仿真文件(1).zip!/仿真文件/仿真.zip!/仿真/DZ3_A0_Hunter_F1to10_C40_Final20_P1_1800s/stage2_300s.zip!/stage2_300s/family_007/candidate_019_seed_255728784/gurobi_extensive.log,仿真文件(1).zip!/仿真文件/仿真.zip!/仿真/DZ3_A0_Hunter_F1to10_C40_Final20_P1_1800s/stage2_300s/family_007/candidate_019_seed_255728784/gurobi_extensive.log,4e281b293cac1063ef5effa76c3402e5246fdcdcb7309f41b1f97ea2d4852d86,PASS
仿真文件(1).zip!/仿真文件/仿真.zip!/仿真/DZ3_A0_Hunter_F1to10_C40_Final20_P1_1800s/stage2_300s.zip!/stage2_300s/family_007/candidate_019_seed_255728784/gurobi_baseline_log.json,仿真文件(1).zip!/仿真文件/仿真.zip!/仿真/DZ3_A0_Hunter_F1to10_C40_Final20_P1_1800s/stage2_300s/family_007/candidate_019_seed_255728784/gurobi_baseline_log.json,9723ec5cb291f955b6fd54ccb05a69688ce39049040109eaf784912091214459,PASS
仿真文件(1).zip!/仿真文件/仿真.zip!/仿真/DZ3_A0_Hunter_F1to10_C40_Final20_P1_1800s/stage2_300s.zip!/stage2_300s/family_007/candidate_019_seed_255728784/gurobi_baseline_log.csv,仿真文件(1).zip!/仿真文件/仿真.zip!/仿真/DZ3_A0_Hunter_F1to10_C40_Final20_P1_1800s/stage2_300s/family_007/candidate_019_seed_255728784/gurobi_baseline_log.csv,976b490efad2cc5b3315aa2a574eef27eac2cfc106c4e325f4dbfc2de303dfeb,PASS
仿真文件(1).zip!/仿真文件/仿真.zip!/仿真/DZ3_A0_Hunter_F1to10_C40_Final20_P1_1800s/stage2_300s.zip!/stage2_300s/family_007/candidate_019_seed_255728784/config.json,仿真文件(1).zip!/仿真文件/仿真.zip!/仿真/DZ3_A0_Hunter_F1to10_C40_Final20_P1_1800s/stage2_300s/family_007/candidate_019_seed_255728784/config.json,1180fca193edeecb6250be1c7d95090cccbe7f2a1e474427745c08e3eb6627fc,PASS
仿真文件(1).zip!/仿真文件/仿真.zip!/仿真/DZ3_A0_Hunter_F1to10_C40_Final20_P1_1800s/stage2_300s.zip!/stage2_300s/family_008/candidate_009_seed_1373808879/instance_manifest.json,仿真文件(1).zip!/仿真文件/仿真.zip!/仿真/DZ3_A0_Hunter_F1to10_C40_Final20_P1_1800s/stage2_300s/family_008/candidate_009_seed_1373808879/instance_manifest.json,9575721b094c75cef7c6f0a46ce1db3689ffaa231c9be32ed4dd1987ab701c97,PASS
仿真文件(1).zip!/仿真文件/仿真.zip!/仿真/DZ3_A0_Hunter_F1to10_C40_Final20_P1_1800s/stage2_300s.zip!/stage2_300s/family_008/candidate_009_seed_1373808879/command.txt,仿真文件(1).zip!/仿真文件/仿真.zip!/仿真/DZ3_A0_Hunter_F1to10_C40_Final20_P1_1800s/stage2_300s/family_008/candidate_009_seed_1373808879/command.txt,13989e490989d32c4c900068ae49eca6a4bf11c7d009dd6f2dd94be74c30bd78,PASS
仿真文件(1).zip!/仿真文件/仿真.zip!/仿真/DZ3_A0_Hunter_F1to10_C40_Final20_P1_1800s/stage2_300s.zip!/stage2_300s/family_008/candidate_009_seed_1373808879/all_algorithms_summary.csv,仿真文件(1).zip!/仿真文件/仿真.zip!/仿真/DZ3_A0_Hunter_F1to10_C40_Final20_P1_1800s/stage2_300s/family_008/candidate_009_seed_1373808879/all_algorithms_summary.csv,1ed7e0bffed49f9938e2653576be30a6277aabeb0df1caed0eeb68b903c900e2,PASS
仿真文件(1).zip!/仿真文件/仿真.zip!/仿真/DZ3_A0_Hunter_F1to10_C40_Final20_P1_1800s/stage2_300s.zip!/stage2_300s/family_008/candidate_009_seed_1373808879/gurobi_report.md,仿真文件(1).zip!/仿真文件/仿真.zip!/仿真/DZ3_A0_Hunter_F1to10_C40_Final20_P1_1800s/stage2_300s/family_008/candidate_009_seed_1373808879/gurobi_report.md,9b8b04c1555ec24151a07fc4adbe2c9d9f9452057c86832c35f65d0b160b4dd8,PASS
仿真文件(1).zip!/仿真文件/仿真.zip!/仿真/DZ3_A0_Hunter_F1to10_C40_Final20_P1_1800s/stage2_300s.zip!/stage2_300s/family_008/candidate_009_seed_1373808879/gurobi_summary.csv,仿真文件(1).zip!/仿真文件/仿真.zip!/仿真/DZ3_A0_Hunter_F1to10_C40_Final20_P1_1800s/stage2_300s/family_008/candidate_009_seed_1373808879/gurobi_summary.csv,1ed7e0bffed49f9938e2653576be30a6277aabeb0df1caed0eeb68b903c900e2,PASS
仿真文件(1).zip!/仿真文件/仿真.zip!/仿真/DZ3_A0_Hunter_F1to10_C40_Final20_P1_1800s/stage2_300s.zip!/stage2_300s/family_008/candidate_009_seed_1373808879/HUNTER_RESULT.json,仿真文件(1).zip!/仿真文件/仿真.zip!/仿真/DZ3_A0_Hunter_F1to10_C40_Final20_P1_1800s/stage2_300s/family_008/candidate_009_seed_1373808879/HUNTER_RESULT.json,5967a03220d4e544e455bfa6e8dbbc5da0bd00d3f1e8db129811f0ee712f3b87,PASS
仿真文件(1).zip!/仿真文件/仿真.zip!/仿真/DZ3_A0_Hunter_F1to10_C40_Final20_P1_1800s/stage2_300s.zip!/stage2_300s/family_008/candidate_009_seed_1373808879/hunter_child_console.log,仿真文件(1).zip!/仿真文件/仿真.zip!/仿真/DZ3_A0_Hunter_F1to10_C40_Final20_P1_1800s/stage2_300s/family_008/candidate_009_seed_1373808879/hunter_child_console.log,f03733a9f7f6f526b126c02ffed0dca1d5c5e39ed266f35db02417c56557d345,PASS
仿真文件(1).zip!/仿真文件/仿真.zip!/仿真/DZ3_A0_Hunter_F1to10_C40_Final20_P1_1800s/stage2_300s.zip!/stage2_300s/family_008/candidate_009_seed_1373808879/run.log,仿真文件(1).zip!/仿真文件/仿真.zip!/仿真/DZ3_A0_Hunter_F1to10_C40_Final20_P1_1800s/stage2_300s/family_008/candidate_009_seed_1373808879/run.log,677ed3aac19f9ab12dac88f416272f9eecb8aa840ae8478e925bb63f1eb6bba0,PASS
仿真文件(1).zip!/仿真文件/仿真.zip!/仿真/DZ3_A0_Hunter_F1to10_C40_Final20_P1_1800s/stage2_300s.zip!/stage2_300s/family_008/candidate_009_seed_1373808879/summary.csv,仿真文件(1).zip!/仿真文件/仿真.zip!/仿真/DZ3_A0_Hunter_F1to10_C40_Final20_P1_1800s/stage2_300s/family_008/candidate_009_seed_1373808879/summary.csv,1ed7e0bffed49f9938e2653576be30a6277aabeb0df1caed0eeb68b903c900e2,PASS
仿真文件(1).zip!/仿真文件/仿真.zip!/仿真/DZ3_A0_Hunter_F1to10_C40_Final20_P1_1800s/stage2_300s.zip!/stage2_300s/family_008/candidate_009_seed_1373808879/gurobi_extensive.log,仿真文件(1).zip!/仿真文件/仿真.zip!/仿真/DZ3_A0_Hunter_F1to10_C40_Final20_P1_1800s/stage2_300s/family_008/candidate_009_seed_1373808879/gurobi_extensive.log,ed083afd123b87409364c7d1c603e3de94c57bf2527e05d86e843f00e23392eb,PASS
仿真文件(1).zip!/仿真文件/仿真.zip!/仿真/DZ3_A0_Hunter_F1to10_C40_Final20_P1_1800s/stage2_300s.zip!/stage2_300s/family_008/candidate_009_seed_1373808879/gurobi_baseline_log.json,仿真文件(1).zip!/仿真文件/仿真.zip!/仿真/DZ3_A0_Hunter_F1to10_C40_Final20_P1_1800s/stage2_300s/family_008/candidate_009_seed_1373808879/gurobi_baseline_log.json,639750e2e61ffff8de3a328376fbcf86ec90c63d3ab0587a35d704a6261ad9be,PASS
仿真文件(1).zip!/仿真文件/仿真.zip!/仿真/DZ3_A0_Hunter_F1to10_C40_Final20_P1_1800s/stage2_300s.zip!/stage2_300s/family_008/candidate_009_seed_1373808879/gurobi_baseline_log.csv,仿真文件(1).zip!/仿真文件/仿真.zip!/仿真/DZ3_A0_Hunter_F1to10_C40_Final20_P1_1800s/stage2_300s/family_008/candidate_009_seed_1373808879/gurobi_baseline_log.csv,1ed7e0bffed49f9938e2653576be30a6277aabeb0df1caed0eeb68b903c900e2,PASS
仿真文件(1).zip!/仿真文件/仿真.zip!/仿真/DZ3_A0_Hunter_F1to10_C40_Final20_P1_1800s/stage2_300s.zip!/stage2_300s/family_008/candidate_009_seed_1373808879/config.json,仿真文件(1).zip!/仿真文件/仿真.zip!/仿真/DZ3_A0_Hunter_F1to10_C40_Final20_P1_1800s/stage2_300s/family_008/candidate_009_seed_1373808879/config.json,66e4b51e56746093d700c5a35d5c12503c2135ccfbda1d450136dc32c3430fef,PASS
仿真文件(1).zip!/仿真文件/仿真.zip!/仿真/DZ3_A0_Hunter_F1to10_C40_Final20_P1_1800s/stage2_300s.zip!/stage2_300s/family_008/candidate_035_seed_956872797/instance_manifest.json,仿真文件(1).zip!/仿真文件/仿真.zip!/仿真/DZ3_A0_Hunter_F1to10_C40_Final20_P1_1800s/stage2_300s/family_008/candidate_035_seed_956872797/instance_manifest.json,9336ae1cf6b83271e029592c9f6e61fbcaa8259751e209d4e5fcd6309e660a87,PASS
仿真文件(1).zip!/仿真文件/仿真.zip!/仿真/DZ3_A0_Hunter_F1to10_C40_Final20_P1_1800s/stage2_300s.zip!/stage2_300s/family_008/candidate_035_seed_956872797/command.txt,仿真文件(1).zip!/仿真文件/仿真.zip!/仿真/DZ3_A0_Hunter_F1to10_C40_Final20_P1_1800s/stage2_300s/family_008/candidate_035_seed_956872797/command.txt,42ea0fb67564e3fdb0d5af835253d13e9940ca6d609dc1db86702cfa99f9be7a,PASS
仿真文件(1).zip!/仿真文件/仿真.zip!/仿真/DZ3_A0_Hunter_F1to10_C40_Final20_P1_1800s/stage2_300s.zip!/stage2_300s/family_008/candidate_035_seed_956872797/all_algorithms_summary.csv,仿真文件(1).zip!/仿真文件/仿真.zip!/仿真/DZ3_A0_Hunter_F1to10_C40_Final20_P1_1800s/stage2_300s/family_008/candidate_035_seed_956872797/all_algorithms_summary.csv,1412468b786c04de5adc5c82430794138cee1a7e0e1cc9f0a904eb3cb62ecb02,PASS
仿真文件(1).zip!/仿真文件/仿真.zip!/仿真/DZ3_A0_Hunter_F1to10_C40_Final20_P1_1800s/stage2_300s.zip!/stage2_300s/family_008/candidate_035_seed_956872797/gurobi_report.md,仿真文件(1).zip!/仿真文件/仿真.zip!/仿真/DZ3_A0_Hunter_F1to10_C40_Final20_P1_1800s/stage2_300s/family_008/candidate_035_seed_956872797/gurobi_report.md,693b314534aaccd6de2ec55687390671e7b7ac0648ddd66369f802028690ea9a,PASS
仿真文件(1).zip!/仿真文件/仿真.zip!/仿真/DZ3_A0_Hunter_F1to10_C40_Final20_P1_1800s/stage2_300s.zip!/stage2_300s/family_008/candidate_035_seed_956872797/gurobi_summary.csv,仿真文件(1).zip!/仿真文件/仿真.zip!/仿真/DZ3_A0_Hunter_F1to10_C40_Final20_P1_1800s/stage2_300s/family_008/candidate_035_seed_956872797/gurobi_summary.csv,1412468b786c04de5adc5c82430794138cee1a7e0e1cc9f0a904eb3cb62ecb02,PASS
仿真文件(1).zip!/仿真文件/仿真.zip!/仿真/DZ3_A0_Hunter_F1to10_C40_Final20_P1_1800s/stage2_300s.zip!/stage2_300s/family_008/candidate_035_seed_956872797/HUNTER_RESULT.json,仿真文件(1).zip!/仿真文件/仿真.zip!/仿真/DZ3_A0_Hunter_F1to10_C40_Final20_P1_1800s/stage2_300s/family_008/candidate_035_seed_956872797/HUNTER_RESULT.json,cfe4169eae44f0b8bdeca5f8093fa37df072bd4d087588070413738061eff094,PASS
仿真文件(1).zip!/仿真文件/仿真.zip!/仿真/DZ3_A0_Hunter_F1to10_C40_Final20_P1_1800s/stage2_300s.zip!/stage2_300s/family_008/candidate_035_seed_956872797/hunter_child_console.log,仿真文件(1).zip!/仿真文件/仿真.zip!/仿真/DZ3_A0_Hunter_F1to10_C40_Final20_P1_1800s/stage2_300s/family_008/candidate_035_seed_956872797/hunter_child_console.log,d98ca6e539746e2959541b5b24143d14bbe347c9452864ff7d494e14fb24097a,PASS
仿真文件(1).zip!/仿真文件/仿真.zip!/仿真/DZ3_A0_Hunter_F1to10_C40_Final20_P1_1800s/stage2_300s.zip!/stage2_300s/family_008/candidate_035_seed_956872797/run.log,仿真文件(1).zip!/仿真文件/仿真.zip!/仿真/DZ3_A0_Hunter_F1to10_C40_Final20_P1_1800s/stage2_300s/family_008/candidate_035_seed_956872797/run.log,7d521e7b671f3fb6e588383668b7fccbb262b5ae9a4474812d2a167ba9ea8116,PASS
仿真文件(1).zip!/仿真文件/仿真.zip!/仿真/DZ3_A0_Hunter_F1to10_C40_Final20_P1_1800s/stage2_300s.zip!/stage2_300s/family_008/candidate_035_seed_956872797/summary.csv,仿真文件(1).zip!/仿真文件/仿真.zip!/仿真/DZ3_A0_Hunter_F1to10_C40_Final20_P1_1800s/stage2_300s/family_008/candidate_035_seed_956872797/summary.csv,1412468b786c04de5adc5c82430794138cee1a7e0e1cc9f0a904eb3cb62ecb02,PASS
仿真文件(1).zip!/仿真文件/仿真.zip!/仿真/DZ3_A0_Hunter_F1to10_C40_Final20_P1_1800s/stage2_300s.zip!/stage2_300s/family_008/candidate_035_seed_956872797/gurobi_extensive.log,仿真文件(1).zip!/仿真文件/仿真.zip!/仿真/DZ3_A0_Hunter_F1to10_C40_Final20_P1_1800s/stage2_300s/family_008/candidate_035_seed_956872797/gurobi_extensive.log,c06ee6b14a7c20524cddf0fc3b1e08197e5deb6b267a387ce6e5725db37e3cd7,PASS
仿真文件(1).zip!/仿真文件/仿真.zip!/仿真/DZ3_A0_Hunter_F1to10_C40_Final20_P1_1800s/stage2_300s.zip!/stage2_300s/family_008/candidate_035_seed_956872797/gurobi_baseline_log.json,仿真文件(1).zip!/仿真文件/仿真.zip!/仿真/DZ3_A0_Hunter_F1to10_C40_Final20_P1_1800s/stage2_300s/family_008/candidate_035_seed_956872797/gurobi_baseline_log.json,32744d6ac34e2d8f3c668a02792a3fd7c965edef92783651b834f9c83dab5854,PASS
仿真文件(1).zip!/仿真文件/仿真.zip!/仿真/DZ3_A0_Hunter_F1to10_C40_Final20_P1_1800s/stage2_300s.zip!/stage2_300s/family_008/candidate_035_seed_956872797/gurobi_baseline_log.csv,仿真文件(1).zip!/仿真文件/仿真.zip!/仿真/DZ3_A0_Hunter_F1to10_C40_Final20_P1_1800s/stage2_300s/family_008/candidate_035_seed_956872797/gurobi_baseline_log.csv,1412468b786c04de5adc5c82430794138cee1a7e0e1cc9f0a904eb3cb62ecb02,PASS
仿真文件(1).zip!/仿真文件/仿真.zip!/仿真/DZ3_A0_Hunter_F1to10_C40_Final20_P1_1800s/stage2_300s.zip!/stage2_300s/family_008/candidate_035_seed_956872797/config.json,仿真文件(1).zip!/仿真文件/仿真.zip!/仿真/DZ3_A0_Hunter_F1to10_C40_Final20_P1_1800s/stage2_300s/family_008/candidate_035_seed_956872797/config.json,f660eaeb4d0c7a39b4809c11ab340a19c517625c9ab4b6cd9e4d561fb033ce6c,PASS
仿真文件(1).zip!/仿真文件/仿真.zip!/仿真/DZ3_A0_Hunter_F1to10_C40_Final20_P1_1800s/stage2_300s.zip!/stage2_300s/family_008/candidate_005_seed_378027506/instance_manifest.json,仿真文件(1).zip!/仿真文件/仿真.zip!/仿真/DZ3_A0_Hunter_F1to10_C40_Final20_P1_1800s/stage2_300s/family_008/candidate_005_seed_378027506/instance_manifest.json,f30a12074fb6ad0a8a9b1078c13b9ab2bf49fdc869c54a93d485e6d0bf3f3b4b,PASS
仿真文件(1).zip!/仿真文件/仿真.zip!/仿真/DZ3_A0_Hunter_F1to10_C40_Final20_P1_1800s/stage2_300s.zip!/stage2_300s/family_008/candidate_005_seed_378027506/command.txt,仿真文件(1).zip!/仿真文件/仿真.zip!/仿真/DZ3_A0_Hunter_F1to10_C40_Final20_P1_1800s/stage2_300s/family_008/candidate_005_seed_378027506/command.txt,9c50652b9f0a50346442f91129a83f02772db027728452f687d0a2d64d5ee4b2,PASS
仿真文件(1).zip!/仿真文件/仿真.zip!/仿真/DZ3_A0_Hunter_F1to10_C40_Final20_P1_1800s/stage2_300s.zip!/stage2_300s/family_008/candidate_005_seed_378027506/all_algorithms_summary.csv,仿真文件(1).zip!/仿真文件/仿真.zip!/仿真/DZ3_A0_Hunter_F1to10_C40_Final20_P1_1800s/stage2_300s/family_008/candidate_005_seed_378027506/all_algorithms_summary.csv,582365f82e046ab0ec60d3705f1f11fa20c3b565e02aa9a6b361ee6833043aa8,PASS
仿真文件(1).zip!/仿真文件/仿真.zip!/仿真/DZ3_A0_Hunter_F1to10_C40_Final20_P1_1800s/stage2_300s.zip!/stage2_300s/family_008/candidate_005_seed_378027506/gurobi_report.md,仿真文件(1).zip!/仿真文件/仿真.zip!/仿真/DZ3_A0_Hunter_F1to10_C40_Final20_P1_1800s/stage2_300s/family_008/candidate_005_seed_378027506/gurobi_report.md,a7b48cda3866b3354d291db0b9427b508ef42e2822bf640749080651a731cf46,PASS
仿真文件(1).zip!/仿真文件/仿真.zip!/仿真/DZ3_A0_Hunter_F1to10_C40_Final20_P1_1800s/stage2_300s.zip!/stage2_300s/family_008/candidate_005_seed_378027506/gurobi_summary.csv,仿真文件(1).zip!/仿真文件/仿真.zip!/仿真/DZ3_A0_Hunter_F1to10_C40_Final20_P1_1800s/stage2_300s/family_008/candidate_005_seed_378027506/gurobi_summary.csv,582365f82e046ab0ec60d3705f1f11fa20c3b565e02aa9a6b361ee6833043aa8,PASS
仿真文件(1).zip!/仿真文件/仿真.zip!/仿真/DZ3_A0_Hunter_F1to10_C40_Final20_P1_1800s/stage2_300s.zip!/stage2_300s/family_008/candidate_005_seed_378027506/HUNTER_RESULT.json,仿真文件(1).zip!/仿真文件/仿真.zip!/仿真/DZ3_A0_Hunter_F1to10_C40_Final20_P1_1800s/stage2_300s/family_008/candidate_005_seed_378027506/HUNTER_RESULT.json,57e9a348f50253f60e4841cfea7e5664cd834054bc1c4a69921ffb5dc89a54d7,PASS
仿真文件(1).zip!/仿真文件/仿真.zip!/仿真/DZ3_A0_Hunter_F1to10_C40_Final20_P1_1800s/stage2_300s.zip!/stage2_300s/family_008/candidate_005_seed_378027506/hunter_child_console.log,仿真文件(1).zip!/仿真文件/仿真.zip!/仿真/DZ3_A0_Hunter_F1to10_C40_Final20_P1_1800s/stage2_300s/family_008/candidate_005_seed_378027506/hunter_child_console.log,d4a7ad2a0dcc9ff62b9f1d9fa0ee40c398280e84930e476655592765769656fe,PASS
仿真文件(1).zip!/仿真文件/仿真.zip!/仿真/DZ3_A0_Hunter_F1to10_C40_Final20_P1_1800s/stage2_300s.zip!/stage2_300s/family_008/candidate_005_seed_378027506/run.log,仿真文件(1).zip!/仿真文件/仿真.zip!/仿真/DZ3_A0_Hunter_F1to10_C40_Final20_P1_1800s/stage2_300s/family_008/candidate_005_seed_378027506/run.log,829a40bb1e003b5cdfa865424e49d6afccf95b1367bfa3226bd4d2475b0af212,PASS
仿真文件(1).zip!/仿真文件/仿真.zip!/仿真/DZ3_A0_Hunter_F1to10_C40_Final20_P1_1800s/stage2_300s.zip!/stage2_300s/family_008/candidate_005_seed_378027506/summary.csv,仿真文件(1).zip!/仿真文件/仿真.zip!/仿真/DZ3_A0_Hunter_F1to10_C40_Final20_P1_1800s/stage2_300s/family_008/candidate_005_seed_378027506/summary.csv,582365f82e046ab0ec60d3705f1f11fa20c3b565e02aa9a6b361ee6833043aa8,PASS
仿真文件(1).zip!/仿真文件/仿真.zip!/仿真/DZ3_A0_Hunter_F1to10_C40_Final20_P1_1800s/stage2_300s.zip!/stage2_300s/family_008/candidate_005_seed_378027506/gurobi_extensive.log,仿真文件(1).zip!/仿真文件/仿真.zip!/仿真/DZ3_A0_Hunter_F1to10_C40_Final20_P1_1800s/stage2_300s/family_008/candidate_005_seed_378027506/gurobi_extensive.log,2a3d1314087dd208496d01c5fa905fe9ba0b87cb1195976c7a750fdd770958e0,PASS
仿真文件(1).zip!/仿真文件/仿真.zip!/仿真/DZ3_A0_Hunter_F1to10_C40_Final20_P1_1800s/stage2_300s.zip!/stage2_300s/family_008/candidate_005_seed_378027506/gurobi_baseline_log.json,仿真文件(1).zip!/仿真文件/仿真.zip!/仿真/DZ3_A0_Hunter_F1to10_C40_Final20_P1_1800s/stage2_300s/family_008/candidate_005_seed_378027506/gurobi_baseline_log.json,bad65710c2ebdad07662cf705c80d0e88ea68f4bb8ed91147e7a2e9313141b19,PASS
仿真文件(1).zip!/仿真文件/仿真.zip!/仿真/DZ3_A0_Hunter_F1to10_C40_Final20_P1_1800s/stage2_300s.zip!/stage2_300s/family_008/candidate_005_seed_378027506/gurobi_baseline_log.csv,仿真文件(1).zip!/仿真文件/仿真.zip!/仿真/DZ3_A0_Hunter_F1to10_C40_Final20_P1_1800s/stage2_300s/family_008/candidate_005_seed_378027506/gurobi_baseline_log.csv,582365f82e046ab0ec60d3705f1f11fa20c3b565e02aa9a6b361ee6833043aa8,PASS
仿真文件(1).zip!/仿真文件/仿真.zip!/仿真/DZ3_A0_Hunter_F1to10_C40_Final20_P1_1800s/stage2_300s.zip!/stage2_300s/family_008/candidate_005_seed_378027506/config.json,仿真文件(1).zip!/仿真文件/仿真.zip!/仿真/DZ3_A0_Hunter_F1to10_C40_Final20_P1_1800s/stage2_300s/family_008/candidate_005_seed_378027506/config.json,6e555122d14da7d860b5389ccad0e3e04122b3e1a7107a514322935fc941781d,PASS
仿真文件(1).zip!/仿真文件/仿真.zip!/仿真/DZ3_A0_Hunter_F1to10_C40_Final20_P1_1800s/stage2_300s.zip!/stage2_300s/family_008/candidate_036_seed_1268954210/instance_manifest.json,仿真文件(1).zip!/仿真文件/仿真.zip!/仿真/DZ3_A0_Hunter_F1to10_C40_Final20_P1_1800s/stage2_300s/family_008/candidate_036_seed_1268954210/instance_manifest.json,79676afd15a16de1224a0837a2c2dd3974f67aefe1ac7cb6c19fed1cee691419,PASS
仿真文件(1).zip!/仿真文件/仿真.zip!/仿真/DZ3_A0_Hunter_F1to10_C40_Final20_P1_1800s/stage2_300s.zip!/stage2_300s/family_008/candidate_036_seed_1268954210/command.txt,仿真文件(1).zip!/仿真文件/仿真.zip!/仿真/DZ3_A0_Hunter_F1to10_C40_Final20_P1_1800s/stage2_300s/family_008/candidate_036_seed_1268954210/command.txt,e97d62e2299af7b35dd12338d8daa2938419584b4a7d99ec09ede6e46f370721,PASS
仿真文件(1).zip!/仿真文件/仿真.zip!/仿真/DZ3_A0_Hunter_F1to10_C40_Final20_P1_1800s/stage2_300s.zip!/stage2_300s/family_008/candidate_036_seed_1268954210/all_algorithms_summary.csv,仿真文件(1).zip!/仿真文件/仿真.zip!/仿真/DZ3_A0_Hunter_F1to10_C40_Final20_P1_1800s/stage2_300s/family_008/candidate_036_seed_1268954210/all_algorithms_summary.csv,8c085eb616af28eaa8f02b9d50aa67dd7b5194f77e2e650c513c8cd0ab3c43e6,PASS
仿真文件(1).zip!/仿真文件/仿真.zip!/仿真/DZ3_A0_Hunter_F1to10_C40_Final20_P1_1800s/stage2_300s.zip!/stage2_300s/family_008/candidate_036_seed_1268954210/gurobi_report.md,仿真文件(1).zip!/仿真文件/仿真.zip!/仿真/DZ3_A0_Hunter_F1to10_C40_Final20_P1_1800s/stage2_300s/family_008/candidate_036_seed_1268954210/gurobi_report.md,0f6788c98b2460ab1b99884881728d3b64c092a50fde852ed329613546b2733f,PASS
仿真文件(1).zip!/仿真文件/仿真.zip!/仿真/DZ3_A0_Hunter_F1to10_C40_Final20_P1_1800s/stage2_300s.zip!/stage2_300s/family_008/candidate_036_seed_1268954210/gurobi_summary.csv,仿真文件(1).zip!/仿真文件/仿真.zip!/仿真/DZ3_A0_Hunter_F1to10_C40_Final20_P1_1800s/stage2_300s/family_008/candidate_036_seed_1268954210/gurobi_summary.csv,8c085eb616af28eaa8f02b9d50aa67dd7b5194f77e2e650c513c8cd0ab3c43e6,PASS
仿真文件(1).zip!/仿真文件/仿真.zip!/仿真/DZ3_A0_Hunter_F1to10_C40_Final20_P1_1800s/stage2_300s.zip!/stage2_300s/family_008/candidate_036_seed_1268954210/HUNTER_RESULT.json,仿真文件(1).zip!/仿真文件/仿真.zip!/仿真/DZ3_A0_Hunter_F1to10_C40_Final20_P1_1800s/stage2_300s/family_008/candidate_036_seed_1268954210/HUNTER_RESULT.json,a6e0c9306c2db21a6dae35f7f8fe015fabc5c767713d49d3b7bb1bd2861b7483,PASS
仿真文件(1).zip!/仿真文件/仿真.zip!/仿真/DZ3_A0_Hunter_F1to10_C40_Final20_P1_1800s/stage2_300s.zip!/stage2_300s/family_008/candidate_036_seed_1268954210/hunter_child_console.log,仿真文件(1).zip!/仿真文件/仿真.zip!/仿真/DZ3_A0_Hunter_F1to10_C40_Final20_P1_1800s/stage2_300s/family_008/candidate_036_seed_1268954210/hunter_child_console.log,0e9a0ebc98d9fe5f5d096989b0448ec354c4dffd478df373d02ff69ca1af53a7,PASS
仿真文件(1).zip!/仿真文件/仿真.zip!/仿真/DZ3_A0_Hunter_F1to10_C40_Final20_P1_1800s/stage2_300s.zip!/stage2_300s/family_008/candidate_036_seed_1268954210/run.log,仿真文件(1).zip!/仿真文件/仿真.zip!/仿真/DZ3_A0_Hunter_F1to10_C40_Final20_P1_1800s/stage2_300s/family_008/candidate_036_seed_1268954210/run.log,e00dd2febcbf5f5b9f3a70db4630c0b9bc161dca30c090e75226f03cea97f508,PASS
仿真文件(1).zip!/仿真文件/仿真.zip!/仿真/DZ3_A0_Hunter_F1to10_C40_Final20_P1_1800s/stage2_300s.zip!/stage2_300s/family_008/candidate_036_seed_1268954210/summary.csv,仿真文件(1).zip!/仿真文件/仿真.zip!/仿真/DZ3_A0_Hunter_F1to10_C40_Final20_P1_1800s/stage2_300s/family_008/candidate_036_seed_1268954210/summary.csv,8c085eb616af28eaa8f02b9d50aa67dd7b5194f77e2e650c513c8cd0ab3c43e6,PASS
仿真文件(1).zip!/仿真文件/仿真.zip!/仿真/DZ3_A0_Hunter_F1to10_C40_Final20_P1_1800s/stage2_300s.zip!/stage2_300s/family_008/candidate_036_seed_1268954210/gurobi_extensive.log,仿真文件(1).zip!/仿真文件/仿真.zip!/仿真/DZ3_A0_Hunter_F1to10_C40_Final20_P1_1800s/stage2_300s/family_008/candidate_036_seed_1268954210/gurobi_extensive.log,4a473a5c44ae55b700ee807885791be30b9cee63e5f23b1ec0721031a875f96d,PASS
仿真文件(1).zip!/仿真文件/仿真.zip!/仿真/DZ3_A0_Hunter_F1to10_C40_Final20_P1_1800s/stage2_300s.zip!/stage2_300s/family_008/candidate_036_seed_1268954210/gurobi_baseline_log.json,仿真文件(1).zip!/仿真文件/仿真.zip!/仿真/DZ3_A0_Hunter_F1to10_C40_Final20_P1_1800s/stage2_300s/family_008/candidate_036_seed_1268954210/gurobi_baseline_log.json,da36259b88cbcdef11c05339f1592ed5ecdcd7b892e70305a029055be506d2ec,PASS
仿真文件(1).zip!/仿真文件/仿真.zip!/仿真/DZ3_A0_Hunter_F1to10_C40_Final20_P1_1800s/stage2_300s.zip!/stage2_300s/family_008/candidate_036_seed_1268954210/gurobi_baseline_log.csv,仿真文件(1).zip!/仿真文件/仿真.zip!/仿真/DZ3_A0_Hunter_F1to10_C40_Final20_P1_1800s/stage2_300s/family_008/candidate_036_seed_1268954210/gurobi_baseline_log.csv,8c085eb616af28eaa8f02b9d50aa67dd7b5194f77e2e650c513c8cd0ab3c43e6,PASS
仿真文件(1).zip!/仿真文件/仿真.zip!/仿真/DZ3_A0_Hunter_F1to10_C40_Final20_P1_1800s/stage2_300s.zip!/stage2_300s/family_008/candidate_036_seed_1268954210/config.json,仿真文件(1).zip!/仿真文件/仿真.zip!/仿真/DZ3_A0_Hunter_F1to10_C40_Final20_P1_1800s/stage2_300s/family_008/candidate_036_seed_1268954210/config.json,421a81a721520563aa5643873a1a0e45e94a6b0582f9ef9e98cced12523787d2,PASS
仿真文件(1).zip!/仿真文件/仿真.zip!/仿真/DZ3_A0_Hunter_F1to10_C40_Final20_P1_1800s/stage2_300s.zip!/stage2_300s/family_008/candidate_039_seed_813017037/instance_manifest.json,仿真文件(1).zip!/仿真文件/仿真.zip!/仿真/DZ3_A0_Hunter_F1to10_C40_Final20_P1_1800s/stage2_300s/family_008/candidate_039_seed_813017037/instance_manifest.json,c713cdef3eb597b91e3e310237b0686e915ba3e5bd132855025844be32b289b6,PASS
仿真文件(1).zip!/仿真文件/仿真.zip!/仿真/DZ3_A0_Hunter_F1to10_C40_Final20_P1_1800s/stage2_300s.zip!/stage2_300s/family_008/candidate_039_seed_813017037/command.txt,仿真文件(1).zip!/仿真文件/仿真.zip!/仿真/DZ3_A0_Hunter_F1to10_C40_Final20_P1_1800s/stage2_300s/family_008/candidate_039_seed_813017037/command.txt,02ab4ac062fc619890bf8a82146ced9ad719b7ce001117b53019160226e1135c,PASS
仿真文件(1).zip!/仿真文件/仿真.zip!/仿真/DZ3_A0_Hunter_F1to10_C40_Final20_P1_1800s/stage2_300s.zip!/stage2_300s/family_008/candidate_039_seed_813017037/all_algorithms_summary.csv,仿真文件(1).zip!/仿真文件/仿真.zip!/仿真/DZ3_A0_Hunter_F1to10_C40_Final20_P1_1800s/stage2_300s/family_008/candidate_039_seed_813017037/all_algorithms_summary.csv,a7fff85008da84f4923c6feff770e5fa0fb66d05481956660e8aef5e66a55e60,PASS
仿真文件(1).zip!/仿真文件/仿真.zip!/仿真/DZ3_A0_Hunter_F1to10_C40_Final20_P1_1800s/stage2_300s.zip!/stage2_300s/family_008/candidate_039_seed_813017037/gurobi_report.md,仿真文件(1).zip!/仿真文件/仿真.zip!/仿真/DZ3_A0_Hunter_F1to10_C40_Final20_P1_1800s/stage2_300s/family_008/candidate_039_seed_813017037/gurobi_report.md,f6bad0d46d9b36e0d555edf9a2b77591695c516d23e3c5cef50a037f6a60520c,PASS
仿真文件(1).zip!/仿真文件/仿真.zip!/仿真/DZ3_A0_Hunter_F1to10_C40_Final20_P1_1800s/stage2_300s.zip!/stage2_300s/family_008/candidate_039_seed_813017037/gurobi_summary.csv,仿真文件(1).zip!/仿真文件/仿真.zip!/仿真/DZ3_A0_Hunter_F1to10_C40_Final20_P1_1800s/stage2_300s/family_008/candidate_039_seed_813017037/gurobi_summary.csv,a7fff85008da84f4923c6feff770e5fa0fb66d05481956660e8aef5e66a55e60,PASS
仿真文件(1).zip!/仿真文件/仿真.zip!/仿真/DZ3_A0_Hunter_F1to10_C40_Final20_P1_1800s/stage2_300s.zip!/stage2_300s/family_008/candidate_039_seed_813017037/HUNTER_RESULT.json,仿真文件(1).zip!/仿真文件/仿真.zip!/仿真/DZ3_A0_Hunter_F1to10_C40_Final20_P1_1800s/stage2_300s/family_008/candidate_039_seed_813017037/HUNTER_RESULT.json,33f5eabd884250c54f8846fc362370113027e5dd2ef751a2429c17e080852100,PASS
仿真文件(1).zip!/仿真文件/仿真.zip!/仿真/DZ3_A0_Hunter_F1to10_C40_Final20_P1_1800s/stage2_300s.zip!/stage2_300s/family_008/candidate_039_seed_813017037/hunter_child_console.log,仿真文件(1).zip!/仿真文件/仿真.zip!/仿真/DZ3_A0_Hunter_F1to10_C40_Final20_P1_1800s/stage2_300s/family_008/candidate_039_seed_813017037/hunter_child_console.log,675219d4c0a86fe911abf3b3f9eaeea6e36e35ed6c715cfed1551a571b0091d2,PASS
仿真文件(1).zip!/仿真文件/仿真.zip!/仿真/DZ3_A0_Hunter_F1to10_C40_Final20_P1_1800s/stage2_300s.zip!/stage2_300s/family_008/candidate_039_seed_813017037/run.log,仿真文件(1).zip!/仿真文件/仿真.zip!/仿真/DZ3_A0_Hunter_F1to10_C40_Final20_P1_1800s/stage2_300s/family_008/candidate_039_seed_813017037/run.log,87064b2414dfc76f50296b48e5de4c2a810bc272508f96860a7a7924cb6fe287,PASS
仿真文件(1).zip!/仿真文件/仿真.zip!/仿真/DZ3_A0_Hunter_F1to10_C40_Final20_P1_1800s/stage2_300s.zip!/stage2_300s/family_008/candidate_039_seed_813017037/summary.csv,仿真文件(1).zip!/仿真文件/仿真.zip!/仿真/DZ3_A0_Hunter_F1to10_C40_Final20_P1_1800s/stage2_300s/family_008/candidate_039_seed_813017037/summary.csv,a7fff85008da84f4923c6feff770e5fa0fb66d05481956660e8aef5e66a55e60,PASS
仿真文件(1).zip!/仿真文件/仿真.zip!/仿真/DZ3_A0_Hunter_F1to10_C40_Final20_P1_1800s/stage2_300s.zip!/stage2_300s/family_008/candidate_039_seed_813017037/gurobi_extensive.log,仿真文件(1).zip!/仿真文件/仿真.zip!/仿真/DZ3_A0_Hunter_F1to10_C40_Final20_P1_1800s/stage2_300s/family_008/candidate_039_seed_813017037/gurobi_extensive.log,ca578ee1c6983389ffa671d16d03b41a08348a41d2818d69e39ee498cb0d8dec,PASS
仿真文件(1).zip!/仿真文件/仿真.zip!/仿真/DZ3_A0_Hunter_F1to10_C40_Final20_P1_1800s/stage2_300s.zip!/stage2_300s/family_008/candidate_039_seed_813017037/gurobi_baseline_log.json,仿真文件(1).zip!/仿真文件/仿真.zip!/仿真/DZ3_A0_Hunter_F1to10_C40_Final20_P1_1800s/stage2_300s/family_008/candidate_039_seed_813017037/gurobi_baseline_log.json,0bf9018114375f6281714fcfe9e6f9275eb5dc07e879fb72c639bee8e6eb6603,PASS
仿真文件(1).zip!/仿真文件/仿真.zip!/仿真/DZ3_A0_Hunter_F1to10_C40_Final20_P1_1800s/stage2_300s.zip!/stage2_300s/family_008/candidate_039_seed_813017037/gurobi_baseline_log.csv,仿真文件(1).zip!/仿真文件/仿真.zip!/仿真/DZ3_A0_Hunter_F1to10_C40_Final20_P1_1800s/stage2_300s/family_008/candidate_039_seed_813017037/gurobi_baseline_log.csv,a7fff85008da84f4923c6feff770e5fa0fb66d05481956660e8aef5e66a55e60,PASS
仿真文件(1).zip!/仿真文件/仿真.zip!/仿真/DZ3_A0_Hunter_F1to10_C40_Final20_P1_1800s/stage2_300s.zip!/stage2_300s/family_008/candidate_039_seed_813017037/config.json,仿真文件(1).zip!/仿真文件/仿真.zip!/仿真/DZ3_A0_Hunter_F1to10_C40_Final20_P1_1800s/stage2_300s/family_008/candidate_039_seed_813017037/config.json,4cf03becef512442356f89a1b4a555e735a8aed5306d4af22cd2bc72fb81e889,PASS
仿真文件(1).zip!/仿真文件/仿真.zip!/仿真/DZ3_A0_Hunter_F1to10_C40_Final20_P1_1800s/stage2_300s.zip!/stage2_300s/family_008/candidate_008_seed_1693395944/instance_manifest.json,仿真文件(1).zip!/仿真文件/仿真.zip!/仿真/DZ3_A0_Hunter_F1to10_C40_Final20_P1_1800s/stage2_300s/family_008/candidate_008_seed_1693395944/instance_manifest.json,dc44cab8940630d25e0e669c2ea05d4262b691ff60e354b12312cabe007e3c52,PASS
仿真文件(1).zip!/仿真文件/仿真.zip!/仿真/DZ3_A0_Hunter_F1to10_C40_Final20_P1_1800s/stage2_300s.zip!/stage2_300s/family_008/candidate_008_seed_1693395944/command.txt,仿真文件(1).zip!/仿真文件/仿真.zip!/仿真/DZ3_A0_Hunter_F1to10_C40_Final20_P1_1800s/stage2_300s/family_008/candidate_008_seed_1693395944/command.txt,5973c37d19c2161c23ec61f49d19f4e5858ababf627fb2500d0a7f2d2c4e681f,PASS
仿真文件(1).zip!/仿真文件/仿真.zip!/仿真/DZ3_A0_Hunter_F1to10_C40_Final20_P1_1800s/stage2_300s.zip!/stage2_300s/family_008/candidate_008_seed_1693395944/all_algorithms_summary.csv,仿真文件(1).zip!/仿真文件/仿真.zip!/仿真/DZ3_A0_Hunter_F1to10_C40_Final20_P1_1800s/stage2_300s/family_008/candidate_008_seed_1693395944/all_algorithms_summary.csv,179c0b3553196a5e7470465e9e378e79158f674c441ea1532028c62afeaa9882,PASS
仿真文件(1).zip!/仿真文件/仿真.zip!/仿真/DZ3_A0_Hunter_F1to10_C40_Final20_P1_1800s/stage2_300s.zip!/stage2_300s/family_008/candidate_008_seed_1693395944/gurobi_report.md,仿真文件(1).zip!/仿真文件/仿真.zip!/仿真/DZ3_A0_Hunter_F1to10_C40_Final20_P1_1800s/stage2_300s/family_008/candidate_008_seed_1693395944/gurobi_report.md,07cc69e02e47e3d0c366915ef6585d98997fb0fa4e6073ce3838a4a255f6f473,PASS
仿真文件(1).zip!/仿真文件/仿真.zip!/仿真/DZ3_A0_Hunter_F1to10_C40_Final20_P1_1800s/stage2_300s.zip!/stage2_300s/family_008/candidate_008_seed_1693395944/gurobi_summary.csv,仿真文件(1).zip!/仿真文件/仿真.zip!/仿真/DZ3_A0_Hunter_F1to10_C40_Final20_P1_1800s/stage2_300s/family_008/candidate_008_seed_1693395944/gurobi_summary.csv,179c0b3553196a5e7470465e9e378e79158f674c441ea1532028c62afeaa9882,PASS
仿真文件(1).zip!/仿真文件/仿真.zip!/仿真/DZ3_A0_Hunter_F1to10_C40_Final20_P1_1800s/stage2_300s.zip!/stage2_300s/family_008/candidate_008_seed_1693395944/HUNTER_RESULT.json,仿真文件(1).zip!/仿真文件/仿真.zip!/仿真/DZ3_A0_Hunter_F1to10_C40_Final20_P1_1800s/stage2_300s/family_008/candidate_008_seed_1693395944/HUNTER_RESULT.json,4ef8180b993bdf0bc538dc2c1666b5fb307f7c3a618b0f91ed836f428dda252e,PASS
仿真文件(1).zip!/仿真文件/仿真.zip!/仿真/DZ3_A0_Hunter_F1to10_C40_Final20_P1_1800s/stage2_300s.zip!/stage2_300s/family_008/candidate_008_seed_1693395944/hunter_child_console.log,仿真文件(1).zip!/仿真文件/仿真.zip!/仿真/DZ3_A0_Hunter_F1to10_C40_Final20_P1_1800s/stage2_300s/family_008/candidate_008_seed_1693395944/hunter_child_console.log,5ca85822156d03d078e8fc983f5ca9e68ed645fad9c917bd9594cdb8de370c53,PASS
仿真文件(1).zip!/仿真文件/仿真.zip!/仿真/DZ3_A0_Hunter_F1to10_C40_Final20_P1_1800s/stage2_300s.zip!/stage2_300s/family_008/candidate_008_seed_1693395944/run.log,仿真文件(1).zip!/仿真文件/仿真.zip!/仿真/DZ3_A0_Hunter_F1to10_C40_Final20_P1_1800s/stage2_300s/family_008/candidate_008_seed_1693395944/run.log,23b079bfc36e78a77c1021f92f906cd22c54de91f160c261e3fe8e1a6a4bd76c,PASS
仿真文件(1).zip!/仿真文件/仿真.zip!/仿真/DZ3_A0_Hunter_F1to10_C40_Final20_P1_1800s/stage2_300s.zip!/stage2_300s/family_008/candidate_008_seed_1693395944/summary.csv,仿真文件(1).zip!/仿真文件/仿真.zip!/仿真/DZ3_A0_Hunter_F1to10_C40_Final20_P1_1800s/stage2_300s/family_008/candidate_008_seed_1693395944/summary.csv,179c0b3553196a5e7470465e9e378e79158f674c441ea1532028c62afeaa9882,PASS
仿真文件(1).zip!/仿真文件/仿真.zip!/仿真/DZ3_A0_Hunter_F1to10_C40_Final20_P1_1800s/stage2_300s.zip!/stage2_300s/family_008/candidate_008_seed_1693395944/gurobi_extensive.log,仿真文件(1).zip!/仿真文件/仿真.zip!/仿真/DZ3_A0_Hunter_F1to10_C40_Final20_P1_1800s/stage2_300s/family_008/candidate_008_seed_1693395944/gurobi_extensive.log,bc4786b6d6a206bd4ddb6f201775c09d79f9b275003377e2ec889403ba3a51e1,PASS
仿真文件(1).zip!/仿真文件/仿真.zip!/仿真/DZ3_A0_Hunter_F1to10_C40_Final20_P1_1800s/stage2_300s.zip!/stage2_300s/family_008/candidate_008_seed_1693395944/gurobi_baseline_log.json,仿真文件(1).zip!/仿真文件/仿真.zip!/仿真/DZ3_A0_Hunter_F1to10_C40_Final20_P1_1800s/stage2_300s/family_008/candidate_008_seed_1693395944/gurobi_baseline_log.json,070824062a13136a0616507ec378f7c600de5741ba111f09121f9ba4b4a36d05,PASS
仿真文件(1).zip!/仿真文件/仿真.zip!/仿真/DZ3_A0_Hunter_F1to10_C40_Final20_P1_1800s/stage2_300s.zip!/stage2_300s/family_008/candidate_008_seed_1693395944/gurobi_baseline_log.csv,仿真文件(1).zip!/仿真文件/仿真.zip!/仿真/DZ3_A0_Hunter_F1to10_C40_Final20_P1_1800s/stage2_300s/family_008/candidate_008_seed_1693395944/gurobi_baseline_log.csv,179c0b3553196a5e7470465e9e378e79158f674c441ea1532028c62afeaa9882,PASS
仿真文件(1).zip!/仿真文件/仿真.zip!/仿真/DZ3_A0_Hunter_F1to10_C40_Final20_P1_1800s/stage2_300s.zip!/stage2_300s/family_008/candidate_008_seed_1693395944/config.json,仿真文件(1).zip!/仿真文件/仿真.zip!/仿真/DZ3_A0_Hunter_F1to10_C40_Final20_P1_1800s/stage2_300s/family_008/candidate_008_seed_1693395944/config.json,882c5ff59fac8039d8e17b1ac72c8df8b114cffee70e34239fa35542c70258d7,PASS
仿真文件(1).zip!/仿真文件/仿真.zip!/仿真/DZ3_A0_Hunter_F1to10_C40_Final20_P1_1800s/stage2_300s.zip!/stage2_300s/family_008/candidate_023_seed_1822985620/instance_manifest.json,仿真文件(1).zip!/仿真文件/仿真.zip!/仿真/DZ3_A0_Hunter_F1to10_C40_Final20_P1_1800s/stage2_300s/family_008/candidate_023_seed_1822985620/instance_manifest.json,fe88473cfecfd8cde3defd4c9ce841927c7bbb545b666274a8e176cf42956e47,PASS
仿真文件(1).zip!/仿真文件/仿真.zip!/仿真/DZ3_A0_Hunter_F1to10_C40_Final20_P1_1800s/stage2_300s.zip!/stage2_300s/family_008/candidate_023_seed_1822985620/command.txt,仿真文件(1).zip!/仿真文件/仿真.zip!/仿真/DZ3_A0_Hunter_F1to10_C40_Final20_P1_1800s/stage2_300s/family_008/candidate_023_seed_1822985620/command.txt,6b45254bd6553bcdc981effd593511d7accf467d68008035183e878af38e5f30,PASS
仿真文件(1).zip!/仿真文件/仿真.zip!/仿真/DZ3_A0_Hunter_F1to10_C40_Final20_P1_1800s/stage2_300s.zip!/stage2_300s/family_008/candidate_023_seed_1822985620/all_algorithms_summary.csv,仿真文件(1).zip!/仿真文件/仿真.zip!/仿真/DZ3_A0_Hunter_F1to10_C40_Final20_P1_1800s/stage2_300s/family_008/candidate_023_seed_1822985620/all_algorithms_summary.csv,ec55b88f3fa680626ffb978cc3bedbcbb20cef22b9c0c9a415c92f2b1dc0f7df,PASS
仿真文件(1).zip!/仿真文件/仿真.zip!/仿真/DZ3_A0_Hunter_F1to10_C40_Final20_P1_1800s/stage2_300s.zip!/stage2_300s/family_008/candidate_023_seed_1822985620/gurobi_report.md,仿真文件(1).zip!/仿真文件/仿真.zip!/仿真/DZ3_A0_Hunter_F1to10_C40_Final20_P1_1800s/stage2_300s/family_008/candidate_023_seed_1822985620/gurobi_report.md,94fde74f1bb7e1f33300a3788987db5a80c30d77bb3682e73c9812221550b552,PASS
仿真文件(1).zip!/仿真文件/仿真.zip!/仿真/DZ3_A0_Hunter_F1to10_C40_Final20_P1_1800s/stage2_300s.zip!/stage2_300s/family_008/candidate_023_seed_1822985620/gurobi_summary.csv,仿真文件(1).zip!/仿真文件/仿真.zip!/仿真/DZ3_A0_Hunter_F1to10_C40_Final20_P1_1800s/stage2_300s/family_008/candidate_023_seed_1822985620/gurobi_summary.csv,ec55b88f3fa680626ffb978cc3bedbcbb20cef22b9c0c9a415c92f2b1dc0f7df,PASS
仿真文件(1).zip!/仿真文件/仿真.zip!/仿真/DZ3_A0_Hunter_F1to10_C40_Final20_P1_1800s/stage2_300s.zip!/stage2_300s/family_008/candidate_023_seed_1822985620/HUNTER_RESULT.json,仿真文件(1).zip!/仿真文件/仿真.zip!/仿真/DZ3_A0_Hunter_F1to10_C40_Final20_P1_1800s/stage2_300s/family_008/candidate_023_seed_1822985620/HUNTER_RESULT.json,a6af7079be7b8aba196f87015eba5ceb96898fce0619cc155bc4ba82d69db7f8,PASS
仿真文件(1).zip!/仿真文件/仿真.zip!/仿真/DZ3_A0_Hunter_F1to10_C40_Final20_P1_1800s/stage2_300s.zip!/stage2_300s/family_008/candidate_023_seed_1822985620/hunter_child_console.log,仿真文件(1).zip!/仿真文件/仿真.zip!/仿真/DZ3_A0_Hunter_F1to10_C40_Final20_P1_1800s/stage2_300s/family_008/candidate_023_seed_1822985620/hunter_child_console.log,23e7a6b66f45145ce619358077a89338f146daa3f3257b1d7547669ca02158c1,PASS
仿真文件(1).zip!/仿真文件/仿真.zip!/仿真/DZ3_A0_Hunter_F1to10_C40_Final20_P1_1800s/stage2_300s.zip!/stage2_300s/family_008/candidate_023_seed_1822985620/run.log,仿真文件(1).zip!/仿真文件/仿真.zip!/仿真/DZ3_A0_Hunter_F1to10_C40_Final20_P1_1800s/stage2_300s/family_008/candidate_023_seed_1822985620/run.log,e9fd8aa0c1f84620905b0f0cbe1c207359d44f3b42ce4e656fed497670f3f4bd,PASS
仿真文件(1).zip!/仿真文件/仿真.zip!/仿真/DZ3_A0_Hunter_F1to10_C40_Final20_P1_1800s/stage2_300s.zip!/stage2_300s/family_008/candidate_023_seed_1822985620/summary.csv,仿真文件(1).zip!/仿真文件/仿真.zip!/仿真/DZ3_A0_Hunter_F1to10_C40_Final20_P1_1800s/stage2_300s/family_008/candidate_023_seed_1822985620/summary.csv,ec55b88f3fa680626ffb978cc3bedbcbb20cef22b9c0c9a415c92f2b1dc0f7df,PASS
仿真文件(1).zip!/仿真文件/仿真.zip!/仿真/DZ3_A0_Hunter_F1to10_C40_Final20_P1_1800s/stage2_300s.zip!/stage2_300s/family_008/candidate_023_seed_1822985620/gurobi_extensive.log,仿真文件(1).zip!/仿真文件/仿真.zip!/仿真/DZ3_A0_Hunter_F1to10_C40_Final20_P1_1800s/stage2_300s/family_008/candidate_023_seed_1822985620/gurobi_extensive.log,951d0f96c5c7f8f19c67557082d92950fc113c3d67b26d1f7670791f353a2a12,PASS
仿真文件(1).zip!/仿真文件/仿真.zip!/仿真/DZ3_A0_Hunter_F1to10_C40_Final20_P1_1800s/stage2_300s.zip!/stage2_300s/family_008/candidate_023_seed_1822985620/gurobi_baseline_log.json,仿真文件(1).zip!/仿真文件/仿真.zip!/仿真/DZ3_A0_Hunter_F1to10_C40_Final20_P1_1800s/stage2_300s/family_008/candidate_023_seed_1822985620/gurobi_baseline_log.json,aaa88ec340db576b9480e6cc963f5774e1787682f20d4594e6467a798d4f53c3,PASS
仿真文件(1).zip!/仿真文件/仿真.zip!/仿真/DZ3_A0_Hunter_F1to10_C40_Final20_P1_1800s/stage2_300s.zip!/stage2_300s/family_008/candidate_023_seed_1822985620/gurobi_baseline_log.csv,仿真文件(1).zip!/仿真文件/仿真.zip!/仿真/DZ3_A0_Hunter_F1to10_C40_Final20_P1_1800s/stage2_300s/family_008/candidate_023_seed_1822985620/gurobi_baseline_log.csv,ec55b88f3fa680626ffb978cc3bedbcbb20cef22b9c0c9a415c92f2b1dc0f7df,PASS
仿真文件(1).zip!/仿真文件/仿真.zip!/仿真/DZ3_A0_Hunter_F1to10_C40_Final20_P1_1800s/stage2_300s.zip!/stage2_300s/family_008/candidate_023_seed_1822985620/config.json,仿真文件(1).zip!/仿真文件/仿真.zip!/仿真/DZ3_A0_Hunter_F1to10_C40_Final20_P1_1800s/stage2_300s/family_008/candidate_023_seed_1822985620/config.json,6a5f6e6424293231050a20b610b1b28811897b0e2dc183ffe154176c65dca7af,PASS
仿真文件(1).zip!/仿真文件/仿真.zip!/仿真/DZ3_A0_Hunter_F1to10_C40_Final20_P1_1800s/stage2_300s.zip!/stage2_300s/family_008/candidate_018_seed_229681099/instance_manifest.json,仿真文件(1).zip!/仿真文件/仿真.zip!/仿真/DZ3_A0_Hunter_F1to10_C40_Final20_P1_1800s/stage2_300s/family_008/candidate_018_seed_229681099/instance_manifest.json,8b077f523ea503d0fa65d9b0ce8a89bcc5ace5e8c39d663c53e8dbe14d19eec1,PASS
仿真文件(1).zip!/仿真文件/仿真.zip!/仿真/DZ3_A0_Hunter_F1to10_C40_Final20_P1_1800s/stage2_300s.zip!/stage2_300s/family_008/candidate_018_seed_229681099/command.txt,仿真文件(1).zip!/仿真文件/仿真.zip!/仿真/DZ3_A0_Hunter_F1to10_C40_Final20_P1_1800s/stage2_300s/family_008/candidate_018_seed_229681099/command.txt,5479dd354934767348a8e97173fa775ca54370044fe7651212b973120fe98e41,PASS
仿真文件(1).zip!/仿真文件/仿真.zip!/仿真/DZ3_A0_Hunter_F1to10_C40_Final20_P1_1800s/stage2_300s.zip!/stage2_300s/family_008/candidate_018_seed_229681099/all_algorithms_summary.csv,仿真文件(1).zip!/仿真文件/仿真.zip!/仿真/DZ3_A0_Hunter_F1to10_C40_Final20_P1_1800s/stage2_300s/family_008/candidate_018_seed_229681099/all_algorithms_summary.csv,42d49fbdf18ef28308740b447bbd11ef5efc96c3cdf45f3f0c859940e264434c,PASS
仿真文件(1).zip!/仿真文件/仿真.zip!/仿真/DZ3_A0_Hunter_F1to10_C40_Final20_P1_1800s/stage2_300s.zip!/stage2_300s/family_008/candidate_018_seed_229681099/gurobi_report.md,仿真文件(1).zip!/仿真文件/仿真.zip!/仿真/DZ3_A0_Hunter_F1to10_C40_Final20_P1_1800s/stage2_300s/family_008/candidate_018_seed_229681099/gurobi_report.md,7a2b62f88f4dbdb23f1138e640476e9407557f9882b617690d71e14daacab8d4,PASS
仿真文件(1).zip!/仿真文件/仿真.zip!/仿真/DZ3_A0_Hunter_F1to10_C40_Final20_P1_1800s/stage2_300s.zip!/stage2_300s/family_008/candidate_018_seed_229681099/gurobi_summary.csv,仿真文件(1).zip!/仿真文件/仿真.zip!/仿真/DZ3_A0_Hunter_F1to10_C40_Final20_P1_1800s/stage2_300s/family_008/candidate_018_seed_229681099/gurobi_summary.csv,42d49fbdf18ef28308740b447bbd11ef5efc96c3cdf45f3f0c859940e264434c,PASS
仿真文件(1).zip!/仿真文件/仿真.zip!/仿真/DZ3_A0_Hunter_F1to10_C40_Final20_P1_1800s/stage2_300s.zip!/stage2_300s/family_008/candidate_018_seed_229681099/HUNTER_RESULT.json,仿真文件(1).zip!/仿真文件/仿真.zip!/仿真/DZ3_A0_Hunter_F1to10_C40_Final20_P1_1800s/stage2_300s/family_008/candidate_018_seed_229681099/HUNTER_RESULT.json,ab0e01c54f346371a74c4c3dee3004d5ed1652dd4be559a7c03ef2d194c795fd,PASS
仿真文件(1).zip!/仿真文件/仿真.zip!/仿真/DZ3_A0_Hunter_F1to10_C40_Final20_P1_1800s/stage2_300s.zip!/stage2_300s/family_008/candidate_018_seed_229681099/hunter_child_console.log,仿真文件(1).zip!/仿真文件/仿真.zip!/仿真/DZ3_A0_Hunter_F1to10_C40_Final20_P1_1800s/stage2_300s/family_008/candidate_018_seed_229681099/hunter_child_console.log,1e67f52b7a36d05b416c4ea99a0f746d3ad867b88ce8999731c2c1f88fe4b0ea,PASS
仿真文件(1).zip!/仿真文件/仿真.zip!/仿真/DZ3_A0_Hunter_F1to10_C40_Final20_P1_1800s/stage2_300s.zip!/stage2_300s/family_008/candidate_018_seed_229681099/run.log,仿真文件(1).zip!/仿真文件/仿真.zip!/仿真/DZ3_A0_Hunter_F1to10_C40_Final20_P1_1800s/stage2_300s/family_008/candidate_018_seed_229681099/run.log,7f606398a7f8b57d25d2aa0750d07077d4594431558fef29ecc2b07b0f589f86,PASS
仿真文件(1).zip!/仿真文件/仿真.zip!/仿真/DZ3_A0_Hunter_F1to10_C40_Final20_P1_1800s/stage2_300s.zip!/stage2_300s/family_008/candidate_018_seed_229681099/summary.csv,仿真文件(1).zip!/仿真文件/仿真.zip!/仿真/DZ3_A0_Hunter_F1to10_C40_Final20_P1_1800s/stage2_300s/family_008/candidate_018_seed_229681099/summary.csv,42d49fbdf18ef28308740b447bbd11ef5efc96c3cdf45f3f0c859940e264434c,PASS
仿真文件(1).zip!/仿真文件/仿真.zip!/仿真/DZ3_A0_Hunter_F1to10_C40_Final20_P1_1800s/stage2_300s.zip!/stage2_300s/family_008/candidate_018_seed_229681099/gurobi_extensive.log,仿真文件(1).zip!/仿真文件/仿真.zip!/仿真/DZ3_A0_Hunter_F1to10_C40_Final20_P1_1800s/stage2_300s/family_008/candidate_018_seed_229681099/gurobi_extensive.log,0f7a2c40448619bee93c9955ea336fb429ee7819e4c21d0ceab10feebbd9dbcc,PASS
仿真文件(1).zip!/仿真文件/仿真.zip!/仿真/DZ3_A0_Hunter_F1to10_C40_Final20_P1_1800s/stage2_300s.zip!/stage2_300s/family_008/candidate_018_seed_229681099/gurobi_baseline_log.json,仿真文件(1).zip!/仿真文件/仿真.zip!/仿真/DZ3_A0_Hunter_F1to10_C40_Final20_P1_1800s/stage2_300s/family_008/candidate_018_seed_229681099/gurobi_baseline_log.json,3bf80fe914182125f28e9c09d4d5bfdb3e2c5d20acf9880ab37d6f982ffcba25,PASS
仿真文件(1).zip!/仿真文件/仿真.zip!/仿真/DZ3_A0_Hunter_F1to10_C40_Final20_P1_1800s/stage2_300s.zip!/stage2_300s/family_008/candidate_018_seed_229681099/gurobi_baseline_log.csv,仿真文件(1).zip!/仿真文件/仿真.zip!/仿真/DZ3_A0_Hunter_F1to10_C40_Final20_P1_1800s/stage2_300s/family_008/candidate_018_seed_229681099/gurobi_baseline_log.csv,42d49fbdf18ef28308740b447bbd11ef5efc96c3cdf45f3f0c859940e264434c,PASS
仿真文件(1).zip!/仿真文件/仿真.zip!/仿真/DZ3_A0_Hunter_F1to10_C40_Final20_P1_1800s/stage2_300s.zip!/stage2_300s/family_008/candidate_018_seed_229681099/config.json,仿真文件(1).zip!/仿真文件/仿真.zip!/仿真/DZ3_A0_Hunter_F1to10_C40_Final20_P1_1800s/stage2_300s/family_008/candidate_018_seed_229681099/config.json,afc122000afe0bcc449f1f3e136b1807483ad1be636a6be0911ef89af25f393e,PASS
仿真文件(1).zip!/仿真文件/仿真.zip!/仿真/DZ3_A0_Hunter_F1to10_C40_Final20_P1_1800s/stage2_300s.zip!/stage2_300s/family_002/candidate_009_seed_719155818/instance_manifest.json,仿真文件(1).zip!/仿真文件/仿真.zip!/仿真/DZ3_A0_Hunter_F1to10_C40_Final20_P1_1800s/stage2_300s/family_002/candidate_009_seed_719155818/instance_manifest.json,502df108ddd29f9b1da41465606c483c31df3c7f2964d13a6247cf38d40e4824,PASS
仿真文件(1).zip!/仿真文件/仿真.zip!/仿真/DZ3_A0_Hunter_F1to10_C40_Final20_P1_1800s/stage2_300s.zip!/stage2_300s/family_002/candidate_009_seed_719155818/command.txt,仿真文件(1).zip!/仿真文件/仿真.zip!/仿真/DZ3_A0_Hunter_F1to10_C40_Final20_P1_1800s/stage2_300s/family_002/candidate_009_seed_719155818/command.txt,d8b86a3dbe15193ca0fa4ad59d98a8d5911921560197856e15e94dddb7849f62,PASS
仿真文件(1).zip!/仿真文件/仿真.zip!/仿真/DZ3_A0_Hunter_F1to10_C40_Final20_P1_1800s/stage2_300s.zip!/stage2_300s/family_002/candidate_009_seed_719155818/all_algorithms_summary.csv,仿真文件(1).zip!/仿真文件/仿真.zip!/仿真/DZ3_A0_Hunter_F1to10_C40_Final20_P1_1800s/stage2_300s/family_002/candidate_009_seed_719155818/all_algorithms_summary.csv,d040d0ae55eb64e707827fd8b5b1dac40cd183ddf7ce5c03c1d528840e44bf44,PASS
仿真文件(1).zip!/仿真文件/仿真.zip!/仿真/DZ3_A0_Hunter_F1to10_C40_Final20_P1_1800s/stage2_300s.zip!/stage2_300s/family_002/candidate_009_seed_719155818/gurobi_report.md,仿真文件(1).zip!/仿真文件/仿真.zip!/仿真/DZ3_A0_Hunter_F1to10_C40_Final20_P1_1800s/stage2_300s/family_002/candidate_009_seed_719155818/gurobi_report.md,a5d7d5433b22b86ebe32d983ee7a937a987081b425372f3d50dbf53bf4b875ad,PASS
仿真文件(1).zip!/仿真文件/仿真.zip!/仿真/DZ3_A0_Hunter_F1to10_C40_Final20_P1_1800s/stage2_300s.zip!/stage2_300s/family_002/candidate_009_seed_719155818/gurobi_summary.csv,仿真文件(1).zip!/仿真文件/仿真.zip!/仿真/DZ3_A0_Hunter_F1to10_C40_Final20_P1_1800s/stage2_300s/family_002/candidate_009_seed_719155818/gurobi_summary.csv,d040d0ae55eb64e707827fd8b5b1dac40cd183ddf7ce5c03c1d528840e44bf44,PASS
仿真文件(1).zip!/仿真文件/仿真.zip!/仿真/DZ3_A0_Hunter_F1to10_C40_Final20_P1_1800s/stage2_300s.zip!/stage2_300s/family_002/candidate_009_seed_719155818/HUNTER_RESULT.json,仿真文件(1).zip!/仿真文件/仿真.zip!/仿真/DZ3_A0_Hunter_F1to10_C40_Final20_P1_1800s/stage2_300s/family_002/candidate_009_seed_719155818/HUNTER_RESULT.json,46b7a5730beb90382f34f7bcaaa2cf372ffa9932a07465aa890a29bdc5a2f17d,PASS
仿真文件(1).zip!/仿真文件/仿真.zip!/仿真/DZ3_A0_Hunter_F1to10_C40_Final20_P1_1800s/stage2_300s.zip!/stage2_300s/family_002/candidate_009_seed_719155818/hunter_child_console.log,仿真文件(1).zip!/仿真文件/仿真.zip!/仿真/DZ3_A0_Hunter_F1to10_C40_Final20_P1_1800s/stage2_300s/family_002/candidate_009_seed_719155818/hunter_child_console.log,7840f6bf2d66f1602799c0bf2d0b84407a99acf96fc2776a754c2486bde8a960,PASS
仿真文件(1).zip!/仿真文件/仿真.zip!/仿真/DZ3_A0_Hunter_F1to10_C40_Final20_P1_1800s/stage2_300s.zip!/stage2_300s/family_002/candidate_009_seed_719155818/run.log,仿真文件(1).zip!/仿真文件/仿真.zip!/仿真/DZ3_A0_Hunter_F1to10_C40_Final20_P1_1800s/stage2_300s/family_002/candidate_009_seed_719155818/run.log,a03cde968a128affde131a738eee3a048609d569ba52dee4ff3a292578da1dfa,PASS
仿真文件(1).zip!/仿真文件/仿真.zip!/仿真/DZ3_A0_Hunter_F1to10_C40_Final20_P1_1800s/stage2_300s.zip!/stage2_300s/family_002/candidate_009_seed_719155818/summary.csv,仿真文件(1).zip!/仿真文件/仿真.zip!/仿真/DZ3_A0_Hunter_F1to10_C40_Final20_P1_1800s/stage2_300s/family_002/candidate_009_seed_719155818/summary.csv,d040d0ae55eb64e707827fd8b5b1dac40cd183ddf7ce5c03c1d528840e44bf44,PASS
仿真文件(1).zip!/仿真文件/仿真.zip!/仿真/DZ3_A0_Hunter_F1to10_C40_Final20_P1_1800s/stage2_300s.zip!/stage2_300s/family_002/candidate_009_seed_719155818/gurobi_extensive.log,仿真文件(1).zip!/仿真文件/仿真.zip!/仿真/DZ3_A0_Hunter_F1to10_C40_Final20_P1_1800s/stage2_300s/family_002/candidate_009_seed_719155818/gurobi_extensive.log,13fcd705552163fd479d73d3bc71b13ac170a5ca21edd1d5304ab5a9d8d89e54,PASS
仿真文件(1).zip!/仿真文件/仿真.zip!/仿真/DZ3_A0_Hunter_F1to10_C40_Final20_P1_1800s/stage2_300s.zip!/stage2_300s/family_002/candidate_009_seed_719155818/gurobi_baseline_log.json,仿真文件(1).zip!/仿真文件/仿真.zip!/仿真/DZ3_A0_Hunter_F1to10_C40_Final20_P1_1800s/stage2_300s/family_002/candidate_009_seed_719155818/gurobi_baseline_log.json,e074a8d14be6d029bbe76c4e6df3bb67b6982dd378f50e6977d8b8f7e17293bf,PASS
仿真文件(1).zip!/仿真文件/仿真.zip!/仿真/DZ3_A0_Hunter_F1to10_C40_Final20_P1_1800s/stage2_300s.zip!/stage2_300s/family_002/candidate_009_seed_719155818/gurobi_baseline_log.csv,仿真文件(1).zip!/仿真文件/仿真.zip!/仿真/DZ3_A0_Hunter_F1to10_C40_Final20_P1_1800s/stage2_300s/family_002/candidate_009_seed_719155818/gurobi_baseline_log.csv,d040d0ae55eb64e707827fd8b5b1dac40cd183ddf7ce5c03c1d528840e44bf44,PASS
仿真文件(1).zip!/仿真文件/仿真.zip!/仿真/DZ3_A0_Hunter_F1to10_C40_Final20_P1_1800s/stage2_300s.zip!/stage2_300s/family_002/candidate_009_seed_719155818/config.json,仿真文件(1).zip!/仿真文件/仿真.zip!/仿真/DZ3_A0_Hunter_F1to10_C40_Final20_P1_1800s/stage2_300s/family_002/candidate_009_seed_719155818/config.json,699cbc3419f1699c667b1efe06e48df20fc0322a0cab8fbe229d7033be8ca9f9,PASS
仿真文件(1).zip!/仿真文件/仿真.zip!/仿真/DZ3_A0_Hunter_F1to10_C40_Final20_P1_1800s/stage2_300s.zip!/stage2_300s/family_002/candidate_018_seed_590492220/instance_manifest.json,仿真文件(1).zip!/仿真文件/仿真.zip!/仿真/DZ3_A0_Hunter_F1to10_C40_Final20_P1_1800s/stage2_300s/family_002/candidate_018_seed_590492220/instance_manifest.json,ce898d9c072f18d767bf8f7ac5cef7d51ecc7898f086c8c8a680b582a0be7a0e,PASS
仿真文件(1).zip!/仿真文件/仿真.zip!/仿真/DZ3_A0_Hunter_F1to10_C40_Final20_P1_1800s/stage2_300s.zip!/stage2_300s/family_002/candidate_018_seed_590492220/command.txt,仿真文件(1).zip!/仿真文件/仿真.zip!/仿真/DZ3_A0_Hunter_F1to10_C40_Final20_P1_1800s/stage2_300s/family_002/candidate_018_seed_590492220/command.txt,d262f23cf4c4e134a6db800dbaa870d67827463ed9d78ab0266d65820deee78b,PASS
仿真文件(1).zip!/仿真文件/仿真.zip!/仿真/DZ3_A0_Hunter_F1to10_C40_Final20_P1_1800s/stage2_300s.zip!/stage2_300s/family_002/candidate_018_seed_590492220/all_algorithms_summary.csv,仿真文件(1).zip!/仿真文件/仿真.zip!/仿真/DZ3_A0_Hunter_F1to10_C40_Final20_P1_1800s/stage2_300s/family_002/candidate_018_seed_590492220/all_algorithms_summary.csv,b5c979269743f251a26ce9ce7d5fcec47364682d2aff40bbb152142a99e82a7e,PASS
仿真文件(1).zip!/仿真文件/仿真.zip!/仿真/DZ3_A0_Hunter_F1to10_C40_Final20_P1_1800s/stage2_300s.zip!/stage2_300s/family_002/candidate_018_seed_590492220/gurobi_report.md,仿真文件(1).zip!/仿真文件/仿真.zip!/仿真/DZ3_A0_Hunter_F1to10_C40_Final20_P1_1800s/stage2_300s/family_002/candidate_018_seed_590492220/gurobi_report.md,6fc5820dcdb9aa25523590a938fb0a31aef83033cf4ef9d740daae9f11c6a02f,PASS
仿真文件(1).zip!/仿真文件/仿真.zip!/仿真/DZ3_A0_Hunter_F1to10_C40_Final20_P1_1800s/stage2_300s.zip!/stage2_300s/family_002/candidate_018_seed_590492220/gurobi_summary.csv,仿真文件(1).zip!/仿真文件/仿真.zip!/仿真/DZ3_A0_Hunter_F1to10_C40_Final20_P1_1800s/stage2_300s/family_002/candidate_018_seed_590492220/gurobi_summary.csv,b5c979269743f251a26ce9ce7d5fcec47364682d2aff40bbb152142a99e82a7e,PASS
仿真文件(1).zip!/仿真文件/仿真.zip!/仿真/DZ3_A0_Hunter_F1to10_C40_Final20_P1_1800s/stage2_300s.zip!/stage2_300s/family_002/candidate_018_seed_590492220/HUNTER_RESULT.json,仿真文件(1).zip!/仿真文件/仿真.zip!/仿真/DZ3_A0_Hunter_F1to10_C40_Final20_P1_1800s/stage2_300s/family_002/candidate_018_seed_590492220/HUNTER_RESULT.json,9c528d61c2bd32cfb70ece73f9fa22721bbfe5d0c0f9268c9d58fa831bc02cf6,PASS
仿真文件(1).zip!/仿真文件/仿真.zip!/仿真/DZ3_A0_Hunter_F1to10_C40_Final20_P1_1800s/stage2_300s.zip!/stage2_300s/family_002/candidate_018_seed_590492220/hunter_child_console.log,仿真文件(1).zip!/仿真文件/仿真.zip!/仿真/DZ3_A0_Hunter_F1to10_C40_Final20_P1_1800s/stage2_300s/family_002/candidate_018_seed_590492220/hunter_child_console.log,a788ab03245c7691dfeffa3afd7f4f0583ecb2d6c8a4334521e7e15cb62cbedf,PASS
仿真文件(1).zip!/仿真文件/仿真.zip!/仿真/DZ3_A0_Hunter_F1to10_C40_Final20_P1_1800s/stage2_300s.zip!/stage2_300s/family_002/candidate_018_seed_590492220/run.log,仿真文件(1).zip!/仿真文件/仿真.zip!/仿真/DZ3_A0_Hunter_F1to10_C40_Final20_P1_1800s/stage2_300s/family_002/candidate_018_seed_590492220/run.log,0e6c59bb71c518fc2aa5a5a9fdc33f6d9a95add8a44d9d5b4af3c2a988c419a2,PASS
仿真文件(1).zip!/仿真文件/仿真.zip!/仿真/DZ3_A0_Hunter_F1to10_C40_Final20_P1_1800s/stage2_300s.zip!/stage2_300s/family_002/candidate_018_seed_590492220/summary.csv,仿真文件(1).zip!/仿真文件/仿真.zip!/仿真/DZ3_A0_Hunter_F1to10_C40_Final20_P1_1800s/stage2_300s/family_002/candidate_018_seed_590492220/summary.csv,b5c979269743f251a26ce9ce7d5fcec47364682d2aff40bbb152142a99e82a7e,PASS
仿真文件(1).zip!/仿真文件/仿真.zip!/仿真/DZ3_A0_Hunter_F1to10_C40_Final20_P1_1800s/stage2_300s.zip!/stage2_300s/family_002/candidate_018_seed_590492220/gurobi_extensive.log,仿真文件(1).zip!/仿真文件/仿真.zip!/仿真/DZ3_A0_Hunter_F1to10_C40_Final20_P1_1800s/stage2_300s/family_002/candidate_018_seed_590492220/gurobi_extensive.log,c95cb4702d40acb506f8cbd25e62338260a6cfb6a9dcab1e6812b8ae169afbf2,PASS
仿真文件(1).zip!/仿真文件/仿真.zip!/仿真/DZ3_A0_Hunter_F1to10_C40_Final20_P1_1800s/stage2_300s.zip!/stage2_300s/family_002/candidate_018_seed_590492220/gurobi_baseline_log.json,仿真文件(1).zip!/仿真文件/仿真.zip!/仿真/DZ3_A0_Hunter_F1to10_C40_Final20_P1_1800s/stage2_300s/family_002/candidate_018_seed_590492220/gurobi_baseline_log.json,6c5e42baf17dab05a445327c63390e7a0b31c4cae67792bd06738b97b0269575,PASS
仿真文件(1).zip!/仿真文件/仿真.zip!/仿真/DZ3_A0_Hunter_F1to10_C40_Final20_P1_1800s/stage2_300s.zip!/stage2_300s/family_002/candidate_018_seed_590492220/gurobi_baseline_log.csv,仿真文件(1).zip!/仿真文件/仿真.zip!/仿真/DZ3_A0_Hunter_F1to10_C40_Final20_P1_1800s/stage2_300s/family_002/candidate_018_seed_590492220/gurobi_baseline_log.csv,b5c979269743f251a26ce9ce7d5fcec47364682d2aff40bbb152142a99e82a7e,PASS
仿真文件(1).zip!/仿真文件/仿真.zip!/仿真/DZ3_A0_Hunter_F1to10_C40_Final20_P1_1800s/stage2_300s.zip!/stage2_300s/family_002/candidate_018_seed_590492220/config.json,仿真文件(1).zip!/仿真文件/仿真.zip!/仿真/DZ3_A0_Hunter_F1to10_C40_Final20_P1_1800s/stage2_300s/family_002/candidate_018_seed_590492220/config.json,7a175dda4c7efde317a5514f3ddd7854a7ea17a46e86c0678f9098260d42d96e,PASS
仿真文件(1).zip!/仿真文件/仿真.zip!/仿真/DZ3_A0_Hunter_F1to10_C40_Final20_P1_1800s/stage2_300s.zip!/stage2_300s/family_002/candidate_013_seed_2132147591/instance_manifest.json,仿真文件(1).zip!/仿真文件/仿真.zip!/仿真/DZ3_A0_Hunter_F1to10_C40_Final20_P1_1800s/stage2_300s/family_002/candidate_013_seed_2132147591/instance_manifest.json,403f5d5c9e27b8d26c62beb3068750d6a839809718f419d307c9def6af191a14,PASS
仿真文件(1).zip!/仿真文件/仿真.zip!/仿真/DZ3_A0_Hunter_F1to10_C40_Final20_P1_1800s/stage2_300s.zip!/stage2_300s/family_002/candidate_013_seed_2132147591/command.txt,仿真文件(1).zip!/仿真文件/仿真.zip!/仿真/DZ3_A0_Hunter_F1to10_C40_Final20_P1_1800s/stage2_300s/family_002/candidate_013_seed_2132147591/command.txt,7179aec475b55ca1936c12ddf480fc627b86a5153f1d3381545d424de2d012f8,PASS
仿真文件(1).zip!/仿真文件/仿真.zip!/仿真/DZ3_A0_Hunter_F1to10_C40_Final20_P1_1800s/stage2_300s.zip!/stage2_300s/family_002/candidate_013_seed_2132147591/all_algorithms_summary.csv,仿真文件(1).zip!/仿真文件/仿真.zip!/仿真/DZ3_A0_Hunter_F1to10_C40_Final20_P1_1800s/stage2_300s/family_002/candidate_013_seed_2132147591/all_algorithms_summary.csv,a6b3f908da01e9a4202385764f1243a69a73e7ddf6af6f0c56ee273d499fc518,PASS
仿真文件(1).zip!/仿真文件/仿真.zip!/仿真/DZ3_A0_Hunter_F1to10_C40_Final20_P1_1800s/stage2_300s.zip!/stage2_300s/family_002/candidate_013_seed_2132147591/gurobi_report.md,仿真文件(1).zip!/仿真文件/仿真.zip!/仿真/DZ3_A0_Hunter_F1to10_C40_Final20_P1_1800s/stage2_300s/family_002/candidate_013_seed_2132147591/gurobi_report.md,b5ff44b09062912cdfc1c0d5bc2201a8e9948545c5cbaafdfbf4f3e4f3336ab4,PASS
仿真文件(1).zip!/仿真文件/仿真.zip!/仿真/DZ3_A0_Hunter_F1to10_C40_Final20_P1_1800s/stage2_300s.zip!/stage2_300s/family_002/candidate_013_seed_2132147591/gurobi_summary.csv,仿真文件(1).zip!/仿真文件/仿真.zip!/仿真/DZ3_A0_Hunter_F1to10_C40_Final20_P1_1800s/stage2_300s/family_002/candidate_013_seed_2132147591/gurobi_summary.csv,a6b3f908da01e9a4202385764f1243a69a73e7ddf6af6f0c56ee273d499fc518,PASS
仿真文件(1).zip!/仿真文件/仿真.zip!/仿真/DZ3_A0_Hunter_F1to10_C40_Final20_P1_1800s/stage2_300s.zip!/stage2_300s/family_002/candidate_013_seed_2132147591/HUNTER_RESULT.json,仿真文件(1).zip!/仿真文件/仿真.zip!/仿真/DZ3_A0_Hunter_F1to10_C40_Final20_P1_1800s/stage2_300s/family_002/candidate_013_seed_2132147591/HUNTER_RESULT.json,ffc07d4f6f50b6e4b497c790ff929ba1320f5e564597914f6a4ec0a7f9c54f13,PASS
仿真文件(1).zip!/仿真文件/仿真.zip!/仿真/DZ3_A0_Hunter_F1to10_C40_Final20_P1_1800s/stage2_300s.zip!/stage2_300s/family_002/candidate_013_seed_2132147591/hunter_child_console.log,仿真文件(1).zip!/仿真文件/仿真.zip!/仿真/DZ3_A0_Hunter_F1to10_C40_Final20_P1_1800s/stage2_300s/family_002/candidate_013_seed_2132147591/hunter_child_console.log,c6d0669ff7300ba6e5fd2764044886090646135abf545e7f2e881f66ff2fc10d,PASS
仿真文件(1).zip!/仿真文件/仿真.zip!/仿真/DZ3_A0_Hunter_F1to10_C40_Final20_P1_1800s/stage2_300s.zip!/stage2_300s/family_002/candidate_013_seed_2132147591/run.log,仿真文件(1).zip!/仿真文件/仿真.zip!/仿真/DZ3_A0_Hunter_F1to10_C40_Final20_P1_1800s/stage2_300s/family_002/candidate_013_seed_2132147591/run.log,450c9a6022c4df7db13a60e765ca6e68deb24e19dcd282d88a73f9d2f730cdce,PASS
仿真文件(1).zip!/仿真文件/仿真.zip!/仿真/DZ3_A0_Hunter_F1to10_C40_Final20_P1_1800s/stage2_300s.zip!/stage2_300s/family_002/candidate_013_seed_2132147591/summary.csv,仿真文件(1).zip!/仿真文件/仿真.zip!/仿真/DZ3_A0_Hunter_F1to10_C40_Final20_P1_1800s/stage2_300s/family_002/candidate_013_seed_2132147591/summary.csv,a6b3f908da01e9a4202385764f1243a69a73e7ddf6af6f0c56ee273d499fc518,PASS
仿真文件(1).zip!/仿真文件/仿真.zip!/仿真/DZ3_A0_Hunter_F1to10_C40_Final20_P1_1800s/stage2_300s.zip!/stage2_300s/family_002/candidate_013_seed_2132147591/gurobi_extensive.log,仿真文件(1).zip!/仿真文件/仿真.zip!/仿真/DZ3_A0_Hunter_F1to10_C40_Final20_P1_1800s/stage2_300s/family_002/candidate_013_seed_2132147591/gurobi_extensive.log,ef31e38a59d8eaa925ca94088258c836a0ec8eb16f8020e861aa738a17dbec5c,PASS
仿真文件(1).zip!/仿真文件/仿真.zip!/仿真/DZ3_A0_Hunter_F1to10_C40_Final20_P1_1800s/stage2_300s.zip!/stage2_300s/family_002/candidate_013_seed_2132147591/gurobi_baseline_log.json,仿真文件(1).zip!/仿真文件/仿真.zip!/仿真/DZ3_A0_Hunter_F1to10_C40_Final20_P1_1800s/stage2_300s/family_002/candidate_013_seed_2132147591/gurobi_baseline_log.json,bc4e51584854a312dc27767a1c0ae3b87a9026ecc190a5da951dfabc178e3de0,PASS
仿真文件(1).zip!/仿真文件/仿真.zip!/仿真/DZ3_A0_Hunter_F1to10_C40_Final20_P1_1800s/stage2_300s.zip!/stage2_300s/family_002/candidate_013_seed_2132147591/gurobi_baseline_log.csv,仿真文件(1).zip!/仿真文件/仿真.zip!/仿真/DZ3_A0_Hunter_F1to10_C40_Final20_P1_1800s/stage2_300s/family_002/candidate_013_seed_2132147591/gurobi_baseline_log.csv,a6b3f908da01e9a4202385764f1243a69a73e7ddf6af6f0c56ee273d499fc518,PASS
仿真文件(1).zip!/仿真文件/仿真.zip!/仿真/DZ3_A0_Hunter_F1to10_C40_Final20_P1_1800s/stage2_300s.zip!/stage2_300s/family_002/candidate_013_seed_2132147591/config.json,仿真文件(1).zip!/仿真文件/仿真.zip!/仿真/DZ3_A0_Hunter_F1to10_C40_Final20_P1_1800s/stage2_300s/family_002/candidate_013_seed_2132147591/config.json,8bf6e55ee6fcb1488f35718d363c2794f823ae3022205b28a0a12dabf102a38c,PASS
仿真文件(1).zip!/仿真文件/仿真.zip!/仿真/DZ3_A0_Hunter_F1to10_C40_Final20_P1_1800s/stage2_300s.zip!/stage2_300s/family_004/candidate_036_seed_1995068975/instance_manifest.json,仿真文件(1).zip!/仿真文件/仿真.zip!/仿真/DZ3_A0_Hunter_F1to10_C40_Final20_P1_1800s/stage2_300s/family_004/candidate_036_seed_1995068975/instance_manifest.json,23d78663a0849c4717bfa082fb471d35b2a108f2e28a0c2a304fdbe26df4e3d5,PASS
仿真文件(1).zip!/仿真文件/仿真.zip!/仿真/DZ3_A0_Hunter_F1to10_C40_Final20_P1_1800s/stage2_300s.zip!/stage2_300s/family_004/candidate_036_seed_1995068975/command.txt,仿真文件(1).zip!/仿真文件/仿真.zip!/仿真/DZ3_A0_Hunter_F1to10_C40_Final20_P1_1800s/stage2_300s/family_004/candidate_036_seed_1995068975/command.txt,f25bdad3cdcdfd2188f538af91cf010b1e9064ab7b79fde36a20edd5afe3f138,PASS
仿真文件(1).zip!/仿真文件/仿真.zip!/仿真/DZ3_A0_Hunter_F1to10_C40_Final20_P1_1800s/stage2_300s.zip!/stage2_300s/family_004/candidate_036_seed_1995068975/all_algorithms_summary.csv,仿真文件(1).zip!/仿真文件/仿真.zip!/仿真/DZ3_A0_Hunter_F1to10_C40_Final20_P1_1800s/stage2_300s/family_004/candidate_036_seed_1995068975/all_algorithms_summary.csv,417f8f2754a33b530210041122c8848168078e95df01d54302e8a0bb120fbc24,PASS
仿真文件(1).zip!/仿真文件/仿真.zip!/仿真/DZ3_A0_Hunter_F1to10_C40_Final20_P1_1800s/stage2_300s.zip!/stage2_300s/family_004/candidate_036_seed_1995068975/gurobi_report.md,仿真文件(1).zip!/仿真文件/仿真.zip!/仿真/DZ3_A0_Hunter_F1to10_C40_Final20_P1_1800s/stage2_300s/family_004/candidate_036_seed_1995068975/gurobi_report.md,0e3b78cc59ecba7ab4b179868936146b0627ee61bb5b5047a3d6c301356fc07e,PASS
仿真文件(1).zip!/仿真文件/仿真.zip!/仿真/DZ3_A0_Hunter_F1to10_C40_Final20_P1_1800s/stage2_300s.zip!/stage2_300s/family_004/candidate_036_seed_1995068975/gurobi_summary.csv,仿真文件(1).zip!/仿真文件/仿真.zip!/仿真/DZ3_A0_Hunter_F1to10_C40_Final20_P1_1800s/stage2_300s/family_004/candidate_036_seed_1995068975/gurobi_summary.csv,417f8f2754a33b530210041122c8848168078e95df01d54302e8a0bb120fbc24,PASS
仿真文件(1).zip!/仿真文件/仿真.zip!/仿真/DZ3_A0_Hunter_F1to10_C40_Final20_P1_1800s/stage2_300s.zip!/stage2_300s/family_004/candidate_036_seed_1995068975/HUNTER_RESULT.json,仿真文件(1).zip!/仿真文件/仿真.zip!/仿真/DZ3_A0_Hunter_F1to10_C40_Final20_P1_1800s/stage2_300s/family_004/candidate_036_seed_1995068975/HUNTER_RESULT.json,ad714692bab4ece6f76540cf693c7f0a413b35a3757595ff05bf6ee51965d373,PASS
仿真文件(1).zip!/仿真文件/仿真.zip!/仿真/DZ3_A0_Hunter_F1to10_C40_Final20_P1_1800s/stage2_300s.zip!/stage2_300s/family_004/candidate_036_seed_1995068975/hunter_child_console.log,仿真文件(1).zip!/仿真文件/仿真.zip!/仿真/DZ3_A0_Hunter_F1to10_C40_Final20_P1_1800s/stage2_300s/family_004/candidate_036_seed_1995068975/hunter_child_console.log,2a65c9ceb358ac991143365a566694faf34c2684b6229ad43e0ebef554bf7175,PASS
仿真文件(1).zip!/仿真文件/仿真.zip!/仿真/DZ3_A0_Hunter_F1to10_C40_Final20_P1_1800s/stage2_300s.zip!/stage2_300s/family_004/candidate_036_seed_1995068975/run.log,仿真文件(1).zip!/仿真文件/仿真.zip!/仿真/DZ3_A0_Hunter_F1to10_C40_Final20_P1_1800s/stage2_300s/family_004/candidate_036_seed_1995068975/run.log,2949ed689ffba1a1ec8b02bdabf7f052f0feec11751300aaacb6e435fa89e2ed,PASS
仿真文件(1).zip!/仿真文件/仿真.zip!/仿真/DZ3_A0_Hunter_F1to10_C40_Final20_P1_1800s/stage2_300s.zip!/stage2_300s/family_004/candidate_036_seed_1995068975/summary.csv,仿真文件(1).zip!/仿真文件/仿真.zip!/仿真/DZ3_A0_Hunter_F1to10_C40_Final20_P1_1800s/stage2_300s/family_004/candidate_036_seed_1995068975/summary.csv,417f8f2754a33b530210041122c8848168078e95df01d54302e8a0bb120fbc24,PASS
仿真文件(1).zip!/仿真文件/仿真.zip!/仿真/DZ3_A0_Hunter_F1to10_C40_Final20_P1_1800s/stage2_300s.zip!/stage2_300s/family_004/candidate_036_seed_1995068975/gurobi_extensive.log,仿真文件(1).zip!/仿真文件/仿真.zip!/仿真/DZ3_A0_Hunter_F1to10_C40_Final20_P1_1800s/stage2_300s/family_004/candidate_036_seed_1995068975/gurobi_extensive.log,9f24fcd8100ea94ab3a99cf582c506ab2d402eeccdf40de25289c29457cfe41b,PASS
仿真文件(1).zip!/仿真文件/仿真.zip!/仿真/DZ3_A0_Hunter_F1to10_C40_Final20_P1_1800s/stage2_300s.zip!/stage2_300s/family_004/candidate_036_seed_1995068975/gurobi_baseline_log.json,仿真文件(1).zip!/仿真文件/仿真.zip!/仿真/DZ3_A0_Hunter_F1to10_C40_Final20_P1_1800s/stage2_300s/family_004/candidate_036_seed_1995068975/gurobi_baseline_log.json,c1db321786425c13edfe72989906708e98761f082fd54d1110803041ef385662,PASS
仿真文件(1).zip!/仿真文件/仿真.zip!/仿真/DZ3_A0_Hunter_F1to10_C40_Final20_P1_1800s/stage2_300s.zip!/stage2_300s/family_004/candidate_036_seed_1995068975/gurobi_baseline_log.csv,仿真文件(1).zip!/仿真文件/仿真.zip!/仿真/DZ3_A0_Hunter_F1to10_C40_Final20_P1_1800s/stage2_300s/family_004/candidate_036_seed_1995068975/gurobi_baseline_log.csv,417f8f2754a33b530210041122c8848168078e95df01d54302e8a0bb120fbc24,PASS
仿真文件(1).zip!/仿真文件/仿真.zip!/仿真/DZ3_A0_Hunter_F1to10_C40_Final20_P1_1800s/stage2_300s.zip!/stage2_300s/family_004/candidate_036_seed_1995068975/config.json,仿真文件(1).zip!/仿真文件/仿真.zip!/仿真/DZ3_A0_Hunter_F1to10_C40_Final20_P1_1800s/stage2_300s/family_004/candidate_036_seed_1995068975/config.json,1c4045428e5d36ad182930ca6e9b8c839bacd854bf8e88abd71c2f27dc80d038,PASS
仿真文件(1).zip!/仿真文件/仿真.zip!/仿真/DZ3_A0_Hunter_F1to10_C40_Final20_P1_1800s/stage2_300s.zip!/stage2_300s/family_004/candidate_005_seed_2019575648/instance_manifest.json,仿真文件(1).zip!/仿真文件/仿真.zip!/仿真/DZ3_A0_Hunter_F1to10_C40_Final20_P1_1800s/stage2_300s/family_004/candidate_005_seed_2019575648/instance_manifest.json,3b833ae50f38791d8bbc5e9cb645413addf2872246e5e2c26f5c50b5fe4462c1,PASS
仿真文件(1).zip!/仿真文件/仿真.zip!/仿真/DZ3_A0_Hunter_F1to10_C40_Final20_P1_1800s/stage2_300s.zip!/stage2_300s/family_004/candidate_005_seed_2019575648/command.txt,仿真文件(1).zip!/仿真文件/仿真.zip!/仿真/DZ3_A0_Hunter_F1to10_C40_Final20_P1_1800s/stage2_300s/family_004/candidate_005_seed_2019575648/command.txt,4815f8b1a377ba65195415260109f13f693e477b4b4bb3bfe6279c548d2079ad,PASS
仿真文件(1).zip!/仿真文件/仿真.zip!/仿真/DZ3_A0_Hunter_F1to10_C40_Final20_P1_1800s/stage2_300s.zip!/stage2_300s/family_004/candidate_005_seed_2019575648/all_algorithms_summary.csv,仿真文件(1).zip!/仿真文件/仿真.zip!/仿真/DZ3_A0_Hunter_F1to10_C40_Final20_P1_1800s/stage2_300s/family_004/candidate_005_seed_2019575648/all_algorithms_summary.csv,1be10dce3a5bed7593bddc0df088e65d705f96695c44d468c5d8760a7eba5632,PASS
仿真文件(1).zip!/仿真文件/仿真.zip!/仿真/DZ3_A0_Hunter_F1to10_C40_Final20_P1_1800s/stage2_300s.zip!/stage2_300s/family_004/candidate_005_seed_2019575648/gurobi_report.md,仿真文件(1).zip!/仿真文件/仿真.zip!/仿真/DZ3_A0_Hunter_F1to10_C40_Final20_P1_1800s/stage2_300s/family_004/candidate_005_seed_2019575648/gurobi_report.md,3cdad77779a0c78667e84dfa28a49c4601c87e208fd5124a7dbcd530d8972945,PASS
仿真文件(1).zip!/仿真文件/仿真.zip!/仿真/DZ3_A0_Hunter_F1to10_C40_Final20_P1_1800s/stage2_300s.zip!/stage2_300s/family_004/candidate_005_seed_2019575648/gurobi_summary.csv,仿真文件(1).zip!/仿真文件/仿真.zip!/仿真/DZ3_A0_Hunter_F1to10_C40_Final20_P1_1800s/stage2_300s/family_004/candidate_005_seed_2019575648/gurobi_summary.csv,1be10dce3a5bed7593bddc0df088e65d705f96695c44d468c5d8760a7eba5632,PASS
仿真文件(1).zip!/仿真文件/仿真.zip!/仿真/DZ3_A0_Hunter_F1to10_C40_Final20_P1_1800s/stage2_300s.zip!/stage2_300s/family_004/candidate_005_seed_2019575648/HUNTER_RESULT.json,仿真文件(1).zip!/仿真文件/仿真.zip!/仿真/DZ3_A0_Hunter_F1to10_C40_Final20_P1_1800s/stage2_300s/family_004/candidate_005_seed_2019575648/HUNTER_RESULT.json,8e0a08381878dd61ab0561d32126166ac3f8516c4e070aee7da54d1e21f7e413,PASS
仿真文件(1).zip!/仿真文件/仿真.zip!/仿真/DZ3_A0_Hunter_F1to10_C40_Final20_P1_1800s/stage2_300s.zip!/stage2_300s/family_004/candidate_005_seed_2019575648/hunter_child_console.log,仿真文件(1).zip!/仿真文件/仿真.zip!/仿真/DZ3_A0_Hunter_F1to10_C40_Final20_P1_1800s/stage2_300s/family_004/candidate_005_seed_2019575648/hunter_child_console.log,1af4ce214fe83edf9d74b51bbbf60d789a74bace8a28bcda75c2a16631ba1a99,PASS
仿真文件(1).zip!/仿真文件/仿真.zip!/仿真/DZ3_A0_Hunter_F1to10_C40_Final20_P1_1800s/stage2_300s.zip!/stage2_300s/family_004/candidate_005_seed_2019575648/run.log,仿真文件(1).zip!/仿真文件/仿真.zip!/仿真/DZ3_A0_Hunter_F1to10_C40_Final20_P1_1800s/stage2_300s/family_004/candidate_005_seed_2019575648/run.log,0c7b4b75a6e0158fa09c774e57b0caba2e001ee18c45d10ed448eee3c9d6470e,PASS
仿真文件(1).zip!/仿真文件/仿真.zip!/仿真/DZ3_A0_Hunter_F1to10_C40_Final20_P1_1800s/stage2_300s.zip!/stage2_300s/family_004/candidate_005_seed_2019575648/summary.csv,仿真文件(1).zip!/仿真文件/仿真.zip!/仿真/DZ3_A0_Hunter_F1to10_C40_Final20_P1_1800s/stage2_300s/family_004/candidate_005_seed_2019575648/summary.csv,1be10dce3a5bed7593bddc0df088e65d705f96695c44d468c5d8760a7eba5632,PASS
仿真文件(1).zip!/仿真文件/仿真.zip!/仿真/DZ3_A0_Hunter_F1to10_C40_Final20_P1_1800s/stage2_300s.zip!/stage2_300s/family_004/candidate_005_seed_2019575648/gurobi_extensive.log,仿真文件(1).zip!/仿真文件/仿真.zip!/仿真/DZ3_A0_Hunter_F1to10_C40_Final20_P1_1800s/stage2_300s/family_004/candidate_005_seed_2019575648/gurobi_extensive.log,ad1955faf26342ccd010d9033ce5b663fdb1d7a5eb458ef64ad0ca540a24e0ee,PASS
仿真文件(1).zip!/仿真文件/仿真.zip!/仿真/DZ3_A0_Hunter_F1to10_C40_Final20_P1_1800s/stage2_300s.zip!/stage2_300s/family_004/candidate_005_seed_2019575648/gurobi_baseline_log.json,仿真文件(1).zip!/仿真文件/仿真.zip!/仿真/DZ3_A0_Hunter_F1to10_C40_Final20_P1_1800s/stage2_300s/family_004/candidate_005_seed_2019575648/gurobi_baseline_log.json,7d2afaddfc5dbfae9c54d49c4f92a1ef7aed7b02061498d4f780d478a5bbee48,PASS
仿真文件(1).zip!/仿真文件/仿真.zip!/仿真/DZ3_A0_Hunter_F1to10_C40_Final20_P1_1800s/stage2_300s.zip!/stage2_300s/family_004/candidate_005_seed_2019575648/gurobi_baseline_log.csv,仿真文件(1).zip!/仿真文件/仿真.zip!/仿真/DZ3_A0_Hunter_F1to10_C40_Final20_P1_1800s/stage2_300s/family_004/candidate_005_seed_2019575648/gurobi_baseline_log.csv,1be10dce3a5bed7593bddc0df088e65d705f96695c44d468c5d8760a7eba5632,PASS
仿真文件(1).zip!/仿真文件/仿真.zip!/仿真/DZ3_A0_Hunter_F1to10_C40_Final20_P1_1800s/stage2_300s.zip!/stage2_300s/family_004/candidate_005_seed_2019575648/config.json,仿真文件(1).zip!/仿真文件/仿真.zip!/仿真/DZ3_A0_Hunter_F1to10_C40_Final20_P1_1800s/stage2_300s/family_004/candidate_005_seed_2019575648/config.json,5e34356fec0f6d855ef45fae351bbcf8b4ffe3ae567aa210f11ed47d415ec771,PASS
仿真文件(1).zip!/仿真文件/仿真.zip!/仿真/DZ3_A0_Hunter_F1to10_C40_Final20_P1_1800s/stage2_300s.zip!/stage2_300s/family_004/candidate_021_seed_726285598/instance_manifest.json,仿真文件(1).zip!/仿真文件/仿真.zip!/仿真/DZ3_A0_Hunter_F1to10_C40_Final20_P1_1800s/stage2_300s/family_004/candidate_021_seed_726285598/instance_manifest.json,6f609a50ddf9672e0098253c48888b4607882ed1f3fc928ad0b6f504e51f5963,PASS
仿真文件(1).zip!/仿真文件/仿真.zip!/仿真/DZ3_A0_Hunter_F1to10_C40_Final20_P1_1800s/stage2_300s.zip!/stage2_300s/family_004/candidate_021_seed_726285598/command.txt,仿真文件(1).zip!/仿真文件/仿真.zip!/仿真/DZ3_A0_Hunter_F1to10_C40_Final20_P1_1800s/stage2_300s/family_004/candidate_021_seed_726285598/command.txt,76eff619f500251e164454bbcec1284aed62c7d91fbf0ce0d7f3af736f3c6c4f,PASS
仿真文件(1).zip!/仿真文件/仿真.zip!/仿真/DZ3_A0_Hunter_F1to10_C40_Final20_P1_1800s/stage2_300s.zip!/stage2_300s/family_004/candidate_021_seed_726285598/all_algorithms_summary.csv,仿真文件(1).zip!/仿真文件/仿真.zip!/仿真/DZ3_A0_Hunter_F1to10_C40_Final20_P1_1800s/stage2_300s/family_004/candidate_021_seed_726285598/all_algorithms_summary.csv,debb1991fc7e8823f9146ad6dd371908fb93933c8c495a05f13f848168d27425,PASS
仿真文件(1).zip!/仿真文件/仿真.zip!/仿真/DZ3_A0_Hunter_F1to10_C40_Final20_P1_1800s/stage2_300s.zip!/stage2_300s/family_004/candidate_021_seed_726285598/gurobi_report.md,仿真文件(1).zip!/仿真文件/仿真.zip!/仿真/DZ3_A0_Hunter_F1to10_C40_Final20_P1_1800s/stage2_300s/family_004/candidate_021_seed_726285598/gurobi_report.md,5c6a79af195908e057b178efaa8f0f8b36c0f3782e904852937cf95807974bae,PASS
仿真文件(1).zip!/仿真文件/仿真.zip!/仿真/DZ3_A0_Hunter_F1to10_C40_Final20_P1_1800s/stage2_300s.zip!/stage2_300s/family_004/candidate_021_seed_726285598/gurobi_summary.csv,仿真文件(1).zip!/仿真文件/仿真.zip!/仿真/DZ3_A0_Hunter_F1to10_C40_Final20_P1_1800s/stage2_300s/family_004/candidate_021_seed_726285598/gurobi_summary.csv,debb1991fc7e8823f9146ad6dd371908fb93933c8c495a05f13f848168d27425,PASS
仿真文件(1).zip!/仿真文件/仿真.zip!/仿真/DZ3_A0_Hunter_F1to10_C40_Final20_P1_1800s/stage2_300s.zip!/stage2_300s/family_004/candidate_021_seed_726285598/HUNTER_RESULT.json,仿真文件(1).zip!/仿真文件/仿真.zip!/仿真/DZ3_A0_Hunter_F1to10_C40_Final20_P1_1800s/stage2_300s/family_004/candidate_021_seed_726285598/HUNTER_RESULT.json,f1b320fdef784ba1681f6b1670f9bc8593954dc66ff4c8c7123e348388baf2ea,PASS
仿真文件(1).zip!/仿真文件/仿真.zip!/仿真/DZ3_A0_Hunter_F1to10_C40_Final20_P1_1800s/stage2_300s.zip!/stage2_300s/family_004/candidate_021_seed_726285598/hunter_child_console.log,仿真文件(1).zip!/仿真文件/仿真.zip!/仿真/DZ3_A0_Hunter_F1to10_C40_Final20_P1_1800s/stage2_300s/family_004/candidate_021_seed_726285598/hunter_child_console.log,5d7d83515f107d3d94077b2eb7af1fe0e754dd0f2660ce9ce9d4bec0823105a3,PASS
仿真文件(1).zip!/仿真文件/仿真.zip!/仿真/DZ3_A0_Hunter_F1to10_C40_Final20_P1_1800s/stage2_300s.zip!/stage2_300s/family_004/candidate_021_seed_726285598/run.log,仿真文件(1).zip!/仿真文件/仿真.zip!/仿真/DZ3_A0_Hunter_F1to10_C40_Final20_P1_1800s/stage2_300s/family_004/candidate_021_seed_726285598/run.log,01be7b6bb20efaaf9f6f78dab73539674294197f276270ff88d91bf6f2376c48,PASS
仿真文件(1).zip!/仿真文件/仿真.zip!/仿真/DZ3_A0_Hunter_F1to10_C40_Final20_P1_1800s/stage2_300s.zip!/stage2_300s/family_004/candidate_021_seed_726285598/summary.csv,仿真文件(1).zip!/仿真文件/仿真.zip!/仿真/DZ3_A0_Hunter_F1to10_C40_Final20_P1_1800s/stage2_300s/family_004/candidate_021_seed_726285598/summary.csv,debb1991fc7e8823f9146ad6dd371908fb93933c8c495a05f13f848168d27425,PASS
仿真文件(1).zip!/仿真文件/仿真.zip!/仿真/DZ3_A0_Hunter_F1to10_C40_Final20_P1_1800s/stage2_300s.zip!/stage2_300s/family_004/candidate_021_seed_726285598/gurobi_extensive.log,仿真文件(1).zip!/仿真文件/仿真.zip!/仿真/DZ3_A0_Hunter_F1to10_C40_Final20_P1_1800s/stage2_300s/family_004/candidate_021_seed_726285598/gurobi_extensive.log,3de60b2d28a4249bee1998c9411a09f515e6585f4e0d129544c06fbd53793a3c,PASS
仿真文件(1).zip!/仿真文件/仿真.zip!/仿真/DZ3_A0_Hunter_F1to10_C40_Final20_P1_1800s/stage2_300s.zip!/stage2_300s/family_004/candidate_021_seed_726285598/gurobi_baseline_log.json,仿真文件(1).zip!/仿真文件/仿真.zip!/仿真/DZ3_A0_Hunter_F1to10_C40_Final20_P1_1800s/stage2_300s/family_004/candidate_021_seed_726285598/gurobi_baseline_log.json,c9b581fa959a5a97a72e1e405fadf90b15e6b016f6c5febd5971bfbde4c800e7,PASS
仿真文件(1).zip!/仿真文件/仿真.zip!/仿真/DZ3_A0_Hunter_F1to10_C40_Final20_P1_1800s/stage2_300s.zip!/stage2_300s/family_004/candidate_021_seed_726285598/gurobi_baseline_log.csv,仿真文件(1).zip!/仿真文件/仿真.zip!/仿真/DZ3_A0_Hunter_F1to10_C40_Final20_P1_1800s/stage2_300s/family_004/candidate_021_seed_726285598/gurobi_baseline_log.csv,debb1991fc7e8823f9146ad6dd371908fb93933c8c495a05f13f848168d27425,PASS
仿真文件(1).zip!/仿真文件/仿真.zip!/仿真/DZ3_A0_Hunter_F1to10_C40_Final20_P1_1800s/stage2_300s.zip!/stage2_300s/family_004/candidate_021_seed_726285598/config.json,仿真文件(1).zip!/仿真文件/仿真.zip!/仿真/DZ3_A0_Hunter_F1to10_C40_Final20_P1_1800s/stage2_300s/family_004/candidate_021_seed_726285598/config.json,c5b93177adaaf7b8183444b77edcbe1496c7bb8ad698e2088e010e25278ceadd,PASS
仿真文件(1).zip!/仿真文件/仿真.zip!/仿真/DZ3_A0_Hunter_F1to10_C40_Final20_P1_1800s/stage2_300s.zip!/stage2_300s/family_004/candidate_025_seed_1927500810/instance_manifest.json,仿真文件(1).zip!/仿真文件/仿真.zip!/仿真/DZ3_A0_Hunter_F1to10_C40_Final20_P1_1800s/stage2_300s/family_004/candidate_025_seed_1927500810/instance_manifest.json,31b09f0830834180bd5780c6eb9179d8372aaacafae4260ec1d8cc28c813307a,PASS
仿真文件(1).zip!/仿真文件/仿真.zip!/仿真/DZ3_A0_Hunter_F1to10_C40_Final20_P1_1800s/stage2_300s.zip!/stage2_300s/family_004/candidate_025_seed_1927500810/command.txt,仿真文件(1).zip!/仿真文件/仿真.zip!/仿真/DZ3_A0_Hunter_F1to10_C40_Final20_P1_1800s/stage2_300s/family_004/candidate_025_seed_1927500810/command.txt,872fc20f3546ad7e2c76f4e4d8f5c898b21eeb29997fb65034f2d0829e154621,PASS
仿真文件(1).zip!/仿真文件/仿真.zip!/仿真/DZ3_A0_Hunter_F1to10_C40_Final20_P1_1800s/stage2_300s.zip!/stage2_300s/family_004/candidate_025_seed_1927500810/all_algorithms_summary.csv,仿真文件(1).zip!/仿真文件/仿真.zip!/仿真/DZ3_A0_Hunter_F1to10_C40_Final20_P1_1800s/stage2_300s/family_004/candidate_025_seed_1927500810/all_algorithms_summary.csv,edb52a0fcada0a8ee972a37168e43a507f649d5dd762811a92283c5b4bce3ae9,PASS
仿真文件(1).zip!/仿真文件/仿真.zip!/仿真/DZ3_A0_Hunter_F1to10_C40_Final20_P1_1800s/stage2_300s.zip!/stage2_300s/family_004/candidate_025_seed_1927500810/gurobi_report.md,仿真文件(1).zip!/仿真文件/仿真.zip!/仿真/DZ3_A0_Hunter_F1to10_C40_Final20_P1_1800s/stage2_300s/family_004/candidate_025_seed_1927500810/gurobi_report.md,b434c96908661f0732884cf1e334a7c7a3899f1cdcc771e0d570d4c613e15119,PASS
仿真文件(1).zip!/仿真文件/仿真.zip!/仿真/DZ3_A0_Hunter_F1to10_C40_Final20_P1_1800s/stage2_300s.zip!/stage2_300s/family_004/candidate_025_seed_1927500810/gurobi_summary.csv,仿真文件(1).zip!/仿真文件/仿真.zip!/仿真/DZ3_A0_Hunter_F1to10_C40_Final20_P1_1800s/stage2_300s/family_004/candidate_025_seed_1927500810/gurobi_summary.csv,edb52a0fcada0a8ee972a37168e43a507f649d5dd762811a92283c5b4bce3ae9,PASS
仿真文件(1).zip!/仿真文件/仿真.zip!/仿真/DZ3_A0_Hunter_F1to10_C40_Final20_P1_1800s/stage2_300s.zip!/stage2_300s/family_004/candidate_025_seed_1927500810/HUNTER_RESULT.json,仿真文件(1).zip!/仿真文件/仿真.zip!/仿真/DZ3_A0_Hunter_F1to10_C40_Final20_P1_1800s/stage2_300s/family_004/candidate_025_seed_1927500810/HUNTER_RESULT.json,faf491c886ffdedbc570b314df82f0105bca0d32814b343b47999784c15515fb,PASS
仿真文件(1).zip!/仿真文件/仿真.zip!/仿真/DZ3_A0_Hunter_F1to10_C40_Final20_P1_1800s/stage2_300s.zip!/stage2_300s/family_004/candidate_025_seed_1927500810/hunter_child_console.log,仿真文件(1).zip!/仿真文件/仿真.zip!/仿真/DZ3_A0_Hunter_F1to10_C40_Final20_P1_1800s/stage2_300s/family_004/candidate_025_seed_1927500810/hunter_child_console.log,3f63248b8651c8bcd0f4d55b8cb830ea7bc473aec968e02e9ae6e6ed33c1ce59,PASS
仿真文件(1).zip!/仿真文件/仿真.zip!/仿真/DZ3_A0_Hunter_F1to10_C40_Final20_P1_1800s/stage2_300s.zip!/stage2_300s/family_004/candidate_025_seed_1927500810/run.log,仿真文件(1).zip!/仿真文件/仿真.zip!/仿真/DZ3_A0_Hunter_F1to10_C40_Final20_P1_1800s/stage2_300s/family_004/candidate_025_seed_1927500810/run.log,b2827aa68ce3c7e00253a392c9276e8829e7ad66dc31bce4f7f4628b0cbc500f,PASS
仿真文件(1).zip!/仿真文件/仿真.zip!/仿真/DZ3_A0_Hunter_F1to10_C40_Final20_P1_1800s/stage2_300s.zip!/stage2_300s/family_004/candidate_025_seed_1927500810/summary.csv,仿真文件(1).zip!/仿真文件/仿真.zip!/仿真/DZ3_A0_Hunter_F1to10_C40_Final20_P1_1800s/stage2_300s/family_004/candidate_025_seed_1927500810/summary.csv,edb52a0fcada0a8ee972a37168e43a507f649d5dd762811a92283c5b4bce3ae9,PASS
仿真文件(1).zip!/仿真文件/仿真.zip!/仿真/DZ3_A0_Hunter_F1to10_C40_Final20_P1_1800s/stage2_300s.zip!/stage2_300s/family_004/candidate_025_seed_1927500810/gurobi_extensive.log,仿真文件(1).zip!/仿真文件/仿真.zip!/仿真/DZ3_A0_Hunter_F1to10_C40_Final20_P1_1800s/stage2_300s/family_004/candidate_025_seed_1927500810/gurobi_extensive.log,69cfd2aa458c47246d92195f1eba79d8ebdda2941e3ceee0f254667ae99484df,PASS
仿真文件(1).zip!/仿真文件/仿真.zip!/仿真/DZ3_A0_Hunter_F1to10_C40_Final20_P1_1800s/stage2_300s.zip!/stage2_300s/family_004/candidate_025_seed_1927500810/gurobi_baseline_log.json,仿真文件(1).zip!/仿真文件/仿真.zip!/仿真/DZ3_A0_Hunter_F1to10_C40_Final20_P1_1800s/stage2_300s/family_004/candidate_025_seed_1927500810/gurobi_baseline_log.json,15616490b17841d0cd71cd65f37ff5aa03519d3928174870a961b78db76b8fcd,PASS
仿真文件(1).zip!/仿真文件/仿真.zip!/仿真/DZ3_A0_Hunter_F1to10_C40_Final20_P1_1800s/stage2_300s.zip!/stage2_300s/family_004/candidate_025_seed_1927500810/gurobi_baseline_log.csv,仿真文件(1).zip!/仿真文件/仿真.zip!/仿真/DZ3_A0_Hunter_F1to10_C40_Final20_P1_1800s/stage2_300s/family_004/candidate_025_seed_1927500810/gurobi_baseline_log.csv,edb52a0fcada0a8ee972a37168e43a507f649d5dd762811a92283c5b4bce3ae9,PASS
仿真文件(1).zip!/仿真文件/仿真.zip!/仿真/DZ3_A0_Hunter_F1to10_C40_Final20_P1_1800s/stage2_300s.zip!/stage2_300s/family_004/candidate_025_seed_1927500810/config.json,仿真文件(1).zip!/仿真文件/仿真.zip!/仿真/DZ3_A0_Hunter_F1to10_C40_Final20_P1_1800s/stage2_300s/family_004/candidate_025_seed_1927500810/config.json,5dddf642a126fc81574c3cef9b752998cded70e52af4ac22f3cbc65f37853108,PASS
仿真文件(1).zip!/仿真文件/仿真.zip!/仿真/DZ3_A0_Hunter_F1to10_C40_Final20_P1_1800s/stage2_300s.zip!/stage2_300s/family_004/candidate_018_seed_1871822497/instance_manifest.json,仿真文件(1).zip!/仿真文件/仿真.zip!/仿真/DZ3_A0_Hunter_F1to10_C40_Final20_P1_1800s/stage2_300s/family_004/candidate_018_seed_1871822497/instance_manifest.json,c8124157618d41a34eec2264f62e1b004f1f73fee69d80cac543bccc4f1764e6,PASS
仿真文件(1).zip!/仿真文件/仿真.zip!/仿真/DZ3_A0_Hunter_F1to10_C40_Final20_P1_1800s/stage2_300s.zip!/stage2_300s/family_004/candidate_018_seed_1871822497/command.txt,仿真文件(1).zip!/仿真文件/仿真.zip!/仿真/DZ3_A0_Hunter_F1to10_C40_Final20_P1_1800s/stage2_300s/family_004/candidate_018_seed_1871822497/command.txt,254634f28db0db4c48bb2dd89ad304ab7b3da1083c86d5b6d8f44e503e852633,PASS
仿真文件(1).zip!/仿真文件/仿真.zip!/仿真/DZ3_A0_Hunter_F1to10_C40_Final20_P1_1800s/stage2_300s.zip!/stage2_300s/family_004/candidate_018_seed_1871822497/all_algorithms_summary.csv,仿真文件(1).zip!/仿真文件/仿真.zip!/仿真/DZ3_A0_Hunter_F1to10_C40_Final20_P1_1800s/stage2_300s/family_004/candidate_018_seed_1871822497/all_algorithms_summary.csv,965cf43131795887081cfa24fc68b9dca419911597657a6d32edbdab79e6f332,PASS
仿真文件(1).zip!/仿真文件/仿真.zip!/仿真/DZ3_A0_Hunter_F1to10_C40_Final20_P1_1800s/stage2_300s.zip!/stage2_300s/family_004/candidate_018_seed_1871822497/gurobi_report.md,仿真文件(1).zip!/仿真文件/仿真.zip!/仿真/DZ3_A0_Hunter_F1to10_C40_Final20_P1_1800s/stage2_300s/family_004/candidate_018_seed_1871822497/gurobi_report.md,dbff43cc1b7f857fe20070322fed625d105890fe30911d6cf26ab10da986b8f1,PASS
仿真文件(1).zip!/仿真文件/仿真.zip!/仿真/DZ3_A0_Hunter_F1to10_C40_Final20_P1_1800s/stage2_300s.zip!/stage2_300s/family_004/candidate_018_seed_1871822497/gurobi_summary.csv,仿真文件(1).zip!/仿真文件/仿真.zip!/仿真/DZ3_A0_Hunter_F1to10_C40_Final20_P1_1800s/stage2_300s/family_004/candidate_018_seed_1871822497/gurobi_summary.csv,965cf43131795887081cfa24fc68b9dca419911597657a6d32edbdab79e6f332,PASS
仿真文件(1).zip!/仿真文件/仿真.zip!/仿真/DZ3_A0_Hunter_F1to10_C40_Final20_P1_1800s/stage2_300s.zip!/stage2_300s/family_004/candidate_018_seed_1871822497/HUNTER_RESULT.json,仿真文件(1).zip!/仿真文件/仿真.zip!/仿真/DZ3_A0_Hunter_F1to10_C40_Final20_P1_1800s/stage2_300s/family_004/candidate_018_seed_1871822497/HUNTER_RESULT.json,05c0c8d33ccefd7170d2f6d3ea78d2a63ec8266bc0e5eb67a838272322fcfed1,PASS
仿真文件(1).zip!/仿真文件/仿真.zip!/仿真/DZ3_A0_Hunter_F1to10_C40_Final20_P1_1800s/stage2_300s.zip!/stage2_300s/family_004/candidate_018_seed_1871822497/hunter_child_console.log,仿真文件(1).zip!/仿真文件/仿真.zip!/仿真/DZ3_A0_Hunter_F1to10_C40_Final20_P1_1800s/stage2_300s/family_004/candidate_018_seed_1871822497/hunter_child_console.log,335b3cb9dec6e922090bb74842d2f30c6d80f3dda3bd7d2cc6a741e028ca3100,PASS
仿真文件(1).zip!/仿真文件/仿真.zip!/仿真/DZ3_A0_Hunter_F1to10_C40_Final20_P1_1800s/stage2_300s.zip!/stage2_300s/family_004/candidate_018_seed_1871822497/run.log,仿真文件(1).zip!/仿真文件/仿真.zip!/仿真/DZ3_A0_Hunter_F1to10_C40_Final20_P1_1800s/stage2_300s/family_004/candidate_018_seed_1871822497/run.log,537b60b742307934818750b537d08ed91c46763ddeddedcba90f4d1d00ff1789,PASS
仿真文件(1).zip!/仿真文件/仿真.zip!/仿真/DZ3_A0_Hunter_F1to10_C40_Final20_P1_1800s/stage2_300s.zip!/stage2_300s/family_004/candidate_018_seed_1871822497/summary.csv,仿真文件(1).zip!/仿真文件/仿真.zip!/仿真/DZ3_A0_Hunter_F1to10_C40_Final20_P1_1800s/stage2_300s/family_004/candidate_018_seed_1871822497/summary.csv,965cf43131795887081cfa24fc68b9dca419911597657a6d32edbdab79e6f332,PASS
仿真文件(1).zip!/仿真文件/仿真.zip!/仿真/DZ3_A0_Hunter_F1to10_C40_Final20_P1_1800s/stage2_300s.zip!/stage2_300s/family_004/candidate_018_seed_1871822497/gurobi_extensive.log,仿真文件(1).zip!/仿真文件/仿真.zip!/仿真/DZ3_A0_Hunter_F1to10_C40_Final20_P1_1800s/stage2_300s/family_004/candidate_018_seed_1871822497/gurobi_extensive.log,09233c1c177b8152eda16c5ac65cc0194db45842db51b02508e7a5fa45caea30,PASS
仿真文件(1).zip!/仿真文件/仿真.zip!/仿真/DZ3_A0_Hunter_F1to10_C40_Final20_P1_1800s/stage2_300s.zip!/stage2_300s/family_004/candidate_018_seed_1871822497/gurobi_baseline_log.json,仿真文件(1).zip!/仿真文件/仿真.zip!/仿真/DZ3_A0_Hunter_F1to10_C40_Final20_P1_1800s/stage2_300s/family_004/candidate_018_seed_1871822497/gurobi_baseline_log.json,6bcbb4510138b4ef2758871c089d424015313f550d2867b0348df2e00e1bf587,PASS
仿真文件(1).zip!/仿真文件/仿真.zip!/仿真/DZ3_A0_Hunter_F1to10_C40_Final20_P1_1800s/stage2_300s.zip!/stage2_300s/family_004/candidate_018_seed_1871822497/gurobi_baseline_log.csv,仿真文件(1).zip!/仿真文件/仿真.zip!/仿真/DZ3_A0_Hunter_F1to10_C40_Final20_P1_1800s/stage2_300s/family_004/candidate_018_seed_1871822497/gurobi_baseline_log.csv,965cf43131795887081cfa24fc68b9dca419911597657a6d32edbdab79e6f332,PASS
仿真文件(1).zip!/仿真文件/仿真.zip!/仿真/DZ3_A0_Hunter_F1to10_C40_Final20_P1_1800s/stage2_300s.zip!/stage2_300s/family_004/candidate_018_seed_1871822497/config.json,仿真文件(1).zip!/仿真文件/仿真.zip!/仿真/DZ3_A0_Hunter_F1to10_C40_Final20_P1_1800s/stage2_300s/family_004/candidate_018_seed_1871822497/config.json,214736be35d32397c77b523c2808f8ac9f8e2505d4663bd76c024903a6d0b5cc,PASS
仿真文件(1).zip!/仿真文件/仿真.zip!/仿真/DZ3_A0_Hunter_F1to10_C40_Final20_P1_1800s/stage2_300s.zip!/stage2_300s/family_003/candidate_016_seed_343036706/instance_manifest.json,仿真文件(1).zip!/仿真文件/仿真.zip!/仿真/DZ3_A0_Hunter_F1to10_C40_Final20_P1_1800s/stage2_300s/family_003/candidate_016_seed_343036706/instance_manifest.json,d45be48619401e3bb79bd87478868b988d61c408a8b7eb89bf60b219d95b6611,PASS
仿真文件(1).zip!/仿真文件/仿真.zip!/仿真/DZ3_A0_Hunter_F1to10_C40_Final20_P1_1800s/stage2_300s.zip!/stage2_300s/family_003/candidate_016_seed_343036706/command.txt,仿真文件(1).zip!/仿真文件/仿真.zip!/仿真/DZ3_A0_Hunter_F1to10_C40_Final20_P1_1800s/stage2_300s/family_003/candidate_016_seed_343036706/command.txt,4d2687e0a18e284afe6c954bdd7d2c576983d4b1dc9b6f226437bc397aa415df,PASS
仿真文件(1).zip!/仿真文件/仿真.zip!/仿真/DZ3_A0_Hunter_F1to10_C40_Final20_P1_1800s/stage2_300s.zip!/stage2_300s/family_003/candidate_016_seed_343036706/all_algorithms_summary.csv,仿真文件(1).zip!/仿真文件/仿真.zip!/仿真/DZ3_A0_Hunter_F1to10_C40_Final20_P1_1800s/stage2_300s/family_003/candidate_016_seed_343036706/all_algorithms_summary.csv,4ea89eb713cd7b66a1ab9746ac97c09bda929dde1ea1a2a28c12b780f6282e48,PASS
仿真文件(1).zip!/仿真文件/仿真.zip!/仿真/DZ3_A0_Hunter_F1to10_C40_Final20_P1_1800s/stage2_300s.zip!/stage2_300s/family_003/candidate_016_seed_343036706/gurobi_report.md,仿真文件(1).zip!/仿真文件/仿真.zip!/仿真/DZ3_A0_Hunter_F1to10_C40_Final20_P1_1800s/stage2_300s/family_003/candidate_016_seed_343036706/gurobi_report.md,8679595c9061c0a6fcf665d02ab77e72092f157b27786cfcf3455eb5991fdc0a,PASS
仿真文件(1).zip!/仿真文件/仿真.zip!/仿真/DZ3_A0_Hunter_F1to10_C40_Final20_P1_1800s/stage2_300s.zip!/stage2_300s/family_003/candidate_016_seed_343036706/gurobi_summary.csv,仿真文件(1).zip!/仿真文件/仿真.zip!/仿真/DZ3_A0_Hunter_F1to10_C40_Final20_P1_1800s/stage2_300s/family_003/candidate_016_seed_343036706/gurobi_summary.csv,4ea89eb713cd7b66a1ab9746ac97c09bda929dde1ea1a2a28c12b780f6282e48,PASS
仿真文件(1).zip!/仿真文件/仿真.zip!/仿真/DZ3_A0_Hunter_F1to10_C40_Final20_P1_1800s/stage2_300s.zip!/stage2_300s/family_003/candidate_016_seed_343036706/HUNTER_RESULT.json,仿真文件(1).zip!/仿真文件/仿真.zip!/仿真/DZ3_A0_Hunter_F1to10_C40_Final20_P1_1800s/stage2_300s/family_003/candidate_016_seed_343036706/HUNTER_RESULT.json,8e0454d8e28bd66bf18823bc52fdf8d28613dd00ad4d0839ab59836b6704129c,PASS
仿真文件(1).zip!/仿真文件/仿真.zip!/仿真/DZ3_A0_Hunter_F1to10_C40_Final20_P1_1800s/stage2_300s.zip!/stage2_300s/family_003/candidate_016_seed_343036706/hunter_child_console.log,仿真文件(1).zip!/仿真文件/仿真.zip!/仿真/DZ3_A0_Hunter_F1to10_C40_Final20_P1_1800s/stage2_300s/family_003/candidate_016_seed_343036706/hunter_child_console.log,8221058e797c27ebd6b4c7ab20a481bf99783551dc426d555b2698aad408eb05,PASS
仿真文件(1).zip!/仿真文件/仿真.zip!/仿真/DZ3_A0_Hunter_F1to10_C40_Final20_P1_1800s/stage2_300s.zip!/stage2_300s/family_003/candidate_016_seed_343036706/run.log,仿真文件(1).zip!/仿真文件/仿真.zip!/仿真/DZ3_A0_Hunter_F1to10_C40_Final20_P1_1800s/stage2_300s/family_003/candidate_016_seed_343036706/run.log,549a20e79089fdcf81e5ef9631cfef6011278f10a5cdd914fbde335040f8c3d4,PASS
仿真文件(1).zip!/仿真文件/仿真.zip!/仿真/DZ3_A0_Hunter_F1to10_C40_Final20_P1_1800s/stage2_300s.zip!/stage2_300s/family_003/candidate_016_seed_343036706/summary.csv,仿真文件(1).zip!/仿真文件/仿真.zip!/仿真/DZ3_A0_Hunter_F1to10_C40_Final20_P1_1800s/stage2_300s/family_003/candidate_016_seed_343036706/summary.csv,4ea89eb713cd7b66a1ab9746ac97c09bda929dde1ea1a2a28c12b780f6282e48,PASS
仿真文件(1).zip!/仿真文件/仿真.zip!/仿真/DZ3_A0_Hunter_F1to10_C40_Final20_P1_1800s/stage2_300s.zip!/stage2_300s/family_003/candidate_016_seed_343036706/gurobi_extensive.log,仿真文件(1).zip!/仿真文件/仿真.zip!/仿真/DZ3_A0_Hunter_F1to10_C40_Final20_P1_1800s/stage2_300s/family_003/candidate_016_seed_343036706/gurobi_extensive.log,f2e9ef9fa9ae127147cde4f3cc8c2b72fd46803c4aeeb118a8c92665807e8ad4,PASS
仿真文件(1).zip!/仿真文件/仿真.zip!/仿真/DZ3_A0_Hunter_F1to10_C40_Final20_P1_1800s/stage2_300s.zip!/stage2_300s/family_003/candidate_016_seed_343036706/gurobi_baseline_log.json,仿真文件(1).zip!/仿真文件/仿真.zip!/仿真/DZ3_A0_Hunter_F1to10_C40_Final20_P1_1800s/stage2_300s/family_003/candidate_016_seed_343036706/gurobi_baseline_log.json,b231bdfb8809a04f54e248a0a664c96b25a6ee2b462654d8a76724a56400e530,PASS
仿真文件(1).zip!/仿真文件/仿真.zip!/仿真/DZ3_A0_Hunter_F1to10_C40_Final20_P1_1800s/stage2_300s.zip!/stage2_300s/family_003/candidate_016_seed_343036706/gurobi_baseline_log.csv,仿真文件(1).zip!/仿真文件/仿真.zip!/仿真/DZ3_A0_Hunter_F1to10_C40_Final20_P1_1800s/stage2_300s/family_003/candidate_016_seed_343036706/gurobi_baseline_log.csv,4ea89eb713cd7b66a1ab9746ac97c09bda929dde1ea1a2a28c12b780f6282e48,PASS
仿真文件(1).zip!/仿真文件/仿真.zip!/仿真/DZ3_A0_Hunter_F1to10_C40_Final20_P1_1800s/stage2_300s.zip!/stage2_300s/family_003/candidate_016_seed_343036706/config.json,仿真文件(1).zip!/仿真文件/仿真.zip!/仿真/DZ3_A0_Hunter_F1to10_C40_Final20_P1_1800s/stage2_300s/family_003/candidate_016_seed_343036706/config.json,e5c59df23970bb5f4ad76e5d5e772c07abe0f6ad128cc077a522dc4a0d69e38e,PASS
仿真文件(1).zip!/仿真文件/仿真.zip!/仿真/DZ3_A0_Hunter_F1to10_C40_Final20_P1_1800s/stage2_300s.zip!/stage2_300s/family_003/candidate_033_seed_1688352591/instance_manifest.json,仿真文件(1).zip!/仿真文件/仿真.zip!/仿真/DZ3_A0_Hunter_F1to10_C40_Final20_P1_1800s/stage2_300s/family_003/candidate_033_seed_1688352591/instance_manifest.json,0a22b0c5cf553667c8c25fb9978f9688ded19cfc6d9e2b7036e8050e5685a170,PASS
仿真文件(1).zip!/仿真文件/仿真.zip!/仿真/DZ3_A0_Hunter_F1to10_C40_Final20_P1_1800s/stage2_300s.zip!/stage2_300s/family_003/candidate_033_seed_1688352591/command.txt,仿真文件(1).zip!/仿真文件/仿真.zip!/仿真/DZ3_A0_Hunter_F1to10_C40_Final20_P1_1800s/stage2_300s/family_003/candidate_033_seed_1688352591/command.txt,9a0eba0bdfbe13c70500ebf9737b9bae25182a6d705d87c7a1b6dfc8589db431,PASS
仿真文件(1).zip!/仿真文件/仿真.zip!/仿真/DZ3_A0_Hunter_F1to10_C40_Final20_P1_1800s/stage2_300s.zip!/stage2_300s/family_003/candidate_033_seed_1688352591/all_algorithms_summary.csv,仿真文件(1).zip!/仿真文件/仿真.zip!/仿真/DZ3_A0_Hunter_F1to10_C40_Final20_P1_1800s/stage2_300s/family_003/candidate_033_seed_1688352591/all_algorithms_summary.csv,4dc3e40a8cb840e8461694273e9daeca74ede2614e3531f3ff23a2af9da4d7b0,PASS
仿真文件(1).zip!/仿真文件/仿真.zip!/仿真/DZ3_A0_Hunter_F1to10_C40_Final20_P1_1800s/stage2_300s.zip!/stage2_300s/family_003/candidate_033_seed_1688352591/gurobi_report.md,仿真文件(1).zip!/仿真文件/仿真.zip!/仿真/DZ3_A0_Hunter_F1to10_C40_Final20_P1_1800s/stage2_300s/family_003/candidate_033_seed_1688352591/gurobi_report.md,02137610790fd9a0630e64550db40f88a260b12b6beb8ed0223507310c0f1bc4,PASS
仿真文件(1).zip!/仿真文件/仿真.zip!/仿真/DZ3_A0_Hunter_F1to10_C40_Final20_P1_1800s/stage2_300s.zip!/stage2_300s/family_003/candidate_033_seed_1688352591/gurobi_summary.csv,仿真文件(1).zip!/仿真文件/仿真.zip!/仿真/DZ3_A0_Hunter_F1to10_C40_Final20_P1_1800s/stage2_300s/family_003/candidate_033_seed_1688352591/gurobi_summary.csv,4dc3e40a8cb840e8461694273e9daeca74ede2614e3531f3ff23a2af9da4d7b0,PASS
仿真文件(1).zip!/仿真文件/仿真.zip!/仿真/DZ3_A0_Hunter_F1to10_C40_Final20_P1_1800s/stage2_300s.zip!/stage2_300s/family_003/candidate_033_seed_1688352591/HUNTER_RESULT.json,仿真文件(1).zip!/仿真文件/仿真.zip!/仿真/DZ3_A0_Hunter_F1to10_C40_Final20_P1_1800s/stage2_300s/family_003/candidate_033_seed_1688352591/HUNTER_RESULT.json,ce24ee3c292d2a2271b1266614129a32e410d55751c3969d947b58914cf50e12,PASS
仿真文件(1).zip!/仿真文件/仿真.zip!/仿真/DZ3_A0_Hunter_F1to10_C40_Final20_P1_1800s/stage2_300s.zip!/stage2_300s/family_003/candidate_033_seed_1688352591/hunter_child_console.log,仿真文件(1).zip!/仿真文件/仿真.zip!/仿真/DZ3_A0_Hunter_F1to10_C40_Final20_P1_1800s/stage2_300s/family_003/candidate_033_seed_1688352591/hunter_child_console.log,a6f03d7754eb8805c1092befa6635a2d1b09317d9cb9bafde45cb0bca4881a91,PASS
仿真文件(1).zip!/仿真文件/仿真.zip!/仿真/DZ3_A0_Hunter_F1to10_C40_Final20_P1_1800s/stage2_300s.zip!/stage2_300s/family_003/candidate_033_seed_1688352591/run.log,仿真文件(1).zip!/仿真文件/仿真.zip!/仿真/DZ3_A0_Hunter_F1to10_C40_Final20_P1_1800s/stage2_300s/family_003/candidate_033_seed_1688352591/run.log,dee739cea2ac0e1da40d5028c46af92d049813d51dfafcfc9791b045e4e0938f,PASS
仿真文件(1).zip!/仿真文件/仿真.zip!/仿真/DZ3_A0_Hunter_F1to10_C40_Final20_P1_1800s/stage2_300s.zip!/stage2_300s/family_003/candidate_033_seed_1688352591/summary.csv,仿真文件(1).zip!/仿真文件/仿真.zip!/仿真/DZ3_A0_Hunter_F1to10_C40_Final20_P1_1800s/stage2_300s/family_003/candidate_033_seed_1688352591/summary.csv,4dc3e40a8cb840e8461694273e9daeca74ede2614e3531f3ff23a2af9da4d7b0,PASS
仿真文件(1).zip!/仿真文件/仿真.zip!/仿真/DZ3_A0_Hunter_F1to10_C40_Final20_P1_1800s/stage2_300s.zip!/stage2_300s/family_003/candidate_033_seed_1688352591/gurobi_extensive.log,仿真文件(1).zip!/仿真文件/仿真.zip!/仿真/DZ3_A0_Hunter_F1to10_C40_Final20_P1_1800s/stage2_300s/family_003/candidate_033_seed_1688352591/gurobi_extensive.log,cf5dbb49152491dffa24c895151e4c39732a4f0438aa9e76827f86295a843a10,PASS
仿真文件(1).zip!/仿真文件/仿真.zip!/仿真/DZ3_A0_Hunter_F1to10_C40_Final20_P1_1800s/stage2_300s.zip!/stage2_300s/family_003/candidate_033_seed_1688352591/gurobi_baseline_log.json,仿真文件(1).zip!/仿真文件/仿真.zip!/仿真/DZ3_A0_Hunter_F1to10_C40_Final20_P1_1800s/stage2_300s/family_003/candidate_033_seed_1688352591/gurobi_baseline_log.json,24fe8303d39d3a19817c26865563eb9a16fe41f682914ee48121a4b911dc26e0,PASS
仿真文件(1).zip!/仿真文件/仿真.zip!/仿真/DZ3_A0_Hunter_F1to10_C40_Final20_P1_1800s/stage2_300s.zip!/stage2_300s/family_003/candidate_033_seed_1688352591/gurobi_baseline_log.csv,仿真文件(1).zip!/仿真文件/仿真.zip!/仿真/DZ3_A0_Hunter_F1to10_C40_Final20_P1_1800s/stage2_300s/family_003/candidate_033_seed_1688352591/gurobi_baseline_log.csv,4dc3e40a8cb840e8461694273e9daeca74ede2614e3531f3ff23a2af9da4d7b0,PASS
仿真文件(1).zip!/仿真文件/仿真.zip!/仿真/DZ3_A0_Hunter_F1to10_C40_Final20_P1_1800s/stage2_300s.zip!/stage2_300s/family_003/candidate_033_seed_1688352591/config.json,仿真文件(1).zip!/仿真文件/仿真.zip!/仿真/DZ3_A0_Hunter_F1to10_C40_Final20_P1_1800s/stage2_300s/family_003/candidate_033_seed_1688352591/config.json,25add8fe677c854e75c14efc98cc688d7fdf005f657cbc6915f9638176c64819,PASS
仿真文件(1).zip!/仿真文件/仿真.zip!/仿真/DZ3_A0_Hunter_F1to10_C40_Final20_P1_1800s/stage2_300s.zip!/stage2_300s/family_003/candidate_018_seed_1577492419/instance_manifest.json,仿真文件(1).zip!/仿真文件/仿真.zip!/仿真/DZ3_A0_Hunter_F1to10_C40_Final20_P1_1800s/stage2_300s/family_003/candidate_018_seed_1577492419/instance_manifest.json,e84ae55a4d45941025a7b151e8bc041c9fa863b96fb5a55fe483627ca08d1fc4,PASS
仿真文件(1).zip!/仿真文件/仿真.zip!/仿真/DZ3_A0_Hunter_F1to10_C40_Final20_P1_1800s/stage2_300s.zip!/stage2_300s/family_003/candidate_018_seed_1577492419/command.txt,仿真文件(1).zip!/仿真文件/仿真.zip!/仿真/DZ3_A0_Hunter_F1to10_C40_Final20_P1_1800s/stage2_300s/family_003/candidate_018_seed_1577492419/command.txt,a01f82a2c7bdcf9f20ed5d7ef10556eb6f7a7030b61f8b2a48ca0d581cfb8e12,PASS
仿真文件(1).zip!/仿真文件/仿真.zip!/仿真/DZ3_A0_Hunter_F1to10_C40_Final20_P1_1800s/stage2_300s.zip!/stage2_300s/family_003/candidate_018_seed_1577492419/all_algorithms_summary.csv,仿真文件(1).zip!/仿真文件/仿真.zip!/仿真/DZ3_A0_Hunter_F1to10_C40_Final20_P1_1800s/stage2_300s/family_003/candidate_018_seed_1577492419/all_algorithms_summary.csv,0d609defc803c8fc2904b0b1204c4283be316a8b3225b0a57256a013fa554d47,PASS
仿真文件(1).zip!/仿真文件/仿真.zip!/仿真/DZ3_A0_Hunter_F1to10_C40_Final20_P1_1800s/stage2_300s.zip!/stage2_300s/family_003/candidate_018_seed_1577492419/gurobi_report.md,仿真文件(1).zip!/仿真文件/仿真.zip!/仿真/DZ3_A0_Hunter_F1to10_C40_Final20_P1_1800s/stage2_300s/family_003/candidate_018_seed_1577492419/gurobi_report.md,20764281a1fa379ca5677d34b5a241623f004bfd0559b45c68bbcac5eb0e9592,PASS
仿真文件(1).zip!/仿真文件/仿真.zip!/仿真/DZ3_A0_Hunter_F1to10_C40_Final20_P1_1800s/stage2_300s.zip!/stage2_300s/family_003/candidate_018_seed_1577492419/gurobi_summary.csv,仿真文件(1).zip!/仿真文件/仿真.zip!/仿真/DZ3_A0_Hunter_F1to10_C40_Final20_P1_1800s/stage2_300s/family_003/candidate_018_seed_1577492419/gurobi_summary.csv,0d609defc803c8fc2904b0b1204c4283be316a8b3225b0a57256a013fa554d47,PASS
仿真文件(1).zip!/仿真文件/仿真.zip!/仿真/DZ3_A0_Hunter_F1to10_C40_Final20_P1_1800s/stage2_300s.zip!/stage2_300s/family_003/candidate_018_seed_1577492419/HUNTER_RESULT.json,仿真文件(1).zip!/仿真文件/仿真.zip!/仿真/DZ3_A0_Hunter_F1to10_C40_Final20_P1_1800s/stage2_300s/family_003/candidate_018_seed_1577492419/HUNTER_RESULT.json,21a60206d6bc6d41bce8925f96e6d5bf3a3adcad463873555131343b5ca7e76b,PASS
仿真文件(1).zip!/仿真文件/仿真.zip!/仿真/DZ3_A0_Hunter_F1to10_C40_Final20_P1_1800s/stage2_300s.zip!/stage2_300s/family_003/candidate_018_seed_1577492419/hunter_child_console.log,仿真文件(1).zip!/仿真文件/仿真.zip!/仿真/DZ3_A0_Hunter_F1to10_C40_Final20_P1_1800s/stage2_300s/family_003/candidate_018_seed_1577492419/hunter_child_console.log,bd79feb105ebffba967ab4ad39be80f773666fd487900e5ed17c6c7cb4701163,PASS
仿真文件(1).zip!/仿真文件/仿真.zip!/仿真/DZ3_A0_Hunter_F1to10_C40_Final20_P1_1800s/stage2_300s.zip!/stage2_300s/family_003/candidate_018_seed_1577492419/run.log,仿真文件(1).zip!/仿真文件/仿真.zip!/仿真/DZ3_A0_Hunter_F1to10_C40_Final20_P1_1800s/stage2_300s/family_003/candidate_018_seed_1577492419/run.log,6c0c793c5f2943325e3d5662cb1e373601faf60f53826975ab5137201d18f3c3,PASS
仿真文件(1).zip!/仿真文件/仿真.zip!/仿真/DZ3_A0_Hunter_F1to10_C40_Final20_P1_1800s/stage2_300s.zip!/stage2_300s/family_003/candidate_018_seed_1577492419/summary.csv,仿真文件(1).zip!/仿真文件/仿真.zip!/仿真/DZ3_A0_Hunter_F1to10_C40_Final20_P1_1800s/stage2_300s/family_003/candidate_018_seed_1577492419/summary.csv,0d609defc803c8fc2904b0b1204c4283be316a8b3225b0a57256a013fa554d47,PASS
仿真文件(1).zip!/仿真文件/仿真.zip!/仿真/DZ3_A0_Hunter_F1to10_C40_Final20_P1_1800s/stage2_300s.zip!/stage2_300s/family_003/candidate_018_seed_1577492419/gurobi_extensive.log,仿真文件(1).zip!/仿真文件/仿真.zip!/仿真/DZ3_A0_Hunter_F1to10_C40_Final20_P1_1800s/stage2_300s/family_003/candidate_018_seed_1577492419/gurobi_extensive.log,a2cae06d92b1f520af7aee384441513d7e72cded278627f5c239207c2a590ab7,PASS
仿真文件(1).zip!/仿真文件/仿真.zip!/仿真/DZ3_A0_Hunter_F1to10_C40_Final20_P1_1800s/stage2_300s.zip!/stage2_300s/family_003/candidate_018_seed_1577492419/gurobi_baseline_log.json,仿真文件(1).zip!/仿真文件/仿真.zip!/仿真/DZ3_A0_Hunter_F1to10_C40_Final20_P1_1800s/stage2_300s/family_003/candidate_018_seed_1577492419/gurobi_baseline_log.json,701ff50b5c28e85a7824facf71bd4fc116ad29d8cf43b6f835204a0db7ca400c,PASS
仿真文件(1).zip!/仿真文件/仿真.zip!/仿真/DZ3_A0_Hunter_F1to10_C40_Final20_P1_1800s/stage2_300s.zip!/stage2_300s/family_003/candidate_018_seed_1577492419/gurobi_baseline_log.csv,仿真文件(1).zip!/仿真文件/仿真.zip!/仿真/DZ3_A0_Hunter_F1to10_C40_Final20_P1_1800s/stage2_300s/family_003/candidate_018_seed_1577492419/gurobi_baseline_log.csv,0d609defc803c8fc2904b0b1204c4283be316a8b3225b0a57256a013fa554d47,PASS
仿真文件(1).zip!/仿真文件/仿真.zip!/仿真/DZ3_A0_Hunter_F1to10_C40_Final20_P1_1800s/stage2_300s.zip!/stage2_300s/family_003/candidate_018_seed_1577492419/config.json,仿真文件(1).zip!/仿真文件/仿真.zip!/仿真/DZ3_A0_Hunter_F1to10_C40_Final20_P1_1800s/stage2_300s/family_003/candidate_018_seed_1577492419/config.json,37c31927e6d2d2a9887afdd88aa40dd8958dbb21f078d8bd3f6ba377332f4621,PASS
仿真文件(1).zip!/仿真文件/仿真.zip!/仿真/DZ3_A0_Hunter_F1to10_C40_Final20_P1_1800s/stage2_300s.zip!/stage2_300s/family_003/candidate_015_seed_568628368/instance_manifest.json,仿真文件(1).zip!/仿真文件/仿真.zip!/仿真/DZ3_A0_Hunter_F1to10_C40_Final20_P1_1800s/stage2_300s/family_003/candidate_015_seed_568628368/instance_manifest.json,916f56a9b211b8810112bc9e355d425ecc320c9dcac9098b84f3cd3117b701d1,PASS
仿真文件(1).zip!/仿真文件/仿真.zip!/仿真/DZ3_A0_Hunter_F1to10_C40_Final20_P1_1800s/stage2_300s.zip!/stage2_300s/family_003/candidate_015_seed_568628368/command.txt,仿真文件(1).zip!/仿真文件/仿真.zip!/仿真/DZ3_A0_Hunter_F1to10_C40_Final20_P1_1800s/stage2_300s/family_003/candidate_015_seed_568628368/command.txt,8108bf3dfe72273a6605fce08f67f91f4bd80cd95db40fa2ff03f74b431e4912,PASS
仿真文件(1).zip!/仿真文件/仿真.zip!/仿真/DZ3_A0_Hunter_F1to10_C40_Final20_P1_1800s/stage2_300s.zip!/stage2_300s/family_003/candidate_015_seed_568628368/all_algorithms_summary.csv,仿真文件(1).zip!/仿真文件/仿真.zip!/仿真/DZ3_A0_Hunter_F1to10_C40_Final20_P1_1800s/stage2_300s/family_003/candidate_015_seed_568628368/all_algorithms_summary.csv,df4ce705df82334e4219b93fb3ba67b0c362b479cc86dfa3c7f93bc5b4bf2a4d,PASS
仿真文件(1).zip!/仿真文件/仿真.zip!/仿真/DZ3_A0_Hunter_F1to10_C40_Final20_P1_1800s/stage2_300s.zip!/stage2_300s/family_003/candidate_015_seed_568628368/gurobi_report.md,仿真文件(1).zip!/仿真文件/仿真.zip!/仿真/DZ3_A0_Hunter_F1to10_C40_Final20_P1_1800s/stage2_300s/family_003/candidate_015_seed_568628368/gurobi_report.md,8c53a9fb2276be412c406de4a11725ece22aea36c620802cf3e48f245b70ee74,PASS
仿真文件(1).zip!/仿真文件/仿真.zip!/仿真/DZ3_A0_Hunter_F1to10_C40_Final20_P1_1800s/stage2_300s.zip!/stage2_300s/family_003/candidate_015_seed_568628368/gurobi_summary.csv,仿真文件(1).zip!/仿真文件/仿真.zip!/仿真/DZ3_A0_Hunter_F1to10_C40_Final20_P1_1800s/stage2_300s/family_003/candidate_015_seed_568628368/gurobi_summary.csv,df4ce705df82334e4219b93fb3ba67b0c362b479cc86dfa3c7f93bc5b4bf2a4d,PASS
仿真文件(1).zip!/仿真文件/仿真.zip!/仿真/DZ3_A0_Hunter_F1to10_C40_Final20_P1_1800s/stage2_300s.zip!/stage2_300s/family_003/candidate_015_seed_568628368/HUNTER_RESULT.json,仿真文件(1).zip!/仿真文件/仿真.zip!/仿真/DZ3_A0_Hunter_F1to10_C40_Final20_P1_1800s/stage2_300s/family_003/candidate_015_seed_568628368/HUNTER_RESULT.json,c85f13ea224eaff6bfec6bbac231b2c350844dd8673e3f23c67f04b181284a1e,PASS
仿真文件(1).zip!/仿真文件/仿真.zip!/仿真/DZ3_A0_Hunter_F1to10_C40_Final20_P1_1800s/stage2_300s.zip!/stage2_300s/family_003/candidate_015_seed_568628368/hunter_child_console.log,仿真文件(1).zip!/仿真文件/仿真.zip!/仿真/DZ3_A0_Hunter_F1to10_C40_Final20_P1_1800s/stage2_300s/family_003/candidate_015_seed_568628368/hunter_child_console.log,b6496c6c6dccb9ba4de5d1d0bad62dfd49ced8e3e3f480f68cf9f31dd45a9551,PASS
仿真文件(1).zip!/仿真文件/仿真.zip!/仿真/DZ3_A0_Hunter_F1to10_C40_Final20_P1_1800s/stage2_300s.zip!/stage2_300s/family_003/candidate_015_seed_568628368/run.log,仿真文件(1).zip!/仿真文件/仿真.zip!/仿真/DZ3_A0_Hunter_F1to10_C40_Final20_P1_1800s/stage2_300s/family_003/candidate_015_seed_568628368/run.log,8c11cfdce1a87bb19b44163d8229e9176535bd84f228e31906cec37a860c3b0d,PASS
仿真文件(1).zip!/仿真文件/仿真.zip!/仿真/DZ3_A0_Hunter_F1to10_C40_Final20_P1_1800s/stage2_300s.zip!/stage2_300s/family_003/candidate_015_seed_568628368/summary.csv,仿真文件(1).zip!/仿真文件/仿真.zip!/仿真/DZ3_A0_Hunter_F1to10_C40_Final20_P1_1800s/stage2_300s/family_003/candidate_015_seed_568628368/summary.csv,df4ce705df82334e4219b93fb3ba67b0c362b479cc86dfa3c7f93bc5b4bf2a4d,PASS
仿真文件(1).zip!/仿真文件/仿真.zip!/仿真/DZ3_A0_Hunter_F1to10_C40_Final20_P1_1800s/stage2_300s.zip!/stage2_300s/family_003/candidate_015_seed_568628368/gurobi_extensive.log,仿真文件(1).zip!/仿真文件/仿真.zip!/仿真/DZ3_A0_Hunter_F1to10_C40_Final20_P1_1800s/stage2_300s/family_003/candidate_015_seed_568628368/gurobi_extensive.log,fd038cc0ae182cb536b8a04af3ded7bb2a9317a838117719739d25b6b25dda0e,PASS
仿真文件(1).zip!/仿真文件/仿真.zip!/仿真/DZ3_A0_Hunter_F1to10_C40_Final20_P1_1800s/stage2_300s.zip!/stage2_300s/family_003/candidate_015_seed_568628368/gurobi_baseline_log.json,仿真文件(1).zip!/仿真文件/仿真.zip!/仿真/DZ3_A0_Hunter_F1to10_C40_Final20_P1_1800s/stage2_300s/family_003/candidate_015_seed_568628368/gurobi_baseline_log.json,6a87f06a4f5c9c1782cbfdb1fbec56c889a604f29ee82e2ca166caa68e9993df,PASS
仿真文件(1).zip!/仿真文件/仿真.zip!/仿真/DZ3_A0_Hunter_F1to10_C40_Final20_P1_1800s/stage2_300s.zip!/stage2_300s/family_003/candidate_015_seed_568628368/gurobi_baseline_log.csv,仿真文件(1).zip!/仿真文件/仿真.zip!/仿真/DZ3_A0_Hunter_F1to10_C40_Final20_P1_1800s/stage2_300s/family_003/candidate_015_seed_568628368/gurobi_baseline_log.csv,df4ce705df82334e4219b93fb3ba67b0c362b479cc86dfa3c7f93bc5b4bf2a4d,PASS
仿真文件(1).zip!/仿真文件/仿真.zip!/仿真/DZ3_A0_Hunter_F1to10_C40_Final20_P1_1800s/stage2_300s.zip!/stage2_300s/family_003/candidate_015_seed_568628368/config.json,仿真文件(1).zip!/仿真文件/仿真.zip!/仿真/DZ3_A0_Hunter_F1to10_C40_Final20_P1_1800s/stage2_300s/family_003/candidate_015_seed_568628368/config.json,3fe2d725fb7116be120eb5d8d73fe30e717e7b76e9207b5e56080628fcab85c8,PASS
仿真文件(1).zip!/仿真文件/仿真.zip!/仿真/DZ3_A0_Hunter_F1to10_C40_Final20_P1_1800s/stage2_300s.zip!/stage2_300s/family_003/candidate_037_seed_1396642889/instance_manifest.json,仿真文件(1).zip!/仿真文件/仿真.zip!/仿真/DZ3_A0_Hunter_F1to10_C40_Final20_P1_1800s/stage2_300s/family_003/candidate_037_seed_1396642889/instance_manifest.json,4260cac217a3a1a98c861da836cce48ba83dba58fd8106c19801255be16f183b,PASS
仿真文件(1).zip!/仿真文件/仿真.zip!/仿真/DZ3_A0_Hunter_F1to10_C40_Final20_P1_1800s/stage2_300s.zip!/stage2_300s/family_003/candidate_037_seed_1396642889/command.txt,仿真文件(1).zip!/仿真文件/仿真.zip!/仿真/DZ3_A0_Hunter_F1to10_C40_Final20_P1_1800s/stage2_300s/family_003/candidate_037_seed_1396642889/command.txt,d79b5dc43644eadb2b05c3d552adc42860b5772df93b330ad809aae065330227,PASS
仿真文件(1).zip!/仿真文件/仿真.zip!/仿真/DZ3_A0_Hunter_F1to10_C40_Final20_P1_1800s/stage2_300s.zip!/stage2_300s/family_003/candidate_037_seed_1396642889/all_algorithms_summary.csv,仿真文件(1).zip!/仿真文件/仿真.zip!/仿真/DZ3_A0_Hunter_F1to10_C40_Final20_P1_1800s/stage2_300s/family_003/candidate_037_seed_1396642889/all_algorithms_summary.csv,08f2ef861c15086c3407822f94850b9c8c1cb14d8a335cac94889af5927ba798,PASS
仿真文件(1).zip!/仿真文件/仿真.zip!/仿真/DZ3_A0_Hunter_F1to10_C40_Final20_P1_1800s/stage2_300s.zip!/stage2_300s/family_003/candidate_037_seed_1396642889/gurobi_report.md,仿真文件(1).zip!/仿真文件/仿真.zip!/仿真/DZ3_A0_Hunter_F1to10_C40_Final20_P1_1800s/stage2_300s/family_003/candidate_037_seed_1396642889/gurobi_report.md,61cce5550dbea6ef0c6d8dc393dd80e4e7b470e453ddb65ad09e7d438e646d48,PASS
仿真文件(1).zip!/仿真文件/仿真.zip!/仿真/DZ3_A0_Hunter_F1to10_C40_Final20_P1_1800s/stage2_300s.zip!/stage2_300s/family_003/candidate_037_seed_1396642889/gurobi_summary.csv,仿真文件(1).zip!/仿真文件/仿真.zip!/仿真/DZ3_A0_Hunter_F1to10_C40_Final20_P1_1800s/stage2_300s/family_003/candidate_037_seed_1396642889/gurobi_summary.csv,08f2ef861c15086c3407822f94850b9c8c1cb14d8a335cac94889af5927ba798,PASS
仿真文件(1).zip!/仿真文件/仿真.zip!/仿真/DZ3_A0_Hunter_F1to10_C40_Final20_P1_1800s/stage2_300s.zip!/stage2_300s/family_003/candidate_037_seed_1396642889/HUNTER_RESULT.json,仿真文件(1).zip!/仿真文件/仿真.zip!/仿真/DZ3_A0_Hunter_F1to10_C40_Final20_P1_1800s/stage2_300s/family_003/candidate_037_seed_1396642889/HUNTER_RESULT.json,09cfc04041422b32e6087df8c6eeb7e2c157efaf8aabc8cd3cc7fb05f1b5fafb,PASS
仿真文件(1).zip!/仿真文件/仿真.zip!/仿真/DZ3_A0_Hunter_F1to10_C40_Final20_P1_1800s/stage2_300s.zip!/stage2_300s/family_003/candidate_037_seed_1396642889/hunter_child_console.log,仿真文件(1).zip!/仿真文件/仿真.zip!/仿真/DZ3_A0_Hunter_F1to10_C40_Final20_P1_1800s/stage2_300s/family_003/candidate_037_seed_1396642889/hunter_child_console.log,c78f79f22237da4d803450b5af96da2558291c8c7a934c4ce950b3361bbc8d5f,PASS
仿真文件(1).zip!/仿真文件/仿真.zip!/仿真/DZ3_A0_Hunter_F1to10_C40_Final20_P1_1800s/stage2_300s.zip!/stage2_300s/family_003/candidate_037_seed_1396642889/run.log,仿真文件(1).zip!/仿真文件/仿真.zip!/仿真/DZ3_A0_Hunter_F1to10_C40_Final20_P1_1800s/stage2_300s/family_003/candidate_037_seed_1396642889/run.log,1c68f603fe5cc6e868db3f787cd3015afbd84145f1bec4386b68adcf0f366106,PASS
仿真文件(1).zip!/仿真文件/仿真.zip!/仿真/DZ3_A0_Hunter_F1to10_C40_Final20_P1_1800s/stage2_300s.zip!/stage2_300s/family_003/candidate_037_seed_1396642889/summary.csv,仿真文件(1).zip!/仿真文件/仿真.zip!/仿真/DZ3_A0_Hunter_F1to10_C40_Final20_P1_1800s/stage2_300s/family_003/candidate_037_seed_1396642889/summary.csv,08f2ef861c15086c3407822f94850b9c8c1cb14d8a335cac94889af5927ba798,PASS
仿真文件(1).zip!/仿真文件/仿真.zip!/仿真/DZ3_A0_Hunter_F1to10_C40_Final20_P1_1800s/stage2_300s.zip!/stage2_300s/family_003/candidate_037_seed_1396642889/gurobi_extensive.log,仿真文件(1).zip!/仿真文件/仿真.zip!/仿真/DZ3_A0_Hunter_F1to10_C40_Final20_P1_1800s/stage2_300s/family_003/candidate_037_seed_1396642889/gurobi_extensive.log,120e995060cbd72a16a1c884e21a53f18c3a05385be3de162b4e64a4168f3982,PASS
仿真文件(1).zip!/仿真文件/仿真.zip!/仿真/DZ3_A0_Hunter_F1to10_C40_Final20_P1_1800s/stage2_300s.zip!/stage2_300s/family_003/candidate_037_seed_1396642889/gurobi_baseline_log.json,仿真文件(1).zip!/仿真文件/仿真.zip!/仿真/DZ3_A0_Hunter_F1to10_C40_Final20_P1_1800s/stage2_300s/family_003/candidate_037_seed_1396642889/gurobi_baseline_log.json,d5710fcc2b7ed5361e8f14bf3b373ada3daf9bcb22c061d651f093c39905e6f4,PASS
仿真文件(1).zip!/仿真文件/仿真.zip!/仿真/DZ3_A0_Hunter_F1to10_C40_Final20_P1_1800s/stage2_300s.zip!/stage2_300s/family_003/candidate_037_seed_1396642889/gurobi_baseline_log.csv,仿真文件(1).zip!/仿真文件/仿真.zip!/仿真/DZ3_A0_Hunter_F1to10_C40_Final20_P1_1800s/stage2_300s/family_003/candidate_037_seed_1396642889/gurobi_baseline_log.csv,08f2ef861c15086c3407822f94850b9c8c1cb14d8a335cac94889af5927ba798,PASS
仿真文件(1).zip!/仿真文件/仿真.zip!/仿真/DZ3_A0_Hunter_F1to10_C40_Final20_P1_1800s/stage2_300s.zip!/stage2_300s/family_003/candidate_037_seed_1396642889/config.json,仿真文件(1).zip!/仿真文件/仿真.zip!/仿真/DZ3_A0_Hunter_F1to10_C40_Final20_P1_1800s/stage2_300s/family_003/candidate_037_seed_1396642889/config.json,f539c7bf3b26f6a525f23bb93ee6aeedae745b8c4e44171a2ec506a844cfae6f,PASS
仿真文件(1).zip!/仿真文件/仿真.zip!/仿真/DZ3_A0_Hunter_F1to10_C40_Final20_P1_1800s/stage2_300s.zip!/stage2_300s/family_003/candidate_035_seed_687170219/instance_manifest.json,仿真文件(1).zip!/仿真文件/仿真.zip!/仿真/DZ3_A0_Hunter_F1to10_C40_Final20_P1_1800s/stage2_300s/family_003/candidate_035_seed_687170219/instance_manifest.json,91de62c135d4f3c4e0c46c7a80ea089f7f927c1206844e3fe2e7f2582cf85d57,PASS
仿真文件(1).zip!/仿真文件/仿真.zip!/仿真/DZ3_A0_Hunter_F1to10_C40_Final20_P1_1800s/stage2_300s.zip!/stage2_300s/family_003/candidate_035_seed_687170219/command.txt,仿真文件(1).zip!/仿真文件/仿真.zip!/仿真/DZ3_A0_Hunter_F1to10_C40_Final20_P1_1800s/stage2_300s/family_003/candidate_035_seed_687170219/command.txt,3fb0ab2498be35d5d61cbce3ab405ea625f328616d81e653026e54ba31f22c50,PASS
仿真文件(1).zip!/仿真文件/仿真.zip!/仿真/DZ3_A0_Hunter_F1to10_C40_Final20_P1_1800s/stage2_300s.zip!/stage2_300s/family_003/candidate_035_seed_687170219/all_algorithms_summary.csv,仿真文件(1).zip!/仿真文件/仿真.zip!/仿真/DZ3_A0_Hunter_F1to10_C40_Final20_P1_1800s/stage2_300s/family_003/candidate_035_seed_687170219/all_algorithms_summary.csv,6264110597ffdd40091faa16281bb2c7a597a01017be31e01e955f0b38de0efd,PASS
仿真文件(1).zip!/仿真文件/仿真.zip!/仿真/DZ3_A0_Hunter_F1to10_C40_Final20_P1_1800s/stage2_300s.zip!/stage2_300s/family_003/candidate_035_seed_687170219/gurobi_report.md,仿真文件(1).zip!/仿真文件/仿真.zip!/仿真/DZ3_A0_Hunter_F1to10_C40_Final20_P1_1800s/stage2_300s/family_003/candidate_035_seed_687170219/gurobi_report.md,2cde231b2db6d561ed032d650228919bb5bce68f8ead5f4b772367a4dfe15bd7,PASS
仿真文件(1).zip!/仿真文件/仿真.zip!/仿真/DZ3_A0_Hunter_F1to10_C40_Final20_P1_1800s/stage2_300s.zip!/stage2_300s/family_003/candidate_035_seed_687170219/gurobi_summary.csv,仿真文件(1).zip!/仿真文件/仿真.zip!/仿真/DZ3_A0_Hunter_F1to10_C40_Final20_P1_1800s/stage2_300s/family_003/candidate_035_seed_687170219/gurobi_summary.csv,6264110597ffdd40091faa16281bb2c7a597a01017be31e01e955f0b38de0efd,PASS
仿真文件(1).zip!/仿真文件/仿真.zip!/仿真/DZ3_A0_Hunter_F1to10_C40_Final20_P1_1800s/stage2_300s.zip!/stage2_300s/family_003/candidate_035_seed_687170219/HUNTER_RESULT.json,仿真文件(1).zip!/仿真文件/仿真.zip!/仿真/DZ3_A0_Hunter_F1to10_C40_Final20_P1_1800s/stage2_300s/family_003/candidate_035_seed_687170219/HUNTER_RESULT.json,d0c496e81a2dbe055aa7c54f51c0ff613a3e7ae75cda4843ee8c253f047cfbcc,PASS
仿真文件(1).zip!/仿真文件/仿真.zip!/仿真/DZ3_A0_Hunter_F1to10_C40_Final20_P1_1800s/stage2_300s.zip!/stage2_300s/family_003/candidate_035_seed_687170219/hunter_child_console.log,仿真文件(1).zip!/仿真文件/仿真.zip!/仿真/DZ3_A0_Hunter_F1to10_C40_Final20_P1_1800s/stage2_300s/family_003/candidate_035_seed_687170219/hunter_child_console.log,c854ad1adbaa39c7abb32b5d9d8e871a1a36ea6dbf8903034aed134a2fee16c9,PASS
仿真文件(1).zip!/仿真文件/仿真.zip!/仿真/DZ3_A0_Hunter_F1to10_C40_Final20_P1_1800s/stage2_300s.zip!/stage2_300s/family_003/candidate_035_seed_687170219/run.log,仿真文件(1).zip!/仿真文件/仿真.zip!/仿真/DZ3_A0_Hunter_F1to10_C40_Final20_P1_1800s/stage2_300s/family_003/candidate_035_seed_687170219/run.log,0b3ef0013afa46e1434133f98b26566b0f0e15b782ff33295483ee461dd3977d,PASS
仿真文件(1).zip!/仿真文件/仿真.zip!/仿真/DZ3_A0_Hunter_F1to10_C40_Final20_P1_1800s/stage2_300s.zip!/stage2_300s/family_003/candidate_035_seed_687170219/summary.csv,仿真文件(1).zip!/仿真文件/仿真.zip!/仿真/DZ3_A0_Hunter_F1to10_C40_Final20_P1_1800s/stage2_300s/family_003/candidate_035_seed_687170219/summary.csv,6264110597ffdd40091faa16281bb2c7a597a01017be31e01e955f0b38de0efd,PASS
仿真文件(1).zip!/仿真文件/仿真.zip!/仿真/DZ3_A0_Hunter_F1to10_C40_Final20_P1_1800s/stage2_300s.zip!/stage2_300s/family_003/candidate_035_seed_687170219/gurobi_extensive.log,仿真文件(1).zip!/仿真文件/仿真.zip!/仿真/DZ3_A0_Hunter_F1to10_C40_Final20_P1_1800s/stage2_300s/family_003/candidate_035_seed_687170219/gurobi_extensive.log,37cc3df486f57795d8102a8724998d3f12f50aa3b30f412e72aaf536e2e25aa4,PASS
仿真文件(1).zip!/仿真文件/仿真.zip!/仿真/DZ3_A0_Hunter_F1to10_C40_Final20_P1_1800s/stage2_300s.zip!/stage2_300s/family_003/candidate_035_seed_687170219/gurobi_baseline_log.json,仿真文件(1).zip!/仿真文件/仿真.zip!/仿真/DZ3_A0_Hunter_F1to10_C40_Final20_P1_1800s/stage2_300s/family_003/candidate_035_seed_687170219/gurobi_baseline_log.json,40affebeb97f188059de5e88efdca0c3fdb81629e70c87b62e6c372871a04316,PASS
仿真文件(1).zip!/仿真文件/仿真.zip!/仿真/DZ3_A0_Hunter_F1to10_C40_Final20_P1_1800s/stage2_300s.zip!/stage2_300s/family_003/candidate_035_seed_687170219/gurobi_baseline_log.csv,仿真文件(1).zip!/仿真文件/仿真.zip!/仿真/DZ3_A0_Hunter_F1to10_C40_Final20_P1_1800s/stage2_300s/family_003/candidate_035_seed_687170219/gurobi_baseline_log.csv,6264110597ffdd40091faa16281bb2c7a597a01017be31e01e955f0b38de0efd,PASS
仿真文件(1).zip!/仿真文件/仿真.zip!/仿真/DZ3_A0_Hunter_F1to10_C40_Final20_P1_1800s/stage2_300s.zip!/stage2_300s/family_003/candidate_035_seed_687170219/config.json,仿真文件(1).zip!/仿真文件/仿真.zip!/仿真/DZ3_A0_Hunter_F1to10_C40_Final20_P1_1800s/stage2_300s/family_003/candidate_035_seed_687170219/config.json,bebcb5dd344941eb35c4d8d6c61ef004d02c8c2cffa0418ee2563deebbaba6ef,PASS
仿真文件(1).zip!/仿真文件/仿真.zip!/仿真/DZ3_A0_Hunter_F1to10_C40_Final20_P1_1800s/stage2_300s.zip!/stage2_300s/family_003/candidate_022_seed_840156141/instance_manifest.json,仿真文件(1).zip!/仿真文件/仿真.zip!/仿真/DZ3_A0_Hunter_F1to10_C40_Final20_P1_1800s/stage2_300s/family_003/candidate_022_seed_840156141/instance_manifest.json,9100e5e0f6ca014c27c08ac0ca1d05ca18468de7f742ee5ac7f7add3d98402a2,PASS
仿真文件(1).zip!/仿真文件/仿真.zip!/仿真/DZ3_A0_Hunter_F1to10_C40_Final20_P1_1800s/stage2_300s.zip!/stage2_300s/family_003/candidate_022_seed_840156141/command.txt,仿真文件(1).zip!/仿真文件/仿真.zip!/仿真/DZ3_A0_Hunter_F1to10_C40_Final20_P1_1800s/stage2_300s/family_003/candidate_022_seed_840156141/command.txt,f1e3eeb2f765ec96b821559ad736b93714ccf200f3c7a3904ceb3ed26130512e,PASS
仿真文件(1).zip!/仿真文件/仿真.zip!/仿真/DZ3_A0_Hunter_F1to10_C40_Final20_P1_1800s/stage2_300s.zip!/stage2_300s/family_003/candidate_022_seed_840156141/all_algorithms_summary.csv,仿真文件(1).zip!/仿真文件/仿真.zip!/仿真/DZ3_A0_Hunter_F1to10_C40_Final20_P1_1800s/stage2_300s/family_003/candidate_022_seed_840156141/all_algorithms_summary.csv,ca0a2e05f0f7d6a64076de9e42b7ad73dae6eac0eff2f6ffc22018e54de093d2,PASS
仿真文件(1).zip!/仿真文件/仿真.zip!/仿真/DZ3_A0_Hunter_F1to10_C40_Final20_P1_1800s/stage2_300s.zip!/stage2_300s/family_003/candidate_022_seed_840156141/gurobi_report.md,仿真文件(1).zip!/仿真文件/仿真.zip!/仿真/DZ3_A0_Hunter_F1to10_C40_Final20_P1_1800s/stage2_300s/family_003/candidate_022_seed_840156141/gurobi_report.md,b28f2ea8396c7d5cc4634535e415894e95e8d8da2c1b074fb285da3807e4cce0,PASS
仿真文件(1).zip!/仿真文件/仿真.zip!/仿真/DZ3_A0_Hunter_F1to10_C40_Final20_P1_1800s/stage2_300s.zip!/stage2_300s/family_003/candidate_022_seed_840156141/gurobi_summary.csv,仿真文件(1).zip!/仿真文件/仿真.zip!/仿真/DZ3_A0_Hunter_F1to10_C40_Final20_P1_1800s/stage2_300s/family_003/candidate_022_seed_840156141/gurobi_summary.csv,ca0a2e05f0f7d6a64076de9e42b7ad73dae6eac0eff2f6ffc22018e54de093d2,PASS
仿真文件(1).zip!/仿真文件/仿真.zip!/仿真/DZ3_A0_Hunter_F1to10_C40_Final20_P1_1800s/stage2_300s.zip!/stage2_300s/family_003/candidate_022_seed_840156141/HUNTER_RESULT.json,仿真文件(1).zip!/仿真文件/仿真.zip!/仿真/DZ3_A0_Hunter_F1to10_C40_Final20_P1_1800s/stage2_300s/family_003/candidate_022_seed_840156141/HUNTER_RESULT.json,e89f1a7bdbea16823003c0dfb84658e43c71fd6a87b63d9cfff5520a6cbe9ee1,PASS
仿真文件(1).zip!/仿真文件/仿真.zip!/仿真/DZ3_A0_Hunter_F1to10_C40_Final20_P1_1800s/stage2_300s.zip!/stage2_300s/family_003/candidate_022_seed_840156141/hunter_child_console.log,仿真文件(1).zip!/仿真文件/仿真.zip!/仿真/DZ3_A0_Hunter_F1to10_C40_Final20_P1_1800s/stage2_300s/family_003/candidate_022_seed_840156141/hunter_child_console.log,c45f12cbebed40b9df8cc198b25f66abf304e577d696b9f540e9e98db2631049,PASS
仿真文件(1).zip!/仿真文件/仿真.zip!/仿真/DZ3_A0_Hunter_F1to10_C40_Final20_P1_1800s/stage2_300s.zip!/stage2_300s/family_003/candidate_022_seed_840156141/run.log,仿真文件(1).zip!/仿真文件/仿真.zip!/仿真/DZ3_A0_Hunter_F1to10_C40_Final20_P1_1800s/stage2_300s/family_003/candidate_022_seed_840156141/run.log,b6117b7e3f26c495ef1bd6a8db0250b7874ac8a5f446cb746f9614e92254c5c8,PASS
仿真文件(1).zip!/仿真文件/仿真.zip!/仿真/DZ3_A0_Hunter_F1to10_C40_Final20_P1_1800s/stage2_300s.zip!/stage2_300s/family_003/candidate_022_seed_840156141/summary.csv,仿真文件(1).zip!/仿真文件/仿真.zip!/仿真/DZ3_A0_Hunter_F1to10_C40_Final20_P1_1800s/stage2_300s/family_003/candidate_022_seed_840156141/summary.csv,ca0a2e05f0f7d6a64076de9e42b7ad73dae6eac0eff2f6ffc22018e54de093d2,PASS
仿真文件(1).zip!/仿真文件/仿真.zip!/仿真/DZ3_A0_Hunter_F1to10_C40_Final20_P1_1800s/stage2_300s.zip!/stage2_300s/family_003/candidate_022_seed_840156141/gurobi_extensive.log,仿真文件(1).zip!/仿真文件/仿真.zip!/仿真/DZ3_A0_Hunter_F1to10_C40_Final20_P1_1800s/stage2_300s/family_003/candidate_022_seed_840156141/gurobi_extensive.log,1c38beb048becb0136b15b6636b0c6fef68084f6fa82725e0809ee4e5443749b,PASS
仿真文件(1).zip!/仿真文件/仿真.zip!/仿真/DZ3_A0_Hunter_F1to10_C40_Final20_P1_1800s/stage2_300s.zip!/stage2_300s/family_003/candidate_022_seed_840156141/gurobi_baseline_log.json,仿真文件(1).zip!/仿真文件/仿真.zip!/仿真/DZ3_A0_Hunter_F1to10_C40_Final20_P1_1800s/stage2_300s/family_003/candidate_022_seed_840156141/gurobi_baseline_log.json,5d3b72d6a193694bbf36f12778396d963d4d1e54f8e7e3eca3e6013afded4ba8,PASS
仿真文件(1).zip!/仿真文件/仿真.zip!/仿真/DZ3_A0_Hunter_F1to10_C40_Final20_P1_1800s/stage2_300s.zip!/stage2_300s/family_003/candidate_022_seed_840156141/gurobi_baseline_log.csv,仿真文件(1).zip!/仿真文件/仿真.zip!/仿真/DZ3_A0_Hunter_F1to10_C40_Final20_P1_1800s/stage2_300s/family_003/candidate_022_seed_840156141/gurobi_baseline_log.csv,ca0a2e05f0f7d6a64076de9e42b7ad73dae6eac0eff2f6ffc22018e54de093d2,PASS
仿真文件(1).zip!/仿真文件/仿真.zip!/仿真/DZ3_A0_Hunter_F1to10_C40_Final20_P1_1800s/stage2_300s.zip!/stage2_300s/family_003/candidate_022_seed_840156141/config.json,仿真文件(1).zip!/仿真文件/仿真.zip!/仿真/DZ3_A0_Hunter_F1to10_C40_Final20_P1_1800s/stage2_300s/family_003/candidate_022_seed_840156141/config.json,b4dac7045e147c73a7a9377c2d37c7f1d74a868ecfd18950525a26c55a46f2c3,PASS
仿真文件(1).zip!/仿真文件/仿真.zip!/仿真/DZ3_A0_Hunter_F1to10_C40_Final20_P1_1800s/stage2_300s.zip!/stage2_300s/family_003/candidate_010_seed_202139719/instance_manifest.json,仿真文件(1).zip!/仿真文件/仿真.zip!/仿真/DZ3_A0_Hunter_F1to10_C40_Final20_P1_1800s/stage2_300s/family_003/candidate_010_seed_202139719/instance_manifest.json,1636a97fa30f210a6068ffae4b89e028aefd74c6e28c3c45c99bbd222bcc8349,PASS
仿真文件(1).zip!/仿真文件/仿真.zip!/仿真/DZ3_A0_Hunter_F1to10_C40_Final20_P1_1800s/stage2_300s.zip!/stage2_300s/family_003/candidate_010_seed_202139719/command.txt,仿真文件(1).zip!/仿真文件/仿真.zip!/仿真/DZ3_A0_Hunter_F1to10_C40_Final20_P1_1800s/stage2_300s/family_003/candidate_010_seed_202139719/command.txt,b54a55a54656c00b1b781c5b63ccdb63a4c340cbc45daba90abac4af60fd8f56,PASS
仿真文件(1).zip!/仿真文件/仿真.zip!/仿真/DZ3_A0_Hunter_F1to10_C40_Final20_P1_1800s/stage2_300s.zip!/stage2_300s/family_003/candidate_010_seed_202139719/all_algorithms_summary.csv,仿真文件(1).zip!/仿真文件/仿真.zip!/仿真/DZ3_A0_Hunter_F1to10_C40_Final20_P1_1800s/stage2_300s/family_003/candidate_010_seed_202139719/all_algorithms_summary.csv,f45db03ac4d96e11157c80908d0dea0ababf75bff0a53082f0f653eb0559841a,PASS
仿真文件(1).zip!/仿真文件/仿真.zip!/仿真/DZ3_A0_Hunter_F1to10_C40_Final20_P1_1800s/stage2_300s.zip!/stage2_300s/family_003/candidate_010_seed_202139719/gurobi_report.md,仿真文件(1).zip!/仿真文件/仿真.zip!/仿真/DZ3_A0_Hunter_F1to10_C40_Final20_P1_1800s/stage2_300s/family_003/candidate_010_seed_202139719/gurobi_report.md,0f1e7fcb21ea12fde95375fd89fff711d8d078d584eaf3117e14b6a0c564c606,PASS
仿真文件(1).zip!/仿真文件/仿真.zip!/仿真/DZ3_A0_Hunter_F1to10_C40_Final20_P1_1800s/stage2_300s.zip!/stage2_300s/family_003/candidate_010_seed_202139719/gurobi_summary.csv,仿真文件(1).zip!/仿真文件/仿真.zip!/仿真/DZ3_A0_Hunter_F1to10_C40_Final20_P1_1800s/stage2_300s/family_003/candidate_010_seed_202139719/gurobi_summary.csv,f45db03ac4d96e11157c80908d0dea0ababf75bff0a53082f0f653eb0559841a,PASS
仿真文件(1).zip!/仿真文件/仿真.zip!/仿真/DZ3_A0_Hunter_F1to10_C40_Final20_P1_1800s/stage2_300s.zip!/stage2_300s/family_003/candidate_010_seed_202139719/HUNTER_RESULT.json,仿真文件(1).zip!/仿真文件/仿真.zip!/仿真/DZ3_A0_Hunter_F1to10_C40_Final20_P1_1800s/stage2_300s/family_003/candidate_010_seed_202139719/HUNTER_RESULT.json,44fa1333cda1bd671eac3f10586c681015b4fd6d2e802147f6c7eac2c620ad54,PASS
仿真文件(1).zip!/仿真文件/仿真.zip!/仿真/DZ3_A0_Hunter_F1to10_C40_Final20_P1_1800s/stage2_300s.zip!/stage2_300s/family_003/candidate_010_seed_202139719/hunter_child_console.log,仿真文件(1).zip!/仿真文件/仿真.zip!/仿真/DZ3_A0_Hunter_F1to10_C40_Final20_P1_1800s/stage2_300s/family_003/candidate_010_seed_202139719/hunter_child_console.log,a19a943ff0f8ee11709b83e81e0d520ae0eb937823879a1cc26d5ae3395a4b8f,PASS
仿真文件(1).zip!/仿真文件/仿真.zip!/仿真/DZ3_A0_Hunter_F1to10_C40_Final20_P1_1800s/stage2_300s.zip!/stage2_300s/family_003/candidate_010_seed_202139719/run.log,仿真文件(1).zip!/仿真文件/仿真.zip!/仿真/DZ3_A0_Hunter_F1to10_C40_Final20_P1_1800s/stage2_300s/family_003/candidate_010_seed_202139719/run.log,cc8b956ace1d27ea7e7fe8d9455ed69358a91166161236cb37a73b6ceb6bbdba,PASS
仿真文件(1).zip!/仿真文件/仿真.zip!/仿真/DZ3_A0_Hunter_F1to10_C40_Final20_P1_1800s/stage2_300s.zip!/stage2_300s/family_003/candidate_010_seed_202139719/summary.csv,仿真文件(1).zip!/仿真文件/仿真.zip!/仿真/DZ3_A0_Hunter_F1to10_C40_Final20_P1_1800s/stage2_300s/family_003/candidate_010_seed_202139719/summary.csv,f45db03ac4d96e11157c80908d0dea0ababf75bff0a53082f0f653eb0559841a,PASS
仿真文件(1).zip!/仿真文件/仿真.zip!/仿真/DZ3_A0_Hunter_F1to10_C40_Final20_P1_1800s/stage2_300s.zip!/stage2_300s/family_003/candidate_010_seed_202139719/gurobi_extensive.log,仿真文件(1).zip!/仿真文件/仿真.zip!/仿真/DZ3_A0_Hunter_F1to10_C40_Final20_P1_1800s/stage2_300s/family_003/candidate_010_seed_202139719/gurobi_extensive.log,ae82fa93b02c08762b203c4763995b41797e696afefa0e5ec733950a8bc3bb35,PASS
仿真文件(1).zip!/仿真文件/仿真.zip!/仿真/DZ3_A0_Hunter_F1to10_C40_Final20_P1_1800s/stage2_300s.zip!/stage2_300s/family_003/candidate_010_seed_202139719/gurobi_baseline_log.json,仿真文件(1).zip!/仿真文件/仿真.zip!/仿真/DZ3_A0_Hunter_F1to10_C40_Final20_P1_1800s/stage2_300s/family_003/candidate_010_seed_202139719/gurobi_baseline_log.json,6de19cf0ccf3cc89238641722ad5a4750eb7b636ad7c4463a2b42c8f1d34f8ba,PASS
仿真文件(1).zip!/仿真文件/仿真.zip!/仿真/DZ3_A0_Hunter_F1to10_C40_Final20_P1_1800s/stage2_300s.zip!/stage2_300s/family_003/candidate_010_seed_202139719/gurobi_baseline_log.csv,仿真文件(1).zip!/仿真文件/仿真.zip!/仿真/DZ3_A0_Hunter_F1to10_C40_Final20_P1_1800s/stage2_300s/family_003/candidate_010_seed_202139719/gurobi_baseline_log.csv,f45db03ac4d96e11157c80908d0dea0ababf75bff0a53082f0f653eb0559841a,PASS
仿真文件(1).zip!/仿真文件/仿真.zip!/仿真/DZ3_A0_Hunter_F1to10_C40_Final20_P1_1800s/stage2_300s.zip!/stage2_300s/family_003/candidate_010_seed_202139719/config.json,仿真文件(1).zip!/仿真文件/仿真.zip!/仿真/DZ3_A0_Hunter_F1to10_C40_Final20_P1_1800s/stage2_300s/family_003/candidate_010_seed_202139719/config.json,fd48b355aab6e986489adb252ede219897701290bbc9c1054c38b61ca9d17e2e,PASS
仿真文件(1).zip!/仿真文件/仿真.zip!/仿真/DZ3_A0_Hunter_F1to10_C40_Final20_P1_1800s/stage2_300s.zip!/stage2_300s/family_003/candidate_028_seed_1260140335/instance_manifest.json,仿真文件(1).zip!/仿真文件/仿真.zip!/仿真/DZ3_A0_Hunter_F1to10_C40_Final20_P1_1800s/stage2_300s/family_003/candidate_028_seed_1260140335/instance_manifest.json,cfe81d3aff4732d7e8b2586b013248c4dd4e261c0b462d4c2d2c4a460b1a15e3,PASS
仿真文件(1).zip!/仿真文件/仿真.zip!/仿真/DZ3_A0_Hunter_F1to10_C40_Final20_P1_1800s/stage2_300s.zip!/stage2_300s/family_003/candidate_028_seed_1260140335/command.txt,仿真文件(1).zip!/仿真文件/仿真.zip!/仿真/DZ3_A0_Hunter_F1to10_C40_Final20_P1_1800s/stage2_300s/family_003/candidate_028_seed_1260140335/command.txt,ade89401e3b4d0ede4d3cb376567a7e47265564f3fc7c3067884abcdf62a6923,PASS
仿真文件(1).zip!/仿真文件/仿真.zip!/仿真/DZ3_A0_Hunter_F1to10_C40_Final20_P1_1800s/stage2_300s.zip!/stage2_300s/family_003/candidate_028_seed_1260140335/all_algorithms_summary.csv,仿真文件(1).zip!/仿真文件/仿真.zip!/仿真/DZ3_A0_Hunter_F1to10_C40_Final20_P1_1800s/stage2_300s/family_003/candidate_028_seed_1260140335/all_algorithms_summary.csv,8520ee77a0e0da6f252b69fbceed3d073362f62b60517b96e272650d223702da,PASS
仿真文件(1).zip!/仿真文件/仿真.zip!/仿真/DZ3_A0_Hunter_F1to10_C40_Final20_P1_1800s/stage2_300s.zip!/stage2_300s/family_003/candidate_028_seed_1260140335/gurobi_report.md,仿真文件(1).zip!/仿真文件/仿真.zip!/仿真/DZ3_A0_Hunter_F1to10_C40_Final20_P1_1800s/stage2_300s/family_003/candidate_028_seed_1260140335/gurobi_report.md,2f22ae4cc77c5442cd632ac7777dfcec8d085db9f422405ad23e690dbf2e0987,PASS
仿真文件(1).zip!/仿真文件/仿真.zip!/仿真/DZ3_A0_Hunter_F1to10_C40_Final20_P1_1800s/stage2_300s.zip!/stage2_300s/family_003/candidate_028_seed_1260140335/gurobi_summary.csv,仿真文件(1).zip!/仿真文件/仿真.zip!/仿真/DZ3_A0_Hunter_F1to10_C40_Final20_P1_1800s/stage2_300s/family_003/candidate_028_seed_1260140335/gurobi_summary.csv,8520ee77a0e0da6f252b69fbceed3d073362f62b60517b96e272650d223702da,PASS
仿真文件(1).zip!/仿真文件/仿真.zip!/仿真/DZ3_A0_Hunter_F1to10_C40_Final20_P1_1800s/stage2_300s.zip!/stage2_300s/family_003/candidate_028_seed_1260140335/HUNTER_RESULT.json,仿真文件(1).zip!/仿真文件/仿真.zip!/仿真/DZ3_A0_Hunter_F1to10_C40_Final20_P1_1800s/stage2_300s/family_003/candidate_028_seed_1260140335/HUNTER_RESULT.json,76200b2088cb28c178fccd501fe0b358694fe53c0e4c48e849707213da2ed591,PASS
仿真文件(1).zip!/仿真文件/仿真.zip!/仿真/DZ3_A0_Hunter_F1to10_C40_Final20_P1_1800s/stage2_300s.zip!/stage2_300s/family_003/candidate_028_seed_1260140335/hunter_child_console.log,仿真文件(1).zip!/仿真文件/仿真.zip!/仿真/DZ3_A0_Hunter_F1to10_C40_Final20_P1_1800s/stage2_300s/family_003/candidate_028_seed_1260140335/hunter_child_console.log,60bc878511b93e0a8442612ca0f8b8ff64b23312ec00b9f216ce391f4f555755,PASS
仿真文件(1).zip!/仿真文件/仿真.zip!/仿真/DZ3_A0_Hunter_F1to10_C40_Final20_P1_1800s/stage2_300s.zip!/stage2_300s/family_003/candidate_028_seed_1260140335/run.log,仿真文件(1).zip!/仿真文件/仿真.zip!/仿真/DZ3_A0_Hunter_F1to10_C40_Final20_P1_1800s/stage2_300s/family_003/candidate_028_seed_1260140335/run.log,fe8f0303cfacd0d6111f501c5df0cab2d09336c4ae20e5473bbdbd044d5a7ac4,PASS
仿真文件(1).zip!/仿真文件/仿真.zip!/仿真/DZ3_A0_Hunter_F1to10_C40_Final20_P1_1800s/stage2_300s.zip!/stage2_300s/family_003/candidate_028_seed_1260140335/summary.csv,仿真文件(1).zip!/仿真文件/仿真.zip!/仿真/DZ3_A0_Hunter_F1to10_C40_Final20_P1_1800s/stage2_300s/family_003/candidate_028_seed_1260140335/summary.csv,8520ee77a0e0da6f252b69fbceed3d073362f62b60517b96e272650d223702da,PASS
仿真文件(1).zip!/仿真文件/仿真.zip!/仿真/DZ3_A0_Hunter_F1to10_C40_Final20_P1_1800s/stage2_300s.zip!/stage2_300s/family_003/candidate_028_seed_1260140335/gurobi_extensive.log,仿真文件(1).zip!/仿真文件/仿真.zip!/仿真/DZ3_A0_Hunter_F1to10_C40_Final20_P1_1800s/stage2_300s/family_003/candidate_028_seed_1260140335/gurobi_extensive.log,8dcdb4d643bd22a24d417d7ced072f93e67191a64940ece69734e2963fe1b336,PASS
仿真文件(1).zip!/仿真文件/仿真.zip!/仿真/DZ3_A0_Hunter_F1to10_C40_Final20_P1_1800s/stage2_300s.zip!/stage2_300s/family_003/candidate_028_seed_1260140335/gurobi_baseline_log.json,仿真文件(1).zip!/仿真文件/仿真.zip!/仿真/DZ3_A0_Hunter_F1to10_C40_Final20_P1_1800s/stage2_300s/family_003/candidate_028_seed_1260140335/gurobi_baseline_log.json,2898d43a0c58195e47607e49b194fe76bc5ee191e48ef0b2b05bcc7782aa4ede,PASS
仿真文件(1).zip!/仿真文件/仿真.zip!/仿真/DZ3_A0_Hunter_F1to10_C40_Final20_P1_1800s/stage2_300s.zip!/stage2_300s/family_003/candidate_028_seed_1260140335/gurobi_baseline_log.csv,仿真文件(1).zip!/仿真文件/仿真.zip!/仿真/DZ3_A0_Hunter_F1to10_C40_Final20_P1_1800s/stage2_300s/family_003/candidate_028_seed_1260140335/gurobi_baseline_log.csv,8520ee77a0e0da6f252b69fbceed3d073362f62b60517b96e272650d223702da,PASS
仿真文件(1).zip!/仿真文件/仿真.zip!/仿真/DZ3_A0_Hunter_F1to10_C40_Final20_P1_1800s/stage2_300s.zip!/stage2_300s/family_003/candidate_028_seed_1260140335/config.json,仿真文件(1).zip!/仿真文件/仿真.zip!/仿真/DZ3_A0_Hunter_F1to10_C40_Final20_P1_1800s/stage2_300s/family_003/candidate_028_seed_1260140335/config.json,20fde0cb320eedeb7da1ebdcee60edd6d9f743b27478b7c29ab94f0d2ba21f66,PASS
仿真文件(1).zip!/仿真文件/仿真.zip!/仿真/DZ3_A0_Hunter_F1to10_C40_Final20_P1_1800s/stage2_300s.zip!/stage2_300s/family_003/candidate_023_seed_1906589685/instance_manifest.json,仿真文件(1).zip!/仿真文件/仿真.zip!/仿真/DZ3_A0_Hunter_F1to10_C40_Final20_P1_1800s/stage2_300s/family_003/candidate_023_seed_1906589685/instance_manifest.json,549261069a04265bca5d99d69f84a7a698e26e613204f5b9e26bd5c26dee5deb,PASS
仿真文件(1).zip!/仿真文件/仿真.zip!/仿真/DZ3_A0_Hunter_F1to10_C40_Final20_P1_1800s/stage2_300s.zip!/stage2_300s/family_003/candidate_023_seed_1906589685/command.txt,仿真文件(1).zip!/仿真文件/仿真.zip!/仿真/DZ3_A0_Hunter_F1to10_C40_Final20_P1_1800s/stage2_300s/family_003/candidate_023_seed_1906589685/command.txt,cc4a212e2d9fabcecd3084a73225af753fdc448496994ebf98c46d11c08aab4a,PASS
仿真文件(1).zip!/仿真文件/仿真.zip!/仿真/DZ3_A0_Hunter_F1to10_C40_Final20_P1_1800s/stage2_300s.zip!/stage2_300s/family_003/candidate_023_seed_1906589685/all_algorithms_summary.csv,仿真文件(1).zip!/仿真文件/仿真.zip!/仿真/DZ3_A0_Hunter_F1to10_C40_Final20_P1_1800s/stage2_300s/family_003/candidate_023_seed_1906589685/all_algorithms_summary.csv,ebedd4c10ddd213d025efb60bf82558b6e1cdee5289fe9d2040e85a62d7d1287,PASS
仿真文件(1).zip!/仿真文件/仿真.zip!/仿真/DZ3_A0_Hunter_F1to10_C40_Final20_P1_1800s/stage2_300s.zip!/stage2_300s/family_003/candidate_023_seed_1906589685/gurobi_report.md,仿真文件(1).zip!/仿真文件/仿真.zip!/仿真/DZ3_A0_Hunter_F1to10_C40_Final20_P1_1800s/stage2_300s/family_003/candidate_023_seed_1906589685/gurobi_report.md,1d56bc68e6f8da7a9b6de1254578c5cb236d8b43c77d984c2699866c73345109,PASS
仿真文件(1).zip!/仿真文件/仿真.zip!/仿真/DZ3_A0_Hunter_F1to10_C40_Final20_P1_1800s/stage2_300s.zip!/stage2_300s/family_003/candidate_023_seed_1906589685/gurobi_summary.csv,仿真文件(1).zip!/仿真文件/仿真.zip!/仿真/DZ3_A0_Hunter_F1to10_C40_Final20_P1_1800s/stage2_300s/family_003/candidate_023_seed_1906589685/gurobi_summary.csv,ebedd4c10ddd213d025efb60bf82558b6e1cdee5289fe9d2040e85a62d7d1287,PASS
仿真文件(1).zip!/仿真文件/仿真.zip!/仿真/DZ3_A0_Hunter_F1to10_C40_Final20_P1_1800s/stage2_300s.zip!/stage2_300s/family_003/candidate_023_seed_1906589685/HUNTER_RESULT.json,仿真文件(1).zip!/仿真文件/仿真.zip!/仿真/DZ3_A0_Hunter_F1to10_C40_Final20_P1_1800s/stage2_300s/family_003/candidate_023_seed_1906589685/HUNTER_RESULT.json,610cd7178bbaf6c116ac7ba2c168cf7e3dba4256d9d8404c48151f67a1daf5e3,PASS
仿真文件(1).zip!/仿真文件/仿真.zip!/仿真/DZ3_A0_Hunter_F1to10_C40_Final20_P1_1800s/stage2_300s.zip!/stage2_300s/family_003/candidate_023_seed_1906589685/hunter_child_console.log,仿真文件(1).zip!/仿真文件/仿真.zip!/仿真/DZ3_A0_Hunter_F1to10_C40_Final20_P1_1800s/stage2_300s/family_003/candidate_023_seed_1906589685/hunter_child_console.log,8d0418b62e9cc891e625efbddcca1223e1b0ad9ccf0e68a2bc97caa11eb16b71,PASS
仿真文件(1).zip!/仿真文件/仿真.zip!/仿真/DZ3_A0_Hunter_F1to10_C40_Final20_P1_1800s/stage2_300s.zip!/stage2_300s/family_003/candidate_023_seed_1906589685/run.log,仿真文件(1).zip!/仿真文件/仿真.zip!/仿真/DZ3_A0_Hunter_F1to10_C40_Final20_P1_1800s/stage2_300s/family_003/candidate_023_seed_1906589685/run.log,b8f05798762e3254b0de4becad0629e7ccc550864f61726ce6a4df0432b7e61d,PASS
仿真文件(1).zip!/仿真文件/仿真.zip!/仿真/DZ3_A0_Hunter_F1to10_C40_Final20_P1_1800s/stage2_300s.zip!/stage2_300s/family_003/candidate_023_seed_1906589685/summary.csv,仿真文件(1).zip!/仿真文件/仿真.zip!/仿真/DZ3_A0_Hunter_F1to10_C40_Final20_P1_1800s/stage2_300s/family_003/candidate_023_seed_1906589685/summary.csv,ebedd4c10ddd213d025efb60bf82558b6e1cdee5289fe9d2040e85a62d7d1287,PASS
仿真文件(1).zip!/仿真文件/仿真.zip!/仿真/DZ3_A0_Hunter_F1to10_C40_Final20_P1_1800s/stage2_300s.zip!/stage2_300s/family_003/candidate_023_seed_1906589685/gurobi_extensive.log,仿真文件(1).zip!/仿真文件/仿真.zip!/仿真/DZ3_A0_Hunter_F1to10_C40_Final20_P1_1800s/stage2_300s/family_003/candidate_023_seed_1906589685/gurobi_extensive.log,c84ca1672a62dd8d2c0e51edccc4e8522e943edf8621acef22fe74ab15e68dc6,PASS
仿真文件(1).zip!/仿真文件/仿真.zip!/仿真/DZ3_A0_Hunter_F1to10_C40_Final20_P1_1800s/stage2_300s.zip!/stage2_300s/family_003/candidate_023_seed_1906589685/gurobi_baseline_log.json,仿真文件(1).zip!/仿真文件/仿真.zip!/仿真/DZ3_A0_Hunter_F1to10_C40_Final20_P1_1800s/stage2_300s/family_003/candidate_023_seed_1906589685/gurobi_baseline_log.json,5fc3a52e1df06074101cbf5b620b3e3cba8bbbf8d404b6386e7e3181b4b35d12,PASS
仿真文件(1).zip!/仿真文件/仿真.zip!/仿真/DZ3_A0_Hunter_F1to10_C40_Final20_P1_1800s/stage2_300s.zip!/stage2_300s/family_003/candidate_023_seed_1906589685/gurobi_baseline_log.csv,仿真文件(1).zip!/仿真文件/仿真.zip!/仿真/DZ3_A0_Hunter_F1to10_C40_Final20_P1_1800s/stage2_300s/family_003/candidate_023_seed_1906589685/gurobi_baseline_log.csv,ebedd4c10ddd213d025efb60bf82558b6e1cdee5289fe9d2040e85a62d7d1287,PASS
仿真文件(1).zip!/仿真文件/仿真.zip!/仿真/DZ3_A0_Hunter_F1to10_C40_Final20_P1_1800s/stage2_300s.zip!/stage2_300s/family_003/candidate_023_seed_1906589685/config.json,仿真文件(1).zip!/仿真文件/仿真.zip!/仿真/DZ3_A0_Hunter_F1to10_C40_Final20_P1_1800s/stage2_300s/family_003/candidate_023_seed_1906589685/config.json,38cbed1a1af11c4c9379b1a02ee12afcd79eeb3114eb11b9a18661ef8c709988,PASS
仿真文件(1).zip!/仿真文件/仿真.zip!/仿真/DZ3_A0_Hunter_F1to10_C40_Final20_P1_1800s/stage2_300s.zip!/stage2_300s/family_003/candidate_001_seed_1742692731/instance_manifest.json,仿真文件(1).zip!/仿真文件/仿真.zip!/仿真/DZ3_A0_Hunter_F1to10_C40_Final20_P1_1800s/stage2_300s/family_003/candidate_001_seed_1742692731/instance_manifest.json,76626821526679b69f7dd193ab3f46fdc820452b0f9596a52eca7a08a0fcbac5,PASS
仿真文件(1).zip!/仿真文件/仿真.zip!/仿真/DZ3_A0_Hunter_F1to10_C40_Final20_P1_1800s/stage2_300s.zip!/stage2_300s/family_003/candidate_001_seed_1742692731/command.txt,仿真文件(1).zip!/仿真文件/仿真.zip!/仿真/DZ3_A0_Hunter_F1to10_C40_Final20_P1_1800s/stage2_300s/family_003/candidate_001_seed_1742692731/command.txt,56117513a14f531fefa8753c44f895a783723bf67b00f6f189178fda9a6534a2,PASS
仿真文件(1).zip!/仿真文件/仿真.zip!/仿真/DZ3_A0_Hunter_F1to10_C40_Final20_P1_1800s/stage2_300s.zip!/stage2_300s/family_003/candidate_001_seed_1742692731/all_algorithms_summary.csv,仿真文件(1).zip!/仿真文件/仿真.zip!/仿真/DZ3_A0_Hunter_F1to10_C40_Final20_P1_1800s/stage2_300s/family_003/candidate_001_seed_1742692731/all_algorithms_summary.csv,b0960bf2d9ba82c465027738d882e363a8a017659b8be2e46b79e6fff5c2c62b,PASS
仿真文件(1).zip!/仿真文件/仿真.zip!/仿真/DZ3_A0_Hunter_F1to10_C40_Final20_P1_1800s/stage2_300s.zip!/stage2_300s/family_003/candidate_001_seed_1742692731/gurobi_report.md,仿真文件(1).zip!/仿真文件/仿真.zip!/仿真/DZ3_A0_Hunter_F1to10_C40_Final20_P1_1800s/stage2_300s/family_003/candidate_001_seed_1742692731/gurobi_report.md,991371d803db6ee464878720a83527146fd6d7f16450a1c7a878a35c20c72b12,PASS
仿真文件(1).zip!/仿真文件/仿真.zip!/仿真/DZ3_A0_Hunter_F1to10_C40_Final20_P1_1800s/stage2_300s.zip!/stage2_300s/family_003/candidate_001_seed_1742692731/gurobi_summary.csv,仿真文件(1).zip!/仿真文件/仿真.zip!/仿真/DZ3_A0_Hunter_F1to10_C40_Final20_P1_1800s/stage2_300s/family_003/candidate_001_seed_1742692731/gurobi_summary.csv,b0960bf2d9ba82c465027738d882e363a8a017659b8be2e46b79e6fff5c2c62b,PASS
仿真文件(1).zip!/仿真文件/仿真.zip!/仿真/DZ3_A0_Hunter_F1to10_C40_Final20_P1_1800s/stage2_300s.zip!/stage2_300s/family_003/candidate_001_seed_1742692731/HUNTER_RESULT.json,仿真文件(1).zip!/仿真文件/仿真.zip!/仿真/DZ3_A0_Hunter_F1to10_C40_Final20_P1_1800s/stage2_300s/family_003/candidate_001_seed_1742692731/HUNTER_RESULT.json,58bb215c34da1b568cc65ca2cf2964676c690b8eb71f41a366dff3c57b185291,PASS
仿真文件(1).zip!/仿真文件/仿真.zip!/仿真/DZ3_A0_Hunter_F1to10_C40_Final20_P1_1800s/stage2_300s.zip!/stage2_300s/family_003/candidate_001_seed_1742692731/hunter_child_console.log,仿真文件(1).zip!/仿真文件/仿真.zip!/仿真/DZ3_A0_Hunter_F1to10_C40_Final20_P1_1800s/stage2_300s/family_003/candidate_001_seed_1742692731/hunter_child_console.log,0ce72c8798dfdf742fa023e976521ae0d9c5502f403cdb11852e1165941c54e2,PASS
仿真文件(1).zip!/仿真文件/仿真.zip!/仿真/DZ3_A0_Hunter_F1to10_C40_Final20_P1_1800s/stage2_300s.zip!/stage2_300s/family_003/candidate_001_seed_1742692731/run.log,仿真文件(1).zip!/仿真文件/仿真.zip!/仿真/DZ3_A0_Hunter_F1to10_C40_Final20_P1_1800s/stage2_300s/family_003/candidate_001_seed_1742692731/run.log,c77832a93d544f069345a5c8c4aed8d5f83791359b18d5b44aaac808fdfbc272,PASS
仿真文件(1).zip!/仿真文件/仿真.zip!/仿真/DZ3_A0_Hunter_F1to10_C40_Final20_P1_1800s/stage2_300s.zip!/stage2_300s/family_003/candidate_001_seed_1742692731/summary.csv,仿真文件(1).zip!/仿真文件/仿真.zip!/仿真/DZ3_A0_Hunter_F1to10_C40_Final20_P1_1800s/stage2_300s/family_003/candidate_001_seed_1742692731/summary.csv,b0960bf2d9ba82c465027738d882e363a8a017659b8be2e46b79e6fff5c2c62b,PASS
仿真文件(1).zip!/仿真文件/仿真.zip!/仿真/DZ3_A0_Hunter_F1to10_C40_Final20_P1_1800s/stage2_300s.zip!/stage2_300s/family_003/candidate_001_seed_1742692731/gurobi_extensive.log,仿真文件(1).zip!/仿真文件/仿真.zip!/仿真/DZ3_A0_Hunter_F1to10_C40_Final20_P1_1800s/stage2_300s/family_003/candidate_001_seed_1742692731/gurobi_extensive.log,1bc5b7801694ae65b7f24d5a7794cf2cb26e71ce7067a7203cc016857bf8d5ff,PASS
仿真文件(1).zip!/仿真文件/仿真.zip!/仿真/DZ3_A0_Hunter_F1to10_C40_Final20_P1_1800s/stage2_300s.zip!/stage2_300s/family_003/candidate_001_seed_1742692731/gurobi_baseline_log.json,仿真文件(1).zip!/仿真文件/仿真.zip!/仿真/DZ3_A0_Hunter_F1to10_C40_Final20_P1_1800s/stage2_300s/family_003/candidate_001_seed_1742692731/gurobi_baseline_log.json,dedb0c3d82715eb36f59e92287fcde830b0b33d0a14c1ef65a2ccb5765e1b05a,PASS
仿真文件(1).zip!/仿真文件/仿真.zip!/仿真/DZ3_A0_Hunter_F1to10_C40_Final20_P1_1800s/stage2_300s.zip!/stage2_300s/family_003/candidate_001_seed_1742692731/gurobi_baseline_log.csv,仿真文件(1).zip!/仿真文件/仿真.zip!/仿真/DZ3_A0_Hunter_F1to10_C40_Final20_P1_1800s/stage2_300s/family_003/candidate_001_seed_1742692731/gurobi_baseline_log.csv,b0960bf2d9ba82c465027738d882e363a8a017659b8be2e46b79e6fff5c2c62b,PASS
仿真文件(1).zip!/仿真文件/仿真.zip!/仿真/DZ3_A0_Hunter_F1to10_C40_Final20_P1_1800s/stage2_300s.zip!/stage2_300s/family_003/candidate_001_seed_1742692731/config.json,仿真文件(1).zip!/仿真文件/仿真.zip!/仿真/DZ3_A0_Hunter_F1to10_C40_Final20_P1_1800s/stage2_300s/family_003/candidate_001_seed_1742692731/config.json,cce2f4911dfbb258b0464644b9bd82c8fee970959d37a45d0e105fe6d22bacb3,PASS
仿真文件(1).zip!/仿真文件/仿真.zip!/仿真/DZ3_A0_Hunter_F1to10_C40_Final20_P1_1800s/stage2_300s.zip!/stage2_300s/family_006/candidate_039_seed_1606396927/instance_manifest.json,仿真文件(1).zip!/仿真文件/仿真.zip!/仿真/DZ3_A0_Hunter_F1to10_C40_Final20_P1_1800s/stage2_300s/family_006/candidate_039_seed_1606396927/instance_manifest.json,fda13bfd060f3e2d293e3b5d84e479a0b834561381421e1bfdd641bf4256018c,PASS
仿真文件(1).zip!/仿真文件/仿真.zip!/仿真/DZ3_A0_Hunter_F1to10_C40_Final20_P1_1800s/stage2_300s.zip!/stage2_300s/family_006/candidate_039_seed_1606396927/command.txt,仿真文件(1).zip!/仿真文件/仿真.zip!/仿真/DZ3_A0_Hunter_F1to10_C40_Final20_P1_1800s/stage2_300s/family_006/candidate_039_seed_1606396927/command.txt,8a7370dedf0f6d66c5b4b28f46a2e8828050d97e6e36db046dc84bcddc2173fb,PASS
仿真文件(1).zip!/仿真文件/仿真.zip!/仿真/DZ3_A0_Hunter_F1to10_C40_Final20_P1_1800s/stage2_300s.zip!/stage2_300s/family_006/candidate_039_seed_1606396927/all_algorithms_summary.csv,仿真文件(1).zip!/仿真文件/仿真.zip!/仿真/DZ3_A0_Hunter_F1to10_C40_Final20_P1_1800s/stage2_300s/family_006/candidate_039_seed_1606396927/all_algorithms_summary.csv,c94c894d2ac1527ac9d8eedd0aa9d142f3d59ba6eab862bee061a9c9ea8239a8,PASS
仿真文件(1).zip!/仿真文件/仿真.zip!/仿真/DZ3_A0_Hunter_F1to10_C40_Final20_P1_1800s/stage2_300s.zip!/stage2_300s/family_006/candidate_039_seed_1606396927/gurobi_report.md,仿真文件(1).zip!/仿真文件/仿真.zip!/仿真/DZ3_A0_Hunter_F1to10_C40_Final20_P1_1800s/stage2_300s/family_006/candidate_039_seed_1606396927/gurobi_report.md,7d39ae6564b864637a08bdff8457f6c69784981f454389aa64a9cea2d0e45cb8,PASS
仿真文件(1).zip!/仿真文件/仿真.zip!/仿真/DZ3_A0_Hunter_F1to10_C40_Final20_P1_1800s/stage2_300s.zip!/stage2_300s/family_006/candidate_039_seed_1606396927/gurobi_summary.csv,仿真文件(1).zip!/仿真文件/仿真.zip!/仿真/DZ3_A0_Hunter_F1to10_C40_Final20_P1_1800s/stage2_300s/family_006/candidate_039_seed_1606396927/gurobi_summary.csv,c94c894d2ac1527ac9d8eedd0aa9d142f3d59ba6eab862bee061a9c9ea8239a8,PASS
仿真文件(1).zip!/仿真文件/仿真.zip!/仿真/DZ3_A0_Hunter_F1to10_C40_Final20_P1_1800s/stage2_300s.zip!/stage2_300s/family_006/candidate_039_seed_1606396927/HUNTER_RESULT.json,仿真文件(1).zip!/仿真文件/仿真.zip!/仿真/DZ3_A0_Hunter_F1to10_C40_Final20_P1_1800s/stage2_300s/family_006/candidate_039_seed_1606396927/HUNTER_RESULT.json,0927d6ea9cd34cd16cfbd276738cd9b35ea0e149635024f769be6629a99009fb,PASS
仿真文件(1).zip!/仿真文件/仿真.zip!/仿真/DZ3_A0_Hunter_F1to10_C40_Final20_P1_1800s/stage2_300s.zip!/stage2_300s/family_006/candidate_039_seed_1606396927/hunter_child_console.log,仿真文件(1).zip!/仿真文件/仿真.zip!/仿真/DZ3_A0_Hunter_F1to10_C40_Final20_P1_1800s/stage2_300s/family_006/candidate_039_seed_1606396927/hunter_child_console.log,2275d5fa67ea49463c39cd19179975a0de38d56b1ff6ab2cd9ec011643e1f661,PASS
仿真文件(1).zip!/仿真文件/仿真.zip!/仿真/DZ3_A0_Hunter_F1to10_C40_Final20_P1_1800s/stage2_300s.zip!/stage2_300s/family_006/candidate_039_seed_1606396927/run.log,仿真文件(1).zip!/仿真文件/仿真.zip!/仿真/DZ3_A0_Hunter_F1to10_C40_Final20_P1_1800s/stage2_300s/family_006/candidate_039_seed_1606396927/run.log,0c437d898c07a395e164e8ae3f54b7c1fe6ee215cf34d07820c1a3ecdc3e23b9,PASS
仿真文件(1).zip!/仿真文件/仿真.zip!/仿真/DZ3_A0_Hunter_F1to10_C40_Final20_P1_1800s/stage2_300s.zip!/stage2_300s/family_006/candidate_039_seed_1606396927/summary.csv,仿真文件(1).zip!/仿真文件/仿真.zip!/仿真/DZ3_A0_Hunter_F1to10_C40_Final20_P1_1800s/stage2_300s/family_006/candidate_039_seed_1606396927/summary.csv,c94c894d2ac1527ac9d8eedd0aa9d142f3d59ba6eab862bee061a9c9ea8239a8,PASS
仿真文件(1).zip!/仿真文件/仿真.zip!/仿真/DZ3_A0_Hunter_F1to10_C40_Final20_P1_1800s/stage2_300s.zip!/stage2_300s/family_006/candidate_039_seed_1606396927/gurobi_extensive.log,仿真文件(1).zip!/仿真文件/仿真.zip!/仿真/DZ3_A0_Hunter_F1to10_C40_Final20_P1_1800s/stage2_300s/family_006/candidate_039_seed_1606396927/gurobi_extensive.log,c6353178bbffebb2851defe98fe8a81eaff95737154d848bee7293ef717150c4,PASS
仿真文件(1).zip!/仿真文件/仿真.zip!/仿真/DZ3_A0_Hunter_F1to10_C40_Final20_P1_1800s/stage2_300s.zip!/stage2_300s/family_006/candidate_039_seed_1606396927/gurobi_baseline_log.json,仿真文件(1).zip!/仿真文件/仿真.zip!/仿真/DZ3_A0_Hunter_F1to10_C40_Final20_P1_1800s/stage2_300s/family_006/candidate_039_seed_1606396927/gurobi_baseline_log.json,0a54933b7ad9b97c77fbea1eef97b0f2fba23d452a0747f3e6dfc830cd5caf94,PASS
仿真文件(1).zip!/仿真文件/仿真.zip!/仿真/DZ3_A0_Hunter_F1to10_C40_Final20_P1_1800s/stage2_300s.zip!/stage2_300s/family_006/candidate_039_seed_1606396927/gurobi_baseline_log.csv,仿真文件(1).zip!/仿真文件/仿真.zip!/仿真/DZ3_A0_Hunter_F1to10_C40_Final20_P1_1800s/stage2_300s/family_006/candidate_039_seed_1606396927/gurobi_baseline_log.csv,c94c894d2ac1527ac9d8eedd0aa9d142f3d59ba6eab862bee061a9c9ea8239a8,PASS
仿真文件(1).zip!/仿真文件/仿真.zip!/仿真/DZ3_A0_Hunter_F1to10_C40_Final20_P1_1800s/stage2_300s.zip!/stage2_300s/family_006/candidate_039_seed_1606396927/config.json,仿真文件(1).zip!/仿真文件/仿真.zip!/仿真/DZ3_A0_Hunter_F1to10_C40_Final20_P1_1800s/stage2_300s/family_006/candidate_039_seed_1606396927/config.json,bc13871ed4919706d3b40d4dbb0a51302eb9de9cc078f782a5b34f699caaaef1,PASS
仿真文件(1).zip!/仿真文件/仿真.zip!/仿真/DZ3_A0_Hunter_F1to10_C40_Final20_P1_1800s/stage2_300s.zip!/stage2_300s/family_006/candidate_022_seed_111087679/instance_manifest.json,仿真文件(1).zip!/仿真文件/仿真.zip!/仿真/DZ3_A0_Hunter_F1to10_C40_Final20_P1_1800s/stage2_300s/family_006/candidate_022_seed_111087679/instance_manifest.json,f017f095ffcddbfee9d07bb0cef9d3a369fe19e5519e011cc95b2a3adfe3b7ab,PASS
仿真文件(1).zip!/仿真文件/仿真.zip!/仿真/DZ3_A0_Hunter_F1to10_C40_Final20_P1_1800s/stage2_300s.zip!/stage2_300s/family_006/candidate_022_seed_111087679/command.txt,仿真文件(1).zip!/仿真文件/仿真.zip!/仿真/DZ3_A0_Hunter_F1to10_C40_Final20_P1_1800s/stage2_300s/family_006/candidate_022_seed_111087679/command.txt,35a9d81e20ca393d13c42df18ccbf9cbe410201f9d388681ee260d499ea1d4e8,PASS
仿真文件(1).zip!/仿真文件/仿真.zip!/仿真/DZ3_A0_Hunter_F1to10_C40_Final20_P1_1800s/stage2_300s.zip!/stage2_300s/family_006/candidate_022_seed_111087679/all_algorithms_summary.csv,仿真文件(1).zip!/仿真文件/仿真.zip!/仿真/DZ3_A0_Hunter_F1to10_C40_Final20_P1_1800s/stage2_300s/family_006/candidate_022_seed_111087679/all_algorithms_summary.csv,a2d19a033b13a01409cce7f743063a8503cbaed805c5eebb8e3d31b310cf59c8,PASS
仿真文件(1).zip!/仿真文件/仿真.zip!/仿真/DZ3_A0_Hunter_F1to10_C40_Final20_P1_1800s/stage2_300s.zip!/stage2_300s/family_006/candidate_022_seed_111087679/gurobi_report.md,仿真文件(1).zip!/仿真文件/仿真.zip!/仿真/DZ3_A0_Hunter_F1to10_C40_Final20_P1_1800s/stage2_300s/family_006/candidate_022_seed_111087679/gurobi_report.md,96a0582849f60500b61d56a33f5ea6752d538caa1bbe8effba4113a93ba0a6ec,PASS
仿真文件(1).zip!/仿真文件/仿真.zip!/仿真/DZ3_A0_Hunter_F1to10_C40_Final20_P1_1800s/stage2_300s.zip!/stage2_300s/family_006/candidate_022_seed_111087679/gurobi_summary.csv,仿真文件(1).zip!/仿真文件/仿真.zip!/仿真/DZ3_A0_Hunter_F1to10_C40_Final20_P1_1800s/stage2_300s/family_006/candidate_022_seed_111087679/gurobi_summary.csv,a2d19a033b13a01409cce7f743063a8503cbaed805c5eebb8e3d31b310cf59c8,PASS
仿真文件(1).zip!/仿真文件/仿真.zip!/仿真/DZ3_A0_Hunter_F1to10_C40_Final20_P1_1800s/stage2_300s.zip!/stage2_300s/family_006/candidate_022_seed_111087679/HUNTER_RESULT.json,仿真文件(1).zip!/仿真文件/仿真.zip!/仿真/DZ3_A0_Hunter_F1to10_C40_Final20_P1_1800s/stage2_300s/family_006/candidate_022_seed_111087679/HUNTER_RESULT.json,66951512e88a056c4ba00bd185f9ff36a5a580e374c20e46109ba374c4b90345,PASS
仿真文件(1).zip!/仿真文件/仿真.zip!/仿真/DZ3_A0_Hunter_F1to10_C40_Final20_P1_1800s/stage2_300s.zip!/stage2_300s/family_006/candidate_022_seed_111087679/hunter_child_console.log,仿真文件(1).zip!/仿真文件/仿真.zip!/仿真/DZ3_A0_Hunter_F1to10_C40_Final20_P1_1800s/stage2_300s/family_006/candidate_022_seed_111087679/hunter_child_console.log,2e29d5f6e5e04f135f64db1c33ed7206c5d873f36eb78b5ea305658b3c6d2005,PASS
仿真文件(1).zip!/仿真文件/仿真.zip!/仿真/DZ3_A0_Hunter_F1to10_C40_Final20_P1_1800s/stage2_300s.zip!/stage2_300s/family_006/candidate_022_seed_111087679/run.log,仿真文件(1).zip!/仿真文件/仿真.zip!/仿真/DZ3_A0_Hunter_F1to10_C40_Final20_P1_1800s/stage2_300s/family_006/candidate_022_seed_111087679/run.log,70df2b5b15b9f823b7602eff5b57072b5bb3d1ca4dc4a2fe5f6068d87fbd07f4,PASS
仿真文件(1).zip!/仿真文件/仿真.zip!/仿真/DZ3_A0_Hunter_F1to10_C40_Final20_P1_1800s/stage2_300s.zip!/stage2_300s/family_006/candidate_022_seed_111087679/summary.csv,仿真文件(1).zip!/仿真文件/仿真.zip!/仿真/DZ3_A0_Hunter_F1to10_C40_Final20_P1_1800s/stage2_300s/family_006/candidate_022_seed_111087679/summary.csv,a2d19a033b13a01409cce7f743063a8503cbaed805c5eebb8e3d31b310cf59c8,PASS
仿真文件(1).zip!/仿真文件/仿真.zip!/仿真/DZ3_A0_Hunter_F1to10_C40_Final20_P1_1800s/stage2_300s.zip!/stage2_300s/family_006/candidate_022_seed_111087679/gurobi_extensive.log,仿真文件(1).zip!/仿真文件/仿真.zip!/仿真/DZ3_A0_Hunter_F1to10_C40_Final20_P1_1800s/stage2_300s/family_006/candidate_022_seed_111087679/gurobi_extensive.log,a591147321ee669132b80c16f4c82691da2a1bd4dafe315d8d26e49dc41c235c,PASS
仿真文件(1).zip!/仿真文件/仿真.zip!/仿真/DZ3_A0_Hunter_F1to10_C40_Final20_P1_1800s/stage2_300s.zip!/stage2_300s/family_006/candidate_022_seed_111087679/gurobi_baseline_log.json,仿真文件(1).zip!/仿真文件/仿真.zip!/仿真/DZ3_A0_Hunter_F1to10_C40_Final20_P1_1800s/stage2_300s/family_006/candidate_022_seed_111087679/gurobi_baseline_log.json,5008327a59f84fd354fdad15b59bc7a9ff086514f3b742b3485f9f18c5f17bda,PASS
仿真文件(1).zip!/仿真文件/仿真.zip!/仿真/DZ3_A0_Hunter_F1to10_C40_Final20_P1_1800s/stage2_300s.zip!/stage2_300s/family_006/candidate_022_seed_111087679/gurobi_baseline_log.csv,仿真文件(1).zip!/仿真文件/仿真.zip!/仿真/DZ3_A0_Hunter_F1to10_C40_Final20_P1_1800s/stage2_300s/family_006/candidate_022_seed_111087679/gurobi_baseline_log.csv,a2d19a033b13a01409cce7f743063a8503cbaed805c5eebb8e3d31b310cf59c8,PASS
仿真文件(1).zip!/仿真文件/仿真.zip!/仿真/DZ3_A0_Hunter_F1to10_C40_Final20_P1_1800s/stage2_300s.zip!/stage2_300s/family_006/candidate_022_seed_111087679/config.json,仿真文件(1).zip!/仿真文件/仿真.zip!/仿真/DZ3_A0_Hunter_F1to10_C40_Final20_P1_1800s/stage2_300s/family_006/candidate_022_seed_111087679/config.json,cfc0b07f35905ca567d923b3e88fafd3cced943de615f8466e5fbb37ff0cc773,PASS
仿真文件(1).zip!/仿真文件/仿真.zip!/仿真/DZ3_A0_Hunter_F1to10_C40_Final20_P1_1800s/stage2_300s.zip!/stage2_300s/family_006/candidate_016_seed_708591124/instance_manifest.json,仿真文件(1).zip!/仿真文件/仿真.zip!/仿真/DZ3_A0_Hunter_F1to10_C40_Final20_P1_1800s/stage2_300s/family_006/candidate_016_seed_708591124/instance_manifest.json,866918e43bb87e2049d761313013c57907d7b14951693661995f1cf8608ac2ca,PASS
仿真文件(1).zip!/仿真文件/仿真.zip!/仿真/DZ3_A0_Hunter_F1to10_C40_Final20_P1_1800s/stage2_300s.zip!/stage2_300s/family_006/candidate_016_seed_708591124/command.txt,仿真文件(1).zip!/仿真文件/仿真.zip!/仿真/DZ3_A0_Hunter_F1to10_C40_Final20_P1_1800s/stage2_300s/family_006/candidate_016_seed_708591124/command.txt,1d8dbe5be6c8b28e13efba369a911bf5c01b1fbd9ee7706cf2966302e6ca8a7c,PASS
仿真文件(1).zip!/仿真文件/仿真.zip!/仿真/DZ3_A0_Hunter_F1to10_C40_Final20_P1_1800s/stage2_300s.zip!/stage2_300s/family_006/candidate_016_seed_708591124/all_algorithms_summary.csv,仿真文件(1).zip!/仿真文件/仿真.zip!/仿真/DZ3_A0_Hunter_F1to10_C40_Final20_P1_1800s/stage2_300s/family_006/candidate_016_seed_708591124/all_algorithms_summary.csv,5fc6586af61817dda587c0175d1903dc11ed3a56361a7dd989f9a2b836dc848a,PASS
仿真文件(1).zip!/仿真文件/仿真.zip!/仿真/DZ3_A0_Hunter_F1to10_C40_Final20_P1_1800s/stage2_300s.zip!/stage2_300s/family_006/candidate_016_seed_708591124/gurobi_report.md,仿真文件(1).zip!/仿真文件/仿真.zip!/仿真/DZ3_A0_Hunter_F1to10_C40_Final20_P1_1800s/stage2_300s/family_006/candidate_016_seed_708591124/gurobi_report.md,a03bb2e78e567c3a0b722f2ddf637c5adf8ec6d1fef2aaa4164b263ffae31057,PASS
仿真文件(1).zip!/仿真文件/仿真.zip!/仿真/DZ3_A0_Hunter_F1to10_C40_Final20_P1_1800s/stage2_300s.zip!/stage2_300s/family_006/candidate_016_seed_708591124/gurobi_summary.csv,仿真文件(1).zip!/仿真文件/仿真.zip!/仿真/DZ3_A0_Hunter_F1to10_C40_Final20_P1_1800s/stage2_300s/family_006/candidate_016_seed_708591124/gurobi_summary.csv,5fc6586af61817dda587c0175d1903dc11ed3a56361a7dd989f9a2b836dc848a,PASS
仿真文件(1).zip!/仿真文件/仿真.zip!/仿真/DZ3_A0_Hunter_F1to10_C40_Final20_P1_1800s/stage2_300s.zip!/stage2_300s/family_006/candidate_016_seed_708591124/HUNTER_RESULT.json,仿真文件(1).zip!/仿真文件/仿真.zip!/仿真/DZ3_A0_Hunter_F1to10_C40_Final20_P1_1800s/stage2_300s/family_006/candidate_016_seed_708591124/HUNTER_RESULT.json,2cff194ab704ce35781ea5b1a1dc2fe42c3f79b9b920dab8db0490fe83cbecb3,PASS
仿真文件(1).zip!/仿真文件/仿真.zip!/仿真/DZ3_A0_Hunter_F1to10_C40_Final20_P1_1800s/stage2_300s.zip!/stage2_300s/family_006/candidate_016_seed_708591124/hunter_child_console.log,仿真文件(1).zip!/仿真文件/仿真.zip!/仿真/DZ3_A0_Hunter_F1to10_C40_Final20_P1_1800s/stage2_300s/family_006/candidate_016_seed_708591124/hunter_child_console.log,cd7ce1cd532eccdeeac8531cf8711a7ec4ff1d2ab02ca08766089950d73c07f7,PASS
仿真文件(1).zip!/仿真文件/仿真.zip!/仿真/DZ3_A0_Hunter_F1to10_C40_Final20_P1_1800s/stage2_300s.zip!/stage2_300s/family_006/candidate_016_seed_708591124/run.log,仿真文件(1).zip!/仿真文件/仿真.zip!/仿真/DZ3_A0_Hunter_F1to10_C40_Final20_P1_1800s/stage2_300s/family_006/candidate_016_seed_708591124/run.log,9d2d2d98fe3dd7514b51908d34b5fbabb8fdde2f69bc0e752ef654d9c736979f,PASS
仿真文件(1).zip!/仿真文件/仿真.zip!/仿真/DZ3_A0_Hunter_F1to10_C40_Final20_P1_1800s/stage2_300s.zip!/stage2_300s/family_006/candidate_016_seed_708591124/summary.csv,仿真文件(1).zip!/仿真文件/仿真.zip!/仿真/DZ3_A0_Hunter_F1to10_C40_Final20_P1_1800s/stage2_300s/family_006/candidate_016_seed_708591124/summary.csv,5fc6586af61817dda587c0175d1903dc11ed3a56361a7dd989f9a2b836dc848a,PASS
仿真文件(1).zip!/仿真文件/仿真.zip!/仿真/DZ3_A0_Hunter_F1to10_C40_Final20_P1_1800s/stage2_300s.zip!/stage2_300s/family_006/candidate_016_seed_708591124/gurobi_extensive.log,仿真文件(1).zip!/仿真文件/仿真.zip!/仿真/DZ3_A0_Hunter_F1to10_C40_Final20_P1_1800s/stage2_300s/family_006/candidate_016_seed_708591124/gurobi_extensive.log,3e6ce945d9f23b7917b0d8d83f9a751bcab4df2f5053cec01ec54f30d3dc6f90,PASS
仿真文件(1).zip!/仿真文件/仿真.zip!/仿真/DZ3_A0_Hunter_F1to10_C40_Final20_P1_1800s/stage2_300s.zip!/stage2_300s/family_006/candidate_016_seed_708591124/gurobi_baseline_log.json,仿真文件(1).zip!/仿真文件/仿真.zip!/仿真/DZ3_A0_Hunter_F1to10_C40_Final20_P1_1800s/stage2_300s/family_006/candidate_016_seed_708591124/gurobi_baseline_log.json,7ee7c051cb63bd6de2e20a729502f067e5abd1dcc44b4c7ac09dc04bac4842d3,PASS
仿真文件(1).zip!/仿真文件/仿真.zip!/仿真/DZ3_A0_Hunter_F1to10_C40_Final20_P1_1800s/stage2_300s.zip!/stage2_300s/family_006/candidate_016_seed_708591124/gurobi_baseline_log.csv,仿真文件(1).zip!/仿真文件/仿真.zip!/仿真/DZ3_A0_Hunter_F1to10_C40_Final20_P1_1800s/stage2_300s/family_006/candidate_016_seed_708591124/gurobi_baseline_log.csv,5fc6586af61817dda587c0175d1903dc11ed3a56361a7dd989f9a2b836dc848a,PASS
仿真文件(1).zip!/仿真文件/仿真.zip!/仿真/DZ3_A0_Hunter_F1to10_C40_Final20_P1_1800s/stage2_300s.zip!/stage2_300s/family_006/candidate_016_seed_708591124/config.json,仿真文件(1).zip!/仿真文件/仿真.zip!/仿真/DZ3_A0_Hunter_F1to10_C40_Final20_P1_1800s/stage2_300s/family_006/candidate_016_seed_708591124/config.json,b4f85c50f232c2fc1e0e07a6d90928ef1f239c24bc414907429969f0d500e0ce,PASS
仿真文件(1).zip!/仿真文件/仿真.zip!/仿真/DZ3_A0_Hunter_F1to10_C40_Final20_P1_1800s/stage2_300s.zip!/stage2_300s/family_006/candidate_004_seed_737168579/instance_manifest.json,仿真文件(1).zip!/仿真文件/仿真.zip!/仿真/DZ3_A0_Hunter_F1to10_C40_Final20_P1_1800s/stage2_300s/family_006/candidate_004_seed_737168579/instance_manifest.json,630ca946d15da54498f105f7ab7a060099e62bde5906b317e01ca3617511952e,PASS
仿真文件(1).zip!/仿真文件/仿真.zip!/仿真/DZ3_A0_Hunter_F1to10_C40_Final20_P1_1800s/stage2_300s.zip!/stage2_300s/family_006/candidate_004_seed_737168579/command.txt,仿真文件(1).zip!/仿真文件/仿真.zip!/仿真/DZ3_A0_Hunter_F1to10_C40_Final20_P1_1800s/stage2_300s/family_006/candidate_004_seed_737168579/command.txt,54a7879690d1f04fd36ddfa2fdc8f838c4a2325fe16135e9e7487a531801bced,PASS
仿真文件(1).zip!/仿真文件/仿真.zip!/仿真/DZ3_A0_Hunter_F1to10_C40_Final20_P1_1800s/stage2_300s.zip!/stage2_300s/family_006/candidate_004_seed_737168579/all_algorithms_summary.csv,仿真文件(1).zip!/仿真文件/仿真.zip!/仿真/DZ3_A0_Hunter_F1to10_C40_Final20_P1_1800s/stage2_300s/family_006/candidate_004_seed_737168579/all_algorithms_summary.csv,a6715544e53388cff9a01d4a3d0d21a7d146458869a36c6a3532bc825e8c799c,PASS
仿真文件(1).zip!/仿真文件/仿真.zip!/仿真/DZ3_A0_Hunter_F1to10_C40_Final20_P1_1800s/stage2_300s.zip!/stage2_300s/family_006/candidate_004_seed_737168579/gurobi_report.md,仿真文件(1).zip!/仿真文件/仿真.zip!/仿真/DZ3_A0_Hunter_F1to10_C40_Final20_P1_1800s/stage2_300s/family_006/candidate_004_seed_737168579/gurobi_report.md,605635a9cd8623f2b75c18392789c0ecb4d496eea7b0944aacf0fd09e3050dfc,PASS
仿真文件(1).zip!/仿真文件/仿真.zip!/仿真/DZ3_A0_Hunter_F1to10_C40_Final20_P1_1800s/stage2_300s.zip!/stage2_300s/family_006/candidate_004_seed_737168579/gurobi_summary.csv,仿真文件(1).zip!/仿真文件/仿真.zip!/仿真/DZ3_A0_Hunter_F1to10_C40_Final20_P1_1800s/stage2_300s/family_006/candidate_004_seed_737168579/gurobi_summary.csv,a6715544e53388cff9a01d4a3d0d21a7d146458869a36c6a3532bc825e8c799c,PASS
仿真文件(1).zip!/仿真文件/仿真.zip!/仿真/DZ3_A0_Hunter_F1to10_C40_Final20_P1_1800s/stage2_300s.zip!/stage2_300s/family_006/candidate_004_seed_737168579/HUNTER_RESULT.json,仿真文件(1).zip!/仿真文件/仿真.zip!/仿真/DZ3_A0_Hunter_F1to10_C40_Final20_P1_1800s/stage2_300s/family_006/candidate_004_seed_737168579/HUNTER_RESULT.json,883d241e29687fc415e2d2924c008c33ad09cf4e4ed1e42807559c0491129b3b,PASS
仿真文件(1).zip!/仿真文件/仿真.zip!/仿真/DZ3_A0_Hunter_F1to10_C40_Final20_P1_1800s/stage2_300s.zip!/stage2_300s/family_006/candidate_004_seed_737168579/hunter_child_console.log,仿真文件(1).zip!/仿真文件/仿真.zip!/仿真/DZ3_A0_Hunter_F1to10_C40_Final20_P1_1800s/stage2_300s/family_006/candidate_004_seed_737168579/hunter_child_console.log,fa29bbc528067a9fd8fde5d682a1174edf62a88ab80e26102e9d203e6b72a846,PASS
仿真文件(1).zip!/仿真文件/仿真.zip!/仿真/DZ3_A0_Hunter_F1to10_C40_Final20_P1_1800s/stage2_300s.zip!/stage2_300s/family_006/candidate_004_seed_737168579/run.log,仿真文件(1).zip!/仿真文件/仿真.zip!/仿真/DZ3_A0_Hunter_F1to10_C40_Final20_P1_1800s/stage2_300s/family_006/candidate_004_seed_737168579/run.log,1109102399902d07b1632cf2e38ef0d516754ea70a5dce46f64a993c695c9325,PASS
仿真文件(1).zip!/仿真文件/仿真.zip!/仿真/DZ3_A0_Hunter_F1to10_C40_Final20_P1_1800s/stage2_300s.zip!/stage2_300s/family_006/candidate_004_seed_737168579/summary.csv,仿真文件(1).zip!/仿真文件/仿真.zip!/仿真/DZ3_A0_Hunter_F1to10_C40_Final20_P1_1800s/stage2_300s/family_006/candidate_004_seed_737168579/summary.csv,a6715544e53388cff9a01d4a3d0d21a7d146458869a36c6a3532bc825e8c799c,PASS
仿真文件(1).zip!/仿真文件/仿真.zip!/仿真/DZ3_A0_Hunter_F1to10_C40_Final20_P1_1800s/stage2_300s.zip!/stage2_300s/family_006/candidate_004_seed_737168579/gurobi_extensive.log,仿真文件(1).zip!/仿真文件/仿真.zip!/仿真/DZ3_A0_Hunter_F1to10_C40_Final20_P1_1800s/stage2_300s/family_006/candidate_004_seed_737168579/gurobi_extensive.log,6b0a64c7937feef58085115f14d948df6fffaedf156397022adfa47386b43d5e,PASS
仿真文件(1).zip!/仿真文件/仿真.zip!/仿真/DZ3_A0_Hunter_F1to10_C40_Final20_P1_1800s/stage2_300s.zip!/stage2_300s/family_006/candidate_004_seed_737168579/gurobi_baseline_log.json,仿真文件(1).zip!/仿真文件/仿真.zip!/仿真/DZ3_A0_Hunter_F1to10_C40_Final20_P1_1800s/stage2_300s/family_006/candidate_004_seed_737168579/gurobi_baseline_log.json,58d01e1baf59c2f0ceb9ddaf3309e45ddd152f820a5285fd35fce7c9c37ad471,PASS
仿真文件(1).zip!/仿真文件/仿真.zip!/仿真/DZ3_A0_Hunter_F1to10_C40_Final20_P1_1800s/stage2_300s.zip!/stage2_300s/family_006/candidate_004_seed_737168579/gurobi_baseline_log.csv,仿真文件(1).zip!/仿真文件/仿真.zip!/仿真/DZ3_A0_Hunter_F1to10_C40_Final20_P1_1800s/stage2_300s/family_006/candidate_004_seed_737168579/gurobi_baseline_log.csv,a6715544e53388cff9a01d4a3d0d21a7d146458869a36c6a3532bc825e8c799c,PASS
仿真文件(1).zip!/仿真文件/仿真.zip!/仿真/DZ3_A0_Hunter_F1to10_C40_Final20_P1_1800s/stage2_300s.zip!/stage2_300s/family_006/candidate_004_seed_737168579/config.json,仿真文件(1).zip!/仿真文件/仿真.zip!/仿真/DZ3_A0_Hunter_F1to10_C40_Final20_P1_1800s/stage2_300s/family_006/candidate_004_seed_737168579/config.json,2b9daa1d31f60ffd6ceacf55be03142605bbbd77951889578d422b5a4202f581,PASS
仿真文件(1).zip!/仿真文件/仿真.zip!/仿真/DZ3_A0_Hunter_F1to10_C40_Final20_P1_1800s/stage2_300s.zip!/stage2_300s/family_006/candidate_030_seed_1775975473/instance_manifest.json,仿真文件(1).zip!/仿真文件/仿真.zip!/仿真/DZ3_A0_Hunter_F1to10_C40_Final20_P1_1800s/stage2_300s/family_006/candidate_030_seed_1775975473/instance_manifest.json,e1ae12a5d358c6e2c5ea247084d07775d8b88cd4e8a1f0a6983af8ff6b7767a2,PASS
仿真文件(1).zip!/仿真文件/仿真.zip!/仿真/DZ3_A0_Hunter_F1to10_C40_Final20_P1_1800s/stage2_300s.zip!/stage2_300s/family_006/candidate_030_seed_1775975473/command.txt,仿真文件(1).zip!/仿真文件/仿真.zip!/仿真/DZ3_A0_Hunter_F1to10_C40_Final20_P1_1800s/stage2_300s/family_006/candidate_030_seed_1775975473/command.txt,52aaaca7632cf45aaac372f17565e2600cf08ec8402e8458f63f81d0f792b2a3,PASS
仿真文件(1).zip!/仿真文件/仿真.zip!/仿真/DZ3_A0_Hunter_F1to10_C40_Final20_P1_1800s/stage2_300s.zip!/stage2_300s/family_006/candidate_030_seed_1775975473/all_algorithms_summary.csv,仿真文件(1).zip!/仿真文件/仿真.zip!/仿真/DZ3_A0_Hunter_F1to10_C40_Final20_P1_1800s/stage2_300s/family_006/candidate_030_seed_1775975473/all_algorithms_summary.csv,b219d6eb66b5f8525fb045e4f2ab8bebfe2ba934048677bde6b7ae307e642902,PASS
仿真文件(1).zip!/仿真文件/仿真.zip!/仿真/DZ3_A0_Hunter_F1to10_C40_Final20_P1_1800s/stage2_300s.zip!/stage2_300s/family_006/candidate_030_seed_1775975473/gurobi_report.md,仿真文件(1).zip!/仿真文件/仿真.zip!/仿真/DZ3_A0_Hunter_F1to10_C40_Final20_P1_1800s/stage2_300s/family_006/candidate_030_seed_1775975473/gurobi_report.md,59af1cc56d3e08d1b68a056f1bb4f8d5db36f8d8bfa296e44ed3a22b4d4725b4,PASS
仿真文件(1).zip!/仿真文件/仿真.zip!/仿真/DZ3_A0_Hunter_F1to10_C40_Final20_P1_1800s/stage2_300s.zip!/stage2_300s/family_006/candidate_030_seed_1775975473/gurobi_summary.csv,仿真文件(1).zip!/仿真文件/仿真.zip!/仿真/DZ3_A0_Hunter_F1to10_C40_Final20_P1_1800s/stage2_300s/family_006/candidate_030_seed_1775975473/gurobi_summary.csv,b219d6eb66b5f8525fb045e4f2ab8bebfe2ba934048677bde6b7ae307e642902,PASS
仿真文件(1).zip!/仿真文件/仿真.zip!/仿真/DZ3_A0_Hunter_F1to10_C40_Final20_P1_1800s/stage2_300s.zip!/stage2_300s/family_006/candidate_030_seed_1775975473/HUNTER_RESULT.json,仿真文件(1).zip!/仿真文件/仿真.zip!/仿真/DZ3_A0_Hunter_F1to10_C40_Final20_P1_1800s/stage2_300s/family_006/candidate_030_seed_1775975473/HUNTER_RESULT.json,bb9973e35729e5b2fe8ca005dce3823bfacb58cba980614c27d09f066ba21cf8,PASS
仿真文件(1).zip!/仿真文件/仿真.zip!/仿真/DZ3_A0_Hunter_F1to10_C40_Final20_P1_1800s/stage2_300s.zip!/stage2_300s/family_006/candidate_030_seed_1775975473/hunter_child_console.log,仿真文件(1).zip!/仿真文件/仿真.zip!/仿真/DZ3_A0_Hunter_F1to10_C40_Final20_P1_1800s/stage2_300s/family_006/candidate_030_seed_1775975473/hunter_child_console.log,079fe64d8297b3e5c52dc6c9010f7659970b74a5d127c0524941d6838b535a86,PASS
仿真文件(1).zip!/仿真文件/仿真.zip!/仿真/DZ3_A0_Hunter_F1to10_C40_Final20_P1_1800s/stage2_300s.zip!/stage2_300s/family_006/candidate_030_seed_1775975473/run.log,仿真文件(1).zip!/仿真文件/仿真.zip!/仿真/DZ3_A0_Hunter_F1to10_C40_Final20_P1_1800s/stage2_300s/family_006/candidate_030_seed_1775975473/run.log,72ce4e4a5015d10cc0f4b02df1bf6c0f1bb743257648caad95a2466413c9f3bf,PASS
仿真文件(1).zip!/仿真文件/仿真.zip!/仿真/DZ3_A0_Hunter_F1to10_C40_Final20_P1_1800s/stage2_300s.zip!/stage2_300s/family_006/candidate_030_seed_1775975473/summary.csv,仿真文件(1).zip!/仿真文件/仿真.zip!/仿真/DZ3_A0_Hunter_F1to10_C40_Final20_P1_1800s/stage2_300s/family_006/candidate_030_seed_1775975473/summary.csv,b219d6eb66b5f8525fb045e4f2ab8bebfe2ba934048677bde6b7ae307e642902,PASS
仿真文件(1).zip!/仿真文件/仿真.zip!/仿真/DZ3_A0_Hunter_F1to10_C40_Final20_P1_1800s/stage2_300s.zip!/stage2_300s/family_006/candidate_030_seed_1775975473/gurobi_extensive.log,仿真文件(1).zip!/仿真文件/仿真.zip!/仿真/DZ3_A0_Hunter_F1to10_C40_Final20_P1_1800s/stage2_300s/family_006/candidate_030_seed_1775975473/gurobi_extensive.log,81dafa6b2408f9657d630c0c6eef0ad65201c0ae2c184128c0873c952f168dc2,PASS
仿真文件(1).zip!/仿真文件/仿真.zip!/仿真/DZ3_A0_Hunter_F1to10_C40_Final20_P1_1800s/stage2_300s.zip!/stage2_300s/family_006/candidate_030_seed_1775975473/gurobi_baseline_log.json,仿真文件(1).zip!/仿真文件/仿真.zip!/仿真/DZ3_A0_Hunter_F1to10_C40_Final20_P1_1800s/stage2_300s/family_006/candidate_030_seed_1775975473/gurobi_baseline_log.json,d945424ea4a0608002ef346030beffc4a3b2ef4ecbd86069c1421faefbd9da5e,PASS
仿真文件(1).zip!/仿真文件/仿真.zip!/仿真/DZ3_A0_Hunter_F1to10_C40_Final20_P1_1800s/stage2_300s.zip!/stage2_300s/family_006/candidate_030_seed_1775975473/gurobi_baseline_log.csv,仿真文件(1).zip!/仿真文件/仿真.zip!/仿真/DZ3_A0_Hunter_F1to10_C40_Final20_P1_1800s/stage2_300s/family_006/candidate_030_seed_1775975473/gurobi_baseline_log.csv,b219d6eb66b5f8525fb045e4f2ab8bebfe2ba934048677bde6b7ae307e642902,PASS
仿真文件(1).zip!/仿真文件/仿真.zip!/仿真/DZ3_A0_Hunter_F1to10_C40_Final20_P1_1800s/stage2_300s.zip!/stage2_300s/family_006/candidate_030_seed_1775975473/config.json,仿真文件(1).zip!/仿真文件/仿真.zip!/仿真/DZ3_A0_Hunter_F1to10_C40_Final20_P1_1800s/stage2_300s/family_006/candidate_030_seed_1775975473/config.json,53698f51ef460c6da00a53f79381145284a9f673c838c377f38eeadf9038650b,PASS
仿真文件(1).zip!/仿真文件/仿真.zip!/仿真/DZ3_A0_Hunter_F1to10_C40_Final20_P1_1800s/stage2_300s.zip!/stage2_300s/family_006/candidate_036_seed_445472431/instance_manifest.json,仿真文件(1).zip!/仿真文件/仿真.zip!/仿真/DZ3_A0_Hunter_F1to10_C40_Final20_P1_1800s/stage2_300s/family_006/candidate_036_seed_445472431/instance_manifest.json,217a3c47c69b44a2a857b5326e5af18985be5f490933476d931b7d46c2c234f1,PASS
仿真文件(1).zip!/仿真文件/仿真.zip!/仿真/DZ3_A0_Hunter_F1to10_C40_Final20_P1_1800s/stage2_300s.zip!/stage2_300s/family_006/candidate_036_seed_445472431/command.txt,仿真文件(1).zip!/仿真文件/仿真.zip!/仿真/DZ3_A0_Hunter_F1to10_C40_Final20_P1_1800s/stage2_300s/family_006/candidate_036_seed_445472431/command.txt,67606c67c9dd999472af161dd8b1033be1ac45ac74b8529fc7312dc0316b4198,PASS
仿真文件(1).zip!/仿真文件/仿真.zip!/仿真/DZ3_A0_Hunter_F1to10_C40_Final20_P1_1800s/stage2_300s.zip!/stage2_300s/family_006/candidate_036_seed_445472431/all_algorithms_summary.csv,仿真文件(1).zip!/仿真文件/仿真.zip!/仿真/DZ3_A0_Hunter_F1to10_C40_Final20_P1_1800s/stage2_300s/family_006/candidate_036_seed_445472431/all_algorithms_summary.csv,646bd75c41f44470c96fc5a8bc42184de6c97786b1005af6f967d92fa13a51ef,PASS
仿真文件(1).zip!/仿真文件/仿真.zip!/仿真/DZ3_A0_Hunter_F1to10_C40_Final20_P1_1800s/stage2_300s.zip!/stage2_300s/family_006/candidate_036_seed_445472431/gurobi_report.md,仿真文件(1).zip!/仿真文件/仿真.zip!/仿真/DZ3_A0_Hunter_F1to10_C40_Final20_P1_1800s/stage2_300s/family_006/candidate_036_seed_445472431/gurobi_report.md,3a61fd1a6ba378a94a5e499f935111865372efd06608883d637e3106631348c3,PASS
仿真文件(1).zip!/仿真文件/仿真.zip!/仿真/DZ3_A0_Hunter_F1to10_C40_Final20_P1_1800s/stage2_300s.zip!/stage2_300s/family_006/candidate_036_seed_445472431/gurobi_summary.csv,仿真文件(1).zip!/仿真文件/仿真.zip!/仿真/DZ3_A0_Hunter_F1to10_C40_Final20_P1_1800s/stage2_300s/family_006/candidate_036_seed_445472431/gurobi_summary.csv,646bd75c41f44470c96fc5a8bc42184de6c97786b1005af6f967d92fa13a51ef,PASS
仿真文件(1).zip!/仿真文件/仿真.zip!/仿真/DZ3_A0_Hunter_F1to10_C40_Final20_P1_1800s/stage2_300s.zip!/stage2_300s/family_006/candidate_036_seed_445472431/HUNTER_RESULT.json,仿真文件(1).zip!/仿真文件/仿真.zip!/仿真/DZ3_A0_Hunter_F1to10_C40_Final20_P1_1800s/stage2_300s/family_006/candidate_036_seed_445472431/HUNTER_RESULT.json,d0683e5caf36ef4d2631669e87592e2549e1da19f932b702fe39dd6847cf7464,PASS
仿真文件(1).zip!/仿真文件/仿真.zip!/仿真/DZ3_A0_Hunter_F1to10_C40_Final20_P1_1800s/stage2_300s.zip!/stage2_300s/family_006/candidate_036_seed_445472431/hunter_child_console.log,仿真文件(1).zip!/仿真文件/仿真.zip!/仿真/DZ3_A0_Hunter_F1to10_C40_Final20_P1_1800s/stage2_300s/family_006/candidate_036_seed_445472431/hunter_child_console.log,7d649ff505add6864a15cbdf6dd7e8dae183c99f35ee2d11e39b28b7d563fc76,PASS
仿真文件(1).zip!/仿真文件/仿真.zip!/仿真/DZ3_A0_Hunter_F1to10_C40_Final20_P1_1800s/stage2_300s.zip!/stage2_300s/family_006/candidate_036_seed_445472431/run.log,仿真文件(1).zip!/仿真文件/仿真.zip!/仿真/DZ3_A0_Hunter_F1to10_C40_Final20_P1_1800s/stage2_300s/family_006/candidate_036_seed_445472431/run.log,058bd129c92c2de84e0dbc6f15e385d13f452c9d7036d7dcf504b0ce1e11f33c,PASS
仿真文件(1).zip!/仿真文件/仿真.zip!/仿真/DZ3_A0_Hunter_F1to10_C40_Final20_P1_1800s/stage2_300s.zip!/stage2_300s/family_006/candidate_036_seed_445472431/summary.csv,仿真文件(1).zip!/仿真文件/仿真.zip!/仿真/DZ3_A0_Hunter_F1to10_C40_Final20_P1_1800s/stage2_300s/family_006/candidate_036_seed_445472431/summary.csv,646bd75c41f44470c96fc5a8bc42184de6c97786b1005af6f967d92fa13a51ef,PASS
仿真文件(1).zip!/仿真文件/仿真.zip!/仿真/DZ3_A0_Hunter_F1to10_C40_Final20_P1_1800s/stage2_300s.zip!/stage2_300s/family_006/candidate_036_seed_445472431/gurobi_extensive.log,仿真文件(1).zip!/仿真文件/仿真.zip!/仿真/DZ3_A0_Hunter_F1to10_C40_Final20_P1_1800s/stage2_300s/family_006/candidate_036_seed_445472431/gurobi_extensive.log,e8f1edbb2f28d17ab492ab7eba565ed3be3747c942796195dd689fd9114fe970,PASS
仿真文件(1).zip!/仿真文件/仿真.zip!/仿真/DZ3_A0_Hunter_F1to10_C40_Final20_P1_1800s/stage2_300s.zip!/stage2_300s/family_006/candidate_036_seed_445472431/gurobi_baseline_log.json,仿真文件(1).zip!/仿真文件/仿真.zip!/仿真/DZ3_A0_Hunter_F1to10_C40_Final20_P1_1800s/stage2_300s/family_006/candidate_036_seed_445472431/gurobi_baseline_log.json,d1da63e1f9ee801c7a5dd937314beda43bfaef85d22911071a82e993345a0b0b,PASS
仿真文件(1).zip!/仿真文件/仿真.zip!/仿真/DZ3_A0_Hunter_F1to10_C40_Final20_P1_1800s/stage2_300s.zip!/stage2_300s/family_006/candidate_036_seed_445472431/gurobi_baseline_log.csv,仿真文件(1).zip!/仿真文件/仿真.zip!/仿真/DZ3_A0_Hunter_F1to10_C40_Final20_P1_1800s/stage2_300s/family_006/candidate_036_seed_445472431/gurobi_baseline_log.csv,646bd75c41f44470c96fc5a8bc42184de6c97786b1005af6f967d92fa13a51ef,PASS
仿真文件(1).zip!/仿真文件/仿真.zip!/仿真/DZ3_A0_Hunter_F1to10_C40_Final20_P1_1800s/stage2_300s.zip!/stage2_300s/family_006/candidate_036_seed_445472431/config.json,仿真文件(1).zip!/仿真文件/仿真.zip!/仿真/DZ3_A0_Hunter_F1to10_C40_Final20_P1_1800s/stage2_300s/family_006/candidate_036_seed_445472431/config.json,a84364a00f696bf458d08200d83bc52a510fbd4321a81ebc26c983120fc2ff70,PASS
仿真文件(1).zip!/仿真文件/仿真.zip!/仿真/DZ3_A0_Hunter_F1to10_C40_Final20_P1_1800s/stage2_300s.zip!/stage2_300s/family_006/candidate_038_seed_1825072544/instance_manifest.json,仿真文件(1).zip!/仿真文件/仿真.zip!/仿真/DZ3_A0_Hunter_F1to10_C40_Final20_P1_1800s/stage2_300s/family_006/candidate_038_seed_1825072544/instance_manifest.json,546cc116104f6569825b0eb03563fcbce2cdc3ffe775bf847ab3fe83b29bd014,PASS
仿真文件(1).zip!/仿真文件/仿真.zip!/仿真/DZ3_A0_Hunter_F1to10_C40_Final20_P1_1800s/stage2_300s.zip!/stage2_300s/family_006/candidate_038_seed_1825072544/command.txt,仿真文件(1).zip!/仿真文件/仿真.zip!/仿真/DZ3_A0_Hunter_F1to10_C40_Final20_P1_1800s/stage2_300s/family_006/candidate_038_seed_1825072544/command.txt,03f7147269fa6dfe97d81cac28e0ea96398cb0db5dbacd0313852432895411d7,PASS
仿真文件(1).zip!/仿真文件/仿真.zip!/仿真/DZ3_A0_Hunter_F1to10_C40_Final20_P1_1800s/stage2_300s.zip!/stage2_300s/family_006/candidate_038_seed_1825072544/all_algorithms_summary.csv,仿真文件(1).zip!/仿真文件/仿真.zip!/仿真/DZ3_A0_Hunter_F1to10_C40_Final20_P1_1800s/stage2_300s/family_006/candidate_038_seed_1825072544/all_algorithms_summary.csv,e56e7ac423fcb538f3ac72bfef81016cf5b23909908bd3b056a0769274d697c6,PASS
仿真文件(1).zip!/仿真文件/仿真.zip!/仿真/DZ3_A0_Hunter_F1to10_C40_Final20_P1_1800s/stage2_300s.zip!/stage2_300s/family_006/candidate_038_seed_1825072544/gurobi_report.md,仿真文件(1).zip!/仿真文件/仿真.zip!/仿真/DZ3_A0_Hunter_F1to10_C40_Final20_P1_1800s/stage2_300s/family_006/candidate_038_seed_1825072544/gurobi_report.md,7c8e5420c78f9d9d091908e92fecc96a556b324c6e6549504040316239e2b590,PASS
仿真文件(1).zip!/仿真文件/仿真.zip!/仿真/DZ3_A0_Hunter_F1to10_C40_Final20_P1_1800s/stage2_300s.zip!/stage2_300s/family_006/candidate_038_seed_1825072544/gurobi_summary.csv,仿真文件(1).zip!/仿真文件/仿真.zip!/仿真/DZ3_A0_Hunter_F1to10_C40_Final20_P1_1800s/stage2_300s/family_006/candidate_038_seed_1825072544/gurobi_summary.csv,e56e7ac423fcb538f3ac72bfef81016cf5b23909908bd3b056a0769274d697c6,PASS
仿真文件(1).zip!/仿真文件/仿真.zip!/仿真/DZ3_A0_Hunter_F1to10_C40_Final20_P1_1800s/stage2_300s.zip!/stage2_300s/family_006/candidate_038_seed_1825072544/HUNTER_RESULT.json,仿真文件(1).zip!/仿真文件/仿真.zip!/仿真/DZ3_A0_Hunter_F1to10_C40_Final20_P1_1800s/stage2_300s/family_006/candidate_038_seed_1825072544/HUNTER_RESULT.json,2997bc5818ad12bf9ed19132de20f2675cc674ef475cd3bcf9814964653bfcc8,PASS
仿真文件(1).zip!/仿真文件/仿真.zip!/仿真/DZ3_A0_Hunter_F1to10_C40_Final20_P1_1800s/stage2_300s.zip!/stage2_300s/family_006/candidate_038_seed_1825072544/hunter_child_console.log,仿真文件(1).zip!/仿真文件/仿真.zip!/仿真/DZ3_A0_Hunter_F1to10_C40_Final20_P1_1800s/stage2_300s/family_006/candidate_038_seed_1825072544/hunter_child_console.log,d2b8e2ecd7b4e95eed9fa7515cb47ead75f218fac8410017dfc2133212637797,PASS
仿真文件(1).zip!/仿真文件/仿真.zip!/仿真/DZ3_A0_Hunter_F1to10_C40_Final20_P1_1800s/stage2_300s.zip!/stage2_300s/family_006/candidate_038_seed_1825072544/run.log,仿真文件(1).zip!/仿真文件/仿真.zip!/仿真/DZ3_A0_Hunter_F1to10_C40_Final20_P1_1800s/stage2_300s/family_006/candidate_038_seed_1825072544/run.log,30bcc05b09366bab58d9fc42915c3aab6fe92660d077a9b605abefcd63f6d8e8,PASS
仿真文件(1).zip!/仿真文件/仿真.zip!/仿真/DZ3_A0_Hunter_F1to10_C40_Final20_P1_1800s/stage2_300s.zip!/stage2_300s/family_006/candidate_038_seed_1825072544/summary.csv,仿真文件(1).zip!/仿真文件/仿真.zip!/仿真/DZ3_A0_Hunter_F1to10_C40_Final20_P1_1800s/stage2_300s/family_006/candidate_038_seed_1825072544/summary.csv,e56e7ac423fcb538f3ac72bfef81016cf5b23909908bd3b056a0769274d697c6,PASS
仿真文件(1).zip!/仿真文件/仿真.zip!/仿真/DZ3_A0_Hunter_F1to10_C40_Final20_P1_1800s/stage2_300s.zip!/stage2_300s/family_006/candidate_038_seed_1825072544/gurobi_extensive.log,仿真文件(1).zip!/仿真文件/仿真.zip!/仿真/DZ3_A0_Hunter_F1to10_C40_Final20_P1_1800s/stage2_300s/family_006/candidate_038_seed_1825072544/gurobi_extensive.log,3c24516632da863d353a91cc9073dc9ec2c3ca2216cc5ad57da3fe8e8396495d,PASS
仿真文件(1).zip!/仿真文件/仿真.zip!/仿真/DZ3_A0_Hunter_F1to10_C40_Final20_P1_1800s/stage2_300s.zip!/stage2_300s/family_006/candidate_038_seed_1825072544/gurobi_baseline_log.json,仿真文件(1).zip!/仿真文件/仿真.zip!/仿真/DZ3_A0_Hunter_F1to10_C40_Final20_P1_1800s/stage2_300s/family_006/candidate_038_seed_1825072544/gurobi_baseline_log.json,3a19d1ab41bf2ec2dec590bfbc14ded84780b2a141a48564b075cbf2b6d25b2a,PASS
仿真文件(1).zip!/仿真文件/仿真.zip!/仿真/DZ3_A0_Hunter_F1to10_C40_Final20_P1_1800s/stage2_300s.zip!/stage2_300s/family_006/candidate_038_seed_1825072544/gurobi_baseline_log.csv,仿真文件(1).zip!/仿真文件/仿真.zip!/仿真/DZ3_A0_Hunter_F1to10_C40_Final20_P1_1800s/stage2_300s/family_006/candidate_038_seed_1825072544/gurobi_baseline_log.csv,e56e7ac423fcb538f3ac72bfef81016cf5b23909908bd3b056a0769274d697c6,PASS
仿真文件(1).zip!/仿真文件/仿真.zip!/仿真/DZ3_A0_Hunter_F1to10_C40_Final20_P1_1800s/stage2_300s.zip!/stage2_300s/family_006/candidate_038_seed_1825072544/config.json,仿真文件(1).zip!/仿真文件/仿真.zip!/仿真/DZ3_A0_Hunter_F1to10_C40_Final20_P1_1800s/stage2_300s/family_006/candidate_038_seed_1825072544/config.json,5ceeb7d595ea80a7b495c923422b83e72916c782187d014a2a998cfa092feabb,PASS
仿真文件(1).zip!/仿真文件/仿真.zip!/仿真/DZ3_A0_Hunter_F1to10_C40_Final20_P1_1800s/stage2_300s.zip!/stage2_300s/family_006/candidate_037_seed_1177541701/instance_manifest.json,仿真文件(1).zip!/仿真文件/仿真.zip!/仿真/DZ3_A0_Hunter_F1to10_C40_Final20_P1_1800s/stage2_300s/family_006/candidate_037_seed_1177541701/instance_manifest.json,5bf26c8eba938eb3468ea8a2fb2fce29440f0ab72a3fbcd97c1510f6428075a1,PASS
仿真文件(1).zip!/仿真文件/仿真.zip!/仿真/DZ3_A0_Hunter_F1to10_C40_Final20_P1_1800s/stage2_300s.zip!/stage2_300s/family_006/candidate_037_seed_1177541701/command.txt,仿真文件(1).zip!/仿真文件/仿真.zip!/仿真/DZ3_A0_Hunter_F1to10_C40_Final20_P1_1800s/stage2_300s/family_006/candidate_037_seed_1177541701/command.txt,fd7b49db676965464faaa2b55d159baa50b45bed594342f122ba2043b8697e32,PASS
仿真文件(1).zip!/仿真文件/仿真.zip!/仿真/DZ3_A0_Hunter_F1to10_C40_Final20_P1_1800s/stage2_300s.zip!/stage2_300s/family_006/candidate_037_seed_1177541701/all_algorithms_summary.csv,仿真文件(1).zip!/仿真文件/仿真.zip!/仿真/DZ3_A0_Hunter_F1to10_C40_Final20_P1_1800s/stage2_300s/family_006/candidate_037_seed_1177541701/all_algorithms_summary.csv,977535ef731d3226703b8c35194d2466440452f58956d67436168dbca8bd0182,PASS
仿真文件(1).zip!/仿真文件/仿真.zip!/仿真/DZ3_A0_Hunter_F1to10_C40_Final20_P1_1800s/stage2_300s.zip!/stage2_300s/family_006/candidate_037_seed_1177541701/gurobi_report.md,仿真文件(1).zip!/仿真文件/仿真.zip!/仿真/DZ3_A0_Hunter_F1to10_C40_Final20_P1_1800s/stage2_300s/family_006/candidate_037_seed_1177541701/gurobi_report.md,b8c9904b12116a9dad554dcf860be24e2e7a07adf538333d9921576016d25def,PASS
仿真文件(1).zip!/仿真文件/仿真.zip!/仿真/DZ3_A0_Hunter_F1to10_C40_Final20_P1_1800s/stage2_300s.zip!/stage2_300s/family_006/candidate_037_seed_1177541701/gurobi_summary.csv,仿真文件(1).zip!/仿真文件/仿真.zip!/仿真/DZ3_A0_Hunter_F1to10_C40_Final20_P1_1800s/stage2_300s/family_006/candidate_037_seed_1177541701/gurobi_summary.csv,977535ef731d3226703b8c35194d2466440452f58956d67436168dbca8bd0182,PASS
仿真文件(1).zip!/仿真文件/仿真.zip!/仿真/DZ3_A0_Hunter_F1to10_C40_Final20_P1_1800s/stage2_300s.zip!/stage2_300s/family_006/candidate_037_seed_1177541701/HUNTER_RESULT.json,仿真文件(1).zip!/仿真文件/仿真.zip!/仿真/DZ3_A0_Hunter_F1to10_C40_Final20_P1_1800s/stage2_300s/family_006/candidate_037_seed_1177541701/HUNTER_RESULT.json,2ee28aedd12b597062ec136dbbe631f0b26e11c25a0b1f88531baf4dc43355c5,PASS
仿真文件(1).zip!/仿真文件/仿真.zip!/仿真/DZ3_A0_Hunter_F1to10_C40_Final20_P1_1800s/stage2_300s.zip!/stage2_300s/family_006/candidate_037_seed_1177541701/hunter_child_console.log,仿真文件(1).zip!/仿真文件/仿真.zip!/仿真/DZ3_A0_Hunter_F1to10_C40_Final20_P1_1800s/stage2_300s/family_006/candidate_037_seed_1177541701/hunter_child_console.log,c6ed244f228701c994ed89618f9d08ef9a23cc26025c3560c644cfac7eddd257,PASS
仿真文件(1).zip!/仿真文件/仿真.zip!/仿真/DZ3_A0_Hunter_F1to10_C40_Final20_P1_1800s/stage2_300s.zip!/stage2_300s/family_006/candidate_037_seed_1177541701/run.log,仿真文件(1).zip!/仿真文件/仿真.zip!/仿真/DZ3_A0_Hunter_F1to10_C40_Final20_P1_1800s/stage2_300s/family_006/candidate_037_seed_1177541701/run.log,25d40edf5d1a0940122c3f2d444503144524399b575b50d5974898220a617c49,PASS
仿真文件(1).zip!/仿真文件/仿真.zip!/仿真/DZ3_A0_Hunter_F1to10_C40_Final20_P1_1800s/stage2_300s.zip!/stage2_300s/family_006/candidate_037_seed_1177541701/summary.csv,仿真文件(1).zip!/仿真文件/仿真.zip!/仿真/DZ3_A0_Hunter_F1to10_C40_Final20_P1_1800s/stage2_300s/family_006/candidate_037_seed_1177541701/summary.csv,977535ef731d3226703b8c35194d2466440452f58956d67436168dbca8bd0182,PASS
仿真文件(1).zip!/仿真文件/仿真.zip!/仿真/DZ3_A0_Hunter_F1to10_C40_Final20_P1_1800s/stage2_300s.zip!/stage2_300s/family_006/candidate_037_seed_1177541701/gurobi_extensive.log,仿真文件(1).zip!/仿真文件/仿真.zip!/仿真/DZ3_A0_Hunter_F1to10_C40_Final20_P1_1800s/stage2_300s/family_006/candidate_037_seed_1177541701/gurobi_extensive.log,1bead298130eb761052013cc66b54c0ea229dbd1acc36edb8ca068682b837ca8,PASS
仿真文件(1).zip!/仿真文件/仿真.zip!/仿真/DZ3_A0_Hunter_F1to10_C40_Final20_P1_1800s/stage2_300s.zip!/stage2_300s/family_006/candidate_037_seed_1177541701/gurobi_baseline_log.json,仿真文件(1).zip!/仿真文件/仿真.zip!/仿真/DZ3_A0_Hunter_F1to10_C40_Final20_P1_1800s/stage2_300s/family_006/candidate_037_seed_1177541701/gurobi_baseline_log.json,d53a5841013b8bd3e13a0b5aef9c2c89e60c74f53a39e42f3917c70f72bb4aa3,PASS
仿真文件(1).zip!/仿真文件/仿真.zip!/仿真/DZ3_A0_Hunter_F1to10_C40_Final20_P1_1800s/stage2_300s.zip!/stage2_300s/family_006/candidate_037_seed_1177541701/gurobi_baseline_log.csv,仿真文件(1).zip!/仿真文件/仿真.zip!/仿真/DZ3_A0_Hunter_F1to10_C40_Final20_P1_1800s/stage2_300s/family_006/candidate_037_seed_1177541701/gurobi_baseline_log.csv,977535ef731d3226703b8c35194d2466440452f58956d67436168dbca8bd0182,PASS
仿真文件(1).zip!/仿真文件/仿真.zip!/仿真/DZ3_A0_Hunter_F1to10_C40_Final20_P1_1800s/stage2_300s.zip!/stage2_300s/family_006/candidate_037_seed_1177541701/config.json,仿真文件(1).zip!/仿真文件/仿真.zip!/仿真/DZ3_A0_Hunter_F1to10_C40_Final20_P1_1800s/stage2_300s/family_006/candidate_037_seed_1177541701/config.json,7a9400c7ba7bd84c1b59590a08e8788d0b4a9d096610d226aa04f8cf2b9bc87f,PASS
仿真文件(1).zip!/仿真文件/仿真.zip!/仿真/DZ3_A0_Hunter_F1to10_C40_Final20_P1_1800s/stage2_300s.zip!/stage2_300s/family_006/candidate_028_seed_2101887333/instance_manifest.json,仿真文件(1).zip!/仿真文件/仿真.zip!/仿真/DZ3_A0_Hunter_F1to10_C40_Final20_P1_1800s/stage2_300s/family_006/candidate_028_seed_2101887333/instance_manifest.json,8e6b8771bce1d78b5e49a3a69f06498e1c705566417f0a606e82c1a1f932e86a,PASS
仿真文件(1).zip!/仿真文件/仿真.zip!/仿真/DZ3_A0_Hunter_F1to10_C40_Final20_P1_1800s/stage2_300s.zip!/stage2_300s/family_006/candidate_028_seed_2101887333/command.txt,仿真文件(1).zip!/仿真文件/仿真.zip!/仿真/DZ3_A0_Hunter_F1to10_C40_Final20_P1_1800s/stage2_300s/family_006/candidate_028_seed_2101887333/command.txt,d470a84a7685387a4c7bc24f2f0145186999eade9e38d204659ff43fcbab80ed,PASS
仿真文件(1).zip!/仿真文件/仿真.zip!/仿真/DZ3_A0_Hunter_F1to10_C40_Final20_P1_1800s/stage2_300s.zip!/stage2_300s/family_006/candidate_028_seed_2101887333/all_algorithms_summary.csv,仿真文件(1).zip!/仿真文件/仿真.zip!/仿真/DZ3_A0_Hunter_F1to10_C40_Final20_P1_1800s/stage2_300s/family_006/candidate_028_seed_2101887333/all_algorithms_summary.csv,ad622d8b1d30994b3ac24796da37b330a311f81ae80e78281f10b1ef9490208c,PASS
仿真文件(1).zip!/仿真文件/仿真.zip!/仿真/DZ3_A0_Hunter_F1to10_C40_Final20_P1_1800s/stage2_300s.zip!/stage2_300s/family_006/candidate_028_seed_2101887333/gurobi_report.md,仿真文件(1).zip!/仿真文件/仿真.zip!/仿真/DZ3_A0_Hunter_F1to10_C40_Final20_P1_1800s/stage2_300s/family_006/candidate_028_seed_2101887333/gurobi_report.md,53507b8461514baed43726d6496d8409bf9f4cd6b19aaab5bfdf8760044adb85,PASS
仿真文件(1).zip!/仿真文件/仿真.zip!/仿真/DZ3_A0_Hunter_F1to10_C40_Final20_P1_1800s/stage2_300s.zip!/stage2_300s/family_006/candidate_028_seed_2101887333/gurobi_summary.csv,仿真文件(1).zip!/仿真文件/仿真.zip!/仿真/DZ3_A0_Hunter_F1to10_C40_Final20_P1_1800s/stage2_300s/family_006/candidate_028_seed_2101887333/gurobi_summary.csv,ad622d8b1d30994b3ac24796da37b330a311f81ae80e78281f10b1ef9490208c,PASS
仿真文件(1).zip!/仿真文件/仿真.zip!/仿真/DZ3_A0_Hunter_F1to10_C40_Final20_P1_1800s/stage2_300s.zip!/stage2_300s/family_006/candidate_028_seed_2101887333/HUNTER_RESULT.json,仿真文件(1).zip!/仿真文件/仿真.zip!/仿真/DZ3_A0_Hunter_F1to10_C40_Final20_P1_1800s/stage2_300s/family_006/candidate_028_seed_2101887333/HUNTER_RESULT.json,d96aad775e6f52d2c2a80cf4d22b4217611716e707fcc911aed5565f9f1e8be4,PASS
仿真文件(1).zip!/仿真文件/仿真.zip!/仿真/DZ3_A0_Hunter_F1to10_C40_Final20_P1_1800s/stage2_300s.zip!/stage2_300s/family_006/candidate_028_seed_2101887333/hunter_child_console.log,仿真文件(1).zip!/仿真文件/仿真.zip!/仿真/DZ3_A0_Hunter_F1to10_C40_Final20_P1_1800s/stage2_300s/family_006/candidate_028_seed_2101887333/hunter_child_console.log,69fa60811682aeb0516655f8353441b3ebb98cb27adae9cfedb59a7f45d09da7,PASS
仿真文件(1).zip!/仿真文件/仿真.zip!/仿真/DZ3_A0_Hunter_F1to10_C40_Final20_P1_1800s/stage2_300s.zip!/stage2_300s/family_006/candidate_028_seed_2101887333/run.log,仿真文件(1).zip!/仿真文件/仿真.zip!/仿真/DZ3_A0_Hunter_F1to10_C40_Final20_P1_1800s/stage2_300s/family_006/candidate_028_seed_2101887333/run.log,71c51596b506941eaa8e11e16127f7f1f0948c7daf281c0540bdd58387e9b6ba,PASS
仿真文件(1).zip!/仿真文件/仿真.zip!/仿真/DZ3_A0_Hunter_F1to10_C40_Final20_P1_1800s/stage2_300s.zip!/stage2_300s/family_006/candidate_028_seed_2101887333/summary.csv,仿真文件(1).zip!/仿真文件/仿真.zip!/仿真/DZ3_A0_Hunter_F1to10_C40_Final20_P1_1800s/stage2_300s/family_006/candidate_028_seed_2101887333/summary.csv,ad622d8b1d30994b3ac24796da37b330a311f81ae80e78281f10b1ef9490208c,PASS
仿真文件(1).zip!/仿真文件/仿真.zip!/仿真/DZ3_A0_Hunter_F1to10_C40_Final20_P1_1800s/stage2_300s.zip!/stage2_300s/family_006/candidate_028_seed_2101887333/gurobi_extensive.log,仿真文件(1).zip!/仿真文件/仿真.zip!/仿真/DZ3_A0_Hunter_F1to10_C40_Final20_P1_1800s/stage2_300s/family_006/candidate_028_seed_2101887333/gurobi_extensive.log,7ce5077b7cf3663dc75bdf6d745ef12a19ed815aa2cfaf427160df681ab66f7e,PASS
仿真文件(1).zip!/仿真文件/仿真.zip!/仿真/DZ3_A0_Hunter_F1to10_C40_Final20_P1_1800s/stage2_300s.zip!/stage2_300s/family_006/candidate_028_seed_2101887333/gurobi_baseline_log.json,仿真文件(1).zip!/仿真文件/仿真.zip!/仿真/DZ3_A0_Hunter_F1to10_C40_Final20_P1_1800s/stage2_300s/family_006/candidate_028_seed_2101887333/gurobi_baseline_log.json,6f2ca5d47def3475155a2b7b004a18cfc4b8c37ebd2ec89fd6be5fdc56896762,PASS
仿真文件(1).zip!/仿真文件/仿真.zip!/仿真/DZ3_A0_Hunter_F1to10_C40_Final20_P1_1800s/stage2_300s.zip!/stage2_300s/family_006/candidate_028_seed_2101887333/gurobi_baseline_log.csv,仿真文件(1).zip!/仿真文件/仿真.zip!/仿真/DZ3_A0_Hunter_F1to10_C40_Final20_P1_1800s/stage2_300s/family_006/candidate_028_seed_2101887333/gurobi_baseline_log.csv,ad622d8b1d30994b3ac24796da37b330a311f81ae80e78281f10b1ef9490208c,PASS
仿真文件(1).zip!/仿真文件/仿真.zip!/仿真/DZ3_A0_Hunter_F1to10_C40_Final20_P1_1800s/stage2_300s.zip!/stage2_300s/family_006/candidate_028_seed_2101887333/config.json,仿真文件(1).zip!/仿真文件/仿真.zip!/仿真/DZ3_A0_Hunter_F1to10_C40_Final20_P1_1800s/stage2_300s/family_006/candidate_028_seed_2101887333/config.json,dea23855b54720305b7de40acdcb90f8918a364948c4555250a6db4718e086f7,PASS
仿真文件(1).zip!/仿真文件/仿真.zip!/仿真/DZ3_A0_Hunter_F1to10_C40_Final20_P1_1800s/stage2_300s.zip!/stage2_300s/family_010/candidate_012_seed_291885126/instance_manifest.json,仿真文件(1).zip!/仿真文件/仿真.zip!/仿真/DZ3_A0_Hunter_F1to10_C40_Final20_P1_1800s/stage2_300s/family_010/candidate_012_seed_291885126/instance_manifest.json,c0a5c786d566f84b0573383b113f0e7cff05ee90dc25b1c24f7852e1934adf35,PASS
仿真文件(1).zip!/仿真文件/仿真.zip!/仿真/DZ3_A0_Hunter_F1to10_C40_Final20_P1_1800s/stage2_300s.zip!/stage2_300s/family_010/candidate_012_seed_291885126/command.txt,仿真文件(1).zip!/仿真文件/仿真.zip!/仿真/DZ3_A0_Hunter_F1to10_C40_Final20_P1_1800s/stage2_300s/family_010/candidate_012_seed_291885126/command.txt,8a5029d7f92924500411489adc7a3a2fdea494df6e634c017d8d6fd877c99993,PASS
仿真文件(1).zip!/仿真文件/仿真.zip!/仿真/DZ3_A0_Hunter_F1to10_C40_Final20_P1_1800s/stage2_300s.zip!/stage2_300s/family_010/candidate_012_seed_291885126/all_algorithms_summary.csv,仿真文件(1).zip!/仿真文件/仿真.zip!/仿真/DZ3_A0_Hunter_F1to10_C40_Final20_P1_1800s/stage2_300s/family_010/candidate_012_seed_291885126/all_algorithms_summary.csv,37ebad8aa558b350932262547292105ba60845775b67fb5be4f0050d048299d2,PASS
仿真文件(1).zip!/仿真文件/仿真.zip!/仿真/DZ3_A0_Hunter_F1to10_C40_Final20_P1_1800s/stage2_300s.zip!/stage2_300s/family_010/candidate_012_seed_291885126/gurobi_report.md,仿真文件(1).zip!/仿真文件/仿真.zip!/仿真/DZ3_A0_Hunter_F1to10_C40_Final20_P1_1800s/stage2_300s/family_010/candidate_012_seed_291885126/gurobi_report.md,a4570735e9ac61834da440c9b735d10dbf288621852648b4180853e0757398ac,PASS
仿真文件(1).zip!/仿真文件/仿真.zip!/仿真/DZ3_A0_Hunter_F1to10_C40_Final20_P1_1800s/stage2_300s.zip!/stage2_300s/family_010/candidate_012_seed_291885126/gurobi_summary.csv,仿真文件(1).zip!/仿真文件/仿真.zip!/仿真/DZ3_A0_Hunter_F1to10_C40_Final20_P1_1800s/stage2_300s/family_010/candidate_012_seed_291885126/gurobi_summary.csv,37ebad8aa558b350932262547292105ba60845775b67fb5be4f0050d048299d2,PASS
仿真文件(1).zip!/仿真文件/仿真.zip!/仿真/DZ3_A0_Hunter_F1to10_C40_Final20_P1_1800s/stage2_300s.zip!/stage2_300s/family_010/candidate_012_seed_291885126/HUNTER_RESULT.json,仿真文件(1).zip!/仿真文件/仿真.zip!/仿真/DZ3_A0_Hunter_F1to10_C40_Final20_P1_1800s/stage2_300s/family_010/candidate_012_seed_291885126/HUNTER_RESULT.json,f447d0b36cdaacb101e2de9beb5417567522efc1ca50ca4964fe8407abcbcd8f,PASS
仿真文件(1).zip!/仿真文件/仿真.zip!/仿真/DZ3_A0_Hunter_F1to10_C40_Final20_P1_1800s/stage2_300s.zip!/stage2_300s/family_010/candidate_012_seed_291885126/hunter_child_console.log,仿真文件(1).zip!/仿真文件/仿真.zip!/仿真/DZ3_A0_Hunter_F1to10_C40_Final20_P1_1800s/stage2_300s/family_010/candidate_012_seed_291885126/hunter_child_console.log,988874a7cea33983a3f463fe7eca804b12402592e1ff6f1d53bc463c220b7e4e,PASS
仿真文件(1).zip!/仿真文件/仿真.zip!/仿真/DZ3_A0_Hunter_F1to10_C40_Final20_P1_1800s/stage2_300s.zip!/stage2_300s/family_010/candidate_012_seed_291885126/run.log,仿真文件(1).zip!/仿真文件/仿真.zip!/仿真/DZ3_A0_Hunter_F1to10_C40_Final20_P1_1800s/stage2_300s/family_010/candidate_012_seed_291885126/run.log,770ef2e02109dfa7d8d1847d6c155855cce11de7306b16c50f39f3ffa95c75ab,PASS
仿真文件(1).zip!/仿真文件/仿真.zip!/仿真/DZ3_A0_Hunter_F1to10_C40_Final20_P1_1800s/stage2_300s.zip!/stage2_300s/family_010/candidate_012_seed_291885126/summary.csv,仿真文件(1).zip!/仿真文件/仿真.zip!/仿真/DZ3_A0_Hunter_F1to10_C40_Final20_P1_1800s/stage2_300s/family_010/candidate_012_seed_291885126/summary.csv,37ebad8aa558b350932262547292105ba60845775b67fb5be4f0050d048299d2,PASS
仿真文件(1).zip!/仿真文件/仿真.zip!/仿真/DZ3_A0_Hunter_F1to10_C40_Final20_P1_1800s/stage2_300s.zip!/stage2_300s/family_010/candidate_012_seed_291885126/gurobi_extensive.log,仿真文件(1).zip!/仿真文件/仿真.zip!/仿真/DZ3_A0_Hunter_F1to10_C40_Final20_P1_1800s/stage2_300s/family_010/candidate_012_seed_291885126/gurobi_extensive.log,937f1773cb2ee559f4dcaf08288ab04d8597d364cc1a46e8d121aee0054a9083,PASS
仿真文件(1).zip!/仿真文件/仿真.zip!/仿真/DZ3_A0_Hunter_F1to10_C40_Final20_P1_1800s/stage2_300s.zip!/stage2_300s/family_010/candidate_012_seed_291885126/gurobi_baseline_log.json,仿真文件(1).zip!/仿真文件/仿真.zip!/仿真/DZ3_A0_Hunter_F1to10_C40_Final20_P1_1800s/stage2_300s/family_010/candidate_012_seed_291885126/gurobi_baseline_log.json,eab0e0d1f79827f7f1c79d07eb4ea26dedb886e3be4d66aacd6a5534a0ac71df,PASS
仿真文件(1).zip!/仿真文件/仿真.zip!/仿真/DZ3_A0_Hunter_F1to10_C40_Final20_P1_1800s/stage2_300s.zip!/stage2_300s/family_010/candidate_012_seed_291885126/gurobi_baseline_log.csv,仿真文件(1).zip!/仿真文件/仿真.zip!/仿真/DZ3_A0_Hunter_F1to10_C40_Final20_P1_1800s/stage2_300s/family_010/candidate_012_seed_291885126/gurobi_baseline_log.csv,37ebad8aa558b350932262547292105ba60845775b67fb5be4f0050d048299d2,PASS
仿真文件(1).zip!/仿真文件/仿真.zip!/仿真/DZ3_A0_Hunter_F1to10_C40_Final20_P1_1800s/stage2_300s.zip!/stage2_300s/family_010/candidate_012_seed_291885126/config.json,仿真文件(1).zip!/仿真文件/仿真.zip!/仿真/DZ3_A0_Hunter_F1to10_C40_Final20_P1_1800s/stage2_300s/family_010/candidate_012_seed_291885126/config.json,3c5a53f5037492afc7c40d2ba5038f6f315563024c441d4215aa25bfbb102e55,PASS
仿真文件(1).zip!/仿真文件/仿真.zip!/仿真/DZ3_A0_Hunter_F1to10_C40_Final20_P1_1800s/stage2_300s.zip!/stage2_300s/family_010/candidate_030_seed_1776192178/instance_manifest.json,仿真文件(1).zip!/仿真文件/仿真.zip!/仿真/DZ3_A0_Hunter_F1to10_C40_Final20_P1_1800s/stage2_300s/family_010/candidate_030_seed_1776192178/instance_manifest.json,7bdfedb7ee4ad5506273df8870bef100dbc655201192f6e088039e50bc3e519e,PASS
仿真文件(1).zip!/仿真文件/仿真.zip!/仿真/DZ3_A0_Hunter_F1to10_C40_Final20_P1_1800s/stage2_300s.zip!/stage2_300s/family_010/candidate_030_seed_1776192178/command.txt,仿真文件(1).zip!/仿真文件/仿真.zip!/仿真/DZ3_A0_Hunter_F1to10_C40_Final20_P1_1800s/stage2_300s/family_010/candidate_030_seed_1776192178/command.txt,46bef079ecf58170c19bc524234c7bab9a204f0f4b799e13d04210d4739aa2b3,PASS
仿真文件(1).zip!/仿真文件/仿真.zip!/仿真/DZ3_A0_Hunter_F1to10_C40_Final20_P1_1800s/stage2_300s.zip!/stage2_300s/family_010/candidate_030_seed_1776192178/all_algorithms_summary.csv,仿真文件(1).zip!/仿真文件/仿真.zip!/仿真/DZ3_A0_Hunter_F1to10_C40_Final20_P1_1800s/stage2_300s/family_010/candidate_030_seed_1776192178/all_algorithms_summary.csv,2c428ebe4abb3cbe41b4d87c3f00b6c7d74e60a1142d07ad119381809c4bf68c,PASS
仿真文件(1).zip!/仿真文件/仿真.zip!/仿真/DZ3_A0_Hunter_F1to10_C40_Final20_P1_1800s/stage2_300s.zip!/stage2_300s/family_010/candidate_030_seed_1776192178/gurobi_report.md,仿真文件(1).zip!/仿真文件/仿真.zip!/仿真/DZ3_A0_Hunter_F1to10_C40_Final20_P1_1800s/stage2_300s/family_010/candidate_030_seed_1776192178/gurobi_report.md,7099aac452a8aa2930a36f80f3ec2eb51bfb0187bba8446209b2b193fb35aff2,PASS
仿真文件(1).zip!/仿真文件/仿真.zip!/仿真/DZ3_A0_Hunter_F1to10_C40_Final20_P1_1800s/stage2_300s.zip!/stage2_300s/family_010/candidate_030_seed_1776192178/gurobi_summary.csv,仿真文件(1).zip!/仿真文件/仿真.zip!/仿真/DZ3_A0_Hunter_F1to10_C40_Final20_P1_1800s/stage2_300s/family_010/candidate_030_seed_1776192178/gurobi_summary.csv,2c428ebe4abb3cbe41b4d87c3f00b6c7d74e60a1142d07ad119381809c4bf68c,PASS
仿真文件(1).zip!/仿真文件/仿真.zip!/仿真/DZ3_A0_Hunter_F1to10_C40_Final20_P1_1800s/stage2_300s.zip!/stage2_300s/family_010/candidate_030_seed_1776192178/HUNTER_RESULT.json,仿真文件(1).zip!/仿真文件/仿真.zip!/仿真/DZ3_A0_Hunter_F1to10_C40_Final20_P1_1800s/stage2_300s/family_010/candidate_030_seed_1776192178/HUNTER_RESULT.json,aa04a7ec1b82a6f77b37da0968d9775c6e292373353834d9d39c8aa449455df5,PASS
仿真文件(1).zip!/仿真文件/仿真.zip!/仿真/DZ3_A0_Hunter_F1to10_C40_Final20_P1_1800s/stage2_300s.zip!/stage2_300s/family_010/candidate_030_seed_1776192178/hunter_child_console.log,仿真文件(1).zip!/仿真文件/仿真.zip!/仿真/DZ3_A0_Hunter_F1to10_C40_Final20_P1_1800s/stage2_300s/family_010/candidate_030_seed_1776192178/hunter_child_console.log,8e575f6a4551297040dd823bfacc6e557becde7b41ca731e829bd0fc16cf5105,PASS
仿真文件(1).zip!/仿真文件/仿真.zip!/仿真/DZ3_A0_Hunter_F1to10_C40_Final20_P1_1800s/stage2_300s.zip!/stage2_300s/family_010/candidate_030_seed_1776192178/run.log,仿真文件(1).zip!/仿真文件/仿真.zip!/仿真/DZ3_A0_Hunter_F1to10_C40_Final20_P1_1800s/stage2_300s/family_010/candidate_030_seed_1776192178/run.log,c545aa62075974af1e2323588cf7e55d1571bd23c93545b913c71a494ee3298b,PASS
仿真文件(1).zip!/仿真文件/仿真.zip!/仿真/DZ3_A0_Hunter_F1to10_C40_Final20_P1_1800s/stage2_300s.zip!/stage2_300s/family_010/candidate_030_seed_1776192178/summary.csv,仿真文件(1).zip!/仿真文件/仿真.zip!/仿真/DZ3_A0_Hunter_F1to10_C40_Final20_P1_1800s/stage2_300s/family_010/candidate_030_seed_1776192178/summary.csv,2c428ebe4abb3cbe41b4d87c3f00b6c7d74e60a1142d07ad119381809c4bf68c,PASS
仿真文件(1).zip!/仿真文件/仿真.zip!/仿真/DZ3_A0_Hunter_F1to10_C40_Final20_P1_1800s/stage2_300s.zip!/stage2_300s/family_010/candidate_030_seed_1776192178/gurobi_extensive.log,仿真文件(1).zip!/仿真文件/仿真.zip!/仿真/DZ3_A0_Hunter_F1to10_C40_Final20_P1_1800s/stage2_300s/family_010/candidate_030_seed_1776192178/gurobi_extensive.log,055c94db3fde5b75f7ef1791e0ba964dc37149121aebf34dfed9caa307466769,PASS
仿真文件(1).zip!/仿真文件/仿真.zip!/仿真/DZ3_A0_Hunter_F1to10_C40_Final20_P1_1800s/stage2_300s.zip!/stage2_300s/family_010/candidate_030_seed_1776192178/gurobi_baseline_log.json,仿真文件(1).zip!/仿真文件/仿真.zip!/仿真/DZ3_A0_Hunter_F1to10_C40_Final20_P1_1800s/stage2_300s/family_010/candidate_030_seed_1776192178/gurobi_baseline_log.json,5a073899443f490421dc6655e3f41af04f9a749a7d36b65a42bdf873818cd10f,PASS
仿真文件(1).zip!/仿真文件/仿真.zip!/仿真/DZ3_A0_Hunter_F1to10_C40_Final20_P1_1800s/stage2_300s.zip!/stage2_300s/family_010/candidate_030_seed_1776192178/gurobi_baseline_log.csv,仿真文件(1).zip!/仿真文件/仿真.zip!/仿真/DZ3_A0_Hunter_F1to10_C40_Final20_P1_1800s/stage2_300s/family_010/candidate_030_seed_1776192178/gurobi_baseline_log.csv,2c428ebe4abb3cbe41b4d87c3f00b6c7d74e60a1142d07ad119381809c4bf68c,PASS
仿真文件(1).zip!/仿真文件/仿真.zip!/仿真/DZ3_A0_Hunter_F1to10_C40_Final20_P1_1800s/stage2_300s.zip!/stage2_300s/family_010/candidate_030_seed_1776192178/config.json,仿真文件(1).zip!/仿真文件/仿真.zip!/仿真/DZ3_A0_Hunter_F1to10_C40_Final20_P1_1800s/stage2_300s/family_010/candidate_030_seed_1776192178/config.json,ce9b54ec9236885d41655ee08ae79ccfcdfc36369ff0192b559263d76339d3e7,PASS
仿真文件(1).zip!/仿真文件/仿真.zip!/仿真/DZ3_A0_Hunter_F1to10_C40_Final20_P1_1800s/stage2_300s.zip!/stage2_300s/family_010/candidate_021_seed_505385130/instance_manifest.json,仿真文件(1).zip!/仿真文件/仿真.zip!/仿真/DZ3_A0_Hunter_F1to10_C40_Final20_P1_1800s/stage2_300s/family_010/candidate_021_seed_505385130/instance_manifest.json,5021cf31e676150cd01c8c8c68e84dc956a46b8bc4855f8b6766d69f174d620c,PASS
仿真文件(1).zip!/仿真文件/仿真.zip!/仿真/DZ3_A0_Hunter_F1to10_C40_Final20_P1_1800s/stage2_300s.zip!/stage2_300s/family_010/candidate_021_seed_505385130/command.txt,仿真文件(1).zip!/仿真文件/仿真.zip!/仿真/DZ3_A0_Hunter_F1to10_C40_Final20_P1_1800s/stage2_300s/family_010/candidate_021_seed_505385130/command.txt,e835fdcb2c3cc5a44501f1088b53a25f5d1f018067d2811e1c1b5bc9f0050b2c,PASS
仿真文件(1).zip!/仿真文件/仿真.zip!/仿真/DZ3_A0_Hunter_F1to10_C40_Final20_P1_1800s/stage2_300s.zip!/stage2_300s/family_010/candidate_021_seed_505385130/all_algorithms_summary.csv,仿真文件(1).zip!/仿真文件/仿真.zip!/仿真/DZ3_A0_Hunter_F1to10_C40_Final20_P1_1800s/stage2_300s/family_010/candidate_021_seed_505385130/all_algorithms_summary.csv,68fb9886a4714fa5dbb1d2de541fe1380e49d639bfce1e38a0591b1d6a30d11e,PASS
仿真文件(1).zip!/仿真文件/仿真.zip!/仿真/DZ3_A0_Hunter_F1to10_C40_Final20_P1_1800s/stage2_300s.zip!/stage2_300s/family_010/candidate_021_seed_505385130/gurobi_report.md,仿真文件(1).zip!/仿真文件/仿真.zip!/仿真/DZ3_A0_Hunter_F1to10_C40_Final20_P1_1800s/stage2_300s/family_010/candidate_021_seed_505385130/gurobi_report.md,eb517b4c7dccc5812ace9b0e1b41b0c55eb6f7505f33162f2f9d3b791a8450fd,PASS
仿真文件(1).zip!/仿真文件/仿真.zip!/仿真/DZ3_A0_Hunter_F1to10_C40_Final20_P1_1800s/stage2_300s.zip!/stage2_300s/family_010/candidate_021_seed_505385130/gurobi_summary.csv,仿真文件(1).zip!/仿真文件/仿真.zip!/仿真/DZ3_A0_Hunter_F1to10_C40_Final20_P1_1800s/stage2_300s/family_010/candidate_021_seed_505385130/gurobi_summary.csv,68fb9886a4714fa5dbb1d2de541fe1380e49d639bfce1e38a0591b1d6a30d11e,PASS
仿真文件(1).zip!/仿真文件/仿真.zip!/仿真/DZ3_A0_Hunter_F1to10_C40_Final20_P1_1800s/stage2_300s.zip!/stage2_300s/family_010/candidate_021_seed_505385130/HUNTER_RESULT.json,仿真文件(1).zip!/仿真文件/仿真.zip!/仿真/DZ3_A0_Hunter_F1to10_C40_Final20_P1_1800s/stage2_300s/family_010/candidate_021_seed_505385130/HUNTER_RESULT.json,e7b76f631d5fec8fe6451af48658eb0486f0f82678c1c56369fd4166765ff993,PASS
仿真文件(1).zip!/仿真文件/仿真.zip!/仿真/DZ3_A0_Hunter_F1to10_C40_Final20_P1_1800s/stage2_300s.zip!/stage2_300s/family_010/candidate_021_seed_505385130/hunter_child_console.log,仿真文件(1).zip!/仿真文件/仿真.zip!/仿真/DZ3_A0_Hunter_F1to10_C40_Final20_P1_1800s/stage2_300s/family_010/candidate_021_seed_505385130/hunter_child_console.log,d351e52e86a48657a872ee5fcd528e36f4c364713a0643434f2e2dceaa0d28fc,PASS
仿真文件(1).zip!/仿真文件/仿真.zip!/仿真/DZ3_A0_Hunter_F1to10_C40_Final20_P1_1800s/stage2_300s.zip!/stage2_300s/family_010/candidate_021_seed_505385130/run.log,仿真文件(1).zip!/仿真文件/仿真.zip!/仿真/DZ3_A0_Hunter_F1to10_C40_Final20_P1_1800s/stage2_300s/family_010/candidate_021_seed_505385130/run.log,b22692c5699cbda809c17e88d40e239a68110bc4fb9d7e6448f67edc448dd61a,PASS
仿真文件(1).zip!/仿真文件/仿真.zip!/仿真/DZ3_A0_Hunter_F1to10_C40_Final20_P1_1800s/stage2_300s.zip!/stage2_300s/family_010/candidate_021_seed_505385130/summary.csv,仿真文件(1).zip!/仿真文件/仿真.zip!/仿真/DZ3_A0_Hunter_F1to10_C40_Final20_P1_1800s/stage2_300s/family_010/candidate_021_seed_505385130/summary.csv,68fb9886a4714fa5dbb1d2de541fe1380e49d639bfce1e38a0591b1d6a30d11e,PASS
仿真文件(1).zip!/仿真文件/仿真.zip!/仿真/DZ3_A0_Hunter_F1to10_C40_Final20_P1_1800s/stage2_300s.zip!/stage2_300s/family_010/candidate_021_seed_505385130/gurobi_extensive.log,仿真文件(1).zip!/仿真文件/仿真.zip!/仿真/DZ3_A0_Hunter_F1to10_C40_Final20_P1_1800s/stage2_300s/family_010/candidate_021_seed_505385130/gurobi_extensive.log,8b5827e0c1ab07fe106bc359494f29d0d4cbfebcf52f9d942a4cffe176df4ca4,PASS
仿真文件(1).zip!/仿真文件/仿真.zip!/仿真/DZ3_A0_Hunter_F1to10_C40_Final20_P1_1800s/stage2_300s.zip!/stage2_300s/family_010/candidate_021_seed_505385130/gurobi_baseline_log.json,仿真文件(1).zip!/仿真文件/仿真.zip!/仿真/DZ3_A0_Hunter_F1to10_C40_Final20_P1_1800s/stage2_300s/family_010/candidate_021_seed_505385130/gurobi_baseline_log.json,e3129cee3a9a23a2074b69c4819214e4807d0d4474fe9b503f596956ca9aabb8,PASS
仿真文件(1).zip!/仿真文件/仿真.zip!/仿真/DZ3_A0_Hunter_F1to10_C40_Final20_P1_1800s/stage2_300s.zip!/stage2_300s/family_010/candidate_021_seed_505385130/gurobi_baseline_log.csv,仿真文件(1).zip!/仿真文件/仿真.zip!/仿真/DZ3_A0_Hunter_F1to10_C40_Final20_P1_1800s/stage2_300s/family_010/candidate_021_seed_505385130/gurobi_baseline_log.csv,68fb9886a4714fa5dbb1d2de541fe1380e49d639bfce1e38a0591b1d6a30d11e,PASS
仿真文件(1).zip!/仿真文件/仿真.zip!/仿真/DZ3_A0_Hunter_F1to10_C40_Final20_P1_1800s/stage2_300s.zip!/stage2_300s/family_010/candidate_021_seed_505385130/config.json,仿真文件(1).zip!/仿真文件/仿真.zip!/仿真/DZ3_A0_Hunter_F1to10_C40_Final20_P1_1800s/stage2_300s/family_010/candidate_021_seed_505385130/config.json,a9e22c52930a69b7741e27a188547d80b10585de482f9e7209947f0f00a2dacc,PASS
仿真文件(1).zip!/仿真文件/仿真.zip!/仿真/DZ3_A0_Hunter_F1to10_C40_Final20_P1_1800s/stage2_300s.zip!/stage2_300s/family_010/candidate_022_seed_1772388919/instance_manifest.json,仿真文件(1).zip!/仿真文件/仿真.zip!/仿真/DZ3_A0_Hunter_F1to10_C40_Final20_P1_1800s/stage2_300s/family_010/candidate_022_seed_1772388919/instance_manifest.json,70f1258e2313e0a85ea20bfac0b4c91396a18deb839ab96d8f6d525dca696ccf,PASS
仿真文件(1).zip!/仿真文件/仿真.zip!/仿真/DZ3_A0_Hunter_F1to10_C40_Final20_P1_1800s/stage2_300s.zip!/stage2_300s/family_010/candidate_022_seed_1772388919/command.txt,仿真文件(1).zip!/仿真文件/仿真.zip!/仿真/DZ3_A0_Hunter_F1to10_C40_Final20_P1_1800s/stage2_300s/family_010/candidate_022_seed_1772388919/command.txt,c5388c9804a2fde34529dbf29ecc2a0221e94e8ce1eb9a025100a2c78abbb307,PASS
仿真文件(1).zip!/仿真文件/仿真.zip!/仿真/DZ3_A0_Hunter_F1to10_C40_Final20_P1_1800s/stage2_300s.zip!/stage2_300s/family_010/candidate_022_seed_1772388919/all_algorithms_summary.csv,仿真文件(1).zip!/仿真文件/仿真.zip!/仿真/DZ3_A0_Hunter_F1to10_C40_Final20_P1_1800s/stage2_300s/family_010/candidate_022_seed_1772388919/all_algorithms_summary.csv,7dbc2f550a6b478a95bd4be03436d2720eb2c262d92a87d5511950ab09564833,PASS
仿真文件(1).zip!/仿真文件/仿真.zip!/仿真/DZ3_A0_Hunter_F1to10_C40_Final20_P1_1800s/stage2_300s.zip!/stage2_300s/family_010/candidate_022_seed_1772388919/gurobi_report.md,仿真文件(1).zip!/仿真文件/仿真.zip!/仿真/DZ3_A0_Hunter_F1to10_C40_Final20_P1_1800s/stage2_300s/family_010/candidate_022_seed_1772388919/gurobi_report.md,72816e7d402716460e6872f0c708585579985c1fe67ad7cc16fd671e26f053b0,PASS
仿真文件(1).zip!/仿真文件/仿真.zip!/仿真/DZ3_A0_Hunter_F1to10_C40_Final20_P1_1800s/stage2_300s.zip!/stage2_300s/family_010/candidate_022_seed_1772388919/gurobi_summary.csv,仿真文件(1).zip!/仿真文件/仿真.zip!/仿真/DZ3_A0_Hunter_F1to10_C40_Final20_P1_1800s/stage2_300s/family_010/candidate_022_seed_1772388919/gurobi_summary.csv,7dbc2f550a6b478a95bd4be03436d2720eb2c262d92a87d5511950ab09564833,PASS
仿真文件(1).zip!/仿真文件/仿真.zip!/仿真/DZ3_A0_Hunter_F1to10_C40_Final20_P1_1800s/stage2_300s.zip!/stage2_300s/family_010/candidate_022_seed_1772388919/HUNTER_RESULT.json,仿真文件(1).zip!/仿真文件/仿真.zip!/仿真/DZ3_A0_Hunter_F1to10_C40_Final20_P1_1800s/stage2_300s/family_010/candidate_022_seed_1772388919/HUNTER_RESULT.json,77d0f63f24c588a58af888292aba492c6040bae9b400fe23090609af61182dba,PASS
仿真文件(1).zip!/仿真文件/仿真.zip!/仿真/DZ3_A0_Hunter_F1to10_C40_Final20_P1_1800s/stage2_300s.zip!/stage2_300s/family_010/candidate_022_seed_1772388919/hunter_child_console.log,仿真文件(1).zip!/仿真文件/仿真.zip!/仿真/DZ3_A0_Hunter_F1to10_C40_Final20_P1_1800s/stage2_300s/family_010/candidate_022_seed_1772388919/hunter_child_console.log,ce39b098a3a41ef4f1ba7c407826aa8cdb1c4a6a9ec25b4a58d71734066cd985,PASS
仿真文件(1).zip!/仿真文件/仿真.zip!/仿真/DZ3_A0_Hunter_F1to10_C40_Final20_P1_1800s/stage2_300s.zip!/stage2_300s/family_010/candidate_022_seed_1772388919/run.log,仿真文件(1).zip!/仿真文件/仿真.zip!/仿真/DZ3_A0_Hunter_F1to10_C40_Final20_P1_1800s/stage2_300s/family_010/candidate_022_seed_1772388919/run.log,83df32b2118a105f07c986e9a5371b64ecbb1ecad07e730b0ddfd271f5f5bc16,PASS
仿真文件(1).zip!/仿真文件/仿真.zip!/仿真/DZ3_A0_Hunter_F1to10_C40_Final20_P1_1800s/stage2_300s.zip!/stage2_300s/family_010/candidate_022_seed_1772388919/summary.csv,仿真文件(1).zip!/仿真文件/仿真.zip!/仿真/DZ3_A0_Hunter_F1to10_C40_Final20_P1_1800s/stage2_300s/family_010/candidate_022_seed_1772388919/summary.csv,7dbc2f550a6b478a95bd4be03436d2720eb2c262d92a87d5511950ab09564833,PASS
仿真文件(1).zip!/仿真文件/仿真.zip!/仿真/DZ3_A0_Hunter_F1to10_C40_Final20_P1_1800s/stage2_300s.zip!/stage2_300s/family_010/candidate_022_seed_1772388919/gurobi_extensive.log,仿真文件(1).zip!/仿真文件/仿真.zip!/仿真/DZ3_A0_Hunter_F1to10_C40_Final20_P1_1800s/stage2_300s/family_010/candidate_022_seed_1772388919/gurobi_extensive.log,5a2ea62bdfb03062f8929391ee80fed2a7fbeade0c0dd843d22460ea1bfc8e32,PASS
仿真文件(1).zip!/仿真文件/仿真.zip!/仿真/DZ3_A0_Hunter_F1to10_C40_Final20_P1_1800s/stage2_300s.zip!/stage2_300s/family_010/candidate_022_seed_1772388919/gurobi_baseline_log.json,仿真文件(1).zip!/仿真文件/仿真.zip!/仿真/DZ3_A0_Hunter_F1to10_C40_Final20_P1_1800s/stage2_300s/family_010/candidate_022_seed_1772388919/gurobi_baseline_log.json,40a69d2d28d4e5ff9df5d8723a4b6b9fc9d02b94d37825d4f42800f92d666e79,PASS
仿真文件(1).zip!/仿真文件/仿真.zip!/仿真/DZ3_A0_Hunter_F1to10_C40_Final20_P1_1800s/stage2_300s.zip!/stage2_300s/family_010/candidate_022_seed_1772388919/gurobi_baseline_log.csv,仿真文件(1).zip!/仿真文件/仿真.zip!/仿真/DZ3_A0_Hunter_F1to10_C40_Final20_P1_1800s/stage2_300s/family_010/candidate_022_seed_1772388919/gurobi_baseline_log.csv,7dbc2f550a6b478a95bd4be03436d2720eb2c262d92a87d5511950ab09564833,PASS
仿真文件(1).zip!/仿真文件/仿真.zip!/仿真/DZ3_A0_Hunter_F1to10_C40_Final20_P1_1800s/stage2_300s.zip!/stage2_300s/family_010/candidate_022_seed_1772388919/config.json,仿真文件(1).zip!/仿真文件/仿真.zip!/仿真/DZ3_A0_Hunter_F1to10_C40_Final20_P1_1800s/stage2_300s/family_010/candidate_022_seed_1772388919/config.json,8a94799ac6758bad6cb35a114cba8958f44ff9b574fc02aea639fcdcd1f372b1,PASS
仿真文件(1).zip!/仿真文件/仿真.zip!/仿真/DZ3_A0_Hunter_F1to10_C40_Final20_P1_1800s/stage2_300s.zip!/stage2_300s/family_010/candidate_016_seed_1807639472/instance_manifest.json,仿真文件(1).zip!/仿真文件/仿真.zip!/仿真/DZ3_A0_Hunter_F1to10_C40_Final20_P1_1800s/stage2_300s/family_010/candidate_016_seed_1807639472/instance_manifest.json,aaf7be6167c9409c56a5ce37ab737204a40f1eb795fa2c7b41d27a78d2d6922b,PASS
仿真文件(1).zip!/仿真文件/仿真.zip!/仿真/DZ3_A0_Hunter_F1to10_C40_Final20_P1_1800s/stage2_300s.zip!/stage2_300s/family_010/candidate_016_seed_1807639472/command.txt,仿真文件(1).zip!/仿真文件/仿真.zip!/仿真/DZ3_A0_Hunter_F1to10_C40_Final20_P1_1800s/stage2_300s/family_010/candidate_016_seed_1807639472/command.txt,c7ef318bd1fc3b5f09051c86b2dda397c88ea4bdf851cb574f47f74646917784,PASS
仿真文件(1).zip!/仿真文件/仿真.zip!/仿真/DZ3_A0_Hunter_F1to10_C40_Final20_P1_1800s/stage2_300s.zip!/stage2_300s/family_010/candidate_016_seed_1807639472/all_algorithms_summary.csv,仿真文件(1).zip!/仿真文件/仿真.zip!/仿真/DZ3_A0_Hunter_F1to10_C40_Final20_P1_1800s/stage2_300s/family_010/candidate_016_seed_1807639472/all_algorithms_summary.csv,d7ec1a1e3cdc0e5b8d3ea6e053c5205f4b12639267423afe4ce12de07edcc3d0,PASS
仿真文件(1).zip!/仿真文件/仿真.zip!/仿真/DZ3_A0_Hunter_F1to10_C40_Final20_P1_1800s/stage2_300s.zip!/stage2_300s/family_010/candidate_016_seed_1807639472/gurobi_report.md,仿真文件(1).zip!/仿真文件/仿真.zip!/仿真/DZ3_A0_Hunter_F1to10_C40_Final20_P1_1800s/stage2_300s/family_010/candidate_016_seed_1807639472/gurobi_report.md,8cfe5a6cf516483b046dc0ef324bae3343699c3a3264e2a6a0afd95acfd6c8b1,PASS
仿真文件(1).zip!/仿真文件/仿真.zip!/仿真/DZ3_A0_Hunter_F1to10_C40_Final20_P1_1800s/stage2_300s.zip!/stage2_300s/family_010/candidate_016_seed_1807639472/gurobi_summary.csv,仿真文件(1).zip!/仿真文件/仿真.zip!/仿真/DZ3_A0_Hunter_F1to10_C40_Final20_P1_1800s/stage2_300s/family_010/candidate_016_seed_1807639472/gurobi_summary.csv,d7ec1a1e3cdc0e5b8d3ea6e053c5205f4b12639267423afe4ce12de07edcc3d0,PASS
仿真文件(1).zip!/仿真文件/仿真.zip!/仿真/DZ3_A0_Hunter_F1to10_C40_Final20_P1_1800s/stage2_300s.zip!/stage2_300s/family_010/candidate_016_seed_1807639472/HUNTER_RESULT.json,仿真文件(1).zip!/仿真文件/仿真.zip!/仿真/DZ3_A0_Hunter_F1to10_C40_Final20_P1_1800s/stage2_300s/family_010/candidate_016_seed_1807639472/HUNTER_RESULT.json,589cf03cacbf8b53b16ab14d461ba2020fd61ad80d9407932b4783b5d58de92e,PASS
仿真文件(1).zip!/仿真文件/仿真.zip!/仿真/DZ3_A0_Hunter_F1to10_C40_Final20_P1_1800s/stage2_300s.zip!/stage2_300s/family_010/candidate_016_seed_1807639472/hunter_child_console.log,仿真文件(1).zip!/仿真文件/仿真.zip!/仿真/DZ3_A0_Hunter_F1to10_C40_Final20_P1_1800s/stage2_300s/family_010/candidate_016_seed_1807639472/hunter_child_console.log,6f044907aeb2009a39ce0920c9116ef771b923a0b779f244ffab684cf7f88adc,PASS
仿真文件(1).zip!/仿真文件/仿真.zip!/仿真/DZ3_A0_Hunter_F1to10_C40_Final20_P1_1800s/stage2_300s.zip!/stage2_300s/family_010/candidate_016_seed_1807639472/run.log,仿真文件(1).zip!/仿真文件/仿真.zip!/仿真/DZ3_A0_Hunter_F1to10_C40_Final20_P1_1800s/stage2_300s/family_010/candidate_016_seed_1807639472/run.log,4bd4cc8f9d73189e857079c0bba35f2cba504764d63b85fae1ce06526d9624a9,PASS
仿真文件(1).zip!/仿真文件/仿真.zip!/仿真/DZ3_A0_Hunter_F1to10_C40_Final20_P1_1800s/stage2_300s.zip!/stage2_300s/family_010/candidate_016_seed_1807639472/summary.csv,仿真文件(1).zip!/仿真文件/仿真.zip!/仿真/DZ3_A0_Hunter_F1to10_C40_Final20_P1_1800s/stage2_300s/family_010/candidate_016_seed_1807639472/summary.csv,d7ec1a1e3cdc0e5b8d3ea6e053c5205f4b12639267423afe4ce12de07edcc3d0,PASS
仿真文件(1).zip!/仿真文件/仿真.zip!/仿真/DZ3_A0_Hunter_F1to10_C40_Final20_P1_1800s/stage2_300s.zip!/stage2_300s/family_010/candidate_016_seed_1807639472/gurobi_extensive.log,仿真文件(1).zip!/仿真文件/仿真.zip!/仿真/DZ3_A0_Hunter_F1to10_C40_Final20_P1_1800s/stage2_300s/family_010/candidate_016_seed_1807639472/gurobi_extensive.log,e26b79d7d0cbf1051c9cdcae2237b5625a6d2bf292a567875de171bd23298ff8,PASS
仿真文件(1).zip!/仿真文件/仿真.zip!/仿真/DZ3_A0_Hunter_F1to10_C40_Final20_P1_1800s/stage2_300s.zip!/stage2_300s/family_010/candidate_016_seed_1807639472/gurobi_baseline_log.json,仿真文件(1).zip!/仿真文件/仿真.zip!/仿真/DZ3_A0_Hunter_F1to10_C40_Final20_P1_1800s/stage2_300s/family_010/candidate_016_seed_1807639472/gurobi_baseline_log.json,2636c04932e7350e14dbb28a5172f0540e6fdc105d17e156fc64e5d61e960aec,PASS
仿真文件(1).zip!/仿真文件/仿真.zip!/仿真/DZ3_A0_Hunter_F1to10_C40_Final20_P1_1800s/stage2_300s.zip!/stage2_300s/family_010/candidate_016_seed_1807639472/gurobi_baseline_log.csv,仿真文件(1).zip!/仿真文件/仿真.zip!/仿真/DZ3_A0_Hunter_F1to10_C40_Final20_P1_1800s/stage2_300s/family_010/candidate_016_seed_1807639472/gurobi_baseline_log.csv,d7ec1a1e3cdc0e5b8d3ea6e053c5205f4b12639267423afe4ce12de07edcc3d0,PASS
仿真文件(1).zip!/仿真文件/仿真.zip!/仿真/DZ3_A0_Hunter_F1to10_C40_Final20_P1_1800s/stage2_300s.zip!/stage2_300s/family_010/candidate_016_seed_1807639472/config.json,仿真文件(1).zip!/仿真文件/仿真.zip!/仿真/DZ3_A0_Hunter_F1to10_C40_Final20_P1_1800s/stage2_300s/family_010/candidate_016_seed_1807639472/config.json,6010aa617343d2a6120536fd696a62b1d7e50dfe7d5ce67d16d158f41ce795ef,PASS
