S,algo,t,wall_time_sec,init_time_sec,outer_iter_time_sec,inner_time_sec,eps_in_t,eta_t_star,eta_out,eta_in,eta_sep,eta_cap,eta_bracket,inner_lb,inner_ub,global_lb,global_ub,outer_gap,objective_cert_gap,best_ub_primal_obj,best_ub_primal_residual,returned_primal_obj,returned_primal_residual,lambda_inf,lambda_out_inf,lambda_in_inf,rho,theta,alpha_eff,phase_label,phase_reason,center_inf,center_step,anchor_mix,directional_beta,dual_inc_eta,sep_anchor_reason,alpha_signal,best_feas_eta,best_feas_residual,close_signal_streak,close_lock_counter,close_bc_count,close_case_c_count,close_reset_count,close_feas_lock_count,close_shadow_active,close_repaired_gap,close_repaired_residual,close_repaired_tag,inner_rnc_iters,inner_eval_calls,num_rnc_samples,num_rnc_kept_cuts,num_master_cuts,cut_added,outer_gap_certified,final_solution_found,stop_reason,sep_ok,case_label,sep_cut,out_cut,mispricing_streak,in_update_reason,add_geo,add_sup,add_rep,cap_promoted,z_best_ub,returned_z
120,P1_no_rho,1,13.451113599934615,5.670046299928799,7.78095669997856,4.21144570002798,0.01,0.0,0.0,-77218.50844631487,0.0,0.0,-27437.396316040547,-77218.50844631487,-77218.4965829975,-77218.50844631487,-27437.396316040547,49781.11213027432,49781.11213027431,-77218.49658299748,69720.0,nan,nan,0.0,0.0,0.0,0.0,10.0,0.0,HEADING_IN,WARMUP,0.0,0.0,0.8,0.0,-77218.50844631487,BOOT_NONE,0.0,-77218.50844631487,69720.0,0,0,0,0,0,0,0,inf,inf,NA,1,2,2,2,2,5,0,0,CONTINUE,0,A,1,1,0,BOOT_VALID_FROM_CUT,2,2,0,0,"tail_cont_enabled=1 tail_active_dims=(1,) tail_delta=0.1 tail_start=(6, 6, 6) returned_y=(0, 0, 0) returned_b=(0, 0, 0) returned_u=(0, 0, 0) returned_zcap=(0, 0, 0) max_tail_u=0",NA
120,P1_no_rho,2,17.464386299951002,5.670046299928799,4.012781600002199,1.4794911000644788,0.01,422061.5034170025,422061.5034170025,-77218.50844631487,272277.49985800724,0.0,-27437.396316040547,-191880.57616045373,-191880.50405467203,-77218.50844631487,-27437.396316040547,49781.11213027432,49781.11213027431,1319.4959453279596,27600.0,nan,nan,7.0,10.0,0.0,0.0,10.0,0.3,HEADING_IN,WARMUP,0.28269724147315184,0.28269724147315184,0.8,0.0,-77218.50844631487,STRUCTURAL,-1.0,-191880.57616045373,27600.0,0,0,0,0,0,0,0,inf,inf,NA,2,3,3,3,4,7,0,0,CONTINUE,0,A,1,1,0,KEEP_STRUCTURAL_IN_ON_CUT,2,3,1,0,"tail_cont_enabled=1 tail_active_dims=(1,) tail_delta=0.1 tail_start=(6, 6, 6) returned_y=(6, 0, 1) returned_b=(1, 0, 0) returned_u=(0, 0, 0) returned_zcap=(6, 0, 1) max_tail_u=0",NA
120,P1_no_rho,3,21.048601699993014,5.670046299928799,3.583633100031875,0.14161220006644726,0.01,-2574.9434953172904,-2574.9434953172904,-77218.50844631487,-24968.012980616564,0.0,-27437.396316040547,-302751.81867093925,-302751.76907748304,-77218.50844631487,-27437.396316040547,49781.11213027432,49781.11213027431,-51714.74205978827,67630.0,nan,nan,7.0,10.0,0.0,0.0,10.0,0.3,HEADING_IN,WARMUP,0.5147368632071785,0.23683308845208553,0.8,0.0,-77218.50844631487,STRUCTURAL,-0.5302740267795246,-191880.57616045373,27600.0,0,0,0,0,0,0,0,inf,inf,NA,2,4,4,4,8,7,0,0,CONTINUE,0,A,1,1,0,KEEP_STRUCTURAL_IN_ON_CUT,2,3,1,0,"tail_cont_enabled=1 tail_active_dims=(1,) tail_delta=0.1 tail_start=(6, 6, 6) returned_y=(0, 0, 6) returned_b=(0, 0, 1) returned_u=(0, 0, 0) returned_zcap=(0, 0, 6) max_tail_u=0",NA
120,P1_no_rho,4,24.045891299960203,5.670046299928799,2.996750699938275,0.16730059997644275,0.01,-13807.62302201544,-13807.62302201544,-77218.50844631487,-32830.88864930527,0.0,-27437.396316040547,-192034.28668972553,-192034.2477803587,-77218.50844631487,-27437.396316040547,49781.11213027432,49781.11213027431,-50952.57056289454,51801.5,nan,nan,7.0,10.0,0.0,0.0,10.0,0.3,HEADING_IN,WARMUP,1.094305192275824,0.5795683290686455,0.8,0.0,-77218.50844631487,STRUCTURAL,-0.389072233753474,-191880.57616045373,27600.0,0,0,0,0,0,0,0,inf,inf,NA,2,5,5,5,12,7,0,0,CONTINUE,0,A,1,1,0,KEEP_STRUCTURAL_IN_ON_CUT,2,3,1,0,"tail_cont_enabled=1 tail_active_dims=(1,) tail_delta=0.1 tail_start=(6, 6, 6) returned_y=(2, 6, 0) returned_b=(0, 1, 0) returned_u=(0, 0, 0) returned_zcap=(2, 6, 0) max_tail_u=0",NA
120,P1_no_rho,5,38.56680749997031,5.670046299928799,14.520418699947186,0.1631865999661386,0.01,-14260.115131558876,-14260.115131558876,-77218.50844631487,-33147.633125985674,0.0,-29275.27526260102,-238426.53119691336,-238426.48173358408,-77218.50844631487,-29275.27526260102,47943.23318371385,48140.90936757027,-43506.74044716058,46946.0,nan,nan,7.0,10.0,0.0,0.0,10.0,0.3,HEADING_IN,WARMUP,1.2218846177225398,0.5881335347635602,0.8,0.0,-77218.50844631487,STRUCTURAL,-0.5931427028209417,-191880.57616045373,27600.0,0,0,0,0,0,0,0,inf,inf,NA,1,5,5,5,16,6,0,0,CONTINUE,0,A,1,1,0,KEEP_STRUCTURAL_IN_ON_CUT,2,3,0,0,"tail_cont_enabled=1 tail_active_dims=(1,) tail_delta=0.1 tail_start=(6, 6, 6) returned_y=(2, 6, 0) returned_b=(0, 1, 0) returned_u=(0, 0, 0) returned_zcap=(2, 6, 0) max_tail_u=0",NA
120,P1_no_rho,6,42.78697569994256,5.670046299928799,4.219724199967459,0.1665709000080824,0.01,-15027.195664244167,-15027.195664244167,-77218.50844631487,-33684.589498865374,0.0,-29275.27526260102,-249134.25077883434,-249134.19691623957,-77218.50844631487,-29275.27526260102,47943.23318371385,48140.90936757027,-44880.89684987027,48902.5,nan,nan,7.0,10.0,0.0,0.0,10.0,0.3,HEADING_IN,WARMUP,1.433473506234638,0.6004106207516895,0.8,0.0,-77218.50844631487,STRUCTURAL,-0.5966779380731903,-191880.57616045373,27600.0,0,0,0,0,0,0,0,inf,inf,NA,1,5,5,5,19,6,0,0,CONTINUE,0,A,1,1,0,KEEP_STRUCTURAL_IN_ON_CUT,2,3,0,0,"tail_cont_enabled=1 tail_active_dims=(1,) tail_delta=0.1 tail_start=(6, 6, 6) returned_y=(2, 6, 0) returned_b=(0, 1, 0) returned_u=(0, 0, 0) returned_zcap=(2, 6, 0) max_tail_u=0",NA
120,P1_no_rho,7,47.50024670001585,5.670046299928799,4.71265250002034,0.16251970001030713,0.01,-18160.53923281833,-18160.53923281833,-77218.50844631487,-35877.92999686729,0.0,-29275.27526260102,-253157.97290086554,-253157.91443832483,-77218.50844631487,-29275.27526260102,47943.23318371385,48140.90936757027,-43213.130977396606,42815.0,nan,nan,7.0,10.0,0.0,0.0,10.0,0.3,HEADING_IN,WARMUP,1.8570547678223048,0.7534318394357069,0.8,0.0,-77218.50844631487,STRUCTURAL,-0.7005047745647495,-191880.57616045373,27600.0,0,0,0,0,0,0,0,inf,inf,NA,1,5,5,5,21,6,0,0,CONTINUE,0,A,1,1,0,KEEP_STRUCTURAL_IN_ON_CUT,2,3,0,0,"tail_cont_enabled=1 tail_active_dims=(1,) tail_delta=0.1 tail_start=(6, 6, 6) returned_y=(2, 6, 0) returned_b=(0, 1, 0) returned_u=(0, 0, 0) returned_zcap=(2, 6, 0) max_tail_u=0",NA
120,P1_no_rho,8,50.391711200005375,5.670046299928799,2.8910212999908254,0.15489899995736778,0.01,-4319.572714249085,-4319.572714249085,-77218.50844631487,-26189.25343386882,0.0,-29275.27526260102,-290077.05585479125,-290076.9961960742,-77218.50844631487,-29275.27526260102,47943.23318371385,48140.90936757027,-52567.90929895117,51458.5,nan,nan,7.0,10.0,0.0,0.0,10.0,0.3,HEADING_IN,WARMUP,1.5562392685604325,0.6789369799177065,0.8,0.0,-77218.50844631487,STRUCTURAL,-0.6593637505316295,-191880.57616045373,27600.0,0,0,0,0,0,0,0,inf,inf,NA,1,5,5,5,21,6,0,0,CONTINUE,0,A,1,1,0,KEEP_STRUCTURAL_IN_ON_CUT,2,3,0,0,"tail_cont_enabled=1 tail_active_dims=(1,) tail_delta=0.1 tail_start=(6, 6, 6) returned_y=(0, 0, 0) returned_b=(0, 0, 0) returned_u=(0, 0, 0) returned_zcap=(0, 0, 0) max_tail_u=0",NA
120,P1_no_rho,9,53.56576369993854,5.670046299928799,3.1731747000012547,0.18222470011096448,0.01,198975.0041314486,198975.0041314486,-77218.50844631487,-35789.48155965035,0.0,-29275.27526260102,-49747.79075542815,-49747.78297300756,-49747.79075542815,-29275.27526260102,20472.51549282713,20670.19167668355,-23366.081002902207,30515.5,nan,nan,1.5000000000000002,10.0,0.0,0.0,10.0,0.85,CORE,FORCE_CORE,1.3484659718495438,0.9035896543873424,0.6,0.174,-49747.79075542815,STRUCTURAL,-0.5763563209976426,-191880.57616045373,27600.0,0,0,0,0,0,0,0,inf,inf,NA,1,5,5,5,21,6,0,0,CONTINUE,0,A,1,1,0,KEEP_STRUCTURAL_IN_ON_CUT,2,3,0,0,"tail_cont_enabled=1 tail_active_dims=(1,) tail_delta=0.1 tail_start=(6, 6, 6) returned_y=(6, 0, 1) returned_b=(1, 0, 0) returned_u=(0, 0, 0) returned_zcap=(6, 0, 1) max_tail_u=0",NA
120,P1_no_rho,10,67.0095747000305,5.670046299928799,13.443207799922675,0.1877963999286294,0.01,38555.464290649805,38555.464290649805,-77218.50844631487,-59852.41253577017,0.0,-29275.27526260102,-79164.44401616971,-79164.43111635568,-49747.79075542815,-29275.27526260102,20472.51549282713,20670.19167668355,-46660.45729221073,38399.0,nan,nan,1.5000000000000002,10.0,0.0,0.0,10.0,0.85,CORE,FORCE_CORE,1.1469121740517951,0.5692233326260348,0.6,0.12,-49747.79075542815,STRUCTURAL,-0.5643197969416733,-191880.57616045373,27600.0,0,0,0,0,0,0,0,inf,inf,NA,2,6,6,6,21,7,0,0,CONTINUE,0,A,1,1,0,KEEP_STRUCTURAL_IN_ON_CUT,2,3,1,0,"tail_cont_enabled=1 tail_active_dims=(1,) tail_delta=0.1 tail_start=(6, 6, 6) returned_y=(1, 0, 6) returned_b=(0, 0, 1) returned_u=(0, 0, 0) returned_zcap=(1, 0, 6) max_tail_u=0",NA
120,P1_no_rho,11,72.12343709997367,5.670046299928799,5.113478900049813,0.18427969992626458,0.01,32832.30656808604,32832.30656808604,-77218.50844631487,-60710.88619415473,0.0,-29275.27526260102,-75847.15285331977,-75847.14171360573,-49747.79075542815,-29275.27526260102,20472.51549282713,20670.19167668355,-40900.60046214056,34875.5,nan,nan,1.5000000000000002,10.0,0.0,0.0,10.0,0.85,CORE,FORCE_CORE,1.1301705583524981,0.39510722395675274,0.6,0.13799999999999998,-49747.79075542815,STRUCTURAL,-0.6680246639515836,-191880.57616045373,27600.0,0,0,0,0,0,0,0,inf,inf,NA,2,6,6,6,22,7,0,0,CONTINUE,0,A,1,1,0,KEEP_STRUCTURAL_IN_ON_CUT,2,3,1,0,"tail_cont_enabled=1 tail_active_dims=(1,) tail_delta=0.1 tail_start=(6, 6, 6) returned_y=(0, 6, 2) returned_b=(0, 1, 0) returned_u=(0, 0, 0) returned_zcap=(0, 6, 2) max_tail_u=0",NA
120,P1_no_rho,12,75.86480390001088,5.670046299928799,3.7408127000089735,0.15647579997312278,0.01,21773.886913144255,21773.886913144255,-77218.50844631487,-62369.649142395996,0.0,-29275.27526260102,-77482.95068776034,-77482.93896235724,-49747.79075542815,-29275.27526260102,20472.51549282713,20670.19167668355,-41183.50350231779,35317.0,nan,nan,1.5000000000000002,10.0,0.0,0.0,10.0,0.85,CORE,FORCE_CORE,1.0885041619995979,0.29667821284205903,0.6,0.156,-49747.79075542815,STRUCTURAL,-0.6852117575112914,-191880.57616045373,27600.0,0,0,0,0,0,0,0,inf,inf,NA,1,5,5,5,23,6,0,0,CONTINUE,0,A,1,1,0,KEEP_STRUCTURAL_IN_ON_CUT,2,3,0,0,"tail_cont_enabled=1 tail_active_dims=(1,) tail_delta=0.1 tail_start=(6, 6, 6) returned_y=(0, 6, 2) returned_b=(0, 1, 0) returned_u=(0, 0, 0) returned_zcap=(0, 6, 2) max_tail_u=0",NA
120,P1_no_rho,13,80.62518119998276,5.670046299928799,4.759701600065455,0.17585829994641244,0.01,19967.63925551682,19967.63925551682,-77218.50844631487,-62640.58629104011,0.0,-29275.27526260102,-80912.88541926317,-80912.87280458213,-49747.79075542815,-29275.27526260102,20472.51549282713,20670.19167668355,-41376.51848867593,36115.0,nan,nan,1.5000000000000002,10.0,0.0,0.0,10.0,0.85,CORE,FORCE_CORE,1.1066291283340781,0.24282769853156858,0.6,0.174,-49747.79075542815,STRUCTURAL,-0.7298233294735558,-191880.57616045373,27600.0,0,0,0,0,0,0,0,inf,inf,NA,1,5,5,5,23,6,0,0,CONTINUE,0,A,1,1,0,KEEP_STRUCTURAL_IN_ON_CUT,2,3,0,0,"tail_cont_enabled=1 tail_active_dims=(1,) tail_delta=0.1 tail_start=(6, 6, 6) returned_y=(0, 6, 2) returned_b=(0, 1, 0) returned_u=(0, 0, 0) returned_zcap=(0, 6, 2) max_tail_u=0",NA
120,P1_no_rho,14,85.48916799994186,5.670046299928799,4.863547499990091,0.15625880006700754,0.01,12782.606008385515,12782.606008385515,-77218.50844631487,-63718.34127810981,0.0,-29275.27526260102,-81154.57126092758,-81154.5579136396,-49747.79075542815,-29275.27526260102,20472.51549282713,20670.19167668355,-42081.800746765155,35154.0,nan,nan,1.5000000000000002,10.0,0.0,0.0,10.0,0.85,CORE,FORCE_CORE,1.1203293013491065,0.22018516867187854,0.6,0.174,-49747.79075542815,STRUCTURAL,-0.7409826699071596,-191880.57616045373,27600.0,0,0,0,0,0,0,0,inf,inf,NA,1,5,5,5,23,6,0,0,CONTINUE,0,A,1,1,0,KEEP_STRUCTURAL_IN_ON_CUT,2,3,0,0,"tail_cont_enabled=1 tail_active_dims=(1,) tail_delta=0.1 tail_start=(6, 6, 6) returned_y=(0, 6, 2) returned_b=(0, 1, 0) returned_u=(0, 0, 0) returned_zcap=(0, 6, 2) max_tail_u=0",NA
120,P1_no_rho,15,97.9218886999879,5.670046299928799,12.432237299974076,0.15617389988619834,0.01,1830.7343588768886,1830.7343588768886,-77218.50844631487,-65361.122025536104,0.0,-29275.27526260102,-72448.04413986584,-72448.03276690113,-49747.79075542815,-29275.27526260102,20472.51549282713,20670.19167668355,-38998.49113872243,31480.0,nan,nan,1.5000000000000002,10.0,0.0,0.0,10.0,0.85,CORE,MAIN,1.1513984603562144,0.25889744178546426,0.6,0.174,-49747.79075542815,STRUCTURAL,-0.7083765698470712,-191880.57616045373,27600.0,0,0,0,0,0,0,0,inf,inf,NA,1,5,5,5,23,6,0,0,CONTINUE,0,A,1,1,0,KEEP_STRUCTURAL_IN_ON_CUT,2,3,0,0,"tail_cont_enabled=1 tail_active_dims=(1,) tail_delta=0.1 tail_start=(6, 6, 6) returned_y=(0, 6, 2) returned_b=(0, 1, 0) returned_u=(0, 0, 0) returned_zcap=(0, 6, 2) max_tail_u=0",NA
120,P1_no_rho,16,101.4384158999892,5.670046299928799,3.516038400004618,0.18630519998259842,0.01,134098.79716261488,134098.79716261488,-77218.50844631487,-45520.912604975405,0.0,-29275.27526260102,-97206.48781690463,-97206.47435497656,-49747.79075542815,-29275.27526260102,20472.51549282713,20670.19167668355,-37780.21920142319,45050.0,nan,nan,1.5000000000000002,10.0,0.0,0.0,10.0,0.85,CORE,MAIN,1.1677051052402365,0.2369948828912154,0.6,0.174,-49747.79075542815,STRUCTURAL,-0.8794118409700827,-191880.57616045373,27600.0,0,0,0,0,0,0,0,inf,inf,NA,2,6,6,6,23,7,0,0,CONTINUE,0,A,1,1,0,KEEP_STRUCTURAL_IN_ON_CUT,2,3,1,0,"tail_cont_enabled=1 tail_active_dims=(1,) tail_delta=0.1 tail_start=(6, 6, 6) returned_y=(6, 1, 0) returned_b=(1, 0, 0) returned_u=(0, 0, 0) returned_zcap=(6, 1, 0) max_tail_u=0",NA
120,P1_no_rho,17,105.89214899996296,5.670046299928799,4.453309200005606,0.16444789990782738,0.01,77806.90376418862,77806.90376418862,-77218.50844631487,-53964.69661473934,0.0,-29275.27526260102,-58625.302259459524,-58625.29272636136,-49747.79075542815,-29275.27526260102,20472.51549282713,20670.19167668355,-27911.875649066573,30739.0,nan,nan,1.5000000000000002,10.0,0.0,0.0,10.0,0.85,CORE,MAIN,1.172456794919867,0.29271903961713475,0.6,0.174,-49747.79075542815,STRUCTURAL,-0.6661118248759945,-191880.57616045373,27600.0,0,0,0,0,0,0,0,inf,inf,NA,1,5,5,5,24,6,0,0,CONTINUE,0,A,1,1,0,KEEP_STRUCTURAL_IN_ON_CUT,2,3,0,0,"tail_cont_enabled=1 tail_active_dims=(1,) tail_delta=0.1 tail_start=(6, 6, 6) returned_y=(6, 0, 1) returned_b=(1, 0, 0) returned_u=(0, 0, 0) returned_zcap=(6, 0, 1) max_tail_u=0",NA
120,P1_no_rho,18,110.64087300002575,5.670046299928799,4.7479501001071185,0.15563540009316057,0.01,49810.26195573135,49810.26195573135,-77218.50844631487,-58164.192886007935,0.0,-29275.27526260102,-78433.49232568685,-78433.47968835862,-49747.79075542815,-29275.27526260102,20472.51549282713,20670.19167668355,-41341.839956688695,38239.5,nan,nan,1.5000000000000002,10.0,0.0,0.0,10.0,0.85,CORE,MAIN,1.1741366305930079,0.2455680946106198,0.6,0.174,-49747.79075542815,STRUCTURAL,-0.6466548940523094,-191880.57616045373,27600.0,0,0,0,0,0,0,0,inf,inf,NA,1,5,5,5,24,6,0,0,CONTINUE,0,A,1,1,0,KEEP_STRUCTURAL_IN_ON_CUT,2,3,0,0,"tail_cont_enabled=1 tail_active_dims=(1,) tail_delta=0.1 tail_start=(6, 6, 6) returned_y=(1, 0, 6) returned_b=(0, 0, 1) returned_u=(0, 0, 0) returned_zcap=(1, 0, 6) max_tail_u=0",NA
120,P1_no_rho,19,115.4715823000297,5.670046299928799,4.830211299937218,0.16072030004579574,0.01,45047.391091937105,45047.391091937105,-77218.50844631487,-58878.62351557707,0.0,-29275.27526260102,-73778.0654230533,-73778.05362274469,-49747.79075542815,-29275.27526260102,20472.51549282713,20670.19167668355,-36478.5053781625,32284.5,nan,nan,1.5000000000000002,10.0,0.0,0.0,10.0,0.85,CORE,MAIN,1.1759445549172538,0.2573218427046303,0.6,0.174,-49747.79075542815,STRUCTURAL,-0.7702261300744359,-191880.57616045373,27600.0,0,0,0,0,0,0,0,inf,inf,NA,1,5,5,5,24,6,0,0,CONTINUE,0,A,1,1,0,KEEP_STRUCTURAL_IN_ON_CUT,2,3,0,0,"tail_cont_enabled=1 tail_active_dims=(1,) tail_delta=0.1 tail_start=(6, 6, 6) returned_y=(0, 6, 2) returned_b=(0, 1, 0) returned_u=(0, 0, 0) returned_zcap=(0, 6, 2) max_tail_u=0",NA
120,P1_no_rho,20,123.73939909995534,5.670046299928799,8.267288899980485,0.15681950002908707,0.01,28591.278735348806,28591.278735348806,-77218.50844631487,-61347.04036906532,0.0,-29275.27526260102,-70595.37921711753,-70595.36843788117,-49747.79075542815,-29275.27526260102,20472.51549282713,20670.19167668355,-35684.33232712978,33046.0,nan,nan,1.5000000000000002,10.0,0.0,0.0,10.0,0.85,CORE,MAIN,1.1785478246451,0.2640327802903374,0.6,0.174,-49747.79075542815,STRUCTURAL,-0.7042917168139643,-191880.57616045373,27600.0,0,0,0,0,0,0,0,inf,inf,NA,1,5,5,5,24,6,0,0,CONTINUE,0,A,1,1,0,KEEP_STRUCTURAL_IN_ON_CUT,2,3,0,0,"tail_cont_enabled=1 tail_active_dims=(1,) tail_delta=0.1 tail_start=(6, 6, 6) returned_y=(0, 6, 2) returned_b=(0, 1, 0) returned_u=(0, 0, 0) returned_zcap=(0, 6, 2) max_tail_u=0",NA
120,P1_no_rho,21,128.66947229998186,5.670046299928799,4.929590399959125,0.17594959994312376,0.01,18945.082484771603,18945.082484771603,-77218.50844631487,-62793.9698066519,0.0,-29275.27526260102,-69570.39449752463,-69570.38327335678,-49747.79075542815,-29275.27526260102,20472.51549282713,20670.19167668355,-36512.97322862089,31411.0,nan,nan,1.5000000000000002,10.0,0.0,0.0,10.0,0.85,CORE,MAIN,1.1810307984063928,0.24624185680193522,0.6,0.174,-49747.79075542815,STRUCTURAL,-0.7016100526298833,-191880.57616045373,27600.0,0,0,0,0,0,0,0,inf,inf,NA,2,6,6,6,24,6,0,0,CONTINUE,0,A,1,1,0,KEEP_STRUCTURAL_IN_ON_CUT,2,3,0,0,"tail_cont_enabled=1 tail_active_dims=(1,) tail_delta=0.1 tail_start=(6, 6, 6) returned_y=(0, 6, 2) returned_b=(0, 1, 0) returned_u=(0, 0, 0) returned_zcap=(0, 6, 2) max_tail_u=0",NA
120,P1_no_rho,22,133.53071249998175,5.670046299928799,4.860808599973097,0.15868019999470562,0.01,32163.82076202068,32163.82076202068,-77218.50844631487,-60811.15906506454,0.0,-29275.27526260102,-71115.24509988859,-71115.2336521612,-49747.79075542815,-29275.27526260102,20472.51549282713,20670.19167668355,-39060.29555500117,31068.0,nan,nan,1.5000000000000002,10.0,0.0,0.0,10.0,0.85,CORE,MAIN,1.1840732134547651,0.2518194787466965,0.6,0.174,-49747.79075542815,STRUCTURAL,-0.6878446868623667,-191880.57616045373,27600.0,0,0,0,0,0,0,0,inf,inf,NA,1,5,5,5,24,6,0,0,CONTINUE,0,A,1,1,0,KEEP_STRUCTURAL_IN_ON_CUT,2,3,0,0,"tail_cont_enabled=1 tail_active_dims=(1,) tail_delta=0.1 tail_start=(6, 6, 6) returned_y=(0, 6, 2) returned_b=(0, 1, 0) returned_u=(0, 0, 0) returned_zcap=(0, 6, 2) max_tail_u=0",NA
120,P1_no_rho,23,138.75062579999212,5.670046299928799,5.219420999987051,0.15111899992916733,0.01,10157.666874896095,10157.666874896095,-62569.21161900698,-64112.082148133224,0.0,-29275.27526260102,-62569.21161900698,-62569.201511194704,-49747.79075542815,-29275.27526260102,20472.51549282713,20670.19167668355,-33712.743863020674,31819.5,nan,nan,1.5000000000000002,10.0,1.5000000000000002,0.0,10.0,0.85,CORE,MAIN,1.2946475887455973,0.40382349995274724,0.6,0.174,-49747.79075542815,STRUCTURAL,-0.6045864464280083,-191880.57616045373,27600.0,0,0,0,0,0,0,0,inf,inf,NA,1,5,5,5,24,6,0,0,CONTINUE,1,B,0,1,0,ACCEPT_SEP,2,3,0,0,"tail_cont_enabled=1 tail_active_dims=(1,) tail_delta=0.1 tail_start=(6, 6, 6) returned_y=(6, 0, 1) returned_b=(1, 0, 0) returned_u=(0, 0, 0) returned_zcap=(6, 0, 1) max_tail_u=0",NA
120,P1_no_rho,24,142.40422939998098,5.670046299928799,3.6530777000589296,0.15583030006382614,0.01,73184.65727429291,73184.65727429291,-62569.21161900698,-31307.923550969987,0.0,-29275.27526260102,-75587.92822221246,-75587.90980249396,-49747.79075542815,-29275.27526260102,20472.51549282713,20670.19167668355,-16081.552450260342,33188.0,nan,nan,2.7750000000000004,10.0,1.5000000000000002,0.0,10.0,0.85,CORE,MAIN,1.4691878304805983,0.3298414674247172,0.6,0.174,-49747.79075542815,CORE_INCUMBENT_BETTER,-0.7348208405223335,-191880.57616045373,27600.0,0,0,0,0,0,0,0,inf,inf,NA,1,5,5,5,24,6,0,0,CONTINUE,0,A,1,1,0,KEEP_STRUCTURAL_IN_ON_CUT,2,3,0,0,"tail_cont_enabled=1 tail_active_dims=(1,) tail_delta=0.1 tail_start=(6, 6, 6) returned_y=(6, 0, 1) returned_b=(1, 0, 0) returned_u=(0, 0, 0) returned_zcap=(6, 0, 1) max_tail_u=0",NA
120,P1_no_rho,25,155.3657797999913,5.670046299928799,12.961032500024885,0.15095110004767776,0.01,18262.24306480296,18262.24306480296,-62569.21161900698,-50444.49341643549,0.0,-29275.27526260102,-79643.31974553251,-79643.30298241987,-49747.79075542815,-29275.27526260102,20472.51549282713,20670.19167668355,-39283.02984076655,40139.0,nan,nan,2.7750000000000004,10.0,1.5000000000000002,0.0,10.0,0.85,CORE,MAIN,1.6214576193450836,0.34578006467096695,0.6,0.174,-49747.79075542815,STRUCTURAL,-0.5583104613692861,-191880.57616045373,27600.0,0,0,0,0,0,0,0,inf,inf,NA,1,5,5,5,24,6,0,0,CONTINUE,0,A,1,1,0,KEEP_STRUCTURAL_IN_ON_CUT,2,3,0,0,"tail_cont_enabled=1 tail_active_dims=(1,) tail_delta=0.1 tail_start=(6, 6, 6) returned_y=(6, 0, 1) returned_b=(1, 0, 0) returned_u=(0, 0, 0) returned_zcap=(6, 0, 1) max_tail_u=0",NA
120,P1_no_rho,26,160.53659099992365,5.670046299928799,5.170216199941933,0.1663768000435084,0.01,34419.35957016626,34419.35957016626,-62569.21161900698,-48020.925940630994,0.0,-29275.27526260102,-75382.21870703153,-75382.2023660262,-49747.79075542815,-29275.27526260102,20472.51549282713,20670.19167668355,-34646.60105779256,37616.5,nan,nan,2.7750000000000004,10.0,1.5000000000000002,0.0,10.0,0.85,CORE,MAIN,1.7534391767428126,0.3370328981769747,0.6,0.174,-49747.79075542815,STRUCTURAL,-0.513055899890143,-191880.57616045373,27600.0,0,0,0,0,0,0,0,inf,inf,NA,1,5,5,5,24,6,0,0,CONTINUE,0,A,1,1,0,KEEP_STRUCTURAL_IN_ON_CUT,2,3,0,0,"tail_cont_enabled=1 tail_active_dims=(1,) tail_delta=0.1 tail_start=(6, 6, 6) returned_y=(6, 0, 1) returned_b=(1, 0, 0) returned_u=(0, 0, 0) returned_zcap=(6, 0, 1) max_tail_u=0",NA
120,P1_no_rho,27,164.69354290002957,5.670046299928799,4.156378599931486,0.15012800006661564,0.01,39706.20897254357,39706.20897254357,-62569.21161900698,-47227.8985302744,0.0,-29275.27526260102,-72737.5637569106,-72737.54810897369,-49747.79075542815,-29275.27526260102,20472.51549282713,20670.19167668355,-36979.57206463752,37413.0,nan,nan,2.7750000000000004,10.0,1.5000000000000002,0.0,10.0,0.85,CORE,MAIN,1.8672070179014497,0.3314008623836723,0.6,0.174,-49747.79075542815,STRUCTURAL,-0.48162937655932997,-191880.57616045373,27600.0,0,0,0,0,0,0,0,inf,inf,NA,1,5,5,5,24,6,0,0,CONTINUE,0,A,1,1,0,KEEP_STRUCTURAL_IN_ON_CUT,2,3,0,0,"tail_cont_enabled=1 tail_active_dims=(1,) tail_delta=0.1 tail_start=(6, 6, 6) returned_y=(6, 0, 1) returned_b=(1, 0, 0) returned_u=(0, 0, 0) returned_zcap=(6, 0, 1) max_tail_u=0",NA
120,P1_no_rho,28,169.20615580002777,5.670046299928799,4.512023200048134,0.17574889992829412,0.01,56818.58358461639,56818.58358461639,-62569.21161900698,-44661.04233846348,0.0,-29275.27526260102,-73769.80090794228,-73769.7855673112,-49747.79075542815,-29275.27526260102,20472.51549282713,20670.19167668355,-40719.64644264084,39081.5,nan,nan,2.7750000000000004,10.0,1.5000000000000002,0.0,10.0,0.85,CORE,MAIN,1.963409592033134,0.3159394971620607,0.6,0.174,-49747.79075542815,STRUCTURAL,-0.518144261960024,-191880.57616045373,27600.0,0,0,0,0,0,0,0,inf,inf,NA,1,5,5,5,24,6,0,0,CONTINUE,0,A,1,1,0,KEEP_STRUCTURAL_IN_ON_CUT,2,3,0,0,"tail_cont_enabled=1 tail_active_dims=(1,) tail_delta=0.1 tail_start=(6, 6, 6) returned_y=(6, 0, 1) returned_b=(1, 0, 0) returned_u=(0, 0, 0) returned_zcap=(6, 0, 1) max_tail_u=0",NA
120,P1_no_rho,29,174.32511259999592,5.670046299928799,5.1184147000312805,0.1590935999993235,0.01,65855.39913664907,65855.39913664907,-62569.21161900698,-43305.520005658575,0.0,-29275.27526260102,-77321.40065477646,-77321.3858998718,-49747.79075542815,-29275.27526260102,20472.51549282713,20670.19167668355,-43709.49651855453,43339.0,nan,nan,2.7750000000000004,10.0,1.5000000000000002,0.0,10.0,0.85,CORE,MAIN,2.062116653398807,0.23784624361704151,0.6,0.174,-49747.79075542815,STRUCTURAL,-0.5454397239850708,-191880.57616045373,27600.0,0,0,0,0,0,0,0,inf,inf,NA,1,5,5,5,24,6,0,0,CONTINUE,0,A,1,1,0,KEEP_STRUCTURAL_IN_ON_CUT,2,3,0,0,"tail_cont_enabled=1 tail_active_dims=(1,) tail_delta=0.1 tail_start=(6, 6, 6) returned_y=(2, 6, 0) returned_b=(0, 1, 0) returned_u=(0, 0, 0) returned_zcap=(2, 6, 0) max_tail_u=0",NA
120,P1_no_rho,30,185.16017399996053,5.670046299928799,10.834415499935858,0.1607826000545174,0.01,78293.96010744877,78293.96010744877,-62569.21161900698,-41439.735860038614,0.0,-29275.27526260102,-84114.679289571,-84114.66263992418,-49747.79075542815,-29275.27526260102,20472.51549282713,20670.19167668355,-30885.827958668666,42395.0,nan,nan,2.7750000000000004,10.0,1.5000000000000002,0.0,10.0,0.85,CORE,MAIN,2.1231321323396184,0.29091491116937696,0.6,0.174,-49747.79075542815,STRUCTURAL,-0.5083961765349391,-191880.57616045373,27600.0,0,0,0,0,0,0,0,inf,inf,NA,1,5,5,5,24,6,0,0,CONTINUE,0,A,1,1,0,KEEP_STRUCTURAL_IN_ON_CUT,2,3,0,0,"tail_cont_enabled=1 tail_active_dims=(1,) tail_delta=0.1 tail_start=(6, 6, 6) returned_y=(2, 6, 0) returned_b=(0, 1, 0) returned_u=(0, 0, 0) returned_zcap=(2, 6, 0) max_tail_u=0",NA
120,P1_no_rho,31,189.7073217999423,5.670046299928799,4.546524200006388,0.148349899915047,0.01,177961.3563693291,177961.3563693291,-62569.21161900698,-26489.626420756565,0.0,-29275.27526260102,-71336.61736309667,-71336.60160455888,-49747.79075542815,-29275.27526260102,20472.51549282713,20670.19167668355,-31900.92953051672,35899.5,nan,nan,2.7750000000000004,10.0,1.5000000000000002,0.0,10.0,0.85,CORE,MAIN,2.164163838235671,0.2959821690295601,0.6,0.174,-49747.79075542815,STRUCTURAL,-0.4761691136171455,-191880.57616045373,27600.0,0,0,0,0,0,0,0,inf,inf,NA,1,5,5,5,24,6,0,0,CONTINUE,0,A,1,1,0,KEEP_STRUCTURAL_IN_ON_CUT,2,3,0,0,"tail_cont_enabled=1 tail_active_dims=(1,) tail_delta=0.1 tail_start=(6, 6, 6) returned_y=(6, 0, 1) returned_b=(1, 0, 0) returned_u=(0, 0, 0) returned_zcap=(6, 0, 1) max_tail_u=0",NA
120,P1_no_rho,32,194.74538480001502,5.670046299928799,5.037487900000997,0.1625419999472797,0.01,96041.41661786482,96041.41661786482,-62569.21161900698,-38777.61738347621,0.0,-29275.27526260102,-71737.93536665507,-71737.91928807498,-49747.79075542815,-29275.27526260102,20472.51549282713,20670.19167668355,-32001.431212793468,37057.0,nan,nan,2.7750000000000004,10.0,1.5000000000000002,0.0,10.0,0.85,CORE,MAIN,2.1922922189999934,0.25953962858442786,0.6,0.174,-49747.79075542815,STRUCTURAL,-0.4221456418787589,-191880.57616045373,27600.0,0,0,0,0,0,0,0,inf,inf,NA,1,5,5,5,24,6,0,0,CONTINUE,0,A,1,1,0,KEEP_STRUCTURAL_IN_ON_CUT,2,3,0,0,"tail_cont_enabled=1 tail_active_dims=(1,) tail_delta=0.1 tail_start=(6, 6, 6) returned_y=(1, 0, 6) returned_b=(0, 0, 1) returned_u=(0, 0, 0) returned_zcap=(1, 0, 6) max_tail_u=0",NA
120,P1_no_rho,33,198.3280039000092,5.670046299928799,3.5820684999926016,0.1515522999688983,0.01,92763.35320781778,92763.35320781778,-62569.21161900698,-39269.32689498326,0.0,-29275.27526260102,-70443.89004205467,-70443.87436625676,-49747.79075542815,-29275.27526260102,20472.51549282713,20670.19167668355,-33034.236255478856,37163.0,nan,nan,2.7750000000000004,10.0,1.5000000000000002,0.0,10.0,0.85,CORE,MAIN,2.210675436574747,0.2503074695206293,0.6,0.174,-49747.79075542815,STRUCTURAL,-0.43605105586955867,-191880.57616045373,27600.0,0,0,0,0,0,0,0,inf,inf,NA,1,5,5,5,24,6,0,0,CONTINUE,0,A,1,1,0,KEEP_STRUCTURAL_IN_ON_CUT,2,3,0,0,"tail_cont_enabled=1 tail_active_dims=(1,) tail_delta=0.1 tail_start=(6, 6, 6) returned_y=(1, 0, 6) returned_b=(0, 0, 1) returned_u=(0, 0, 0) returned_zcap=(1, 0, 6) max_tail_u=0",NA
120,P1_no_rho,34,202.43118079996202,5.670046299928799,4.1025242999894544,0.1562362000113353,0.01,94197.02827512402,94197.02827512402,-62569.21161900698,-39054.27563488733,0.0,-29275.27526260102,-72322.05760398533,-72322.04197114191,-49747.79075542815,-29275.27526260102,20472.51549282713,20670.19167668355,-35431.308780867155,36806.0,nan,nan,2.7750000000000004,10.0,1.5000000000000002,0.0,10.0,0.85,CORE,MAIN,2.2228423666399815,0.26957659167097336,0.6,0.174,-49747.79075542815,STRUCTURAL,-0.4730299394507289,-191880.57616045373,27600.0,0,0,0,0,0,0,0,inf,inf,NA,1,5,5,5,24,6,0,0,CONTINUE,0,A,1,1,0,KEEP_STRUCTURAL_IN_ON_CUT,2,3,0,0,"tail_cont_enabled=1 tail_active_dims=(1,) tail_delta=0.1 tail_start=(6, 6, 6) returned_y=(6, 0, 1) returned_b=(1, 0, 0) returned_u=(0, 0, 0) returned_zcap=(6, 0, 1) max_tail_u=0",NA
120,P1_no_rho,35,212.9664353999542,5.670046299928799,10.534695200040005,0.14921629999298602,0.01,84871.47177544182,84871.47177544182,-62569.21161900698,-40453.10910983966,0.0,-29275.27526260102,-74695.7990857476,-74695.78338149693,-49747.79075542815,-29275.27526260102,20472.51549282713,20670.19167668355,-37805.23271061939,38870.0,nan,nan,2.7750000000000004,10.0,1.5000000000000002,0.0,10.0,0.85,CORE,MAIN,2.230389900658184,0.25325841152733286,0.6,0.174,-49747.79075542815,STRUCTURAL,-0.5079131723089587,-191880.57616045373,27600.0,0,0,0,0,0,0,0,inf,inf,NA,1,5,5,5,24,6,0,0,CONTINUE,0,A,1,1,0,KEEP_STRUCTURAL_IN_ON_CUT,2,3,0,0,"tail_cont_enabled=1 tail_active_dims=(1,) tail_delta=0.1 tail_start=(6, 6, 6) returned_y=(6, 0, 1) returned_b=(1, 0, 0) returned_u=(0, 0, 0) returned_zcap=(6, 0, 1) max_tail_u=0",NA
120,P1_no_rho,36,217.12180199997965,5.670046299928799,4.154930199962109,0.15237379993777722,0.01,82416.90938758376,82416.90938758376,-62569.21161900698,-40821.29346801837,0.0,-29275.27526260102,-71155.29765419199,-71155.28245189888,-49747.79075542815,-29275.27526260102,20472.51549282713,20670.19167668355,-30200.44824319958,36744.0,nan,nan,2.7750000000000004,10.0,1.5000000000000002,0.0,10.0,0.85,CORE,MAIN,2.237239216311404,0.26627597467590214,0.6,0.174,-49747.79075542815,STRUCTURAL,-0.45080492644792575,-191880.57616045373,27600.0,0,0,0,0,0,0,0,inf,inf,NA,1,5,5,5,24,6,0,0,CONTINUE,0,A,1,1,0,KEEP_STRUCTURAL_IN_ON_CUT,2,3,0,0,"tail_cont_enabled=1 tail_active_dims=(1,) tail_delta=0.1 tail_start=(6, 6, 6) returned_y=(0, 6, 2) returned_b=(0, 1, 0) returned_u=(0, 0, 0) returned_zcap=(0, 6, 2) max_tail_u=0",NA
120,P1_no_rho,37,222.1029105000198,5.670046299928799,4.980773700051941,0.15302580001298338,0.01,122662.72035374508,122662.72035374508,-62569.21161900698,-34784.42182309417,0.0,-29275.27526260102,-90925.1725256698,-90925.1570836241,-49747.79075542815,-29275.27526260102,20472.51549282713,20670.19167668355,-43149.264713845216,51607.5,nan,nan,2.7750000000000004,10.0,1.5000000000000002,0.0,10.0,0.85,CORE,MAIN,2.2346785534514217,0.23523867126324438,0.6,0.174,-49747.79075542815,STRUCTURAL,-0.5794183001798404,-191880.57616045373,27600.0,0,0,0,0,0,0,0,inf,inf,NA,1,5,5,5,24,6,0,0,CONTINUE,0,A,1,1,0,KEEP_STRUCTURAL_IN_ON_CUT,2,3,0,0,"tail_cont_enabled=1 tail_active_dims=(1,) tail_delta=0.1 tail_start=(6, 6, 6) returned_y=(0, 6, 2) returned_b=(0, 1, 0) returned_u=(0, 0, 0) returned_zcap=(0, 6, 2) max_tail_u=0",NA
120,P1_no_rho,38,226.8207455999218,5.670046299928799,4.717335299937986,0.16054240008816123,0.01,98371.64292470476,98371.64292470476,-62569.21161900698,-38428.083437450216,0.0,-29275.27526260102,-71165.56227841547,-71165.54702030192,-49747.79075542815,-29275.27526260102,20472.51549282713,20670.19167668355,-37422.259172330756,39349.0,nan,nan,2.7750000000000004,10.0,1.5000000000000002,0.0,10.0,0.85,CORE,MAIN,2.2357471786626264,0.2528518933462973,0.6,0.174,-49747.79075542815,STRUCTURAL,-0.45613603654849055,-191880.57616045373,27600.0,0,0,0,0,0,0,0,inf,inf,NA,1,5,5,5,24,6,0,0,CONTINUE,0,A,1,1,0,KEEP_STRUCTURAL_IN_ON_CUT,2,3,0,0,"tail_cont_enabled=1 tail_active_dims=(1,) tail_delta=0.1 tail_start=(6, 6, 6) returned_y=(1, 0, 6) returned_b=(0, 0, 1) returned_u=(0, 0, 0) returned_zcap=(1, 0, 6) max_tail_u=0",NA
120,P1_no_rho,39,231.23799109994434,5.670046299928799,4.416668999940157,0.15341520006768405,0.01,100578.76296229061,100578.76296229061,-62569.21161900698,-38097.01543181234,0.0,-29275.27526260102,-71275.48641469664,-71275.47019005578,-49747.79075542815,-29275.27526260102,20472.51549282713,20670.19167668355,-29449.757255893408,36159.0,nan,nan,2.7750000000000004,10.0,1.5000000000000002,0.0,10.0,0.85,CORE,MAIN,2.2386021526452353,0.2560870596662761,0.6,0.174,-49747.79075542815,STRUCTURAL,-0.4060104329912721,-191880.57616045373,27600.0,0,0,0,0,0,0,0,inf,inf,NA,1,5,5,5,24,6,0,0,CONTINUE,0,A,1,1,0,KEEP_STRUCTURAL_IN_ON_CUT,2,3,0,0,"tail_cont_enabled=1 tail_active_dims=(1,) tail_delta=0.1 tail_start=(6, 6, 6) returned_y=(1, 0, 6) returned_b=(0, 0, 1) returned_u=(0, 0, 0) returned_zcap=(1, 0, 6) max_tail_u=0",NA
120,P1_no_rho,40,241.34718129993416,5.670046299928799,10.108732099994086,0.15226550004445016,0.01,98865.63451940226,98865.63451940226,-62569.21161900698,-38353.98469824559,0.0,-29275.27526260102,-70819.97407906724,-70819.95840320984,-49747.79075542815,-29275.27526260102,20472.51549282713,20670.19167668355,-33021.86906671549,37089.5,nan,nan,2.7750000000000004,10.0,1.5000000000000002,0.0,10.0,0.85,CORE,MAIN,2.241097213452467,0.2489436642619886,0.6,0.174,-49747.79075542815,STRUCTURAL,-0.43643378927666515,-191880.57616045373,27600.0,0,0,0,0,0,0,0,inf,inf,NA,1,5,5,5,24,6,0,0,CONTINUE,0,A,1,1,0,KEEP_STRUCTURAL_IN_ON_CUT,2,3,0,0,"tail_cont_enabled=1 tail_active_dims=(1,) tail_delta=0.1 tail_start=(6, 6, 6) returned_y=(1, 0, 6) returned_b=(0, 0, 1) returned_u=(0, 0, 0) returned_zcap=(1, 0, 6) max_tail_u=0",NA
120,P1_no_rho,41,246.33784409996588,5.670046299928799,4.990199099993333,0.1544253999600187,0.01,90740.91949978852,90740.91949978852,-62569.21161900698,-39572.691951187655,0.0,-29275.27526260102,-70423.14457995797,-70423.12872604362,-49747.79075542815,-29275.27526260102,20472.51549282713,20670.19167668355,-30576.011931695597,36250.0,nan,nan,2.7750000000000004,10.0,1.5000000000000002,0.0,10.0,0.85,CORE,MAIN,2.24334554053355,0.2641664301254587,0.6,0.174,-49747.79075542815,STRUCTURAL,-0.41591738628460306,-191880.57616045373,27600.0,0,0,0,0,0,0,0,inf,inf,NA,1,5,5,5,24,6,0,0,CONTINUE,0,A,1,1,0,KEEP_STRUCTURAL_IN_ON_CUT,2,3,0,0,"tail_cont_enabled=1 tail_active_dims=(1,) tail_delta=0.1 tail_start=(6, 6, 6) returned_y=(1, 0, 6) returned_b=(0, 0, 1) returned_u=(0, 0, 0) returned_zcap=(1, 0, 6) max_tail_u=0",NA
120,P1_no_rho,42,251.3424718999304,5.670046299928799,5.0040255999192595,0.1590661999071017,0.01,82350.39609309826,82350.39609309826,-62569.21161900698,-40831.2704621912,0.0,-29275.27526260102,-71082.08981157411,-71082.07413559024,-49747.79075542815,-29275.27526260102,20472.51549282713,20670.19167668355,-32892.51598541941,37883.5,nan,nan,2.7750000000000004,10.0,1.5000000000000002,0.0,10.0,0.85,CORE,MAIN,2.24505654607281,0.2738486306289114,0.6,0.174,-49747.79075542815,STRUCTURAL,-0.4251103053799386,-191880.57616045373,27600.0,0,0,0,0,0,0,0,inf,inf,NA,1,5,5,5,24,6,0,0,CONTINUE,0,A,1,1,0,KEEP_STRUCTURAL_IN_ON_CUT,2,3,0,0,"tail_cont_enabled=1 tail_active_dims=(1,) tail_delta=0.1 tail_start=(6, 6, 6) returned_y=(1, 0, 6) returned_b=(0, 0, 1) returned_u=(0, 0, 0) returned_zcap=(1, 0, 6) max_tail_u=0",NA
120,P1_no_rho,43,255.3709475999931,5.670046299928799,4.027891800040379,0.1542664000298828,0.01,104790.42371488552,104790.42371488552,-62569.21161900698,-37465.2663189231,0.0,-29275.27526260102,-77360.18250391533,-77360.16741883238,-49747.79075542815,-29275.27526260102,20472.51549282713,20670.19167668355,-41636.23250876725,42663.5,nan,nan,2.7750000000000004,10.0,1.5000000000000002,0.0,10.0,0.85,CORE,MAIN,2.245678853355494,0.2483767624413009,0.6,0.174,-49747.79075542815,STRUCTURAL,-0.5294449876571916,-191880.57616045373,27600.0,0,0,0,0,0,0,0,inf,inf,NA,1,5,5,5,24,6,0,0,CONTINUE,0,A,1,1,0,KEEP_STRUCTURAL_IN_ON_CUT,2,3,0,0,"tail_cont_enabled=1 tail_active_dims=(1,) tail_delta=0.1 tail_start=(6, 6, 6) returned_y=(0, 6, 2) returned_b=(0, 1, 0) returned_u=(0, 0, 0) returned_zcap=(0, 6, 2) max_tail_u=0",NA
120,P1_no_rho,44,260.30759370001033,5.670046299928799,4.9360210000304505,0.15199250006116927,0.01,84820.66531991976,84820.66531991976,-62569.21161900698,-40460.730078167966,0.0,-29275.27526260102,-78507.10634578131,-78507.09079721208,-49747.79075542815,-29275.27526260102,20472.51549282713,20670.19167668355,-35342.07601599053,42105.5,nan,nan,2.7750000000000004,10.0,1.5000000000000002,0.0,10.0,0.85,CORE,MAIN,2.2439477313233818,0.2637522245591455,0.6,0.174,-49747.79075542815,STRUCTURAL,-0.5028218595574826,-191880.57616045373,27600.0,0,0,0,0,0,0,0,inf,inf,NA,1,5,5,5,24,6,0,0,CONTINUE,0,A,1,1,0,KEEP_STRUCTURAL_IN_ON_CUT,2,3,0,0,"tail_cont_enabled=1 tail_active_dims=(1,) tail_delta=0.1 tail_start=(6, 6, 6) returned_y=(0, 6, 2) returned_b=(0, 1, 0) returned_u=(0, 0, 0) returned_zcap=(0, 6, 2) max_tail_u=0",NA
120,P1_no_rho,45,270.661996299983,5.670046299928799,10.35368409997318,0.15526909998152405,0.01,82794.99114882565,82794.99114882565,-62569.21161900698,-40764.58120383209,0.0,-29275.27526260102,-70788.90703264109,-70788.89167261793,-49747.79075542815,-29275.27526260102,20472.51549282713,20670.19167668355,-34370.03155640467,36703.0,nan,nan,2.7750000000000004,10.0,1.5000000000000002,0.0,10.0,0.85,CORE,MAIN,2.244354075343738,0.256295459596831,0.6,0.174,-49747.79075542815,STRUCTURAL,-0.47201622705951485,-191880.57616045373,27600.0,0,0,0,0,0,0,0,inf,inf,NA,1,5,5,5,24,6,0,0,CONTINUE,0,A,1,1,0,KEEP_STRUCTURAL_IN_ON_CUT,2,3,0,0,"tail_cont_enabled=1 tail_active_dims=(1,) tail_delta=0.1 tail_start=(6, 6, 6) returned_y=(6, 0, 1) returned_b=(1, 0, 0) returned_u=(0, 0, 0) returned_zcap=(6, 0, 1) max_tail_u=0",NA
120,P1_no_rho,46,274.29621249996126,5.670046299928799,3.6336281000403687,0.15473860001657158,0.01,101734.67612699245,101734.67612699245,-62569.21161900698,-37923.628457107065,0.0,-29275.27526260102,-72273.61315276746,-72273.59680272485,-49747.79075542815,-29275.27526260102,20472.51549282713,20670.19167668355,-31132.891978897125,35312.5,nan,nan,2.7750000000000004,10.0,1.5000000000000002,0.0,10.0,0.85,CORE,MAIN,2.2447803489444014,0.2693070152897202,0.6,0.174,-49747.79075542815,STRUCTURAL,-0.44960728144984147,-191880.57616045373,27600.0,0,0,0,0,0,0,0,inf,inf,NA,1,5,5,5,24,6,0,0,CONTINUE,0,A,1,1,0,KEEP_STRUCTURAL_IN_ON_CUT,2,3,0,0,"tail_cont_enabled=1 tail_active_dims=(1,) tail_delta=0.1 tail_start=(6, 6, 6) returned_y=(6, 0, 1) returned_b=(1, 0, 0) returned_u=(0, 0, 0) returned_zcap=(6, 0, 1) max_tail_u=0",NA
120,P1_no_rho,47,278.3536758000264,5.670046299928799,4.056839800090529,0.15397480002138764,0.01,96340.49972635487,96340.49972635487,-62569.21161900698,-38732.7549172027,0.0,-29275.27526260102,-71226.52351794306,-71226.50769173654,-49747.79075542815,-29275.27526260102,20472.51549282713,20670.19167668355,-32906.59992704854,35694.5,nan,nan,2.7750000000000004,10.0,1.5000000000000002,0.0,10.0,0.85,CORE,MAIN,2.246005164024824,0.26258154817491675,0.6,0.174,-49747.79075542815,STRUCTURAL,-0.46292923405481984,-191880.57616045373,27600.0,0,0,0,0,0,0,0,inf,inf,NA,1,5,5,5,24,6,0,0,CONTINUE,0,A,1,1,0,KEEP_STRUCTURAL_IN_ON_CUT,2,3,0,0,"tail_cont_enabled=1 tail_active_dims=(1,) tail_delta=0.1 tail_start=(6, 6, 6) returned_y=(6, 0, 1) returned_b=(1, 0, 0) returned_u=(0, 0, 0) returned_zcap=(6, 0, 1) max_tail_u=0",NA
120,P1_no_rho,48,282.9853853000095,5.670046299928799,4.6312295000534505,0.1515462000388652,0.01,115318.2248164532,115318.2248164532,-62569.21161900698,-35886.09615368795,0.0,-29275.27526260102,-72729.17485282834,-72729.15907442983,-49747.79075542815,-29275.27526260102,20472.51549282713,20670.19167668355,-36009.03193205682,37225.0,nan,nan,2.7750000000000004,10.0,1.5000000000000002,0.0,10.0,0.85,CORE,MAIN,2.246530399095419,0.27468461591730464,0.6,0.174,-49747.79075542815,STRUCTURAL,-0.48325130991785875,-191880.57616045373,27600.0,0,0,0,0,0,0,0,inf,inf,NA,1,5,5,5,24,6,0,0,CONTINUE,0,A,1,1,0,KEEP_STRUCTURAL_IN_ON_CUT,2,3,0,0,"tail_cont_enabled=1 tail_active_dims=(1,) tail_delta=0.1 tail_start=(6, 6, 6) returned_y=(2, 6, 0) returned_b=(0, 1, 0) returned_u=(0, 0, 0) returned_zcap=(2, 6, 0) max_tail_u=0",NA
120,P1_no_rho,49,287.70721139991656,5.670046299928799,4.721388799953274,0.15611759992316365,0.01,107458.92649765969,107458.92649765969,-62569.21161900698,-37064.99090150698,0.0,-29275.27526260102,-72416.25672580107,-72416.24076962877,-49747.79075542815,-29275.27526260102,20472.51549282713,20670.19167668355,-34020.78195701543,36552.0,nan,nan,2.7750000000000004,10.0,1.5000000000000002,0.0,10.0,0.85,CORE,MAIN,2.247446874466389,0.2491621289256325,0.6,0.174,-49747.79075542815,STRUCTURAL,-0.46858179799058575,-191880.57616045373,27600.0,0,0,0,0,0,0,0,inf,inf,NA,1,5,5,5,24,6,0,0,CONTINUE,0,A,1,1,0,KEEP_STRUCTURAL_IN_ON_CUT,2,3,0,0,"tail_cont_enabled=1 tail_active_dims=(1,) tail_delta=0.1 tail_start=(6, 6, 6) returned_y=(6, 0, 1) returned_b=(1, 0, 0) returned_u=(0, 0, 0) returned_zcap=(6, 0, 1) max_tail_u=0",NA
120,P1_no_rho,50,297.10002969997004,5.670046299928799,9.392338800011203,0.15113969997037202,0.01,79886.8180033712,79886.8180033712,-62569.21161900698,-41200.807175650254,0.0,-29275.27526260102,-70207.28930338728,-70207.27352725543,-49747.79075542815,-29275.27526260102,20472.51549282713,20670.19167668355,-28019.6711104391,33894.5,nan,nan,2.7750000000000004,10.0,1.5000000000000002,0.0,10.0,0.85,CORE,MAIN,2.2487860248720324,0.2516203471589955,0.6,0.174,-49747.79075542815,STRUCTURAL,-0.4224330899137102,-191880.57616045373,27600.0,0,0,0,0,0,0,0,inf,inf,NA,1,5,5,5,24,6,0,0,CONTINUE,0,A,1,1,0,KEEP_STRUCTURAL_IN_ON_CUT,2,3,0,0,"tail_cont_enabled=1 tail_active_dims=(1,) tail_delta=0.1 tail_start=(6, 6, 6) returned_y=(6, 0, 1) returned_b=(1, 0, 0) returned_u=(0, 0, 0) returned_zcap=(6, 0, 1) max_tail_u=0",NA
120,P1_no_rho,51,301.6032741999952,5.670046299928799,4.5026577999815345,0.15588469989597797,0.01,80503.01609810723,80503.01609810723,-62569.21161900698,-41108.37746143985,0.0,-29275.27526260102,-72277.39475966741,-72277.37952025,-49747.79075542815,-29275.27526260102,20472.51549282713,20670.19167668355,-37995.939266680725,38025.5,nan,nan,2.7750000000000004,10.0,1.5000000000000002,0.0,10.0,0.85,CORE,MAIN,2.2492016791234724,0.2600679813175617,0.6,0.174,-49747.79075542815,STRUCTURAL,-0.4640339062053858,-191880.57616045373,27600.0,0,0,0,0,0,0,0,inf,inf,NA,1,5,5,5,24,6,0,0,CONTINUE,0,A,1,1,0,KEEP_STRUCTURAL_IN_ON_CUT,2,3,0,0,"tail_cont_enabled=1 tail_active_dims=(1,) tail_delta=0.1 tail_start=(6, 6, 6) returned_y=(6, 0, 1) returned_b=(1, 0, 0) returned_u=(0, 0, 0) returned_zcap=(6, 0, 1) max_tail_u=0",NA
120,P1_no_rho,52,305.6864125999855,5.670046299928799,4.082465399987996,0.15468899998813868,0.01,93720.61059390515,93720.61059390515,-62569.21161900698,-39125.73828707016,0.0,-29275.27526260102,-71320.40538659411,-71320.38978795349,-49747.79075542815,-29275.27526260102,20472.51549282713,20670.19167668355,-33405.164592058456,36800.0,nan,nan,2.7750000000000004,10.0,1.5000000000000002,0.0,10.0,0.85,CORE,MAIN,2.249715355178187,0.26134327791759127,0.6,0.174,-49747.79075542815,STRUCTURAL,-0.47002101228155135,-191880.57616045373,27600.0,0,0,0,0,0,0,0,inf,inf,NA,1,5,5,5,24,6,0,0,CONTINUE,0,A,1,1,0,KEEP_STRUCTURAL_IN_ON_CUT,2,3,0,0,"tail_cont_enabled=1 tail_active_dims=(1,) tail_delta=0.1 tail_start=(6, 6, 6) returned_y=(6, 0, 1) returned_b=(1, 0, 0) returned_u=(0, 0, 0) returned_zcap=(6, 0, 1) max_tail_u=0",NA
120,P1_no_rho,53,309.38482209993526,5.670046299928799,3.6979418999981135,0.15830080001614988,0.01,102761.00079749146,102761.00079749146,-62569.21161900698,-37769.67975653221,0.0,-29275.27526260102,-72916.93469106608,-72916.91866453228,-49747.79075542815,-29275.27526260102,20472.51549282713,20670.19167668355,-34683.10887220735,36841.0,nan,nan,2.7750000000000004,10.0,1.5000000000000002,0.0,10.0,0.85,CORE,MAIN,2.2494694736889533,0.24894599042070742,0.6,0.174,-49747.79075542815,STRUCTURAL,-0.4728389961119708,-191880.57616045373,27600.0,0,0,0,0,0,0,0,inf,inf,NA,1,5,5,5,24,6,0,0,CONTINUE,0,A,1,1,0,KEEP_STRUCTURAL_IN_ON_CUT,2,3,0,0,"tail_cont_enabled=1 tail_active_dims=(1,) tail_delta=0.1 tail_start=(6, 6, 6) returned_y=(6, 0, 1) returned_b=(1, 0, 0) returned_u=(0, 0, 0) returned_zcap=(6, 0, 1) max_tail_u=0",NA
120,P1_no_rho,54,313.9745668999385,5.670046299928799,4.589241400011815,0.15416719997301698,0.01,103154.02857540894,103154.02857540894,-62569.21161900698,-37710.72558984459,0.0,-29275.27526260102,-71829.53689458409,-71829.52099595321,-49747.79075542815,-29275.27526260102,20472.51549282713,20670.19167668355,-34424.009303506195,36153.0,nan,nan,2.7750000000000004,10.0,1.5000000000000002,0.0,10.0,0.85,CORE,MAIN,2.249509849805764,0.2499461230158619,0.6,0.174,-49747.79075542815,STRUCTURAL,-0.4792495083730678,-191880.57616045373,27600.0,0,0,0,0,0,0,0,inf,inf,NA,1,5,5,5,24,6,0,0,CONTINUE,0,A,1,1,0,KEEP_STRUCTURAL_IN_ON_CUT,2,3,0,0,"tail_cont_enabled=1 tail_active_dims=(1,) tail_delta=0.1 tail_start=(6, 6, 6) returned_y=(6, 0, 1) returned_b=(1, 0, 0) returned_u=(0, 0, 0) returned_zcap=(6, 0, 1) max_tail_u=0",NA
120,P1_no_rho,55,323.90756029996555,5.670046299928799,9.932449999963865,0.15249940007925034,0.01,94845.83553356171,94845.83553356171,-62569.21161900698,-38956.95454612168,0.0,-29275.27526260102,-76524.58153072633,-76524.56573482067,-49747.79075542815,-29275.27526260102,20472.51549282713,20670.19167668355,-34662.16640175143,39466.0,nan,nan,2.7750000000000004,10.0,1.5000000000000002,0.0,10.0,0.85,CORE,MAIN,2.24777740339319,0.24520250615984662,0.6,0.174,-49747.79075542815,STRUCTURAL,-0.5010050692816557,-191880.57616045373,27600.0,0,0,0,0,0,0,0,inf,inf,NA,1,5,5,5,24,6,0,0,CONTINUE,0,A,1,1,0,KEEP_STRUCTURAL_IN_ON_CUT,2,3,0,0,"tail_cont_enabled=1 tail_active_dims=(1,) tail_delta=0.1 tail_start=(6, 6, 6) returned_y=(2, 6, 0) returned_b=(0, 1, 0) returned_u=(0, 0, 0) returned_zcap=(2, 6, 0) max_tail_u=0",NA
120,P1_no_rho,56,328.5325603999663,5.670046299928799,4.62454810005147,0.1461307000136003,0.01,116669.30967342782,116669.30967342782,-62569.21161900698,-35683.43342514176,0.0,-29275.27526260102,-84984.66844135807,-84984.6532064051,-49747.79075542815,-29275.27526260102,20472.51549282713,20670.19167668355,-42458.69067714581,47873.0,nan,nan,2.7750000000000004,10.0,1.5000000000000002,0.0,10.0,0.85,CORE,MAIN,2.2435923645927245,0.21881949599862227,0.6,0.174,-49747.79075542815,STRUCTURAL,-0.5650802310727725,-191880.57616045373,27600.0,0,0,0,0,0,0,0,inf,inf,NA,1,5,5,5,24,6,0,0,CONTINUE,0,A,1,1,0,KEEP_STRUCTURAL_IN_ON_CUT,2,3,0,0,"tail_cont_enabled=1 tail_active_dims=(1,) tail_delta=0.1 tail_start=(6, 6, 6) returned_y=(0, 6, 2) returned_b=(0, 1, 0) returned_u=(0, 0, 0) returned_zcap=(0, 6, 2) max_tail_u=0",NA
120,P1_no_rho,57,333.4462738999864,5.670046299928799,4.913209400023334,0.14829100004862994,0.01,111947.16423213863,111947.16423213863,-62569.21161900698,-36391.75524133514,0.0,-29275.27526260102,-70922.60374335761,-70922.5876739388,-49747.79075542815,-29275.27526260102,20472.51549282713,20670.19167668355,-27994.223325347837,34063.5,nan,nan,2.7750000000000004,10.0,1.5000000000000002,0.0,10.0,0.85,CORE,MAIN,2.2428068542482524,0.24131332599878208,0.6,0.174,-49747.79075542815,STRUCTURAL,-0.4320278239100153,-191880.57616045373,27600.0,0,0,0,0,0,0,0,inf,inf,NA,1,5,5,5,24,6,0,0,CONTINUE,0,A,1,1,0,KEEP_STRUCTURAL_IN_ON_CUT,2,3,0,0,"tail_cont_enabled=1 tail_active_dims=(1,) tail_delta=0.1 tail_start=(6, 6, 6) returned_y=(6, 0, 1) returned_b=(1, 0, 0) returned_u=(0, 0, 0) returned_zcap=(6, 0, 1) max_tail_u=0",NA
120,P1_no_rho,58,337.0930410999572,5.670046299928799,3.646247799973935,0.15342859993688762,0.01,83109.18280466381,83109.18280466381,-62569.21161900698,-40717.45245545636,0.0,-29275.27526260102,-72461.27372154087,-72461.2581108592,-49747.79075542815,-29275.27526260102,20472.51549282713,20670.19167668355,-35712.04171979655,39094.0,nan,nan,2.7750000000000004,10.0,1.5000000000000002,0.0,10.0,0.85,CORE,MAIN,2.242891953475445,0.23713361588384152,0.6,0.174,-49747.79075542815,STRUCTURAL,-0.4485956135790444,-191880.57616045373,27600.0,0,0,0,0,0,0,0,inf,inf,NA,1,5,5,5,24,6,0,0,CONTINUE,0,A,1,1,0,KEEP_STRUCTURAL_IN_ON_CUT,2,3,0,0,"tail_cont_enabled=1 tail_active_dims=(1,) tail_delta=0.1 tail_start=(6, 6, 6) returned_y=(1, 0, 6) returned_b=(0, 0, 1) returned_u=(0, 0, 0) returned_zcap=(1, 0, 6) max_tail_u=0",NA
120,P1_no_rho,59,341.16021250002086,5.670046299928799,4.066648100037128,0.15519930003210902,0.01,94082.80636391431,94082.80636391431,-62569.21161900698,-39071.408921568785,0.0,-29275.27526260102,-70957.62150035678,-70957.60593124822,-49747.79075542815,-29275.27526260102,20472.51549282713,20670.19167668355,-32263.382404811222,37768.0,nan,nan,2.7750000000000004,10.0,1.5000000000000002,0.0,10.0,0.85,CORE,MAIN,2.244082656623244,0.2475461009948683,0.6,0.174,-49747.79075542815,STRUCTURAL,-0.43168014869245047,-191880.57616045373,27600.0,0,0,0,0,0,0,0,inf,inf,NA,1,5,5,5,24,6,0,0,CONTINUE,0,A,1,1,0,KEEP_STRUCTURAL_IN_ON_CUT,2,3,0,0,"tail_cont_enabled=1 tail_active_dims=(1,) tail_delta=0.1 tail_start=(6, 6, 6) returned_y=(1, 0, 6) returned_b=(0, 0, 1) returned_u=(0, 0, 0) returned_zcap=(1, 0, 6) max_tail_u=0",NA
120,P1_no_rho,60,351.67627549997997,5.670046299928799,10.515560499974526,0.16545160009991378,0.01,89346.20449783526,89346.20449783526,-62569.21161900698,-39781.89920148064,0.0,-29275.27526260102,-72551.88419735414,-72551.86813479826,-49747.79075542815,-29275.27526260102,20472.51549282713,20670.19167668355,-33192.62688015445,38297.5,nan,nan,2.7750000000000004,10.0,1.5000000000000002,0.0,10.0,0.85,CORE,MAIN,2.244864519253282,0.2607824243910084,0.6,0.174,-49747.79075542815,STRUCTURAL,-0.4410006650417397,-191880.57616045373,27600.0,0,0,0,0,0,0,0,inf,inf,NA,1,5,5,5,24,6,0,0,CONTINUE,0,A,1,1,0,KEEP_STRUCTURAL_IN_ON_CUT,2,3,0,0,"tail_cont_enabled=1 tail_active_dims=(1,) tail_delta=0.1 tail_start=(6, 6, 6) returned_y=(1, 0, 6) returned_b=(0, 0, 1) returned_u=(0, 0, 0) returned_zcap=(1, 0, 6) max_tail_u=0",NA
120,P1_no_rho,61,356.534694599919,5.670046299928799,4.8579257999081165,0.1519566000206396,0.01,102107.3880984988,102107.3880984988,-62569.21161900698,-37867.72166138111,0.0,-29275.27526260102,-72245.96732625626,-72245.95145162527,-49747.79075542815,-29275.27526260102,20472.51549282713,20670.19167668355,-34833.2148176567,38249.5,nan,nan,2.7750000000000004,10.0,1.5000000000000002,0.0,10.0,0.85,CORE,MAIN,2.246007276250749,0.25778055244570797,0.6,0.174,-49747.79075542815,STRUCTURAL,-0.45848456036576457,-191880.57616045373,27600.0,0,0,0,0,0,0,0,inf,inf,NA,1,5,5,5,24,6,0,0,CONTINUE,0,A,1,1,0,KEEP_STRUCTURAL_IN_ON_CUT,2,3,0,0,"tail_cont_enabled=1 tail_active_dims=(1,) tail_delta=0.1 tail_start=(6, 6, 6) returned_y=(1, 0, 6) returned_b=(0, 0, 1) returned_u=(0, 0, 0) returned_zcap=(1, 0, 6) max_tail_u=0",NA
120,P1_no_rho,62,360.26935670000967,5.670046299928799,3.734140600077808,0.1622891000006348,0.01,105918.21467266422,105918.21467266422,-62569.21161900698,-37296.0976752563,0.0,-29275.27526260102,-75545.67139281797,-75545.65593675818,-49747.79075542815,-29275.27526260102,20472.51549282713,20670.19167668355,-45142.78805836113,41529.0,nan,nan,2.7750000000000004,10.0,1.5000000000000002,0.0,10.0,0.85,CORE,MAIN,2.2467415311467254,0.247163567443472,0.6,0.174,-49747.79075542815,STRUCTURAL,-0.5291930134843683,-191880.57616045373,27600.0,0,0,0,0,0,0,0,inf,inf,NA,1,5,5,5,24,6,0,0,CONTINUE,0,A,1,1,0,KEEP_STRUCTURAL_IN_ON_CUT,2,3,0,0,"tail_cont_enabled=1 tail_active_dims=(1,) tail_delta=0.1 tail_start=(6, 6, 6) returned_y=(0, 6, 2) returned_b=(0, 1, 0) returned_u=(0, 0, 0) returned_zcap=(0, 6, 2) max_tail_u=0",NA
120,P1_no_rho,63,365.33127199998125,5.670046299928799,5.0614755999995396,0.17641509999521077,0.01,87877.97835488433,87877.97835488433,-62569.21161900698,-40002.13312292328,0.0,-29275.27526260102,-77547.28158148525,-77547.26561459029,-49747.79075542815,-29275.27526260102,20472.51549282713,20670.19167668355,-27199.26372711481,39469.0,nan,nan,2.7750000000000004,10.0,1.5000000000000002,0.0,10.0,0.85,CORE,MAIN,2.245438252431273,0.24439628868332752,0.6,0.174,-49747.79075542815,STRUCTURAL,-0.47567050820674284,-191880.57616045373,27600.0,0,0,0,0,0,0,0,inf,inf,NA,1,5,5,5,24,6,0,0,CONTINUE,0,A,1,1,0,KEEP_STRUCTURAL_IN_ON_CUT,2,3,0,0,"tail_cont_enabled=1 tail_active_dims=(1,) tail_delta=0.1 tail_start=(6, 6, 6) returned_y=(0, 6, 2) returned_b=(0, 1, 0) returned_u=(0, 0, 0) returned_zcap=(0, 6, 2) max_tail_u=0",NA
120,P1_no_rho,64,370.04193790000863,5.670046299928799,4.710033599985763,0.15657839993946254,0.01,105121.65959679522,105121.65959679522,-62569.21161900698,-37415.58093663665,0.0,-29275.27526260102,-72189.28188109912,-72189.26608171275,-49747.79075542815,-29275.27526260102,20472.51549282713,20670.19167668355,-33547.56727620881,36359.0,nan,nan,2.7750000000000004,10.0,1.5000000000000002,0.0,10.0,0.85,CORE,MAIN,2.2455441889713157,0.26518039100869806,0.6,0.174,-49747.79075542815,STRUCTURAL,-0.46663930941339754,-191880.57616045373,27600.0,0,0,0,0,0,0,0,inf,inf,NA,1,5,5,5,24,6,0,0,CONTINUE,0,A,1,1,0,KEEP_STRUCTURAL_IN_ON_CUT,2,3,0,0,"tail_cont_enabled=1 tail_active_dims=(1,) tail_delta=0.1 tail_start=(6, 6, 6) returned_y=(6, 0, 1) returned_b=(1, 0, 0) returned_u=(0, 0, 0) returned_zcap=(6, 0, 1) max_tail_u=0",NA
120,P1_no_rho,65,379.6749186000088,5.670046299928799,9.632575700059533,0.1581311000045389,0.01,82889.78053707111,82889.78053707111,-62569.21161900698,-40750.36279559527,0.0,-29275.27526260102,-70744.06016063082,-70744.04440494344,-49747.79075542815,-29275.27526260102,20472.51549282713,20670.19167668355,-30578.793311604673,34885.0,nan,nan,2.7750000000000004,10.0,1.5000000000000002,0.0,10.0,0.85,CORE,MAIN,2.2462748379259527,0.2529474812229746,0.6,0.174,-49747.79075542815,STRUCTURAL,-0.4267073421162546,-191880.57616045373,27600.0,0,0,0,0,0,0,0,inf,inf,NA,1,5,5,5,24,6,0,0,CONTINUE,0,A,1,1,0,KEEP_STRUCTURAL_IN_ON_CUT,2,3,0,0,"tail_cont_enabled=1 tail_active_dims=(1,) tail_delta=0.1 tail_start=(6, 6, 6) returned_y=(6, 0, 1) returned_b=(1, 0, 0) returned_u=(0, 0, 0) returned_zcap=(6, 0, 1) max_tail_u=0",NA
120,P1_no_rho,66,384.39275799994357,5.670046299928799,4.717399299959652,0.15516319999005646,0.01,92703.09137779522,92703.09137779522,-62569.21161900698,-39278.366169486646,0.0,-29275.27526260102,-72214.11446422455,-72214.09879651945,-49747.79075542815,-29275.27526260102,20472.51549282713,20670.19167668355,-34713.78496034713,37191.0,nan,nan,2.7750000000000004,10.0,1.5000000000000002,0.0,10.0,0.85,CORE,MAIN,2.246883483085416,0.24467566164700177,0.6,0.174,-49747.79075542815,STRUCTURAL,-0.4812132167819714,-191880.57616045373,27600.0,0,0,0,0,0,0,0,inf,inf,NA,1,5,5,5,24,6,0,0,CONTINUE,0,A,1,1,0,KEEP_STRUCTURAL_IN_ON_CUT,2,3,0,0,"tail_cont_enabled=1 tail_active_dims=(1,) tail_delta=0.1 tail_start=(6, 6, 6) returned_y=(6, 0, 1) returned_b=(1, 0, 0) returned_u=(0, 0, 0) returned_zcap=(6, 0, 1) max_tail_u=0",NA
120,P1_no_rho,67,389.210841299966,5.670046299928799,4.817637200001627,0.1511941000353545,0.01,108407.45224990624,108407.45224990624,-62569.21161900698,-36922.71203867,0.0,-29275.27526260102,-73508.89566515903,-73508.87972926971,-49747.79075542815,-29275.27526260102,20472.51549282713,20670.19167668355,-36430.52533944031,37701.5,nan,nan,2.7750000000000004,10.0,1.5000000000000002,0.0,10.0,0.85,CORE,MAIN,2.2468614468604673,0.2487303664094047,0.6,0.174,-49747.79075542815,STRUCTURAL,-0.4927036156822691,-191880.57616045373,27600.0,0,0,0,0,0,0,0,inf,inf,NA,1,5,5,5,24,6,0,0,CONTINUE,0,A,1,1,0,KEEP_STRUCTURAL_IN_ON_CUT,2,3,0,0,"tail_cont_enabled=1 tail_active_dims=(1,) tail_delta=0.1 tail_start=(6, 6, 6) returned_y=(6, 0, 1) returned_b=(1, 0, 0) returned_u=(0, 0, 0) returned_zcap=(6, 0, 1) max_tail_u=0",NA
120,P1_no_rho,68,392.81825599994045,5.670046299928799,3.6068534000078216,0.16261510003823787,0.01,92368.22788788786,92368.22788788786,-62569.21161900698,-39328.595692972754,0.0,-29275.27526260102,-74206.09744729026,-74206.08201930199,-49747.79075542815,-29275.27526260102,20472.51549282713,20670.19167668355,-42203.1375570235,39498.5,nan,nan,2.7750000000000004,10.0,1.5000000000000002,0.0,10.0,0.85,CORE,MAIN,2.2466379782274677,0.2598149112645596,0.6,0.174,-49747.79075542815,STRUCTURAL,-0.5268237978577255,-191880.57616045373,27600.0,0,0,0,0,0,0,0,inf,inf,NA,1,5,5,5,24,6,0,0,CONTINUE,0,A,1,1,0,KEEP_STRUCTURAL_IN_ON_CUT,2,3,0,0,"tail_cont_enabled=1 tail_active_dims=(1,) tail_delta=0.1 tail_start=(6, 6, 6) returned_y=(6, 0, 1) returned_b=(1, 0, 0) returned_u=(0, 0, 0) returned_zcap=(6, 0, 1) max_tail_u=0",NA
120,P1_no_rho,69,397.79306149994954,5.670046299928799,4.974310599965975,0.1487593000056222,0.01,78695.0489795572,78695.0489795572,-62569.21161900698,-41379.57252922235,0.0,-29275.27526260102,-74138.11342657883,-74138.09808754228,-49747.79075542815,-29275.27526260102,20472.51549282713,20670.19167668355,-38286.89741358931,39755.5,nan,nan,2.7750000000000004,10.0,1.5000000000000002,0.0,10.0,0.85,CORE,MAIN,2.2466307755136867,0.2324810526460559,0.6,0.174,-49747.79075542815,STRUCTURAL,-0.4893981686990693,-191880.57616045373,27600.0,0,0,0,0,0,0,0,inf,inf,NA,1,5,5,5,24,6,0,0,CONTINUE,0,A,1,1,0,KEEP_STRUCTURAL_IN_ON_CUT,2,3,0,0,"tail_cont_enabled=1 tail_active_dims=(1,) tail_delta=0.1 tail_start=(6, 6, 6) returned_y=(0, 6, 2) returned_b=(0, 1, 0) returned_u=(0, 0, 0) returned_zcap=(0, 6, 2) max_tail_u=0",NA
120,P1_no_rho,70,408.56506309995893,5.670046299928799,10.771404600003734,0.1564615999814123,0.01,137122.04909027333,137122.04909027333,-62569.21161900698,-32615.52251261493,0.0,-29275.27526260102,-80097.59125840837,-80097.57551312487,-49747.79075542815,-29275.27526260102,20472.51549282713,20670.19167668355,-30300.870526347684,41429.0,nan,nan,2.7750000000000004,10.0,1.5000000000000002,0.0,10.0,0.85,CORE,MAIN,2.243956020944359,0.23760921051331518,0.6,0.174,-49747.79075542815,STRUCTURAL,-0.5139735726156264,-191880.57616045373,27600.0,0,0,0,0,0,0,0,inf,inf,NA,1,5,5,5,24,6,0,0,CONTINUE,0,A,1,1,0,KEEP_STRUCTURAL_IN_ON_CUT,2,3,0,0,"tail_cont_enabled=1 tail_active_dims=(1,) tail_delta=0.1 tail_start=(6, 6, 6) returned_y=(2, 6, 0) returned_b=(0, 1, 0) returned_u=(0, 0, 0) returned_zcap=(2, 6, 0) max_tail_u=0",NA
120,P1_no_rho,71,412.9065534999827,5.670046299928799,4.340963599970564,0.17618579999543726,0.01,101311.37797489791,101311.37797489791,-62569.21161900698,-37987.12317992125,0.0,-29275.27526260102,-72047.5311188092,-72047.51534810569,-49747.79075542815,-29275.27526260102,20472.51549282713,20670.19167668355,-34330.10659267728,35821.5,nan,nan,2.7750000000000004,10.0,1.5000000000000002,0.0,10.0,0.85,CORE,MAIN,2.2451205037089257,0.26052934797159866,0.6,0.174,-49747.79075542815,STRUCTURAL,-0.4631015184673306,-191880.57616045373,27600.0,0,0,0,0,0,0,0,inf,inf,NA,1,5,5,5,24,6,0,0,CONTINUE,0,A,1,1,0,KEEP_STRUCTURAL_IN_ON_CUT,2,3,0,0,"tail_cont_enabled=1 tail_active_dims=(1,) tail_delta=0.1 tail_start=(6, 6, 6) returned_y=(6, 0, 1) returned_b=(1, 0, 0) returned_u=(0, 0, 0) returned_zcap=(6, 0, 1) max_tail_u=0",NA
120,P1_no_rho,72,417.99514050001744,5.670046299928799,5.088031799998134,0.15888979996088892,0.01,106418.30084550034,106418.30084550034,-62569.21161900698,-37221.08474933088,0.0,-29275.27526260102,-72690.58068905277,-72690.5644040296,-49747.79075542815,-29275.27526260102,20472.51549282713,20670.19167668355,-29582.640879307557,35474.5,nan,nan,2.7750000000000004,10.0,1.5000000000000002,0.0,10.0,0.85,CORE,MAIN,2.246322600686318,0.2557312086837768,0.6,0.174,-49747.79075542815,STRUCTURAL,-0.44398995525939106,-191880.57616045373,27600.0,0,0,0,0,0,0,0,inf,inf,NA,1,5,5,5,24,6,0,0,CONTINUE,0,A,1,1,0,KEEP_STRUCTURAL_IN_ON_CUT,2,3,0,0,"tail_cont_enabled=1 tail_active_dims=(1,) tail_delta=0.1 tail_start=(6, 6, 6) returned_y=(6, 0, 1) returned_b=(1, 0, 0) returned_u=(0, 0, 0) returned_zcap=(6, 0, 1) max_tail_u=0",NA
120,P1_no_rho,73,421.78858629998285,5.670046299928799,3.7928610000526533,0.15479859989136457,0.01,96190.96442052262,96190.96442052262,-62569.21161900698,-38755.18521307754,0.0,-29275.27526260102,-73008.94045201599,-73008.92448614002,-49747.79075542815,-29275.27526260102,20472.51549282713,20670.19167668355,-31734.577543937477,36819.0,nan,nan,2.7750000000000004,10.0,1.5000000000000002,0.0,10.0,0.85,CORE,MAIN,2.247376481726675,0.23405454611821686,0.6,0.174,-49747.79075542815,STRUCTURAL,-0.4686105900840383,-191880.57616045373,27600.0,0,0,0,0,0,0,0,inf,inf,NA,1,5,5,5,24,6,0,0,CONTINUE,0,A,1,1,0,KEEP_STRUCTURAL_IN_ON_CUT,2,3,0,0,"tail_cont_enabled=1 tail_active_dims=(1,) tail_delta=0.1 tail_start=(6, 6, 6) returned_y=(6, 0, 1) returned_b=(1, 0, 0) returned_u=(0, 0, 0) returned_zcap=(6, 0, 1) max_tail_u=0",NA
120,P1_no_rho,74,426.5145388999954,5.670046299928799,4.725386600010097,0.15795519994571805,0.01,91031.20134250047,91031.20134250047,-62569.21161900698,-39529.14967478086,0.0,-29275.27526260102,-73188.05518942403,-73188.03963910922,-49747.79075542815,-29275.27526260102,20472.51549282713,20670.19167668355,-37168.40037920861,38210.5,nan,nan,2.7750000000000004,10.0,1.5000000000000002,0.0,10.0,0.85,CORE,MAIN,2.2482665685353593,0.24778157221013153,0.6,0.174,-49747.79075542815,STRUCTURAL,-0.49744793891292916,-191880.57616045373,27600.0,0,0,0,0,0,0,0,inf,inf,NA,1,5,5,5,24,6,0,0,CONTINUE,0,A,1,1,0,KEEP_STRUCTURAL_IN_ON_CUT,2,3,0,0,"tail_cont_enabled=1 tail_active_dims=(1,) tail_delta=0.1 tail_start=(6, 6, 6) returned_y=(6, 0, 1) returned_b=(1, 0, 0) returned_u=(0, 0, 0) returned_zcap=(6, 0, 1) max_tail_u=0",NA
120,P1_no_rho,75,437.0030347999418,5.670046299928799,10.48791549995076,0.14886770001612604,0.01,79334.41298856176,79334.41298856176,-62569.21161900698,-41283.66792787167,0.0,-29275.27526260102,-71950.95599165093,-71950.94018687464,-49747.79075542815,-29275.27526260102,20472.51549282713,20670.19167668355,-32910.74779552543,36113.5,nan,nan,2.7750000000000004,10.0,1.5000000000000002,0.0,10.0,0.85,CORE,MAIN,2.249385237887501,0.2711732396466346,0.6,0.174,-49747.79075542815,STRUCTURAL,-0.46615344264210706,-191880.57616045373,27600.0,0,0,0,0,0,0,0,inf,inf,NA,1,5,5,5,24,6,0,0,CONTINUE,0,A,1,1,0,KEEP_STRUCTURAL_IN_ON_CUT,2,3,0,0,"tail_cont_enabled=1 tail_active_dims=(1,) tail_delta=0.1 tail_start=(6, 6, 6) returned_y=(6, 0, 1) returned_b=(1, 0, 0) returned_u=(0, 0, 0) returned_zcap=(6, 0, 1) max_tail_u=0",NA
120,P1_no_rho,76,440.8916777999839,5.670046299928799,3.888232700061053,0.15453509998042136,0.01,94752.61886985275,94752.61886985275,-62569.21161900698,-38970.937045678016,0.0,-29275.27526260102,-73362.74545137201,-73362.72983062195,-49747.79075542815,-29275.27526260102,20472.51549282713,20670.19167668355,-35063.633506994935,38233.5,nan,nan,2.7750000000000004,10.0,1.5000000000000002,0.0,10.0,0.85,CORE,MAIN,2.250580038811443,0.2697065587722234,0.6,0.174,-49747.79075542815,STRUCTURAL,-0.47984897188296993,-191880.57616045373,27600.0,0,0,0,0,0,0,0,inf,inf,NA,1,5,5,5,24,6,0,0,CONTINUE,0,A,1,1,0,KEEP_STRUCTURAL_IN_ON_CUT,2,3,0,0,"tail_cont_enabled=1 tail_active_dims=(1,) tail_delta=0.1 tail_start=(6, 6, 6) returned_y=(0, 6, 2) returned_b=(0, 1, 0) returned_u=(0, 0, 0) returned_zcap=(0, 6, 2) max_tail_u=0",NA
120,P1_no_rho,77,445.88958299998194,5.670046299928799,4.997274299967103,0.151416499982588,0.01,127531.19586623706,127531.19586623706,-62569.21161900698,-34054.150496220376,0.0,-29275.27526260102,-83531.94594249589,-83531.93053388916,-49747.79075542815,-29275.27526260102,20472.51549282713,20670.19167668355,-34769.95615731718,44704.0,nan,nan,2.7750000000000004,10.0,1.5000000000000002,0.0,10.0,0.85,CORE,MAIN,2.2472757345034493,0.26575097502023004,0.6,0.174,-49747.79075542815,STRUCTURAL,-0.5464017120500986,-191880.57616045373,27600.0,0,0,0,0,0,0,0,inf,inf,NA,1,5,5,5,24,6,0,0,CONTINUE,0,A,1,1,0,KEEP_STRUCTURAL_IN_ON_CUT,2,3,0,0,"tail_cont_enabled=1 tail_active_dims=(1,) tail_delta=0.1 tail_start=(6, 6, 6) returned_y=(2, 6, 0) returned_b=(0, 1, 0) returned_u=(0, 0, 0) returned_zcap=(2, 6, 0) max_tail_u=0",NA
120,P1_no_rho,78,450.5536708999425,5.670046299928799,4.6636232999153435,0.16956429998390377,0.01,94183.85383010762,94183.85383010762,-62569.21161900698,-39056.25180163979,0.0,-29275.27526260102,-73046.3354646972,-73046.31959750067,-49747.79075542815,-29275.27526260102,20472.51549282713,20670.19167668355,-35839.91862675915,38848.5,nan,nan,2.7750000000000004,10.0,1.5000000000000002,0.0,10.0,0.85,CORE,MAIN,2.2463963483800904,0.25317912431595113,0.6,0.174,-49747.79075542815,STRUCTURAL,-0.463910823717217,-191880.57616045373,27600.0,0,0,0,0,0,0,0,inf,inf,NA,1,5,5,5,24,6,0,0,CONTINUE,0,A,1,1,0,KEEP_STRUCTURAL_IN_ON_CUT,2,3,0,0,"tail_cont_enabled=1 tail_active_dims=(1,) tail_delta=0.1 tail_start=(6, 6, 6) returned_y=(1, 0, 6) returned_b=(0, 0, 1) returned_u=(0, 0, 0) returned_zcap=(1, 0, 6) max_tail_u=0",NA
120,P1_no_rho,79,455.12525209994055,5.670046299928799,4.571178499958478,0.1578534001018852,0.01,100676.79286875272,100676.79286875272,-62569.21161900698,-38082.310945843026,0.0,-29275.27526260102,-72384.44098786051,-72384.42462254311,-49747.79075542815,-29275.27526260102,20472.51549282713,20670.19167668355,-29913.24217492251,37198.5,nan,nan,2.7750000000000004,10.0,1.5000000000000002,0.0,10.0,0.85,CORE,MAIN,2.246732577987804,0.2535828607399184,0.6,0.174,-49747.79075542815,STRUCTURAL,-0.41889811091280127,-191880.57616045373,27600.0,0,0,0,0,0,0,0,inf,inf,NA,1,5,5,5,24,6,0,0,CONTINUE,0,A,1,1,0,KEEP_STRUCTURAL_IN_ON_CUT,2,3,0,0,"tail_cont_enabled=1 tail_active_dims=(1,) tail_delta=0.1 tail_start=(6, 6, 6) returned_y=(1, 0, 6) returned_b=(0, 0, 1) returned_u=(0, 0, 0) returned_zcap=(1, 0, 6) max_tail_u=0",NA
120,P1_no_rho,80,464.7289010999957,5.670046299928799,9.603110000025481,0.15710630000103265,0.01,94846.97344163971,94846.97344163971,-62569.21161900698,-38956.78385990998,0.0,-29275.27526260102,-72014.81011954193,-72014.79431861817,-49747.79075542815,-29275.27526260102,20472.51549282713,20670.19167668355,-33912.944646275,38534.0,nan,nan,2.7750000000000004,10.0,1.5000000000000002,0.0,10.0,0.85,CORE,MAIN,2.2476733399446216,0.2460777869755264,0.6,0.174,-49747.79075542815,STRUCTURAL,-0.45359520474581216,-191880.57616045373,27600.0,0,0,0,0,0,0,0,inf,inf,NA,1,5,5,5,24,6,0,0,CONTINUE,0,A,1,1,0,KEEP_STRUCTURAL_IN_ON_CUT,2,3,0,0,"tail_cont_enabled=1 tail_active_dims=(1,) tail_delta=0.1 tail_start=(6, 6, 6) returned_y=(1, 0, 6) returned_b=(0, 0, 1) returned_u=(0, 0, 0) returned_zcap=(1, 0, 6) max_tail_u=0",NA
120,P1_no_rho,81,469.43442589999177,5.670046299928799,4.704945900011808,0.15698109997902066,0.01,80546.16581486247,80546.16581486247,-62569.21161900698,-41101.905003926564,0.0,-29275.27526260102,-71695.30120894745,-71695.28545941821,-49747.79075542815,-29275.27526260102,20472.51549282713,20670.19167668355,-33089.20473392178,36036.0,nan,nan,2.7750000000000004,10.0,1.5000000000000002,0.0,10.0,0.85,CORE,MAIN,2.248456133604719,0.2547076153735809,0.6,0.174,-49747.79075542815,STRUCTURAL,-0.45249430326026246,-191880.57616045373,27600.0,0,0,0,0,0,0,0,inf,inf,NA,1,5,5,5,24,6,0,0,CONTINUE,0,A,1,1,0,KEEP_STRUCTURAL_IN_ON_CUT,2,3,0,0,"tail_cont_enabled=1 tail_active_dims=(1,) tail_delta=0.1 tail_start=(6, 6, 6) returned_y=(6, 0, 1) returned_b=(1, 0, 0) returned_u=(0, 0, 0) returned_zcap=(6, 0, 1) max_tail_u=0",NA
120,P1_no_rho,82,473.86674309999216,5.670046299928799,4.431686699972488,0.15662959998007864,0.01,95155.91066466864,95155.91066466864,-62569.21161900698,-38910.44327645564,0.0,-29275.27526260102,-72248.21949863658,-72248.2036373209,-49747.79075542815,-29275.27526260102,20472.51549282713,20670.19167668355,-33686.423775125644,36388.5,nan,nan,2.7750000000000004,10.0,1.5000000000000002,0.0,10.0,0.85,CORE,MAIN,2.2492287540154328,0.26900703727723707,0.6,0.174,-49747.79075542815,STRUCTURAL,-0.47763908647946496,-191880.57616045373,27600.0,0,0,0,0,0,0,0,inf,inf,NA,1,5,5,5,24,6,0,0,CONTINUE,0,A,1,1,0,KEEP_STRUCTURAL_IN_ON_CUT,2,3,0,0,"tail_cont_enabled=1 tail_active_dims=(1,) tail_delta=0.1 tail_start=(6, 6, 6) returned_y=(6, 0, 1) returned_b=(1, 0, 0) returned_u=(0, 0, 0) returned_zcap=(6, 0, 1) max_tail_u=0",NA
120,P1_no_rho,83,478.52886750001926,5.670046299928799,4.661443500081077,0.16238999995402992,0.01,109385.51545139677,109385.51545139677,-62569.21161900698,-36776.00255844642,0.0,-29275.27526260102,-75406.35795422243,-75406.34235785756,-49747.79075542815,-29275.27526260102,20472.51549282713,20670.19167668355,-37065.19530466125,39355.5,nan,nan,2.7750000000000004,10.0,1.5000000000000002,0.0,10.0,0.85,CORE,MAIN,2.2496603869926797,0.256139390137579,0.6,0.174,-49747.79075542815,STRUCTURAL,-0.5161159264940997,-191880.57616045373,27600.0,0,0,0,0,0,0,0,inf,inf,NA,1,5,5,5,24,6,0,0,CONTINUE,0,A,1,1,0,KEEP_STRUCTURAL_IN_ON_CUT,2,3,0,0,"tail_cont_enabled=1 tail_active_dims=(1,) tail_delta=0.1 tail_start=(6, 6, 6) returned_y=(2, 6, 0) returned_b=(0, 1, 0) returned_u=(0, 0, 0) returned_zcap=(2, 6, 0) max_tail_u=0",NA
120,P1_no_rho,84,483.28415479999967,5.670046299928799,4.754760100040585,0.1845142999663949,0.01,122353.83361223785,122353.83361223785,-62569.21161900698,-34830.75483432025,0.0,-29275.27526260102,-82583.9363474574,-82583.9205729549,-49747.79075542815,-29275.27526260102,20472.51549282713,20670.19167668355,-32786.330941316475,43426.0,nan,nan,2.7750000000000004,10.0,1.5000000000000002,0.0,10.0,0.85,CORE,MAIN,2.2464864206686403,0.23701498216770944,0.6,0.174,-49747.79075542815,STRUCTURAL,-0.5357100403342575,-191880.57616045373,27600.0,0,0,0,0,0,0,0,inf,inf,NA,1,5,5,5,24,6,0,0,CONTINUE,0,A,1,1,0,KEEP_STRUCTURAL_IN_ON_CUT,2,3,0,0,"tail_cont_enabled=1 tail_active_dims=(1,) tail_delta=0.1 tail_start=(6, 6, 6) returned_y=(2, 6, 0) returned_b=(0, 1, 0) returned_u=(0, 0, 0) returned_zcap=(2, 6, 0) max_tail_u=0",NA
120,P1_no_rho,85,493.36446529999375,5.670046299928799,10.079455200000666,0.14663849992211908,0.01,85796.51973729621,85796.51973729621,-62569.21161900698,-40314.3519155615,0.0,-29275.27526260102,-71667.13168925593,-71667.11638681969,-49747.79075542815,-29275.27526260102,20472.51549282713,20670.19167668355,-35369.901285946056,36734.0,nan,nan,2.7750000000000004,10.0,1.5000000000000002,0.0,10.0,0.85,CORE,MAIN,2.246162893720558,0.2534283194617897,0.6,0.174,-49747.79075542815,STRUCTURAL,-0.47850525026076773,-191880.57616045373,27600.0,0,0,0,0,0,0,0,inf,inf,NA,1,5,5,5,24,6,0,0,CONTINUE,0,A,1,1,0,KEEP_STRUCTURAL_IN_ON_CUT,2,3,0,0,"tail_cont_enabled=1 tail_active_dims=(1,) tail_delta=0.1 tail_start=(6, 6, 6) returned_y=(6, 0, 1) returned_b=(1, 0, 0) returned_u=(0, 0, 0) returned_zcap=(6, 0, 1) max_tail_u=0",NA
120,P1_no_rho,86,498.1060021999292,5.670046299928799,4.740951899904758,0.15539269999135286,0.01,99793.12780059311,99793.12780059311,-62569.21161900698,-38214.86070606697,0.0,-29275.27526260102,-72668.36268056036,-72668.34618883434,-49747.79075542815,-29275.27526260102,20472.51549282713,20670.19167668355,-28431.641812429305,35481.0,nan,nan,2.7750000000000004,10.0,1.5000000000000002,0.0,10.0,0.85,CORE,MAIN,2.2464454825430886,0.23829586771814415,0.6,0.174,-49747.79075542815,STRUCTURAL,-0.4320847451323685,-191880.57616045373,27600.0,0,0,0,0,0,0,0,inf,inf,NA,1,5,5,5,24,6,0,0,CONTINUE,0,A,1,1,0,KEEP_STRUCTURAL_IN_ON_CUT,2,3,0,0,"tail_cont_enabled=1 tail_active_dims=(1,) tail_delta=0.1 tail_start=(6, 6, 6) returned_y=(6, 0, 1) returned_b=(1, 0, 0) returned_u=(0, 0, 0) returned_zcap=(6, 0, 1) max_tail_u=0",NA
120,P1_no_rho,87,501.6676657999633,5.670046299928799,3.561108299996704,0.14880120009183884,0.01,89156.30607603342,89156.30607603342,-62569.21161900698,-39810.383964750916,0.0,-29275.27526260102,-72424.58716068021,-72424.57122537322,-49747.79075542815,-29275.27526260102,20472.51549282713,20670.19167668355,-30374.49563786683,36431.5,nan,nan,2.7750000000000004,10.0,1.5000000000000002,0.0,10.0,0.85,CORE,MAIN,2.24698544355997,0.2536788316913281,0.6,0.174,-49747.79075542815,STRUCTURAL,-0.4526187634116066,-191880.57616045373,27600.0,0,0,0,0,0,0,0,inf,inf,NA,1,5,5,5,24,6,0,0,CONTINUE,0,A,1,1,0,KEEP_STRUCTURAL_IN_ON_CUT,2,3,0,0,"tail_cont_enabled=1 tail_active_dims=(1,) tail_delta=0.1 tail_start=(6, 6, 6) returned_y=(6, 0, 1) returned_b=(1, 0, 0) returned_u=(0, 0, 0) returned_zcap=(6, 0, 1) max_tail_u=0",NA
120,P1_no_rho,88,505.9106035999721,5.670046299928799,4.242528600036167,0.15218259999528527,0.01,92527.18407340196,92527.18407340196,-62569.21161900698,-39304.75226514564,0.0,-29275.27526260102,-73112.05408778618,-73112.03797506052,-49747.79075542815,-29275.27526260102,20472.51549282713,20670.19167668355,-33037.85573800732,36458.0,nan,nan,2.7750000000000004,10.0,1.5000000000000002,0.0,10.0,0.85,CORE,MAIN,2.2473365520493886,0.25664903301356806,0.6,0.174,-49747.79075542815,STRUCTURAL,-0.47087454949550017,-191880.57616045373,27600.0,0,0,0,0,0,0,0,inf,inf,NA,1,5,5,5,24,6,0,0,CONTINUE,0,A,1,1,0,KEEP_STRUCTURAL_IN_ON_CUT,2,3,0,0,"tail_cont_enabled=1 tail_active_dims=(1,) tail_delta=0.1 tail_start=(6, 6, 6) returned_y=(6, 0, 1) returned_b=(1, 0, 0) returned_u=(0, 0, 0) returned_zcap=(6, 0, 1) max_tail_u=0",NA
120,P1_no_rho,89,510.5513157999376,5.670046299928799,4.639803999918513,0.1524896000046283,0.01,95929.03264640932,95929.03264640932,-62569.21161900698,-38794.474979194536,0.0,-29275.27526260102,-72853.92518325955,-72853.90939398226,-49747.79075542815,-29275.27526260102,20472.51549282713,20670.19167668355,-34261.330984182845,37258.0,nan,nan,2.7750000000000004,10.0,1.5000000000000002,0.0,10.0,0.85,CORE,MAIN,2.2479925687400595,0.2478112068772589,0.6,0.174,-49747.79075542815,STRUCTURAL,-0.4837180458471572,-191880.57616045373,27600.0,0,0,0,0,0,0,0,inf,inf,NA,1,5,5,5,24,6,0,0,CONTINUE,0,A,1,1,0,KEEP_STRUCTURAL_IN_ON_CUT,2,3,0,0,"tail_cont_enabled=1 tail_active_dims=(1,) tail_delta=0.1 tail_start=(6, 6, 6) returned_y=(2, 6, 0) returned_b=(0, 1, 0) returned_u=(0, 0, 0) returned_zcap=(2, 6, 0) max_tail_u=0",NA
120,P1_no_rho,90,520.7959283000091,5.670046299928799,10.243962500011548,0.14922240003943443,0.01,95317.19030144594,95317.19030144594,-62569.21161900698,-38886.25133093904,0.0,-29275.27526260102,-76351.96454486114,-76351.94890135017,-49747.79075542815,-29275.27526260102,20472.51549282713,20670.19167668355,-37892.69808939168,40086.0,nan,nan,2.7750000000000004,10.0,1.5000000000000002,0.0,10.0,0.85,CORE,MAIN,2.2480641839584026,0.23978328467695292,0.6,0.174,-49747.79075542815,STRUCTURAL,-0.5172453063264585,-191880.57616045373,27600.0,0,0,0,0,0,0,0,inf,inf,NA,1,5,5,5,24,6,0,0,CONTINUE,0,A,1,1,0,KEEP_STRUCTURAL_IN_ON_CUT,2,3,0,0,"tail_cont_enabled=1 tail_active_dims=(1,) tail_delta=0.1 tail_start=(6, 6, 6) returned_y=(2, 6, 0) returned_b=(0, 1, 0) returned_u=(0, 0, 0) returned_zcap=(2, 6, 0) max_tail_u=0",NA
120,P1_no_rho,91,525.5232936999528,5.670046299928799,4.726884000003338,0.18033300002571195,0.01,97031.46711073811,97031.46711073811,-62569.21161900698,-38629.10980954522,0.0,-29275.27526260102,-82181.85736434303,-82181.84166754012,-49747.79075542815,-29275.27526260102,20472.51549282713,20670.19167668355,-37649.452674233005,44201.0,nan,nan,2.7750000000000004,10.0,1.5000000000000002,0.0,10.0,0.85,CORE,MAIN,2.2458600077617046,0.2404551936220385,0.6,0.174,-49747.79075542815,STRUCTURAL,-0.5452434025630455,-191880.57616045373,27600.0,0,0,0,0,0,0,0,inf,inf,NA,1,5,5,5,24,6,0,0,CONTINUE,0,A,1,1,0,KEEP_STRUCTURAL_IN_ON_CUT,2,3,0,0,"tail_cont_enabled=1 tail_active_dims=(1,) tail_delta=0.1 tail_start=(6, 6, 6) returned_y=(2, 6, 0) returned_b=(0, 1, 0) returned_u=(0, 0, 0) returned_zcap=(2, 6, 0) max_tail_u=0",NA
120,P1_no_rho,92,530.3288688999601,5.670046299928799,4.805077499942854,0.15121659997384995,0.01,85590.13080529374,85590.13080529374,-62569.21161900698,-40345.310255361874,0.0,-29275.27526260102,-71676.7922638378,-71676.77637064789,-49747.79075542815,-29275.27526260102,20472.51549282713,20670.19167668355,-30688.63528990732,36843.0,nan,nan,2.7750000000000004,10.0,1.5000000000000002,0.0,10.0,0.85,CORE,MAIN,2.245334854962846,0.244321087081522,0.6,0.174,-49747.79075542815,STRUCTURAL,-0.43603090793886634,-191880.57616045373,27600.0,0,0,0,0,0,0,0,inf,inf,NA,1,5,5,5,24,6,0,0,CONTINUE,0,A,1,1,0,KEEP_STRUCTURAL_IN_ON_CUT,2,3,0,0,"tail_cont_enabled=1 tail_active_dims=(1,) tail_delta=0.1 tail_start=(6, 6, 6) returned_y=(1, 0, 6) returned_b=(0, 0, 1) returned_u=(0, 0, 0) returned_zcap=(1, 0, 6) max_tail_u=0",NA
120,P1_no_rho,93,534.8546578999376,5.670046299928799,4.5248084999620914,0.15099170000758022,0.01,102582.52251038176,102582.52251038176,-62569.21161900698,-37796.45149959867,0.0,-29275.27526260102,-76146.85004358515,-76146.83407269733,-49747.79075542815,-29275.27526260102,20472.51549282713,20670.19167668355,-34405.27362767268,41089.5,nan,nan,2.7750000000000004,10.0,1.5000000000000002,0.0,10.0,0.85,CORE,MAIN,2.2442044713284974,0.2477493245124549,0.6,0.174,-49747.79075542815,STRUCTURAL,-0.45553694652421045,-191880.57616045373,27600.0,0,0,0,0,0,0,0,inf,inf,NA,1,5,5,5,24,6,0,0,CONTINUE,0,A,1,1,0,KEEP_STRUCTURAL_IN_ON_CUT,2,3,0,0,"tail_cont_enabled=1 tail_active_dims=(1,) tail_delta=0.1 tail_start=(6, 6, 6) returned_y=(1, 0, 6) returned_b=(0, 0, 1) returned_u=(0, 0, 0) returned_zcap=(1, 0, 6) max_tail_u=0",NA
120,P1_no_rho,94,539.1287408999633,5.670046299928799,4.273553099948913,0.14563689997885376,0.01,106731.5452175317,106731.5452175317,-62569.21161900698,-37174.098093526176,0.0,-29275.27526260102,-72506.38229602971,-72506.36624633818,-49747.79075542815,-29275.27526260102,20472.51549282713,20670.19167668355,-29527.916419793914,37631.0,nan,nan,2.7750000000000004,10.0,1.5000000000000002,0.0,10.0,0.85,CORE,MAIN,2.2444517875822543,0.2720726795259951,0.6,0.174,-49747.79075542815,STRUCTURAL,-0.43662968843225425,-191880.57616045373,27600.0,0,0,0,0,0,0,0,inf,inf,NA,1,5,5,5,24,6,0,0,CONTINUE,0,A,1,1,0,KEEP_STRUCTURAL_IN_ON_CUT,2,3,0,0,"tail_cont_enabled=1 tail_active_dims=(1,) tail_delta=0.1 tail_start=(6, 6, 6) returned_y=(1, 0, 6) returned_b=(0, 0, 1) returned_u=(0, 0, 0) returned_zcap=(1, 0, 6) max_tail_u=0",NA
120,P1_no_rho,95,549.5763773999643,5.670046299928799,10.447088100016117,0.14775889995507896,0.01,99021.10085568704,99021.10085568704,-62569.21161900698,-38330.664747802875,0.0,-29275.27526260102,-73837.89194058927,-73837.87592201763,-49747.79075542815,-29275.27526260102,20472.51549282713,20670.19167668355,-32987.883717864446,38774.5,nan,nan,2.7750000000000004,10.0,1.5000000000000002,0.0,10.0,0.85,CORE,MAIN,2.2446410479615406,0.24478003035726914,0.6,0.174,-49747.79075542815,STRUCTURAL,-0.4505483123663521,-191880.57616045373,27600.0,0,0,0,0,0,0,0,inf,inf,NA,1,5,5,5,24,6,0,0,CONTINUE,0,A,1,1,0,KEEP_STRUCTURAL_IN_ON_CUT,2,3,0,0,"tail_cont_enabled=1 tail_active_dims=(1,) tail_delta=0.1 tail_start=(6, 6, 6) returned_y=(1, 0, 6) returned_b=(0, 0, 1) returned_u=(0, 0, 0) returned_zcap=(1, 0, 6) max_tail_u=0",NA
120,P1_no_rho,96,553.6926179999718,5.670046299928799,4.114946700050496,0.1482889000326395,0.01,91699.53615589168,91699.53615589168,-62569.21161900698,-39428.89945277218,0.0,-29275.27526260102,-77673.57597927532,-77673.56050032811,-49747.79075542815,-29275.27526260102,20472.51549282713,20670.19167668355,-37073.91672800207,41292.0,nan,nan,2.7750000000000004,10.0,1.5000000000000002,0.0,10.0,0.85,CORE,MAIN,2.24363426944144,0.25367591891551555,0.6,0.174,-49747.79075542815,STRUCTURAL,-0.5188848479233273,-191880.57616045373,27600.0,0,0,0,0,0,0,0,inf,inf,NA,1,5,5,5,24,6,0,0,CONTINUE,0,A,1,1,0,KEEP_STRUCTURAL_IN_ON_CUT,2,3,0,0,"tail_cont_enabled=1 tail_active_dims=(1,) tail_delta=0.1 tail_start=(6, 6, 6) returned_y=(2, 6, 0) returned_b=(0, 1, 0) returned_u=(0, 0, 0) returned_zcap=(2, 6, 0) max_tail_u=0",NA
120,P1_no_rho,97,558.3000584000256,5.670046299928799,4.60689889988862,0.1583179000299424,0.01,92320.49935430432,92320.49935430432,-62569.21161900698,-39335.754973010284,0.0,-29275.27526260102,-75506.77911505337,-75506.76332340617,-49747.79075542815,-29275.27526260102,20472.51549282713,20670.19167668355,-33194.17183905066,38482.0,nan,nan,2.7750000000000004,10.0,1.5000000000000002,0.0,10.0,0.85,CORE,MAIN,2.2436917492278208,0.24259371761481008,0.6,0.174,-49747.79075542815,STRUCTURAL,-0.49581676852189877,-191880.57616045373,27600.0,0,0,0,0,0,0,0,inf,inf,NA,1,5,5,5,24,6,0,0,CONTINUE,0,A,1,1,0,KEEP_STRUCTURAL_IN_ON_CUT,2,3,0,0,"tail_cont_enabled=1 tail_active_dims=(1,) tail_delta=0.1 tail_start=(6, 6, 6) returned_y=(2, 6, 0) returned_b=(0, 1, 0) returned_u=(0, 0, 0) returned_zcap=(2, 6, 0) max_tail_u=0",NA
120,P1_no_rho,98,562.8493800000288,5.670046299928799,4.548690700088628,0.18395029997918755,0.01,89979.80776634526,89979.80776634526,-62569.21161900698,-39686.85871120414,0.0,-29275.27526260102,-79667.03252868871,-79667.01651910182,-49747.79075542815,-29275.27526260102,20472.51549282713,20670.19167668355,-31130.199767484864,40727.0,nan,nan,2.7750000000000004,10.0,1.5000000000000002,0.0,10.0,0.85,CORE,MAIN,2.24278345246846,0.24188756526334876,0.6,0.174,-49747.79075542815,STRUCTURAL,-0.5088594665688709,-191880.57616045373,27600.0,0,0,0,0,0,0,0,inf,inf,NA,1,5,5,5,24,6,0,0,CONTINUE,0,A,1,1,0,KEEP_STRUCTURAL_IN_ON_CUT,2,3,0,0,"tail_cont_enabled=1 tail_active_dims=(1,) tail_delta=0.1 tail_start=(6, 6, 6) returned_y=(2, 6, 0) returned_b=(0, 1, 0) returned_u=(0, 0, 0) returned_zcap=(2, 6, 0) max_tail_u=0",NA
120,P1_no_rho,99,567.4825728000142,5.670046299928799,4.632620700052939,0.15099420002661645,0.01,96882.1003357754,96882.1003357754,-62569.21161900698,-38651.51482578962,0.0,-29275.27526260102,-72163.1561541093,-72163.13998308143,-49747.79075542815,-29275.27526260102,20472.51549282713,20670.19167668355,-30979.6508975689,35421.5,nan,nan,2.7750000000000004,10.0,1.5000000000000002,0.0,10.0,0.85,CORE,MAIN,2.243681007637903,0.2537340528253258,0.6,0.174,-49747.79075542815,STRUCTURAL,-0.4602736794111588,-191880.57616045373,27600.0,0,0,0,0,0,0,0,inf,inf,NA,1,5,5,5,24,6,0,0,CONTINUE,0,A,1,1,0,KEEP_STRUCTURAL_IN_ON_CUT,2,3,0,0,"tail_cont_enabled=1 tail_active_dims=(1,) tail_delta=0.1 tail_start=(6, 6, 6) returned_y=(6, 0, 1) returned_b=(1, 0, 0) returned_u=(0, 0, 0) returned_zcap=(6, 0, 1) max_tail_u=0",NA
120,P1_no_rho,100,578.0833065999905,5.670046299928799,10.600102300057188,0.1514966000104323,0.01,81625.63434746342,81625.63434746342,-62569.21161900698,-40939.98472403642,0.0,-29275.27526260102,-75923.02070646841,-75923.00461818126,-49747.79075542815,-29275.27526260102,20472.51549282713,20670.19167668355,-32559.07793573073,38652.0,nan,nan,2.7750000000000004,10.0,1.5000000000000002,0.0,10.0,0.85,CORE,MAIN,2.243597651092313,0.25009199414921235,0.6,0.174,-49747.79075542815,STRUCTURAL,-0.4820388541783042,-191880.57616045373,27600.0,0,0,0,0,0,0,0,inf,inf,NA,1,5,5,5,24,6,0,0,CONTINUE,0,A,1,1,0,KEEP_STRUCTURAL_IN_ON_CUT,2,3,0,0,"tail_cont_enabled=1 tail_active_dims=(1,) tail_delta=0.1 tail_start=(6, 6, 6) returned_y=(6, 0, 1) returned_b=(1, 0, 0) returned_u=(0, 0, 0) returned_zcap=(6, 0, 1) max_tail_u=0",NA
120,P1_no_rho,101,581.7937474999344,5.670046299928799,3.7098677000030875,0.16026260005310178,0.01,93437.77697441298,93437.77697441298,-62569.21161900698,-39168.163329993986,0.0,-29275.27526260102,-73159.2599579418,-73159.24387441872,-49747.79075542815,-29275.27526260102,20472.51549282713,20670.19167668355,-30004.11050653009,36766.0,nan,nan,2.7750000000000004,10.0,1.5000000000000002,0.0,10.0,0.85,CORE,MAIN,2.244320734070361,0.23276908333843482,0.6,0.174,-49747.79075542815,STRUCTURAL,-0.45515065314070485,-191880.57616045373,27600.0,0,0,0,0,0,0,0,inf,inf,NA,1,5,5,5,24,6,0,0,CONTINUE,0,A,1,1,0,KEEP_STRUCTURAL_IN_ON_CUT,2,3,0,0,"tail_cont_enabled=1 tail_active_dims=(1,) tail_delta=0.1 tail_start=(6, 6, 6) returned_y=(6, 0, 1) returned_b=(1, 0, 0) returned_u=(0, 0, 0) returned_zcap=(6, 0, 1) max_tail_u=0",NA
120,P1_no_rho,102,585.8957040000241,5.670046299928799,4.101383000030182,0.1630953000858426,0.01,98332.43256112208,98332.43256112208,-62569.21161900698,-38433.96499198762,0.0,-29275.27526260102,-73173.62049885269,-73173.60478246976,-49747.79075542815,-29275.27526260102,20472.51549282713,20670.19167668355,-35899.07560447968,37213.5,nan,nan,2.7750000000000004,10.0,1.5000000000000002,0.0,10.0,0.85,CORE,MAIN,2.2456409282215772,0.2507739913185394,0.6,0.174,-49747.79075542815,STRUCTURAL,-0.4885806398500476,-191880.57616045373,27600.0,0,0,0,0,0,0,0,inf,inf,NA,1,5,5,5,24,6,0,0,CONTINUE,0,A,1,1,0,KEEP_STRUCTURAL_IN_ON_CUT,2,3,0,0,"tail_cont_enabled=1 tail_active_dims=(1,) tail_delta=0.1 tail_start=(6, 6, 6) returned_y=(6, 0, 1) returned_b=(1, 0, 0) returned_u=(0, 0, 0) returned_zcap=(6, 0, 1) max_tail_u=0",NA
120,P1_no_rho,103,590.6384013999486,5.670046299928799,4.742110299994238,0.15196039993315935,0.01,96806.51459889591,96806.51459889591,-62569.21161900698,-38662.852686321545,0.0,-29275.27526260102,-76869.4038576595,-76869.38805340484,-49747.79075542815,-29275.27526260102,20472.51549282713,20670.19167668355,-35891.261900895544,40385.5,nan,nan,2.7750000000000004,10.0,1.5000000000000002,0.0,10.0,0.85,CORE,MAIN,2.2455118340454625,0.2674497737925494,0.6,0.174,-49747.79075542815,STRUCTURAL,-0.5139482507746759,-191880.57616045373,27600.0,0,0,0,0,0,0,0,inf,inf,NA,1,5,5,5,24,6,0,0,CONTINUE,0,A,1,1,0,KEEP_STRUCTURAL_IN_ON_CUT,2,3,0,0,"tail_cont_enabled=1 tail_active_dims=(1,) tail_delta=0.1 tail_start=(6, 6, 6) returned_y=(2, 6, 0) returned_b=(0, 1, 0) returned_u=(0, 0, 0) returned_zcap=(2, 6, 0) max_tail_u=0",NA
120,P1_no_rho,104,595.4485127999214,5.670046299928799,4.809512099949643,0.14654129999689758,0.01,96201.78571606685,96201.78571606685,-62569.21161900698,-38753.562018745906,0.0,-29275.27526260102,-75907.33551971702,-75907.31970045276,-49747.79075542815,-29275.27526260102,20472.51549282713,20670.19167668355,-33041.99853135731,38738.5,nan,nan,2.7750000000000004,10.0,1.5000000000000002,0.0,10.0,0.85,CORE,MAIN,2.2455988231586543,0.24667959431144837,0.6,0.174,-49747.79075542815,STRUCTURAL,-0.5005346166956824,-191880.57616045373,27600.0,0,0,0,0,0,0,0,inf,inf,NA,1,5,5,5,24,6,0,0,CONTINUE,0,A,1,1,0,KEEP_STRUCTURAL_IN_ON_CUT,2,3,0,0,"tail_cont_enabled=1 tail_active_dims=(1,) tail_delta=0.1 tail_start=(6, 6, 6) returned_y=(2, 6, 0) returned_b=(0, 1, 0) returned_u=(0, 0, 0) returned_zcap=(2, 6, 0) max_tail_u=0",NA
120,P1_no_rho,105,606.054056199966,5.670046299928799,10.60478629998397,0.18368319992441684,0.01,102526.93095318982,102526.93095318982,-62569.21161900698,-37804.79023317746,0.0,-29275.27526260102,-79984.03133420633,-79984.01521039833,-49747.79075542815,-29275.27526260102,20472.51549282713,20670.19167668355,-31726.45799255502,41046.0,nan,nan,2.7750000000000004,10.0,1.5000000000000002,0.0,10.0,0.85,CORE,MAIN,2.2448525814448392,0.23792112358260553,0.6,0.174,-49747.79075542815,STRUCTURAL,-0.5134810445264423,-191880.57616045373,27600.0,0,0,0,0,0,0,0,inf,inf,NA,1,5,5,5,24,6,0,0,CONTINUE,0,A,1,1,0,KEEP_STRUCTURAL_IN_ON_CUT,2,3,0,0,"tail_cont_enabled=1 tail_active_dims=(1,) tail_delta=0.1 tail_start=(6, 6, 6) returned_y=(2, 6, 0) returned_b=(0, 1, 0) returned_u=(0, 0, 0) returned_zcap=(2, 6, 0) max_tail_u=0",NA
120,P1_no_rho,106,610.236470200005,5.670046299928799,4.1819481999846175,0.15742529998533428,0.01,96657.98474745822,96657.98474745822,-62569.21161900698,-38685.1321640372,0.0,-29275.27526260102,-72916.42272616613,-72916.40660242662,-49747.79075542815,-29275.27526260102,20472.51549282713,20670.19167668355,-31544.574159435826,37806.0,nan,nan,2.7750000000000004,10.0,1.5000000000000002,0.0,10.0,0.85,CORE,MAIN,2.24567462087634,0.23408891421431924,0.6,0.174,-49747.79075542815,STRUCTURAL,-0.4428155109267569,-191880.57616045373,27600.0,0,0,0,0,0,0,0,inf,inf,NA,1,5,5,5,24,6,0,0,CONTINUE,0,A,1,1,0,KEEP_STRUCTURAL_IN_ON_CUT,2,3,0,0,"tail_cont_enabled=1 tail_active_dims=(1,) tail_delta=0.1 tail_start=(6, 6, 6) returned_y=(1, 0, 6) returned_b=(0, 0, 1) returned_u=(0, 0, 0) returned_zcap=(1, 0, 6) max_tail_u=0",NA
120,P1_no_rho,107,614.921164099942,5.670046299928799,4.68421199999284,0.14816320000682026,0.01,93849.96601062485,93849.96601062485,-62569.21161900698,-39106.3349745622,0.0,-29275.27526260102,-77588.4509991152,-77588.43489883287,-49747.79075542815,-29275.27526260102,20472.51549282713,20670.19167668355,-34628.93028205326,39819.0,nan,nan,2.7750000000000004,10.0,1.5000000000000002,0.0,10.0,0.85,CORE,MAIN,2.24508409743795,0.24672653270163125,0.6,0.174,-49747.79075542815,STRUCTURAL,-0.49306868335463416,-191880.57616045373,27600.0,0,0,0,0,0,0,0,inf,inf,NA,1,5,5,5,24,6,0,0,CONTINUE,0,A,1,1,0,KEEP_STRUCTURAL_IN_ON_CUT,2,3,0,0,"tail_cont_enabled=1 tail_active_dims=(1,) tail_delta=0.1 tail_start=(6, 6, 6) returned_y=(6, 0, 1) returned_b=(1, 0, 0) returned_u=(0, 0, 0) returned_zcap=(6, 0, 1) max_tail_u=0",NA
120,P1_no_rho,108,618.5942858000053,5.670046299928799,3.6725765999872237,0.15724540001247078,0.01,106560.18557537188,106560.18557537188,-62569.21161900698,-37199.80203985015,0.0,-29275.27526260102,-74635.30233246867,-74635.2863645232,-49747.79075542815,-29275.27526260102,20472.51549282713,20670.19167668355,-31852.649616949504,37959.5,nan,nan,2.7750000000000004,10.0,1.5000000000000002,0.0,10.0,0.85,CORE,MAIN,2.2450813281366644,0.24476545558118246,0.6,0.174,-49747.79075542815,STRUCTURAL,-0.4826449130280214,-191880.57616045373,27600.0,0,0,0,0,0,0,0,inf,inf,NA,1,5,5,5,24,6,0,0,CONTINUE,0,A,1,1,0,KEEP_STRUCTURAL_IN_ON_CUT,2,3,0,0,"tail_cont_enabled=1 tail_active_dims=(1,) tail_delta=0.1 tail_start=(6, 6, 6) returned_y=(6, 0, 1) returned_b=(1, 0, 0) returned_u=(0, 0, 0) returned_zcap=(6, 0, 1) max_tail_u=0",NA
120,P1_no_rho,109,623.3549706999911,5.670046299928799,4.760159500059672,0.14736060006543994,0.01,94206.80606659781,94206.80606659781,-62569.21161900698,-39052.80896616626,0.0,-29275.27526260102,-76014.93359173162,-76014.91797376238,-49747.79075542815,-29275.27526260102,20472.51549282713,20670.19167668355,-38371.7558094652,39974.0,nan,nan,2.7750000000000004,10.0,1.5000000000000002,0.0,10.0,0.85,CORE,MAIN,2.2450693076890342,0.22787261525534985,0.6,0.174,-49747.79075542815,STRUCTURAL,-0.5085766685611612,-191880.57616045373,27600.0,0,0,0,0,0,0,0,inf,inf,NA,1,5,5,5,24,6,0,0,CONTINUE,0,A,1,1,0,KEEP_STRUCTURAL_IN_ON_CUT,2,3,0,0,"tail_cont_enabled=1 tail_active_dims=(1,) tail_delta=0.1 tail_start=(6, 6, 6) returned_y=(6, 0, 1) returned_b=(1, 0, 0) returned_u=(0, 0, 0) returned_zcap=(6, 0, 1) max_tail_u=0",NA
120,P1_no_rho,110,633.7789285000181,5.670046299928799,10.423427400062792,0.15569449996110052,0.01,89772.66229296099,89772.66229296099,-62569.21161900698,-39717.93053221179,0.0,-29275.27526260102,-76037.85113129274,-76037.83523528982,-49747.79075542815,-29275.27526260102,20472.51549282713,20670.19167668355,-31084.6487862986,38648.0,nan,nan,2.7750000000000004,10.0,1.5000000000000002,0.0,10.0,0.85,CORE,MAIN,2.245000203728795,0.24804467795348994,0.6,0.174,-49747.79075542815,STRUCTURAL,-0.487700430204083,-191880.57616045373,27600.0,0,0,0,0,0,0,0,inf,inf,NA,1,5,5,5,24,6,0,0,CONTINUE,0,A,1,1,0,KEEP_STRUCTURAL_IN_ON_CUT,2,3,0,0,"tail_cont_enabled=1 tail_active_dims=(1,) tail_delta=0.1 tail_start=(6, 6, 6) returned_y=(2, 6, 0) returned_b=(0, 1, 0) returned_u=(0, 0, 0) returned_zcap=(2, 6, 0) max_tail_u=0",NA
120,P1_no_rho,111,638.3527274000226,5.670046299928799,4.573334100074135,0.15007089998107404,0.01,97587.56610095288,97587.56610095288,-62569.21161900698,-38545.694961012996,0.0,-29275.27526260102,-76212.75752129412,-76212.7418215274,-49747.79075542815,-29275.27526260102,20472.51549282713,20670.19167668355,-31833.729255394508,39573.0,nan,nan,2.7750000000000004,10.0,1.5000000000000002,0.0,10.0,0.85,CORE,MAIN,2.24523860637665,0.23016795076191787,0.6,0.174,-49747.79075542815,STRUCTURAL,-0.48826736832678685,-191880.57616045373,27600.0,0,0,0,0,0,0,0,inf,inf,NA,1,5,5,5,24,6,0,0,CONTINUE,0,A,1,1,0,KEEP_STRUCTURAL_IN_ON_CUT,2,3,0,0,"tail_cont_enabled=1 tail_active_dims=(1,) tail_delta=0.1 tail_start=(6, 6, 6) returned_y=(2, 6, 0) returned_b=(0, 1, 0) returned_u=(0, 0, 0) returned_zcap=(2, 6, 0) max_tail_u=0",NA
120,P1_no_rho,112,642.9291049999883,5.670046299928799,4.575748400064185,0.1732664000010118,0.01,99831.8795667528,99831.8795667528,-62569.21161900698,-38209.04794114301,0.0,-29275.27526260102,-79094.09846760948,-79094.08231492959,-49747.79075542815,-29275.27526260102,20472.51549282713,20670.19167668355,-33048.48224109523,40646.5,nan,nan,2.7750000000000004,10.0,1.5000000000000002,0.0,10.0,0.85,CORE,MAIN,2.246080062722224,0.22992181950113322,0.6,0.174,-49747.79075542815,STRUCTURAL,-0.5152600456599733,-191880.57616045373,27600.0,0,0,0,0,0,0,0,inf,inf,NA,1,5,5,5,24,6,0,0,CONTINUE,0,A,1,1,0,KEEP_STRUCTURAL_IN_ON_CUT,2,3,0,0,"tail_cont_enabled=1 tail_active_dims=(1,) tail_delta=0.1 tail_start=(6, 6, 6) returned_y=(2, 6, 0) returned_b=(0, 1, 0) returned_u=(0, 0, 0) returned_zcap=(2, 6, 0) max_tail_u=0",NA
120,P1_no_rho,113,647.0057588999625,5.670046299928799,4.07622829999309,0.15046489995438606,0.01,99517.41298641021,99517.41298641021,-62569.21161900698,-38256.2179281944,0.0,-29275.27526260102,-75331.13721369131,-75331.12119998471,-49747.79075542815,-29275.27526260102,20472.51549282713,20670.19167668355,-33384.49305069547,39602.5,nan,nan,2.7750000000000004,10.0,1.5000000000000002,0.0,10.0,0.85,CORE,MAIN,2.247436882110183,0.2521625616117037,0.6,0.174,-49747.79075542815,STRUCTURAL,-0.4706980581384864,-191880.57616045373,27600.0,0,0,0,0,0,0,0,inf,inf,NA,1,5,5,5,24,6,0,0,CONTINUE,0,A,1,1,0,KEEP_STRUCTURAL_IN_ON_CUT,2,3,0,0,"tail_cont_enabled=1 tail_active_dims=(1,) tail_delta=0.1 tail_start=(6, 6, 6) returned_y=(1, 0, 6) returned_b=(0, 0, 1) returned_u=(0, 0, 0) returned_zcap=(1, 0, 6) max_tail_u=0",NA
120,P1_no_rho,114,652.1974274999229,5.670046299928799,5.19129449990578,0.15212139999493957,0.01,94362.1253477583,94362.1253477583,-62569.21161900698,-39029.51107399219,0.0,-29275.27526260102,-76621.1518985205,-76621.13558784866,-49747.79075542815,-29275.27526260102,20472.51549282713,20670.19167668355,-32292.361234608205,40491.5,nan,nan,2.7750000000000004,10.0,1.5000000000000002,0.0,10.0,0.85,CORE,MAIN,2.248906598599142,0.22932864327480051,0.6,0.174,-49747.79075542815,STRUCTURAL,-0.45843611586332017,-191880.57616045373,27600.0,0,0,0,0,0,0,0,inf,inf,NA,1,5,5,5,24,6,0,0,CONTINUE,0,A,1,1,0,KEEP_STRUCTURAL_IN_ON_CUT,2,3,0,0,"tail_cont_enabled=1 tail_active_dims=(1,) tail_delta=0.1 tail_start=(6, 6, 6) returned_y=(1, 0, 6) returned_b=(0, 0, 1) returned_u=(0, 0, 0) returned_zcap=(1, 0, 6) max_tail_u=0",NA
120,P1_no_rho,115,662.1408372999867,5.670046299928799,9.942845400073566,0.15676300006452948,0.01,104454.04161352456,104454.04161352456,-62569.21161900698,-37515.72363412725,0.0,-29275.27526260102,-75396.37431238515,-75396.35819080175,-49747.79075542815,-29275.27526260102,20472.51549282713,20670.19167668355,-31696.544578926816,39759.0,nan,nan,2.7750000000000004,10.0,1.5000000000000002,0.0,10.0,0.85,CORE,MAIN,2.2502505928710193,0.2356617183435663,0.6,0.174,-49747.79075542815,STRUCTURAL,-0.468760250533333,-191880.57616045373,27600.0,0,0,0,0,0,0,0,inf,inf,NA,1,5,5,5,24,6,0,0,CONTINUE,0,A,1,1,0,KEEP_STRUCTURAL_IN_ON_CUT,2,3,0,0,"tail_cont_enabled=1 tail_active_dims=(1,) tail_delta=0.1 tail_start=(6, 6, 6) returned_y=(1, 0, 6) returned_b=(0, 0, 1) returned_u=(0, 0, 0) returned_zcap=(1, 0, 6) max_tail_u=0",NA
120,P1_no_rho,116,666.8649144999217,5.670046299928799,4.723429200006649,0.14525250007864088,0.01,87754.71549085565,87754.71549085565,-62569.21161900698,-40020.62255252758,0.0,-29275.27526260102,-77157.65492603899,-77157.63951081745,-49747.79075542815,-29275.27526260102,20472.51549282713,20670.19167668355,-39407.828058955,42874.5,nan,nan,2.7750000000000004,10.0,1.5000000000000002,0.0,10.0,0.85,CORE,MAIN,2.2507095439257867,0.24294632977272945,0.6,0.174,-49747.79075542815,STRUCTURAL,-0.5056608733789251,-191880.57616045373,27600.0,0,0,0,0,0,0,0,inf,inf,NA,1,5,5,5,24,6,0,0,CONTINUE,0,A,1,1,0,KEEP_STRUCTURAL_IN_ON_CUT,2,3,0,0,"tail_cont_enabled=1 tail_active_dims=(1,) tail_delta=0.1 tail_start=(6, 6, 6) returned_y=(1, 0, 6) returned_b=(0, 0, 1) returned_u=(0, 0, 0) returned_zcap=(1, 0, 6) max_tail_u=0",NA
120,P1_no_rho,117,671.0087789000245,5.670046299928799,4.143176400102675,0.15532380004879087,0.01,90628.14227936104,90628.14227936104,-62569.21161900698,-39589.608534251776,0.0,-29275.27526260102,-76349.94853418392,-76349.9323995229,-49747.79075542815,-29275.27526260102,20472.51549282713,20670.19167668355,-31209.74690588194,38598.0,nan,nan,2.7750000000000004,10.0,1.5000000000000002,0.0,10.0,0.85,CORE,MAIN,2.251066806077965,0.2661886432665798,0.6,0.174,-49747.79075542815,STRUCTURAL,-0.4859738521459561,-191880.57616045373,27600.0,0,0,0,0,0,0,0,inf,inf,NA,1,5,5,5,24,6,0,0,CONTINUE,0,A,1,1,0,KEEP_STRUCTURAL_IN_ON_CUT,2,3,0,0,"tail_cont_enabled=1 tail_active_dims=(1,) tail_delta=0.1 tail_start=(6, 6, 6) returned_y=(2, 6, 0) returned_b=(0, 1, 0) returned_u=(0, 0, 0) returned_zcap=(2, 6, 0) max_tail_u=0",NA
120,P1_no_rho,118,675.5969170000171,5.670046299928799,4.587479600100778,0.15163839992601424,0.01,94767.81102493028,94767.81102493028,-62569.21161900698,-38968.65822241639,0.0,-29275.27526260102,-77689.47106634467,-77689.45532298618,-49747.79075542815,-29275.27526260102,20472.51549282713,20670.19167668355,-30853.788980612546,39798.5,nan,nan,2.7750000000000004,10.0,1.5000000000000002,0.0,10.0,0.85,CORE,MAIN,2.251090324386862,0.23117731434231148,0.6,0.174,-49747.79075542815,STRUCTURAL,-0.5055424185415734,-191880.57616045373,27600.0,0,0,0,0,0,0,0,inf,inf,NA,1,5,5,5,24,6,0,0,CONTINUE,0,A,1,1,0,KEEP_STRUCTURAL_IN_ON_CUT,2,3,0,0,"tail_cont_enabled=1 tail_active_dims=(1,) tail_delta=0.1 tail_start=(6, 6, 6) returned_y=(2, 6, 0) returned_b=(0, 1, 0) returned_u=(0, 0, 0) returned_zcap=(2, 6, 0) max_tail_u=0",NA
120,P1_no_rho,119,679.999696200015,5.670046299928799,4.402125800028443,0.18528199999127537,0.01,95642.48394726876,95642.48394726876,-62569.21161900698,-38837.45728406562,0.0,-29275.27526260102,-78319.32677143854,-78319.31082616514,-49747.79075542815,-29275.27526260102,20472.51549282713,20670.19167668355,-33582.402059770386,40273.5,nan,nan,2.7750000000000004,10.0,1.5000000000000002,0.0,10.0,0.85,CORE,MAIN,2.250513773868322,0.22661455532509,0.6,0.174,-49747.79075542815,STRUCTURAL,-0.5095437609532678,-191880.57616045373,27600.0,0,0,0,0,0,0,0,inf,inf,NA,1,5,5,5,24,6,0,0,CONTINUE,0,A,1,1,0,KEEP_STRUCTURAL_IN_ON_CUT,2,3,0,0,"tail_cont_enabled=1 tail_active_dims=(1,) tail_delta=0.1 tail_start=(6, 6, 6) returned_y=(2, 6, 0) returned_b=(0, 1, 0) returned_u=(0, 0, 0) returned_zcap=(2, 6, 0) max_tail_u=0",NA
120,P1_no_rho,120,690.4301798000233,5.670046299928799,10.429981900029816,0.15186039998661727,0.01,88748.56595529939,88748.56595529939,-62569.21161900698,-39871.54498286102,0.0,-29275.27526260102,-75240.0882137498,-75240.07220466588,-49747.79075542815,-29275.27526260102,20472.51549282713,20670.19167668355,-33772.197467449514,40071.0,nan,nan,2.7750000000000004,10.0,1.5000000000000002,0.0,10.0,0.85,CORE,MAIN,2.2507359048803806,0.23627703766775499,0.6,0.174,-49747.79075542815,STRUCTURAL,-0.47477859598379535,-191880.57616045373,27600.0,0,0,0,0,0,0,0,inf,inf,NA,1,5,5,5,24,6,0,0,CONTINUE,0,A,1,1,0,KEEP_STRUCTURAL_IN_ON_CUT,2,3,0,0,"tail_cont_enabled=1 tail_active_dims=(1,) tail_delta=0.1 tail_start=(6, 6, 6) returned_y=(1, 0, 6) returned_b=(0, 0, 1) returned_u=(0, 0, 0) returned_zcap=(1, 0, 6) max_tail_u=0",NA
120,P1_no_rho,121,694.450887999963,5.670046299928799,4.020148399984464,0.15348020009696484,0.01,90299.45148221454,90299.45148221454,-62569.21161900698,-39638.91215382375,0.0,-29275.27526260102,-74841.81789106218,-74841.80207733517,-49747.79075542815,-29275.27526260102,20472.51549282713,20670.19167668355,-34906.962377787924,41002.0,nan,nan,2.7750000000000004,10.0,1.5000000000000002,0.0,10.0,0.85,CORE,MAIN,2.250910931936402,0.2531406069557842,0.6,0.174,-49747.79075542815,STRUCTURAL,-0.447738626549263,-191880.57616045373,27600.0,0,0,0,0,0,0,0,inf,inf,NA,1,5,5,5,24,6,0,0,CONTINUE,0,A,1,1,0,KEEP_STRUCTURAL_IN_ON_CUT,2,3,0,0,"tail_cont_enabled=1 tail_active_dims=(1,) tail_delta=0.1 tail_start=(6, 6, 6) returned_y=(1, 0, 6) returned_b=(0, 0, 1) returned_u=(0, 0, 0) returned_zcap=(1, 0, 6) max_tail_u=0",NA
120,P1_no_rho,122,699.1356495999498,5.670046299928799,4.68427279999014,0.15074559999629855,0.01,91274.56933657298,91274.56933657298,-62569.21161900698,-39492.644475669986,0.0,-29275.27526260102,-75181.17383271917,-75181.15810973494,-49747.79075542815,-29275.27526260102,20472.51549282713,20670.19167668355,-36276.67858540296,40918.5,nan,nan,2.7750000000000004,10.0,1.5000000000000002,0.0,10.0,0.85,CORE,MAIN,2.2514017585086683,0.2586068242043369,0.6,0.174,-49747.79075542815,STRUCTURAL,-0.48617675618067735,-191880.57616045373,27600.0,0,0,0,0,0,0,0,inf,inf,NA,1,5,5,5,24,6,0,0,CONTINUE,0,A,1,1,0,KEEP_STRUCTURAL_IN_ON_CUT,2,3,0,0,"tail_cont_enabled=1 tail_active_dims=(1,) tail_delta=0.1 tail_start=(6, 6, 6) returned_y=(1, 0, 6) returned_b=(0, 0, 1) returned_u=(0, 0, 0) returned_zcap=(1, 0, 6) max_tail_u=0",NA
120,P1_no_rho,123,702.7303868000163,5.670046299928799,3.5941253000637516,0.15521529992111027,0.01,84152.61851547984,84152.61851547984,-62569.21161900698,-40560.93709883396,0.0,-29275.27526260102,-75353.63811564998,-75353.62222495602,-49747.79075542815,-29275.27526260102,20472.51549282713,20670.19167668355,-33530.86403293199,39954.0,nan,nan,2.7750000000000004,10.0,1.5000000000000002,0.0,10.0,0.85,CORE,MAIN,2.2518858632447785,0.25158348585506385,0.6,0.174,-49747.79075542815,STRUCTURAL,-0.4621668821199474,-191880.57616045373,27600.0,0,0,0,0,0,0,0,inf,inf,NA,1,5,5,5,24,6,0,0,CONTINUE,0,A,1,1,0,KEEP_STRUCTURAL_IN_ON_CUT,2,3,0,0,"tail_cont_enabled=1 tail_active_dims=(1,) tail_delta=0.1 tail_start=(6, 6, 6) returned_y=(1, 0, 6) returned_b=(0, 0, 1) returned_u=(0, 0, 0) returned_zcap=(1, 0, 6) max_tail_u=0",NA
120,P1_no_rho,124,707.2393547999673,5.670046299928799,4.508478199946694,0.15709840005729347,0.01,110222.35492249182,110222.35492249182,-62569.21161900698,-36650.47663778216,0.0,-29275.27526260102,-74631.32078914503,-74631.30481940303,-49747.79075542815,-29275.27526260102,20472.51549282713,20670.19167668355,-36002.05837914491,38714.0,nan,nan,2.7750000000000004,10.0,1.5000000000000002,0.0,10.0,0.85,CORE,MAIN,2.252489539258225,0.2477410566026923,0.6,0.174,-49747.79075542815,STRUCTURAL,-0.4815830067746507,-191880.57616045373,27600.0,0,0,0,0,0,0,0,inf,inf,NA,1,5,5,5,24,6,0,0,CONTINUE,0,A,1,1,0,KEEP_STRUCTURAL_IN_ON_CUT,2,3,0,0,"tail_cont_enabled=1 tail_active_dims=(1,) tail_delta=0.1 tail_start=(6, 6, 6) returned_y=(0, 6, 2) returned_b=(0, 1, 0) returned_u=(0, 0, 0) returned_zcap=(0, 6, 2) max_tail_u=0",NA
120,P1_no_rho,125,717.6737047999632,5.670046299928799,10.433942400035448,0.16090390004683286,0.01,94162.39824978444,94162.39824978444,-62569.21161900698,-39059.470138688266,0.0,-29275.27526260102,-73502.87282337305,-73502.85689848053,-49747.79075542815,-29275.27526260102,20472.51549282713,20670.19167668355,-35101.26174836992,38347.0,nan,nan,2.7750000000000004,10.0,1.5000000000000002,0.0,10.0,0.85,CORE,MAIN,2.2524039996724867,0.269026477016437,0.6,0.174,-49747.79075542815,STRUCTURAL,-0.4779103913819373,-191880.57616045373,27600.0,0,0,0,0,0,0,0,inf,inf,NA,1,5,5,5,24,6,0,0,CONTINUE,0,A,1,1,0,KEEP_STRUCTURAL_IN_ON_CUT,2,3,0,0,"tail_cont_enabled=1 tail_active_dims=(1,) tail_delta=0.1 tail_start=(6, 6, 6) returned_y=(0, 6, 2) returned_b=(0, 1, 0) returned_u=(0, 0, 0) returned_zcap=(0, 6, 2) max_tail_u=0",NA
120,P1_no_rho,126,722.8709654000122,5.670046299928799,5.196802000049502,0.1735615999205038,0.01,85317.92418389428,85317.92418389428,-62569.21161900698,-40386.14124857179,0.0,-29275.27526260102,-72342.41308151446,-72342.3975410886,-49747.79075542815,-29275.27526260102,20472.51549282713,20670.19167668355,-37123.48839983736,37544.0,nan,nan,2.7750000000000004,10.0,1.5000000000000002,0.0,10.0,0.85,CORE,MAIN,2.2517489378781805,0.25492451694585094,0.6,0.174,-49747.79075542815,STRUCTURAL,-0.4770991926758557,-191880.57616045373,27600.0,0,0,0,0,0,0,0,inf,inf,NA,1,5,5,5,24,6,0,0,CONTINUE,0,A,1,1,0,KEEP_STRUCTURAL_IN_ON_CUT,2,3,0,0,"tail_cont_enabled=1 tail_active_dims=(1,) tail_delta=0.1 tail_start=(6, 6, 6) returned_y=(6, 0, 1) returned_b=(1, 0, 0) returned_u=(0, 0, 0) returned_zcap=(6, 0, 1) max_tail_u=0",NA
120,P1_no_rho,127,727.3214234999614,5.670046299928799,4.4499289999948815,0.15235640003811568,0.01,109963.43326797299,109963.43326797299,-62569.21161900698,-36689.31488595999,0.0,-29275.27526260102,-70938.0544942884,-70938.03859508189,-49747.79075542815,-29275.27526260102,20472.51549282713,20670.19167668355,-29994.107633705647,36817.0,nan,nan,2.7750000000000004,10.0,1.5000000000000002,0.0,10.0,0.85,CORE,MAIN,2.250658555066007,0.2551177175798265,0.6,0.174,-49747.79075542815,STRUCTURAL,-0.4244244390327448,-191880.57616045373,27600.0,0,0,0,0,0,0,0,inf,inf,NA,1,5,5,5,24,6,0,0,CONTINUE,0,A,1,1,0,KEEP_STRUCTURAL_IN_ON_CUT,2,3,0,0,"tail_cont_enabled=1 tail_active_dims=(1,) tail_delta=0.1 tail_start=(6, 6, 6) returned_y=(1, 0, 6) returned_b=(0, 0, 1) returned_u=(0, 0, 0) returned_zcap=(1, 0, 6) max_tail_u=0",NA
120,P1_no_rho,128,732.2279675999889,5.670046299928799,4.905959600000642,0.15804110001772642,0.01,98606.0648210561,98606.0648210561,-62569.21161900698,-38392.92015299752,0.0,-29275.27526260102,-71453.02322105243,-71453.00716810374,-49747.79075542815,-29275.27526260102,20472.51549282713,20670.19167668355,-30586.835082046648,37735.0,nan,nan,2.7750000000000004,10.0,1.5000000000000002,0.0,10.0,0.85,CORE,MAIN,2.2506035928312103,0.24198191052808715,0.6,0.174,-49747.79075542815,STRUCTURAL,-0.4080583542740743,-191880.57616045373,27600.0,0,0,0,0,0,0,0,inf,inf,NA,1,5,5,5,24,6,0,0,CONTINUE,0,A,1,1,0,KEEP_STRUCTURAL_IN_ON_CUT,2,3,0,0,"tail_cont_enabled=1 tail_active_dims=(1,) tail_delta=0.1 tail_start=(6, 6, 6) returned_y=(1, 0, 6) returned_b=(0, 0, 1) returned_u=(0, 0, 0) returned_zcap=(1, 0, 6) max_tail_u=0",NA
120,P1_no_rho,129,737.2122335999738,5.670046299928799,4.983737800037488,0.15067200001794845,0.01,94284.36996746545,94284.36996746545,-62569.21161900698,-39041.174381036115,0.0,-29275.27526260102,-71553.04679095768,-71553.03093459079,-49747.79075542815,-29275.27526260102,20472.51549282713,20670.19167668355,-32582.59920206711,37581.0,nan,nan,2.7750000000000004,10.0,1.5000000000000002,0.0,10.0,0.85,CORE,MAIN,2.2510823983798525,0.25552570941353725,0.6,0.174,-49747.79075542815,STRUCTURAL,-0.44440802358321396,-191880.57616045373,27600.0,0,0,0,0,0,0,0,inf,inf,NA,1,5,5,5,24,6,0,0,CONTINUE,0,A,1,1,0,KEEP_STRUCTURAL_IN_ON_CUT,2,3,0,0,"tail_cont_enabled=1 tail_active_dims=(1,) tail_delta=0.1 tail_start=(6, 6, 6) returned_y=(1, 0, 6) returned_b=(0, 0, 1) returned_u=(0, 0, 0) returned_zcap=(1, 0, 6) max_tail_u=0",NA
120,P1_no_rho,130,747.2752310999203,5.670046299928799,10.062513699987903,0.1540524000301957,0.01,99913.82347563296,99913.82347563296,-62569.21161900698,-38196.75635481099,0.0,-29275.27526260102,-71787.06870722066,-71787.05280495831,-49747.79075542815,-29275.27526260102,20472.51549282713,20670.19167668355,-31979.46960341967,37474.0,nan,nan,2.7750000000000004,10.0,1.5000000000000002,0.0,10.0,0.85,CORE,MAIN,2.2516727260243794,0.2694948762671243,0.6,0.174,-49747.79075542815,STRUCTURAL,-0.4374916632043157,-191880.57616045373,27600.0,0,0,0,0,0,0,0,inf,inf,NA,1,5,5,5,24,6,0,0,CONTINUE,0,A,1,1,0,KEEP_STRUCTURAL_IN_ON_CUT,2,3,0,0,"tail_cont_enabled=1 tail_active_dims=(1,) tail_delta=0.1 tail_start=(6, 6, 6) returned_y=(1, 0, 6) returned_b=(0, 0, 1) returned_u=(0, 0, 0) returned_zcap=(1, 0, 6) max_tail_u=0",NA
120,P1_no_rho,131,751.7897860999219,5.670046299928799,4.514071299927309,0.15147700009401888,0.01,91439.66890245478,91439.66890245478,-62569.21161900698,-39467.87954078772,0.0,-29275.27526260102,-73305.33015188127,-73305.31407309035,-49747.79075542815,-29275.27526260102,20472.51549282713,20670.19167668355,-34272.99002669887,38759.5,nan,nan,2.7750000000000004,10.0,1.5000000000000002,0.0,10.0,0.85,CORE,MAIN,2.251605745547247,0.2495742969324144,0.6,0.174,-49747.79075542815,STRUCTURAL,-0.456503342153076,-191880.57616045373,27600.0,0,0,0,0,0,0,0,inf,inf,NA,1,5,5,5,24,6,0,0,CONTINUE,0,A,1,1,0,KEEP_STRUCTURAL_IN_ON_CUT,2,3,0,0,"tail_cont_enabled=1 tail_active_dims=(1,) tail_delta=0.1 tail_start=(6, 6, 6) returned_y=(1, 0, 6) returned_b=(0, 0, 1) returned_u=(0, 0, 0) returned_zcap=(1, 0, 6) max_tail_u=0",NA
120,P1_no_rho,132,756.7868320000125,5.670046299928799,4.996310600079596,0.15447219996713102,0.01,89761.1805193663,89761.1805193663,-62569.21161900698,-39719.65279825099,0.0,-29275.27526260102,-72270.43600413429,-72270.42045966297,-49747.79075542815,-29275.27526260102,20472.51549282713,20670.19167668355,-36197.13497149109,39102.0,nan,nan,2.7750000000000004,10.0,1.5000000000000002,0.0,10.0,0.85,CORE,MAIN,2.2515987186590225,0.2599519570136075,0.6,0.174,-49747.79075542815,STRUCTURAL,-0.46734566547342954,-191880.57616045373,27600.0,0,0,0,0,0,0,0,inf,inf,NA,1,5,5,5,24,6,0,0,CONTINUE,0,A,1,1,0,KEEP_STRUCTURAL_IN_ON_CUT,2,3,0,0,"tail_cont_enabled=1 tail_active_dims=(1,) tail_delta=0.1 tail_start=(6, 6, 6) returned_y=(1, 0, 6) returned_b=(0, 0, 1) returned_u=(0, 0, 0) returned_zcap=(1, 0, 6) max_tail_u=0",NA
120,P1_no_rho,133,761.6278027999215,5.670046299928799,4.840538599994034,0.1777866999618709,0.01,90887.67646540345,90887.67646540345,-62569.21161900698,-39550.67840634541,0.0,-29275.27526260102,-77746.86624596949,-77746.85036313784,-49747.79075542815,-29275.27526260102,20472.51549282713,20670.19167668355,-34423.914598621515,40753.5,nan,nan,2.7750000000000004,10.0,1.5000000000000002,0.0,10.0,0.85,CORE,MAIN,2.2499973867381406,0.2638667981874936,0.6,0.174,-49747.79075542815,STRUCTURAL,-0.49666960705545415,-191880.57616045373,27600.0,0,0,0,0,0,0,0,inf,inf,NA,1,5,5,5,24,6,0,0,CONTINUE,0,A,1,1,0,KEEP_STRUCTURAL_IN_ON_CUT,2,3,0,0,"tail_cont_enabled=1 tail_active_dims=(1,) tail_delta=0.1 tail_start=(6, 6, 6) returned_y=(0, 6, 2) returned_b=(0, 1, 0) returned_u=(0, 0, 0) returned_zcap=(0, 6, 2) max_tail_u=0",NA
120,P1_no_rho,134,766.1845770999789,5.670046299928799,4.556379799963906,0.16424379998352379,0.01,99138.20502313586,99138.20502313586,-62569.21161900698,-38313.099122685555,0.0,-29275.27526260102,-73983.44244815748,-73983.42654971528,-49747.79075542815,-29275.27526260102,20472.51549282713,20670.19167668355,-32176.912517657438,37910.5,nan,nan,2.7750000000000004,10.0,1.5000000000000002,0.0,10.0,0.85,CORE,MAIN,2.2490328819793985,0.24851470431336398,0.6,0.174,-49747.79075542815,STRUCTURAL,-0.4692231024515808,-191880.57616045373,27600.0,0,0,0,0,0,0,0,inf,inf,NA,1,5,5,5,24,6,0,0,CONTINUE,0,A,1,1,0,KEEP_STRUCTURAL_IN_ON_CUT,2,3,0,0,"tail_cont_enabled=1 tail_active_dims=(1,) tail_delta=0.1 tail_start=(6, 6, 6) returned_y=(0, 6, 2) returned_b=(0, 1, 0) returned_u=(0, 0, 0) returned_zcap=(0, 6, 2) max_tail_u=0",NA
120,P1_no_rho,135,777.5163495999295,5.670046299928799,11.3314627999207,0.1650794999441132,0.01,95628.93951836339,95628.93951836339,-62569.21161900698,-38839.48894840143,0.0,-29275.27526260102,-71712.84088564041,-71712.82460381987,-49747.79075542815,-29275.27526260102,20472.51549282713,20670.19167668355,-29833.253039973035,37282.5,nan,nan,2.7750000000000004,10.0,1.5000000000000002,0.0,10.0,0.85,CORE,MAIN,2.2493593627280832,0.26411303572977685,0.6,0.174,-49747.79075542815,STRUCTURAL,-0.41399290260722277,-191880.57616045373,27600.0,0,0,0,0,0,0,0,inf,inf,NA,1,5,5,5,24,6,0,0,CONTINUE,0,A,1,1,0,KEEP_STRUCTURAL_IN_ON_CUT,2,3,0,0,"tail_cont_enabled=1 tail_active_dims=(1,) tail_delta=0.1 tail_start=(6, 6, 6) returned_y=(1, 0, 6) returned_b=(0, 0, 1) returned_u=(0, 0, 0) returned_zcap=(1, 0, 6) max_tail_u=0",NA
120,P1_no_rho,136,782.2481267999392,5.670046299928799,4.731244499911554,0.15543939999770373,0.01,104857.61231285648,104857.61231285648,-62569.21161900698,-37455.18802922746,0.0,-29275.27526260102,-71677.30422580344,-71677.28834901702,-49747.79075542815,-29275.27526260102,20472.51549282713,20670.19167668355,-33039.33171604954,38201.5,nan,nan,2.7750000000000004,10.0,1.5000000000000002,0.0,10.0,0.85,CORE,MAIN,2.249979279956606,0.2458542219938602,0.6,0.174,-49747.79075542815,STRUCTURAL,-0.43865760358532646,-191880.57616045373,27600.0,0,0,0,0,0,0,0,inf,inf,NA,1,5,5,5,24,6,0,0,CONTINUE,0,A,1,1,0,KEEP_STRUCTURAL_IN_ON_CUT,2,3,0,0,"tail_cont_enabled=1 tail_active_dims=(1,) tail_delta=0.1 tail_start=(6, 6, 6) returned_y=(1, 0, 6) returned_b=(0, 0, 1) returned_u=(0, 0, 0) returned_zcap=(1, 0, 6) max_tail_u=0",NA
120,P1_no_rho,137,785.9755350999767,5.670046299928799,3.726955799967982,0.15789500006940216,0.01,95203.27952492975,95203.27952492975,-62569.21161900698,-38903.33794741647,0.0,-29275.27526260102,-71516.69702917329,-71516.68117491048,-49747.79075542815,-29275.27526260102,20472.51549282713,20670.19167668355,-31399.635879554036,37626.5,nan,nan,2.7750000000000004,10.0,1.5000000000000002,0.0,10.0,0.85,CORE,MAIN,2.250688001730729,0.2692455034180763,0.6,0.174,-49747.79075542815,STRUCTURAL,-0.43134548883346013,-191880.57616045373,27600.0,0,0,0,0,0,0,0,inf,inf,NA,1,5,5,5,24,6,0,0,CONTINUE,0,A,1,1,0,KEEP_STRUCTURAL_IN_ON_CUT,2,3,0,0,"tail_cont_enabled=1 tail_active_dims=(1,) tail_delta=0.1 tail_start=(6, 6, 6) returned_y=(1, 0, 6) returned_b=(0, 0, 1) returned_u=(0, 0, 0) returned_zcap=(1, 0, 6) max_tail_u=0",NA
120,P1_no_rho,138,790.7154932999983,5.670046299928799,4.739519000053406,0.15491599997039884,0.01,87807.7361005421,87807.7361005421,-62569.21161900698,-40012.66946107462,0.0,-29275.27526260102,-72455.89403280603,-72455.87797319252,-49747.79075542815,-29275.27526260102,20472.51549282713,20670.19167668355,-32520.8999707092,37847.0,nan,nan,2.7750000000000004,10.0,1.5000000000000002,0.0,10.0,0.85,CORE,MAIN,2.2510570647569854,0.24393893317656357,0.6,0.174,-49747.79075542815,STRUCTURAL,-0.4468382549377933,-191880.57616045373,27600.0,0,0,0,0,0,0,0,inf,inf,NA,1,5,5,5,24,6,0,0,CONTINUE,0,A,1,1,0,KEEP_STRUCTURAL_IN_ON_CUT,2,3,0,0,"tail_cont_enabled=1 tail_active_dims=(1,) tail_delta=0.1 tail_start=(6, 6, 6) returned_y=(1, 0, 6) returned_b=(0, 0, 1) returned_u=(0, 0, 0) returned_zcap=(1, 0, 6) max_tail_u=0",NA
120,P1_no_rho,139,795.7934578999411,5.670046299928799,5.077364799915813,0.15066630009096116,0.01,87424.26348282731,87424.26348282731,-62569.21161900698,-40070.190353731836,0.0,-29275.27526260102,-71390.48506449627,-71390.46998752505,-49747.79075542815,-29275.27526260102,20472.51549282713,20670.19167668355,-35995.076993869145,38671.0,nan,nan,2.7750000000000004,10.0,1.5000000000000002,0.0,10.0,0.85,CORE,MAIN,2.2520554248066476,0.26263530966468085,0.6,0.174,-49747.79075542815,STRUCTURAL,-0.46124610307772484,-191880.57616045373,27600.0,0,0,0,0,0,0,0,inf,inf,NA,1,5,5,5,24,6,0,0,CONTINUE,0,A,1,1,0,KEEP_STRUCTURAL_IN_ON_CUT,2,3,0,0,"tail_cont_enabled=1 tail_active_dims=(1,) tail_delta=0.1 tail_start=(6, 6, 6) returned_y=(1, 0, 6) returned_b=(0, 0, 1) returned_u=(0, 0, 0) returned_zcap=(1, 0, 6) max_tail_u=0",NA
120,P1_no_rho,140,805.2606266000075,5.670046299928799,9.46646939998027,0.17510490003041923,0.01,86842.25448653744,86842.25448653744,-62569.21161900698,-40157.491703175314,0.0,-29275.27526260102,-73930.23088802243,-73930.21513100348,-49747.79075542815,-29275.27526260102,20472.51549282713,20670.19167668355,-38721.515435399735,38234.0,nan,nan,2.7750000000000004,10.0,1.5000000000000002,0.0,10.0,0.85,CORE,MAIN,2.252082089338969,0.24542641250992925,0.6,0.174,-49747.79075542815,STRUCTURAL,-0.5012531352799683,-191880.57616045373,27600.0,0,0,0,0,0,0,0,inf,inf,NA,1,5,5,5,24,6,0,0,CONTINUE,0,A,1,1,0,KEEP_STRUCTURAL_IN_ON_CUT,2,3,0,0,"tail_cont_enabled=1 tail_active_dims=(1,) tail_delta=0.1 tail_start=(6, 6, 6) returned_y=(6, 0, 1) returned_b=(1, 0, 0) returned_u=(0, 0, 0) returned_zcap=(6, 0, 1) max_tail_u=0",NA
120,P1_no_rho,141,810.6453982000239,5.670046299928799,5.384310199995525,0.1523472999688238,0.01,101379.59297208146,101379.59297208146,-62569.21161900698,-37976.89093034371,0.0,-29275.27526260102,-73976.9239184871,-73976.90756288654,-49747.79075542815,-29275.27526260102,20472.51549282713,20670.19167668355,-30452.6351271079,37332.0,nan,nan,2.7750000000000004,10.0,1.5000000000000002,0.0,10.0,0.85,CORE,MAIN,2.251495491977626,0.2498443426836734,0.6,0.174,-49747.79075542815,STRUCTURAL,-0.4590363560752542,-191880.57616045373,27600.0,0,0,0,0,0,0,0,inf,inf,NA,1,5,5,5,24,6,0,0,CONTINUE,0,A,1,1,0,KEEP_STRUCTURAL_IN_ON_CUT,2,3,0,0,"tail_cont_enabled=1 tail_active_dims=(1,) tail_delta=0.1 tail_start=(6, 6, 6) returned_y=(0, 6, 2) returned_b=(0, 1, 0) returned_u=(0, 0, 0) returned_zcap=(0, 6, 2) max_tail_u=0",NA
120,P1_no_rho,142,815.2966650000308,5.670046299928799,4.650757299968973,0.16037699999287724,0.01,99420.83822081856,99420.83822081856,-62569.21161900698,-38270.704143033145,0.0,-29275.27526260102,-73896.61205638519,-73896.59577855826,-49747.79075542815,-29275.27526260102,20472.51549282713,20670.19167668355,-31400.645230983457,37753.0,nan,nan,2.7750000000000004,10.0,1.5000000000000002,0.0,10.0,0.85,CORE,MAIN,2.250689215479003,0.243600115663022,0.6,0.174,-49747.79075542815,STRUCTURAL,-0.4497176479883737,-191880.57616045373,27600.0,0,0,0,0,0,0,0,inf,inf,NA,1,5,5,5,24,6,0,0,CONTINUE,0,A,1,1,0,KEEP_STRUCTURAL_IN_ON_CUT,2,3,0,0,"tail_cont_enabled=1 tail_active_dims=(1,) tail_delta=0.1 tail_start=(6, 6, 6) returned_y=(0, 6, 2) returned_b=(0, 1, 0) returned_u=(0, 0, 0) returned_zcap=(0, 6, 2) max_tail_u=0",NA
120,P1_no_rho,143,819.959671300021,5.670046299928799,4.662531000096351,0.17685299995355308,0.01,103261.719306192,103261.719306192,-62569.21161900698,-37694.571980227134,0.0,-29275.27526260102,-72376.38882393582,-72376.3728336643,-49747.79075542815,-29275.27526260102,20472.51549282713,20670.19167668355,-32475.715374601492,37112.5,nan,nan,2.7750000000000004,10.0,1.5000000000000002,0.0,10.0,0.85,CORE,MAIN,2.25041055042261,0.23552709192583432,0.6,0.174,-49747.79075542815,STRUCTURAL,-0.46022540349050706,-191880.57616045373,27600.0,0,0,0,0,0,0,0,inf,inf,NA,1,5,5,5,24,6,0,0,CONTINUE,0,A,1,1,0,KEEP_STRUCTURAL_IN_ON_CUT,2,3,0,0,"tail_cont_enabled=1 tail_active_dims=(1,) tail_delta=0.1 tail_start=(6, 6, 6) returned_y=(0, 6, 2) returned_b=(0, 1, 0) returned_u=(0, 0, 0) returned_zcap=(0, 6, 2) max_tail_u=0",NA
120,P1_no_rho,144,824.5413473999361,5.670046299928799,4.581112699932419,0.15621469996403903,0.01,99606.20860616257,99606.20860616257,-62569.21161900698,-38242.898585231545,0.0,-29275.27526260102,-72267.87382303881,-72267.85770462117,-49747.79075542815,-29275.27526260102,20472.51549282713,20670.19167668355,-31263.563599671128,35658.0,nan,nan,2.7750000000000004,10.0,1.5000000000000002,0.0,10.0,0.85,CORE,MAIN,2.2504686013162516,0.25908177006382643,0.6,0.174,-49747.79075542815,STRUCTURAL,-0.46541368406342654,-191880.57616045373,27600.0,0,0,0,0,0,0,0,inf,inf,NA,1,5,5,5,24,6,0,0,CONTINUE,0,A,1,1,0,KEEP_STRUCTURAL_IN_ON_CUT,2,3,0,0,"tail_cont_enabled=1 tail_active_dims=(1,) tail_delta=0.1 tail_start=(6, 6, 6) returned_y=(6, 0, 1) returned_b=(1, 0, 0) returned_u=(0, 0, 0) returned_zcap=(6, 0, 1) max_tail_u=0",NA
120,P1_no_rho,145,834.0654210000066,5.670046299928799,9.523485000012442,0.14957369992043823,0.01,97724.24344931764,97724.24344931764,-62569.21161900698,-38525.19335875829,0.0,-29275.27526260102,-79105.4915330229,-79105.47575315875,-49747.79075542815,-29275.27526260102,20472.51549282713,20670.19167668355,-39144.5752051962,41911.0,nan,nan,2.7750000000000004,10.0,1.5000000000000002,0.0,10.0,0.85,CORE,MAIN,2.2490505736786734,0.269166912824175,0.6,0.174,-49747.79075542815,STRUCTURAL,-0.5243147076716047,-191880.57616045373,27600.0,0,0,0,0,0,0,0,inf,inf,NA,1,5,5,5,24,6,0,0,CONTINUE,0,A,1,1,0,KEEP_STRUCTURAL_IN_ON_CUT,2,3,0,0,"tail_cont_enabled=1 tail_active_dims=(1,) tail_delta=0.1 tail_start=(6, 6, 6) returned_y=(6, 0, 1) returned_b=(1, 0, 0) returned_u=(0, 0, 0) returned_zcap=(6, 0, 1) max_tail_u=0",NA
120,P1_no_rho,146,838.2471170999343,5.670046299928799,4.18081930000335,0.158781599951908,0.01,95726.75979024883,95726.75979024883,-62569.21161900698,-38824.815907618606,0.0,-29275.27526260102,-77402.61728651171,-77402.6017148245,-49747.79075542815,-29275.27526260102,20472.51549282713,20670.19167668355,-39336.23498612799,40999.0,nan,nan,2.7750000000000004,10.0,1.5000000000000002,0.0,10.0,0.85,CORE,MAIN,2.2472620197619024,0.24240458817983923,0.6,0.174,-49747.79075542815,STRUCTURAL,-0.525209709476077,-191880.57616045373,27600.0,0,0,0,0,0,0,0,inf,inf,NA,1,5,5,5,24,6,0,0,CONTINUE,0,A,1,1,0,KEEP_STRUCTURAL_IN_ON_CUT,2,3,0,0,"tail_cont_enabled=1 tail_active_dims=(1,) tail_delta=0.1 tail_start=(6, 6, 6) returned_y=(6, 0, 1) returned_b=(1, 0, 0) returned_u=(0, 0, 0) returned_zcap=(6, 0, 1) max_tail_u=0",NA
120,P1_no_rho,147,842.997758799931,5.670046299928799,4.750018399907276,0.17344379995483905,0.01,97607.41315239824,97607.41315239824,-62569.21161900698,-38542.7179032962,0.0,-29275.27526260102,-75596.98813523151,-75596.97223566542,-49747.79075542815,-29275.27526260102,20472.51549282713,20670.19167668355,-39238.592331093976,39241.5,nan,nan,2.7750000000000004,10.0,1.5000000000000002,0.0,10.0,0.85,CORE,MAIN,2.246121062399788,0.2569389378461746,0.6,0.174,-49747.79075542815,STRUCTURAL,-0.5172792942911858,-191880.57616045373,27600.0,0,0,0,0,0,0,0,inf,inf,NA,1,5,5,5,24,6,0,0,CONTINUE,0,A,1,1,0,KEEP_STRUCTURAL_IN_ON_CUT,2,3,0,0,"tail_cont_enabled=1 tail_active_dims=(1,) tail_delta=0.1 tail_start=(6, 6, 6) returned_y=(6, 0, 1) returned_b=(1, 0, 0) returned_u=(0, 0, 0) returned_zcap=(6, 0, 1) max_tail_u=0",NA
120,P1_no_rho,148,846.7539181999164,5.670046299928799,3.7556394999846816,0.15465379995293915,0.01,98695.09203708441,98695.09203708441,-62569.21161900698,-38379.56607059327,0.0,-29275.27526260102,-73477.80048438956,-73477.78408635684,-49747.79075542815,-29275.27526260102,20472.51549282713,20670.19167668355,-30931.492875678658,37034.5,nan,nan,2.7750000000000004,10.0,1.5000000000000002,0.0,10.0,0.85,CORE,MAIN,2.2461296150626735,0.25239773635898244,0.6,0.174,-49747.79075542815,STRUCTURAL,-0.453404937169441,-191880.57616045373,27600.0,0,0,0,0,0,0,0,inf,inf,NA,1,5,5,5,24,6,0,0,CONTINUE,0,A,1,1,0,KEEP_STRUCTURAL_IN_ON_CUT,2,3,0,0,"tail_cont_enabled=1 tail_active_dims=(1,) tail_delta=0.1 tail_start=(6, 6, 6) returned_y=(0, 6, 2) returned_b=(0, 1, 0) returned_u=(0, 0, 0) returned_zcap=(0, 6, 2) max_tail_u=0",NA
120,P1_no_rho,149,851.4560123999836,5.670046299928799,4.701481800060719,0.15320609998889267,0.01,99216.01608913676,99216.01608913676,-62569.21161900698,-38301.42746278542,0.0,-29275.27526260102,-76689.36289199856,-76689.34695062478,-49747.79075542815,-29275.27526260102,20472.51549282713,20670.19167668355,-28949.13545967443,39736.5,nan,nan,2.7750000000000004,10.0,1.5000000000000002,0.0,10.0,0.85,CORE,MAIN,2.2451554129637534,0.23570424033667847,0.6,0.174,-49747.79075542815,STRUCTURAL,-0.46202072484719314,-191880.57616045373,27600.0,0,0,0,0,0,0,0,inf,inf,NA,1,5,5,5,24,6,0,0,CONTINUE,0,A,1,1,0,KEEP_STRUCTURAL_IN_ON_CUT,2,3,0,0,"tail_cont_enabled=1 tail_active_dims=(1,) tail_delta=0.1 tail_start=(6, 6, 6) returned_y=(0, 6, 2) returned_b=(0, 1, 0) returned_u=(0, 0, 0) returned_zcap=(0, 6, 2) max_tail_u=0",NA
120,P1_no_rho,150,862.6676717000082,5.670046299928799,11.211188700050116,0.15036179998423904,0.01,103538.85322150272,103538.85322150272,-62569.21161900698,-37653.00189293052,0.0,-29275.27526260102,-73950.14185445661,-73950.12573839362,-49747.79075542815,-29275.27526260102,20472.51549282713,20670.19167668355,-30291.786358459547,37821.5,nan,nan,2.7750000000000004,10.0,1.5000000000000002,0.0,10.0,0.85,CORE,MAIN,2.246464166638127,0.2615237972601234,0.6,0.174,-49747.79075542815,STRUCTURAL,-0.46263788181187104,-191880.57616045373,27600.0,0,0,0,0,0,0,0,inf,inf,NA,1,5,5,5,24,6,0,0,CONTINUE,0,A,1,1,0,KEEP_STRUCTURAL_IN_ON_CUT,2,3,0,0,"tail_cont_enabled=1 tail_active_dims=(1,) tail_delta=0.1 tail_start=(6, 6, 6) returned_y=(0, 6, 2) returned_b=(0, 1, 0) returned_u=(0, 0, 0) returned_zcap=(0, 6, 2) max_tail_u=0",NA
120,P1_no_rho,151,867.2290503999684,5.670046299928799,4.560889499960467,0.1538159999763593,0.01,104523.79882481415,104523.79882481415,-62569.21161900698,-37505.26005243381,0.0,-29275.27526260102,-70993.03430104049,-70993.0188723955,-49747.79075542815,-29275.27526260102,20472.51549282713,20670.19167668355,-32675.270940622744,38123.0,nan,nan,2.7750000000000004,10.0,1.5000000000000002,0.0,10.0,0.85,CORE,MAIN,2.24612631331115,0.2616408981571303,0.6,0.174,-49747.79075542815,STRUCTURAL,-0.43696108151999713,-191880.57616045373,27600.0,0,0,0,0,0,0,0,inf,inf,NA,1,5,5,5,24,6,0,0,CONTINUE,0,A,1,1,0,KEEP_STRUCTURAL_IN_ON_CUT,2,3,0,0,"tail_cont_enabled=1 tail_active_dims=(1,) tail_delta=0.1 tail_start=(6, 6, 6) returned_y=(1, 0, 6) returned_b=(0, 0, 1) returned_u=(0, 0, 0) returned_zcap=(1, 0, 6) max_tail_u=0",NA
120,P1_no_rho,152,871.0345307999523,5.670046299928799,3.8050940999528393,0.16710359998978674,0.01,85866.68054035045,85866.68054035045,-62569.21161900698,-40303.82779510337,0.0,-29275.27526260102,-74505.73855233497,-74505.7235349863,-49747.79075542815,-29275.27526260102,20472.51549282713,20670.19167668355,-47452.55655232266,40847.5,nan,nan,2.7750000000000004,10.0,1.5000000000000002,0.0,10.0,0.85,CORE,MAIN,2.2457936526601854,0.24934692402938152,0.6,0.174,-49747.79075542815,STRUCTURAL,-0.5311284756915575,-191880.57616045373,27600.0,0,0,0,0,0,0,0,inf,inf,NA,1,5,5,5,24,6,0,0,CONTINUE,0,A,1,1,0,KEEP_STRUCTURAL_IN_ON_CUT,2,3,0,0,"tail_cont_enabled=1 tail_active_dims=(1,) tail_delta=0.1 tail_start=(6, 6, 6) returned_y=(6, 0, 1) returned_b=(1, 0, 0) returned_u=(0, 0, 0) returned_zcap=(6, 0, 1) max_tail_u=0",NA
120,P1_no_rho,153,875.2955964999273,5.670046299928799,4.260476799914613,0.15534469997510314,0.01,79041.36805306995,79041.36805306995,-62569.21161900698,-41327.624668195436,0.0,-29275.27526260102,-73559.35633151024,-73559.34118275771,-49747.79075542815,-29275.27526260102,20472.51549282713,20670.19167668355,-41407.51846465621,39279.0,nan,nan,2.7750000000000004,10.0,1.5000000000000002,0.0,10.0,0.85,CORE,MAIN,2.2458552195177868,0.2484072126320882,0.6,0.174,-49747.79075542815,STRUCTURAL,-0.5154088892822078,-191880.57616045373,27600.0,0,0,0,0,0,0,0,inf,inf,NA,1,5,5,5,24,6,0,0,CONTINUE,0,A,1,1,0,KEEP_STRUCTURAL_IN_ON_CUT,2,3,0,0,"tail_cont_enabled=1 tail_active_dims=(1,) tail_delta=0.1 tail_start=(6, 6, 6) returned_y=(6, 0, 1) returned_b=(1, 0, 0) returned_u=(0, 0, 0) returned_zcap=(6, 0, 1) max_tail_u=0",NA
120,P1_no_rho,154,880.0494982999517,5.670046299928799,4.753381700022146,0.18185779999475926,0.01,77855.88045868813,77855.88045868813,-62569.21161900698,-41505.44780735271,0.0,-29275.27526260102,-74441.96408523367,-74441.94851679991,-49747.79075542815,-29275.27526260102,20472.51549282713,20670.19167668355,-36106.01523639017,38214.5,nan,nan,2.7750000000000004,10.0,1.5000000000000002,0.0,10.0,0.85,CORE,MAIN,2.245560100015288,0.2498628659089872,0.6,0.174,-49747.79075542815,STRUCTURAL,-0.49633029927426947,-191880.57616045373,27600.0,0,0,0,0,0,0,0,inf,inf,NA,1,5,5,5,24,6,0,0,CONTINUE,0,A,1,1,0,KEEP_STRUCTURAL_IN_ON_CUT,2,3,0,0,"tail_cont_enabled=1 tail_active_dims=(1,) tail_delta=0.1 tail_start=(6, 6, 6) returned_y=(6, 0, 1) returned_b=(1, 0, 0) returned_u=(0, 0, 0) returned_zcap=(6, 0, 1) max_tail_u=0",NA
120,P1_no_rho,155,889.5598566000117,5.670046299928799,9.509775200043805,0.1449027000926435,0.01,117982.64617869683,117982.64617869683,-62569.21161900698,-35486.43294935141,0.0,-29275.27526260102,-73241.43000989068,-73241.41376872695,-49747.79075542815,-29275.27526260102,20472.51549282713,20670.19167668355,-33168.397057816495,38240.0,nan,nan,2.7750000000000004,10.0,1.5000000000000002,0.0,10.0,0.85,CORE,MAIN,2.2459403307989074,0.24245966871534286,0.6,0.174,-49747.79075542815,STRUCTURAL,-0.44630296946515857,-191880.57616045373,27600.0,0,0,0,0,0,0,0,inf,inf,NA,1,5,5,5,24,6,0,0,CONTINUE,0,A,1,1,0,KEEP_STRUCTURAL_IN_ON_CUT,2,3,0,0,"tail_cont_enabled=1 tail_active_dims=(1,) tail_delta=0.1 tail_start=(6, 6, 6) returned_y=(1, 0, 6) returned_b=(0, 0, 1) returned_u=(0, 0, 0) returned_zcap=(1, 0, 6) max_tail_u=0",NA
120,P1_no_rho,156,894.3595943999244,5.670046299928799,4.799290800001472,0.15618279995396733,0.01,110667.7624056094,110667.7624056094,-62569.21161900698,-36583.665515314526,0.0,-29275.27526260102,-73330.10090891647,-73330.08492238601,-49747.79075542815,-29275.27526260102,20472.51549282713,20670.19167668355,-32298.25093135023,38073.5,nan,nan,2.7750000000000004,10.0,1.5000000000000002,0.0,10.0,0.85,CORE,MAIN,2.246315200197408,0.23133771302389516,0.6,0.174,-49747.79075542815,STRUCTURAL,-0.45044385923856256,-191880.57616045373,27600.0,0,0,0,0,0,0,0,inf,inf,NA,1,5,5,5,24,6,0,0,CONTINUE,0,A,1,1,0,KEEP_STRUCTURAL_IN_ON_CUT,2,3,0,0,"tail_cont_enabled=1 tail_active_dims=(1,) tail_delta=0.1 tail_start=(6, 6, 6) returned_y=(0, 6, 2) returned_b=(0, 1, 0) returned_u=(0, 0, 0) returned_zcap=(0, 6, 2) max_tail_u=0",NA
120,P1_no_rho,157,899.2661348999245,5.670046299928799,4.9059120999882,0.15286859998013824,0.01,114998.94196107669,114998.94196107669,-62569.21161900698,-35933.98858199443,0.0,-29275.27526260102,-73061.17683042504,-73061.16055153962,-49747.79075542815,-29275.27526260102,20472.51549282713,20670.19167668355,-32064.793935635305,37030.5,nan,nan,2.7750000000000004,10.0,1.5000000000000002,0.0,10.0,0.85,CORE,MAIN,2.2491171973169557,0.2513271926707439,0.6,0.174,-49747.79075542815,STRUCTURAL,-0.46158563615625114,-191880.57616045373,27600.0,0,0,0,0,0,0,0,inf,inf,NA,1,5,5,5,24,6,0,0,CONTINUE,0,A,1,1,0,KEEP_STRUCTURAL_IN_ON_CUT,2,3,0,0,"tail_cont_enabled=1 tail_active_dims=(1,) tail_delta=0.1 tail_start=(6, 6, 6) returned_y=(0, 6, 2) returned_b=(0, 1, 0) returned_u=(0, 0, 0) returned_zcap=(0, 6, 2) max_tail_u=0",NA
120,P1_no_rho,158,903.674984299927,5.670046299928799,4.408347699907608,0.15694260003510863,0.01,111751.42615042992,111751.42615042992,-62569.21161900698,-36421.11595359145,0.0,-29275.27526260102,-71502.80813554006,-71502.79249561328,-49747.79075542815,-29275.27526260102,20472.51549282713,20670.19167668355,-33360.35806590881,35808.0,nan,nan,2.7750000000000004,10.0,1.5000000000000002,0.0,10.0,0.85,CORE,MAIN,2.249812597894177,0.2485482142114228,0.6,0.174,-49747.79075542815,STRUCTURAL,-0.46618515511130254,-191880.57616045373,27600.0,0,0,0,0,0,0,0,inf,inf,NA,1,5,5,5,24,6,0,0,CONTINUE,0,A,1,1,0,KEEP_STRUCTURAL_IN_ON_CUT,2,3,0,0,"tail_cont_enabled=1 tail_active_dims=(1,) tail_delta=0.1 tail_start=(6, 6, 6) returned_y=(6, 0, 1) returned_b=(1, 0, 0) returned_u=(0, 0, 0) returned_zcap=(6, 0, 1) max_tail_u=0",NA
120,P1_no_rho,159,907.9697432999965,5.670046299928799,4.294207200058736,0.1479441000847146,0.01,80173.307572137,80173.307572137,-62569.21161900698,-41157.83374033538,0.0,-29275.27526260102,-69309.78538157554,-69309.77001973591,-49747.79075542815,-29275.27526260102,20472.51549282713,20670.19167668355,-31288.55545385851,34857.0,nan,nan,2.7750000000000004,10.0,1.5000000000000002,0.0,10.0,0.85,CORE,MAIN,2.248795281059974,0.25451810850352996,0.6,0.174,-49747.79075542815,STRUCTURAL,-0.4330503102487515,-191880.57616045373,27600.0,0,0,0,0,0,0,0,inf,inf,NA,1,5,5,5,24,6,0,0,CONTINUE,0,A,1,1,0,KEEP_STRUCTURAL_IN_ON_CUT,2,3,0,0,"tail_cont_enabled=1 tail_active_dims=(1,) tail_delta=0.1 tail_start=(6, 6, 6) returned_y=(6, 0, 1) returned_b=(1, 0, 0) returned_u=(0, 0, 0) returned_zcap=(6, 0, 1) max_tail_u=0",NA
120,P1_no_rho,160,918.4401250999654,5.670046299928799,10.469700900022872,0.15596429992001504,0.01,82034.70039716893,82034.70039716893,-62569.21161900698,-40878.624816580596,0.0,-29275.27526260102,-71217.9842482125,-71217.96899327364,-49747.79075542815,-29275.27526260102,20472.51549282713,20670.19167668355,-35926.334858233575,36911.0,nan,nan,2.7750000000000004,10.0,1.5000000000000002,0.0,10.0,0.85,CORE,MAIN,2.248430311843942,0.2617721213773041,0.6,0.174,-49747.79075542815,STRUCTURAL,-0.4726507439799816,-191880.57616045373,27600.0,0,0,0,0,0,0,0,inf,inf,NA,1,5,5,5,24,6,0,0,CONTINUE,0,A,1,1,0,KEEP_STRUCTURAL_IN_ON_CUT,2,3,0,0,"tail_cont_enabled=1 tail_active_dims=(1,) tail_delta=0.1 tail_start=(6, 6, 6) returned_y=(6, 0, 1) returned_b=(1, 0, 0) returned_u=(0, 0, 0) returned_zcap=(6, 0, 1) max_tail_u=0",NA
120,P1_no_rho,161,922.3523005000316,5.670046299928799,3.9116743999766186,0.18494100007228553,0.01,93326.0584624397,93326.0584624397,-62569.21161900698,-39184.921106789974,0.0,-29275.27526260102,-72009.78071711672,-72009.76497734984,-49747.79075542815,-29275.27526260102,20472.51549282713,20670.19167668355,-34344.17956338198,36885.0,nan,nan,2.7750000000000004,10.0,1.5000000000000002,0.0,10.0,0.85,CORE,MAIN,2.2480730272584495,0.26547511478811736,0.6,0.174,-49747.79075542815,STRUCTURAL,-0.47087994476913897,-191880.57616045373,27600.0,0,0,0,0,0,0,0,inf,inf,NA,1,5,5,5,24,6,0,0,CONTINUE,0,A,1,1,0,KEEP_STRUCTURAL_IN_ON_CUT,2,3,0,0,"tail_cont_enabled=1 tail_active_dims=(1,) tail_delta=0.1 tail_start=(6, 6, 6) returned_y=(6, 0, 1) returned_b=(1, 0, 0) returned_u=(0, 0, 0) returned_zcap=(6, 0, 1) max_tail_u=0",NA
120,P1_no_rho,162,926.747415699996,5.670046299928799,4.394703899975866,0.15152860002126545,0.01,99901.25071600144,99901.25071600144,-62569.21161900698,-38198.64226875572,0.0,-29275.27526260102,-72677.61766531592,-72677.601413883,-49747.79075542815,-29275.27526260102,20472.51549282713,20670.19167668355,-32289.50611679212,36340.0,nan,nan,2.7750000000000004,10.0,1.5000000000000002,0.0,10.0,0.85,CORE,MAIN,2.2475617301704265,0.2668910518730194,0.6,0.174,-49747.79075542815,STRUCTURAL,-0.4542047755733716,-191880.57616045373,27600.0,0,0,0,0,0,0,0,inf,inf,NA,1,5,5,5,24,6,0,0,CONTINUE,0,A,1,1,0,KEEP_STRUCTURAL_IN_ON_CUT,2,3,0,0,"tail_cont_enabled=1 tail_active_dims=(1,) tail_delta=0.1 tail_start=(6, 6, 6) returned_y=(6, 0, 1) returned_b=(1, 0, 0) returned_u=(0, 0, 0) returned_zcap=(6, 0, 1) max_tail_u=0",NA
120,P1_no_rho,163,931.6022219000151,5.670046299928799,4.854187800083309,0.14920020010322332,0.01,91870.08585063882,91870.08585063882,-62569.21161900698,-39403.31699856011,0.0,-29275.27526260102,-71502.68250110776,-71502.66683181626,-49747.79075542815,-29275.27526260102,20472.51549282713,20670.19167668355,-33151.222388061244,36438.0,nan,nan,2.7750000000000004,10.0,1.5000000000000002,0.0,10.0,0.85,CORE,MAIN,2.247532086576621,0.25275331024215436,0.6,0.174,-49747.79075542815,STRUCTURAL,-0.4426493138093648,-191880.57616045373,27600.0,0,0,0,0,0,0,0,inf,inf,NA,1,5,5,5,24,6,0,0,CONTINUE,0,A,1,1,0,KEEP_STRUCTURAL_IN_ON_CUT,2,3,0,0,"tail_cont_enabled=1 tail_active_dims=(1,) tail_delta=0.1 tail_start=(6, 6, 6) returned_y=(6, 0, 1) returned_b=(1, 0, 0) returned_u=(0, 0, 0) returned_zcap=(6, 0, 1) max_tail_u=0",NA
120,P1_no_rho,164,935.3972429999849,5.670046299928799,3.7945174999767914,0.14756040007341653,0.01,102067.54063518162,102067.54063518162,-62569.21161900698,-37873.69878087869,0.0,-29275.27526260102,-77771.24023221494,-77771.22448422125,-49747.79075542815,-29275.27526260102,20472.51549282713,20670.19167668355,-34303.474353037695,41152.5,nan,nan,2.7750000000000004,10.0,1.5000000000000002,0.0,10.0,0.85,CORE,MAIN,2.2450684612854763,0.23357491600546432,0.6,0.174,-49747.79075542815,STRUCTURAL,-0.5060152412720362,-191880.57616045373,27600.0,0,0,0,0,0,0,0,inf,inf,NA,1,5,5,5,24,6,0,0,CONTINUE,0,A,1,1,0,KEEP_STRUCTURAL_IN_ON_CUT,2,3,0,0,"tail_cont_enabled=1 tail_active_dims=(1,) tail_delta=0.1 tail_start=(6, 6, 6) returned_y=(0, 6, 2) returned_b=(0, 1, 0) returned_u=(0, 0, 0) returned_zcap=(0, 6, 2) max_tail_u=0",NA
120,P1_no_rho,165,946.3721182999434,5.670046299928799,10.97434269997757,0.1575259999372065,0.01,116963.01271980545,116963.01271980545,-62569.21161900698,-35639.377968185116,0.0,-29275.27526260102,-83461.7571253098,-83461.74193850154,-49747.79075542815,-29275.27526260102,20472.51549282713,20670.19167668355,-43296.78815598001,46515.5,nan,nan,2.7750000000000004,10.0,1.5000000000000002,0.0,10.0,0.85,CORE,MAIN,2.242050224464359,0.22250172235192336,0.6,0.174,-49747.79075542815,STRUCTURAL,-0.5766954457977982,-191880.57616045373,27600.0,0,0,0,0,0,0,0,inf,inf,NA,1,5,5,5,24,6,0,0,CONTINUE,0,A,1,1,0,KEEP_STRUCTURAL_IN_ON_CUT,2,3,0,0,"tail_cont_enabled=1 tail_active_dims=(1,) tail_delta=0.1 tail_start=(6, 6, 6) returned_y=(2, 6, 0) returned_b=(0, 1, 0) returned_u=(0, 0, 0) returned_zcap=(2, 6, 0) max_tail_u=0",NA
120,P1_no_rho,166,951.1110722000012,5.670046299928799,4.738393899984658,0.15172880003228784,0.01,103278.41857606119,103278.41857606119,-62569.21161900698,-37692.06708974675,0.0,-29275.27526260102,-70313.58592299081,-70313.56995334549,-49747.79075542815,-29275.27526260102,20472.51549282713,20670.19167668355,-28690.35243765116,36482.5,nan,nan,2.7750000000000004,10.0,1.5000000000000002,0.0,10.0,0.85,CORE,MAIN,2.2413597755240504,0.2511694138785052,0.6,0.174,-49747.79075542815,STRUCTURAL,-0.39843713282744875,-191880.57616045373,27600.0,0,0,0,0,0,0,0,inf,inf,NA,1,5,5,5,24,6,0,0,CONTINUE,0,A,1,1,0,KEEP_STRUCTURAL_IN_ON_CUT,2,3,0,0,"tail_cont_enabled=1 tail_active_dims=(1,) tail_delta=0.1 tail_start=(6, 6, 6) returned_y=(1, 0, 6) returned_b=(0, 0, 1) returned_u=(0, 0, 0) returned_zcap=(1, 0, 6) max_tail_u=0",NA
120,P1_no_rho,167,955.0519964999985,5.670046299928799,3.9403252999763936,0.15968189993873239,0.01,89924.18646721296,89924.18646721296,-62569.21161900698,-39695.20190607399,0.0,-29275.27526260102,-70637.29042552155,-70637.27549621291,-49747.79075542815,-29275.27526260102,20472.51549282713,20670.19167668355,-36048.12226864871,38924.0,nan,nan,2.7750000000000004,10.0,1.5000000000000002,0.0,10.0,0.85,CORE,MAIN,2.2422129484584414,0.26654089436238393,0.6,0.174,-49747.79075542815,STRUCTURAL,-0.45174572212231334,-191880.57616045373,27600.0,0,0,0,0,0,0,0,inf,inf,NA,1,5,5,5,24,6,0,0,CONTINUE,0,A,1,1,0,KEEP_STRUCTURAL_IN_ON_CUT,2,3,0,0,"tail_cont_enabled=1 tail_active_dims=(1,) tail_delta=0.1 tail_start=(6, 6, 6) returned_y=(1, 0, 6) returned_b=(0, 0, 1) returned_u=(0, 0, 0) returned_zcap=(1, 0, 6) max_tail_u=0",NA
120,P1_no_rho,168,959.0380802999716,5.670046299928799,3.9855813999893144,0.19296740007121116,0.01,91569.81722845636,91569.81722845636,-62569.21161900698,-39448.35729188748,0.0,-29275.27526260102,-71621.68236581389,-71621.66670525898,-49747.79075542815,-29275.27526260102,20472.51549282713,20670.19167668355,-33939.94940611599,38185.0,nan,nan,2.7750000000000004,10.0,1.5000000000000002,0.0,10.0,0.85,CORE,MAIN,2.243275806741261,0.26314756977929926,0.6,0.174,-49747.79075542815,STRUCTURAL,-0.4449261401933695,-191880.57616045373,27600.0,0,0,0,0,0,0,0,inf,inf,NA,1,5,5,5,24,6,0,0,CONTINUE,0,A,1,1,0,KEEP_STRUCTURAL_IN_ON_CUT,2,3,0,0,"tail_cont_enabled=1 tail_active_dims=(1,) tail_delta=0.1 tail_start=(6, 6, 6) returned_y=(1, 0, 6) returned_b=(0, 0, 1) returned_u=(0, 0, 0) returned_zcap=(1, 0, 6) max_tail_u=0",NA
120,P1_no_rho,169,964.1273404000094,5.670046299928799,5.088710100040771,0.1629086999455467,0.01,95467.1728892532,95467.1728892532,-62569.21161900698,-38863.75394276795,0.0,-29275.27526260102,-72769.51901380386,-72769.50281834468,-49747.79075542815,-29275.27526260102,20472.51549282713,20670.19167668355,-33186.29376383024,38017.5,nan,nan,2.7750000000000004,10.0,1.5000000000000002,0.0,10.0,0.85,CORE,MAIN,2.2437749799814712,0.2505680422099841,0.6,0.174,-49747.79075542815,STRUCTURAL,-0.44401374479614564,-191880.57616045373,27600.0,0,0,0,0,0,0,0,inf,inf,NA,1,5,5,5,24,6,0,0,CONTINUE,0,A,1,1,0,KEEP_STRUCTURAL_IN_ON_CUT,2,3,0,0,"tail_cont_enabled=1 tail_active_dims=(1,) tail_delta=0.1 tail_start=(6, 6, 6) returned_y=(1, 0, 6) returned_b=(0, 0, 1) returned_u=(0, 0, 0) returned_zcap=(1, 0, 6) max_tail_u=0",NA
120,P1_no_rho,170,974.7437762999907,5.670046299928799,10.615984500036575,0.158696600003168,0.01,100265.87931897868,100265.87931897868,-62569.21161900698,-38143.94797830913,0.0,-29275.27526260102,-72268.02368647586,-72268.00779488325,-49747.79075542815,-29275.27526260102,20472.51549282713,20670.19167668355,-33697.112064967114,38767.0,nan,nan,2.7750000000000004,10.0,1.5000000000000002,0.0,10.0,0.85,CORE,MAIN,2.244822063730953,0.25704532071108677,0.6,0.174,-49747.79075542815,STRUCTURAL,-0.4307577180991987,-191880.57616045373,27600.0,0,0,0,0,0,0,0,inf,inf,NA,1,5,5,5,24,6,0,0,CONTINUE,0,A,1,1,0,KEEP_STRUCTURAL_IN_ON_CUT,2,3,0,0,"tail_cont_enabled=1 tail_active_dims=(1,) tail_delta=0.1 tail_start=(6, 6, 6) returned_y=(1, 0, 6) returned_b=(0, 0, 1) returned_u=(0, 0, 0) returned_zcap=(1, 0, 6) max_tail_u=0",NA
120,P1_no_rho,171,979.2635609999998,5.670046299928799,4.519243700080551,0.1458312999457121,0.01,106868.38925287449,106868.38925287449,-62569.21161900698,-37153.571488224756,0.0,-29275.27526260102,-75421.22936248612,-75421.21390579658,-49747.79075542815,-29275.27526260102,20472.51549282713,20670.19167668355,-41764.8598727446,40293.5,nan,nan,2.7750000000000004,10.0,1.5000000000000002,0.0,10.0,0.85,CORE,MAIN,2.2453750616104897,0.25926700222588006,0.6,0.174,-49747.79075542815,STRUCTURAL,-0.526312926373348,-191880.57616045373,27600.0,0,0,0,0,0,0,0,inf,inf,NA,1,5,5,5,24,6,0,0,CONTINUE,0,A,1,1,0,KEEP_STRUCTURAL_IN_ON_CUT,2,3,0,0,"tail_cont_enabled=1 tail_active_dims=(1,) tail_delta=0.1 tail_start=(6, 6, 6) returned_y=(2, 6, 0) returned_b=(0, 1, 0) returned_u=(0, 0, 0) returned_zcap=(2, 6, 0) max_tail_u=0",NA
120,P1_no_rho,172,984.027016100008,5.670046299928799,4.762887299992144,0.15125739993527532,0.01,87407.2621322188,87407.2621322188,-62569.21161900698,-40072.740556323115,0.0,-29275.27526260102,-78989.64579765832,-78989.62969031568,-49747.79075542815,-29275.27526260102,20472.51549282713,20670.19167668355,-29167.58496673114,39915.0,nan,nan,2.7750000000000004,10.0,1.5000000000000002,0.0,10.0,0.85,CORE,MAIN,2.2436857873846776,0.2483327931162882,0.6,0.174,-49747.79075542815,STRUCTURAL,-0.5020716528008885,-191880.57616045373,27600.0,0,0,0,0,0,0,0,inf,inf,NA,1,5,5,5,24,6,0,0,CONTINUE,0,A,1,1,0,KEEP_STRUCTURAL_IN_ON_CUT,2,3,0,0,"tail_cont_enabled=1 tail_active_dims=(1,) tail_delta=0.1 tail_start=(6, 6, 6) returned_y=(2, 6, 0) returned_b=(0, 1, 0) returned_u=(0, 0, 0) returned_zcap=(2, 6, 0) max_tail_u=0",NA
120,P1_no_rho,173,988.8105772000272,5.670046299928799,4.783093600068241,0.15253299998585135,0.01,105838.95348391931,105838.95348391931,-62569.21161900698,-37307.986853568036,0.0,-29275.27526260102,-70786.58393585439,-70786.56803244527,-49747.79075542815,-29275.27526260102,20472.51549282713,20670.19167668355,-31217.356904400152,37153.5,nan,nan,2.7750000000000004,10.0,1.5000000000000002,0.0,10.0,0.85,CORE,MAIN,2.2443092711604975,0.2756622206898198,0.6,0.174,-49747.79075542815,STRUCTURAL,-0.4165987104111691,-191880.57616045373,27600.0,0,0,0,0,0,0,0,inf,inf,NA,1,5,5,5,24,6,0,0,CONTINUE,0,A,1,1,0,KEEP_STRUCTURAL_IN_ON_CUT,2,3,0,0,"tail_cont_enabled=1 tail_active_dims=(1,) tail_delta=0.1 tail_start=(6, 6, 6) returned_y=(1, 0, 6) returned_b=(0, 0, 1) returned_u=(0, 0, 0) returned_zcap=(1, 0, 6) max_tail_u=0",NA
120,P1_no_rho,174,992.9339070999995,5.670046299928799,4.122546800062992,0.1525811000028625,0.01,85894.85616182392,85894.85616182392,-62569.21161900698,-40299.60145188234,0.0,-29275.27526260102,-70631.6952563823,-70631.67958723541,-49747.79075542815,-29275.27526260102,20472.51549282713,20670.19167668355,-31234.16397908073,36853.0,nan,nan,2.7750000000000004,10.0,1.5000000000000002,0.0,10.0,0.85,CORE,MAIN,2.2454764830397904,0.2500211502713685,0.6,0.174,-49747.79075542815,STRUCTURAL,-0.4262263897473741,-191880.57616045373,27600.0,0,0,0,0,0,0,0,inf,inf,NA,1,5,5,5,24,6,0,0,CONTINUE,0,A,1,1,0,KEEP_STRUCTURAL_IN_ON_CUT,2,3,0,0,"tail_cont_enabled=1 tail_active_dims=(1,) tail_delta=0.1 tail_start=(6, 6, 6) returned_y=(1, 0, 6) returned_b=(0, 0, 1) returned_u=(0, 0, 0) returned_zcap=(1, 0, 6) max_tail_u=0",NA
120,P1_no_rho,175,1003.1164216999896,5.670046299928799,10.181828200002201,0.1849600999848917,0.01,88181.17057113818,88181.17057113818,-62569.21161900698,-39956.6542904852,0.0,-29275.27526260102,-72573.3248637138,-72573.30922838763,-49747.79075542815,-29275.27526260102,20472.51549282713,20670.19167668355,-35561.04200366944,39313.0,nan,nan,2.7750000000000004,10.0,1.5000000000000002,0.0,10.0,0.85,CORE,MAIN,2.2461878661542958,0.2694849255354699,0.6,0.174,-49747.79075542815,STRUCTURAL,-0.45653527538779215,-191880.57616045373,27600.0,0,0,0,0,0,0,0,inf,inf,NA,1,5,5,5,24,6,0,0,CONTINUE,0,A,1,1,0,KEEP_STRUCTURAL_IN_ON_CUT,2,3,0,0,"tail_cont_enabled=1 tail_active_dims=(1,) tail_delta=0.1 tail_start=(6, 6, 6) returned_y=(1, 0, 6) returned_b=(0, 0, 1) returned_u=(0, 0, 0) returned_zcap=(1, 0, 6) max_tail_u=0",NA
120,P1_no_rho,176,1007.7742386999307,5.670046299928799,4.657206999952905,0.15681930002756417,0.01,106132.10416921412,106132.10416921412,-62569.21161900698,-37264.01425077381,0.0,-29275.27526260102,-73529.10208688707,-73529.08604049437,-49747.79075542815,-29275.27526260102,20472.51549282713,20670.19167668355,-35439.30894809007,39347.5,nan,nan,2.7750000000000004,10.0,1.5000000000000002,0.0,10.0,0.85,CORE,MAIN,2.2462431089703307,0.25049011246820335,0.6,0.174,-49747.79075542815,STRUCTURAL,-0.46160961115943605,-191880.57616045373,27600.0,0,0,0,0,0,0,0,inf,inf,NA,1,5,5,5,24,6,0,0,CONTINUE,0,A,1,1,0,KEEP_STRUCTURAL_IN_ON_CUT,2,3,0,0,"tail_cont_enabled=1 tail_active_dims=(1,) tail_delta=0.1 tail_start=(6, 6, 6) returned_y=(1, 0, 6) returned_b=(0, 0, 1) returned_u=(0, 0, 0) returned_zcap=(1, 0, 6) max_tail_u=0",NA
120,P1_no_rho,177,1012.707859099959,5.670046299928799,4.932923199958168,0.15602679993025959,0.01,88532.22358708947,88532.22358708947,-62569.21161900698,-39903.99633809251,0.0,-29275.27526260102,-72851.53537888214,-72851.51975064514,-49747.79075542815,-29275.27526260102,20472.51549282713,20670.19167668355,-36938.359034597284,39906.5,nan,nan,2.7750000000000004,10.0,1.5000000000000002,0.0,10.0,0.85,CORE,MAIN,2.24660799369563,0.2486619757968973,0.6,0.174,-49747.79075542815,STRUCTURAL,-0.4569040964136004,-191880.57616045373,27600.0,0,0,0,0,0,0,0,inf,inf,NA,1,5,5,5,24,6,0,0,CONTINUE,0,A,1,1,0,KEEP_STRUCTURAL_IN_ON_CUT,2,3,0,0,"tail_cont_enabled=1 tail_active_dims=(1,) tail_delta=0.1 tail_start=(6, 6, 6) returned_y=(1, 0, 6) returned_b=(0, 0, 1) returned_u=(0, 0, 0) returned_zcap=(1, 0, 6) max_tail_u=0",NA
120,P1_no_rho,178,1016.7792257999536,5.670046299928799,4.070839999942109,0.15204580000136048,0.01,82976.06158323267,82976.06158323267,-62569.21161900698,-40737.42063867103,0.0,-29275.27526260102,-71518.3917421876,-71518.37602091124,-49747.79075542815,-29275.27526260102,20472.51549282713,20670.19167668355,-33556.36992519915,37722.0,nan,nan,2.7750000000000004,10.0,1.5000000000000002,0.0,10.0,0.85,CORE,MAIN,2.2479916838224465,0.25071373972376154,0.6,0.174,-49747.79075542815,STRUCTURAL,-0.44596853339836895,-191880.57616045373,27600.0,0,0,0,0,0,0,0,inf,inf,NA,1,5,5,5,24,6,0,0,CONTINUE,0,A,1,1,0,KEEP_STRUCTURAL_IN_ON_CUT,2,3,0,0,"tail_cont_enabled=1 tail_active_dims=(1,) tail_delta=0.1 tail_start=(6, 6, 6) returned_y=(1, 0, 6) returned_b=(0, 0, 1) returned_u=(0, 0, 0) returned_zcap=(1, 0, 6) max_tail_u=0",NA
120,P1_no_rho,179,1021.4815637000138,5.670046299928799,4.701903700013645,0.15588320000097156,0.01,109197.84314570336,109197.84314570336,-62569.21161900698,-36804.15340430043,0.0,-29275.27526260102,-79894.2014466966,-79894.18570675513,-49747.79075542815,-29275.27526260102,20472.51549282713,20670.19167668355,-35044.26085667077,41423.0,nan,nan,2.7750000000000004,10.0,1.5000000000000002,0.0,10.0,0.85,CORE,MAIN,2.245726388154396,0.23965545787600773,0.6,0.174,-49747.79075542815,STRUCTURAL,-0.5238938606789162,-191880.57616045373,27600.0,0,0,0,0,0,0,0,inf,inf,NA,1,5,5,5,24,6,0,0,CONTINUE,0,A,1,1,0,KEEP_STRUCTURAL_IN_ON_CUT,2,3,0,0,"tail_cont_enabled=1 tail_active_dims=(1,) tail_delta=0.1 tail_start=(6, 6, 6) returned_y=(2, 6, 0) returned_b=(0, 1, 0) returned_u=(0, 0, 0) returned_zcap=(2, 6, 0) max_tail_u=0",NA
120,P1_no_rho,180,1032.4866000999464,5.670046299928799,11.00447299994994,0.1662953000050038,0.01,101624.46006439296,101624.46006439296,-62569.21161900698,-37940.16086649699,0.0,-29275.27526260102,-72291.79731589305,-72291.7813057341,-49747.79075542815,-29275.27526260102,20472.51549282713,20670.19167668355,-32105.418737678872,36006.5,nan,nan,2.7750000000000004,10.0,1.5000000000000002,0.0,10.0,0.85,CORE,MAIN,2.2462327720967226,0.25104476587727564,0.6,0.174,-49747.79075542815,STRUCTURAL,-0.46310779616981246,-191880.57616045373,27600.0,0,0,0,0,0,0,0,inf,inf,NA,1,5,5,5,24,6,0,0,CONTINUE,0,A,1,1,0,KEEP_STRUCTURAL_IN_ON_CUT,2,3,0,0,"tail_cont_enabled=1 tail_active_dims=(1,) tail_delta=0.1 tail_start=(6, 6, 6) returned_y=(2, 6, 0) returned_b=(0, 1, 0) returned_u=(0, 0, 0) returned_zcap=(2, 6, 0) max_tail_u=0",NA
120,P1_no_rho,181,1037.5211776000215,5.670046299928799,5.034120700089261,0.15395389997866005,0.01,101696.33020737553,101696.33020737553,-62569.21161900698,-37929.380345049605,0.0,-29275.27526260102,-70792.43860308397,-70792.42297592768,-49747.79075542815,-29275.27526260102,20472.51549282713,20670.19167668355,-32449.049648768676,35344.0,nan,nan,2.7750000000000004,10.0,1.5000000000000002,0.0,10.0,0.85,CORE,MAIN,2.2467523008423265,0.26396498329013673,0.6,0.174,-49747.79075542815,STRUCTURAL,-0.4565827932168996,-191880.57616045373,27600.0,0,0,0,0,0,0,0,inf,inf,NA,1,5,5,5,24,6,0,0,CONTINUE,0,A,1,1,0,KEEP_STRUCTURAL_IN_ON_CUT,2,3,0,0,"tail_cont_enabled=1 tail_active_dims=(1,) tail_delta=0.1 tail_start=(6, 6, 6) returned_y=(6, 0, 1) returned_b=(1, 0, 0) returned_u=(0, 0, 0) returned_zcap=(6, 0, 1) max_tail_u=0",NA
120,P1_no_rho,182,1041.3679739999352,5.670046299928799,3.8458307000109926,0.1733792000450194,0.01,90367.8194276005,90367.8194276005,-62569.21161900698,-39628.656962015855,0.0,-29275.27526260102,-71356.23431276868,-71356.21819574237,-49747.79075542815,-29275.27526260102,20472.51549282713,20670.19167668355,-28103.51359413065,34668.0,nan,nan,2.7750000000000004,10.0,1.5000000000000002,0.0,10.0,0.85,CORE,MAIN,2.2476899385748155,0.2523084632366006,0.6,0.174,-49747.79075542815,STRUCTURAL,-0.43078917413904355,-191880.57616045373,27600.0,0,0,0,0,0,0,0,inf,inf,NA,1,5,5,5,24,6,0,0,CONTINUE,0,A,1,1,0,KEEP_STRUCTURAL_IN_ON_CUT,2,3,0,0,"tail_cont_enabled=1 tail_active_dims=(1,) tail_delta=0.1 tail_start=(6, 6, 6) returned_y=(6, 0, 1) returned_b=(1, 0, 0) returned_u=(0, 0, 0) returned_zcap=(6, 0, 1) max_tail_u=0",NA
120,P1_no_rho,183,1046.0712053999305,5.670046299928799,4.702756499988027,0.1540135000832379,0.01,98542.75806793557,98542.75806793557,-62569.21161900698,-38402.416165965595,0.0,-29275.27526260102,-73881.26333819292,-73881.24729597321,-49747.79075542815,-29275.27526260102,20472.51549282713,20670.19167668355,-35641.34734629292,37745.5,nan,nan,2.7750000000000004,10.0,1.5000000000000002,0.0,10.0,0.85,CORE,MAIN,2.247678036364741,0.2541064970775344,0.6,0.174,-49747.79075542815,STRUCTURAL,-0.49320578280764715,-191880.57616045373,27600.0,0,0,0,0,0,0,0,inf,inf,NA,1,5,5,5,24,6,0,0,CONTINUE,0,A,1,1,0,KEEP_STRUCTURAL_IN_ON_CUT,2,3,0,0,"tail_cont_enabled=1 tail_active_dims=(1,) tail_delta=0.1 tail_start=(6, 6, 6) returned_y=(6, 0, 1) returned_b=(1, 0, 0) returned_u=(0, 0, 0) returned_zcap=(6, 0, 1) max_tail_u=0",NA
120,P1_no_rho,184,1050.147097399924,5.670046299928799,4.07531449990347,0.15978570003062487,0.01,78624.85513339164,78624.85513339164,-62569.21161900698,-41390.10160614719,0.0,-29275.27526260102,-71797.19607027253,-71797.18043708516,-49747.79075542815,-29275.27526260102,20472.51549282713,20670.19167668355,-31657.735588609234,36225.5,nan,nan,2.7750000000000004,10.0,1.5000000000000002,0.0,10.0,0.85,CORE,MAIN,2.2480078575714755,0.27553008751202945,0.6,0.174,-49747.79075542815,STRUCTURAL,-0.45331601811095157,-191880.57616045373,27600.0,0,0,0,0,0,0,0,inf,inf,NA,1,5,5,5,24,6,0,0,CONTINUE,0,A,1,1,0,KEEP_STRUCTURAL_IN_ON_CUT,2,3,0,0,"tail_cont_enabled=1 tail_active_dims=(1,) tail_delta=0.1 tail_start=(6, 6, 6) returned_y=(6, 0, 1) returned_b=(1, 0, 0) returned_u=(0, 0, 0) returned_zcap=(6, 0, 1) max_tail_u=0",NA
120,P1_no_rho,185,1059.686584900017,5.670046299928799,9.53880440001376,0.1516639000037685,0.01,100743.50460220207,100743.50460220207,-62569.21161900698,-38072.30418582562,0.0,-29275.27526260102,-73397.47032483692,-73397.45444156564,-49747.79075542815,-29275.27526260102,20472.51549282713,20670.19167668355,-36152.83647441089,37722.5,nan,nan,2.7750000000000004,10.0,1.5000000000000002,0.0,10.0,0.85,CORE,MAIN,2.2485710423235856,0.24830627637898317,0.6,0.174,-49747.79075542815,STRUCTURAL,-0.4963111762359082,-191880.57616045373,27600.0,0,0,0,0,0,0,0,inf,inf,NA,1,5,5,5,24,6,0,0,CONTINUE,0,A,1,1,0,KEEP_STRUCTURAL_IN_ON_CUT,2,3,0,0,"tail_cont_enabled=1 tail_active_dims=(1,) tail_delta=0.1 tail_start=(6, 6, 6) returned_y=(6, 0, 1) returned_b=(1, 0, 0) returned_u=(0, 0, 0) returned_zcap=(6, 0, 1) max_tail_u=0",NA
120,P1_no_rho,186,1064.3144347999478,5.670046299928799,4.6269851999823,0.16129700001329184,0.01,84732.83884143244,84732.83884143244,-62569.21161900698,-40473.90404994106,0.0,-29275.27526260102,-73421.62639773267,-73421.61076521772,-49747.79075542815,-29275.27526260102,20472.51549282713,20670.19167668355,-38470.03456288283,37849.5,nan,nan,2.7750000000000004,10.0,1.5000000000000002,0.0,10.0,0.85,CORE,MAIN,2.248607778463418,0.24782079940911972,0.6,0.174,-49747.79075542815,STRUCTURAL,-0.4817476923119689,-191880.57616045373,27600.0,0,0,0,0,0,0,0,inf,inf,NA,1,5,5,5,24,6,0,0,CONTINUE,0,A,1,1,0,KEEP_STRUCTURAL_IN_ON_CUT,2,3,0,0,"tail_cont_enabled=1 tail_active_dims=(1,) tail_delta=0.1 tail_start=(6, 6, 6) returned_y=(6, 0, 1) returned_b=(1, 0, 0) returned_u=(0, 0, 0) returned_zcap=(6, 0, 1) max_tail_u=0",NA
120,P1_no_rho,187,1068.8261102000251,5.670046299928799,4.511203600093722,0.15041389991529286,0.01,99763.76431887857,99763.76431887857,-62569.21161900698,-38219.26522832415,0.0,-29275.27526260102,-76387.16546063958,-76387.1494565395,-49747.79075542815,-29275.27526260102,20472.51549282713,20670.19167668355,-33432.419888863704,39307.0,nan,nan,2.7750000000000004,10.0,1.5000000000000002,0.0,10.0,0.85,CORE,MAIN,2.247810903096121,0.25644638540628417,0.6,0.174,-49747.79075542815,STRUCTURAL,-0.500502590438351,-191880.57616045373,27600.0,0,0,0,0,0,0,0,inf,inf,NA,1,5,5,5,24,6,0,0,CONTINUE,0,A,1,1,0,KEEP_STRUCTURAL_IN_ON_CUT,2,3,0,0,"tail_cont_enabled=1 tail_active_dims=(1,) tail_delta=0.1 tail_start=(6, 6, 6) returned_y=(2, 6, 0) returned_b=(0, 1, 0) returned_u=(0, 0, 0) returned_zcap=(2, 6, 0) max_tail_u=0",NA
120,P1_no_rho,188,1073.2429817999946,5.670046299928799,4.416194100049324,0.1620730001013726,0.01,120276.8505633163,120276.8505633163,-62569.21161900698,-35142.30229165849,0.0,-29275.27526260102,-83093.67826766931,-83093.66284753403,-49747.79075542815,-29275.27526260102,20472.51549282713,20670.19167668355,-38580.66165702623,45235.5,nan,nan,2.7750000000000004,10.0,1.5000000000000002,0.0,10.0,0.85,CORE,MAIN,2.2443003835051556,0.2201963767137638,0.6,0.174,-49747.79075542815,STRUCTURAL,-0.5597717362127341,-191880.57616045373,27600.0,0,0,0,0,0,0,0,inf,inf,NA,1,5,5,5,24,6,0,0,CONTINUE,0,A,1,1,0,KEEP_STRUCTURAL_IN_ON_CUT,2,3,0,0,"tail_cont_enabled=1 tail_active_dims=(1,) tail_delta=0.1 tail_start=(6, 6, 6) returned_y=(2, 6, 0) returned_b=(0, 1, 0) returned_u=(0, 0, 0) returned_zcap=(2, 6, 0) max_tail_u=0",NA
120,P1_no_rho,189,1077.930965299951,5.670046299928799,4.687399599933997,0.188323299982585,0.01,111944.2434731221,111944.2434731221,-62569.21161900698,-36392.19335518761,0.0,-29275.27526260102,-71070.23723182878,-71070.22092083519,-49747.79075542815,-29275.27526260102,20472.51549282713,20670.19167668355,-27816.497494503736,34283.5,nan,nan,2.7750000000000004,10.0,1.5000000000000002,0.0,10.0,0.85,CORE,MAIN,2.2434873593070397,0.2434070860979305,0.6,0.174,-49747.79075542815,STRUCTURAL,-0.43253075015525955,-191880.57616045373,27600.0,0,0,0,0,0,0,0,inf,inf,NA,1,5,5,5,24,6,0,0,CONTINUE,0,A,1,1,0,KEEP_STRUCTURAL_IN_ON_CUT,2,3,0,0,"tail_cont_enabled=1 tail_active_dims=(1,) tail_delta=0.1 tail_start=(6, 6, 6) returned_y=(6, 0, 1) returned_b=(1, 0, 0) returned_u=(0, 0, 0) returned_zcap=(6, 0, 1) max_tail_u=0",NA
120,P1_no_rho,190,1087.9040989999194,5.670046299928799,9.972619099891745,0.1513977999566123,0.01,89974.20346441044,89974.20346441044,-62569.21161900698,-39687.69935649437,0.0,-29275.27526260102,-72585.41771282098,-72585.4022857912,-49747.79075542815,-29275.27526260102,20472.51549282713,20670.19167668355,-38197.490142649825,37379.5,nan,nan,2.7750000000000004,10.0,1.5000000000000002,0.0,10.0,0.85,CORE,MAIN,2.2435171319051337,0.253798168747241,0.6,0.174,-49747.79075542815,STRUCTURAL,-0.489263209682464,-191880.57616045373,27600.0,0,0,0,0,0,0,0,inf,inf,NA,1,5,5,5,24,6,0,0,CONTINUE,0,A,1,1,0,KEEP_STRUCTURAL_IN_ON_CUT,2,3,0,0,"tail_cont_enabled=1 tail_active_dims=(1,) tail_delta=0.1 tail_start=(6, 6, 6) returned_y=(6, 0, 1) returned_b=(1, 0, 0) returned_u=(0, 0, 0) returned_zcap=(6, 0, 1) max_tail_u=0",NA
120,P1_no_rho,191,1091.533363500028,5.670046299928799,3.628682899987325,0.1470726999687031,0.01,94152.6955292965,94152.6955292965,-62569.21161900698,-39060.92554676146,0.0,-29275.27526260102,-70334.7466660205,-70334.73112229508,-49747.79075542815,-29275.27526260102,20472.51549282713,20670.19167668355,-30797.45062820338,37922.0,nan,nan,2.7750000000000004,10.0,1.5000000000000002,0.0,10.0,0.85,CORE,MAIN,2.2439972092836196,0.25552938422717997,0.6,0.174,-49747.79075542815,STRUCTURAL,-0.3938460084337748,-191880.57616045373,27600.0,0,0,0,0,0,0,0,inf,inf,NA,1,5,5,5,24,6,0,0,CONTINUE,0,A,1,1,0,KEEP_STRUCTURAL_IN_ON_CUT,2,3,0,0,"tail_cont_enabled=1 tail_active_dims=(1,) tail_delta=0.1 tail_start=(6, 6, 6) returned_y=(1, 0, 6) returned_b=(0, 0, 1) returned_u=(0, 0, 0) returned_zcap=(1, 0, 6) max_tail_u=0",NA
120,P1_no_rho,192,1096.3036647000117,5.670046299928799,4.769799800007604,0.16270490002352744,0.01,84893.09384028456,84893.09384028456,-62569.21161900698,-40449.86580011325,0.0,-29275.27526260102,-71517.35181342368,-71517.33597007157,-49747.79075542815,-29275.27526260102,20472.51549282713,20670.19167668355,-31607.39171425532,35552.0,nan,nan,2.7750000000000004,10.0,1.5000000000000002,0.0,10.0,0.85,CORE,MAIN,2.2448084593919253,0.2640457681721726,0.6,0.174,-49747.79075542815,STRUCTURAL,-0.4651403912336843,-191880.57616045373,27600.0,0,0,0,0,0,0,0,inf,inf,NA,1,5,5,5,24,6,0,0,CONTINUE,0,A,1,1,0,KEEP_STRUCTURAL_IN_ON_CUT,2,3,0,0,"tail_cont_enabled=1 tail_active_dims=(1,) tail_delta=0.1 tail_start=(6, 6, 6) returned_y=(6, 0, 1) returned_b=(1, 0, 0) returned_u=(0, 0, 0) returned_zcap=(6, 0, 1) max_tail_u=0",NA
120,P1_no_rho,193,1100.6195792999351,5.670046299928799,4.3153194999322295,0.15381479996722192,0.01,89042.36140627516,89042.36140627516,-62569.21161900698,-39827.47566521466,0.0,-29275.27526260102,-74276.21487349804,-74276.19895447991,-49747.79075542815,-29275.27526260102,20472.51549282713,20670.19167668355,-38364.921377358216,38111.0,nan,nan,2.7750000000000004,10.0,1.5000000000000002,0.0,10.0,0.85,CORE,MAIN,2.244932405030829,0.24765555819718643,0.6,0.174,-49747.79075542815,STRUCTURAL,-0.49545904374450683,-191880.57616045373,27600.0,0,0,0,0,0,0,0,inf,inf,NA,1,5,5,5,24,6,0,0,CONTINUE,0,A,1,1,0,KEEP_STRUCTURAL_IN_ON_CUT,2,3,0,0,"tail_cont_enabled=1 tail_active_dims=(1,) tail_delta=0.1 tail_start=(6, 6, 6) returned_y=(6, 0, 1) returned_b=(1, 0, 0) returned_u=(0, 0, 0) returned_zcap=(6, 0, 1) max_tail_u=0",NA
120,P1_no_rho,194,1105.2827861999394,5.670046299928799,4.662700299988501,0.15882609994150698,0.01,111169.00960662744,111169.00960662744,-62569.21161900698,-36508.478435161815,0.0,-29275.27526260102,-78059.42090282666,-78059.40544046824,-49747.79075542815,-29275.27526260102,20472.51549282713,20670.19167668355,-38278.29467800813,41801.5,nan,nan,2.7750000000000004,10.0,1.5000000000000002,0.0,10.0,0.85,CORE,MAIN,2.244027546931682,0.2564448652839413,0.6,0.174,-49747.79075542815,STRUCTURAL,-0.5315524939822329,-191880.57616045373,27600.0,0,0,0,0,0,0,0,inf,inf,NA,1,5,5,5,24,6,0,0,CONTINUE,0,A,1,1,0,KEEP_STRUCTURAL_IN_ON_CUT,2,3,0,0,"tail_cont_enabled=1 tail_active_dims=(1,) tail_delta=0.1 tail_start=(6, 6, 6) returned_y=(2, 6, 0) returned_b=(0, 1, 0) returned_u=(0, 0, 0) returned_zcap=(2, 6, 0) max_tail_u=0",NA
120,P1_no_rho,195,1116.0741029999917,5.670046299928799,10.790921200066805,0.15352039993740618,0.01,115376.62524925637,115376.62524925637,-62569.21161900698,-35877.33608876748,0.0,-29275.27526260102,-82006.40300116199,-82006.38765384624,-49747.79075542815,-29275.27526260102,20472.51549282713,20670.19167668355,-37316.29004819851,44156.0,nan,nan,2.7750000000000004,10.0,1.5000000000000002,0.0,10.0,0.85,CORE,MAIN,2.2403016341613764,0.23955661317664623,0.6,0.174,-49747.79075542815,STRUCTURAL,-0.5505564601996431,-191880.57616045373,27600.0,0,0,0,0,0,0,0,inf,inf,NA,1,5,5,5,24,6,0,0,CONTINUE,0,A,1,1,0,KEEP_STRUCTURAL_IN_ON_CUT,2,3,0,0,"tail_cont_enabled=1 tail_active_dims=(1,) tail_delta=0.1 tail_start=(6, 6, 6) returned_y=(2, 6, 0) returned_b=(0, 1, 0) returned_u=(0, 0, 0) returned_zcap=(2, 6, 0) max_tail_u=0",NA
120,P1_no_rho,196,1120.7080242999364,5.670046299928799,4.63321429991629,0.17942249996121973,0.01,113495.064579686,113495.064579686,-62569.21161900698,-36159.570189203034,0.0,-29275.27526260102,-72123.44045524248,-72123.42391534883,-49747.79075542815,-29275.27526260102,20472.51549282713,20670.19167668355,-28773.469746789175,34822.5,nan,nan,2.7750000000000004,10.0,1.5000000000000002,0.0,10.0,0.85,CORE,MAIN,2.2396821873334396,0.26497704163339786,0.6,0.174,-49747.79075542815,STRUCTURAL,-0.44888668732126547,-191880.57616045373,27600.0,0,0,0,0,0,0,0,inf,inf,NA,1,5,5,5,24,6,0,0,CONTINUE,0,A,1,1,0,KEEP_STRUCTURAL_IN_ON_CUT,2,3,0,0,"tail_cont_enabled=1 tail_active_dims=(1,) tail_delta=0.1 tail_start=(6, 6, 6) returned_y=(6, 0, 1) returned_b=(1, 0, 0) returned_u=(0, 0, 0) returned_zcap=(6, 0, 1) max_tail_u=0",NA
120,P1_no_rho,197,1125.475526300026,5.670046299928799,4.767021500039846,0.15756119997240603,0.01,82866.82317542013,82866.82317542013,-62569.21161900698,-40753.80639984291,0.0,-29275.27526260102,-73315.23836288098,-73315.22242326179,-49747.79075542815,-29275.27526260102,20472.51549282713,20670.19167668355,-33058.958456644985,36794.5,nan,nan,2.7750000000000004,10.0,1.5000000000000002,0.0,10.0,0.85,CORE,MAIN,2.2410902501905503,0.25837251186704835,0.6,0.174,-49747.79075542815,STRUCTURAL,-0.46997780974954906,-191880.57616045373,27600.0,0,0,0,0,0,0,0,inf,inf,NA,1,5,5,5,24,6,0,0,CONTINUE,0,A,1,1,0,KEEP_STRUCTURAL_IN_ON_CUT,2,3,0,0,"tail_cont_enabled=1 tail_active_dims=(1,) tail_delta=0.1 tail_start=(6, 6, 6) returned_y=(6, 0, 1) returned_b=(1, 0, 0) returned_u=(0, 0, 0) returned_zcap=(6, 0, 1) max_tail_u=0",NA
120,P1_no_rho,198,1129.165625500027,5.670046299928799,3.689617400057614,0.1513925000326708,0.01,97847.58425463425,97847.58425463425,-62569.21161900698,-38506.69223796079,0.0,-29275.27526260102,-72381.1926064131,-72381.17645423044,-49747.79075542815,-29275.27526260102,20472.51549282713,20670.19167668355,-29301.714961986232,35833.0,nan,nan,2.7750000000000004,10.0,1.5000000000000002,0.0,10.0,0.85,CORE,MAIN,2.2433601367966474,0.27775425187382385,0.6,0.174,-49747.79075542815,STRUCTURAL,-0.4393147019812626,-191880.57616045373,27600.0,0,0,0,0,0,0,0,inf,inf,NA,1,5,5,5,24,6,0,0,CONTINUE,0,A,1,1,0,KEEP_STRUCTURAL_IN_ON_CUT,2,3,0,0,"tail_cont_enabled=1 tail_active_dims=(1,) tail_delta=0.1 tail_start=(6, 6, 6) returned_y=(6, 0, 1) returned_b=(1, 0, 0) returned_u=(0, 0, 0) returned_zcap=(6, 0, 1) max_tail_u=0",NA
120,P1_no_rho,199,1133.544458599994,5.670046299928799,4.37817919999361,0.1651599999750033,0.01,100443.6175317321,100443.6175317321,-62569.21161900698,-38117.28724639612,0.0,-29275.27526260102,-71796.2980526429,-71796.2821421996,-49747.79075542815,-29275.27526260102,20472.51549282713,20670.19167668355,-31428.160427907347,35648.0,nan,nan,2.7750000000000004,10.0,1.5000000000000002,0.0,10.0,0.85,CORE,MAIN,2.2452664002186897,0.26964443331154264,0.6,0.174,-49747.79075542815,STRUCTURAL,-0.46777728871904356,-191880.57616045373,27600.0,0,0,0,0,0,0,0,inf,inf,NA,1,5,5,5,24,6,0,0,CONTINUE,0,A,1,1,0,KEEP_STRUCTURAL_IN_ON_CUT,2,3,0,0,"tail_cont_enabled=1 tail_active_dims=(1,) tail_delta=0.1 tail_start=(6, 6, 6) returned_y=(6, 0, 1) returned_b=(1, 0, 0) returned_u=(0, 0, 0) returned_zcap=(6, 0, 1) max_tail_u=0",NA
120,P1_no_rho,200,1144.8482643000316,5.670046299928799,11.30311039998196,0.16912320000119507,0.01,89412.52937316251,89412.52937316251,-62569.21161900698,-39771.95047018155,0.0,-29275.27526260102,-73747.85558785492,-73747.83983801625,-49747.79075542815,-29275.27526260102,20472.51549282713,20670.19167668355,-37162.7521404437,37728.0,nan,nan,2.7750000000000004,10.0,1.5000000000000002,0.0,10.0,0.85,CORE,MAIN,2.2467131822990862,0.2595736231473236,0.6,0.174,-49747.79075542815,STRUCTURAL,-0.5002050661208927,-191880.57616045373,27600.0,0,0,0,0,0,0,0,inf,inf,NA,1,5,5,5,24,6,0,0,CONTINUE,0,A,1,1,0,KEEP_STRUCTURAL_IN_ON_CUT,2,3,0,0,"tail_cont_enabled=1 tail_active_dims=(1,) tail_delta=0.1 tail_start=(6, 6, 6) returned_y=(6, 0, 1) returned_b=(1, 0, 0) returned_u=(0, 0, 0) returned_zcap=(6, 0, 1) max_tail_u=0",NA
120,P1_no_rho,201,1148.896083300002,5.670046299928799,4.047212100005709,0.1522778000216931,0.01,95889.04424320231,95889.04424320231,-62569.21161900698,-38800.473239675586,0.0,-29275.27526260102,-77338.29849357,-77338.28278809498,-49747.79075542815,-29275.27526260102,20472.51549282713,20670.19167668355,-36918.06563658008,41250.0,nan,nan,2.7750000000000004,10.0,1.5000000000000002,0.0,10.0,0.85,CORE,MAIN,2.246920032130803,0.2710072626278379,0.6,0.174,-49747.79075542815,STRUCTURAL,-0.5150612119064999,-191880.57616045373,27600.0,0,0,0,0,0,0,0,inf,inf,NA,1,5,5,5,24,6,0,0,CONTINUE,0,A,1,1,0,KEEP_STRUCTURAL_IN_ON_CUT,2,3,0,0,"tail_cont_enabled=1 tail_active_dims=(1,) tail_delta=0.1 tail_start=(6, 6, 6) returned_y=(0, 6, 2) returned_b=(0, 1, 0) returned_u=(0, 0, 0) returned_zcap=(0, 6, 2) max_tail_u=0",NA
120,P1_no_rho,202,1153.8106228000252,5.670046299928799,4.9139148000394925,0.15146720001939684,0.01,117983.32083643242,117983.32083643242,-62569.21161900698,-35486.33175069107,0.0,-29275.27526260102,-87538.26781907979,-87538.25261359054,-49747.79075542815,-29275.27526260102,20472.51549282713,20670.19167668355,-41321.39836014848,49692.0,nan,nan,2.7750000000000004,10.0,1.5000000000000002,0.0,10.0,0.85,CORE,MAIN,2.2420782264302104,0.2495671062430278,0.6,0.174,-49747.79075542815,STRUCTURAL,-0.5756363498433149,-191880.57616045373,27600.0,0,0,0,0,0,0,0,inf,inf,NA,1,5,5,5,24,6,0,0,CONTINUE,0,A,1,1,0,KEEP_STRUCTURAL_IN_ON_CUT,2,3,0,0,"tail_cont_enabled=1 tail_active_dims=(1,) tail_delta=0.1 tail_start=(6, 6, 6) returned_y=(0, 6, 2) returned_b=(0, 1, 0) returned_u=(0, 0, 0) returned_zcap=(0, 6, 2) max_tail_u=0",NA
120,P1_no_rho,203,1158.47537869995,5.670046299928799,4.6641840999946,0.1881699999794364,0.01,108253.14372973287,108253.14372973287,-62569.21161900698,-36945.858316696,0.0,-29275.27526260102,-71463.62490533113,-71463.60880796275,-49747.79075542815,-29275.27526260102,20472.51549282713,20670.19167668355,-31021.19785263863,37027.5,nan,nan,2.7750000000000004,10.0,1.5000000000000002,0.0,10.0,0.85,CORE,MAIN,2.2412882723905168,0.2463088546255805,0.6,0.174,-49747.79075542815,STRUCTURAL,-0.43047097317627603,-191880.57616045373,27600.0,0,0,0,0,0,0,0,inf,inf,NA,1,5,5,5,24,6,0,0,CONTINUE,0,A,1,1,0,KEEP_STRUCTURAL_IN_ON_CUT,2,3,0,0,"tail_cont_enabled=1 tail_active_dims=(1,) tail_delta=0.1 tail_start=(6, 6, 6) returned_y=(1, 0, 6) returned_b=(0, 0, 1) returned_u=(0, 0, 0) returned_zcap=(1, 0, 6) max_tail_u=0",NA
120,P1_no_rho,204,1162.1049725000048,5.670046299928799,3.6291091000894085,0.15821900009177625,0.01,90182.9673649975,90182.9673649975,-62569.21161900698,-39656.38477140631,0.0,-29275.27526260102,-72291.82382745587,-72291.80814856713,-49747.79075542815,-29275.27526260102,20472.51549282713,20670.19167668355,-35872.21251941409,39063.0,nan,nan,2.7750000000000004,10.0,1.5000000000000002,0.0,10.0,0.85,CORE,MAIN,2.241854307511031,0.2683818818773768,0.6,0.174,-49747.79075542815,STRUCTURAL,-0.4494955410567436,-191880.57616045373,27600.0,0,0,0,0,0,0,0,inf,inf,NA,1,5,5,5,24,6,0,0,CONTINUE,0,A,1,1,0,KEEP_STRUCTURAL_IN_ON_CUT,2,3,0,0,"tail_cont_enabled=1 tail_active_dims=(1,) tail_delta=0.1 tail_start=(6, 6, 6) returned_y=(1, 0, 6) returned_b=(0, 0, 1) returned_u=(0, 0, 0) returned_zcap=(1, 0, 6) max_tail_u=0",NA
120,P1_no_rho,205,1171.8317251999397,5.670046299928799,9.726054699975066,0.14868870005011559,0.01,100981.82740107956,100981.82740107956,-62569.21161900698,-38036.555765993995,0.0,-29275.27526260102,-70790.70334442584,-70790.68753115417,-49747.79075542815,-29275.27526260102,20472.51549282713,20670.19167668355,-30673.508002129918,37658.5,nan,nan,2.7750000000000004,10.0,1.5000000000000002,0.0,10.0,0.85,CORE,MAIN,2.242565115900937,0.2634522096945837,0.6,0.174,-49747.79075542815,STRUCTURAL,-0.40395744204443507,-191880.57616045373,27600.0,0,0,0,0,0,0,0,inf,inf,NA,1,5,5,5,24,6,0,0,CONTINUE,0,A,1,1,0,KEEP_STRUCTURAL_IN_ON_CUT,2,3,0,0,"tail_cont_enabled=1 tail_active_dims=(1,) tail_delta=0.1 tail_start=(6, 6, 6) returned_y=(1, 0, 6) returned_b=(0, 0, 1) returned_u=(0, 0, 0) returned_zcap=(1, 0, 6) max_tail_u=0",NA
120,P1_no_rho,206,1176.5670406999998,5.670046299928799,4.734656700049527,0.14998540002852678,0.01,98570.5608506634,98570.5608506634,-62569.21161900698,-38398.24574855642,0.0,-29275.27526260102,-70916.60177241615,-70916.58570895143,-49747.79075542815,-29275.27526260102,20472.51549282713,20670.19167668355,-29138.735809854566,36287.5,nan,nan,2.7750000000000004,10.0,1.5000000000000002,0.0,10.0,0.85,CORE,MAIN,2.243993225464758,0.24156483790585526,0.6,0.174,-49747.79075542815,STRUCTURAL,-0.4187195018174298,-191880.57616045373,27600.0,0,0,0,0,0,0,0,inf,inf,NA,1,5,5,5,24,6,0,0,CONTINUE,0,A,1,1,0,KEEP_STRUCTURAL_IN_ON_CUT,2,3,0,0,"tail_cont_enabled=1 tail_active_dims=(1,) tail_delta=0.1 tail_start=(6, 6, 6) returned_y=(1, 0, 6) returned_b=(0, 0, 1) returned_u=(0, 0, 0) returned_zcap=(1, 0, 6) max_tail_u=0",NA
120,P1_no_rho,207,1181.264376899926,5.670046299928799,4.69681639992632,0.15030179999303073,0.01,85955.32798784507,85955.32798784507,-62569.21161900698,-40290.53067797917,0.0,-29275.27526260102,-74095.65759317116,-74095.64191685704,-49747.79075542815,-29275.27526260102,20472.51549282713,20670.19167668355,-39717.06848260148,40659.5,nan,nan,2.7750000000000004,10.0,1.5000000000000002,0.0,10.0,0.85,CORE,MAIN,2.2447143955406323,0.25178475594898586,0.6,0.174,-49747.79075542815,STRUCTURAL,-0.4805547778448089,-191880.57616045373,27600.0,0,0,0,0,0,0,0,inf,inf,NA,1,5,5,5,24,6,0,0,CONTINUE,0,A,1,1,0,KEEP_STRUCTURAL_IN_ON_CUT,2,3,0,0,"tail_cont_enabled=1 tail_active_dims=(1,) tail_delta=0.1 tail_start=(6, 6, 6) returned_y=(1, 0, 6) returned_b=(0, 0, 1) returned_u=(0, 0, 0) returned_zcap=(1, 0, 6) max_tail_u=0",NA
120,P1_no_rho,208,1185.1835539999884,5.670046299928799,3.918672400061041,0.15580750000663102,0.01,103663.5765725764,103663.5765725764,-62569.21161900698,-37634.29339026947,0.0,-29275.27526260102,-74388.30972239946,-74388.29399676272,-49747.79075542815,-29275.27526260102,20472.51549282713,20670.19167668355,-37075.32428933827,38944.5,nan,nan,2.7750000000000004,10.0,1.5000000000000002,0.0,10.0,0.85,CORE,MAIN,2.2460063714209735,0.26714649056651374,0.6,0.174,-49747.79075542815,STRUCTURAL,-0.4907134902206901,-191880.57616045373,27600.0,0,0,0,0,0,0,0,inf,inf,NA,1,5,5,5,24,6,0,0,CONTINUE,0,A,1,1,0,KEEP_STRUCTURAL_IN_ON_CUT,2,3,0,0,"tail_cont_enabled=1 tail_active_dims=(1,) tail_delta=0.1 tail_start=(6, 6, 6) returned_y=(0, 6, 2) returned_b=(0, 1, 0) returned_u=(0, 0, 0) returned_zcap=(0, 6, 2) max_tail_u=0",NA
120,P1_no_rho,209,1189.9021314999554,5.670046299928799,4.71803380001802,0.16009219991974533,0.01,82333.29147978661,82333.29147978661,-62569.21161900698,-40833.83615418794,0.0,-29275.27526260102,-77514.07457900267,-77514.05926342057,-49747.79075542815,-29275.27526260102,20472.51549282713,20670.19167668355,-34336.26205885718,41819.5,nan,nan,2.7750000000000004,10.0,1.5000000000000002,0.0,10.0,0.85,CORE,MAIN,2.244994794378225,0.2446054661313577,0.6,0.174,-49747.79075542815,STRUCTURAL,-0.4873554623979339,-191880.57616045373,27600.0,0,0,0,0,0,0,0,inf,inf,NA,1,5,5,5,24,6,0,0,CONTINUE,0,A,1,1,0,KEEP_STRUCTURAL_IN_ON_CUT,2,3,0,0,"tail_cont_enabled=1 tail_active_dims=(1,) tail_delta=0.1 tail_start=(6, 6, 6) returned_y=(0, 6, 2) returned_b=(0, 1, 0) returned_u=(0, 0, 0) returned_zcap=(0, 6, 2) max_tail_u=0",NA
120,P1_no_rho,210,1200.524548199959,5.670046299928799,10.621974300011061,0.14898219995666295,0.01,101945.68485372247,101945.68485372247,-62569.21161900698,-37891.97714809756,0.0,-29275.27526260102,-71705.96281582449,-71705.94707987121,-49747.79075542815,-29275.27526260102,20472.51549282713,20670.19167668355,-34219.46209408101,36313.0,nan,nan,2.7750000000000004,10.0,1.5000000000000002,0.0,10.0,0.85,CORE,MAIN,2.2454148953520825,0.26601766297415996,0.6,0.174,-49747.79075542815,STRUCTURAL,-0.4738321630058015,-191880.57616045373,27600.0,0,0,0,0,0,0,0,inf,inf,NA,1,5,5,5,24,6,0,0,CONTINUE,0,A,1,1,0,KEEP_STRUCTURAL_IN_ON_CUT,2,3,0,0,"tail_cont_enabled=1 tail_active_dims=(1,) tail_delta=0.1 tail_start=(6, 6, 6) returned_y=(6, 0, 1) returned_b=(1, 0, 0) returned_u=(0, 0, 0) returned_zcap=(6, 0, 1) max_tail_u=0",NA
120,P1_no_rho,211,1204.8034216000233,5.670046299928799,4.278377500013448,0.15850519994273782,0.01,88750.82417564446,88750.82417564446,-62569.21161900698,-39871.206249809264,0.0,-29275.27526260102,-72324.28452923415,-72324.26891105203,-49747.79075542815,-29275.27526260102,20472.51549282713,20670.19167668355,-36937.19376057157,37548.0,nan,nan,2.7750000000000004,10.0,1.5000000000000002,0.0,10.0,0.85,CORE,MAIN,2.246032386187149,0.25189599339963054,0.6,0.174,-49747.79075542815,STRUCTURAL,-0.4838972185412202,-191880.57616045373,27600.0,0,0,0,0,0,0,0,inf,inf,NA,1,5,5,5,24,6,0,0,CONTINUE,0,A,1,1,0,KEEP_STRUCTURAL_IN_ON_CUT,2,3,0,0,"tail_cont_enabled=1 tail_active_dims=(1,) tail_delta=0.1 tail_start=(6, 6, 6) returned_y=(6, 0, 1) returned_b=(1, 0, 0) returned_u=(0, 0, 0) returned_zcap=(6, 0, 1) max_tail_u=0",NA
120,P1_no_rho,212,1209.3448741999455,5.670046299928799,4.540854900027625,0.15031210007146,0.01,96830.95573597844,96830.95573597844,-62569.21161900698,-38659.18651575917,0.0,-29275.27526260102,-72389.92211471366,-72389.90600661677,-49747.79075542815,-29275.27526260102,20472.51549282713,20670.19167668355,-32998.75147204621,36649.0,nan,nan,2.7750000000000004,10.0,1.5000000000000002,0.0,10.0,0.85,CORE,MAIN,2.24752243036417,0.2574539707354626,0.6,0.174,-49747.79075542815,STRUCTURAL,-0.4576411357578321,-191880.57616045373,27600.0,0,0,0,0,0,0,0,inf,inf,NA,1,5,5,5,24,6,0,0,CONTINUE,0,A,1,1,0,KEEP_STRUCTURAL_IN_ON_CUT,2,3,0,0,"tail_cont_enabled=1 tail_active_dims=(1,) tail_delta=0.1 tail_start=(6, 6, 6) returned_y=(6, 0, 1) returned_b=(1, 0, 0) returned_u=(0, 0, 0) returned_zcap=(6, 0, 1) max_tail_u=0",NA
120,P1_no_rho,213,1214.241043600021,5.670046299928799,4.895588100072928,0.14631049998570234,0.01,124673.99542885376,124673.99542885376,-62569.21161900698,-34482.73056182787,0.0,-29275.27526260102,-71755.68414981636,-71755.66781505648,-49747.79075542815,-29275.27526260102,20472.51549282713,20670.19167668355,-29421.019511747414,34932.5,nan,nan,2.7750000000000004,10.0,1.5000000000000002,0.0,10.0,0.85,CORE,MAIN,2.249076344883746,0.26120563237013084,0.6,0.174,-49747.79075542815,STRUCTURAL,-0.45254046289600686,-191880.57616045373,27600.0,0,0,0,0,0,0,0,inf,inf,NA,1,5,5,5,24,6,0,0,CONTINUE,0,A,1,1,0,KEEP_STRUCTURAL_IN_ON_CUT,2,3,0,0,"tail_cont_enabled=1 tail_active_dims=(1,) tail_delta=0.1 tail_start=(6, 6, 6) returned_y=(6, 0, 1) returned_b=(1, 0, 0) returned_u=(0, 0, 0) returned_zcap=(6, 0, 1) max_tail_u=0",NA
120,P1_no_rho,214,1217.8451620999258,5.670046299928799,3.6034589000046253,0.16081669996492565,0.01,83604.2784829137,83604.2784829137,-62569.21161900698,-40643.18810371888,0.0,-29275.27526260102,-72528.48247606689,-72528.46665953285,-49747.79075542815,-29275.27526260102,20472.51549282713,20670.19167668355,-35566.07481593613,38622.0,nan,nan,2.7750000000000004,10.0,1.5000000000000002,0.0,10.0,0.85,CORE,MAIN,2.2502440183035697,0.22873258144669606,0.6,0.174,-49747.79075542815,STRUCTURAL,-0.45780301774934806,-191880.57616045373,27600.0,0,0,0,0,0,0,0,inf,inf,NA,1,5,5,5,24,6,0,0,CONTINUE,0,A,1,1,0,KEEP_STRUCTURAL_IN_ON_CUT,2,3,0,0,"tail_cont_enabled=1 tail_active_dims=(1,) tail_delta=0.1 tail_start=(6, 6, 6) returned_y=(1, 0, 6) returned_b=(0, 0, 1) returned_u=(0, 0, 0) returned_zcap=(1, 0, 6) max_tail_u=0",NA
120,P1_no_rho,215,1227.737854499952,5.670046299928799,9.892256499966606,0.15008679998572916,0.01,92839.89967499314,92839.89967499314,-62569.21161900698,-39257.84492490696,0.0,-29275.27526260102,-75138.97077460242,-75138.95469868073,-49747.79075542815,-29275.27526260102,20472.51549282713,20670.19167668355,-34032.82636202086,37734.5,nan,nan,2.7750000000000004,10.0,1.5000000000000002,0.0,10.0,0.85,CORE,MAIN,2.250451222084463,0.23194198026523916,0.6,0.174,-49747.79075542815,STRUCTURAL,-0.4910513899839929,-191880.57616045373,27600.0,0,0,0,0,0,0,0,inf,inf,NA,1,5,5,5,24,6,0,0,CONTINUE,0,A,1,1,0,KEEP_STRUCTURAL_IN_ON_CUT,2,3,0,0,"tail_cont_enabled=1 tail_active_dims=(1,) tail_delta=0.1 tail_start=(6, 6, 6) returned_y=(2, 6, 0) returned_b=(0, 1, 0) returned_u=(0, 0, 0) returned_zcap=(2, 6, 0) max_tail_u=0",NA
120,P1_no_rho,216,1232.4288647000212,5.670046299928799,4.690399400074966,0.1508290000492707,0.01,122412.14406941575,122412.14406941575,-62569.21161900698,-34822.00826574357,0.0,-29275.27526260102,-84269.48492676705,-84269.4695825055,-49747.79075542815,-29275.27526260102,20472.51549282713,20670.19167668355,-37707.10154703239,46122.0,nan,nan,2.7750000000000004,10.0,1.5000000000000002,0.0,10.0,0.85,CORE,MAIN,2.246435102020775,0.22172390910759643,0.6,0.174,-49747.79075542815,STRUCTURAL,-0.5652101383695625,-191880.57616045373,27600.0,0,0,0,0,0,0,0,inf,inf,NA,1,5,5,5,24,6,0,0,CONTINUE,0,A,1,1,0,KEEP_STRUCTURAL_IN_ON_CUT,2,3,0,0,"tail_cont_enabled=1 tail_active_dims=(1,) tail_delta=0.1 tail_start=(6, 6, 6) returned_y=(2, 6, 0) returned_b=(0, 1, 0) returned_u=(0, 0, 0) returned_zcap=(2, 6, 0) max_tail_u=0",NA
120,P1_no_rho,217,1237.4709000999574,5.670046299928799,5.041404800023884,0.1475569000467658,0.01,100316.74931299058,100316.74931299058,-62569.21161900698,-38136.31747920735,0.0,-29275.27526260102,-71598.90161520445,-71598.88582556914,-49747.79075542815,-29275.27526260102,20472.51549282713,20670.19167668355,-33737.965340027025,38054.5,nan,nan,2.7750000000000004,10.0,1.5000000000000002,0.0,10.0,0.85,CORE,MAIN,2.2456274658128508,0.2534768937584537,0.6,0.174,-49747.79075542815,STRUCTURAL,-0.4433273503785223,-191880.57616045373,27600.0,0,0,0,0,0,0,0,inf,inf,NA,1,5,5,5,24,6,0,0,CONTINUE,0,A,1,1,0,KEEP_STRUCTURAL_IN_ON_CUT,2,3,0,0,"tail_cont_enabled=1 tail_active_dims=(1,) tail_delta=0.1 tail_start=(6, 6, 6) returned_y=(1, 0, 6) returned_b=(0, 0, 1) returned_u=(0, 0, 0) returned_zcap=(1, 0, 6) max_tail_u=0",NA
120,P1_no_rho,218,1241.7868643000256,5.670046299928799,4.315426200046204,0.1591962999664247,0.01,86870.46864338013,86870.46864338013,-62569.21161900698,-40153.25957964891,0.0,-29275.27526260102,-70979.4526672493,-70979.43757180344,-49747.79075542815,-29275.27526260102,20472.51549282713,20670.19167668355,-35641.11069605685,38971.0,nan,nan,2.7750000000000004,10.0,1.5000000000000002,0.0,10.0,0.85,CORE,MAIN,2.2456080457070238,0.256266414551235,0.6,0.174,-49747.79075542815,STRUCTURAL,-0.44968469048692467,-191880.57616045373,27600.0,0,0,0,0,0,0,0,inf,inf,NA,1,5,5,5,24,6,0,0,CONTINUE,0,A,1,1,0,KEEP_STRUCTURAL_IN_ON_CUT,2,3,0,0,"tail_cont_enabled=1 tail_active_dims=(1,) tail_delta=0.1 tail_start=(6, 6, 6) returned_y=(1, 0, 6) returned_b=(0, 0, 1) returned_u=(0, 0, 0) returned_zcap=(1, 0, 6) max_tail_u=0",NA
120,P1_no_rho,219,1245.3199918000028,5.670046299928799,3.532648100052029,0.15198640001472086,0.01,93626.96937877231,93626.96937877231,-62569.21161900698,-39139.784469340084,0.0,-29275.27526260102,-70982.57077136108,-70982.55494811066,-49747.79075542815,-29275.27526260102,20472.51549282713,20670.19167668355,-30620.01393464953,37719.5,nan,nan,2.7750000000000004,10.0,1.5000000000000002,0.0,10.0,0.85,CORE,MAIN,2.246373697289268,0.2655879348047294,0.6,0.174,-49747.79075542815,STRUCTURAL,-0.40797706336819534,-191880.57616045373,27600.0,0,0,0,0,0,0,0,inf,inf,NA,1,5,5,5,24,6,0,0,CONTINUE,0,A,1,1,0,KEEP_STRUCTURAL_IN_ON_CUT,2,3,0,0,"tail_cont_enabled=1 tail_active_dims=(1,) tail_delta=0.1 tail_start=(6, 6, 6) returned_y=(1, 0, 6) returned_b=(0, 0, 1) returned_u=(0, 0, 0) returned_zcap=(1, 0, 6) max_tail_u=0",NA
120,P1_no_rho,220,1255.7856289999327,5.670046299928799,10.465023999917321,0.15124640008434653,0.01,103710.55872436862,103710.55872436862,-62569.21161900698,-37627.246067500644,0.0,-29275.27526260102,-71593.50646940546,-71593.49017394547,-49747.79075542815,-29275.27526260102,20472.51549282713,20670.19167668355,-29438.449542333445,36486.0,nan,nan,2.7750000000000004,10.0,1.5000000000000002,0.0,10.0,0.85,CORE,MAIN,2.2472383814224806,0.2544851310964882,0.6,0.174,-49747.79075542815,STRUCTURAL,-0.42437540157613723,-191880.57616045373,27600.0,0,0,0,0,0,0,0,inf,inf,NA,1,5,5,5,24,6,0,0,CONTINUE,0,A,1,1,0,KEEP_STRUCTURAL_IN_ON_CUT,2,3,0,0,"tail_cont_enabled=1 tail_active_dims=(1,) tail_delta=0.1 tail_start=(6, 6, 6) returned_y=(1, 0, 6) returned_b=(0, 0, 1) returned_u=(0, 0, 0) returned_zcap=(1, 0, 6) max_tail_u=0",NA
120,P1_no_rho,221,1260.340734599973,5.670046299928799,4.554461400024593,0.16348769993055612,0.01,92396.81694479816,92396.81694479816,-62569.21161900698,-39324.307334436206,0.0,-29275.27526260102,-72017.36100547794,-72017.34529919627,-49747.79075542815,-29275.27526260102,20472.51549282713,20670.19167668355,-34595.4959203367,38171.0,nan,nan,2.7750000000000004,10.0,1.5000000000000002,0.0,10.0,0.85,CORE,MAIN,2.248189368790369,0.25991280117573967,0.6,0.174,-49747.79075542815,STRUCTURAL,-0.448348885297823,-191880.57616045373,27600.0,0,0,0,0,0,0,0,inf,inf,NA,1,5,5,5,24,6,0,0,CONTINUE,0,A,1,1,0,KEEP_STRUCTURAL_IN_ON_CUT,2,3,0,0,"tail_cont_enabled=1 tail_active_dims=(1,) tail_delta=0.1 tail_start=(6, 6, 6) returned_y=(1, 0, 6) returned_b=(0, 0, 1) returned_u=(0, 0, 0) returned_zcap=(1, 0, 6) max_tail_u=0",NA
120,P1_no_rho,222,1264.480717999977,5.670046299928799,4.139428299968131,0.15452079998794943,0.01,100577.39167505233,100577.39167505233,-62569.21161900698,-38097.22112489808,0.0,-29275.27526260102,-74740.09332538169,-74740.07763888576,-49747.79075542815,-29275.27526260102,20472.51549282713,20670.19167668355,-40202.93117181281,40743.0,nan,nan,2.7750000000000004,10.0,1.5000000000000002,0.0,10.0,0.85,CORE,MAIN,2.2489202616826285,0.2450389871737939,0.6,0.174,-49747.79075542815,STRUCTURAL,-0.4878107339745632,-191880.57616045373,27600.0,0,0,0,0,0,0,0,inf,inf,NA,1,5,5,5,24,6,0,0,CONTINUE,0,A,1,1,0,KEEP_STRUCTURAL_IN_ON_CUT,2,3,0,0,"tail_cont_enabled=1 tail_active_dims=(1,) tail_delta=0.1 tail_start=(6, 6, 6) returned_y=(1, 0, 6) returned_b=(0, 0, 1) returned_u=(0, 0, 0) returned_zcap=(1, 0, 6) max_tail_u=0",NA
120,P1_no_rho,223,1269.0427216999233,5.670046299928799,4.561652399948798,0.14793610002379864,0.01,87042.47294836568,87042.47294836568,-62569.21161900698,-40127.45893390108,0.0,-29275.27526260102,-82941.4148231545,-82941.3996208683,-49747.79075542815,-29275.27526260102,20472.51549282713,20670.19167668355,-41642.14362907715,46130.5,nan,nan,2.7750000000000004,10.0,1.5000000000000002,0.0,10.0,0.85,CORE,MAIN,2.245472458433907,0.23792506094639743,0.6,0.174,-49747.79075542815,STRUCTURAL,-0.5632086677884741,-191880.57616045373,27600.0,0,0,0,0,0,0,0,inf,inf,NA,1,5,5,5,24,6,0,0,CONTINUE,0,A,1,1,0,KEEP_STRUCTURAL_IN_ON_CUT,2,3,0,0,"tail_cont_enabled=1 tail_active_dims=(1,) tail_delta=0.1 tail_start=(6, 6, 6) returned_y=(2, 6, 0) returned_b=(0, 1, 0) returned_u=(0, 0, 0) returned_zcap=(2, 6, 0) max_tail_u=0",NA
120,P1_no_rho,224,1274.2374056000262,5.670046299928799,5.194215000024997,0.1653968000318855,0.01,99099.21986109913,99099.21986109913,-62569.21161900698,-38318.94689699107,0.0,-29275.27526260102,-71940.25996899874,-71940.24393789905,-49747.79075542815,-29275.27526260102,20472.51549282713,20670.19167668355,-32783.856944029445,36147.5,nan,nan,2.7750000000000004,10.0,1.5000000000000002,0.0,10.0,0.85,CORE,MAIN,2.2447062330376153,0.24348297463143043,0.6,0.174,-49747.79075542815,STRUCTURAL,-0.46149984371762787,-191880.57616045373,27600.0,0,0,0,0,0,0,0,inf,inf,NA,1,5,5,5,24,6,0,0,CONTINUE,0,A,1,1,0,KEEP_STRUCTURAL_IN_ON_CUT,2,3,0,0,"tail_cont_enabled=1 tail_active_dims=(1,) tail_delta=0.1 tail_start=(6, 6, 6) returned_y=(2, 6, 0) returned_b=(0, 1, 0) returned_u=(0, 0, 0) returned_zcap=(2, 6, 0) max_tail_u=0",NA
120,P1_no_rho,225,1284.5234952999745,5.670046299928799,10.285641300026327,0.15329980000387877,0.01,85918.3755643946,85918.3755643946,-62569.21161900698,-40296.07354149674,0.0,-29275.27526260102,-71315.79517429725,-71315.77962653103,-49747.79075542815,-29275.27526260102,20472.51549282713,20670.19167668355,-33497.657956539064,36232.5,nan,nan,2.7750000000000004,10.0,1.5000000000000002,0.0,10.0,0.85,CORE,MAIN,2.2456018934179744,0.267327725974726,0.6,0.174,-49747.79075542815,STRUCTURAL,-0.47025557092379705,-191880.57616045373,27600.0,0,0,0,0,0,0,0,inf,inf,NA,1,5,5,5,24,6,0,0,CONTINUE,0,A,1,1,0,KEEP_STRUCTURAL_IN_ON_CUT,2,3,0,0,"tail_cont_enabled=1 tail_active_dims=(1,) tail_delta=0.1 tail_start=(6, 6, 6) returned_y=(6, 0, 1) returned_b=(1, 0, 0) returned_u=(0, 0, 0) returned_zcap=(6, 0, 1) max_tail_u=0",NA
120,P1_no_rho,226,1288.5462640000042,5.670046299928799,4.022140000015497,0.15359190001618117,0.01,98129.19155885758,98129.19155885758,-62569.21161900698,-38464.45114232729,0.0,-29275.27526260102,-71795.71037649743,-71795.69424435249,-49747.79075542815,-29275.27526260102,20472.51549282713,20670.19167668355,-31051.4560239869,36045.5,nan,nan,2.7750000000000004,10.0,1.5000000000000002,0.0,10.0,0.85,CORE,MAIN,2.246609178177871,0.2614986975922642,0.6,0.174,-49747.79075542815,STRUCTURAL,-0.43795997625168465,-191880.57616045373,27600.0,0,0,0,0,0,0,0,inf,inf,NA,1,5,5,5,24,6,0,0,CONTINUE,0,A,1,1,0,KEEP_STRUCTURAL_IN_ON_CUT,2,3,0,0,"tail_cont_enabled=1 tail_active_dims=(1,) tail_delta=0.1 tail_start=(6, 6, 6) returned_y=(6, 0, 1) returned_b=(1, 0, 0) returned_u=(0, 0, 0) returned_zcap=(6, 0, 1) max_tail_u=0",NA
120,P1_no_rho,227,1293.4865400999552,5.670046299928799,4.939701800001785,0.1570696000708267,0.01,122319.919486613,122319.919486613,-62569.21161900698,-34835.84195316398,0.0,-29275.27526260102,-73061.83595252685,-73061.81998438004,-49747.79075542815,-29275.27526260102,20472.51549282713,20670.19167668355,-35099.717491490985,36953.0,nan,nan,2.7750000000000004,10.0,1.5000000000000002,0.0,10.0,0.85,CORE,MAIN,2.247087513742522,0.2780278687666333,0.6,0.174,-49747.79075542815,STRUCTURAL,-0.48696064471794476,-191880.57616045373,27600.0,0,0,0,0,0,0,0,inf,inf,NA,1,5,5,5,24,6,0,0,CONTINUE,0,A,1,1,0,KEEP_STRUCTURAL_IN_ON_CUT,2,3,0,0,"tail_cont_enabled=1 tail_active_dims=(1,) tail_delta=0.1 tail_start=(6, 6, 6) returned_y=(6, 0, 1) returned_b=(1, 0, 0) returned_u=(0, 0, 0) returned_zcap=(6, 0, 1) max_tail_u=0",NA
120,P1_no_rho,228,1297.5732809000183,5.670046299928799,4.086177500081249,0.15267159999348223,0.01,102154.98309890408,102154.98309890408,-62569.21161900698,-37860.58241132032,0.0,-29275.27526260102,-71978.89880086452,-71978.8826378411,-49747.79075542815,-29275.27526260102,20472.51549282713,20670.19167668355,-31070.513155626137,37052.5,nan,nan,2.7750000000000004,10.0,1.5000000000000002,0.0,10.0,0.85,CORE,MAIN,2.248014071957889,0.2605339237258213,0.6,0.174,-49747.79075542815,STRUCTURAL,-0.43160716348777045,-191880.57616045373,27600.0,0,0,0,0,0,0,0,inf,inf,NA,1,5,5,5,24,6,0,0,CONTINUE,0,A,1,1,0,KEEP_STRUCTURAL_IN_ON_CUT,2,3,0,0,"tail_cont_enabled=1 tail_active_dims=(1,) tail_delta=0.1 tail_start=(6, 6, 6) returned_y=(1, 0, 6) returned_b=(0, 0, 1) returned_u=(0, 0, 0) returned_zcap=(1, 0, 6) max_tail_u=0",NA
120,P1_no_rho,229,1301.4773930999218,5.670046299928799,3.903553899959661,0.1503688000375405,0.01,92779.89625748528,92779.89625748528,-62569.21161900698,-39266.84543753314,0.0,-29275.27526260102,-73397.9965982397,-73397.9806701825,-49747.79075542815,-29275.27526260102,20472.51549282713,20670.19167668355,-35386.54968538946,39166.0,nan,nan,2.7750000000000004,10.0,1.5000000000000002,0.0,10.0,0.85,CORE,MAIN,2.249266681841506,0.24747546683003474,0.6,0.174,-49747.79075542815,STRUCTURAL,-0.45552976937016193,-191880.57616045373,27600.0,0,0,0,0,0,0,0,inf,inf,NA,1,5,5,5,24,6,0,0,CONTINUE,0,A,1,1,0,KEEP_STRUCTURAL_IN_ON_CUT,2,3,0,0,"tail_cont_enabled=1 tail_active_dims=(1,) tail_delta=0.1 tail_start=(6, 6, 6) returned_y=(1, 0, 6) returned_b=(0, 0, 1) returned_u=(0, 0, 0) returned_zcap=(1, 0, 6) max_tail_u=0",NA
120,P1_no_rho,230,1312.0973770000273,5.670046299928799,10.619519600062631,0.1533138999948278,0.01,74103.2149700632,74103.2149700632,-62569.21161900698,-42068.34763064645,0.0,-29275.27526260102,-70865.93729170173,-70865.92211842001,-49747.79075542815,-29275.27526260102,20472.51549282713,20670.19167668355,-35035.46493186647,38121.0,nan,nan,2.7750000000000004,10.0,1.5000000000000002,0.0,10.0,0.85,CORE,MAIN,2.250157875356609,0.2591770654410259,0.6,0.174,-49747.79075542815,STRUCTURAL,-0.45208804939242553,-191880.57616045373,27600.0,0,0,0,0,0,0,0,inf,inf,NA,1,5,5,5,24,6,0,0,CONTINUE,0,A,1,1,0,KEEP_STRUCTURAL_IN_ON_CUT,2,3,0,0,"tail_cont_enabled=1 tail_active_dims=(1,) tail_delta=0.1 tail_start=(6, 6, 6) returned_y=(1, 0, 6) returned_b=(0, 0, 1) returned_u=(0, 0, 0) returned_zcap=(1, 0, 6) max_tail_u=0",NA
120,P1_no_rho,231,1316.9601236999733,5.670046299928799,4.8621812999481335,0.15832899999804795,0.01,106878.53568809186,106878.53568809186,-62569.21161900698,-37152.04952294215,0.0,-29275.27526260102,-79813.50719078974,-79813.4915481058,-49747.79075542815,-29275.27526260102,20472.51549282713,20670.19167668355,-37212.05543270427,42275.5,nan,nan,2.7750000000000004,10.0,1.5000000000000002,0.0,10.0,0.85,CORE,MAIN,2.2475993874474383,0.2654550152422117,0.6,0.174,-49747.79075542815,STRUCTURAL,-0.5314333818927475,-191880.57616045373,27600.0,0,0,0,0,0,0,0,inf,inf,NA,1,5,5,5,24,6,0,0,CONTINUE,0,A,1,1,0,KEEP_STRUCTURAL_IN_ON_CUT,2,3,0,0,"tail_cont_enabled=1 tail_active_dims=(1,) tail_delta=0.1 tail_start=(6, 6, 6) returned_y=(2, 6, 0) returned_b=(0, 1, 0) returned_u=(0, 0, 0) returned_zcap=(2, 6, 0) max_tail_u=0",NA
120,P1_no_rho,232,1321.6358271000208,5.670046299928799,4.6752022000728175,0.15398419997654855,0.01,108275.90765900128,108275.90765900128,-62569.21161900698,-36942.44372730574,0.0,-29275.27526260102,-73732.11576079243,-73732.10001781219,-49747.79075542815,-29275.27526260102,20472.51549282713,20670.19167668355,-33339.82310309524,38001.5,nan,nan,2.7750000000000004,10.0,1.5000000000000002,0.0,10.0,0.85,CORE,MAIN,2.2462237341537126,0.24684545408901704,0.6,0.174,-49747.79075542815,STRUCTURAL,-0.48108681052177915,-191880.57616045373,27600.0,0,0,0,0,0,0,0,inf,inf,NA,1,5,5,5,24,6,0,0,CONTINUE,0,A,1,1,0,KEEP_STRUCTURAL_IN_ON_CUT,2,3,0,0,"tail_cont_enabled=1 tail_active_dims=(1,) tail_delta=0.1 tail_start=(6, 6, 6) returned_y=(2, 6, 0) returned_b=(0, 1, 0) returned_u=(0, 0, 0) returned_zcap=(2, 6, 0) max_tail_u=0",NA
120,P1_no_rho,233,1326.2066492999438,5.670046299928799,4.570426199934445,0.15286989999003708,0.01,98619.53212979907,98619.53212979907,-62569.21161900698,-38390.90005668607,0.0,-29275.27526260102,-71685.93149465049,-71685.91537393513,-49747.79075542815,-29275.27526260102,20472.51549282713,20670.19167668355,-31153.61243150878,35806.0,nan,nan,2.7750000000000004,10.0,1.5000000000000002,0.0,10.0,0.85,CORE,MAIN,2.2463161774878273,0.25533335001175833,0.6,0.174,-49747.79075542815,STRUCTURAL,-0.43773814769579,-191880.57616045373,27600.0,0,0,0,0,0,0,0,inf,inf,NA,1,5,5,5,24,6,0,0,CONTINUE,0,A,1,1,0,KEEP_STRUCTURAL_IN_ON_CUT,2,3,0,0,"tail_cont_enabled=1 tail_active_dims=(1,) tail_delta=0.1 tail_start=(6, 6, 6) returned_y=(6, 0, 1) returned_b=(1, 0, 0) returned_u=(0, 0, 0) returned_zcap=(6, 0, 1) max_tail_u=0",NA
120,P1_no_rho,234,1329.856662199949,5.670046299928799,3.6495067999931052,0.1563610000303015,0.01,92034.71304667469,92034.71304667469,-62569.21161900698,-39378.62291915473,0.0,-29275.27526260102,-71840.93836429183,-71840.92216489813,-49747.79075542815,-29275.27526260102,20472.51549282713,20670.19167668355,-30888.82141238462,35501.5,nan,nan,2.7750000000000004,10.0,1.5000000000000002,0.0,10.0,0.85,CORE,MAIN,2.2468105942444527,0.25194758231936887,0.6,0.174,-49747.79075542815,STRUCTURAL,-0.451599756036496,-191880.57616045373,27600.0,0,0,0,0,0,0,0,inf,inf,NA,1,5,5,5,24,6,0,0,CONTINUE,0,A,1,1,0,KEEP_STRUCTURAL_IN_ON_CUT,2,3,0,0,"tail_cont_enabled=1 tail_active_dims=(1,) tail_delta=0.1 tail_start=(6, 6, 6) returned_y=(6, 0, 1) returned_b=(1, 0, 0) returned_u=(0, 0, 0) returned_zcap=(6, 0, 1) max_tail_u=0",NA
120,P1_no_rho,235,1339.849542299984,5.670046299928799,9.992421500035562,0.15875830000732094,0.01,101195.09749620687,101195.09749620687,-62569.21161900698,-38004.565251724904,0.0,-29275.27526260102,-71432.74683693734,-71432.73081004887,-49747.79075542815,-29275.27526260102,20472.51549282713,20670.19167668355,-30807.141577709543,34894.0,nan,nan,2.7750000000000004,10.0,1.5000000000000002,0.0,10.0,0.85,CORE,MAIN,2.2477289923518136,0.24333003843940523,0.6,0.174,-49747.79075542815,STRUCTURAL,-0.4518420012344401,-191880.57616045373,27600.0,0,0,0,0,0,0,0,inf,inf,NA,1,5,5,5,24,6,0,0,CONTINUE,0,A,1,1,0,KEEP_STRUCTURAL_IN_ON_CUT,2,3,0,0,"tail_cont_enabled=1 tail_active_dims=(1,) tail_delta=0.1 tail_start=(6, 6, 6) returned_y=(6, 0, 1) returned_b=(1, 0, 0) returned_u=(0, 0, 0) returned_zcap=(6, 0, 1) max_tail_u=0",NA
120,P1_no_rho,236,1344.9019956999691,5.670046299928799,5.0520013000350446,0.1561585000017658,0.01,81799.55988209155,81799.55988209155,-62569.21161900698,-40913.8958938422,0.0,-29275.27526260102,-72355.1797817244,-72355.16413207358,-49747.79075542815,-29275.27526260102,20472.51549282713,20670.19167668355,-33579.93822443929,36671.0,nan,nan,2.7750000000000004,10.0,1.5000000000000002,0.0,10.0,0.85,CORE,MAIN,2.248876615705004,0.251599555470595,0.6,0.174,-49747.79075542815,STRUCTURAL,-0.4608337422744527,-191880.57616045373,27600.0,0,0,0,0,0,0,0,inf,inf,NA,1,5,5,5,24,6,0,0,CONTINUE,0,A,1,1,0,KEEP_STRUCTURAL_IN_ON_CUT,2,3,0,0,"tail_cont_enabled=1 tail_active_dims=(1,) tail_delta=0.1 tail_start=(6, 6, 6) returned_y=(6, 0, 1) returned_b=(1, 0, 0) returned_u=(0, 0, 0) returned_zcap=(6, 0, 1) max_tail_u=0",NA
120,P1_no_rho,237,1348.624198299949,5.670046299928799,3.721758499974385,0.15267870004754514,0.01,99607.64676132803,99607.64676132803,-62569.21161900698,-38242.682861956724,0.0,-29275.27526260102,-73179.6635535329,-73179.64788419026,-49747.79075542815,-29275.27526260102,20472.51549282713,20670.19167668355,-36983.35996978758,37866.0,nan,nan,2.7750000000000004,10.0,1.5000000000000002,0.0,10.0,0.85,CORE,MAIN,2.2500292944463585,0.2686463576819422,0.6,0.174,-49747.79075542815,STRUCTURAL,-0.49087698826844217,-191880.57616045373,27600.0,0,0,0,0,0,0,0,inf,inf,NA,1,5,5,5,24,6,0,0,CONTINUE,0,A,1,1,0,KEEP_STRUCTURAL_IN_ON_CUT,2,3,0,0,"tail_cont_enabled=1 tail_active_dims=(1,) tail_delta=0.1 tail_start=(6, 6, 6) returned_y=(6, 0, 1) returned_b=(1, 0, 0) returned_u=(0, 0, 0) returned_zcap=(6, 0, 1) max_tail_u=0",NA
120,P1_no_rho,238,1352.6658440999454,5.670046299928799,4.041065199999139,0.15720619994681329,0.01,86884.90138859666,86884.90138859666,-62569.21161900698,-40151.09466786643,0.0,-29275.27526260102,-72423.1831400511,-72423.16764337134,-49747.79075542815,-29275.27526260102,20472.51549282713,20670.19167668355,-36997.12139137557,38106.5,nan,nan,2.7750000000000004,10.0,1.5000000000000002,0.0,10.0,0.85,CORE,MAIN,2.2509521272300135,0.25014425788545513,0.6,0.174,-49747.79075542815,STRUCTURAL,-0.47945148769338924,-191880.57616045373,27600.0,0,0,0,0,0,0,0,inf,inf,NA,1,5,5,5,24,6,0,0,CONTINUE,0,A,1,1,0,KEEP_STRUCTURAL_IN_ON_CUT,2,3,0,0,"tail_cont_enabled=1 tail_active_dims=(1,) tail_delta=0.1 tail_start=(6, 6, 6) returned_y=(6, 0, 1) returned_b=(1, 0, 0) returned_u=(0, 0, 0) returned_zcap=(6, 0, 1) max_tail_u=0",NA
120,P1_no_rho,239,1357.3605238000164,5.670046299928799,4.694265600061044,0.15073219989426434,0.01,97066.80430509425,97066.80430509425,-62569.21161900698,-38623.809230391795,0.0,-29275.27526260102,-80435.80343999236,-80435.78823014788,-49747.79075542815,-29275.27526260102,20472.51549282713,20670.19167668355,-39249.29188562162,44334.5,nan,nan,2.7750000000000004,10.0,1.5000000000000002,0.0,10.0,0.85,CORE,MAIN,2.248409885078224,0.24520905462310782,0.6,0.174,-49747.79075542815,STRUCTURAL,-0.5501115127878375,-191880.57616045373,27600.0,0,0,0,0,0,0,0,inf,inf,NA,1,5,5,5,24,6,0,0,CONTINUE,0,A,1,1,0,KEEP_STRUCTURAL_IN_ON_CUT,2,3,0,0,"tail_cont_enabled=1 tail_active_dims=(1,) tail_delta=0.1 tail_start=(6, 6, 6) returned_y=(2, 6, 0) returned_b=(0, 1, 0) returned_u=(0, 0, 0) returned_zcap=(2, 6, 0) max_tail_u=0",NA
120,P1_no_rho,240,1367.6485505999299,5.670046299928799,10.28741250000894,0.15720970008987933,0.01,122259.4089766114,122259.4089766114,-62569.21161900698,-34844.918529664224,0.0,-29275.27526260102,-81908.33635413708,-81908.32108855904,-49747.79075542815,-29275.27526260102,20472.51549282713,20670.19167668355,-40123.64819311788,45145.0,nan,nan,2.7750000000000004,10.0,1.5000000000000002,0.0,10.0,0.85,CORE,MAIN,2.244043819571619,0.23709867797605932,0.6,0.174,-49747.79075542815,STRUCTURAL,-0.5462989183748044,-191880.57616045373,27600.0,0,0,0,0,0,0,0,inf,inf,NA,1,5,5,5,24,6,0,0,CONTINUE,0,A,1,1,0,KEEP_STRUCTURAL_IN_ON_CUT,2,3,0,0,"tail_cont_enabled=1 tail_active_dims=(1,) tail_delta=0.1 tail_start=(6, 6, 6) returned_y=(2, 6, 0) returned_b=(0, 1, 0) returned_u=(0, 0, 0) returned_zcap=(2, 6, 0) max_tail_u=0",NA
120,P1_no_rho,241,1371.7555429999484,5.670046299928799,4.106333600007929,0.15281880006659776,0.01,109371.13648493077,109371.13648493077,-62569.21161900698,-36778.15940341631,0.0,-29275.27526260102,-72334.07481188411,-72334.05882809011,-49747.79075542815,-29275.27526260102,20472.51549282713,20670.19167668355,-34075.22651481723,36458.5,nan,nan,2.7750000000000004,10.0,1.5000000000000002,0.0,10.0,0.85,CORE,MAIN,2.2441087133464834,0.24272341283678767,0.6,0.174,-49747.79075542815,STRUCTURAL,-0.47388590122827556,-191880.57616045373,27600.0,0,0,0,0,0,0,0,inf,inf,NA,1,5,5,5,24,6,0,0,CONTINUE,0,A,1,1,0,KEEP_STRUCTURAL_IN_ON_CUT,2,3,0,0,"tail_cont_enabled=1 tail_active_dims=(1,) tail_delta=0.1 tail_start=(6, 6, 6) returned_y=(6, 0, 1) returned_b=(1, 0, 0) returned_u=(0, 0, 0) returned_zcap=(6, 0, 1) max_tail_u=0",NA
120,P1_no_rho,242,1376.7130340000149,5.670046299928799,4.956895300070755,0.14951639994978905,0.01,111436.4512720492,111436.4512720492,-62569.21161900698,-36468.36218534855,0.0,-29275.27526260102,-72093.70242919264,-72093.68589348887,-49747.79075542815,-29275.27526260102,20472.51549282713,20670.19167668355,-26661.62112877459,34484.0,nan,nan,2.7750000000000004,10.0,1.5000000000000002,0.0,10.0,0.85,CORE,MAIN,2.244883380156468,0.24362448591503783,0.6,0.174,-49747.79075542815,STRUCTURAL,-0.4357754229935305,-191880.57616045373,27600.0,0,0,0,0,0,0,0,inf,inf,NA,1,5,5,5,24,6,0,0,CONTINUE,0,A,1,1,0,KEEP_STRUCTURAL_IN_ON_CUT,2,3,0,0,"tail_cont_enabled=1 tail_active_dims=(1,) tail_delta=0.1 tail_start=(6, 6, 6) returned_y=(6, 0, 1) returned_b=(1, 0, 0) returned_u=(0, 0, 0) returned_zcap=(6, 0, 1) max_tail_u=0",NA
120,P1_no_rho,243,1380.558766299975,5.670046299928799,3.845111500006169,0.15729559992905706,0.01,95949.82973166328,95949.82973166328,-62569.21161900698,-38791.35541640644,0.0,-29275.27526260102,-72378.03989895208,-72378.02394730452,-49747.79075542815,-29275.27526260102,20472.51549282713,20670.19167668355,-33339.873197090645,35759.0,nan,nan,2.7750000000000004,10.0,1.5000000000000002,0.0,10.0,0.85,CORE,MAIN,2.2460080529564914,0.2506212622930597,0.6,0.174,-49747.79075542815,STRUCTURAL,-0.4607635993508036,-191880.57616045373,27600.0,0,0,0,0,0,0,0,inf,inf,NA,1,5,5,5,24,6,0,0,CONTINUE,0,A,1,1,0,KEEP_STRUCTURAL_IN_ON_CUT,2,3,0,0,"tail_cont_enabled=1 tail_active_dims=(1,) tail_delta=0.1 tail_start=(6, 6, 6) returned_y=(6, 0, 1) returned_b=(1, 0, 0) returned_u=(0, 0, 0) returned_zcap=(6, 0, 1) max_tail_u=0",NA
120,P1_no_rho,244,1384.7240035999566,5.670046299928799,4.164722900022753,0.1696724999928847,0.01,87977.31288511958,87977.31288511958,-62569.21161900698,-39987.23294338799,0.0,-29275.27526260102,-71819.75553635423,-71819.73961432747,-49747.79075542815,-29275.27526260102,20472.51549282713,20670.19167668355,-29735.82415943926,35396.0,nan,nan,2.7750000000000004,10.0,1.5000000000000002,0.0,10.0,0.85,CORE,MAIN,2.2469830241609747,0.2721536388051302,0.6,0.174,-49747.79075542815,STRUCTURAL,-0.44603173746899394,-191880.57616045373,27600.0,0,0,0,0,0,0,0,inf,inf,NA,1,5,5,5,24,6,0,0,CONTINUE,0,A,1,1,0,KEEP_STRUCTURAL_IN_ON_CUT,2,3,0,0,"tail_cont_enabled=1 tail_active_dims=(1,) tail_delta=0.1 tail_start=(6, 6, 6) returned_y=(6, 0, 1) returned_b=(1, 0, 0) returned_u=(0, 0, 0) returned_zcap=(6, 0, 1) max_tail_u=0",NA
120,P1_no_rho,245,1395.290573699982,5.670046299928799,10.565886700060219,0.15868009999394417,0.01,99646.42017112426,99646.42017112426,-62569.21161900698,-38236.86685048729,0.0,-29275.27526260102,-74520.71322242478,-74520.69754798128,-49747.79075542815,-29275.27526260102,20472.51549282713,20670.19167668355,-38733.669770978355,38793.0,nan,nan,2.7750000000000004,10.0,1.5000000000000002,0.0,10.0,0.85,CORE,MAIN,2.2477271570531787,0.2510506748442545,0.6,0.174,-49747.79075542815,STRUCTURAL,-0.5127021963127721,-191880.57616045373,27600.0,0,0,0,0,0,0,0,inf,inf,NA,1,5,5,5,24,6,0,0,CONTINUE,0,A,1,1,0,KEEP_STRUCTURAL_IN_ON_CUT,2,3,0,0,"tail_cont_enabled=1 tail_active_dims=(1,) tail_delta=0.1 tail_start=(6, 6, 6) returned_y=(2, 6, 0) returned_b=(0, 1, 0) returned_u=(0, 0, 0) returned_zcap=(2, 6, 0) max_tail_u=0",NA
120,P1_no_rho,246,1400.3582330999197,5.670046299928799,5.066954599926248,0.1557714999653399,0.01,101443.90491331663,101443.90491331663,-62569.21161900698,-37967.244139158436,0.0,-29275.27526260102,-78763.93763083631,-78763.9220442865,-49747.79075542815,-29275.27526260102,20472.51549282713,20670.19167668355,-35881.8391376034,42338.5,nan,nan,2.7750000000000004,10.0,1.5000000000000002,0.0,10.0,0.85,CORE,MAIN,2.247004416089182,0.2414070747716457,0.6,0.174,-49747.79075542815,STRUCTURAL,-0.5326467695333479,-191880.57616045373,27600.0,0,0,0,0,0,0,0,inf,inf,NA,1,5,5,5,24,6,0,0,CONTINUE,0,A,1,1,0,KEEP_STRUCTURAL_IN_ON_CUT,2,3,0,0,"tail_cont_enabled=1 tail_active_dims=(1,) tail_delta=0.1 tail_start=(6, 6, 6) returned_y=(2, 6, 0) returned_b=(0, 1, 0) returned_u=(0, 0, 0) returned_zcap=(2, 6, 0) max_tail_u=0",NA
120,P1_no_rho,247,1405.4395255999407,5.670046299928799,5.080697699915618,0.15478169999551028,0.01,87845.08436727028,87845.08436727028,-62569.21161900698,-40007.067221065394,0.0,-29275.27526260102,-80151.76526010086,-80151.7498296489,-49747.79075542815,-29275.27526260102,20472.51549282713,20670.19167668355,-37581.8656929258,43565.5,nan,nan,2.7750000000000004,10.0,1.5000000000000002,0.0,10.0,0.85,CORE,MAIN,2.244442561324883,0.244638090815555,0.6,0.174,-49747.79075542815,STRUCTURAL,-0.5321295422003278,-191880.57616045373,27600.0,0,0,0,0,0,0,0,inf,inf,NA,1,5,5,5,24,6,0,0,CONTINUE,0,A,1,1,0,KEEP_STRUCTURAL_IN_ON_CUT,2,3,0,0,"tail_cont_enabled=1 tail_active_dims=(1,) tail_delta=0.1 tail_start=(6, 6, 6) returned_y=(2, 6, 0) returned_b=(0, 1, 0) returned_u=(0, 0, 0) returned_zcap=(2, 6, 0) max_tail_u=0",NA
120,P1_no_rho,248,1409.5556861999212,5.670046299928799,4.1156834999565035,0.16097399999853224,0.01,91217.69924244251,91217.69924244251,-62569.21161900698,-39501.17498978956,0.0,-29275.27526260102,-73281.65280447106,-73281.63667671927,-49747.79075542815,-29275.27526260102,20472.51549282713,20670.19167668355,-33962.24178218287,38638.0,nan,nan,2.7750000000000004,10.0,1.5000000000000002,0.0,10.0,0.85,CORE,MAIN,2.2438862837324196,0.25248882114653814,0.6,0.174,-49747.79075542815,STRUCTURAL,-0.45986011113778746,-191880.57616045373,27600.0,0,0,0,0,0,0,0,inf,inf,NA,1,5,5,5,24,6,0,0,CONTINUE,0,A,1,1,0,KEEP_STRUCTURAL_IN_ON_CUT,2,3,0,0,"tail_cont_enabled=1 tail_active_dims=(1,) tail_delta=0.1 tail_start=(6, 6, 6) returned_y=(1, 0, 6) returned_b=(0, 0, 1) returned_u=(0, 0, 0) returned_zcap=(1, 0, 6) max_tail_u=0",NA
120,P1_no_rho,249,1414.657250499935,5.670046299928799,5.100978499976918,0.15605109999887645,0.01,113591.10131364901,113591.10131364901,-62569.21161900698,-36145.16467910858,0.0,-29275.27526260102,-73754.98860683433,-73754.97217050215,-49747.79075542815,-29275.27526260102,20472.51549282713,20670.19167668355,-29896.103061538055,38039.0,nan,nan,2.7750000000000004,10.0,1.5000000000000002,0.0,10.0,0.85,CORE,MAIN,2.243891005142974,0.262497648740327,0.6,0.174,-49747.79075542815,STRUCTURAL,-0.44397490594692673,-191880.57616045373,27600.0,0,0,0,0,0,0,0,inf,inf,NA,1,5,5,5,24,6,0,0,CONTINUE,0,A,1,1,0,KEEP_STRUCTURAL_IN_ON_CUT,2,3,0,0,"tail_cont_enabled=1 tail_active_dims=(1,) tail_delta=0.1 tail_start=(6, 6, 6) returned_y=(1, 0, 6) returned_b=(0, 0, 1) returned_u=(0, 0, 0) returned_zcap=(1, 0, 6) max_tail_u=0",NA
120,P1_no_rho,250,1424.2816647000145,5.670046299928799,9.623780600028113,0.17755379993468523,0.01,95954.97117677923,95954.97117677923,-62569.21161900698,-38790.58419963905,0.0,-29275.27526260102,-73413.79927952474,-73413.78316714166,-49747.79075542815,-29275.27526260102,20472.51549282713,20670.19167668355,-31204.75061808422,38070.5,nan,nan,2.7750000000000004,10.0,1.5000000000000002,0.0,10.0,0.85,CORE,MAIN,2.246050152160626,0.26042704729762534,0.6,0.174,-49747.79075542815,STRUCTURAL,-0.43814533895862734,-191880.57616045373,27600.0,0,0,0,0,0,0,0,inf,inf,NA,1,5,5,5,24,6,0,0,CONTINUE,0,A,1,1,0,KEEP_STRUCTURAL_IN_ON_CUT,2,3,0,0,"tail_cont_enabled=1 tail_active_dims=(1,) tail_delta=0.1 tail_start=(6, 6, 6) returned_y=(1, 0, 6) returned_b=(0, 0, 1) returned_u=(0, 0, 0) returned_zcap=(1, 0, 6) max_tail_u=0",NA
120,P1_no_rho,251,1429.4731626999564,5.670046299928799,5.191027999971993,0.15318209992256016,0.01,105558.48850064269,105558.48850064269,-62569.21161900698,-37350.05660105953,0.0,-29275.27526260102,-72977.88346808415,-72977.86716077584,-49747.79075542815,-29275.27526260102,20472.51549282713,20670.19167668355,-29749.61578212583,37605.0,nan,nan,2.7750000000000004,10.0,1.5000000000000002,0.0,10.0,0.85,CORE,MAIN,2.2476510096798785,0.2720669664400839,0.6,0.174,-49747.79075542815,STRUCTURAL,-0.4304413971148495,-191880.57616045373,27600.0,0,0,0,0,0,0,0,inf,inf,NA,1,5,5,5,24,6,0,0,CONTINUE,0,A,1,1,0,KEEP_STRUCTURAL_IN_ON_CUT,2,3,0,0,"tail_cont_enabled=1 tail_active_dims=(1,) tail_delta=0.1 tail_start=(6, 6, 6) returned_y=(1, 0, 6) returned_b=(0, 0, 1) returned_u=(0, 0, 0) returned_zcap=(1, 0, 6) max_tail_u=0",NA
120,P1_no_rho,252,1433.6887290999293,5.670046299928799,4.215198199963197,0.15511190006509423,0.01,87291.15028486792,87291.15028486792,-62569.21161900698,-40090.15733342574,0.0,-29275.27526260102,-76154.25178529629,-76154.23642183654,-49747.79075542815,-29275.27526260102,20472.51549282713,20670.19167668355,-39468.81430374998,40344.5,nan,nan,2.7750000000000004,10.0,1.5000000000000002,0.0,10.0,0.85,CORE,MAIN,2.2482834562918437,0.25462547591154255,0.6,0.174,-49747.79075542815,STRUCTURAL,-0.5209924111109836,-191880.57616045373,27600.0,0,0,0,0,0,0,0,inf,inf,NA,1,5,5,5,24,6,0,0,CONTINUE,0,A,1,1,0,KEEP_STRUCTURAL_IN_ON_CUT,2,3,0,0,"tail_cont_enabled=1 tail_active_dims=(1,) tail_delta=0.1 tail_start=(6, 6, 6) returned_y=(2, 6, 0) returned_b=(0, 1, 0) returned_u=(0, 0, 0) returned_zcap=(2, 6, 0) max_tail_u=0",NA
120,P1_no_rho,253,1438.514806699939,5.670046299928799,4.825258999946527,0.1462034999858588,0.01,97037.00448139652,97037.00448139652,-62569.21161900698,-38628.279203946455,0.0,-29275.27526260102,-77585.79565804856,-77585.77995205091,-49747.79075542815,-29275.27526260102,20472.51549282713,20670.19167668355,-32851.751131103294,40770.5,nan,nan,2.7750000000000004,10.0,1.5000000000000002,0.0,10.0,0.85,CORE,MAIN,2.2481463721694888,0.23380251657533302,0.6,0.174,-49747.79075542815,STRUCTURAL,-0.5113326898437538,-191880.57616045373,27600.0,0,0,0,0,0,0,0,inf,inf,NA,1,5,5,5,24,6,0,0,CONTINUE,0,A,1,1,0,KEEP_STRUCTURAL_IN_ON_CUT,2,3,0,0,"tail_cont_enabled=1 tail_active_dims=(1,) tail_delta=0.1 tail_start=(6, 6, 6) returned_y=(2, 6, 0) returned_b=(0, 1, 0) returned_u=(0, 0, 0) returned_zcap=(2, 6, 0) max_tail_u=0",NA
120,P1_no_rho,254,1443.4207165000262,5.670046299928799,4.905489000026137,0.15560060006100684,0.01,85654.31997796077,85654.31997796077,-62569.21161900698,-40335.681879461816,0.0,-29275.27526260102,-77720.86952365258,-77720.8537454156,-49747.79075542815,-29275.27526260102,20472.51549282713,20670.19167668355,-33508.974682455635,40489.0,nan,nan,2.7750000000000004,10.0,1.5000000000000002,0.0,10.0,0.85,CORE,MAIN,2.2470739723489395,0.24816143576192973,0.6,0.174,-49747.79075542815,STRUCTURAL,-0.5004701300024118,-191880.57616045373,27600.0,0,0,0,0,0,0,0,inf,inf,NA,1,5,5,5,24,6,0,0,CONTINUE,0,A,1,1,0,KEEP_STRUCTURAL_IN_ON_CUT,2,3,0,0,"tail_cont_enabled=1 tail_active_dims=(1,) tail_delta=0.1 tail_start=(6, 6, 6) returned_y=(2, 6, 0) returned_b=(0, 1, 0) returned_u=(0, 0, 0) returned_zcap=(2, 6, 0) max_tail_u=0",NA
120,P1_no_rho,255,1453.3905796000035,5.670046299928799,9.969460800057277,0.16546239994931966,0.01,91164.10158530866,91164.10158530866,-62569.21161900698,-39509.214638359634,0.0,-29275.27526260102,-72606.0734572063,-72606.0576750981,-49747.79075542815,-29275.27526260102,20472.51549282713,20670.19167668355,-34241.595533546075,36972.5,nan,nan,2.7750000000000004,10.0,1.5000000000000002,0.0,10.0,0.85,CORE,MAIN,2.2471914050789654,0.26345098624758156,0.6,0.174,-49747.79075542815,STRUCTURAL,-0.47809576378984575,-191880.57616045373,27600.0,0,0,0,0,0,0,0,inf,inf,NA,1,5,5,5,24,6,0,0,CONTINUE,0,A,1,1,0,KEEP_STRUCTURAL_IN_ON_CUT,2,3,0,0,"tail_cont_enabled=1 tail_active_dims=(1,) tail_delta=0.1 tail_start=(6, 6, 6) returned_y=(6, 0, 1) returned_b=(1, 0, 0) returned_u=(0, 0, 0) returned_zcap=(6, 0, 1) max_tail_u=0",NA
120,P1_no_rho,256,1458.0082249999978,5.670046299928799,4.617232899996452,0.1485603000037372,0.01,101087.67207911088,101087.67207911088,-62569.21161900698,-38020.6790642893,0.0,-29275.27526260102,-73677.10438062824,-73677.08789501773,-49747.79075542815,-29275.27526260102,20472.51549282713,20670.19167668355,-29811.715217250945,36371.0,nan,nan,2.7750000000000004,10.0,1.5000000000000002,0.0,10.0,0.85,CORE,MAIN,2.2475584109885007,0.24901577166165212,0.6,0.174,-49747.79075542815,STRUCTURAL,-0.46616096141927543,-191880.57616045373,27600.0,0,0,0,0,0,0,0,inf,inf,NA,1,5,5,5,24,6,0,0,CONTINUE,0,A,1,1,0,KEEP_STRUCTURAL_IN_ON_CUT,2,3,0,0,"tail_cont_enabled=1 tail_active_dims=(1,) tail_delta=0.1 tail_start=(6, 6, 6) returned_y=(6, 0, 1) returned_b=(1, 0, 0) returned_u=(0, 0, 0) returned_zcap=(6, 0, 1) max_tail_u=0",NA
120,P1_no_rho,257,1462.3486659999471,5.670046299928799,4.339927199995145,0.15328760002739727,0.01,93776.16582242747,93776.16582242747,-62569.21161900698,-39117.40500279181,0.0,-29275.27526260102,-74112.0169545971,-74112.00061618697,-49747.79075542815,-29275.27526260102,20472.51549282713,20670.19167668355,-30771.388185631655,36286.5,nan,nan,2.7750000000000004,10.0,1.5000000000000002,0.0,10.0,0.85,CORE,MAIN,2.2477766054000945,0.23468529415788764,0.6,0.174,-49747.79075542815,STRUCTURAL,-0.46317099446693527,-191880.57616045373,27600.0,0,0,0,0,0,0,0,inf,inf,NA,1,5,5,5,24,6,0,0,CONTINUE,0,A,1,1,0,KEEP_STRUCTURAL_IN_ON_CUT,2,3,0,0,"tail_cont_enabled=1 tail_active_dims=(1,) tail_delta=0.1 tail_start=(6, 6, 6) returned_y=(6, 0, 1) returned_b=(1, 0, 0) returned_u=(0, 0, 0) returned_zcap=(6, 0, 1) max_tail_u=0",NA
120,P1_no_rho,258,1466.7793162999442,5.670046299928799,4.430042600026354,0.15585490001831204,0.01,103259.15494306826,103259.15494306826,-62569.21161900698,-37694.95663469569,0.0,-29275.27526260102,-72374.14222156406,-72374.12604574158,-49747.79075542815,-29275.27526260102,20472.51549282713,20670.19167668355,-31017.45504021062,35844.0,nan,nan,2.7750000000000004,10.0,1.5000000000000002,0.0,10.0,0.85,CORE,MAIN,2.248607783614394,0.25238411973869423,0.6,0.174,-49747.79075542815,STRUCTURAL,-0.45676695180101284,-191880.57616045373,27600.0,0,0,0,0,0,0,0,inf,inf,NA,1,5,5,5,24,6,0,0,CONTINUE,0,A,1,1,0,KEEP_STRUCTURAL_IN_ON_CUT,2,3,0,0,"tail_cont_enabled=1 tail_active_dims=(1,) tail_delta=0.1 tail_start=(6, 6, 6) returned_y=(6, 0, 1) returned_b=(1, 0, 0) returned_u=(0, 0, 0) returned_zcap=(6, 0, 1) max_tail_u=0",NA
120,P1_no_rho,259,1471.9827056999784,5.670046299928799,5.203063900000416,0.1530112000182271,0.01,89514.13447161268,89514.13447161268,-62569.21161900698,-39756.70970541403,0.0,-29275.27526260102,-74235.13969820717,-74235.1239868003,-49747.79075542815,-29275.27526260102,20472.51549282713,20670.19167668355,-35842.33416207307,37998.5,nan,nan,2.7750000000000004,10.0,1.5000000000000002,0.0,10.0,0.85,CORE,MAIN,2.249258738936071,0.24978534578597023,0.6,0.174,-49747.79075542815,STRUCTURAL,-0.5027222227178625,-191880.57616045373,27600.0,0,0,0,0,0,0,0,inf,inf,NA,1,5,5,5,24,6,0,0,CONTINUE,0,A,1,1,0,KEEP_STRUCTURAL_IN_ON_CUT,2,3,0,0,"tail_cont_enabled=1 tail_active_dims=(1,) tail_delta=0.1 tail_start=(6, 6, 6) returned_y=(2, 6, 0) returned_b=(0, 1, 0) returned_u=(0, 0, 0) returned_zcap=(2, 6, 0) max_tail_u=0",NA
120,P1_no_rho,260,1482.9120766000124,5.670046299928799,10.928725800011307,0.1621397000271827,0.01,97209.65013586594,97209.65013586594,-62569.21161900698,-38602.38235577604,0.0,-29275.27526260102,-77107.49834248914,-77107.48264512747,-49747.79075542815,-29275.27526260102,20472.51549282713,20670.19167668355,-32403.852786177224,40102.0,nan,nan,2.7750000000000004,10.0,1.5000000000000002,0.0,10.0,0.85,CORE,MAIN,2.248783202976025,0.2270528211031942,0.6,0.174,-49747.79075542815,STRUCTURAL,-0.5065261164747513,-191880.57616045373,27600.0,0,0,0,0,0,0,0,inf,inf,NA,1,5,5,5,24,6,0,0,CONTINUE,0,A,1,1,0,KEEP_STRUCTURAL_IN_ON_CUT,2,3,0,0,"tail_cont_enabled=1 tail_active_dims=(1,) tail_delta=0.1 tail_start=(6, 6, 6) returned_y=(2, 6, 0) returned_b=(0, 1, 0) returned_u=(0, 0, 0) returned_zcap=(2, 6, 0) max_tail_u=0",NA
120,P1_no_rho,261,1487.9280536000151,5.670046299928799,5.015520200016908,0.15589829999953508,0.01,92754.58137388022,92754.58137388022,-62569.21161900698,-39270.642670073896,0.0,-29275.27526260102,-78262.34895842601,-78262.33290121131,-49747.79075542815,-29275.27526260102,20472.51549282713,20670.19167668355,-33362.64853365033,40761.0,nan,nan,2.7750000000000004,10.0,1.5000000000000002,0.0,10.0,0.85,CORE,MAIN,2.247011836859213,0.25031573312124067,0.6,0.174,-49747.79075542815,STRUCTURAL,-0.501724392562463,-191880.57616045373,27600.0,0,0,0,0,0,0,0,inf,inf,NA,1,5,5,5,24,6,0,0,CONTINUE,0,A,1,1,0,KEEP_STRUCTURAL_IN_ON_CUT,2,3,0,0,"tail_cont_enabled=1 tail_active_dims=(1,) tail_delta=0.1 tail_start=(6, 6, 6) returned_y=(2, 6, 0) returned_b=(0, 1, 0) returned_u=(0, 0, 0) returned_zcap=(2, 6, 0) max_tail_u=0",NA
120,P1_no_rho,262,1492.0989242999349,5.670046299928799,4.170381599920802,0.15513520000968128,0.01,85986.20707310709,85986.20707310709,-62569.21161900698,-40285.89881518987,0.0,-29275.27526260102,-72432.72576306608,-72432.7100577341,-49747.79075542815,-29275.27526260102,20472.51549282713,20670.19167668355,-33138.742357530704,38292.0,nan,nan,2.7750000000000004,10.0,1.5000000000000002,0.0,10.0,0.85,CORE,MAIN,2.247178775573256,0.23574011980587595,0.6,0.174,-49747.79075542815,STRUCTURAL,-0.45161488486706874,-191880.57616045373,27600.0,0,0,0,0,0,0,0,inf,inf,NA,1,5,5,5,24,6,0,0,CONTINUE,0,A,1,1,0,KEEP_STRUCTURAL_IN_ON_CUT,2,3,0,0,"tail_cont_enabled=1 tail_active_dims=(1,) tail_delta=0.1 tail_start=(6, 6, 6) returned_y=(1, 0, 6) returned_b=(0, 0, 1) returned_u=(0, 0, 0) returned_zcap=(1, 0, 6) max_tail_u=0",NA
120,P1_no_rho,263,1496.8087772999424,5.670046299928799,4.709366000024602,0.15903950005304068,0.01,102285.5819549405,102285.5819549405,-62569.21161900698,-37840.992582914856,0.0,-29275.27526260102,-73793.78524134654,-73793.76901926125,-49747.79075542815,-29275.27526260102,20472.51549282713,20670.19167668355,-30954.432044790192,38210.5,nan,nan,2.7750000000000004,10.0,1.5000000000000002,0.0,10.0,0.85,CORE,MAIN,2.24754166902213,0.23572121876424212,0.6,0.174,-49747.79075542815,STRUCTURAL,-0.4475081765469779,-191880.57616045373,27600.0,0,0,0,0,0,0,0,inf,inf,NA,1,5,5,5,24,6,0,0,CONTINUE,0,A,1,1,0,KEEP_STRUCTURAL_IN_ON_CUT,2,3,0,0,"tail_cont_enabled=1 tail_active_dims=(1,) tail_delta=0.1 tail_start=(6, 6, 6) returned_y=(1, 0, 6) returned_b=(0, 0, 1) returned_u=(0, 0, 0) returned_zcap=(1, 0, 6) max_tail_u=0",NA
120,P1_no_rho,264,1500.5152113999939,5.670046299928799,3.705969800008461,0.15137450001202524,0.01,97361.99896544794,97361.99896544794,-62569.21161900698,-38579.53003133874,0.0,-29275.27526260102,-74733.11546580995,-74733.0991804955,-49747.79075542815,-29275.27526260102,20472.51549282713,20670.19167668355,-31819.51965191596,38768.5,nan,nan,2.7750000000000004,10.0,1.5000000000000002,0.0,10.0,0.85,CORE,MAIN,2.247494659897082,0.24588394993583496,0.6,0.174,-49747.79075542815,STRUCTURAL,-0.4444254212759114,-191880.57616045373,27600.0,0,0,0,0,0,0,0,inf,inf,NA,1,5,5,5,24,6,0,0,CONTINUE,0,A,1,1,0,KEEP_STRUCTURAL_IN_ON_CUT,2,3,0,0,"tail_cont_enabled=1 tail_active_dims=(1,) tail_delta=0.1 tail_start=(6, 6, 6) returned_y=(1, 0, 6) returned_b=(0, 0, 1) returned_u=(0, 0, 0) returned_zcap=(1, 0, 6) max_tail_u=0",NA
120,P1_no_rho,265,1511.3822432999732,5.670046299928799,10.866384800057858,0.15741059998981655,0.01,99800.41106660882,99800.41106660882,-62569.21161900698,-38213.76821616461,0.0,-29275.27526260102,-73995.503531119,-73995.48741797928,-49747.79075542815,-29275.27526260102,20472.51549282713,20670.19167668355,-32616.64192471792,38930.5,nan,nan,2.7750000000000004,10.0,1.5000000000000002,0.0,10.0,0.85,CORE,MAIN,2.2476793186503228,0.24790408136233189,0.6,0.174,-49747.79075542815,STRUCTURAL,-0.45545675757630677,-191880.57616045373,27600.0,0,0,0,0,0,0,0,inf,inf,NA,1,5,5,5,24,6,0,0,CONTINUE,0,A,1,1,0,KEEP_STRUCTURAL_IN_ON_CUT,2,3,0,0,"tail_cont_enabled=1 tail_active_dims=(1,) tail_delta=0.1 tail_start=(6, 6, 6) returned_y=(1, 0, 6) returned_b=(0, 0, 1) returned_u=(0, 0, 0) returned_zcap=(1, 0, 6) max_tail_u=0",NA
120,P1_no_rho,266,1515.431708500022,5.670046299928799,4.0488962000235915,0.1556047999765724,0.01,85569.45479896948,85569.45479896948,-62569.21161900698,-40348.41165631051,0.0,-29275.27526260102,-73827.66189853975,-73827.64648488151,-49747.79075542815,-29275.27526260102,20472.51549282713,20670.19167668355,-34858.25550166094,38003.5,nan,nan,2.7750000000000004,10.0,1.5000000000000002,0.0,10.0,0.85,CORE,MAIN,2.2482863003963276,0.23753105147783832,0.6,0.174,-49747.79075542815,STRUCTURAL,-0.4862109334457607,-191880.57616045373,27600.0,0,0,0,0,0,0,0,inf,inf,NA,1,5,5,5,24,6,0,0,CONTINUE,0,A,1,1,0,KEEP_STRUCTURAL_IN_ON_CUT,2,3,0,0,"tail_cont_enabled=1 tail_active_dims=(1,) tail_delta=0.1 tail_start=(6, 6, 6) returned_y=(2, 6, 0) returned_b=(0, 1, 0) returned_u=(0, 0, 0) returned_zcap=(2, 6, 0) max_tail_u=0",NA
120,P1_no_rho,267,1520.3858583000256,5.670046299928799,4.953618600033224,0.15187149995472282,0.01,95871.30848247082,95871.30848247082,-62569.21161900698,-38803.13360378531,0.0,-29275.27526260102,-76690.35571915454,-76690.34007981565,-49747.79075542815,-29275.27526260102,20472.51549282713,20670.19167668355,-31282.645216431003,40686.5,nan,nan,2.7750000000000004,10.0,1.5000000000000002,0.0,10.0,0.85,CORE,MAIN,2.2480748380125224,0.24596641249900864,0.6,0.174,-49747.79075542815,STRUCTURAL,-0.49286379322271073,-191880.57616045373,27600.0,0,0,0,0,0,0,0,inf,inf,NA,1,5,5,5,24,6,0,0,CONTINUE,0,A,1,1,0,KEEP_STRUCTURAL_IN_ON_CUT,2,3,0,0,"tail_cont_enabled=1 tail_active_dims=(1,) tail_delta=0.1 tail_start=(6, 6, 6) returned_y=(0, 6, 2) returned_b=(0, 1, 0) returned_u=(0, 0, 0) returned_zcap=(0, 6, 2) max_tail_u=0",NA
120,P1_no_rho,268,1524.837201999966,5.670046299928799,4.450691799982451,0.15821310004685074,0.01,88881.08176261342,88881.08176261342,-62569.21161900698,-39851.66761176392,0.0,-29275.27526260102,-77665.92884994438,-77665.91284807034,-49747.79075542815,-29275.27526260102,20472.51549282713,20670.19167668355,-32863.75334337246,40323.0,nan,nan,2.7750000000000004,10.0,1.5000000000000002,0.0,10.0,0.85,CORE,MAIN,2.248431197025841,0.23774573997834192,0.6,0.174,-49747.79075542815,STRUCTURAL,-0.4938674217869318,-191880.57616045373,27600.0,0,0,0,0,0,0,0,inf,inf,NA,1,5,5,5,24,6,0,0,CONTINUE,0,A,1,1,0,KEEP_STRUCTURAL_IN_ON_CUT,2,3,0,0,"tail_cont_enabled=1 tail_active_dims=(1,) tail_delta=0.1 tail_start=(6, 6, 6) returned_y=(2, 6, 0) returned_b=(0, 1, 0) returned_u=(0, 0, 0) returned_zcap=(2, 6, 0) max_tail_u=0",NA
120,P1_no_rho,269,1528.7768937000073,5.670046299928799,3.939178900094703,0.16323289996944368,0.01,87711.03159830645,87711.03159830645,-62569.21161900698,-40027.17513640996,0.0,-29275.27526260102,-71922.92079602082,-71922.90511415563,-49747.79075542815,-29275.27526260102,20472.51549282713,20670.19167668355,-33013.9689631359,36544.5,nan,nan,2.7750000000000004,10.0,1.5000000000000002,0.0,10.0,0.85,CORE,MAIN,2.2477299978813163,0.2585611283737137,0.6,0.174,-49747.79075542815,STRUCTURAL,-0.4666385900590164,-191880.57616045373,27600.0,0,0,0,0,0,0,0,inf,inf,NA,1,5,5,5,24,6,0,0,CONTINUE,0,A,1,1,0,KEEP_STRUCTURAL_IN_ON_CUT,2,3,0,0,"tail_cont_enabled=1 tail_active_dims=(1,) tail_delta=0.1 tail_start=(6, 6, 6) returned_y=(6, 0, 1) returned_b=(1, 0, 0) returned_u=(0, 0, 0) returned_zcap=(6, 0, 1) max_tail_u=0",NA
120,P1_no_rho,270,1539.8562039999524,5.670046299928799,11.078797499998473,0.16173980000894517,0.01,97689.3177252363,97689.3177252363,-62569.21161900698,-38530.432217370486,0.0,-29275.27526260102,-74310.93607704883,-74310.91960538771,-49747.79075542815,-29275.27526260102,20472.51549282713,20670.19167668355,-30829.121348548928,36642.5,nan,nan,2.7750000000000004,10.0,1.5000000000000002,0.0,10.0,0.85,CORE,MAIN,2.247291631744915,0.2517437268527052,0.6,0.174,-49747.79075542815,STRUCTURAL,-0.47760494546493837,-191880.57616045373,27600.0,0,0,0,0,0,0,0,inf,inf,NA,1,5,5,5,24,6,0,0,CONTINUE,0,A,1,1,0,KEEP_STRUCTURAL_IN_ON_CUT,2,3,0,0,"tail_cont_enabled=1 tail_active_dims=(1,) tail_delta=0.1 tail_start=(6, 6, 6) returned_y=(6, 0, 1) returned_b=(1, 0, 0) returned_u=(0, 0, 0) returned_zcap=(6, 0, 1) max_tail_u=0",NA
120,P1_no_rho,271,1543.4942786999745,5.670046299928799,3.6375942999729887,0.15198970003984869,0.01,91036.96592005243,91036.96592005243,-62569.21161900698,-39528.284988148065,0.0,-29275.27526260102,-74263.55396907589,-74263.53766215031,-49747.79075542815,-29275.27526260102,20472.51549282713,20670.19167668355,-30882.372567915547,38222.5,nan,nan,2.7750000000000004,10.0,1.5000000000000002,0.0,10.0,0.85,CORE,MAIN,2.2470119015566468,0.24716619283472574,0.6,0.174,-49747.79075542815,STRUCTURAL,-0.4428274066322634,-191880.57616045373,27600.0,0,0,0,0,0,0,0,inf,inf,NA,1,5,5,5,24,6,0,0,CONTINUE,0,A,1,1,0,KEEP_STRUCTURAL_IN_ON_CUT,2,3,0,0,"tail_cont_enabled=1 tail_active_dims=(1,) tail_delta=0.1 tail_start=(6, 6, 6) returned_y=(1, 0, 6) returned_b=(0, 0, 1) returned_u=(0, 0, 0) returned_zcap=(1, 0, 6) max_tail_u=0",NA
120,P1_no_rho,272,1547.85442889994,5.670046299928799,4.359709899988957,0.16357470001094043,0.01,91823.43505527708,91823.43505527708,-62569.21161900698,-39410.31461786437,0.0,-29275.27526260102,-74030.23910118299,-74030.22292687514,-49747.79075542815,-29275.27526260102,20472.51549282713,20670.19167668355,-32373.067146455007,38654.5,nan,nan,2.7750000000000004,10.0,1.5000000000000002,0.0,10.0,0.85,CORE,MAIN,2.2469149491288856,0.2509573444222253,0.6,0.174,-49747.79075542815,STRUCTURAL,-0.45651659441973175,-191880.57616045373,27600.0,0,0,0,0,0,0,0,inf,inf,NA,1,5,5,5,24,6,0,0,CONTINUE,0,A,1,1,0,KEEP_STRUCTURAL_IN_ON_CUT,2,3,0,0,"tail_cont_enabled=1 tail_active_dims=(1,) tail_delta=0.1 tail_start=(6, 6, 6) returned_y=(1, 0, 6) returned_b=(0, 0, 1) returned_u=(0, 0, 0) returned_zcap=(1, 0, 6) max_tail_u=0",NA
120,P1_no_rho,273,1552.9857305999612,5.670046299928799,5.130879999953322,0.16138519998639822,0.01,97144.08765993263,97144.08765993263,-62569.21161900698,-38612.21672716604,0.0,-29275.27526260102,-74363.20612962627,-74363.19049059658,-49747.79075542815,-29275.27526260102,20472.51549282713,20670.19167668355,-34099.59141116848,37937.0,nan,nan,2.7750000000000004,10.0,1.5000000000000002,0.0,10.0,0.85,CORE,MAIN,2.247053428973119,0.2341490937876598,0.6,0.174,-49747.79075542815,STRUCTURAL,-0.4989911721219751,-191880.57616045373,27600.0,0,0,0,0,0,0,0,inf,inf,NA,1,5,5,5,24,6,0,0,CONTINUE,0,A,1,1,0,KEEP_STRUCTURAL_IN_ON_CUT,2,3,0,0,"tail_cont_enabled=1 tail_active_dims=(1,) tail_delta=0.1 tail_start=(6, 6, 6) returned_y=(2, 6, 0) returned_b=(0, 1, 0) returned_u=(0, 0, 0) returned_zcap=(2, 6, 0) max_tail_u=0",NA
120,P1_no_rho,274,1557.7998443000251,5.670046299928799,4.81341970001813,0.16060179995838553,0.01,98897.8693547491,98897.8693547491,-62569.21161900698,-38349.149472943565,0.0,-29275.27526260102,-77352.45914977678,-77352.44322626876,-49747.79075542815,-29275.27526260102,20472.51549282713,20670.19167668355,-31112.64062063327,40879.0,nan,nan,2.7750000000000004,10.0,1.5000000000000002,0.0,10.0,0.85,CORE,MAIN,2.246272851813526,0.22427962628712259,0.6,0.174,-49747.79075542815,STRUCTURAL,-0.49865247333824225,-191880.57616045373,27600.0,0,0,0,0,0,0,0,inf,inf,NA,1,5,5,5,24,6,0,0,CONTINUE,0,A,1,1,0,KEEP_STRUCTURAL_IN_ON_CUT,2,3,0,0,"tail_cont_enabled=1 tail_active_dims=(1,) tail_delta=0.1 tail_start=(6, 6, 6) returned_y=(0, 6, 2) returned_b=(0, 1, 0) returned_u=(0, 0, 0) returned_zcap=(0, 6, 2) max_tail_u=0",NA
120,P1_no_rho,275,1568.334136600024,5.670046299928799,10.533740600105375,0.15899319993332028,0.01,93171.36385875393,93171.36385875393,-62569.21161900698,-39208.12529734284,0.0,-29275.27526260102,-78411.24647706893,-78411.23066659589,-49747.79075542815,-29275.27526260102,20472.51549282713,20670.19167668355,-33732.419217708324,41684.0,nan,nan,2.7750000000000004,10.0,1.5000000000000002,0.0,10.0,0.85,CORE,MAIN,2.24700335032559,0.2316140617282434,0.6,0.174,-49747.79075542815,STRUCTURAL,-0.4913597630790411,-191880.57616045373,27600.0,0,0,0,0,0,0,0,inf,inf,NA,1,5,5,5,24,6,0,0,CONTINUE,0,A,1,1,0,KEEP_STRUCTURAL_IN_ON_CUT,2,3,0,0,"tail_cont_enabled=1 tail_active_dims=(1,) tail_delta=0.1 tail_start=(6, 6, 6) returned_y=(0, 6, 2) returned_b=(0, 1, 0) returned_u=(0, 0, 0) returned_zcap=(0, 6, 2) max_tail_u=0",NA
120,P1_no_rho,276,1573.0941103999503,5.670046299928799,4.759372900007293,0.1525318999774754,0.01,87463.7373418678,87463.7373418678,-62569.21161900698,-40064.26927487576,0.0,-29275.27526260102,-72260.65731519015,-72260.64154536897,-49747.79075542815,-29275.27526260102,20472.51549282713,20670.19167668355,-32944.48887505147,36568.0,nan,nan,2.7750000000000004,10.0,1.5000000000000002,0.0,10.0,0.85,CORE,MAIN,2.246752936354068,0.2531574782447099,0.6,0.174,-49747.79075542815,STRUCTURAL,-0.47330554457461815,-191880.57616045373,27600.0,0,0,0,0,0,0,0,inf,inf,NA,1,5,5,5,24,6,0,0,CONTINUE,0,A,1,1,0,KEEP_STRUCTURAL_IN_ON_CUT,2,3,0,0,"tail_cont_enabled=1 tail_active_dims=(1,) tail_delta=0.1 tail_start=(6, 6, 6) returned_y=(6, 0, 1) returned_b=(1, 0, 0) returned_u=(0, 0, 0) returned_zcap=(6, 0, 1) max_tail_u=0",NA
120,P1_no_rho,277,1576.6409360999241,5.670046299928799,3.5464388999389485,0.16172329999972135,0.01,98817.1003041797,98817.1003041797,-62569.21161900698,-38361.26483052898,0.0,-29275.27526260102,-75303.17218221522,-75303.15601028517,-49747.79075542815,-29275.27526260102,20472.51549282713,20670.19167668355,-32624.021284420374,39661.0,nan,nan,2.7750000000000004,10.0,1.5000000000000002,0.0,10.0,0.85,CORE,MAIN,2.2462959455182503,0.23502406422543998,0.6,0.174,-49747.79075542815,STRUCTURAL,-0.463254913120863,-191880.57616045373,27600.0,0,0,0,0,0,0,0,inf,inf,NA,1,5,5,5,24,6,0,0,CONTINUE,0,A,1,1,0,KEEP_STRUCTURAL_IN_ON_CUT,2,3,0,0,"tail_cont_enabled=1 tail_active_dims=(1,) tail_delta=0.1 tail_start=(6, 6, 6) returned_y=(1, 0, 6) returned_b=(0, 0, 1) returned_u=(0, 0, 0) returned_zcap=(1, 0, 6) max_tail_u=0",NA
120,P1_no_rho,278,1580.6656135999365,5.670046299928799,4.024142700014636,0.15645739994943142,0.01,99259.19930516976,99259.19930516976,-62569.21161900698,-38294.949980380465,0.0,-29275.27526260102,-76158.11318203836,-76158.09668957496,-49747.79075542815,-29275.27526260102,20472.51549282713,20670.19167668355,-32154.770247243014,39525.0,nan,nan,2.7750000000000004,10.0,1.5000000000000002,0.0,10.0,0.85,CORE,MAIN,2.245470654222669,0.22608869349622757,0.6,0.174,-49747.79075542815,STRUCTURAL,-0.4619456244852639,-191880.57616045373,27600.0,0,0,0,0,0,0,0,inf,inf,NA,1,5,5,5,24,6,0,0,CONTINUE,0,A,1,1,0,KEEP_STRUCTURAL_IN_ON_CUT,2,3,0,0,"tail_cont_enabled=1 tail_active_dims=(1,) tail_delta=0.1 tail_start=(6, 6, 6) returned_y=(1, 0, 6) returned_b=(0, 0, 1) returned_u=(0, 0, 0) returned_zcap=(1, 0, 6) max_tail_u=0",NA
120,P1_no_rho,279,1586.0303177000023,5.670046299928799,5.364159399992786,0.15513500000815839,0.01,99270.25877915164,99270.25877915164,-62569.21161900698,-38293.29105928319,0.0,-29275.27526260102,-74602.9074042692,-74602.89114935693,-49747.79075542815,-29275.27526260102,20472.51549282713,20670.19167668355,-32927.91245594247,39177.0,nan,nan,2.7750000000000004,10.0,1.5000000000000002,0.0,10.0,0.85,CORE,MAIN,2.245212304426543,0.24523823938967348,0.6,0.174,-49747.79075542815,STRUCTURAL,-0.4596034218356463,-191880.57616045373,27600.0,0,0,0,0,0,0,0,inf,inf,NA,1,5,5,5,24,6,0,0,CONTINUE,0,A,1,1,0,KEEP_STRUCTURAL_IN_ON_CUT,2,3,0,0,"tail_cont_enabled=1 tail_active_dims=(1,) tail_delta=0.1 tail_start=(6, 6, 6) returned_y=(1, 0, 6) returned_b=(0, 0, 1) returned_u=(0, 0, 0) returned_zcap=(1, 0, 6) max_tail_u=0",NA
120,P1_no_rho,280,1596.4775114000076,5.670046299928799,10.446663900045678,0.15487520000897348,0.01,89410.6693919986,89410.6693919986,-62569.21161900698,-39772.22946735614,0.0,-29275.27526260102,-73642.60955256785,-73642.59396381796,-49747.79075542815,-29275.27526260102,20472.51549282713,20670.19167668355,-34209.40626070853,38684.5,nan,nan,2.7750000000000004,10.0,1.5000000000000002,0.0,10.0,0.85,CORE,MAIN,2.245868628427124,0.25097975780468884,0.6,0.174,-49747.79075542815,STRUCTURAL,-0.4756349350757361,-191880.57616045373,27600.0,0,0,0,0,0,0,0,inf,inf,NA,1,5,5,5,24,6,0,0,CONTINUE,0,A,1,1,0,KEEP_STRUCTURAL_IN_ON_CUT,2,3,0,0,"tail_cont_enabled=1 tail_active_dims=(1,) tail_delta=0.1 tail_start=(6, 6, 6) returned_y=(0, 6, 2) returned_b=(0, 1, 0) returned_u=(0, 0, 0) returned_zcap=(0, 6, 2) max_tail_u=0",NA
120,P1_no_rho,281,1601.3771562000038,5.670046299928799,4.899083500029519,0.14743830007500947,0.01,97414.9727605268,97414.9727605268,-62569.21161900698,-38571.58396207691,0.0,-29275.27526260102,-77090.51550493512,-77090.499716524,-49747.79075542815,-29275.27526260102,20472.51549282713,20670.19167668355,-30796.14956129719,40623.0,nan,nan,2.7750000000000004,10.0,1.5000000000000002,0.0,10.0,0.85,CORE,MAIN,2.245654148793206,0.23087857747110835,0.6,0.174,-49747.79075542815,STRUCTURAL,-0.49303739591299184,-191880.57616045373,27600.0,0,0,0,0,0,0,0,inf,inf,NA,1,5,5,5,24,6,0,0,CONTINUE,0,A,1,1,0,KEEP_STRUCTURAL_IN_ON_CUT,2,3,0,0,"tail_cont_enabled=1 tail_active_dims=(1,) tail_delta=0.1 tail_start=(6, 6, 6) returned_y=(0, 6, 2) returned_b=(0, 1, 0) returned_u=(0, 0, 0) returned_zcap=(0, 6, 2) max_tail_u=0",NA
120,P1_no_rho,282,1606.5142124999547,5.670046299928799,5.136518100043759,0.15285990003030747,0.01,88432.4516566915,88432.4516566915,-62569.21161900698,-39918.96212765221,0.0,-29275.27526260102,-77681.01468341645,-77680.99893080967,-49747.79075542815,-29275.27526260102,20472.51549282713,20670.19167668355,-31847.48291062803,41328.0,nan,nan,2.7750000000000004,10.0,1.5000000000000002,0.0,10.0,0.85,CORE,MAIN,2.246145911297326,0.25346592324081074,0.6,0.174,-49747.79075542815,STRUCTURAL,-0.4760625382169396,-191880.57616045373,27600.0,0,0,0,0,0,0,0,inf,inf,NA,1,5,5,5,24,6,0,0,CONTINUE,0,A,1,1,0,KEEP_STRUCTURAL_IN_ON_CUT,2,3,0,0,"tail_cont_enabled=1 tail_active_dims=(1,) tail_delta=0.1 tail_start=(6, 6, 6) returned_y=(0, 6, 2) returned_b=(0, 1, 0) returned_u=(0, 0, 0) returned_zcap=(0, 6, 2) max_tail_u=0",NA
120,P1_no_rho,283,1611.2738220000174,5.670046299928799,4.758975800010376,0.15192509989719838,0.01,90437.09492451789,90437.09492451789,-62569.21161900698,-39618.26563747825,0.0,-29275.27526260102,-72582.87145616974,-72582.85560313195,-49747.79075542815,-29275.27526260102,20472.51549282713,20670.19167668355,-32807.643592073335,36579.5,nan,nan,2.7750000000000004,10.0,1.5000000000000002,0.0,10.0,0.85,CORE,MAIN,2.2465419085668366,0.26235924955632517,0.6,0.174,-49747.79075542815,STRUCTURAL,-0.46981772964066715,-191880.57616045373,27600.0,0,0,0,0,0,0,0,inf,inf,NA,1,5,5,5,24,6,0,0,CONTINUE,0,A,1,1,0,KEEP_STRUCTURAL_IN_ON_CUT,2,3,0,0,"tail_cont_enabled=1 tail_active_dims=(1,) tail_delta=0.1 tail_start=(6, 6, 6) returned_y=(6, 0, 1) returned_b=(1, 0, 0) returned_u=(0, 0, 0) returned_zcap=(6, 0, 1) max_tail_u=0",NA
120,P1_no_rho,284,1614.8319134999765,5.670046299928799,3.5576533999992535,0.14727509999647737,0.01,98876.17857285135,98876.17857285135,-62569.21161900698,-38352.40309022823,0.0,-29275.27526260102,-76496.33911454704,-76496.3231125898,-49747.79075542815,-29275.27526260102,20472.51549282713,20670.19167668355,-33984.28548435149,39108.5,nan,nan,2.7750000000000004,10.0,1.5000000000000002,0.0,10.0,0.85,CORE,MAIN,2.246234293321419,0.2743751822367603,0.6,0.174,-49747.79075542815,STRUCTURAL,-0.49910706636320523,-191880.57616045373,27600.0,0,0,0,0,0,0,0,inf,inf,NA,1,5,5,5,24,6,0,0,CONTINUE,0,A,1,1,0,KEEP_STRUCTURAL_IN_ON_CUT,2,3,0,0,"tail_cont_enabled=1 tail_active_dims=(1,) tail_delta=0.1 tail_start=(6, 6, 6) returned_y=(6, 0, 1) returned_b=(1, 0, 0) returned_u=(0, 0, 0) returned_zcap=(6, 0, 1) max_tail_u=0",NA
120,P1_no_rho,285,1624.6776505999733,5.670046299928799,9.845173500012606,0.1531982000451535,0.01,98149.69733558508,98149.69733558508,-62569.21161900698,-38461.37527581817,0.0,-29275.27526260102,-76138.34673565651,-76138.33027211683,-49747.79075542815,-29275.27526260102,20472.51549282713,20670.19167668355,-32299.443955906023,37761.0,nan,nan,2.7750000000000004,10.0,1.5000000000000002,0.0,10.0,0.85,CORE,MAIN,2.24570898386555,0.2259363687425726,0.6,0.174,-49747.79075542815,STRUCTURAL,-0.48573298621572575,-191880.57616045373,27600.0,0,0,0,0,0,0,0,inf,inf,NA,1,5,5,5,24,6,0,0,CONTINUE,0,A,1,1,0,KEEP_STRUCTURAL_IN_ON_CUT,2,3,0,0,"tail_cont_enabled=1 tail_active_dims=(1,) tail_delta=0.1 tail_start=(6, 6, 6) returned_y=(6, 0, 1) returned_b=(1, 0, 0) returned_u=(0, 0, 0) returned_zcap=(6, 0, 1) max_tail_u=0",NA
120,P1_no_rho,286,1629.4218155000126,5.670046299928799,4.743763200007379,0.1552891000173986,0.01,100425.88321557554,100425.88321557554,-62569.21161900698,-38119.9473938196,0.0,-29275.27526260102,-75083.7187969441,-75083.70253380874,-49747.79075542815,-29275.27526260102,20472.51549282713,20670.19167668355,-33094.453370756615,37691.5,nan,nan,2.7750000000000004,10.0,1.5000000000000002,0.0,10.0,0.85,CORE,MAIN,2.245437135223277,0.24876458022228976,0.6,0.174,-49747.79075542815,STRUCTURAL,-0.48404464195687935,-191880.57616045373,27600.0,0,0,0,0,0,0,0,inf,inf,NA,1,5,5,5,24,6,0,0,CONTINUE,0,A,1,1,0,KEEP_STRUCTURAL_IN_ON_CUT,2,3,0,0,"tail_cont_enabled=1 tail_active_dims=(1,) tail_delta=0.1 tail_start=(6, 6, 6) returned_y=(6, 0, 1) returned_b=(1, 0, 0) returned_u=(0, 0, 0) returned_zcap=(6, 0, 1) max_tail_u=0",NA
120,P1_no_rho,287,1633.4281281000003,5.670046299928799,4.005712000071071,0.1563479999313131,0.01,87513.16985038146,87513.16985038146,-62569.21161900698,-40056.85439859871,0.0,-29275.27526260102,-73223.73514257971,-73223.71942490395,-49747.79075542815,-29275.27526260102,20472.51549282713,20670.19167668355,-35533.04047591334,37629.0,nan,nan,2.7750000000000004,10.0,1.5000000000000002,0.0,10.0,0.85,CORE,MAIN,2.2463266465796754,0.23390343209859443,0.6,0.174,-49747.79075542815,STRUCTURAL,-0.49505023507729373,-191880.57616045373,27600.0,0,0,0,0,0,0,0,inf,inf,NA,1,5,5,5,24,6,0,0,CONTINUE,0,A,1,1,0,KEEP_STRUCTURAL_IN_ON_CUT,2,3,0,0,"tail_cont_enabled=1 tail_active_dims=(1,) tail_delta=0.1 tail_start=(6, 6, 6) returned_y=(2, 6, 0) returned_b=(0, 1, 0) returned_u=(0, 0, 0) returned_zcap=(2, 6, 0) max_tail_u=0",NA
120,P1_no_rho,288,1638.0814939999254,5.670046299928799,4.6527673999080434,0.14845650002826005,0.01,99396.3812741789,99396.3812741789,-62569.21161900698,-38274.3726850291,0.0,-29275.27526260102,-79027.17042200494,-79027.15437133121,-49747.79075542815,-29275.27526260102,20472.51549282713,20670.19167668355,-29467.3693716107,40553.5,nan,nan,2.7750000000000004,10.0,1.5000000000000002,0.0,10.0,0.85,CORE,MAIN,2.2454648413261453,0.2461258553453245,0.6,0.174,-49747.79075542815,STRUCTURAL,-0.5104450520293583,-191880.57616045373,27600.0,0,0,0,0,0,0,0,inf,inf,NA,1,5,5,5,24,6,0,0,CONTINUE,0,A,1,1,0,KEEP_STRUCTURAL_IN_ON_CUT,2,3,0,0,"tail_cont_enabled=1 tail_active_dims=(1,) tail_delta=0.1 tail_start=(6, 6, 6) returned_y=(2, 6, 0) returned_b=(0, 1, 0) returned_u=(0, 0, 0) returned_zcap=(2, 6, 0) max_tail_u=0",NA
120,P1_no_rho,289,1642.6439837999642,5.670046299928799,4.561883399961516,0.1513837999664247,0.01,94683.12234283428,94683.12234283428,-62569.21161900698,-38981.36152473079,0.0,-29275.27526260102,-78478.35938080311,-78478.3432924095,-49747.79075542815,-29275.27526260102,20472.51549282713,20670.19167668355,-31744.435976133605,40818.5,nan,nan,2.7750000000000004,10.0,1.5000000000000002,0.0,10.0,0.85,CORE,MAIN,2.2445704110531532,0.24268451756163234,0.6,0.174,-49747.79075542815,STRUCTURAL,-0.49616633686828315,-191880.57616045373,27600.0,0,0,0,0,0,0,0,inf,inf,NA,1,5,5,5,24,6,0,0,CONTINUE,0,A,1,1,0,KEEP_STRUCTURAL_IN_ON_CUT,2,3,0,0,"tail_cont_enabled=1 tail_active_dims=(1,) tail_delta=0.1 tail_start=(6, 6, 6) returned_y=(2, 6, 0) returned_b=(0, 1, 0) returned_u=(0, 0, 0) returned_zcap=(2, 6, 0) max_tail_u=0",NA
120,P1_no_rho,290,1653.2662759999512,5.670046299928799,10.62183840002399,0.1565592000260949,0.01,91910.63280390095,91910.63280390095,-62569.21161900698,-39397.23495557079,0.0,-29275.27526260102,-72159.14148751853,-72159.1258026029,-49747.79075542815,-29275.27526260102,20472.51549282713,20670.19167668355,-33641.39059593958,38262.5,nan,nan,2.7750000000000004,10.0,1.5000000000000002,0.0,10.0,0.85,CORE,MAIN,2.244580577438266,0.25174716004244035,0.6,0.174,-49747.79075542815,STRUCTURAL,-0.44809986888064557,-191880.57616045373,27600.0,0,0,0,0,0,0,0,inf,inf,NA,1,5,5,5,24,6,0,0,CONTINUE,0,A,1,1,0,KEEP_STRUCTURAL_IN_ON_CUT,2,3,0,0,"tail_cont_enabled=1 tail_active_dims=(1,) tail_delta=0.1 tail_start=(6, 6, 6) returned_y=(1, 0, 6) returned_b=(0, 0, 1) returned_u=(0, 0, 0) returned_zcap=(1, 0, 6) max_tail_u=0",NA
120,P1_no_rho,291,1657.1917804999975,5.670046299928799,3.924816200044006,0.15286350005771965,0.01,89686.78074332363,89686.78074332363,-62569.21161900698,-39730.812764657385,0.0,-29275.27526260102,-73462.04082391471,-73462.02491596746,-49747.79075542815,-29275.27526260102,20472.51549282713,20670.19167668355,-34369.72494659315,38877.5,nan,nan,2.7750000000000004,10.0,1.5000000000000002,0.0,10.0,0.85,CORE,MAIN,2.24527835328315,0.2515303356364553,0.6,0.174,-49747.79075542815,STRUCTURAL,-0.4667780565862462,-191880.57616045373,27600.0,0,0,0,0,0,0,0,inf,inf,NA,1,5,5,5,24,6,0,0,CONTINUE,0,A,1,1,0,KEEP_STRUCTURAL_IN_ON_CUT,2,3,0,0,"tail_cont_enabled=1 tail_active_dims=(1,) tail_delta=0.1 tail_start=(6, 6, 6) returned_y=(1, 0, 6) returned_b=(0, 0, 1) returned_u=(0, 0, 0) returned_zcap=(1, 0, 6) max_tail_u=0",NA
120,P1_no_rho,292,1660.8341693999246,5.670046299928799,3.6417488999431953,0.14881440007593483,0.01,89653.3114995462,89653.3114995462,-62569.21161900698,-39735.833151224004,0.0,-29275.27526260102,-74152.31728609471,-74152.30113717454,-49747.79075542815,-29275.27526260102,20472.51549282713,20670.19167668355,-32823.538601827095,39101.5,nan,nan,2.7750000000000004,10.0,1.5000000000000002,0.0,10.0,0.85,CORE,MAIN,2.2458852001279106,0.25147447580375326,0.6,0.174,-49747.79075542815,STRUCTURAL,-0.44468755016131123,-191880.57616045373,27600.0,0,0,0,0,0,0,0,inf,inf,NA,1,5,5,5,24,6,0,0,CONTINUE,0,A,1,1,0,KEEP_STRUCTURAL_IN_ON_CUT,2,3,0,0,"tail_cont_enabled=1 tail_active_dims=(1,) tail_delta=0.1 tail_start=(6, 6, 6) returned_y=(1, 0, 6) returned_b=(0, 0, 1) returned_u=(0, 0, 0) returned_zcap=(1, 0, 6) max_tail_u=0",NA
120,P1_no_rho,293,1665.5221248000162,5.670046299928799,4.6874663000926375,0.14612699998542666,0.01,85906.17199724472,85906.17199724472,-62569.21161900698,-40297.904076569226,0.0,-29275.27526260102,-75079.23224357852,-75079.21579049429,-49747.79075542815,-29275.27526260102,20472.51549282713,20670.19167668355,-32044.430255171454,38981.5,nan,nan,2.7750000000000004,10.0,1.5000000000000002,0.0,10.0,0.85,CORE,MAIN,2.245881499927342,0.25031561573946504,0.6,0.174,-49747.79075542815,STRUCTURAL,-0.4604863804909768,-191880.57616045373,27600.0,0,0,0,0,0,0,0,inf,inf,NA,1,5,5,5,24,6,0,0,CONTINUE,0,A,1,1,0,KEEP_STRUCTURAL_IN_ON_CUT,2,3,0,0,"tail_cont_enabled=1 tail_active_dims=(1,) tail_delta=0.1 tail_start=(6, 6, 6) returned_y=(1, 0, 6) returned_b=(0, 0, 1) returned_u=(0, 0, 0) returned_zcap=(1, 0, 6) max_tail_u=0",NA
120,P1_no_rho,294,1670.2727125999518,5.670046299928799,4.75008359993808,0.1570304000051692,0.01,99159.05833056069,99159.05833056069,-62569.21161900698,-38309.97112657183,0.0,-29275.27526260102,-72346.7610369942,-72346.74558571892,-49747.79075542815,-29275.27526260102,20472.51549282713,20670.19167668355,-35924.013355649375,37613.0,nan,nan,2.7750000000000004,10.0,1.5000000000000002,0.0,10.0,0.85,CORE,MAIN,2.247254737858454,0.2510631104399794,0.6,0.174,-49747.79075542815,STRUCTURAL,-0.48974052726790096,-191880.57616045373,27600.0,0,0,0,0,0,0,0,inf,inf,NA,1,5,5,5,24,6,0,0,CONTINUE,0,A,1,1,0,KEEP_STRUCTURAL_IN_ON_CUT,2,3,0,0,"tail_cont_enabled=1 tail_active_dims=(1,) tail_delta=0.1 tail_start=(6, 6, 6) returned_y=(6, 0, 1) returned_b=(1, 0, 0) returned_u=(0, 0, 0) returned_zcap=(6, 0, 1) max_tail_u=0",NA
120,P1_no_rho,295,1680.1373674999923,5.670046299928799,9.864083199994639,0.14910090004559606,0.01,104362.07022981242,104362.07022981242,-62569.21161900698,-37529.51934168407,0.0,-29275.27526260102,-78186.71047923711,-78186.6944639221,-49747.79075542815,-29275.27526260102,20472.51549282713,20670.19167668355,-29976.235497091773,40434.5,nan,nan,2.7750000000000004,10.0,1.5000000000000002,0.0,10.0,0.85,CORE,MAIN,2.246833676517799,0.24389473228278957,0.6,0.174,-49747.79075542815,STRUCTURAL,-0.4996102829573722,-191880.57616045373,27600.0,0,0,0,0,0,0,0,inf,inf,NA,1,5,5,5,24,6,0,0,CONTINUE,0,A,1,1,0,KEEP_STRUCTURAL_IN_ON_CUT,2,3,0,0,"tail_cont_enabled=1 tail_active_dims=(1,) tail_delta=0.1 tail_start=(6, 6, 6) returned_y=(2, 6, 0) returned_b=(0, 1, 0) returned_u=(0, 0, 0) returned_zcap=(2, 6, 0) max_tail_u=0",NA
120,P1_no_rho,296,1684.4840603999328,5.670046299928799,4.346144299954176,0.14551179995760322,0.01,111841.80643004306,111841.80643004306,-62569.21161900698,-36407.558911649474,0.0,-29275.27526260102,-82156.72949435363,-82156.7138952583,-49747.79075542815,-29275.27526260102,20472.51549282713,20670.19167668355,-37603.84200189524,45270.5,nan,nan,2.7750000000000004,10.0,1.5000000000000002,0.0,10.0,0.85,CORE,MAIN,2.24394299792149,0.2413640607002634,0.6,0.174,-49747.79075542815,STRUCTURAL,-0.5290967855579121,-191880.57616045373,27600.0,0,0,0,0,0,0,0,inf,inf,NA,1,5,5,5,24,6,0,0,CONTINUE,0,A,1,1,0,KEEP_STRUCTURAL_IN_ON_CUT,2,3,0,0,"tail_cont_enabled=1 tail_active_dims=(1,) tail_delta=0.1 tail_start=(6, 6, 6) returned_y=(0, 6, 2) returned_b=(0, 1, 0) returned_u=(0, 0, 0) returned_zcap=(0, 6, 2) max_tail_u=0",NA
120,P1_no_rho,297,1689.8265710999258,5.670046299928799,5.341908799950033,0.17233910004142672,0.01,90261.47633725364,90261.47633725364,-62569.21161900698,-39644.60842556789,0.0,-29275.27526260102,-71663.7881697957,-71663.77244481072,-49747.79075542815,-29275.27526260102,20472.51549282713,20670.19167668355,-31909.92611128273,36247.0,nan,nan,2.7750000000000004,10.0,1.5000000000000002,0.0,10.0,0.85,CORE,MAIN,2.2433480772569503,0.25320224101163125,0.6,0.174,-49747.79075542815,STRUCTURAL,-0.4464773326410295,-191880.57616045373,27600.0,0,0,0,0,0,0,0,inf,inf,NA,1,5,5,5,24,6,0,0,CONTINUE,0,A,1,1,0,KEEP_STRUCTURAL_IN_ON_CUT,2,3,0,0,"tail_cont_enabled=1 tail_active_dims=(1,) tail_delta=0.1 tail_start=(6, 6, 6) returned_y=(0, 6, 2) returned_b=(0, 1, 0) returned_u=(0, 0, 0) returned_zcap=(0, 6, 2) max_tail_u=0",NA
120,P1_no_rho,298,1694.722106799949,5.670046299928799,4.8950624000281096,0.15092329995241016,0.01,88934.93645226264,88934.93645226264,-62569.21161900698,-39843.58940831653,0.0,-29275.27526260102,-72811.19328287573,-72811.1774887371,-49747.79075542815,-29275.27526260102,20472.51549282713,20670.19167668355,-35821.72936290954,38904.0,nan,nan,2.7750000000000004,10.0,1.5000000000000002,0.0,10.0,0.85,CORE,MAIN,2.2438001744366924,0.2543908489730746,0.6,0.174,-49747.79075542815,STRUCTURAL,-0.4620899609365927,-191880.57616045373,27600.0,0,0,0,0,0,0,0,inf,inf,NA,1,5,5,5,24,6,0,0,CONTINUE,0,A,1,1,0,KEEP_STRUCTURAL_IN_ON_CUT,2,3,0,0,"tail_cont_enabled=1 tail_active_dims=(1,) tail_delta=0.1 tail_start=(6, 6, 6) returned_y=(1, 0, 6) returned_b=(0, 0, 1) returned_u=(0, 0, 0) returned_zcap=(1, 0, 6) max_tail_u=0",NA
120,P1_no_rho,299,1698.5442776000127,5.670046299928799,3.8218511000741273,0.14995580003596842,0.01,91333.26937937367,91333.26937937367,-62569.21161900698,-39483.839469249884,0.0,-29275.27526260102,-73369.75243691767,-73369.73657847865,-49747.79075542815,-29275.27526260102,20472.51549282713,20670.19167668355,-34535.60199179464,37061.5,nan,nan,2.7750000000000004,10.0,1.5000000000000002,0.0,10.0,0.85,CORE,MAIN,2.244536673710024,0.2495607990402744,0.6,0.174,-49747.79075542815,STRUCTURAL,-0.475146483345602,-191880.57616045373,27600.0,0,0,0,0,0,0,0,inf,inf,NA,1,5,5,5,24,6,0,0,CONTINUE,0,A,1,1,0,KEEP_STRUCTURAL_IN_ON_CUT,2,3,0,0,"tail_cont_enabled=1 tail_active_dims=(1,) tail_delta=0.1 tail_start=(6, 6, 6) returned_y=(6, 0, 1) returned_b=(1, 0, 0) returned_u=(0, 0, 0) returned_zcap=(6, 0, 1) max_tail_u=0",NA
120,P1_no_rho,300,1708.8067649999866,5.670046299928799,10.261857700068504,0.1553754999767989,0.01,95997.10796750238,95997.10796750238,-62569.21161900698,-38784.26368103058,0.0,-29275.27526260102,-74305.20167900276,-74305.18533840329,-49747.79075542815,-29275.27526260102,20472.51549282713,20670.19167668355,-32509.139424596422,36827.0,nan,nan,2.7750000000000004,10.0,1.5000000000000002,0.0,10.0,0.85,CORE,MAIN,2.244726310240035,0.24269839511456337,0.6,0.174,-49747.79075542815,STRUCTURAL,-0.4801842228408852,-191880.57616045373,27600.0,0,0,0,0,0,0,0,inf,inf,NA,1,5,5,5,24,6,0,0,CONTINUE,0,A,1,1,0,KEEP_STRUCTURAL_IN_ON_CUT,2,3,0,0,"tail_cont_enabled=1 tail_active_dims=(1,) tail_delta=0.1 tail_start=(6, 6, 6) returned_y=(6, 0, 1) returned_b=(1, 0, 0) returned_u=(0, 0, 0) returned_zcap=(6, 0, 1) max_tail_u=0",NA
120,P1_no_rho,301,1713.7031070999801,5.670046299928799,4.895839800010435,0.1537828000728041,0.01,92778.82365307896,92778.82365307896,-62569.21161900698,-39267.00632819409,0.0,-29275.27526260102,-73698.11582682643,-73698.09991924986,-49747.79075542815,-29275.27526260102,20472.51549282713,20670.19167668355,-33092.82617474572,37801.5,nan,nan,2.7750000000000004,10.0,1.5000000000000002,0.0,10.0,0.85,CORE,MAIN,2.2454679672905966,0.23346229073558727,0.6,0.174,-49747.79075542815,STRUCTURAL,-0.4745299659858267,-191880.57616045373,27600.0,0,0,0,0,0,0,0,inf,inf,NA,1,5,5,5,24,6,0,0,CONTINUE,0,A,1,1,0,KEEP_STRUCTURAL_IN_ON_CUT,2,3,0,0,"tail_cont_enabled=1 tail_active_dims=(1,) tail_delta=0.1 tail_start=(6, 6, 6) returned_y=(6, 0, 1) returned_b=(1, 0, 0) returned_u=(0, 0, 0) returned_zcap=(6, 0, 1) max_tail_u=0",NA
120,P1_no_rho,302,1717.3719967999496,5.670046299928799,3.6685629999265075,0.1479573999531567,0.01,107593.73925694553,107593.73925694553,-62569.21161900698,-37044.7689876141,0.0,-29275.27526260102,-76700.95518556767,-76700.93950374078,-49747.79075542815,-29275.27526260102,20472.51549282713,20670.19167668355,-36707.15174502894,40909.5,nan,nan,2.7750000000000004,10.0,1.5000000000000002,0.0,10.0,0.85,CORE,MAIN,2.245649501916448,0.24352769457034418,0.6,0.174,-49747.79075542815,STRUCTURAL,-0.5097067535354264,-191880.57616045373,27600.0,0,0,0,0,0,0,0,inf,inf,NA,1,5,5,5,24,6,0,0,CONTINUE,0,A,1,1,0,KEEP_STRUCTURAL_IN_ON_CUT,2,3,0,0,"tail_cont_enabled=1 tail_active_dims=(1,) tail_delta=0.1 tail_start=(6, 6, 6) returned_y=(0, 6, 2) returned_b=(0, 1, 0) returned_u=(0, 0, 0) returned_zcap=(0, 6, 2) max_tail_u=0",NA
120,P1_no_rho,303,1722.4867089999607,5.670046299928799,5.114130700007081,0.15085550001822412,0.01,89087.01252336388,89087.01252336388,-62569.21161900698,-39820.77799765135,0.0,-29275.27526260102,-79193.36339564214,-79193.34758067949,-49747.79075542815,-29275.27526260102,20472.51549282713,20670.19167668355,-34022.869541995075,42414.5,nan,nan,2.7750000000000004,10.0,1.5000000000000002,0.0,10.0,0.85,CORE,MAIN,2.2452936707004243,0.26289528595428324,0.6,0.174,-49747.79075542815,STRUCTURAL,-0.5003308733706688,-191880.57616045373,27600.0,0,0,0,0,0,0,0,inf,inf,NA,1,5,5,5,24,6,0,0,CONTINUE,0,A,1,1,0,KEEP_STRUCTURAL_IN_ON_CUT,2,3,0,0,"tail_cont_enabled=1 tail_active_dims=(1,) tail_delta=0.1 tail_start=(6, 6, 6) returned_y=(0, 6, 2) returned_b=(0, 1, 0) returned_u=(0, 0, 0) returned_zcap=(0, 6, 2) max_tail_u=0",NA
120,P1_no_rho,304,1727.369983099983,5.670046299928799,4.882795299985446,0.1576780000468716,0.01,108941.38166393749,108941.38166393749,-62569.21161900698,-36842.62262656531,0.0,-29275.27526260102,-72084.5189961238,-72084.50317349962,-49747.79075542815,-29275.27526260102,20472.51549282713,20670.19167668355,-31831.194108661075,36505.5,nan,nan,2.7750000000000004,10.0,1.5000000000000002,0.0,10.0,0.85,CORE,MAIN,2.245586170848564,0.2642368556828181,0.6,0.174,-49747.79075542815,STRUCTURAL,-0.44371069830856213,-191880.57616045373,27600.0,0,0,0,0,0,0,0,inf,inf,NA,1,5,5,5,24,6,0,0,CONTINUE,0,A,1,1,0,KEEP_STRUCTURAL_IN_ON_CUT,2,3,0,0,"tail_cont_enabled=1 tail_active_dims=(1,) tail_delta=0.1 tail_start=(6, 6, 6) returned_y=(0, 6, 2) returned_b=(0, 1, 0) returned_u=(0, 0, 0) returned_zcap=(0, 6, 2) max_tail_u=0",NA
120,P1_no_rho,305,1738.0539519999875,5.670046299928799,10.683437300031073,0.15059600002132356,0.01,93362.85502408189,93362.85502408189,-62569.21161900698,-39179.40162254365,0.0,-29275.27526260102,-71825.62428952417,-71825.60801210685,-49747.79075542815,-29275.27526260102,20472.51549282713,20670.19167668355,-30317.898148179007,35219.0,nan,nan,2.7750000000000004,10.0,1.5000000000000002,0.0,10.0,0.85,CORE,MAIN,2.2464229183559206,0.24586828370228786,0.6,0.174,-49747.79075542815,STRUCTURAL,-0.45033697656741994,-191880.57616045373,27600.0,0,0,0,0,0,0,0,inf,inf,NA,1,5,5,5,24,6,0,0,CONTINUE,0,A,1,1,0,KEEP_STRUCTURAL_IN_ON_CUT,2,3,0,0,"tail_cont_enabled=1 tail_active_dims=(1,) tail_delta=0.1 tail_start=(6, 6, 6) returned_y=(6, 0, 1) returned_b=(1, 0, 0) returned_u=(0, 0, 0) returned_zcap=(6, 0, 1) max_tail_u=0",NA
120,P1_no_rho,306,1742.2471292000264,5.670046299928799,4.192386000067927,0.15777489996980876,0.01,90067.53326739238,90067.53326739238,-62569.21161900698,-39673.69988604708,0.0,-29275.27526260102,-72711.38283895401,-72711.3666537934,-49747.79075542815,-29275.27526260102,20472.51549282713,20670.19167668355,-31147.752486693407,35963.5,nan,nan,2.7750000000000004,10.0,1.5000000000000002,0.0,10.0,0.85,CORE,MAIN,2.2473585819841633,0.26299015903930606,0.6,0.174,-49747.79075542815,STRUCTURAL,-0.46045986319533116,-191880.57616045373,27600.0,0,0,0,0,0,0,0,inf,inf,NA,1,5,5,5,24,6,0,0,CONTINUE,0,A,1,1,0,KEEP_STRUCTURAL_IN_ON_CUT,2,3,0,0,"tail_cont_enabled=1 tail_active_dims=(1,) tail_delta=0.1 tail_start=(6, 6, 6) returned_y=(6, 0, 1) returned_b=(1, 0, 0) returned_u=(0, 0, 0) returned_zcap=(6, 0, 1) max_tail_u=0",NA
120,P1_no_rho,307,1747.2484229999827,5.670046299928799,5.00085539999418,0.15806279995013028,0.01,94649.56645063129,94649.56645063129,-62569.21161900698,-38986.39490856124,0.0,-29275.27526260102,-73183.57380752543,-73183.55784751018,-49747.79075542815,-29275.27526260102,20472.51549282713,20670.19167668355,-31514.06121441214,36867.0,nan,nan,2.7750000000000004,10.0,1.5000000000000002,0.0,10.0,0.85,CORE,MAIN,2.248045380907099,0.26200323299522,0.6,0.174,-49747.79075542815,STRUCTURAL,-0.46273035223212583,-191880.57616045373,27600.0,0,0,0,0,0,0,0,inf,inf,NA,1,5,5,5,24,6,0,0,CONTINUE,0,A,1,1,0,KEEP_STRUCTURAL_IN_ON_CUT,2,3,0,0,"tail_cont_enabled=1 tail_active_dims=(1,) tail_delta=0.1 tail_start=(6, 6, 6) returned_y=(6, 0, 1) returned_b=(1, 0, 0) returned_u=(0, 0, 0) returned_zcap=(6, 0, 1) max_tail_u=0",NA
120,P1_no_rho,308,1750.9467049000086,5.670046299928799,3.6977910000132397,0.14960520004387945,0.01,92455.7890739054,92455.7890739054,-62569.21161900698,-39315.46151507012,0.0,-29275.27526260102,-72962.09027359431,-72962.0745292776,-49747.79075542815,-29275.27526260102,20472.51549282713,20670.19167668355,-33920.38294666906,37583.0,nan,nan,2.7750000000000004,10.0,1.5000000000000002,0.0,10.0,0.85,CORE,MAIN,2.24896381738509,0.2649342678696367,0.6,0.174,-49747.79075542815,STRUCTURAL,-0.4720392332255866,-191880.57616045373,27600.0,0,0,0,0,0,0,0,inf,inf,NA,1,5,5,5,24,6,0,0,CONTINUE,0,A,1,1,0,KEEP_STRUCTURAL_IN_ON_CUT,2,3,0,0,"tail_cont_enabled=1 tail_active_dims=(1,) tail_delta=0.1 tail_start=(6, 6, 6) returned_y=(6, 0, 1) returned_b=(1, 0, 0) returned_u=(0, 0, 0) returned_zcap=(6, 0, 1) max_tail_u=0",NA
120,P1_no_rho,309,1755.596618499956,5.670046299928799,4.6494710999540985,0.15367270004935563,0.01,88818.07818398447,88818.07818398447,-62569.21161900698,-39861.118148558264,0.0,-29275.27526260102,-73165.08161916643,-73165.06616621534,-49747.79075542815,-29275.27526260102,20472.51549282713,20670.19167668355,-38760.3597152026,40190.5,nan,nan,2.7750000000000004,10.0,1.5000000000000002,0.0,10.0,0.85,CORE,MAIN,2.250114406609354,0.25544108140799215,0.6,0.174,-49747.79075542815,STRUCTURAL,-0.48219227468097375,-191880.57616045373,27600.0,0,0,0,0,0,0,0,inf,inf,NA,1,5,5,5,24,6,0,0,CONTINUE,0,A,1,1,0,KEEP_STRUCTURAL_IN_ON_CUT,2,3,0,0,"tail_cont_enabled=1 tail_active_dims=(1,) tail_delta=0.1 tail_start=(6, 6, 6) returned_y=(1, 0, 6) returned_b=(0, 0, 1) returned_u=(0, 0, 0) returned_zcap=(1, 0, 6) max_tail_u=0",NA
120,P1_no_rho,310,1766.3307270000223,5.670046299928799,10.733582300017588,0.14984119997825474,0.01,81285.33140286995,81285.33140286995,-62569.21161900698,-40991.03016572544,0.0,-29275.27526260102,-72115.43632123043,-72115.42107218516,-49747.79075542815,-29275.27526260102,20472.51549282713,20670.19167668355,-38973.09757029352,39728.0,nan,nan,2.7750000000000004,10.0,1.5000000000000002,0.0,10.0,0.85,CORE,MAIN,2.251106225538522,0.24262953878663873,0.6,0.174,-49747.79075542815,STRUCTURAL,-0.45135927789386376,-191880.57616045373,27600.0,0,0,0,0,0,0,0,inf,inf,NA,1,5,5,5,24,6,0,0,CONTINUE,0,A,1,1,0,KEEP_STRUCTURAL_IN_ON_CUT,2,3,0,0,"tail_cont_enabled=1 tail_active_dims=(1,) tail_delta=0.1 tail_start=(6, 6, 6) returned_y=(1, 0, 6) returned_b=(0, 0, 1) returned_u=(0, 0, 0) returned_zcap=(1, 0, 6) max_tail_u=0",NA
120,P1_no_rho,311,1771.2222755999537,5.670046299928799,4.891144399996847,0.1529093999415636,0.01,97642.51544972445,97642.51544972445,-62569.21161900698,-38537.45255869727,0.0,-29275.27526260102,-77834.95064729203,-77834.93492234623,-49747.79075542815,-29275.27526260102,20472.51549282713,20670.19167668355,-36598.13229368864,41619.0,nan,nan,2.7750000000000004,10.0,1.5000000000000002,0.0,10.0,0.85,CORE,MAIN,2.2500190205863198,0.24051324584233402,0.6,0.174,-49747.79075542815,STRUCTURAL,-0.512762382860641,-191880.57616045373,27600.0,0,0,0,0,0,0,0,inf,inf,NA,1,5,5,5,24,6,0,0,CONTINUE,0,A,1,1,0,KEEP_STRUCTURAL_IN_ON_CUT,2,3,0,0,"tail_cont_enabled=1 tail_active_dims=(1,) tail_delta=0.1 tail_start=(6, 6, 6) returned_y=(0, 6, 2) returned_b=(0, 1, 0) returned_u=(0, 0, 0) returned_zcap=(0, 6, 2) max_tail_u=0",NA
120,P1_no_rho,312,1775.6405660000164,5.670046299928799,4.4177280000876635,0.15585580002516508,0.01,131612.19825938734,131612.19825938734,-62569.21161900698,-33442.00013724783,0.0,-29275.27526260102,-82943.00143056369,-82942.98618100928,-49747.79075542815,-29275.27526260102,20472.51549282713,20670.19167668355,-38985.7618745754,45694.0,nan,nan,2.7750000000000004,10.0,1.5000000000000002,0.0,10.0,0.85,CORE,MAIN,2.2460681643847975,0.2162946286890226,0.6,0.174,-49747.79075542815,STRUCTURAL,-0.5522604708512584,-191880.57616045373,27600.0,0,0,0,0,0,0,0,inf,inf,NA,1,5,5,5,24,6,0,0,CONTINUE,0,A,1,1,0,KEEP_STRUCTURAL_IN_ON_CUT,2,3,0,0,"tail_cont_enabled=1 tail_active_dims=(1,) tail_delta=0.1 tail_start=(6, 6, 6) returned_y=(0, 6, 2) returned_b=(0, 1, 0) returned_u=(0, 0, 0) returned_zcap=(0, 6, 2) max_tail_u=0",NA
120,P1_no_rho,313,1780.252335999976,5.670046299928799,4.611242400016636,0.15866499999538064,0.01,106126.83655386098,106126.83655386098,-62569.21161900698,-37264.80439307679,0.0,-29275.27526260102,-71162.2800086103,-71162.26400679653,-49747.79075542815,-29275.27526260102,20472.51549282713,20670.19167668355,-30473.107282112585,34921.5,nan,nan,2.7750000000000004,10.0,1.5000000000000002,0.0,10.0,0.85,CORE,MAIN,2.2445851391406504,0.23514287753272356,0.6,0.174,-49747.79075542815,STRUCTURAL,-0.44101568806892605,-191880.57616045373,27600.0,0,0,0,0,0,0,0,inf,inf,NA,1,5,5,5,24,6,0,0,CONTINUE,0,A,1,1,0,KEEP_STRUCTURAL_IN_ON_CUT,2,3,0,0,"tail_cont_enabled=1 tail_active_dims=(1,) tail_delta=0.1 tail_start=(6, 6, 6) returned_y=(6, 0, 1) returned_b=(1, 0, 0) returned_u=(0, 0, 0) returned_zcap=(6, 0, 1) max_tail_u=0",NA
120,P1_no_rho,314,1784.118488100008,5.670046299928799,3.8656596000073478,0.15213219996076077,0.01,106462.25394894027,106462.25394894027,-62569.21161900698,-37214.49178381489,0.0,-29275.27526260102,-74874.19670838916,-74874.18073190334,-49747.79075542815,-29275.27526260102,20472.51549282713,20670.19167668355,-34942.10120299045,37749.5,nan,nan,2.7750000000000004,10.0,1.5000000000000002,0.0,10.0,0.85,CORE,MAIN,2.2434077952301887,0.23332074220469723,0.6,0.174,-49747.79075542815,STRUCTURAL,-0.4947158118277076,-191880.57616045373,27600.0,0,0,0,0,0,0,0,inf,inf,NA,1,5,5,5,24,6,0,0,CONTINUE,0,A,1,1,0,KEEP_STRUCTURAL_IN_ON_CUT,2,3,0,0,"tail_cont_enabled=1 tail_active_dims=(1,) tail_delta=0.1 tail_start=(6, 6, 6) returned_y=(6, 0, 1) returned_b=(1, 0, 0) returned_u=(0, 0, 0) returned_zcap=(6, 0, 1) max_tail_u=0",NA
120,P1_no_rho,315,1794.0692459000275,5.670046299928799,9.94992580008693,0.15374000009614974,0.01,100705.99299970154,100705.99299970154,-62569.21161900698,-38077.9309262007,0.0,-29275.27526260102,-71933.75490995872,-71933.73876576472,-49747.79075542815,-29275.27526260102,20472.51549282713,20670.19167668355,-28694.484479750467,35377.0,nan,nan,2.7750000000000004,10.0,1.5000000000000002,0.0,10.0,0.85,CORE,MAIN,2.2437176145548543,0.25471030607100253,0.6,0.174,-49747.79075542815,STRUCTURAL,-0.4382994033495963,-191880.57616045373,27600.0,0,0,0,0,0,0,0,inf,inf,NA,1,5,5,5,24,6,0,0,CONTINUE,0,A,1,1,0,KEEP_STRUCTURAL_IN_ON_CUT,2,3,0,0,"tail_cont_enabled=1 tail_active_dims=(1,) tail_delta=0.1 tail_start=(6, 6, 6) returned_y=(6, 0, 1) returned_b=(1, 0, 0) returned_u=(0, 0, 0) returned_zcap=(6, 0, 1) max_tail_u=0",NA
