S,algo,t,wall_time_sec,init_time_sec,outer_iter_time_sec,inner_time_sec,eps_in_t,eta_t_star,eta_out,eta_in,eta_sep,eta_cap,eta_bracket,inner_lb,inner_ub,global_lb,global_ub,outer_gap,objective_cert_gap,best_ub_primal_obj,best_ub_primal_residual,returned_primal_obj,returned_primal_residual,lambda_inf,lambda_out_inf,lambda_in_inf,rho,theta,alpha_eff,phase_label,phase_reason,center_inf,center_step,anchor_mix,directional_beta,dual_inc_eta,sep_anchor_reason,alpha_signal,best_feas_eta,best_feas_residual,close_signal_streak,close_lock_counter,close_bc_count,close_case_c_count,close_reset_count,close_feas_lock_count,close_shadow_active,close_repaired_gap,close_repaired_residual,close_repaired_tag,inner_rnc_iters,inner_eval_calls,num_rnc_samples,num_rnc_kept_cuts,num_master_cuts,cut_added,outer_gap_certified,final_solution_found,stop_reason,sep_ok,case_label,sep_cut,out_cut,mispricing_streak,in_update_reason,add_geo,add_sup,add_rep,cap_promoted,z_best_ub,returned_z
120,P1_no_rho,1,14.655755599960685,5.907733500003815,8.747924200026318,4.386823800043203,0.01,0.0,0.0,-66097.9143033604,0.0,0.0,-21715.30458513836,-66097.9143033604,-66097.9041459419,-66097.9143033604,-21715.30458513836,44382.60971822204,44382.60971822205,-66097.90414594191,81720.0,nan,nan,0.0,0.0,0.0,0.0,10.0,0.0,HEADING_IN,WARMUP,0.0,0.0,0.8,0.0,-66097.9143033604,BOOT_NONE,0.0,-66097.9143033604,81720.0,0,0,0,0,0,0,0,inf,inf,NA,1,2,2,2,2,5,0,0,CONTINUE,0,A,1,1,0,BOOT_VALID_FROM_CUT,2,2,0,0,"tail_cont_enabled=1 tail_active_dims=(1,) tail_delta=0.1 tail_start=(6, 6, 6) returned_y=(0, 0, 0) returned_b=(0, 0, 0) returned_u=(0, 0, 0) returned_zcap=(0, 0, 0) max_tail_u=0",NA
120,P1_no_rho,2,19.86147979996167,5.907733500003815,5.205186999985017,1.543369699968025,0.01,535174.0958540582,535174.0958540582,-66097.9143033604,354792.4928068326,0.0,-21715.30458513836,-183670.51992601485,-183670.43353366494,-66097.9143033604,-21715.30458513836,44382.60971822204,44382.60971822205,1129.5664663350701,26400.0,nan,nan,7.0,10.0,0.0,0.0,10.0,0.3,HEADING_IN,WARMUP,0.2667282332738565,0.2667282332738565,0.8,0.0,-66097.9143033604,STRUCTURAL,-1.0,-183670.51992601485,26400.0,0,0,0,0,0,0,0,inf,inf,NA,2,3,3,3,4,7,0,0,CONTINUE,0,A,1,1,0,KEEP_STRUCTURAL_IN_ON_CUT,2,3,1,0,"tail_cont_enabled=1 tail_active_dims=(1,) tail_delta=0.1 tail_start=(6, 6, 6) returned_y=(0, 4, 4) returned_b=(0, 0, 0) returned_u=(0, 0, 0) returned_zcap=(0, 4, 4) max_tail_u=0",NA
120,P1_no_rho,3,23.858936700038612,5.907733500003815,3.9970555000472814,0.16957829997409135,0.01,49057.56646633507,49057.56646633507,-66097.9143033604,14510.922235426428,0.0,-21715.30458513836,-407395.08442623215,-407395.00633094076,-66097.9143033604,-21715.30458513836,44382.60971822204,44382.60971822205,-29619.13905663499,61837.0,nan,nan,7.0,10.0,0.0,0.0,10.0,0.3,HEADING_IN,WARMUP,0.476746944948504,0.2341649951969403,0.8,0.0,-66097.9143033604,STRUCTURAL,-0.8727457839026234,-183670.51992601485,26400.0,0,0,0,0,0,0,0,inf,inf,NA,2,4,4,4,8,7,0,0,CONTINUE,0,A,1,1,0,KEEP_STRUCTURAL_IN_ON_CUT,2,3,1,0,"tail_cont_enabled=1 tail_active_dims=(1,) tail_delta=0.1 tail_start=(6, 6, 6) returned_y=(6, 0, 1) returned_b=(1, 0, 0) returned_u=(0, 0, 0) returned_zcap=(6, 0, 1) max_tail_u=0",NA
120,P1_no_rho,4,29.191583600011654,5.907733500003815,5.332260900060646,0.1925873999716714,0.01,8518.330072267096,8518.330072267096,-66097.9143033604,-13866.543240421153,0.0,-21715.30458513836,-204789.08639052816,-204789.04164614616,-66097.9143033604,-21715.30458513836,44382.60971822204,44382.60971822205,-49102.672195533625,55919.0,nan,nan,7.0,10.0,0.0,0.0,10.0,0.3,HEADING_IN,WARMUP,1.0212561299567762,0.5445091850082722,0.8,0.0,-66097.9143033604,STRUCTURAL,-0.39773440014156347,-183670.51992601485,26400.0,0,0,0,0,0,0,0,inf,inf,NA,2,5,5,5,12,7,0,0,CONTINUE,0,A,1,1,0,KEEP_STRUCTURAL_IN_ON_CUT,2,3,1,0,"tail_cont_enabled=1 tail_active_dims=(1,) tail_delta=0.1 tail_start=(6, 6, 6) returned_y=(6, 1, 0) returned_b=(1, 0, 0) returned_u=(0, 0, 0) returned_zcap=(6, 1, 0) max_tail_u=0",NA
120,P1_no_rho,5,42.59051859995816,5.907733500003815,13.39851039997302,0.19753770006354898,0.01,5657.170435796038,5657.170435796038,-66097.9143033604,-15869.354985950893,0.0,-21715.30458513836,-290118.18496374914,-290118.113345184,-66097.9143033604,-21715.30458513836,44382.60971822204,44382.60971822205,-35236.19332608437,51931.5,nan,nan,7.0,10.0,0.0,0.0,10.0,0.3,HEADING_IN,WARMUP,1.202277647245888,0.5631851167134831,0.8,0.0,-66097.9143033604,STRUCTURAL,-0.7011486835518206,-183670.51992601485,26400.0,0,0,0,0,0,0,0,inf,inf,NA,1,5,5,5,16,6,0,0,CONTINUE,0,A,1,1,0,KEEP_STRUCTURAL_IN_ON_CUT,2,3,0,0,"tail_cont_enabled=1 tail_active_dims=(1,) tail_delta=0.1 tail_start=(6, 6, 6) returned_y=(6, 1, 0) returned_b=(1, 0, 0) returned_u=(0, 0, 0) returned_zcap=(6, 1, 0) max_tail_u=0",NA
120,P1_no_rho,6,45.73100210004486,5.907733500003815,3.140078100026585,0.19140170002356172,0.01,-3121.1524539644743,-3121.1524539644743,-66097.9143033604,-22014.181008783253,0.0,-21715.30458513836,-275275.16893908643,-275275.0976620249,-66097.9143033604,-21715.30458513836,44382.60971822204,44382.60971822205,-35818.024940104086,42852.5,nan,nan,7.0,10.0,0.0,0.0,10.0,0.3,HEADING_IN,WARMUP,1.6110416782625712,0.5346932469400496,0.8,0.0,-66097.9143033604,STRUCTURAL,-0.7982767223846612,-183670.51992601485,26400.0,0,0,0,0,0,0,0,inf,inf,NA,1,5,5,5,19,6,0,0,CONTINUE,0,A,1,1,0,KEEP_STRUCTURAL_IN_ON_CUT,2,3,0,0,"tail_cont_enabled=1 tail_active_dims=(1,) tail_delta=0.1 tail_start=(6, 6, 6) returned_y=(6, 1, 0) returned_b=(1, 0, 0) returned_u=(0, 0, 0) returned_zcap=(6, 1, 0) max_tail_u=0",NA
120,P1_no_rho,7,49.84916600002907,5.907733500003815,4.117493800004013,0.22311030002310872,0.01,-5924.764554450001,-5924.764554450001,-66097.9143033604,-23976.70947912312,0.0,-21715.30458513836,-301977.96527217084,-301977.88757677126,-66097.9143033604,-21715.30458513836,44382.60971822204,44382.60971822205,-31827.417806611913,45434.5,nan,nan,7.0,10.0,0.0,0.0,10.0,0.3,HEADING_IN,WARMUP,1.9952321701028035,0.7294374624431226,0.8,0.0,-66097.9143033604,STRUCTURAL,-0.8494189273103019,-183670.51992601485,26400.0,0,0,0,0,0,0,0,inf,inf,NA,2,6,6,6,21,7,0,0,CONTINUE,0,A,1,1,0,KEEP_STRUCTURAL_IN_ON_CUT,2,3,1,0,"tail_cont_enabled=1 tail_active_dims=(1,) tail_delta=0.1 tail_start=(6, 6, 6) returned_y=(0, 6, 2) returned_b=(0, 1, 0) returned_u=(0, 0, 0) returned_zcap=(0, 6, 2) max_tail_u=0",NA
120,P1_no_rho,8,55.416920999996364,5.907733500003815,5.567212100024335,0.21802789997309446,0.01,-3928.490126732533,-3928.490126732533,-66097.9143033604,-22579.317379720895,0.0,-21715.30458513836,-404488.4266264363,-404488.34534145973,-66097.9143033604,-21715.30458513836,44382.60971822204,44382.60971822205,-40704.0678838469,58398.5,nan,nan,7.0,10.0,0.0,0.0,10.0,0.3,HEADING_IN,WARMUP,2.095275995133195,0.6764935685078546,0.8,0.0,-66097.9143033604,STRUCTURAL,-0.8899061190603301,-183670.51992601485,26400.0,0,0,0,0,0,0,0,inf,inf,NA,2,6,6,6,22,7,0,0,CONTINUE,0,A,1,1,0,KEEP_STRUCTURAL_IN_ON_CUT,2,3,1,0,"tail_cont_enabled=1 tail_active_dims=(1,) tail_delta=0.1 tail_start=(6, 6, 6) returned_y=(0, 2, 6) returned_b=(0, 0, 1) returned_u=(0, 0, 0) returned_zcap=(0, 2, 6) max_tail_u=0",NA
120,P1_no_rho,9,60.5053744999459,5.907733500003815,5.088088499964215,0.18049619998782873,0.01,238535.5312943039,238535.5312943039,-66097.9143033604,-20402.897463710753,0.0,-21717.21736997035,-50697.435320686884,-50697.42408514199,-50697.435320686884,-21717.21736997035,28980.217950716535,28982.130735548526,-12819.981760083216,36071.0,nan,nan,1.5000000000000002,10.0,0.0,0.0,10.0,0.85,CORE,FORCE_CORE,1.5427501667904193,1.0912678163288585,0.6,0.174,-50697.435320686884,STRUCTURAL,-0.7000534561477599,-183670.51992601485,26400.0,0,0,0,0,0,0,0,inf,inf,NA,1,5,5,5,23,6,0,0,CONTINUE,0,A,1,1,0,KEEP_STRUCTURAL_IN_ON_CUT,2,3,0,0,"tail_cont_enabled=1 tail_active_dims=(1,) tail_delta=0.1 tail_start=(6, 6, 6) returned_y=(0, 2, 6) returned_b=(0, 0, 1) returned_u=(0, 0, 0) returned_zcap=(0, 2, 6) max_tail_u=0",NA
120,P1_no_rho,10,77.76406079996377,5.907733500003815,17.25829040003009,0.21798459999263287,0.01,108022.44114549311,108022.44114549311,-66097.9143033604,-39979.86098603238,0.0,-21717.21736997035,-86167.80001038649,-86167.7844415088,-50697.435320686884,-21717.21736997035,28980.217950716535,28980.217950716535,-27469.94187296513,47391.5,nan,nan,1.5000000000000002,10.0,0.0,0.0,10.0,0.85,CORE,FORCE_CORE,1.2431621516344429,0.7256815842944032,0.6,0.12,-50697.435320686884,STRUCTURAL,-0.8257154773682155,-183670.51992601485,26400.0,0,0,0,0,0,0,0,inf,inf,NA,1,5,5,5,23,6,0,0,CONTINUE,0,A,1,1,0,KEEP_STRUCTURAL_IN_ON_CUT,2,3,0,0,"tail_cont_enabled=1 tail_active_dims=(1,) tail_delta=0.1 tail_start=(6, 6, 6) returned_y=(6, 0, 1) returned_b=(1, 0, 0) returned_u=(0, 0, 0) returned_zcap=(6, 0, 1) max_tail_u=0",NA
120,P1_no_rho,11,82.50252019998152,5.907733500003815,4.737930999952368,0.2132237000623718,0.01,67713.8208143378,67713.8208143378,-66097.9143033604,-46026.15403570567,0.0,-21717.21736997035,-81716.00427111758,-81715.9886877115,-50697.435320686884,-21717.21736997035,28980.217950716535,28980.217950716535,-22194.27637079071,41913.5,nan,nan,1.5000000000000002,10.0,0.0,0.0,10.0,0.85,CORE,FORCE_CORE,1.1976655087954367,0.480871304907712,0.6,0.13799999999999998,-50697.435320686884,STRUCTURAL,-0.9467389157339251,-183670.51992601485,26400.0,0,0,0,0,0,0,0,inf,inf,NA,1,5,5,5,23,6,0,0,CONTINUE,0,A,1,1,0,KEEP_STRUCTURAL_IN_ON_CUT,2,3,0,0,"tail_cont_enabled=1 tail_active_dims=(1,) tail_delta=0.1 tail_start=(6, 6, 6) returned_y=(6, 0, 1) returned_b=(1, 0, 0) returned_u=(0, 0, 0) returned_zcap=(6, 0, 1) max_tail_u=0",NA
120,P1_no_rho,12,87.73159560002387,5.907733500003815,5.22862750000786,0.2074556000297889,0.01,63445.30250546339,63445.30250546339,-66097.9143033604,-46666.43178203683,0.0,-21717.21736997035,-75140.90824617913,-75140.8936813417,-50697.435320686884,-21717.21736997035,28980.217950716535,28980.217950716535,-24667.085985308302,41862.0,nan,nan,1.5000000000000002,10.0,0.0,0.0,10.0,0.85,CORE,FORCE_CORE,1.1736505993256334,0.3353005986690389,0.6,0.156,-50697.435320686884,STRUCTURAL,-0.8038126494359783,-183670.51992601485,26400.0,0,0,0,0,0,0,0,inf,inf,NA,1,5,5,5,23,6,0,0,CONTINUE,0,A,1,1,0,KEEP_STRUCTURAL_IN_ON_CUT,2,3,0,0,"tail_cont_enabled=1 tail_active_dims=(1,) tail_delta=0.1 tail_start=(6, 6, 6) returned_y=(6, 0, 1) returned_b=(1, 0, 0) returned_u=(0, 0, 0) returned_zcap=(6, 0, 1) max_tail_u=0",NA
120,P1_no_rho,13,93.80749349994585,5.907733500003815,6.075290899956599,0.19860569993034005,0.01,43693.49443304465,43693.49443304465,-66097.9143033604,-49629.20299289965,0.0,-21717.21736997035,-65488.839836718944,-65488.82669344,-50697.435320686884,-21717.21736997035,28980.217950716535,28980.217950716535,-21177.671591186885,35757.5,nan,nan,1.5000000000000002,10.0,0.0,0.0,10.0,0.85,CORE,FORCE_CORE,1.1656753597126295,0.2819538834743043,0.6,0.174,-50697.435320686884,STRUCTURAL,-0.8261419301732149,-183670.51992601485,26400.0,0,0,0,0,0,0,0,inf,inf,NA,1,5,5,5,23,6,0,0,CONTINUE,0,A,1,1,0,KEEP_STRUCTURAL_IN_ON_CUT,2,3,0,0,"tail_cont_enabled=1 tail_active_dims=(1,) tail_delta=0.1 tail_start=(6, 6, 6) returned_y=(6, 0, 1) returned_b=(1, 0, 0) returned_u=(0, 0, 0) returned_zcap=(6, 0, 1) max_tail_u=0",NA
120,P1_no_rho,14,99.03639679995831,5.907733500003815,5.2283929999684915,0.18958330003079027,0.01,46880.45710456851,46880.45710456851,-66097.9143033604,-49151.158592171065,0.0,-21717.21736997035,-78549.6144231513,-78549.59934883578,-50697.435320686884,-21717.21736997035,28980.217950716535,28980.217950716535,-21369.921941404817,40707.5,nan,nan,1.5000000000000002,10.0,0.0,0.0,10.0,0.85,CORE,FORCE_CORE,1.162740271409062,0.2419540306519865,0.6,0.174,-50697.435320686884,STRUCTURAL,-0.9364314914521229,-183670.51992601485,26400.0,0,0,0,0,0,0,0,inf,inf,NA,1,5,5,5,23,6,0,0,CONTINUE,0,A,1,1,0,KEEP_STRUCTURAL_IN_ON_CUT,2,3,0,0,"tail_cont_enabled=1 tail_active_dims=(1,) tail_delta=0.1 tail_start=(6, 6, 6) returned_y=(0, 2, 6) returned_b=(0, 0, 1) returned_u=(0, 0, 0) returned_zcap=(0, 2, 6) max_tail_u=0",NA
120,P1_no_rho,15,115.60946700000204,5.907733500003815,16.572260500048287,0.19343989994376898,0.01,23426.02809234057,23426.02809234057,-66097.9143033604,-52669.32294400526,0.0,-21717.21736997035,-82581.8934215364,-82581.877864528,-50697.435320686884,-21717.21736997035,28980.217950716535,28980.217950716535,-25224.13664907484,42307.5,nan,nan,1.5000000000000002,10.0,0.0,0.0,10.0,0.85,CORE,MAIN,1.172721594557287,0.23779294990643873,0.6,0.174,-50697.435320686884,STRUCTURAL,-0.9038230607725681,-183670.51992601485,26400.0,0,0,0,0,0,0,0,inf,inf,NA,1,5,5,5,23,6,0,0,CONTINUE,0,A,1,1,0,KEEP_STRUCTURAL_IN_ON_CUT,2,3,0,0,"tail_cont_enabled=1 tail_active_dims=(1,) tail_delta=0.1 tail_start=(6, 6, 6) returned_y=(0, 2, 6) returned_b=(0, 0, 1) returned_u=(0, 0, 0) returned_zcap=(0, 2, 6) max_tail_u=0",NA
120,P1_no_rho,16,121.09758409997448,5.907733500003815,5.487739200005308,0.2229128999169916,0.01,145315.8833378684,145315.8833378684,-66097.9143033604,-34385.84465717608,0.0,-21717.21736997035,-76514.87172905332,-76514.85638554333,-50697.435320686884,-21717.21736997035,28980.217950716535,28980.217950716535,-19563.054605649275,39972.0,nan,nan,1.5000000000000002,10.0,0.0,0.0,10.0,0.85,CORE,MAIN,1.180104686800151,0.2560553462059647,0.6,0.174,-50697.435320686884,STRUCTURAL,-0.9498615994511829,-183670.51992601485,26400.0,0,0,0,0,0,0,0,inf,inf,NA,1,5,5,5,23,6,0,0,CONTINUE,0,A,1,1,0,KEEP_STRUCTURAL_IN_ON_CUT,2,3,0,0,"tail_cont_enabled=1 tail_active_dims=(1,) tail_delta=0.1 tail_start=(6, 6, 6) returned_y=(0, 2, 6) returned_b=(0, 0, 1) returned_u=(0, 0, 0) returned_zcap=(0, 2, 6) max_tail_u=0",NA
120,P1_no_rho,17,125.19499710004311,5.907733500003815,4.09692120004911,0.19929110002703965,0.01,56894.60076621863,56894.60076621863,-66097.9143033604,-47649.03704292355,0.0,-21717.21736997035,-67442.96311347478,-67442.94897438683,-50697.435320686884,-21717.21736997035,28980.217950716535,28980.217950716535,-17166.693472183866,36123.0,nan,nan,1.5000000000000002,10.0,0.0,0.0,10.0,0.85,CORE,MAIN,1.1875327785508338,0.26545060361673034,0.6,0.174,-50697.435320686884,STRUCTURAL,-0.9278715407949317,-183670.51992601485,26400.0,0,0,0,0,0,0,0,inf,inf,NA,1,5,5,5,23,6,0,0,CONTINUE,0,A,1,1,0,KEEP_STRUCTURAL_IN_ON_CUT,2,3,0,0,"tail_cont_enabled=1 tail_active_dims=(1,) tail_delta=0.1 tail_start=(6, 6, 6) returned_y=(6, 1, 0) returned_b=(1, 0, 0) returned_u=(0, 0, 0) returned_zcap=(6, 1, 0) max_tail_u=0",NA
120,P1_no_rho,18,129.8939489000477,5.907733500003815,4.698525400017388,0.19458329991903156,0.01,53947.79954765562,53947.79954765562,-66097.9143033604,-48091.057225708,0.0,-21717.21736997035,-76141.1045285382,-76141.0891400124,-50697.435320686884,-21717.21736997035,28980.217950716535,28980.217950716535,-22704.536319334806,38854.5,nan,nan,1.5000000000000002,10.0,0.0,0.0,10.0,0.85,CORE,MAIN,1.191657087637945,0.24460682000671163,0.6,0.174,-50697.435320686884,STRUCTURAL,-0.9168659626843325,-183670.51992601485,26400.0,0,0,0,0,0,0,0,inf,inf,NA,1,5,5,5,23,6,0,0,CONTINUE,0,A,1,1,0,KEEP_STRUCTURAL_IN_ON_CUT,2,3,0,0,"tail_cont_enabled=1 tail_active_dims=(1,) tail_delta=0.1 tail_start=(6, 6, 6) returned_y=(6, 1, 0) returned_b=(1, 0, 0) returned_u=(0, 0, 0) returned_zcap=(6, 1, 0) max_tail_u=0",NA
120,P1_no_rho,19,134.82643569994252,5.907733500003815,4.9317252999171615,0.21005709993187338,0.01,39169.76615461597,39169.76615461597,-66097.9143033604,-50307.76223466395,0.0,-21717.21736997035,-62153.51476824707,-62153.50121894316,-50697.435320686884,-21717.21736997035,28980.217950716535,28980.217950716535,-16469.45421487686,33761.0,nan,nan,1.5000000000000002,10.0,0.0,0.0,10.0,0.85,CORE,MAIN,1.1940216454910586,0.2754920823238327,0.6,0.174,-50697.435320686884,STRUCTURAL,-0.9021069084459641,-183670.51992601485,26400.0,0,0,0,0,0,0,0,inf,inf,NA,1,5,5,5,23,6,0,0,CONTINUE,0,A,1,1,0,KEEP_STRUCTURAL_IN_ON_CUT,2,3,0,0,"tail_cont_enabled=1 tail_active_dims=(1,) tail_delta=0.1 tail_start=(6, 6, 6) returned_y=(6, 1, 0) returned_b=(1, 0, 0) returned_u=(0, 0, 0) returned_zcap=(6, 1, 0) max_tail_u=0",NA
120,P1_no_rho,20,146.50892639998347,5.907733500003815,11.681888399994932,0.19558339996729046,0.01,50723.74180243049,50723.74180243049,-66097.9143033604,-48574.66588749177,0.0,-21717.21736997035,-76900.55226954998,-76900.53727424887,-50697.435320686884,-21717.21736997035,28980.217950716535,28980.217950716535,-22651.785452224765,38540.0,nan,nan,1.5000000000000002,10.0,0.0,0.0,10.0,0.85,CORE,MAIN,1.1941947666063157,0.2652306547476657,0.6,0.174,-50697.435320686884,STRUCTURAL,-0.9383973676184759,-183670.51992601485,26400.0,0,0,0,0,0,0,0,inf,inf,NA,1,5,5,5,23,6,0,0,CONTINUE,0,A,1,1,0,KEEP_STRUCTURAL_IN_ON_CUT,2,3,0,0,"tail_cont_enabled=1 tail_active_dims=(1,) tail_delta=0.1 tail_start=(6, 6, 6) returned_y=(6, 1, 0) returned_b=(1, 0, 0) returned_u=(0, 0, 0) returned_zcap=(6, 1, 0) max_tail_u=0",NA
120,P1_no_rho,21,151.33695809997153,5.907733500003815,4.827256400021724,0.1903184000402689,0.01,55676.19157438493,55676.19157438493,-66097.9143033604,-47831.79842169861,0.0,-21717.21736997035,-81496.28545067161,-81496.26962014638,-50697.435320686884,-21717.21736997035,28980.217950716535,28980.217950716535,-23469.686900213168,40976.0,nan,nan,1.5000000000000002,10.0,0.0,0.0,10.0,0.85,CORE,MAIN,1.192806152421396,0.24842854335159226,0.6,0.174,-50697.435320686884,STRUCTURAL,-0.9440742991008266,-183670.51992601485,26400.0,0,0,0,0,0,0,0,inf,inf,NA,1,5,5,5,23,6,0,0,CONTINUE,0,A,1,1,0,KEEP_STRUCTURAL_IN_ON_CUT,2,3,0,0,"tail_cont_enabled=1 tail_active_dims=(1,) tail_delta=0.1 tail_start=(6, 6, 6) returned_y=(0, 2, 6) returned_b=(0, 0, 1) returned_u=(0, 0, 0) returned_zcap=(0, 2, 6) max_tail_u=0",NA
120,P1_no_rho,22,157.24780270003248,5.907733500003815,5.9104117000242695,0.20020020008087158,0.01,69671.22625765511,69671.22625765511,-66097.9143033604,-45732.54321920808,0.0,-21717.21736997035,-88739.00858105051,-88738.99215392425,-50697.435320686884,-21717.21736997035,28980.217950716535,28980.217950716535,-25451.85017000974,45240.0,nan,nan,1.5000000000000002,10.0,0.0,0.0,10.0,0.85,CORE,MAIN,1.1890816142595344,0.21636426204728543,0.6,0.174,-50697.435320686884,STRUCTURAL,-0.9326133507797596,-183670.51992601485,26400.0,0,0,0,0,0,0,0,inf,inf,NA,1,5,5,5,23,6,0,0,CONTINUE,0,A,1,1,0,KEEP_STRUCTURAL_IN_ON_CUT,2,3,0,0,"tail_cont_enabled=1 tail_active_dims=(1,) tail_delta=0.1 tail_start=(6, 6, 6) returned_y=(0, 5, 3) returned_b=(0, 0, 0) returned_u=(0, 0, 0) returned_zcap=(0, 5, 3) max_tail_u=0",NA
120,P1_no_rho,23,162.70182199997362,5.907733500003815,5.453616100014187,0.19233820005320013,0.01,86820.27907799378,86820.27907799378,-66097.9143033604,-43160.18529615727,0.0,-21717.21736997035,-75322.56111808795,-75322.54643751057,-50697.435320686884,-21717.21736997035,28980.217950716535,28980.217950716535,-17207.77006085349,40385.0,nan,nan,1.5000000000000002,10.0,0.0,0.0,10.0,0.85,CORE,MAIN,1.1871236578853381,0.26146938519016927,0.6,0.174,-50697.435320686884,STRUCTURAL,-0.9593459019711456,-183670.51992601485,26400.0,0,0,0,0,0,0,0,inf,inf,NA,1,5,5,5,23,6,0,0,CONTINUE,0,A,1,1,0,KEEP_STRUCTURAL_IN_ON_CUT,2,3,0,0,"tail_cont_enabled=1 tail_active_dims=(1,) tail_delta=0.1 tail_start=(6, 6, 6) returned_y=(0, 5, 3) returned_b=(0, 0, 0) returned_u=(0, 0, 0) returned_zcap=(0, 5, 3) max_tail_u=0",NA
120,P1_no_rho,24,167.60387720004655,5.907733500003815,4.901636000024155,0.19879360008053482,0.01,68618.45522362586,68618.45522362586,-66097.9143033604,-45890.45887431246,0.0,-21717.21736997035,-78976.36040732308,-78976.34473450959,-50697.435320686884,-21717.21736997035,28980.217950716535,28980.217950716535,-21264.572098880584,40033.0,nan,nan,1.5000000000000002,10.0,0.0,0.0,10.0,0.85,CORE,MAIN,1.185517343227521,0.2472211293853821,0.6,0.174,-50697.435320686884,STRUCTURAL,-0.9610699945150083,-183670.51992601485,26400.0,0,0,0,0,0,0,0,inf,inf,NA,1,5,5,5,23,6,0,0,CONTINUE,0,A,1,1,0,KEEP_STRUCTURAL_IN_ON_CUT,2,3,0,0,"tail_cont_enabled=1 tail_active_dims=(1,) tail_delta=0.1 tail_start=(6, 6, 6) returned_y=(6, 0, 1) returned_b=(1, 0, 0) returned_u=(0, 0, 0) returned_zcap=(6, 0, 1) max_tail_u=0",NA
120,P1_no_rho,25,178.95683339994866,5.907733500003815,11.352162399911322,0.19439650001004338,0.01,48365.69985593275,48365.69985593275,-66097.9143033604,-48928.37217946643,0.0,-21717.21736997035,-71307.09457503585,-71307.07977544115,-50697.435320686884,-21717.21736997035,28980.217950716535,28980.217950716535,-19473.878735170332,36180.5,nan,nan,1.5000000000000002,10.0,0.0,0.0,10.0,0.85,CORE,MAIN,1.1929413977747676,0.24729448190011938,0.6,0.174,-50697.435320686884,STRUCTURAL,-0.9550854012570458,-183670.51992601485,26400.0,0,0,0,0,0,0,0,inf,inf,NA,1,5,5,5,23,6,0,0,CONTINUE,0,A,1,1,0,KEEP_STRUCTURAL_IN_ON_CUT,2,3,0,0,"tail_cont_enabled=1 tail_active_dims=(1,) tail_delta=0.1 tail_start=(6, 6, 6) returned_y=(6, 0, 1) returned_b=(1, 0, 0) returned_u=(0, 0, 0) returned_zcap=(6, 0, 1) max_tail_u=0",NA
120,P1_no_rho,26,183.6936207000399,5.907733500003815,4.736224599997513,0.20242360001429915,0.01,75853.33713866936,75853.33713866936,-66097.9143033604,-44805.226587055935,0.0,-21717.21736997035,-64937.23323555344,-64937.219471913355,-50697.435320686884,-21717.21736997035,28980.217950716535,28980.217950716535,-15792.12535142949,34180.0,nan,nan,1.5000000000000002,10.0,0.0,0.0,10.0,0.85,CORE,MAIN,1.1954205856095612,0.27724714943438833,0.6,0.174,-50697.435320686884,STRUCTURAL,-0.95855459567942,-183670.51992601485,26400.0,0,0,0,0,0,0,0,inf,inf,NA,1,5,5,5,23,6,0,0,CONTINUE,0,A,1,1,0,KEEP_STRUCTURAL_IN_ON_CUT,2,3,0,0,"tail_cont_enabled=1 tail_active_dims=(1,) tail_delta=0.1 tail_start=(6, 6, 6) returned_y=(6, 0, 1) returned_b=(1, 0, 0) returned_u=(0, 0, 0) returned_zcap=(6, 0, 1) max_tail_u=0",NA
120,P1_no_rho,27,189.63317929999903,5.907733500003815,5.9385313000530005,0.1915407000342384,0.01,38530.42013872634,38530.42013872634,-66097.9143033604,-50403.664137047395,0.0,-21717.21736997035,-66800.84855178409,-66800.83463054203,-50697.435320686884,-21717.21736997035,28980.217950716535,28980.217950716535,-17827.533859548894,34830.0,nan,nan,1.5000000000000002,10.0,0.0,0.0,10.0,0.85,CORE,MAIN,1.1986768448909024,0.26927763421070583,0.6,0.174,-50697.435320686884,STRUCTURAL,-0.937377754253864,-183670.51992601485,26400.0,0,0,0,0,0,0,0,inf,inf,NA,1,5,5,5,23,6,0,0,CONTINUE,0,A,1,1,0,KEEP_STRUCTURAL_IN_ON_CUT,2,3,0,0,"tail_cont_enabled=1 tail_active_dims=(1,) tail_delta=0.1 tail_start=(6, 6, 6) returned_y=(6, 0, 1) returned_b=(1, 0, 0) returned_u=(0, 0, 0) returned_zcap=(6, 0, 1) max_tail_u=0",NA
120,P1_no_rho,28,195.11778660002165,5.907733500003815,5.484132700017653,0.19381709990557283,0.01,42971.39901862047,42971.39901862047,-66097.9143033604,-49737.51730506327,0.0,-21717.21736997035,-97426.8895284836,-97426.87138238146,-50697.435320686884,-21717.21736997035,28980.217950716535,28980.217950716535,-31472.970231060062,47059.5,nan,nan,1.5000000000000002,10.0,0.0,0.0,10.0,0.85,CORE,MAIN,1.1960555680118814,0.21985600941164474,0.6,0.174,-50697.435320686884,STRUCTURAL,-0.9343335019329627,-183670.51992601485,26400.0,0,0,0,0,0,0,0,inf,inf,NA,1,5,5,5,23,6,0,0,CONTINUE,0,A,1,1,0,KEEP_STRUCTURAL_IN_ON_CUT,2,3,0,0,"tail_cont_enabled=1 tail_active_dims=(1,) tail_delta=0.1 tail_start=(6, 6, 6) returned_y=(0, 5, 3) returned_b=(0, 0, 0) returned_u=(0, 0, 0) returned_zcap=(0, 5, 3) max_tail_u=0",NA
120,P1_no_rho,29,201.07586730003823,5.907733500003815,5.957431300077587,0.202406800002791,0.01,48714.61147420969,48714.61147420969,-66097.9143033604,-48876.03543672489,0.0,-21717.21736997035,-91588.72876625495,-91588.71247094526,-50697.435320686884,-21717.21736997035,28980.217950716535,28980.217950716535,-25653.539809196773,48190.0,nan,nan,1.5000000000000002,10.0,0.0,0.0,10.0,0.85,CORE,MAIN,1.1916338247961027,0.2216903887122489,0.6,0.174,-50697.435320686884,STRUCTURAL,-0.9121556707719232,-183670.51992601485,26400.0,0,0,0,0,0,0,0,inf,inf,NA,1,5,5,5,23,6,0,0,CONTINUE,0,A,1,1,0,KEEP_STRUCTURAL_IN_ON_CUT,2,3,0,0,"tail_cont_enabled=1 tail_active_dims=(1,) tail_delta=0.1 tail_start=(6, 6, 6) returned_y=(0, 2, 6) returned_b=(0, 0, 1) returned_u=(0, 0, 0) returned_zcap=(0, 2, 6) max_tail_u=0",NA
120,P1_no_rho,30,214.62299439997878,5.907733500003815,13.546672099968418,0.19876609998755157,0.01,69658.4610362724,69658.4610362724,-66097.9143033604,-45734.458002415486,0.0,-21717.21736997035,-79018.92390889987,-79018.90851441192,-50697.435320686884,-21717.21736997035,28980.217950716535,28980.217950716535,-20982.44344373115,41136.5,nan,nan,1.5000000000000002,10.0,0.0,0.0,10.0,0.85,CORE,MAIN,1.1896431310139677,0.25827149609085054,0.6,0.174,-50697.435320686884,STRUCTURAL,-0.940551012210255,-183670.51992601485,26400.0,0,0,0,0,0,0,0,inf,inf,NA,1,5,5,5,23,6,0,0,CONTINUE,0,A,1,1,0,KEEP_STRUCTURAL_IN_ON_CUT,2,3,0,0,"tail_cont_enabled=1 tail_active_dims=(1,) tail_delta=0.1 tail_start=(6, 6, 6) returned_y=(0, 2, 6) returned_b=(0, 0, 1) returned_u=(0, 0, 0) returned_zcap=(0, 2, 6) max_tail_u=0",NA
120,P1_no_rho,31,219.09886030002963,5.907733500003815,4.475449900026433,0.22437379998154938,0.01,51051.007725298274,51051.007725298274,-66097.9143033604,-48525.575999061606,0.0,-21717.21736997035,-74567.26568341088,-74567.25015897388,-50697.435320686884,-21717.21736997035,28980.217950716535,28980.217950716535,-21028.246818925607,37161.5,nan,nan,1.5000000000000002,10.0,0.0,0.0,10.0,0.85,CORE,MAIN,1.1893226057995239,0.25185198997185865,0.6,0.174,-50697.435320686884,STRUCTURAL,-0.9604743859468943,-183670.51992601485,26400.0,0,0,0,0,0,0,0,inf,inf,NA,1,5,5,5,23,6,0,0,CONTINUE,0,A,1,1,0,KEEP_STRUCTURAL_IN_ON_CUT,2,3,0,0,"tail_cont_enabled=1 tail_active_dims=(1,) tail_delta=0.1 tail_start=(6, 6, 6) returned_y=(6, 1, 0) returned_b=(1, 0, 0) returned_u=(0, 0, 0) returned_zcap=(6, 1, 0) max_tail_u=0",NA
120,P1_no_rho,32,224.00793249998242,5.907733500003815,4.908670200034976,0.22640990000218153,0.01,57409.04177896586,57409.04177896586,-66097.9143033604,-47571.870891011466,0.0,-21717.21736997035,-67052.92764067827,-67052.91319442456,-50697.435320686884,-21717.21736997035,28980.217950716535,28980.217950716535,-17229.453013462095,34466.5,nan,nan,1.5000000000000002,10.0,0.0,0.0,10.0,0.85,CORE,MAIN,1.1926841208890222,0.2712981764703114,0.6,0.174,-50697.435320686884,STRUCTURAL,-0.96370795179788,-183670.51992601485,26400.0,0,0,0,0,0,0,0,inf,inf,NA,1,5,5,5,23,6,0,0,CONTINUE,0,A,1,1,0,KEEP_STRUCTURAL_IN_ON_CUT,2,3,0,0,"tail_cont_enabled=1 tail_active_dims=(1,) tail_delta=0.1 tail_start=(6, 6, 6) returned_y=(6, 1, 0) returned_b=(1, 0, 0) returned_u=(0, 0, 0) returned_zcap=(6, 1, 0) max_tail_u=0",NA
120,P1_no_rho,33,229.1450164000271,5.907733500003815,5.136607700027525,0.21264670009259135,0.01,68317.84178346528,68317.84178346528,-66097.9143033604,-45935.550890336555,0.0,-21717.21736997035,-67537.34716589758,-67537.33282727054,-50697.435320686884,-21717.21736997035,28980.217950716535,28980.217950716535,-17203.059728499313,35430.5,nan,nan,1.5000000000000002,10.0,0.0,0.0,10.0,0.85,CORE,MAIN,1.196179679181157,0.2726635611526844,0.6,0.174,-50697.435320686884,STRUCTURAL,-0.947098744467266,-183670.51992601485,26400.0,0,0,0,0,0,0,0,inf,inf,NA,1,5,5,5,23,6,0,0,CONTINUE,0,A,1,1,0,KEEP_STRUCTURAL_IN_ON_CUT,2,3,0,0,"tail_cont_enabled=1 tail_active_dims=(1,) tail_delta=0.1 tail_start=(6, 6, 6) returned_y=(6, 1, 0) returned_b=(1, 0, 0) returned_u=(0, 0, 0) returned_zcap=(6, 1, 0) max_tail_u=0",NA
120,P1_no_rho,34,233.93040479999036,5.907733500003815,4.784664800041355,0.2503343999851495,0.01,82393.61367620195,82393.61367620195,-66097.9143033604,-43824.185106426055,0.0,-21717.21736997035,-74931.86513629934,-74931.84979831362,-50697.435320686884,-21717.21736997035,28980.217950716535,28980.217950716535,-21514.429062183804,37380.0,nan,nan,1.5000000000000002,10.0,0.0,0.0,10.0,0.85,CORE,MAIN,1.1989939464186543,0.25258324175387603,0.6,0.174,-50697.435320686884,STRUCTURAL,-0.9526916485844444,-183670.51992601485,26400.0,0,0,0,0,0,0,0,inf,inf,NA,1,5,5,5,23,6,0,0,CONTINUE,0,A,1,1,0,KEEP_STRUCTURAL_IN_ON_CUT,2,3,0,0,"tail_cont_enabled=1 tail_active_dims=(1,) tail_delta=0.1 tail_start=(6, 6, 6) returned_y=(6, 1, 0) returned_b=(1, 0, 0) returned_u=(0, 0, 0) returned_zcap=(6, 1, 0) max_tail_u=0",NA
120,P1_no_rho,35,246.1008295000065,5.907733500003815,12.169957200065255,0.20052920002490282,0.01,35103.34723593917,35103.34723593917,-66097.9143033604,-50917.72507246547,0.0,-21717.21736997035,-71501.1977441113,-71501.1833804397,-50697.435320686884,-21717.21736997035,28980.217950716535,28980.217950716535,-18686.055214596476,39039.0,nan,nan,1.5000000000000002,10.0,0.0,0.0,10.0,0.85,CORE,MAIN,1.2021062784172023,0.239312665923335,0.6,0.174,-50697.435320686884,STRUCTURAL,-0.901920782906721,-183670.51992601485,26400.0,0,0,0,0,0,0,0,inf,inf,NA,1,5,5,5,23,6,0,0,CONTINUE,0,A,1,1,0,KEEP_STRUCTURAL_IN_ON_CUT,2,3,0,0,"tail_cont_enabled=1 tail_active_dims=(1,) tail_delta=0.1 tail_start=(6, 6, 6) returned_y=(0, 2, 6) returned_b=(0, 0, 1) returned_u=(0, 0, 0) returned_zcap=(0, 2, 6) max_tail_u=0",NA
120,P1_no_rho,36,252.15700490004383,5.907733500003815,6.055759700015187,0.20315029995981604,0.01,65034.42904144333,65034.42904144333,-66097.9143033604,-46428.06280163984,0.0,-21717.21736997035,-97496.93634633897,-97496.91866410543,-50697.435320686884,-21717.21736997035,28980.217950716535,28980.217950716535,-29347.685231809035,48285.0,nan,nan,1.5000000000000002,10.0,0.0,0.0,10.0,0.85,CORE,MAIN,1.199396987426711,0.20571331243146185,0.6,0.174,-50697.435320686884,STRUCTURAL,-0.9409303570093731,-183670.51992601485,26400.0,0,0,0,0,0,0,0,inf,inf,NA,1,5,5,5,23,6,0,0,CONTINUE,0,A,1,1,0,KEEP_STRUCTURAL_IN_ON_CUT,2,3,0,0,"tail_cont_enabled=1 tail_active_dims=(1,) tail_delta=0.1 tail_start=(6, 6, 6) returned_y=(0, 2, 6) returned_b=(0, 0, 1) returned_u=(0, 0, 0) returned_zcap=(0, 2, 6) max_tail_u=0",NA
120,P1_no_rho,37,257.0190114999423,5.907733500003815,4.861226499895565,0.22060789994429797,0.01,77227.36989613551,77227.36989613551,-66097.9143033604,-44599.12167343602,0.0,-21717.21736997035,-95688.0491903439,-95688.03138934572,-50697.435320686884,-21717.21736997035,28980.217950716535,28980.217950716535,-28646.84909725762,47028.0,nan,nan,1.5000000000000002,10.0,0.0,0.0,10.0,0.85,CORE,MAIN,1.1943913949624467,0.23215709447873967,0.6,0.174,-50697.435320686884,STRUCTURAL,-0.9503725765088611,-183670.51992601485,26400.0,0,0,0,0,0,0,0,inf,inf,NA,1,5,5,5,23,6,0,0,CONTINUE,0,A,1,1,0,KEEP_STRUCTURAL_IN_ON_CUT,2,3,0,0,"tail_cont_enabled=1 tail_active_dims=(1,) tail_delta=0.1 tail_start=(6, 6, 6) returned_y=(0, 2, 6) returned_b=(0, 0, 1) returned_u=(0, 0, 0) returned_zcap=(0, 2, 6) max_tail_u=0",NA
120,P1_no_rho,38,262.6388767999597,5.907733500003815,5.619260899955407,0.18797339999582618,0.01,59130.75323410833,59130.75323410833,-66097.9143033604,-47313.6141727401,0.0,-21717.21736997035,-69572.94570030962,-69572.93091156555,-50697.435320686884,-21717.21736997035,28980.217950716535,28980.217950716535,-18284.316668935928,35519.0,nan,nan,1.5000000000000002,10.0,0.0,0.0,10.0,0.85,CORE,MAIN,1.1944347687054837,0.2756747841265532,0.6,0.174,-50697.435320686884,STRUCTURAL,-0.9626512428583692,-183670.51992601485,26400.0,0,0,0,0,0,0,0,inf,inf,NA,1,5,5,5,23,6,0,0,CONTINUE,0,A,1,1,0,KEEP_STRUCTURAL_IN_ON_CUT,2,3,0,0,"tail_cont_enabled=1 tail_active_dims=(1,) tail_delta=0.1 tail_start=(6, 6, 6) returned_y=(6, 1, 0) returned_b=(1, 0, 0) returned_u=(0, 0, 0) returned_zcap=(6, 1, 0) max_tail_u=0",NA
120,P1_no_rho,39,267.5190729999449,5.907733500003815,4.879836299922317,0.21089230000507087,0.01,69162.68289903681,69162.68289903681,-66097.9143033604,-45808.82472300082,0.0,-21717.21736997035,-65278.931008447515,-65278.91699549332,-50697.435320686884,-21717.21736997035,28980.217950716535,28980.217950716535,-16351.4490009788,34811.5,nan,nan,1.5000000000000002,10.0,0.0,0.0,10.0,0.85,CORE,MAIN,1.1951732779523185,0.27695822995959163,0.6,0.174,-50697.435320686884,STRUCTURAL,-0.9369981757850997,-183670.51992601485,26400.0,0,0,0,0,0,0,0,inf,inf,NA,1,5,5,5,23,6,0,0,CONTINUE,0,A,1,1,0,KEEP_STRUCTURAL_IN_ON_CUT,2,3,0,0,"tail_cont_enabled=1 tail_active_dims=(1,) tail_delta=0.1 tail_start=(6, 6, 6) returned_y=(6, 1, 0) returned_b=(1, 0, 0) returned_u=(0, 0, 0) returned_zcap=(6, 1, 0) max_tail_u=0",NA
120,P1_no_rho,40,279.71717059996445,5.907733500003815,12.197073200019076,0.19316430005710572,0.01,60985.63990220614,60985.63990220614,-66097.9143033604,-47035.38117252542,0.0,-21717.21736997035,-61614.29831920164,-61614.28485631108,-50697.435320686884,-21717.21736997035,28980.217950716535,28980.217950716535,-14439.722676032465,33537.5,nan,nan,1.5000000000000002,10.0,0.0,0.0,10.0,0.85,CORE,MAIN,1.1955732633909997,0.2795732358768288,0.6,0.174,-50697.435320686884,STRUCTURAL,-0.9377475399235404,-183670.51992601485,26400.0,0,0,0,0,0,0,0,inf,inf,NA,1,5,5,5,23,6,0,0,CONTINUE,0,A,1,1,0,KEEP_STRUCTURAL_IN_ON_CUT,2,3,0,0,"tail_cont_enabled=1 tail_active_dims=(1,) tail_delta=0.1 tail_start=(6, 6, 6) returned_y=(6, 1, 0) returned_b=(1, 0, 0) returned_u=(0, 0, 0) returned_zcap=(6, 1, 0) max_tail_u=0",NA
120,P1_no_rho,41,284.1770467000315,5.907733500003815,4.459445100044832,0.19276370003353804,0.01,44336.94055381927,44336.94055381927,-66097.9143033604,-49532.68607478345,0.0,-21717.21736997035,-73350.0982013772,-73350.08307383403,-50697.435320686884,-21717.21736997035,28980.217950716535,28980.217950716535,-21604.17026256409,36537.0,nan,nan,1.5000000000000002,10.0,0.0,0.0,10.0,0.85,CORE,MAIN,1.1947464420676455,0.25695891228603085,0.6,0.174,-50697.435320686884,STRUCTURAL,-0.9441737199965319,-183670.51992601485,26400.0,0,0,0,0,0,0,0,inf,inf,NA,1,5,5,5,23,6,0,0,CONTINUE,0,A,1,1,0,KEEP_STRUCTURAL_IN_ON_CUT,2,3,0,0,"tail_cont_enabled=1 tail_active_dims=(1,) tail_delta=0.1 tail_start=(6, 6, 6) returned_y=(6, 1, 0) returned_b=(1, 0, 0) returned_u=(0, 0, 0) returned_zcap=(6, 1, 0) max_tail_u=0",NA
120,P1_no_rho,42,289.00785089994315,5.907733500003815,4.830321199959144,0.201997600030154,0.01,73172.64765091221,73172.64765091221,-66097.9143033604,-45207.33001021951,0.0,-21717.21736997035,-85607.16212997491,-85607.1463505252,-50697.435320686884,-21717.21736997035,28980.217950716535,28980.217950716535,-23411.498067416942,44332.5,nan,nan,1.5000000000000002,10.0,0.0,0.0,10.0,0.85,CORE,MAIN,1.1922613819145287,0.23511758624900836,0.6,0.174,-50697.435320686884,STRUCTURAL,-0.9352904871611608,-183670.51992601485,26400.0,0,0,0,0,0,0,0,inf,inf,NA,1,5,5,5,23,6,0,0,CONTINUE,0,A,1,1,0,KEEP_STRUCTURAL_IN_ON_CUT,2,3,0,0,"tail_cont_enabled=1 tail_active_dims=(1,) tail_delta=0.1 tail_start=(6, 6, 6) returned_y=(0, 2, 6) returned_b=(0, 0, 1) returned_u=(0, 0, 0) returned_zcap=(0, 2, 6) max_tail_u=0",NA
120,P1_no_rho,43,294.90259089996107,5.907733500003815,5.894315799931064,0.19402449997141957,0.01,45734.75064155257,45734.75064155257,-66097.9143033604,-49323.01456162346,0.0,-21717.21736997035,-92241.67949932064,-92241.66229007613,-50697.435320686884,-21717.21736997035,28980.217950716535,28980.217950716535,-27347.439992377083,46107.0,nan,nan,1.5000000000000002,10.0,0.0,0.0,10.0,0.85,CORE,MAIN,1.1882361990420807,0.20308571531882835,0.6,0.174,-50697.435320686884,STRUCTURAL,-0.938313376822016,-183670.51992601485,26400.0,0,0,0,0,0,0,0,inf,inf,NA,1,5,5,5,23,6,0,0,CONTINUE,0,A,1,1,0,KEEP_STRUCTURAL_IN_ON_CUT,2,3,0,0,"tail_cont_enabled=1 tail_active_dims=(1,) tail_delta=0.1 tail_start=(6, 6, 6) returned_y=(0, 6, 2) returned_b=(0, 1, 0) returned_u=(0, 0, 0) returned_zcap=(0, 6, 2) max_tail_u=0",NA
120,P1_no_rho,44,300.6317435000092,5.907733500003815,5.728311800048687,0.20107850001659244,0.01,31023.634487758358,31023.634487758358,-66097.9143033604,-51529.681984692594,0.0,-21717.21736997035,-85167.95172414041,-85167.93552832471,-50697.435320686884,-21717.21736997035,28980.217950716535,28980.217950716535,-23987.02122327187,43634.5,nan,nan,1.5000000000000002,10.0,0.0,0.0,10.0,0.85,CORE,MAIN,1.1840390728609593,0.22065673273057207,0.6,0.174,-50697.435320686884,STRUCTURAL,-0.934748334537317,-183670.51992601485,26400.0,0,0,0,0,0,0,0,inf,inf,NA,1,5,5,5,23,6,0,0,CONTINUE,0,A,1,1,0,KEEP_STRUCTURAL_IN_ON_CUT,2,3,0,0,"tail_cont_enabled=1 tail_active_dims=(1,) tail_delta=0.1 tail_start=(6, 6, 6) returned_y=(0, 6, 2) returned_b=(0, 1, 0) returned_u=(0, 0, 0) returned_zcap=(0, 6, 2) max_tail_u=0",NA
120,P1_no_rho,45,312.1218568000477,5.907733500003815,11.48949090007227,0.18405079992953688,0.01,77871.79459335143,77871.79459335143,-66097.9143033604,-44502.45796885363,0.0,-21717.21736997035,-72582.05370493566,-72582.03888080243,-50697.435320686884,-21717.21736997035,28980.217950716535,28980.217950716535,-18641.5625957008,38556.0,nan,nan,1.5000000000000002,10.0,0.0,0.0,10.0,0.85,CORE,MAIN,1.1826886977589415,0.26823609631920975,0.6,0.174,-50697.435320686884,STRUCTURAL,-0.932677599424242,-183670.51992601485,26400.0,0,0,0,0,0,0,0,inf,inf,NA,1,5,5,5,23,6,0,0,CONTINUE,0,A,1,1,0,KEEP_STRUCTURAL_IN_ON_CUT,2,3,0,0,"tail_cont_enabled=1 tail_active_dims=(1,) tail_delta=0.1 tail_start=(6, 6, 6) returned_y=(0, 6, 2) returned_b=(0, 1, 0) returned_u=(0, 0, 0) returned_zcap=(0, 6, 2) max_tail_u=0",NA
120,P1_no_rho,46,316.3685332000023,5.907733500003815,4.246081399964169,0.204683699994348,0.01,64682.58469568135,64682.58469568135,-66097.9143033604,-46480.839453504144,0.0,-21717.21736997035,-72558.93797987694,-72558.92294580844,-50697.435320686884,-21717.21736997035,28980.217950716535,28980.217950716535,-18613.276762975514,37276.5,nan,nan,1.5000000000000002,10.0,0.0,0.0,10.0,0.85,CORE,MAIN,1.1913544017142708,0.26383842660897183,0.6,0.174,-50697.435320686884,STRUCTURAL,-0.9647838214931284,-183670.51992601485,26400.0,0,0,0,0,0,0,0,inf,inf,NA,1,5,5,5,23,6,0,0,CONTINUE,0,A,1,1,0,KEEP_STRUCTURAL_IN_ON_CUT,2,3,0,0,"tail_cont_enabled=1 tail_active_dims=(1,) tail_delta=0.1 tail_start=(6, 6, 6) returned_y=(6, 1, 0) returned_b=(1, 0, 0) returned_u=(0, 0, 0) returned_zcap=(6, 1, 0) max_tail_u=0",NA
120,P1_no_rho,47,321.2402176000178,5.907733500003815,4.871129699982703,0.20237450010608882,0.01,82091.25222950606,82091.25222950606,-66097.9143033604,-43869.539323430436,0.0,-21717.21736997035,-76580.05213142448,-76580.03709016927,-50697.435320686884,-21717.21736997035,28980.217950716535,28980.217950716535,-18965.965214987053,39964.5,nan,nan,1.5000000000000002,10.0,0.0,0.0,10.0,0.85,CORE,MAIN,1.1968015261827105,0.2534159633581585,0.6,0.174,-50697.435320686884,STRUCTURAL,-0.9610874964060971,-183670.51992601485,26400.0,0,0,0,0,0,0,0,inf,inf,NA,1,5,5,5,23,6,0,0,CONTINUE,0,A,1,1,0,KEEP_STRUCTURAL_IN_ON_CUT,2,3,0,0,"tail_cont_enabled=1 tail_active_dims=(1,) tail_delta=0.1 tail_start=(6, 6, 6) returned_y=(6, 1, 0) returned_b=(1, 0, 0) returned_u=(0, 0, 0) returned_zcap=(6, 1, 0) max_tail_u=0",NA
120,P1_no_rho,48,326.1729513000464,5.907733500003815,4.932162400102243,0.18719990004319698,0.01,63454.548902478855,63454.548902478855,-66097.9143033604,-46665.04482248452,0.0,-21717.21736997035,-73306.86517654077,-73306.85037184996,-50697.435320686884,-21717.21736997035,28980.217950716535,28980.217950716535,-18791.821592375865,37603.0,nan,nan,1.5000000000000002,10.0,0.0,0.0,10.0,0.85,CORE,MAIN,1.2016077462844015,0.263518713379721,0.6,0.174,-50697.435320686884,STRUCTURAL,-0.9665014099845595,-183670.51992601485,26400.0,0,0,0,0,0,0,0,inf,inf,NA,1,5,5,5,23,6,0,0,CONTINUE,0,A,1,1,0,KEEP_STRUCTURAL_IN_ON_CUT,2,3,0,0,"tail_cont_enabled=1 tail_active_dims=(1,) tail_delta=0.1 tail_start=(6, 6, 6) returned_y=(6, 1, 0) returned_b=(1, 0, 0) returned_u=(0, 0, 0) returned_zcap=(6, 1, 0) max_tail_u=0",NA
120,P1_no_rho,49,331.78958219999913,5.907733500003815,5.616190899978392,0.2026029999833554,0.01,51358.34463335954,51358.34463335954,-66097.9143033604,-48479.47546285241,0.0,-21717.21736997035,-85923.26309622855,-85923.2466297824,-50697.435320686884,-21717.21736997035,28980.217950716535,28980.217950716535,-26517.82682098367,42662.0,nan,nan,1.5000000000000002,10.0,0.0,0.0,10.0,0.85,CORE,MAIN,1.203406099490826,0.2427628722356796,0.6,0.174,-50697.435320686884,STRUCTURAL,-0.9283112185520089,-183670.51992601485,26400.0,0,0,0,0,0,0,0,inf,inf,NA,1,5,5,5,23,6,0,0,CONTINUE,0,A,1,1,0,KEEP_STRUCTURAL_IN_ON_CUT,2,3,0,0,"tail_cont_enabled=1 tail_active_dims=(1,) tail_delta=0.1 tail_start=(6, 6, 6) returned_y=(0, 2, 6) returned_b=(0, 0, 1) returned_u=(0, 0, 0) returned_zcap=(0, 2, 6) max_tail_u=0",NA
120,P1_no_rho,50,342.7037374000065,5.907733500003815,10.913592500030063,0.18985899991821498,0.01,48726.61588117951,48726.61588117951,-66097.9143033604,-48874.23477567942,0.0,-21717.21736997035,-81501.23950392308,-81501.22377065827,-50697.435320686884,-21717.21736997035,28980.217950716535,28980.217950716535,-22046.76132553072,42761.0,nan,nan,1.5000000000000002,10.0,0.0,0.0,10.0,0.85,CORE,MAIN,1.2044547222670294,0.2606280902804414,0.6,0.174,-50697.435320686884,STRUCTURAL,-0.926926598927801,-183670.51992601485,26400.0,0,0,0,0,0,0,0,inf,inf,NA,1,5,5,5,23,6,0,0,CONTINUE,0,A,1,1,0,KEEP_STRUCTURAL_IN_ON_CUT,2,3,0,0,"tail_cont_enabled=1 tail_active_dims=(1,) tail_delta=0.1 tail_start=(6, 6, 6) returned_y=(0, 2, 6) returned_b=(0, 0, 1) returned_u=(0, 0, 0) returned_zcap=(0, 2, 6) max_tail_u=0",NA
120,P1_no_rho,51,348.1538949999958,5.907733500003815,5.449651899980381,0.2265539999352768,0.01,55236.54728237252,55236.54728237252,-66097.9143033604,-47897.745065500465,0.0,-21717.21736997035,-81951.02075334424,-81951.00465829378,-50697.435320686884,-21717.21736997035,28980.217950716535,28980.217950716535,-22755.35582822288,42299.0,nan,nan,1.5000000000000002,10.0,0.0,0.0,10.0,0.85,CORE,MAIN,1.2042911066256827,0.2429729983349025,0.6,0.174,-50697.435320686884,STRUCTURAL,-0.9329716042155589,-183670.51992601485,26400.0,0,0,0,0,0,0,0,inf,inf,NA,1,5,5,5,23,6,0,0,CONTINUE,0,A,1,1,0,KEEP_STRUCTURAL_IN_ON_CUT,2,3,0,0,"tail_cont_enabled=1 tail_active_dims=(1,) tail_delta=0.1 tail_start=(6, 6, 6) returned_y=(0, 5, 3) returned_b=(0, 0, 0) returned_u=(0, 0, 0) returned_zcap=(0, 5, 3) max_tail_u=0",NA
120,P1_no_rho,52,353.9198572000023,5.907733500003815,5.7655258000595495,0.1861096000066027,0.01,88793.9560674733,88793.9560674733,-66097.9143033604,-42864.13374773535,0.0,-21717.21736997035,-75501.35908093373,-75501.3438187473,-50697.435320686884,-21717.21736997035,28980.217950716535,28980.217950716535,-19467.438036304873,39488.0,nan,nan,1.5000000000000002,10.0,0.0,0.0,10.0,0.85,CORE,MAIN,1.2054079311184753,0.26623359819648895,0.6,0.174,-50697.435320686884,STRUCTURAL,-0.9460073234475015,-183670.51992601485,26400.0,0,0,0,0,0,0,0,inf,inf,NA,1,5,5,5,23,6,0,0,CONTINUE,0,A,1,1,0,KEEP_STRUCTURAL_IN_ON_CUT,2,3,0,0,"tail_cont_enabled=1 tail_active_dims=(1,) tail_delta=0.1 tail_start=(6, 6, 6) returned_y=(0, 5, 3) returned_b=(0, 0, 0) returned_u=(0, 0, 0) returned_zcap=(0, 5, 3) max_tail_u=0",NA
120,P1_no_rho,53,358.86886829999276,5.907733500003815,4.948158400016837,0.23223910003434867,0.01,71697.45306102996,71697.45306102996,-66097.9143033604,-45428.60919870185,0.0,-21717.21736997035,-76044.2571759075,-76044.24218918593,-50697.435320686884,-21717.21736997035,28980.217950716535,28980.217950716535,-18618.947729933723,39615.0,nan,nan,1.5000000000000002,10.0,0.0,0.0,10.0,0.85,CORE,MAIN,1.2065532402946362,0.28026768596315943,0.6,0.174,-50697.435320686884,STRUCTURAL,-0.9663897422567577,-183670.51992601485,26400.0,0,0,0,0,0,0,0,inf,inf,NA,1,5,5,5,23,6,0,0,CONTINUE,0,A,1,1,0,KEEP_STRUCTURAL_IN_ON_CUT,2,3,0,0,"tail_cont_enabled=1 tail_active_dims=(1,) tail_delta=0.1 tail_start=(6, 6, 6) returned_y=(6, 1, 0) returned_b=(1, 0, 0) returned_u=(0, 0, 0) returned_zcap=(6, 1, 0) max_tail_u=0",NA
120,P1_no_rho,54,363.9131532999454,5.907733500003815,5.043402099981904,0.16586850001476705,0.01,68034.1408817448,68034.1408817448,-66097.9143033604,-45978.10602559462,0.0,-21717.21736997035,-77049.19464299169,-77049.17952914242,-50697.435320686884,-21717.21736997035,28980.217950716535,28980.217950716535,-18485.50278063746,40135.0,nan,nan,1.5000000000000002,10.0,0.0,0.0,10.0,0.85,CORE,MAIN,1.2087104630255416,0.25843674863124944,0.6,0.174,-50697.435320686884,STRUCTURAL,-0.9727781528757937,-183670.51992601485,26400.0,0,0,0,0,0,0,0,inf,inf,NA,1,5,5,5,23,6,0,0,CONTINUE,0,A,1,1,0,KEEP_STRUCTURAL_IN_ON_CUT,2,3,0,0,"tail_cont_enabled=1 tail_active_dims=(1,) tail_delta=0.1 tail_start=(6, 6, 6) returned_y=(6, 1, 0) returned_b=(1, 0, 0) returned_u=(0, 0, 0) returned_zcap=(6, 1, 0) max_tail_u=0",NA
120,P1_no_rho,55,375.1561210999498,5.907733500003815,11.242499199928716,0.21740670001599938,0.01,71642.03737017365,71642.03737017365,-66097.9143033604,-45436.9215523303,0.0,-21717.21736997035,-77655.09251320643,-77655.07738649822,-50697.435320686884,-21717.21736997035,28980.217950716535,28980.217950716535,-20535.627233268126,39429.0,nan,nan,1.5000000000000002,10.0,0.0,0.0,10.0,0.85,CORE,MAIN,1.2105245084695226,0.2578055179097236,0.6,0.174,-50697.435320686884,STRUCTURAL,-0.9657773069437907,-183670.51992601485,26400.0,0,0,0,0,0,0,0,inf,inf,NA,1,5,5,5,23,6,0,0,CONTINUE,0,A,1,1,0,KEEP_STRUCTURAL_IN_ON_CUT,2,3,0,0,"tail_cont_enabled=1 tail_active_dims=(1,) tail_delta=0.1 tail_start=(6, 6, 6) returned_y=(6, 1, 0) returned_b=(1, 0, 0) returned_u=(0, 0, 0) returned_zcap=(6, 1, 0) max_tail_u=0",NA
120,P1_no_rho,56,380.8913779000286,5.907733500003815,5.734835400013253,0.1928087999112904,0.01,43803.47832189208,43803.47832189208,-66097.9143033604,-49612.70540957253,0.0,-21717.21736997035,-77700.76663557679,-77700.75107663381,-50697.435320686884,-21717.21736997035,28980.217950716535,28980.217950716535,-22257.666704985746,40009.0,nan,nan,1.5000000000000002,10.0,0.0,0.0,10.0,0.85,CORE,MAIN,1.211870283664493,0.2580413924299595,0.6,0.174,-50697.435320686884,STRUCTURAL,-0.9238435413973196,-183670.51992601485,26400.0,0,0,0,0,0,0,0,inf,inf,NA,1,5,5,5,23,6,0,0,CONTINUE,0,A,1,1,0,KEEP_STRUCTURAL_IN_ON_CUT,2,3,0,0,"tail_cont_enabled=1 tail_active_dims=(1,) tail_delta=0.1 tail_start=(6, 6, 6) returned_y=(0, 6, 2) returned_b=(0, 1, 0) returned_u=(0, 0, 0) returned_zcap=(0, 6, 2) max_tail_u=0",NA
120,P1_no_rho,57,385.6902170999674,5.907733500003815,4.798114600009285,0.21735519997309893,0.01,61175.986630360945,61175.986630360945,-66097.9143033604,-47006.8291633022,0.0,-21717.21736997035,-82791.46394738115,-82791.44806054726,-50697.435320686884,-21717.21736997035,28980.217950716535,28980.217950716535,-21932.85048986349,42768.0,nan,nan,1.5000000000000002,10.0,0.0,0.0,10.0,0.85,CORE,MAIN,1.2119151458415285,0.2584721241091259,0.6,0.174,-50697.435320686884,STRUCTURAL,-0.9486625135721998,-183670.51992601485,26400.0,0,0,0,0,0,0,0,inf,inf,NA,1,5,5,5,23,6,0,0,CONTINUE,0,A,1,1,0,KEEP_STRUCTURAL_IN_ON_CUT,2,3,0,0,"tail_cont_enabled=1 tail_active_dims=(1,) tail_delta=0.1 tail_start=(6, 6, 6) returned_y=(0, 6, 2) returned_b=(0, 1, 0) returned_u=(0, 0, 0) returned_zcap=(0, 6, 2) max_tail_u=0",NA
120,P1_no_rho,58,391.4387245000107,5.907733500003815,5.748022600077093,0.20539580006152391,0.01,58615.127000351364,58615.127000351364,-66097.9143033604,-47390.95810780364,0.0,-21717.21736997035,-82393.00180497301,-82392.98571202956,-50697.435320686884,-21717.21736997035,28980.217950716535,28980.217950716535,-22382.60516645767,42061.0,nan,nan,1.5000000000000002,10.0,0.0,0.0,10.0,0.85,CORE,MAIN,1.2115478201186132,0.26315105863919175,0.6,0.174,-50697.435320686884,STRUCTURAL,-0.9511642700771403,-183670.51992601485,26400.0,0,0,0,0,0,0,0,inf,inf,NA,1,5,5,5,23,6,0,0,CONTINUE,0,A,1,1,0,KEEP_STRUCTURAL_IN_ON_CUT,2,3,0,0,"tail_cont_enabled=1 tail_active_dims=(1,) tail_delta=0.1 tail_start=(6, 6, 6) returned_y=(0, 6, 2) returned_b=(0, 1, 0) returned_u=(0, 0, 0) returned_zcap=(0, 6, 2) max_tail_u=0",NA
120,P1_no_rho,59,395.6414227000205,5.907733500003815,4.20226090005599,0.24516139994375408,0.01,74009.05299945924,74009.05299945924,-66097.9143033604,-45081.86920793746,0.0,-21717.21736997035,-75908.95374405237,-75908.93850669022,-50697.435320686884,-21717.21736997035,28980.217950716535,28980.217950716535,-19537.600125386947,40172.0,nan,nan,1.5000000000000002,10.0,0.0,0.0,10.0,0.85,CORE,MAIN,1.2119734521885155,0.2570600730435071,0.6,0.174,-50697.435320686884,STRUCTURAL,-0.9354996578264008,-183670.51992601485,26400.0,0,0,0,0,0,0,0,inf,inf,NA,1,5,5,5,23,6,0,0,CONTINUE,0,A,1,1,0,KEEP_STRUCTURAL_IN_ON_CUT,2,3,0,0,"tail_cont_enabled=1 tail_active_dims=(1,) tail_delta=0.1 tail_start=(6, 6, 6) returned_y=(0, 6, 2) returned_b=(0, 1, 0) returned_u=(0, 0, 0) returned_zcap=(0, 6, 2) max_tail_u=0",NA
120,P1_no_rho,60,407.3667164000217,5.907733500003815,11.724846200086176,0.18666809995193034,0.01,62391.668166141644,62391.668166141644,-66097.9143033604,-46824.4769329351,0.0,-21717.21736997035,-69513.31448434149,-69513.30011133621,-50697.435320686884,-21717.21736997035,28980.217950716535,28980.217950716535,-16960.17739016054,36386.0,nan,nan,1.5000000000000002,10.0,0.0,0.0,10.0,0.85,CORE,MAIN,1.2095781642062193,0.27429154820999824,0.6,0.174,-50697.435320686884,STRUCTURAL,-0.9628817442821536,-183670.51992601485,26400.0,0,0,0,0,0,0,0,inf,inf,NA,1,5,5,5,23,6,0,0,CONTINUE,0,A,1,1,0,KEEP_STRUCTURAL_IN_ON_CUT,2,3,0,0,"tail_cont_enabled=1 tail_active_dims=(1,) tail_delta=0.1 tail_start=(6, 6, 6) returned_y=(6, 0, 1) returned_b=(1, 0, 0) returned_u=(0, 0, 0) returned_zcap=(6, 0, 1) max_tail_u=0",NA
120,P1_no_rho,61,412.93462079996243,5.907733500003815,5.5675031000282615,0.20000170008279383,0.01,66219.17975908934,66219.17975908934,-66097.9143033604,-46250.35019399294,0.0,-21717.21736997035,-84766.18437133309,-84766.16849816727,-50697.435320686884,-21717.21736997035,28980.217950716535,28980.217950716535,-22930.238058408762,43953.0,nan,nan,1.5000000000000002,10.0,0.0,0.0,10.0,0.85,CORE,MAIN,1.2060046118864813,0.22739763020257453,0.6,0.174,-50697.435320686884,STRUCTURAL,-0.9379098952632507,-183670.51992601485,26400.0,0,0,0,0,0,0,0,inf,inf,NA,1,5,5,5,23,6,0,0,CONTINUE,0,A,1,1,0,KEEP_STRUCTURAL_IN_ON_CUT,2,3,0,0,"tail_cont_enabled=1 tail_active_dims=(1,) tail_delta=0.1 tail_start=(6, 6, 6) returned_y=(6, 0, 1) returned_b=(1, 0, 0) returned_u=(0, 0, 0) returned_zcap=(6, 0, 1) max_tail_u=0",NA
120,P1_no_rho,62,417.5407897999976,5.907733500003815,4.605694100027904,0.19421559991315007,0.01,59921.517981837,59921.517981837,-66097.9143033604,-47194.999460580795,0.0,-21717.21736997035,-81470.75273911272,-81470.73713808114,-50697.435320686884,-21717.21736997035,28980.217950716535,28980.217950716535,-21907.35281837598,41356.5,nan,nan,1.5000000000000002,10.0,0.0,0.0,10.0,0.85,CORE,MAIN,1.2031116143669511,0.24361726107972906,0.6,0.174,-50697.435320686884,STRUCTURAL,-0.9601615920061765,-183670.51992601485,26400.0,0,0,0,0,0,0,0,inf,inf,NA,1,5,5,5,23,6,0,0,CONTINUE,0,A,1,1,0,KEEP_STRUCTURAL_IN_ON_CUT,2,3,0,0,"tail_cont_enabled=1 tail_active_dims=(1,) tail_delta=0.1 tail_start=(6, 6, 6) returned_y=(6, 0, 1) returned_b=(1, 0, 0) returned_u=(0, 0, 0) returned_zcap=(6, 0, 1) max_tail_u=0",NA
120,P1_no_rho,63,422.3464278000174,5.907733500003815,4.805228400044143,0.20448910002596676,0.01,51106.988446481606,51106.988446481606,-66097.9143033604,-48517.178890884104,0.0,-21717.21736997035,-70937.52907236762,-70937.51436926564,-50697.435320686884,-21717.21736997035,28980.217950716535,28980.217950716535,-20101.497976712304,36269.5,nan,nan,1.5000000000000002,10.0,0.0,0.0,10.0,0.85,CORE,MAIN,1.2034713208956611,0.25359794105506384,0.6,0.174,-50697.435320686884,STRUCTURAL,-0.934412594467405,-183670.51992601485,26400.0,0,0,0,0,0,0,0,inf,inf,NA,1,5,5,5,23,6,0,0,CONTINUE,0,A,1,1,0,KEEP_STRUCTURAL_IN_ON_CUT,2,3,0,0,"tail_cont_enabled=1 tail_active_dims=(1,) tail_delta=0.1 tail_start=(6, 6, 6) returned_y=(6, 0, 1) returned_b=(1, 0, 0) returned_u=(0, 0, 0) returned_zcap=(6, 0, 1) max_tail_u=0",NA
120,P1_no_rho,64,427.4012035999913,5.907733500003815,5.054260900011286,0.2051435000030324,0.01,43613.09329010023,43613.09329010023,-66097.9143033604,-49641.26316434131,0.0,-21717.21736997035,-74975.77846584182,-74975.76357361315,-50697.435320686884,-21717.21736997035,28980.217950716535,28980.217950716535,-19221.590504911048,39782.0,nan,nan,1.5000000000000002,10.0,0.0,0.0,10.0,0.85,CORE,MAIN,1.2042087980371805,0.2505256918508846,0.6,0.174,-50697.435320686884,STRUCTURAL,-0.9343283070853163,-183670.51992601485,26400.0,0,0,0,0,0,0,0,inf,inf,NA,1,5,5,5,23,6,0,0,CONTINUE,0,A,1,1,0,KEEP_STRUCTURAL_IN_ON_CUT,2,3,0,0,"tail_cont_enabled=1 tail_active_dims=(1,) tail_delta=0.1 tail_start=(6, 6, 6) returned_y=(0, 5, 3) returned_b=(0, 0, 0) returned_u=(0, 0, 0) returned_zcap=(0, 5, 3) max_tail_u=0",NA
120,P1_no_rho,65,439.6927775000222,5.907733500003815,12.291071900050156,0.2527803999837488,0.01,46781.41630594337,46781.41630594337,-66097.9143033604,-49166.01471196484,0.0,-21717.21736997035,-81687.22157131734,-81687.20591660157,-50697.435320686884,-21717.21736997035,28980.217950716535,28980.217950716535,-21990.949658895865,42516.0,nan,nan,1.5000000000000002,10.0,0.0,0.0,10.0,0.85,CORE,MAIN,1.2033559565750926,0.23636195050065978,0.6,0.174,-50697.435320686884,STRUCTURAL,-0.9360594640089331,-183670.51992601485,26400.0,0,0,0,0,0,0,0,inf,inf,NA,1,5,5,5,23,6,0,0,CONTINUE,0,A,1,1,0,KEEP_STRUCTURAL_IN_ON_CUT,2,3,0,0,"tail_cont_enabled=1 tail_active_dims=(1,) tail_delta=0.1 tail_start=(6, 6, 6) returned_y=(0, 5, 3) returned_b=(0, 0, 0) returned_u=(0, 0, 0) returned_zcap=(0, 5, 3) max_tail_u=0",NA
120,P1_no_rho,66,444.28613769996446,5.907733500003815,4.592850900022313,0.1830187999876216,0.01,66848.31415156208,66848.31415156208,-66097.9143033604,-46155.98003512203,0.0,-21717.21736997035,-79401.48051098443,-79401.4648143047,-50697.435320686884,-21717.21736997035,28980.217950716535,28980.217950716535,-21105.22188768226,41206.0,nan,nan,1.5000000000000002,10.0,0.0,0.0,10.0,0.85,CORE,MAIN,1.2031390787504548,0.24652456407517753,0.6,0.174,-50697.435320686884,STRUCTURAL,-0.9431675472281128,-183670.51992601485,26400.0,0,0,0,0,0,0,0,inf,inf,NA,1,5,5,5,23,6,0,0,CONTINUE,0,A,1,1,0,KEEP_STRUCTURAL_IN_ON_CUT,2,3,0,0,"tail_cont_enabled=1 tail_active_dims=(1,) tail_delta=0.1 tail_start=(6, 6, 6) returned_y=(0, 5, 3) returned_b=(0, 0, 0) returned_u=(0, 0, 0) returned_zcap=(0, 5, 3) max_tail_u=0",NA
120,P1_no_rho,67,450.2861980999587,5.907733500003815,5.999625099939294,0.21662730001844466,0.01,68425.05075903518,68425.05075903518,-66097.9143033604,-45919.46954400107,0.0,-21717.21736997035,-67564.70584945982,-67564.6914266501,-50697.435320686884,-21717.21736997035,28980.217950716535,28980.217950716535,-17767.035815276144,35102.0,nan,nan,1.5000000000000002,10.0,0.0,0.0,10.0,0.85,CORE,MAIN,1.2033082258182424,0.27318968698956314,0.6,0.174,-50697.435320686884,STRUCTURAL,-0.9457705280112044,-183670.51992601485,26400.0,0,0,0,0,0,0,0,inf,inf,NA,1,5,5,5,23,6,0,0,CONTINUE,0,A,1,1,0,KEEP_STRUCTURAL_IN_ON_CUT,2,3,0,0,"tail_cont_enabled=1 tail_active_dims=(1,) tail_delta=0.1 tail_start=(6, 6, 6) returned_y=(6, 0, 1) returned_b=(1, 0, 0) returned_u=(0, 0, 0) returned_zcap=(6, 0, 1) max_tail_u=0",NA
120,P1_no_rho,68,455.33787749998737,5.907733500003815,5.051045799977146,0.1943999999202788,0.01,53736.03983322395,53736.03983322395,-66097.9143033604,-48122.82118287275,0.0,-21717.21736997035,-92663.70299985867,-92663.68565222599,-50697.435320686884,-21717.21736997035,28980.217950716535,28980.217950716535,-26704.78231446496,45474.0,nan,nan,1.5000000000000002,10.0,0.0,0.0,10.0,0.85,CORE,MAIN,1.199844776645319,0.2270530583946746,0.6,0.174,-50697.435320686884,STRUCTURAL,-0.9669833800671598,-183670.51992601485,26400.0,0,0,0,0,0,0,0,inf,inf,NA,1,5,5,5,23,6,0,0,CONTINUE,0,A,1,1,0,KEEP_STRUCTURAL_IN_ON_CUT,2,3,0,0,"tail_cont_enabled=1 tail_active_dims=(1,) tail_delta=0.1 tail_start=(6, 6, 6) returned_y=(6, 0, 1) returned_b=(1, 0, 0) returned_u=(0, 0, 0) returned_zcap=(6, 0, 1) max_tail_u=0",NA
120,P1_no_rho,69,459.6284961999627,5.907733500003815,4.289869699976407,0.24709860002622008,0.01,41498.21630271089,41498.21630271089,-66097.9143033604,-49958.49471244971,0.0,-21717.21736997035,-63443.657554826335,-63443.64402167892,-50697.435320686884,-21717.21736997035,28980.217950716535,28980.217950716535,-14663.934983912997,33774.0,nan,nan,1.5000000000000002,10.0,0.0,0.0,10.0,0.85,CORE,MAIN,1.1979104503246911,0.26236365890218494,0.6,0.174,-50697.435320686884,STRUCTURAL,-0.962865104079389,-183670.51992601485,26400.0,0,0,0,0,0,0,0,inf,inf,NA,1,5,5,5,23,6,0,0,CONTINUE,0,A,1,1,0,KEEP_STRUCTURAL_IN_ON_CUT,2,3,0,0,"tail_cont_enabled=1 tail_active_dims=(1,) tail_delta=0.1 tail_start=(6, 6, 6) returned_y=(6, 0, 1) returned_b=(1, 0, 0) returned_u=(0, 0, 0) returned_zcap=(6, 0, 1) max_tail_u=0",NA
120,P1_no_rho,70,471.09491360001266,5.907733500003815,11.465892700012773,0.2079044000711292,0.01,51192.755445072136,51192.755445072136,-66097.9143033604,-48504.31384109552,0.0,-21717.21736997035,-79153.62092965901,-79153.60530316923,-50697.435320686884,-21717.21736997035,28980.217950716535,28980.217950716535,-22153.63941351344,39343.0,nan,nan,1.5000000000000002,10.0,0.0,0.0,10.0,0.85,CORE,MAIN,1.195229441083493,0.2512784995908657,0.6,0.174,-50697.435320686884,STRUCTURAL,-0.9658637434809372,-183670.51992601485,26400.0,0,0,0,0,0,0,0,inf,inf,NA,1,5,5,5,23,6,0,0,CONTINUE,0,A,1,1,0,KEEP_STRUCTURAL_IN_ON_CUT,2,3,0,0,"tail_cont_enabled=1 tail_active_dims=(1,) tail_delta=0.1 tail_start=(6, 6, 6) returned_y=(6, 0, 1) returned_b=(1, 0, 0) returned_u=(0, 0, 0) returned_zcap=(6, 0, 1) max_tail_u=0",NA
120,P1_no_rho,71,476.50916470005177,5.907733500003815,5.413807599921711,0.22469029994681478,0.01,65235.26246551874,65235.26246551874,-66097.9143033604,-46397.93778802853,0.0,-21717.21736997035,-81128.11991389905,-81128.10363014913,-50697.435320686884,-21717.21736997035,28980.217950716535,28980.217950716535,-24755.064874570784,39457.0,nan,nan,1.5000000000000002,10.0,0.0,0.0,10.0,0.85,CORE,MAIN,1.1926016816918623,0.252316735747688,0.6,0.174,-50697.435320686884,STRUCTURAL,-0.9524805696594323,-183670.51992601485,26400.0,0,0,0,0,0,0,0,inf,inf,NA,1,5,5,5,23,6,0,0,CONTINUE,0,A,1,1,0,KEEP_STRUCTURAL_IN_ON_CUT,2,3,0,0,"tail_cont_enabled=1 tail_active_dims=(1,) tail_delta=0.1 tail_start=(6, 6, 6) returned_y=(6, 0, 1) returned_b=(1, 0, 0) returned_u=(0, 0, 0) returned_zcap=(6, 0, 1) max_tail_u=0",NA
120,P1_no_rho,72,480.9121152999578,5.907733500003815,4.402470999979414,0.19409150001592934,0.01,52121.45969853499,52121.45969853499,-66097.9143033604,-48365.0082030761,0.0,-21717.21736997035,-84276.45065947971,-84276.43482012016,-50697.435320686884,-21717.21736997035,28980.217950716535,28980.217950716535,-22353.775253588166,43962.5,nan,nan,1.5000000000000002,10.0,0.0,0.0,10.0,0.85,CORE,MAIN,1.1895283019219534,0.2465479051693823,0.6,0.174,-50697.435320686884,STRUCTURAL,-0.9390224178414485,-183670.51992601485,26400.0,0,0,0,0,0,0,0,inf,inf,NA,1,5,5,5,23,6,0,0,CONTINUE,0,A,1,1,0,KEEP_STRUCTURAL_IN_ON_CUT,2,3,0,0,"tail_cont_enabled=1 tail_active_dims=(1,) tail_delta=0.1 tail_start=(6, 6, 6) returned_y=(0, 6, 2) returned_b=(0, 1, 0) returned_u=(0, 0, 0) returned_zcap=(0, 6, 2) max_tail_u=0",NA
120,P1_no_rho,73,486.47051959997043,5.907733500003815,5.557719600037672,0.20141440001316369,0.01,71196.63417149159,71196.63417149159,-66097.9143033604,-45503.732032132604,0.0,-21717.21736997035,-95612.61559915653,-95612.59824531242,-50697.435320686884,-21717.21736997035,28980.217950716535,28980.217950716535,-27306.69146992282,48099.5,nan,nan,1.5000000000000002,10.0,0.0,0.0,10.0,0.85,CORE,MAIN,1.1833674421491864,0.22537359259526146,0.6,0.174,-50697.435320686884,STRUCTURAL,-0.9467306559027238,-183670.51992601485,26400.0,0,0,0,0,0,0,0,inf,inf,NA,1,5,5,5,23,6,0,0,CONTINUE,0,A,1,1,0,KEEP_STRUCTURAL_IN_ON_CUT,2,3,0,0,"tail_cont_enabled=1 tail_active_dims=(1,) tail_delta=0.1 tail_start=(6, 6, 6) returned_y=(0, 5, 3) returned_b=(0, 0, 0) returned_u=(0, 0, 0) returned_zcap=(0, 5, 3) max_tail_u=0",NA
120,P1_no_rho,74,490.9623428999912,5.907733500003815,4.491449899971485,0.203688699984923,0.01,103350.70819175012,103350.70819175012,-66097.9143033604,-40680.62092909383,0.0,-21717.21736997035,-77574.14103479005,-77574.12562968428,-50697.435320686884,-21717.21736997035,28980.217950716535,28980.217950716535,-21206.90020199651,39896.0,nan,nan,1.5000000000000002,10.0,0.0,0.0,10.0,0.85,CORE,MAIN,1.1818998840778536,0.23822991519453351,0.6,0.174,-50697.435320686884,STRUCTURAL,-0.9419027041589426,-183670.51992601485,26400.0,0,0,0,0,0,0,0,inf,inf,NA,1,5,5,5,23,6,0,0,CONTINUE,0,A,1,1,0,KEEP_STRUCTURAL_IN_ON_CUT,2,3,0,0,"tail_cont_enabled=1 tail_active_dims=(1,) tail_delta=0.1 tail_start=(6, 6, 6) returned_y=(0, 5, 3) returned_b=(0, 0, 0) returned_u=(0, 0, 0) returned_zcap=(0, 5, 3) max_tail_u=0",NA
120,P1_no_rho,75,503.46158829994965,5.907733500003815,12.498637899989262,0.26045399997383356,0.01,42963.0166385136,42963.0166385136,-66097.9143033604,-49738.774662079304,0.0,-21717.21736997035,-64260.22550020277,-64260.21160409012,-50697.435320686884,-21717.21736997035,28980.217950716535,28980.217950716535,-15658.915860922285,33946.0,nan,nan,1.5000000000000002,10.0,0.0,0.0,10.0,0.85,CORE,MAIN,1.1850766720871697,0.2694180282038823,0.6,0.174,-50697.435320686884,STRUCTURAL,-0.9544825260348361,-183670.51992601485,26400.0,0,0,0,0,0,0,0,inf,inf,NA,1,5,5,5,23,6,0,0,CONTINUE,0,A,1,1,0,KEEP_STRUCTURAL_IN_ON_CUT,2,3,0,0,"tail_cont_enabled=1 tail_active_dims=(1,) tail_delta=0.1 tail_start=(6, 6, 6) returned_y=(6, 1, 0) returned_b=(1, 0, 0) returned_u=(0, 0, 0) returned_zcap=(6, 1, 0) max_tail_u=0",NA
120,P1_no_rho,76,507.9645820000442,5.907733500003815,4.502309500006959,0.1967722000554204,0.01,87502.03118164447,87502.03118164447,-66097.9143033604,-43057.922480609675,0.0,-21717.21736997035,-78007.79022110488,-78007.77450416257,-50697.435320686884,-21717.21736997035,28980.217950716535,28980.217950716535,-20931.4386231436,39115.0,nan,nan,1.5000000000000002,10.0,0.0,0.0,10.0,0.85,CORE,MAIN,1.1864903757592993,0.24703678924893158,0.6,0.174,-50697.435320686884,STRUCTURAL,-0.9727953620694358,-183670.51992601485,26400.0,0,0,0,0,0,0,0,inf,inf,NA,1,5,5,5,23,6,0,0,CONTINUE,0,A,1,1,0,KEEP_STRUCTURAL_IN_ON_CUT,2,3,0,0,"tail_cont_enabled=1 tail_active_dims=(1,) tail_delta=0.1 tail_start=(6, 6, 6) returned_y=(6, 0, 1) returned_b=(1, 0, 0) returned_u=(0, 0, 0) returned_zcap=(6, 0, 1) max_tail_u=0",NA
120,P1_no_rho,77,512.7389276999747,5.907733500003815,4.773779499926604,0.20202229998540133,0.01,58663.54215399264,58663.54215399264,-66097.9143033604,-47383.69583475745,0.0,-21717.21736997035,-78157.58809653048,-78157.57274694969,-50697.435320686884,-21717.21736997035,28980.217950716535,28980.217950716535,-21696.951955911227,39569.0,nan,nan,1.5000000000000002,10.0,0.0,0.0,10.0,0.85,CORE,MAIN,1.1872753089780717,0.22798864534861019,0.6,0.174,-50697.435320686884,STRUCTURAL,-0.9512601749018751,-183670.51992601485,26400.0,0,0,0,0,0,0,0,inf,inf,NA,1,5,5,5,23,6,0,0,CONTINUE,0,A,1,1,0,KEEP_STRUCTURAL_IN_ON_CUT,2,3,0,0,"tail_cont_enabled=1 tail_active_dims=(1,) tail_delta=0.1 tail_start=(6, 6, 6) returned_y=(6, 0, 1) returned_b=(1, 0, 0) returned_u=(0, 0, 0) returned_zcap=(6, 0, 1) max_tail_u=0",NA
120,P1_no_rho,78,518.2881080999505,5.907733500003815,5.54881079995539,0.19825250003486872,0.01,48053.24402896955,48053.24402896955,-66097.9143033604,-48975.240553510914,0.0,-21717.21736997035,-72677.58772547242,-72677.57254517777,-50697.435320686884,-21717.21736997035,28980.217950716535,28980.217950716535,-20319.63420110352,36362.0,nan,nan,1.5000000000000002,10.0,0.0,0.0,10.0,0.85,CORE,MAIN,1.189299278140407,0.24372911752359072,0.6,0.174,-50697.435320686884,STRUCTURAL,-0.9599387335510375,-183670.51992601485,26400.0,0,0,0,0,0,0,0,inf,inf,NA,1,5,5,5,23,6,0,0,CONTINUE,0,A,1,1,0,KEEP_STRUCTURAL_IN_ON_CUT,2,3,0,0,"tail_cont_enabled=1 tail_active_dims=(1,) tail_delta=0.1 tail_start=(6, 6, 6) returned_y=(6, 0, 1) returned_b=(1, 0, 0) returned_u=(0, 0, 0) returned_zcap=(6, 0, 1) max_tail_u=0",NA
120,P1_no_rho,79,523.0564815000398,5.907733500003815,4.767957300064154,0.2568007999798283,0.01,58140.6496342418,58140.6496342418,-66097.9143033604,-47462.129712720074,0.0,-21717.21736997035,-83617.3415673798,-83617.32492859455,-50697.435320686884,-21717.21736997035,28980.217950716535,28980.217950716535,-25400.954559384234,41492.0,nan,nan,1.5000000000000002,10.0,0.0,0.0,10.0,0.85,CORE,MAIN,1.189723167759657,0.23617643441150837,0.6,0.174,-50697.435320686884,STRUCTURAL,-0.9353830516599231,-183670.51992601485,26400.0,0,0,0,0,0,0,0,inf,inf,NA,1,5,5,5,23,6,0,0,CONTINUE,0,A,1,1,0,KEEP_STRUCTURAL_IN_ON_CUT,2,3,0,0,"tail_cont_enabled=1 tail_active_dims=(1,) tail_delta=0.1 tail_start=(6, 6, 6) returned_y=(0, 2, 6) returned_b=(0, 0, 1) returned_u=(0, 0, 0) returned_zcap=(0, 2, 6) max_tail_u=0",NA
120,P1_no_rho,80,534.3213107000338,5.907733500003815,11.26423990004696,0.1997807000298053,0.01,33573.89215273744,33573.89215273744,-66097.9143033604,-51147.14333494573,0.0,-21717.21736997035,-58990.3257050716,-58990.31313135132,-50697.435320686884,-21717.21736997035,28980.217950716535,28980.217950716535,-12773.582767421982,34817.5,nan,nan,1.5000000000000002,10.0,0.0,0.0,10.0,0.85,CORE,MAIN,1.1902101945530097,0.2767207229368853,0.6,0.174,-50697.435320686884,STRUCTURAL,-0.8849329669261976,-183670.51992601485,26400.0,0,0,0,0,0,0,0,inf,inf,NA,1,5,5,5,23,6,0,0,CONTINUE,0,A,1,1,0,KEEP_STRUCTURAL_IN_ON_CUT,2,3,0,0,"tail_cont_enabled=1 tail_active_dims=(1,) tail_delta=0.1 tail_start=(6, 6, 6) returned_y=(0, 6, 2) returned_b=(0, 1, 0) returned_u=(0, 0, 0) returned_zcap=(0, 6, 2) max_tail_u=0",NA
120,P1_no_rho,81,540.2103383999784,5.907733500003815,5.888618299970403,0.20531829993706197,0.01,41099.26915026079,41099.26915026079,-66097.9143033604,-50018.336785317224,0.0,-21717.21736997035,-73258.31412628616,-73258.29935102696,-50697.435320686884,-21717.21736997035,28980.217950716535,28980.217950716535,-20747.68118113019,38322.5,nan,nan,1.5000000000000002,10.0,0.0,0.0,10.0,0.85,CORE,MAIN,1.1889987179150645,0.25216067459635705,0.6,0.174,-50697.435320686884,STRUCTURAL,-0.9134863012572554,-183670.51992601485,26400.0,0,0,0,0,0,0,0,inf,inf,NA,1,5,5,5,23,6,0,0,CONTINUE,0,A,1,1,0,KEEP_STRUCTURAL_IN_ON_CUT,2,3,0,0,"tail_cont_enabled=1 tail_active_dims=(1,) tail_delta=0.1 tail_start=(6, 6, 6) returned_y=(0, 6, 2) returned_b=(0, 1, 0) returned_u=(0, 0, 0) returned_zcap=(0, 6, 2) max_tail_u=0",NA
120,P1_no_rho,82,545.8742969000014,5.907733500003815,5.6635351000586525,0.20595879992470145,0.01,78343.827416531,78343.827416531,-66097.9143033604,-44431.65304537669,0.0,-21717.21736997035,-75969.23263090666,-75969.21740423962,-50697.435320686884,-21717.21736997035,28980.217950716535,28980.217950716535,-20631.027098539686,39167.5,nan,nan,1.5000000000000002,10.0,0.0,0.0,10.0,0.85,CORE,MAIN,1.1874695508575144,0.256165729362237,0.6,0.174,-50697.435320686884,STRUCTURAL,-0.9419066029352553,-183670.51992601485,26400.0,0,0,0,0,0,0,0,inf,inf,NA,1,5,5,5,23,6,0,0,CONTINUE,0,A,1,1,0,KEEP_STRUCTURAL_IN_ON_CUT,2,3,0,0,"tail_cont_enabled=1 tail_active_dims=(1,) tail_delta=0.1 tail_start=(6, 6, 6) returned_y=(0, 2, 6) returned_b=(0, 0, 1) returned_u=(0, 0, 0) returned_zcap=(0, 2, 6) max_tail_u=0",NA
120,P1_no_rho,83,550.8576250999467,5.907733500003815,4.982779499958269,0.2597950999625027,0.01,52304.55463018174,52304.55463018174,-66097.9143033604,-48337.54396332908,0.0,-21717.21736997035,-86952.16349239257,-86952.14624416346,-50697.435320686884,-21717.21736997035,28980.217950716535,28980.217950716535,-27558.720419637713,41910.0,nan,nan,1.5000000000000002,10.0,0.0,0.0,10.0,0.85,CORE,MAIN,1.1835688750274134,0.2221014253388558,0.6,0.174,-50697.435320686884,STRUCTURAL,-0.9447773136805174,-183670.51992601485,26400.0,0,0,0,0,0,0,0,inf,inf,NA,1,5,5,5,23,6,0,0,CONTINUE,0,A,1,1,0,KEEP_STRUCTURAL_IN_ON_CUT,2,3,0,0,"tail_cont_enabled=1 tail_active_dims=(1,) tail_delta=0.1 tail_start=(6, 6, 6) returned_y=(6, 0, 1) returned_b=(1, 0, 0) returned_u=(0, 0, 0) returned_zcap=(6, 0, 1) max_tail_u=0",NA
120,P1_no_rho,84,556.2848988999613,5.907733500003815,5.426813099998981,0.2325418998952955,0.01,44231.327605996245,44231.327605996245,-66097.9143033604,-49548.52801695691,0.0,-21717.21736997035,-76817.78410213703,-76817.76833813285,-50697.435320686884,-21717.21736997035,28980.217950716535,28980.217950716535,-23157.55996148736,38221.5,nan,nan,1.5000000000000002,10.0,0.0,0.0,10.0,0.85,CORE,MAIN,1.181106726662882,0.2444072542428255,0.6,0.174,-50697.435320686884,STRUCTURAL,-0.9359515521655872,-183670.51992601485,26400.0,0,0,0,0,0,0,0,inf,inf,NA,1,5,5,5,23,6,0,0,CONTINUE,0,A,1,1,0,KEEP_STRUCTURAL_IN_ON_CUT,2,3,0,0,"tail_cont_enabled=1 tail_active_dims=(1,) tail_delta=0.1 tail_start=(6, 6, 6) returned_y=(6, 0, 1) returned_b=(1, 0, 0) returned_u=(0, 0, 0) returned_zcap=(6, 0, 1) max_tail_u=0",NA
120,P1_no_rho,85,569.0938867999939,5.907733500003815,12.808188599999994,0.2172920999582857,0.01,55266.52260602745,55266.52260602745,-66097.9143033604,-47893.24876695222,0.0,-21717.21736997035,-77721.70358227212,-77721.68761596289,-50697.435320686884,-21717.21736997035,28980.217950716535,28980.217950716535,-22801.36466212043,38143.5,nan,nan,1.5000000000000002,10.0,0.0,0.0,10.0,0.85,CORE,MAIN,1.1798034662989016,0.23894625856534968,0.6,0.174,-50697.435320686884,STRUCTURAL,-0.9598895915659277,-183670.51992601485,26400.0,0,0,0,0,0,0,0,inf,inf,NA,1,5,5,5,23,6,0,0,CONTINUE,0,A,1,1,0,KEEP_STRUCTURAL_IN_ON_CUT,2,3,0,0,"tail_cont_enabled=1 tail_active_dims=(1,) tail_delta=0.1 tail_start=(6, 6, 6) returned_y=(6, 0, 1) returned_b=(1, 0, 0) returned_u=(0, 0, 0) returned_zcap=(6, 0, 1) max_tail_u=0",NA
120,P1_no_rho,86,574.8799211999867,5.907733500003815,5.785581300035119,0.20589069998823106,0.01,32519.07834578557,32519.07834578557,-66097.9143033604,-51305.36540598851,0.0,-21717.21736997035,-75107.9298937267,-75107.91494791573,-50697.435320686884,-21717.21736997035,28980.217950716535,28980.217950716535,-19147.58764758352,39923.5,nan,nan,1.5000000000000002,10.0,0.0,0.0,10.0,0.85,CORE,MAIN,1.19054301816424,0.2476359854345006,0.6,0.174,-50697.435320686884,STRUCTURAL,-0.9344592750357095,-183670.51992601485,26400.0,0,0,0,0,0,0,0,inf,inf,NA,1,5,5,5,23,6,0,0,CONTINUE,0,A,1,1,0,KEEP_STRUCTURAL_IN_ON_CUT,2,3,0,0,"tail_cont_enabled=1 tail_active_dims=(1,) tail_delta=0.1 tail_start=(6, 6, 6) returned_y=(0, 2, 6) returned_b=(0, 0, 1) returned_u=(0, 0, 0) returned_zcap=(0, 2, 6) max_tail_u=0",NA
120,P1_no_rho,87,579.4757046999875,5.907733500003815,4.594793600030243,0.21561130008194596,0.01,93506.46610120377,93506.46610120377,-66097.9143033604,-42157.257242675776,0.0,-21717.21736997035,-64371.76510075064,-64371.75139311665,-50697.435320686884,-21717.21736997035,28980.217950716535,28980.217950716535,-16549.652521454176,33773.0,nan,nan,1.5000000000000002,10.0,0.0,0.0,10.0,0.85,CORE,MAIN,1.1933890618844427,0.27770763770508977,0.6,0.174,-50697.435320686884,STRUCTURAL,-0.9439907395782127,-183670.51992601485,26400.0,0,0,0,0,0,0,0,inf,inf,NA,1,5,5,5,23,6,0,0,CONTINUE,0,A,1,1,0,KEEP_STRUCTURAL_IN_ON_CUT,2,3,0,0,"tail_cont_enabled=1 tail_active_dims=(1,) tail_delta=0.1 tail_start=(6, 6, 6) returned_y=(6, 0, 1) returned_b=(1, 0, 0) returned_u=(0, 0, 0) returned_zcap=(6, 0, 1) max_tail_u=0",NA
120,P1_no_rho,88,583.426105099963,5.907733500003815,3.949778600013815,0.24754780007060617,0.01,78174.58618897542,78174.58618897542,-66097.9143033604,-44457.03922951003,0.0,-21717.21736997035,-97232.62558865752,-97232.60842578474,-50697.435320686884,-21717.21736997035,28980.217950716535,28980.217950716535,-27440.805428409258,48637.0,nan,nan,1.5000000000000002,10.0,0.0,0.0,10.0,0.85,CORE,MAIN,1.1900029152956866,0.21491959549181383,0.6,0.174,-50697.435320686884,STRUCTURAL,-0.9566352502193184,-183670.51992601485,26400.0,0,0,0,0,0,0,0,inf,inf,NA,2,6,6,6,23,7,0,0,CONTINUE,0,A,1,1,0,KEEP_STRUCTURAL_IN_ON_CUT,2,3,1,0,"tail_cont_enabled=1 tail_active_dims=(1,) tail_delta=0.1 tail_start=(6, 6, 6) returned_y=(1, 6, 0) returned_b=(0, 1, 0) returned_u=(0, 0.1, 0) returned_zcap=(1, 6.1, 0) max_tail_u=0.1",NA
120,P1_no_rho,89,587.7428086999571,5.907733500003815,4.31554999994114,0.24638850009068847,0.01,88335.35845193239,88335.35845193239,-66097.9143033604,-42932.923390066484,0.0,-21717.21736997035,-86575.79576940216,-86575.77974182589,-50697.435320686884,-21717.21736997035,28980.217950716535,28980.217950716535,-22708.66226120853,44450.0,nan,nan,1.5000000000000002,10.0,0.0,0.0,10.0,0.85,CORE,MAIN,1.1870633892683502,0.23384444148866956,0.6,0.174,-50697.435320686884,STRUCTURAL,-0.9578870263309684,-183670.51992601485,26400.0,0,0,0,0,0,0,0,inf,inf,NA,1,5,5,5,24,6,0,0,CONTINUE,0,A,1,1,0,KEEP_STRUCTURAL_IN_ON_CUT,2,3,0,0,"tail_cont_enabled=1 tail_active_dims=(1,) tail_delta=0.1 tail_start=(6, 6, 6) returned_y=(0, 6, 2) returned_b=(0, 1, 0) returned_u=(0, 0, 0) returned_zcap=(0, 6, 2) max_tail_u=0",NA
120,P1_no_rho,90,601.4489890999394,5.907733500003815,13.705565599957481,0.21678890008479357,0.01,50663.70462117782,50663.70462117782,-66097.9143033604,-48583.67146467967,0.0,-21717.21736997035,-59191.21722165285,-59191.20460590771,-50697.435320686884,-21717.21736997035,28980.217950716535,28980.217950716535,-12542.421913758986,34218.0,nan,nan,1.5000000000000002,10.0,0.0,0.0,10.0,0.85,CORE,MAIN,1.1863128520147488,0.2888591092786288,0.6,0.174,-50697.435320686884,STRUCTURAL,-0.9088546513949523,-183670.51992601485,26400.0,0,0,0,0,0,0,0,inf,inf,NA,1,5,5,5,24,6,0,0,CONTINUE,0,A,1,1,0,KEEP_STRUCTURAL_IN_ON_CUT,2,3,0,0,"tail_cont_enabled=1 tail_active_dims=(1,) tail_delta=0.1 tail_start=(6, 6, 6) returned_y=(0, 2, 6) returned_b=(0, 0, 1) returned_u=(0, 0, 0) returned_zcap=(0, 2, 6) max_tail_u=0",NA
120,P1_no_rho,91,606.2331969999941,5.907733500003815,4.783785099978559,0.20691990002524108,0.01,37421.25350386531,37421.25350386531,-66097.9143033604,-50570.03913227655,0.0,-21717.21736997035,-85144.41623765523,-85144.39936908589,-50697.435320686884,-21717.21736997035,28980.217950716535,28980.217950716535,-27671.57301477992,40914.0,nan,nan,1.5000000000000002,10.0,0.0,0.0,10.0,0.85,CORE,MAIN,1.1828062145022566,0.238395669131517,0.6,0.174,-50697.435320686884,STRUCTURAL,-0.936481829435824,-183670.51992601485,26400.0,0,0,0,0,0,0,0,inf,inf,NA,1,5,5,5,24,6,0,0,CONTINUE,0,A,1,1,0,KEEP_STRUCTURAL_IN_ON_CUT,2,3,0,0,"tail_cont_enabled=1 tail_active_dims=(1,) tail_delta=0.1 tail_start=(6, 6, 6) returned_y=(6, 0, 1) returned_b=(1, 0, 0) returned_u=(0, 0, 0) returned_zcap=(6, 0, 1) max_tail_u=0",NA
120,P1_no_rho,92,610.407168500009,5.907733500003815,4.173532200045884,0.22077160002663732,0.01,35849.60056319285,35849.60056319285,-66097.9143033604,-50805.78707337742,0.0,-21717.21736997035,-73858.92773488758,-73858.91249477069,-50697.435320686884,-21717.21736997035,28980.217950716535,28980.217950716535,-21402.891873143362,36966.0,nan,nan,1.5000000000000002,10.0,0.0,0.0,10.0,0.85,CORE,MAIN,1.1813128255294583,0.2529607927094304,0.6,0.174,-50697.435320686884,STRUCTURAL,-0.9460228430021701,-183670.51992601485,26400.0,0,0,0,0,0,0,0,inf,inf,NA,1,5,5,5,24,6,0,0,CONTINUE,0,A,1,1,0,KEEP_STRUCTURAL_IN_ON_CUT,2,3,0,0,"tail_cont_enabled=1 tail_active_dims=(1,) tail_delta=0.1 tail_start=(6, 6, 6) returned_y=(6, 0, 1) returned_b=(1, 0, 0) returned_u=(0, 0, 0) returned_zcap=(6, 0, 1) max_tail_u=0",NA
120,P1_no_rho,93,613.9804310000036,5.907733500003815,3.5727782000321895,0.19570250005926937,0.01,76165.56459980224,76165.56459980224,-66097.9143033604,-44758.392467886006,0.0,-21717.21736997035,-83364.6118805774,-83364.5950322938,-50697.435320686884,-21717.21736997035,28980.217950716535,28980.217950716535,-25571.86432183967,40178.0,nan,nan,1.5000000000000002,10.0,0.0,0.0,10.0,0.85,CORE,MAIN,1.1776311106237132,0.25105537388039745,0.6,0.174,-50697.435320686884,STRUCTURAL,-0.9589448738190737,-183670.51992601485,26400.0,0,0,0,0,0,0,0,inf,inf,NA,1,5,5,5,24,6,0,0,CONTINUE,0,A,1,1,0,KEEP_STRUCTURAL_IN_ON_CUT,2,3,0,0,"tail_cont_enabled=1 tail_active_dims=(1,) tail_delta=0.1 tail_start=(6, 6, 6) returned_y=(6, 0, 1) returned_b=(1, 0, 0) returned_u=(0, 0, 0) returned_zcap=(6, 0, 1) max_tail_u=0",NA
120,P1_no_rho,94,619.0183428999735,5.907733500003815,5.037386000039987,0.22174130007624626,0.01,72485.77006031176,72485.77006031176,-66097.9143033604,-45310.36164880958,0.0,-21717.21736997035,-77421.29157749303,-77421.27583510417,-50697.435320686884,-21717.21736997035,28980.217950716535,28980.217950716535,-22980.919581656137,38015.0,nan,nan,1.5000000000000002,10.0,0.0,0.0,10.0,0.85,CORE,MAIN,1.1767327984575693,0.2495340444385592,0.6,0.174,-50697.435320686884,STRUCTURAL,-0.9547171073426808,-183670.51992601485,26400.0,0,0,0,0,0,0,0,inf,inf,NA,1,5,5,5,24,6,0,0,CONTINUE,0,A,1,1,0,KEEP_STRUCTURAL_IN_ON_CUT,2,3,0,0,"tail_cont_enabled=1 tail_active_dims=(1,) tail_delta=0.1 tail_start=(6, 6, 6) returned_y=(6, 1, 0) returned_b=(1, 0, 0) returned_u=(0, 0, 0) returned_zcap=(6, 1, 0) max_tail_u=0",NA
120,P1_no_rho,95,628.8297346000327,5.907733500003815,9.811008300050162,0.20774460001848638,0.01,42278.465194176664,42278.465194176664,-66097.9143033604,-49841.45737872984,0.0,-21717.21736997035,-72672.98817280038,-72672.97305007614,-50697.435320686884,-21717.21736997035,28980.217950716535,28980.217950716535,-20869.735827379194,36281.0,nan,nan,1.5000000000000002,10.0,0.0,0.0,10.0,0.85,CORE,MAIN,1.1780065381518094,0.2549960218636722,0.6,0.174,-50697.435320686884,STRUCTURAL,-0.9518891839199014,-183670.51992601485,26400.0,0,0,0,0,0,0,0,inf,inf,NA,1,5,5,5,24,6,0,0,CONTINUE,0,A,1,1,0,KEEP_STRUCTURAL_IN_ON_CUT,2,3,0,0,"tail_cont_enabled=1 tail_active_dims=(1,) tail_delta=0.1 tail_start=(6, 6, 6) returned_y=(6, 1, 0) returned_b=(1, 0, 0) returned_u=(0, 0, 0) returned_zcap=(6, 1, 0) max_tail_u=0",NA
120,P1_no_rho,96,634.5393297999399,5.907733500003815,5.708726699929684,0.24526120000518858,0.01,45562.02550301533,45562.02550301533,-66097.9143033604,-49348.92333240405,0.0,-21717.21736997035,-92797.15256610917,-92797.13549024785,-50697.435320686884,-21717.21736997035,28980.217950716535,28980.217950716535,-26253.338908833728,46212.5,nan,nan,1.5000000000000002,10.0,0.0,0.0,10.0,0.85,CORE,MAIN,1.1858272219578234,0.22785747487583063,0.6,0.174,-50697.435320686884,STRUCTURAL,-0.9599682132383248,-183670.51992601485,26400.0,0,0,0,0,0,0,0,inf,inf,NA,2,6,6,6,24,6,0,0,CONTINUE,0,A,1,1,0,KEEP_STRUCTURAL_IN_ON_CUT,2,3,0,0,"tail_cont_enabled=1 tail_active_dims=(1,) tail_delta=0.1 tail_start=(6, 6, 6) returned_y=(0, 2, 6) returned_b=(0, 0, 1) returned_u=(0, 0, 0) returned_zcap=(0, 2, 6) max_tail_u=0",NA
120,P1_no_rho,97,640.2525086000096,5.907733500003815,5.7127708999905735,0.2341391999507323,0.01,153515.5530175296,153515.5530175296,-66097.9143033604,-33155.8942052269,0.0,-21717.21736997035,-74121.32262643936,-74121.30812622112,-50697.435320686884,-21717.21736997035,28980.217950716535,28980.217950716535,-17272.030012127983,39543.0,nan,nan,1.5000000000000002,10.0,0.0,0.0,10.0,0.85,CORE,MAIN,1.1930010525304562,0.2591245975498758,0.6,0.174,-50697.435320686884,STRUCTURAL,-0.9584381241364782,-183670.51992601485,26400.0,0,0,0,0,0,0,0,inf,inf,NA,2,6,6,6,24,6,0,0,CONTINUE,0,A,1,1,0,KEEP_STRUCTURAL_IN_ON_CUT,2,3,0,0,"tail_cont_enabled=1 tail_active_dims=(1,) tail_delta=0.1 tail_start=(6, 6, 6) returned_y=(0, 2, 6) returned_b=(0, 0, 1) returned_u=(0, 0, 0) returned_zcap=(0, 2, 6) max_tail_u=0",NA
120,P1_no_rho,98,646.4709436999401,5.907733500003815,6.218078799895011,0.21714439999777824,0.01,55019.41188939182,55019.41188939182,-66097.9143033604,-47930.31537444757,0.0,-21717.21736997035,-73145.70489337717,-73145.6899190623,-50697.435320686884,-21717.21736997035,28980.217950716535,28980.217950716535,-20209.83844350958,38624.0,nan,nan,1.5000000000000002,10.0,0.0,0.0,10.0,0.85,CORE,MAIN,1.198590759589018,0.2417186665823311,0.6,0.174,-50697.435320686884,STRUCTURAL,-0.9136953099204758,-183670.51992601485,26400.0,0,0,0,0,0,0,0,inf,inf,NA,1,5,5,5,24,6,0,0,CONTINUE,0,A,1,1,0,KEEP_STRUCTURAL_IN_ON_CUT,2,3,0,0,"tail_cont_enabled=1 tail_active_dims=(1,) tail_delta=0.1 tail_start=(6, 6, 6) returned_y=(0, 2, 6) returned_b=(0, 0, 1) returned_u=(0, 0, 0) returned_zcap=(0, 2, 6) max_tail_u=0",NA
120,P1_no_rho,99,651.0624102000147,5.907733500003815,4.5907485000789165,0.20257399999536574,0.01,64258.78421108408,64258.78421108408,-66097.9143033604,-46544.40952619373,0.0,-21717.21736997035,-75679.17662174905,-75679.16171388497,-50697.435320686884,-21717.21736997035,28980.217950716535,28980.217950716535,-19727.259884906856,39180.0,nan,nan,1.5000000000000002,10.0,0.0,0.0,10.0,0.85,CORE,MAIN,1.2027355840294949,0.2551365738010729,0.6,0.174,-50697.435320686884,STRUCTURAL,-0.9520486954054468,-183670.51992601485,26400.0,0,0,0,0,0,0,0,inf,inf,NA,1,5,5,5,24,6,0,0,CONTINUE,0,A,1,1,0,KEEP_STRUCTURAL_IN_ON_CUT,2,3,0,0,"tail_cont_enabled=1 tail_active_dims=(1,) tail_delta=0.1 tail_start=(6, 6, 6) returned_y=(6, 0, 1) returned_b=(1, 0, 0) returned_u=(0, 0, 0) returned_zcap=(6, 0, 1) max_tail_u=0",NA
120,P1_no_rho,100,663.7228366000345,5.907733500003815,12.660010399995372,0.1949549000710249,0.01,44982.47439063695,44982.47439063695,-66097.9143033604,-49435.8559992608,0.0,-21717.21736997035,-60832.57000481041,-60832.55681587334,-50697.435320686884,-21717.21736997035,28980.217950716535,28980.217950716535,-13905.626948483816,32921.0,nan,nan,1.5000000000000002,10.0,0.0,0.0,10.0,0.85,CORE,MAIN,1.199716439929782,0.2851873309114099,0.6,0.174,-50697.435320686884,STRUCTURAL,-0.9502937307977587,-183670.51992601485,26400.0,0,0,0,0,0,0,0,inf,inf,NA,1,5,5,5,24,6,0,0,CONTINUE,0,A,1,1,0,KEEP_STRUCTURAL_IN_ON_CUT,2,3,0,0,"tail_cont_enabled=1 tail_active_dims=(1,) tail_delta=0.1 tail_start=(6, 6, 6) returned_y=(6, 0, 1) returned_b=(1, 0, 0) returned_u=(0, 0, 0) returned_zcap=(6, 0, 1) max_tail_u=0",NA
120,P1_no_rho,101,669.2852867000038,5.907733500003815,5.561983000021428,0.20615650003310293,0.01,35092.278622875696,35092.278622875696,-66097.9143033604,-50919.38536442499,0.0,-21717.21736997035,-83731.97388772959,-83731.95760681838,-50697.435320686884,-21717.21736997035,28980.217950716535,28980.217950716535,-24991.09356697391,40806.0,nan,nan,1.5000000000000002,10.0,0.0,0.0,10.0,0.85,CORE,MAIN,1.1944492711066934,0.25201174495532086,0.6,0.174,-50697.435320686884,STRUCTURAL,-0.9596769109092529,-183670.51992601485,26400.0,0,0,0,0,0,0,0,inf,inf,NA,1,5,5,5,24,6,0,0,CONTINUE,0,A,1,1,0,KEEP_STRUCTURAL_IN_ON_CUT,2,3,0,0,"tail_cont_enabled=1 tail_active_dims=(1,) tail_delta=0.1 tail_start=(6, 6, 6) returned_y=(6, 0, 1) returned_b=(1, 0, 0) returned_u=(0, 0, 0) returned_zcap=(6, 0, 1) max_tail_u=0",NA
120,P1_no_rho,102,674.0670102000004,5.907733500003815,4.78134119999595,0.22451400000136346,0.01,61845.56074725935,61845.56074725935,-66097.9143033604,-46906.39304576744,0.0,-21717.21736997035,-80885.19382358523,-80885.1775987359,-50697.435320686884,-21717.21736997035,28980.217950716535,28980.217950716535,-24480.47993315324,39904.5,nan,nan,1.5000000000000002,10.0,0.0,0.0,10.0,0.85,CORE,MAIN,1.1907103594159092,0.24716482680947394,0.6,0.174,-50697.435320686884,STRUCTURAL,-0.9423281027717453,-183670.51992601485,26400.0,0,0,0,0,0,0,0,inf,inf,NA,1,5,5,5,24,6,0,0,CONTINUE,0,A,1,1,0,KEEP_STRUCTURAL_IN_ON_CUT,2,3,0,0,"tail_cont_enabled=1 tail_active_dims=(1,) tail_delta=0.1 tail_start=(6, 6, 6) returned_y=(6, 0, 1) returned_b=(1, 0, 0) returned_u=(0, 0, 0) returned_zcap=(6, 0, 1) max_tail_u=0",NA
120,P1_no_rho,103,679.4150507999584,5.907733500003815,5.347637499915436,0.20361419999971986,0.01,44815.78946047888,44815.78946047888,-66097.9143033604,-49460.85873878451,0.0,-21717.21736997035,-82131.81707119512,-82131.80090086164,-50697.435320686884,-21717.21736997035,28980.217950716535,28980.217950716535,-23582.134894493498,41797.5,nan,nan,1.5000000000000002,10.0,0.0,0.0,10.0,0.85,CORE,MAIN,1.1868962696134413,0.24653247717011162,0.6,0.174,-50697.435320686884,STRUCTURAL,-0.9338623283907431,-183670.51992601485,26400.0,0,0,0,0,0,0,0,inf,inf,NA,1,5,5,5,24,6,0,0,CONTINUE,0,A,1,1,0,KEEP_STRUCTURAL_IN_ON_CUT,2,3,0,0,"tail_cont_enabled=1 tail_active_dims=(1,) tail_delta=0.1 tail_start=(6, 6, 6) returned_y=(0, 2, 6) returned_b=(0, 0, 1) returned_u=(0, 0, 0) returned_zcap=(0, 2, 6) max_tail_u=0",NA
120,P1_no_rho,104,685.5834904999938,5.907733500003815,6.167968500056304,0.21786590002011508,0.01,83497.04834750127,83497.04834750127,-66097.9143033604,-43658.66990573115,0.0,-21717.21736997035,-87738.68336084831,-87738.6670363473,-50697.435320686884,-21717.21736997035,28980.217950716535,28980.217950716535,-23894.411768806964,44801.5,nan,nan,1.5000000000000002,10.0,0.0,0.0,10.0,0.85,CORE,MAIN,1.182011599598058,0.24566359325855658,0.6,0.174,-50697.435320686884,STRUCTURAL,-0.9500315133427875,-183670.51992601485,26400.0,0,0,0,0,0,0,0,inf,inf,NA,1,5,5,5,24,6,0,0,CONTINUE,0,A,1,1,0,KEEP_STRUCTURAL_IN_ON_CUT,2,3,0,0,"tail_cont_enabled=1 tail_active_dims=(1,) tail_delta=0.1 tail_start=(6, 6, 6) returned_y=(0, 2, 6) returned_b=(0, 0, 1) returned_u=(0, 0, 0) returned_zcap=(0, 2, 6) max_tail_u=0",NA
120,P1_no_rho,105,698.0726824000012,5.907733500003815,12.488770800060593,0.21212429995648563,0.01,88700.84094564662,88700.84094564662,-66097.9143033604,-42878.10101600935,0.0,-21717.21736997035,-79294.73845173515,-79294.7229073029,-50697.435320686884,-21717.21736997035,28980.217950716535,28980.217950716535,-21070.566973244167,41317.0,nan,nan,1.5000000000000002,10.0,0.0,0.0,10.0,0.85,CORE,MAIN,1.1791990914472423,0.24554335613882283,0.6,0.174,-50697.435320686884,STRUCTURAL,-0.9394705316465171,-183670.51992601485,26400.0,0,0,0,0,0,0,0,inf,inf,NA,1,5,5,5,24,6,0,0,CONTINUE,0,A,1,1,0,KEEP_STRUCTURAL_IN_ON_CUT,2,3,0,0,"tail_cont_enabled=1 tail_active_dims=(1,) tail_delta=0.1 tail_start=(6, 6, 6) returned_y=(0, 2, 6) returned_b=(0, 0, 1) returned_u=(0, 0, 0) returned_zcap=(0, 2, 6) max_tail_u=0",NA
120,P1_no_rho,106,702.8901132999454,5.907733500003815,4.816856399993412,0.2191404999466613,0.01,52635.25158037951,52635.25158037951,-66097.9143033604,-48287.93942079942,0.0,-21717.21736997035,-69125.03539195558,-69125.02074449736,-50697.435320686884,-21717.21736997035,28980.217950716535,28980.217950716535,-18321.57471656882,35487.5,nan,nan,1.5000000000000002,10.0,0.0,0.0,10.0,0.85,CORE,MAIN,1.1865020788368206,0.2506816617259251,0.6,0.174,-50697.435320686884,STRUCTURAL,-0.9543913777701734,-183670.51992601485,26400.0,0,0,0,0,0,0,0,inf,inf,NA,1,5,5,5,24,6,0,0,CONTINUE,0,A,1,1,0,KEEP_STRUCTURAL_IN_ON_CUT,2,3,0,0,"tail_cont_enabled=1 tail_active_dims=(1,) tail_delta=0.1 tail_start=(6, 6, 6) returned_y=(6, 0, 1) returned_b=(1, 0, 0) returned_u=(0, 0, 0) returned_zcap=(6, 0, 1) max_tail_u=0",NA
120,P1_no_rho,107,708.0407897999976,5.907733500003815,5.15029759996105,0.23730739997699857,0.01,93711.94550959728,93711.94550959728,-66097.9143033604,-42126.43533141675,0.0,-21717.21736997035,-73928.09254746725,-73928.07779835175,-50697.435320686884,-21717.21736997035,28980.217950716535,28980.217950716535,-19186.46530266021,38602.0,nan,nan,1.5000000000000002,10.0,0.0,0.0,10.0,0.85,CORE,MAIN,1.1921609668124544,0.25718790345783127,0.6,0.174,-50697.435320686884,STRUCTURAL,-0.9454020084571012,-183670.51992601485,26400.0,0,0,0,0,0,0,0,inf,inf,NA,1,5,5,5,24,6,0,0,CONTINUE,0,A,1,1,0,KEEP_STRUCTURAL_IN_ON_CUT,2,3,0,0,"tail_cont_enabled=1 tail_active_dims=(1,) tail_delta=0.1 tail_start=(6, 6, 6) returned_y=(6, 0, 1) returned_b=(1, 0, 0) returned_u=(0, 0, 0) returned_zcap=(6, 0, 1) max_tail_u=0",NA
120,P1_no_rho,108,713.8599438000238,5.907733500003815,5.8187950000865385,0.27101719996426255,0.01,49716.58559524405,49716.58559524405,-66097.9143033604,-48725.73931856974,0.0,-21717.21736997035,-65321.300765514905,-65321.28721481354,-50697.435320686884,-21717.21736997035,28980.217950716535,28980.217950716535,-14778.463323456159,35179.5,nan,nan,1.5000000000000002,10.0,0.0,0.0,10.0,0.85,CORE,MAIN,1.1955383987471202,0.25520042377954777,0.6,0.174,-50697.435320686884,STRUCTURAL,-0.9578082669614855,-183670.51992601485,26400.0,0,0,0,0,0,0,0,inf,inf,NA,1,5,5,5,24,6,0,0,CONTINUE,0,A,1,1,0,KEEP_STRUCTURAL_IN_ON_CUT,2,3,0,0,"tail_cont_enabled=1 tail_active_dims=(1,) tail_delta=0.1 tail_start=(6, 6, 6) returned_y=(6, 0, 1) returned_b=(1, 0, 0) returned_u=(0, 0, 0) returned_zcap=(6, 0, 1) max_tail_u=0",NA
120,P1_no_rho,109,718.588389200042,5.907733500003815,4.7279956000857055,0.23185950005427003,0.01,37167.354400452256,37167.354400452256,-66097.9143033604,-50608.123997788505,0.0,-21717.21736997035,-78651.20573372931,-78651.18968530241,-50697.435320686884,-21717.21736997035,28980.217950716535,28980.217950716535,-23514.58715204117,38349.0,nan,nan,1.5000000000000002,10.0,0.0,0.0,10.0,0.85,CORE,MAIN,1.1965648376089506,0.24644164380475975,0.6,0.174,-50697.435320686884,STRUCTURAL,-0.9585056982496063,-183670.51992601485,26400.0,0,0,0,0,0,0,0,inf,inf,NA,1,5,5,5,24,6,0,0,CONTINUE,0,A,1,1,0,KEEP_STRUCTURAL_IN_ON_CUT,2,3,0,0,"tail_cont_enabled=1 tail_active_dims=(1,) tail_delta=0.1 tail_start=(6, 6, 6) returned_y=(6, 0, 1) returned_b=(1, 0, 0) returned_u=(0, 0, 0) returned_zcap=(6, 0, 1) max_tail_u=0",NA
120,P1_no_rho,110,730.288080999977,5.907733500003815,11.699119299999438,0.20217029994819313,0.01,55702.02246321952,55702.02246321952,-66097.9143033604,-47827.92378837342,0.0,-21717.21736997035,-94209.70532983157,-94209.68765985622,-50697.435320686884,-21717.21736997035,28980.217950716535,28980.217950716535,-28910.869560695926,47344.0,nan,nan,1.5000000000000002,10.0,0.0,0.0,10.0,0.85,CORE,MAIN,1.1938079477275982,0.22850454968631972,0.6,0.174,-50697.435320686884,STRUCTURAL,-0.919494453350798,-183670.51992601485,26400.0,0,0,0,0,0,0,0,inf,inf,NA,1,5,5,5,24,6,0,0,CONTINUE,0,A,1,1,0,KEEP_STRUCTURAL_IN_ON_CUT,2,3,0,0,"tail_cont_enabled=1 tail_active_dims=(1,) tail_delta=0.1 tail_start=(6, 6, 6) returned_y=(0, 2, 6) returned_b=(0, 0, 1) returned_u=(0, 0, 0) returned_zcap=(0, 2, 6) max_tail_u=0",NA
120,P1_no_rho,111,736.0652807999868,5.907733500003815,5.776819700025953,0.2098501999862492,0.01,72806.09729523194,72806.09729523194,-66097.9143033604,-45262.312563571555,0.0,-21717.21736997035,-89075.39495825021,-89075.37832593275,-50697.435320686884,-21717.21736997035,28980.217950716535,28980.217950716535,-23859.963903537417,45102.0,nan,nan,1.5000000000000002,10.0,0.0,0.0,10.0,0.85,CORE,MAIN,1.1903122908260226,0.24032563438603027,0.6,0.174,-50697.435320686884,STRUCTURAL,-0.9639692906803146,-183670.51992601485,26400.0,0,0,0,0,0,0,0,inf,inf,NA,1,5,5,5,24,6,0,0,CONTINUE,0,A,1,1,0,KEEP_STRUCTURAL_IN_ON_CUT,2,3,0,0,"tail_cont_enabled=1 tail_active_dims=(1,) tail_delta=0.1 tail_start=(6, 6, 6) returned_y=(0, 2, 6) returned_b=(0, 0, 1) returned_u=(0, 0, 0) returned_zcap=(0, 2, 6) max_tail_u=0",NA
120,P1_no_rho,112,742.0388509000186,5.907733500003815,5.973080100025982,0.1857355999527499,0.01,96281.62922903342,96281.62922903342,-66097.9143033604,-41740.98277350133,0.0,-21717.21736997035,-78809.75837164331,-78809.7430986901,-50697.435320686884,-21717.21736997035,28980.217950716535,28980.217950716535,-19704.971321652167,41581.0,nan,nan,1.5000000000000002,10.0,0.0,0.0,10.0,0.85,CORE,MAIN,1.1883332781952118,0.2617366329217552,0.6,0.174,-50697.435320686884,STRUCTURAL,-0.947624664743319,-183670.51992601485,26400.0,0,0,0,0,0,0,0,inf,inf,NA,1,5,5,5,24,6,0,0,CONTINUE,0,A,1,1,0,KEEP_STRUCTURAL_IN_ON_CUT,2,3,0,0,"tail_cont_enabled=1 tail_active_dims=(1,) tail_delta=0.1 tail_start=(6, 6, 6) returned_y=(0, 5, 3) returned_b=(0, 0, 0) returned_u=(0, 0, 0) returned_zcap=(0, 5, 3) max_tail_u=0",NA
120,P1_no_rho,113,747.3484875999857,5.907733500003815,5.309272199985571,0.21442059997934848,0.01,64135.89943768712,64135.89943768712,-66097.9143033604,-46562.842242203275,0.0,-21717.21736997035,-70505.31299771284,-70505.29834435094,-50697.435320686884,-21717.21736997035,28980.217950716535,28980.217950716535,-18330.29411427231,36352.5,nan,nan,1.5000000000000002,10.0,0.0,0.0,10.0,0.85,CORE,MAIN,1.1893198867936736,0.2730871361012962,0.6,0.174,-50697.435320686884,STRUCTURAL,-0.9568347748679114,-183670.51992601485,26400.0,0,0,0,0,0,0,0,inf,inf,NA,1,5,5,5,24,6,0,0,CONTINUE,0,A,1,1,0,KEEP_STRUCTURAL_IN_ON_CUT,2,3,0,0,"tail_cont_enabled=1 tail_active_dims=(1,) tail_delta=0.1 tail_start=(6, 6, 6) returned_y=(6, 1, 0) returned_b=(1, 0, 0) returned_u=(0, 0, 0) returned_zcap=(6, 1, 0) max_tail_u=0",NA
120,P1_no_rho,114,752.6139470000053,5.907733500003815,5.264710100018419,0.2249665999552235,0.01,54345.488993406245,54345.488993406245,-66097.9143033604,-48031.40380884541,0.0,-21717.21736997035,-71330.45540892483,-71330.44084088052,-50697.435320686884,-21717.21736997035,28980.217950716535,28980.217950716535,-18266.27392336862,36845.0,nan,nan,1.5000000000000002,10.0,0.0,0.0,10.0,0.85,CORE,MAIN,1.1947716440491092,0.27628299916447563,0.6,0.174,-50697.435320686884,STRUCTURAL,-0.9601332956531756,-183670.51992601485,26400.0,0,0,0,0,0,0,0,inf,inf,NA,1,5,5,5,24,6,0,0,CONTINUE,0,A,1,1,0,KEEP_STRUCTURAL_IN_ON_CUT,2,3,0,0,"tail_cont_enabled=1 tail_active_dims=(1,) tail_delta=0.1 tail_start=(6, 6, 6) returned_y=(6, 1, 0) returned_b=(1, 0, 0) returned_u=(0, 0, 0) returned_zcap=(6, 1, 0) max_tail_u=0",NA
120,P1_no_rho,115,764.6409444999881,5.907733500003815,12.026354299974628,0.20186130004003644,0.01,78432.6129261796,78432.6129261796,-66097.9143033604,-44418.3352189294,0.0,-21717.21736997035,-67201.63252911453,-67201.61857090003,-50697.435320686884,-21717.21736997035,28980.217950716535,28980.217950716535,-15752.13982328838,35565.5,nan,nan,1.5000000000000002,10.0,0.0,0.0,10.0,0.85,CORE,MAIN,1.1978360090021531,0.27213377177235487,0.6,0.174,-50697.435320686884,STRUCTURAL,-0.9644079936569925,-183670.51992601485,26400.0,0,0,0,0,0,0,0,inf,inf,NA,1,5,5,5,24,6,0,0,CONTINUE,0,A,1,1,0,KEEP_STRUCTURAL_IN_ON_CUT,2,3,0,0,"tail_cont_enabled=1 tail_active_dims=(1,) tail_delta=0.1 tail_start=(6, 6, 6) returned_y=(6, 1, 0) returned_b=(1, 0, 0) returned_u=(0, 0, 0) returned_zcap=(6, 1, 0) max_tail_u=0",NA
120,P1_no_rho,116,770.0102033000439,5.907733500003815,5.368698800099082,0.21961669996380806,0.01,45336.27318451691,45336.27318451691,-66097.9143033604,-49382.78618017881,0.0,-21717.21736997035,-78814.37308535574,-78814.35706929797,-50697.435320686884,-21717.21736997035,28980.217950716535,28980.217950716535,-23273.30477061787,38713.5,nan,nan,1.5000000000000002,10.0,0.0,0.0,10.0,0.85,CORE,MAIN,1.199388362880446,0.2630710694004438,0.6,0.174,-50697.435320686884,STRUCTURAL,-0.9564458961116938,-183670.51992601485,26400.0,0,0,0,0,0,0,0,inf,inf,NA,1,5,5,5,24,6,0,0,CONTINUE,0,A,1,1,0,KEEP_STRUCTURAL_IN_ON_CUT,2,3,0,0,"tail_cont_enabled=1 tail_active_dims=(1,) tail_delta=0.1 tail_start=(6, 6, 6) returned_y=(6, 1, 0) returned_b=(1, 0, 0) returned_u=(0, 0, 0) returned_zcap=(6, 1, 0) max_tail_u=0",NA
120,P1_no_rho,117,775.418793000048,5.907733500003815,5.407985600060783,0.21695150004234165,0.01,37042.19238216141,37042.19238216141,-66097.9143033604,-50626.898300532135,0.0,-21717.21736997035,-93876.93286053956,-93876.91510938987,-50697.435320686884,-21717.21736997035,28980.217950716535,28980.217950716535,-29302.241935809783,46508.0,nan,nan,1.5000000000000002,10.0,0.0,0.0,10.0,0.85,CORE,MAIN,1.1972246414293253,0.22428041860077408,0.6,0.174,-50697.435320686884,STRUCTURAL,-0.9256425156041984,-183670.51992601485,26400.0,0,0,0,0,0,0,0,inf,inf,NA,1,5,5,5,24,6,0,0,CONTINUE,0,A,1,1,0,KEEP_STRUCTURAL_IN_ON_CUT,2,3,0,0,"tail_cont_enabled=1 tail_active_dims=(1,) tail_delta=0.1 tail_start=(6, 6, 6) returned_y=(0, 5, 3) returned_b=(0, 0, 0) returned_u=(0, 0, 0) returned_zcap=(0, 5, 3) max_tail_u=0",NA
120,P1_no_rho,118,781.8669272999978,5.907733500003815,6.447490900056437,0.22864680003840476,0.01,71541.92806452922,71541.92806452922,-66097.9143033604,-45451.93794817696,0.0,-21717.21736997035,-90744.63363479174,-90744.61672012089,-50697.435320686884,-21717.21736997035,28980.217950716535,28980.217950716535,-24107.06694128907,45405.0,nan,nan,1.5000000000000002,10.0,0.0,0.0,10.0,0.85,CORE,MAIN,1.1937987899704543,0.23452050628284027,0.6,0.174,-50697.435320686884,STRUCTURAL,-0.978417204842812,-183670.51992601485,26400.0,0,0,0,0,0,0,0,inf,inf,NA,1,5,5,5,24,6,0,0,CONTINUE,0,A,1,1,0,KEEP_STRUCTURAL_IN_ON_CUT,2,3,0,0,"tail_cont_enabled=1 tail_active_dims=(1,) tail_delta=0.1 tail_start=(6, 6, 6) returned_y=(0, 5, 3) returned_b=(0, 0, 0) returned_u=(0, 0, 0) returned_zcap=(0, 5, 3) max_tail_u=0",NA
120,P1_no_rho,119,788.1671746999491,5.907733500003815,6.299787599942647,0.21187009999994189,0.01,100200.95943822191,100200.95943822191,-66097.9143033604,-41153.08324212306,0.0,-21717.21736997035,-77783.78525468835,-77783.77020836357,-50697.435320686884,-21717.21736997035,28980.217950716535,28980.217950716535,-18901.323663546897,41589.5,nan,nan,1.5000000000000002,10.0,0.0,0.0,10.0,0.85,CORE,MAIN,1.1923235609190794,0.25098386481766866,0.6,0.174,-50697.435320686884,STRUCTURAL,-0.9438671867469219,-183670.51992601485,26400.0,0,0,0,0,0,0,0,inf,inf,NA,1,5,5,5,24,6,0,0,CONTINUE,0,A,1,1,0,KEEP_STRUCTURAL_IN_ON_CUT,2,3,0,0,"tail_cont_enabled=1 tail_active_dims=(1,) tail_delta=0.1 tail_start=(6, 6, 6) returned_y=(0, 5, 3) returned_b=(0, 0, 0) returned_u=(0, 0, 0) returned_zcap=(0, 5, 3) max_tail_u=0",NA
120,P1_no_rho,120,800.8725966999773,5.907733500003815,12.704761100001633,0.2039937999797985,0.01,64880.67693276316,64880.67693276316,-66097.9143033604,-46451.12561794187,0.0,-21717.21736997035,-74688.20047864612,-74688.18530109405,-50697.435320686884,-21717.21736997035,28980.217950716535,28980.217950716535,-19348.6936447505,37785.0,nan,nan,1.5000000000000002,10.0,0.0,0.0,10.0,0.85,CORE,MAIN,1.1923444334452635,0.2537049767844278,0.6,0.174,-50697.435320686884,STRUCTURAL,-0.9763926012322973,-183670.51992601485,26400.0,0,0,0,0,0,0,0,inf,inf,NA,1,5,5,5,24,6,0,0,CONTINUE,0,A,1,1,0,KEEP_STRUCTURAL_IN_ON_CUT,2,3,0,0,"tail_cont_enabled=1 tail_active_dims=(1,) tail_delta=0.1 tail_start=(6, 6, 6) returned_y=(6, 0, 1) returned_b=(1, 0, 0) returned_u=(0, 0, 0) returned_zcap=(6, 0, 1) max_tail_u=0",NA
120,P1_no_rho,121,806.6649093000451,5.907733500003815,5.791844300110824,0.20852610003203154,0.01,63550.05929962213,63550.05929962213,-66097.9143033604,-46650.718262913026,0.0,-21717.21736997035,-70816.23264385629,-70816.21807526847,-50697.435320686884,-21717.21736997035,28980.217950716535,28980.217950716535,-17778.16776700491,36818.5,nan,nan,1.5000000000000002,10.0,0.0,0.0,10.0,0.85,CORE,MAIN,1.1964415549266827,0.27112443897405836,0.6,0.174,-50697.435320686884,STRUCTURAL,-0.9603514593345469,-183670.51992601485,26400.0,0,0,0,0,0,0,0,inf,inf,NA,1,5,5,5,24,6,0,0,CONTINUE,0,A,1,1,0,KEEP_STRUCTURAL_IN_ON_CUT,2,3,0,0,"tail_cont_enabled=1 tail_active_dims=(1,) tail_delta=0.1 tail_start=(6, 6, 6) returned_y=(6, 0, 1) returned_b=(1, 0, 0) returned_u=(0, 0, 0) returned_zcap=(6, 0, 1) max_tail_u=0",NA
120,P1_no_rho,122,811.0678371000104,5.907733500003815,4.402495600050315,0.20399639999959618,0.01,75969.25075727701,75969.25075727701,-66097.9143033604,-44787.83954426479,0.0,-21717.21736997035,-67631.39532524372,-67631.38118770145,-50697.435320686884,-21717.21736997035,28980.217950716535,28980.217950716535,-15824.964184885326,35798.0,nan,nan,1.5000000000000002,10.0,0.0,0.0,10.0,0.85,CORE,MAIN,1.1987499946060545,0.2710606389020298,0.6,0.174,-50697.435320686884,STRUCTURAL,-0.9647916457682202,-183670.51992601485,26400.0,0,0,0,0,0,0,0,inf,inf,NA,1,5,5,5,24,6,0,0,CONTINUE,0,A,1,1,0,KEEP_STRUCTURAL_IN_ON_CUT,2,3,0,0,"tail_cont_enabled=1 tail_active_dims=(1,) tail_delta=0.1 tail_start=(6, 6, 6) returned_y=(6, 0, 1) returned_b=(1, 0, 0) returned_u=(0, 0, 0) returned_zcap=(6, 0, 1) max_tail_u=0",NA
120,P1_no_rho,123,817.1345043999609,5.907733500003815,6.066177499946207,0.2331969999941066,0.01,46117.01706718475,46117.01706718475,-66097.9143033604,-49265.674597778634,0.0,-21717.21736997035,-76952.10395740409,-76952.08830767492,-50697.435320686884,-21717.21736997035,28980.217950716535,28980.217950716535,-23245.59924967985,38180.0,nan,nan,1.5000000000000002,10.0,0.0,0.0,10.0,0.85,CORE,MAIN,1.2003157044279866,0.2502426983524154,0.6,0.174,-50697.435320686884,STRUCTURAL,-0.9377770046795015,-183670.51992601485,26400.0,0,0,0,0,0,0,0,inf,inf,NA,1,5,5,5,24,6,0,0,CONTINUE,0,A,1,1,0,KEEP_STRUCTURAL_IN_ON_CUT,2,3,0,0,"tail_cont_enabled=1 tail_active_dims=(1,) tail_delta=0.1 tail_start=(6, 6, 6) returned_y=(6, 0, 1) returned_b=(1, 0, 0) returned_u=(0, 0, 0) returned_zcap=(6, 0, 1) max_tail_u=0",NA
120,P1_no_rho,124,822.3405487999553,5.907733500003815,5.205114800017327,0.18604909989517182,0.01,36318.194139172905,36318.194139172905,-66097.9143033604,-50735.49803698041,0.0,-21717.21736997035,-92840.0251586096,-92840.00759179221,-50697.435320686884,-21717.21736997035,28980.217950716535,28980.217950716535,-28250.19259750368,45938.0,nan,nan,1.5000000000000002,10.0,0.0,0.0,10.0,0.85,CORE,MAIN,1.1983799374534039,0.22983361486733445,0.6,0.174,-50697.435320686884,STRUCTURAL,-0.9373476569040667,-183670.51992601485,26400.0,0,0,0,0,0,0,0,inf,inf,NA,1,5,5,5,24,6,0,0,CONTINUE,0,A,1,1,0,KEEP_STRUCTURAL_IN_ON_CUT,2,3,0,0,"tail_cont_enabled=1 tail_active_dims=(1,) tail_delta=0.1 tail_start=(6, 6, 6) returned_y=(0, 5, 3) returned_b=(0, 0, 0) returned_u=(0, 0, 0) returned_zcap=(0, 5, 3) max_tail_u=0",NA
120,P1_no_rho,125,834.5014806999825,5.907733500003815,12.160400899942033,0.20832780003547668,0.01,51860.76925640567,51860.76925640567,-66097.9143033604,-48404.111769395495,0.0,-21717.21736997035,-90894.97577402418,-90894.95860609031,-50697.435320686884,-21717.21736997035,28980.217950716535,28980.217950716535,-25575.261853157943,45719.0,nan,nan,1.5000000000000002,10.0,0.0,0.0,10.0,0.85,CORE,MAIN,1.1949355546983451,0.23129509469040122,0.6,0.174,-50697.435320686884,STRUCTURAL,-0.9524806864094775,-183670.51992601485,26400.0,0,0,0,0,0,0,0,inf,inf,NA,1,5,5,5,24,6,0,0,CONTINUE,0,A,1,1,0,KEEP_STRUCTURAL_IN_ON_CUT,2,3,0,0,"tail_cont_enabled=1 tail_active_dims=(1,) tail_delta=0.1 tail_start=(6, 6, 6) returned_y=(0, 5, 3) returned_b=(0, 0, 0) returned_u=(0, 0, 0) returned_zcap=(0, 5, 3) max_tail_u=0",NA
120,P1_no_rho,126,840.2442968999967,5.907733500003815,5.740801300038584,0.19813270005397499,0.01,83765.09078581295,83765.09078581295,-66097.9143033604,-43618.4635399844,0.0,-21717.21736997035,-76043.82226579777,-76043.80726895583,-50697.435320686884,-21717.21736997035,28980.217950716535,28980.217950716535,-18358.59723419881,40638.0,nan,nan,1.5000000000000002,10.0,0.0,0.0,10.0,0.85,CORE,MAIN,1.1940986016745108,0.2656878550966496,0.6,0.174,-50697.435320686884,STRUCTURAL,-0.9463262633455886,-183670.51992601485,26400.0,0,0,0,0,0,0,0,inf,inf,NA,1,5,5,5,24,6,0,0,CONTINUE,0,A,1,1,0,KEEP_STRUCTURAL_IN_ON_CUT,2,3,0,0,"tail_cont_enabled=1 tail_active_dims=(1,) tail_delta=0.1 tail_start=(6, 6, 6) returned_y=(0, 5, 3) returned_b=(0, 0, 0) returned_u=(0, 0, 0) returned_zcap=(0, 5, 3) max_tail_u=0",NA
120,P1_no_rho,127,845.2109528000001,5.907733500003815,4.966101699974388,0.21879499999340624,0.01,55036.30499400088,55036.30499400088,-66097.9143033604,-47927.781408756215,0.0,-21717.21736997035,-68954.74050635661,-68954.72581656183,-50697.435320686884,-21717.21736997035,28980.217950716535,28980.217950716535,-17985.1787909922,35360.0,nan,nan,1.5000000000000002,10.0,0.0,0.0,10.0,0.85,CORE,MAIN,1.1957329000387475,0.2707268008142212,0.6,0.174,-50697.435320686884,STRUCTURAL,-0.9609643104368326,-183670.51992601485,26400.0,0,0,0,0,0,0,0,inf,inf,NA,1,5,5,5,24,6,0,0,CONTINUE,0,A,1,1,0,KEEP_STRUCTURAL_IN_ON_CUT,2,3,0,0,"tail_cont_enabled=1 tail_active_dims=(1,) tail_delta=0.1 tail_start=(6, 6, 6) returned_y=(6, 1, 0) returned_b=(1, 0, 0) returned_u=(0, 0, 0) returned_zcap=(6, 1, 0) max_tail_u=0",NA
120,P1_no_rho,128,850.0156853999943,5.907733500003815,4.804364199982956,0.19085290003567934,0.01,59371.66031662315,59371.66031662315,-66097.9143033604,-47277.47811036287,0.0,-21717.21736997035,-69783.67929504727,-69783.66467712476,-50697.435320686884,-21717.21736997035,28980.217950716535,28980.217950716535,-18128.67763306741,36533.5,nan,nan,1.5000000000000002,10.0,0.0,0.0,10.0,0.85,CORE,MAIN,1.1987275858642183,0.2708369970320066,0.6,0.174,-50697.435320686884,STRUCTURAL,-0.9426049524237085,-183670.51992601485,26400.0,0,0,0,0,0,0,0,inf,inf,NA,1,5,5,5,24,6,0,0,CONTINUE,0,A,1,1,0,KEEP_STRUCTURAL_IN_ON_CUT,2,3,0,0,"tail_cont_enabled=1 tail_active_dims=(1,) tail_delta=0.1 tail_start=(6, 6, 6) returned_y=(6, 1, 0) returned_b=(1, 0, 0) returned_u=(0, 0, 0) returned_zcap=(6, 1, 0) max_tail_u=0",NA
120,P1_no_rho,129,854.5516306000063,5.907733500003815,4.5355702000670135,0.25629980000667274,0.01,67977.85270445104,67977.85270445104,-66097.9143033604,-45986.54925218869,0.0,-21717.21736997035,-66289.03603161819,-66289.02198028934,-50697.435320686884,-21717.21736997035,28980.217950716535,28980.217950716535,-15364.79937362843,35215.0,nan,nan,1.5000000000000002,10.0,0.0,0.0,10.0,0.85,CORE,MAIN,1.2005438754065139,0.25812773140843936,0.6,0.174,-50697.435320686884,STRUCTURAL,-0.9640630906651693,-183670.51992601485,26400.0,0,0,0,0,0,0,0,inf,inf,NA,1,5,5,5,24,6,0,0,CONTINUE,0,A,1,1,0,KEEP_STRUCTURAL_IN_ON_CUT,2,3,0,0,"tail_cont_enabled=1 tail_active_dims=(1,) tail_delta=0.1 tail_start=(6, 6, 6) returned_y=(6, 1, 0) returned_b=(1, 0, 0) returned_u=(0, 0, 0) returned_zcap=(6, 1, 0) max_tail_u=0",NA
120,P1_no_rho,130,866.1755087999627,5.907733500003815,11.62305589998141,0.19863560004159808,0.01,56636.6516347565,56636.6516347565,-66097.9143033604,-47687.72941264287,0.0,-21717.21736997035,-82133.81108010995,-82133.79515785827,-50697.435320686884,-21717.21736997035,28980.217950716535,28980.217950716535,-23663.076875662086,42183.5,nan,nan,1.5000000000000002,10.0,0.0,0.0,10.0,0.85,CORE,MAIN,1.2003089871030812,0.24313192606312006,0.6,0.174,-50697.435320686884,STRUCTURAL,-0.9240693364656195,-183670.51992601485,26400.0,0,0,0,0,0,0,0,inf,inf,NA,1,5,5,5,24,6,0,0,CONTINUE,0,A,1,1,0,KEEP_STRUCTURAL_IN_ON_CUT,2,3,0,0,"tail_cont_enabled=1 tail_active_dims=(1,) tail_delta=0.1 tail_start=(6, 6, 6) returned_y=(0, 2, 6) returned_b=(0, 0, 1) returned_u=(0, 0, 0) returned_zcap=(0, 2, 6) max_tail_u=0",NA
120,P1_no_rho,131,872.0330385999987,5.907733500003815,5.857130700023845,0.20498690009117126,0.01,36263.71163548452,36263.71163548452,-66097.9143033604,-50743.67041253367,0.0,-21717.21736997035,-96560.0967947901,-96560.07852874092,-50697.435320686884,-21717.21736997035,28980.217950716535,28980.217950716535,-30146.78801176361,46741.0,nan,nan,1.5000000000000002,10.0,0.0,0.0,10.0,0.85,CORE,MAIN,1.1966662498291158,0.2133936443045673,0.6,0.174,-50697.435320686884,STRUCTURAL,-0.9472524552602255,-183670.51992601485,26400.0,0,0,0,0,0,0,0,inf,inf,NA,1,5,5,5,24,6,0,0,CONTINUE,0,A,1,1,0,KEEP_STRUCTURAL_IN_ON_CUT,2,3,0,0,"tail_cont_enabled=1 tail_active_dims=(1,) tail_delta=0.1 tail_start=(6, 6, 6) returned_y=(0, 2, 6) returned_b=(0, 0, 1) returned_u=(0, 0, 0) returned_zcap=(0, 2, 6) max_tail_u=0",NA
120,P1_no_rho,132,877.652192599955,5.907733500003815,5.618687200010754,0.2149580999976024,0.01,43631.77496472202,43631.77496472202,-66097.9143033604,-49638.46091314804,0.0,-21717.21736997035,-88869.80237267722,-88869.78543839708,-50697.435320686884,-21717.21736997035,28980.217950716535,28980.217950716535,-24646.79110243383,44559.0,nan,nan,1.5000000000000002,10.0,0.0,0.0,10.0,0.85,CORE,MAIN,1.1926536554329923,0.21549382051925003,0.6,0.174,-50697.435320686884,STRUCTURAL,-0.9608682770553386,-183670.51992601485,26400.0,0,0,0,0,0,0,0,inf,inf,NA,1,5,5,5,24,6,0,0,CONTINUE,0,A,1,1,0,KEEP_STRUCTURAL_IN_ON_CUT,2,3,0,0,"tail_cont_enabled=1 tail_active_dims=(1,) tail_delta=0.1 tail_start=(6, 6, 6) returned_y=(0, 2, 6) returned_b=(0, 0, 1) returned_u=(0, 0, 0) returned_zcap=(0, 2, 6) max_tail_u=0",NA
120,P1_no_rho,133,882.509028899949,5.907733500003815,4.856302500003949,0.23329220002051443,0.01,84754.33029348623,84754.33029348623,-66097.9143033604,-43470.07761383341,0.0,-21717.21736997035,-75353.28513674866,-75353.27017430235,-50697.435320686884,-21717.21736997035,28980.217950716535,28980.217950716535,-18215.518658956196,40176.5,nan,nan,1.5000000000000002,10.0,0.0,0.0,10.0,0.85,CORE,MAIN,1.1912743555236034,0.2667388126677699,0.6,0.174,-50697.435320686884,STRUCTURAL,-0.948112313007955,-183670.51992601485,26400.0,0,0,0,0,0,0,0,inf,inf,NA,1,5,5,5,24,6,0,0,CONTINUE,0,A,1,1,0,KEEP_STRUCTURAL_IN_ON_CUT,2,3,0,0,"tail_cont_enabled=1 tail_active_dims=(1,) tail_delta=0.1 tail_start=(6, 6, 6) returned_y=(0, 2, 6) returned_b=(0, 0, 1) returned_u=(0, 0, 0) returned_zcap=(0, 2, 6) max_tail_u=0",NA
120,P1_no_rho,134,888.4945481000468,5.907733500003815,5.985133200068958,0.19789029995445162,0.01,63485.193766809716,63485.193766809716,-66097.9143033604,-46660.448092834886,0.0,-21717.21736997035,-70287.06172056972,-70287.04680417427,-50697.435320686884,-21717.21736997035,28980.217950716535,28980.217950716535,-18570.01571285456,36189.5,nan,nan,1.5000000000000002,10.0,0.0,0.0,10.0,0.85,CORE,MAIN,1.1921878938443875,0.2691217349923778,0.6,0.174,-50697.435320686884,STRUCTURAL,-0.9527078497228884,-183670.51992601485,26400.0,0,0,0,0,0,0,0,inf,inf,NA,1,5,5,5,24,6,0,0,CONTINUE,0,A,1,1,0,KEEP_STRUCTURAL_IN_ON_CUT,2,3,0,0,"tail_cont_enabled=1 tail_active_dims=(1,) tail_delta=0.1 tail_start=(6, 6, 6) returned_y=(6, 1, 0) returned_b=(1, 0, 0) returned_u=(0, 0, 0) returned_zcap=(6, 1, 0) max_tail_u=0",NA
120,P1_no_rho,135,900.0894522999879,5.907733500003815,11.594276200048625,0.19649810006376356,0.01,62539.45653217848,62539.45653217848,-66097.9143033604,-46802.30867802957,0.0,-21717.21736997035,-77800.55531627854,-77800.53990136,-50697.435320686884,-21717.21736997035,28980.217950716535,28980.217950716535,-20735.990785932852,40060.5,nan,nan,1.5000000000000002,10.0,0.0,0.0,10.0,0.85,CORE,MAIN,1.1950681346158611,0.2645420933466329,0.6,0.174,-50697.435320686884,STRUCTURAL,-0.9496394888635457,-183670.51992601485,26400.0,0,0,0,0,0,0,0,inf,inf,NA,1,5,5,5,24,6,0,0,CONTINUE,0,A,1,1,0,KEEP_STRUCTURAL_IN_ON_CUT,2,3,0,0,"tail_cont_enabled=1 tail_active_dims=(1,) tail_delta=0.1 tail_start=(6, 6, 6) returned_y=(6, 1, 0) returned_b=(1, 0, 0) returned_u=(0, 0, 0) returned_zcap=(6, 1, 0) max_tail_u=0",NA
120,P1_no_rho,136,905.1591028999537,5.907733500003815,5.069167400011793,0.2247001000214368,0.01,81423.08786009425,81423.08786009425,-66097.9143033604,-43969.76397884221,0.0,-21717.21736997035,-73477.74495020516,-73477.73010204837,-50697.435320686884,-21717.21736997035,28980.217950716535,28980.217950716535,-18048.303677454704,38528.0,nan,nan,1.5000000000000002,10.0,0.0,0.0,10.0,0.85,CORE,MAIN,1.198165289491705,0.265447383525215,0.6,0.174,-50697.435320686884,STRUCTURAL,-0.9591193664277695,-183670.51992601485,26400.0,0,0,0,0,0,0,0,inf,inf,NA,1,5,5,5,24,6,0,0,CONTINUE,0,A,1,1,0,KEEP_STRUCTURAL_IN_ON_CUT,2,3,0,0,"tail_cont_enabled=1 tail_active_dims=(1,) tail_delta=0.1 tail_start=(6, 6, 6) returned_y=(6, 1, 0) returned_b=(1, 0, 0) returned_u=(0, 0, 0) returned_zcap=(6, 1, 0) max_tail_u=0",NA
120,P1_no_rho,137,911.053339599981,5.907733500003815,5.893805800005794,0.2323198999511078,0.01,49828.19922463414,49828.19922463414,-66097.9143033604,-48708.99727416122,0.0,-21717.21736997035,-78123.76348955015,-78123.74780493291,-50697.435320686884,-21717.21736997035,28980.217950716535,28980.217950716535,-23880.064636042585,38748.0,nan,nan,1.5000000000000002,10.0,0.0,0.0,10.0,0.85,CORE,MAIN,1.2007040853251512,0.2623244373540631,0.6,0.174,-50697.435320686884,STRUCTURAL,-0.9332728255891111,-183670.51992601485,26400.0,0,0,0,0,0,0,0,inf,inf,NA,1,5,5,5,24,6,0,0,CONTINUE,0,A,1,1,0,KEEP_STRUCTURAL_IN_ON_CUT,2,3,0,0,"tail_cont_enabled=1 tail_active_dims=(1,) tail_delta=0.1 tail_start=(6, 6, 6) returned_y=(6, 1, 0) returned_b=(1, 0, 0) returned_u=(0, 0, 0) returned_zcap=(6, 1, 0) max_tail_u=0",NA
120,P1_no_rho,138,916.7044905000366,5.907733500003815,5.650601500063203,0.20863440004177392,0.01,36210.7689673066,36210.7689673066,-66097.9143033604,-50751.611812760355,0.0,-21717.21736997035,-79508.01385647492,-79507.99776978543,-50697.435320686884,-21717.21736997035,28980.217950716535,28980.217950716535,-24239.605445555208,38708.0,nan,nan,1.5000000000000002,10.0,0.0,0.0,10.0,0.85,CORE,MAIN,1.2023449082588167,0.2599888576511663,0.6,0.174,-50697.435320686884,STRUCTURAL,-0.9518857828567773,-183670.51992601485,26400.0,0,0,0,0,0,0,0,inf,inf,NA,1,5,5,5,24,6,0,0,CONTINUE,0,A,1,1,0,KEEP_STRUCTURAL_IN_ON_CUT,2,3,0,0,"tail_cont_enabled=1 tail_active_dims=(1,) tail_delta=0.1 tail_start=(6, 6, 6) returned_y=(6, 1, 0) returned_b=(1, 0, 0) returned_u=(0, 0, 0) returned_zcap=(6, 1, 0) max_tail_u=0",NA
120,P1_no_rho,139,921.6902185999788,5.907733500003815,4.985285099945031,0.2193758999928832,0.01,35222.6901232544,35222.6901232544,-66097.9143033604,-50899.82363936819,0.0,-21717.21736997035,-73308.79201138766,-73308.77693981424,-50697.435320686884,-21717.21736997035,28980.217950716535,28980.217950716535,-20802.600898753513,39394.5,nan,nan,1.5000000000000002,10.0,0.0,0.0,10.0,0.85,CORE,MAIN,1.2042077756672334,0.24719760289597392,0.6,0.174,-50697.435320686884,STRUCTURAL,-0.8885534112809439,-183670.51992601485,26400.0,0,0,0,0,0,0,0,inf,inf,NA,1,5,5,5,24,6,0,0,CONTINUE,0,A,1,1,0,KEEP_STRUCTURAL_IN_ON_CUT,2,3,0,0,"tail_cont_enabled=1 tail_active_dims=(1,) tail_delta=0.1 tail_start=(6, 6, 6) returned_y=(0, 5, 3) returned_b=(0, 0, 0) returned_u=(0, 0, 0) returned_zcap=(0, 5, 3) max_tail_u=0",NA
120,P1_no_rho,140,934.933436500025,5.907733500003815,13.242124099982902,0.20515010005328804,0.01,67474.70488852725,67474.70488852725,-66097.9143033604,-46062.02142457725,0.0,-21717.21736997035,-82379.29907733758,-82379.28315259589,-50697.435320686884,-21717.21736997035,28980.217950716535,28980.217950716535,-21634.552067071145,42844.0,nan,nan,1.5000000000000002,10.0,0.0,0.0,10.0,0.85,CORE,MAIN,1.2058858156068886,0.2470845104791538,0.6,0.174,-50697.435320686884,STRUCTURAL,-0.9452079028650412,-183670.51992601485,26400.0,0,0,0,0,0,0,0,inf,inf,NA,1,5,5,5,24,6,0,0,CONTINUE,0,A,1,1,0,KEEP_STRUCTURAL_IN_ON_CUT,2,3,0,0,"tail_cont_enabled=1 tail_active_dims=(1,) tail_delta=0.1 tail_start=(6, 6, 6) returned_y=(0, 2, 6) returned_b=(0, 0, 1) returned_u=(0, 0, 0) returned_zcap=(0, 2, 6) max_tail_u=0",NA
120,P1_no_rho,141,939.6610666000051,5.907733500003815,4.727227600058541,0.23860260006040335,0.01,88513.949631382,88513.949631382,-66097.9143033604,-42906.13471314905,0.0,-21717.21736997035,-73801.62251694985,-73801.60725530161,-50697.435320686884,-21717.21736997035,28980.217950716535,28980.217950716535,-19490.537279142023,38509.0,nan,nan,1.5000000000000002,10.0,0.0,0.0,10.0,0.85,CORE,MAIN,1.207979697816046,0.2709003857942872,0.6,0.174,-50697.435320686884,STRUCTURAL,-0.9402316337507176,-183670.51992601485,26400.0,0,0,0,0,0,0,0,inf,inf,NA,1,5,5,5,24,6,0,0,CONTINUE,0,A,1,1,0,KEEP_STRUCTURAL_IN_ON_CUT,2,3,0,0,"tail_cont_enabled=1 tail_active_dims=(1,) tail_delta=0.1 tail_start=(6, 6, 6) returned_y=(0, 2, 6) returned_b=(0, 0, 1) returned_u=(0, 0, 0) returned_zcap=(0, 2, 6) max_tail_u=0",NA
120,P1_no_rho,142,945.5704323999817,5.907733500003815,5.908822300028987,0.19377260003238916,0.01,61543.29699628292,61543.29699628292,-66097.9143033604,-46951.732608413906,0.0,-21717.21736997035,-76552.43397577519,-76552.4181139482,-50697.435320686884,-21717.21736997035,28980.217950716535,28980.217950716535,-21493.983038369835,38064.0,nan,nan,1.5000000000000002,10.0,0.0,0.0,10.0,0.85,CORE,MAIN,1.2091375478303172,0.2567044675960418,0.6,0.174,-50697.435320686884,STRUCTURAL,-0.9643133507702528,-183670.51992601485,26400.0,0,0,0,0,0,0,0,inf,inf,NA,1,5,5,5,24,6,0,0,CONTINUE,0,A,1,1,0,KEEP_STRUCTURAL_IN_ON_CUT,2,3,0,0,"tail_cont_enabled=1 tail_active_dims=(1,) tail_delta=0.1 tail_start=(6, 6, 6) returned_y=(6, 1, 0) returned_b=(1, 0, 0) returned_u=(0, 0, 0) returned_zcap=(6, 1, 0) max_tail_u=0",NA
120,P1_no_rho,143,950.6007007999578,5.907733500003815,5.0298025999218225,0.18572839989792556,0.01,66588.7376559633,66588.7376559633,-66097.9143033604,-46194.91650946185,0.0,-21717.21736997035,-67800.82736374823,-67800.81330111745,-50697.435320686884,-21717.21736997035,28980.217950716535,28980.217950716535,-15489.749865287888,35989.0,nan,nan,1.5000000000000002,10.0,0.0,0.0,10.0,0.85,CORE,MAIN,1.207895946857081,0.26397825119105467,0.6,0.174,-50697.435320686884,STRUCTURAL,-0.9690194862472711,-183670.51992601485,26400.0,0,0,0,0,0,0,0,inf,inf,NA,1,5,5,5,24,6,0,0,CONTINUE,0,A,1,1,0,KEEP_STRUCTURAL_IN_ON_CUT,2,3,0,0,"tail_cont_enabled=1 tail_active_dims=(1,) tail_delta=0.1 tail_start=(6, 6, 6) returned_y=(6, 1, 0) returned_b=(1, 0, 0) returned_u=(0, 0, 0) returned_zcap=(6, 1, 0) max_tail_u=0",NA
120,P1_no_rho,144,954.9492391999811,5.907733500003815,4.348063800018281,0.2089417000534013,0.01,55518.55536346289,55518.55536346289,-66097.9143033604,-47855.44385333691,0.0,-21717.21736997035,-81278.0493748499,-81278.03312748353,-50697.435320686884,-21717.21736997035,28980.217950716535,28980.217950716535,-25212.367923779155,39746.0,nan,nan,1.5000000000000002,10.0,0.0,0.0,10.0,0.85,CORE,MAIN,1.2055547647158906,0.24738479757960175,0.6,0.174,-50697.435320686884,STRUCTURAL,-0.9403992888794578,-183670.51992601485,26400.0,0,0,0,0,0,0,0,inf,inf,NA,1,5,5,5,24,6,0,0,CONTINUE,0,A,1,1,0,KEEP_STRUCTURAL_IN_ON_CUT,2,3,0,0,"tail_cont_enabled=1 tail_active_dims=(1,) tail_delta=0.1 tail_start=(6, 6, 6) returned_y=(6, 1, 0) returned_b=(1, 0, 0) returned_u=(0, 0, 0) returned_zcap=(6, 1, 0) max_tail_u=0",NA
120,P1_no_rho,145,967.1041398999514,5.907733500003815,12.154422299936414,0.22060400003101677,0.01,41470.31643402834,41470.31643402834,-66097.9143033604,-49962.67969275209,0.0,-21717.21736997035,-71508.55054557085,-71508.53594389872,-50697.435320686884,-21717.21736997035,28980.217950716535,28980.217950716535,-18890.839729046627,36196.0,nan,nan,1.5000000000000002,10.0,0.0,0.0,10.0,0.85,CORE,MAIN,1.2049984599005694,0.2664925135502829,0.6,0.174,-50697.435320686884,STRUCTURAL,-0.9691254321813104,-183670.51992601485,26400.0,0,0,0,0,0,0,0,inf,inf,NA,1,5,5,5,24,6,0,0,CONTINUE,0,A,1,1,0,KEEP_STRUCTURAL_IN_ON_CUT,2,3,0,0,"tail_cont_enabled=1 tail_active_dims=(1,) tail_delta=0.1 tail_start=(6, 6, 6) returned_y=(6, 1, 0) returned_b=(1, 0, 0) returned_u=(0, 0, 0) returned_zcap=(6, 1, 0) max_tail_u=0",NA
120,P1_no_rho,146,972.0043490000535,5.907733500003815,4.899670899962075,0.19420779997017235,0.01,63152.9353572788,63152.9353572788,-66097.9143033604,-46710.28685426452,0.0,-21717.21736997035,-77876.40739158067,-77876.39150307092,-50697.435320686884,-21717.21736997035,28980.217950716535,28980.217950716535,-22718.65584795938,38685.0,nan,nan,1.5000000000000002,10.0,0.0,0.0,10.0,0.85,CORE,MAIN,1.2042447705642636,0.2541447717955593,0.6,0.174,-50697.435320686884,STRUCTURAL,-0.950544753006963,-183670.51992601485,26400.0,0,0,0,0,0,0,0,inf,inf,NA,1,5,5,5,24,6,0,0,CONTINUE,0,A,1,1,0,KEEP_STRUCTURAL_IN_ON_CUT,2,3,0,0,"tail_cont_enabled=1 tail_active_dims=(1,) tail_delta=0.1 tail_start=(6, 6, 6) returned_y=(6, 1, 0) returned_b=(1, 0, 0) returned_u=(0, 0, 0) returned_zcap=(6, 1, 0) max_tail_u=0",NA
120,P1_no_rho,147,976.4838687999872,5.907733500003815,4.477266400004737,0.24490460008382797,0.01,56963.15389714462,56963.15389714462,-66097.9143033604,-47638.754073284654,0.0,-21717.21736997035,-87136.84150679024,-87136.82510594497,-50697.435320686884,-21717.21736997035,28980.217950716535,28980.217950716535,-25155.216083988173,45196.5,nan,nan,1.5000000000000002,10.0,0.0,0.0,10.0,0.85,CORE,MAIN,1.2012000041046522,0.24261207598033852,0.6,0.174,-50697.435320686884,STRUCTURAL,-0.9142538179129915,-183670.51992601485,26400.0,0,0,0,0,0,0,0,inf,inf,NA,1,5,5,5,24,6,0,0,CONTINUE,0,A,1,1,0,KEEP_STRUCTURAL_IN_ON_CUT,2,3,0,0,"tail_cont_enabled=1 tail_active_dims=(1,) tail_delta=0.1 tail_start=(6, 6, 6) returned_y=(0, 2, 6) returned_b=(0, 0, 1) returned_u=(0, 0, 0) returned_zcap=(0, 2, 6) max_tail_u=0",NA
120,P1_no_rho,148,982.5620374999708,5.907733500003815,6.077686500037089,0.2028211000142619,0.01,82849.68388042945,82849.68388042945,-66097.9143033604,-43755.774575791926,0.0,-21717.21736997035,-79262.71332868795,-79262.69806886288,-50697.435320686884,-21717.21736997035,28980.217950716535,28980.217950716535,-19437.279976453934,41091.0,nan,nan,1.5000000000000002,10.0,0.0,0.0,10.0,0.85,CORE,MAIN,1.1992592294549407,0.2561864797109309,0.6,0.174,-50697.435320686884,STRUCTURAL,-0.9706167302233083,-183670.51992601485,26400.0,0,0,0,0,0,0,0,inf,inf,NA,1,5,5,5,24,6,0,0,CONTINUE,0,A,1,1,0,KEEP_STRUCTURAL_IN_ON_CUT,2,3,0,0,"tail_cont_enabled=1 tail_active_dims=(1,) tail_delta=0.1 tail_start=(6, 6, 6) returned_y=(0, 6, 2) returned_b=(0, 1, 0) returned_u=(0, 0, 0) returned_zcap=(0, 6, 2) max_tail_u=0",NA
120,P1_no_rho,149,988.4974834000459,5.907733500003815,5.934813700034283,0.2228465999942273,0.01,81280.21896485102,81280.21896485102,-66097.9143033604,-43991.19431312869,0.0,-21717.21736997035,-78918.55899548485,-78918.5433359738,-50697.435320686884,-21717.21736997035,28980.217950716535,28980.217950716535,-21183.567116055863,40429.5,nan,nan,1.5000000000000002,10.0,0.0,0.0,10.0,0.85,CORE,MAIN,1.2003870331412458,0.2546303576972154,0.6,0.174,-50697.435320686884,STRUCTURAL,-0.9520272114820105,-183670.51992601485,26400.0,0,0,0,0,0,0,0,inf,inf,NA,1,5,5,5,24,6,0,0,CONTINUE,0,A,1,1,0,KEEP_STRUCTURAL_IN_ON_CUT,2,3,0,0,"tail_cont_enabled=1 tail_active_dims=(1,) tail_delta=0.1 tail_start=(6, 6, 6) returned_y=(0, 5, 3) returned_b=(0, 0, 0) returned_u=(0, 0, 0) returned_zcap=(0, 5, 3) max_tail_u=0",NA
120,P1_no_rho,150,1000.102147800033,5.907733500003815,11.604270700016059,0.1925741999875754,0.01,81473.70008502441,81473.70008502441,-66097.9143033604,-43962.17214510268,0.0,-21717.21736997035,-74702.10039035542,-74702.08564035172,-50697.435320686884,-21717.21736997035,28980.217950716535,28980.217950716535,-17876.904082039284,39095.0,nan,nan,1.5000000000000002,10.0,0.0,0.0,10.0,0.85,CORE,MAIN,1.202278489564441,0.2665146521883338,0.6,0.174,-50697.435320686884,STRUCTURAL,-0.969010215429295,-183670.51992601485,26400.0,0,0,0,0,0,0,0,inf,inf,NA,1,5,5,5,24,6,0,0,CONTINUE,0,A,1,1,0,KEEP_STRUCTURAL_IN_ON_CUT,2,3,0,0,"tail_cont_enabled=1 tail_active_dims=(1,) tail_delta=0.1 tail_start=(6, 6, 6) returned_y=(6, 0, 1) returned_b=(1, 0, 0) returned_u=(0, 0, 0) returned_zcap=(6, 0, 1) max_tail_u=0",NA
120,P1_no_rho,151,1005.0040748999454,5.907733500003815,4.9014114999445155,0.1935744999209419,0.01,45483.17270360465,45483.17270360465,-66097.9143033604,-49360.75125231565,0.0,-21717.21736997035,-76780.62669431738,-76780.61105799417,-50697.435320686884,-21717.21736997035,28980.217950716535,28980.217950716535,-22668.72666302201,37599.0,nan,nan,1.5000000000000002,10.0,0.0,0.0,10.0,0.85,CORE,MAIN,1.2055864749135605,0.26029584307773845,0.6,0.174,-50697.435320686884,STRUCTURAL,-0.9594560918281898,-183670.51992601485,26400.0,0,0,0,0,0,0,0,inf,inf,NA,1,5,5,5,24,6,0,0,CONTINUE,0,A,1,1,0,KEEP_STRUCTURAL_IN_ON_CUT,2,3,0,0,"tail_cont_enabled=1 tail_active_dims=(1,) tail_delta=0.1 tail_start=(6, 6, 6) returned_y=(6, 0, 1) returned_b=(1, 0, 0) returned_u=(0, 0, 0) returned_zcap=(6, 0, 1) max_tail_u=0",NA
120,P1_no_rho,152,1009.7525947999675,5.907733500003815,4.74806529993657,0.19938260002527386,0.01,64682.316555207246,64682.316555207246,-66097.9143033604,-46480.879674575255,0.0,-21717.21736997035,-72222.73098221677,-72222.71619627577,-50697.435320686884,-21717.21736997035,28980.217950716535,28980.217950716535,-18506.329413012616,37015.0,nan,nan,1.5000000000000002,10.0,0.0,0.0,10.0,0.85,CORE,MAIN,1.2071555489800367,0.26137591693285567,0.6,0.174,-50697.435320686884,STRUCTURAL,-0.9674706071099669,-183670.51992601485,26400.0,0,0,0,0,0,0,0,inf,inf,NA,1,5,5,5,24,6,0,0,CONTINUE,0,A,1,1,0,KEEP_STRUCTURAL_IN_ON_CUT,2,3,0,0,"tail_cont_enabled=1 tail_active_dims=(1,) tail_delta=0.1 tail_start=(6, 6, 6) returned_y=(6, 0, 1) returned_b=(1, 0, 0) returned_u=(0, 0, 0) returned_zcap=(6, 0, 1) max_tail_u=0",NA
120,P1_no_rho,153,1015.4874385000439,5.907733500003815,5.734040400013328,0.20369609992485493,0.01,55410.81508353451,55410.81508353451,-66097.9143033604,-47871.60489532616,0.0,-21717.21736997035,-80389.46960347792,-80389.45346340591,-50697.435320686884,-21717.21736997035,28980.217950716535,28980.217950716535,-23225.3898322827,39005.0,nan,nan,1.5000000000000002,10.0,0.0,0.0,10.0,0.85,CORE,MAIN,1.2076873766493579,0.23879617488234572,0.6,0.174,-50697.435320686884,STRUCTURAL,-0.9770382195637004,-183670.51992601485,26400.0,0,0,0,0,0,0,0,inf,inf,NA,1,5,5,5,24,6,0,0,CONTINUE,0,A,1,1,0,KEEP_STRUCTURAL_IN_ON_CUT,2,3,0,0,"tail_cont_enabled=1 tail_active_dims=(1,) tail_delta=0.1 tail_start=(6, 6, 6) returned_y=(6, 0, 1) returned_b=(1, 0, 0) returned_u=(0, 0, 0) returned_zcap=(6, 0, 1) max_tail_u=0",NA
120,P1_no_rho,154,1020.5446537999669,5.907733500003815,5.056790399947204,0.19199520000256598,0.01,59722.6068240062,59722.6068240062,-66097.9143033604,-47224.83613425541,0.0,-21717.21736997035,-82913.96012570847,-82913.94418060125,-50697.435320686884,-21717.21736997035,28980.217950716535,28980.217950716535,-22552.921494951435,43164.0,nan,nan,1.5000000000000002,10.0,0.0,0.0,10.0,0.85,CORE,MAIN,1.2069854137497849,0.24346770536756057,0.6,0.174,-50697.435320686884,STRUCTURAL,-0.9322741587997685,-183670.51992601485,26400.0,0,0,0,0,0,0,0,inf,inf,NA,1,5,5,5,24,6,0,0,CONTINUE,0,A,1,1,0,KEEP_STRUCTURAL_IN_ON_CUT,2,3,0,0,"tail_cont_enabled=1 tail_active_dims=(1,) tail_delta=0.1 tail_start=(6, 6, 6) returned_y=(0, 2, 6) returned_b=(0, 0, 1) returned_u=(0, 0, 0) returned_zcap=(0, 2, 6) max_tail_u=0",NA
120,P1_no_rho,155,1031.6946003000485,5.907733500003815,11.149388700025156,0.19722460000775754,0.01,71317.67382530635,71317.67382530635,-66097.9143033604,-45485.57608406039,0.0,-21717.21736997035,-77994.20574951875,-77994.1904482184,-50697.435320686884,-21717.21736997035,28980.217950716535,28980.217950716535,-19920.81273166827,41004.0,nan,nan,1.5000000000000002,10.0,0.0,0.0,10.0,0.85,CORE,MAIN,1.206829163487482,0.25972539509645176,0.6,0.174,-50697.435320686884,STRUCTURAL,-0.9441904483554472,-183670.51992601485,26400.0,0,0,0,0,0,0,0,inf,inf,NA,1,5,5,5,24,6,0,0,CONTINUE,0,A,1,1,0,KEEP_STRUCTURAL_IN_ON_CUT,2,3,0,0,"tail_cont_enabled=1 tail_active_dims=(1,) tail_delta=0.1 tail_start=(6, 6, 6) returned_y=(0, 2, 6) returned_b=(0, 0, 1) returned_u=(0, 0, 0) returned_zcap=(0, 2, 6) max_tail_u=0",NA
120,P1_no_rho,156,1037.5995516999392,5.907733500003815,5.9043864998966455,0.19445189996622503,0.01,62945.19718730872,62945.19718730872,-66097.9143033604,-46741.44757976003,0.0,-21717.21736997035,-79767.64386714161,-79767.62797841862,-50697.435320686884,-21717.21736997035,28980.217950716535,28980.217950716535,-22088.006310149663,41079.0,nan,nan,1.5000000000000002,10.0,0.0,0.0,10.0,0.85,CORE,MAIN,1.2062664450152443,0.2461817242822283,0.6,0.174,-50697.435320686884,STRUCTURAL,-0.936076367783522,-183670.51992601485,26400.0,0,0,0,0,0,0,0,inf,inf,NA,1,5,5,5,24,6,0,0,CONTINUE,0,A,1,1,0,KEEP_STRUCTURAL_IN_ON_CUT,2,3,0,0,"tail_cont_enabled=1 tail_active_dims=(1,) tail_delta=0.1 tail_start=(6, 6, 6) returned_y=(0, 2, 6) returned_b=(0, 0, 1) returned_u=(0, 0, 0) returned_zcap=(0, 2, 6) max_tail_u=0",NA
120,P1_no_rho,157,1042.038384799962,5.907733500003815,4.438096500001848,0.23173090000636876,0.01,66005.94280719571,66005.94280719571,-66097.9143033604,-46282.335736776986,0.0,-21717.21736997035,-71776.9766370811,-71776.96196959018,-50697.435320686884,-21717.21736997035,28980.217950716535,28980.217950716535,-17404.60696609062,37718.5,nan,nan,1.5000000000000002,10.0,0.0,0.0,10.0,0.85,CORE,MAIN,1.2070826592456225,0.26925367398673405,0.6,0.174,-50697.435320686884,STRUCTURAL,-0.961020100719798,-183670.51992601485,26400.0,0,0,0,0,0,0,0,inf,inf,NA,1,5,5,5,24,6,0,0,CONTINUE,0,A,1,1,0,KEEP_STRUCTURAL_IN_ON_CUT,2,3,0,0,"tail_cont_enabled=1 tail_active_dims=(1,) tail_delta=0.1 tail_start=(6, 6, 6) returned_y=(6, 1, 0) returned_b=(1, 0, 0) returned_u=(0, 0, 0) returned_zcap=(6, 1, 0) max_tail_u=0",NA
120,P1_no_rho,158,1047.3102657999843,5.907733500003815,5.271419299999252,0.20086450001690537,0.01,49059.6279712413,49059.6279712413,-66097.9143033604,-48824.282962170146,0.0,-21717.21736997035,-74573.59791259837,-74573.58265036493,-50697.435320686884,-21717.21736997035,28980.217950716535,28980.217950716535,-20730.250714362068,37379.0,nan,nan,1.5000000000000002,10.0,0.0,0.0,10.0,0.85,CORE,MAIN,1.2076854254047162,0.24703104499796302,0.6,0.174,-50697.435320686884,STRUCTURAL,-0.9603134012146369,-183670.51992601485,26400.0,0,0,0,0,0,0,0,inf,inf,NA,1,5,5,5,24,6,0,0,CONTINUE,0,A,1,1,0,KEEP_STRUCTURAL_IN_ON_CUT,2,3,0,0,"tail_cont_enabled=1 tail_active_dims=(1,) tail_delta=0.1 tail_start=(6, 6, 6) returned_y=(6, 1, 0) returned_b=(1, 0, 0) returned_u=(0, 0, 0) returned_zcap=(6, 1, 0) max_tail_u=0",NA
120,P1_no_rho,159,1052.3127437999938,5.907733500003815,5.002049200003967,0.24503270001150668,0.01,64424.76234329524,64424.76234329524,-66097.9143033604,-46519.51280636206,0.0,-21717.21736997035,-72703.67380360336,-72703.65889164447,-50697.435320686884,-21717.21736997035,28980.217950716535,28980.217950716535,-18933.464480607996,37521.0,nan,nan,1.5000000000000002,10.0,0.0,0.0,10.0,0.85,CORE,MAIN,1.208978108295933,0.2655421883596466,0.6,0.174,-50697.435320686884,STRUCTURAL,-0.9553795547566514,-183670.51992601485,26400.0,0,0,0,0,0,0,0,inf,inf,NA,1,5,5,5,24,6,0,0,CONTINUE,0,A,1,1,0,KEEP_STRUCTURAL_IN_ON_CUT,2,3,0,0,"tail_cont_enabled=1 tail_active_dims=(1,) tail_delta=0.1 tail_start=(6, 6, 6) returned_y=(6, 1, 0) returned_b=(1, 0, 0) returned_u=(0, 0, 0) returned_zcap=(6, 1, 0) max_tail_u=0",NA
120,P1_no_rho,160,1063.5224676999496,5.907733500003815,11.209028100012802,0.19905689998995513,0.01,60056.19602674631,60056.19602674631,-66097.9143033604,-47174.797753844396,0.0,-21717.21736997035,-81073.81458950708,-81073.79809011216,-50697.435320686884,-21717.21736997035,28980.217950716535,28980.217950716535,-24297.17773798615,39094.0,nan,nan,1.5000000000000002,10.0,0.0,0.0,10.0,0.85,CORE,MAIN,1.208856809844721,0.25059946318793913,0.6,0.174,-50697.435320686884,STRUCTURAL,-0.968206891971931,-183670.51992601485,26400.0,0,0,0,0,0,0,0,inf,inf,NA,1,5,5,5,24,6,0,0,CONTINUE,0,A,1,1,0,KEEP_STRUCTURAL_IN_ON_CUT,2,3,0,0,"tail_cont_enabled=1 tail_active_dims=(1,) tail_delta=0.1 tail_start=(6, 6, 6) returned_y=(6, 1, 0) returned_b=(1, 0, 0) returned_u=(0, 0, 0) returned_zcap=(6, 1, 0) max_tail_u=0",NA
120,P1_no_rho,161,1068.761763400049,5.907733500003815,5.238713400089182,0.23246620001737028,0.01,62865.44187080379,62865.44187080379,-66097.9143033604,-46753.41087723577,0.0,-21717.21736997035,-86015.28183833804,-86015.26525561057,-50697.435320686884,-21717.21736997035,28980.217950716535,28980.217950716535,-24485.101986122478,43901.5,nan,nan,1.5000000000000002,10.0,0.0,0.0,10.0,0.85,CORE,MAIN,1.2070189094306922,0.23404718715445572,0.6,0.174,-50697.435320686884,STRUCTURAL,-0.9343669087918498,-183670.51992601485,26400.0,0,0,0,0,0,0,0,inf,inf,NA,1,5,5,5,24,6,0,0,CONTINUE,0,A,1,1,0,KEEP_STRUCTURAL_IN_ON_CUT,2,3,0,0,"tail_cont_enabled=1 tail_active_dims=(1,) tail_delta=0.1 tail_start=(6, 6, 6) returned_y=(0, 2, 6) returned_b=(0, 0, 1) returned_u=(0, 0, 0) returned_zcap=(0, 2, 6) max_tail_u=0",NA
120,P1_no_rho,162,1074.6593136000447,5.907733500003815,5.897025600075722,0.20612680003978312,0.01,90864.55853662125,90864.55853662125,-66097.9143033604,-42553.54337736315,0.0,-21717.21736997035,-83004.33711414678,-83004.32119127078,-50697.435320686884,-21717.21736997035,28980.217950716535,28980.217950716535,-20896.498554536152,43106.0,nan,nan,1.5000000000000002,10.0,0.0,0.0,10.0,0.85,CORE,MAIN,1.2052981694222114,0.254331433410663,0.6,0.174,-50697.435320686884,STRUCTURAL,-0.9605441259025751,-183670.51992601485,26400.0,0,0,0,0,0,0,0,inf,inf,NA,1,5,5,5,24,6,0,0,CONTINUE,0,A,1,1,0,KEEP_STRUCTURAL_IN_ON_CUT,2,3,0,0,"tail_cont_enabled=1 tail_active_dims=(1,) tail_delta=0.1 tail_start=(6, 6, 6) returned_y=(0, 6, 2) returned_b=(0, 1, 0) returned_u=(0, 0, 0) returned_zcap=(0, 6, 2) max_tail_u=0",NA
120,P1_no_rho,163,1080.1222300999798,5.907733500003815,5.46250979998149,0.21934349997900426,0.01,78284.62627617475,78284.62627617475,-66097.9143033604,-44440.53321643013,0.0,-21717.21736997035,-83469.88373894682,-83469.86766028989,-50697.435320686884,-21717.21736997035,28980.217950716535,28980.217950716535,-22352.237982760995,42949.0,nan,nan,1.5000000000000002,10.0,0.0,0.0,10.0,0.85,CORE,MAIN,1.2038898613452431,0.24126956559109292,0.6,0.174,-50697.435320686884,STRUCTURAL,-0.948685334971383,-183670.51992601485,26400.0,0,0,0,0,0,0,0,inf,inf,NA,1,5,5,5,24,6,0,0,CONTINUE,0,A,1,1,0,KEEP_STRUCTURAL_IN_ON_CUT,2,3,0,0,"tail_cont_enabled=1 tail_active_dims=(1,) tail_delta=0.1 tail_start=(6, 6, 6) returned_y=(0, 6, 2) returned_b=(0, 1, 0) returned_u=(0, 0, 0) returned_zcap=(0, 6, 2) max_tail_u=0",NA
120,P1_no_rho,164,1084.5770644999575,5.907733500003815,4.454048999934457,0.19470100000035018,0.01,72574.42160622607,72574.42160622607,-66097.9143033604,-45297.06391692243,0.0,-21717.21736997035,-77685.39879346915,-77685.38321766678,-50697.435320686884,-21717.21736997035,28980.217950716535,28980.217950716535,-20044.77120124341,39288.0,nan,nan,1.5000000000000004,10.000000000000002,0.0,0.0,10.0,0.85,CORE,MAIN,1.203542343992128,0.26605427403851256,0.6,0.174,-50697.435320686884,STRUCTURAL,-0.9780868121975049,-183670.51992601485,26400.0,0,0,0,0,0,0,0,inf,inf,NA,1,5,5,5,24,6,0,0,CONTINUE,0,A,1,1,0,KEEP_STRUCTURAL_IN_ON_CUT,2,3,0,0,"tail_cont_enabled=1 tail_active_dims=(1,) tail_delta=0.1 tail_start=(6, 6, 6) returned_y=(6, 0, 1) returned_b=(1, 0, 0) returned_u=(0, 0, 0) returned_zcap=(6, 0, 1) max_tail_u=0",NA
120,P1_no_rho,165,1096.3951224000193,5.907733500003815,11.817335900035687,0.24087500001769513,0.01,63894.084326830896,63894.084326830896,-66097.9143033604,-46599.11450883171,0.0,-21717.21736997035,-77970.29725957284,-77970.28164491375,-50697.435320686884,-21717.21736997035,28980.217950716535,28980.217950716535,-20562.60877471528,39278.0,nan,nan,1.5000000000000004,10.000000000000002,0.0,0.0,10.0,0.85,CORE,MAIN,1.2068820112995207,0.26242651302726683,0.6,0.174,-50697.435320686884,STRUCTURAL,-0.9743821455640723,-183670.51992601485,26400.0,0,0,0,0,0,0,0,inf,inf,NA,1,5,5,5,24,6,0,0,CONTINUE,0,A,1,1,0,KEEP_STRUCTURAL_IN_ON_CUT,2,3,0,0,"tail_cont_enabled=1 tail_active_dims=(1,) tail_delta=0.1 tail_start=(6, 6, 6) returned_y=(6, 0, 1) returned_b=(1, 0, 0) returned_u=(0, 0, 0) returned_zcap=(6, 0, 1) max_tail_u=0",NA
120,P1_no_rho,166,1101.795734800049,5.907733500003815,5.400253399973735,0.18896639999002218,0.01,71039.36105301988,71039.36105301988,-66097.9143033604,-45527.322999903365,0.0,-21717.21736997035,-72499.28267919348,-72499.26798782634,-50697.435320686884,-21717.21736997035,28980.217950716535,28980.217950716535,-17660.878675865675,37712.0,nan,nan,1.5000000000000002,10.0,0.0,0.0,10.0,0.85,CORE,MAIN,1.2070843969933167,0.2543370395468274,0.6,0.174,-50697.435320686884,STRUCTURAL,-0.969424220618736,-183670.51992601485,26400.0,0,0,0,0,0,0,0,inf,inf,NA,1,5,5,5,24,6,0,0,CONTINUE,0,A,1,1,0,KEEP_STRUCTURAL_IN_ON_CUT,2,3,0,0,"tail_cont_enabled=1 tail_active_dims=(1,) tail_delta=0.1 tail_start=(6, 6, 6) returned_y=(6, 0, 1) returned_b=(1, 0, 0) returned_u=(0, 0, 0) returned_zcap=(6, 0, 1) max_tail_u=0",NA
120,P1_no_rho,167,1106.5519119000528,5.907733500003815,4.755665899952874,0.2194797999691218,0.01,52410.049590424635,52410.049590424635,-66097.9143033604,-48321.71971929265,0.0,-21717.21736997035,-76450.17940659473,-76450.16391485895,-50697.435320686884,-21717.21736997035,28980.217950716535,28980.217950716535,-21078.93329270075,37891.0,nan,nan,1.5000000000000002,10.0,0.0,0.0,10.0,0.85,CORE,MAIN,1.2077186829534172,0.2330881172027771,0.6,0.174,-50697.435320686884,STRUCTURAL,-0.9742195705604353,-183670.51992601485,26400.0,0,0,0,0,0,0,0,inf,inf,NA,1,5,5,5,24,6,0,0,CONTINUE,0,A,1,1,0,KEEP_STRUCTURAL_IN_ON_CUT,2,3,0,0,"tail_cont_enabled=1 tail_active_dims=(1,) tail_delta=0.1 tail_start=(6, 6, 6) returned_y=(6, 0, 1) returned_b=(1, 0, 0) returned_u=(0, 0, 0) returned_zcap=(6, 0, 1) max_tail_u=0",NA
120,P1_no_rho,168,1111.7884765999625,5.907733500003815,5.2359266999410465,0.1812974999193102,0.01,57215.2389784076,57215.2389784076,-66097.9143033604,-47600.9413110952,0.0,-21717.21736997035,-85293.58124514265,-85293.5647019026,-50697.435320686884,-21717.21736997035,28980.217950716535,28980.217950716535,-24794.874130887652,43640.0,nan,nan,1.5000000000000002,10.0,0.0,0.0,10.0,0.85,CORE,MAIN,1.2066769218322246,0.24398686210067333,0.6,0.174,-50697.435320686884,STRUCTURAL,-0.9242085330127551,-183670.51992601485,26400.0,0,0,0,0,0,0,0,inf,inf,NA,1,5,5,5,24,6,0,0,CONTINUE,0,A,1,1,0,KEEP_STRUCTURAL_IN_ON_CUT,2,3,0,0,"tail_cont_enabled=1 tail_active_dims=(1,) tail_delta=0.1 tail_start=(6, 6, 6) returned_y=(0, 6, 2) returned_b=(0, 1, 0) returned_u=(0, 0, 0) returned_zcap=(0, 6, 2) max_tail_u=0",NA
120,P1_no_rho,169,1117.7116364999674,5.907733500003815,5.922641800018027,0.2164224999723956,0.01,91369.94409925307,91369.94409925307,-66097.9143033604,-42477.73554296838,0.0,-21717.21736997035,-83613.73912890043,-83613.72319577562,-50697.435320686884,-21717.21736997035,28980.217950716535,28980.217950716535,-21148.845761140048,43570.0,nan,nan,1.5000000000000002,10.0,0.0,0.0,10.0,0.85,CORE,MAIN,1.205469724794628,0.25358828615475126,0.6,0.174,-50697.435320686884,STRUCTURAL,-0.9557780955494694,-183670.51992601485,26400.0,0,0,0,0,0,0,0,inf,inf,NA,1,5,5,5,24,6,0,0,CONTINUE,0,A,1,1,0,KEEP_STRUCTURAL_IN_ON_CUT,2,3,0,0,"tail_cont_enabled=1 tail_active_dims=(1,) tail_delta=0.1 tail_start=(6, 6, 6) returned_y=(0, 6, 2) returned_b=(0, 1, 0) returned_u=(0, 0, 0) returned_zcap=(0, 6, 2) max_tail_u=0",NA
120,P1_no_rho,170,1132.482342800009,5.907733500003815,14.770068200072274,0.3414131000172347,0.01,81926.66557500462,81926.66557500462,-66097.9143033604,-43894.22732160565,0.0,-21717.21736997035,-83873.43779487933,-83873.42164193568,-50697.435320686884,-21717.21736997035,28980.217950716535,28980.217950716535,-22544.446276389812,43024.0,nan,nan,1.5000000000000002,10.0,0.0,0.0,10.0,0.85,CORE,MAIN,1.203954350837139,0.2469106909156178,0.6,0.174,-50697.435320686884,STRUCTURAL,-0.950306423787434,-183670.51992601485,26400.0,0,0,0,0,0,0,0,inf,inf,NA,1,5,5,5,24,6,0,0,CONTINUE,0,A,1,1,0,KEEP_STRUCTURAL_IN_ON_CUT,2,3,0,0,"tail_cont_enabled=1 tail_active_dims=(1,) tail_delta=0.1 tail_start=(6, 6, 6) returned_y=(0, 5, 3) returned_b=(0, 0, 0) returned_u=(0, 0, 0) returned_zcap=(0, 5, 3) max_tail_u=0",NA
120,P1_no_rho,171,1138.72254420002,5.907733500003815,6.23970310005825,0.2028314999770373,0.01,61713.62939448412,61713.62939448412,-66097.9143033604,-46926.18274868373,0.0,-21717.21736997035,-77699.11239839492,-77699.09686462066,-50697.435320686884,-21717.21736997035,28980.217950716535,28980.217950716535,-19615.456260434523,39814.0,nan,nan,1.5000000000000002,10.0,0.0,0.0,10.0,0.85,CORE,MAIN,1.2037169951065718,0.26765890485608856,0.6,0.174,-50697.435320686884,STRUCTURAL,-0.9725831885632544,-183670.51992601485,26400.0,0,0,0,0,0,0,0,inf,inf,NA,1,5,5,5,24,6,0,0,CONTINUE,0,A,1,1,0,KEEP_STRUCTURAL_IN_ON_CUT,2,3,0,0,"tail_cont_enabled=1 tail_active_dims=(1,) tail_delta=0.1 tail_start=(6, 6, 6) returned_y=(6, 1, 0) returned_b=(1, 0, 0) returned_u=(0, 0, 0) returned_zcap=(6, 1, 0) max_tail_u=0",NA
120,P1_no_rho,172,1145.1927645000396,5.907733500003815,6.4694247000152245,0.2697984999977052,0.01,56733.534459336035,56733.534459336035,-66097.9143033604,-47673.19698895594,0.0,-21717.21736997035,-78056.35561615574,-78056.34007044707,-50697.435320686884,-21717.21736997035,28980.217950716535,28980.217950716535,-20164.084906717966,39762.0,nan,nan,1.5000000000000002,10.0,0.0,0.0,10.0,0.85,CORE,MAIN,1.2063843044054203,0.2521523405525703,0.6,0.174,-50697.435320686884,STRUCTURAL,-0.970646264670273,-183670.51992601485,26400.0,0,0,0,0,0,0,0,inf,inf,NA,1,5,5,5,24,6,0,0,CONTINUE,0,A,1,1,0,KEEP_STRUCTURAL_IN_ON_CUT,2,3,0,0,"tail_cont_enabled=1 tail_active_dims=(1,) tail_delta=0.1 tail_start=(6, 6, 6) returned_y=(6, 1, 0) returned_b=(1, 0, 0) returned_u=(0, 0, 0) returned_zcap=(6, 1, 0) max_tail_u=0",NA
120,P1_no_rho,173,1150.6495019999566,5.907733500003815,5.456066899932921,0.2618934999918565,0.01,72370.91376357501,72370.91376357501,-66097.9143033604,-45327.59009332009,0.0,-21717.21736997035,-71864.76979207157,-71864.75511450891,-50697.435320686884,-21717.21736997035,28980.217950716535,28980.217950716535,-17881.97465962502,37622.0,nan,nan,1.5000000000000002,10.0,0.0,0.0,10.0,0.85,CORE,MAIN,1.206396112622969,0.2739929560183447,0.6,0.174,-50697.435320686884,STRUCTURAL,-0.9565817953127402,-183670.51992601485,26400.0,0,0,0,0,0,0,0,inf,inf,NA,1,5,5,5,24,6,0,0,CONTINUE,0,A,1,1,0,KEEP_STRUCTURAL_IN_ON_CUT,2,3,0,0,"tail_cont_enabled=1 tail_active_dims=(1,) tail_delta=0.1 tail_start=(6, 6, 6) returned_y=(6, 0, 1) returned_b=(1, 0, 0) returned_u=(0, 0, 0) returned_zcap=(6, 0, 1) max_tail_u=0",NA
120,P1_no_rho,174,1157.168930600048,5.907733500003815,6.518891199957579,0.25391900003887713,0.01,61542.9313477961,61542.9313477961,-66097.9143033604,-46951.78745568693,0.0,-21717.21736997035,-77621.56788883569,-77621.55240838767,-50697.435320686884,-21717.21736997035,28980.217950716535,28980.217950716535,-21016.884137767483,39012.5,nan,nan,1.5000000000000002,10.0,0.0,0.0,10.0,0.85,CORE,MAIN,1.2065830191763534,0.25880069297155084,0.6,0.174,-50697.435320686884,STRUCTURAL,-0.9672911378083121,-183670.51992601485,26400.0,0,0,0,0,0,0,0,inf,inf,NA,1,5,5,5,24,6,0,0,CONTINUE,0,A,1,1,0,KEEP_STRUCTURAL_IN_ON_CUT,2,3,0,0,"tail_cont_enabled=1 tail_active_dims=(1,) tail_delta=0.1 tail_start=(6, 6, 6) returned_y=(6, 0, 1) returned_b=(1, 0, 0) returned_u=(0, 0, 0) returned_zcap=(6, 0, 1) max_tail_u=0",NA
120,P1_no_rho,175,1170.5732832000358,5.907733500003815,13.40372619999107,0.24088640010450035,0.01,55227.1549793723,55227.1549793723,-66097.9143033604,-47899.153910950496,0.0,-21717.21736997035,-86720.51193337714,-86720.49529475468,-50697.435320686884,-21717.21736997035,28980.217950716535,28980.217950716535,-24894.87540572486,44191.0,nan,nan,1.5000000000000002,10.0,0.0,0.0,10.0,0.85,CORE,MAIN,1.2050547896650985,0.23234774763505794,0.6,0.174,-50697.435320686884,STRUCTURAL,-0.9327030374062566,-183670.51992601485,26400.0,0,0,0,0,0,0,0,inf,inf,NA,1,5,5,5,24,6,0,0,CONTINUE,0,A,1,1,0,KEEP_STRUCTURAL_IN_ON_CUT,2,3,0,0,"tail_cont_enabled=1 tail_active_dims=(1,) tail_delta=0.1 tail_start=(6, 6, 6) returned_y=(0, 5, 3) returned_b=(0, 0, 0) returned_u=(0, 0, 0) returned_zcap=(0, 5, 3) max_tail_u=0",NA
120,P1_no_rho,176,1176.3693162000272,5.907733500003815,5.795566000044346,0.24282360007055104,0.01,91735.06701771633,91735.06701771633,-66097.9143033604,-42422.96710519889,0.0,-21717.21736997035,-83052.66974106141,-83052.65388554007,-50697.435320686884,-21717.21736997035,28980.217950716535,28980.217950716535,-21228.0218109917,43977.0,nan,nan,1.5000000000000002,10.0,0.0,0.0,10.0,0.85,CORE,MAIN,1.2037865210307586,0.2293765579435192,0.6,0.174,-50697.435320686884,STRUCTURAL,-0.937226763604435,-183670.51992601485,26400.0,0,0,0,0,0,0,0,inf,inf,NA,1,5,5,5,24,6,0,0,CONTINUE,0,A,1,1,0,KEEP_STRUCTURAL_IN_ON_CUT,2,3,0,0,"tail_cont_enabled=1 tail_active_dims=(1,) tail_delta=0.1 tail_start=(6, 6, 6) returned_y=(0, 5, 3) returned_b=(0, 0, 0) returned_u=(0, 0, 0) returned_zcap=(0, 5, 3) max_tail_u=0",NA
120,P1_no_rho,177,1181.659744799952,5.907733500003815,5.28949819994159,0.20338300010189414,0.01,80095.61737272155,80095.61737272155,-66097.9143033604,-44168.88455194811,0.0,-21717.21736997035,-84747.42453690393,-84747.40821074053,-50697.435320686884,-21717.21736997035,28980.217950716535,28980.217950716535,-22984.717518753987,43130.0,nan,nan,1.5000000000000002,10.0,0.0,0.0,10.0,0.85,CORE,MAIN,1.2020701670666443,0.231801101820877,0.6,0.174,-50697.435320686884,STRUCTURAL,-0.9546748696496875,-183670.51992601485,26400.0,0,0,0,0,0,0,0,inf,inf,NA,1,5,5,5,24,6,0,0,CONTINUE,0,A,1,1,0,KEEP_STRUCTURAL_IN_ON_CUT,2,3,0,0,"tail_cont_enabled=1 tail_active_dims=(1,) tail_delta=0.1 tail_start=(6, 6, 6) returned_y=(0, 5, 3) returned_b=(0, 0, 0) returned_u=(0, 0, 0) returned_zcap=(0, 5, 3) max_tail_u=0",NA
120,P1_no_rho,178,1187.3392574000172,5.907733500003815,5.678931100061163,0.20550499996170402,0.01,61098.60894554773,61098.60894554773,-66097.9143033604,-47018.43581602418,0.0,-21717.21736997035,-71598.17275532757,-71598.1574671088,-50697.435320686884,-21717.21736997035,28980.217950716535,28980.217950716535,-19121.708486094984,36415.0,nan,nan,1.5000000000000002,10.0,0.0,0.0,10.0,0.85,CORE,MAIN,1.202996214554601,0.2639212839146785,0.6,0.174,-50697.435320686884,STRUCTURAL,-0.9607112267108572,-183670.51992601485,26400.0,0,0,0,0,0,0,0,inf,inf,NA,1,5,5,5,24,6,0,0,CONTINUE,0,A,1,1,0,KEEP_STRUCTURAL_IN_ON_CUT,2,3,0,0,"tail_cont_enabled=1 tail_active_dims=(1,) tail_delta=0.1 tail_start=(6, 6, 6) returned_y=(6, 0, 1) returned_b=(1, 0, 0) returned_u=(0, 0, 0) returned_zcap=(6, 0, 1) max_tail_u=0",NA
120,P1_no_rho,179,1192.7058380000526,5.907733500003815,5.366074899910018,0.18810280004981905,0.01,54797.9351845381,54797.9351845381,-66097.9143033604,-47963.53688017563,0.0,-21717.21736997035,-83111.72682676255,-83111.71066772014,-50697.435320686884,-21717.21736997035,28980.217950716535,28980.217950716535,-22449.234320413452,41784.0,nan,nan,1.5000000000000002,10.0,0.0,0.0,10.0,0.85,CORE,MAIN,1.2020808315602205,0.2544285459778567,0.6,0.174,-50697.435320686884,STRUCTURAL,-0.9678740881247474,-183670.51992601485,26400.0,0,0,0,0,0,0,0,inf,inf,NA,1,5,5,5,24,6,0,0,CONTINUE,0,A,1,1,0,KEEP_STRUCTURAL_IN_ON_CUT,2,3,0,0,"tail_cont_enabled=1 tail_active_dims=(1,) tail_delta=0.1 tail_start=(6, 6, 6) returned_y=(6, 1, 0) returned_b=(1, 0, 0) returned_u=(0, 0, 0) returned_zcap=(6, 1, 0) max_tail_u=0",NA
120,P1_no_rho,180,1206.0899855999742,5.907733500003815,13.383425700012594,0.23113570001441985,0.01,72451.62401871086,72451.62401871086,-66097.9143033604,-45315.483555049716,0.0,-21717.21736997035,-72462.71707216058,-72462.70245205713,-50697.435320686884,-21717.21736997035,28980.217950716535,28980.217950716535,-17576.86075891012,38012.0,nan,nan,1.5000000000000002,10.0,0.0,0.0,10.0,0.85,CORE,MAIN,1.203139709688481,0.2808576648128299,0.6,0.174,-50697.435320686884,STRUCTURAL,-0.9626055226971657,-183670.51992601485,26400.0,0,0,0,0,0,0,0,inf,inf,NA,1,5,5,5,24,6,0,0,CONTINUE,0,A,1,1,0,KEEP_STRUCTURAL_IN_ON_CUT,2,3,0,0,"tail_cont_enabled=1 tail_active_dims=(1,) tail_delta=0.1 tail_start=(6, 6, 6) returned_y=(6, 1, 0) returned_b=(1, 0, 0) returned_u=(0, 0, 0) returned_zcap=(6, 1, 0) max_tail_u=0",NA
120,P1_no_rho,181,1212.6954973000102,5.907733500003815,6.604796800063923,0.22319260006770492,0.01,58770.93833688547,58770.93833688547,-66097.9143033604,-47367.58640732352,0.0,-21717.21736997035,-76492.63789699005,-76492.62267806422,-50697.435320686884,-21717.21736997035,28980.217950716535,28980.217950716535,-20681.560067015394,39463.0,nan,nan,1.5000000000000002,10.0,0.0,0.0,10.0,0.85,CORE,MAIN,1.2044215565203835,0.24522827330123786,0.6,0.174,-50697.435320686884,STRUCTURAL,-0.9428420311185806,-183670.51992601485,26400.0,0,0,0,0,0,0,0,inf,inf,NA,1,5,5,5,24,6,0,0,CONTINUE,0,A,1,1,0,KEEP_STRUCTURAL_IN_ON_CUT,2,3,0,0,"tail_cont_enabled=1 tail_active_dims=(1,) tail_delta=0.1 tail_start=(6, 6, 6) returned_y=(6, 1, 0) returned_b=(1, 0, 0) returned_u=(0, 0, 0) returned_zcap=(6, 1, 0) max_tail_u=0",NA
120,P1_no_rho,182,1219.9226617999375,5.907733500003815,7.226720699924044,0.26475510001182556,0.01,44796.0360981436,44796.0360981436,-66097.9143033604,-49463.8217431348,0.0,-21717.21736997035,-74899.58221939602,-74899.5675984413,-50697.435320686884,-21717.21736997035,28980.217950716535,28980.217950716535,-20102.20976976764,40497.5,nan,nan,1.5000000000000002,10.0,0.0,0.0,10.0,0.85,CORE,MAIN,1.2059857706545725,0.2486197031435231,0.6,0.174,-50697.435320686884,STRUCTURAL,-0.9020698039578351,-183670.51992601485,26400.0,0,0,0,0,0,0,0,inf,inf,NA,1,5,5,5,24,6,0,0,CONTINUE,0,A,1,1,0,KEEP_STRUCTURAL_IN_ON_CUT,2,3,0,0,"tail_cont_enabled=1 tail_active_dims=(1,) tail_delta=0.1 tail_start=(6, 6, 6) returned_y=(0, 2, 6) returned_b=(0, 0, 1) returned_u=(0, 0, 0) returned_zcap=(0, 2, 6) max_tail_u=0",NA
120,P1_no_rho,183,1225.4526164999697,5.907733500003815,5.529566899989732,0.19564350007567555,0.01,60889.438500512646,60889.438500512646,-66097.9143033604,-47049.811382779444,0.0,-21717.21736997035,-84604.65568776192,-84604.63951744861,-50697.435320686884,-21717.21736997035,28980.217950716535,28980.217950716535,-22545.2321035421,43818.0,nan,nan,1.5000000000000002,10.0,0.0,0.0,10.0,0.85,CORE,MAIN,1.2056493584857402,0.23942926867141412,0.6,0.174,-50697.435320686884,STRUCTURAL,-0.944199604635941,-183670.51992601485,26400.0,0,0,0,0,0,0,0,inf,inf,NA,1,5,5,5,24,6,0,0,CONTINUE,0,A,1,1,0,KEEP_STRUCTURAL_IN_ON_CUT,2,3,0,0,"tail_cont_enabled=1 tail_active_dims=(1,) tail_delta=0.1 tail_start=(6, 6, 6) returned_y=(0, 2, 6) returned_b=(0, 0, 1) returned_u=(0, 0, 0) returned_zcap=(0, 2, 6) max_tail_u=0",NA
120,P1_no_rho,184,1231.710775100044,5.907733500003815,6.257687500095926,0.19718889996875077,0.01,44581.09173626434,44581.09173626434,-66097.9143033604,-49496.06339741669,0.0,-21717.21736997035,-74809.39368100412,-74809.37886536567,-50697.435320686884,-21717.21736997035,28980.217950716535,28980.217950716535,-18839.59999537653,39810.0,nan,nan,1.5000000000000002,10.0,0.0,0.0,10.0,0.85,CORE,MAIN,1.2066275726167626,0.265130200616317,0.6,0.174,-50697.435320686884,STRUCTURAL,-0.93728173607953,-183670.51992601485,26400.0,0,0,0,0,0,0,0,inf,inf,NA,1,5,5,5,24,6,0,0,CONTINUE,0,A,1,1,0,KEEP_STRUCTURAL_IN_ON_CUT,2,3,0,0,"tail_cont_enabled=1 tail_active_dims=(1,) tail_delta=0.1 tail_start=(6, 6, 6) returned_y=(0, 2, 6) returned_b=(0, 0, 1) returned_u=(0, 0, 0) returned_zcap=(0, 2, 6) max_tail_u=0",NA
120,P1_no_rho,185,1246.1258372999728,5.907733500003815,14.414540200028569,0.20871969999279827,0.01,87206.8933738917,87206.8933738917,-66097.9143033604,-43102.19315177259,0.0,-21717.21736997035,-75640.42761399217,-75640.41203449684,-50697.435320686884,-21717.21736997035,28980.217950716535,28980.217950716535,-21182.901334085032,38739.5,nan,nan,1.5000000000000002,10.0,0.0,0.0,10.0,0.85,CORE,MAIN,1.2079103670960616,0.2589771159564186,0.6,0.174,-50697.435320686884,STRUCTURAL,-0.9371573493103388,-183670.51992601485,26400.0,0,0,0,0,0,0,0,inf,inf,NA,1,5,5,5,24,6,0,0,CONTINUE,0,A,1,1,0,KEEP_STRUCTURAL_IN_ON_CUT,2,3,0,0,"tail_cont_enabled=1 tail_active_dims=(1,) tail_delta=0.1 tail_start=(6, 6, 6) returned_y=(0, 6, 2) returned_b=(0, 1, 0) returned_u=(0, 0, 0) returned_zcap=(0, 6, 2) max_tail_u=0",NA
120,P1_no_rho,186,1251.2692560999421,5.907733500003815,5.1429887999547645,0.21158800006378442,0.01,52331.56211293106,52331.56211293106,-66097.9143033604,-48333.49284091668,0.0,-21717.21736997035,-87367.44795095953,-87367.43168371174,-50697.435320686884,-21717.21736997035,28980.217950716535,28980.217950716535,-23777.200582909332,44257.0,nan,nan,1.5000000000000002,10.0,0.0,0.0,10.0,0.85,CORE,MAIN,1.2080011045375294,0.23646598505182537,0.6,0.174,-50697.435320686884,STRUCTURAL,-0.9578933818499881,-183670.51992601485,26400.0,0,0,0,0,0,0,0,inf,inf,NA,1,5,5,5,24,6,0,0,CONTINUE,0,A,1,1,0,KEEP_STRUCTURAL_IN_ON_CUT,2,3,0,0,"tail_cont_enabled=1 tail_active_dims=(1,) tail_delta=0.1 tail_start=(6, 6, 6) returned_y=(6, 1, 0) returned_b=(1, 0, 0) returned_u=(0, 0, 0) returned_zcap=(6, 1, 0) max_tail_u=0",NA
120,P1_no_rho,187,1256.6090366999852,5.907733500003815,5.339059600024484,0.22480920003727078,0.01,77383.47300396067,77383.47300396067,-66097.9143033604,-44575.70620726224,0.0,-21717.21736997035,-83183.26382039736,-83183.24808880517,-50697.435320686884,-21717.21736997035,28980.217950716535,28980.217950716535,-21666.573427310504,42538.5,nan,nan,1.5000000000000002,10.0,0.0,0.0,10.0,0.85,CORE,MAIN,1.2074277465447543,0.24864426168768206,0.6,0.174,-50697.435320686884,STRUCTURAL,-0.9640940898479362,-183670.51992601485,26400.0,0,0,0,0,0,0,0,inf,inf,NA,1,5,5,5,24,6,0,0,CONTINUE,0,A,1,1,0,KEEP_STRUCTURAL_IN_ON_CUT,2,3,0,0,"tail_cont_enabled=1 tail_active_dims=(1,) tail_delta=0.1 tail_start=(6, 6, 6) returned_y=(6, 1, 0) returned_b=(1, 0, 0) returned_u=(0, 0, 0) returned_zcap=(6, 1, 0) max_tail_u=0",NA
120,P1_no_rho,188,1262.4698292999528,5.907733500003815,5.860302599961869,0.23917539999820292,0.01,66956.17749879345,66956.17749879345,-66097.9143033604,-46139.80053303733,0.0,-21717.21736997035,-77648.49867170493,-77648.48365512906,-50697.435320686884,-21717.21736997035,28980.217950716535,28980.217950716535,-19250.652866868346,40449.0,nan,nan,1.5000000000000002,10.0,0.0,0.0,10.0,0.85,CORE,MAIN,1.2075739761735589,0.24881883158259765,0.6,0.174,-50697.435320686884,STRUCTURAL,-0.9624931937050066,-183670.51992601485,26400.0,0,0,0,0,0,0,0,inf,inf,NA,1,5,5,5,24,6,0,0,CONTINUE,0,A,1,1,0,KEEP_STRUCTURAL_IN_ON_CUT,2,3,0,0,"tail_cont_enabled=1 tail_active_dims=(1,) tail_delta=0.1 tail_start=(6, 6, 6) returned_y=(6, 1, 0) returned_b=(1, 0, 0) returned_u=(0, 0, 0) returned_zcap=(6, 1, 0) max_tail_u=0",NA
120,P1_no_rho,189,1268.9674419000512,5.907733500003815,6.497129099909216,0.17765420000068843,0.01,62206.582332042184,62206.582332042184,-66097.9143033604,-46852.23980805001,0.0,-21717.21736997035,-74169.25566647136,-74169.24062869106,-50697.435320686884,-21717.21736997035,28980.217950716535,28980.217950716535,-20147.00802961614,39264.5,nan,nan,1.5000000000000002,10.0,0.0,0.0,10.0,0.85,CORE,MAIN,1.208697730032818,0.24073761008261285,0.6,0.174,-50697.435320686884,STRUCTURAL,-0.9172362243939589,-183670.51992601485,26400.0,0,0,0,0,0,0,0,inf,inf,NA,1,5,5,5,24,6,0,0,CONTINUE,0,A,1,1,0,KEEP_STRUCTURAL_IN_ON_CUT,2,3,0,0,"tail_cont_enabled=1 tail_active_dims=(1,) tail_delta=0.1 tail_start=(6, 6, 6) returned_y=(0, 2, 6) returned_b=(0, 0, 1) returned_u=(0, 0, 0) returned_zcap=(0, 2, 6) max_tail_u=0",NA
120,P1_no_rho,190,1281.565861799987,5.907733500003815,12.597840499947779,0.2542010999750346,0.01,58404.544861108065,58404.544861108065,-66097.9143033604,-47422.54542869014,0.0,-21717.21736997035,-76208.42849522184,-76208.41332538617,-50697.435320686884,-21717.21736997035,28980.217950716535,28980.217950716535,-19851.389259744345,40113.5,nan,nan,1.5000000000000002,10.0,0.0,0.0,10.0,0.85,CORE,MAIN,1.2095292437634855,0.25279173333945804,0.6,0.174,-50697.435320686884,STRUCTURAL,-0.9366260579878232,-183670.51992601485,26400.0,0,0,0,0,0,0,0,inf,inf,NA,1,5,5,5,24,6,0,0,CONTINUE,0,A,1,1,0,KEEP_STRUCTURAL_IN_ON_CUT,2,3,0,0,"tail_cont_enabled=1 tail_active_dims=(1,) tail_delta=0.1 tail_start=(6, 6, 6) returned_y=(0, 2, 6) returned_b=(0, 0, 1) returned_u=(0, 0, 0) returned_zcap=(0, 2, 6) max_tail_u=0",NA
120,P1_no_rho,191,1287.8697176999412,5.907733500003815,6.303296300000511,0.21671109995804727,0.01,77183.43615904413,77183.43615904413,-66097.9143033604,-44605.71173399972,0.0,-21717.21736997035,-76231.48202447486,-76231.46681978641,-50697.435320686884,-21717.21736997035,28980.217950716535,28980.217950716535,-19382.596474377682,40332.5,nan,nan,1.5000000000000002,10.0,0.0,0.0,10.0,0.85,CORE,MAIN,1.2101865289309615,0.2618054778969464,0.6,0.174,-50697.435320686884,STRUCTURAL,-0.9396701641837014,-183670.51992601485,26400.0,0,0,0,0,0,0,0,inf,inf,NA,1,5,5,5,24,6,0,0,CONTINUE,0,A,1,1,0,KEEP_STRUCTURAL_IN_ON_CUT,2,3,0,0,"tail_cont_enabled=1 tail_active_dims=(1,) tail_delta=0.1 tail_start=(6, 6, 6) returned_y=(0, 6, 2) returned_b=(0, 1, 0) returned_u=(0, 0, 0) returned_zcap=(0, 6, 2) max_tail_u=0",NA
120,P1_no_rho,192,1294.4815296999877,5.907733500003815,6.611320000025444,0.22606420004740357,0.01,64319.49673628055,64319.49673628055,-66097.9143033604,-46535.30264741426,0.0,-21717.21736997035,-76327.89591301915,-76327.8803171139,-50697.435320686884,-21717.21736997035,28980.217950716535,28980.217950716535,-20753.03911189326,39305.0,nan,nan,1.5000000000000002,10.0,0.0,0.0,10.0,0.85,CORE,MAIN,1.211258297408138,0.24497350139459173,0.6,0.174,-50697.435320686884,STRUCTURAL,-0.9426254709785968,-183670.51992601485,26400.0,0,0,0,0,0,0,0,inf,inf,NA,1,5,5,5,24,6,0,0,CONTINUE,0,A,1,1,0,KEEP_STRUCTURAL_IN_ON_CUT,2,3,0,0,"tail_cont_enabled=1 tail_active_dims=(1,) tail_delta=0.1 tail_start=(6, 6, 6) returned_y=(0, 6, 2) returned_b=(0, 1, 0) returned_u=(0, 0, 0) returned_zcap=(0, 6, 2) max_tail_u=0",NA
120,P1_no_rho,193,1300.218819999951,5.907733500003815,5.736761300009675,0.1993534000357613,0.01,53280.09676668725,53280.09676668725,-66097.9143033604,-48191.21264285326,0.0,-21717.21736997035,-81099.7404167519,-81099.72501081842,-50697.435320686884,-21717.21736997035,28980.217950716535,28980.217950716535,-20548.316437214533,41728.0,nan,nan,1.5000000000000002,10.0,0.0,0.0,10.0,0.85,CORE,MAIN,1.2113520009880054,0.2435867164510136,0.6,0.174,-50697.435320686884,STRUCTURAL,-0.9673985265465854,-183670.51992601485,26400.0,0,0,0,0,0,0,0,inf,inf,NA,1,5,5,5,24,6,0,0,CONTINUE,0,A,1,1,0,KEEP_STRUCTURAL_IN_ON_CUT,2,3,0,0,"tail_cont_enabled=1 tail_active_dims=(1,) tail_delta=0.1 tail_start=(6, 6, 6) returned_y=(6, 1, 0) returned_b=(1, 0, 0) returned_u=(0, 0, 0) returned_zcap=(6, 1, 0) max_tail_u=0",NA
120,P1_no_rho,194,1305.3445619000122,5.907733500003815,5.125325600034557,0.19744459993671626,0.01,56855.71462015871,56855.71462015871,-66097.9143033604,-47654.86996483254,0.0,-21717.21736997035,-79967.71219471686,-79967.69682808194,-50697.435320686884,-21717.21736997035,28980.217950716535,28980.217950716535,-20167.86316687454,41163.5,nan,nan,1.5000000000000002,10.0,0.0,0.0,10.0,0.85,CORE,MAIN,1.2110387044983644,0.2465263283245167,0.6,0.174,-50697.435320686884,STRUCTURAL,-0.9684928583365909,-183670.51992601485,26400.0,0,0,0,0,0,0,0,inf,inf,NA,1,5,5,5,24,6,0,0,CONTINUE,0,A,1,1,0,KEEP_STRUCTURAL_IN_ON_CUT,2,3,0,0,"tail_cont_enabled=1 tail_active_dims=(1,) tail_delta=0.1 tail_start=(6, 6, 6) returned_y=(6, 1, 0) returned_b=(1, 0, 0) returned_u=(0, 0, 0) returned_zcap=(6, 1, 0) max_tail_u=0",NA
120,P1_no_rho,195,1318.1028659000294,5.907733500003815,12.75780390005093,0.23276939999777824,0.01,72412.60339483852,72412.60339483852,-66097.9143033604,-45321.33664863057,0.0,-21717.21736997035,-80801.3048986495,-80801.28953305478,-50697.435320686884,-21717.21736997035,28980.217950716535,28980.217950716535,-21700.032417178005,42291.5,nan,nan,1.5000000000000002,10.0,0.0,0.0,10.0,0.85,CORE,MAIN,1.211589657837027,0.25025449948138834,0.6,0.174,-50697.435320686884,STRUCTURAL,-0.931649103892063,-183670.51992601485,26400.0,0,0,0,0,0,0,0,inf,inf,NA,1,5,5,5,24,6,0,0,CONTINUE,0,A,1,1,0,KEEP_STRUCTURAL_IN_ON_CUT,2,3,0,0,"tail_cont_enabled=1 tail_active_dims=(1,) tail_delta=0.1 tail_start=(6, 6, 6) returned_y=(6, 1, 0) returned_b=(1, 0, 0) returned_u=(0, 0, 0) returned_zcap=(6, 1, 0) max_tail_u=0",NA
120,P1_no_rho,196,1324.7228703999426,5.907733500003815,6.619483099901117,0.21121300000231713,0.01,57510.37385691766,57510.37385691766,-66097.9143033604,-47556.671079318694,0.0,-21717.21736997035,-75836.97934393826,-75836.96397339705,-50697.435320686884,-21717.21736997035,28980.217950716535,28980.217950716535,-20800.002919863688,40021.0,nan,nan,1.5000000000000002,10.0,0.0,0.0,10.0,0.85,CORE,MAIN,1.2123187793122634,0.266491147047766,0.6,0.174,-50697.435320686884,STRUCTURAL,-0.9168013635097133,-183670.51992601485,26400.0,0,0,0,0,0,0,0,inf,inf,NA,1,5,5,5,24,6,0,0,CONTINUE,0,A,1,1,0,KEEP_STRUCTURAL_IN_ON_CUT,2,3,0,0,"tail_cont_enabled=1 tail_active_dims=(1,) tail_delta=0.1 tail_start=(6, 6, 6) returned_y=(0, 5, 3) returned_b=(0, 0, 0) returned_u=(0, 0, 0) returned_zcap=(0, 5, 3) max_tail_u=0",NA
120,P1_no_rho,197,1330.9772955999942,5.907733500003815,6.25344799994491,0.20439359999727458,0.01,67338.61675697342,67338.61675697342,-66097.9143033604,-46082.43464431033,0.0,-21717.21736997035,-78267.03605470173,-78267.02062181963,-50697.435320686884,-21717.21736997035,28980.217950716535,28980.217950716535,-19858.976636504107,40769.5,nan,nan,1.5000000000000002,10.0,0.0,0.0,10.0,0.85,CORE,MAIN,1.2126424096198753,0.25538953480258497,0.6,0.174,-50697.435320686884,STRUCTURAL,-0.9550937831028178,-183670.51992601485,26400.0,0,0,0,0,0,0,0,inf,inf,NA,1,5,5,5,24,6,0,0,CONTINUE,0,A,1,1,0,KEEP_STRUCTURAL_IN_ON_CUT,2,3,0,0,"tail_cont_enabled=1 tail_active_dims=(1,) tail_delta=0.1 tail_start=(6, 6, 6) returned_y=(0, 2, 6) returned_b=(0, 0, 1) returned_u=(0, 0, 0) returned_zcap=(0, 2, 6) max_tail_u=0",NA
120,P1_no_rho,198,1336.4916047999868,5.907733500003815,5.513805399998091,0.20534960005898029,0.01,71171.77398057134,71171.77398057134,-66097.9143033604,-45507.46106077064,0.0,-21717.21736997035,-75605.08563865843,-75605.07058996733,-50697.435320686884,-21717.21736997035,28980.217950716535,28980.217950716535,-18923.93359829098,40249.0,nan,nan,1.500000000000001,10.000000000000005,0.0,0.0,10.0,0.85,CORE,MAIN,1.2131513851770062,0.24895059362951577,0.6,0.174,-50697.435320686884,STRUCTURAL,-0.9388413292533364,-183670.51992601485,26400.0,0,0,0,0,0,0,0,inf,inf,NA,1,5,5,5,24,6,0,0,CONTINUE,0,A,1,1,0,KEEP_STRUCTURAL_IN_ON_CUT,2,3,0,0,"tail_cont_enabled=1 tail_active_dims=(1,) tail_delta=0.1 tail_start=(6, 6, 6) returned_y=(0, 2, 6) returned_b=(0, 0, 1) returned_u=(0, 0, 0) returned_zcap=(0, 2, 6) max_tail_u=0",NA
120,P1_no_rho,199,1343.362967299996,5.907733500003815,6.870704600005411,0.24963129998650402,0.01,63380.119405922116,63380.119405922116,-66097.9143033604,-46676.20924696803,0.0,-21717.21736997035,-74931.19799511465,-74931.18276124116,-50697.435320686884,-21717.21736997035,28980.217950716535,28980.217950716535,-19249.145276473835,39003.0,nan,nan,1.5000000000000002,10.0,0.0,0.0,10.0,0.85,CORE,MAIN,1.2136986259952431,0.26117273508808503,0.6,0.174,-50697.435320686884,STRUCTURAL,-0.9517564885567315,-183670.51992601485,26400.0,0,0,0,0,0,0,0,inf,inf,NA,1,5,5,5,24,6,0,0,CONTINUE,0,A,1,1,0,KEEP_STRUCTURAL_IN_ON_CUT,2,3,0,0,"tail_cont_enabled=1 tail_active_dims=(1,) tail_delta=0.1 tail_start=(6, 6, 6) returned_y=(0, 2, 6) returned_b=(0, 0, 1) returned_u=(0, 0, 0) returned_zcap=(0, 2, 6) max_tail_u=0",NA
120,P1_no_rho,200,1355.034352799994,5.907733500003815,11.670935699949041,0.19983000005595386,0.01,64110.09728850628,64110.09728850628,-66097.9143033604,-46566.712564580404,0.0,-21717.21736997035,-82824.81300887921,-82824.79736865073,-50697.435320686884,-21717.21736997035,28980.217950716535,28980.217950716535,-21098.083377059324,42581.5,nan,nan,1.5000000000000002,10.0,0.0,0.0,10.0,0.85,CORE,MAIN,1.2129150754738078,0.255583832911666,0.6,0.174,-50697.435320686884,STRUCTURAL,-0.9664089489816219,-183670.51992601485,26400.0,0,0,0,0,0,0,0,inf,inf,NA,1,5,5,5,24,6,0,0,CONTINUE,0,A,1,1,0,KEEP_STRUCTURAL_IN_ON_CUT,2,3,0,0,"tail_cont_enabled=1 tail_active_dims=(1,) tail_delta=0.1 tail_start=(6, 6, 6) returned_y=(6, 1, 0) returned_b=(1, 0, 0) returned_u=(0, 0, 0) returned_zcap=(6, 1, 0) max_tail_u=0",NA
120,P1_no_rho,201,1360.0828612999758,5.907733500003815,5.047864499967545,0.19795380008872598,0.01,68382.91099972113,68382.91099972113,-66097.9143033604,-45925.79050789817,0.0,-21717.21736997035,-81020.22051721321,-81020.2051236975,-50697.435320686884,-21717.21736997035,28980.217950716535,28980.217950716535,-20014.41983485603,41790.0,nan,nan,1.5000000000000002,10.0,0.0,0.0,10.0,0.85,CORE,MAIN,1.2121001779193865,0.25742217684504776,0.6,0.174,-50697.435320686884,STRUCTURAL,-0.9732118575231947,-183670.51992601485,26400.0,0,0,0,0,0,0,0,inf,inf,NA,1,5,5,5,24,6,0,0,CONTINUE,0,A,1,1,0,KEEP_STRUCTURAL_IN_ON_CUT,2,3,0,0,"tail_cont_enabled=1 tail_active_dims=(1,) tail_delta=0.1 tail_start=(6, 6, 6) returned_y=(6, 1, 0) returned_b=(1, 0, 0) returned_u=(0, 0, 0) returned_zcap=(6, 1, 0) max_tail_u=0",NA
120,P1_no_rho,202,1365.4068959000288,5.907733500003815,5.323323199991137,0.23151810001581907,0.01,63662.44372932616,63662.44372932616,-66097.9143033604,-46633.860598457424,0.0,-21717.21736997035,-81120.83436200421,-81120.81897654677,-50697.435320686884,-21717.21736997035,28980.217950716535,28980.217950716535,-21010.483374390402,41876.0,nan,nan,1.5000000000000002,10.0,0.0,0.0,10.0,0.85,CORE,MAIN,1.211071284297772,0.23326797436607194,0.6,0.174,-50697.435320686884,STRUCTURAL,-0.9569576145788575,-183670.51992601485,26400.0,0,0,0,0,0,0,0,inf,inf,NA,1,5,5,5,24,6,0,0,CONTINUE,0,A,1,1,0,KEEP_STRUCTURAL_IN_ON_CUT,2,3,0,0,"tail_cont_enabled=1 tail_active_dims=(1,) tail_delta=0.1 tail_start=(6, 6, 6) returned_y=(6, 1, 0) returned_b=(1, 0, 0) returned_u=(0, 0, 0) returned_zcap=(6, 1, 0) max_tail_u=0",NA
120,P1_no_rho,203,1371.881396300043,5.907733500003815,6.473759000073187,0.21336669998709112,0.01,55837.83217347548,55837.83217347548,-66097.9143033604,-47807.552331835024,0.0,-21717.21736997035,-75890.59089646376,-75890.57562611724,-50697.435320686884,-21717.21736997035,28980.217950716535,28980.217950716535,-20905.711842533037,40083.5,nan,nan,1.5000000000000002,10.0,0.0,0.0,10.0,0.85,CORE,MAIN,1.2112114884322422,0.25247213995491224,0.6,0.174,-50697.435320686884,STRUCTURAL,-0.9145053664406246,-183670.51992601485,26400.0,0,0,0,0,0,0,0,inf,inf,NA,1,5,5,5,24,6,0,0,CONTINUE,0,A,1,1,0,KEEP_STRUCTURAL_IN_ON_CUT,2,3,0,0,"tail_cont_enabled=1 tail_active_dims=(1,) tail_delta=0.1 tail_start=(6, 6, 6) returned_y=(0, 6, 2) returned_b=(0, 1, 0) returned_u=(0, 0, 0) returned_zcap=(0, 6, 2) max_tail_u=0",NA
120,P1_no_rho,204,1376.5173239000142,5.907733500003815,4.635488600004464,0.18924610002432019,0.01,59092.35574795429,59092.35574795429,-66097.9143033604,-47319.3737956632,0.0,-21717.21736997035,-76065.07401867837,-76065.0588267797,-50697.435320686884,-21717.21736997035,28980.217950716535,28980.217950716535,-19562.260034136103,40009.5,nan,nan,1.5000000000000002,10.0,0.0,0.0,10.0,0.85,CORE,MAIN,1.2116167243567304,0.25159251943675753,0.6,0.174,-50697.435320686884,STRUCTURAL,-0.9414897094047429,-183670.51992601485,26400.0,0,0,0,0,0,0,0,inf,inf,NA,1,5,5,5,24,6,0,0,CONTINUE,0,A,1,1,0,KEEP_STRUCTURAL_IN_ON_CUT,2,3,0,0,"tail_cont_enabled=1 tail_active_dims=(1,) tail_delta=0.1 tail_start=(6, 6, 6) returned_y=(0, 6, 2) returned_b=(0, 1, 0) returned_u=(0, 0, 0) returned_zcap=(0, 6, 2) max_tail_u=0",NA
120,P1_no_rho,205,1389.0570040999446,5.907733500003815,12.539212799980305,0.20813279994763434,0.01,68891.95842198684,68891.95842198684,-66097.9143033604,-45849.43339455832,0.0,-21717.21736997035,-74618.28168996991,-74618.2666807049,-50697.435320686884,-21717.21736997035,28980.217950716535,28980.217950716535,-19174.033681288573,39525.5,nan,nan,1.5000000000000002,10.0,0.0,0.0,10.0,0.85,CORE,MAIN,1.212135096373366,0.2639891354095154,0.6,0.174,-50697.435320686884,STRUCTURAL,-0.9351639321352261,-183670.51992601485,26400.0,0,0,0,0,0,0,0,inf,inf,NA,1,5,5,5,24,6,0,0,CONTINUE,0,A,1,1,0,KEEP_STRUCTURAL_IN_ON_CUT,2,3,0,0,"tail_cont_enabled=1 tail_active_dims=(1,) tail_delta=0.1 tail_start=(6, 6, 6) returned_y=(0, 6, 2) returned_b=(0, 1, 0) returned_u=(0, 0, 0) returned_zcap=(0, 6, 2) max_tail_u=0",NA
120,P1_no_rho,206,1394.4736228999682,5.907733500003815,5.416173500008881,0.21409329993184656,0.01,69282.2071305767,69282.2071305767,-66097.9143033604,-45790.89608826984,0.0,-21717.21736997035,-76839.56243430839,-76839.5470282303,-50697.435320686884,-21717.21736997035,28980.217950716535,28980.217950716535,-20021.993051742087,39712.0,nan,nan,1.5000000000000007,10.000000000000004,0.0,0.0,10.0,0.85,CORE,MAIN,1.2127083050607212,0.26105016212728893,0.6,0.174,-50697.435320686884,STRUCTURAL,-0.953826785799224,-183670.51992601485,26400.0,0,0,0,0,0,0,0,inf,inf,NA,1,5,5,5,24,6,0,0,CONTINUE,0,A,1,1,0,KEEP_STRUCTURAL_IN_ON_CUT,2,3,0,0,"tail_cont_enabled=1 tail_active_dims=(1,) tail_delta=0.1 tail_start=(6, 6, 6) returned_y=(0, 6, 2) returned_b=(0, 1, 0) returned_u=(0, 0, 0) returned_zcap=(0, 6, 2) max_tail_u=0",NA
120,P1_no_rho,207,1400.47929129994,5.907733500003815,6.0052186999237165,0.2036458000075072,0.01,44200.13221627223,44200.13221627223,-66097.9143033604,-49553.20732541551,0.0,-21717.21736997035,-79198.69344664144,-79198.67798282014,-50697.435320686884,-21717.21736997035,28980.217950716535,28980.217950716535,-21117.3204672878,40676.0,nan,nan,1.5000000000000002,10.0,0.0,0.0,10.0,0.85,CORE,MAIN,1.2127733033198236,0.24457376857014745,0.6,0.174,-50697.435320686884,STRUCTURAL,-0.951934925025934,-183670.51992601485,26400.0,0,0,0,0,0,0,0,inf,inf,NA,1,5,5,5,24,6,0,0,CONTINUE,0,A,1,1,0,KEEP_STRUCTURAL_IN_ON_CUT,2,3,0,0,"tail_cont_enabled=1 tail_active_dims=(1,) tail_delta=0.1 tail_start=(6, 6, 6) returned_y=(6, 1, 0) returned_b=(1, 0, 0) returned_u=(0, 0, 0) returned_zcap=(6, 1, 0) max_tail_u=0",NA
120,P1_no_rho,208,1405.162204100052,5.907733500003815,4.68238539993763,0.17967250000219792,0.01,65502.71314112681,65502.71314112681,-66097.9143033604,-46357.82018668732,0.0,-21717.21736997035,-84536.1252757008,-84536.10968082881,-50697.435320686884,-21717.21736997035,28980.217950716535,28980.217950716535,-20687.389290634033,43732.0,nan,nan,1.5000000000000002,10.0,0.0,0.0,10.0,0.85,CORE,MAIN,1.2116186608674162,0.2509686060501535,0.6,0.174,-50697.435320686884,STRUCTURAL,-0.9733333392816057,-183670.51992601485,26400.0,0,0,0,0,0,0,0,inf,inf,NA,1,5,5,5,24,6,0,0,CONTINUE,0,A,1,1,0,KEEP_STRUCTURAL_IN_ON_CUT,2,3,0,0,"tail_cont_enabled=1 tail_active_dims=(1,) tail_delta=0.1 tail_start=(6, 6, 6) returned_y=(6, 1, 0) returned_b=(1, 0, 0) returned_u=(0, 0, 0) returned_zcap=(6, 1, 0) max_tail_u=0",NA
120,P1_no_rho,209,1410.60685370001,5.907733500003815,5.444190800073557,0.197103799902834,0.01,62707.026790143405,62707.026790143405,-66097.9143033604,-46777.17313933483,0.0,-21717.21736997035,-80215.82317186102,-80215.80805588746,-50697.435320686884,-21717.21736997035,28980.217950716535,28980.217950716535,-20554.279937215317,41420.0,nan,nan,1.5000000000000002,10.0,0.0,0.0,10.0,0.85,CORE,MAIN,1.2106677914948896,0.2553418486714213,0.6,0.174,-50697.435320686884,STRUCTURAL,-0.9602692438221816,-183670.51992601485,26400.0,0,0,0,0,0,0,0,inf,inf,NA,1,5,5,5,24,6,0,0,CONTINUE,0,A,1,1,0,KEEP_STRUCTURAL_IN_ON_CUT,2,3,0,0,"tail_cont_enabled=1 tail_active_dims=(1,) tail_delta=0.1 tail_start=(6, 6, 6) returned_y=(6, 1, 0) returned_b=(1, 0, 0) returned_u=(0, 0, 0) returned_zcap=(6, 1, 0) max_tail_u=0",NA
120,P1_no_rho,210,1422.7116136000259,5.907733500003815,12.104112100088969,0.2115199000108987,0.01,48384.75496793017,48384.75496793017,-66097.9143033604,-48925.51391266682,0.0,-21717.21736997035,-70641.72611630886,-70641.71132615894,-50697.435320686884,-21717.21736997035,28980.217950716535,28980.217950716535,-19632.673044448027,35795.5,nan,nan,1.5000000000000002,10.0,0.0,0.0,10.0,0.85,CORE,MAIN,1.209037744961125,0.24214419366543516,0.6,0.174,-50697.435320686884,STRUCTURAL,-0.9500083955005686,-183670.51992601485,26400.0,0,0,0,0,0,0,0,inf,inf,NA,1,5,5,5,24,6,0,0,CONTINUE,0,A,1,1,0,KEEP_STRUCTURAL_IN_ON_CUT,2,3,0,0,"tail_cont_enabled=1 tail_active_dims=(1,) tail_delta=0.1 tail_start=(6, 6, 6) returned_y=(6, 1, 0) returned_b=(1, 0, 0) returned_u=(0, 0, 0) returned_zcap=(6, 1, 0) max_tail_u=0",NA
120,P1_no_rho,211,1427.0080676999642,5.907733500003815,4.296100899926387,0.19988209998700768,0.01,52376.94316618565,52376.94316618565,-66097.9143033604,-48326.685682928495,0.0,-21717.21736997035,-74280.36859536887,-74280.3536611596,-50697.435320686884,-21717.21736997035,28980.217950716535,28980.217950716535,-18326.740397269492,40044.5,nan,nan,1.5000000000000002,10.0,0.0,0.0,10.0,0.85,CORE,MAIN,1.2082467419115446,0.25520329124034447,0.6,0.174,-50697.435320686884,STRUCTURAL,-0.931523900725278,-183670.51992601485,26400.0,0,0,0,0,0,0,0,inf,inf,NA,1,5,5,5,24,6,0,0,CONTINUE,0,A,1,1,0,KEEP_STRUCTURAL_IN_ON_CUT,2,3,0,0,"tail_cont_enabled=1 tail_active_dims=(1,) tail_delta=0.1 tail_start=(6, 6, 6) returned_y=(0, 2, 6) returned_b=(0, 0, 1) returned_u=(0, 0, 0) returned_zcap=(0, 2, 6) max_tail_u=0",NA
120,P1_no_rho,212,1432.2280898999888,5.907733500003815,5.219151700031944,0.22374530008528382,0.01,59843.70726096573,59843.70726096573,-66097.9143033604,-47206.67106871148,0.0,-21717.21736997035,-81150.17727522648,-81150.1616516484,-50697.435320686884,-21717.21736997035,28980.217950716535,28980.217950716535,-20988.477645643543,42577.0,nan,nan,1.5000000000000002,10.0,0.0,0.0,10.0,0.85,CORE,MAIN,1.2065919647070629,0.24743950889038901,0.6,0.174,-50697.435320686884,STRUCTURAL,-0.9420059970720475,-183670.51992601485,26400.0,0,0,0,0,0,0,0,inf,inf,NA,1,5,5,5,24,6,0,0,CONTINUE,0,A,1,1,0,KEEP_STRUCTURAL_IN_ON_CUT,2,3,0,0,"tail_cont_enabled=1 tail_active_dims=(1,) tail_delta=0.1 tail_start=(6, 6, 6) returned_y=(0, 2, 6) returned_b=(0, 0, 1) returned_u=(0, 0, 0) returned_zcap=(0, 2, 6) max_tail_u=0",NA
120,P1_no_rho,213,1438.8289659000002,5.907733500003815,6.600412299972959,0.23281449999194592,0.01,61000.57929011695,61000.57929011695,-66097.9143033604,-47033.1402643388,0.0,-21717.21736997035,-77606.23656441539,-77606.22112882127,-50697.435320686884,-21717.21736997035,28980.217950716535,28980.217950716535,-21205.84623010697,40791.5,nan,nan,1.5000000000000002,10.0,0.0,0.0,10.0,0.85,CORE,MAIN,1.2056887616987488,0.25969238021022967,0.6,0.174,-50697.435320686884,STRUCTURAL,-0.9217667879944643,-183670.51992601485,26400.0,0,0,0,0,0,0,0,inf,inf,NA,1,5,5,5,24,6,0,0,CONTINUE,0,A,1,1,0,KEEP_STRUCTURAL_IN_ON_CUT,2,3,0,0,"tail_cont_enabled=1 tail_active_dims=(1,) tail_delta=0.1 tail_start=(6, 6, 6) returned_y=(0, 2, 6) returned_b=(0, 0, 1) returned_u=(0, 0, 0) returned_zcap=(0, 2, 6) max_tail_u=0",NA
120,P1_no_rho,214,1443.2866850999417,5.907733500003815,4.45721419993788,0.23147320002317429,0.01,67857.26469493001,67857.26469493001,-66097.9143033604,-46004.637453616844,0.0,-21717.21736997035,-81598.06022214584,-81598.04377562186,-50697.435320686884,-21717.21736997035,28980.217950716535,28980.217950716535,-23751.942613583386,40286.0,nan,nan,1.5000000000000002,10.0,0.0,0.0,10.0,0.85,CORE,MAIN,1.2046351277133365,0.2612341580283921,0.6,0.174,-50697.435320686884,STRUCTURAL,-0.9572572963649651,-183670.51992601485,26400.0,0,0,0,0,0,0,0,inf,inf,NA,1,5,5,5,24,6,0,0,CONTINUE,0,A,1,1,0,KEEP_STRUCTURAL_IN_ON_CUT,2,3,0,0,"tail_cont_enabled=1 tail_active_dims=(1,) tail_delta=0.1 tail_start=(6, 6, 6) returned_y=(6, 1, 0) returned_b=(1, 0, 0) returned_u=(0, 0, 0) returned_zcap=(6, 1, 0) max_tail_u=0",NA
120,P1_no_rho,215,1455.4262301999843,5.907733500003815,12.139135299948975,0.19754609989468008,0.01,48837.59901756383,48837.59901756383,-66097.9143033604,-48857.58730522177,0.0,-21717.21736997035,-73360.56876345468,-73360.55414240345,-50697.435320686884,-21717.21736997035,28980.217950716535,28980.217950716535,-18177.973477618394,38642.0,nan,nan,1.5000000000000002,10.0,0.0,0.0,10.0,0.85,CORE,MAIN,1.2052934282140924,0.2711110206766011,0.6,0.174,-50697.435320686884,STRUCTURAL,-0.9520311347719245,-183670.51992601485,26400.0,0,0,0,0,0,0,0,inf,inf,NA,1,5,5,5,24,6,0,0,CONTINUE,0,A,1,1,0,KEEP_STRUCTURAL_IN_ON_CUT,2,3,0,0,"tail_cont_enabled=1 tail_active_dims=(1,) tail_delta=0.1 tail_start=(6, 6, 6) returned_y=(6, 1, 0) returned_b=(1, 0, 0) returned_u=(0, 0, 0) returned_zcap=(6, 1, 0) max_tail_u=0",NA
120,P1_no_rho,216,1460.5796491999645,5.907733500003815,5.152973499963991,0.20983579999301583,0.01,45108.63521576627,45108.63521576627,-66097.9143033604,-49416.931875491406,0.0,-21717.21736997035,-75556.80325753934,-75556.78845812974,-50697.435320686884,-21717.21736997035,28980.217950716535,28980.217950716535,-18946.47995472906,39047.0,nan,nan,1.5000000000000002,10.0,0.0,0.0,10.0,0.85,CORE,MAIN,1.207535492272763,0.25322592386204024,0.6,0.174,-50697.435320686884,STRUCTURAL,-0.9665327853339255,-183670.51992601485,26400.0,0,0,0,0,0,0,0,inf,inf,NA,1,5,5,5,24,6,0,0,CONTINUE,0,A,1,1,0,KEEP_STRUCTURAL_IN_ON_CUT,2,3,0,0,"tail_cont_enabled=1 tail_active_dims=(1,) tail_delta=0.1 tail_start=(6, 6, 6) returned_y=(6, 1, 0) returned_b=(1, 0, 0) returned_u=(0, 0, 0) returned_zcap=(6, 1, 0) max_tail_u=0",NA
120,P1_no_rho,217,1466.8183354999637,5.907733500003815,6.2382682999596,0.19728840002790093,0.01,59272.87237849532,59272.87237849532,-66097.9143033604,-47292.296301082046,0.0,-21717.21736997035,-71650.94440952153,-71650.92949239298,-50697.435320686884,-21717.21736997035,28980.217950716535,28980.217950716535,-19003.425783221588,36097.0,nan,nan,1.5000000000000002,10.0,0.0,0.0,10.0,0.85,CORE,MAIN,1.2086875167598365,0.2665787078324998,0.6,0.174,-50697.435320686884,STRUCTURAL,-0.9723338727903773,-183670.51992601485,26400.0,0,0,0,0,0,0,0,inf,inf,NA,1,5,5,5,24,6,0,0,CONTINUE,0,A,1,1,0,KEEP_STRUCTURAL_IN_ON_CUT,2,3,0,0,"tail_cont_enabled=1 tail_active_dims=(1,) tail_delta=0.1 tail_start=(6, 6, 6) returned_y=(6, 1, 0) returned_b=(1, 0, 0) returned_u=(0, 0, 0) returned_zcap=(6, 1, 0) max_tail_u=0",NA
120,P1_no_rho,218,1471.6059303999646,5.907733500003815,4.787179899984039,0.20837220002431422,0.01,76900.72779024916,76900.72779024916,-66097.9143033604,-44648.11798931897,0.0,-21717.21736997035,-78966.02866071397,-78966.01294506238,-50697.435320686884,-21717.21736997035,28980.217950716535,28980.217950716535,-20750.181638306112,41524.0,nan,nan,1.5000000000000002,10.0,0.0,0.0,10.0,0.85,CORE,MAIN,1.2088156590970387,0.254330852966427,0.6,0.174,-50697.435320686884,STRUCTURAL,-0.9346535546793221,-183670.51992601485,26400.0,0,0,0,0,0,0,0,inf,inf,NA,1,5,5,5,24,6,0,0,CONTINUE,0,A,1,1,0,KEEP_STRUCTURAL_IN_ON_CUT,2,3,0,0,"tail_cont_enabled=1 tail_active_dims=(1,) tail_delta=0.1 tail_start=(6, 6, 6) returned_y=(0, 2, 6) returned_b=(0, 0, 1) returned_u=(0, 0, 0) returned_zcap=(0, 2, 6) max_tail_u=0",NA
120,P1_no_rho,219,1477.6371280000312,5.907733500003815,6.030707000056282,0.24720300000626594,0.01,54113.03415979366,54113.03415979366,-66097.9143033604,-48066.2720338873,0.0,-21717.21736997035,-80274.7219445594,-80274.70572040617,-50697.435320686884,-21717.21736997035,28980.217950716535,28980.217950716535,-23372.66717481245,40975.5,nan,nan,1.5000000000000002,10.0,0.0,0.0,10.0,0.85,CORE,MAIN,1.208149351287579,0.25264962394655066,0.6,0.174,-50697.435320686884,STRUCTURAL,-0.9257896148608106,-183670.51992601485,26400.0,0,0,0,0,0,0,0,inf,inf,NA,1,5,5,5,24,6,0,0,CONTINUE,0,A,1,1,0,KEEP_STRUCTURAL_IN_ON_CUT,2,3,0,0,"tail_cont_enabled=1 tail_active_dims=(1,) tail_delta=0.1 tail_start=(6, 6, 6) returned_y=(0, 5, 3) returned_b=(0, 0, 0) returned_u=(0, 0, 0) returned_zcap=(0, 5, 3) max_tail_u=0",NA
120,P1_no_rho,220,1489.8797363999765,5.907733500003815,12.241994899930432,0.21676169999409467,0.01,57734.63511686622,57734.63511686622,-66097.9143033604,-47523.03189032641,0.0,-21717.21736997035,-85212.80991740261,-85212.79330339037,-50697.435320686884,-21717.21736997035,28980.217950716535,28980.217950716535,-24288.396279112778,43343.0,nan,nan,1.5000000000000002,10.0,0.0,0.0,10.0,0.85,CORE,MAIN,1.2064176805521778,0.23606646406083232,0.6,0.174,-50697.435320686884,STRUCTURAL,-0.9370893727441968,-183670.51992601485,26400.0,0,0,0,0,0,0,0,inf,inf,NA,1,5,5,5,24,6,0,0,CONTINUE,0,A,1,1,0,KEEP_STRUCTURAL_IN_ON_CUT,2,3,0,0,"tail_cont_enabled=1 tail_active_dims=(1,) tail_delta=0.1 tail_start=(6, 6, 6) returned_y=(0, 5, 3) returned_b=(0, 0, 0) returned_u=(0, 0, 0) returned_zcap=(0, 5, 3) max_tail_u=0",NA
120,P1_no_rho,221,1496.0982290999964,5.907733500003815,6.2181054999819025,0.21531690005213022,0.01,42366.588049085214,42366.588049085214,-66097.9143033604,-49828.23895049356,0.0,-21717.21736997035,-68766.9749991595,-68766.96099140497,-50697.435320686884,-21717.21736997035,28980.217950716535,28980.217950716535,-16782.008256326288,37423.0,nan,nan,1.5000000000000002,10.0,0.0,0.0,10.0,0.85,CORE,MAIN,1.2054024745888559,0.2557000924721724,0.6,0.174,-50697.435320686884,STRUCTURAL,-0.9260784853357323,-183670.51992601485,26400.0,0,0,0,0,0,0,0,inf,inf,NA,1,5,5,5,24,6,0,0,CONTINUE,0,A,1,1,0,KEEP_STRUCTURAL_IN_ON_CUT,2,3,0,0,"tail_cont_enabled=1 tail_active_dims=(1,) tail_delta=0.1 tail_start=(6, 6, 6) returned_y=(0, 2, 6) returned_b=(0, 0, 1) returned_u=(0, 0, 0) returned_zcap=(0, 2, 6) max_tail_u=0",NA
120,P1_no_rho,222,1501.9874987000367,5.907733500003815,5.888844200060703,0.19970819994341582,0.01,57695.38419252756,57695.38419252756,-66097.9143033604,-47528.91952897721,0.0,-21717.21736997035,-76435.64997007226,-76435.63422092926,-50697.435320686884,-21717.21736997035,28980.217950716535,28980.217950716535,-22021.486542428815,38252.5,nan,nan,1.5000000000000002,10.0,0.0,0.0,10.0,0.85,CORE,MAIN,1.2044571216622229,0.25114453971970047,0.6,0.174,-50697.435320686884,STRUCTURAL,-0.9483327482473991,-183670.51992601485,26400.0,0,0,0,0,0,0,0,inf,inf,NA,1,5,5,5,24,6,0,0,CONTINUE,0,A,1,1,0,KEEP_STRUCTURAL_IN_ON_CUT,2,3,0,0,"tail_cont_enabled=1 tail_active_dims=(1,) tail_delta=0.1 tail_start=(6, 6, 6) returned_y=(6, 0, 1) returned_b=(1, 0, 0) returned_u=(0, 0, 0) returned_zcap=(6, 0, 1) max_tail_u=0",NA
120,P1_no_rho,223,1507.2321723999921,5.907733500003815,5.244254500023089,0.21049999992828816,0.01,60374.974195335264,60374.974195335264,-66097.9143033604,-47126.98102855605,0.0,-21717.21736997035,-71543.22639781199,-71543.21235779347,-50697.435320686884,-21717.21736997035,28980.217950716535,28980.217950716535,-15978.649933530154,38182.5,nan,nan,1.5000000000000002,10.0,0.0,0.0,10.0,0.85,CORE,MAIN,1.2046179110135233,0.25088780439209335,0.6,0.174,-50697.435320686884,STRUCTURAL,-0.9701575752288495,-183670.51992601485,26400.0,0,0,0,0,0,0,0,inf,inf,NA,1,5,5,5,24,6,0,0,CONTINUE,0,A,1,1,0,KEEP_STRUCTURAL_IN_ON_CUT,2,3,0,0,"tail_cont_enabled=1 tail_active_dims=(1,) tail_delta=0.1 tail_start=(6, 6, 6) returned_y=(6, 0, 1) returned_b=(1, 0, 0) returned_u=(0, 0, 0) returned_zcap=(6, 0, 1) max_tail_u=0",NA
120,P1_no_rho,224,1511.8232956000138,5.907733500003815,4.590358900022693,0.19737339997664094,0.01,77399.07235486105,77399.07235486105,-66097.9143033604,-44573.36630462718,0.0,-21717.21736997035,-72552.24605973503,-72552.23113190295,-50697.435320686884,-21717.21736997035,28980.217950716535,28980.217950716535,-19856.380186203605,36472.5,nan,nan,1.5000000000000002,10.0,0.0,0.0,10.0,0.85,CORE,MAIN,1.2053638267753857,0.2554366013892334,0.6,0.174,-50697.435320686884,STRUCTURAL,-0.9632069997157551,-183670.51992601485,26400.0,0,0,0,0,0,0,0,inf,inf,NA,1,5,5,5,24,6,0,0,CONTINUE,0,A,1,1,0,KEEP_STRUCTURAL_IN_ON_CUT,2,3,0,0,"tail_cont_enabled=1 tail_active_dims=(1,) tail_delta=0.1 tail_start=(6, 6, 6) returned_y=(6, 0, 1) returned_b=(1, 0, 0) returned_u=(0, 0, 0) returned_zcap=(6, 0, 1) max_tail_u=0",NA
120,P1_no_rho,225,1523.6020730000455,5.907733500003815,11.778288200031966,0.22439560003113002,0.01,53236.40420289114,53236.40420289114,-66097.9143033604,-48197.766527422675,0.0,-21717.21736997035,-80920.11870930124,-80920.10272106752,-50697.435320686884,-21717.21736997035,28980.217950716535,28980.217950716535,-24003.114214340138,41175.5,nan,nan,1.5000000000000002,10.0,0.0,0.0,10.0,0.85,CORE,MAIN,1.2046160701649176,0.24351788861189783,0.6,0.174,-50697.435320686884,STRUCTURAL,-0.9215348691451207,-183670.51992601485,26400.0,0,0,0,0,0,0,0,inf,inf,NA,1,5,5,5,24,6,0,0,CONTINUE,0,A,1,1,0,KEEP_STRUCTURAL_IN_ON_CUT,2,3,0,0,"tail_cont_enabled=1 tail_active_dims=(1,) tail_delta=0.1 tail_start=(6, 6, 6) returned_y=(0, 6, 2) returned_b=(0, 1, 0) returned_u=(0, 0, 0) returned_zcap=(0, 6, 2) max_tail_u=0",NA
120,P1_no_rho,226,1529.3832255000016,5.907733500003815,5.780600200057961,0.2337925999891013,0.01,40771.372820905905,40771.372820905905,-66097.9143033604,-50067.52123472046,0.0,-21717.21736997035,-83417.09678082993,-83417.08020530148,-50697.435320686884,-21717.21736997035,28980.217950716535,28980.217950716535,-24978.878888910527,42223.0,nan,nan,1.5000000000000002,10.0,0.0,0.0,10.0,0.85,CORE,MAIN,1.203141342330739,0.232678562509527,0.6,0.174,-50697.435320686884,STRUCTURAL,-0.9226914448900826,-183670.51992601485,26400.0,0,0,0,0,0,0,0,inf,inf,NA,1,5,5,5,24,6,0,0,CONTINUE,0,A,1,1,0,KEEP_STRUCTURAL_IN_ON_CUT,2,3,0,0,"tail_cont_enabled=1 tail_active_dims=(1,) tail_delta=0.1 tail_start=(6, 6, 6) returned_y=(0, 6, 2) returned_b=(0, 1, 0) returned_u=(0, 0, 0) returned_zcap=(0, 6, 2) max_tail_u=0",NA
120,P1_no_rho,227,1535.3845319999382,5.907733500003815,6.00016689999029,0.20116310007870197,0.01,32029.047597110544,32029.047597110544,-66097.9143033604,-51378.87001828976,0.0,-21717.21736997035,-83712.2929908933,-83712.27637428016,-50697.435320686884,-21717.21736997035,28980.217950716535,28980.217950716535,-25908.059591948942,42313.5,nan,nan,1.5000000000000002,10.0,0.0,0.0,10.0,0.85,CORE,MAIN,1.2027621273003082,0.24603591844966255,0.6,0.174,-50697.435320686884,STRUCTURAL,-0.91072930675917,-183670.51992601485,26400.0,0,0,0,0,0,0,0,inf,inf,NA,1,5,5,5,24,6,0,0,CONTINUE,0,A,1,1,0,KEEP_STRUCTURAL_IN_ON_CUT,2,3,0,0,"tail_cont_enabled=1 tail_active_dims=(1,) tail_delta=0.1 tail_start=(6, 6, 6) returned_y=(0, 6, 2) returned_b=(0, 1, 0) returned_u=(0, 0, 0) returned_zcap=(0, 6, 2) max_tail_u=0",NA
120,P1_no_rho,228,1539.8122632999439,5.907733500003815,4.427183699910529,0.23800279991701245,0.01,75807.87064860896,75807.87064860896,-66097.9143033604,-44812.046560564995,0.0,-21717.21736997035,-71710.49603751002,-71710.48117648716,-50697.435320686884,-21717.21736997035,28980.217950716535,28980.217950716535,-19013.055957725053,37629.5,nan,nan,1.5000000000000002,10.0,0.0,0.0,10.0,0.85,CORE,MAIN,1.2043369527057244,0.2704146265715329,0.6,0.174,-50697.435320686884,STRUCTURAL,-0.9336190173270457,-183670.51992601485,26400.0,0,0,0,0,0,0,0,inf,inf,NA,1,5,5,5,24,6,0,0,CONTINUE,0,A,1,1,0,KEEP_STRUCTURAL_IN_ON_CUT,2,3,0,0,"tail_cont_enabled=1 tail_active_dims=(1,) tail_delta=0.1 tail_start=(6, 6, 6) returned_y=(0, 6, 2) returned_b=(0, 1, 0) returned_u=(0, 0, 0) returned_zcap=(0, 6, 2) max_tail_u=0",NA
120,P1_no_rho,229,1544.9585650999798,5.907733500003815,5.145854500005953,0.24516099994070828,0.01,61783.474181629696,61783.474181629696,-66097.9143033604,-46915.70603061189,0.0,-21717.21736997035,-74535.36424018964,-74535.34886229676,-50697.435320686884,-21717.21736997035,28980.217950716535,28980.217950716535,-20614.189681469503,38002.0,nan,nan,1.5000000000000002,10.0,0.0,0.0,10.0,0.85,CORE,MAIN,1.205650396148377,0.2664286207025264,0.6,0.174,-50697.435320686884,STRUCTURAL,-0.9459354627094579,-183670.51992601485,26400.0,0,0,0,0,0,0,0,inf,inf,NA,1,5,5,5,24,6,0,0,CONTINUE,0,A,1,1,0,KEEP_STRUCTURAL_IN_ON_CUT,2,3,0,0,"tail_cont_enabled=1 tail_active_dims=(1,) tail_delta=0.1 tail_start=(6, 6, 6) returned_y=(0, 6, 2) returned_b=(0, 1, 0) returned_u=(0, 0, 0) returned_zcap=(0, 6, 2) max_tail_u=0",NA
120,P1_no_rho,230,1556.0510086000431,5.907733500003815,11.091887400019914,0.2291335000190884,0.01,85984.88830028466,85984.88830028466,-66097.9143033604,-43285.49391281365,0.0,-21717.21736997035,-71871.67820721798,-71871.66368810153,-50697.435320686884,-21717.21736997035,28980.217950716535,28980.217950716535,-17187.28316863897,37659.5,nan,nan,1.5000000000000002,10.0,0.0,0.0,10.0,0.85,CORE,MAIN,1.2072468819419613,0.2637710647123114,0.6,0.174,-50697.435320686884,STRUCTURAL,-0.9680493283140166,-183670.51992601485,26400.0,0,0,0,0,0,0,0,inf,inf,NA,1,5,5,5,24,6,0,0,CONTINUE,0,A,1,1,0,KEEP_STRUCTURAL_IN_ON_CUT,2,3,0,0,"tail_cont_enabled=1 tail_active_dims=(1,) tail_delta=0.1 tail_start=(6, 6, 6) returned_y=(6, 0, 1) returned_b=(1, 0, 0) returned_u=(0, 0, 0) returned_zcap=(6, 0, 1) max_tail_u=0",NA
120,P1_no_rho,231,1561.3965302000288,5.907733500003815,5.345046300091781,0.21434639999642968,0.01,81411.4295893304,81411.4295893304,-66097.9143033604,-43971.51271945678,0.0,-21717.21736997035,-84020.46117492506,-84020.44507099813,-50697.435320686884,-21717.21736997035,28980.217950716535,28980.217950716535,-22652.60804816045,42051.5,nan,nan,1.5000000000000002,10.0,0.0,0.0,10.0,0.85,CORE,MAIN,1.2066474423363085,0.24572252198069955,0.6,0.174,-50697.435320686884,STRUCTURAL,-0.9728996908209804,-183670.51992601485,26400.0,0,0,0,0,0,0,0,inf,inf,NA,1,5,5,5,24,6,0,0,CONTINUE,0,A,1,1,0,KEEP_STRUCTURAL_IN_ON_CUT,2,3,0,0,"tail_cont_enabled=1 tail_active_dims=(1,) tail_delta=0.1 tail_start=(6, 6, 6) returned_y=(6, 0, 1) returned_b=(1, 0, 0) returned_u=(0, 0, 0) returned_zcap=(6, 0, 1) max_tail_u=0",NA
120,P1_no_rho,232,1567.0068425999489,5.907733500003815,5.6098368999082595,0.25906869990285486,0.01,55702.345781223696,55702.345781223696,-66097.9143033604,-47827.87529067279,0.0,-21717.21736997035,-71907.96850991559,-71907.95347401012,-50697.435320686884,-21717.21736997035,28980.217950716535,28980.217950716535,-20049.22763368517,36230.0,nan,nan,1.5000000000000002,10.0,0.0,0.0,10.0,0.85,CORE,MAIN,1.2079890884066289,0.2627241682372169,0.6,0.174,-50697.435320686884,STRUCTURAL,-0.9542501764711556,-183670.51992601485,26400.0,0,0,0,0,0,0,0,inf,inf,NA,1,5,5,5,24,6,0,0,CONTINUE,0,A,1,1,0,KEEP_STRUCTURAL_IN_ON_CUT,2,3,0,0,"tail_cont_enabled=1 tail_active_dims=(1,) tail_delta=0.1 tail_start=(6, 6, 6) returned_y=(6, 0, 1) returned_b=(1, 0, 0) returned_u=(0, 0, 0) returned_zcap=(6, 0, 1) max_tail_u=0",NA
120,P1_no_rho,233,1571.488738300046,5.907733500003815,4.4814263000153005,0.20384450000710785,0.01,45125.49935656355,45125.49935656355,-66097.9143033604,-49414.40225437181,0.0,-21717.21736997035,-80312.2579437587,-80312.2420463755,-50697.435320686884,-21717.21736997035,28980.217950716535,28980.217950716535,-23238.52739722172,41449.5,nan,nan,1.5000000000000002,10.0,0.0,0.0,10.0,0.85,CORE,MAIN,1.2082215074752547,0.24963455853682692,0.6,0.174,-50697.435320686884,STRUCTURAL,-0.9179638620353887,-183670.51992601485,26400.0,0,0,0,0,0,0,0,inf,inf,NA,1,5,5,5,24,6,0,0,CONTINUE,0,A,1,1,0,KEEP_STRUCTURAL_IN_ON_CUT,2,3,0,0,"tail_cont_enabled=1 tail_active_dims=(1,) tail_delta=0.1 tail_start=(6, 6, 6) returned_y=(0, 2, 6) returned_b=(0, 0, 1) returned_u=(0, 0, 0) returned_zcap=(0, 2, 6) max_tail_u=0",NA
120,P1_no_rho,234,1577.310583799961,5.907733500003815,5.821087199961767,0.21650189999490976,0.01,48274.246126662714,48274.246126662714,-66097.9143033604,-48942.09023885694,0.0,-21717.21736997035,-85902.91371563742,-85902.89734326371,-50697.435320686884,-21717.21736997035,28980.217950716535,28980.217950716535,-24894.867552148393,44441.5,nan,nan,1.5000000000000002,10.0,0.0,0.0,10.0,0.85,CORE,MAIN,1.206411653091401,0.24719045050790645,0.6,0.174,-50697.435320686884,STRUCTURAL,-0.9151810776131216,-183670.51992601485,26400.0,0,0,0,0,0,0,0,inf,inf,NA,1,5,5,5,24,6,0,0,CONTINUE,0,A,1,1,0,KEEP_STRUCTURAL_IN_ON_CUT,2,3,0,0,"tail_cont_enabled=1 tail_active_dims=(1,) tail_delta=0.1 tail_start=(6, 6, 6) returned_y=(0, 2, 6) returned_b=(0, 0, 1) returned_u=(0, 0, 0) returned_zcap=(0, 2, 6) max_tail_u=0",NA
120,P1_no_rho,235,1590.2074335999787,5.907733500003815,12.896368699963205,0.19468169996980578,0.01,75516.7468020858,75516.7468020858,-66097.9143033604,-44855.71513754347,0.0,-21717.21736997035,-74060.5361278106,-74060.52106971179,-50697.435320686884,-21717.21736997035,28980.217950716535,28980.217950716535,-19238.652793734407,38927.0,nan,nan,1.5000000000000002,10.0,0.0,0.0,10.0,0.85,CORE,MAIN,1.206394984396061,0.265548350627404,0.6,0.174,-50697.435320686884,STRUCTURAL,-0.9388833504761454,-183670.51992601485,26400.0,0,0,0,0,0,0,0,inf,inf,NA,1,5,5,5,24,6,0,0,CONTINUE,0,A,1,1,0,KEEP_STRUCTURAL_IN_ON_CUT,2,3,0,0,"tail_cont_enabled=1 tail_active_dims=(1,) tail_delta=0.1 tail_start=(6, 6, 6) returned_y=(0, 2, 6) returned_b=(0, 0, 1) returned_u=(0, 0, 0) returned_zcap=(0, 2, 6) max_tail_u=0",NA
120,P1_no_rho,236,1594.6748586000176,5.907733500003815,4.4669416000833735,0.21628470008727163,0.01,76612.7534765967,76612.7534765967,-66097.9143033604,-44691.31413636684,0.0,-21717.21736997035,-74865.87157092134,-74865.8562860912,-50697.435320686884,-21717.21736997035,28980.217950716535,28980.217950716535,-20846.12848101628,38113.5,nan,nan,1.5000000000000002,10.0,0.0,0.0,10.0,0.85,CORE,MAIN,1.2066995928089768,0.2607310320003151,0.6,0.174,-50697.435320686884,STRUCTURAL,-0.944892278852636,-183670.51992601485,26400.0,0,0,0,0,0,0,0,inf,inf,NA,1,5,5,5,24,6,0,0,CONTINUE,0,A,1,1,0,KEEP_STRUCTURAL_IN_ON_CUT,2,3,0,0,"tail_cont_enabled=1 tail_active_dims=(1,) tail_delta=0.1 tail_start=(6, 6, 6) returned_y=(0, 2, 6) returned_b=(0, 0, 1) returned_u=(0, 0, 0) returned_zcap=(0, 2, 6) max_tail_u=0",NA
120,P1_no_rho,237,1600.5141534999711,5.907733500003815,5.838834699941799,0.2170292999362573,0.01,66192.40191997029,66192.40191997029,-66097.9143033604,-46254.3668698608,0.0,-21717.21736997035,-74900.36484938172,-74900.35007909586,-50697.435320686884,-21717.21736997035,28980.217950716535,28980.217950716535,-18995.64430053145,40178.0,nan,nan,1.5000000000000002,10.0,0.0,0.0,10.0,0.85,CORE,MAIN,1.2076734685058368,0.25261014217835487,0.6,0.174,-50697.435320686884,STRUCTURAL,-0.9276171997704284,-183670.51992601485,26400.0,0,0,0,0,0,0,0,inf,inf,NA,1,5,5,5,24,6,0,0,CONTINUE,0,A,1,1,0,KEEP_STRUCTURAL_IN_ON_CUT,2,3,0,0,"tail_cont_enabled=1 tail_active_dims=(1,) tail_delta=0.1 tail_start=(6, 6, 6) returned_y=(6, 0, 1) returned_b=(1, 0, 0) returned_u=(0, 0, 0) returned_zcap=(6, 0, 1) max_tail_u=0",NA
120,P1_no_rho,238,1605.5029414000455,5.907733500003815,4.988410799996927,0.2460497000720352,0.01,50132.102638679644,50132.102638679644,-66097.9143033604,-48663.4117620544,0.0,-21717.21736997035,-79759.27227440303,-79759.25688189216,-50697.435320686884,-21717.21736997035,28980.217950716535,28980.217950716535,-22113.79443597798,41382.0,nan,nan,1.5000000000000002,10.0,0.0,0.0,10.0,0.85,CORE,MAIN,1.2088047624774312,0.25401661012322685,0.6,0.174,-50697.435320686884,STRUCTURAL,-0.9286720868318621,-183670.51992601485,26400.0,0,0,0,0,0,0,0,inf,inf,NA,1,5,5,5,24,6,0,0,CONTINUE,0,A,1,1,0,KEEP_STRUCTURAL_IN_ON_CUT,2,3,0,0,"tail_cont_enabled=1 tail_active_dims=(1,) tail_delta=0.1 tail_start=(6, 6, 6) returned_y=(6, 0, 1) returned_b=(1, 0, 0) returned_u=(0, 0, 0) returned_zcap=(6, 0, 1) max_tail_u=0",NA
120,P1_no_rho,239,1610.1442827000283,5.907733500003815,4.640974499983713,0.20519829995464534,0.01,74745.1703854238,74745.1703854238,-66097.9143033604,-44971.451600042776,0.0,-21717.21736997035,-74029.07444537291,-74029.0594282716,-50697.435320686884,-21717.21736997035,28980.217950716535,28980.217950716535,-19919.621353556446,37389.5,nan,nan,1.5000000000000002,10.0,0.0,0.0,10.0,0.85,CORE,MAIN,1.210456182687536,0.26376029554143177,0.6,0.174,-50697.435320686884,STRUCTURAL,-0.964788475814781,-183670.51992601485,26400.0,0,0,0,0,0,0,0,inf,inf,NA,1,5,5,5,24,6,0,0,CONTINUE,0,A,1,1,0,KEEP_STRUCTURAL_IN_ON_CUT,2,3,0,0,"tail_cont_enabled=1 tail_active_dims=(1,) tail_delta=0.1 tail_start=(6, 6, 6) returned_y=(6, 0, 1) returned_b=(1, 0, 0) returned_u=(0, 0, 0) returned_zcap=(6, 0, 1) max_tail_u=0",NA
120,P1_no_rho,240,1622.1631480000215,5.907733500003815,12.018267199979164,0.19849570002406836,0.01,56175.781878876725,56175.781878876725,-66097.9143033604,-47756.859876024835,0.0,-21717.21736997035,-79007.4427188572,-79007.4266081937,-50697.435320686884,-21717.21736997035,28980.217950716535,28980.217950716535,-23974.564981485153,38498.5,nan,nan,1.5000000000000002,10.0,0.0,0.0,10.0,0.85,CORE,MAIN,1.211396290560509,0.25455905396670997,0.6,0.174,-50697.435320686884,STRUCTURAL,-0.9529871142461573,-183670.51992601485,26400.0,0,0,0,0,0,0,0,inf,inf,NA,1,5,5,5,24,6,0,0,CONTINUE,0,A,1,1,0,KEEP_STRUCTURAL_IN_ON_CUT,2,3,0,0,"tail_cont_enabled=1 tail_active_dims=(1,) tail_delta=0.1 tail_start=(6, 6, 6) returned_y=(6, 0, 1) returned_b=(1, 0, 0) returned_u=(0, 0, 0) returned_zcap=(6, 0, 1) max_tail_u=0",NA
120,P1_no_rho,241,1627.3739407999674,5.907733500003815,5.210342500009574,0.2200444999616593,0.01,41559.428159980576,41559.428159980576,-66097.9143033604,-49949.312933859255,0.0,-21717.21736997035,-67235.248207125,-67235.23401401265,-50697.435320686884,-21717.21736997035,28980.217950716535,28980.217950716535,-17287.997781110036,36384.5,nan,nan,1.5000000000000002,10.0,0.0,0.0,10.0,0.85,CORE,MAIN,1.209061666356397,0.27767232100873174,0.6,0.174,-50697.435320686884,STRUCTURAL,-0.9151742497107763,-183670.51992601485,26400.0,0,0,0,0,0,0,0,inf,inf,NA,1,5,5,5,24,6,0,0,CONTINUE,0,A,1,1,0,KEEP_STRUCTURAL_IN_ON_CUT,2,3,0,0,"tail_cont_enabled=1 tail_active_dims=(1,) tail_delta=0.1 tail_start=(6, 6, 6) returned_y=(0, 5, 3) returned_b=(0, 0, 0) returned_u=(0, 0, 0) returned_zcap=(0, 5, 3) max_tail_u=0",NA
120,P1_no_rho,242,1633.4859269999433,5.907733500003815,6.11062980000861,0.223990400088951,0.01,60020.94137459254,60020.94137459254,-66097.9143033604,-47180.08595166746,0.0,-21717.21736997035,-82152.05527916929,-82152.0395177846,-50697.435320686884,-21717.21736997035,28980.217950716535,28980.217950716535,-22583.615399574548,42175.5,nan,nan,1.5000000000000002,10.0,0.0,0.0,10.0,0.85,CORE,MAIN,1.2055486758168978,0.2473384749634302,0.6,0.174,-50697.435320686884,STRUCTURAL,-0.9415960153518832,-183670.51992601485,26400.0,0,0,0,0,0,0,0,inf,inf,NA,1,5,5,5,24,6,0,0,CONTINUE,0,A,1,1,0,KEEP_STRUCTURAL_IN_ON_CUT,2,3,0,0,"tail_cont_enabled=1 tail_active_dims=(1,) tail_delta=0.1 tail_start=(6, 6, 6) returned_y=(0, 5, 3) returned_b=(0, 0, 0) returned_u=(0, 0, 0) returned_zcap=(0, 5, 3) max_tail_u=0",NA
120,P1_no_rho,243,1639.3147070000414,5.907733500003815,5.828354600002058,0.1943587000714615,0.01,62597.87977586741,62597.87977586741,-66097.9143033604,-46793.54519147623,0.0,-21717.21736997035,-77025.0294161537,-77025.01371433305,-50697.435320686884,-21717.21736997035,28980.217950716535,28980.217950716535,-21864.22816311989,39149.0,nan,nan,1.5000000000000002,10.0,0.0,0.0,10.0,0.85,CORE,MAIN,1.2031271320056507,0.2577306671218028,0.6,0.174,-50697.435320686884,STRUCTURAL,-0.9393306862025109,-183670.51992601485,26400.0,0,0,0,0,0,0,0,inf,inf,NA,1,5,5,5,24,6,0,0,CONTINUE,0,A,1,1,0,KEEP_STRUCTURAL_IN_ON_CUT,2,3,0,0,"tail_cont_enabled=1 tail_active_dims=(1,) tail_delta=0.1 tail_start=(6, 6, 6) returned_y=(0, 2, 6) returned_b=(0, 0, 1) returned_u=(0, 0, 0) returned_zcap=(0, 2, 6) max_tail_u=0",NA
120,P1_no_rho,244,1643.6118836000096,5.907733500003815,4.29670329997316,0.18956369999796152,0.01,77410.3670089413,77410.3670089413,-66097.9143033604,-44571.67210651515,0.0,-21717.21736997035,-76154.2469616419,-76154.23130543478,-50697.435320686884,-21717.21736997035,28980.217950716535,28980.217950716535,-20274.291013206224,38464.0,nan,nan,1.5000000000000004,10.000000000000002,0.0,0.0,10.0,0.85,CORE,MAIN,1.201868996056146,0.2609685224547006,0.6,0.174,-50697.435320686884,STRUCTURAL,-0.9685236462186033,-183670.51992601485,26400.0,0,0,0,0,0,0,0,inf,inf,NA,1,5,5,5,24,6,0,0,CONTINUE,0,A,1,1,0,KEEP_STRUCTURAL_IN_ON_CUT,2,3,0,0,"tail_cont_enabled=1 tail_active_dims=(1,) tail_delta=0.1 tail_start=(6, 6, 6) returned_y=(6, 1, 0) returned_b=(1, 0, 0) returned_u=(0, 0, 0) returned_zcap=(6, 1, 0) max_tail_u=0",NA
120,P1_no_rho,245,1655.8074025999522,5.907733500003815,12.19500910001807,0.193029300076887,0.01,54128.858616910744,54128.858616910744,-66097.9143033604,-48063.898365319736,0.0,-21717.21736997035,-77896.55212631574,-77896.53648762527,-50697.435320686884,-21717.21736997035,28980.217950716535,28980.217950716535,-21701.531437351787,39174.0,nan,nan,1.5000000000000002,10.0,0.0,0.0,10.0,0.85,CORE,MAIN,1.2005638356271904,0.2563150674208252,0.6,0.174,-50697.435320686884,STRUCTURAL,-0.9563316664160493,-183670.51992601485,26400.0,0,0,0,0,0,0,0,inf,inf,NA,1,5,5,5,24,6,0,0,CONTINUE,0,A,1,1,0,KEEP_STRUCTURAL_IN_ON_CUT,2,3,0,0,"tail_cont_enabled=1 tail_active_dims=(1,) tail_delta=0.1 tail_start=(6, 6, 6) returned_y=(6, 1, 0) returned_b=(1, 0, 0) returned_u=(0, 0, 0) returned_zcap=(6, 1, 0) max_tail_u=0",NA
120,P1_no_rho,246,1660.077839900041,5.907733500003815,4.269731400068849,0.16073740005958825,0.01,61626.120664823095,61626.120664823095,-66097.9143033604,-46939.30905813288,0.0,-21717.21736997035,-74444.12237735256,-74444.10723718828,-50697.435320686884,-21717.21736997035,28980.217950716535,28980.217950716535,-19860.54680770433,37854.0,nan,nan,1.5000000000000002,10.0,0.0,0.0,10.0,0.85,CORE,MAIN,1.2004302765509058,0.23437799210211707,0.6,0.174,-50697.435320686884,STRUCTURAL,-0.9612997381075349,-183670.51992601485,26400.0,0,0,0,0,0,0,0,inf,inf,NA,1,5,5,5,24,6,0,0,CONTINUE,0,A,1,1,0,KEEP_STRUCTURAL_IN_ON_CUT,2,3,0,0,"tail_cont_enabled=1 tail_active_dims=(1,) tail_delta=0.1 tail_start=(6, 6, 6) returned_y=(6, 1, 0) returned_b=(1, 0, 0) returned_u=(0, 0, 0) returned_zcap=(6, 1, 0) max_tail_u=0",NA
120,P1_no_rho,247,1664.9482990000397,5.907733500003815,4.869962300057523,0.16387819999363273,0.01,42712.446291465654,42712.446291465654,-66097.9143033604,-49776.3602141365,0.0,-21717.21736997035,-65626.17773089826,-65626.16352100848,-50697.435320686884,-21717.21736997035,28980.217950716535,28980.217950716535,-16769.304152079378,34019.0,nan,nan,1.5000000000000002,10.0,0.0,0.0,10.0,0.85,CORE,MAIN,1.2009851807238952,0.27400625985849214,0.6,0.174,-50697.435320686884,STRUCTURAL,-0.9574425932357228,-183670.51992601485,26400.0,0,0,0,0,0,0,0,inf,inf,NA,1,5,5,5,24,6,0,0,CONTINUE,0,A,1,1,0,KEEP_STRUCTURAL_IN_ON_CUT,2,3,0,0,"tail_cont_enabled=1 tail_active_dims=(1,) tail_delta=0.1 tail_start=(6, 6, 6) returned_y=(6, 1, 0) returned_b=(1, 0, 0) returned_u=(0, 0, 0) returned_zcap=(6, 1, 0) max_tail_u=0",NA
120,P1_no_rho,248,1669.299204000039,5.907733500003815,4.350353400106542,0.15019600000232458,0.01,80872.12661247392,80872.12661247392,-66097.9143033604,-44052.40816598525,0.0,-21717.21736997035,-74028.00110192172,-74027.98617654842,-50697.435320686884,-21717.21736997035,28980.217950716535,28980.217950716535,-19354.694237346146,39274.0,nan,nan,1.5000000000000002,10.0,0.0,0.0,10.0,0.85,CORE,MAIN,1.2013271720444627,0.2565532139082556,0.6,0.174,-50697.435320686884,STRUCTURAL,-0.9280659289301195,-183670.51992601485,26400.0,0,0,0,0,0,0,0,inf,inf,NA,1,5,5,5,24,6,0,0,CONTINUE,0,A,1,1,0,KEEP_STRUCTURAL_IN_ON_CUT,2,3,0,0,"tail_cont_enabled=1 tail_active_dims=(1,) tail_delta=0.1 tail_start=(6, 6, 6) returned_y=(0, 6, 2) returned_b=(0, 1, 0) returned_u=(0, 0, 0) returned_zcap=(0, 6, 2) max_tail_u=0",NA
120,P1_no_rho,249,1674.4550974000013,5.907733500003815,5.1552772000432014,0.1691163000650704,0.01,55972.487432009606,55972.487432009606,-66097.9143033604,-47787.354043054904,0.0,-21717.21736997035,-82347.06557788515,-82347.04958701243,-50697.435320686884,-21717.21736997035,28980.217950716535,28980.217950716535,-23391.987734927712,42683.0,nan,nan,1.5000000000000002,10.0,0.0,0.0,10.0,0.85,CORE,MAIN,1.1996446230768838,0.22852076230288143,0.6,0.174,-50697.435320686884,STRUCTURAL,-0.9208203399024548,-183670.51992601485,26400.0,0,0,0,0,0,0,0,inf,inf,NA,1,5,5,5,24,6,0,0,CONTINUE,0,A,1,1,0,KEEP_STRUCTURAL_IN_ON_CUT,2,3,0,0,"tail_cont_enabled=1 tail_active_dims=(1,) tail_delta=0.1 tail_start=(6, 6, 6) returned_y=(0, 2, 6) returned_b=(0, 0, 1) returned_u=(0, 0, 0) returned_zcap=(0, 2, 6) max_tail_u=0",NA
120,P1_no_rho,250,1685.9739060000284,5.907733500003815,11.518327800091356,0.15732200001366436,0.01,56722.88327515949,56722.88327515949,-66097.9143033604,-47674.79466658242,0.0,-21717.21736997035,-78362.19366947934,-78362.17780394031,-50697.435320686884,-21717.21736997035,28980.217950716535,28980.217950716535,-22876.243030363905,39927.0,nan,nan,1.5000000000000002,10.0,0.0,0.0,10.0,0.85,CORE,MAIN,1.1981456534909147,0.23639637005750902,0.6,0.174,-50697.435320686884,STRUCTURAL,-0.9264563624210249,-183670.51992601485,26400.0,0,0,0,0,0,0,0,inf,inf,NA,1,5,5,5,24,6,0,0,CONTINUE,0,A,1,1,0,KEEP_STRUCTURAL_IN_ON_CUT,2,3,0,0,"tail_cont_enabled=1 tail_active_dims=(1,) tail_delta=0.1 tail_start=(6, 6, 6) returned_y=(0, 2, 6) returned_b=(0, 0, 1) returned_u=(0, 0, 0) returned_zcap=(0, 2, 6) max_tail_u=0",NA
120,P1_no_rho,251,1690.0656092000427,5.907733500003815,4.090958300046623,0.1624440000159666,0.01,48064.4254414466,48064.4254414466,-66097.9143033604,-48973.563341639354,0.0,-21717.21736997035,-69437.03336787042,-69437.01869722514,-50697.435320686884,-21717.21736997035,28980.217950716535,28980.217950716535,-17792.567709811126,35928.0,nan,nan,1.5000000000000002,10.0,0.0,0.0,10.0,0.85,CORE,MAIN,1.1990608514874712,0.2491531904644021,0.6,0.174,-50697.435320686884,STRUCTURAL,-0.9582953126143767,-183670.51992601485,26400.0,0,0,0,0,0,0,0,inf,inf,NA,1,5,5,5,24,6,0,0,CONTINUE,0,A,1,1,0,KEEP_STRUCTURAL_IN_ON_CUT,2,3,0,0,"tail_cont_enabled=1 tail_active_dims=(1,) tail_delta=0.1 tail_start=(6, 6, 6) returned_y=(6, 0, 1) returned_b=(1, 0, 0) returned_u=(0, 0, 0) returned_zcap=(6, 0, 1) max_tail_u=0",NA
120,P1_no_rho,252,1694.7361584999599,5.907733500003815,4.67002700001467,0.16693820001091808,0.01,44421.584790299574,44421.584790299574,-66097.9143033604,-49519.98943931141,0.0,-21717.21736997035,-75380.10214713463,-75380.08662119583,-50697.435320686884,-21717.21736997035,28980.217950716535,28980.217950716535,-21554.035821883077,37675.5,nan,nan,1.5000000000000002,10.0,0.0,0.0,10.0,0.85,CORE,MAIN,1.1992453155804008,0.24548438601567624,0.6,0.174,-50697.435320686884,STRUCTURAL,-0.9524501032821994,-183670.51992601485,26400.0,0,0,0,0,0,0,0,inf,inf,NA,1,5,5,5,24,6,0,0,CONTINUE,0,A,1,1,0,KEEP_STRUCTURAL_IN_ON_CUT,2,3,0,0,"tail_cont_enabled=1 tail_active_dims=(1,) tail_delta=0.1 tail_start=(6, 6, 6) returned_y=(6, 0, 1) returned_b=(1, 0, 0) returned_u=(0, 0, 0) returned_zcap=(6, 0, 1) max_tail_u=0",NA
120,P1_no_rho,253,1699.1688419999555,5.907733500003815,4.432161299977452,0.1622501000529155,0.01,53954.589649879395,53954.589649879395,-66097.9143033604,-48090.038710374436,0.0,-21717.21736997035,-72133.34349882652,-72133.32836432496,-50697.435320686884,-21717.21736997035,28980.217950716535,28980.217950716535,-19743.051537846073,36678.5,nan,nan,1.5000000000000002,10.0,0.0,0.0,10.0,0.85,CORE,MAIN,1.202400173152958,0.2669974242690504,0.6,0.174,-50697.435320686884,STRUCTURAL,-0.9522431729119943,-183670.51992601485,26400.0,0,0,0,0,0,0,0,inf,inf,NA,1,5,5,5,24,6,0,0,CONTINUE,0,A,1,1,0,KEEP_STRUCTURAL_IN_ON_CUT,2,3,0,0,"tail_cont_enabled=1 tail_active_dims=(1,) tail_delta=0.1 tail_start=(6, 6, 6) returned_y=(6, 0, 1) returned_b=(1, 0, 0) returned_u=(0, 0, 0) returned_zcap=(6, 0, 1) max_tail_u=0",NA
120,P1_no_rho,254,1704.0001906999387,5.907733500003815,4.830916999955662,0.15635659999679774,0.01,83653.77450183616,83653.77450183616,-66097.9143033604,-43635.16098258092,0.0,-21717.21736997035,-69709.86220360515,-69709.84736321775,-50697.435320686884,-21717.21736997035,28980.217950716535,28980.217950716535,-18639.629586872208,36899.5,nan,nan,1.5000000000000002,10.0,0.0,0.0,10.0,0.85,CORE,MAIN,1.2053830199075146,0.26976280956227516,0.6,0.174,-50697.435320686884,STRUCTURAL,-0.9226903305165929,-183670.51992601485,26400.0,0,0,0,0,0,0,0,inf,inf,NA,1,5,5,5,24,6,0,0,CONTINUE,0,A,1,1,0,KEEP_STRUCTURAL_IN_ON_CUT,2,3,0,0,"tail_cont_enabled=1 tail_active_dims=(1,) tail_delta=0.1 tail_start=(6, 6, 6) returned_y=(0, 6, 2) returned_b=(0, 1, 0) returned_u=(0, 0, 0) returned_zcap=(0, 6, 2) max_tail_u=0",NA
120,P1_no_rho,255,1714.0142644000007,5.907733500003815,10.01346469996497,0.1615419000154361,0.01,67773.6289074982,67773.6289074982,-66097.9143033604,-46017.182821731614,0.0,-21717.21736997035,-74768.21272353064,-74768.19755476862,-50697.435320686884,-21717.21736997035,28980.217950716535,28980.217950716535,-19610.32196723682,39331.0,nan,nan,1.5000000000000002,10.0,0.0,0.0,10.0,0.85,CORE,MAIN,1.2072596480917395,0.2511838893666296,0.6,0.174,-50697.435320686884,STRUCTURAL,-0.9349347094748297,-183670.51992601485,26400.0,0,0,0,0,0,0,0,inf,inf,NA,1,5,5,5,24,6,0,0,CONTINUE,0,A,1,1,0,KEEP_STRUCTURAL_IN_ON_CUT,2,3,0,0,"tail_cont_enabled=1 tail_active_dims=(1,) tail_delta=0.1 tail_start=(6, 6, 6) returned_y=(0, 6, 2) returned_b=(0, 1, 0) returned_u=(0, 0, 0) returned_zcap=(0, 6, 2) max_tail_u=0",NA
120,P1_no_rho,256,1719.095120599959,5.907733500003815,5.08014989993535,0.15259890002198517,0.01,47241.457501304176,47241.457501304176,-66097.9143033604,-49097.008532660715,0.0,-21717.21736997035,-76027.61550143715,-76027.60015985715,-50697.435320686884,-21717.21736997035,28980.217950716535,28980.217950716535,-21258.84061197981,40224.0,nan,nan,1.5000000000000002,10.0,0.0,0.0,10.0,0.85,CORE,MAIN,1.2081281094983722,0.2424960872399483,0.6,0.174,-50697.435320686884,STRUCTURAL,-0.9077293746333418,-183670.51992601485,26400.0,0,0,0,0,0,0,0,inf,inf,NA,1,5,5,5,24,6,0,0,CONTINUE,0,A,1,1,0,KEEP_STRUCTURAL_IN_ON_CUT,2,3,0,0,"tail_cont_enabled=1 tail_active_dims=(1,) tail_delta=0.1 tail_start=(6, 6, 6) returned_y=(0, 6, 2) returned_b=(0, 1, 0) returned_u=(0, 0, 0) returned_zcap=(0, 6, 2) max_tail_u=0",NA
120,P1_no_rho,257,1723.632681600051,5.907733500003815,4.536875999998301,0.17534780001733452,0.01,45628.5020650604,45628.5020650604,-66097.9143033604,-49338.951848097284,0.0,-21717.21736997035,-74258.99588400718,-74258.98060221266,-50697.435320686884,-21717.21736997035,28980.217950716535,28980.217950716535,-20916.121995230827,38439.5,nan,nan,1.5000000000000002,10.0,0.0,0.0,10.0,0.85,CORE,MAIN,1.2086059447882134,0.255650814660197,0.6,0.174,-50697.435320686884,STRUCTURAL,-0.9251396542095469,-183670.51992601485,26400.0,0,0,0,0,0,0,0,inf,inf,NA,1,5,5,5,24,6,0,0,CONTINUE,0,A,1,1,0,KEEP_STRUCTURAL_IN_ON_CUT,2,3,0,0,"tail_cont_enabled=1 tail_active_dims=(1,) tail_delta=0.1 tail_start=(6, 6, 6) returned_y=(0, 5, 3) returned_b=(0, 0, 0) returned_u=(0, 0, 0) returned_zcap=(0, 5, 3) max_tail_u=0",NA
120,P1_no_rho,258,1728.1451490999898,5.907733500003815,4.511806400027126,0.16209819994401187,0.01,60784.34614520654,60784.34614520654,-66097.9143033604,-47065.57523607536,0.0,-21717.21736997035,-73403.86216246017,-73403.8469409958,-50697.435320686884,-21717.21736997035,28980.217950716535,28980.217950716535,-19220.14206297322,37513.0,nan,nan,1.5000000000000002,10.0,0.0,0.0,10.0,0.85,CORE,MAIN,1.2091593759311818,0.2490819974371341,0.6,0.174,-50697.435320686884,STRUCTURAL,-0.9629320480548534,-183670.51992601485,26400.0,0,0,0,0,0,0,0,inf,inf,NA,1,5,5,5,24,6,0,0,CONTINUE,0,A,1,1,0,KEEP_STRUCTURAL_IN_ON_CUT,2,3,0,0,"tail_cont_enabled=1 tail_active_dims=(1,) tail_delta=0.1 tail_start=(6, 6, 6) returned_y=(6, 0, 1) returned_b=(1, 0, 0) returned_u=(0, 0, 0) returned_zcap=(6, 0, 1) max_tail_u=0",NA
120,P1_no_rho,259,1732.501850700006,5.907733500003815,4.35622830002103,0.15812479995656759,0.01,49093.597228921215,49093.597228921215,-66097.9143033604,-48819.18757351816,0.0,-21717.21736997035,-84267.69329317773,-84267.67703121502,-50697.435320686884,-21717.21736997035,28980.217950716535,28980.217950716535,-23096.275367289658,42066.5,nan,nan,1.5000000000000002,10.0,0.0,0.0,10.0,0.85,CORE,MAIN,1.2072201872396402,0.22711557821312323,0.6,0.174,-50697.435320686884,STRUCTURAL,-0.9694396834207005,-183670.51992601485,26400.0,0,0,0,0,0,0,0,inf,inf,NA,1,5,5,5,24,6,0,0,CONTINUE,0,A,1,1,0,KEEP_STRUCTURAL_IN_ON_CUT,2,3,0,0,"tail_cont_enabled=1 tail_active_dims=(1,) tail_delta=0.1 tail_start=(6, 6, 6) returned_y=(6, 0, 1) returned_b=(1, 0, 0) returned_u=(0, 0, 0) returned_zcap=(6, 0, 1) max_tail_u=0",NA
120,P1_no_rho,260,1742.2921732999384,5.907733500003815,9.789724899921566,0.16077550000045449,0.01,67887.47751239588,67887.47751239588,-66097.9143033604,-46000.10553099696,0.0,-21717.21736997035,-80753.53653072816,-80753.52052255906,-50697.435320686884,-21717.21736997035,28980.217950716535,28980.217950716535,-21642.44174375334,40621.0,nan,nan,1.5000000000000002,10.0,0.0,0.0,10.0,0.85,CORE,MAIN,1.207703936829041,0.24851496747401725,0.6,0.174,-50697.435320686884,STRUCTURAL,-0.9701234792973377,-183670.51992601485,26400.0,0,0,0,0,0,0,0,inf,inf,NA,1,5,5,5,24,6,0,0,CONTINUE,0,A,1,1,0,KEEP_STRUCTURAL_IN_ON_CUT,2,3,0,0,"tail_cont_enabled=1 tail_active_dims=(1,) tail_delta=0.1 tail_start=(6, 6, 6) returned_y=(6, 0, 1) returned_b=(1, 0, 0) returned_u=(0, 0, 0) returned_zcap=(6, 0, 1) max_tail_u=0",NA
120,P1_no_rho,261,1746.6743635999737,5.907733500003815,4.38150240003597,0.17987120000179857,0.01,72234.98469675405,72234.98469675405,-66097.9143033604,-45347.979453343236,0.0,-21717.21736997035,-73948.11057092724,-73948.09512335129,-50697.435320686884,-21717.21736997035,28980.217950716535,28980.217950716535,-20551.797371789184,38905.0,nan,nan,1.5000000000000002,10.0,0.0,0.0,10.0,0.85,CORE,MAIN,1.208918549418234,0.2748043871918645,0.6,0.174,-50697.435320686884,STRUCTURAL,-0.9149860386679021,-183670.51992601485,26400.0,0,0,0,0,0,0,0,inf,inf,NA,1,5,5,5,24,6,0,0,CONTINUE,0,A,1,1,0,KEEP_STRUCTURAL_IN_ON_CUT,2,3,0,0,"tail_cont_enabled=1 tail_active_dims=(1,) tail_delta=0.1 tail_start=(6, 6, 6) returned_y=(0, 6, 2) returned_b=(0, 1, 0) returned_u=(0, 0, 0) returned_zcap=(0, 6, 2) max_tail_u=0",NA
120,P1_no_rho,262,1751.9091924999375,5.907733500003815,5.234141499968246,0.16211909998673946,0.01,68707.40425041651,68707.40425041651,-66097.9143033604,-45877.116520293865,0.0,-21717.21736997035,-72338.08841401199,-72338.07372329342,-50697.435320686884,-21717.21736997035,28980.217950716535,28980.217950716535,-17123.572043561413,38986.0,nan,nan,1.5000000000000002,10.0,0.0,0.0,10.0,0.85,CORE,MAIN,1.209883274209446,0.2660790065254728,0.6,0.174,-50697.435320686884,STRUCTURAL,-0.9441765707302108,-183670.51992601485,26400.0,0,0,0,0,0,0,0,inf,inf,NA,1,5,5,5,24,6,0,0,CONTINUE,0,A,1,1,0,KEEP_STRUCTURAL_IN_ON_CUT,2,3,0,0,"tail_cont_enabled=1 tail_active_dims=(1,) tail_delta=0.1 tail_start=(6, 6, 6) returned_y=(0, 2, 6) returned_b=(0, 0, 1) returned_u=(0, 0, 0) returned_zcap=(0, 2, 6) max_tail_u=0",NA
120,P1_no_rho,263,1756.0462300999789,5.907733500003815,4.1364357999991626,0.17042390001006424,0.01,55268.90325770261,55268.90325770261,-66097.9143033604,-47892.89166920095,0.0,-21717.21736997035,-75866.16628398835,-75866.15068846002,-50697.435320686884,-21717.21736997035,28980.217950716535,28980.217950716535,-20933.25191774041,39562.0,nan,nan,1.5000000000000002,10.0,0.0,0.0,10.0,0.85,CORE,MAIN,1.210273275002221,0.25832189535319183,0.6,0.174,-50697.435320686884,STRUCTURAL,-0.9256845587637901,-183670.51992601485,26400.0,0,0,0,0,0,0,0,inf,inf,NA,1,5,5,5,24,6,0,0,CONTINUE,0,A,1,1,0,KEEP_STRUCTURAL_IN_ON_CUT,2,3,0,0,"tail_cont_enabled=1 tail_active_dims=(1,) tail_delta=0.1 tail_start=(6, 6, 6) returned_y=(0, 2, 6) returned_b=(0, 0, 1) returned_u=(0, 0, 0) returned_zcap=(0, 2, 6) max_tail_u=0",NA
120,P1_no_rho,264,1761.2888884999556,5.907733500003815,5.241841199924238,0.1538393999217078,0.01,63186.72804379527,63186.72804379527,-66097.9143033604,-46705.21795128705,0.0,-21717.21736997035,-75034.45511534382,-75034.43974591038,-50697.435320686884,-21717.21736997035,28980.217950716535,28980.217950716535,-20392.50621351436,38914.0,nan,nan,1.5000000000000002,10.0,0.0,0.0,10.0,0.85,CORE,MAIN,1.2105303464423516,0.23760229781005476,0.6,0.174,-50697.435320686884,STRUCTURAL,-0.9361143981154345,-183670.51992601485,26400.0,0,0,0,0,0,0,0,inf,inf,NA,1,5,5,5,24,6,0,0,CONTINUE,0,A,1,1,0,KEEP_STRUCTURAL_IN_ON_CUT,2,3,0,0,"tail_cont_enabled=1 tail_active_dims=(1,) tail_delta=0.1 tail_start=(6, 6, 6) returned_y=(0, 2, 6) returned_b=(0, 0, 1) returned_u=(0, 0, 0) returned_zcap=(0, 2, 6) max_tail_u=0",NA
120,P1_no_rho,265,1771.7513418999733,5.907733500003815,10.461956099956296,0.1583719999762252,0.01,70157.07446416176,70157.07446416176,-66097.9143033604,-45659.66598823208,0.0,-21717.21736997035,-76146.00313800333,-76145.98796629219,-50697.435320686884,-21717.21736997035,28980.217950716535,28980.217950716535,-19122.887779180626,39282.0,nan,nan,1.5000000000000002,10.0,0.0,0.0,10.0,0.85,CORE,MAIN,1.21100482675956,0.24725447768734565,0.6,0.174,-50697.435320686884,STRUCTURAL,-0.9677562274003626,-183670.51992601485,26400.0,0,0,0,0,0,0,0,inf,inf,NA,1,5,5,5,24,6,0,0,CONTINUE,0,A,1,1,0,KEEP_STRUCTURAL_IN_ON_CUT,2,3,0,0,"tail_cont_enabled=1 tail_active_dims=(1,) tail_delta=0.1 tail_start=(6, 6, 6) returned_y=(6, 0, 1) returned_b=(1, 0, 0) returned_u=(0, 0, 0) returned_zcap=(6, 0, 1) max_tail_u=0",NA
120,P1_no_rho,266,1775.949232300045,5.907733500003815,4.197431800072081,0.1593580999178812,0.01,52419.3273807017,52419.3273807017,-66097.9143033604,-48320.328050751086,0.0,-21717.21736997035,-80616.58405626247,-80616.5684265008,-50697.435320686884,-21717.21736997035,28980.217950716535,28980.217950716535,-21541.5651384066,40321.0,nan,nan,1.5000000000000002,10.0,0.0,0.0,10.0,0.85,CORE,MAIN,1.2105364385358355,0.2415093097714187,0.6,0.174,-50697.435320686884,STRUCTURAL,-0.9767450094341941,-183670.51992601485,26400.0,0,0,0,0,0,0,0,inf,inf,NA,1,5,5,5,24,6,0,0,CONTINUE,0,A,1,1,0,KEEP_STRUCTURAL_IN_ON_CUT,2,3,0,0,"tail_cont_enabled=1 tail_active_dims=(1,) tail_delta=0.1 tail_start=(6, 6, 6) returned_y=(6, 0, 1) returned_b=(1, 0, 0) returned_u=(0, 0, 0) returned_zcap=(6, 0, 1) max_tail_u=0",NA
120,P1_no_rho,267,1780.2335477999877,5.907733500003815,4.283734299940988,0.15900290000718087,0.01,57918.390205090625,57918.390205090625,-66097.9143033604,-47495.46862709275,0.0,-21717.21736997035,-80694.66790455912,-80694.65214002453,-50697.435320686884,-21717.21736997035,28980.217950716535,28980.217950716535,-22234.09478127054,41494.0,nan,nan,1.5000000000000002,10.0,0.0,0.0,10.0,0.85,CORE,MAIN,1.2093827223781548,0.24150405105556128,0.6,0.174,-50697.435320686884,STRUCTURAL,-0.9392612162200795,-183670.51992601485,26400.0,0,0,0,0,0,0,0,inf,inf,NA,1,5,5,5,24,6,0,0,CONTINUE,0,A,1,1,0,KEEP_STRUCTURAL_IN_ON_CUT,2,3,0,0,"tail_cont_enabled=1 tail_active_dims=(1,) tail_delta=0.1 tail_start=(6, 6, 6) returned_y=(6, 0, 1) returned_b=(1, 0, 0) returned_u=(0, 0, 0) returned_zcap=(6, 0, 1) max_tail_u=0",NA
120,P1_no_rho,268,1784.7412270000204,5.907733500003815,4.50713809998706,0.16237070003990084,0.01,59050.40587851068,59050.40587851068,-66097.9143033604,-47325.66627607974,0.0,-21717.21736997035,-73427.63341863242,-73427.61809525536,-50697.435320686884,-21717.21736997035,28980.217950716535,28980.217950716535,-19532.187045425693,38463.0,nan,nan,1.5000000000000004,10.000000000000002,0.0,0.0,10.0,0.85,CORE,MAIN,1.2102209222528455,0.25422972747660877,0.6,0.174,-50697.435320686884,STRUCTURAL,-0.9341519737553778,-183670.51992601485,26400.0,0,0,0,0,0,0,0,inf,inf,NA,1,5,5,5,24,6,0,0,CONTINUE,0,A,1,1,0,KEEP_STRUCTURAL_IN_ON_CUT,2,3,0,0,"tail_cont_enabled=1 tail_active_dims=(1,) tail_delta=0.1 tail_start=(6, 6, 6) returned_y=(0, 5, 3) returned_b=(0, 0, 0) returned_u=(0, 0, 0) returned_zcap=(0, 5, 3) max_tail_u=0",NA
120,P1_no_rho,269,1789.9075301999692,5.907733500003815,5.16573469992727,0.16449600004125386,0.01,74321.56828284884,74321.56828284884,-66097.9143033604,-45034.99191542902,0.0,-21717.21736997035,-75353.40952943078,-75353.39416131828,-50697.435320686884,-21717.21736997035,28980.217950716535,28980.217950716535,-18790.581708320522,39559.0,nan,nan,1.5000000000000002,10.0,0.0,0.0,10.0,0.85,CORE,MAIN,1.210958118700268,0.25467437839577767,0.6,0.174,-50697.435320686884,STRUCTURAL,-0.9532228225013735,-183670.51992601485,26400.0,0,0,0,0,0,0,0,inf,inf,NA,1,5,5,5,24,6,0,0,CONTINUE,0,A,1,1,0,KEEP_STRUCTURAL_IN_ON_CUT,2,3,0,0,"tail_cont_enabled=1 tail_active_dims=(1,) tail_delta=0.1 tail_start=(6, 6, 6) returned_y=(0, 5, 3) returned_b=(0, 0, 0) returned_u=(0, 0, 0) returned_zcap=(0, 5, 3) max_tail_u=0",NA
120,P1_no_rho,270,1800.7312421000097,5.907733500003815,10.823137199971825,0.16068359999917448,0.01,59407.96223984264,59407.96223984264,-66097.9143033604,-47272.03282187995,0.0,-21717.21736997035,-76852.02127039342,-76852.00570690277,-50697.435320686884,-21717.21736997035,28980.217950716535,28980.217950716535,-20752.188823689354,40046.5,nan,nan,1.5000000000000002,10.0,0.0,0.0,10.0,0.85,CORE,MAIN,1.2112215131295867,0.24874652404769226,0.6,0.174,-50697.435320686884,STRUCTURAL,-0.93391127619498,-183670.51992601485,26400.0,0,0,0,0,0,0,0,inf,inf,NA,1,5,5,5,24,6,0,0,CONTINUE,0,A,1,1,0,KEEP_STRUCTURAL_IN_ON_CUT,2,3,0,0,"tail_cont_enabled=1 tail_active_dims=(1,) tail_delta=0.1 tail_start=(6, 6, 6) returned_y=(0, 5, 3) returned_b=(0, 0, 0) returned_u=(0, 0, 0) returned_zcap=(0, 5, 3) max_tail_u=0",NA
