S,algo,t,wall_time_sec,init_time_sec,outer_iter_time_sec,inner_time_sec,eps_in_t,eta_t_star,eta_out,eta_in,eta_sep,eta_cap,eta_bracket,inner_lb,inner_ub,global_lb,global_ub,outer_gap,objective_cert_gap,best_ub_primal_obj,best_ub_primal_residual,returned_primal_obj,returned_primal_residual,lambda_inf,lambda_out_inf,lambda_in_inf,rho,theta,alpha_eff,phase_label,phase_reason,center_inf,center_step,anchor_mix,directional_beta,dual_inc_eta,sep_anchor_reason,alpha_signal,best_feas_eta,best_feas_residual,close_signal_streak,close_lock_counter,close_bc_count,close_case_c_count,close_reset_count,close_feas_lock_count,close_shadow_active,close_repaired_gap,close_repaired_residual,close_repaired_tag,inner_rnc_iters,inner_eval_calls,num_rnc_samples,num_rnc_kept_cuts,num_master_cuts,cut_added,outer_gap_certified,final_solution_found,stop_reason,sep_ok,case_label,sep_cut,out_cut,mispricing_streak,in_update_reason,add_geo,add_sup,add_rep,cap_promoted,z_best_ub,returned_z
120,P1_no_rho,1,15.891116800019518,5.799596800003201,10.091335400007665,4.37137479998637,0.01,0.0,0.0,-76211.09587392512,0.0,0.0,-27538.137088475607,-76211.09587392512,-76211.0841651448,-76211.09587392512,-27538.137088475607,48672.95878544952,48672.958785449504,-76211.08416514476,75720.0,nan,nan,0.0,0.0,0.0,0.0,10.0,0.0,HEADING_IN,WARMUP,0.0,0.0,0.8,0.0,-76211.09587392512,BOOT_NONE,0.0,-76211.09587392512,75720.0,0,0,0,0,0,0,0,inf,inf,NA,1,2,2,2,2,5,0,0,CONTINUE,0,A,1,1,0,BOOT_VALID_FROM_CUT,2,2,0,0,"tail_cont_enabled=1 tail_active_dims=(1,) tail_delta=0.1 tail_start=(6, 6, 6) returned_y=(0, 0, 0) returned_b=(0, 0, 0) returned_u=(0, 0, 0) returned_zcap=(0, 0, 0) max_tail_u=0",NA
120,P1_no_rho,2,21.77169939992018,5.799596800003201,5.880141399917193,1.5094965000171214,0.01,453076.91583485523,453076.91583485523,-76211.09587392512,294290.51232222107,0.0,-27538.137088475607,-196092.70121688116,-196092.62265335768,-76211.09587392512,-27538.137088475607,48672.95878544952,48672.958785449504,1307.377346642317,28200.0,nan,nan,7.0,10.0,0.0,0.0,10.0,0.3,HEADING_IN,WARMUP,0.27745739775781736,0.27745739775781736,0.8,0.0,-76211.09587392512,STRUCTURAL,-1.0,-196092.70121688116,28200.0,0,0,0,0,0,0,0,inf,inf,NA,2,3,3,3,4,7,0,0,CONTINUE,0,A,1,1,0,KEEP_STRUCTURAL_IN_ON_CUT,2,3,1,0,"tail_cont_enabled=1 tail_active_dims=(1,) tail_delta=0.1 tail_start=(6, 6, 6) returned_y=(2, 0, 6) returned_b=(0, 0, 1) returned_u=(0, 0, 0) returned_zcap=(2, 0, 6) max_tail_u=0",NA
120,P1_no_rho,3,26.65533699991647,5.799596800003201,4.883129599969834,0.15411360003054142,0.01,49219.377346642315,49219.377346642315,-76211.09587392512,11590.23538047208,0.0,-27538.137088475607,-424543.6389891604,-424543.56286213483,-76211.09587392512,-27538.137088475607,48672.95878544952,48672.958785449504,-26384.825074276152,57757.0,nan,nan,7.0,10.0,0.0,0.0,10.0,0.3,HEADING_IN,WARMUP,0.4942919049637794,0.22721548045867904,0.8,0.0,-76211.09587392512,STRUCTURAL,-0.9848125713589664,-196092.70121688116,28200.0,0,0,0,0,0,0,0,inf,inf,NA,2,4,4,4,8,7,0,0,CONTINUE,0,A,1,1,0,KEEP_STRUCTURAL_IN_ON_CUT,2,3,1,0,"tail_cont_enabled=1 tail_active_dims=(1,) tail_delta=0.1 tail_start=(6, 6, 6) returned_y=(1, 6, 0) returned_b=(0, 1, 0) returned_u=(0, 0.1, 0) returned_zcap=(1, 6.1, 0) max_tail_u=0.1",NA
120,P1_no_rho,4,29.395521399914287,5.799596800003201,2.739712299895473,0.1711109000025317,0.01,-13861.846083727776,-13861.846083727776,-76211.09587392512,-32566.621020786977,0.0,-27538.137088475607,-152375.66584715393,-152375.6363456976,-76211.09587392512,-27538.137088475607,48672.95878544952,48672.958785449504,-63260.25329555899,53114.5,nan,nan,7.0,10.0,0.0,0.0,10.0,0.3,HEADING_IN,WARMUP,1.0188217933237054,0.5465903824083824,0.8,0.0,-76211.09587392512,STRUCTURAL,-0.23968537795070402,-196092.70121688116,28200.0,0,0,0,0,0,0,0,inf,inf,NA,2,5,5,5,12,7,0,0,CONTINUE,0,A,1,1,0,KEEP_STRUCTURAL_IN_ON_CUT,2,3,1,0,"tail_cont_enabled=1 tail_active_dims=(1,) tail_delta=0.1 tail_start=(6, 6, 6) returned_y=(0, 6, 1) returned_b=(0, 1, 0) returned_u=(0, 0.1, 0) returned_zcap=(0, 6.1, 1) max_tail_u=0.1",NA
120,P1_no_rho,5,45.24245139991399,5.799596800003201,15.84650529990904,0.16109399998094887,0.01,-14417.613348270947,-14417.613348270947,-76211.09587392512,-32955.658105967195,0.0,-27538.137088475607,-222223.78895968903,-222223.73925078262,-76211.09587392512,-27538.137088475607,48672.95878544952,48672.958785449504,-50743.84157290877,51554.5,nan,nan,7.0,10.0,0.0,0.0,10.0,0.3,HEADING_IN,WARMUP,1.227459652848296,0.53392031477782,0.8,0.0,-76211.09587392512,STRUCTURAL,-0.4751695436808866,-196092.70121688116,28200.0,0,0,0,0,0,0,0,inf,inf,NA,1,5,5,5,16,6,0,0,CONTINUE,0,A,1,1,0,KEEP_STRUCTURAL_IN_ON_CUT,2,3,0,0,"tail_cont_enabled=1 tail_active_dims=(1,) tail_delta=0.1 tail_start=(6, 6, 6) returned_y=(0, 6, 1) returned_b=(0, 1, 0) returned_u=(0, 0.1, 0) returned_zcap=(0, 6.1, 1) max_tail_u=0.1",NA
120,P1_no_rho,6,49.92991299997084,5.799596800003201,4.6867989000165835,0.17352569999638945,0.01,-14793.673190903333,-14793.673190903333,-76211.09587392512,-33218.899995809865,0.0,-27538.137088475607,-269485.96106473624,-269485.89715347625,-76211.09587392512,-27538.137088475607,48672.95878544952,48672.958785449504,-45615.11484186299,46145.0,nan,nan,7.0,10.0,0.0,0.0,10.0,0.3,HEADING_IN,WARMUP,1.5881111288929328,0.44587777080328284,0.8,0.0,-76211.09587392512,STRUCTURAL,-0.6930662115121999,-196092.70121688116,28200.0,0,0,0,0,0,0,0,inf,inf,NA,1,5,5,5,19,6,0,0,CONTINUE,0,A,1,1,0,KEEP_STRUCTURAL_IN_ON_CUT,2,3,0,0,"tail_cont_enabled=1 tail_active_dims=(1,) tail_delta=0.1 tail_start=(6, 6, 6) returned_y=(0, 6, 1) returned_b=(0, 1, 0) returned_u=(0, 0.1, 0) returned_zcap=(0, 6.1, 1) max_tail_u=0.1",NA
120,P1_no_rho,7,55.594030499923974,5.799596800003201,5.6636556999292225,0.23279529996216297,0.01,-16323.732527714958,-16323.732527714958,-76211.09587392512,-34289.941531578006,0.0,-27538.137088475607,-251398.60451627529,-251398.54280435367,-76211.09587392512,-27538.137088475607,48672.95878544952,48672.958785449504,-44196.42165333517,42771.5,nan,nan,7.0,10.0,0.0,0.0,10.0,0.3,HEADING_IN,WARMUP,1.9589832091439399,0.735189414158433,0.8,0.0,-76211.09587392512,STRUCTURAL,-0.6920566971365064,-196092.70121688116,28200.0,0,0,0,0,0,0,0,inf,inf,NA,1,5,5,5,21,6,0,0,CONTINUE,0,A,1,1,0,KEEP_STRUCTURAL_IN_ON_CUT,2,3,0,0,"tail_cont_enabled=1 tail_active_dims=(1,) tail_delta=0.1 tail_start=(6, 6, 6) returned_y=(0, 6, 1) returned_b=(0, 1, 0) returned_u=(0, 0.1, 0) returned_zcap=(0, 6.1, 1) max_tail_u=0.1",NA
120,P1_no_rho,8,61.24096800002735,5.799596800003201,5.646272199926898,0.16410159994848073,0.01,-7193.545086904361,-7193.545086904361,-76211.09587392512,-27898.810323010584,0.0,-27538.137088475607,-372629.7031616414,-372629.63226262457,-76211.09587392512,-27538.137088475607,48672.95878544952,48672.958785449504,-55346.77493452641,54251.5,nan,nan,7.0,10.0,0.0,0.0,10.0,0.3,HEADING_IN,WARMUP,2.2317385291124774,0.6064271563617019,0.8,0.0,-76211.09587392512,STRUCTURAL,-0.835481460889424,-196092.70121688116,28200.0,0,0,0,0,0,0,0,inf,inf,NA,1,5,5,5,21,6,0,0,CONTINUE,0,A,1,1,0,KEEP_STRUCTURAL_IN_ON_CUT,2,3,0,0,"tail_cont_enabled=1 tail_active_dims=(1,) tail_delta=0.1 tail_start=(6, 6, 6) returned_y=(2, 0, 6) returned_b=(0, 0, 1) returned_u=(0, 0, 0) returned_zcap=(2, 0, 6) max_tail_u=0",NA
120,P1_no_rho,9,66.48811389994808,5.799596800003201,5.246627999935299,0.16896109993103892,0.01,200817.90690124492,200817.90690124492,-76211.09587392512,-34656.74545764961,0.0,-27538.137088475607,-55304.396595405175,-55304.38721866621,-55304.396595405175,-27538.137088475607,27766.259506929568,27766.25950692956,-18684.867522454457,34292.5,nan,nan,1.5000000000000002,10.0,0.0,0.0,10.0,0.85,CORE,FORCE_CORE,1.8694360079053778,1.0365191469222976,0.6,0.174,-55304.396595405175,STRUCTURAL,-0.7119053183876308,-196092.70121688116,28200.0,0,0,0,0,0,0,0,inf,inf,NA,1,5,5,5,21,6,0,0,CONTINUE,0,A,1,1,0,KEEP_STRUCTURAL_IN_ON_CUT,2,3,0,0,"tail_cont_enabled=1 tail_active_dims=(1,) tail_delta=0.1 tail_start=(6, 6, 6) returned_y=(2, 0, 6) returned_b=(0, 0, 1) returned_u=(0, 0, 0) returned_zcap=(2, 0, 6) max_tail_u=0",NA
120,P1_no_rho,10,83.1274539999431,5.799596800003201,16.63892279996071,0.21275349997449666,0.01,50153.84096142218,50153.84096142218,-76211.09587392512,-57256.35534862302,0.0,-27538.137088475607,-87312.86113509479,-87312.84613225146,-55304.396595405175,-27538.137088475607,27766.259506929568,27766.25950692956,-41893.853700144784,40448.5,nan,nan,1.5000000000000002,10.0,0.0,0.0,10.0,0.85,CORE,FORCE_CORE,1.5713270022851995,0.7194552989136203,0.6,0.12,-55304.396595405175,STRUCTURAL,-0.7485896457982653,-196092.70121688116,28200.0,0,0,0,0,0,0,0,inf,inf,NA,2,6,6,6,21,7,0,0,CONTINUE,0,A,1,1,0,KEEP_STRUCTURAL_IN_ON_CUT,2,3,1,0,"tail_cont_enabled=1 tail_active_dims=(1,) tail_delta=0.1 tail_start=(6, 6, 6) returned_y=(6, 1, 0) returned_b=(1, 0, 0) returned_u=(0, 0, 0) returned_zcap=(6, 1, 0) max_tail_u=0",NA
120,P1_no_rho,11,86.56364479998592,5.799596800003201,3.4357066999655217,0.19571340002585202,0.01,51821.98496129366,51821.98496129366,-76211.09587392512,-57006.1337486423,0.0,-27538.137088475607,-87017.2676309193,-87017.2544011252,-55304.396595405175,-27538.137088475607,27766.259506929568,27766.25950692956,-37009.79165600838,44525.5,nan,nan,1.5000000000000002,10.0,0.0,0.0,10.0,0.85,CORE,FORCE_CORE,1.4179682598342043,0.4854356937125348,0.6,0.13799999999999998,-55304.396595405175,STRUCTURAL,-0.7487464149025733,-196092.70121688116,28200.0,0,0,0,0,0,0,0,inf,inf,NA,2,6,6,6,22,6,0,0,CONTINUE,0,A,1,1,0,KEEP_STRUCTURAL_IN_ON_CUT,2,3,0,0,"tail_cont_enabled=1 tail_active_dims=(1,) tail_delta=0.1 tail_start=(6, 6, 6) returned_y=(0, 6, 1) returned_b=(0, 1, 0) returned_u=(0, 0.1, 0) returned_zcap=(0, 6.1, 1) max_tail_u=0.1",NA
120,P1_no_rho,12,89.39962869998999,5.799596800003201,2.8353797000600025,0.16193800000473857,0.01,27633.697668129822,27633.697668129822,-76211.09587392512,-60634.37684261688,0.0,-27538.137088475607,-79489.22105283022,-79489.20908965137,-55304.396595405175,-27538.137088475607,27766.259506929568,27766.25950692956,-30819.966266198146,40470.5,nan,nan,1.5000000000000002,10.0,0.0,0.0,10.0,0.85,CORE,FORCE_CORE,1.3220505258548039,0.33928916228145745,0.6,0.156,-55304.396595405175,STRUCTURAL,-0.8017237711988279,-196092.70121688116,28200.0,0,0,0,0,0,0,0,inf,inf,NA,1,5,5,5,22,6,0,0,CONTINUE,0,A,1,1,0,KEEP_STRUCTURAL_IN_ON_CUT,2,3,0,0,"tail_cont_enabled=1 tail_active_dims=(1,) tail_delta=0.1 tail_start=(6, 6, 6) returned_y=(0, 6, 1) returned_b=(0, 1, 0) returned_u=(0, 0.1, 0) returned_zcap=(0, 6.1, 1) max_tail_u=0.1",NA
120,P1_no_rho,13,92.43883869994897,5.799596800003201,3.0387397999875247,0.16135899990331382,0.01,33047.355289000654,33047.355289000654,-76211.09587392512,-59822.328199486255,0.0,-27538.137088475607,-89698.20872780294,-89698.19338651536,-55304.396595405175,-27538.137088475607,27766.259506929568,27766.25950692956,-41827.33546273603,40156.5,nan,nan,1.5000000000000002,10.0,0.0,0.0,10.0,0.85,CORE,FORCE_CORE,1.2588810776963477,0.25824514263635556,0.6,0.174,-55304.396595405175,STRUCTURAL,-0.7947382187820041,-196092.70121688116,28200.0,0,0,0,0,0,0,0,inf,inf,NA,1,5,5,5,22,6,0,0,CONTINUE,0,A,1,1,0,KEEP_STRUCTURAL_IN_ON_CUT,2,3,0,0,"tail_cont_enabled=1 tail_active_dims=(1,) tail_delta=0.1 tail_start=(6, 6, 6) returned_y=(0, 6, 1) returned_b=(0, 1, 0) returned_u=(0, 0.1, 0) returned_zcap=(0, 6.1, 1) max_tail_u=0.1",NA
120,P1_no_rho,14,96.62576049997006,5.799596800003201,4.186386200017296,0.1583777000196278,0.01,31490.646392636427,31490.646392636427,-76211.09587392512,-60055.834533940884,0.0,-27538.137088475607,-89943.34638523497,-89943.33070305327,-55304.396595405175,-27538.137088475607,27766.259506929568,27766.25950692956,-41507.74398868743,40009.0,nan,nan,1.5000000000000002,10.0,0.0,0.0,10.0,0.85,CORE,FORCE_CORE,1.2200669798968118,0.24273341512663782,0.6,0.174,-55304.396595405175,STRUCTURAL,-0.8070781859809182,-196092.70121688116,28200.0,0,0,0,0,0,0,0,inf,inf,NA,1,5,5,5,22,6,0,0,CONTINUE,0,A,1,1,0,KEEP_STRUCTURAL_IN_ON_CUT,2,3,0,0,"tail_cont_enabled=1 tail_active_dims=(1,) tail_delta=0.1 tail_start=(6, 6, 6) returned_y=(0, 6, 1) returned_b=(0, 1, 0) returned_u=(0, 0.1, 0) returned_zcap=(0, 6.1, 1) max_tail_u=0.1",NA
120,P1_no_rho,15,104.30618429998867,5.799596800003201,7.679864500067197,0.17555450007785112,0.01,12873.484555632807,12873.484555632807,-76211.09587392512,-62848.40880949143,0.0,-27538.137088475607,-79677.94973623159,-79677.93567753899,-55304.396595405175,-27538.137088475607,27766.259506929568,27766.25950692956,-35917.95179236615,37733.5,nan,nan,1.5000000000000002,10.0,0.0,0.0,10.0,0.85,CORE,MAIN,1.2161680827998098,0.2739855884267721,0.6,0.174,-55304.396595405175,STRUCTURAL,-0.7731411766763016,-196092.70121688116,28200.0,0,0,0,0,0,0,0,inf,inf,NA,1,5,5,5,22,6,0,0,CONTINUE,0,A,1,1,0,KEEP_STRUCTURAL_IN_ON_CUT,2,3,0,0,"tail_cont_enabled=1 tail_active_dims=(1,) tail_delta=0.1 tail_start=(6, 6, 6) returned_y=(0, 6, 1) returned_b=(0, 1, 0) returned_u=(0, 0.1, 0) returned_zcap=(0, 6.1, 1) max_tail_u=0.1",NA
120,P1_no_rho,16,107.19678220001515,5.799596800003201,2.8901468000840396,0.1588002999778837,0.01,153481.14127336704,153481.14127336704,-76211.09587392512,-41757.260301831295,0.0,-27538.137088475607,-78644.73490472524,-78644.72219282645,-55304.396595405175,-27538.137088475607,27766.259506929568,27766.25950692956,-25710.04953937719,40953.5,nan,nan,1.5000000000000002,10.0,0.0,0.0,10.0,0.85,CORE,MAIN,1.2143083268761359,0.2608007335286522,0.6,0.174,-55304.396595405175,STRUCTURAL,-0.8617036826880773,-196092.70121688116,28200.0,0,0,0,0,0,0,0,inf,inf,NA,1,5,5,5,22,6,0,0,CONTINUE,0,A,1,1,0,KEEP_STRUCTURAL_IN_ON_CUT,2,3,0,0,"tail_cont_enabled=1 tail_active_dims=(1,) tail_delta=0.1 tail_start=(6, 6, 6) returned_y=(2, 0, 6) returned_b=(0, 0, 1) returned_u=(0, 0, 0) returned_zcap=(2, 0, 6) max_tail_u=0",NA
120,P1_no_rho,17,111.12213539995719,5.799596800003201,3.924833199940622,0.18848250003065914,0.01,87670.44249861593,87670.44249861593,-76211.09587392512,-51628.86511804396,0.0,-27538.137088475607,-105944.0894639159,-105944.0736887896,-55304.396595405175,-27538.137088475607,27766.259506929568,27766.25950692956,-40642.015212517894,51149.0,nan,nan,1.5000000000000002,10.0,0.0,0.0,10.0,0.85,CORE,MAIN,1.2090481538023221,0.2265068988294613,0.6,0.174,-55304.396595405175,STRUCTURAL,-0.8511350300269368,-196092.70121688116,28200.0,0,0,0,0,0,0,0,inf,inf,NA,2,6,6,6,22,7,0,0,CONTINUE,0,A,1,1,0,KEEP_STRUCTURAL_IN_ON_CUT,2,3,1,0,"tail_cont_enabled=1 tail_active_dims=(1,) tail_delta=0.1 tail_start=(6, 6, 6) returned_y=(6, 0, 0) returned_b=(1, 0, 0) returned_u=(0, 0, 0) returned_zcap=(6, 0, 0) max_tail_u=0",NA
120,P1_no_rho,18,115.31108349992428,5.799596800003201,4.1885031999554485,0.1906777999829501,0.01,65266.60406137027,65266.60406137027,-76211.09587392512,-54989.440883630814,0.0,-27538.137088475607,-72554.12077063844,-72554.10823155002,-55304.396595405175,-27538.137088475607,27766.259506929568,27766.25950692956,-30654.797470260815,36156.0,nan,nan,1.5000000000000002,10.0,0.0,0.0,10.0,0.85,CORE,MAIN,1.2046594184114057,0.28246109727321,0.6,0.174,-55304.396595405175,STRUCTURAL,-0.7725653789373679,-196092.70121688116,28200.0,0,0,0,0,0,0,0,inf,inf,NA,2,6,6,6,23,7,0,0,CONTINUE,0,A,1,1,0,KEEP_STRUCTURAL_IN_ON_CUT,2,3,1,0,"tail_cont_enabled=1 tail_active_dims=(1,) tail_delta=0.1 tail_start=(6, 6, 6) returned_y=(6, 0, 2) returned_b=(1, 0, 0) returned_u=(0, 0, 0) returned_zcap=(6, 0, 2) max_tail_u=0",NA
120,P1_no_rho,19,119.71395529992878,5.799596800003201,4.402297699940391,0.18338850000873208,0.01,53022.29704915258,53022.29704915258,-76211.09587392512,-56826.08693546346,0.0,-27538.137088475607,-68963.98759800404,-68963.9753628802,-55304.396595405175,-27538.137088475607,27766.259506929568,27766.25950692956,-29510.273852734106,33329.5,nan,nan,1.5000000000000002,10.0,0.0,0.0,10.0,0.85,CORE,MAIN,1.2024847695543672,0.29243583529238004,0.6,0.174,-55304.396595405175,STRUCTURAL,-0.7891647841530995,-196092.70121688116,28200.0,0,0,0,0,0,0,0,inf,inf,NA,1,5,5,5,24,6,0,0,CONTINUE,0,A,1,1,0,KEEP_STRUCTURAL_IN_ON_CUT,2,3,0,0,"tail_cont_enabled=1 tail_active_dims=(1,) tail_delta=0.1 tail_start=(6, 6, 6) returned_y=(1, 6, 0) returned_b=(0, 1, 0) returned_u=(0, 0.1, 0) returned_zcap=(1, 6.1, 0) max_tail_u=0.1",NA
120,P1_no_rho,20,134.90488629997708,5.799596800003201,15.190413300064392,0.16420450003352016,0.01,34582.02620087576,34582.02620087576,-76211.09587392512,-59592.12756270499,0.0,-27538.137088475607,-68159.66768341752,-68159.65555332125,-55304.396595405175,-27538.137088475607,27766.259506929568,27766.25950692956,-29553.323689037585,33021.0,nan,nan,1.5000000000000002,10.0,0.0,0.0,10.0,0.85,CORE,MAIN,1.203073328445923,0.2733317521511054,0.6,0.174,-55304.396595405175,STRUCTURAL,-0.7794298954056239,-196092.70121688116,28200.0,0,0,0,0,0,0,0,inf,inf,NA,1,5,5,5,24,6,0,0,CONTINUE,0,A,1,1,0,KEEP_STRUCTURAL_IN_ON_CUT,2,3,0,0,"tail_cont_enabled=1 tail_active_dims=(1,) tail_delta=0.1 tail_start=(6, 6, 6) returned_y=(1, 6, 0) returned_b=(0, 1, 0) returned_u=(0, 0.1, 0) returned_zcap=(1, 6.1, 0) max_tail_u=0.1",NA
120,P1_no_rho,21,139.698423899943,5.799596800003201,4.792858699918725,0.16269759996794164,0.01,20991.681705314397,20991.681705314397,-76211.09587392512,-61630.67923703919,0.0,-27538.137088475607,-62321.43313534883,-62321.42192232478,-55304.396595405175,-27538.137088475607,27766.259506929568,27766.25950692956,-26323.19752062121,30699.0,nan,nan,1.5000000000000002,10.0,0.0,0.0,10.0,0.85,CORE,MAIN,1.2016701439805313,0.2846068395519977,0.6,0.174,-55304.396595405175,STRUCTURAL,-0.7817458636373292,-196092.70121688116,28200.0,0,0,0,0,0,0,0,inf,inf,NA,1,5,5,5,24,6,0,0,CONTINUE,0,A,1,1,0,KEEP_STRUCTURAL_IN_ON_CUT,2,3,0,0,"tail_cont_enabled=1 tail_active_dims=(1,) tail_delta=0.1 tail_start=(6, 6, 6) returned_y=(1, 6, 0) returned_b=(0, 1, 0) returned_u=(0, 0.1, 0) returned_zcap=(1, 6.1, 0) max_tail_u=0.1",NA
120,P1_no_rho,22,143.17840350000188,5.799596800003201,3.479053599992767,0.18571650004014373,0.01,34840.233968609944,34840.233968609944,-76211.09587392512,-59553.39639754486,0.0,-27538.137088475607,-84648.70763510806,-84648.69266234498,-55304.396595405175,-27538.137088475607,27766.259506929568,27766.25950692956,-39398.54611028104,38158.5,nan,nan,1.5000000000000002,10.0,0.0,0.0,10.0,0.85,CORE,MAIN,1.197561288233273,0.2451113161478674,0.6,0.174,-55304.396595405175,STRUCTURAL,-0.7905647331012128,-196092.70121688116,28200.0,0,0,0,0,0,0,0,inf,inf,NA,1,5,5,5,24,6,0,0,CONTINUE,0,A,1,1,0,KEEP_STRUCTURAL_IN_ON_CUT,2,3,0,0,"tail_cont_enabled=1 tail_active_dims=(1,) tail_delta=0.1 tail_start=(6, 6, 6) returned_y=(1, 6, 0) returned_b=(0, 1, 0) returned_u=(0, 0.1, 0) returned_zcap=(1, 6.1, 0) max_tail_u=0.1",NA
120,P1_no_rho,23,146.96304699999746,5.799596800003201,3.7841014000587165,0.17641409998759627,0.01,58179.65431368897,58179.65431368897,-76211.09587392512,-56052.48334578301,0.0,-27538.137088475607,-80984.31618341357,-80984.30153077183,-55304.396595405175,-27538.137088475607,27766.259506929568,27766.25950692956,-33213.629482313096,36430.5,nan,nan,1.5000000000000002,10.0,0.0,0.0,10.0,0.85,CORE,MAIN,1.19504560981107,0.24407887628935931,0.6,0.174,-55304.396595405175,STRUCTURAL,-0.8741882405943506,-196092.70121688116,28200.0,0,0,0,0,0,0,0,inf,inf,NA,1,5,5,5,24,6,0,0,CONTINUE,0,A,1,1,0,KEEP_STRUCTURAL_IN_ON_CUT,2,3,0,0,"tail_cont_enabled=1 tail_active_dims=(1,) tail_delta=0.1 tail_start=(6, 6, 6) returned_y=(1, 6, 0) returned_b=(0, 1, 0) returned_u=(0, 0.1, 0) returned_zcap=(1, 6.1, 0) max_tail_u=0.1",NA
120,P1_no_rho,24,150.21968919993378,5.799596800003201,3.2561340000247583,0.1848801999585703,0.01,27351.413786197394,27351.413786197394,-76211.09587392512,-60676.71942490674,0.0,-27538.137088475607,-68056.19921572888,-68056.18739862382,-55304.396595405175,-27538.137088475607,27766.259506929568,27766.25950692956,-27641.99413983036,33922.0,nan,nan,1.5000000000000002,10.0,0.0,0.0,10.0,0.85,CORE,MAIN,1.195289333091375,0.26604142453974267,0.6,0.174,-55304.396595405175,STRUCTURAL,-0.7942572815831113,-196092.70121688116,28200.0,0,0,0,0,0,0,0,inf,inf,NA,1,5,5,5,24,6,0,0,CONTINUE,0,A,1,1,0,KEEP_STRUCTURAL_IN_ON_CUT,2,3,0,0,"tail_cont_enabled=1 tail_active_dims=(1,) tail_delta=0.1 tail_start=(6, 6, 6) returned_y=(6, 0, 2) returned_b=(1, 0, 0) returned_u=(0, 0, 0) returned_zcap=(6, 0, 2) max_tail_u=0",NA
120,P1_no_rho,25,159.88297669996973,5.799596800003201,9.662790899979882,0.16990390000864863,0.01,53041.01877542796,53041.01877542796,-76211.09587392512,-56823.27867652215,0.0,-27538.137088475607,-80460.6083513103,-80460.59445086545,-55304.396595405175,-27538.137088475607,27766.259506929568,27766.25950692956,-34367.54271079553,38309.0,nan,nan,1.5000000000000002,10.0,0.0,0.0,10.0,0.85,CORE,MAIN,1.193302263415027,0.2590138760239,0.6,0.174,-55304.396595405175,STRUCTURAL,-0.8021274676981022,-196092.70121688116,28200.0,0,0,0,0,0,0,0,inf,inf,NA,1,5,5,5,24,6,0,0,CONTINUE,0,A,1,1,0,KEEP_STRUCTURAL_IN_ON_CUT,2,3,0,0,"tail_cont_enabled=1 tail_active_dims=(1,) tail_delta=0.1 tail_start=(6, 6, 6) returned_y=(2, 0, 6) returned_b=(0, 0, 1) returned_u=(0, 0, 0) returned_zcap=(2, 0, 6) max_tail_u=0",NA
120,P1_no_rho,26,164.0215218999656,5.799596800003201,4.138125699944794,0.17361229995731264,0.01,51637.145919137234,51637.145919137234,-76211.09587392512,-57033.859604965764,0.0,-27538.137088475607,-77166.59150097064,-77166.57826877708,-55304.396595405175,-27538.137088475607,27766.259506929568,27766.25950692956,-32471.759833306456,38453.0,nan,nan,1.5000000000000002,10.0,0.0,0.0,10.0,0.85,CORE,MAIN,1.191225234480088,0.2539065340131189,0.6,0.174,-55304.396595405175,STRUCTURAL,-0.7748822100654588,-196092.70121688116,28200.0,0,0,0,0,0,0,0,inf,inf,NA,1,5,5,5,24,6,0,0,CONTINUE,0,A,1,1,0,KEEP_STRUCTURAL_IN_ON_CUT,2,3,0,0,"tail_cont_enabled=1 tail_active_dims=(1,) tail_delta=0.1 tail_start=(6, 6, 6) returned_y=(2, 0, 6) returned_b=(0, 0, 1) returned_u=(0, 0, 0) returned_zcap=(2, 0, 6) max_tail_u=0",NA
120,P1_no_rho,27,167.14883169997483,5.799596800003201,3.1267723999917507,0.16229229990858585,0.01,36582.31987751972,36582.31987751972,-76211.09587392512,-59292.083511208395,0.0,-27538.137088475607,-70791.47554322465,-70791.46301182792,-55304.396595405175,-27538.137088475607,27766.259506929568,27766.25950692956,-29438.54856675536,34322.0,nan,nan,1.5000000000000002,10.0,0.0,0.0,10.0,0.85,CORE,MAIN,1.1953358977783788,0.24887913137138573,0.6,0.174,-55304.396595405175,STRUCTURAL,-0.8032343578476889,-196092.70121688116,28200.0,0,0,0,0,0,0,0,inf,inf,NA,1,5,5,5,24,6,0,0,CONTINUE,0,A,1,1,0,KEEP_STRUCTURAL_IN_ON_CUT,2,3,0,0,"tail_cont_enabled=1 tail_active_dims=(1,) tail_delta=0.1 tail_start=(6, 6, 6) returned_y=(1, 6, 0) returned_b=(0, 1, 0) returned_u=(0, 0.1, 0) returned_zcap=(1, 6.1, 0) max_tail_u=0.1",NA
120,P1_no_rho,28,171.30280299996957,5.799596800003201,4.153375800000504,0.17351270001381636,0.01,68558.63359718157,68558.63359718157,-76211.09587392512,-54495.63645325912,0.0,-27538.137088475607,-70926.07847247223,-70926.06620390294,-55304.396595405175,-27538.137088475607,27766.259506929568,27766.25950692956,-28776.930655580647,34077.5,nan,nan,1.5000000000000002,10.0,0.0,0.0,10.0,0.85,CORE,MAIN,1.1993529888746919,0.2624919369280827,0.6,0.174,-55304.396595405175,STRUCTURAL,-0.8245740943109537,-196092.70121688116,28200.0,0,0,0,0,0,0,0,inf,inf,NA,1,5,5,5,24,6,0,0,CONTINUE,0,A,1,1,0,KEEP_STRUCTURAL_IN_ON_CUT,2,3,0,0,"tail_cont_enabled=1 tail_active_dims=(1,) tail_delta=0.1 tail_start=(6, 6, 6) returned_y=(1, 6, 0) returned_b=(0, 1, 0) returned_u=(0, 0.1, 0) returned_zcap=(1, 6.1, 0) max_tail_u=0.1",NA
120,P1_no_rho,29,174.4200087999925,5.799596800003201,3.1168710000347346,0.18346209998708218,0.01,23795.92613166989,23795.92613166989,-76211.09587392512,-61210.04257308587,0.0,-27538.137088475607,-71608.3491313004,-71608.33632497158,-55304.396595405175,-27538.137088475607,27766.259506929568,27766.25950692956,-31368.766910114267,33979.0,nan,nan,1.5000000000000002,10.0,0.0,0.0,10.0,0.85,CORE,MAIN,1.2026702739870816,0.2592071000156926,0.6,0.174,-55304.396595405175,STRUCTURAL,-0.7894987966068712,-196092.70121688116,28200.0,0,0,0,0,0,0,0,inf,inf,NA,1,5,5,5,24,6,0,0,CONTINUE,0,A,1,1,0,KEEP_STRUCTURAL_IN_ON_CUT,2,3,0,0,"tail_cont_enabled=1 tail_active_dims=(1,) tail_delta=0.1 tail_start=(6, 6, 6) returned_y=(1, 6, 0) returned_b=(0, 1, 0) returned_u=(0, 0.1, 0) returned_zcap=(1, 6.1, 0) max_tail_u=0.1",NA
120,P1_no_rho,30,183.28777069994248,5.799596800003201,8.867062299977988,0.16083700000308454,0.01,26134.689207764688,26134.689207764688,-76211.09587392512,-60859.22811167165,0.0,-27538.137088475607,-73045.47951492805,-73045.4663284074,-55304.396595405175,-27538.137088475607,27766.259506929568,27766.25950692956,-30671.39838769647,32953.0,nan,nan,1.5000000000000002,10.0,0.0,0.0,10.0,0.85,CORE,MAIN,1.206426699799028,0.24504270928933491,0.6,0.174,-55304.396595405175,STRUCTURAL,-0.8572627265238555,-196092.70121688116,28200.0,0,0,0,0,0,0,0,inf,inf,NA,1,5,5,5,24,6,0,0,CONTINUE,0,A,1,1,0,KEEP_STRUCTURAL_IN_ON_CUT,2,3,0,0,"tail_cont_enabled=1 tail_active_dims=(1,) tail_delta=0.1 tail_start=(6, 6, 6) returned_y=(0, 6, 1) returned_b=(0, 1, 0) returned_u=(0, 0.1, 0) returned_zcap=(0, 6.1, 1) max_tail_u=0.1",NA
120,P1_no_rho,31,187.57214289996773,5.799596800003201,4.283922399976291,0.15659080003388226,0.01,61051.32081203184,61051.32081203184,-76211.09587392512,-55621.73337103157,0.0,-27538.137088475607,-71582.27611243767,-71582.26366464217,-55304.396595405175,-27538.137088475607,27766.259506929568,27766.25950692956,-29982.849943017627,35909.0,nan,nan,1.5000000000000002,10.0,0.0,0.0,10.0,0.85,CORE,MAIN,1.209534985724616,0.2514991784686582,0.6,0.174,-55304.396595405175,STRUCTURAL,-0.7723117458320483,-196092.70121688116,28200.0,0,0,0,0,0,0,0,inf,inf,NA,1,5,5,5,24,6,0,0,CONTINUE,0,A,1,1,0,KEEP_STRUCTURAL_IN_ON_CUT,2,3,0,0,"tail_cont_enabled=1 tail_active_dims=(1,) tail_delta=0.1 tail_start=(6, 6, 6) returned_y=(2, 0, 6) returned_b=(0, 0, 1) returned_u=(0, 0, 0) returned_zcap=(2, 0, 6) max_tail_u=0",NA
120,P1_no_rho,32,193.95825069991406,5.799596800003201,6.385723499930464,0.19191240007057786,0.01,57015.795460011475,57015.795460011475,-76211.09587392512,-56227.06217383463,0.0,-27538.137088475607,-86572.67629173082,-86572.6617042055,-55304.396595405175,-27538.137088475607,27766.259506929568,27766.25950692956,-35940.944301073425,41067.0,nan,nan,1.5000000000000002,10.0,0.0,0.0,10.0,0.85,CORE,MAIN,1.2088850127719022,0.2392569592444196,0.6,0.174,-55304.396595405175,STRUCTURAL,-0.8219367927716829,-196092.70121688116,28200.0,0,0,0,0,0,0,0,inf,inf,NA,2,6,6,6,24,7,0,0,CONTINUE,0,A,1,1,0,KEEP_STRUCTURAL_IN_ON_CUT,2,3,1,0,"tail_cont_enabled=1 tail_active_dims=(1,) tail_delta=0.1 tail_start=(6, 6, 6) returned_y=(2, 0, 6) returned_b=(0, 0, 1) returned_u=(0, 0, 0) returned_zcap=(2, 0, 6) max_tail_u=0",NA
120,P1_no_rho,33,200.24133979994804,5.799596800003201,6.282672800007276,0.18463529995642602,0.01,57618.58368849645,57618.58368849645,-76211.09587392512,-56136.64393956188,0.0,-27538.137088475607,-79739.56913632884,-79739.5555113172,-55304.396595405175,-27538.137088475607,27766.259506929568,27766.25950692956,-31914.562912579153,38372.0,nan,nan,1.5000000000000002,10.0,0.0,0.0,10.0,0.85,CORE,MAIN,1.2077888624162512,0.23862214943295967,0.6,0.174,-55304.396595405175,STRUCTURAL,-0.8309008756165612,-196092.70121688116,28200.0,0,0,0,0,0,0,0,inf,inf,NA,1,5,5,5,25,6,0,0,CONTINUE,0,A,1,1,0,KEEP_STRUCTURAL_IN_ON_CUT,2,3,0,0,"tail_cont_enabled=1 tail_active_dims=(1,) tail_delta=0.1 tail_start=(6, 6, 6) returned_y=(5, 0, 3) returned_b=(0, 0, 0) returned_u=(0, 0, 0) returned_zcap=(5, 0, 3) max_tail_u=0",NA
120,P1_no_rho,34,205.5478650999721,5.799596800003201,5.306087599950843,0.15790530003141612,0.01,44921.16452137775,44921.16452137775,-76211.09587392512,-58041.25681462969,0.0,-27538.137088475607,-70147.75395538988,-70147.74191721264,-55304.396595405175,-27538.137088475607,27766.259506929568,27766.25950692956,-28856.9846854291,34560.5,nan,nan,1.5000000000000002,10.0,0.0,0.0,10.0,0.85,CORE,MAIN,1.207933657190284,0.25549283951057156,0.6,0.174,-55304.396595405175,STRUCTURAL,-0.796492281299625,-196092.70121688116,28200.0,0,0,0,0,0,0,0,inf,inf,NA,1,5,5,5,25,6,0,0,CONTINUE,0,A,1,1,0,KEEP_STRUCTURAL_IN_ON_CUT,2,3,0,0,"tail_cont_enabled=1 tail_active_dims=(1,) tail_delta=0.1 tail_start=(6, 6, 6) returned_y=(1, 6, 0) returned_b=(0, 1, 0) returned_u=(0, 0.1, 0) returned_zcap=(1, 6.1, 0) max_tail_u=0.1",NA
120,P1_no_rho,35,221.97599099995568,5.799596800003201,16.427567600039765,0.15183590003289282,0.01,42720.162340773255,42720.162340773255,-76211.09587392512,-58371.40714172037,0.0,-27538.137088475607,-67814.86361770805,-67814.85170605242,-55304.396595405175,-27538.137088475607,27766.259506929568,27766.25950692956,-27008.288933564927,32865.0,nan,nan,1.5000000000000002,10.0,0.0,0.0,10.0,0.85,CORE,MAIN,1.2076622829285122,0.25942042368140505,0.6,0.174,-55304.396595405175,STRUCTURAL,-0.8277613017391856,-196092.70121688116,28200.0,0,0,0,0,0,0,0,inf,inf,NA,1,5,5,5,25,6,0,0,CONTINUE,0,A,1,1,0,KEEP_STRUCTURAL_IN_ON_CUT,2,3,0,0,"tail_cont_enabled=1 tail_active_dims=(1,) tail_delta=0.1 tail_start=(6, 6, 6) returned_y=(1, 6, 0) returned_b=(0, 1, 0) returned_u=(0, 0.1, 0) returned_zcap=(1, 6.1, 0) max_tail_u=0.1",NA
120,P1_no_rho,36,226.27422389993444,5.799596800003201,4.296737900003791,0.16665889997966588,0.01,34580.349270408835,34580.349270408835,-76211.09587392512,-59592.37910227502,0.0,-27538.137088475607,-69905.67376563436,-69905.661236585,-55304.396595405175,-27538.137088475607,27766.259506929568,27766.25950692956,-30322.836622283765,33830.5,nan,nan,1.5000000000000002,10.0,0.0,0.0,10.0,0.85,CORE,MAIN,1.2080050372030533,0.2664294662729475,0.6,0.174,-55304.396595405175,STRUCTURAL,-0.7800224573348749,-196092.70121688116,28200.0,0,0,0,0,0,0,0,inf,inf,NA,1,5,5,5,25,6,0,0,CONTINUE,0,A,1,1,0,KEEP_STRUCTURAL_IN_ON_CUT,2,3,0,0,"tail_cont_enabled=1 tail_active_dims=(1,) tail_delta=0.1 tail_start=(6, 6, 6) returned_y=(1, 6, 0) returned_b=(0, 1, 0) returned_u=(0, 0.1, 0) returned_zcap=(1, 6.1, 0) max_tail_u=0.1",NA
120,P1_no_rho,37,232.7967031999724,5.799596800003201,6.5219839999917895,0.1641691999975592,0.01,32438.717613234036,32438.717613234036,-76211.09587392512,-59913.62385085125,0.0,-27538.137088475607,-71892.75753240859,-71892.74458287982,-55304.396595405175,-27538.137088475607,27766.259506929568,27766.25950692956,-30193.588800727084,34384.0,nan,nan,1.5000000000000002,10.0,0.0,0.0,10.0,0.85,CORE,MAIN,1.2081094726981965,0.2610539273275472,0.6,0.174,-55304.396595405175,STRUCTURAL,-0.8084992202216675,-196092.70121688116,28200.0,0,0,0,0,0,0,0,inf,inf,NA,1,5,5,5,25,6,0,0,CONTINUE,0,A,1,1,0,KEEP_STRUCTURAL_IN_ON_CUT,2,3,0,0,"tail_cont_enabled=1 tail_active_dims=(1,) tail_delta=0.1 tail_start=(6, 6, 6) returned_y=(1, 6, 0) returned_b=(0, 1, 0) returned_u=(0, 0.1, 0) returned_zcap=(1, 6.1, 0) max_tail_u=0.1",NA
120,P1_no_rho,38,238.16775409993716,5.799596800003201,5.370541999931447,0.18319160002283752,0.01,56208.029911222315,56208.029911222315,-76211.09587392512,-56348.22700615301,0.0,-27538.137088475607,-77826.96857903445,-77826.95535168012,-55304.396595405175,-27538.137088475607,27766.259506929568,27766.25950692956,-31139.879468131738,37663.5,nan,nan,1.5000000000000002,10.0,0.0,0.0,10.0,0.85,CORE,MAIN,1.207615577397714,0.2478392052741869,0.6,0.174,-55304.396595405175,STRUCTURAL,-0.8263894023576916,-196092.70121688116,28200.0,0,0,0,0,0,0,0,inf,inf,NA,1,5,5,5,25,6,0,0,CONTINUE,0,A,1,1,0,KEEP_STRUCTURAL_IN_ON_CUT,2,3,0,0,"tail_cont_enabled=1 tail_active_dims=(1,) tail_delta=0.1 tail_start=(6, 6, 6) returned_y=(5, 0, 3) returned_b=(0, 0, 0) returned_u=(0, 0, 0) returned_zcap=(5, 0, 3) max_tail_u=0",NA
120,P1_no_rho,39,244.88109389995225,5.799596800003201,6.712729400023818,0.16261300002224743,0.01,36495.71946701588,36495.71946701588,-76211.09587392512,-59305.07357278397,0.0,-27538.137088475607,-81177.67231230646,-81177.65824004111,-55304.396595405175,-27538.137088475607,27766.259506929568,27766.25950692956,-33933.73431311095,38241.5,nan,nan,1.5000000000000002,10.0,0.0,0.0,10.0,0.85,CORE,MAIN,1.2060647138212366,0.2476054098358389,0.6,0.174,-55304.396595405175,STRUCTURAL,-0.8236065343833298,-196092.70121688116,28200.0,0,0,0,0,0,0,0,inf,inf,NA,1,5,5,5,25,6,0,0,CONTINUE,0,A,1,1,0,KEEP_STRUCTURAL_IN_ON_CUT,2,3,0,0,"tail_cont_enabled=1 tail_active_dims=(1,) tail_delta=0.1 tail_start=(6, 6, 6) returned_y=(5, 0, 3) returned_b=(0, 0, 0) returned_u=(0, 0, 0) returned_zcap=(5, 0, 3) max_tail_u=0",NA
120,P1_no_rho,40,259.6548887999961,5.799596800003201,14.773322900058702,0.15718300000298768,0.01,38045.39139033624,38045.39139033624,-76211.09587392512,-59072.622784285915,0.0,-27538.137088475607,-78396.78579158738,-78396.772201904,-55304.396595405175,-27538.137088475607,27766.259506929568,27766.25950692956,-32088.12416534604,38130.0,nan,nan,1.5000000000000002,10.0,0.0,0.0,10.0,0.85,CORE,MAIN,1.2042893765065315,0.2534272301613667,0.6,0.174,-55304.396595405175,STRUCTURAL,-0.8096625235869912,-196092.70121688116,28200.0,0,0,0,0,0,0,0,inf,inf,NA,1,5,5,5,25,6,0,0,CONTINUE,0,A,1,1,0,KEEP_STRUCTURAL_IN_ON_CUT,2,3,0,0,"tail_cont_enabled=1 tail_active_dims=(1,) tail_delta=0.1 tail_start=(6, 6, 6) returned_y=(5, 0, 3) returned_b=(0, 0, 0) returned_u=(0, 0, 0) returned_zcap=(5, 0, 3) max_tail_u=0",NA
120,P1_no_rho,41,264.9625780999195,5.799596800003201,5.3072022999404,0.17043790000025183,0.01,43898.45189501761,43898.45189501761,-76211.09587392512,-58194.663708583714,0.0,-27538.137088475607,-72504.06006058205,-72504.0469138896,-55304.396595405175,-27538.137088475607,27766.259506929568,27766.25950692956,-30738.89593043693,34091.0,nan,nan,1.5000000000000002,10.0,0.0,0.0,10.0,0.85,CORE,MAIN,1.205287776937691,0.26609930891418854,0.6,0.174,-55304.396595405175,STRUCTURAL,-0.8167385523736016,-196092.70121688116,28200.0,0,0,0,0,0,0,0,inf,inf,NA,1,5,5,5,25,6,0,0,CONTINUE,0,A,1,1,0,KEEP_STRUCTURAL_IN_ON_CUT,2,3,0,0,"tail_cont_enabled=1 tail_active_dims=(1,) tail_delta=0.1 tail_start=(6, 6, 6) returned_y=(1, 6, 0) returned_b=(0, 1, 0) returned_u=(0, 0.1, 0) returned_zcap=(1, 6.1, 0) max_tail_u=0.1",NA
120,P1_no_rho,42,270.5654770999681,5.799596800003201,5.602401899988763,0.15913169994018972,0.01,45945.6704596449,45945.6704596449,-76211.09587392512,-57887.58092388962,0.0,-27538.137088475607,-68492.3346940194,-68492.32233818818,-55304.396595405175,-27538.137088475607,27766.259506929568,27766.25950692956,-27541.65395823672,32868.0,nan,nan,1.5000000000000002,10.0,0.0,0.0,10.0,0.85,CORE,MAIN,1.2061067491902604,0.27156735189972603,0.6,0.174,-55304.396595405175,STRUCTURAL,-0.8306086645562344,-196092.70121688116,28200.0,0,0,0,0,0,0,0,inf,inf,NA,1,5,5,5,25,6,0,0,CONTINUE,0,A,1,1,0,KEEP_STRUCTURAL_IN_ON_CUT,2,3,0,0,"tail_cont_enabled=1 tail_active_dims=(1,) tail_delta=0.1 tail_start=(6, 6, 6) returned_y=(1, 6, 0) returned_b=(0, 1, 0) returned_u=(0, 0.1, 0) returned_zcap=(1, 6.1, 0) max_tail_u=0.1",NA
120,P1_no_rho,43,274.9679088999983,5.799596800003201,4.401862800004892,0.17575519997626543,0.01,38228.81551151628,38228.81551151628,-76211.09587392512,-59045.10916610891,0.0,-27538.137088475607,-69147.78034442112,-69147.76787576053,-55304.396595405175,-27538.137088475607,27766.259506929568,27766.25950692956,-29438.209948811127,32995.0,nan,nan,1.5000000000000002,10.0,0.0,0.0,10.0,0.85,CORE,MAIN,1.2073750332187172,0.2616541906296872,0.6,0.174,-55304.396595405175,STRUCTURAL,-0.8023348573409991,-196092.70121688116,28200.0,0,0,0,0,0,0,0,inf,inf,NA,1,5,5,5,25,6,0,0,CONTINUE,0,A,1,1,0,KEEP_STRUCTURAL_IN_ON_CUT,2,3,0,0,"tail_cont_enabled=1 tail_active_dims=(1,) tail_delta=0.1 tail_start=(6, 6, 6) returned_y=(1, 6, 0) returned_b=(0, 1, 0) returned_u=(0, 0.1, 0) returned_zcap=(1, 6.1, 0) max_tail_u=0.1",NA
120,P1_no_rho,44,281.2689342999365,5.799596800003201,6.299617099924944,0.1670211999444291,0.01,53542.198506352375,53542.198506352375,-76211.09587392512,-56748.101716883495,0.0,-27538.137088475607,-74101.66910942798,-74101.65573868447,-55304.396595405175,-27538.137088475607,27766.259506929568,27766.25950692956,-31020.98071928478,34644.0,nan,nan,1.5000000000000002,10.0,0.0,0.0,10.0,0.85,CORE,MAIN,1.2079309969743022,0.2573903647778861,0.6,0.174,-55304.396595405175,STRUCTURAL,-0.8290165688988891,-196092.70121688116,28200.0,0,0,0,0,0,0,0,inf,inf,NA,1,5,5,5,25,6,0,0,CONTINUE,0,A,1,1,0,KEEP_STRUCTURAL_IN_ON_CUT,2,3,0,0,"tail_cont_enabled=1 tail_active_dims=(1,) tail_delta=0.1 tail_start=(6, 6, 6) returned_y=(1, 6, 0) returned_b=(0, 1, 0) returned_u=(0, 0.1, 0) returned_zcap=(1, 6.1, 0) max_tail_u=0.1",NA
120,P1_no_rho,45,295.32869609992485,5.799596800003201,14.059234699932858,0.1604881000239402,0.01,45299.39279568841,45299.39279568841,-76211.09587392512,-57984.52257348309,0.0,-27538.137088475607,-77536.47019724775,-77536.45698397297,-55304.396595405175,-27538.137088475607,27766.259506929568,27766.25950692956,-31443.26588122384,37614.0,nan,nan,1.5000000000000002,10.0,0.0,0.0,10.0,0.85,CORE,MAIN,1.2076727934895137,0.2371019144757497,0.6,0.174,-55304.396595405175,STRUCTURAL,-0.8169509775216521,-196092.70121688116,28200.0,0,0,0,0,0,0,0,inf,inf,NA,1,5,5,5,25,6,0,0,CONTINUE,0,A,1,1,0,KEEP_STRUCTURAL_IN_ON_CUT,2,3,0,0,"tail_cont_enabled=1 tail_active_dims=(1,) tail_delta=0.1 tail_start=(6, 6, 6) returned_y=(5, 0, 3) returned_b=(0, 0, 0) returned_u=(0, 0, 0) returned_zcap=(5, 0, 3) max_tail_u=0",NA
120,P1_no_rho,46,301.81689199991524,5.799596800003201,6.487610299955122,0.1621686000144109,0.01,42393.364394491284,42393.364394491284,-76211.09587392512,-58420.426833662656,0.0,-27538.137088475607,-80821.86827460851,-80821.8541802716,-55304.396595405175,-27538.137088475607,27766.259506929568,27766.25950692956,-33749.41275695985,38113.0,nan,nan,1.5000000000000002,10.0,0.0,0.0,10.0,0.85,CORE,MAIN,1.2063540099415477,0.24916109411104514,0.6,0.174,-55304.396595405175,STRUCTURAL,-0.8233838222008549,-196092.70121688116,28200.0,0,0,0,0,0,0,0,inf,inf,NA,1,5,5,5,25,6,0,0,CONTINUE,0,A,1,1,0,KEEP_STRUCTURAL_IN_ON_CUT,2,3,0,0,"tail_cont_enabled=1 tail_active_dims=(1,) tail_delta=0.1 tail_start=(6, 6, 6) returned_y=(5, 0, 3) returned_b=(0, 0, 0) returned_u=(0, 0, 0) returned_zcap=(5, 0, 3) max_tail_u=0",NA
120,P1_no_rho,47,308.2639828999527,5.799596800003201,6.446647500037216,0.1740841999417171,0.01,44165.21519629715,44165.21519629715,-76211.09587392512,-58154.64921339178,0.0,-27538.137088475607,-77275.91662477748,-77275.90309714194,-55304.396595405175,-27538.137088475607,27766.259506929568,27766.25950692956,-30954.521473131303,37822.5,nan,nan,1.5000000000000002,10.0,0.0,0.0,10.0,0.85,CORE,MAIN,1.205153410229622,0.25759956206822354,0.6,0.174,-55304.396595405175,STRUCTURAL,-0.8164695903939129,-196092.70121688116,28200.0,0,0,0,0,0,0,0,inf,inf,NA,1,5,5,5,25,6,0,0,CONTINUE,0,A,1,1,0,KEEP_STRUCTURAL_IN_ON_CUT,2,3,0,0,"tail_cont_enabled=1 tail_active_dims=(1,) tail_delta=0.1 tail_start=(6, 6, 6) returned_y=(5, 0, 3) returned_b=(0, 0, 0) returned_u=(0, 0, 0) returned_zcap=(5, 0, 3) max_tail_u=0",NA
120,P1_no_rho,48,313.70345139992423,5.799596800003201,5.438994299969636,0.15841640008147806,0.01,38246.6371124454,38246.6371124454,-76211.09587392512,-59042.43592596954,0.0,-27538.137088475607,-73017.38913213897,-73017.3760303422,-55304.396595405175,-27538.137088475607,27766.259506929568,27766.25950692956,-31476.99991561317,34405.5,nan,nan,1.5000000000000002,10.0,0.0,0.0,10.0,0.85,CORE,MAIN,1.2052559051558616,0.265457134878325,0.6,0.174,-55304.396595405175,STRUCTURAL,-0.8049173555532116,-196092.70121688116,28200.0,0,0,0,0,0,0,0,inf,inf,NA,1,5,5,5,25,6,0,0,CONTINUE,0,A,1,1,0,KEEP_STRUCTURAL_IN_ON_CUT,2,3,0,0,"tail_cont_enabled=1 tail_active_dims=(1,) tail_delta=0.1 tail_start=(6, 6, 6) returned_y=(0, 6, 1) returned_b=(0, 1, 0) returned_u=(0, 0.1, 0) returned_zcap=(0, 6.1, 1) max_tail_u=0.1",NA
120,P1_no_rho,49,319.3444748999318,5.799596800003201,5.640514299971983,0.16478909994475543,0.01,46344.21017561492,46344.21017561492,-76211.09587392512,-57827.799966494116,0.0,-27538.137088475607,-70718.69260333013,-70718.67990491947,-55304.396595405175,-27538.137088475607,27766.259506929568,27766.25950692956,-28186.8714192494,34373.5,nan,nan,1.5000000000000002,10.0,0.0,0.0,10.0,0.85,CORE,MAIN,1.2071770967454805,0.25009120934159623,0.6,0.174,-55304.396595405175,STRUCTURAL,-0.8248953115174976,-196092.70121688116,28200.0,0,0,0,0,0,0,0,inf,inf,NA,1,5,5,5,25,6,0,0,CONTINUE,0,A,1,1,0,KEEP_STRUCTURAL_IN_ON_CUT,2,3,0,0,"tail_cont_enabled=1 tail_active_dims=(1,) tail_delta=0.1 tail_start=(6, 6, 6) returned_y=(0, 6, 1) returned_b=(0, 1, 0) returned_u=(0, 0.1, 0) returned_zcap=(0, 6.1, 1) max_tail_u=0.1",NA
120,P1_no_rho,50,331.8812737999251,5.799596800003201,12.536423199926503,0.1528215000871569,0.01,44272.82488051618,44272.82488051618,-76211.09587392512,-58138.50776075893,0.0,-27538.137088475607,-69225.90992694092,-69225.89744835653,-55304.396595405175,-27538.137088475607,27766.259506929568,27766.25950692956,-28669.9290100227,33044.5,nan,nan,1.5000000000000002,10.0,0.0,0.0,10.0,0.85,CORE,MAIN,1.2083333342363294,0.26223871159857637,0.6,0.174,-55304.396595405175,STRUCTURAL,-0.8182091510606164,-196092.70121688116,28200.0,0,0,0,0,0,0,0,inf,inf,NA,1,5,5,5,25,6,0,0,CONTINUE,0,A,1,1,0,KEEP_STRUCTURAL_IN_ON_CUT,2,3,0,0,"tail_cont_enabled=1 tail_active_dims=(1,) tail_delta=0.1 tail_start=(6, 6, 6) returned_y=(0, 6, 1) returned_b=(0, 1, 0) returned_u=(0, 0.1, 0) returned_zcap=(0, 6.1, 1) max_tail_u=0.1",NA
120,P1_no_rho,51,337.37478770001326,5.799596800003201,5.492837200057693,0.14760300004854798,0.01,47530.0519719626,47530.0519719626,-76211.09587392512,-57649.92369704196,0.0,-27538.137088475607,-77211.41774644659,-77211.40383968857,-55304.396595405175,-27538.137088475607,27766.259506929568,27766.25950692956,-32980.162955279106,35027.5,nan,nan,1.5000000000000002,10.0,0.0,0.0,10.0,0.85,CORE,MAIN,1.2082123016787985,0.2510679728335159,0.6,0.174,-55304.396595405175,STRUCTURAL,-0.8418383819267619,-196092.70121688116,28200.0,0,0,0,0,0,0,0,inf,inf,NA,1,5,5,5,25,6,0,0,CONTINUE,0,A,1,1,0,KEEP_STRUCTURAL_IN_ON_CUT,2,3,0,0,"tail_cont_enabled=1 tail_active_dims=(1,) tail_delta=0.1 tail_start=(6, 6, 6) returned_y=(0, 6, 1) returned_b=(0, 1, 0) returned_u=(0, 0.1, 0) returned_zcap=(0, 6.1, 1) max_tail_u=0.1",NA
120,P1_no_rho,52,342.8018659999361,5.799596800003201,5.426620399928652,0.177312400075607,0.01,45957.92558154045,45957.92558154045,-76211.09587392512,-57885.74265560528,0.0,-27538.137088475607,-75243.4125918553,-75243.39966669351,-55304.396595405175,-27538.137088475607,27766.259506929568,27766.25950692956,-29702.505113500996,36655.0,nan,nan,1.5000000000000002,10.0,0.0,0.0,10.0,0.85,CORE,MAIN,1.2082667950927886,0.2533583587648691,0.6,0.174,-55304.396595405175,STRUCTURAL,-0.8282798081788297,-196092.70121688116,28200.0,0,0,0,0,0,0,0,inf,inf,NA,1,5,5,5,25,6,0,0,CONTINUE,0,A,1,1,0,KEEP_STRUCTURAL_IN_ON_CUT,2,3,0,0,"tail_cont_enabled=1 tail_active_dims=(1,) tail_delta=0.1 tail_start=(6, 6, 6) returned_y=(5, 0, 3) returned_b=(0, 0, 0) returned_u=(0, 0, 0) returned_zcap=(5, 0, 3) max_tail_u=0",NA
120,P1_no_rho,53,349.3239912999561,5.799596800003201,6.52157670003362,0.14987259998451918,0.01,56251.30306747094,56251.30306747094,-76211.09587392512,-56341.73603271571,0.0,-27538.137088475607,-83561.62534765816,-83561.61130214614,-55304.396595405175,-27538.137088475607,27766.259506929568,27766.25950692956,-34145.591329498886,39084.5,nan,nan,1.5000000000000002,10.0,0.0,0.0,10.0,0.85,CORE,MAIN,1.2065217977304579,0.22898528210483682,0.6,0.174,-55304.396595405175,STRUCTURAL,-0.8428920240785522,-196092.70121688116,28200.0,0,0,0,0,0,0,0,inf,inf,NA,1,5,5,5,25,6,0,0,CONTINUE,0,A,1,1,0,KEEP_STRUCTURAL_IN_ON_CUT,2,3,0,0,"tail_cont_enabled=1 tail_active_dims=(1,) tail_delta=0.1 tail_start=(6, 6, 6) returned_y=(5, 0, 3) returned_b=(0, 0, 0) returned_u=(0, 0, 0) returned_zcap=(5, 0, 3) max_tail_u=0",NA
120,P1_no_rho,54,354.98399560002144,5.799596800003201,5.659409300074913,0.21628099994268268,0.01,65807.53371683315,65807.53371683315,-76211.09587392512,-54908.30143531138,0.0,-27538.137088475607,-80005.27035737252,-80005.25647033301,-55304.396595405175,-27538.137088475607,27766.259506929568,27766.25950692956,-31987.86090976468,39062.0,nan,nan,1.5000000000000002,10.0,0.0,0.0,10.0,0.85,CORE,MAIN,1.204683819680406,0.2474444775360547,0.6,0.174,-55304.396595405175,STRUCTURAL,-0.8195073739280857,-196092.70121688116,28200.0,0,0,0,0,0,0,0,inf,inf,NA,1,5,5,5,25,6,0,0,CONTINUE,0,A,1,1,0,KEEP_STRUCTURAL_IN_ON_CUT,2,3,0,0,"tail_cont_enabled=1 tail_active_dims=(1,) tail_delta=0.1 tail_start=(6, 6, 6) returned_y=(5, 0, 3) returned_b=(0, 0, 0) returned_u=(0, 0, 0) returned_zcap=(5, 0, 3) max_tail_u=0",NA
120,P1_no_rho,55,369.9697330999188,5.799596800003201,14.985163499950431,0.17283349996432662,0.01,35100.385185398336,35100.385185398336,-76211.09587392512,-59514.3737150266,0.0,-27538.137088475607,-70537.52984611172,-70537.51714534932,-55304.396595405175,-27538.137088475607,27766.259506929568,27766.25950692956,-29917.449525632626,33750.0,nan,nan,1.5000000000000002,10.0,0.0,0.0,10.0,0.85,CORE,MAIN,1.204895527193528,0.2643881518230401,0.6,0.174,-55304.396595405175,STRUCTURAL,-0.8023717060684776,-196092.70121688116,28200.0,0,0,0,0,0,0,0,inf,inf,NA,1,5,5,5,25,6,0,0,CONTINUE,0,A,1,1,0,KEEP_STRUCTURAL_IN_ON_CUT,2,3,0,0,"tail_cont_enabled=1 tail_active_dims=(1,) tail_delta=0.1 tail_start=(6, 6, 6) returned_y=(0, 6, 1) returned_b=(0, 1, 0) returned_u=(0, 0.1, 0) returned_zcap=(0, 6.1, 1) max_tail_u=0.1",NA
120,P1_no_rho,56,374.51054839999415,5.799596800003201,4.540287900017574,0.1607180000282824,0.01,38685.26596233553,38685.26596233553,-76211.09587392512,-58976.64159848602,0.0,-27538.137088475607,-70896.25109625865,-70896.23889263315,-55304.396595405175,-27538.137088475607,27766.259506929568,27766.25950692956,-27922.582987208865,35063.5,nan,nan,1.5000000000000002,10.0,0.0,0.0,10.0,0.85,CORE,MAIN,1.2066198813858593,0.2410955193883556,0.6,0.174,-55304.396595405175,STRUCTURAL,-0.8170634402426886,-196092.70121688116,28200.0,0,0,0,0,0,0,0,inf,inf,NA,1,5,5,5,25,6,0,0,CONTINUE,0,A,1,1,0,KEEP_STRUCTURAL_IN_ON_CUT,2,3,0,0,"tail_cont_enabled=1 tail_active_dims=(1,) tail_delta=0.1 tail_start=(6, 6, 6) returned_y=(0, 6, 1) returned_b=(0, 1, 0) returned_u=(0, 0.1, 0) returned_zcap=(0, 6.1, 1) max_tail_u=0.1",NA
120,P1_no_rho,57,380.05846059997566,5.799596800003201,5.547467599972151,0.1665997999953106,0.01,45595.12251065468,45595.12251065468,-76211.09587392512,-57940.16311623815,0.0,-27538.137088475607,-73173.94463347446,-73173.93198022028,-55304.396595405175,-27538.137088475607,27766.259506929568,27766.25950692956,-30151.481952878847,35950.0,nan,nan,1.5000000000000002,10.0,0.0,0.0,10.0,0.85,CORE,MAIN,1.208029222265014,0.26235581563070864,0.6,0.174,-55304.396595405175,STRUCTURAL,-0.797820121044811,-196092.70121688116,28200.0,0,0,0,0,0,0,0,inf,inf,NA,1,5,5,5,25,6,0,0,CONTINUE,0,A,1,1,0,KEEP_STRUCTURAL_IN_ON_CUT,2,3,0,0,"tail_cont_enabled=1 tail_active_dims=(1,) tail_delta=0.1 tail_start=(6, 6, 6) returned_y=(0, 6, 1) returned_b=(0, 1, 0) returned_u=(0, 0.1, 0) returned_zcap=(0, 6.1, 1) max_tail_u=0.1",NA
120,P1_no_rho,58,385.89681770000607,5.799596800003201,5.837697000009939,0.16392699989955872,0.01,28491.612744841754,28491.612744841754,-76211.09587392512,-60505.68958111009,0.0,-27538.137088475607,-65977.505020915,-65977.49314431244,-55304.396595405175,-27538.137088475607,27766.259506929568,27766.25950692956,-27378.919802747332,32283.5,nan,nan,1.5000000000000002,10.0,0.0,0.0,10.0,0.85,CORE,MAIN,1.2073366921077886,0.25510026510916795,0.6,0.174,-55304.396595405175,STRUCTURAL,-0.7970753551414832,-196092.70121688116,28200.0,0,0,0,0,0,0,0,inf,inf,NA,1,5,5,5,25,6,0,0,CONTINUE,0,A,1,1,0,KEEP_STRUCTURAL_IN_ON_CUT,2,3,0,0,"tail_cont_enabled=1 tail_active_dims=(1,) tail_delta=0.1 tail_start=(6, 6, 6) returned_y=(0, 6, 1) returned_b=(0, 1, 0) returned_u=(0, 0.1, 0) returned_zcap=(0, 6.1, 1) max_tail_u=0.1",NA
120,P1_no_rho,59,390.41132369998377,5.799596800003201,4.513979500043206,0.15723190002609044,0.01,43428.04090478423,43428.04090478423,-76211.09587392512,-58265.22535711872,0.0,-27538.137088475607,-84923.67206013504,-84923.65706255363,-55304.396595405175,-27538.137088475607,27766.259506929568,27766.25950692956,-36028.73517371985,39993.5,nan,nan,1.5000000000000002,10.0,0.0,0.0,10.0,0.85,CORE,MAIN,1.2043950758833932,0.23558752362835167,0.6,0.174,-55304.396595405175,STRUCTURAL,-0.8150478100830345,-196092.70121688116,28200.0,0,0,0,0,0,0,0,inf,inf,NA,1,5,5,5,25,6,0,0,CONTINUE,0,A,1,1,0,KEEP_STRUCTURAL_IN_ON_CUT,2,3,0,0,"tail_cont_enabled=1 tail_active_dims=(1,) tail_delta=0.1 tail_start=(6, 6, 6) returned_y=(6, 0, 2) returned_b=(1, 0, 0) returned_u=(0, 0, 0) returned_zcap=(6, 0, 2) max_tail_u=0",NA
120,P1_no_rho,60,405.37967499997467,5.799596800003201,14.96784309996292,0.17371650005225092,0.01,43656.25287583024,43656.25287583024,-76211.09587392512,-58230.993561461815,0.0,-27538.137088475607,-81156.80316376007,-81156.7895198071,-55304.396595405175,-27538.137088475607,27766.259506929568,27766.25950692956,-33313.90153595832,38912.5,nan,nan,1.5000000000000002,10.0,0.0,0.0,10.0,0.85,CORE,MAIN,1.2016070635715095,0.24972230541427098,0.6,0.174,-55304.396595405175,STRUCTURAL,-0.8196661395669561,-196092.70121688116,28200.0,0,0,0,0,0,0,0,inf,inf,NA,1,5,5,5,25,6,0,0,CONTINUE,0,A,1,1,0,KEEP_STRUCTURAL_IN_ON_CUT,2,3,0,0,"tail_cont_enabled=1 tail_active_dims=(1,) tail_delta=0.1 tail_start=(6, 6, 6) returned_y=(6, 0, 2) returned_b=(1, 0, 0) returned_u=(0, 0, 0) returned_zcap=(6, 0, 2) max_tail_u=0",NA
120,P1_no_rho,61,411.6930654000025,5.799596800003201,6.312812800053507,0.17775669996626675,0.01,38346.20312643613,38346.20312643613,-76211.09587392512,-59027.50102387094,0.0,-27538.137088475607,-71374.83272483523,-71374.82061938848,-55304.396595405175,-27538.137088475607,27766.259506929568,27766.25950692956,-27869.28888811223,36236.5,nan,nan,1.5000000000000002,10.0,0.0,0.0,10.0,0.85,CORE,MAIN,1.2008759019814232,0.25003552779628113,0.6,0.174,-55304.396595405175,STRUCTURAL,-0.8003998129193172,-196092.70121688116,28200.0,0,0,0,0,0,0,0,inf,inf,NA,1,5,5,5,25,6,0,0,CONTINUE,0,A,1,1,0,KEEP_STRUCTURAL_IN_ON_CUT,2,3,0,0,"tail_cont_enabled=1 tail_active_dims=(1,) tail_delta=0.1 tail_start=(6, 6, 6) returned_y=(6, 0, 2) returned_b=(1, 0, 0) returned_u=(0, 0, 0) returned_zcap=(6, 0, 2) max_tail_u=0",NA
120,P1_no_rho,62,415.96018729999196,5.799596800003201,4.266613700077869,0.16324539994820952,0.01,63984.18328242729,63984.18328242729,-76211.09587392512,-55181.80400047226,0.0,-27538.137088475607,-78519.8827378731,-78519.86896006287,-55304.396595405175,-27538.137088475607,27766.259506929568,27766.25950692956,-33187.78359441465,36908.0,nan,nan,1.5000000000000002,10.0,0.0,0.0,10.0,0.85,CORE,MAIN,1.19929574935391,0.2521877227967535,0.6,0.174,-55304.396595405175,STRUCTURAL,-0.8188303414914241,-196092.70121688116,28200.0,0,0,0,0,0,0,0,inf,inf,NA,1,5,5,5,25,6,0,0,CONTINUE,0,A,1,1,0,KEEP_STRUCTURAL_IN_ON_CUT,2,3,0,0,"tail_cont_enabled=1 tail_active_dims=(1,) tail_delta=0.1 tail_start=(6, 6, 6) returned_y=(6, 0, 2) returned_b=(1, 0, 0) returned_u=(0, 0, 0) returned_zcap=(6, 0, 2) max_tail_u=0",NA
120,P1_no_rho,63,422.6542673999211,5.799596800003201,6.693493099999614,0.22647980006877333,0.01,41882.35934029084,41882.35934029084,-76211.09587392512,-58497.077591792724,0.0,-27538.137088475607,-76052.58191529996,-76052.56825327767,-55304.396595405175,-27538.137088475607,27766.259506929568,27766.25950692956,-32411.385921965462,35374.0,nan,nan,1.5000000000000002,10.0,0.0,0.0,10.0,0.85,CORE,MAIN,1.198195096813914,0.2523488441142848,0.6,0.174,-55304.396595405175,STRUCTURAL,-0.822471915932836,-196092.70121688116,28200.0,0,0,0,0,0,0,0,inf,inf,NA,1,5,5,5,25,6,0,0,CONTINUE,0,A,1,1,0,KEEP_STRUCTURAL_IN_ON_CUT,2,3,0,0,"tail_cont_enabled=1 tail_active_dims=(1,) tail_delta=0.1 tail_start=(6, 6, 6) returned_y=(0, 6, 1) returned_b=(0, 1, 0) returned_u=(0, 0.1, 0) returned_zcap=(0, 6.1, 1) max_tail_u=0.1",NA
120,P1_no_rho,64,428.36485279991757,5.799596800003201,5.710041399928741,0.17088939994573593,0.01,37847.42810087695,37847.42810087695,-76211.09587392512,-59102.31727770481,0.0,-27538.137088475607,-84518.46024764705,-84518.44664993997,-55304.396595405175,-27538.137088475607,27766.259506929568,27766.25950692956,-33581.20168530045,41460.0,nan,nan,1.5000000000000002,10.0,0.0,0.0,10.0,0.85,CORE,MAIN,1.1994446703692687,0.22306987696627179,0.6,0.174,-55304.396595405175,STRUCTURAL,-0.8190584493429732,-196092.70121688116,28200.0,0,0,0,0,0,0,0,inf,inf,NA,1,5,5,5,25,6,0,0,CONTINUE,0,A,1,1,0,KEEP_STRUCTURAL_IN_ON_CUT,2,3,0,0,"tail_cont_enabled=1 tail_active_dims=(1,) tail_delta=0.1 tail_start=(6, 6, 6) returned_y=(0, 6, 1) returned_b=(0, 1, 0) returned_u=(0, 0.1, 0) returned_zcap=(0, 6.1, 1) max_tail_u=0.1",NA
120,P1_no_rho,65,441.20724769996013,5.799596800003201,12.842023100005463,0.16487340000458062,0.01,62245.28255908267,62245.28255908267,-76211.09587392512,-55442.63910897395,0.0,-27538.137088475607,-73909.12469329493,-73909.11254717615,-55304.396595405175,-27538.137088475607,27766.259506929568,27766.25950692956,-28100.41491503016,36026.5,nan,nan,1.5000000000000002,10.0,0.0,0.0,10.0,0.85,CORE,MAIN,1.201904180103107,0.2649450665275628,0.6,0.174,-55304.396595405175,STRUCTURAL,-0.8476852248973397,-196092.70121688116,28200.0,0,0,0,0,0,0,0,inf,inf,NA,1,5,5,5,25,6,0,0,CONTINUE,0,A,1,1,0,KEEP_STRUCTURAL_IN_ON_CUT,2,3,0,0,"tail_cont_enabled=1 tail_active_dims=(1,) tail_delta=0.1 tail_start=(6, 6, 6) returned_y=(0, 6, 1) returned_b=(0, 1, 0) returned_u=(0, 0.1, 0) returned_zcap=(0, 6.1, 1) max_tail_u=0.1",NA
120,P1_no_rho,66,446.78827449993696,5.799596800003201,5.580494399997406,0.1666036999085918,0.01,26419.69935228744,26419.69935228744,-76211.09587392512,-60816.47658999324,0.0,-27538.137088475607,-64833.37595493838,-64833.364263051466,-55304.396595405175,-27538.137088475607,27766.259506929568,27766.25950692956,-28014.12227392902,32183.5,nan,nan,1.5000000000000002,10.0,0.0,0.0,10.0,0.85,CORE,MAIN,1.2014695780560682,0.2673151441351598,0.6,0.174,-55304.396595405175,STRUCTURAL,-0.7626939682160615,-196092.70121688116,28200.0,0,0,0,0,0,0,0,inf,inf,NA,1,5,5,5,25,6,0,0,CONTINUE,0,A,1,1,0,KEEP_STRUCTURAL_IN_ON_CUT,2,3,0,0,"tail_cont_enabled=1 tail_active_dims=(1,) tail_delta=0.1 tail_start=(6, 6, 6) returned_y=(1, 6, 0) returned_b=(0, 1, 0) returned_u=(0, 0.1, 0) returned_zcap=(1, 6.1, 0) max_tail_u=0.1",NA
120,P1_no_rho,67,452.2612982999999,5.799596800003201,5.472544900025241,0.1749324999982491,0.01,32642.537826389405,32642.537826389405,-76211.09587392512,-59883.05081887794,0.0,-27538.137088475607,-70388.52388016027,-70388.51136956322,-55304.396595405175,-27538.137088475607,27766.259506929568,27766.25950692956,-30257.786617454884,35169.5,nan,nan,1.5000000000000002,10.0,0.0,0.0,10.0,0.85,CORE,MAIN,1.201411695186589,0.257571165940897,0.6,0.174,-55304.396595405175,STRUCTURAL,-0.7607107437241228,-196092.70121688116,28200.0,0,0,0,0,0,0,0,inf,inf,NA,1,5,5,5,25,6,0,0,CONTINUE,0,A,1,1,0,KEEP_STRUCTURAL_IN_ON_CUT,2,3,0,0,"tail_cont_enabled=1 tail_active_dims=(1,) tail_delta=0.1 tail_start=(6, 6, 6) returned_y=(5, 0, 3) returned_b=(0, 0, 0) returned_u=(0, 0, 0) returned_zcap=(5, 0, 3) max_tail_u=0",NA
120,P1_no_rho,68,458.85500679991674,5.799596800003201,6.593201099894941,0.17116320005152375,0.01,63841.18272150548,63841.18272150548,-76211.09587392512,-55203.254084610526,0.0,-27538.137088475607,-82558.66271680374,-82558.6486726832,-55304.396595405175,-27538.137088475607,27766.259506929568,27766.25950692956,-32825.79396985724,39391.5,nan,nan,1.5000000000000002,10.0,0.0,0.0,10.0,0.85,CORE,MAIN,1.1992612491169854,0.2282229808845604,0.6,0.174,-55304.396595405175,STRUCTURAL,-0.841685045467947,-196092.70121688116,28200.0,0,0,0,0,0,0,0,inf,inf,NA,1,5,5,5,25,6,0,0,CONTINUE,0,A,1,1,0,KEEP_STRUCTURAL_IN_ON_CUT,2,3,0,0,"tail_cont_enabled=1 tail_active_dims=(1,) tail_delta=0.1 tail_start=(6, 6, 6) returned_y=(5, 0, 3) returned_b=(0, 0, 0) returned_u=(0, 0, 0) returned_zcap=(5, 0, 3) max_tail_u=0",NA
120,P1_no_rho,69,465.4458211999154,5.799596800003201,6.589986399980262,0.17920250003226101,0.01,40142.823592108696,40142.823592108696,-76211.09587392512,-58758.007954020046,0.0,-27538.137088475607,-74988.22403903161,-74988.2109319866,-55304.396595405175,-27538.137088475607,27766.259506929568,27766.25950692956,-31212.614712236576,36513.5,nan,nan,1.5000000000000002,10.0,0.0,0.0,10.0,0.85,CORE,MAIN,1.1981340089902692,0.24934298142836553,0.6,0.174,-55304.396595405175,STRUCTURAL,-0.7992586526398918,-196092.70121688116,28200.0,0,0,0,0,0,0,0,inf,inf,NA,1,5,5,5,25,6,0,0,CONTINUE,0,A,1,1,0,KEEP_STRUCTURAL_IN_ON_CUT,2,3,0,0,"tail_cont_enabled=1 tail_active_dims=(1,) tail_delta=0.1 tail_start=(6, 6, 6) returned_y=(5, 0, 3) returned_b=(0, 0, 0) returned_u=(0, 0, 0) returned_zcap=(5, 0, 3) max_tail_u=0",NA
120,P1_no_rho,70,479.2205058999825,5.799596800003201,13.773814000072889,0.15028250007890165,0.01,52579.59779716994,52579.59779716994,-76211.09587392512,-56892.49182326086,0.0,-27538.137088475607,-83697.68189178962,-83697.66699413759,-55304.396595405175,-27538.137088475607,27766.259506929568,27766.25950692956,-35999.1576893319,38566.5,nan,nan,1.5000000000000002,10.0,0.0,0.0,10.0,0.85,CORE,MAIN,1.196036386017513,0.24106083389403432,0.6,0.174,-55304.396595405175,STRUCTURAL,-0.8245240351912614,-196092.70121688116,28200.0,0,0,0,0,0,0,0,inf,inf,NA,1,5,5,5,25,6,0,0,CONTINUE,0,A,1,1,0,KEEP_STRUCTURAL_IN_ON_CUT,2,3,0,0,"tail_cont_enabled=1 tail_active_dims=(1,) tail_delta=0.1 tail_start=(6, 6, 6) returned_y=(5, 0, 3) returned_b=(0, 0, 0) returned_u=(0, 0, 0) returned_zcap=(5, 0, 3) max_tail_u=0",NA
120,P1_no_rho,71,485.7468213000102,5.799596800003201,6.5253748000832275,0.1812942000105977,0.01,31177.839758434264,31177.839758434264,-76211.09587392512,-60102.75552907121,0.0,-27538.137088475607,-62934.93563648112,-62934.9243158314,-55304.396595405175,-27538.137088475607,27766.259506929568,27766.25950692956,-25496.69485125714,31171.0,nan,nan,1.5000000000000002,10.0,0.0,0.0,10.0,0.85,CORE,MAIN,1.1966897616339478,0.2807781529629465,0.6,0.174,-55304.396595405175,STRUCTURAL,-0.8007064143931699,-196092.70121688116,28200.0,0,0,0,0,0,0,0,inf,inf,NA,1,5,5,5,25,6,0,0,CONTINUE,0,A,1,1,0,KEEP_STRUCTURAL_IN_ON_CUT,2,3,0,0,"tail_cont_enabled=1 tail_active_dims=(1,) tail_delta=0.1 tail_start=(6, 6, 6) returned_y=(1, 6, 0) returned_b=(0, 1, 0) returned_u=(0, 0.1, 0) returned_zcap=(1, 6.1, 0) max_tail_u=0.1",NA
120,P1_no_rho,72,491.3401426000055,5.799596800003201,5.592563300044276,0.17479489999823272,0.01,34332.51386021064,34332.51386021064,-76211.09587392512,-59629.554413804755,0.0,-27538.137088475607,-86676.03794488906,-86676.02376732169,-55304.396595405175,-27538.137088475607,27766.259506929568,27766.25950692956,-36039.71306081255,41196.5,nan,nan,1.5000000000000002,10.0,0.0,0.0,10.0,0.85,CORE,MAIN,1.1930930683544756,0.23783382493951633,0.6,0.174,-55304.396595405175,STRUCTURAL,-0.819427389972597,-196092.70121688116,28200.0,0,0,0,0,0,0,0,inf,inf,NA,1,5,5,5,25,6,0,0,CONTINUE,0,A,1,1,0,KEEP_STRUCTURAL_IN_ON_CUT,2,3,0,0,"tail_cont_enabled=1 tail_active_dims=(1,) tail_delta=0.1 tail_start=(6, 6, 6) returned_y=(1, 6, 0) returned_b=(0, 1, 0) returned_u=(0, 0.1, 0) returned_zcap=(1, 6.1, 0) max_tail_u=0.1",NA
120,P1_no_rho,73,495.7903703999473,5.799596800003201,4.448857299983501,0.16102340002544224,0.01,52740.399507920076,52740.399507920076,-76211.09587392512,-56868.37156664834,0.0,-27538.137088475607,-78652.29256325017,-78652.27909628462,-55304.396595405175,-27538.137088475607,27766.259506929568,27766.25950692956,-33788.894930807895,37244.0,nan,nan,1.5000000000000002,10.0,0.0,0.0,10.0,0.85,CORE,MAIN,1.1901426099208678,0.25776480538440516,0.6,0.174,-55304.396595405175,STRUCTURAL,-0.8030534522871999,-196092.70121688116,28200.0,0,0,0,0,0,0,0,inf,inf,NA,1,5,5,5,25,6,0,0,CONTINUE,0,A,1,1,0,KEEP_STRUCTURAL_IN_ON_CUT,2,3,0,0,"tail_cont_enabled=1 tail_active_dims=(1,) tail_delta=0.1 tail_start=(6, 6, 6) returned_y=(1, 6, 0) returned_b=(0, 1, 0) returned_u=(0, 0.1, 0) returned_zcap=(1, 6.1, 0) max_tail_u=0.1",NA
120,P1_no_rho,74,501.30133109993767,5.799596800003201,5.510530299972743,0.1570882999803871,0.01,57381.557266058706,57381.557266058706,-76211.09587392512,-56172.197902927546,0.0,-27538.137088475607,-70787.118201648,-70787.10552069999,-55304.396595405175,-27538.137088475607,27766.259506929568,27766.25950692956,-29882.198193347253,33315.5,nan,nan,1.5000000000000002,10.0,0.0,0.0,10.0,0.85,CORE,MAIN,1.1903544846813159,0.27104606455100133,0.6,0.174,-55304.396595405175,STRUCTURAL,-0.8185360633409421,-196092.70121688116,28200.0,0,0,0,0,0,0,0,inf,inf,NA,1,5,5,5,25,6,0,0,CONTINUE,0,A,1,1,0,KEEP_STRUCTURAL_IN_ON_CUT,2,3,0,0,"tail_cont_enabled=1 tail_active_dims=(1,) tail_delta=0.1 tail_start=(6, 6, 6) returned_y=(1, 6, 0) returned_b=(0, 1, 0) returned_u=(0, 0.1, 0) returned_zcap=(1, 6.1, 0) max_tail_u=0.1",NA
120,P1_no_rho,75,515.6245115000056,5.799596800003201,14.322746000019833,0.16382110002450645,0.01,41773.9504650825,41773.9504650825,-76211.09587392512,-58513.33892307398,0.0,-27538.137088475607,-74475.02952672953,-74475.01681607444,-55304.396595405175,-27538.137088475607,27766.259506929568,27766.25950692956,-30090.251606565518,37030.5,nan,nan,1.5000000000000002,10.0,0.0,0.0,10.0,0.85,CORE,MAIN,1.1905479723247998,0.2568162501271385,0.6,0.174,-55304.396595405175,STRUCTURAL,-0.7990668090629599,-196092.70121688116,28200.0,0,0,0,0,0,0,0,inf,inf,NA,1,5,5,5,25,6,0,0,CONTINUE,0,A,1,1,0,KEEP_STRUCTURAL_IN_ON_CUT,2,3,0,0,"tail_cont_enabled=1 tail_active_dims=(1,) tail_delta=0.1 tail_start=(6, 6, 6) returned_y=(6, 0, 2) returned_b=(1, 0, 0) returned_u=(0, 0, 0) returned_zcap=(6, 0, 2) max_tail_u=0",NA
120,P1_no_rho,76,521.3211530999979,5.799596800003201,5.696031600004062,0.16357899992726743,0.01,44127.41131664153,44127.41131664153,-76211.09587392512,-58160.319795340125,0.0,-27538.137088475607,-78350.17701211573,-78350.16339016122,-55304.396595405175,-27538.137088475607,27766.259506929568,27766.25950692956,-32451.35679415535,37448.5,nan,nan,1.5000000000000002,10.0,0.0,0.0,10.0,0.85,CORE,MAIN,1.1903286868402647,0.24610056573564854,0.6,0.174,-55304.396595405175,STRUCTURAL,-0.8171009358809361,-196092.70121688116,28200.0,0,0,0,0,0,0,0,inf,inf,NA,1,5,5,5,25,6,0,0,CONTINUE,0,A,1,1,0,KEEP_STRUCTURAL_IN_ON_CUT,2,3,0,0,"tail_cont_enabled=1 tail_active_dims=(1,) tail_delta=0.1 tail_start=(6, 6, 6) returned_y=(6, 0, 2) returned_b=(1, 0, 0) returned_u=(0, 0, 0) returned_zcap=(6, 0, 2) max_tail_u=0",NA
120,P1_no_rho,77,527.513570799958,5.799596800003201,6.191396699985489,0.15628809994086623,0.01,17946.3655171307,17946.3655171307,-76211.09587392512,-62087.476665266746,0.0,-27538.137088475607,-65187.6555978833,-65187.6440719469,-55304.396595405175,-27538.137088475607,27766.259506929568,27766.25950692956,-27405.314839031715,33917.5,nan,nan,1.5000000000000002,10.0,0.0,0.0,10.0,0.85,CORE,MAIN,1.1940983763508897,0.25730205885164104,0.6,0.174,-55304.396595405175,STRUCTURAL,-0.7426319595668938,-196092.70121688116,28200.0,0,0,0,0,0,0,0,inf,inf,NA,1,5,5,5,25,6,0,0,CONTINUE,0,A,1,1,0,KEEP_STRUCTURAL_IN_ON_CUT,2,3,0,0,"tail_cont_enabled=1 tail_active_dims=(1,) tail_delta=0.1 tail_start=(6, 6, 6) returned_y=(6, 0, 2) returned_b=(1, 0, 0) returned_u=(0, 0, 0) returned_zcap=(6, 0, 2) max_tail_u=0",NA
120,P1_no_rho,78,531.635482099955,5.799596800003201,4.121461299946532,0.16458630003035069,0.01,80284.59821335385,80284.59821335385,-76211.09587392512,-52736.741760833276,0.0,-27538.137088475607,-72899.38206762064,-72899.3695199884,-55304.396595405175,-27538.137088475607,27766.259506929568,27766.25950692956,-30080.605927234446,35214.5,nan,nan,1.5000000000000002,10.0,0.0,0.0,10.0,0.85,CORE,MAIN,1.1970119752394464,0.2619047676796252,0.6,0.174,-55304.396595405175,STRUCTURAL,-0.8106275084175348,-196092.70121688116,28200.0,0,0,0,0,0,0,0,inf,inf,NA,1,5,5,5,25,6,0,0,CONTINUE,0,A,1,1,0,KEEP_STRUCTURAL_IN_ON_CUT,2,3,0,0,"tail_cont_enabled=1 tail_active_dims=(1,) tail_delta=0.1 tail_start=(6, 6, 6) returned_y=(0, 6, 1) returned_b=(0, 1, 0) returned_u=(0, 0.1, 0) returned_zcap=(0, 6.1, 1) max_tail_u=0.1",NA
120,P1_no_rho,79,537.3715985999443,5.799596800003201,5.735365899978206,0.16589609999209642,0.01,25401.223710863804,25401.223710863804,-76211.09587392512,-60969.24793620678,0.0,-27538.137088475607,-71574.91594708101,-71574.90312250605,-55304.396595405175,-27538.137088475607,27766.259506929568,27766.25950692956,-30099.842639422775,33226.5,nan,nan,1.5000000000000002,10.0,0.0,0.0,10.0,0.85,CORE,MAIN,1.199389627657537,0.23641785810996319,0.6,0.174,-55304.396595405175,STRUCTURAL,-0.8321683090923065,-196092.70121688116,28200.0,0,0,0,0,0,0,0,inf,inf,NA,1,5,5,5,25,6,0,0,CONTINUE,0,A,1,1,0,KEEP_STRUCTURAL_IN_ON_CUT,2,3,0,0,"tail_cont_enabled=1 tail_active_dims=(1,) tail_delta=0.1 tail_start=(6, 6, 6) returned_y=(0, 6, 1) returned_b=(0, 1, 0) returned_u=(0, 0.1, 0) returned_zcap=(0, 6.1, 1) max_tail_u=0.1",NA
120,P1_no_rho,80,551.1281993000302,5.799596800003201,13.75596419989597,0.1581195000326261,0.01,24915.34114070193,24915.34114070193,-76211.09587392512,-61042.13032173106,0.0,-27538.137088475607,-79453.68350934293,-79453.66938068584,-55304.396595405175,-27538.137088475607,27766.259506929568,27766.25950692956,-34072.05818347922,37521.5,nan,nan,1.5000000000000002,10.0,0.0,0.0,10.0,0.85,CORE,MAIN,1.1991156571870136,0.2457135429122852,0.6,0.174,-55304.396595405175,STRUCTURAL,-0.8063219078342926,-196092.70121688116,28200.0,0,0,0,0,0,0,0,inf,inf,NA,1,5,5,5,25,6,0,0,CONTINUE,0,A,1,1,0,KEEP_STRUCTURAL_IN_ON_CUT,2,3,0,0,"tail_cont_enabled=1 tail_active_dims=(1,) tail_delta=0.1 tail_start=(6, 6, 6) returned_y=(2, 0, 6) returned_b=(0, 0, 1) returned_u=(0, 0, 0) returned_zcap=(2, 0, 6) max_tail_u=0",NA
120,P1_no_rho,81,555.5114393000258,5.799596800003201,4.382807700079866,0.17233690002467483,0.01,36742.95697016337,36742.95697016337,-76211.09587392512,-59267.98794731185,0.0,-27538.137088475607,-74428.00312368665,-74427.9897236247,-55304.396595405175,-27538.137088475607,27766.259506929568,27766.25950692956,-31947.261672517066,35159.5,nan,nan,1.5000000000000002,10.0,0.0,0.0,10.0,0.85,CORE,MAIN,1.1990560521190117,0.24851096650058024,0.6,0.174,-55304.396595405175,STRUCTURAL,-0.8054860099661564,-196092.70121688116,28200.0,0,0,0,0,0,0,0,inf,inf,NA,1,5,5,5,25,6,0,0,CONTINUE,0,A,1,1,0,KEEP_STRUCTURAL_IN_ON_CUT,2,3,0,0,"tail_cont_enabled=1 tail_active_dims=(1,) tail_delta=0.1 tail_start=(6, 6, 6) returned_y=(0, 6, 1) returned_b=(0, 1, 0) returned_u=(0, 0.1, 0) returned_zcap=(0, 6.1, 1) max_tail_u=0.1",NA
120,P1_no_rho,82,561.3625036999583,5.799596800003201,5.85055920004379,0.17138800001703203,0.01,48478.58409235379,48478.58409235379,-76211.09587392512,-57507.64387898328,0.0,-27538.137088475607,-74280.82450984484,-74280.81115930219,-55304.396595405175,-27538.137088475607,27766.259506929568,27766.25950692956,-31695.041667698664,34898.0,nan,nan,1.5000000000000002,10.0,0.0,0.0,10.0,0.85,CORE,MAIN,1.1992919312767574,0.24391006752512057,0.6,0.174,-55304.396595405175,STRUCTURAL,-0.8135283682274721,-196092.70121688116,28200.0,0,0,0,0,0,0,0,inf,inf,NA,1,5,5,5,25,6,0,0,CONTINUE,0,A,1,1,0,KEEP_STRUCTURAL_IN_ON_CUT,2,3,0,0,"tail_cont_enabled=1 tail_active_dims=(1,) tail_delta=0.1 tail_start=(6, 6, 6) returned_y=(1, 6, 0) returned_b=(0, 1, 0) returned_u=(0, 0.1, 0) returned_zcap=(1, 6.1, 0) max_tail_u=0.1",NA
120,P1_no_rho,83,566.6202645000303,5.799596800003201,5.257155500003137,0.16452590003609657,0.01,35109.82972966544,35109.82972966544,-76211.09587392512,-59512.957033386534,0.0,-27538.137088475607,-72884.56661175693,-72884.55403652039,-55304.396595405175,-27538.137088475607,27766.259506929568,27766.25950692956,-30052.30008677554,36274.0,nan,nan,1.5000000000000002,10.0,0.0,0.0,10.0,0.85,CORE,MAIN,1.2041634047340393,0.25887646562574707,0.6,0.174,-55304.396595405175,STRUCTURAL,-0.7871984332165342,-196092.70121688116,28200.0,0,0,0,0,0,0,0,inf,inf,NA,1,5,5,5,25,6,0,0,CONTINUE,0,A,1,1,0,KEEP_STRUCTURAL_IN_ON_CUT,2,3,0,0,"tail_cont_enabled=1 tail_active_dims=(1,) tail_delta=0.1 tail_start=(6, 6, 6) returned_y=(5, 0, 3) returned_b=(0, 0, 0) returned_u=(0, 0, 0) returned_zcap=(5, 0, 3) max_tail_u=0",NA
120,P1_no_rho,84,572.7319309000159,5.799596800003201,6.111062200041488,0.16315459995530546,0.01,80895.53941663286,80895.53941663286,-76211.09587392512,-52645.10058034142,0.0,-27538.137088475607,-82380.01902389652,-82380.00516579018,-55304.396595405175,-27538.137088475607,27766.259506929568,27766.25950692956,-32724.744416405578,39160.0,nan,nan,1.5000000000000002,10.0,0.0,0.0,10.0,0.85,CORE,MAIN,1.205509490203322,0.24570868707154803,0.6,0.174,-55304.396595405175,STRUCTURAL,-0.8453398152772315,-196092.70121688116,28200.0,0,0,0,0,0,0,0,inf,inf,NA,1,5,5,5,25,6,0,0,CONTINUE,0,A,1,1,0,KEEP_STRUCTURAL_IN_ON_CUT,2,3,0,0,"tail_cont_enabled=1 tail_active_dims=(1,) tail_delta=0.1 tail_start=(6, 6, 6) returned_y=(5, 0, 3) returned_b=(0, 0, 0) returned_u=(0, 0, 0) returned_zcap=(5, 0, 3) max_tail_u=0",NA
120,P1_no_rho,85,586.0280086999992,5.799596800003201,13.295587999979034,0.16004830005113035,0.01,53913.23215365617,53913.23215365617,-76211.09587392512,-56692.446669787925,0.0,-27538.137088475607,-77898.8249210995,-77898.8119354591,-55304.396595405175,-27538.137088475607,27766.259506929568,27766.25950692956,-30586.03886996866,37589.5,nan,nan,1.5000000000000002,10.0,0.0,0.0,10.0,0.85,CORE,MAIN,1.2069452586400315,0.25833131406540943,0.6,0.174,-55304.396595405175,STRUCTURAL,-0.8391132819092286,-196092.70121688116,28200.0,0,0,0,0,0,0,0,inf,inf,NA,1,5,5,5,25,6,0,0,CONTINUE,0,A,1,1,0,KEEP_STRUCTURAL_IN_ON_CUT,2,3,0,0,"tail_cont_enabled=1 tail_active_dims=(1,) tail_delta=0.1 tail_start=(6, 6, 6) returned_y=(1, 6, 0) returned_b=(0, 1, 0) returned_u=(0, 0.1, 0) returned_zcap=(1, 6.1, 0) max_tail_u=0.1",NA
120,P1_no_rho,86,591.3885740999831,5.799596800003201,5.360198699985631,0.17714010004419833,0.01,44394.69042580247,44394.69042580247,-76211.09587392512,-58120.22792896598,0.0,-27538.137088475607,-66228.7940223479,-66228.78223805616,-55304.396595405175,-27538.137088475607,27766.259506929568,27766.25950692956,-25393.01911773344,32601.0,nan,nan,1.5000000000000002,10.0,0.0,0.0,10.0,0.85,CORE,MAIN,1.2055562613325157,0.2753137387734035,0.6,0.174,-55304.396595405175,STRUCTURAL,-0.8350615649892682,-196092.70121688116,28200.0,0,0,0,0,0,0,0,inf,inf,NA,1,5,5,5,25,6,0,0,CONTINUE,0,A,1,1,0,KEEP_STRUCTURAL_IN_ON_CUT,2,3,0,0,"tail_cont_enabled=1 tail_active_dims=(1,) tail_delta=0.1 tail_start=(6, 6, 6) returned_y=(1, 6, 0) returned_b=(0, 1, 0) returned_u=(0, 0.1, 0) returned_zcap=(1, 6.1, 0) max_tail_u=0.1",NA
120,P1_no_rho,87,595.7994393999688,5.799596800003201,4.410287100006826,0.15566239994950593,0.01,39256.44943901676,39256.44943901676,-76211.09587392512,-58890.96407698384,0.0,-27538.137088475607,-80714.62806230156,-80714.61384276008,-55304.396595405175,-27538.137088475607,27766.259506929568,27766.25950692956,-34341.3732214892,37915.0,nan,nan,1.5000000000000002,10.0,0.0,0.0,10.0,0.85,CORE,MAIN,1.2028596099846094,0.25256122060660324,0.6,0.174,-55304.396595405175,STRUCTURAL,-0.8153895225508088,-196092.70121688116,28200.0,0,0,0,0,0,0,0,inf,inf,NA,1,5,5,5,25,6,0,0,CONTINUE,0,A,1,1,0,KEEP_STRUCTURAL_IN_ON_CUT,2,3,0,0,"tail_cont_enabled=1 tail_active_dims=(1,) tail_delta=0.1 tail_start=(6, 6, 6) returned_y=(6, 0, 2) returned_b=(1, 0, 0) returned_u=(0, 0, 0) returned_zcap=(6, 0, 2) max_tail_u=0",NA
120,P1_no_rho,88,601.9596401000163,5.799596800003201,6.159676200011745,0.15280159993562847,0.01,33640.83651585879,33640.83651585879,-76211.09587392512,-59733.306015457536,0.0,-27538.137088475607,-69792.76458533264,-69792.7521176993,-55304.396595405175,-27538.137088475607,27766.259506929568,27766.25950692956,-29668.50017789755,34008.0,nan,nan,1.5000000000000002,10.0,0.0,0.0,10.0,0.85,CORE,MAIN,1.2025243207181961,0.2577648860643008,0.6,0.174,-55304.396595405175,STRUCTURAL,-0.786564963926169,-196092.70121688116,28200.0,0,0,0,0,0,0,0,inf,inf,NA,1,5,5,5,25,6,0,0,CONTINUE,0,A,1,1,0,KEEP_STRUCTURAL_IN_ON_CUT,2,3,0,0,"tail_cont_enabled=1 tail_active_dims=(1,) tail_delta=0.1 tail_start=(6, 6, 6) returned_y=(6, 0, 2) returned_b=(1, 0, 0) returned_u=(0, 0, 0) returned_zcap=(6, 0, 2) max_tail_u=0",NA
120,P1_no_rho,89,608.5049569000257,5.799596800003201,6.544734800001606,0.20519180002156645,0.01,40232.52174890466,40232.52174890466,-76211.09587392512,-58744.55323050065,0.0,-27538.137088475607,-78001.05323049989,-78001.04020073797,-55304.396595405175,-27538.137088475607,27766.259506929568,27766.25950692956,-32389.38018393788,36813.5,nan,nan,1.5000000000000002,10.0,0.0,0.0,10.0,0.85,CORE,MAIN,1.2011842813793887,0.26318433437953803,0.6,0.174,-55304.396595405175,STRUCTURAL,-0.8259951741761414,-196092.70121688116,28200.0,0,0,0,0,0,0,0,inf,inf,NA,1,5,5,5,25,6,0,0,CONTINUE,0,A,1,1,0,KEEP_STRUCTURAL_IN_ON_CUT,2,3,0,0,"tail_cont_enabled=1 tail_active_dims=(1,) tail_delta=0.1 tail_start=(6, 6, 6) returned_y=(0, 6, 1) returned_b=(0, 1, 0) returned_u=(0, 0.1, 0) returned_zcap=(0, 6.1, 1) max_tail_u=0.1",NA
120,P1_no_rho,90,622.5829724000068,5.799596800003201,14.07749480009079,0.16061709995847195,0.01,47923.48837197029,47923.48837197029,-76211.09587392512,-57590.90823704081,0.0,-27538.137088475607,-80348.8558466841,-80348.84174488549,-55304.396595405175,-27538.137088475607,27766.259506929568,27766.25950692956,-34467.623713317,38268.5,nan,nan,1.5000000000000002,10.0,0.0,0.0,10.0,0.85,CORE,MAIN,1.1996055960486727,0.25918634692181297,0.6,0.174,-55304.396595405175,STRUCTURAL,-0.7992860626288545,-196092.70121688116,28200.0,0,0,0,0,0,0,0,inf,inf,NA,1,5,5,5,25,6,0,0,CONTINUE,0,A,1,1,0,KEEP_STRUCTURAL_IN_ON_CUT,2,3,0,0,"tail_cont_enabled=1 tail_active_dims=(1,) tail_delta=0.1 tail_start=(6, 6, 6) returned_y=(6, 0, 2) returned_b=(1, 0, 0) returned_u=(0, 0, 0) returned_zcap=(6, 0, 2) max_tail_u=0",NA
120,P1_no_rho,91,629.1822541999863,5.799596800003201,6.598529100068845,0.15725939988624305,0.01,28407.22388816827,28407.22388816827,-76211.09587392512,-60518.34790961111,0.0,-27538.137088475607,-72247.10068401013,-72247.08808579292,-55304.396595405175,-27538.137088475607,27766.259506929568,27766.25950692956,-30341.468958055702,36068.0,nan,nan,1.5000000000000002,10.0,0.0,0.0,10.0,0.85,CORE,MAIN,1.1997957350573276,0.2639284055228176,0.6,0.174,-55304.396595405175,STRUCTURAL,-0.7745669130112972,-196092.70121688116,28200.0,0,0,0,0,0,0,0,inf,inf,NA,1,5,5,5,25,6,0,0,CONTINUE,0,A,1,1,0,KEEP_STRUCTURAL_IN_ON_CUT,2,3,0,0,"tail_cont_enabled=1 tail_active_dims=(1,) tail_delta=0.1 tail_start=(6, 6, 6) returned_y=(6, 0, 2) returned_b=(1, 0, 0) returned_u=(0, 0, 0) returned_zcap=(6, 0, 2) max_tail_u=0",NA
120,P1_no_rho,92,633.586533099995,5.799596800003201,4.4037972000660375,0.16585669992491603,0.01,39595.86865583858,39595.86865583858,-76211.09587392512,-58840.05119446057,0.0,-27538.137088475607,-73294.4500097744,-73294.4369996399,-55304.396595405175,-27538.137088475607,27766.259506929568,27766.25950692956,-31535.5320343576,35184.5,nan,nan,1.5000000000000002,10.0,0.0,0.0,10.0,0.85,CORE,MAIN,1.2025577695823255,0.2611971728217036,0.6,0.174,-55304.396595405175,STRUCTURAL,-0.7912367655318353,-196092.70121688116,28200.0,0,0,0,0,0,0,0,inf,inf,NA,1,5,5,5,25,6,0,0,CONTINUE,0,A,1,1,0,KEEP_STRUCTURAL_IN_ON_CUT,2,3,0,0,"tail_cont_enabled=1 tail_active_dims=(1,) tail_delta=0.1 tail_start=(6, 6, 6) returned_y=(1, 6, 0) returned_b=(0, 1, 0) returned_u=(0, 0.1, 0) returned_zcap=(1, 6.1, 0) max_tail_u=0.1",NA
120,P1_no_rho,93,639.1205371000106,5.799596800003201,5.533032300067134,0.16394820006098598,0.01,65050.54431789571,65050.54431789571,-76211.09587392512,-55021.849845152,0.0,-27538.137088475607,-74507.96762197357,-74507.95480827468,-55304.396595405175,-27538.137088475607,27766.259506929568,27766.25950692956,-28669.646433965798,36403.5,nan,nan,1.5000000000000002,10.0,0.0,0.0,10.0,0.85,CORE,MAIN,1.2046771216711678,0.25873254583097294,0.6,0.174,-55304.396595405175,STRUCTURAL,-0.8394487411798108,-196092.70121688116,28200.0,0,0,0,0,0,0,0,inf,inf,NA,1,5,5,5,25,6,0,0,CONTINUE,0,A,1,1,0,KEEP_STRUCTURAL_IN_ON_CUT,2,3,0,0,"tail_cont_enabled=1 tail_active_dims=(1,) tail_delta=0.1 tail_start=(6, 6, 6) returned_y=(1, 6, 0) returned_b=(0, 1, 0) returned_u=(0, 0.1, 0) returned_zcap=(1, 6.1, 0) max_tail_u=0.1",NA
120,P1_no_rho,94,644.4735110999318,5.799596800003201,5.352348199929111,0.15307570004370064,0.01,33852.8311977383,33852.8311977383,-76211.09587392512,-59701.506813175605,0.0,-27538.137088475607,-68287.7970353241,-68287.78470876403,-55304.396595405175,-27538.137088475607,27766.259506929568,27766.25950692956,-28503.43353219089,32520.0,nan,nan,1.5000000000000002,10.0,0.0,0.0,10.0,0.85,CORE,MAIN,1.2060644560945952,0.2475547059495361,0.6,0.174,-55304.396595405175,STRUCTURAL,-0.8155873549932994,-196092.70121688116,28200.0,0,0,0,0,0,0,0,inf,inf,NA,1,5,5,5,25,6,0,0,CONTINUE,0,A,1,1,0,KEEP_STRUCTURAL_IN_ON_CUT,2,3,0,0,"tail_cont_enabled=1 tail_active_dims=(1,) tail_delta=0.1 tail_start=(6, 6, 6) returned_y=(1, 6, 0) returned_b=(0, 1, 0) returned_u=(0, 0.1, 0) returned_zcap=(1, 6.1, 0) max_tail_u=0.1",NA
120,P1_no_rho,95,659.3396079000086,5.799596800003201,14.865590200060979,0.1580451000481844,0.01,53431.78823585808,53431.78823585808,-76211.09587392512,-56764.663257457636,0.0,-27538.137088475607,-75506.68596306327,-75506.67239372656,-55304.396595405175,-27538.137088475607,27766.259506929568,27766.25950692956,-32880.250962630555,36462.0,nan,nan,1.5000000000000002,10.0,0.0,0.0,10.0,0.85,CORE,MAIN,1.2064787786560784,0.24914729516512824,0.6,0.174,-55304.396595405175,STRUCTURAL,-0.7793761803356188,-196092.70121688116,28200.0,0,0,0,0,0,0,0,inf,inf,NA,1,5,5,5,25,6,0,0,CONTINUE,0,A,1,1,0,KEEP_STRUCTURAL_IN_ON_CUT,2,3,0,0,"tail_cont_enabled=1 tail_active_dims=(1,) tail_delta=0.1 tail_start=(6, 6, 6) returned_y=(2, 0, 6) returned_b=(0, 0, 1) returned_u=(0, 0, 0) returned_zcap=(2, 0, 6) max_tail_u=0",NA
120,P1_no_rho,96,663.684819099959,5.799596800003201,4.344553899951279,0.15689230000134557,0.01,51752.00528571635,51752.00528571635,-76211.09587392512,-57016.6306999789,0.0,-27538.137088475607,-81200.85752065934,-81200.84332054264,-55304.396595405175,-27538.137088475607,27766.259506929568,27766.25950692956,-33534.687543980785,38550.5,nan,nan,1.5000000000000002,10.0,0.0,0.0,10.0,0.85,CORE,MAIN,1.2054572565919972,0.24728532820445748,0.6,0.174,-55304.396595405175,STRUCTURAL,-0.8243067452918785,-196092.70121688116,28200.0,0,0,0,0,0,0,0,inf,inf,NA,1,5,5,5,25,6,0,0,CONTINUE,0,A,1,1,0,KEEP_STRUCTURAL_IN_ON_CUT,2,3,0,0,"tail_cont_enabled=1 tail_active_dims=(1,) tail_delta=0.1 tail_start=(6, 6, 6) returned_y=(2, 0, 6) returned_b=(0, 0, 1) returned_u=(0, 0, 0) returned_zcap=(2, 0, 6) max_tail_u=0",NA
120,P1_no_rho,97,670.0816948999418,5.799596800003201,6.396242299932055,0.1545294999377802,0.01,32343.228101244593,32343.228101244593,-76211.09587392512,-59927.94727764966,0.0,-27538.137088475607,-66961.62513292622,-66961.61344382176,-55304.396595405175,-27538.137088475607,27766.259506929568,27766.25950692956,-27816.673952135887,34774.5,nan,nan,1.5000000000000002,10.0,0.0,0.0,10.0,0.85,CORE,MAIN,1.2057564155998155,0.2535859965252495,0.6,0.174,-55304.396595405175,STRUCTURAL,-0.7504529562694093,-196092.70121688116,28200.0,0,0,0,0,0,0,0,inf,inf,NA,1,5,5,5,25,6,0,0,CONTINUE,0,A,1,1,0,KEEP_STRUCTURAL_IN_ON_CUT,2,3,0,0,"tail_cont_enabled=1 tail_active_dims=(1,) tail_delta=0.1 tail_start=(6, 6, 6) returned_y=(2, 0, 6) returned_b=(0, 0, 1) returned_u=(0, 0, 0) returned_zcap=(2, 0, 6) max_tail_u=0",NA
120,P1_no_rho,98,675.6339247999713,5.799596800003201,5.5516440999927,0.16721500002313405,0.01,52190.48331566575,52190.48331566575,-76211.09587392512,-56950.85899548649,0.0,-27538.137088475607,-75834.53027961797,-75834.51700358753,-55304.396595405175,-27538.137088475607,27766.259506929568,27766.25950692956,-31786.766508844255,37459.5,nan,nan,1.5000000000000002,10.0,0.0,0.0,10.0,0.85,CORE,MAIN,1.2051389568143354,0.25369716994655134,0.6,0.174,-55304.396595405175,STRUCTURAL,-0.7839177510777108,-196092.70121688116,28200.0,0,0,0,0,0,0,0,inf,inf,NA,1,5,5,5,25,6,0,0,CONTINUE,0,A,1,1,0,KEEP_STRUCTURAL_IN_ON_CUT,2,3,0,0,"tail_cont_enabled=1 tail_active_dims=(1,) tail_delta=0.1 tail_start=(6, 6, 6) returned_y=(2, 0, 6) returned_b=(0, 0, 1) returned_u=(0, 0, 0) returned_zcap=(2, 0, 6) max_tail_u=0",NA
120,P1_no_rho,99,682.3938025999814,5.799596800003201,6.759217199985869,0.17857829993590713,0.01,36227.02008569962,36227.02008569962,-76211.09587392512,-59345.37847998141,0.0,-27538.137088475607,-72189.28822618639,-72189.27533514937,-55304.396595405175,-27538.137088475607,27766.259506929568,27766.25950692956,-30295.946192775627,34114.5,nan,nan,1.5000000000000002,10.0,0.0,0.0,10.0,0.85,CORE,MAIN,1.2051583432356172,0.24514203826043668,0.6,0.174,-55304.396595405175,STRUCTURAL,-0.8186807983384142,-196092.70121688116,28200.0,0,0,0,0,0,0,0,inf,inf,NA,1,5,5,5,25,6,0,0,CONTINUE,0,A,1,1,0,KEEP_STRUCTURAL_IN_ON_CUT,2,3,0,0,"tail_cont_enabled=1 tail_active_dims=(1,) tail_delta=0.1 tail_start=(6, 6, 6) returned_y=(1, 6, 0) returned_b=(0, 1, 0) returned_u=(0, 0.1, 0) returned_zcap=(1, 6.1, 0) max_tail_u=0.1",NA
120,P1_no_rho,100,695.1980341000017,5.799596800003201,12.803673900081776,0.15247440000530332,0.01,35598.718248802325,35598.718248802325,-76211.09587392512,-59439.623755516004,0.0,-27538.137088475607,-83961.74965628855,-83961.73614539763,-55304.396595405175,-27538.137088475607,27766.259506929568,27766.25950692956,-32201.96842391164,40222.5,nan,nan,1.5000000000000002,10.0,0.0,0.0,10.0,0.85,CORE,MAIN,1.2024936817374892,0.23851422108593612,0.6,0.174,-55304.396595405175,STRUCTURAL,-0.8578907779059975,-196092.70121688116,28200.0,0,0,0,0,0,0,0,inf,inf,NA,1,5,5,5,25,6,0,0,CONTINUE,0,A,1,1,0,KEEP_STRUCTURAL_IN_ON_CUT,2,3,0,0,"tail_cont_enabled=1 tail_active_dims=(1,) tail_delta=0.1 tail_start=(6, 6, 6) returned_y=(1, 6, 0) returned_b=(0, 1, 0) returned_u=(0, 0.1, 0) returned_zcap=(1, 6.1, 0) max_tail_u=0.1",NA
120,P1_no_rho,101,700.5879221999785,5.799596800003201,5.389232599991374,0.15543369995430112,0.01,55707.1363578307,55707.1363578307,-76211.09587392512,-56423.36103916175,0.0,-27538.137088475607,-75921.01609274736,-75921.00306337862,-55304.396595405175,-27538.137088475607,27766.259506929568,27766.25950692956,-30945.957109046973,36176.5,nan,nan,1.5000000000000002,10.0,0.0,0.0,10.0,0.85,CORE,MAIN,1.201077021013245,0.2585310249988393,0.6,0.174,-55304.396595405175,STRUCTURAL,-0.8288077611033245,-196092.70121688116,28200.0,0,0,0,0,0,0,0,inf,inf,NA,1,5,5,5,25,6,0,0,CONTINUE,0,A,1,1,0,KEEP_STRUCTURAL_IN_ON_CUT,2,3,0,0,"tail_cont_enabled=1 tail_active_dims=(1,) tail_delta=0.1 tail_start=(6, 6, 6) returned_y=(1, 6, 0) returned_b=(0, 1, 0) returned_u=(0, 0.1, 0) returned_zcap=(1, 6.1, 0) max_tail_u=0.1",NA
120,P1_no_rho,102,706.0551413999638,5.799596800003201,5.46669709996786,0.16463929996825755,0.01,41168.80837487348,41168.80837487348,-76211.09587392512,-58604.11023660533,0.0,-27538.137088475607,-74784.69344187625,-74784.67994009101,-55304.396595405175,-27538.137088475607,27766.259506929568,27766.25950692956,-32412.73368125971,34801.5,nan,nan,1.5000000000000002,10.0,0.0,0.0,10.0,0.85,CORE,MAIN,1.2008476844142453,0.24945245195815757,0.6,0.174,-55304.396595405175,STRUCTURAL,-0.8116881218497534,-196092.70121688116,28200.0,0,0,0,0,0,0,0,inf,inf,NA,1,5,5,5,25,6,0,0,CONTINUE,0,A,1,1,0,KEEP_STRUCTURAL_IN_ON_CUT,2,3,0,0,"tail_cont_enabled=1 tail_active_dims=(1,) tail_delta=0.1 tail_start=(6, 6, 6) returned_y=(1, 6, 0) returned_b=(0, 1, 0) returned_u=(0, 0.1, 0) returned_zcap=(1, 6.1, 0) max_tail_u=0.1",NA
120,P1_no_rho,103,710.3115112999221,5.799596800003201,4.255851099966094,0.17457280005328357,0.01,26170.67765890303,26170.67765890303,-76211.09587392512,-60853.829844000895,0.0,-27538.137088475607,-65620.53395749323,-65620.52211735777,-55304.396595405175,-27538.137088475607,27766.259506929568,27766.25950692956,-27197.044014789924,32282.0,nan,nan,1.5000000000000002,10.0,0.0,0.0,10.0,0.85,CORE,MAIN,1.2015170031996778,0.25929117484939657,0.6,0.174,-55304.396595405175,STRUCTURAL,-0.7934964397614324,-196092.70121688116,28200.0,0,0,0,0,0,0,0,inf,inf,NA,1,5,5,5,25,6,0,0,CONTINUE,0,A,1,1,0,KEEP_STRUCTURAL_IN_ON_CUT,2,3,0,0,"tail_cont_enabled=1 tail_active_dims=(1,) tail_delta=0.1 tail_start=(6, 6, 6) returned_y=(0, 6, 1) returned_b=(0, 1, 0) returned_u=(0, 0.1, 0) returned_zcap=(0, 6.1, 1) max_tail_u=0.1",NA
120,P1_no_rho,104,715.7520929999882,5.799596800003201,5.440093900077045,0.15396040002815425,0.01,59264.05412568343,59264.05412568343,-76211.09587392512,-55889.82337398383,0.0,-27538.137088475607,-84259.44418208805,-84259.43016626907,-55304.396595405175,-27538.137088475607,27766.259506929568,27766.25950692956,-33227.84839513813,40471.0,nan,nan,1.5000000000000002,10.0,0.0,0.0,10.0,0.85,CORE,MAIN,1.1993270669027218,0.24137841051525766,0.6,0.174,-55304.396595405175,STRUCTURAL,-0.8406279685228258,-196092.70121688116,28200.0,0,0,0,0,0,0,0,inf,inf,NA,1,5,5,5,25,6,0,0,CONTINUE,0,A,1,1,0,KEEP_STRUCTURAL_IN_ON_CUT,2,3,0,0,"tail_cont_enabled=1 tail_active_dims=(1,) tail_delta=0.1 tail_start=(6, 6, 6) returned_y=(6, 0, 2) returned_b=(1, 0, 0) returned_u=(0, 0, 0) returned_zcap=(6, 0, 2) max_tail_u=0",NA
120,P1_no_rho,105,731.0136169999605,5.799596800003201,15.260929899988696,0.16227989993058145,0.01,58323.12126164098,58323.12126164098,-76211.09587392512,-56030.96330359021,0.0,-27538.137088475607,-84687.78810209563,-84687.77392486855,-55304.396595405175,-27538.137088475607,27766.259506929568,27766.25950692956,-33222.01930420825,39744.0,nan,nan,1.5000000000000002,10.0,0.0,0.0,10.0,0.85,CORE,MAIN,1.19591345059174,0.2505032097673825,0.6,0.174,-55304.396595405175,STRUCTURAL,-0.8632876177646993,-196092.70121688116,28200.0,0,0,0,0,0,0,0,inf,inf,NA,1,5,5,5,25,6,0,0,CONTINUE,0,A,1,1,0,KEEP_STRUCTURAL_IN_ON_CUT,2,3,0,0,"tail_cont_enabled=1 tail_active_dims=(1,) tail_delta=0.1 tail_start=(6, 6, 6) returned_y=(6, 0, 2) returned_b=(1, 0, 0) returned_u=(0, 0, 0) returned_zcap=(6, 0, 2) max_tail_u=0",NA
120,P1_no_rho,106,737.3958205999807,5.799596800003201,6.381572199985385,0.1747407999355346,0.01,71730.95028226092,71730.95028226092,-76211.09587392512,-54019.78895049721,0.0,-27538.137088475607,-77213.18222122591,-77213.1689154222,-55304.396595405175,-27538.137088475607,27766.259506929568,27766.25950692956,-31997.603628534627,37811.5,nan,nan,1.5000000000000002,10.0,0.0,0.0,10.0,0.85,CORE,MAIN,1.1945977417798355,0.259467160725976,0.6,0.174,-55304.396595405175,STRUCTURAL,-0.7972101130941214,-196092.70121688116,28200.0,0,0,0,0,0,0,0,inf,inf,NA,1,5,5,5,25,6,0,0,CONTINUE,0,A,1,1,0,KEEP_STRUCTURAL_IN_ON_CUT,2,3,0,0,"tail_cont_enabled=1 tail_active_dims=(1,) tail_delta=0.1 tail_start=(6, 6, 6) returned_y=(6, 0, 2) returned_b=(1, 0, 0) returned_u=(0, 0, 0) returned_zcap=(6, 0, 2) max_tail_u=0",NA
120,P1_no_rho,107,741.824392599985,5.799596800003201,4.42794830002822,0.16656880010850728,0.01,34302.15395161576,34302.15395161576,-76211.09587392512,-59634.10840009399,0.0,-27538.137088475607,-65690.6401695233,-65690.62872018112,-55304.396595405175,-27538.137088475607,27766.259506929568,27766.25950692956,-26903.481894360622,32605.0,nan,nan,1.5000000000000002,10.0,0.0,0.0,10.0,0.85,CORE,MAIN,1.1967410066070272,0.24946648166542007,0.6,0.174,-55304.396595405175,STRUCTURAL,-0.7930715498813162,-196092.70121688116,28200.0,0,0,0,0,0,0,0,inf,inf,NA,1,5,5,5,25,6,0,0,CONTINUE,0,A,1,1,0,KEEP_STRUCTURAL_IN_ON_CUT,2,3,0,0,"tail_cont_enabled=1 tail_active_dims=(1,) tail_delta=0.1 tail_start=(6, 6, 6) returned_y=(0, 6, 1) returned_b=(0, 1, 0) returned_u=(0, 0.1, 0) returned_zcap=(0, 6.1, 1) max_tail_u=0.1",NA
120,P1_no_rho,108,747.34109849995,5.799596800003201,5.516171999974176,0.1660245000384748,0.01,31196.5400432368,31196.5400432368,-76211.09587392512,-60099.950486350834,0.0,-27538.137088475607,-66953.88584922807,-66953.87392272014,-55304.396595405175,-27538.137088475607,27766.259506929568,27766.25950692956,-27752.910519163954,32672.0,nan,nan,1.5000000000000002,10.0,0.0,0.0,10.0,0.85,CORE,MAIN,1.1996136967200295,0.2502921547209547,0.6,0.174,-55304.396595405175,STRUCTURAL,-0.7998890671636506,-196092.70121688116,28200.0,0,0,0,0,0,0,0,inf,inf,NA,1,5,5,5,25,6,0,0,CONTINUE,0,A,1,1,0,KEEP_STRUCTURAL_IN_ON_CUT,2,3,0,0,"tail_cont_enabled=1 tail_active_dims=(1,) tail_delta=0.1 tail_start=(6, 6, 6) returned_y=(0, 6, 1) returned_b=(0, 1, 0) returned_u=(0, 0.1, 0) returned_zcap=(0, 6.1, 1) max_tail_u=0.1",NA
120,P1_no_rho,109,752.6784850999247,5.799596800003201,5.336852399981581,0.16878810001071543,0.01,23661.969026308685,23661.969026308685,-76211.09587392512,-61230.13613889005,0.0,-27538.137088475607,-72486.88410277343,-72486.87101660875,-55304.396595405175,-27538.137088475607,27766.259506929568,27766.25950692956,-31351.126279470485,33935.0,nan,nan,1.5000000000000002,10.0,0.0,0.0,10.0,0.85,CORE,MAIN,1.2007252413647516,0.2519883530686563,0.6,0.174,-55304.396595405175,STRUCTURAL,-0.8081281810743728,-196092.70121688116,28200.0,0,0,0,0,0,0,0,inf,inf,NA,1,5,5,5,25,6,0,0,CONTINUE,0,A,1,1,0,KEEP_STRUCTURAL_IN_ON_CUT,2,3,0,0,"tail_cont_enabled=1 tail_active_dims=(1,) tail_delta=0.1 tail_start=(6, 6, 6) returned_y=(0, 6, 1) returned_b=(0, 1, 0) returned_u=(0, 0.1, 0) returned_zcap=(0, 6.1, 1) max_tail_u=0.1",NA
120,P1_no_rho,110,765.1616238999413,5.799596800003201,12.482597199967131,0.16674549994058907,0.01,53097.407528472904,53097.407528472904,-76211.09587392512,-56814.82036356541,0.0,-27538.137088475607,-70646.51225586336,-70646.49964537325,-55304.396595405175,-27538.137088475607,27766.259506929568,27766.25950692956,-30872.19173801206,34683.5,nan,nan,1.5000000000000002,10.0,0.0,0.0,10.0,0.85,CORE,MAIN,1.2024059471522677,0.2632934150011538,0.6,0.174,-55304.396595405175,STRUCTURAL,-0.7645193037488754,-196092.70121688116,28200.0,0,0,0,0,0,0,0,inf,inf,NA,1,5,5,5,25,6,0,0,CONTINUE,0,A,1,1,0,KEEP_STRUCTURAL_IN_ON_CUT,2,3,0,0,"tail_cont_enabled=1 tail_active_dims=(1,) tail_delta=0.1 tail_start=(6, 6, 6) returned_y=(0, 6, 1) returned_b=(0, 1, 0) returned_u=(0, 0.1, 0) returned_zcap=(0, 6.1, 1) max_tail_u=0.1",NA
120,P1_no_rho,111,770.7801844999194,5.799596800003201,5.618002099916339,0.1607866999693215,0.01,40977.86854548446,40977.86854548446,-76211.09587392512,-58632.75121101368,0.0,-27538.137088475607,-83984.92284626198,-83984.90844552046,-55304.396595405175,-27538.137088475607,27766.259506929568,27766.25950692956,-33880.997215645875,39553.5,nan,nan,1.5000000000000002,10.0,0.0,0.0,10.0,0.85,CORE,MAIN,1.2014143027748327,0.238702910831744,0.6,0.174,-55304.396595405175,STRUCTURAL,-0.8444918271855348,-196092.70121688116,28200.0,0,0,0,0,0,0,0,inf,inf,NA,1,5,5,5,25,6,0,0,CONTINUE,0,A,1,1,0,KEEP_STRUCTURAL_IN_ON_CUT,2,3,0,0,"tail_cont_enabled=1 tail_active_dims=(1,) tail_delta=0.1 tail_start=(6, 6, 6) returned_y=(6, 0, 2) returned_b=(1, 0, 0) returned_u=(0, 0, 0) returned_zcap=(6, 0, 2) max_tail_u=0",NA
120,P1_no_rho,112,777.072541099973,5.799596800003201,6.2918343000346795,0.15956360008567572,0.01,62809.037550180234,62809.037550180234,-76211.09587392512,-55358.07586030931,0.0,-27538.137088475607,-89252.55986695531,-89252.54490180028,-55304.396595405175,-27538.137088475607,27766.259506929568,27766.25950692956,-35287.5885968294,41293.0,nan,nan,1.5000000000000002,10.0,0.0,0.0,10.0,0.85,CORE,MAIN,1.1980474802522214,0.23254536669319792,0.6,0.174,-55304.396595405175,STRUCTURAL,-0.871252695048731,-196092.70121688116,28200.0,0,0,0,0,0,0,0,inf,inf,NA,1,5,5,5,25,6,0,0,CONTINUE,0,A,1,1,0,KEEP_STRUCTURAL_IN_ON_CUT,2,3,0,0,"tail_cont_enabled=1 tail_active_dims=(1,) tail_delta=0.1 tail_start=(6, 6, 6) returned_y=(6, 0, 2) returned_b=(1, 0, 0) returned_u=(0, 0, 0) returned_zcap=(6, 0, 2) max_tail_u=0",NA
120,P1_no_rho,113,781.5785966999829,5.799596800003201,4.505613400018774,0.17151150002609938,0.01,66509.40578776621,66509.40578776621,-76211.09587392512,-54803.02062467142,0.0,-27538.137088475607,-85555.23599724578,-85555.22155279544,-55304.396595405175,-27538.137088475607,27766.259506929568,27766.25950692956,-34336.373451454805,40571.0,nan,nan,1.5000000000000002,10.0,0.0,0.0,10.0,0.85,CORE,MAIN,1.1949996370174716,0.24687395793003686,0.6,0.174,-55304.396595405175,STRUCTURAL,-0.8416331550670947,-196092.70121688116,28200.0,0,0,0,0,0,0,0,inf,inf,NA,1,5,5,5,25,6,0,0,CONTINUE,0,A,1,1,0,KEEP_STRUCTURAL_IN_ON_CUT,2,3,0,0,"tail_cont_enabled=1 tail_active_dims=(1,) tail_delta=0.1 tail_start=(6, 6, 6) returned_y=(6, 0, 2) returned_b=(1, 0, 0) returned_u=(0, 0, 0) returned_zcap=(6, 0, 2) max_tail_u=0",NA
120,P1_no_rho,114,788.3964785999851,5.799596800003201,6.8173991000512615,0.1648253999883309,0.01,56114.13024482725,56114.13024482725,-76211.09587392512,-56362.311956112266,0.0,-27538.137088475607,-66099.4334032179,-66099.42149214484,-55304.396595405175,-27538.137088475607,27766.259506929568,27766.25950692956,-27633.831295110813,32699.5,nan,nan,1.5000000000000002,10.0,0.0,0.0,10.0,0.85,CORE,MAIN,1.1954147547150864,0.27282036627541706,0.6,0.174,-55304.396595405175,STRUCTURAL,-0.7842238198756153,-196092.70121688116,28200.0,0,0,0,0,0,0,0,inf,inf,NA,1,5,5,5,25,6,0,0,CONTINUE,0,A,1,1,0,KEEP_STRUCTURAL_IN_ON_CUT,2,3,0,0,"tail_cont_enabled=1 tail_active_dims=(1,) tail_delta=0.1 tail_start=(6, 6, 6) returned_y=(0, 6, 1) returned_b=(0, 1, 0) returned_u=(0, 0.1, 0) returned_zcap=(0, 6.1, 1) max_tail_u=0.1",NA
120,P1_no_rho,115,802.5258189999731,5.799596800003201,14.128595400019549,0.16371390002314,0.01,47703.71021692207,47703.71021692207,-76211.09587392512,-57623.87496029804,0.0,-27538.137088475607,-69629.69851702741,-69629.68630171292,-55304.396595405175,-27538.137088475607,27766.259506929568,27766.25950692956,-27785.11825043844,33635.5,nan,nan,1.5000000000000002,10.0,0.0,0.0,10.0,0.85,CORE,MAIN,1.1968442819148994,0.2668007217784495,0.6,0.174,-55304.396595405175,STRUCTURAL,-0.8293730939290226,-196092.70121688116,28200.0,0,0,0,0,0,0,0,inf,inf,NA,1,5,5,5,25,6,0,0,CONTINUE,0,A,1,1,0,KEEP_STRUCTURAL_IN_ON_CUT,2,3,0,0,"tail_cont_enabled=1 tail_active_dims=(1,) tail_delta=0.1 tail_start=(6, 6, 6) returned_y=(0, 6, 1) returned_b=(0, 1, 0) returned_u=(0, 0.1, 0) returned_zcap=(0, 6.1, 1) max_tail_u=0.1",NA
120,P1_no_rho,116,807.3911598999985,5.799596800003201,4.86451860005036,0.16344359994400293,0.01,40526.47470821331,40526.47470821331,-76211.09587392512,-58700.46028660436,0.0,-27538.137088475607,-69860.15247882309,-69860.14015623237,-55304.396595405175,-27538.137088475607,27766.259506929568,27766.25950692956,-28603.630530913764,34076.5,nan,nan,1.5000000000000002,10.0,0.0,0.0,10.0,0.85,CORE,MAIN,1.198427998073416,0.2675038907690417,0.6,0.174,-55304.396595405175,STRUCTURAL,-0.8071351151148859,-196092.70121688116,28200.0,0,0,0,0,0,0,0,inf,inf,NA,1,5,5,5,25,6,0,0,CONTINUE,0,A,1,1,0,KEEP_STRUCTURAL_IN_ON_CUT,2,3,0,0,"tail_cont_enabled=1 tail_active_dims=(1,) tail_delta=0.1 tail_start=(6, 6, 6) returned_y=(0, 6, 1) returned_b=(0, 1, 0) returned_u=(0, 0.1, 0) returned_zcap=(0, 6.1, 1) max_tail_u=0.1",NA
120,P1_no_rho,117,813.2343615000136,5.799596800003201,5.842150300042704,0.16168709995690733,0.01,39272.7488327002,39272.7488327002,-76211.09587392512,-58888.51916793132,0.0,-27538.137088475607,-68367.00539128801,-68366.99305358893,-55304.396595405175,-27538.137088475607,27766.259506929568,27766.25950692956,-28688.967753243756,32980.5,nan,nan,1.5000000000000002,10.0,0.0,0.0,10.0,0.85,CORE,MAIN,1.2010318513178673,0.2660706405060529,0.6,0.174,-55304.396595405175,STRUCTURAL,-0.8020502074527915,-196092.70121688116,28200.0,0,0,0,0,0,0,0,inf,inf,NA,1,5,5,5,25,6,0,0,CONTINUE,0,A,1,1,0,KEEP_STRUCTURAL_IN_ON_CUT,2,3,0,0,"tail_cont_enabled=1 tail_active_dims=(1,) tail_delta=0.1 tail_start=(6, 6, 6) returned_y=(0, 6, 1) returned_b=(0, 1, 0) returned_u=(0, 0.1, 0) returned_zcap=(0, 6.1, 1) max_tail_u=0.1",NA
120,P1_no_rho,118,818.8636248999974,5.799596800003201,5.628825700026937,0.15431479993276298,0.01,27753.1331988697,27753.1331988697,-76211.09587392512,-60616.461513005896,0.0,-27538.137088475607,-87768.27097740343,-87768.25551018327,-55304.396595405175,-27538.137088475607,27766.259506929568,27766.25950692956,-38305.97405884817,38211.0,nan,nan,1.5000000000000002,10.0,0.0,0.0,10.0,0.85,CORE,MAIN,1.2000088400150084,0.23340786185878715,0.6,0.174,-55304.396595405175,STRUCTURAL,-0.8629675826565661,-196092.70121688116,28200.0,0,0,0,0,0,0,0,inf,inf,NA,1,5,5,5,25,6,0,0,CONTINUE,0,A,1,1,0,KEEP_STRUCTURAL_IN_ON_CUT,2,3,0,0,"tail_cont_enabled=1 tail_active_dims=(1,) tail_delta=0.1 tail_start=(6, 6, 6) returned_y=(0, 6, 1) returned_b=(0, 1, 0) returned_u=(0, 0.1, 0) returned_zcap=(0, 6.1, 1) max_tail_u=0.1",NA
120,P1_no_rho,119,823.3146826999728,5.799596800003201,4.450476999976672,0.17980729998089373,0.01,36801.06685887343,36801.06685887343,-76211.09587392512,-59259.27146400534,0.0,-27538.137088475607,-89357.79202607925,-89357.77729061166,-55304.396595405175,-27538.137088475607,27766.259506929568,27766.25950692956,-34990.36210129796,41458.5,nan,nan,1.5000000000000002,10.0,0.0,0.0,10.0,0.85,CORE,MAIN,1.1972476235440834,0.23564253657186007,0.6,0.174,-55304.396595405175,STRUCTURAL,-0.8742463779331734,-196092.70121688116,28200.0,0,0,0,0,0,0,0,inf,inf,NA,1,5,5,5,25,6,0,0,CONTINUE,0,A,1,1,0,KEEP_STRUCTURAL_IN_ON_CUT,2,3,0,0,"tail_cont_enabled=1 tail_active_dims=(1,) tail_delta=0.1 tail_start=(6, 6, 6) returned_y=(6, 0, 2) returned_b=(1, 0, 0) returned_u=(0, 0, 0) returned_zcap=(6, 0, 2) max_tail_u=0",NA
120,P1_no_rho,120,837.6307228999212,5.799596800003201,14.31501889997162,0.15118879999499768,0.01,46254.17321732379,46254.17321732379,-76211.09587392512,-57841.305510237784,0.0,-27538.137088475607,-94026.23817593399,-94026.22244021714,-55304.396595405175,-27538.137088475607,27766.259506929568,27766.25950692956,-37574.4379276789,43080.5,nan,nan,1.5000000000000002,10.0,0.0,0.0,10.0,0.85,CORE,MAIN,1.193846860279058,0.23799937939960691,0.6,0.174,-55304.396595405175,STRUCTURAL,-0.8735860309968275,-196092.70121688116,28200.0,0,0,0,0,0,0,0,inf,inf,NA,1,5,5,5,25,6,0,0,CONTINUE,0,A,1,1,0,KEEP_STRUCTURAL_IN_ON_CUT,2,3,0,0,"tail_cont_enabled=1 tail_active_dims=(1,) tail_delta=0.1 tail_start=(6, 6, 6) returned_y=(6, 0, 2) returned_b=(1, 0, 0) returned_u=(0, 0, 0) returned_zcap=(6, 0, 2) max_tail_u=0",NA
120,P1_no_rho,121,844.0557113999967,5.799596800003201,6.4243981000036,0.1658358999993652,0.01,99258.40928614275,99258.40928614275,-76211.09587392512,-49890.67009991494,0.0,-27538.137088475607,-75153.85529805854,-75153.8424156212,-55304.396595405175,-27538.137088475607,27766.259506929568,27766.25950692956,-30599.817308086283,37160.0,nan,nan,1.5000000000000002,10.0,0.0,0.0,10.0,0.85,CORE,MAIN,1.1932235366864399,0.2710367443673156,0.6,0.174,-55304.396595405175,STRUCTURAL,-0.799318713805793,-196092.70121688116,28200.0,0,0,0,0,0,0,0,inf,inf,NA,1,5,5,5,25,6,0,0,CONTINUE,0,A,1,1,0,KEEP_STRUCTURAL_IN_ON_CUT,2,3,0,0,"tail_cont_enabled=1 tail_active_dims=(1,) tail_delta=0.1 tail_start=(6, 6, 6) returned_y=(6, 0, 2) returned_b=(1, 0, 0) returned_u=(0, 0, 0) returned_zcap=(6, 0, 2) max_tail_u=0",NA
120,P1_no_rho,122,848.7001144000096,5.799596800003201,4.643442500033416,0.15407389996107668,0.01,52534.89112703019,52534.89112703019,-76211.09587392512,-56899.197823781826,0.0,-27538.137088475607,-71288.29849486293,-71288.28634705395,-55304.396595405175,-27538.137088475607,27766.259506929568,27766.25950692956,-28551.354683475616,34545.0,nan,nan,1.5000000000000002,10.0,0.0,0.0,10.0,0.85,CORE,MAIN,1.1944688379065291,0.2591739189484292,0.6,0.174,-55304.396595405175,STRUCTURAL,-0.824758656121548,-196092.70121688116,28200.0,0,0,0,0,0,0,0,inf,inf,NA,1,5,5,5,25,6,0,0,CONTINUE,0,A,1,1,0,KEEP_STRUCTURAL_IN_ON_CUT,2,3,0,0,"tail_cont_enabled=1 tail_active_dims=(1,) tail_delta=0.1 tail_start=(6, 6, 6) returned_y=(0, 6, 1) returned_b=(0, 1, 0) returned_u=(0, 0.1, 0) returned_zcap=(0, 6.1, 1) max_tail_u=0.1",NA
120,P1_no_rho,123,854.300584099954,5.799596800003201,5.599905399954878,0.15825129998847842,0.01,52315.912191924835,52315.912191924835,-76211.09587392512,-56932.04466404763,0.0,-27538.137088475607,-74159.62493528552,-74159.61230833907,-55304.396595405175,-27538.137088475607,27766.259506929568,27766.25950692956,-29542.990755029896,36547.0,nan,nan,1.5000000000000002,10.0,0.0,0.0,10.0,0.85,CORE,MAIN,1.197735271847376,0.25996261719740954,0.6,0.174,-55304.396595405175,STRUCTURAL,-0.8138674684344214,-196092.70121688116,28200.0,0,0,0,0,0,0,0,inf,inf,NA,1,5,5,5,25,6,0,0,CONTINUE,0,A,1,1,0,KEEP_STRUCTURAL_IN_ON_CUT,2,3,0,0,"tail_cont_enabled=1 tail_active_dims=(1,) tail_delta=0.1 tail_start=(6, 6, 6) returned_y=(0, 6, 1) returned_b=(0, 1, 0) returned_u=(0, 0.1, 0) returned_zcap=(0, 6.1, 1) max_tail_u=0.1",NA
120,P1_no_rho,124,859.8582597000059,5.799596800003201,5.5565501999808475,0.17629640002269298,0.01,61490.642906609,61490.642906609,-76211.09587392512,-55555.835056845004,0.0,-27538.137088475607,-73171.0575188082,-73171.04504299123,-55304.396595405175,-27538.137088475607,27766.259506929568,27766.25950692956,-29905.79465354892,36052.0,nan,nan,1.5000000000000002,10.0,0.0,0.0,10.0,0.85,CORE,MAIN,1.2012089772614194,0.26054838999745655,0.6,0.174,-55304.396595405175,STRUCTURAL,-0.8000527088546603,-196092.70121688116,28200.0,0,0,0,0,0,0,0,inf,inf,NA,1,5,5,5,25,6,0,0,CONTINUE,0,A,1,1,0,KEEP_STRUCTURAL_IN_ON_CUT,2,3,0,0,"tail_cont_enabled=1 tail_active_dims=(1,) tail_delta=0.1 tail_start=(6, 6, 6) returned_y=(0, 6, 1) returned_b=(0, 1, 0) returned_u=(0, 0.1, 0) returned_zcap=(0, 6.1, 1) max_tail_u=0.1",NA
120,P1_no_rho,125,872.4317609999562,5.799596800003201,12.572842299938202,0.16616609995253384,0.01,26658.31660956281,26658.31660956281,-76211.09587392512,-60780.68400140193,0.0,-27538.137088475607,-65699.95659241547,-65699.94475280735,-55304.396595405175,-27538.137088475607,27766.259506929568,27766.25950692956,-25645.239955917707,32254.5,nan,nan,1.5000000000000002,10.0,0.0,0.0,10.0,0.85,CORE,MAIN,1.2021041348102397,0.27423780410616383,0.6,0.174,-55304.396595405175,STRUCTURAL,-0.827888714171969,-196092.70121688116,28200.0,0,0,0,0,0,0,0,inf,inf,NA,1,5,5,5,25,6,0,0,CONTINUE,0,A,1,1,0,KEEP_STRUCTURAL_IN_ON_CUT,2,3,0,0,"tail_cont_enabled=1 tail_active_dims=(1,) tail_delta=0.1 tail_start=(6, 6, 6) returned_y=(0, 6, 1) returned_b=(0, 1, 0) returned_u=(0, 0.1, 0) returned_zcap=(0, 6.1, 1) max_tail_u=0.1",NA
120,P1_no_rho,126,878.1673098999308,5.799596800003201,5.735117399948649,0.15919969999231398,0.01,46226.54352171273,46226.54352171273,-76211.09587392512,-57845.44996457944,0.0,-27538.137088475607,-89886.63366050087,-89886.61848511345,-55304.396595405175,-27538.137088475607,27766.259506929568,27766.25950692956,-37374.717859197124,41131.5,nan,nan,1.5000000000000002,10.0,0.0,0.0,10.0,0.85,CORE,MAIN,1.1997721753140336,0.23026398388888902,0.6,0.174,-55304.396595405175,STRUCTURAL,-0.8511222238578919,-196092.70121688116,28200.0,0,0,0,0,0,0,0,inf,inf,NA,1,5,5,5,25,6,0,0,CONTINUE,0,A,1,1,0,KEEP_STRUCTURAL_IN_ON_CUT,2,3,0,0,"tail_cont_enabled=1 tail_active_dims=(1,) tail_delta=0.1 tail_start=(6, 6, 6) returned_y=(6, 0, 2) returned_b=(1, 0, 0) returned_u=(0, 0, 0) returned_zcap=(6, 0, 2) max_tail_u=0",NA
120,P1_no_rho,127,884.5369167999597,5.799596800003201,6.368767500040121,0.17182789999060333,0.01,51159.810812004485,51159.810812004485,-76211.09587392512,-57105.45987103568,0.0,-27538.137088475607,-83502.55251298346,-83502.53845461555,-55304.396595405175,-27538.137088475607,27766.259506929568,27766.25950692956,-32345.85714231547,39169.5,nan,nan,1.5000000000000002,10.0,0.0,0.0,10.0,0.85,CORE,MAIN,1.1969099719230019,0.23244473619548156,0.6,0.174,-55304.396595405175,STRUCTURAL,-0.8706890363216293,-196092.70121688116,28200.0,0,0,0,0,0,0,0,inf,inf,NA,1,5,5,5,25,6,0,0,CONTINUE,0,A,1,1,0,KEEP_STRUCTURAL_IN_ON_CUT,2,3,0,0,"tail_cont_enabled=1 tail_active_dims=(1,) tail_delta=0.1 tail_start=(6, 6, 6) returned_y=(6, 0, 2) returned_b=(1, 0, 0) returned_u=(0, 0, 0) returned_zcap=(6, 0, 2) max_tail_u=0",NA
120,P1_no_rho,128,890.7899844999192,5.799596800003201,6.252491799998097,0.1534887000452727,0.01,82226.46001999434,82226.46001999434,-76211.09587392512,-52445.4624898372,0.0,-27538.137088475607,-79834.79346934149,-79834.77993474698,-55304.396595405175,-27538.137088475607,27766.259506929568,27766.25950692956,-31501.046803576177,38413.5,nan,nan,1.5000000000000002,10.0,0.0,0.0,10.0,0.85,CORE,MAIN,1.1945496036707115,0.2565507696248923,0.6,0.174,-55304.396595405175,STRUCTURAL,-0.8388324092861587,-196092.70121688116,28200.0,0,0,0,0,0,0,0,inf,inf,NA,1,5,5,5,25,6,0,0,CONTINUE,0,A,1,1,0,KEEP_STRUCTURAL_IN_ON_CUT,2,3,0,0,"tail_cont_enabled=1 tail_active_dims=(1,) tail_delta=0.1 tail_start=(6, 6, 6) returned_y=(6, 0, 2) returned_b=(1, 0, 0) returned_u=(0, 0, 0) returned_zcap=(6, 0, 2) max_tail_u=0",NA
120,P1_no_rho,129,895.3143274999456,5.799596800003201,4.52384689997416,0.17922209994867444,0.01,42001.055714229886,42001.055714229886,-76211.09587392512,-58479.27313570187,0.0,-27538.137088475607,-70954.19761321279,-70954.18553142222,-55304.396595405175,-27538.137088475607,27766.259506929568,27766.25950692956,-28115.787525323194,34373.0,nan,nan,1.5000000000000002,10.0,0.0,0.0,10.0,0.85,CORE,MAIN,1.194808172207206,0.2506484993529482,0.6,0.174,-55304.396595405175,STRUCTURAL,-0.8308536352388798,-196092.70121688116,28200.0,0,0,0,0,0,0,0,inf,inf,NA,1,5,5,5,25,6,0,0,CONTINUE,0,A,1,1,0,KEEP_STRUCTURAL_IN_ON_CUT,2,3,0,0,"tail_cont_enabled=1 tail_active_dims=(1,) tail_delta=0.1 tail_start=(6, 6, 6) returned_y=(1, 6, 0) returned_b=(0, 1, 0) returned_u=(0, 0.1, 0) returned_zcap=(1, 6.1, 0) max_tail_u=0.1",NA
120,P1_no_rho,130,909.2058725999668,5.799596800003201,13.89107510005124,0.1627414000686258,0.01,34101.61365655283,34101.61365655283,-76211.09587392512,-59664.189444353426,0.0,-27538.137088475607,-72868.85483114813,-72868.84220177622,-55304.396595405175,-27538.137088475607,27766.259506929568,27766.25950692956,-29507.91404050539,35101.0,nan,nan,1.5000000000000002,10.0,0.0,0.0,10.0,0.85,CORE,MAIN,1.1955059605583322,0.2531355057885749,0.6,0.174,-55304.396595405175,STRUCTURAL,-0.8235459229323162,-196092.70121688116,28200.0,0,0,0,0,0,0,0,inf,inf,NA,1,5,5,5,25,6,0,0,CONTINUE,0,A,1,1,0,KEEP_STRUCTURAL_IN_ON_CUT,2,3,0,0,"tail_cont_enabled=1 tail_active_dims=(1,) tail_delta=0.1 tail_start=(6, 6, 6) returned_y=(1, 6, 0) returned_b=(0, 1, 0) returned_u=(0, 0.1, 0) returned_zcap=(1, 6.1, 0) max_tail_u=0.1",NA
120,P1_no_rho,131,914.6822650999529,5.799596800003201,5.4758828999474645,0.1619472000747919,0.01,33758.82159184575,33758.82159184575,-76211.09587392512,-59715.60825405949,0.0,-27538.137088475607,-69720.26041252262,-69720.24831741955,-55304.396595405175,-27538.137088475607,27766.259506929568,27766.25950692956,-28197.232780069124,34083.5,nan,nan,1.5000000000000002,10.0,0.0,0.0,10.0,0.85,CORE,MAIN,1.1998382887110446,0.25639047586899366,0.6,0.174,-55304.396595405175,STRUCTURAL,-0.8121821514290964,-196092.70121688116,28200.0,0,0,0,0,0,0,0,inf,inf,NA,1,5,5,5,25,6,0,0,CONTINUE,0,A,1,1,0,KEEP_STRUCTURAL_IN_ON_CUT,2,3,0,0,"tail_cont_enabled=1 tail_active_dims=(1,) tail_delta=0.1 tail_start=(6, 6, 6) returned_y=(1, 6, 0) returned_b=(0, 1, 0) returned_u=(0, 0.1, 0) returned_zcap=(1, 6.1, 0) max_tail_u=0.1",NA
120,P1_no_rho,132,921.001692699967,5.799596800003201,6.318790200049989,0.1955987000837922,0.01,47479.28929569411,47479.28929569411,-76211.09587392512,-57657.53809848223,0.0,-27538.137088475607,-70882.09601177012,-70882.08342040417,-55304.396595405175,-27538.137088475607,27766.259506929568,27766.25950692956,-29514.246798770324,33820.5,nan,nan,1.5000000000000002,10.0,0.0,0.0,10.0,0.85,CORE,MAIN,1.203995305818103,0.2594337217907263,0.6,0.174,-55304.396595405175,STRUCTURAL,-0.815439090130421,-196092.70121688116,28200.0,0,0,0,0,0,0,0,inf,inf,NA,1,5,5,5,25,6,0,0,CONTINUE,0,A,1,1,0,KEEP_STRUCTURAL_IN_ON_CUT,2,3,0,0,"tail_cont_enabled=1 tail_active_dims=(1,) tail_delta=0.1 tail_start=(6, 6, 6) returned_y=(1, 6, 0) returned_b=(0, 1, 0) returned_u=(0, 0.1, 0) returned_zcap=(1, 6.1, 0) max_tail_u=0.1",NA
120,P1_no_rho,133,925.5345018999651,5.799596800003201,4.5322683999547735,0.16630000004079193,0.01,34806.49035885522,34806.49035885522,-76211.09587392512,-59558.45793900807,0.0,-27538.137088475607,-81560.94972289099,-81560.93554889027,-55304.396595405175,-27538.137088475607,27766.259506929568,27766.25950692956,-34633.8889503899,38475.0,nan,nan,1.5000000000000002,10.0,0.0,0.0,10.0,0.85,CORE,MAIN,1.2052645977628842,0.24437360191319468,0.6,0.174,-55304.396595405175,STRUCTURAL,-0.813117549898209,-196092.70121688116,28200.0,0,0,0,0,0,0,0,inf,inf,NA,1,5,5,5,25,6,0,0,CONTINUE,0,A,1,1,0,KEEP_STRUCTURAL_IN_ON_CUT,2,3,0,0,"tail_cont_enabled=1 tail_active_dims=(1,) tail_delta=0.1 tail_start=(6, 6, 6) returned_y=(6, 0, 2) returned_b=(1, 0, 0) returned_u=(0, 0, 0) returned_zcap=(6, 0, 2) max_tail_u=0",NA
120,P1_no_rho,134,932.1374231999507,5.799596800003201,6.602139199967496,0.1698761999141425,0.01,40728.280674498004,40728.280674498004,-76211.09587392512,-58670.189391661654,0.0,-27538.137088475607,-81282.27152842992,-81282.25759143701,-55304.396595405175,-27538.137088475607,27766.259506929568,27766.25950692956,-32074.976582193554,38703.5,nan,nan,1.5000000000000002,10.0,0.0,0.0,10.0,0.85,CORE,MAIN,1.205156476759318,0.24187945439975778,0.6,0.174,-55304.396595405175,STRUCTURAL,-0.8475939903668224,-196092.70121688116,28200.0,0,0,0,0,0,0,0,inf,inf,NA,1,5,5,5,25,6,0,0,CONTINUE,0,A,1,1,0,KEEP_STRUCTURAL_IN_ON_CUT,2,3,0,0,"tail_cont_enabled=1 tail_active_dims=(1,) tail_delta=0.1 tail_start=(6, 6, 6) returned_y=(6, 0, 2) returned_b=(1, 0, 0) returned_u=(0, 0, 0) returned_zcap=(6, 0, 2) max_tail_u=0",NA
120,P1_no_rho,135,946.831686199992,5.799596800003201,14.693807800067589,0.18103099998552352,0.01,44298.335034160846,44298.335034160846,-76211.09587392512,-58134.681237712226,0.0,-27538.137088475607,-77577.52471209486,-77577.51136917625,-55304.396595405175,-27538.137088475607,27766.259506929568,27766.25950692956,-31071.3122634234,37618.5,nan,nan,1.5000000000000002,10.0,0.0,0.0,10.0,0.85,CORE,MAIN,1.2047322172212351,0.24564629203833654,0.6,0.174,-55304.396595405175,STRUCTURAL,-0.8241724879293046,-196092.70121688116,28200.0,0,0,0,0,0,0,0,inf,inf,NA,1,5,5,5,25,6,0,0,CONTINUE,0,A,1,1,0,KEEP_STRUCTURAL_IN_ON_CUT,2,3,0,0,"tail_cont_enabled=1 tail_active_dims=(1,) tail_delta=0.1 tail_start=(6, 6, 6) returned_y=(5, 0, 3) returned_b=(0, 0, 0) returned_u=(0, 0, 0) returned_zcap=(5, 0, 3) max_tail_u=0",NA
120,P1_no_rho,136,952.430782899959,5.799596800003201,5.598544399952516,0.16260249994229525,0.01,38379.27885377864,38379.27885377864,-76211.09587392512,-59022.53966476956,0.0,-27538.137088475607,-68822.94556067347,-68822.93324502415,-55304.396595405175,-27538.137088475607,27766.259506929568,27766.25950692956,-28783.33953470687,33108.0,nan,nan,1.5000000000000002,10.0,0.0,0.0,10.0,0.85,CORE,MAIN,1.205506397998862,0.26336612469185106,0.6,0.174,-55304.396595405175,STRUCTURAL,-0.8062420706036262,-196092.70121688116,28200.0,0,0,0,0,0,0,0,inf,inf,NA,1,5,5,5,25,6,0,0,CONTINUE,0,A,1,1,0,KEEP_STRUCTURAL_IN_ON_CUT,2,3,0,0,"tail_cont_enabled=1 tail_active_dims=(1,) tail_delta=0.1 tail_start=(6, 6, 6) returned_y=(1, 6, 0) returned_b=(0, 1, 0) returned_u=(0, 0.1, 0) returned_zcap=(1, 6.1, 0) max_tail_u=0.1",NA
120,P1_no_rho,137,958.1310262000188,5.799596800003201,5.69968910003081,0.17701830004807562,0.01,36134.151831974,36134.151831974,-76211.09587392512,-59359.30871804025,0.0,-27538.137088475607,-71703.32494030814,-71703.3120276983,-55304.396595405175,-27538.137088475607,27766.259506929568,27766.25950692956,-29880.026172229296,33654.0,nan,nan,1.5000000000000002,10.0,0.0,0.0,10.0,0.85,CORE,MAIN,1.2062070819743846,0.27152405514056066,0.6,0.174,-55304.396595405175,STRUCTURAL,-0.8284955895380245,-196092.70121688116,28200.0,0,0,0,0,0,0,0,inf,inf,NA,1,5,5,5,25,6,0,0,CONTINUE,0,A,1,1,0,KEEP_STRUCTURAL_IN_ON_CUT,2,3,0,0,"tail_cont_enabled=1 tail_active_dims=(1,) tail_delta=0.1 tail_start=(6, 6, 6) returned_y=(1, 6, 0) returned_b=(0, 1, 0) returned_u=(0, 0.1, 0) returned_zcap=(1, 6.1, 0) max_tail_u=0.1",NA
120,P1_no_rho,138,962.6988516999409,5.799596800003201,4.567519399919547,0.15261750004719943,0.01,46384.89131549422,46384.89131549422,-76211.09587392512,-57821.69779551222,0.0,-27538.137088475607,-71968.65811541826,-71968.64560374458,-55304.396595405175,-27538.137088475607,27766.259506929568,27766.25950692956,-29098.500196993115,34659.0,nan,nan,1.5000000000000002,10.0,0.0,0.0,10.0,0.85,CORE,MAIN,1.206802671716562,0.2623729027887318,0.6,0.174,-55304.396595405175,STRUCTURAL,-0.8246082384902709,-196092.70121688116,28200.0,0,0,0,0,0,0,0,inf,inf,NA,1,5,5,5,25,6,0,0,CONTINUE,0,A,1,1,0,KEEP_STRUCTURAL_IN_ON_CUT,2,3,0,0,"tail_cont_enabled=1 tail_active_dims=(1,) tail_delta=0.1 tail_start=(6, 6, 6) returned_y=(1, 6, 0) returned_b=(0, 1, 0) returned_u=(0, 0.1, 0) returned_zcap=(1, 6.1, 0) max_tail_u=0.1",NA
120,P1_no_rho,139,969.1220599999651,5.799596800003201,6.422585400054231,0.16851579991634935,0.01,46315.89365061463,46315.89365061463,-76211.09587392512,-57832.047445244156,0.0,-27538.137088475607,-77315.56779004727,-77315.55404170832,-55304.396595405175,-27538.137088475607,27766.259506929568,27766.25950692956,-32598.273164155187,38399.5,nan,nan,1.5000000000000002,10.0,0.0,0.0,10.0,0.85,CORE,MAIN,1.2066856684617977,0.26337433415400124,0.6,0.174,-55304.396595405175,STRUCTURAL,-0.7763517906492383,-196092.70121688116,28200.0,0,0,0,0,0,0,0,inf,inf,NA,1,5,5,5,25,6,0,0,CONTINUE,0,A,1,1,0,KEEP_STRUCTURAL_IN_ON_CUT,2,3,0,0,"tail_cont_enabled=1 tail_active_dims=(1,) tail_delta=0.1 tail_start=(6, 6, 6) returned_y=(2, 0, 6) returned_b=(0, 0, 1) returned_u=(0, 0, 0) returned_zcap=(2, 0, 6) max_tail_u=0",NA
120,P1_no_rho,140,982.6664896999719,5.799596800003201,13.543991100043058,0.16808600001968443,0.01,41398.158477617835,41398.158477617835,-76211.09587392512,-58569.70772119368,0.0,-27538.137088475607,-80547.53601472579,-80547.52212665965,-55304.396595405175,-27538.137088475607,27766.259506929568,27766.25950692956,-33090.08790435686,38749.5,nan,nan,1.5000000000000002,10.0,0.0,0.0,10.0,0.85,CORE,MAIN,1.2057071870725877,0.25024437850148007,0.6,0.174,-55304.396595405175,STRUCTURAL,-0.8164825218786097,-196092.70121688116,28200.0,0,0,0,0,0,0,0,inf,inf,NA,1,5,5,5,25,6,0,0,CONTINUE,0,A,1,1,0,KEEP_STRUCTURAL_IN_ON_CUT,2,3,0,0,"tail_cont_enabled=1 tail_active_dims=(1,) tail_delta=0.1 tail_start=(6, 6, 6) returned_y=(2, 0, 6) returned_b=(0, 0, 1) returned_u=(0, 0, 0) returned_zcap=(2, 0, 6) max_tail_u=0",NA
120,P1_no_rho,141,989.1793703000294,5.799596800003201,6.51213629997801,0.22558259998913854,0.01,42232.227436101864,42232.227436101864,-76211.09587392512,-58444.59737742107,0.0,-27538.137088475607,-78714.71223548523,-78714.69862109766,-55304.396595405175,-27538.137088475607,27766.259506929568,27766.25950692956,-30891.715208153837,37939.0,nan,nan,1.5000000000000002,10.0,0.0,0.0,10.0,0.85,CORE,MAIN,1.2047121092735447,0.23128254047357077,0.6,0.174,-55304.396595405175,STRUCTURAL,-0.8403486897905204,-196092.70121688116,28200.0,0,0,0,0,0,0,0,inf,inf,NA,1,5,5,5,25,6,0,0,CONTINUE,0,A,1,1,0,KEEP_STRUCTURAL_IN_ON_CUT,2,3,0,0,"tail_cont_enabled=1 tail_active_dims=(1,) tail_delta=0.1 tail_start=(6, 6, 6) returned_y=(2, 0, 6) returned_b=(0, 0, 1) returned_u=(0, 0, 0) returned_zcap=(2, 0, 6) max_tail_u=0",NA
120,P1_no_rho,142,993.77230219997,5.799596800003201,4.592410800047219,0.16012800007592887,0.01,55919.58280355613,55919.58280355613,-76211.09587392512,-56391.49407230293,0.0,-27538.137088475607,-77719.5502917766,-77719.53679399328,-55304.396595405175,-27538.137088475607,27766.259506929568,27766.25950692956,-30939.981270803004,37966.0,nan,nan,1.5000000000000002,10.0,0.0,0.0,10.0,0.85,CORE,MAIN,1.205686512227514,0.2563394570232115,0.6,0.174,-55304.396595405175,STRUCTURAL,-0.8214289192644343,-196092.70121688116,28200.0,0,0,0,0,0,0,0,inf,inf,NA,1,5,5,5,25,6,0,0,CONTINUE,0,A,1,1,0,KEEP_STRUCTURAL_IN_ON_CUT,2,3,0,0,"tail_cont_enabled=1 tail_active_dims=(1,) tail_delta=0.1 tail_start=(6, 6, 6) returned_y=(2, 0, 6) returned_b=(0, 0, 1) returned_u=(0, 0, 0) returned_zcap=(2, 0, 6) max_tail_u=0",NA
120,P1_no_rho,143,1000.2389227999374,5.799596800003201,6.465532199945301,0.17738669994287193,0.01,40400.81296836813,40400.81296836813,-76211.09587392512,-58719.309547581135,0.0,-27538.137088475607,-69285.44154799519,-69285.42911195618,-55304.396595405175,-27538.137088475607,27766.259506929568,27766.25950692956,-28169.209321216775,32852.0,nan,nan,1.5000000000000002,10.0,0.0,0.0,10.0,0.85,CORE,MAIN,1.206062716293626,0.2519224338245044,0.6,0.174,-55304.396595405175,STRUCTURAL,-0.8343727381537278,-196092.70121688116,28200.0,0,0,0,0,0,0,0,inf,inf,NA,1,5,5,5,25,6,0,0,CONTINUE,0,A,1,1,0,KEEP_STRUCTURAL_IN_ON_CUT,2,3,0,0,"tail_cont_enabled=1 tail_active_dims=(1,) tail_delta=0.1 tail_start=(6, 6, 6) returned_y=(1, 6, 0) returned_b=(0, 1, 0) returned_u=(0, 0.1, 0) returned_zcap=(1, 6.1, 0) max_tail_u=0.1",NA
120,P1_no_rho,144,1005.8659321999876,5.799596800003201,5.626620800001547,0.1990192000521347,0.01,45608.05096904287,45608.05096904287,-76211.09587392512,-57938.22384747992,0.0,-27538.137088475607,-81906.15541803397,-81906.14202751985,-55304.396595405175,-27538.137088475607,27766.259506929568,27766.25950692956,-32303.865072189583,39323.0,nan,nan,1.5000000000000002,10.0,0.0,0.0,10.0,0.85,CORE,MAIN,1.2044581205502207,0.2509116975645761,0.6,0.174,-55304.396595405175,STRUCTURAL,-0.8409374828188805,-196092.70121688116,28200.0,0,0,0,0,0,0,0,inf,inf,NA,1,5,5,5,25,6,0,0,CONTINUE,0,A,1,1,0,KEEP_STRUCTURAL_IN_ON_CUT,2,3,0,0,"tail_cont_enabled=1 tail_active_dims=(1,) tail_delta=0.1 tail_start=(6, 6, 6) returned_y=(1, 6, 0) returned_b=(0, 1, 0) returned_u=(0, 0.1, 0) returned_zcap=(1, 6.1, 0) max_tail_u=0.1",NA
120,P1_no_rho,145,1019.8013813999714,5.799596800003201,13.935070400009863,0.15889740001875907,0.01,56714.62637738223,56714.62637738223,-76211.09587392512,-56272.23753622902,0.0,-27538.137088475607,-78642.1729667104,-78642.15985113318,-55304.396595405175,-27538.137088475607,27766.259506929568,27766.25950692956,-31251.07410614129,37589.5,nan,nan,1.5000000000000002,10.0,0.0,0.0,10.0,0.85,CORE,MAIN,1.2031987782571678,0.26455901740942545,0.6,0.174,-55304.396595405175,STRUCTURAL,-0.8405021924560827,-196092.70121688116,28200.0,0,0,0,0,0,0,0,inf,inf,NA,1,5,5,5,25,6,0,0,CONTINUE,0,A,1,1,0,KEEP_STRUCTURAL_IN_ON_CUT,2,3,0,0,"tail_cont_enabled=1 tail_active_dims=(1,) tail_delta=0.1 tail_start=(6, 6, 6) returned_y=(1, 6, 0) returned_b=(0, 1, 0) returned_u=(0, 0.1, 0) returned_zcap=(1, 6.1, 0) max_tail_u=0.1",NA
120,P1_no_rho,146,1024.726582299918,5.799596800003201,4.924689400009811,0.17042750003747642,0.01,30951.75775893717,30951.75775893717,-76211.09587392512,-60136.66782899578,0.0,-27538.137088475607,-65058.549305321416,-65058.537718893785,-55304.396595405175,-27538.137088475607,27766.259506929568,27766.25950692956,-27381.67493754025,31675.0,nan,nan,1.5000000000000002,10.0,0.0,0.0,10.0,0.85,CORE,MAIN,1.2022157166833731,0.2675769818268624,0.6,0.174,-55304.396595405175,STRUCTURAL,-0.7929884300205954,-196092.70121688116,28200.0,0,0,0,0,0,0,0,inf,inf,NA,1,5,5,5,25,6,0,0,CONTINUE,0,A,1,1,0,KEEP_STRUCTURAL_IN_ON_CUT,2,3,0,0,"tail_cont_enabled=1 tail_active_dims=(1,) tail_delta=0.1 tail_start=(6, 6, 6) returned_y=(1, 6, 0) returned_b=(0, 1, 0) returned_u=(0, 0.1, 0) returned_zcap=(1, 6.1, 0) max_tail_u=0.1",NA
120,P1_no_rho,147,1031.1344683999196,5.799596800003201,6.4066487000091,0.16972020000685006,0.01,32003.09716405639,32003.09716405639,-76211.09587392512,-59978.966918227896,0.0,-27538.137088475607,-75517.59468294203,-75517.58132201846,-55304.396595405175,-27538.137088475607,27766.259506929568,27766.25950692956,-33007.47514879018,36989.0,nan,nan,1.5000000000000002,10.0,0.0,0.0,10.0,0.85,CORE,MAIN,1.2010932093884725,0.2559675857537742,0.6,0.174,-55304.396595405175,STRUCTURAL,-0.7661756409243881,-196092.70121688116,28200.0,0,0,0,0,0,0,0,inf,inf,NA,1,5,5,5,25,6,0,0,CONTINUE,0,A,1,1,0,KEEP_STRUCTURAL_IN_ON_CUT,2,3,0,0,"tail_cont_enabled=1 tail_active_dims=(1,) tail_delta=0.1 tail_start=(6, 6, 6) returned_y=(2, 0, 6) returned_b=(0, 0, 1) returned_u=(0, 0, 0) returned_zcap=(2, 0, 6) max_tail_u=0",NA
120,P1_no_rho,148,1036.6253109999234,5.799596800003201,5.490374199929647,0.17234630009625107,0.01,37818.185254054755,37818.185254054755,-76211.09587392512,-59106.70370472814,0.0,-27538.137088475607,-72951.73890663307,-72951.72642609534,-55304.396595405175,-27538.137088475607,27766.259506929568,27766.25950692956,-28756.989626599865,36806.0,nan,nan,1.5000000000000002,10.0,0.0,0.0,10.0,0.85,CORE,MAIN,1.200764121370492,0.2391265678665655,0.6,0.174,-55304.396595405175,STRUCTURAL,-0.8004987737415181,-196092.70121688116,28200.0,0,0,0,0,0,0,0,inf,inf,NA,1,5,5,5,25,6,0,0,CONTINUE,0,A,1,1,0,KEEP_STRUCTURAL_IN_ON_CUT,2,3,0,0,"tail_cont_enabled=1 tail_active_dims=(1,) tail_delta=0.1 tail_start=(6, 6, 6) returned_y=(2, 0, 6) returned_b=(0, 0, 1) returned_u=(0, 0, 0) returned_zcap=(2, 0, 6) max_tail_u=0",NA
120,P1_no_rho,149,1043.3460998999653,5.799596800003201,6.719941099989228,0.16723190003540367,0.01,36234.10490606281,36234.10490606281,-76211.09587392512,-59344.31575692693,0.0,-27538.137088475607,-73260.23206140885,-73260.21922578305,-55304.396595405175,-27538.137088475607,27766.259506929568,27766.25950692956,-29234.28796549978,36538.5,nan,nan,1.5000000000000002,10.0,0.0,0.0,10.0,0.85,CORE,MAIN,1.2003012276948086,0.2523215169246016,0.6,0.174,-55304.396595405175,STRUCTURAL,-0.8032793037532695,-196092.70121688116,28200.0,0,0,0,0,0,0,0,inf,inf,NA,1,5,5,5,25,6,0,0,CONTINUE,0,A,1,1,0,KEEP_STRUCTURAL_IN_ON_CUT,2,3,0,0,"tail_cont_enabled=1 tail_active_dims=(1,) tail_delta=0.1 tail_start=(6, 6, 6) returned_y=(2, 0, 6) returned_b=(0, 0, 1) returned_u=(0, 0, 0) returned_zcap=(2, 0, 6) max_tail_u=0",NA
120,P1_no_rho,150,1056.2768521999242,5.799596800003201,12.930285799899139,0.16793580004014075,0.01,67345.69060923201,67345.69060923201,-76211.09587392512,-54677.57790145155,0.0,-27538.137088475607,-78071.4507243584,-78071.43688620713,-55304.396595405175,-27538.137088475607,27766.259506929568,27766.25950692956,-32133.92269960119,38206.5,nan,nan,1.5000000000000002,10.0,0.0,0.0,10.0,0.85,CORE,MAIN,1.199404119748845,0.25606828834684026,0.6,0.174,-55304.396595405175,STRUCTURAL,-0.801565426242584,-196092.70121688116,28200.0,0,0,0,0,0,0,0,inf,inf,NA,1,5,5,5,25,6,0,0,CONTINUE,0,A,1,1,0,KEEP_STRUCTURAL_IN_ON_CUT,2,3,0,0,"tail_cont_enabled=1 tail_active_dims=(1,) tail_delta=0.1 tail_start=(6, 6, 6) returned_y=(2, 0, 6) returned_b=(0, 0, 1) returned_u=(0, 0, 0) returned_zcap=(2, 0, 6) max_tail_u=0",NA
120,P1_no_rho,151,1062.439838899998,5.799596800003201,6.162333499989472,0.16767689993139356,0.01,27988.28885349773,27988.28885349773,-76211.09587392512,-60581.18816481169,0.0,-27538.137088475607,-75692.64824872819,-75692.63467753264,-55304.396595405175,-27538.137088475607,27766.259506929568,27766.25950692956,-33110.30441595676,35817.5,nan,nan,1.5000000000000002,10.0,0.0,0.0,10.0,0.85,CORE,MAIN,1.1989015610488891,0.24992504510913702,0.6,0.174,-55304.396595405175,STRUCTURAL,-0.7925796098103977,-196092.70121688116,28200.0,0,0,0,0,0,0,0,inf,inf,NA,1,5,5,5,25,6,0,0,CONTINUE,0,A,1,1,0,KEEP_STRUCTURAL_IN_ON_CUT,2,3,0,0,"tail_cont_enabled=1 tail_active_dims=(1,) tail_delta=0.1 tail_start=(6, 6, 6) returned_y=(1, 6, 0) returned_b=(0, 1, 0) returned_u=(0, 0.1, 0) returned_zcap=(1, 6.1, 0) max_tail_u=0.1",NA
120,P1_no_rho,152,1067.8226104999194,5.799596800003201,5.381012099911459,0.17270989995449781,0.01,40931.074982651335,40931.074982651335,-76211.09587392512,-58639.77024543865,0.0,-27538.137088475607,-84553.69825773875,-84553.68470451674,-55304.396595405175,-27538.137088475607,27766.259506929568,27766.25950692956,-33560.66294381125,40237.5,nan,nan,1.5000000000000002,10.0,0.0,0.0,10.0,0.85,CORE,MAIN,1.2021566622761664,0.2426502375913877,0.6,0.174,-55304.396595405175,STRUCTURAL,-0.8448672964391506,-196092.70121688116,28200.0,0,0,0,0,0,0,0,inf,inf,NA,1,5,5,5,25,6,0,0,CONTINUE,0,A,1,1,0,KEEP_STRUCTURAL_IN_ON_CUT,2,3,0,0,"tail_cont_enabled=1 tail_active_dims=(1,) tail_delta=0.1 tail_start=(6, 6, 6) returned_y=(1, 6, 0) returned_b=(0, 1, 0) returned_u=(0, 0.1, 0) returned_zcap=(1, 6.1, 0) max_tail_u=0.1",NA
120,P1_no_rho,153,1073.3272723000264,5.799596800003201,5.504157100105658,0.17401310009881854,0.01,49954.82821536295,49954.82821536295,-76211.09587392512,-57286.20726053191,0.0,-27538.137088475607,-74387.93876455697,-74387.92681000316,-55304.396595405175,-27538.137088475607,27766.259506929568,27766.25950692956,-28276.372691181816,36687.5,nan,nan,1.5000000000000002,10.0,0.0,0.0,10.0,0.85,CORE,MAIN,1.205135904174471,0.2660147504806434,0.6,0.174,-55304.396595405175,STRUCTURAL,-0.8379158045441699,-196092.70121688116,28200.0,0,0,0,0,0,0,0,inf,inf,NA,1,5,5,5,25,6,0,0,CONTINUE,0,A,1,1,0,KEEP_STRUCTURAL_IN_ON_CUT,2,3,0,0,"tail_cont_enabled=1 tail_active_dims=(1,) tail_delta=0.1 tail_start=(6, 6, 6) returned_y=(1, 6, 0) returned_b=(0, 1, 0) returned_u=(0, 0.1, 0) returned_zcap=(1, 6.1, 0) max_tail_u=0.1",NA
120,P1_no_rho,154,1077.7187932999805,5.799596800003201,4.390956199960783,0.158659000066109,0.01,39138.24795501939,39138.24795501939,-76211.09587392512,-58908.69429958344,0.0,-27538.137088475607,-70820.47772868833,-70820.46511855285,-55304.396595405175,-27538.137088475607,27766.259506929568,27766.25950692956,-30886.509377602593,34111.5,nan,nan,1.5000000000000002,10.0,0.0,0.0,10.0,0.85,CORE,MAIN,1.2066617986816128,0.2671399709227813,0.6,0.174,-55304.396595405175,STRUCTURAL,-0.7804592926324995,-196092.70121688116,28200.0,0,0,0,0,0,0,0,inf,inf,NA,1,5,5,5,25,6,0,0,CONTINUE,0,A,1,1,0,KEEP_STRUCTURAL_IN_ON_CUT,2,3,0,0,"tail_cont_enabled=1 tail_active_dims=(1,) tail_delta=0.1 tail_start=(6, 6, 6) returned_y=(1, 6, 0) returned_b=(0, 1, 0) returned_u=(0, 0.1, 0) returned_zcap=(1, 6.1, 0) max_tail_u=0.1",NA
120,P1_no_rho,155,1092.435803500004,5.799596800003201,14.716268900083378,0.15885690005961806,0.01,47510.47958490943,47510.47958490943,-76211.09587392512,-57652.85955509994,0.0,-27538.137088475607,-71159.27529025108,-71159.26274282832,-55304.396595405175,-27538.137088475607,27766.259506929568,27766.25950692956,-29172.06603114578,36221.5,nan,nan,1.5000000000000002,10.0,0.0,0.0,10.0,0.85,CORE,MAIN,1.2083023094108882,0.2574949054339598,0.6,0.174,-55304.396595405175,STRUCTURAL,-0.7727858999338797,-196092.70121688116,28200.0,0,0,0,0,0,0,0,inf,inf,NA,1,5,5,5,25,6,0,0,CONTINUE,0,A,1,1,0,KEEP_STRUCTURAL_IN_ON_CUT,2,3,0,0,"tail_cont_enabled=1 tail_active_dims=(1,) tail_delta=0.1 tail_start=(6, 6, 6) returned_y=(2, 0, 6) returned_b=(0, 0, 1) returned_u=(0, 0, 0) returned_zcap=(2, 0, 6) max_tail_u=0",NA
120,P1_no_rho,156,1098.1950726999203,5.799596800003201,5.758814099943265,0.1653577999677509,0.01,55870.51754456889,55870.51754456889,-76211.09587392512,-56398.853861151016,0.0,-27538.137088475607,-80138.74474509299,-80138.73096429539,-55304.396595405175,-27538.137088475607,27766.259506929568,27766.25950692956,-31633.479874179335,38467.0,nan,nan,1.5000000000000002,10.0,0.0,0.0,10.0,0.85,CORE,MAIN,1.2081543533291748,0.2498155519284323,0.6,0.174,-55304.396595405175,STRUCTURAL,-0.8406383149212926,-196092.70121688116,28200.0,0,0,0,0,0,0,0,inf,inf,NA,1,5,5,5,25,6,0,0,CONTINUE,0,A,1,1,0,KEEP_STRUCTURAL_IN_ON_CUT,2,3,0,0,"tail_cont_enabled=1 tail_active_dims=(1,) tail_delta=0.1 tail_start=(6, 6, 6) returned_y=(2, 0, 6) returned_b=(0, 0, 1) returned_u=(0, 0, 0) returned_zcap=(2, 0, 6) max_tail_u=0",NA
120,P1_no_rho,157,1104.8791412999853,5.799596800003201,6.683649500017054,0.17818289995193481,0.01,35131.52397019792,35131.52397019792,-76211.09587392512,-59509.70289730666,0.0,-27538.137088475607,-70007.20809409396,-70007.19584212845,-55304.396595405175,-27538.137088475607,27766.259506929568,27766.25950692956,-27624.370610295453,35975.5,nan,nan,1.5000000000000002,10.0,0.0,0.0,10.0,0.85,CORE,MAIN,1.208839363783869,0.2590925068606863,0.6,0.174,-55304.396595405175,STRUCTURAL,-0.7854016433745737,-196092.70121688116,28200.0,0,0,0,0,0,0,0,inf,inf,NA,1,5,5,5,25,6,0,0,CONTINUE,0,A,1,1,0,KEEP_STRUCTURAL_IN_ON_CUT,2,3,0,0,"tail_cont_enabled=1 tail_active_dims=(1,) tail_delta=0.1 tail_start=(6, 6, 6) returned_y=(2, 0, 6) returned_b=(0, 0, 1) returned_u=(0, 0, 0) returned_zcap=(2, 0, 6) max_tail_u=0",NA
120,P1_no_rho,158,1109.0523091999348,5.799596800003201,4.172790899989195,0.22511260001920164,0.01,54813.89387529421,54813.89387529421,-76211.09587392512,-56557.34741154222,0.0,-27538.137088475607,-82471.62010505861,-82471.60557204072,-55304.396595405175,-27538.137088475607,27766.259506929568,27766.25950692956,-36042.82620896274,37685.5,nan,nan,1.5000000000000002,10.0,0.0,0.0,10.0,0.85,CORE,MAIN,1.2079311068316738,0.2463006262628411,0.6,0.174,-55304.396595405175,STRUCTURAL,-0.821337638491869,-196092.70121688116,28200.0,0,0,0,0,0,0,0,inf,inf,NA,1,5,5,5,25,6,0,0,CONTINUE,0,A,1,1,0,KEEP_STRUCTURAL_IN_ON_CUT,2,3,0,0,"tail_cont_enabled=1 tail_active_dims=(1,) tail_delta=0.1 tail_start=(6, 6, 6) returned_y=(0, 6, 1) returned_b=(0, 1, 0) returned_u=(0, 0.1, 0) returned_zcap=(0, 6.1, 1) max_tail_u=0.1",NA
120,P1_no_rho,159,1114.091249799938,5.799596800003201,5.03852319996804,0.15379570005461574,0.01,37480.17566955621,37480.17566955621,-76211.09587392512,-59157.405142402924,0.0,-27538.137088475607,-74471.87057675929,-74471.85769269784,-55304.396595405175,-27538.137088475607,27766.259506929568,27766.25950692956,-31248.970643844852,35700.5,nan,nan,1.5000000000000002,10.0,0.0,0.0,10.0,0.85,CORE,MAIN,1.2077589160114144,0.25407676926442657,0.6,0.174,-55304.396595405175,STRUCTURAL,-0.8071387804811883,-196092.70121688116,28200.0,0,0,0,0,0,0,0,inf,inf,NA,1,5,5,5,25,6,0,0,CONTINUE,0,A,1,1,0,KEEP_STRUCTURAL_IN_ON_CUT,2,3,0,0,"tail_cont_enabled=1 tail_active_dims=(1,) tail_delta=0.1 tail_start=(6, 6, 6) returned_y=(0, 6, 1) returned_b=(0, 1, 0) returned_u=(0, 0.1, 0) returned_zcap=(0, 6.1, 1) max_tail_u=0.1",NA
120,P1_no_rho,160,1127.011743400013,5.799596800003201,12.920028700027615,0.16491210006643087,0.01,35476.45226208567,35476.45226208567,-76211.09587392512,-59457.963653523504,0.0,-27538.137088475607,-73696.82189736603,-73696.80937607054,-55304.396595405175,-27538.137088475607,27766.259506929568,27766.25950692956,-28862.65588733063,35336.0,nan,nan,1.5000000000000002,10.0,0.0,0.0,10.0,0.85,CORE,MAIN,1.2078048208357766,0.25294961038718444,0.6,0.174,-55304.396595405175,STRUCTURAL,-0.8458635855546734,-196092.70121688116,28200.0,0,0,0,0,0,0,0,inf,inf,NA,1,5,5,5,25,6,0,0,CONTINUE,0,A,1,1,0,KEEP_STRUCTURAL_IN_ON_CUT,2,3,0,0,"tail_cont_enabled=1 tail_active_dims=(1,) tail_delta=0.1 tail_start=(6, 6, 6) returned_y=(0, 6, 1) returned_b=(0, 1, 0) returned_u=(0, 0.1, 0) returned_zcap=(0, 6.1, 1) max_tail_u=0.1",NA
120,P1_no_rho,161,1131.1512727999361,5.799596800003201,4.139125799993053,0.17010280000977218,0.01,39750.49715128699,39750.49715128699,-76211.09587392512,-58816.856920143306,0.0,-27538.137088475607,-70722.86492502908,-70722.85224121167,-55304.396595405175,-27538.137088475607,27766.259506929568,27766.25950692956,-29637.69689585545,33998.0,nan,nan,1.5000000000000002,10.0,0.0,0.0,10.0,0.85,CORE,MAIN,1.2085697915746578,0.26770669869487906,0.6,0.174,-55304.396595405175,STRUCTURAL,-0.8056386717916002,-196092.70121688116,28200.0,0,0,0,0,0,0,0,inf,inf,NA,1,5,5,5,25,6,0,0,CONTINUE,0,A,1,1,0,KEEP_STRUCTURAL_IN_ON_CUT,2,3,0,0,"tail_cont_enabled=1 tail_active_dims=(1,) tail_delta=0.1 tail_start=(6, 6, 6) returned_y=(0, 6, 1) returned_b=(0, 1, 0) returned_u=(0, 0.1, 0) returned_zcap=(0, 6.1, 1) max_tail_u=0.1",NA
120,P1_no_rho,162,1136.6825187000213,5.799596800003201,5.530652200104669,0.15423689992167056,0.01,57357.45799485824,57357.45799485824,-76211.09587392512,-56175.81279360762,0.0,-27538.137088475607,-77058.79671300389,-77058.78304682385,-55304.396595405175,-27538.137088475607,27766.259506929568,27766.25950692956,-32409.30349479942,37818.0,nan,nan,1.5000000000000002,10.0,0.0,0.0,10.0,0.85,CORE,MAIN,1.2086016646503963,0.25545628528431386,0.6,0.174,-55304.396595405175,STRUCTURAL,-0.7870939685163049,-196092.70121688116,28200.0,0,0,0,0,0,0,0,inf,inf,NA,1,5,5,5,25,6,0,0,CONTINUE,0,A,1,1,0,KEEP_STRUCTURAL_IN_ON_CUT,2,3,0,0,"tail_cont_enabled=1 tail_active_dims=(1,) tail_delta=0.1 tail_start=(6, 6, 6) returned_y=(2, 0, 6) returned_b=(0, 0, 1) returned_u=(0, 0, 0) returned_zcap=(2, 0, 6) max_tail_u=0",NA
120,P1_no_rho,163,1143.8064829999348,5.799596800003201,7.123528599971905,0.15865410002879798,0.01,48437.58794304413,48437.58794304413,-76211.09587392512,-57513.79330137973,0.0,-27538.137088475607,-87020.35853049459,-87020.34397110595,-55304.396595405175,-27538.137088475607,27766.259506929568,27766.25950692956,-34484.60308067905,41017.0,nan,nan,1.5000000000000002,10.0,0.0,0.0,10.0,0.85,CORE,MAIN,1.2063788642405218,0.24482993393846997,0.6,0.174,-55304.396595405175,STRUCTURAL,-0.8538856391321797,-196092.70121688116,28200.0,0,0,0,0,0,0,0,inf,inf,NA,1,5,5,5,25,6,0,0,CONTINUE,0,A,1,1,0,KEEP_STRUCTURAL_IN_ON_CUT,2,3,0,0,"tail_cont_enabled=1 tail_active_dims=(1,) tail_delta=0.1 tail_start=(6, 6, 6) returned_y=(2, 0, 6) returned_b=(0, 0, 1) returned_u=(0, 0, 0) returned_zcap=(2, 0, 6) max_tail_u=0",NA
120,P1_no_rho,164,1150.1692922000075,5.799596800003201,6.362157800002024,0.1603356999112293,0.01,81102.68373438725,81102.68373438725,-76211.09587392512,-52614.028932678266,0.0,-27538.137088475607,-77827.26980023802,-77827.25634481417,-55304.396595405175,-27538.137088475607,27766.259506929568,27766.25950692956,-30853.681005385897,38805.0,nan,nan,1.5000000000000002,10.0,0.0,0.0,10.0,0.85,CORE,MAIN,1.2055551979255936,0.2586320111970706,0.6,0.174,-55304.396595405175,STRUCTURAL,-0.8070021103711421,-196092.70121688116,28200.0,0,0,0,0,0,0,0,inf,inf,NA,1,5,5,5,25,6,0,0,CONTINUE,0,A,1,1,0,KEEP_STRUCTURAL_IN_ON_CUT,2,3,0,0,"tail_cont_enabled=1 tail_active_dims=(1,) tail_delta=0.1 tail_start=(6, 6, 6) returned_y=(2, 0, 6) returned_b=(0, 0, 1) returned_u=(0, 0, 0) returned_zcap=(2, 0, 6) max_tail_u=0",NA
120,P1_no_rho,165,1162.984660499962,5.799596800003201,12.814798600040376,0.1596321000251919,0.01,31549.710733643155,31549.710733643155,-76211.09587392512,-60046.97488278988,0.0,-27538.137088475607,-71444.10139937517,-71444.08905661618,-55304.396595405175,-27538.137088475607,27766.259506929568,27766.25950692956,-29346.057483262775,34641.0,nan,nan,1.5000000000000002,10.0,0.0,0.0,10.0,0.85,CORE,MAIN,1.2063863007696665,0.25321563123485924,0.6,0.174,-55304.396595405175,STRUCTURAL,-0.8101773731195869,-196092.70121688116,28200.0,0,0,0,0,0,0,0,inf,inf,NA,1,5,5,5,25,6,0,0,CONTINUE,0,A,1,1,0,KEEP_STRUCTURAL_IN_ON_CUT,2,3,0,0,"tail_cont_enabled=1 tail_active_dims=(1,) tail_delta=0.1 tail_start=(6, 6, 6) returned_y=(1, 6, 0) returned_b=(0, 1, 0) returned_u=(0, 0.1, 0) returned_zcap=(1, 6.1, 0) max_tail_u=0.1",NA
120,P1_no_rho,166,1168.5533730000025,5.799596800003201,5.568120600073598,0.16979880002327263,0.01,42220.277440652564,42220.277440652564,-76211.09587392512,-58446.38987673847,0.0,-27538.137088475607,-72093.10058843589,-72093.08790993824,-55304.396595405175,-27538.137088475607,27766.259506929568,27766.25950692956,-30016.492788800337,34845.0,nan,nan,1.5000000000000002,10.0,0.0,0.0,10.0,0.85,CORE,MAIN,1.2075559578895834,0.266442965459061,0.6,0.174,-55304.396595405175,STRUCTURAL,-0.8050240612452848,-196092.70121688116,28200.0,0,0,0,0,0,0,0,inf,inf,NA,1,5,5,5,25,6,0,0,CONTINUE,0,A,1,1,0,KEEP_STRUCTURAL_IN_ON_CUT,2,3,0,0,"tail_cont_enabled=1 tail_active_dims=(1,) tail_delta=0.1 tail_start=(6, 6, 6) returned_y=(1, 6, 0) returned_b=(0, 1, 0) returned_u=(0, 0.1, 0) returned_zcap=(1, 6.1, 0) max_tail_u=0.1",NA
120,P1_no_rho,167,1174.0903392999899,5.799596800003201,5.5362179999938235,0.2153199000749737,0.01,37455.004788078644,37455.004788078644,-76211.09587392512,-59161.180774624554,0.0,-27538.137088475607,-72639.28517997611,-72639.27234892025,-55304.396595405175,-27538.137088475607,27766.259506929568,27766.25950692956,-29552.866312477032,34891.0,nan,nan,1.5000000000000002,10.0,0.0,0.0,10.0,0.85,CORE,MAIN,1.208982454185696,0.2543981062210394,0.6,0.174,-55304.396595405175,STRUCTURAL,-0.8232573067828992,-196092.70121688116,28200.0,0,0,0,0,0,0,0,inf,inf,NA,1,5,5,5,25,6,0,0,CONTINUE,0,A,1,1,0,KEEP_STRUCTURAL_IN_ON_CUT,2,3,0,0,"tail_cont_enabled=1 tail_active_dims=(1,) tail_delta=0.1 tail_start=(6, 6, 6) returned_y=(1, 6, 0) returned_b=(0, 1, 0) returned_u=(0, 0.1, 0) returned_zcap=(1, 6.1, 0) max_tail_u=0.1",NA
120,P1_no_rho,168,1180.5184587999247,5.799596800003201,6.4275238999398425,0.1702158999396488,0.01,49545.089282381225,49545.089282381225,-76211.09587392512,-57347.66810047917,0.0,-27538.137088475607,-71896.28287031778,-71896.2700343546,-55304.396595405175,-27538.137088475607,27766.259506929568,27766.25950692956,-29933.96376583658,34025.5,nan,nan,1.5000000000000002,10.0,0.0,0.0,10.0,0.85,CORE,MAIN,1.210509979758677,0.2526677107781241,0.6,0.174,-55304.396595405175,STRUCTURAL,-0.8221736887240064,-196092.70121688116,28200.0,0,0,0,0,0,0,0,inf,inf,NA,1,5,5,5,25,6,0,0,CONTINUE,0,A,1,1,0,KEEP_STRUCTURAL_IN_ON_CUT,2,3,0,0,"tail_cont_enabled=1 tail_active_dims=(1,) tail_delta=0.1 tail_start=(6, 6, 6) returned_y=(1, 6, 0) returned_b=(0, 1, 0) returned_u=(0, 0.1, 0) returned_zcap=(1, 6.1, 0) max_tail_u=0.1",NA
120,P1_no_rho,169,1184.7244055999909,5.799596800003201,4.205112099996768,0.15499629999976605,0.01,53493.88990545859,53493.88990545859,-76211.09587392512,-56755.348007017565,0.0,-27538.137088475607,-83063.94614843946,-83063.93178128237,-55304.396595405175,-27538.137088475607,27766.259506929568,27766.25950692956,-33933.36109075211,39613.0,nan,nan,1.5000000000000002,10.0,0.0,0.0,10.0,0.85,CORE,MAIN,1.2101377394632773,0.2431115716319412,0.6,0.174,-55304.396595405175,STRUCTURAL,-0.8268425464793588,-196092.70121688116,28200.0,0,0,0,0,0,0,0,inf,inf,NA,1,5,5,5,25,6,0,0,CONTINUE,0,A,1,1,0,KEEP_STRUCTURAL_IN_ON_CUT,2,3,0,0,"tail_cont_enabled=1 tail_active_dims=(1,) tail_delta=0.1 tail_start=(6, 6, 6) returned_y=(2, 0, 6) returned_b=(0, 0, 1) returned_u=(0, 0, 0) returned_zcap=(2, 0, 6) max_tail_u=0",NA
120,P1_no_rho,170,1198.5440455999924,5.799596800003201,13.818950599990785,0.15738760004751384,0.01,33305.312646830535,33305.312646830535,-76211.09587392512,-59783.634595811774,0.0,-27538.137088475607,-72838.6779618591,-72838.6656469362,-55304.396595405175,-27538.137088475607,27766.259506929568,27766.25950692956,-28931.48819437789,36984.0,nan,nan,1.5000000000000002,10.0,0.0,0.0,10.0,0.85,CORE,MAIN,1.210846091109679,0.2626953442460689,0.6,0.174,-55304.396595405175,STRUCTURAL,-0.7914625685442049,-196092.70121688116,28200.0,0,0,0,0,0,0,0,inf,inf,NA,1,5,5,5,25,6,0,0,CONTINUE,0,A,1,1,0,KEEP_STRUCTURAL_IN_ON_CUT,2,3,0,0,"tail_cont_enabled=1 tail_active_dims=(1,) tail_delta=0.1 tail_start=(6, 6, 6) returned_y=(2, 0, 6) returned_b=(0, 0, 1) returned_u=(0, 0, 0) returned_zcap=(2, 0, 6) max_tail_u=0",NA
120,P1_no_rho,171,1205.1816254999721,5.799596800003201,6.637165099964477,0.1685459999134764,0.01,42501.25062688946,42501.25062688946,-76211.09587392512,-58404.24389880293,0.0,-27538.137088475607,-79001.23863116468,-79001.22490597094,-55304.396595405175,-27538.137088475607,27766.259506929568,27766.25950692956,-31707.063863165313,38731.5,nan,nan,1.5000000000000002,10.0,0.0,0.0,10.0,0.85,CORE,MAIN,1.210548292133138,0.27217062314237617,0.6,0.174,-55304.396595405175,STRUCTURAL,-0.8140516296865276,-196092.70121688116,28200.0,0,0,0,0,0,0,0,inf,inf,NA,1,5,5,5,25,6,0,0,CONTINUE,0,A,1,1,0,KEEP_STRUCTURAL_IN_ON_CUT,2,3,0,0,"tail_cont_enabled=1 tail_active_dims=(1,) tail_delta=0.1 tail_start=(6, 6, 6) returned_y=(2, 0, 6) returned_b=(0, 0, 1) returned_u=(0, 0, 0) returned_zcap=(2, 0, 6) max_tail_u=0",NA
120,P1_no_rho,172,1209.4370946999406,5.799596800003201,4.254947999957949,0.16660939995199442,0.01,41674.224792561465,41674.224792561465,-76211.09587392512,-58528.29777395213,0.0,-27538.137088475607,-72059.68611536779,-72059.67319082146,-55304.396595405175,-27538.137088475607,27766.259506929568,27766.25950692956,-30631.60971751402,33929.0,nan,nan,1.5000000000000002,10.0,0.0,0.0,10.0,0.85,CORE,MAIN,1.21111631237786,0.2680469911537696,0.6,0.174,-55304.396595405175,STRUCTURAL,-0.8140148245514152,-196092.70121688116,28200.0,0,0,0,0,0,0,0,inf,inf,NA,1,5,5,5,25,6,0,0,CONTINUE,0,A,1,1,0,KEEP_STRUCTURAL_IN_ON_CUT,2,3,0,0,"tail_cont_enabled=1 tail_active_dims=(1,) tail_delta=0.1 tail_start=(6, 6, 6) returned_y=(0, 6, 1) returned_b=(0, 1, 0) returned_u=(0, 0.1, 0) returned_zcap=(0, 6.1, 1) max_tail_u=0.1",NA
120,P1_no_rho,173,1214.73757509992,5.799596800003201,5.299936999916099,0.16774609999265522,0.01,37854.33445706343,37854.33445706343,-76211.09587392512,-59101.28132427684,0.0,-27538.137088475607,-70781.40482052852,-70781.39217409349,-55304.396595405175,-27538.137088475607,27766.259506929568,27766.25950692956,-30177.53034577792,33929.0,nan,nan,1.5000000000000002,10.0,0.0,0.0,10.0,0.85,CORE,MAIN,1.2114245806237842,0.2783714233244874,0.6,0.174,-55304.396595405175,STRUCTURAL,-0.7978201897750314,-196092.70121688116,28200.0,0,0,0,0,0,0,0,inf,inf,NA,1,5,5,5,25,6,0,0,CONTINUE,0,A,1,1,0,KEEP_STRUCTURAL_IN_ON_CUT,2,3,0,0,"tail_cont_enabled=1 tail_active_dims=(1,) tail_delta=0.1 tail_start=(6, 6, 6) returned_y=(0, 6, 1) returned_b=(0, 1, 0) returned_u=(0, 0.1, 0) returned_zcap=(0, 6.1, 1) max_tail_u=0.1",NA
120,P1_no_rho,174,1220.328633200028,5.799596800003201,5.590663299895823,0.16307670006062835,0.01,29012.322771474035,29012.322771474035,-76211.09587392512,-60427.58307711525,0.0,-27538.137088475607,-64179.73428806368,-64179.72273626451,-55304.396595405175,-27538.137088475607,27766.259506929568,27766.25950692956,-26426.535173574735,32315.0,nan,nan,1.5000000000000002,10.0,0.0,0.0,10.0,0.85,CORE,MAIN,1.2085580304161028,0.27906618986048093,0.6,0.174,-55304.396595405175,STRUCTURAL,-0.7788578588414001,-196092.70121688116,28200.0,0,0,0,0,0,0,0,inf,inf,NA,1,5,5,5,25,6,0,0,CONTINUE,0,A,1,1,0,KEEP_STRUCTURAL_IN_ON_CUT,2,3,0,0,"tail_cont_enabled=1 tail_active_dims=(1,) tail_delta=0.1 tail_start=(6, 6, 6) returned_y=(0, 6, 1) returned_b=(0, 1, 0) returned_u=(0, 0.1, 0) returned_zcap=(0, 6.1, 1) max_tail_u=0.1",NA
120,P1_no_rho,175,1232.8725313999457,5.799596800003201,12.543422800023109,0.15776840003672987,0.01,48106.57886260149,48106.57886260149,-76211.09587392512,-57563.44466344613,0.0,-27538.137088475607,-78372.43291781314,-78372.41887564934,-55304.396595405175,-27538.137088475607,27766.259506929568,27766.25950692956,-34042.2186374078,36438.0,nan,nan,1.5000000000000002,10.0,0.0,0.0,10.0,0.85,CORE,MAIN,1.20534229205202,0.24473881687221644,0.6,0.174,-55304.396595405175,STRUCTURAL,-0.811061716490871,-196092.70121688116,28200.0,0,0,0,0,0,0,0,inf,inf,NA,1,5,5,5,25,6,0,0,CONTINUE,0,A,1,1,0,KEEP_STRUCTURAL_IN_ON_CUT,2,3,0,0,"tail_cont_enabled=1 tail_active_dims=(1,) tail_delta=0.1 tail_start=(6, 6, 6) returned_y=(0, 6, 1) returned_b=(0, 1, 0) returned_u=(0, 0.1, 0) returned_zcap=(0, 6.1, 1) max_tail_u=0.1",NA
120,P1_no_rho,176,1238.1418746999698,5.799596800003201,5.268842500052415,0.14950559998396784,0.01,38499.863328281695,38499.863328281695,-76211.09587392512,-59004.4519935941,0.0,-27538.137088475607,-79771.99519103373,-79771.98125329198,-55304.396595405175,-27538.137088475607,27766.259506929568,27766.25950692956,-32559.47020560686,38508.0,nan,nan,1.5000000000000002,10.0,0.0,0.0,10.0,0.85,CORE,MAIN,1.201715143637691,0.22992426581979064,0.6,0.174,-55304.396595405175,STRUCTURAL,-0.8173628172100185,-196092.70121688116,28200.0,0,0,0,0,0,0,0,inf,inf,NA,1,5,5,5,25,6,0,0,CONTINUE,0,A,1,1,0,KEEP_STRUCTURAL_IN_ON_CUT,2,3,0,0,"tail_cont_enabled=1 tail_active_dims=(1,) tail_delta=0.1 tail_start=(6, 6, 6) returned_y=(2, 0, 6) returned_b=(0, 0, 1) returned_u=(0, 0, 0) returned_zcap=(2, 0, 6) max_tail_u=0",NA
120,P1_no_rho,177,1244.598897799966,5.799596800003201,6.45653389999643,0.15171600005123764,0.01,71909.71016413183,71909.71016413183,-76211.09587392512,-53992.97496821658,0.0,-27538.137088475607,-82975.22196477234,-82975.20803390334,-55304.396595405175,-27538.137088475607,27766.259506929568,27766.25950692956,-33016.728513522714,39674.0,nan,nan,1.5000000000000002,10.0,0.0,0.0,10.0,0.85,CORE,MAIN,1.1979280103608057,0.2347401410568496,0.6,0.174,-55304.396595405175,STRUCTURAL,-0.8394831127082495,-196092.70121688116,28200.0,0,0,0,0,0,0,0,inf,inf,NA,1,5,5,5,25,6,0,0,CONTINUE,0,A,1,1,0,KEEP_STRUCTURAL_IN_ON_CUT,2,3,0,0,"tail_cont_enabled=1 tail_active_dims=(1,) tail_delta=0.1 tail_start=(6, 6, 6) returned_y=(2, 0, 6) returned_b=(0, 0, 1) returned_u=(0, 0, 0) returned_zcap=(2, 0, 6) max_tail_u=0",NA
120,P1_no_rho,178,1250.8912520000013,5.799596800003201,6.291759200044908,0.1665052999742329,0.01,62631.993760736324,62631.993760736324,-76211.09587392512,-55384.632428725905,0.0,-27538.137088475607,-83999.25785700293,-83999.24353075097,-55304.396595405175,-27538.137088475607,27766.259506929568,27766.25950692956,-32741.449394350682,40553.5,nan,nan,1.5000000000000002,10.0,0.0,0.0,10.0,0.85,CORE,MAIN,1.193813969350921,0.24725132244204917,0.6,0.174,-55304.396595405175,STRUCTURAL,-0.8426365851924049,-196092.70121688116,28200.0,0,0,0,0,0,0,0,inf,inf,NA,1,5,5,5,25,6,0,0,CONTINUE,0,A,1,1,0,KEEP_STRUCTURAL_IN_ON_CUT,2,3,0,0,"tail_cont_enabled=1 tail_active_dims=(1,) tail_delta=0.1 tail_start=(6, 6, 6) returned_y=(2, 0, 6) returned_b=(0, 0, 1) returned_u=(0, 0, 0) returned_zcap=(2, 0, 6) max_tail_u=0",NA
120,P1_no_rho,179,1255.479759000009,5.799596800003201,4.58808640006464,0.16368860006332397,0.01,44373.655925223546,44373.655925223546,-76211.09587392512,-58123.38310405282,0.0,-27538.137088475607,-72279.65049872942,-72279.63773079519,-55304.396595405175,-27538.137088475607,27766.259506929568,27766.25950692956,-30015.020495519013,34571.0,nan,nan,1.5000000000000002,10.0,0.0,0.0,10.0,0.85,CORE,MAIN,1.1925581010706225,0.25384462430342825,0.6,0.174,-55304.396595405175,STRUCTURAL,-0.8150302707524837,-196092.70121688116,28200.0,0,0,0,0,0,0,0,inf,inf,NA,1,5,5,5,25,6,0,0,CONTINUE,0,A,1,1,0,KEEP_STRUCTURAL_IN_ON_CUT,2,3,0,0,"tail_cont_enabled=1 tail_active_dims=(1,) tail_delta=0.1 tail_start=(6, 6, 6) returned_y=(1, 6, 0) returned_b=(0, 1, 0) returned_u=(0, 0.1, 0) returned_zcap=(1, 6.1, 0) max_tail_u=0.1",NA
120,P1_no_rho,180,1269.28744799993,5.799596800003201,13.807225700002164,0.16320359997916967,0.01,44128.43251544591,44128.43251544591,-76211.09587392512,-58160.16661551947,0.0,-27538.137088475607,-74044.67003143072,-74044.65713797108,-55304.396595405175,-27538.137088475607,27766.259506929568,27766.25950692956,-30029.688834618122,35599.5,nan,nan,1.5000000000000002,10.0,0.0,0.0,10.0,0.85,CORE,MAIN,1.198151900639614,0.25384331369637225,0.6,0.174,-55304.396595405175,STRUCTURAL,-0.824261919471771,-196092.70121688116,28200.0,0,0,0,0,0,0,0,inf,inf,NA,1,5,5,5,25,6,0,0,CONTINUE,0,A,1,1,0,KEEP_STRUCTURAL_IN_ON_CUT,2,3,0,0,"tail_cont_enabled=1 tail_active_dims=(1,) tail_delta=0.1 tail_start=(6, 6, 6) returned_y=(1, 6, 0) returned_b=(0, 1, 0) returned_u=(0, 0.1, 0) returned_zcap=(1, 6.1, 0) max_tail_u=0.1",NA
120,P1_no_rho,181,1274.9221998000285,5.799596800003201,5.634357199887745,0.18127890001051128,0.01,59527.25722122383,59527.25722122383,-76211.09587392512,-55850.342909652776,0.0,-27538.137088475607,-72912.84374886306,-72912.83105169011,-55304.396595405175,-27538.137088475607,27766.259506929568,27766.25950692956,-28274.064462014794,35224.0,nan,nan,1.5000000000000002,10.0,0.0,0.0,10.0,0.85,CORE,MAIN,1.2026273240165324,0.27016687501444514,0.6,0.174,-55304.396595405175,STRUCTURAL,-0.8448551478097377,-196092.70121688116,28200.0,0,0,0,0,0,0,0,inf,inf,NA,1,5,5,5,25,6,0,0,CONTINUE,0,A,1,1,0,KEEP_STRUCTURAL_IN_ON_CUT,2,3,0,0,"tail_cont_enabled=1 tail_active_dims=(1,) tail_delta=0.1 tail_start=(6, 6, 6) returned_y=(1, 6, 0) returned_b=(0, 1, 0) returned_u=(0, 0.1, 0) returned_zcap=(1, 6.1, 0) max_tail_u=0.1",NA
120,P1_no_rho,182,1281.5414088999387,5.799596800003201,6.61865169997327,0.15820219996385276,0.01,34010.78482192118,34010.78482192118,-76211.09587392512,-59677.81376954817,0.0,-27538.137088475607,-67566.06007279828,-67566.04796383876,-55304.396595405175,-27538.137088475607,27766.259506929568,27766.25950692956,-27709.977417552112,32419.5,nan,nan,1.5000000000000002,10.0,0.0,0.0,10.0,0.85,CORE,MAIN,1.203969566901515,0.2611629925964698,0.6,0.174,-55304.396595405175,STRUCTURAL,-0.8195904840458498,-196092.70121688116,28200.0,0,0,0,0,0,0,0,inf,inf,NA,1,5,5,5,25,6,0,0,CONTINUE,0,A,1,1,0,KEEP_STRUCTURAL_IN_ON_CUT,2,3,0,0,"tail_cont_enabled=1 tail_active_dims=(1,) tail_delta=0.1 tail_start=(6, 6, 6) returned_y=(1, 6, 0) returned_b=(0, 1, 0) returned_u=(0, 0.1, 0) returned_zcap=(1, 6.1, 0) max_tail_u=0.1",NA
120,P1_no_rho,183,1285.9156426999252,5.799596800003201,4.37321799993515,0.18579040002077818,0.01,49980.62600729187,49980.62600729187,-76211.09587392512,-57282.33759174257,0.0,-27538.137088475607,-83404.23929217814,-83404.22495084803,-55304.396595405175,-27538.137088475607,27766.259506929568,27766.25950692956,-33788.73454041141,39664.0,nan,nan,1.5000000000000002,10.0,0.0,0.0,10.0,0.85,CORE,MAIN,1.2028940980651512,0.24376671561884722,0.6,0.174,-55304.396595405175,STRUCTURAL,-0.8339298509216858,-196092.70121688116,28200.0,0,0,0,0,0,0,0,inf,inf,NA,1,5,5,5,25,6,0,0,CONTINUE,0,A,1,1,0,KEEP_STRUCTURAL_IN_ON_CUT,2,3,0,0,"tail_cont_enabled=1 tail_active_dims=(1,) tail_delta=0.1 tail_start=(6, 6, 6) returned_y=(2, 0, 6) returned_b=(0, 0, 1) returned_u=(0, 0, 0) returned_zcap=(2, 0, 6) max_tail_u=0",NA
120,P1_no_rho,184,1291.3847882000264,5.799596800003201,5.4684663999360055,0.20015820011030883,0.01,41812.643221658494,41812.643221658494,-76211.09587392512,-58507.53500958758,0.0,-27538.137088475607,-77595.57407230671,-77595.56088707078,-55304.396595405175,-27538.137088475607,27766.259506929568,27766.25950692956,-30233.23452035152,38083.0,nan,nan,1.5000000000000002,10.0,0.0,0.0,10.0,0.85,CORE,MAIN,1.202373977773675,0.26092898772596207,0.6,0.174,-55304.396595405175,STRUCTURAL,-0.8291070620612744,-196092.70121688116,28200.0,0,0,0,0,0,0,0,inf,inf,NA,1,5,5,5,25,6,0,0,CONTINUE,0,A,1,1,0,KEEP_STRUCTURAL_IN_ON_CUT,2,3,0,0,"tail_cont_enabled=1 tail_active_dims=(1,) tail_delta=0.1 tail_start=(6, 6, 6) returned_y=(2, 0, 6) returned_b=(0, 0, 1) returned_u=(0, 0, 0) returned_zcap=(2, 0, 6) max_tail_u=0",NA
120,P1_no_rho,185,1306.450444499962,5.799596800003201,15.065073400037363,0.15016499999910593,0.01,34678.60028222683,34678.60028222683,-76211.09587392512,-59577.64145050233,0.0,-27538.137088475607,-73887.92752323633,-73887.91472881734,-55304.396595405175,-27538.137088475607,27766.259506929568,27766.25950692956,-29496.298819442876,37934.0,nan,nan,1.5000000000000002,10.0,0.0,0.0,10.0,0.85,CORE,MAIN,1.2023843527756704,0.25728900971471336,0.6,0.174,-55304.396595405175,STRUCTURAL,-0.7801552856606117,-196092.70121688116,28200.0,0,0,0,0,0,0,0,inf,inf,NA,1,5,5,5,25,6,0,0,CONTINUE,0,A,1,1,0,KEEP_STRUCTURAL_IN_ON_CUT,2,3,0,0,"tail_cont_enabled=1 tail_active_dims=(1,) tail_delta=0.1 tail_start=(6, 6, 6) returned_y=(2, 0, 6) returned_b=(0, 0, 1) returned_u=(0, 0, 0) returned_zcap=(2, 0, 6) max_tail_u=0",NA
120,P1_no_rho,186,1311.0093023999361,5.799596800003201,4.558386099990457,0.16962589998729527,0.01,36177.24823411622,36177.24823411622,-76211.09587392512,-59352.84425771892,0.0,-27538.137088475607,-72683.62125779616,-72683.60821013438,-55304.396595405175,-27538.137088475607,27766.259506929568,27766.25950692956,-31256.00596740171,34624.0,nan,nan,1.5000000000000002,10.0,0.0,0.0,10.0,0.85,CORE,MAIN,1.2029130761353461,0.27309484442406073,0.6,0.174,-55304.396595405175,STRUCTURAL,-0.7976664017778162,-196092.70121688116,28200.0,0,0,0,0,0,0,0,inf,inf,NA,1,5,5,5,25,6,0,0,CONTINUE,0,A,1,1,0,KEEP_STRUCTURAL_IN_ON_CUT,2,3,0,0,"tail_cont_enabled=1 tail_active_dims=(1,) tail_delta=0.1 tail_start=(6, 6, 6) returned_y=(0, 6, 1) returned_b=(0, 1, 0) returned_u=(0, 0.1, 0) returned_zcap=(0, 6.1, 1) max_tail_u=0.1",NA
120,P1_no_rho,187,1316.3703595999395,5.799596800003201,5.360615200013854,0.15168170002289116,0.01,28483.032090743476,28483.032090743476,-76211.09587392512,-60506.976679224834,0.0,-27538.137088475607,-73676.16040022734,-73676.14741795353,-55304.396595405175,-27538.137088475607,27766.259506929568,27766.25950692956,-31175.441148176145,34637.0,nan,nan,1.5000000000000002,10.0,0.0,0.0,10.0,0.85,CORE,MAIN,1.2032942842321592,0.26331850338347773,0.6,0.174,-55304.396595405175,STRUCTURAL,-0.8180213118876233,-196092.70121688116,28200.0,0,0,0,0,0,0,0,inf,inf,NA,1,5,5,5,25,6,0,0,CONTINUE,0,A,1,1,0,KEEP_STRUCTURAL_IN_ON_CUT,2,3,0,0,"tail_cont_enabled=1 tail_active_dims=(1,) tail_delta=0.1 tail_start=(6, 6, 6) returned_y=(0, 6, 1) returned_b=(0, 1, 0) returned_u=(0, 0.1, 0) returned_zcap=(0, 6.1, 1) max_tail_u=0.1",NA
120,P1_no_rho,188,1321.6993392999284,5.799596800003201,5.328438999946229,0.15748500009067357,0.01,24375.800750194718,24375.800750194718,-76211.09587392512,-61123.06138030715,0.0,-27538.137088475607,-68392.49413377167,-68392.48191277542,-55304.396595405175,-27538.137088475607,27766.259506929568,27766.25950692956,-28085.756544194785,33322.0,nan,nan,1.5000000000000002,10.0,0.0,0.0,10.0,0.85,CORE,MAIN,1.2051431741010572,0.24718083711158645,0.6,0.174,-55304.396595405175,STRUCTURAL,-0.8064086863249628,-196092.70121688116,28200.0,0,0,0,0,0,0,0,inf,inf,NA,1,5,5,5,25,6,0,0,CONTINUE,0,A,1,1,0,KEEP_STRUCTURAL_IN_ON_CUT,2,3,0,0,"tail_cont_enabled=1 tail_active_dims=(1,) tail_delta=0.1 tail_start=(6, 6, 6) returned_y=(0, 6, 1) returned_b=(0, 1, 0) returned_u=(0, 0.1, 0) returned_zcap=(0, 6.1, 1) max_tail_u=0.1",NA
120,P1_no_rho,189,1326.0184738999233,5.799596800003201,4.318571899901144,0.17300099995918572,0.01,64257.16765742903,64257.16765742903,-76211.09587392512,-55140.856344222,0.0,-27538.137088475607,-74596.50262466799,-74596.48928312716,-55304.396595405175,-27538.137088475607,27766.259506929568,27766.25950692956,-31995.963057105877,35331.5,nan,nan,1.5000000000000002,10.0,0.0,0.0,10.0,0.85,CORE,MAIN,1.206331790631392,0.2500589432259379,0.6,0.174,-55304.396595405175,STRUCTURAL,-0.8038252216109572,-196092.70121688116,28200.0,0,0,0,0,0,0,0,inf,inf,NA,1,5,5,5,25,6,0,0,CONTINUE,0,A,1,1,0,KEEP_STRUCTURAL_IN_ON_CUT,2,3,0,0,"tail_cont_enabled=1 tail_active_dims=(1,) tail_delta=0.1 tail_start=(6, 6, 6) returned_y=(0, 6, 1) returned_b=(0, 1, 0) returned_u=(0, 0.1, 0) returned_zcap=(0, 6.1, 1) max_tail_u=0.1",NA
120,P1_no_rho,190,1339.6872335999506,5.799596800003201,13.667706799926236,0.17613359994720668,0.01,38309.94940420669,38309.94940420669,-76211.09587392512,-59032.93908220535,0.0,-27538.137088475607,-77196.640633323,-77196.62711243232,-55304.396595405175,-27538.137088475607,27766.259506929568,27766.25950692956,-32026.564927739113,37611.0,nan,nan,1.5000000000000002,10.0,0.0,0.0,10.0,0.85,CORE,MAIN,1.2064269059612647,0.23496341650286234,0.6,0.174,-55304.396595405175,STRUCTURAL,-0.8006533936825784,-196092.70121688116,28200.0,0,0,0,0,0,0,0,inf,inf,NA,1,5,5,5,25,6,0,0,CONTINUE,0,A,1,1,0,KEEP_STRUCTURAL_IN_ON_CUT,2,3,0,0,"tail_cont_enabled=1 tail_active_dims=(1,) tail_delta=0.1 tail_start=(6, 6, 6) returned_y=(2, 0, 6) returned_b=(0, 0, 1) returned_u=(0, 0, 0) returned_zcap=(2, 0, 6) max_tail_u=0",NA
120,P1_no_rho,191,1346.2909815999446,5.799596800003201,6.603323000017554,0.16122830007225275,0.01,63394.51379104923,63394.51379104923,-76211.09587392512,-55270.254424178966,0.0,-27538.137088475607,-88722.2356650399,-88722.22062845963,-55304.396595405175,-27538.137088475607,27766.259506929568,27766.25950692956,-35506.013705371115,41156.0,nan,nan,1.5000000000000002,10.0,0.0,0.0,10.0,0.85,CORE,MAIN,1.203517621998743,0.2191424595088972,0.6,0.174,-55304.396595405175,STRUCTURAL,-0.8620242803493783,-196092.70121688116,28200.0,0,0,0,0,0,0,0,inf,inf,NA,1,5,5,5,25,6,0,0,CONTINUE,0,A,1,1,0,KEEP_STRUCTURAL_IN_ON_CUT,2,3,0,0,"tail_cont_enabled=1 tail_active_dims=(1,) tail_delta=0.1 tail_start=(6, 6, 6) returned_y=(2, 0, 6) returned_b=(0, 0, 1) returned_u=(0, 0, 0) returned_zcap=(2, 0, 6) max_tail_u=0",NA
120,P1_no_rho,192,1352.6961304999422,5.799596800003201,6.404420799924992,0.1649749999633059,0.01,66506.27439044329,66506.27439044329,-76211.09587392512,-54803.49033426986,0.0,-27538.137088475607,-80770.08142777625,-80770.06765709585,-55304.396595405175,-27538.137088475607,27766.259506929568,27766.25950692956,-31243.93086617391,39958.5,nan,nan,1.5000000000000002,10.0,0.0,0.0,10.0,0.85,CORE,MAIN,1.2010902491810247,0.24193899634081317,0.6,0.174,-55304.396595405175,STRUCTURAL,-0.826292892057542,-196092.70121688116,28200.0,0,0,0,0,0,0,0,inf,inf,NA,1,5,5,5,25,6,0,0,CONTINUE,0,A,1,1,0,KEEP_STRUCTURAL_IN_ON_CUT,2,3,0,0,"tail_cont_enabled=1 tail_active_dims=(1,) tail_delta=0.1 tail_start=(6, 6, 6) returned_y=(2, 0, 6) returned_b=(0, 0, 1) returned_u=(0, 0, 0) returned_zcap=(2, 0, 6) max_tail_u=0",NA
120,P1_no_rho,193,1357.0586093999445,5.799596800003201,4.361638300004415,0.17348489991854876,0.01,42472.21365605654,42472.21365605654,-76211.09587392512,-58408.59944442787,0.0,-27538.137088475607,-69408.32797564773,-69408.31591466087,-55304.396595405175,-27538.137088475607,27766.259506929568,27766.25950692956,-28085.02308238852,34103.5,nan,nan,1.5000000000000002,10.0,0.0,0.0,10.0,0.85,CORE,MAIN,1.2016592132122765,0.25465064309589214,0.6,0.174,-55304.396595405175,STRUCTURAL,-0.8078016006621478,-196092.70121688116,28200.0,0,0,0,0,0,0,0,inf,inf,NA,1,5,5,5,25,6,0,0,CONTINUE,0,A,1,1,0,KEEP_STRUCTURAL_IN_ON_CUT,2,3,0,0,"tail_cont_enabled=1 tail_active_dims=(1,) tail_delta=0.1 tail_start=(6, 6, 6) returned_y=(0, 6, 1) returned_b=(0, 1, 0) returned_u=(0, 0.1, 0) returned_zcap=(0, 6.1, 1) max_tail_u=0.1",NA
120,P1_no_rho,194,1362.7155594999203,5.799596800003201,5.655633299960755,0.16711459995713085,0.01,38400.589745745754,38400.589745745754,-76211.09587392512,-59019.34303097449,0.0,-27538.137088475607,-74143.00070560112,-74142.98766567047,-55304.396595405175,-27538.137088475607,27766.259506929568,27766.25950692956,-31538.50809323875,35249.0,nan,nan,1.5000000000000002,10.0,0.0,0.0,10.0,0.85,CORE,MAIN,1.2026498129782366,0.2623353119552557,0.6,0.174,-55304.396595405175,STRUCTURAL,-0.8057813379562868,-196092.70121688116,28200.0,0,0,0,0,0,0,0,inf,inf,NA,1,5,5,5,25,6,0,0,CONTINUE,0,A,1,1,0,KEEP_STRUCTURAL_IN_ON_CUT,2,3,0,0,"tail_cont_enabled=1 tail_active_dims=(1,) tail_delta=0.1 tail_start=(6, 6, 6) returned_y=(0, 6, 1) returned_b=(0, 1, 0) returned_u=(0, 0.1, 0) returned_zcap=(0, 6.1, 1) max_tail_u=0.1",NA
120,P1_no_rho,195,1376.7716574999504,5.799596800003201,14.055701500037685,0.167151500005275,0.01,53008.48951850965,53008.48951850965,-76211.09587392512,-56828.158065059906,0.0,-27538.137088475607,-72637.23464878014,-72637.22179636805,-55304.396595405175,-27538.137088475607,27766.259506929568,27766.25950692956,-28674.10800851716,34586.5,nan,nan,1.5000000000000002,10.0,0.0,0.0,10.0,0.85,CORE,MAIN,1.203858604283668,0.2649717671086812,0.6,0.174,-55304.396595405175,STRUCTURAL,-0.8474041179429523,-196092.70121688116,28200.0,0,0,0,0,0,0,0,inf,inf,NA,1,5,5,5,25,6,0,0,CONTINUE,0,A,1,1,0,KEEP_STRUCTURAL_IN_ON_CUT,2,3,0,0,"tail_cont_enabled=1 tail_active_dims=(1,) tail_delta=0.1 tail_start=(6, 6, 6) returned_y=(0, 6, 1) returned_b=(0, 1, 0) returned_u=(0, 0.1, 0) returned_zcap=(0, 6.1, 1) max_tail_u=0.1",NA
120,P1_no_rho,196,1381.276605000021,5.799596800003201,4.5044971000170335,0.15764620003756136,0.01,37720.40458180263,37720.40458180263,-76211.09587392512,-59121.37080556596,0.0,-27538.137088475607,-68184.92192814851,-68184.90964840306,-55304.396595405175,-27538.137088475607,27766.259506929568,27766.25950692956,-28628.435516514735,32715.0,nan,nan,1.5000000000000002,10.0,0.0,0.0,10.0,0.85,CORE,MAIN,1.205304019995113,0.26829144306750785,0.6,0.174,-55304.396595405175,STRUCTURAL,-0.8060823094785943,-196092.70121688116,28200.0,0,0,0,0,0,0,0,inf,inf,NA,1,5,5,5,25,6,0,0,CONTINUE,0,A,1,1,0,KEEP_STRUCTURAL_IN_ON_CUT,2,3,0,0,"tail_cont_enabled=1 tail_active_dims=(1,) tail_delta=0.1 tail_start=(6, 6, 6) returned_y=(1, 6, 0) returned_b=(0, 1, 0) returned_u=(0, 0.1, 0) returned_zcap=(1, 6.1, 0) max_tail_u=0.1",NA
120,P1_no_rho,197,1387.59094429994,5.799596800003201,6.313774899928831,0.1518999000545591,0.01,56770.569352295766,56770.569352295766,-76211.09587392512,-56263.84608999199,0.0,-27538.137088475607,-80141.75609869184,-80141.74229402962,-55304.396595405175,-27538.137088475607,27766.259506929568,27766.25950692956,-32908.04868281619,38200.5,nan,nan,1.5000000000000002,10.0,0.0,0.0,10.0,0.85,CORE,MAIN,1.205265564760935,0.24750159372268954,0.6,0.174,-55304.396595405175,STRUCTURAL,-0.8243119612084209,-196092.70121688116,28200.0,0,0,0,0,0,0,0,inf,inf,NA,1,5,5,5,25,6,0,0,CONTINUE,0,A,1,1,0,KEEP_STRUCTURAL_IN_ON_CUT,2,3,0,0,"tail_cont_enabled=1 tail_active_dims=(1,) tail_delta=0.1 tail_start=(6, 6, 6) returned_y=(6, 0, 2) returned_b=(1, 0, 0) returned_u=(0, 0, 0) returned_zcap=(6, 0, 2) max_tail_u=0",NA
120,P1_no_rho,198,1394.1302258999785,5.799596800003201,6.538526699994691,0.17318889999296516,0.01,50973.68066430281,50973.68066430281,-76211.09587392512,-57133.37939319093,0.0,-27538.137088475607,-89978.18030594765,-89978.16523494686,-55304.396595405175,-27538.137088475607,27766.259506929568,27766.25950692956,-36454.219319527234,41532.0,nan,nan,1.5000000000000002,10.0,0.0,0.0,10.0,0.85,CORE,MAIN,1.2024806854562018,0.23499646158951237,0.6,0.174,-55304.396595405175,STRUCTURAL,-0.8591599395714088,-196092.70121688116,28200.0,0,0,0,0,0,0,0,inf,inf,NA,1,5,5,5,25,6,0,0,CONTINUE,0,A,1,1,0,KEEP_STRUCTURAL_IN_ON_CUT,2,3,0,0,"tail_cont_enabled=1 tail_active_dims=(1,) tail_delta=0.1 tail_start=(6, 6, 6) returned_y=(6, 0, 2) returned_b=(1, 0, 0) returned_u=(0, 0, 0) returned_zcap=(6, 0, 2) max_tail_u=0",NA
120,P1_no_rho,199,1398.4158001999604,5.799596800003201,4.284694300033152,0.1588551999302581,0.01,65492.30006432928,65492.30006432928,-76211.09587392512,-54955.586483186955,0.0,-27538.137088475607,-82857.94273083317,-82857.92864431647,-55304.396595405175,-27538.137088475607,27766.259506929568,27766.25950692956,-32015.21782013212,40358.0,nan,nan,1.5000000000000002,10.0,0.0,0.0,10.0,0.85,CORE,MAIN,1.1995481870717513,0.25183132653831475,0.6,0.174,-55304.396595405175,STRUCTURAL,-0.8398617510643797,-196092.70121688116,28200.0,0,0,0,0,0,0,0,inf,inf,NA,1,5,5,5,25,6,0,0,CONTINUE,0,A,1,1,0,KEEP_STRUCTURAL_IN_ON_CUT,2,3,0,0,"tail_cont_enabled=1 tail_active_dims=(1,) tail_delta=0.1 tail_start=(6, 6, 6) returned_y=(6, 0, 2) returned_b=(1, 0, 0) returned_u=(0, 0, 0) returned_zcap=(6, 0, 2) max_tail_u=0",NA
120,P1_no_rho,200,1412.9643025000114,5.799596800003201,14.548048500088044,0.16626879991963506,0.01,43247.826364349174,43247.826364349174,-76211.09587392512,-58292.25753818398,0.0,-27538.137088475607,-60687.913491162755,-60687.9024627825,-55304.396595405175,-27538.137088475607,27766.259506929568,27766.25950692956,-24309.935359350904,30887.0,nan,nan,1.5000000000000002,10.0,0.0,0.0,10.0,0.85,CORE,MAIN,1.195912603275717,0.2924179807574212,0.6,0.174,-55304.396595405175,STRUCTURAL,-0.7851839954982484,-196092.70121688116,28200.0,0,0,0,0,0,0,0,inf,inf,NA,1,5,5,5,25,6,0,0,CONTINUE,0,A,1,1,0,KEEP_STRUCTURAL_IN_ON_CUT,2,3,0,0,"tail_cont_enabled=1 tail_active_dims=(1,) tail_delta=0.1 tail_start=(6, 6, 6) returned_y=(1, 6, 0) returned_b=(0, 1, 0) returned_u=(0, 0.1, 0) returned_zcap=(1, 6.1, 0) max_tail_u=0.1",NA
120,P1_no_rho,201,1418.391435700003,5.799596800003201,5.426552599994466,0.16949500003829598,0.01,27490.585348558576,27490.585348558576,-76211.09587392512,-60655.84369055257,0.0,-27538.137088475607,-75848.02964426624,-75848.01640692262,-55304.396595405175,-27538.137088475607,27766.259506929568,27766.25950692956,-32092.376990021396,36299.0,nan,nan,1.5000000000000002,10.0,0.0,0.0,10.0,0.85,CORE,MAIN,1.1924702979044395,0.2511047107463432,0.6,0.174,-55304.396595405175,STRUCTURAL,-0.8036151485697717,-196092.70121688116,28200.0,0,0,0,0,0,0,0,inf,inf,NA,1,5,5,5,25,6,0,0,CONTINUE,0,A,1,1,0,KEEP_STRUCTURAL_IN_ON_CUT,2,3,0,0,"tail_cont_enabled=1 tail_active_dims=(1,) tail_delta=0.1 tail_start=(6, 6, 6) returned_y=(1, 6, 0) returned_b=(0, 1, 0) returned_u=(0, 0.1, 0) returned_zcap=(1, 6.1, 0) max_tail_u=0.1",NA
120,P1_no_rho,202,1423.7278384999372,5.799596800003201,5.335927299922332,0.1693310000700876,0.01,25953.18543862121,25953.18543862121,-76211.09587392512,-60886.45367704317,0.0,-27538.137088475607,-68172.10229509731,-68172.09003735185,-55304.396595405175,-27538.137088475607,27766.259506929568,27766.25950692956,-27158.65968983986,32988.5,nan,nan,1.5000000000000002,10.0,0.0,0.0,10.0,0.85,CORE,MAIN,1.1913715130383398,0.270014829300512,0.6,0.174,-55304.396595405175,STRUCTURAL,-0.828842987657557,-196092.70121688116,28200.0,0,0,0,0,0,0,0,inf,inf,NA,1,5,5,5,25,6,0,0,CONTINUE,0,A,1,1,0,KEEP_STRUCTURAL_IN_ON_CUT,2,3,0,0,"tail_cont_enabled=1 tail_active_dims=(1,) tail_delta=0.1 tail_start=(6, 6, 6) returned_y=(1, 6, 0) returned_b=(0, 1, 0) returned_u=(0, 0.1, 0) returned_zcap=(1, 6.1, 0) max_tail_u=0.1",NA
120,P1_no_rho,203,1428.2875990999164,5.799596800003201,4.559170399908908,0.2036651000380516,0.01,46628.40508350736,46628.40508350736,-76211.09587392512,-57785.170730310245,0.0,-27538.137088475607,-78289.83259325058,-78289.81873501927,-55304.396595405175,-27538.137088475607,27766.259506929568,27766.25950692956,-33513.77225213635,36229.0,nan,nan,1.5000000000000002,10.0,0.0,0.0,10.0,0.85,CORE,MAIN,1.1895336700831034,0.24652992199582047,0.6,0.174,-55304.396595405175,STRUCTURAL,-0.8239448412944128,-196092.70121688116,28200.0,0,0,0,0,0,0,0,inf,inf,NA,1,5,5,5,25,6,0,0,CONTINUE,0,A,1,1,0,KEEP_STRUCTURAL_IN_ON_CUT,2,3,0,0,"tail_cont_enabled=1 tail_active_dims=(1,) tail_delta=0.1 tail_start=(6, 6, 6) returned_y=(1, 6, 0) returned_b=(0, 1, 0) returned_u=(0, 0.1, 0) returned_zcap=(1, 6.1, 0) max_tail_u=0.1",NA
120,P1_no_rho,204,1434.833081400022,5.799596800003201,6.544945200090297,0.15785820002201945,0.01,39074.16466004572,39074.16466004572,-76211.09587392512,-58918.30679382949,0.0,-27538.137088475607,-89897.03475985822,-89897.01883397407,-55304.396595405175,-27538.137088475607,27766.259506929568,27766.25950692956,-40431.87632308806,39459.5,nan,nan,1.5000000000000002,10.0,0.0,0.0,10.0,0.85,CORE,MAIN,1.1857367576680924,0.2296959080903721,0.6,0.174,-55304.396595405175,STRUCTURAL,-0.8357115947724629,-196092.70121688116,28200.0,0,0,0,0,0,0,0,inf,inf,NA,1,5,5,5,25,6,0,0,CONTINUE,0,A,1,1,0,KEEP_STRUCTURAL_IN_ON_CUT,2,3,0,0,"tail_cont_enabled=1 tail_active_dims=(1,) tail_delta=0.1 tail_start=(6, 6, 6) returned_y=(1, 6, 0) returned_b=(0, 1, 0) returned_u=(0, 0.1, 0) returned_zcap=(1, 6.1, 0) max_tail_u=0.1",NA
120,P1_no_rho,205,1448.8710455999244,5.799596800003201,14.037650999962352,0.15786650008521974,0.01,29303.997927251363,29303.997927251363,-76211.09587392512,-60383.831803748646,0.0,-27538.137088475607,-77123.0665931502,-77123.05337576564,-55304.396595405175,-27538.137088475607,27766.259506929568,27766.25950692956,-32431.353560038762,37208.0,nan,nan,1.5000000000000002,10.0,0.0,0.0,10.0,0.85,CORE,MAIN,1.1841813849336527,0.2473537398265584,0.6,0.174,-55304.396595405175,STRUCTURAL,-0.800754314766123,-196092.70121688116,28200.0,0,0,0,0,0,0,0,inf,inf,NA,1,5,5,5,25,6,0,0,CONTINUE,0,A,1,1,0,KEEP_STRUCTURAL_IN_ON_CUT,2,3,0,0,"tail_cont_enabled=1 tail_active_dims=(1,) tail_delta=0.1 tail_start=(6, 6, 6) returned_y=(5, 0, 3) returned_b=(0, 0, 0) returned_u=(0, 0, 0) returned_zcap=(5, 0, 3) max_tail_u=0",NA
120,P1_no_rho,206,1455.679458300001,5.799596800003201,6.8079067000653595,0.18790380004793406,0.01,27190.60484317246,27190.60484317246,-76211.09587392512,-60700.84076636048,0.0,-27538.137088475607,-71442.79972483768,-71442.78755310076,-55304.396595405175,-27538.137088475607,27766.259506929568,27766.25950692956,-28704.172166419845,36804.5,nan,nan,1.5000000000000002,10.0,0.0,0.0,10.0,0.85,CORE,MAIN,1.1903233713758363,0.2629297224494016,0.6,0.174,-55304.396595405175,STRUCTURAL,-0.7741556129763283,-196092.70121688116,28200.0,0,0,0,0,0,0,0,inf,inf,NA,1,5,5,5,25,6,0,0,CONTINUE,0,A,1,1,0,KEEP_STRUCTURAL_IN_ON_CUT,2,3,0,0,"tail_cont_enabled=1 tail_active_dims=(1,) tail_delta=0.1 tail_start=(6, 6, 6) returned_y=(6, 0, 2) returned_b=(1, 0, 0) returned_u=(0, 0, 0) returned_zcap=(6, 0, 2) max_tail_u=0",NA
120,P1_no_rho,207,1461.9837696999311,5.799596800003201,6.303649200010113,0.17552000004798174,0.01,86520.85850804475,86520.85850804475,-76211.09587392512,-51801.30271662964,0.0,-27538.137088475607,-72590.82519550822,-72590.81233368977,-55304.396595405175,-27538.137088475607,27766.259506929568,27766.25950692956,-29373.434849766807,35024.0,nan,nan,1.5000000000000002,10.0,0.0,0.0,10.0,0.85,CORE,MAIN,1.195007674819586,0.2609016176577751,0.6,0.174,-55304.396595405175,STRUCTURAL,-0.822624057482925,-196092.70121688116,28200.0,0,0,0,0,0,0,0,inf,inf,NA,1,5,5,5,25,6,0,0,CONTINUE,0,A,1,1,0,KEEP_STRUCTURAL_IN_ON_CUT,2,3,0,0,"tail_cont_enabled=1 tail_active_dims=(1,) tail_delta=0.1 tail_start=(6, 6, 6) returned_y=(5, 0, 3) returned_b=(0, 0, 0) returned_u=(0, 0, 0) returned_zcap=(5, 0, 3) max_tail_u=0",NA
120,P1_no_rho,208,1467.6133527000202,5.799596800003201,5.629107500077225,0.15274969988968223,0.01,39114.21591815125,39114.21591815125,-76211.09587392512,-58912.29910511366,0.0,-27538.137088475607,-79091.45135203414,-79091.4375392409,-55304.396595405175,-27538.137088475607,27766.259506929568,27766.25950692956,-34116.83589999156,37648.0,nan,nan,1.5000000000000002,10.0,0.0,0.0,10.0,0.85,CORE,MAIN,1.1991657513807459,0.2503769336517727,0.6,0.174,-55304.396595405175,STRUCTURAL,-0.796405327228526,-196092.70121688116,28200.0,0,0,0,0,0,0,0,inf,inf,NA,1,5,5,5,25,6,0,0,CONTINUE,0,A,1,1,0,KEEP_STRUCTURAL_IN_ON_CUT,2,3,0,0,"tail_cont_enabled=1 tail_active_dims=(1,) tail_delta=0.1 tail_start=(6, 6, 6) returned_y=(1, 6, 0) returned_b=(0, 1, 0) returned_u=(0, 0.1, 0) returned_zcap=(1, 6.1, 0) max_tail_u=0.1",NA
120,P1_no_rho,209,1472.9316315000178,5.799596800003201,5.317760500009172,0.16949759994167835,0.01,59326.03317696172,59326.03317696172,-76211.09587392512,-55880.52651629209,0.0,-27538.137088475607,-78748.53645759381,-78748.52327708565,-55304.396595405175,-27538.137088475607,27766.259506929568,27766.25950692956,-29979.71345893939,38200.5,nan,nan,1.5000000000000002,10.0,0.0,0.0,10.0,0.85,CORE,MAIN,1.201555843469369,0.2533187912305822,0.6,0.174,-55304.396595405175,STRUCTURAL,-0.8511024693070554,-196092.70121688116,28200.0,0,0,0,0,0,0,0,inf,inf,NA,1,5,5,5,25,6,0,0,CONTINUE,0,A,1,1,0,KEEP_STRUCTURAL_IN_ON_CUT,2,3,0,0,"tail_cont_enabled=1 tail_active_dims=(1,) tail_delta=0.1 tail_start=(6, 6, 6) returned_y=(1, 6, 0) returned_b=(0, 1, 0) returned_u=(0, 0.1, 0) returned_zcap=(1, 6.1, 0) max_tail_u=0.1",NA
120,P1_no_rho,210,1485.4261836999794,5.799596800003201,12.493958599981852,0.16071000008378178,0.01,42351.59365683479,42351.59365683479,-76211.09587392512,-58426.692444311135,0.0,-27538.137088475607,-81140.87784868911,-81140.86437180598,-55304.396595405175,-27538.137088475607,27766.259506929568,27766.25950692956,-32957.61963894283,38787.0,nan,nan,1.5000000000000002,10.0,0.0,0.0,10.0,0.85,CORE,MAIN,1.2029859154948703,0.25108075598397417,0.6,0.174,-55304.396595405175,STRUCTURAL,-0.828168282033725,-196092.70121688116,28200.0,0,0,0,0,0,0,0,inf,inf,NA,1,5,5,5,25,6,0,0,CONTINUE,0,A,1,1,0,KEEP_STRUCTURAL_IN_ON_CUT,2,3,0,0,"tail_cont_enabled=1 tail_active_dims=(1,) tail_delta=0.1 tail_start=(6, 6, 6) returned_y=(1, 6, 0) returned_b=(0, 1, 0) returned_u=(0, 0.1, 0) returned_zcap=(1, 6.1, 0) max_tail_u=0.1",NA
120,P1_no_rho,211,1490.8193290999625,5.799596800003201,5.39225399994757,0.17071139998733997,0.01,21618.914686396805,21618.914686396805,-76211.09587392512,-61536.59428987683,0.0,-27538.137088475607,-64961.70269509182,-64961.691077307725,-55304.396595405175,-27538.137088475607,27766.259506929568,27766.25950692956,-26608.56684213806,32047.0,nan,nan,1.5000000000000002,10.0,0.0,0.0,10.0,0.85,CORE,MAIN,1.201956077615649,0.25464565324615673,0.6,0.174,-55304.396595405175,STRUCTURAL,-0.7978515770622243,-196092.70121688116,28200.0,0,0,0,0,0,0,0,inf,inf,NA,1,5,5,5,25,6,0,0,CONTINUE,0,A,1,1,0,KEEP_STRUCTURAL_IN_ON_CUT,2,3,0,0,"tail_cont_enabled=1 tail_active_dims=(1,) tail_delta=0.1 tail_start=(6, 6, 6) returned_y=(0, 6, 1) returned_b=(0, 1, 0) returned_u=(0, 0.1, 0) returned_zcap=(0, 6.1, 1) max_tail_u=0.1",NA
120,P1_no_rho,212,1496.3335029999726,5.799596800003201,5.513247800059617,0.15175610000733286,0.01,37466.331222299865,37466.331222299865,-76211.09587392512,-59159.48180949137,0.0,-27538.137088475607,-76720.32491436075,-76720.31152225143,-55304.396595405175,-27538.137088475607,27766.259506929568,27766.25950692956,-33113.05741515924,37215.5,nan,nan,1.5000000000000002,10.0,0.0,0.0,10.0,0.85,CORE,MAIN,1.200150152015119,0.25549943365784245,0.6,0.174,-55304.396595405175,STRUCTURAL,-0.781166523036409,-196092.70121688116,28200.0,0,0,0,0,0,0,0,inf,inf,NA,1,5,5,5,25,6,0,0,CONTINUE,0,A,1,1,0,KEEP_STRUCTURAL_IN_ON_CUT,2,3,0,0,"tail_cont_enabled=1 tail_active_dims=(1,) tail_delta=0.1 tail_start=(6, 6, 6) returned_y=(5, 0, 3) returned_b=(0, 0, 0) returned_u=(0, 0, 0) returned_zcap=(5, 0, 3) max_tail_u=0",NA
120,P1_no_rho,213,1503.2170230000047,5.799596800003201,6.88296519999858,0.15640139998868108,0.01,79856.65608920656,79856.65608920656,-76211.09587392512,-52800.93307945537,0.0,-27538.137088475607,-87965.71475975197,-87965.70009671416,-55304.396595405175,-27538.137088475607,27766.259506929568,27766.25950692956,-34503.116038873566,41209.0,nan,nan,1.5000000000000002,10.0,0.0,0.0,10.0,0.85,CORE,MAIN,1.1958998306015174,0.24411049624067016,0.6,0.174,-55304.396595405175,STRUCTURAL,-0.8649014221463043,-196092.70121688116,28200.0,0,0,0,0,0,0,0,inf,inf,NA,1,5,5,5,25,6,0,0,CONTINUE,0,A,1,1,0,KEEP_STRUCTURAL_IN_ON_CUT,2,3,0,0,"tail_cont_enabled=1 tail_active_dims=(1,) tail_delta=0.1 tail_start=(6, 6, 6) returned_y=(5, 0, 3) returned_b=(0, 0, 0) returned_u=(0, 0, 0) returned_zcap=(5, 0, 3) max_tail_u=0",NA
120,P1_no_rho,214,1508.9438174000243,5.799596800003201,5.726356300059706,0.15685019991360605,0.01,79095.81683332451,79095.81683332451,-76211.09587392512,-52915.05896783767,0.0,-27538.137088475607,-78201.2683485388,-78201.25481176251,-55304.396595405175,-27538.137088475607,27766.259506929568,27766.25950692956,-31058.4059589738,36998.0,nan,nan,1.5000000000000002,10.0,0.0,0.0,10.0,0.85,CORE,MAIN,1.1935570687075883,0.25898839516293237,0.6,0.174,-55304.396595405175,STRUCTURAL,-0.8494666171646881,-196092.70121688116,28200.0,0,0,0,0,0,0,0,inf,inf,NA,1,5,5,5,25,6,0,0,CONTINUE,0,A,1,1,0,KEEP_STRUCTURAL_IN_ON_CUT,2,3,0,0,"tail_cont_enabled=1 tail_active_dims=(1,) tail_delta=0.1 tail_start=(6, 6, 6) returned_y=(5, 0, 3) returned_b=(0, 0, 0) returned_u=(0, 0, 0) returned_zcap=(5, 0, 3) max_tail_u=0",NA
120,P1_no_rho,215,1523.1369059999706,5.799596800003201,14.192608300014399,0.1870767999207601,0.01,35536.73651604303,35536.73651604303,-76211.09587392512,-59448.9210154299,0.0,-27538.137088475607,-61104.591381372644,-61104.58038636933,-55304.396595405175,-27538.137088475607,27766.259506929568,27766.25950692956,-25018.746061546226,30573.5,nan,nan,1.5000000000000002,10.0,0.0,0.0,10.0,0.85,CORE,MAIN,1.1932059458186022,0.2614721293317519,0.6,0.174,-55304.396595405175,STRUCTURAL,-0.786865189893712,-196092.70121688116,28200.0,0,0,0,0,0,0,0,inf,inf,NA,1,5,5,5,25,6,0,0,CONTINUE,0,A,1,1,0,KEEP_STRUCTURAL_IN_ON_CUT,2,3,0,0,"tail_cont_enabled=1 tail_active_dims=(1,) tail_delta=0.1 tail_start=(6, 6, 6) returned_y=(0, 6, 1) returned_b=(0, 1, 0) returned_u=(0, 0.1, 0) returned_zcap=(0, 6.1, 1) max_tail_u=0.1",NA
120,P1_no_rho,216,1528.9606734999688,5.799596800003201,5.823063499992713,0.16238749993499368,0.01,28172.962511430243,28172.962511430243,-76211.09587392512,-60553.48711612182,0.0,-27538.137088475607,-82603.22675194284,-82603.21299319809,-55304.396595405175,-27538.137088475607,27766.259506929568,27766.25950692956,-33179.794546783,39031.0,nan,nan,1.5000000000000002,10.0,0.0,0.0,10.0,0.85,CORE,MAIN,1.1906774878893363,0.24031389619793664,0.6,0.174,-55304.396595405175,STRUCTURAL,-0.8441737498640411,-196092.70121688116,28200.0,0,0,0,0,0,0,0,inf,inf,NA,1,5,5,5,25,6,0,0,CONTINUE,0,A,1,1,0,KEEP_STRUCTURAL_IN_ON_CUT,2,3,0,0,"tail_cont_enabled=1 tail_active_dims=(1,) tail_delta=0.1 tail_start=(6, 6, 6) returned_y=(0, 6, 1) returned_b=(0, 1, 0) returned_u=(0, 0.1, 0) returned_zcap=(0, 6.1, 1) max_tail_u=0.1",NA
120,P1_no_rho,217,1533.290556199965,5.799596800003201,4.328907400020398,0.21090000006370246,0.01,20805.283143611723,20805.283143611723,-76211.09587392512,-61658.63902129459,0.0,-27538.137088475607,-74992.56771024012,-74992.55472331848,-55304.396595405175,-27538.137088475607,27766.259506929568,27766.25950692956,-31844.196907088215,36093.0,nan,nan,1.5000000000000002,10.0,0.0,0.0,10.0,0.85,CORE,MAIN,1.1884925485695237,0.259415560019159,0.6,0.174,-55304.396595405175,STRUCTURAL,-0.7969847858999481,-196092.70121688116,28200.0,0,0,0,0,0,0,0,inf,inf,NA,1,5,5,5,25,6,0,0,CONTINUE,0,A,1,1,0,KEEP_STRUCTURAL_IN_ON_CUT,2,3,0,0,"tail_cont_enabled=1 tail_active_dims=(1,) tail_delta=0.1 tail_start=(6, 6, 6) returned_y=(0, 6, 1) returned_b=(0, 1, 0) returned_u=(0, 0.1, 0) returned_zcap=(0, 6.1, 1) max_tail_u=0.1",NA
120,P1_no_rho,218,1538.8575037999544,5.799596800003201,5.566529999952763,0.15539979992900044,0.01,47679.47712133242,47679.47712133242,-76211.09587392512,-57627.50992463649,0.0,-27538.137088475607,-72210.3183771578,-72210.30563617096,-55304.396595405175,-27538.137088475607,27766.259506929568,27766.25950692956,-30223.574888611245,34525.5,nan,nan,1.5000000000000002,10.0,0.0,0.0,10.0,0.85,CORE,MAIN,1.1880064555956888,0.2644397627828112,0.6,0.174,-55304.396595405175,STRUCTURAL,-0.8107385506859123,-196092.70121688116,28200.0,0,0,0,0,0,0,0,inf,inf,NA,1,5,5,5,25,6,0,0,CONTINUE,0,A,1,1,0,KEEP_STRUCTURAL_IN_ON_CUT,2,3,0,0,"tail_cont_enabled=1 tail_active_dims=(1,) tail_delta=0.1 tail_start=(6, 6, 6) returned_y=(0, 6, 1) returned_b=(0, 1, 0) returned_u=(0, 0.1, 0) returned_zcap=(0, 6.1, 1) max_tail_u=0.1",NA
120,P1_no_rho,219,1544.7088216999546,5.799596800003201,5.851000200025737,0.1586193999974057,0.01,45892.44559081957,45892.44559081957,-76211.09587392512,-57895.56465421342,0.0,-27538.137088475607,-82828.04810087265,-82828.03397106654,-55304.396595405175,-27538.137088475607,27766.259506929568,27766.25950692956,-34234.59067284352,39152.5,nan,nan,1.5000000000000002,10.0,0.0,0.0,10.0,0.85,CORE,MAIN,1.1864001040038044,0.23591855174557874,0.6,0.174,-55304.396595405175,STRUCTURAL,-0.8274217193150376,-196092.70121688116,28200.0,0,0,0,0,0,0,0,inf,inf,NA,1,5,5,5,25,6,0,0,CONTINUE,0,A,1,1,0,KEEP_STRUCTURAL_IN_ON_CUT,2,3,0,0,"tail_cont_enabled=1 tail_active_dims=(1,) tail_delta=0.1 tail_start=(6, 6, 6) returned_y=(5, 0, 3) returned_b=(0, 0, 0) returned_u=(0, 0, 0) returned_zcap=(5, 0, 3) max_tail_u=0",NA
120,P1_no_rho,220,1559.0649426999735,5.799596800003201,14.355518099968322,0.155925799976103,0.01,56875.08919337041,56875.08919337041,-76211.09587392512,-56248.16811383079,0.0,-27538.137088475607,-92447.52613690616,-92447.51090146216,-55304.396595405175,-27538.137088475607,27766.259506929568,27766.25950692956,-36091.81209347792,43145.0,nan,nan,1.5000000000000002,10.0,0.0,0.0,10.0,0.85,CORE,MAIN,1.1820648989859268,0.22198588187405333,0.6,0.174,-55304.396595405175,STRUCTURAL,-0.8707953615016684,-196092.70121688116,28200.0,0,0,0,0,0,0,0,inf,inf,NA,1,5,5,5,25,6,0,0,CONTINUE,0,A,1,1,0,KEEP_STRUCTURAL_IN_ON_CUT,2,3,0,0,"tail_cont_enabled=1 tail_active_dims=(1,) tail_delta=0.1 tail_start=(6, 6, 6) returned_y=(2, 0, 6) returned_b=(0, 0, 1) returned_u=(0, 0, 0) returned_zcap=(2, 0, 6) max_tail_u=0",NA
120,P1_no_rho,221,1563.994965299964,5.799596800003201,4.929323700023815,0.16263479995541275,0.01,75968.6064971426,75968.6064971426,-76211.09587392512,-53384.14051826496,0.0,-27538.137088475607,-82582.40732484835,-82582.39326258577,-55304.396595405175,-27538.137088475607,27766.259506929568,27766.25950692956,-32501.815865917415,39485.5,nan,nan,1.5000000000000002,10.0,0.0,0.0,10.0,0.85,CORE,MAIN,1.187809409184939,0.2422430305301908,0.6,0.174,-55304.396595405175,STRUCTURAL,-0.845552205183647,-196092.70121688116,28200.0,0,0,0,0,0,0,0,inf,inf,NA,1,5,5,5,25,6,0,0,CONTINUE,0,A,1,1,0,KEEP_STRUCTURAL_IN_ON_CUT,2,3,0,0,"tail_cont_enabled=1 tail_active_dims=(1,) tail_delta=0.1 tail_start=(6, 6, 6) returned_y=(2, 0, 6) returned_b=(0, 0, 1) returned_u=(0, 0, 0) returned_zcap=(2, 0, 6) max_tail_u=0",NA
120,P1_no_rho,222,1568.1559215999441,5.799596800003201,4.160345899988897,0.15317129995673895,0.01,61844.07388075474,61844.07388075474,-76211.09587392512,-55502.82041072314,0.0,-27538.137088475607,-58914.66941246578,-58914.65876858118,-55304.396595405175,-27538.137088475607,27766.259506929568,27766.25950692956,-23487.013677935214,30685.0,nan,nan,1.5000000000000002,10.0,0.0,0.0,10.0,0.85,CORE,MAIN,1.1861435013588144,0.2732206313314063,0.6,0.174,-55304.396595405175,STRUCTURAL,-0.7697060472683934,-196092.70121688116,28200.0,0,0,0,0,0,0,0,inf,inf,NA,1,5,5,5,25,6,0,0,CONTINUE,0,A,1,1,0,KEEP_STRUCTURAL_IN_ON_CUT,2,3,0,0,"tail_cont_enabled=1 tail_active_dims=(1,) tail_delta=0.1 tail_start=(6, 6, 6) returned_y=(0, 6, 1) returned_b=(0, 1, 0) returned_u=(0, 0.1, 0) returned_zcap=(0, 6.1, 1) max_tail_u=0.1",NA
120,P1_no_rho,223,1573.4682428999804,5.799596800003201,5.311826099990867,0.15889600000809878,0.01,29451.386798864096,29451.386798864096,-76211.09587392512,-60361.723473006736,0.0,-27538.137088475607,-71866.95562921313,-71866.94346672548,-55304.396595405175,-27538.137088475607,27766.259506929568,27766.25950692956,-30196.913805795735,34580.5,nan,nan,1.5000000000000002,10.0,0.0,0.0,10.0,0.85,CORE,MAIN,1.1850856696003234,0.2511282554844326,0.6,0.174,-55304.396595405175,STRUCTURAL,-0.803343496304367,-196092.70121688116,28200.0,0,0,0,0,0,0,0,inf,inf,NA,1,5,5,5,25,6,0,0,CONTINUE,0,A,1,1,0,KEEP_STRUCTURAL_IN_ON_CUT,2,3,0,0,"tail_cont_enabled=1 tail_active_dims=(1,) tail_delta=0.1 tail_start=(6, 6, 6) returned_y=(1, 6, 0) returned_b=(0, 1, 0) returned_u=(0, 0.1, 0) returned_zcap=(1, 6.1, 0) max_tail_u=0.1",NA
120,P1_no_rho,224,1578.5148333000252,5.799596800003201,5.046078099985607,0.15842959994915873,0.01,32982.231496953995,32982.231496953995,-76211.09587392512,-59832.09676829325,0.0,-27538.137088475607,-73996.46372355339,-73996.45077781897,-55304.396595405175,-27538.137088475607,27766.259506929568,27766.25950692956,-30732.97820818201,35705.0,nan,nan,1.5000000000000002,10.0,0.0,0.0,10.0,0.85,CORE,MAIN,1.1839188107546308,0.25570820538849437,0.6,0.174,-55304.396595405175,STRUCTURAL,-0.8077948479603596,-196092.70121688116,28200.0,0,0,0,0,0,0,0,inf,inf,NA,1,5,5,5,25,6,0,0,CONTINUE,0,A,1,1,0,KEEP_STRUCTURAL_IN_ON_CUT,2,3,0,0,"tail_cont_enabled=1 tail_active_dims=(1,) tail_delta=0.1 tail_start=(6, 6, 6) returned_y=(1, 6, 0) returned_b=(0, 1, 0) returned_u=(0, 0.1, 0) returned_zcap=(1, 6.1, 0) max_tail_u=0.1",NA
120,P1_no_rho,225,1592.3719405999873,5.799596800003201,13.856544799986295,0.1501004999736324,0.01,32281.44201897252,32281.44201897252,-76211.09587392512,-59937.21518999047,0.0,-27538.137088475607,-71439.33333583758,-71439.32063666184,-55304.396595405175,-27538.137088475607,27766.259506929568,27766.25950692956,-30290.826537613044,34293.0,nan,nan,1.5000000000000002,10.0,0.0,0.0,10.0,0.85,CORE,MAIN,1.1842274513367341,0.2586569060971262,0.6,0.174,-55304.396595405175,STRUCTURAL,-0.7999396203121878,-196092.70121688116,28200.0,0,0,0,0,0,0,0,inf,inf,NA,1,5,5,5,25,6,0,0,CONTINUE,0,A,1,1,0,KEEP_STRUCTURAL_IN_ON_CUT,2,3,0,0,"tail_cont_enabled=1 tail_active_dims=(1,) tail_delta=0.1 tail_start=(6, 6, 6) returned_y=(1, 6, 0) returned_b=(0, 1, 0) returned_u=(0, 0.1, 0) returned_zcap=(1, 6.1, 0) max_tail_u=0.1",NA
120,P1_no_rho,226,1596.698175300029,5.799596800003201,4.3257531999843195,0.16105070000048727,0.01,45153.788332404656,45153.788332404656,-76211.09587392512,-58006.363242975654,0.0,-27538.137088475607,-85091.82613511663,-85091.81175306601,-55304.396595405175,-27538.137088475607,27766.259506929568,27766.25950692956,-35187.80633985828,39716.5,nan,nan,1.5000000000000002,10.0,0.0,0.0,10.0,0.85,CORE,MAIN,1.1825064381104162,0.23392193704556408,0.6,0.174,-55304.396595405175,STRUCTURAL,-0.8376704126027844,-196092.70121688116,28200.0,0,0,0,0,0,0,0,inf,inf,NA,1,5,5,5,25,6,0,0,CONTINUE,0,A,1,1,0,KEEP_STRUCTURAL_IN_ON_CUT,2,3,0,0,"tail_cont_enabled=1 tail_active_dims=(1,) tail_delta=0.1 tail_start=(6, 6, 6) returned_y=(6, 0, 2) returned_b=(1, 0, 0) returned_u=(0, 0, 0) returned_zcap=(6, 0, 2) max_tail_u=0",NA
120,P1_no_rho,227,1602.73234639992,5.799596800003201,6.033749199938029,0.16890749998856336,0.01,37377.9610388738,37377.9610388738,-76211.09587392512,-59172.73733700528,0.0,-27538.137088475607,-81598.21026836934,-81598.19629938617,-55304.396595405175,-27538.137088475607,27766.259506929568,27766.25950692956,-33153.122020665534,39244.0,nan,nan,1.5000000000000002,10.0,0.0,0.0,10.0,0.85,CORE,MAIN,1.1806268004291158,0.2418207273543258,0.6,0.174,-55304.396595405175,STRUCTURAL,-0.82297207689873,-196092.70121688116,28200.0,0,0,0,0,0,0,0,inf,inf,NA,1,5,5,5,25,6,0,0,CONTINUE,0,A,1,1,0,KEEP_STRUCTURAL_IN_ON_CUT,2,3,0,0,"tail_cont_enabled=1 tail_active_dims=(1,) tail_delta=0.1 tail_start=(6, 6, 6) returned_y=(6, 0, 2) returned_b=(1, 0, 0) returned_u=(0, 0, 0) returned_zcap=(6, 0, 2) max_tail_u=0",NA
120,P1_no_rho,228,1608.9100018999306,5.799596800003201,6.177224599989131,0.17255750007461756,0.01,46415.73958973572,46415.73958973572,-76211.09587392512,-57817.070554376,0.0,-27538.137088475607,-81244.05607535424,-81244.04212662885,-55304.396595405175,-27538.137088475607,27766.259506929568,27766.25950692956,-32411.78525817716,38233.5,nan,nan,1.5000000000000002,10.0,0.0,0.0,10.0,0.85,CORE,MAIN,1.1885960190839018,0.24428485426810176,0.6,0.174,-55304.396595405175,STRUCTURAL,-0.8514741761099853,-196092.70121688116,28200.0,0,0,0,0,0,0,0,inf,inf,NA,1,5,5,5,25,6,0,0,CONTINUE,0,A,1,1,0,KEEP_STRUCTURAL_IN_ON_CUT,2,3,0,0,"tail_cont_enabled=1 tail_active_dims=(1,) tail_delta=0.1 tail_start=(6, 6, 6) returned_y=(6, 0, 2) returned_b=(1, 0, 0) returned_u=(0, 0, 0) returned_zcap=(6, 0, 2) max_tail_u=0",NA
120,P1_no_rho,229,1613.0704461999703,5.799596800003201,4.1599000999704,0.15869009995367378,0.01,53114.356127834806,53114.356127834806,-76211.09587392512,-56812.27807366113,0.0,-27538.137088475607,-64235.633965,-64235.622562778895,-55304.396595405175,-27538.137088475607,27766.259506929568,27766.25950692956,-25193.239596573658,32410.0,nan,nan,1.5000000000000002,10.0,0.0,0.0,10.0,0.85,CORE,MAIN,1.1912703264406808,0.2808111705500602,0.6,0.174,-55304.396595405175,STRUCTURAL,-0.8030933449800524,-196092.70121688116,28200.0,0,0,0,0,0,0,0,inf,inf,NA,1,5,5,5,25,6,0,0,CONTINUE,0,A,1,1,0,KEEP_STRUCTURAL_IN_ON_CUT,2,3,0,0,"tail_cont_enabled=1 tail_active_dims=(1,) tail_delta=0.1 tail_start=(6, 6, 6) returned_y=(1, 6, 0) returned_b=(0, 1, 0) returned_u=(0, 0.1, 0) returned_zcap=(1, 6.1, 0) max_tail_u=0.1",NA
120,P1_no_rho,230,1626.7951216999209,5.799596800003201,13.72409809997771,0.19064789998810738,0.01,39340.36247867842,39340.36247867842,-76211.09587392512,-58878.37712103459,0.0,-27538.137088475607,-70012.9167622428,-70012.90467005197,-55304.396595405175,-27538.137088475607,27766.259506929568,27766.25950692956,-29075.547800906817,33852.0,nan,nan,1.5000000000000002,10.0,0.0,0.0,10.0,0.85,CORE,MAIN,1.1937259976561876,0.25769242089315914,0.6,0.174,-55304.396595405175,STRUCTURAL,-0.8062026245449828,-196092.70121688116,28200.0,0,0,0,0,0,0,0,inf,inf,NA,1,5,5,5,25,6,0,0,CONTINUE,0,A,1,1,0,KEEP_STRUCTURAL_IN_ON_CUT,2,3,0,0,"tail_cont_enabled=1 tail_active_dims=(1,) tail_delta=0.1 tail_start=(6, 6, 6) returned_y=(1, 6, 0) returned_b=(0, 1, 0) returned_u=(0, 0.1, 0) returned_zcap=(1, 6.1, 0) max_tail_u=0.1",NA
120,P1_no_rho,231,1632.3448728999356,5.799596800003201,5.54902219993528,0.17209529993124306,0.01,33074.39401695778,33074.39401695778,-76211.09587392512,-59818.27239029268,0.0,-27538.137088475607,-69983.70080863287,-69983.68813629018,-55304.396595405175,-27538.137088475607,27766.259506929568,27766.25950692956,-28828.44701613353,33477.5,nan,nan,1.5000000000000002,10.0,0.0,0.0,10.0,0.85,CORE,MAIN,1.1957740526646061,0.2669895355558912,0.6,0.174,-55304.396595405175,STRUCTURAL,-0.8195602244324622,-196092.70121688116,28200.0,0,0,0,0,0,0,0,inf,inf,NA,1,5,5,5,25,6,0,0,CONTINUE,0,A,1,1,0,KEEP_STRUCTURAL_IN_ON_CUT,2,3,0,0,"tail_cont_enabled=1 tail_active_dims=(1,) tail_delta=0.1 tail_start=(6, 6, 6) returned_y=(1, 6, 0) returned_b=(0, 1, 0) returned_u=(0, 0.1, 0) returned_zcap=(1, 6.1, 0) max_tail_u=0.1",NA
120,P1_no_rho,232,1638.9498945999658,5.799596800003201,6.604483000002801,0.16596510005183518,0.01,45037.419122019324,45037.419122019324,-76211.09587392512,-58023.81862453345,0.0,-27538.137088475607,-76018.08925895157,-76018.07573729311,-55304.396595405175,-27538.137088475607,27766.259506929568,27766.25950692956,-32240.48103451331,35393.0,nan,nan,1.5000000000000002,10.0,0.0,0.0,10.0,0.85,CORE,MAIN,1.1967757518598083,0.24886244852596828,0.6,0.174,-55304.396595405175,STRUCTURAL,-0.824599868199546,-196092.70121688116,28200.0,0,0,0,0,0,0,0,inf,inf,NA,1,5,5,5,25,6,0,0,CONTINUE,0,A,1,1,0,KEEP_STRUCTURAL_IN_ON_CUT,2,3,0,0,"tail_cont_enabled=1 tail_active_dims=(1,) tail_delta=0.1 tail_start=(6, 6, 6) returned_y=(1, 6, 0) returned_b=(0, 1, 0) returned_u=(0, 0.1, 0) returned_zcap=(1, 6.1, 0) max_tail_u=0.1",NA
120,P1_no_rho,233,1644.0102991999593,5.799596800003201,5.059819699963555,0.1519685999955982,0.01,38448.855983402376,38448.855983402376,-76211.09587392512,-59012.103095326,0.0,-27538.137088475607,-85931.08966961742,-85931.07517908684,-55304.396595405175,-27538.137088475607,27766.259506929568,27766.25950692956,-35190.97774703738,40567.0,nan,nan,1.5000000000000002,10.0,0.0,0.0,10.0,0.85,CORE,MAIN,1.1950957692482613,0.22903374344429417,0.6,0.174,-55304.396595405175,STRUCTURAL,-0.8338484882137277,-196092.70121688116,28200.0,0,0,0,0,0,0,0,inf,inf,NA,1,5,5,5,25,6,0,0,CONTINUE,0,A,1,1,0,KEEP_STRUCTURAL_IN_ON_CUT,2,3,0,0,"tail_cont_enabled=1 tail_active_dims=(1,) tail_delta=0.1 tail_start=(6, 6, 6) returned_y=(2, 0, 6) returned_b=(0, 0, 1) returned_u=(0, 0, 0) returned_zcap=(2, 0, 6) max_tail_u=0",NA
120,P1_no_rho,234,1649.7488856000127,5.799596800003201,5.73815360001754,0.15365950006525964,0.01,46733.53855999465,46733.53855999465,-76211.09587392512,-57769.40070883715,0.0,-27538.137088475607,-82568.87738221533,-82568.86323460561,-55304.396595405175,-27538.137088475607,27766.259506929568,27766.25950692956,-32938.92734004064,39800.5,nan,nan,1.5000000000000002,10.0,0.0,0.0,10.0,0.85,CORE,MAIN,1.193184760923995,0.2451932012714937,0.6,0.174,-55304.396595405175,STRUCTURAL,-0.8313117656740487,-196092.70121688116,28200.0,0,0,0,0,0,0,0,inf,inf,NA,1,5,5,5,25,6,0,0,CONTINUE,0,A,1,1,0,KEEP_STRUCTURAL_IN_ON_CUT,2,3,0,0,"tail_cont_enabled=1 tail_active_dims=(1,) tail_delta=0.1 tail_start=(6, 6, 6) returned_y=(2, 0, 6) returned_b=(0, 0, 1) returned_u=(0, 0, 0) returned_zcap=(2, 0, 6) max_tail_u=0",NA
120,P1_no_rho,235,1664.2595636999467,5.799596800003201,14.509925400023349,0.16796749993227422,0.01,52339.06290661859,52339.06290661859,-76211.09587392512,-56928.572056843564,0.0,-27538.137088475607,-81127.74003898403,-81127.72608510108,-55304.396595405175,-27538.137088475607,27766.259506929568,27766.25950692956,-32897.55107018751,38903.0,nan,nan,1.5000000000000002,10.0,0.0,0.0,10.0,0.85,CORE,MAIN,1.1954602737533127,0.2405614127435921,0.6,0.174,-55304.396595405175,STRUCTURAL,-0.8265030977030661,-196092.70121688116,28200.0,0,0,0,0,0,0,0,inf,inf,NA,1,5,5,5,25,6,0,0,CONTINUE,0,A,1,1,0,KEEP_STRUCTURAL_IN_ON_CUT,2,3,0,0,"tail_cont_enabled=1 tail_active_dims=(1,) tail_delta=0.1 tail_start=(6, 6, 6) returned_y=(2, 0, 6) returned_b=(0, 0, 1) returned_u=(0, 0, 0) returned_zcap=(2, 0, 6) max_tail_u=0",NA
120,P1_no_rho,236,1668.6513940999284,5.799596800003201,4.3912252999143675,0.16251379996538162,0.01,49667.18151130796,49667.18151130796,-76211.09587392512,-57329.35426614016,0.0,-27538.137088475607,-63957.36756255358,-63957.356068832116,-55304.396595405175,-27538.137088475607,27766.259506929568,27766.25950692956,-25429.259124782773,31727.5,nan,nan,1.5000000000000002,10.0,0.0,0.0,10.0,0.85,CORE,MAIN,1.1953277999364176,0.2751022274970676,0.6,0.174,-55304.396595405175,STRUCTURAL,-0.8095626180032957,-196092.70121688116,28200.0,0,0,0,0,0,0,0,inf,inf,NA,1,5,5,5,25,6,0,0,CONTINUE,0,A,1,1,0,KEEP_STRUCTURAL_IN_ON_CUT,2,3,0,0,"tail_cont_enabled=1 tail_active_dims=(1,) tail_delta=0.1 tail_start=(6, 6, 6) returned_y=(0, 6, 1) returned_b=(0, 1, 0) returned_u=(0, 0.1, 0) returned_zcap=(0, 6.1, 1) max_tail_u=0.1",NA
120,P1_no_rho,237,1674.2490830000024,5.799596800003201,5.596969000063837,0.16027190000750124,0.01,44976.82431675436,44976.82431675436,-76211.09587392512,-58032.9078453232,0.0,-27538.137088475607,-73396.50599794272,-73396.4931452021,-55304.396595405175,-27538.137088475607,27766.259506929568,27766.25950692956,-31337.66651066712,35409.0,nan,nan,1.5000000000000002,10.0,0.0,0.0,10.0,0.85,CORE,MAIN,1.1948887022511725,0.2458040196412259,0.6,0.174,-55304.396595405175,STRUCTURAL,-0.7918669760896001,-196092.70121688116,28200.0,0,0,0,0,0,0,0,inf,inf,NA,1,5,5,5,25,6,0,0,CONTINUE,0,A,1,1,0,KEEP_STRUCTURAL_IN_ON_CUT,2,3,0,0,"tail_cont_enabled=1 tail_active_dims=(1,) tail_delta=0.1 tail_start=(6, 6, 6) returned_y=(0, 6, 1) returned_b=(0, 1, 0) returned_u=(0, 0.1, 0) returned_zcap=(0, 6.1, 1) max_tail_u=0.1",NA
120,P1_no_rho,238,1679.8322184999706,5.799596800003201,5.581547199981287,0.1633105999790132,0.01,42828.2388444194,42828.2388444194,-76211.09587392512,-58355.195666173444,0.0,-27538.137088475607,-71435.41023491739,-71435.39751999697,-55304.396595405175,-27538.137088475607,27766.259506929568,27766.25950692956,-29358.585275767357,34649.0,nan,nan,1.5000000000000002,10.0,0.0,0.0,10.0,0.85,CORE,MAIN,1.1953032735305789,0.2641053079005742,0.6,0.174,-55304.396595405175,STRUCTURAL,-0.8095820416987426,-196092.70121688116,28200.0,0,0,0,0,0,0,0,inf,inf,NA,1,5,5,5,25,6,0,0,CONTINUE,0,A,1,1,0,KEEP_STRUCTURAL_IN_ON_CUT,2,3,0,0,"tail_cont_enabled=1 tail_active_dims=(1,) tail_delta=0.1 tail_start=(6, 6, 6) returned_y=(0, 6, 1) returned_b=(0, 1, 0) returned_u=(0, 0.1, 0) returned_zcap=(0, 6.1, 1) max_tail_u=0.1",NA
120,P1_no_rho,239,1684.2674366999418,5.799596800003201,4.434566400013864,0.170161799993366,0.01,39480.02763572636,39480.02763572636,-76211.09587392512,-58857.427347477395,0.0,-27538.137088475607,-71631.40786463083,-71631.39510727653,-55304.396595405175,-27538.137088475607,27766.259506929568,27766.25950692956,-29800.73409584252,33804.5,nan,nan,1.5000000000000002,10.0,0.0,0.0,10.0,0.85,CORE,MAIN,1.1965934258230733,0.2554273122950701,0.6,0.174,-55304.396595405175,STRUCTURAL,-0.8249525164092357,-196092.70121688116,28200.0,0,0,0,0,0,0,0,inf,inf,NA,1,5,5,5,25,6,0,0,CONTINUE,0,A,1,1,0,KEEP_STRUCTURAL_IN_ON_CUT,2,3,0,0,"tail_cont_enabled=1 tail_active_dims=(1,) tail_delta=0.1 tail_start=(6, 6, 6) returned_y=(0, 6, 1) returned_b=(0, 1, 0) returned_u=(0, 0.1, 0) returned_zcap=(0, 6.1, 1) max_tail_u=0.1",NA
120,P1_no_rho,240,1697.057589199976,5.799596800003201,12.789716099970974,0.14847569994162768,0.01,39267.02102985722,39267.02102985722,-76211.09587392512,-58889.37833835777,0.0,-27538.137088475607,-84234.8963659607,-84234.88210827042,-55304.396595405175,-27538.137088475607,27766.259506929568,27766.25950692956,-34138.969250622926,39946.0,nan,nan,1.5000000000000002,10.0,0.0,0.0,10.0,0.85,CORE,MAIN,1.1953011061474554,0.22376232500927473,0.6,0.174,-55304.396595405175,STRUCTURAL,-0.8360605627204639,-196092.70121688116,28200.0,0,0,0,0,0,0,0,inf,inf,NA,1,5,5,5,25,6,0,0,CONTINUE,0,A,1,1,0,KEEP_STRUCTURAL_IN_ON_CUT,2,3,0,0,"tail_cont_enabled=1 tail_active_dims=(1,) tail_delta=0.1 tail_start=(6, 6, 6) returned_y=(2, 0, 6) returned_b=(0, 0, 1) returned_u=(0, 0, 0) returned_zcap=(2, 0, 6) max_tail_u=0",NA
120,P1_no_rho,241,1703.3137507999782,5.799596800003201,6.2556457000318915,0.1658373000100255,0.01,64000.59800953709,64000.59800953709,-76211.09587392512,-55179.341791405786,0.0,-27538.137088475607,-87806.47263078042,-87806.4578006518,-55304.396595405175,-27538.137088475607,27766.259506929568,27766.25950692956,-34785.028833692864,40938.5,nan,nan,1.5000000000000002,10.0,0.0,0.0,10.0,0.85,CORE,MAIN,1.1923215859372496,0.2384409256628196,0.6,0.174,-55304.396595405175,STRUCTURAL,-0.8634322046803363,-196092.70121688116,28200.0,0,0,0,0,0,0,0,inf,inf,NA,1,5,5,5,25,6,0,0,CONTINUE,0,A,1,1,0,KEEP_STRUCTURAL_IN_ON_CUT,2,3,0,0,"tail_cont_enabled=1 tail_active_dims=(1,) tail_delta=0.1 tail_start=(6, 6, 6) returned_y=(5, 0, 3) returned_b=(0, 0, 0) returned_u=(0, 0, 0) returned_zcap=(5, 0, 3) max_tail_u=0",NA
120,P1_no_rho,242,1709.7670431999722,5.799596800003201,6.452775100013241,0.15842410002369434,0.01,70421.84587644278,70421.84587644278,-76211.09587392512,-54216.15461136994,0.0,-27538.137088475607,-83374.78833942844,-83374.77409879376,-55304.396595405175,-27538.137088475607,27766.259506929568,27766.25950692956,-33093.95847264778,39350.0,nan,nan,1.5000000000000002,10.0,0.0,0.0,10.0,0.85,CORE,MAIN,1.1950860914136456,0.2501141220687557,0.6,0.174,-55304.396595405175,STRUCTURAL,-0.8518562579609652,-196092.70121688116,28200.0,0,0,0,0,0,0,0,inf,inf,NA,1,5,5,5,25,6,0,0,CONTINUE,0,A,1,1,0,KEEP_STRUCTURAL_IN_ON_CUT,2,3,0,0,"tail_cont_enabled=1 tail_active_dims=(1,) tail_delta=0.1 tail_start=(6, 6, 6) returned_y=(6, 0, 2) returned_b=(1, 0, 0) returned_u=(0, 0, 0) returned_zcap=(6, 0, 2) max_tail_u=0",NA
120,P1_no_rho,243,1714.1093390999595,5.799596800003201,4.341698799980804,0.1587513000704348,0.01,57505.926128341176,57505.926128341176,-76211.09587392512,-56153.542573585175,0.0,-27538.137088475607,-66860.2971573263,-66860.28550207484,-55304.396595405175,-27538.137088475607,27766.259506929568,27766.25950692956,-25474.926533976188,33002.0,nan,nan,1.5000000000000002,10.0,0.0,0.0,10.0,0.85,CORE,MAIN,1.196312561153086,0.28008285133169486,0.6,0.174,-55304.396595405175,STRUCTURAL,-0.8360171902328882,-196092.70121688116,28200.0,0,0,0,0,0,0,0,inf,inf,NA,1,5,5,5,25,6,0,0,CONTINUE,0,A,1,1,0,KEEP_STRUCTURAL_IN_ON_CUT,2,3,0,0,"tail_cont_enabled=1 tail_active_dims=(1,) tail_delta=0.1 tail_start=(6, 6, 6) returned_y=(1, 6, 0) returned_b=(0, 1, 0) returned_u=(0, 0.1, 0) returned_zcap=(1, 6.1, 0) max_tail_u=0.1",NA
120,P1_no_rho,244,1719.631773000001,5.799596800003201,5.522025600075722,0.14821549993939698,0.01,37796.93797934459,37796.93797934459,-76211.09587392512,-59109.89079593466,0.0,-27538.137088475607,-71435.83084257529,-71435.81850302898,-55304.396595405175,-27538.137088475607,27766.259506929568,27766.25950692956,-28760.02794474407,34718.0,nan,nan,1.5000000000000002,10.0,0.0,0.0,10.0,0.85,CORE,MAIN,1.1977184960920155,0.2453605298532502,0.6,0.174,-55304.396595405175,STRUCTURAL,-0.8194748268580159,-196092.70121688116,28200.0,0,0,0,0,0,0,0,inf,inf,NA,1,5,5,5,25,6,0,0,CONTINUE,0,A,1,1,0,KEEP_STRUCTURAL_IN_ON_CUT,2,3,0,0,"tail_cont_enabled=1 tail_active_dims=(1,) tail_delta=0.1 tail_start=(6, 6, 6) returned_y=(1, 6, 0) returned_b=(0, 1, 0) returned_u=(0, 0.1, 0) returned_zcap=(1, 6.1, 0) max_tail_u=0.1",NA
120,P1_no_rho,245,1733.9170519999461,5.799596800003201,14.284748999984004,0.15943479991983622,0.01,38829.05300223747,38829.05300223747,-76211.09587392512,-58955.07354250073,0.0,-27538.137088475607,-70279.79349799288,-70279.78113834794,-55304.396595405175,-27538.137088475607,27766.259506929568,27766.25950692956,-29030.905941295798,34108.0,nan,nan,1.5000000000000002,10.0,0.0,0.0,10.0,0.85,CORE,MAIN,1.1993706679521339,0.2672277904642648,0.6,0.174,-55304.396595405175,STRUCTURAL,-0.8062404752951823,-196092.70121688116,28200.0,0,0,0,0,0,0,0,inf,inf,NA,1,5,5,5,25,6,0,0,CONTINUE,0,A,1,1,0,KEEP_STRUCTURAL_IN_ON_CUT,2,3,0,0,"tail_cont_enabled=1 tail_active_dims=(1,) tail_delta=0.1 tail_start=(6, 6, 6) returned_y=(1, 6, 0) returned_b=(0, 1, 0) returned_u=(0, 0.1, 0) returned_zcap=(1, 6.1, 0) max_tail_u=0.1",NA
120,P1_no_rho,246,1740.5371297999518,5.799596800003201,6.619487999938428,0.15861559996847063,0.01,35795.23593305065,35795.23593305065,-76211.09587392512,-59410.14610287875,0.0,-27538.137088475607,-71705.95060921654,-71705.93776505336,-55304.396595405175,-27538.137088475607,27766.259506929568,27766.25950692956,-29437.174738205573,33358.5,nan,nan,1.5000000000000002,10.0,0.0,0.0,10.0,0.85,CORE,MAIN,1.2013070774645516,0.2595631855263779,0.6,0.174,-55304.396595405175,STRUCTURAL,-0.8447374837367344,-196092.70121688116,28200.0,0,0,0,0,0,0,0,inf,inf,NA,1,5,5,5,25,6,0,0,CONTINUE,0,A,1,1,0,KEEP_STRUCTURAL_IN_ON_CUT,2,3,0,0,"tail_cont_enabled=1 tail_active_dims=(1,) tail_delta=0.1 tail_start=(6, 6, 6) returned_y=(1, 6, 0) returned_b=(0, 1, 0) returned_u=(0, 0.1, 0) returned_zcap=(1, 6.1, 0) max_tail_u=0.1",NA
120,P1_no_rho,247,1745.0838012999156,5.799596800003201,4.546186299994588,0.17404369998257607,0.01,44142.671914104554,44142.671914104554,-76211.09587392512,-58158.03070572067,0.0,-27538.137088475607,-83606.68136741272,-83606.6673281394,-55304.396595405175,-27538.137088475607,27766.259506929568,27766.25950692956,-33778.0152239515,39130.0,nan,nan,1.5000000000000002,10.0,0.0,0.0,10.0,0.85,CORE,MAIN,1.200913003743438,0.24024651038929212,0.6,0.174,-55304.396595405175,STRUCTURAL,-0.8489420240938392,-196092.70121688116,28200.0,0,0,0,0,0,0,0,inf,inf,NA,1,5,5,5,25,6,0,0,CONTINUE,0,A,1,1,0,KEEP_STRUCTURAL_IN_ON_CUT,2,3,0,0,"tail_cont_enabled=1 tail_active_dims=(1,) tail_delta=0.1 tail_start=(6, 6, 6) returned_y=(6, 0, 2) returned_b=(1, 0, 0) returned_u=(0, 0, 0) returned_zcap=(6, 0, 2) max_tail_u=0",NA
120,P1_no_rho,248,1751.6021454000147,5.799596800003201,6.51791520009283,0.17441360000520945,0.01,38131.924853968085,38131.924853968085,-76211.09587392512,-59059.64276474114,0.0,-27538.137088475607,-86242.14355342119,-86242.12883234414,-55304.396595405175,-27538.137088475607,27766.259506929568,27766.25950692956,-35207.632194757534,40996.0,nan,nan,1.5000000000000002,10.0,0.0,0.0,10.0,0.85,CORE,MAIN,1.1989837770189746,0.24146434944197226,0.6,0.174,-55304.396595405175,STRUCTURAL,-0.8299101804661689,-196092.70121688116,28200.0,0,0,0,0,0,0,0,inf,inf,NA,1,5,5,5,25,6,0,0,CONTINUE,0,A,1,1,0,KEEP_STRUCTURAL_IN_ON_CUT,2,3,0,0,"tail_cont_enabled=1 tail_active_dims=(1,) tail_delta=0.1 tail_start=(6, 6, 6) returned_y=(2, 0, 6) returned_b=(0, 0, 1) returned_u=(0, 0, 0) returned_zcap=(2, 0, 6) max_tail_u=0",NA
120,P1_no_rho,249,1757.8969236999983,5.799596800003201,6.294279100024141,0.15522680000867695,0.01,41914.47206665417,41914.47206665417,-76211.09587392512,-58492.26068283823,0.0,-27538.137088475607,-80504.42808898586,-80504.41413284847,-55304.396595405175,-27538.137088475607,27766.259506929568,27766.25950692956,-31725.404932328278,38805.5,nan,nan,1.5000000000000002,10.0,0.0,0.0,10.0,0.85,CORE,MAIN,1.1996152656785615,0.25445549906509934,0.6,0.174,-55304.396595405175,STRUCTURAL,-0.8380085159839057,-196092.70121688116,28200.0,0,0,0,0,0,0,0,inf,inf,NA,1,5,5,5,25,6,0,0,CONTINUE,0,A,1,1,0,KEEP_STRUCTURAL_IN_ON_CUT,2,3,0,0,"tail_cont_enabled=1 tail_active_dims=(1,) tail_delta=0.1 tail_start=(6, 6, 6) returned_y=(2, 0, 6) returned_b=(0, 0, 1) returned_u=(0, 0, 0) returned_zcap=(2, 0, 6) max_tail_u=0",NA
120,P1_no_rho,250,1771.6556486999616,5.799596800003201,13.757984600029886,0.16790450003463775,0.01,46370.901975956396,46370.901975956396,-76211.09587392512,-57823.79619644289,0.0,-27538.137088475607,-65948.01329791304,-65948.00161317695,-55304.396595405175,-27538.137088475607,27766.259506929568,27766.25950692956,-25450.732455743233,32734.5,nan,nan,1.5000000000000002,10.0,0.0,0.0,10.0,0.85,CORE,MAIN,1.1994204299931932,0.2776726059249104,0.6,0.174,-55304.396595405175,STRUCTURAL,-0.8247622367315566,-196092.70121688116,28200.0,0,0,0,0,0,0,0,inf,inf,NA,1,5,5,5,25,6,0,0,CONTINUE,0,A,1,1,0,KEEP_STRUCTURAL_IN_ON_CUT,2,3,0,0,"tail_cont_enabled=1 tail_active_dims=(1,) tail_delta=0.1 tail_start=(6, 6, 6) returned_y=(1, 6, 0) returned_b=(0, 1, 0) returned_u=(0, 0.1, 0) returned_zcap=(1, 6.1, 0) max_tail_u=0.1",NA
120,P1_no_rho,251,1775.9605721000116,5.799596800003201,4.304402100038715,0.16418209997937083,0.01,41241.387238914445,41241.387238914445,-76211.09587392512,-58593.22340699918,0.0,-27538.137088475607,-73349.83365349585,-73349.82067788621,-55304.396595405175,-27538.137088475607,27766.259506929568,27766.25950692956,-30749.84820501593,34893.0,nan,nan,1.5000000000000002,10.0,0.0,0.0,10.0,0.85,CORE,MAIN,1.1991374871167189,0.2514819979001628,0.6,0.174,-55304.396595405175,STRUCTURAL,-0.8139163055220294,-196092.70121688116,28200.0,0,0,0,0,0,0,0,inf,inf,NA,1,5,5,5,25,6,0,0,CONTINUE,0,A,1,1,0,KEEP_STRUCTURAL_IN_ON_CUT,2,3,0,0,"tail_cont_enabled=1 tail_active_dims=(1,) tail_delta=0.1 tail_start=(6, 6, 6) returned_y=(1, 6, 0) returned_b=(0, 1, 0) returned_u=(0, 0.1, 0) returned_zcap=(1, 6.1, 0) max_tail_u=0.1",NA
120,P1_no_rho,252,1781.4665588999633,5.799596800003201,5.505287399981171,0.15987159998621792,0.01,36680.1556301757,36680.1556301757,-76211.09587392512,-59277.408148309994,0.0,-27538.137088475607,-70087.49467814522,-70087.48198836904,-55304.396595405175,-27538.137088475607,27766.259506929568,27766.25950692956,-29902.687182839498,34229.0,nan,nan,1.5000000000000002,10.0,0.0,0.0,10.0,0.85,CORE,MAIN,1.1997787737617847,0.2559248133965729,0.6,0.174,-55304.396595405175,STRUCTURAL,-0.7826656695692643,-196092.70121688116,28200.0,0,0,0,0,0,0,0,inf,inf,NA,1,5,5,5,25,6,0,0,CONTINUE,0,A,1,1,0,KEEP_STRUCTURAL_IN_ON_CUT,2,3,0,0,"tail_cont_enabled=1 tail_active_dims=(1,) tail_delta=0.1 tail_start=(6, 6, 6) returned_y=(0, 6, 1) returned_b=(0, 1, 0) returned_u=(0, 0.1, 0) returned_zcap=(0, 6.1, 1) max_tail_u=0.1",NA
120,P1_no_rho,253,1786.8158838999225,5.799596800003201,5.348863799939863,0.18341439997311682,0.01,53221.40544713192,53221.40544713192,-76211.09587392512,-56796.22067576656,0.0,-27538.137088475607,-75978.19037763469,-75978.17685833115,-55304.396595405175,-27538.137088475607,27766.259506929568,27766.25950692956,-31391.337374043444,34815.0,nan,nan,1.5000000000000002,10.0,0.0,0.0,10.0,0.85,CORE,MAIN,1.2000183021885633,0.2546754178694326,0.6,0.174,-55304.396595405175,STRUCTURAL,-0.8537860019012438,-196092.70121688116,28200.0,0,0,0,0,0,0,0,inf,inf,NA,1,5,5,5,25,6,0,0,CONTINUE,0,A,1,1,0,KEEP_STRUCTURAL_IN_ON_CUT,2,3,0,0,"tail_cont_enabled=1 tail_active_dims=(1,) tail_delta=0.1 tail_start=(6, 6, 6) returned_y=(0, 6, 1) returned_b=(0, 1, 0) returned_u=(0, 0.1, 0) returned_zcap=(0, 6.1, 1) max_tail_u=0.1",NA
120,P1_no_rho,254,1791.5455015000189,5.799596800003201,4.729021100094542,0.16435630002524704,0.01,47508.120978575804,47508.120978575804,-76211.09587392512,-57653.21334604998,0.0,-27538.137088475607,-83144.99748953663,-83144.98343125427,-55304.396595405175,-27538.137088475607,27766.259506929568,27766.25950692956,-33954.58408451772,39251.5,nan,nan,1.5000000000000002,10.0,0.0,0.0,10.0,0.85,CORE,MAIN,1.1988196887517306,0.243336362579748,0.6,0.174,-55304.396595405175,STRUCTURAL,-0.8354737924535629,-196092.70121688116,28200.0,0,0,0,0,0,0,0,inf,inf,NA,1,5,5,5,25,6,0,0,CONTINUE,0,A,1,1,0,KEEP_STRUCTURAL_IN_ON_CUT,2,3,0,0,"tail_cont_enabled=1 tail_active_dims=(1,) tail_delta=0.1 tail_start=(6, 6, 6) returned_y=(2, 0, 6) returned_b=(0, 0, 1) returned_u=(0, 0, 0) returned_zcap=(2, 0, 6) max_tail_u=0",NA
120,P1_no_rho,255,1806.7371430000057,5.799596800003201,15.191104700090364,0.15874780004378408,0.01,53900.10910185459,53900.10910185459,-76211.09587392512,-56694.41512755816,0.0,-27538.137088475607,-88841.39587779745,-88841.3810103481,-55304.396595405175,-27538.137088475607,27766.259506929568,27766.25950692956,-35596.705895809224,42156.0,nan,nan,1.5000000000000002,10.0,0.0,0.0,10.0,0.85,CORE,MAIN,1.1957826811190317,0.21082873176370842,0.6,0.174,-55304.396595405175,STRUCTURAL,-0.8420260479257814,-196092.70121688116,28200.0,0,0,0,0,0,0,0,inf,inf,NA,1,5,5,5,25,6,0,0,CONTINUE,0,A,1,1,0,KEEP_STRUCTURAL_IN_ON_CUT,2,3,0,0,"tail_cont_enabled=1 tail_active_dims=(1,) tail_delta=0.1 tail_start=(6, 6, 6) returned_y=(2, 0, 6) returned_b=(0, 0, 1) returned_u=(0, 0, 0) returned_zcap=(2, 0, 6) max_tail_u=0",NA
