S,algo,t,wall_time_sec,init_time_sec,outer_iter_time_sec,inner_time_sec,eps_in_t,eta_t_star,eta_out,eta_in,eta_sep,eta_cap,eta_bracket,inner_lb,inner_ub,global_lb,global_ub,outer_gap,objective_cert_gap,best_ub_primal_obj,best_ub_primal_residual,returned_primal_obj,returned_primal_residual,lambda_inf,lambda_out_inf,lambda_in_inf,rho,theta,alpha_eff,phase_label,phase_reason,center_inf,center_step,anchor_mix,directional_beta,dual_inc_eta,sep_anchor_reason,alpha_signal,best_feas_eta,best_feas_residual,close_signal_streak,close_lock_counter,close_bc_count,close_case_c_count,close_reset_count,close_feas_lock_count,close_shadow_active,close_repaired_gap,close_repaired_residual,close_repaired_tag,inner_rnc_iters,inner_eval_calls,num_rnc_samples,num_rnc_kept_cuts,num_master_cuts,cut_added,outer_gap_certified,final_solution_found,stop_reason,sep_ok,case_label,sep_cut,out_cut,mispricing_streak,in_update_reason,add_geo,add_sup,add_rep,cap_promoted,z_best_ub,returned_z
120,P1_no_rho,1,15.653064499958418,5.583986100042239,10.068949999986216,4.150117799988948,0.01,0.0,0.0,-76089.16900406242,0.0,0.0,-27117.618298151905,-76089.16900406242,-76089.15731398568,-76089.16900406242,-27117.618298151905,48971.550705910515,48971.550705910515,-76089.15731398569,74880.0,nan,nan,0.0,0.0,0.0,0.0,10.0,0.0,HEADING_IN,WARMUP,0.0,0.0,0.8,0.0,-76089.16900406242,BOOT_NONE,0.0,-76089.16900406242,74880.0,0,0,0,0,0,0,0,inf,inf,NA,1,2,2,2,2,5,0,0,CONTINUE,0,A,1,1,0,BOOT_VALID_FROM_CUT,2,2,0,0,"tail_cont_enabled=1 tail_active_dims=(1,) tail_delta=0.1 tail_start=(6, 6, 6) returned_y=(0, 0, 0) returned_b=(0, 0, 0) returned_u=(0, 0, 0) returned_zcap=(0, 0, 0) max_tail_u=0",NA
120,P1_no_rho,2,21.872024600044824,5.583986100042239,6.2185068000108,1.4616922000423074,0.01,456790.8426860143,456790.8426860143,-76089.16900406242,296926.8391789913,0.0,-27117.618298151905,-187702.6511746913,-187702.57348297624,-76089.16900406242,-27117.618298151905,48971.550705910515,48971.550705910515,1297.426517023771,27000.0,nan,nan,7.0,10.0,0.0,0.0,10.0,0.3,HEADING_IN,WARMUP,0.28382086068987944,0.28382086068987944,0.8,0.0,-76089.16900406242,STRUCTURAL,-1.0,-187702.6511746913,27000.0,0,0,0,0,0,0,0,inf,inf,NA,2,3,3,3,4,7,0,0,CONTINUE,0,A,1,1,0,KEEP_STRUCTURAL_IN_ON_CUT,2,3,1,0,"tail_cont_enabled=1 tail_active_dims=(1,) tail_delta=0.1 tail_start=(6, 6, 6) returned_y=(6, 0, 2) returned_b=(1, 0, 0) returned_u=(0, 0, 0) returned_zcap=(6, 0, 2) max_tail_u=0",NA
120,P1_no_rho,3,29.176785800023936,5.583986100042239,7.30406460002996,0.15671360003761947,0.01,49217.42651702377,49217.42651702377,-76089.16900406242,11625.44786069791,0.0,-27117.618298151905,-391985.2257280348,-391985.14992436423,-76089.16900406242,-27117.618298151905,48971.550705910515,48971.550705910515,-25801.149924364196,52312.0,nan,nan,7.0,10.0,0.0,0.0,10.0,0.3,HEADING_IN,WARMUP,0.5054651518239229,0.22390854877460706,0.8,0.0,-76089.16900406242,STRUCTURAL,-1.0,-187702.6511746913,27000.0,0,0,0,0,0,0,0,inf,inf,NA,2,4,4,4,8,7,0,0,CONTINUE,0,A,1,1,0,KEEP_STRUCTURAL_IN_ON_CUT,2,3,1,0,"tail_cont_enabled=1 tail_active_dims=(1,) tail_delta=0.1 tail_start=(6, 6, 6) returned_y=(0, 4, 3) returned_b=(0, 0, 0) returned_u=(0, 0, 0) returned_zcap=(0, 4, 3) max_tail_u=0",NA
120,P1_no_rho,4,33.817172300070524,5.583986100042239,4.63970119995065,0.16963500005658716,0.01,-16217.782209246745,-16217.782209246745,-76089.16900406242,-34179.19824769145,0.0,-27117.618298151905,-172159.0397560798,-172159.00239283877,-76089.16900406242,-27117.618298151905,48971.550705910515,48971.550705910515,-57314.37189768558,52450.0,nan,nan,7.0,10.0,0.0,0.0,10.0,0.3,HEADING_IN,WARMUP,1.0527365576132595,0.5472714057893365,0.8,0.0,-76089.16900406242,STRUCTURAL,-0.3128003009537061,-187702.6511746913,27000.0,0,0,0,0,0,0,0,inf,inf,NA,2,5,5,5,12,7,0,0,CONTINUE,0,A,1,1,0,KEEP_STRUCTURAL_IN_ON_CUT,2,3,1,0,"tail_cont_enabled=1 tail_active_dims=(1,) tail_delta=0.1 tail_start=(6, 6, 6) returned_y=(0, 0, 6) returned_b=(0, 0, 1) returned_u=(0, 0, 0) returned_zcap=(0, 0, 6) max_tail_u=0",NA
120,P1_no_rho,5,54.0485280000139,5.583986100042239,20.23099519999232,0.16033580002840608,0.01,-16688.385672272605,-16688.385672272605,-76089.16900406242,-34508.62067180955,0.0,-27117.618298151905,-237058.69941909716,-237058.6405576752,-76089.16900406242,-27117.618298151905,48971.550705910515,48971.550705910515,-45853.36225694381,43024.5,nan,nan,7.0,10.0,0.0,0.0,10.0,0.3,HEADING_IN,WARMUP,1.4664094549142734,0.5569599456024596,0.8,0.0,-76089.16900406242,STRUCTURAL,-0.634871753471797,-187702.6511746913,27000.0,0,0,0,0,0,0,0,inf,inf,NA,1,5,5,5,16,6,0,0,CONTINUE,0,A,1,1,0,KEEP_STRUCTURAL_IN_ON_CUT,2,3,0,0,"tail_cont_enabled=1 tail_active_dims=(1,) tail_delta=0.1 tail_start=(6, 6, 6) returned_y=(0, 0, 6) returned_b=(0, 0, 1) returned_u=(0, 0, 0) returned_zcap=(0, 0, 6) max_tail_u=0",NA
120,P1_no_rho,6,60.24136230000295,5.583986100042239,6.19228189997375,0.17179339996073395,0.01,-16718.28629031315,-16718.28629031315,-76089.16900406242,-34529.55110443793,0.0,-27117.618298151905,-283975.6307513812,-283975.5593173519,-76089.16900406242,-27117.618298151905,48971.550705910515,48971.550705910515,-39140.42081115536,43512.0,nan,nan,7.0,10.0,0.0,0.0,10.0,0.3,HEADING_IN,WARMUP,1.4595206206716154,0.49858391277008823,0.8,0.0,-76089.16900406242,STRUCTURAL,-0.8038345366342177,-187702.6511746913,27000.0,0,0,0,0,0,0,0,inf,inf,NA,1,5,5,5,19,6,0,0,CONTINUE,0,A,1,1,0,KEEP_STRUCTURAL_IN_ON_CUT,2,3,0,0,"tail_cont_enabled=1 tail_active_dims=(1,) tail_delta=0.1 tail_start=(6, 6, 6) returned_y=(0, 0, 6) returned_b=(0, 0, 1) returned_u=(0, 0, 0) returned_zcap=(0, 0, 6) max_tail_u=0",NA
120,P1_no_rho,7,66.43407399998978,5.583986100042239,6.192300499998964,0.1713422000175342,0.01,-16752.17529392541,-16752.17529392541,-76089.16900406242,-34553.27340696652,0.0,-27117.618298151905,-247706.92704389454,-247706.86530064564,-76089.16900406242,-27117.618298151905,48971.550705910515,48971.550705910515,-44504.400588798126,45593.5,nan,nan,7.0,10.0,0.0,0.0,10.0,0.3,HEADING_IN,WARMUP,1.8458332350562252,0.7018710582748967,0.8,0.0,-76089.16900406242,STRUCTURAL,-0.6366899564688808,-187702.6511746913,27000.0,0,0,0,0,0,0,0,inf,inf,NA,1,5,5,5,21,6,0,0,CONTINUE,0,A,1,1,0,KEEP_STRUCTURAL_IN_ON_CUT,2,3,0,0,"tail_cont_enabled=1 tail_active_dims=(1,) tail_delta=0.1 tail_start=(6, 6, 6) returned_y=(0, 0, 6) returned_b=(0, 0, 1) returned_u=(0, 0, 0) returned_zcap=(0, 0, 6) max_tail_u=0",NA
120,P1_no_rho,8,69.20564409997314,5.583986100042239,2.7710361999925226,0.19146130001172423,0.01,3285.8655924603117,3285.8655924603117,-76089.16900406242,-20526.64478649651,0.0,-27117.618298151905,-357237.94545046845,-357237.87316967244,-76089.16900406242,-27117.618298151905,48971.550705910515,48971.550705910515,-48313.781320799826,53126.5,nan,nan,7.0,10.0,0.0,0.0,10.0,0.3,HEADING_IN,WARMUP,2.1400032896072867,0.7568710456057274,0.8,0.0,-76089.16900406242,STRUCTURAL,-0.8306967920203197,-187702.6511746913,27000.0,0,0,0,0,0,0,0,inf,inf,NA,2,6,6,6,21,7,0,0,CONTINUE,0,A,1,1,0,KEEP_STRUCTURAL_IN_ON_CUT,2,3,1,0,"tail_cont_enabled=1 tail_active_dims=(1,) tail_delta=0.1 tail_start=(6, 6, 6) returned_y=(6, 0, 0) returned_b=(1, 0, 0) returned_u=(0, 0, 0) returned_zcap=(6, 0, 0) max_tail_u=0",NA
120,P1_no_rho,9,74.63428490003571,5.583986100042239,5.428061900078319,0.16308480000589043,0.01,184736.474485804,184736.474485804,-76089.16900406242,-36965.32248058246,0.0,-27117.618298151905,-57497.92922640113,-57497.919483007645,-57497.92922640113,-27117.618298151905,30380.310928249226,30380.310928249222,-24490.180755652906,34984.0,nan,nan,1.5000000000000002,10.0,0.0,0.0,10.0,0.85,CORE,FORCE_CORE,1.806346479157643,1.0477908301068188,0.6,0.174,-57497.92922640113,STRUCTURAL,-0.6290063786751033,-187702.6511746913,27000.0,0,0,0,0,0,0,0,inf,inf,NA,1,5,5,5,22,6,0,0,CONTINUE,0,A,1,1,0,KEEP_STRUCTURAL_IN_ON_CUT,2,3,0,0,"tail_cont_enabled=1 tail_active_dims=(1,) tail_delta=0.1 tail_start=(6, 6, 6) returned_y=(6, 0, 2) returned_b=(1, 0, 0) returned_u=(0, 0, 0) returned_zcap=(6, 0, 2) max_tail_u=0",NA
120,P1_no_rho,10,90.2615801000502,5.583986100042239,15.626709700096399,0.1673171001020819,0.01,94605.0790196663,94605.0790196663,-76089.16900406242,-50485.031800503115,0.0,-27117.618298151905,-79015.92727767996,-79015.9142416471,-57497.92922640113,-27117.618298151905,30380.310928249226,30380.310928249222,-33125.849909066426,42996.5,nan,nan,1.5000000000000002,10.0,0.0,0.0,10.0,0.85,CORE,FORCE_CORE,1.5771712229246253,0.7251577912726479,0.6,0.12,-57497.92922640113,STRUCTURAL,-0.7115317809989292,-187702.6511746913,27000.0,0,0,0,0,0,0,0,inf,inf,NA,1,5,5,5,22,6,0,0,CONTINUE,0,A,1,1,0,KEEP_STRUCTURAL_IN_ON_CUT,2,3,0,0,"tail_cont_enabled=1 tail_active_dims=(1,) tail_delta=0.1 tail_start=(6, 6, 6) returned_y=(0, 0, 6) returned_b=(0, 0, 1) returned_u=(0, 0, 0) returned_zcap=(0, 0, 6) max_tail_u=0",NA
120,P1_no_rho,11,95.93666150001809,5.583986100042239,5.674452100065537,0.21341490000486374,0.01,69886.67593065067,69886.67593065067,-76089.16900406242,-54192.79226385546,0.0,-27117.618298151905,-73014.90759688271,-73014.89491923069,-57497.92922640113,-27117.618298151905,30380.310928249226,30380.310928249222,-34660.5773579471,33511.5,nan,nan,1.5000000000000002,10.0,0.0,0.0,10.0,0.85,CORE,FORCE_CORE,1.4304469232333332,0.4983684341901599,0.6,0.13799999999999998,-57497.92922640113,STRUCTURAL,-0.7630080730750852,-187702.6511746913,27000.0,0,0,0,0,0,0,0,inf,inf,NA,2,6,6,6,22,6,0,0,CONTINUE,0,A,1,1,0,KEEP_STRUCTURAL_IN_ON_CUT,2,3,0,0,"tail_cont_enabled=1 tail_active_dims=(1,) tail_delta=0.1 tail_start=(6, 6, 6) returned_y=(0, 4, 3) returned_b=(0, 0, 0) returned_u=(0, 0, 0) returned_zcap=(0, 4, 3) max_tail_u=0",NA
120,P1_no_rho,12,103.2597695000004,5.583986100042239,7.322524999966845,0.15346559998579323,0.01,47761.31009106921,47761.31009106921,-76089.16900406242,-57511.59713979268,0.0,-27117.618298151905,-62627.75015718171,-62627.73938092079,-57497.92922640113,-27117.618298151905,30380.310928249226,30380.310928249222,-30440.69464280127,28959.0,nan,nan,1.5000000000000002,10.0,0.0,0.0,10.0,0.85,CORE,FORCE_CORE,1.3420756513107799,0.37188673986475435,0.6,0.156,-57497.92922640113,STRUCTURAL,-0.7409796548711289,-187702.6511746913,27000.0,0,0,0,0,0,0,0,inf,inf,NA,1,5,5,5,22,6,0,0,CONTINUE,0,A,1,1,0,KEEP_STRUCTURAL_IN_ON_CUT,2,3,0,0,"tail_cont_enabled=1 tail_active_dims=(1,) tail_delta=0.1 tail_start=(6, 6, 6) returned_y=(0, 4, 3) returned_b=(0, 0, 0) returned_u=(0, 0, 0) returned_zcap=(0, 4, 3) max_tail_u=0",NA
120,P1_no_rho,13,111.66156609996688,5.583986100042239,8.401242599938996,0.16681189998053014,0.01,34767.86393218713,34767.86393218713,-76089.16900406242,-59460.61406362499,0.0,-27117.618298151905,-63964.43971437159,-63964.42847919783,-57497.92922640113,-27117.618298151905,30380.310928249226,30380.310928249222,-29685.233358978545,28439.5,nan,nan,1.5000000000000002,10.0,0.0,0.0,10.0,0.85,CORE,FORCE_CORE,1.287254500695185,0.330197746725049,0.6,0.174,-57497.92922640113,STRUCTURAL,-0.8035583166656539,-187702.6511746913,27000.0,0,0,0,0,0,0,0,inf,inf,NA,1,5,5,5,22,6,0,0,CONTINUE,0,A,1,1,0,KEEP_STRUCTURAL_IN_ON_CUT,2,3,0,0,"tail_cont_enabled=1 tail_active_dims=(1,) tail_delta=0.1 tail_start=(6, 6, 6) returned_y=(0, 4, 3) returned_b=(0, 0, 0) returned_u=(0, 0, 0) returned_zcap=(0, 4, 3) max_tail_u=0",NA
120,P1_no_rho,14,124.84695859998465,5.583986100042239,13.18502360000275,0.19562239991500974,0.01,33729.963684695445,33729.963684695445,-76089.16900406242,-59616.29910074874,0.0,-27117.618298151905,-73291.93858851622,-73291.92553099667,-57497.92922640113,-27117.618298151905,30380.310928249226,30380.310928249222,-33710.911556095634,30844.0,nan,nan,1.5000000000000002,10.0,0.0,0.0,10.0,0.85,CORE,FORCE_CORE,1.2537140863130174,0.25886544888120644,0.6,0.174,-57497.92922640113,STRUCTURAL,-0.8555097474365848,-187702.6511746913,27000.0,0,0,0,0,0,0,0,inf,inf,NA,2,6,6,6,22,7,0,0,CONTINUE,0,A,1,1,0,KEEP_STRUCTURAL_IN_ON_CUT,2,3,1,0,"tail_cont_enabled=1 tail_active_dims=(1,) tail_delta=0.1 tail_start=(6, 6, 6) returned_y=(4, 3, 1) returned_b=(0, 0, 0) returned_u=(0, 0, 0) returned_zcap=(4, 3, 1) max_tail_u=0",NA
120,P1_no_rho,15,150.0721231000498,5.583986100042239,25.22465910005849,0.1603010999970138,0.01,16721.17073507317,16721.17073507317,-59402.83353005942,-62167.61804319208,0.0,-27117.618298151905,-59402.83353005942,-59402.82269078639,-57497.92922640113,-27117.618298151905,30380.310928249226,30380.310928249222,-25278.658055186348,27918.0,nan,nan,1.5000000000000002,10.0,1.5000000000000002,0.0,10.0,0.85,CORE,MAIN,1.339914156103461,0.4239207297471358,0.6,0.174,-57497.92922640113,STRUCTURAL,-0.814866505136472,-59402.83353005942,27918.0,0,0,0,0,0,0,0,inf,inf,NA,1,5,5,5,23,6,0,0,CONTINUE,1,B,0,1,0,ACCEPT_SEP,2,3,0,0,"tail_cont_enabled=1 tail_active_dims=(1,) tail_delta=0.1 tail_start=(6, 6, 6) returned_y=(0, 4, 3) returned_b=(0, 0, 0) returned_u=(0, 0, 0) returned_zcap=(0, 4, 3) max_tail_u=0",NA
120,P1_no_rho,16,157.8148654999677,5.583986100042239,7.742197399958968,0.1701991999289021,0.01,73179.15732746644,73179.15732746644,-59402.83353005942,-37896.366243321,0.0,-27117.618298151905,-100773.1889154395,-100773.16533918919,-57497.92922640113,-27117.618298151905,30380.310928249226,30380.310928249222,-22955.58077272777,38118.0,nan,nan,2.7750000000000004,10.0,1.5000000000000002,0.0,10.0,0.85,CORE,MAIN,1.480342776591156,0.34886382862331955,0.6,0.174,-57497.92922640113,CORE_INCUMBENT_BETTER,-0.7873273924650501,-59402.83353005942,27918.0,0,0,0,0,0,0,0,inf,inf,NA,1,5,5,5,23,6,0,0,CONTINUE,0,A,1,1,0,KEEP_STRUCTURAL_IN_ON_CUT,2,3,0,0,"tail_cont_enabled=1 tail_active_dims=(1,) tail_delta=0.1 tail_start=(6, 6, 6) returned_y=(6, 0, 2) returned_b=(1, 0, 0) returned_u=(0, 0, 0) returned_zcap=(6, 0, 2) max_tail_u=0",NA
120,P1_no_rho,17,167.18378750002012,5.583986100042239,9.368512099958025,0.1899464000016451,0.01,47740.88878127319,47740.88878127319,-59402.83353005942,-43331.275183359525,0.0,-27117.618298151905,-72652.53738279134,-72652.52040620102,-57497.92922640113,-27117.618298151905,30380.310928249226,30380.310928249222,-36760.822539891335,41960.5,nan,nan,2.7750000000000004,10.0,1.5000000000000002,0.0,10.0,0.85,CORE,MAIN,1.6198609107293536,0.3959844000348455,0.6,0.174,-57497.92922640113,STRUCTURAL,-0.5212274457026828,-59402.83353005942,27918.0,0,0,0,0,0,0,0,inf,inf,NA,2,6,6,6,23,7,0,0,CONTINUE,0,A,1,1,0,KEEP_STRUCTURAL_IN_ON_CUT,2,3,1,0,"tail_cont_enabled=1 tail_active_dims=(1,) tail_delta=0.1 tail_start=(6, 6, 6) returned_y=(2, 0, 5) returned_b=(0, 0, 0) returned_u=(0, 0, 0) returned_zcap=(2, 0, 5) max_tail_u=0",NA
120,P1_no_rho,18,174.40278190001845,5.583986100042239,7.2184812000487,0.16913539997767657,0.01,44751.7583936902,44751.7583936902,-59402.83353005942,-43779.64474149697,0.0,-27117.618298151905,-69312.14154993113,-69312.12417431682,-57497.92922640113,-27117.618298151905,30380.310928249226,30380.310928249222,-29990.436342420297,38328.5,nan,nan,2.7750000000000004,10.0,1.5000000000000002,0.0,10.0,0.85,CORE,MAIN,1.7483045226420004,0.3303438643823129,0.6,0.174,-57497.92922640113,STRUCTURAL,-0.4584263954804152,-59402.83353005942,27918.0,0,0,0,0,0,0,0,inf,inf,NA,1,5,5,5,24,6,0,0,CONTINUE,0,A,1,1,0,KEEP_STRUCTURAL_IN_ON_CUT,2,3,0,0,"tail_cont_enabled=1 tail_active_dims=(1,) tail_delta=0.1 tail_start=(6, 6, 6) returned_y=(2, 0, 5) returned_b=(0, 0, 0) returned_u=(0, 0, 0) returned_zcap=(2, 0, 5) max_tail_u=0",NA
120,P1_no_rho,19,181.13039880001452,5.583986100042239,6.727192400023341,0.1668551000766456,0.01,57936.16036063473,57936.16036063473,-59402.83353005942,-41801.984446455295,0.0,-27117.618298151905,-69722.49882445799,-69722.48185123518,-57497.92922640113,-27117.618298151905,30380.310928249226,30380.310928249222,-31895.720625190406,40452.0,nan,nan,2.7750000000000004,10.0,1.5000000000000002,0.0,10.0,0.85,CORE,MAIN,1.8607191039909252,0.3329657961392727,0.6,0.174,-57497.92922640113,STRUCTURAL,-0.4703883204424396,-59402.83353005942,27918.0,0,0,0,0,0,0,0,inf,inf,NA,1,5,5,5,24,6,0,0,CONTINUE,0,A,1,1,0,KEEP_STRUCTURAL_IN_ON_CUT,2,3,0,0,"tail_cont_enabled=1 tail_active_dims=(1,) tail_delta=0.1 tail_start=(6, 6, 6) returned_y=(2, 0, 5) returned_b=(0, 0, 0) returned_u=(0, 0, 0) returned_zcap=(2, 0, 5) max_tail_u=0",NA
120,P1_no_rho,20,200.02659050002694,5.583986100042239,18.89562319999095,0.16336799995042384,0.01,78069.94445468026,78069.94445468026,-59402.83353005942,-38781.91683234846,0.0,-27117.618298151905,-70031.47566839895,-70031.45961207915,-57497.92922640113,-27117.618298151905,30380.310928249226,30380.310928249222,-36509.080561239956,42103.0,nan,nan,2.7750000000000004,10.0,1.5000000000000002,0.0,10.0,0.85,CORE,MAIN,1.956180584467345,0.2963771411757148,0.6,0.174,-57497.92922640113,STRUCTURAL,-0.5095706373812745,-59402.83353005942,27918.0,0,0,0,0,0,0,0,inf,inf,NA,1,5,5,5,24,6,0,0,CONTINUE,0,A,1,1,0,KEEP_STRUCTURAL_IN_ON_CUT,2,3,0,0,"tail_cont_enabled=1 tail_active_dims=(1,) tail_delta=0.1 tail_start=(6, 6, 6) returned_y=(2, 0, 5) returned_b=(0, 0, 0) returned_u=(0, 0, 0) returned_zcap=(2, 0, 5) max_tail_u=0",NA
120,P1_no_rho,21,209.141500000027,5.583986100042239,9.114224400022067,0.172593199997209,0.01,82903.09240180571,82903.09240180571,-59402.83353005942,-38056.944640279646,0.0,-27117.618298151905,-70554.31974634636,-70554.30378925118,-57497.92922640113,-27117.618298151905,30380.310928249226,30380.310928249222,-38259.31563240017,43070.0,nan,nan,2.7750000000000004,10.0,1.5000000000000002,0.0,10.0,0.85,CORE,MAIN,2.056775923296875,0.2304270197207049,0.6,0.174,-57497.92922640113,STRUCTURAL,-0.5161036851448176,-59402.83353005942,27918.0,0,0,0,0,0,0,0,inf,inf,NA,1,5,5,5,24,6,0,0,CONTINUE,0,A,1,1,0,KEEP_STRUCTURAL_IN_ON_CUT,2,3,0,0,"tail_cont_enabled=1 tail_active_dims=(1,) tail_delta=0.1 tail_start=(6, 6, 6) returned_y=(2, 0, 5) returned_b=(0, 0, 0) returned_u=(0, 0, 0) returned_zcap=(2, 0, 5) max_tail_u=0",NA
120,P1_no_rho,22,215.6217649000464,5.583986100042239,6.479679899988696,0.1655006998917088,0.01,91112.71504172296,91112.71504172296,-59402.83353005942,-36825.501244292056,0.0,-27117.618298151905,-71226.22535535421,-71226.20646811153,-57497.92922640113,-27117.618298151905,30380.310928249226,30380.310928249222,-23268.742712767373,35531.0,nan,nan,2.7750000000000004,10.0,1.5000000000000002,0.0,10.0,0.85,CORE,MAIN,2.124735014370562,0.2869300073685067,0.6,0.174,-57497.92922640113,STRUCTURAL,-0.3775461450982373,-59402.83353005942,27918.0,0,0,0,0,0,0,0,inf,inf,NA,1,5,5,5,24,6,0,0,CONTINUE,0,A,1,1,0,KEEP_STRUCTURAL_IN_ON_CUT,2,3,0,0,"tail_cont_enabled=1 tail_active_dims=(1,) tail_delta=0.1 tail_start=(6, 6, 6) returned_y=(2, 0, 5) returned_b=(0, 0, 0) returned_u=(0, 0, 0) returned_zcap=(2, 0, 5) max_tail_u=0",NA
120,P1_no_rho,23,225.50018390000332,5.583986100042239,9.87778880004771,0.1930228000273928,0.01,162318.8617897172,162318.8617897172,-59402.83353005942,-26144.57923209292,0.0,-27117.618298151905,-72268.63612619971,-72268.61922228962,-57497.92922640113,-27117.618298151905,30380.310928249226,30380.310928249222,-38111.525120046106,41732.0,nan,nan,2.7750000000000004,10.0,1.5000000000000002,0.0,10.0,0.85,CORE,MAIN,2.1684768385412916,0.271554942579548,0.6,0.174,-57497.92922640113,STRUCTURAL,-0.5287968244094762,-59402.83353005942,27918.0,0,0,0,0,0,0,0,inf,inf,NA,2,6,6,6,24,6,0,0,CONTINUE,0,A,1,1,0,KEEP_STRUCTURAL_IN_ON_CUT,2,3,0,0,"tail_cont_enabled=1 tail_active_dims=(1,) tail_delta=0.1 tail_start=(6, 6, 6) returned_y=(4, 3, 1) returned_b=(0, 0, 0) returned_u=(0, 0, 0) returned_zcap=(4, 3, 1) max_tail_u=0",NA
120,P1_no_rho,24,237.13372240005992,5.583986100042239,11.633188700070605,0.192617499968037,0.01,117137.56223020525,117137.56223020525,-59402.83353005942,-32921.77416601971,0.0,-27117.618298151905,-79078.34079649251,-79078.32332949498,-57497.92922640113,-27117.618298151905,30380.310928249226,30380.310928249222,-31582.69927213738,43468.5,nan,nan,2.7750000000000004,10.0,1.5000000000000002,0.0,10.0,0.85,CORE,MAIN,2.1942050424541306,0.24556587522090695,0.6,0.174,-57497.92922640113,STRUCTURAL,-0.5474225086221686,-59402.83353005942,27918.0,0,0,0,0,0,0,0,inf,inf,NA,2,6,6,6,24,7,0,0,CONTINUE,0,A,1,1,0,KEEP_STRUCTURAL_IN_ON_CUT,2,3,1,0,"tail_cont_enabled=1 tail_active_dims=(1,) tail_delta=0.1 tail_start=(6, 6, 6) returned_y=(6, 2, 0) returned_b=(1, 0, 0) returned_u=(0, 0, 0) returned_zcap=(6, 2, 0) max_tail_u=0",NA
120,P1_no_rho,25,262.53815380006563,5.583986100042239,25.403840400045738,0.15942949999589473,0.01,129969.06029933841,129969.06029933841,-59402.83353005942,-30997.04945564974,0.0,-27117.618298151905,-69928.7212450251,-69928.70386356801,-57497.92922640113,-27117.618298151905,30380.310928249226,30380.310928249222,-29623.74812393847,37736.5,nan,nan,2.7750000000000004,10.0,1.5000000000000002,0.0,10.0,0.85,CORE,MAIN,2.212634613136633,0.2728474769429804,0.6,0.174,-57497.92922640113,STRUCTURAL,-0.4807366692951255,-59402.83353005942,27918.0,0,0,0,0,0,0,0,inf,inf,NA,1,5,5,5,25,6,0,0,CONTINUE,0,A,1,1,0,KEEP_STRUCTURAL_IN_ON_CUT,2,3,0,0,"tail_cont_enabled=1 tail_active_dims=(1,) tail_delta=0.1 tail_start=(6, 6, 6) returned_y=(4, 3, 1) returned_b=(0, 0, 0) returned_u=(0, 0, 0) returned_zcap=(4, 3, 1) max_tail_u=0",NA
120,P1_no_rho,26,272.49878440005705,5.583986100042239,9.959938500076532,0.15925090003293008,0.01,104937.13753034273,104937.13753034273,-59402.83353005942,-34751.837870999094,0.0,-27117.618298151905,-70049.94904856438,-70049.9326662841,-57497.92922640113,-27117.618298151905,30380.310928249226,30380.310928249222,-36302.24412704868,41677.5,nan,nan,2.7750000000000004,10.0,1.5000000000000002,0.0,10.0,0.85,CORE,MAIN,2.2253199372688393,0.2870755547465158,0.6,0.174,-57497.92922640113,STRUCTURAL,-0.49365578257210957,-59402.83353005942,27918.0,0,0,0,0,0,0,0,inf,inf,NA,1,5,5,5,25,6,0,0,CONTINUE,0,A,1,1,0,KEEP_STRUCTURAL_IN_ON_CUT,2,3,0,0,"tail_cont_enabled=1 tail_active_dims=(1,) tail_delta=0.1 tail_start=(6, 6, 6) returned_y=(2, 0, 5) returned_b=(0, 0, 0) returned_u=(0, 0, 0) returned_zcap=(2, 0, 5) max_tail_u=0",NA
120,P1_no_rho,27,283.83645820000675,5.583986100042239,11.337118600029498,0.16993299999739975,0.01,99570.583282781,99570.583282781,-59402.83353005942,-35556.82100813335,0.0,-27117.618298151905,-69545.37068240959,-69545.35410356424,-57497.92922640113,-27117.618298151905,30380.310928249226,30380.310928249222,-35338.33705205131,40860.0,nan,nan,2.7750000000000004,10.0,1.5000000000000002,0.0,10.0,0.85,CORE,MAIN,2.2337540053588096,0.2747729554399623,0.6,0.174,-57497.92922640113,STRUCTURAL,-0.48366506641285967,-59402.83353005942,27918.0,0,0,0,0,0,0,0,inf,inf,NA,1,5,5,5,25,6,0,0,CONTINUE,0,A,1,1,0,KEEP_STRUCTURAL_IN_ON_CUT,2,3,0,0,"tail_cont_enabled=1 tail_active_dims=(1,) tail_delta=0.1 tail_start=(6, 6, 6) returned_y=(2, 0, 5) returned_b=(0, 0, 0) returned_u=(0, 0, 0) returned_zcap=(2, 0, 5) max_tail_u=0",NA
120,P1_no_rho,28,289.85583270003553,5.583986100042239,6.019075700081885,0.17433530010748655,0.01,85527.18537883995,85527.18537883995,-59402.83353005942,-37663.33069372451,0.0,-27117.618298151905,-65956.05850532226,-65956.04129128462,-57497.92922640113,-27117.618298151905,30380.310928249226,30380.310928249222,-24734.788737647003,35655.0,nan,nan,2.7750000000000004,10.0,1.5000000000000002,0.0,10.0,0.85,CORE,MAIN,2.2363758846321637,0.25407017390568587,0.6,0.174,-57497.92922640113,STRUCTURAL,-0.4010763931740738,-59402.83353005942,27918.0,0,0,0,0,0,0,0,inf,inf,NA,1,5,5,5,25,6,0,0,CONTINUE,0,A,1,1,0,KEEP_STRUCTURAL_IN_ON_CUT,2,3,0,0,"tail_cont_enabled=1 tail_active_dims=(1,) tail_delta=0.1 tail_start=(6, 6, 6) returned_y=(2, 0, 5) returned_b=(0, 0, 0) returned_u=(0, 0, 0) returned_zcap=(2, 0, 5) max_tail_u=0",NA
120,P1_no_rho,29,299.61270419997163,5.583986100042239,9.756371399969794,0.15905130002647638,0.01,129496.04169464989,129496.04169464989,-59402.83353005942,-31068.00224635302,0.0,-27117.618298151905,-71342.04731001795,-71342.02923437009,-57497.92922640113,-27117.618298151905,30380.310928249226,30380.310928249222,-28383.47013103566,38497.0,nan,nan,2.7750000000000004,10.0,1.5000000000000002,0.0,10.0,0.85,CORE,MAIN,2.2373249760826583,0.2458529111847425,0.6,0.174,-57497.92922640113,STRUCTURAL,-0.41983197014111134,-59402.83353005942,27918.0,0,0,0,0,0,0,0,inf,inf,NA,1,5,5,5,25,6,0,0,CONTINUE,0,A,1,1,0,KEEP_STRUCTURAL_IN_ON_CUT,2,3,0,0,"tail_cont_enabled=1 tail_active_dims=(1,) tail_delta=0.1 tail_start=(6, 6, 6) returned_y=(0, 4, 3) returned_b=(0, 0, 0) returned_u=(0, 0, 0) returned_zcap=(0, 4, 3) max_tail_u=0",NA
120,P1_no_rho,30,324.77022710000165,5.583986100042239,25.1568998999428,0.18417559994850308,0.01,107184.0287304443,107184.0287304443,-59402.83353005942,-34414.80419098386,0.0,-27117.618298151905,-71841.4074332217,-71841.39061758052,-57497.92922640113,-27117.618298151905,30380.310928249226,30380.310928249222,-37117.40263333353,42780.0,nan,nan,2.7750000000000004,10.0,1.5000000000000002,0.0,10.0,0.85,CORE,MAIN,2.2380755493824416,0.24309343518652793,0.6,0.174,-57497.92922640113,STRUCTURAL,-0.4887583664309568,-59402.83353005942,27918.0,0,0,0,0,0,0,0,inf,inf,NA,1,5,5,5,25,6,0,0,CONTINUE,0,A,1,1,0,KEEP_STRUCTURAL_IN_ON_CUT,2,3,0,0,"tail_cont_enabled=1 tail_active_dims=(1,) tail_delta=0.1 tail_start=(6, 6, 6) returned_y=(0, 4, 3) returned_b=(0, 0, 0) returned_u=(0, 0, 0) returned_zcap=(0, 4, 3) max_tail_u=0",NA
120,P1_no_rho,31,335.62349669996183,5.583986100042239,10.852790099917911,0.16166470001917332,0.01,111026.7496480415,111026.7496480415,-59402.83353005942,-33838.39605334427,0.0,-27117.618298151905,-72048.72836902252,-72048.71106876427,-57497.92922640113,-27117.618298151905,30380.310928249226,30380.310928249222,-34583.5331172825,39645.0,nan,nan,2.7750000000000004,10.0,1.5000000000000002,0.0,10.0,0.85,CORE,MAIN,2.237845656182172,0.24656541974017565,0.6,0.174,-57497.92922640113,STRUCTURAL,-0.5026560969430163,-59402.83353005942,27918.0,0,0,0,0,0,0,0,inf,inf,NA,1,5,5,5,25,6,0,0,CONTINUE,0,A,1,1,0,KEEP_STRUCTURAL_IN_ON_CUT,2,3,0,0,"tail_cont_enabled=1 tail_active_dims=(1,) tail_delta=0.1 tail_start=(6, 6, 6) returned_y=(4, 3, 1) returned_b=(0, 0, 0) returned_u=(0, 0, 0) returned_zcap=(4, 3, 1) max_tail_u=0",NA
120,P1_no_rho,32,344.98441859998275,5.583986100042239,9.360492200008593,0.1682156000752002,0.01,121267.3814953291,121267.3814953291,-59402.83353005942,-32302.301276251135,0.0,-27117.618298151905,-72360.92164182007,-72360.90440125666,-57497.92922640113,-27117.618298151905,30380.310928249226,30380.310928249222,-32274.711395574548,40142.5,nan,nan,2.7750000000000004,10.0,1.5000000000000002,0.0,10.0,0.85,CORE,MAIN,2.23704273052001,0.24759402015205856,0.6,0.174,-57497.92922640113,STRUCTURAL,-0.5297079847191223,-59402.83353005942,27918.0,0,0,0,0,0,0,0,inf,inf,NA,1,5,5,5,25,6,0,0,CONTINUE,0,A,1,1,0,KEEP_STRUCTURAL_IN_ON_CUT,2,3,0,0,"tail_cont_enabled=1 tail_active_dims=(1,) tail_delta=0.1 tail_start=(6, 6, 6) returned_y=(6, 2, 0) returned_b=(1, 0, 0) returned_u=(0, 0, 0) returned_zcap=(6, 2, 0) max_tail_u=0",NA
120,P1_no_rho,33,356.82694199995603,5.583986100042239,11.842078499961644,0.16801430005580187,0.01,93398.81170009194,93398.81170009194,-59402.83353005942,-36482.58674553671,0.0,-27117.618298151905,-70182.44301344083,-70182.42604635406,-57497.92922640113,-27117.618298151905,30380.310928249226,30380.310928249222,-33297.568800053516,39099.5,nan,nan,2.7750000000000004,10.0,1.5000000000000002,0.0,10.0,0.85,CORE,MAIN,2.2369004880997734,0.26485756825485707,0.6,0.174,-57497.92922640113,STRUCTURAL,-0.5001201130692118,-59402.83353005942,27918.0,0,0,0,0,0,0,0,inf,inf,NA,1,5,5,5,25,6,0,0,CONTINUE,0,A,1,1,0,KEEP_STRUCTURAL_IN_ON_CUT,2,3,0,0,"tail_cont_enabled=1 tail_active_dims=(1,) tail_delta=0.1 tail_start=(6, 6, 6) returned_y=(4, 3, 1) returned_b=(0, 0, 0) returned_u=(0, 0, 0) returned_zcap=(4, 3, 1) max_tail_u=0",NA
120,P1_no_rho,34,367.48017940006685,5.583986100042239,10.652673000004143,0.17177289992105216,0.01,90177.68712306846,90177.68712306846,-59402.83353005942,-36965.755432090235,0.0,-27117.618298151905,-69118.91540064555,-69118.89800465989,-57497.92922640113,-27117.618298151905,30380.310928249226,30380.310928249222,-29218.047704881585,39095.5,nan,nan,2.7750000000000004,10.0,1.5000000000000002,0.0,10.0,0.85,CORE,MAIN,2.2414800684559206,0.26149136316426747,0.6,0.174,-57497.92922640113,STRUCTURAL,-0.43493067828475146,-59402.83353005942,27918.0,0,0,0,0,0,0,0,inf,inf,NA,1,5,5,5,25,6,0,0,CONTINUE,0,A,1,1,0,KEEP_STRUCTURAL_IN_ON_CUT,2,3,0,0,"tail_cont_enabled=1 tail_active_dims=(1,) tail_delta=0.1 tail_start=(6, 6, 6) returned_y=(0, 4, 3) returned_b=(0, 0, 0) returned_u=(0, 0, 0) returned_zcap=(0, 4, 3) max_tail_u=0",NA
120,P1_no_rho,35,390.77057459997013,5.583986100042239,23.28991029993631,0.16510929993819445,0.01,134317.9124690266,134317.9124690266,-59402.83353005942,-30344.72163019651,0.0,-27117.618298151905,-68561.14768562358,-68561.13032076831,-57497.92922640113,-27117.618298151905,30380.310928249226,30380.310928249222,-26333.314237931285,37195.5,nan,nan,2.7750000000000004,10.0,1.5000000000000002,0.0,10.0,0.85,CORE,MAIN,2.2445462957806153,0.269147173760662,0.6,0.174,-57497.92922640113,STRUCTURAL,-0.4288796968868773,-59402.83353005942,27918.0,0,0,0,0,0,0,0,inf,inf,NA,1,5,5,5,25,6,0,0,CONTINUE,0,A,1,1,0,KEEP_STRUCTURAL_IN_ON_CUT,2,3,0,0,"tail_cont_enabled=1 tail_active_dims=(1,) tail_delta=0.1 tail_start=(6, 6, 6) returned_y=(2, 0, 5) returned_b=(0, 0, 0) returned_u=(0, 0, 0) returned_zcap=(2, 0, 5) max_tail_u=0",NA
120,P1_no_rho,36,396.9828627000097,5.583986100042239,6.211872500018217,0.1647009999724105,0.01,121690.69646920773,121690.69646920773,-59402.83353005942,-32238.80403016934,0.0,-27117.618298151905,-71006.37465404758,-71006.35685004268,-57497.92922640113,-27117.618298151905,30380.310928249226,30380.310928249222,-29845.121225987445,38910.5,nan,nan,2.7750000000000004,10.0,1.5000000000000002,0.0,10.0,0.85,CORE,MAIN,2.2461884752850554,0.2502944831558427,0.6,0.174,-57497.92922640113,STRUCTURAL,-0.43187957393024706,-59402.83353005942,27918.0,0,0,0,0,0,0,0,inf,inf,NA,1,5,5,5,25,6,0,0,CONTINUE,0,A,1,1,0,KEEP_STRUCTURAL_IN_ON_CUT,2,3,0,0,"tail_cont_enabled=1 tail_active_dims=(1,) tail_delta=0.1 tail_start=(6, 6, 6) returned_y=(2, 0, 5) returned_b=(0, 0, 0) returned_u=(0, 0, 0) returned_zcap=(2, 0, 5) max_tail_u=0",NA
120,P1_no_rho,37,408.13871389999986,5.583986100042239,11.155511699966155,0.16621860000304878,0.01,97880.48596755581,97880.48596755581,-59402.83353005942,-35810.33560541713,0.0,-27117.618298151905,-70274.7980266942,-70274.78089383317,-57497.92922640113,-27117.618298151905,30380.310928249226,30380.310928249222,-32438.463070452704,38332.5,nan,nan,2.7750000000000004,10.0,1.5000000000000002,0.0,10.0,0.85,CORE,MAIN,2.2474337483938167,0.24999384849527018,0.6,0.174,-57497.92922640113,STRUCTURAL,-0.4889800299775203,-59402.83353005942,27918.0,0,0,0,0,0,0,0,inf,inf,NA,1,5,5,5,25,6,0,0,CONTINUE,0,A,1,1,0,KEEP_STRUCTURAL_IN_ON_CUT,2,3,0,0,"tail_cont_enabled=1 tail_active_dims=(1,) tail_delta=0.1 tail_start=(6, 6, 6) returned_y=(4, 3, 1) returned_b=(0, 0, 0) returned_u=(0, 0, 0) returned_zcap=(4, 3, 1) max_tail_u=0",NA
120,P1_no_rho,38,418.1099184000632,5.583986100042239,9.970706100109965,0.15369559999089688,0.01,101211.91925313165,101211.91925313165,-59402.83353005942,-35310.62061258075,0.0,-27117.618298151905,-71707.38502549427,-71707.3678098093,-57497.92922640113,-27117.618298151905,30380.310928249226,30380.310928249222,-34703.67355142305,39752.5,nan,nan,2.7750000000000004,10.0,1.5000000000000002,0.0,10.0,0.85,CORE,MAIN,2.2478424272353648,0.26201737422746896,0.6,0.174,-57497.92922640113,STRUCTURAL,-0.5073417026455485,-59402.83353005942,27918.0,0,0,0,0,0,0,0,inf,inf,NA,1,5,5,5,25,6,0,0,CONTINUE,0,A,1,1,0,KEEP_STRUCTURAL_IN_ON_CUT,2,3,0,0,"tail_cont_enabled=1 tail_active_dims=(1,) tail_delta=0.1 tail_start=(6, 6, 6) returned_y=(4, 3, 1) returned_b=(0, 0, 0) returned_u=(0, 0, 0) returned_zcap=(4, 3, 1) max_tail_u=0",NA
120,P1_no_rho,39,427.5707990999799,5.583986100042239,9.46050009992905,0.1676729000173509,0.01,102679.84008696741,102679.84008696741,-59402.83353005942,-35090.432487505386,0.0,-27117.618298151905,-72326.98206488647,-72326.96431611953,-57497.92922640113,-27117.618298151905,30380.310928249226,30380.310928249222,-30830.17742620463,39040.0,nan,nan,2.7750000000000004,10.0,1.5000000000000002,0.0,10.0,0.85,CORE,MAIN,2.2474087272994723,0.24725975396722233,0.6,0.174,-57497.92922640113,STRUCTURAL,-0.4961482036005772,-59402.83353005942,27918.0,0,0,0,0,0,0,0,inf,inf,NA,1,5,5,5,25,6,0,0,CONTINUE,0,A,1,1,0,KEEP_STRUCTURAL_IN_ON_CUT,2,3,0,0,"tail_cont_enabled=1 tail_active_dims=(1,) tail_delta=0.1 tail_start=(6, 6, 6) returned_y=(4, 3, 1) returned_b=(0, 0, 0) returned_u=(0, 0, 0) returned_zcap=(4, 3, 1) max_tail_u=0",NA
120,P1_no_rho,40,450.6872312000487,5.583986100042239,23.11582940001972,0.16564789996482432,0.01,99277.87754750934,99277.87754750934,-59402.83353005942,-35600.7268684241,0.0,-27117.618298151905,-72034.34830396547,-72034.33095731513,-57497.92922640113,-27117.618298151905,30380.310928249226,30380.310928249222,-33998.99905938237,40138.0,nan,nan,2.7750000000000004,10.0,1.5000000000000002,0.0,10.0,0.85,CORE,MAIN,2.246624713710462,0.2499581668510904,0.6,0.174,-57497.92922640113,STRUCTURAL,-0.505034187360485,-59402.83353005942,27918.0,0,0,0,0,0,0,0,inf,inf,NA,1,5,5,5,25,6,0,0,CONTINUE,0,A,1,1,0,KEEP_STRUCTURAL_IN_ON_CUT,2,3,0,0,"tail_cont_enabled=1 tail_active_dims=(1,) tail_delta=0.1 tail_start=(6, 6, 6) returned_y=(4, 3, 1) returned_b=(0, 0, 0) returned_u=(0, 0, 0) returned_zcap=(4, 3, 1) max_tail_u=0",NA
120,P1_no_rho,41,461.98944849998225,5.583986100042239,11.301725000026636,0.1736745999660343,0.01,121441.4969844467,121441.4969844467,-59402.83353005942,-32276.183952883497,0.0,-27117.618298151905,-69850.58170475438,-69850.56398882062,-57497.92922640113,-27117.618298151905,30380.310928249226,30380.310928249222,-28495.740461419,39078.5,nan,nan,2.7750000000000004,10.0,1.5000000000000002,0.0,10.0,0.85,CORE,MAIN,2.2482789801448524,0.23475050760151617,0.6,0.174,-57497.92922640113,STRUCTURAL,-0.44135739418363445,-59402.83353005942,27918.0,0,0,0,0,0,0,0,inf,inf,NA,1,5,5,5,25,6,0,0,CONTINUE,0,A,1,1,0,KEEP_STRUCTURAL_IN_ON_CUT,2,3,0,0,"tail_cont_enabled=1 tail_active_dims=(1,) tail_delta=0.1 tail_start=(6, 6, 6) returned_y=(0, 4, 3) returned_b=(0, 0, 0) returned_u=(0, 0, 0) returned_zcap=(0, 4, 3) max_tail_u=0",NA
120,P1_no_rho,42,471.95265240001027,5.583986100042239,9.96259889996145,0.16733180009759963,0.01,121809.8124783849,121809.8124783849,-59402.83353005942,-32220.936628792766,0.0,-27117.618298151905,-68833.19613371378,-68833.17848946297,-57497.92922640113,-27117.618298151905,30380.310928249226,30380.310928249222,-26623.45784641819,37367.0,nan,nan,2.7750000000000004,10.0,1.5000000000000002,0.0,10.0,0.85,CORE,MAIN,2.2488690253352135,0.2524380624839837,0.6,0.174,-57497.92922640113,STRUCTURAL,-0.43178508714061936,-59402.83353005942,27918.0,0,0,0,0,0,0,0,inf,inf,NA,1,5,5,5,25,6,0,0,CONTINUE,0,A,1,1,0,KEEP_STRUCTURAL_IN_ON_CUT,2,3,0,0,"tail_cont_enabled=1 tail_active_dims=(1,) tail_delta=0.1 tail_start=(6, 6, 6) returned_y=(2, 0, 5) returned_b=(0, 0, 0) returned_u=(0, 0, 0) returned_zcap=(2, 0, 5) max_tail_u=0",NA
120,P1_no_rho,43,478.7674116999842,5.583986100042239,6.813888999982737,0.1920986999757588,0.01,108888.57625460689,108888.57625460689,-59402.83353005942,-34159.12206235947,0.0,-27117.618298151905,-71368.82886825022,-71368.81088233809,-57497.92922640113,-27117.618298151905,30380.310928249226,30380.310928249222,-29582.78673897371,39102.5,nan,nan,2.7750000000000004,10.0,1.5000000000000002,0.0,10.0,0.85,CORE,MAIN,2.2487269024446315,0.251057845881,0.6,0.174,-57497.92922640113,STRUCTURAL,-0.4490177541709327,-59402.83353005942,27918.0,0,0,0,0,0,0,0,inf,inf,NA,1,5,5,5,25,6,0,0,CONTINUE,0,A,1,1,0,KEEP_STRUCTURAL_IN_ON_CUT,2,3,0,0,"tail_cont_enabled=1 tail_active_dims=(1,) tail_delta=0.1 tail_start=(6, 6, 6) returned_y=(2, 0, 5) returned_b=(0, 0, 0) returned_u=(0, 0, 0) returned_zcap=(2, 0, 5) max_tail_u=0",NA
120,P1_no_rho,44,490.60176390002016,5.583986100042239,11.833272899966687,0.17042249999940395,0.01,107809.59545390574,107809.59545390574,-59402.83353005942,-34320.96918246464,0.0,-27117.618298151905,-71309.42162165912,-71309.4041537,-57497.92922640113,-27117.618298151905,30380.310928249226,30380.310928249222,-31673.066528710086,38727.0,nan,nan,2.7750000000000004,10.0,1.5000000000000002,0.0,10.0,0.85,CORE,MAIN,2.2484956330659256,0.24931025488539627,0.6,0.174,-57497.92922640113,STRUCTURAL,-0.4953564280506256,-59402.83353005942,27918.0,0,0,0,0,0,0,0,inf,inf,NA,1,5,5,5,25,6,0,0,CONTINUE,0,A,1,1,0,KEEP_STRUCTURAL_IN_ON_CUT,2,3,0,0,"tail_cont_enabled=1 tail_active_dims=(1,) tail_delta=0.1 tail_start=(6, 6, 6) returned_y=(4, 3, 1) returned_b=(0, 0, 0) returned_u=(0, 0, 0) returned_zcap=(4, 3, 1) max_tail_u=0",NA
120,P1_no_rho,45,513.6165064000525,5.583986100042239,23.013538300059736,0.16964980005286634,0.01,103279.3715481974,103279.3715481974,-59402.83353005942,-35000.50276832089,0.0,-27117.618298151905,-72211.54400797069,-72211.52660924815,-57497.92922640113,-27117.618298151905,30380.310928249226,30380.310928249222,-33464.11774695841,39689.5,nan,nan,2.7750000000000004,10.0,1.5000000000000002,0.0,10.0,0.85,CORE,MAIN,2.2479691012296454,0.247160393742893,0.6,0.174,-57497.92922640113,STRUCTURAL,-0.5041961632421682,-59402.83353005942,27918.0,0,0,0,0,0,0,0,inf,inf,NA,1,5,5,5,25,6,0,0,CONTINUE,0,A,1,1,0,KEEP_STRUCTURAL_IN_ON_CUT,2,3,0,0,"tail_cont_enabled=1 tail_active_dims=(1,) tail_delta=0.1 tail_start=(6, 6, 6) returned_y=(4, 3, 1) returned_b=(0, 0, 0) returned_u=(0, 0, 0) returned_zcap=(4, 3, 1) max_tail_u=0",NA
120,P1_no_rho,46,522.7858166999649,5.583986100042239,9.168687899946235,0.16368609992787242,0.01,112636.07701063932,112636.07701063932,-59402.83353005942,-33596.996948954606,0.0,-27117.618298151905,-71943.68888302175,-71943.67114796318,-57497.92922640113,-27117.618298151905,30380.310928249226,30380.310928249222,-30459.108232287417,38764.5,nan,nan,2.7750000000000004,10.0,1.5000000000000002,0.0,10.0,0.85,CORE,MAIN,2.2474786699923586,0.2666588064360431,0.6,0.174,-57497.92922640113,STRUCTURAL,-0.48836953051570026,-59402.83353005942,27918.0,0,0,0,0,0,0,0,inf,inf,NA,1,5,5,5,25,6,0,0,CONTINUE,0,A,1,1,0,KEEP_STRUCTURAL_IN_ON_CUT,2,3,0,0,"tail_cont_enabled=1 tail_active_dims=(1,) tail_delta=0.1 tail_start=(6, 6, 6) returned_y=(4, 3, 1) returned_b=(0, 0, 0) returned_u=(0, 0, 0) returned_zcap=(4, 3, 1) max_tail_u=0",NA
120,P1_no_rho,47,533.8089662999846,5.583986100042239,11.022578099975362,0.16669119999278337,0.01,101640.98000195174,101640.98000195174,-59402.83353005942,-35246.26150025774,0.0,-27117.618298151905,-71689.99821050641,-71689.9806395447,-57497.92922640113,-27117.618298151905,30380.310928249226,30380.310928249222,-32359.922877358116,39473.0,nan,nan,2.7750000000000004,10.0,1.5000000000000002,0.0,10.0,0.85,CORE,MAIN,2.2469294334018026,0.2548010845684976,0.6,0.174,-57497.92922640113,STRUCTURAL,-0.49536317756312787,-59402.83353005942,27918.0,0,0,0,0,0,0,0,inf,inf,NA,1,5,5,5,25,6,0,0,CONTINUE,0,A,1,1,0,KEEP_STRUCTURAL_IN_ON_CUT,2,3,0,0,"tail_cont_enabled=1 tail_active_dims=(1,) tail_delta=0.1 tail_start=(6, 6, 6) returned_y=(4, 3, 1) returned_b=(0, 0, 0) returned_u=(0, 0, 0) returned_zcap=(4, 3, 1) max_tail_u=0",NA
120,P1_no_rho,48,544.9280246000271,5.583986100042239,11.11865790002048,0.15480339992791414,0.01,113200.8351663297,113200.8351663297,-59402.83353005942,-33512.283225601044,0.0,-27117.618298151905,-70120.30088089136,-70120.28308834392,-57497.92922640113,-27117.618298151905,30380.310928249226,30380.310928249222,-28527.17373877945,39193.5,nan,nan,2.7750000000000004,10.0,1.5000000000000002,0.0,10.0,0.85,CORE,MAIN,2.248625810736916,0.22255156239464458,0.6,0.174,-57497.92922640113,STRUCTURAL,-0.4453395917506545,-59402.83353005942,27918.0,0,0,0,0,0,0,0,inf,inf,NA,1,5,5,5,25,6,0,0,CONTINUE,0,A,1,1,0,KEEP_STRUCTURAL_IN_ON_CUT,2,3,0,0,"tail_cont_enabled=1 tail_active_dims=(1,) tail_delta=0.1 tail_start=(6, 6, 6) returned_y=(0, 4, 3) returned_b=(0, 0, 0) returned_u=(0, 0, 0) returned_zcap=(0, 4, 3) max_tail_u=0",NA
120,P1_no_rho,49,554.8887084999587,5.583986100042239,9.96013389993459,0.16189410001970828,0.01,117045.97104672271,117045.97104672271,-59402.83353005942,-32935.51284354209,0.0,-27117.618298151905,-69492.01354804888,-69491.99563102963,-57497.92922640113,-27117.618298151905,30380.310928249226,30380.310928249222,-26404.78942482,37646.5,nan,nan,2.7750000000000004,10.0,1.5000000000000002,0.0,10.0,0.85,CORE,MAIN,2.2495662011664717,0.25341548908547973,0.6,0.174,-57497.92922640113,STRUCTURAL,-0.4357938019988215,-59402.83353005942,27918.0,0,0,0,0,0,0,0,inf,inf,NA,1,5,5,5,25,6,0,0,CONTINUE,0,A,1,1,0,KEEP_STRUCTURAL_IN_ON_CUT,2,3,0,0,"tail_cont_enabled=1 tail_active_dims=(1,) tail_delta=0.1 tail_start=(6, 6, 6) returned_y=(2, 0, 5) returned_b=(0, 0, 0) returned_u=(0, 0, 0) returned_zcap=(2, 0, 5) max_tail_u=0",NA
120,P1_no_rho,50,573.9505088999867,5.583986100042239,19.061374399927445,0.1526268000015989,0.01,106625.71370240317,106625.71370240317,-59402.83353005942,-34498.55144519002,0.0,-27117.618298151905,-71774.2057959832,-71774.18796213566,-57497.92922640113,-27117.618298151905,30380.310928249226,30380.310928249222,-30625.31378975054,39736.5,nan,nan,2.7750000000000004,10.0,1.5000000000000002,0.0,10.0,0.85,CORE,MAIN,2.2497077493079924,0.24957112407506066,0.6,0.174,-57497.92922640113,STRUCTURAL,-0.45741775237900834,-59402.83353005942,27918.0,0,0,0,0,0,0,0,inf,inf,NA,1,5,5,5,25,6,0,0,CONTINUE,0,A,1,1,0,KEEP_STRUCTURAL_IN_ON_CUT,2,3,0,0,"tail_cont_enabled=1 tail_active_dims=(1,) tail_delta=0.1 tail_start=(6, 6, 6) returned_y=(2, 0, 5) returned_b=(0, 0, 0) returned_u=(0, 0, 0) returned_zcap=(2, 0, 5) max_tail_u=0",NA
120,P1_no_rho,51,583.4682385000633,5.583986100042239,9.51731790008489,0.16338119993451983,0.01,110579.69476902211,110579.69476902211,-59402.83353005942,-33905.454285197186,0.0,-27117.618298151905,-71019.88738363421,-71019.86982262431,-57497.92922640113,-27117.618298151905,30380.310928249226,30380.310928249222,-30346.68350868512,38406.5,nan,nan,2.7750000000000004,10.0,1.5000000000000002,0.0,10.0,0.85,CORE,MAIN,2.2499339579635693,0.2503792302492247,0.6,0.174,-57497.92922640113,STRUCTURAL,-0.48771072167434465,-59402.83353005942,27918.0,0,0,0,0,0,0,0,inf,inf,NA,1,5,5,5,25,6,0,0,CONTINUE,0,A,1,1,0,KEEP_STRUCTURAL_IN_ON_CUT,2,3,0,0,"tail_cont_enabled=1 tail_active_dims=(1,) tail_delta=0.1 tail_start=(6, 6, 6) returned_y=(4, 3, 1) returned_b=(0, 0, 0) returned_u=(0, 0, 0) returned_zcap=(4, 3, 1) max_tail_u=0",NA
120,P1_no_rho,52,595.0053744000616,5.583986100042239,11.536790800048038,0.16173310007434338,0.01,101552.48056236938,101552.48056236938,-59402.83353005942,-35259.53641619509,0.0,-27117.618298151905,-72313.44592930138,-72313.42849884604,-57497.92922640113,-27117.618298151905,30380.310928249226,30380.310928249222,-32921.0157715672,39618.0,nan,nan,2.7750000000000004,10.0,1.5000000000000002,0.0,10.0,0.85,CORE,MAIN,2.2496391471810417,0.24970972983034567,0.6,0.174,-57497.92922640113,STRUCTURAL,-0.5020662749684921,-59402.83353005942,27918.0,0,0,0,0,0,0,0,inf,inf,NA,1,5,5,5,25,6,0,0,CONTINUE,0,A,1,1,0,KEEP_STRUCTURAL_IN_ON_CUT,2,3,0,0,"tail_cont_enabled=1 tail_active_dims=(1,) tail_delta=0.1 tail_start=(6, 6, 6) returned_y=(4, 3, 1) returned_b=(0, 0, 0) returned_u=(0, 0, 0) returned_zcap=(4, 3, 1) max_tail_u=0",NA
120,P1_no_rho,53,605.0781903000316,5.583986100042239,10.07202399999369,0.1697159999748692,0.01,111305.11892774257,111305.11892774257,-59402.83353005942,-33796.640661389116,0.0,-27117.618298151905,-72146.8231486897,-72146.80557673489,-57497.92922640113,-27117.618298151905,30380.310928249226,30380.310928249222,-33139.737758496005,39689.0,nan,nan,2.7750000000000004,10.0,1.5000000000000002,0.0,10.0,0.85,CORE,MAIN,2.2492124192023826,0.2338593611543086,0.6,0.174,-57497.92922640113,STRUCTURAL,-0.501911800455908,-59402.83353005942,27918.0,0,0,0,0,0,0,0,inf,inf,NA,1,5,5,5,25,6,0,0,CONTINUE,0,A,1,1,0,KEEP_STRUCTURAL_IN_ON_CUT,2,3,0,0,"tail_cont_enabled=1 tail_active_dims=(1,) tail_delta=0.1 tail_start=(6, 6, 6) returned_y=(4, 3, 1) returned_b=(0, 0, 0) returned_u=(0, 0, 0) returned_zcap=(4, 3, 1) max_tail_u=0",NA
120,P1_no_rho,54,615.8658841999713,5.583986100042239,10.787328699952923,0.1739984001033008,0.01,105361.63824297769,105361.63824297769,-59402.83353005942,-34688.16276410385,0.0,-27117.618298151905,-71437.84432045244,-71437.82660856954,-57497.92922640113,-27117.618298151905,30380.310928249226,30380.310928249222,-30208.043867291482,38567.0,nan,nan,2.7750000000000004,10.0,1.5000000000000002,0.0,10.0,0.85,CORE,MAIN,2.2488885757313164,0.22203946089621107,0.6,0.174,-57497.92922640113,STRUCTURAL,-0.480315437211184,-59402.83353005942,27918.0,0,0,0,0,0,0,0,inf,inf,NA,1,5,5,5,25,6,0,0,CONTINUE,0,A,1,1,0,KEEP_STRUCTURAL_IN_ON_CUT,2,3,0,0,"tail_cont_enabled=1 tail_active_dims=(1,) tail_delta=0.1 tail_start=(6, 6, 6) returned_y=(4, 3, 1) returned_b=(0, 0, 0) returned_u=(0, 0, 0) returned_zcap=(4, 3, 1) max_tail_u=0",NA
120,P1_no_rho,55,638.5705658000661,5.583986100042239,22.704043899895623,0.16285480000078678,0.01,111257.82606592242,111257.82606592242,-59402.83353005942,-33803.734590662134,0.0,-27117.618298151905,-70519.5595918504,-70519.54187928305,-57497.92922640113,-27117.618298151905,30380.310928249226,30380.310928249222,-29833.885174408853,39356.5,nan,nan,2.7750000000000004,10.0,1.5000000000000002,0.0,10.0,0.85,CORE,MAIN,2.250260440016791,0.23606407346274993,0.6,0.174,-57497.92922640113,STRUCTURAL,-0.46059706071153694,-59402.83353005942,27918.0,0,0,0,0,0,0,0,inf,inf,NA,1,5,5,5,25,6,0,0,CONTINUE,0,A,1,1,0,KEEP_STRUCTURAL_IN_ON_CUT,2,3,0,0,"tail_cont_enabled=1 tail_active_dims=(1,) tail_delta=0.1 tail_start=(6, 6, 6) returned_y=(2, 0, 5) returned_b=(0, 0, 0) returned_u=(0, 0, 0) returned_zcap=(2, 0, 5) max_tail_u=0",NA
120,P1_no_rho,56,648.4712337000528,5.583986100042239,9.900357800070196,0.20768540003336966,0.01,119105.43558600145,119105.43558600145,-59402.83353005942,-32626.593162650282,0.0,-27117.618298151905,-69947.35164284224,-69947.33357763322,-57497.92922640113,-27117.618298151905,30380.310928249226,30380.310928249222,-26743.716358151192,37773.0,nan,nan,2.7750000000000004,10.0,1.5000000000000002,0.0,10.0,0.85,CORE,MAIN,2.250970084958329,0.2641941755870869,0.6,0.174,-57497.92922640113,STRUCTURAL,-0.43765181741668546,-59402.83353005942,27918.0,0,0,0,0,0,0,0,inf,inf,NA,1,5,5,5,25,6,0,0,CONTINUE,0,A,1,1,0,KEEP_STRUCTURAL_IN_ON_CUT,2,3,0,0,"tail_cont_enabled=1 tail_active_dims=(1,) tail_delta=0.1 tail_start=(6, 6, 6) returned_y=(2, 0, 5) returned_b=(0, 0, 0) returned_u=(0, 0, 0) returned_zcap=(2, 0, 5) max_tail_u=0",NA
120,P1_no_rho,57,654.7700309000211,5.583986100042239,6.297538900049403,0.17584909999277443,0.01,103788.90263228855,103788.90263228855,-59402.83353005942,-34924.07310570722,0.0,-27117.618298151905,-71554.67626677097,-71554.65850536006,-57497.92922640113,-27117.618298151905,30380.310928249226,30380.310928249222,-30368.294397853224,39748.0,nan,nan,2.7750000000000004,10.0,1.5000000000000002,0.0,10.0,0.85,CORE,MAIN,2.251106076347459,0.25049912777785743,0.6,0.174,-57497.92922640113,STRUCTURAL,-0.4571532349522278,-59402.83353005942,27918.0,0,0,0,0,0,0,0,inf,inf,NA,1,5,5,5,25,6,0,0,CONTINUE,0,A,1,1,0,KEEP_STRUCTURAL_IN_ON_CUT,2,3,0,0,"tail_cont_enabled=1 tail_active_dims=(1,) tail_delta=0.1 tail_start=(6, 6, 6) returned_y=(2, 0, 5) returned_b=(0, 0, 0) returned_u=(0, 0, 0) returned_zcap=(2, 0, 5) max_tail_u=0",NA
120,P1_no_rho,58,663.9409781000577,5.583986100042239,9.17041220003739,0.19094579992815852,0.01,111251.39408307902,111251.39408307902,-59402.83353005942,-33804.699388088644,0.0,-27117.618298151905,-71435.7027875543,-71435.68508330957,-57497.92922640113,-27117.618298151905,30380.310928249226,30380.310928249222,-30313.457811440283,38579.5,nan,nan,2.7750000000000004,10.0,1.5000000000000002,0.0,10.0,0.85,CORE,MAIN,2.25118626225646,0.23155930568211636,0.6,0.174,-57497.92922640113,STRUCTURAL,-0.49098641022808676,-59402.83353005942,27918.0,0,0,0,0,0,0,0,inf,inf,NA,1,5,5,5,25,6,0,0,CONTINUE,0,A,1,1,0,KEEP_STRUCTURAL_IN_ON_CUT,2,3,0,0,"tail_cont_enabled=1 tail_active_dims=(1,) tail_delta=0.1 tail_start=(6, 6, 6) returned_y=(4, 3, 1) returned_b=(0, 0, 0) returned_u=(0, 0, 0) returned_zcap=(4, 3, 1) max_tail_u=0",NA
120,P1_no_rho,59,675.6443461000454,5.583986100042239,11.702984499977902,0.18986639997456223,0.01,101772.76376692549,101772.76376692549,-59402.83353005942,-35226.49393551168,0.0,-27117.618298151905,-72154.34225646811,-72154.3248483159,-57497.92922640113,-27117.618298151905,30380.310928249226,30380.310928249222,-32484.16024771067,39447.5,nan,nan,2.7750000000000004,10.0,1.5000000000000002,0.0,10.0,0.85,CORE,MAIN,2.2509523435658747,0.2443975155732132,0.6,0.174,-57497.92922640113,STRUCTURAL,-0.5053282295616162,-59402.83353005942,27918.0,0,0,0,0,0,0,0,inf,inf,NA,1,5,5,5,25,6,0,0,CONTINUE,0,A,1,1,0,KEEP_STRUCTURAL_IN_ON_CUT,2,3,0,0,"tail_cont_enabled=1 tail_active_dims=(1,) tail_delta=0.1 tail_start=(6, 6, 6) returned_y=(4, 3, 1) returned_b=(0, 0, 0) returned_u=(0, 0, 0) returned_zcap=(4, 3, 1) max_tail_u=0",NA
120,P1_no_rho,60,698.9767975000432,5.583986100042239,23.33184150001034,0.17179620009846985,0.01,100501.20765618059,100501.20765618059,-59402.83353005942,-35417.22735212342,0.0,-27117.618298151905,-72012.90404557927,-72012.88652542108,-57497.92922640113,-27117.618298151905,30380.310928249226,30380.310928249222,-33478.00249828366,39736.0,nan,nan,2.7750000000000004,10.0,1.5000000000000002,0.0,10.0,0.85,CORE,MAIN,2.2506097848174695,0.2347122587270929,0.6,0.174,-57497.92922640113,STRUCTURAL,-0.5043622393172867,-59402.83353005942,27918.0,0,0,0,0,0,0,0,inf,inf,NA,1,5,5,5,25,6,0,0,CONTINUE,0,A,1,1,0,KEEP_STRUCTURAL_IN_ON_CUT,2,3,0,0,"tail_cont_enabled=1 tail_active_dims=(1,) tail_delta=0.1 tail_start=(6, 6, 6) returned_y=(4, 3, 1) returned_b=(0, 0, 0) returned_u=(0, 0, 0) returned_zcap=(4, 3, 1) max_tail_u=0",NA
120,P1_no_rho,61,709.4062817000085,5.583986100042239,10.429168800008483,0.15677370002958924,0.01,107900.03538964158,107900.03538964158,-59402.83353005942,-34307.40319210426,0.0,-27117.618298151905,-71890.01544173619,-71889.99770726298,-57497.92922640113,-27117.618298151905,30380.310928249226,30380.310928249222,-31535.11957951038,39298.0,nan,nan,2.7750000000000004,10.0,1.5000000000000002,0.0,10.0,0.85,CORE,MAIN,2.2501957854018984,0.25018195974527924,0.6,0.174,-57497.92922640113,STRUCTURAL,-0.49383373130151864,-59402.83353005942,27918.0,0,0,0,0,0,0,0,inf,inf,NA,1,5,5,5,25,6,0,0,CONTINUE,0,A,1,1,0,KEEP_STRUCTURAL_IN_ON_CUT,2,3,0,0,"tail_cont_enabled=1 tail_active_dims=(1,) tail_delta=0.1 tail_start=(6, 6, 6) returned_y=(4, 3, 1) returned_b=(0, 0, 0) returned_u=(0, 0, 0) returned_zcap=(4, 3, 1) max_tail_u=0",NA
120,P1_no_rho,62,721.2391764000058,5.583986100042239,11.832333000027575,0.16478079999797046,0.01,116335.09985274407,116335.09985274407,-59402.83353005942,-33042.143522638886,0.0,-27117.618298151905,-70453.27077748423,-70453.25294715815,-57497.92922640113,-27117.618298151905,30380.310928249226,30380.310928249222,-29493.570080387075,39585.0,nan,nan,2.7750000000000004,10.0,1.5000000000000002,0.0,10.0,0.85,CORE,MAIN,2.250951002021186,0.24599501724976403,0.6,0.174,-57497.92922640113,STRUCTURAL,-0.452692237635224,-59402.83353005942,27918.0,0,0,0,0,0,0,0,inf,inf,NA,1,5,5,5,25,6,0,0,CONTINUE,0,A,1,1,0,KEEP_STRUCTURAL_IN_ON_CUT,2,3,0,0,"tail_cont_enabled=1 tail_active_dims=(1,) tail_delta=0.1 tail_start=(6, 6, 6) returned_y=(0, 4, 3) returned_b=(0, 0, 0) returned_u=(0, 0, 0) returned_zcap=(0, 4, 3) max_tail_u=0",NA
120,P1_no_rho,63,731.4550491999835,5.583986100042239,10.215489099966362,0.1731357000535354,0.01,120021.14108652987,120021.14108652987,-59402.83353005942,-32489.23733757102,0.0,-27117.618298151905,-69940.21684709321,-69940.19878068713,-57497.92922640113,-27117.618298151905,30380.310928249226,30380.310928249222,-26806.88054147177,37853.0,nan,nan,2.7750000000000004,10.0,1.5000000000000002,0.0,10.0,0.85,CORE,MAIN,2.2513340745990877,0.23725281561772937,0.6,0.174,-57497.92922640113,STRUCTURAL,-0.43753397128544375,-59402.83353005942,27918.0,0,0,0,0,0,0,0,inf,inf,NA,1,5,5,5,25,6,0,0,CONTINUE,0,A,1,1,0,KEEP_STRUCTURAL_IN_ON_CUT,2,3,0,0,"tail_cont_enabled=1 tail_active_dims=(1,) tail_delta=0.1 tail_start=(6, 6, 6) returned_y=(2, 0, 5) returned_b=(0, 0, 0) returned_u=(0, 0, 0) returned_zcap=(2, 0, 5) max_tail_u=0",NA
120,P1_no_rho,64,738.184392199968,5.583986100042239,6.728761999984272,0.16673339996486902,0.01,107083.09013641224,107083.09013641224,-59402.83353005942,-34429.944980088665,0.0,-27117.618298151905,-71757.74132557746,-71757.72343313697,-57497.92922640113,-27117.618298151905,30380.310928249226,30380.310928249222,-30395.919989895574,39876.5,nan,nan,2.7750000000000004,10.0,1.5000000000000002,0.0,10.0,0.85,CORE,MAIN,2.25122984468184,0.25927173406925563,0.6,0.174,-57497.92922640113,STRUCTURAL,-0.45918771545434733,-59402.83353005942,27918.0,0,0,0,0,0,0,0,inf,inf,NA,1,5,5,5,25,6,0,0,CONTINUE,0,A,1,1,0,KEEP_STRUCTURAL_IN_ON_CUT,2,3,0,0,"tail_cont_enabled=1 tail_active_dims=(1,) tail_delta=0.1 tail_start=(6, 6, 6) returned_y=(2, 0, 5) returned_b=(0, 0, 0) returned_u=(0, 0, 0) returned_zcap=(2, 0, 5) max_tail_u=0",NA
120,P1_no_rho,65,759.9301459999988,5.583986100042239,21.745221699937247,0.1665054999757558,0.01,111240.37077897335,111240.37077897335,-59402.83353005942,-33806.3528837045,0.0,-27117.618298151905,-71477.13355391331,-71477.11574470732,-57497.92922640113,-27117.618298151905,30380.310928249226,30380.310928249222,-30823.260965195972,38511.5,nan,nan,2.7750000000000004,10.0,1.5000000000000002,0.0,10.0,0.85,CORE,MAIN,2.2511526220505993,0.23000675566826478,0.6,0.174,-57497.92922640113,STRUCTURAL,-0.49445518588404774,-59402.83353005942,27918.0,0,0,0,0,0,0,0,inf,inf,NA,1,5,5,5,25,6,0,0,CONTINUE,0,A,1,1,0,KEEP_STRUCTURAL_IN_ON_CUT,2,3,0,0,"tail_cont_enabled=1 tail_active_dims=(1,) tail_delta=0.1 tail_start=(6, 6, 6) returned_y=(4, 3, 1) returned_b=(0, 0, 0) returned_u=(0, 0, 0) returned_zcap=(4, 3, 1) max_tail_u=0",NA
120,P1_no_rho,66,771.0876365000149,5.583986100042239,11.15680280001834,0.16748519998509437,0.01,101124.6255528798,101124.6255528798,-59402.83353005942,-35323.71466761853,0.0,-27117.618298151905,-72604.09263069651,-72604.07509577143,-57497.92922640113,-27117.618298151905,30380.310928249226,30380.310928249222,-32284.90581085237,39497.0,nan,nan,2.7750000000000004,10.0,1.5000000000000002,0.0,10.0,0.85,CORE,MAIN,2.2506458218077094,0.24889634716590714,0.6,0.174,-57497.92922640113,STRUCTURAL,-0.5062105516870352,-59402.83353005942,27918.0,0,0,0,0,0,0,0,inf,inf,NA,1,5,5,5,25,6,0,0,CONTINUE,0,A,1,1,0,KEEP_STRUCTURAL_IN_ON_CUT,2,3,0,0,"tail_cont_enabled=1 tail_active_dims=(1,) tail_delta=0.1 tail_start=(6, 6, 6) returned_y=(4, 3, 1) returned_b=(0, 0, 0) returned_u=(0, 0, 0) returned_zcap=(4, 3, 1) max_tail_u=0",NA
120,P1_no_rho,67,781.0434103000443,5.583986100042239,9.955235100002028,0.1916785000357777,0.01,101934.19364604013,101934.19364604013,-59402.83353005942,-35202.279453644485,0.0,-27117.618298151905,-72064.5776069051,-72064.56015506023,-57497.92922640113,-27117.618298151905,30380.310928249226,30380.310928249222,-33376.20929203746,39766.5,nan,nan,2.7750000000000004,10.0,1.5000000000000002,0.0,10.0,0.85,CORE,MAIN,2.250226942944426,0.25878473223382137,0.6,0.174,-57497.92922640113,STRUCTURAL,-0.5077828677913162,-59402.83353005942,27918.0,0,0,0,0,0,0,0,inf,inf,NA,1,5,5,5,25,6,0,0,CONTINUE,0,A,1,1,0,KEEP_STRUCTURAL_IN_ON_CUT,2,3,0,0,"tail_cont_enabled=1 tail_active_dims=(1,) tail_delta=0.1 tail_start=(6, 6, 6) returned_y=(4, 3, 1) returned_b=(0, 0, 0) returned_u=(0, 0, 0) returned_zcap=(4, 3, 1) max_tail_u=0",NA
120,P1_no_rho,68,791.4231035000412,5.583986100042239,10.378980200039223,0.1702955000801012,0.01,105558.16233362618,105558.16233362618,-59402.83353005942,-34658.684150506575,0.0,-27117.618298151905,-72212.76514625186,-72212.74731720684,-57497.92922640113,-27117.618298151905,30380.310928249226,30380.310928249222,-31650.332604579125,39380.5,nan,nan,2.7750000000000004,10.0,1.5000000000000002,0.0,10.0,0.85,CORE,MAIN,2.2496685115572768,0.23974051877718394,0.6,0.174,-57497.92922640113,STRUCTURAL,-0.4949014151923399,-59402.83353005942,27918.0,0,0,0,0,0,0,0,inf,inf,NA,1,5,5,5,25,6,0,0,CONTINUE,0,A,1,1,0,KEEP_STRUCTURAL_IN_ON_CUT,2,3,0,0,"tail_cont_enabled=1 tail_active_dims=(1,) tail_delta=0.1 tail_start=(6, 6, 6) returned_y=(4, 3, 1) returned_b=(0, 0, 0) returned_u=(0, 0, 0) returned_zcap=(4, 3, 1) max_tail_u=0",NA
120,P1_no_rho,69,800.8316443000222,5.583986100042239,9.407933300011791,0.1615110000129789,0.01,117694.00655952469,117694.00655952469,-59402.83353005942,-32838.3075166218,0.0,-27117.618298151905,-70550.12050892231,-70550.10257653185,-57497.92922640113,-27117.618298151905,30380.310928249226,30380.310928249222,-29304.596054057387,37621.0,nan,nan,2.7750000000000004,10.0,1.5000000000000002,0.0,10.0,0.85,CORE,MAIN,2.250497756302792,0.2535177878567265,0.6,0.174,-57497.92922640113,STRUCTURAL,-0.48476958244148055,-59402.83353005942,27918.0,0,0,0,0,0,0,0,inf,inf,NA,1,5,5,5,25,6,0,0,CONTINUE,0,A,1,1,0,KEEP_STRUCTURAL_IN_ON_CUT,2,3,0,0,"tail_cont_enabled=1 tail_active_dims=(1,) tail_delta=0.1 tail_start=(6, 6, 6) returned_y=(4, 3, 1) returned_b=(0, 0, 0) returned_u=(0, 0, 0) returned_zcap=(4, 3, 1) max_tail_u=0",NA
120,P1_no_rho,70,825.1192989000119,5.583986100042239,24.287129299947992,0.168106299941428,0.01,121039.64668572595,121039.64668572595,-59402.83353005942,-32336.46149769161,0.0,-27117.618298151905,-70037.10428498105,-70037.08617541516,-57497.92922640113,-27117.618298151905,30380.310928249226,30380.310928249222,-26751.55773644081,37855.0,nan,nan,2.7750000000000004,10.0,1.5000000000000002,0.0,10.0,0.85,CORE,MAIN,2.2509628515662126,0.2513642630352414,0.6,0.174,-57497.92922640113,STRUCTURAL,-0.4378203532663901,-59402.83353005942,27918.0,0,0,0,0,0,0,0,inf,inf,NA,1,5,5,5,25,6,0,0,CONTINUE,0,A,1,1,0,KEEP_STRUCTURAL_IN_ON_CUT,2,3,0,0,"tail_cont_enabled=1 tail_active_dims=(1,) tail_delta=0.1 tail_start=(6, 6, 6) returned_y=(2, 0, 5) returned_b=(0, 0, 0) returned_u=(0, 0, 0) returned_zcap=(2, 0, 5) max_tail_u=0",NA
120,P1_no_rho,71,835.4450407000259,5.583986100042239,10.325270500034094,0.17142229992896318,0.01,104826.60732560488,104826.60732560488,-59402.83353005942,-34768.41740170977,0.0,-27117.618298151905,-71547.79478926341,-71547.77697482804,-57497.92922640113,-27117.618298151905,30380.310928249226,30380.310928249222,-30242.73140642107,39807.0,nan,nan,2.7750000000000004,10.0,1.5000000000000002,0.0,10.0,0.85,CORE,MAIN,2.2510443060378273,0.2508615225915014,0.6,0.174,-57497.92922640113,STRUCTURAL,-0.46191100685549846,-59402.83353005942,27918.0,0,0,0,0,0,0,0,inf,inf,NA,1,5,5,5,25,6,0,0,CONTINUE,0,A,1,1,0,KEEP_STRUCTURAL_IN_ON_CUT,2,3,0,0,"tail_cont_enabled=1 tail_active_dims=(1,) tail_delta=0.1 tail_start=(6, 6, 6) returned_y=(2, 0, 5) returned_b=(0, 0, 0) returned_u=(0, 0, 0) returned_zcap=(2, 0, 5) max_tail_u=0",NA
120,P1_no_rho,72,842.2357155999634,5.583986100042239,6.790157299954444,0.19148959999438375,0.01,110498.10578644279,110498.10578644279,-59402.83353005942,-33917.69263258408,0.0,-27117.618298151905,-71572.31311855436,-71572.29557061652,-57497.92922640113,-27117.618298151905,30380.310928249226,30380.310928249222,-32606.236666338817,40329.0,nan,nan,2.7750000000000004,10.0,1.5000000000000002,0.0,10.0,0.85,CORE,MAIN,2.2510926619923746,0.23220945779601188,0.6,0.174,-57497.92922640113,STRUCTURAL,-0.4787387422696444,-59402.83353005942,27918.0,0,0,0,0,0,0,0,inf,inf,NA,1,5,5,5,25,6,0,0,CONTINUE,0,A,1,1,0,KEEP_STRUCTURAL_IN_ON_CUT,2,3,0,0,"tail_cont_enabled=1 tail_active_dims=(1,) tail_delta=0.1 tail_start=(6, 6, 6) returned_y=(2, 0, 5) returned_b=(0, 0, 0) returned_u=(0, 0, 0) returned_zcap=(2, 0, 5) max_tail_u=0",NA
120,P1_no_rho,73,853.8586168000475,5.583986100042239,11.622273900080472,0.18356260005384684,0.01,104146.24887697842,104146.24887697842,-59402.83353005942,-34870.47116900374,0.0,-27117.618298151905,-72574.71334510407,-72574.69580835229,-57497.92922640113,-27117.618298151905,30380.310928249226,30380.310928249222,-31237.566962608933,39177.0,nan,nan,2.7750000000000004,10.0,1.5000000000000002,0.0,10.0,0.85,CORE,MAIN,2.2506971105103943,0.249150177825459,0.6,0.174,-57497.92922640113,STRUCTURAL,-0.5008921658977964,-59402.83353005942,27918.0,0,0,0,0,0,0,0,inf,inf,NA,1,5,5,5,25,6,0,0,CONTINUE,0,A,1,1,0,KEEP_STRUCTURAL_IN_ON_CUT,2,3,0,0,"tail_cont_enabled=1 tail_active_dims=(1,) tail_delta=0.1 tail_start=(6, 6, 6) returned_y=(4, 3, 1) returned_b=(0, 0, 0) returned_u=(0, 0, 0) returned_zcap=(4, 3, 1) max_tail_u=0",NA
120,P1_no_rho,74,863.9422748000361,5.583986100042239,10.083069600048475,0.17602800007443875,0.01,104128.06314815536,104128.06314815536,-59402.83353005942,-34873.1990283272,0.0,-27117.618298151905,-72379.21770379838,-72379.20007148688,-57497.92922640113,-27117.618298151905,30380.310928249226,30380.310928249222,-32626.331958301304,39656.0,nan,nan,2.7750000000000004,10.0,1.5000000000000002,0.0,10.0,0.85,CORE,MAIN,2.250259587674792,0.23117004681467979,0.6,0.174,-57497.92922640113,STRUCTURAL,-0.5051943709935142,-59402.83353005942,27918.0,0,0,0,0,0,0,0,inf,inf,NA,1,5,5,5,25,6,0,0,CONTINUE,0,A,1,1,0,KEEP_STRUCTURAL_IN_ON_CUT,2,3,0,0,"tail_cont_enabled=1 tail_active_dims=(1,) tail_delta=0.1 tail_start=(6, 6, 6) returned_y=(4, 3, 1) returned_b=(0, 0, 0) returned_u=(0, 0, 0) returned_zcap=(4, 3, 1) max_tail_u=0",NA
120,P1_no_rho,75,886.9150823999662,5.583986100042239,22.972292999969795,0.15303749998565763,0.01,108354.16653848701,108354.16653848701,-59402.83353005942,-34239.28351977745,0.0,-27117.618298151905,-72394.94809902263,-72394.93037895314,-57497.92922640113,-27117.618298151905,30380.310928249226,30380.310928249222,-32118.493188270757,39654.5,nan,nan,2.7750000000000004,10.0,1.5000000000000002,0.0,10.0,0.85,CORE,MAIN,2.2496674326133554,0.23313136771139448,0.6,0.174,-57497.92922640113,STRUCTURAL,-0.49874596909134056,-59402.83353005942,27918.0,0,0,0,0,0,0,0,inf,inf,NA,1,5,5,5,25,6,0,0,CONTINUE,0,A,1,1,0,KEEP_STRUCTURAL_IN_ON_CUT,2,3,0,0,"tail_cont_enabled=1 tail_active_dims=(1,) tail_delta=0.1 tail_start=(6, 6, 6) returned_y=(4, 3, 1) returned_b=(0, 0, 0) returned_u=(0, 0, 0) returned_zcap=(4, 3, 1) max_tail_u=0",NA
120,P1_no_rho,76,897.1974047999829,5.583986100042239,10.281858899979852,0.18033080000896007,0.01,121380.98497712937,121380.98497712937,-59402.83353005942,-32285.260753981096,0.0,-27117.618298151905,-70551.99148711828,-70551.97362010097,-57497.92922640113,-27117.618298151905,30380.310928249226,30380.310928249222,-29328.54937662852,37557.0,nan,nan,2.7750000000000004,10.0,1.5000000000000002,0.0,10.0,0.85,CORE,MAIN,2.2504033454586434,0.2204697577439756,0.6,0.174,-57497.92922640113,STRUCTURAL,-0.48412030897617436,-59402.83353005942,27918.0,0,0,0,0,0,0,0,inf,inf,NA,1,5,5,5,25,6,0,0,CONTINUE,0,A,1,1,0,KEEP_STRUCTURAL_IN_ON_CUT,2,3,0,0,"tail_cont_enabled=1 tail_active_dims=(1,) tail_delta=0.1 tail_start=(6, 6, 6) returned_y=(4, 3, 1) returned_b=(0, 0, 0) returned_u=(0, 0, 0) returned_zcap=(4, 3, 1) max_tail_u=0",NA
120,P1_no_rho,77,907.7130202000262,5.583986100042239,10.514959200052544,0.1546546999597922,0.01,120609.97236867099,120609.97236867099,-59402.83353005942,-32400.912645249853,0.0,-27117.618298151905,-69413.86150954301,-69413.84364225532,-57497.92922640113,-27117.618298151905,30380.310928249226,30380.310928249222,-26808.15466168207,37866.5,nan,nan,2.7750000000000004,10.0,1.5000000000000002,0.0,10.0,0.85,CORE,MAIN,2.2502404614094482,0.24212190971080427,0.6,0.174,-57497.92922640113,STRUCTURAL,-0.4294266433329758,-59402.83353005942,27918.0,0,0,0,0,0,0,0,inf,inf,NA,1,5,5,5,25,6,0,0,CONTINUE,0,A,1,1,0,KEEP_STRUCTURAL_IN_ON_CUT,2,3,0,0,"tail_cont_enabled=1 tail_active_dims=(1,) tail_delta=0.1 tail_start=(6, 6, 6) returned_y=(2, 0, 5) returned_b=(0, 0, 0) returned_u=(0, 0, 0) returned_zcap=(2, 0, 5) max_tail_u=0",NA
120,P1_no_rho,78,916.8322275000392,5.583986100042239,9.118606099975295,0.16343940002843738,0.01,106614.90990663657,106614.90990663657,-59402.83353005942,-34500.17201455501,0.0,-27117.618298151905,-71766.02542133219,-71766.00751357616,-57497.92922640113,-27117.618298151905,30380.310928249226,30380.310928249222,-29977.802331848692,39714.0,nan,nan,2.7750000000000004,10.0,1.5000000000000002,0.0,10.0,0.85,CORE,MAIN,2.249762751566708,0.23277513831231955,0.6,0.174,-57497.92922640113,STRUCTURAL,-0.45678639317939246,-59402.83353005942,27918.0,0,0,0,0,0,0,0,inf,inf,NA,1,5,5,5,25,6,0,0,CONTINUE,0,A,1,1,0,KEEP_STRUCTURAL_IN_ON_CUT,2,3,0,0,"tail_cont_enabled=1 tail_active_dims=(1,) tail_delta=0.1 tail_start=(6, 6, 6) returned_y=(2, 0, 5) returned_b=(0, 0, 0) returned_u=(0, 0, 0) returned_zcap=(2, 0, 5) max_tail_u=0",NA
120,P1_no_rho,79,926.6471166000701,5.583986100042239,9.814297399949282,0.15957260003779083,0.01,103361.68820480065,103361.68820480065,-59402.83353005942,-34988.1552698304,0.0,-27117.618298151905,-70934.74743988801,-70934.72993984858,-57497.92922640113,-27117.618298151905,30380.310928249226,30380.310928249222,-31909.47072459145,39984.5,nan,nan,2.7750000000000004,10.0,1.5000000000000002,0.0,10.0,0.85,CORE,MAIN,2.249702444054242,0.24822859013680287,0.6,0.174,-57497.92922640113,STRUCTURAL,-0.469955998975191,-59402.83353005942,27918.0,0,0,0,0,0,0,0,inf,inf,NA,1,5,5,5,25,6,0,0,CONTINUE,0,A,1,1,0,KEEP_STRUCTURAL_IN_ON_CUT,2,3,0,0,"tail_cont_enabled=1 tail_active_dims=(1,) tail_delta=0.1 tail_start=(6, 6, 6) returned_y=(2, 0, 5) returned_b=(0, 0, 0) returned_u=(0, 0, 0) returned_zcap=(2, 0, 5) max_tail_u=0",NA
120,P1_no_rho,80,950.9237244999968,5.583986100042239,24.276079199975356,0.1564425000688061,0.01,105219.45920911257,105219.45920911257,-59402.83353005942,-34709.489619183616,0.0,-27117.618298151905,-71734.83751514983,-71734.8199764978,-57497.92922640113,-27117.618298151905,30380.310928249226,30380.310928249222,-31011.213663599512,38754.0,nan,nan,2.7750000000000004,10.0,1.5000000000000002,0.0,10.0,0.85,CORE,MAIN,2.2495152893992194,0.24947845372289046,0.6,0.174,-57497.92922640113,STRUCTURAL,-0.49274385219311395,-59402.83353005942,27918.0,0,0,0,0,0,0,0,inf,inf,NA,1,5,5,5,25,6,0,0,CONTINUE,0,A,1,1,0,KEEP_STRUCTURAL_IN_ON_CUT,2,3,0,0,"tail_cont_enabled=1 tail_active_dims=(1,) tail_delta=0.1 tail_start=(6, 6, 6) returned_y=(4, 3, 1) returned_b=(0, 0, 0) returned_u=(0, 0, 0) returned_zcap=(4, 3, 1) max_tail_u=0",NA
120,P1_no_rho,81,961.1817744000582,5.583986100042239,10.257640200085007,0.17501919995993376,0.01,103877.71572675397,103877.71572675397,-59402.83353005942,-34910.7511415374,0.0,-27117.618298151905,-72075.62091966665,-72075.60345558112,-57497.92922640113,-27117.618298151905,30380.310928249226,30380.310928249222,-33375.361446077106,39681.5,nan,nan,2.7750000000000004,10.0,1.5000000000000002,0.0,10.0,0.85,CORE,MAIN,2.2491911074523467,0.24227938838866173,0.6,0.174,-57497.92922640113,STRUCTURAL,-0.5052805887914893,-59402.83353005942,27918.0,0,0,0,0,0,0,0,inf,inf,NA,1,5,5,5,25,6,0,0,CONTINUE,0,A,1,1,0,KEEP_STRUCTURAL_IN_ON_CUT,2,3,0,0,"tail_cont_enabled=1 tail_active_dims=(1,) tail_delta=0.1 tail_start=(6, 6, 6) returned_y=(4, 3, 1) returned_b=(0, 0, 0) returned_u=(0, 0, 0) returned_zcap=(4, 3, 1) max_tail_u=0",NA
120,P1_no_rho,82,970.4881062000059,5.583986100042239,9.305875699967146,0.15320260007865727,0.01,101219.29166963248,101219.29166963248,-59402.83353005942,-35309.51475010563,0.0,-27117.618298151905,-71727.10482250767,-71727.08724731236,-57497.92922640113,-27117.618298151905,30380.310928249226,30380.310928249222,-32219.33984462276,39513.5,nan,nan,2.7750000000000004,10.0,1.5000000000000002,0.0,10.0,0.85,CORE,MAIN,2.2488128691858558,0.23832142314843074,0.6,0.174,-57497.92922640113,STRUCTURAL,-0.4995659841776494,-59402.83353005942,27918.0,0,0,0,0,0,0,0,inf,inf,NA,1,5,5,5,25,6,0,0,CONTINUE,0,A,1,1,0,KEEP_STRUCTURAL_IN_ON_CUT,2,3,0,0,"tail_cont_enabled=1 tail_active_dims=(1,) tail_delta=0.1 tail_start=(6, 6, 6) returned_y=(4, 3, 1) returned_b=(0, 0, 0) returned_u=(0, 0, 0) returned_zcap=(4, 3, 1) max_tail_u=0",NA
120,P1_no_rho,83,981.2023545000702,5.583986100042239,10.713831199915148,0.1790358000434935,0.01,117124.68071603443,117124.68071603443,-59402.83353005942,-32923.70639314534,0.0,-27117.618298151905,-71047.94711818022,-71047.92913296219,-57497.92922640113,-27117.618298151905,30380.310928249226,30380.310928249222,-30271.65511931064,38016.5,nan,nan,2.7750000000000004,10.0,1.5000000000000002,0.0,10.0,0.85,CORE,MAIN,2.250575559356546,0.23562812844410796,0.6,0.174,-57497.92922640113,STRUCTURAL,-0.4906872393497895,-59402.83353005942,27918.0,0,0,0,0,0,0,0,inf,inf,NA,1,5,5,5,25,6,0,0,CONTINUE,0,A,1,1,0,KEEP_STRUCTURAL_IN_ON_CUT,2,3,0,0,"tail_cont_enabled=1 tail_active_dims=(1,) tail_delta=0.1 tail_start=(6, 6, 6) returned_y=(4, 3, 1) returned_b=(0, 0, 0) returned_u=(0, 0, 0) returned_zcap=(4, 3, 1) max_tail_u=0",NA
120,P1_no_rho,84,992.5423230000306,5.583986100042239,11.339399600052275,0.17178380000405014,0.01,122042.18500602435,122042.18500602435,-59402.83353005942,-32186.080749646848,0.0,-27117.618298151905,-69480.206148123,-69480.18798856795,-57497.92922640113,-27117.618298151905,30380.310928249226,30380.310928249222,-26216.863306892163,37910.5,nan,nan,2.7750000000000004,10.0,1.5000000000000002,0.0,10.0,0.85,CORE,MAIN,2.250647697346526,0.2548221429074624,0.6,0.174,-57497.92922640113,STRUCTURAL,-0.4218273906900492,-59402.83353005942,27918.0,0,0,0,0,0,0,0,inf,inf,NA,1,5,5,5,25,6,0,0,CONTINUE,0,A,1,1,0,KEEP_STRUCTURAL_IN_ON_CUT,2,3,0,0,"tail_cont_enabled=1 tail_active_dims=(1,) tail_delta=0.1 tail_start=(6, 6, 6) returned_y=(0, 4, 3) returned_b=(0, 0, 0) returned_u=(0, 0, 0) returned_zcap=(0, 4, 3) max_tail_u=0",NA
120,P1_no_rho,85,1015.1334404000081,5.583986100042239,22.590315700042993,0.162977600004524,0.01,106647.040861232,106647.040861232,-59402.83353005942,-34495.352371365705,0.0,-27117.618298151905,-71606.41169099796,-71606.39391334432,-57497.92922640113,-27117.618298151905,30380.310928249226,30380.310928249222,-30663.386854388027,40237.5,nan,nan,2.7750000000000004,10.0,1.5000000000000002,0.0,10.0,0.85,CORE,MAIN,2.2503063279722966,0.2724989692098496,0.6,0.174,-57497.92922640113,STRUCTURAL,-0.45396290988313626,-59402.83353005942,27918.0,0,0,0,0,0,0,0,inf,inf,NA,1,5,5,5,25,6,0,0,CONTINUE,0,A,1,1,0,KEEP_STRUCTURAL_IN_ON_CUT,2,3,0,0,"tail_cont_enabled=1 tail_active_dims=(1,) tail_delta=0.1 tail_start=(6, 6, 6) returned_y=(0, 4, 3) returned_b=(0, 0, 0) returned_u=(0, 0, 0) returned_zcap=(0, 4, 3) max_tail_u=0",NA
120,P1_no_rho,86,1021.589990700013,5.583986100042239,6.456030900008045,0.15584520006086677,0.01,108455.93099055649,108455.93099055649,-59402.83353005942,-34224.01885196703,0.0,-27117.618298151905,-71196.377880238,-71196.36029912133,-57497.92922640113,-27117.618298151905,30380.310928249226,30380.310928249222,-32072.939816011225,41020.5,nan,nan,2.7750000000000004,10.0,1.5000000000000002,0.0,10.0,0.85,CORE,MAIN,2.25010977115773,0.2731305671390569,0.6,0.174,-57497.92922640113,STRUCTURAL,-0.46659371961334956,-59402.83353005942,27918.0,0,0,0,0,0,0,0,inf,inf,NA,1,5,5,5,25,6,0,0,CONTINUE,0,A,1,1,0,KEEP_STRUCTURAL_IN_ON_CUT,2,3,0,0,"tail_cont_enabled=1 tail_active_dims=(1,) tail_delta=0.1 tail_start=(6, 6, 6) returned_y=(0, 4, 3) returned_b=(0, 0, 0) returned_u=(0, 0, 0) returned_zcap=(0, 4, 3) max_tail_u=0",NA
120,P1_no_rho,87,1032.282960099983,5.583986100042239,10.692185999942012,0.16084919997956604,0.01,109934.20143073311,109934.20143073311,-59402.83353005942,-34002.278285940534,0.0,-27117.618298151905,-72542.2279462459,-72542.2102962748,-57497.92922640113,-27117.618298151905,30380.310928249226,30380.310928249222,-30515.180521270566,39327.5,nan,nan,2.7750000000000004,10.0,1.5000000000000002,0.0,10.0,0.85,CORE,MAIN,2.2495007285192115,0.2590921209860968,0.6,0.174,-57497.92922640113,STRUCTURAL,-0.497895634101828,-59402.83353005942,27918.0,0,0,0,0,0,0,0,inf,inf,NA,1,5,5,5,25,6,0,0,CONTINUE,0,A,1,1,0,KEEP_STRUCTURAL_IN_ON_CUT,2,3,0,0,"tail_cont_enabled=1 tail_active_dims=(1,) tail_delta=0.1 tail_start=(6, 6, 6) returned_y=(4, 3, 1) returned_b=(0, 0, 0) returned_u=(0, 0, 0) returned_zcap=(4, 3, 1) max_tail_u=0",NA
120,P1_no_rho,88,1044.5506603000686,5.583986100042239,12.267177299945615,0.20245109999086708,0.01,102996.40984718832,102996.40984718832,-59402.83353005942,-35042.947023472254,0.0,-27117.618298151905,-71122.9787277766,-71122.96127165627,-57497.92922640113,-27117.618298151905,30380.310928249226,30380.310928249222,-31159.10593727021,38928.5,nan,nan,2.7750000000000004,10.0,1.5000000000000002,0.0,10.0,0.85,CORE,MAIN,2.2493457890132365,0.249294116174805,0.6,0.174,-57497.92922640113,STRUCTURAL,-0.48039564887921266,-59402.83353005942,27918.0,0,0,0,0,0,0,0,inf,inf,NA,2,6,6,6,25,7,0,0,CONTINUE,0,A,1,1,0,KEEP_STRUCTURAL_IN_ON_CUT,2,3,1,0,"tail_cont_enabled=1 tail_active_dims=(1,) tail_delta=0.1 tail_start=(6, 6, 6) returned_y=(3, 5, 0) returned_b=(0, 0, 0) returned_u=(0, 0, 0) returned_zcap=(3, 5, 0) max_tail_u=0",NA
120,P1_no_rho,89,1055.5992344999686,5.583986100042239,11.047951599932276,0.1589769999263808,0.01,106536.0895016906,106536.0895016906,-59402.83353005942,-34511.99507529691,0.0,-27117.618298151905,-71377.18548358096,-71377.16793175846,-57497.92922640113,-27117.618298151905,30380.310928249226,30380.310928249222,-31400.90457964838,39353.5,nan,nan,2.7750000000000004,10.0,1.5000000000000002,0.0,10.0,0.85,CORE,MAIN,2.24921192076972,0.25453158584021995,0.6,0.174,-57497.92922640113,STRUCTURAL,-0.4866177087999344,-59402.83353005942,27918.0,0,0,0,0,0,0,0,inf,inf,NA,1,5,5,5,26,6,0,0,CONTINUE,0,A,1,1,0,KEEP_STRUCTURAL_IN_ON_CUT,2,3,0,0,"tail_cont_enabled=1 tail_active_dims=(1,) tail_delta=0.1 tail_start=(6, 6, 6) returned_y=(3, 5, 0) returned_b=(0, 0, 0) returned_u=(0, 0, 0) returned_zcap=(3, 5, 0) max_tail_u=0",NA
120,P1_no_rho,90,1082.3329588000197,5.583986100042239,26.73322769999504,0.21107820002362132,0.01,115779.78026582721,115779.78026582721,-59402.83353005942,-33125.44146067642,0.0,-27117.618298151905,-71608.8312725947,-71608.81357552545,-57497.92922640113,-27117.618298151905,30380.310928249226,30380.310928249222,-30995.180353903117,39211.0,nan,nan,2.7750000000000004,10.0,1.5000000000000002,0.0,10.0,0.85,CORE,MAIN,2.2509903424217566,0.2500332347648935,0.6,0.174,-57497.92922640113,STRUCTURAL,-0.49616547165150643,-59402.83353005942,27918.0,0,0,0,0,0,0,0,inf,inf,NA,1,5,5,5,26,6,0,0,CONTINUE,0,A,1,1,0,KEEP_STRUCTURAL_IN_ON_CUT,2,3,0,0,"tail_cont_enabled=1 tail_active_dims=(1,) tail_delta=0.1 tail_start=(6, 6, 6) returned_y=(3, 5, 0) returned_b=(0, 0, 0) returned_u=(0, 0, 0) returned_zcap=(3, 5, 0) max_tail_u=0",NA
120,P1_no_rho,91,1089.1532295000507,5.583986100042239,6.819699199986644,0.17424429999664426,0.01,120724.80535081094,120724.80535081094,-59402.83353005942,-32383.68769792886,0.0,-27117.618298151905,-70297.67616422441,-70297.65801598858,-57497.92922640113,-27117.618298151905,30380.310928249226,30380.310928249222,-26771.435891215806,38443.0,nan,nan,2.7750000000000004,10.0,1.5000000000000002,0.0,10.0,0.85,CORE,MAIN,2.2515909041714544,0.24436729412667568,0.6,0.174,-57497.92922640113,STRUCTURAL,-0.42904558252329267,-59402.83353005942,27918.0,0,0,0,0,0,0,0,inf,inf,NA,1,5,5,5,26,6,0,0,CONTINUE,0,A,1,1,0,KEEP_STRUCTURAL_IN_ON_CUT,2,3,0,0,"tail_cont_enabled=1 tail_active_dims=(1,) tail_delta=0.1 tail_start=(6, 6, 6) returned_y=(0, 4, 3) returned_b=(0, 0, 0) returned_u=(0, 0, 0) returned_zcap=(0, 4, 3) max_tail_u=0",NA
120,P1_no_rho,92,1097.4675250999862,5.583986100042239,8.31383250001818,0.1908668999094516,0.01,107032.92575016373,107032.92575016373,-59402.83353005942,-34437.46963802594,0.0,-27117.618298151905,-71889.57574518312,-71889.55786361321,-57497.92922640113,-27117.618298151905,30380.310928249226,30380.310928249222,-30361.4824769164,39695.0,nan,nan,2.7750000000000004,10.0,1.5000000000000002,0.0,10.0,0.85,CORE,MAIN,2.251638377680605,0.22872960502922335,0.6,0.174,-57497.92922640113,STRUCTURAL,-0.456226044139525,-59402.83353005942,27918.0,0,0,0,0,0,0,0,inf,inf,NA,2,6,6,6,26,6,0,0,CONTINUE,0,A,1,1,0,KEEP_STRUCTURAL_IN_ON_CUT,2,3,0,0,"tail_cont_enabled=1 tail_active_dims=(1,) tail_delta=0.1 tail_start=(6, 6, 6) returned_y=(2, 0, 5) returned_b=(0, 0, 0) returned_u=(0, 0, 0) returned_zcap=(2, 0, 5) max_tail_u=0",NA
120,P1_no_rho,93,1104.3911267999792,5.583986100042239,6.922885000007227,0.18860649992711842,0.01,103463.045580988,103463.045580988,-59402.83353005942,-34972.9516634023,0.0,-27117.618298151905,-71559.07093486801,-71559.05345553072,-57497.92922640113,-27117.618298151905,30380.310928249226,30380.310928249222,-31104.973639427422,40273.0,nan,nan,2.7750000000000004,10.0,1.5000000000000002,0.0,10.0,0.85,CORE,MAIN,2.2517292919881737,0.23363264795021443,0.6,0.174,-57497.92922640113,STRUCTURAL,-0.472155037568548,-59402.83353005942,27918.0,0,0,0,0,0,0,0,inf,inf,NA,1,5,5,5,26,6,0,0,CONTINUE,0,A,1,1,0,KEEP_STRUCTURAL_IN_ON_CUT,2,3,0,0,"tail_cont_enabled=1 tail_active_dims=(1,) tail_delta=0.1 tail_start=(6, 6, 6) returned_y=(2, 0, 5) returned_b=(0, 0, 0) returned_u=(0, 0, 0) returned_zcap=(2, 0, 5) max_tail_u=0",NA
120,P1_no_rho,94,1114.321671599988,5.583986100042239,9.930061599938199,0.18984160001855344,0.01,105348.08579585157,105348.08579585157,-59402.83353005942,-34690.19563117277,0.0,-27117.618298151905,-71995.54540256903,-71995.52794786569,-57497.92922640113,-27117.618298151905,30380.310928249226,30380.310928249222,-31833.77651477021,39761.0,nan,nan,2.7750000000000004,10.0,1.5000000000000002,0.0,10.0,0.85,CORE,MAIN,2.251530570308561,0.2471438753820565,0.6,0.174,-57497.92922640113,STRUCTURAL,-0.4994750410279216,-59402.83353005942,27918.0,0,0,0,0,0,0,0,inf,inf,NA,2,6,6,6,26,6,0,0,CONTINUE,0,A,1,1,0,KEEP_STRUCTURAL_IN_ON_CUT,2,3,0,0,"tail_cont_enabled=1 tail_active_dims=(1,) tail_delta=0.1 tail_start=(6, 6, 6) returned_y=(3, 5, 0) returned_b=(0, 0, 0) returned_u=(0, 0, 0) returned_zcap=(3, 5, 0) max_tail_u=0",NA
120,P1_no_rho,95,1138.991931000026,5.583986100042239,24.669582700007595,0.16508750000502914,0.01,106159.54560387449,106159.54560387449,-59402.83353005942,-34568.476659969325,0.0,-27117.618298151905,-71505.99219600452,-71505.9745664276,-57497.92922640113,-27117.618298151905,30380.310928249226,30380.310928249222,-31538.63238302363,39174.5,nan,nan,2.7750000000000004,10.0,1.5000000000000002,0.0,10.0,0.85,CORE,MAIN,2.2514404948253306,0.2607129366082903,0.6,0.174,-57497.92922640113,STRUCTURAL,-0.4937751767041048,-59402.83353005942,27918.0,0,0,0,0,0,0,0,inf,inf,NA,1,5,5,5,26,6,0,0,CONTINUE,0,A,1,1,0,KEEP_STRUCTURAL_IN_ON_CUT,2,3,0,0,"tail_cont_enabled=1 tail_active_dims=(1,) tail_delta=0.1 tail_start=(6, 6, 6) returned_y=(3, 5, 0) returned_b=(0, 0, 0) returned_u=(0, 0, 0) returned_zcap=(3, 5, 0) max_tail_u=0",NA
120,P1_no_rho,96,1150.0043179000495,5.583986100042239,11.011788100004196,0.17657730006612837,0.01,106617.12013868369,106617.12013868369,-59402.83353005942,-34499.840479747945,0.0,-27117.618298151905,-71019.10244363222,-71019.08462186542,-57497.92922640113,-27117.618298151905,30380.310928249226,30380.310928249222,-30374.892376641794,38211.0,nan,nan,2.7750000000000004,10.0,1.5000000000000002,0.0,10.0,0.85,CORE,MAIN,2.2516132866650764,0.2515430794286426,0.6,0.174,-57497.92922640113,STRUCTURAL,-0.4823881304168745,-59402.83353005942,27918.0,0,0,0,0,0,0,0,inf,inf,NA,1,5,5,5,26,6,0,0,CONTINUE,0,A,1,1,0,KEEP_STRUCTURAL_IN_ON_CUT,2,3,0,0,"tail_cont_enabled=1 tail_active_dims=(1,) tail_delta=0.1 tail_start=(6, 6, 6) returned_y=(4, 3, 1) returned_b=(0, 0, 0) returned_u=(0, 0, 0) returned_zcap=(4, 3, 1) max_tail_u=0",NA
120,P1_no_rho,97,1159.8694085000316,5.583986100042239,9.86444020003546,0.17352169996593148,0.01,107115.66170069975,107115.66170069975,-59402.83353005942,-34425.05924544554,0.0,-27117.618298151905,-71398.22221214222,-71398.20447620138,-57497.92922640113,-27117.618298151905,30380.310928249226,30380.310928249222,-31280.574291611054,38862.5,nan,nan,2.7750000000000004,10.0,1.5000000000000002,0.0,10.0,0.85,CORE,MAIN,2.252527208772252,0.23519704107125516,0.6,0.174,-57497.92922640113,STRUCTURAL,-0.5002362453096043,-59402.83353005942,27918.0,0,0,0,0,0,0,0,inf,inf,NA,1,5,5,5,26,6,0,0,CONTINUE,0,A,1,1,0,KEEP_STRUCTURAL_IN_ON_CUT,2,3,0,0,"tail_cont_enabled=1 tail_active_dims=(1,) tail_delta=0.1 tail_start=(6, 6, 6) returned_y=(4, 3, 1) returned_b=(0, 0, 0) returned_u=(0, 0, 0) returned_zcap=(4, 3, 1) max_tail_u=0",NA
120,P1_no_rho,98,1170.1948916000547,5.583986100042239,10.325018300092779,0.15673490008339286,0.01,122617.52526342981,122617.52526342981,-59402.83353005942,-32099.77971103603,0.0,-27117.618298151905,-70204.96721648962,-70204.94904123741,-57497.92922640113,-27117.618298151905,30380.310928249226,30380.310928249222,-27010.918665160145,37863.0,nan,nan,2.7750000000000004,10.0,1.5000000000000002,0.0,10.0,0.85,CORE,MAIN,2.2526046891379807,0.2613282944476645,0.6,0.174,-57497.92922640113,STRUCTURAL,-0.43563024272835776,-59402.83353005942,27918.0,0,0,0,0,0,0,0,inf,inf,NA,1,5,5,5,26,6,0,0,CONTINUE,0,A,1,1,0,KEEP_STRUCTURAL_IN_ON_CUT,2,3,0,0,"tail_cont_enabled=1 tail_active_dims=(1,) tail_delta=0.1 tail_start=(6, 6, 6) returned_y=(2, 0, 5) returned_b=(0, 0, 0) returned_u=(0, 0, 0) returned_zcap=(2, 0, 5) max_tail_u=0",NA
120,P1_no_rho,99,1182.222002399969,5.583986100042239,12.026444699964486,0.1512575000524521,0.01,106323.91199033246,106323.91199033246,-59402.83353005942,-34543.821702000634,0.0,-27117.618298151905,-70676.14980033028,-70676.13226124848,-57497.92922640113,-27117.618298151905,30380.310928249226,30380.310928249222,-30024.25933530435,39296.0,nan,nan,2.7750000000000004,10.0,1.5000000000000002,0.0,10.0,0.85,CORE,MAIN,2.2528033496994633,0.2520622430384545,0.6,0.174,-57497.92922640113,STRUCTURAL,-0.4464716883629256,-59402.83353005942,27918.0,0,0,0,0,0,0,0,inf,inf,NA,1,5,5,5,26,6,0,0,CONTINUE,0,A,1,1,0,KEEP_STRUCTURAL_IN_ON_CUT,2,3,0,0,"tail_cont_enabled=1 tail_active_dims=(1,) tail_delta=0.1 tail_start=(6, 6, 6) returned_y=(2, 0, 5) returned_b=(0, 0, 0) returned_u=(0, 0, 0) returned_zcap=(2, 0, 5) max_tail_u=0",NA
120,P1_no_rho,100,1203.3165811999934,5.583986100042239,21.093960599973798,0.15189490001648664,0.01,103186.94590245688,103186.94590245688,-59402.83353005942,-35014.36661518197,0.0,-27117.618298151905,-70910.40440276862,-70910.38698527523,-57497.92922640113,-27117.618298151905,30380.310928249226,30380.310928249222,-32229.322335102126,40427.0,nan,nan,2.7750000000000004,10.0,1.5000000000000002,0.0,10.0,0.85,CORE,MAIN,2.2530116522281824,0.251578019341014,0.6,0.174,-57497.92922640113,STRUCTURAL,-0.47216302259419207,-59402.83353005942,27918.0,0,0,0,0,0,0,0,inf,inf,NA,1,5,5,5,26,6,0,0,CONTINUE,0,A,1,1,0,KEEP_STRUCTURAL_IN_ON_CUT,2,3,0,0,"tail_cont_enabled=1 tail_active_dims=(1,) tail_delta=0.1 tail_start=(6, 6, 6) returned_y=(2, 0, 5) returned_b=(0, 0, 0) returned_u=(0, 0, 0) returned_zcap=(2, 0, 5) max_tail_u=0",NA
120,P1_no_rho,101,1215.0381037000334,5.583986100042239,11.720888899988495,0.14820489997509867,0.01,104377.64107625058,104377.64107625058,-59402.83353005942,-34835.76233911292,0.0,-27117.618298151905,-72956.34367318267,-72956.32615790082,-57497.92922640113,-27117.618298151905,30380.310928249226,30380.310928249222,-31532.596011433,40323.0,nan,nan,2.7750000000000004,10.0,1.5000000000000002,0.0,10.0,0.85,CORE,MAIN,2.252366234274213,0.24281643532778802,0.6,0.174,-57497.92922640113,STRUCTURAL,-0.5032105700416002,-59402.83353005942,27918.0,0,0,0,0,0,0,0,inf,inf,NA,1,5,5,5,26,6,0,0,CONTINUE,0,A,1,1,0,KEEP_STRUCTURAL_IN_ON_CUT,2,3,0,0,"tail_cont_enabled=1 tail_active_dims=(1,) tail_delta=0.1 tail_start=(6, 6, 6) returned_y=(3, 5, 0) returned_b=(0, 0, 0) returned_u=(0, 0, 0) returned_zcap=(3, 5, 0) max_tail_u=0",NA
120,P1_no_rho,102,1225.2259197999956,5.583986100042239,10.187338899937458,0.17569529998581856,0.01,109587.06000719588,109587.06000719588,-59402.83353005942,-34054.34949947112,0.0,-27117.618298151905,-72563.93719374001,-72563.91971362014,-57497.92922640113,-27117.618298151905,30380.310928249226,30380.310928249222,-32213.46037514423,40152.0,nan,nan,2.7750000000000004,10.0,1.5000000000000002,0.0,10.0,0.85,CORE,MAIN,2.251546029525667,0.230142820114138,0.6,0.174,-57497.92922640113,STRUCTURAL,-0.5010461255017379,-59402.83353005942,27918.0,0,0,0,0,0,0,0,inf,inf,NA,1,5,5,5,26,6,0,0,CONTINUE,0,A,1,1,0,KEEP_STRUCTURAL_IN_ON_CUT,2,3,0,0,"tail_cont_enabled=1 tail_active_dims=(1,) tail_delta=0.1 tail_start=(6, 6, 6) returned_y=(3, 5, 0) returned_b=(0, 0, 0) returned_u=(0, 0, 0) returned_zcap=(3, 5, 0) max_tail_u=0",NA
120,P1_no_rho,103,1235.9522952999687,5.583986100042239,10.725913499947637,0.16410120006185025,0.01,115294.70280561654,115294.70280561654,-59402.83353005942,-33198.20307970802,0.0,-27117.618298151905,-72135.40461108716,-72135.3866998966,-57497.92922640113,-27117.618298151905,30380.310928249226,30380.310928249222,-30023.16596878383,38906.5,nan,nan,2.7750000000000004,10.0,1.5000000000000002,0.0,10.0,0.85,CORE,MAIN,2.2509126886381616,0.2356332112088868,0.6,0.174,-57497.92922640113,STRUCTURAL,-0.4830221322256732,-59402.83353005942,27918.0,0,0,0,0,0,0,0,inf,inf,NA,1,5,5,5,26,6,0,0,CONTINUE,0,A,1,1,0,KEEP_STRUCTURAL_IN_ON_CUT,2,3,0,0,"tail_cont_enabled=1 tail_active_dims=(1,) tail_delta=0.1 tail_start=(6, 6, 6) returned_y=(3, 5, 0) returned_b=(0, 0, 0) returned_u=(0, 0, 0) returned_zcap=(3, 5, 0) max_tail_u=0",NA
120,P1_no_rho,104,1248.0717871000525,5.583986100042239,12.118864700081758,0.1633245999692008,0.01,112732.72984105872,112732.72984105872,-59402.83353005942,-33582.4990243917,0.0,-27117.618298151905,-72291.75536415199,-72291.7376715752,-57497.92922640113,-27117.618298151905,30380.310928249226,30380.310928249222,-31092.62083084483,39385.0,nan,nan,2.7750000000000004,10.0,1.5000000000000002,0.0,10.0,0.85,CORE,MAIN,2.250832275673307,0.24292467287290664,0.6,0.174,-57497.92922640113,STRUCTURAL,-0.5058643347983847,-59402.83353005942,27918.0,0,0,0,0,0,0,0,inf,inf,NA,1,5,5,5,26,6,0,0,CONTINUE,0,A,1,1,0,KEEP_STRUCTURAL_IN_ON_CUT,2,3,0,0,"tail_cont_enabled=1 tail_active_dims=(1,) tail_delta=0.1 tail_start=(6, 6, 6) returned_y=(4, 3, 1) returned_b=(0, 0, 0) returned_u=(0, 0, 0) returned_zcap=(4, 3, 1) max_tail_u=0",NA
120,P1_no_rho,105,1271.9795963000506,5.583986100042239,23.907191000063904,0.152396299992688,0.01,117582.11756446943,117582.11756446943,-59402.83353005942,-32855.09086588009,0.0,-27117.618298151905,-70622.65070102963,-70622.63246488775,-57497.92922640113,-27117.618298151905,30380.310928249226,30380.310928249222,-27299.10941437843,38094.0,nan,nan,2.7750000000000004,10.0,1.5000000000000002,0.0,10.0,0.85,CORE,MAIN,2.251191074753603,0.2526842516065355,0.6,0.174,-57497.92922640113,STRUCTURAL,-0.440003937904377,-59402.83353005942,27918.0,0,0,0,0,0,0,0,inf,inf,NA,1,5,5,5,26,6,0,0,CONTINUE,0,A,1,1,0,KEEP_STRUCTURAL_IN_ON_CUT,2,3,0,0,"tail_cont_enabled=1 tail_active_dims=(1,) tail_delta=0.1 tail_start=(6, 6, 6) returned_y=(2, 0, 5) returned_b=(0, 0, 0) returned_u=(0, 0, 0) returned_zcap=(2, 0, 5) max_tail_u=0",NA
120,P1_no_rho,106,1279.2466151999542,5.583986100042239,7.266309799975716,0.2274125999538228,0.01,105259.12084405226,105259.12084405226,-59402.83353005942,-34703.54037394266,0.0,-27117.618298151905,-71227.8456437547,-71227.82797127466,-57497.92922640113,-27117.618298151905,30380.310928249226,30380.310928249222,-30182.980377024865,40231.0,nan,nan,2.7750000000000004,10.0,1.5000000000000002,0.0,10.0,0.85,CORE,MAIN,2.251481964583876,0.2305172273064926,0.6,0.174,-57497.92922640113,STRUCTURAL,-0.4501972538757505,-59402.83353005942,27918.0,0,0,0,0,0,0,0,inf,inf,NA,1,5,5,5,26,6,0,0,CONTINUE,0,A,1,1,0,KEEP_STRUCTURAL_IN_ON_CUT,2,3,0,0,"tail_cont_enabled=1 tail_active_dims=(1,) tail_delta=0.1 tail_start=(6, 6, 6) returned_y=(0, 4, 3) returned_b=(0, 0, 0) returned_u=(0, 0, 0) returned_zcap=(0, 4, 3) max_tail_u=0",NA
120,P1_no_rho,107,1291.0183002999984,5.583986100042239,11.771085000014864,0.16890299995429814,0.01,103099.3850615985,103099.3850615985,-59402.83353005942,-35027.50074131072,0.0,-27117.618298151905,-70990.78329525366,-70990.76578979168,-57497.92922640113,-27117.618298151905,30380.310928249226,30380.310928249222,-30748.94490601939,40097.0,nan,nan,2.7750000000000004,10.0,1.5000000000000002,0.0,10.0,0.85,CORE,MAIN,2.252016101142334,0.2514385343118084,0.6,0.174,-57497.92922640113,STRUCTURAL,-0.46282668980912894,-59402.83353005942,27918.0,0,0,0,0,0,0,0,inf,inf,NA,1,5,5,5,26,6,0,0,CONTINUE,0,A,1,1,0,KEEP_STRUCTURAL_IN_ON_CUT,2,3,0,0,"tail_cont_enabled=1 tail_active_dims=(1,) tail_delta=0.1 tail_start=(6, 6, 6) returned_y=(2, 0, 5) returned_b=(0, 0, 0) returned_u=(0, 0, 0) returned_zcap=(2, 0, 5) max_tail_u=0",NA
120,P1_no_rho,108,1301.0082653999561,5.583986100042239,9.989551199949346,0.16710319998674095,0.01,103166.60190825142,103166.60190825142,-59402.83353005942,-35017.418214312784,0.0,-27117.618298151905,-71930.4140505891,-71930.3969363584,-57497.92922640113,-27117.618298151905,30380.310928249226,30380.310928249222,-34787.129576294064,41503.0,nan,nan,2.7750000000000004,10.0,1.5000000000000002,0.0,10.0,0.85,CORE,MAIN,2.252222823484188,0.23324399993740585,0.6,0.174,-57497.92922640113,STRUCTURAL,-0.4961645028275341,-59402.83353005942,27918.0,0,0,0,0,0,0,0,inf,inf,NA,1,5,5,5,26,6,0,0,CONTINUE,0,A,1,1,0,KEEP_STRUCTURAL_IN_ON_CUT,2,3,0,0,"tail_cont_enabled=1 tail_active_dims=(1,) tail_delta=0.1 tail_start=(6, 6, 6) returned_y=(2, 0, 5) returned_b=(0, 0, 0) returned_u=(0, 0, 0) returned_zcap=(2, 0, 5) max_tail_u=0",NA
120,P1_no_rho,109,1313.020535800024,5.583986100042239,12.011731600039639,0.16304920008406043,0.01,103047.39598903708,103047.39598903708,-59402.83353005942,-35035.29910219494,0.0,-27117.618298151905,-72324.99818496106,-72324.98061868348,-57497.92922640113,-27117.618298151905,30380.310928249226,30380.310928249222,-33085.36874767909,39863.0,nan,nan,2.7750000000000004,10.0,1.5000000000000002,0.0,10.0,0.85,CORE,MAIN,2.2521028909009333,0.25031531276056285,0.6,0.174,-57497.92922640113,STRUCTURAL,-0.5105293313166254,-59402.83353005942,27918.0,0,0,0,0,0,0,0,inf,inf,NA,1,5,5,5,26,6,0,0,CONTINUE,0,A,1,1,0,KEEP_STRUCTURAL_IN_ON_CUT,2,3,0,0,"tail_cont_enabled=1 tail_active_dims=(1,) tail_delta=0.1 tail_start=(6, 6, 6) returned_y=(4, 3, 1) returned_b=(0, 0, 0) returned_u=(0, 0, 0) returned_zcap=(4, 3, 1) max_tail_u=0",NA
120,P1_no_rho,110,1336.839496199973,5.583986100042239,23.818035200005397,0.1600528999697417,0.01,113724.0811209644,113724.0811209644,-59402.83353005942,-33433.79633240584,0.0,-27117.618298151905,-72098.58274724228,-72098.56487590319,-57497.92922640113,-27117.618298151905,30380.310928249226,30380.310928249222,-29997.247842870118,38553.5,nan,nan,2.7750000000000004,10.0,1.5000000000000002,0.0,10.0,0.85,CORE,MAIN,2.2519693564627588,0.2405866741139877,0.6,0.174,-57497.92922640113,STRUCTURAL,-0.4848221406097031,-59402.83353005942,27918.0,0,0,0,0,0,0,0,inf,inf,NA,1,5,5,5,26,6,0,0,CONTINUE,0,A,1,1,0,KEEP_STRUCTURAL_IN_ON_CUT,2,3,0,0,"tail_cont_enabled=1 tail_active_dims=(1,) tail_delta=0.1 tail_start=(6, 6, 6) returned_y=(4, 3, 1) returned_b=(0, 0, 0) returned_u=(0, 0, 0) returned_zcap=(4, 3, 1) max_tail_u=0",NA
120,P1_no_rho,111,1347.899934999994,5.583986100042239,11.059833199949935,0.16406480001751333,0.01,108498.27547148621,108498.27547148621,-59402.83353005942,-34217.66717982757,0.0,-27117.618298151905,-71533.89374086255,-71533.87601112033,-57497.92922640113,-27117.618298151905,30380.310928249226,30380.310928249222,-30049.005729868808,38363.5,nan,nan,2.7750000000000004,10.0,1.5000000000000002,0.0,10.0,0.85,CORE,MAIN,2.252378242936903,0.23194599091237045,0.6,0.174,-57497.92922640113,STRUCTURAL,-0.4925474286160882,-59402.83353005942,27918.0,0,0,0,0,0,0,0,inf,inf,NA,1,5,5,5,26,6,0,0,CONTINUE,0,A,1,1,0,KEEP_STRUCTURAL_IN_ON_CUT,2,3,0,0,"tail_cont_enabled=1 tail_active_dims=(1,) tail_delta=0.1 tail_start=(6, 6, 6) returned_y=(4, 3, 1) returned_b=(0, 0, 0) returned_u=(0, 0, 0) returned_zcap=(4, 3, 1) max_tail_u=0",NA
120,P1_no_rho,112,1357.780768000055,5.583986100042239,9.880173800047487,0.1721028999891132,0.01,127745.57961143859,127745.57961143859,-59402.83353005942,-31330.571558834712,0.0,-27117.618298151905,-69855.9400129946,-69855.92188097622,-57497.92922640113,-27117.618298151905,30380.310928249226,30380.310928249222,-26970.00275025508,38259.5,nan,nan,2.7750000000000004,10.0,1.5000000000000002,0.0,10.0,0.85,CORE,MAIN,2.251881661475295,0.23064482671901287,0.6,0.174,-57497.92922640113,STRUCTURAL,-0.4249129500790832,-59402.83353005942,27918.0,0,0,0,0,0,0,0,inf,inf,NA,1,5,5,5,26,6,0,0,CONTINUE,0,A,1,1,0,KEEP_STRUCTURAL_IN_ON_CUT,2,3,0,0,"tail_cont_enabled=1 tail_active_dims=(1,) tail_delta=0.1 tail_start=(6, 6, 6) returned_y=(0, 4, 3) returned_b=(0, 0, 0) returned_u=(0, 0, 0) returned_zcap=(0, 4, 3) max_tail_u=0",NA
120,P1_no_rho,113,1369.6821701000445,5.583986100042239,11.900816700072028,0.1613375999731943,0.01,107839.62785555601,107839.62785555601,-59402.83353005942,-34316.4643222171,0.0,-27117.618298151905,-70662.08141124788,-70662.06383585848,-57497.92922640113,-27117.618298151905,30380.310928249226,30380.310928249222,-30647.224428845893,40104.5,nan,nan,2.7750000000000004,10.0,1.5000000000000002,0.0,10.0,0.85,CORE,MAIN,2.2516734532600786,0.25825263646290897,0.6,0.174,-57497.92922640113,STRUCTURAL,-0.4459110672054437,-59402.83353005942,27918.0,0,0,0,0,0,0,0,inf,inf,NA,1,5,5,5,26,6,0,0,CONTINUE,0,A,1,1,0,KEEP_STRUCTURAL_IN_ON_CUT,2,3,0,0,"tail_cont_enabled=1 tail_active_dims=(1,) tail_delta=0.1 tail_start=(6, 6, 6) returned_y=(0, 4, 3) returned_b=(0, 0, 0) returned_u=(0, 0, 0) returned_zcap=(0, 4, 3) max_tail_u=0",NA
120,P1_no_rho,114,1376.552495000069,5.583986100042239,6.869812199962325,0.15861819998826832,0.01,107177.32705984008,107177.32705984008,-59402.83353005942,-34415.809441574485,0.0,-27117.618298151905,-70617.90596305332,-70617.88868088121,-57497.92922640113,-27117.618298151905,30380.310928249226,30380.310928249222,-32792.073831125424,40882.0,nan,nan,2.7750000000000004,10.0,1.5000000000000002,0.0,10.0,0.85,CORE,MAIN,2.251754166056924,0.27663148982043606,0.6,0.174,-57497.92922640113,STRUCTURAL,-0.4638965291603875,-59402.83353005942,27918.0,0,0,0,0,0,0,0,inf,inf,NA,1,5,5,5,26,6,0,0,CONTINUE,0,A,1,1,0,KEEP_STRUCTURAL_IN_ON_CUT,2,3,0,0,"tail_cont_enabled=1 tail_active_dims=(1,) tail_delta=0.1 tail_start=(6, 6, 6) returned_y=(0, 4, 3) returned_b=(0, 0, 0) returned_u=(0, 0, 0) returned_zcap=(0, 4, 3) max_tail_u=0",NA
120,P1_no_rho,115,1401.6762589999707,5.583986100042239,25.12331059994176,0.16940000001341105,0.01,93958.60992780546,93958.60992780546,-59402.83353005942,-36398.61701137968,0.0,-27117.618298151905,-69938.51793257584,-69938.50072460898,-57497.92922640113,-27117.618298151905,30380.310928249226,30380.310928249222,-30545.986682304858,40012.5,nan,nan,2.7750000000000004,10.0,1.5000000000000002,0.0,10.0,0.85,CORE,MAIN,2.252306672428906,0.23586191154526492,0.6,0.174,-57497.92922640113,STRUCTURAL,-0.45080871674241224,-59402.83353005942,27918.0,0,0,0,0,0,0,0,inf,inf,NA,1,5,5,5,26,6,0,0,CONTINUE,0,A,1,1,0,KEEP_STRUCTURAL_IN_ON_CUT,2,3,0,0,"tail_cont_enabled=1 tail_active_dims=(1,) tail_delta=0.1 tail_start=(6, 6, 6) returned_y=(0, 4, 3) returned_b=(0, 0, 0) returned_u=(0, 0, 0) returned_zcap=(0, 4, 3) max_tail_u=0",NA
120,P1_no_rho,116,1412.2425663999747,5.583986100042239,10.56489589996636,0.1885865000076592,0.01,102587.78606552223,102587.78606552223,-59402.83353005942,-35104.24059072217,0.0,-27117.618298151905,-71979.16008785165,-71979.14278591925,-57497.92922640113,-27117.618298151905,30380.310928249226,30380.310928249222,-34734.13475121129,42069.0,nan,nan,2.7750000000000004,10.0,1.5000000000000002,0.0,10.0,0.85,CORE,MAIN,2.2521924839730474,0.24805749231635588,0.6,0.174,-57497.92922640113,STRUCTURAL,-0.4837679751376801,-59402.83353005942,27918.0,0,0,0,0,0,0,0,inf,inf,NA,1,5,5,5,26,6,0,0,CONTINUE,0,A,1,1,0,KEEP_STRUCTURAL_IN_ON_CUT,2,3,0,0,"tail_cont_enabled=1 tail_active_dims=(1,) tail_delta=0.1 tail_start=(6, 6, 6) returned_y=(0, 4, 3) returned_b=(0, 0, 0) returned_u=(0, 0, 0) returned_zcap=(0, 4, 3) max_tail_u=0",NA
120,P1_no_rho,117,1424.3214403999737,5.583986100042239,12.078285499941558,0.17968499998096377,0.01,110676.00164718572,110676.00164718572,-59402.83353005942,-33891.00825347264,0.0,-27117.618298151905,-72233.23834600937,-72233.22056900532,-57497.92922640113,-27117.618298151905,30380.310928249226,30380.310928249222,-32064.403503572423,39216.5,nan,nan,2.7750000000000004,10.0,1.5000000000000002,0.0,10.0,0.85,CORE,MAIN,2.2516941062933875,0.24579074943007018,0.6,0.174,-57497.92922640113,STRUCTURAL,-0.49524086877341567,-59402.83353005942,27918.0,0,0,0,0,0,0,0,inf,inf,NA,1,5,5,5,26,6,0,0,CONTINUE,0,A,1,1,0,KEEP_STRUCTURAL_IN_ON_CUT,2,3,0,0,"tail_cont_enabled=1 tail_active_dims=(1,) tail_delta=0.1 tail_start=(6, 6, 6) returned_y=(4, 3, 1) returned_b=(0, 0, 0) returned_u=(0, 0, 0) returned_zcap=(4, 3, 1) max_tail_u=0",NA
120,P1_no_rho,118,1439.371413200046,5.583986100042239,15.049480900052004,0.1936736999778077,0.01,112585.0038253499,112585.0038253499,-59402.83353005942,-33604.65792674802,0.0,-27117.618298151905,-71905.46929841937,-71905.45156663275,-57497.92922640113,-27117.618298151905,30380.310928249226,30380.310928249222,-30931.628746251317,38547.5,nan,nan,2.7750000000000004,10.0,1.5000000000000002,0.0,10.0,0.85,CORE,MAIN,2.2511487813050235,0.22841016944012882,0.6,0.174,-57497.92922640113,STRUCTURAL,-0.5021139128094038,-59402.83353005942,27918.0,0,0,0,0,0,0,0,inf,inf,NA,2,6,6,6,26,7,0,0,CONTINUE,0,A,1,1,0,KEEP_STRUCTURAL_IN_ON_CUT,2,3,1,0,"tail_cont_enabled=1 tail_active_dims=(1,) tail_delta=0.1 tail_start=(6, 6, 6) returned_y=(5, 1, 2) returned_b=(0, 0, 0) returned_u=(0, 0, 0) returned_zcap=(5, 1, 2) max_tail_u=0",NA
120,P1_no_rho,119,1453.4545128999744,5.583986100042239,14.082680299994536,0.16740809998009354,0.01,125777.96293381149,125777.96293381149,-59402.83353005942,-31625.71406047878,0.0,-27117.618298151905,-69790.94266937957,-69790.92459917504,-57497.92922640113,-27117.618298151905,30380.310928249226,30380.310928249222,-26853.76789089877,38426.5,nan,nan,2.7750000000000004,10.0,1.5000000000000002,0.0,10.0,0.85,CORE,MAIN,2.2512667635490606,0.24889865747837425,0.6,0.174,-57497.92922640113,STRUCTURAL,-0.4229567333372188,-59402.83353005942,27918.0,0,0,0,0,0,0,0,inf,inf,NA,1,5,5,5,27,6,0,0,CONTINUE,0,A,1,1,0,KEEP_STRUCTURAL_IN_ON_CUT,2,3,0,0,"tail_cont_enabled=1 tail_active_dims=(1,) tail_delta=0.1 tail_start=(6, 6, 6) returned_y=(0, 4, 3) returned_b=(0, 0, 0) returned_u=(0, 0, 0) returned_zcap=(0, 4, 3) max_tail_u=0",NA
120,P1_no_rho,120,1485.0196871999651,5.583986100042239,31.564718899899162,0.16228279995266348,0.01,108272.71040653026,108272.71040653026,-59402.83353005942,-34251.50193957096,0.0,-27117.618298151905,-71381.80110322256,-71381.78329932773,-57497.92922640113,-27117.618298151905,30380.310928249226,30380.310928249222,-31037.91933132963,40212.0,nan,nan,2.7750000000000004,10.0,1.5000000000000002,0.0,10.0,0.85,CORE,MAIN,2.2510942616955014,0.2507195994917142,0.6,0.174,-57497.92922640113,STRUCTURAL,-0.45273844626253634,-59402.83353005942,27918.0,0,0,0,0,0,0,0,inf,inf,NA,1,5,5,5,27,6,0,0,CONTINUE,0,A,1,1,0,KEEP_STRUCTURAL_IN_ON_CUT,2,3,0,0,"tail_cont_enabled=1 tail_active_dims=(1,) tail_delta=0.1 tail_start=(6, 6, 6) returned_y=(0, 4, 3) returned_b=(0, 0, 0) returned_u=(0, 0, 0) returned_zcap=(0, 4, 3) max_tail_u=0",NA
120,P1_no_rho,121,1497.0146113999654,5.583986100042239,11.994339999975637,0.1669679000042379,0.01,103922.47762767978,103922.47762767978,-59402.83353005942,-34904.03685639854,0.0,-27117.618298151905,-70434.71102190993,-70434.69367702294,-57497.92922640113,-27117.618298151905,30380.310928249226,30380.310928249222,-31432.22034746326,40243.0,nan,nan,2.7750000000000004,10.0,1.5000000000000002,0.0,10.0,0.85,CORE,MAIN,2.251146815882125,0.2517643548741081,0.6,0.174,-57497.92922640113,STRUCTURAL,-0.4645752022892663,-59402.83353005942,27918.0,0,0,0,0,0,0,0,inf,inf,NA,1,5,5,5,27,6,0,0,CONTINUE,0,A,1,1,0,KEEP_STRUCTURAL_IN_ON_CUT,2,3,0,0,"tail_cont_enabled=1 tail_active_dims=(1,) tail_delta=0.1 tail_start=(6, 6, 6) returned_y=(0, 4, 3) returned_b=(0, 0, 0) returned_u=(0, 0, 0) returned_zcap=(0, 4, 3) max_tail_u=0",NA
120,P1_no_rho,122,1512.1938800000353,5.583986100042239,15.178803400020115,0.15896050003357232,0.01,111574.2195056845,111574.2195056845,-59402.83353005942,-33756.27557469783,0.0,-27117.618298151905,-70399.63223165143,-70399.61479502768,-57497.92922640113,-27117.618298151905,30380.310928249226,30380.310928249222,-30171.991236515853,37946.5,nan,nan,2.7750000000000004,10.0,1.5000000000000002,0.0,10.0,0.85,CORE,MAIN,2.251486877073873,0.25375929957801535,0.6,0.174,-57497.92922640113,STRUCTURAL,-0.4868444138334155,-59402.83353005942,27918.0,0,0,0,0,0,0,0,inf,inf,NA,1,5,5,5,27,6,0,0,CONTINUE,0,A,1,1,0,KEEP_STRUCTURAL_IN_ON_CUT,2,3,0,0,"tail_cont_enabled=1 tail_active_dims=(1,) tail_delta=0.1 tail_start=(6, 6, 6) returned_y=(4, 3, 1) returned_b=(0, 0, 0) returned_u=(0, 0, 0) returned_zcap=(4, 3, 1) max_tail_u=0",NA
120,P1_no_rho,123,1526.5923333000392,5.583986100042239,14.397824399988167,0.15058320004027337,0.01,103423.58383961208,103423.58383961208,-59402.83353005942,-34978.87092460869,0.0,-27117.618298151905,-72380.02692408835,-72380.00964394015,-57497.92922640113,-27117.618298151905,30380.310928249226,30380.310928249222,-32817.70373253233,40119.5,nan,nan,2.7750000000000004,10.0,1.5000000000000002,0.0,10.0,0.85,CORE,MAIN,2.2511725347111695,0.24681354753848783,0.6,0.174,-57497.92922640113,STRUCTURAL,-0.5103236962222922,-59402.83353005942,27918.0,0,0,0,0,0,0,0,inf,inf,NA,1,5,5,5,27,6,0,0,CONTINUE,0,A,1,1,0,KEEP_STRUCTURAL_IN_ON_CUT,2,3,0,0,"tail_cont_enabled=1 tail_active_dims=(1,) tail_delta=0.1 tail_start=(6, 6, 6) returned_y=(4, 3, 1) returned_b=(0, 0, 0) returned_u=(0, 0, 0) returned_zcap=(4, 3, 1) max_tail_u=0",NA
120,P1_no_rho,124,1538.5603176000295,5.583986100042239,11.967349800048396,0.17836290004197508,0.01,110936.18740826396,110936.18740826396,-59402.83353005942,-33851.980389310906,0.0,-27117.618298151905,-72813.19495944836,-72813.17694977655,-57497.92922640113,-27117.618298151905,30380.310928249226,30380.310928249222,-31509.1540163266,39676.5,nan,nan,2.7750000000000004,10.0,1.5000000000000002,0.0,10.0,0.85,CORE,MAIN,2.2504485754002346,0.25806890629121426,0.6,0.174,-57497.92922640113,STRUCTURAL,-0.4958506075544258,-59402.83353005942,27918.0,0,0,0,0,0,0,0,inf,inf,NA,1,5,5,5,27,6,0,0,CONTINUE,0,A,1,1,0,KEEP_STRUCTURAL_IN_ON_CUT,2,3,0,0,"tail_cont_enabled=1 tail_active_dims=(1,) tail_delta=0.1 tail_start=(6, 6, 6) returned_y=(3, 5, 0) returned_b=(0, 0, 0) returned_u=(0, 0, 0) returned_zcap=(3, 5, 0) max_tail_u=0",NA
120,P1_no_rho,125,1571.030797000043,5.583986100042239,32.469864599988796,0.1597308999625966,0.01,114686.62490523868,114686.62490523868,-59402.83353005942,-33289.414764764704,0.0,-27117.618298151905,-70976.02853717539,-70976.01089855502,-57497.92922640113,-27117.618298151905,30380.310928249226,30380.310928249222,-29586.79143913491,38429.0,nan,nan,2.7750000000000004,10.0,1.5000000000000002,0.0,10.0,0.85,CORE,MAIN,2.2509530341427006,0.2514020484678694,0.6,0.174,-57497.92922640113,STRUCTURAL,-0.4692593345034077,-59402.83353005942,27918.0,0,0,0,0,0,0,0,inf,inf,NA,1,5,5,5,27,6,0,0,CONTINUE,0,A,1,1,0,KEEP_STRUCTURAL_IN_ON_CUT,2,3,0,0,"tail_cont_enabled=1 tail_active_dims=(1,) tail_delta=0.1 tail_start=(6, 6, 6) returned_y=(3, 5, 0) returned_b=(0, 0, 0) returned_u=(0, 0, 0) returned_zcap=(3, 5, 0) max_tail_u=0",NA
120,P1_no_rho,126,1583.0929147000425,5.583986100042239,12.061428399989381,0.16091959993354976,0.01,117932.33341494645,117932.33341494645,-59402.83353005942,-32802.55848830853,0.0,-27117.618298151905,-71142.34493747195,-71142.32678687567,-57497.92922640113,-27117.618298151905,30380.310928249226,30380.310928249222,-28101.453857171604,39418.5,nan,nan,2.7750000000000004,10.0,1.5000000000000002,0.0,10.0,0.85,CORE,MAIN,2.2514136407128986,0.24543288610112168,0.6,0.174,-57497.92922640113,STRUCTURAL,-0.4397427605423636,-59402.83353005942,27918.0,0,0,0,0,0,0,0,inf,inf,NA,1,5,5,5,27,6,0,0,CONTINUE,0,A,1,1,0,KEEP_STRUCTURAL_IN_ON_CUT,2,3,0,0,"tail_cont_enabled=1 tail_active_dims=(1,) tail_delta=0.1 tail_start=(6, 6, 6) returned_y=(0, 4, 3) returned_b=(0, 0, 0) returned_u=(0, 0, 0) returned_zcap=(0, 4, 3) max_tail_u=0",NA
120,P1_no_rho,127,1594.033205899992,5.583986100042239,10.93986279994715,0.1556456999387592,0.01,103859.8191725569,103859.8191725569,-59402.83353005942,-34913.43562466696,0.0,-27117.618298151905,-72216.77945764783,-72216.76184632513,-57497.92922640113,-27117.618298151905,30380.310928249226,30380.310928249222,-31241.495792178197,41099.5,nan,nan,2.7750000000000004,10.0,1.5000000000000002,0.0,10.0,0.85,CORE,MAIN,2.2512716522970737,0.22960033505329358,0.6,0.174,-57497.92922640113,STRUCTURAL,-0.4619707292614841,-59402.83353005942,27918.0,0,0,0,0,0,0,0,inf,inf,NA,1,5,5,5,27,6,0,0,CONTINUE,0,A,1,1,0,KEEP_STRUCTURAL_IN_ON_CUT,2,3,0,0,"tail_cont_enabled=1 tail_active_dims=(1,) tail_delta=0.1 tail_start=(6, 6, 6) returned_y=(0, 4, 3) returned_b=(0, 0, 0) returned_u=(0, 0, 0) returned_zcap=(0, 4, 3) max_tail_u=0",NA
120,P1_no_rho,128,1608.7071460000006,5.583986100042239,14.673416499979794,0.1635961999418214,0.01,105493.19782978608,105493.19782978608,-59402.83353005942,-34668.42882608259,0.0,-27117.618298151905,-70265.42148937592,-70265.40411374235,-57497.92922640113,-27117.618298151905,30380.310928249226,30380.310928249222,-30823.014673891277,39883.0,nan,nan,2.7750000000000004,10.0,1.5000000000000002,0.0,10.0,0.85,CORE,MAIN,2.2514819808534026,0.2531631132334575,0.6,0.174,-57497.92922640113,STRUCTURAL,-0.46016949233791027,-59402.83353005942,27918.0,0,0,0,0,0,0,0,inf,inf,NA,1,5,5,5,27,6,0,0,CONTINUE,0,A,1,1,0,KEEP_STRUCTURAL_IN_ON_CUT,2,3,0,0,"tail_cont_enabled=1 tail_active_dims=(1,) tail_delta=0.1 tail_start=(6, 6, 6) returned_y=(0, 4, 3) returned_b=(0, 0, 0) returned_u=(0, 0, 0) returned_zcap=(0, 4, 3) max_tail_u=0",NA
120,P1_no_rho,129,1621.2300472999923,5.583986100042239,12.522328599938191,0.18451280007138848,0.01,110354.56450870256,110354.56450870256,-59402.83353005942,-33939.22382424511,0.0,-27117.618298151905,-70840.72390556999,-70840.70629979543,-57497.92922640113,-27117.618298151905,30380.310928249226,30380.310928249222,-30070.593577134838,38281.0,nan,nan,2.7750000000000004,10.0,1.5000000000000002,0.0,10.0,0.85,CORE,MAIN,2.2518636096768834,0.2498246090306604,0.6,0.174,-57497.92922640113,STRUCTURAL,-0.4899435601257687,-59402.83353005942,27918.0,0,0,0,0,0,0,0,inf,inf,NA,1,5,5,5,27,6,0,0,CONTINUE,0,A,1,1,0,KEEP_STRUCTURAL_IN_ON_CUT,2,3,0,0,"tail_cont_enabled=1 tail_active_dims=(1,) tail_delta=0.1 tail_start=(6, 6, 6) returned_y=(4, 3, 1) returned_b=(0, 0, 0) returned_u=(0, 0, 0) returned_zcap=(4, 3, 1) max_tail_u=0",NA
120,P1_no_rho,130,1648.366996500059,5.583986100042239,27.136330500012264,0.25023690005764365,0.01,104720.0716413474,104720.0716413474,-59402.83353005942,-34784.39775434839,0.0,-27117.618298151905,-72830.64617411132,-72830.62857566006,-57497.92922640113,-27117.618298151905,30380.310928249226,30380.310928249222,-30363.40390352582,39798.5,nan,nan,2.7750000000000004,10.0,1.5000000000000002,0.0,10.0,0.85,CORE,MAIN,2.2515650644833762,0.24348421367478368,0.6,0.174,-57497.92922640113,STRUCTURAL,-0.5197122147175748,-59402.83353005942,27918.0,0,0,0,0,0,0,0,inf,inf,NA,2,6,6,6,27,6,0,0,CONTINUE,0,A,1,1,0,KEEP_STRUCTURAL_IN_ON_CUT,2,3,0,0,"tail_cont_enabled=1 tail_active_dims=(1,) tail_delta=0.1 tail_start=(6, 6, 6) returned_y=(6, 2, 0) returned_b=(1, 0, 0) returned_u=(0, 0, 0) returned_zcap=(6, 2, 0) max_tail_u=0",NA
120,P1_no_rho,131,1659.662270299974,5.583986100042239,11.2945598999504,0.1638579999562353,0.01,106584.8732937377,106584.8732937377,-59402.83353005942,-34504.67750648985,0.0,-27117.618298151905,-72267.76638874122,-72267.74857991977,-57497.92922640113,-27117.618298151905,30380.310928249226,30380.310928249222,-31612.191364377017,39249.0,nan,nan,2.7750000000000004,10.0,1.5000000000000002,0.0,10.0,0.85,CORE,MAIN,2.251095364926393,0.23974728586585714,0.6,0.174,-57497.92922640113,STRUCTURAL,-0.49365586976295805,-59402.83353005942,27918.0,0,0,0,0,0,0,0,inf,inf,NA,1,5,5,5,27,6,0,0,CONTINUE,0,A,1,1,0,KEEP_STRUCTURAL_IN_ON_CUT,2,3,0,0,"tail_cont_enabled=1 tail_active_dims=(1,) tail_delta=0.1 tail_start=(6, 6, 6) returned_y=(4, 3, 1) returned_b=(0, 0, 0) returned_u=(0, 0, 0) returned_zcap=(4, 3, 1) max_tail_u=0",NA
120,P1_no_rho,132,1671.572552400059,5.583986100042239,11.909777800086886,0.15481229999568313,0.01,117051.39630681172,117051.39630681172,-59402.83353005942,-32934.69905452874,0.0,-27117.618298151905,-71530.93030479111,-71530.91253606993,-57497.92922640113,-27117.618298151905,30380.310928249226,30380.310928249222,-30049.987685980464,38419.5,nan,nan,2.7750000000000004,10.0,1.5000000000000002,0.0,10.0,0.85,CORE,MAIN,2.2508817153476812,0.25094231292719926,0.6,0.174,-57497.92922640113,STRUCTURAL,-0.4878430417695257,-59402.83353005942,27918.0,0,0,0,0,0,0,0,inf,inf,NA,1,5,5,5,27,6,0,0,CONTINUE,0,A,1,1,0,KEEP_STRUCTURAL_IN_ON_CUT,2,3,0,0,"tail_cont_enabled=1 tail_active_dims=(1,) tail_delta=0.1 tail_start=(6, 6, 6) returned_y=(4, 3, 1) returned_b=(0, 0, 0) returned_u=(0, 0, 0) returned_zcap=(4, 3, 1) max_tail_u=0",NA
120,P1_no_rho,133,1682.9398673999822,5.583986100042239,11.36687309993431,0.1543373999884352,0.01,115903.94620811379,115903.94620811379,-59402.83353005942,-33106.81656933343,0.0,-27117.618298151905,-71980.04360911773,-71980.02568583412,-57497.92922640113,-27117.618298151905,30380.310928249226,30380.310928249222,-29205.509236730006,39559.5,nan,nan,2.7750000000000004,10.0,1.5000000000000002,0.0,10.0,0.85,CORE,MAIN,2.2506986647060576,0.25415331336957925,0.6,0.174,-57497.92922640113,STRUCTURAL,-0.4584669567343396,-59402.83353005942,27918.0,0,0,0,0,0,0,0,inf,inf,NA,1,5,5,5,27,6,0,0,CONTINUE,0,A,1,1,0,KEEP_STRUCTURAL_IN_ON_CUT,2,3,0,0,"tail_cont_enabled=1 tail_active_dims=(1,) tail_delta=0.1 tail_start=(6, 6, 6) returned_y=(2, 0, 5) returned_b=(0, 0, 0) returned_u=(0, 0, 0) returned_zcap=(2, 0, 5) max_tail_u=0",NA
120,P1_no_rho,134,1694.1518122999696,5.583986100042239,11.21141390001867,0.16539990005549043,0.01,104571.27232784974,104571.27232784974,-59402.83353005942,-34806.71765137304,0.0,-27117.618298151905,-71584.2123748128,-71584.19430942272,-57497.92922640113,-27117.618298151905,30380.310928249226,30380.310928249222,-29083.171007591918,38980.5,nan,nan,2.7750000000000004,10.0,1.5000000000000002,0.0,10.0,0.85,CORE,MAIN,2.251273834074165,0.2743823828462524,0.6,0.174,-57497.92922640113,STRUCTURAL,-0.4515736660711765,-59402.83353005942,27918.0,0,0,0,0,0,0,0,inf,inf,NA,1,5,5,5,27,6,0,0,CONTINUE,0,A,1,1,0,KEEP_STRUCTURAL_IN_ON_CUT,2,3,0,0,"tail_cont_enabled=1 tail_active_dims=(1,) tail_delta=0.1 tail_start=(6, 6, 6) returned_y=(2, 0, 5) returned_b=(0, 0, 0) returned_u=(0, 0, 0) returned_zcap=(2, 0, 5) max_tail_u=0",NA
120,P1_no_rho,135,1717.7167412999552,5.583986100042239,23.56425069994293,0.1723661000141874,0.01,105313.34497669859,105313.34497669859,-59402.83353005942,-34695.40675404572,0.0,-27117.618298151905,-70824.64857556875,-70824.63093372238,-57497.92922640113,-27117.618298151905,30380.310928249226,30380.310928249222,-30364.95942719208,39407.0,nan,nan,2.7750000000000004,10.0,1.5000000000000002,0.0,10.0,0.85,CORE,MAIN,2.2519144149921226,0.25080798622606415,0.6,0.174,-57497.92922640113,STRUCTURAL,-0.46835484876461503,-59402.83353005942,27918.0,0,0,0,0,0,0,0,inf,inf,NA,1,5,5,5,27,6,0,0,CONTINUE,0,A,1,1,0,KEEP_STRUCTURAL_IN_ON_CUT,2,3,0,0,"tail_cont_enabled=1 tail_active_dims=(1,) tail_delta=0.1 tail_start=(6, 6, 6) returned_y=(2, 0, 5) returned_b=(0, 0, 0) returned_u=(0, 0, 0) returned_zcap=(2, 0, 5) max_tail_u=0",NA
120,P1_no_rho,136,1729.9234518000158,5.583986100042239,12.206102899974212,0.1640206000301987,0.01,108915.41686402107,108915.41686402107,-59402.83353005942,-34155.09597094734,0.0,-27117.618298151905,-69947.28969412927,-69947.27269941838,-57497.92922640113,-27117.618298151905,30380.310928249226,30380.310928249222,-31113.152451527654,39816.5,nan,nan,2.7750000000000004,10.0,1.5000000000000002,0.0,10.0,0.85,CORE,MAIN,2.251920247008164,0.2538797578724368,0.6,0.174,-57497.92922640113,STRUCTURAL,-0.47185808207171515,-59402.83353005942,27918.0,0,0,0,0,0,0,0,inf,inf,NA,1,5,5,5,27,6,0,0,CONTINUE,0,A,1,1,0,KEEP_STRUCTURAL_IN_ON_CUT,2,3,0,0,"tail_cont_enabled=1 tail_active_dims=(1,) tail_delta=0.1 tail_start=(6, 6, 6) returned_y=(2, 0, 5) returned_b=(0, 0, 0) returned_u=(0, 0, 0) returned_zcap=(2, 0, 5) max_tail_u=0",NA
120,P1_no_rho,137,1743.8649592000293,5.583986100042239,13.941154000000097,0.21081600000616163,0.01,102481.0418414705,102481.0418414705,-59402.83353005942,-35120.252224329925,0.0,-27117.618298151905,-71888.72645565246,-71888.70952782287,-57497.92922640113,-27117.618298151905,30380.310928249226,30380.310928249222,-36613.78090871426,40834.5,nan,nan,2.7750000000000004,10.0,1.5000000000000002,0.0,10.0,0.85,CORE,MAIN,2.251614858196344,0.2505850186844951,0.6,0.174,-57497.92922640113,STRUCTURAL,-0.5231886662754651,-59402.83353005942,27918.0,0,0,0,0,0,0,0,inf,inf,NA,2,6,6,6,27,6,0,0,CONTINUE,0,A,1,1,0,KEEP_STRUCTURAL_IN_ON_CUT,2,3,0,0,"tail_cont_enabled=1 tail_active_dims=(1,) tail_delta=0.1 tail_start=(6, 6, 6) returned_y=(5, 1, 2) returned_b=(0, 0, 0) returned_u=(0, 0, 0) returned_zcap=(5, 1, 2) max_tail_u=0",NA
120,P1_no_rho,138,1754.9737220000243,5.583986100042239,11.108193999971263,0.18212410004343837,0.01,106256.08540167328,106256.08540167328,-59402.83353005942,-34553.99569029951,0.0,-27117.618298151905,-71643.88895821634,-71643.871115109,-57497.92922640113,-27117.618298151905,30380.310928249226,30380.310928249222,-28605.226972777724,38766.0,nan,nan,2.7750000000000004,10.0,1.5000000000000002,0.0,10.0,0.85,CORE,MAIN,2.251291915033236,0.2505472323216884,0.6,0.174,-57497.92922640113,STRUCTURAL,-0.4688727857307303,-59402.83353005942,27918.0,0,0,0,0,0,0,0,inf,inf,NA,1,5,5,5,27,6,0,0,CONTINUE,0,A,1,1,0,KEEP_STRUCTURAL_IN_ON_CUT,2,3,0,0,"tail_cont_enabled=1 tail_active_dims=(1,) tail_delta=0.1 tail_start=(6, 6, 6) returned_y=(3, 5, 0) returned_b=(0, 0, 0) returned_u=(0, 0, 0) returned_zcap=(3, 5, 0) max_tail_u=0",NA
120,P1_no_rho,139,1770.4172433000058,5.583986100042239,15.443036700016819,0.1583063000580296,0.01,110352.7910006549,110352.7910006549,-59402.83353005942,-33939.489850452264,0.0,-27117.618298151905,-71549.51439761584,-71549.49665513178,-57497.92922640113,-27117.618298151905,30380.310928249226,30380.310928249222,-31198.720335701473,39040.0,nan,nan,2.7750000000000004,10.0,1.5000000000000002,0.0,10.0,0.85,CORE,MAIN,2.2510825983832268,0.24854530801604735,0.6,0.174,-57497.92922640113,STRUCTURAL,-0.4910594404124068,-59402.83353005942,27918.0,0,0,0,0,0,0,0,inf,inf,NA,1,5,5,5,27,6,0,0,CONTINUE,0,A,1,1,0,KEEP_STRUCTURAL_IN_ON_CUT,2,3,0,0,"tail_cont_enabled=1 tail_active_dims=(1,) tail_delta=0.1 tail_start=(6, 6, 6) returned_y=(3, 5, 0) returned_b=(0, 0, 0) returned_u=(0, 0, 0) returned_zcap=(3, 5, 0) max_tail_u=0",NA
120,P1_no_rho,140,1800.5524947000667,5.583986100042239,30.134688000078313,0.17275969998445362,0.01,113673.22469312536,113673.22469312536,-59402.83353005942,-33441.4247965817,0.0,-27117.618298151905,-70673.47464336929,-70673.45678209868,-57497.92922640113,-27117.618298151905,30380.310928249226,30380.310928249222,-29289.33925014109,39614.5,nan,nan,2.7750000000000004,10.0,1.5000000000000002,0.0,10.0,0.85,CORE,MAIN,2.251269705333074,0.2515976178208549,0.6,0.174,-57497.92922640113,STRUCTURAL,-0.4391029168391006,-59402.83353005942,27918.0,0,0,0,0,0,0,0,inf,inf,NA,1,5,5,5,27,6,0,0,CONTINUE,0,A,1,1,0,KEEP_STRUCTURAL_IN_ON_CUT,2,3,0,0,"tail_cont_enabled=1 tail_active_dims=(1,) tail_delta=0.1 tail_start=(6, 6, 6) returned_y=(0, 4, 3) returned_b=(0, 0, 0) returned_u=(0, 0, 0) returned_zcap=(0, 4, 3) max_tail_u=0",NA
